date,return_pct,balance
2001-01-01,-0.004932,379.839861
2001-01-02,-1.498429,374.148231
2001-01-03,2.055763,381.839832
2001-01-04,0.152011,382.420269
2001-01-05,-1.195968,377.846646
2001-01-08,-0.355593,376.503050
2001-01-09,-0.456471,374.784423
2001-01-10,0.134074,375.286913
2001-01-11,0.863484,378.527457
2001-01-12,-0.049098,378.341609
2001-01-15,-0.082048,378.031188
2001-01-16,0.162613,378.645915
2001-01-17,0.611174,380.960101
2001-01-18,1.183731,385.469642
2001-01-19,-0.232217,384.574515
2001-01-22,0.017131,384.640398
2001-01-23,0.672612,387.227534
2001-01-24,-0.144745,386.667043
2001-01-25,-0.187712,385.941222
2001-01-26,-0.172892,385.273962
2001-01-29,0.336954,386.572158
2001-01-30,0.602107,388.899734
2001-01-31,0.144890,389.463213
2001-02-01,0.361622,390.871599
2001-02-02,-1.468143,385.133045
2001-02-05,0.105794,385.540492
2001-02-06,-0.167801,384.893551
2001-02-07,-0.915444,381.370067
2001-02-08,-0.838028,378.174080
2001-02-09,-1.032583,374.269119
2001-02-12,1.060776,378.239276
2001-02-13,-0.684429,375.650496
2001-02-14,-0.586073,373.448908
2001-02-15,0.443371,375.104673
2001-02-16,-1.308572,370.196158
2001-02-19,-0.111689,369.782690
2001-02-20,-1.363162,364.741954
2001-02-21,-1.390831,359.669011
2001-02-22,-0.425249,358.139523
2001-02-23,-0.703627,355.619557
2001-02-26,1.327589,360.340724
2001-02-27,-0.099188,359.983309
2001-02-28,-0.913857,356.693578
2001-03-01,-0.082168,356.400488
2001-03-02,-0.632036,354.147908
2001-03-05,0.485262,355.866451
2001-03-06,1.176325,360.052598
2001-03-07,0.274028,361.039242
2001-03-08,0.092629,361.373671
2001-03-09,-1.633173,355.471815
2001-03-12,-3.556654,342.828911
2001-03-13,-0.232479,342.031906
2001-03-14,-2.162643,334.634978
2001-03-15,0.797654,337.304207
2001-03-16,-2.205353,329.865457
2001-03-19,0.754857,332.355468
2001-03-20,-0.658920,330.165510
2001-03-21,-1.125736,326.448719
2001-03-22,-2.382457,318.671218
2001-03-23,2.368380,326.218562
2001-03-26,2.288038,333.682568
2001-03-27,2.021636,340.428416
2001-03-28,-1.818722,334.236968
2001-03-29,-0.998206,330.900595
2001-03-30,0.538773,332.683398
2001-04-02,-1.041586,329.218215
2001-04-03,-2.459883,321.119833
2001-04-04,0.581519,322.987206
2001-04-05,2.954623,332.530261
2001-04-06,-0.777145,329.946019
2001-04-09,0.416295,331.319569
2001-04-10,1.608556,336.649030
2001-04-11,0.103868,336.998701
2001-04-12,1.207390,341.067591
2001-04-13,-0.038135,340.937523
2001-04-16,-0.548426,339.067734
2001-04-17,0.319830,340.152174
2001-04-18,3.036291,350.480184
2001-04-19,1.467932,355.624996
2001-04-20,-0.455034,354.006783
2001-04-23,-1.149229,349.938435
2001-04-24,-0.683436,347.546828
2001-04-25,0.994279,351.002414
2001-04-26,0.754638,353.651212
2001-04-27,0.832780,356.596350
2001-04-30,0.089231,356.914543
2001-05-01,1.251512,361.381372
2001-05-02,0.134007,361.865649
2001-05-03,-1.182386,357.587000
2001-05-04,0.938526,360.943045
2001-05-07,0.048318,361.117447
2001-05-08,-0.591586,358.981127
2001-05-09,-0.576348,356.912147
2001-05-10,0.415086,358.393639
2001-05-11,-0.757472,355.678908
2001-05-14,-0.690081,353.224435
2001-05-15,0.525151,355.079397
2001-05-16,1.483625,360.347443
2001-05-17,0.708435,362.900269
2001-05-18,0.068072,363.147302
2001-05-21,1.077692,367.060912
2001-05-22,-0.144218,366.531546
2001-05-23,-1.008940,362.833463
2001-05-24,0.040455,362.980248
2001-05-25,-0.884141,359.770992
2001-05-28,0.016794,359.831413
2001-05-29,-0.621038,357.596722
2001-05-30,-1.347484,352.778165
2001-05-31,0.044874,352.936471
2001-06-01,0.121310,353.364619
2001-06-04,0.445303,354.938161
2001-06-05,0.837739,357.911616
2001-06-06,-0.750687,355.224820
2001-06-07,0.380034,356.574794
2001-06-08,-0.543273,354.637622
2001-06-11,-1.061401,350.873494
2001-06-12,-0.601533,348.762876
2001-06-13,-0.229523,347.962385
2001-06-14,-1.006324,344.460756
2001-06-15,-0.606749,342.370744
2001-06-18,-0.735409,339.852917
2001-06-19,0.115698,340.246120
2001-06-20,0.209311,340.958293
2001-06-21,0.812000,343.726875
2001-06-22,-0.250610,342.865460
2001-06-25,-0.207507,342.153990
2001-06-26,-0.573518,340.191676
2001-06-27,-0.351759,338.995023
2001-06-28,0.518936,340.754191
2001-06-29,0.401735,342.123118
2001-07-02,0.949020,345.369934
2001-07-03,-0.446520,343.827787
2001-07-04,-0.360244,342.589167
2001-07-05,-1.347461,337.972912
2001-07-06,-1.925041,331.466795
2001-07-09,0.449159,332.955608
2001-07-10,-0.593723,330.978773
2001-07-11,-0.469778,329.423907
2001-07-12,1.581874,334.634979
2001-07-13,0.359386,335.837611
2001-07-16,-0.632625,333.713018
2001-07-17,0.029536,333.811585
2001-07-18,-0.186448,333.189200
2001-07-19,0.747417,335.679514
2001-07-20,-0.318533,334.610265
2001-07-23,-1.253447,330.416102
2001-07-24,-0.967981,327.217737
2001-07-25,0.683035,329.452748
2001-07-26,0.649371,331.592118
2001-07-27,0.512454,333.291374
2001-07-30,0.162005,333.831323
2001-07-31,0.868655,336.731165
2001-08-01,0.575358,338.668576
2001-08-02,0.710247,341.073958
2001-08-03,-0.532786,339.256764
2001-08-06,-0.808047,336.515410
2001-08-07,0.183974,337.134509
2001-08-08,-1.300853,332.748885
2001-08-09,-0.510391,331.050565
2001-08-10,0.351069,332.212780
2001-08-13,0.103485,332.556568
2001-08-14,0.464094,334.099945
2001-08-15,0.013992,334.146691
2001-08-16,-0.301847,333.138080
2001-08-17,-1.358706,328.611711
2001-08-20,0.068161,328.835695
2001-08-21,-0.200182,328.177426
2001-08-22,0.647949,330.303849
2001-08-23,-0.471440,328.746666
2001-08-24,1.462698,333.555237
2001-08-27,-0.168239,332.994067
2001-08-28,-1.229863,328.898697
2001-08-29,-0.769686,326.367210
2001-08-30,-1.731874,320.714942
2001-08-31,0.168660,321.255859
2001-09-03,-0.677576,319.079107
2001-09-04,0.269744,319.939803
2001-09-05,-0.746887,317.550215
2001-09-06,-1.876096,311.592668
2001-09-07,-1.382343,307.285390
2001-09-10,-0.367498,306.156122
2001-09-11,-1.592153,301.281650
2001-09-12,-0.563347,299.584390
2001-09-13,0.470492,300.993909
2001-09-14,-0.928999,298.197680
2001-09-17,-2.613879,290.403154
2001-09-18,-0.382681,289.291836
2001-09-19,-0.932054,286.595479
2001-09-20,-3.091071,277.736610
2001-09-21,-2.601766,270.510555
2001-09-24,3.617148,280.295322
2001-09-25,1.156436,283.536757
2001-09-26,-0.028696,283.455394
2001-09-27,0.840837,285.838792
2001-09-28,2.124232,291.910672
2001-10-01,-0.436567,290.636286
2001-10-02,1.032589,293.637365
2001-10-03,1.044394,296.704097
2001-10-04,0.981109,299.615088
2001-10-05,0.144732,300.048729
2001-10-08,-0.484719,298.594334
2001-10-09,-0.561016,296.919172
2001-10-10,1.622562,301.736871
2001-10-11,1.302650,305.667448
2001-10-12,-0.117447,305.308451
2001-10-15,-0.726125,303.091530
2001-10-16,0.765059,305.410360
2001-10-17,-0.249020,304.649829
2001-10-18,-1.247832,300.848312
2001-10-19,-0.376773,299.714796
2001-10-22,1.054641,302.875712
2001-10-23,0.546110,304.529747
2001-10-24,0.250245,305.291818
2001-10-25,0.313250,306.248146
2001-10-26,0.668804,308.296345
2001-10-29,-1.698752,303.059154
2001-10-30,-1.669160,298.000613
2001-10-31,0.038158,298.114323
2001-11-01,1.656616,303.052931
2001-11-02,0.178785,303.594744
2001-11-05,1.315124,307.587393
2001-11-06,0.983416,310.612256
2001-11-07,-0.101075,310.298305
2001-11-08,0.731411,312.567862
2001-11-09,-0.211475,311.906859
2001-11-12,-0.825046,309.333485
2001-11-13,1.395484,313.650183
2001-11-14,0.344513,314.730748
2001-11-15,0.358346,315.858574
2001-11-16,0.193390,316.469414
2001-11-19,0.954504,319.490126
2001-11-20,-0.706791,317.231998
2001-11-21,-0.523486,315.571331
2001-11-22,0.336510,316.633260
2001-11-23,0.407953,317.924975
2001-11-26,0.667419,320.046867
2001-11-27,-0.659090,317.937471
2001-11-28,-1.478227,313.237632
2001-11-29,0.500241,314.804574
2001-11-30,0.522168,316.448381
2001-12-03,-0.968441,313.383766
2001-12-04,1.150658,316.989741
2001-12-05,2.322891,324.353066
2001-12-06,0.204347,325.015872
2001-12-07,-0.831694,322.312735
2001-12-10,-1.661027,316.959034
2001-12-11,-0.239154,316.201013
2001-12-12,0.242262,316.967048
2001-12-13,-1.603021,311.886000
2001-12-14,-0.053370,311.719546
2001-12-17,1.157041,315.326269
2001-12-18,0.398372,316.582441
2001-12-19,0.013741,316.625943
2001-12-20,-0.608839,314.698201
2001-12-21,0.233124,315.431840
2001-12-24,-0.209609,314.770668
2001-12-25,-0.007918,314.745743
2001-12-26,0.219909,315.437897
2001-12-27,1.209885,319.254332
2001-12-28,0.444224,320.672535
2001-12-31,-0.392507,319.413873
2002-01-01,0.000715,319.416157
2002-01-02,0.401681,320.699190
2002-01-03,1.081893,324.168811
2002-01-04,0.628983,326.207778
2002-01-07,-0.608105,324.224091
2002-01-08,-0.752724,321.783579
2002-01-09,-0.385245,320.543923
2002-01-10,-0.312295,319.542881
2002-01-11,-0.501429,317.940601
2002-01-14,-0.849821,315.238674
2002-01-15,0.346021,316.329465
2002-01-16,-1.471756,311.673866
2002-01-17,0.805038,314.182960
2002-01-18,-0.506259,312.592381
2002-01-21,-0.113934,312.236231
2002-01-22,-0.688407,310.086776
2002-01-23,0.603570,311.958367
2002-01-24,0.485811,313.473896
2002-01-25,-0.357308,312.353828
2002-01-28,0.262237,313.172937
2002-01-29,-2.109858,306.565432
2002-01-30,0.021747,306.632100
2002-01-31,1.314124,310.661625
2002-02-01,-0.497820,309.115088
2002-02-04,-1.615743,304.120583
2002-02-05,-0.789971,301.718119
2002-02-06,-0.603560,299.897069
2002-02-07,0.201740,300.502082
2002-02-08,0.999255,303.504865
2002-02-11,1.301207,307.454091
2002-02-12,-0.083553,307.197203
2002-02-13,0.743337,309.480714
2002-02-14,0.350054,310.564063
2002-02-15,-0.845483,307.938296
2002-02-18,-0.230783,307.227627
2002-02-19,-1.767009,301.798888
2002-02-20,0.373169,302.925109
2002-02-21,-0.374146,301.791726
2002-02-22,0.376100,302.926763
2002-02-25,1.193241,306.541409
2002-02-26,0.082519,306.794364
2002-02-27,0.616120,308.684585
2002-02-28,-0.098740,308.379791
2002-03-01,1.838308,314.048761
2002-03-04,2.480639,321.839175
2002-03-05,-0.476337,320.306135
2002-03-06,1.131017,323.928853
2002-03-07,0.519806,325.612655
2002-03-08,0.335985,326.706664
2002-03-11,0.200851,327.362858
2002-03-12,-0.746078,324.920475
2002-03-13,-0.681526,322.706059
2002-03-14,0.302252,323.681443
2002-03-15,0.968533,326.816405
2002-03-18,-0.099536,326.491105
2002-03-19,0.535056,328.238015
2002-03-20,-1.178369,324.370161
2002-03-21,-0.117746,323.988228
2002-03-22,-0.350356,322.853117
2002-03-25,-1.185445,319.025871
2002-03-26,0.327362,320.070242
2002-03-27,0.339882,321.158102
2002-03-28,0.541290,322.896500
2002-03-29,-0.182779,322.306312
2002-04-01,0.122563,322.701339
2002-04-02,-0.452673,321.240557
2002-04-03,-0.447368,319.803429
2002-04-04,-0.136814,319.365892
2002-04-05,-0.226373,318.642936
2002-04-08,-0.476342,317.125104
2002-04-09,-0.445207,315.713242
2002-04-10,1.001708,318.875766
2002-04-11,-1.752213,313.288383
2002-04-12,0.287072,314.187745
2002-04-15,-0.026806,314.103526
2002-04-16,1.986526,320.343275
2002-04-17,0.351443,321.469099
2002-04-18,-0.083008,321.202253
2002-04-19,-0.019906,321.138313
2002-04-22,-0.930156,318.151226
2002-04-23,-0.444000,316.738633
2002-04-24,-0.401540,315.466800
2002-04-25,-0.116384,315.099648
2002-04-26,-0.959266,312.077004
2002-04-29,-0.671145,309.982516
2002-04-30,0.682584,312.098408
2002-05-01,0.687501,314.244088
2002-05-02,-0.238337,313.495128
2002-05-03,-0.376781,312.313938
2002-05-06,-1.164770,308.676199
2002-05-07,-0.744274,306.378803
2002-05-08,2.715594,314.698807
2002-05-09,-0.859824,311.992951
2002-05-10,-1.075778,308.636601
2002-05-13,1.118217,312.087829
2002-05-14,1.172139,315.745933
2002-05-15,0.378848,316.942131
2002-05-16,0.452023,318.374783
2002-05-17,0.880104,321.176813
2002-05-20,-0.828456,318.516005
2002-05-21,-0.742974,316.149514
2002-05-22,0.297212,317.089149
2002-05-23,0.373286,318.272800
2002-05-24,-0.491969,316.706997
2002-05-27,-0.124369,316.313110
2002-05-28,-0.433909,314.940597
2002-05-29,-0.420790,313.615357
2002-05-30,-0.349381,312.519645
2002-05-31,0.006062,312.538591
2002-06-03,-1.361020,308.284878
2002-06-04,-0.499585,306.744731
2002-06-05,0.029112,306.834032
2002-06-06,-1.044010,303.630654
2002-06-07,-0.628360,301.722759
2002-06-10,0.160855,302.208095
2002-06-11,-0.806375,299.771165
2002-06-12,-0.206161,299.153154
2002-06-13,-1.033468,296.061500
2002-06-14,-0.985940,293.142512
2002-06-17,2.125309,299.372697
2002-06-18,0.189451,299.939862
2002-06-19,-1.487679,295.477720
2002-06-20,-1.048917,292.378404
2002-06-21,-1.018376,289.400893
2002-06-24,-0.193243,288.841646
2002-06-25,-0.505143,287.382584
2002-06-26,-0.517643,285.894967
2002-06-27,1.273776,289.536629
2002-06-28,1.357143,293.466055
2002-07-01,-1.163474,290.051654
2002-07-02,-2.074388,284.034858
2002-07-03,-0.475146,282.685277
2002-07-04,0.486811,284.061419
2002-07-05,3.116347,292.913757
2002-07-08,-0.303433,292.024959
2002-07-09,-1.253046,288.365754
2002-07-10,-2.987362,279.751226
2002-07-11,-0.843095,277.392658
2002-07-12,-0.145088,276.990193
2002-07-15,-1.372833,273.187581
2002-07-16,-1.024869,270.387767
2002-07-17,1.185614,273.593523
2002-07-18,-0.847301,271.275363
2002-07-19,-3.389086,262.081607
2002-07-22,-3.605554,252.632113
2002-07-23,-2.498530,246.320023
2002-07-24,2.347553,252.102516
2002-07-25,0.730093,253.943098
2002-07-26,0.324758,254.767798
2002-07-29,4.341628,265.828868
2002-07-30,0.722966,267.750721
2002-07-31,0.412472,268.855117
2002-08-01,-2.830613,261.244871
2002-08-02,-1.230321,258.030720
2002-08-05,-2.894295,250.562549
2002-08-06,1.740226,254.922905
2002-08-07,1.455453,258.633189
2002-08-08,2.857329,266.023191
2002-08-09,0.968862,268.600589
2002-08-12,-0.862087,266.285018
2002-08-13,-0.959571,263.729825
2002-08-14,1.958255,268.894327
2002-08-15,1.362954,272.559234
2002-08-16,0.207186,273.123938
2002-08-19,1.650858,277.632827
2002-08-20,-1.175274,274.369880
2002-08-21,1.213506,277.699376
2002-08-22,1.197812,281.025691
2002-08-23,-1.652271,276.382387
2002-08-26,0.386742,277.451273
2002-08-27,-0.160712,277.005376
2002-08-28,-2.203264,270.902217
2002-08-29,-0.561108,269.382162
2002-08-30,0.062336,269.550083
2002-09-02,-0.457234,268.317609
2002-09-03,-3.403143,259.186377
2002-09-04,0.722960,261.060191
2002-09-05,-0.975050,258.514724
2002-09-06,1.459610,262.288031
2002-09-09,0.241341,262.921041
2002-09-10,0.942819,265.399910
2002-09-11,0.544684,266.845502
2002-09-12,-2.199815,260.975394
2002-09-13,-0.603957,259.399216
2002-09-16,-0.299720,258.621744
2002-09-17,-1.141875,255.668607
2002-09-18,-1.153757,252.718814
2002-09-19,-1.898329,247.921379
2002-09-20,-0.212967,247.393387
2002-09-23,-1.826859,242.873858
2002-09-24,-1.605724,238.973975
2002-09-25,1.622879,242.852234
2002-09-26,2.366409,248.599112
2002-09-27,-1.657805,244.477823
2002-09-30,-1.837674,239.985118
2002-10-01,2.315724,245.542511
2002-10-02,-0.668874,243.900142
2002-10-03,-1.036421,241.372309
2002-10-04,-1.880083,236.834309
2002-10-07,-1.945437,232.226847
2002-10-08,0.367339,233.079908
2002-10-09,-1.712243,229.089014
2002-10-10,2.363029,234.502454
2002-10-11,3.733493,243.257587
2002-10-14,0.218155,243.788266
2002-10-15,4.637088,255.092941
2002-10-16,-1.684627,250.795576
2002-10-17,2.025037,255.874280
2002-10-18,0.317328,256.686242
2002-10-21,0.993757,259.237078
2002-10-22,-1.037873,256.546525
2002-10-23,-0.273096,255.845907
2002-10-24,-0.284446,255.118164
2002-10-25,1.027384,257.739207
2002-10-28,0.124688,258.060578
2002-10-29,-1.704028,253.663152
2002-10-30,1.258767,256.856179
2002-10-31,0.311873,257.657245
2002-11-01,0.832956,259.803415
2002-11-04,1.562685,263.863324
2002-11-05,0.899114,266.235757
2002-11-06,0.205180,266.782020
2002-11-07,-1.477282,262.840897
2002-11-08,-0.795149,260.750921
2002-11-11,-1.732197,256.234201
2002-11-12,0.776197,258.223083
2002-11-13,-0.395149,257.202717
2002-11-14,1.691342,261.552895
2002-11-15,0.866863,263.820199
2002-11-18,-0.411213,262.735335
2002-11-19,-0.389818,261.711146
2002-11-20,0.901856,264.071404
2002-11-21,2.289712,270.117879
2002-11-22,-0.057483,269.962606
2002-11-25,-0.039831,269.855077
2002-11-26,-1.799536,264.998938
2002-11-27,2.138472,270.665867
2002-11-28,0.602025,272.295344
2002-11-29,-0.199726,271.751499
2002-12-02,-0.169277,271.291485
2002-12-03,-1.351573,267.624783
2002-12-04,-0.541224,266.176333
2002-12-05,-1.086959,263.283105
2002-12-06,0.464903,264.507117
2002-12-09,-1.884689,259.521979
2002-12-10,0.873040,261.787709
2002-12-11,0.274366,262.505966
2002-12-12,-0.326793,261.648115
2002-12-13,-0.947033,259.170222
2002-12-16,1.900269,264.095152
2002-12-17,-0.502219,262.768816
2002-12-18,-1.545188,258.708543
2002-12-19,-0.429768,257.596698
2002-12-20,1.043967,260.285922
2002-12-23,0.220633,260.860198
2002-12-24,-0.147832,260.474565
2002-12-25,-0.031127,260.393486
2002-12-26,-0.004274,260.382357
2002-12-27,-1.544747,256.360109
2002-12-30,0.601186,257.901311
2002-12-31,0.346652,258.795332
2003-01-01,0.001503,258.799221
2003-01-02,2.359101,264.904556
2003-01-03,0.382078,265.916697
2003-01-06,1.874480,270.901253
2003-01-07,-0.878255,268.522049
2003-01-08,-1.436985,264.663427
2003-01-09,1.507908,268.654308
2003-01-10,0.282217,269.412497
2003-01-13,0.082457,269.634647
2003-01-14,0.705526,271.536988
2003-01-15,-1.074668,268.618866
2003-01-16,-0.301299,267.809521
2003-01-17,-1.239906,264.488933
2003-01-20,-0.485616,263.204532
2003-01-21,-1.096645,260.318113
2003-01-22,-1.094973,257.467699
2003-01-23,0.747598,259.392523
2003-01-24,-1.851630,254.589534
2003-01-27,-2.135970,249.151578
2003-01-28,0.673952,250.830739
2003-01-29,0.447152,251.952333
2003-01-30,-0.917688,249.640196
2003-01-31,0.641550,251.241762
2003-02-03,0.907710,253.522309
2003-02-04,-1.246623,250.361843
2003-02-05,0.105087,250.624941
2003-02-06,-1.073571,247.934305
2003-02-07,-0.919878,245.653612
2003-02-10,0.042764,245.758664
2003-02-11,0.023203,245.815686
2003-02-12,-0.976023,243.416470
2003-02-13,-0.097141,243.180012
2003-02-14,1.529327,246.899029
2003-02-17,0.596111,248.370821
2003-02-18,1.275295,251.538281
2003-02-19,-0.857742,249.380733
2003-02-20,-0.502253,248.128210
2003-02-21,0.825973,250.177682
2003-02-24,-1.284284,246.964691
2003-02-25,-0.767571,245.069061
2003-02-26,-0.752687,243.224458
2003-02-27,0.702631,244.933428
2003-02-28,0.777986,246.838976
2003-03-03,0.034779,246.924825
2003-03-04,-1.339485,243.617305
2003-03-05,0.408615,244.612762
2003-03-06,-0.885482,242.446759
2003-03-07,-0.150926,242.080844
2003-03-10,-2.208587,236.734279
2003-03-11,-0.701177,235.074352
2003-03-12,-0.668761,233.502266
2003-03-13,2.946647,240.382753
2003-03-14,1.097740,243.021531
2003-03-17,2.503970,249.106716
2003-03-18,0.439520,250.201589
2003-03-19,0.780435,252.154250
2003-03-20,0.314031,252.946092
2003-03-21,1.897369,257.745414
2003-03-24,-2.614980,251.005422
2003-03-25,0.862522,253.170398
2003-03-26,-0.136242,252.825473
2003-03-27,-0.443853,251.703300
2003-03-28,-0.438107,250.600570
2003-03-31,-1.873347,245.905951
2003-04-01,1.052019,248.492929
2003-04-02,2.173296,253.893417
2003-04-03,-0.179458,253.437785
2003-04-04,0.461464,254.607308
2003-04-07,1.082787,257.364162
2003-04-08,-0.495773,256.088220
2003-04-09,-0.865689,253.871294
2003-04-10,0.163425,254.286183
2003-04-11,-0.304311,253.512363
2003-04-14,1.382996,257.018429
2003-04-15,1.040210,259.691959
2003-04-16,-0.720716,257.820319
2003-04-17,1.252215,261.048784
2003-04-18,0.051609,261.183510
2003-04-21,-0.255742,260.515554
2003-04-22,1.571492,264.609534
2003-04-23,0.838293,266.827738
2003-04-24,-0.682366,265.006997
2003-04-25,-1.346226,261.439405
2003-04-28,1.527284,265.432326
2003-04-29,0.268700,266.145542
2003-04-30,0.646346,267.865763
2003-05-01,0.206507,268.418925
2003-05-02,0.932302,270.921399
2003-05-05,0.234287,271.556133
2003-05-06,1.246996,274.942428
2003-05-07,-0.418285,273.792386
2003-05-08,-1.068747,270.866239
2003-05-09,1.209007,274.141029
2003-05-12,1.039848,276.991680
2003-05-13,-0.145684,276.588148
2003-05-14,-0.036950,276.485948
2003-05-15,0.587790,278.111105
2003-05-16,0.149127,278.525842
2003-05-19,-2.067080,272.768491
2003-05-20,-0.013991,272.730327
2003-05-21,0.029043,272.809537
2003-05-22,0.956109,275.417893
2003-05-23,0.379578,276.463319
2003-05-26,0.148131,276.872847
2003-05-27,1.121144,279.976990
2003-05-28,0.399727,281.096134
2003-05-29,0.249413,281.797224
2003-05-30,0.588062,283.454365
2003-06-02,0.940990,286.121641
2003-06-03,0.024863,286.192781
2003-06-04,1.168724,289.537584
2003-06-05,0.675584,291.493654
2003-06-06,0.204832,292.090728
2003-06-09,-0.815019,289.710134
2003-06-10,0.425000,290.941400
2003-06-11,1.420078,295.072995
2003-06-12,0.276639,295.889282
2003-06-13,-0.718062,293.764614
2003-06-16,1.731433,298.850951
2003-06-17,0.493952,300.327133
2003-06-18,-0.215047,299.681289
2003-06-19,-1.265090,295.890052
2003-06-20,0.095236,296.171847
2003-06-23,-1.449174,291.879801
2003-06-24,-0.355503,290.842161
2003-06-25,-0.108625,290.526233
2003-06-26,0.172425,291.027173
2003-06-27,-0.383497,289.911093
2003-06-30,-0.349441,288.898025
2003-07-01,0.437657,290.162408
2003-07-02,1.370686,294.139624
2003-07-03,-0.029774,294.052046
2003-07-04,-0.215213,293.419208
2003-07-07,1.615965,298.160760
2003-07-08,0.107188,298.480354
2003-07-09,-0.420511,297.225211
2003-07-10,-1.081248,294.011469
2003-07-11,0.490645,295.454022
2003-07-14,0.938764,298.227639
2003-07-15,-0.545216,296.601654
2003-07-16,-0.667451,294.621984
2003-07-17,-1.302191,290.785444
2003-07-18,0.730920,292.910852
2003-07-21,-0.780853,290.623648
2003-07-22,0.650650,292.514592
2003-07-23,0.390939,293.658146
2003-07-24,0.257326,294.413804
2003-07-25,0.980323,297.300012
2003-07-28,0.243782,298.024774
2003-07-29,-0.512211,296.498260
2003-07-30,-0.538947,294.900292
2003-07-31,0.138526,295.308805
2003-08-01,-0.743043,293.114534
2003-08-04,0.000965,293.117363
2003-08-05,-0.881682,290.533000
2003-08-06,-0.348666,289.520009
2003-08-07,0.647141,291.393613
2003-08-08,0.318562,292.321883
2003-08-11,0.528318,293.866272
2003-08-12,0.703046,295.932288
2003-08-13,-0.035506,295.827214
2003-08-14,0.797749,298.187172
2003-08-15,0.077147,298.417216
2003-08-18,0.683562,300.457083
2003-08-19,0.161575,300.942548
2003-08-20,0.097562,301.236155
2003-08-21,0.199681,301.837667
2003-08-22,-0.703018,299.715693
2003-08-25,-0.145479,299.279670
2003-08-26,-0.163341,298.790822
2003-08-27,0.232663,299.485999
2003-08-28,0.458257,300.858413
2003-08-29,0.485473,302.319000
2003-09-01,0.605035,304.148136
2003-09-02,0.624407,306.047257
2003-09-03,0.716465,308.239980
2003-09-04,0.176691,308.784613
2003-09-05,-0.139674,308.353321
2003-09-08,0.922624,311.198264
2003-09-09,-0.403033,309.944032
2003-09-10,-1.011051,306.810341
2003-09-11,0.161758,307.306632
2003-09-12,0.379773,308.473701
2003-09-15,-0.180041,307.918320
2003-09-16,1.099596,311.304178
2003-09-17,0.172499,311.841173
2003-09-18,1.100024,315.271502
2003-09-19,-0.177625,314.711502
2003-09-22,-1.031254,311.466028
2003-09-23,0.318701,312.458675
2003-09-24,-0.982781,309.387890
2003-09-25,-0.697688,307.229328
2003-09-26,-0.720414,305.016005
2003-09-29,0.502586,306.548972
2003-09-30,-0.750050,304.249702
2003-10-01,2.025786,310.413150
2003-10-02,0.576240,312.201875
2003-10-03,1.155965,315.810819
2003-10-06,0.303231,316.768455
2003-10-07,0.508247,318.378420
2003-10-08,-0.373025,317.190788
2003-10-09,0.707816,319.435914
2003-10-10,0.299749,320.393420
2003-10-13,0.557465,322.179501
2003-10-14,0.253576,322.996471
2003-10-15,-0.097862,322.680380
2003-10-16,0.420852,324.038387
2003-10-17,-0.773597,321.531636
2003-10-20,0.382515,322.761543
2003-10-21,0.182968,323.352094
2003-10-22,-1.146585,319.644588
2003-10-23,-0.737270,317.287944
2003-10-24,-0.097254,316.979370
2003-10-27,0.396105,318.234940
2003-10-28,1.126457,321.819720
2003-10-29,0.364170,322.991690
2003-10-30,0.105143,323.331294
2003-10-31,-0.193162,322.706741
2003-11-03,0.483769,324.267895
2003-11-04,0.060737,324.464847
2003-11-05,-0.297548,323.499408
2003-11-06,0.006695,323.521066
2003-11-07,0.327783,324.581514
2003-11-10,-0.464332,323.074379
2003-11-11,-0.494417,321.477044
2003-11-12,1.054698,324.867655
2003-11-13,0.499735,326.491134
2003-11-14,-0.254300,325.660866
2003-11-17,-1.266143,321.537534
2003-11-18,-0.133176,321.109324
2003-11-19,0.026800,321.195379
2003-11-20,-0.360020,320.039013
2003-11-21,0.217817,320.736113
2003-11-24,0.926667,323.708270
2003-11-25,0.316145,324.731659
2003-11-26,0.713921,327.049985
2003-11-27,0.093847,327.356913
2003-11-28,0.089972,327.651441
2003-12-01,1.289549,331.876667
2003-12-02,0.120119,332.275315
2003-12-03,0.142978,332.750396
2003-12-04,0.143490,333.227859
2003-12-05,-0.442261,331.754124
2003-12-08,0.272160,332.657026
2003-12-09,-0.260745,331.789640
2003-12-10,-0.426908,330.373205
2003-12-11,0.640531,332.489347
2003-12-12,0.585180,334.435008
2003-12-15,0.101374,334.774039
2003-12-16,0.072837,335.017879
2003-12-17,0.056487,335.207121
2003-12-18,0.928478,338.319446
2003-12-19,0.150484,338.828562
2003-12-22,0.403040,340.194177
2003-12-23,0.326764,341.305810
2003-12-24,0.098516,341.642050
2003-12-25,0.007503,341.667681
2003-12-26,0.157222,342.204858
2003-12-29,0.978973,345.554950
2003-12-30,0.441273,347.079789
2003-12-31,0.388294,348.427479
2004-01-01,0.003698,348.440364
2004-01-02,0.248162,349.305060
2004-01-05,1.391136,354.164367
2004-01-06,0.210062,354.908333
2004-01-07,-0.198358,354.204345
2004-01-08,0.688393,356.642664
2004-01-09,-0.176014,356.014921
2004-01-12,0.106859,356.395357
2004-01-13,-0.298396,355.331889
2004-01-14,0.426535,356.847503
2004-01-15,-0.320267,355.704637
2004-01-16,0.268533,356.659823
2004-01-19,0.140754,357.161836
2004-01-20,0.427368,358.688231
2004-01-21,0.662676,361.065172
2004-01-22,0.109648,361.461071
2004-01-23,-0.150100,360.918516
2004-01-26,0.211238,361.680913
2004-01-27,-0.357918,360.386392
2004-01-28,-0.752259,357.675352
2004-01-29,-0.754413,354.977004
2004-01-30,-0.163164,354.397809
2004-02-02,0.302296,355.469141
2004-02-03,0.198399,356.174388
2004-02-04,-0.854225,353.131858
2004-02-05,0.252368,354.023051
2004-02-06,1.232593,358.386715
2004-02-09,0.253562,359.295449
2004-02-10,0.349028,360.549491
2004-02-11,0.631114,362.824969
2004-02-12,0.214503,363.603240
2004-02-13,-0.296463,362.525290
2004-02-16,0.092698,362.861346
2004-02-17,0.967400,366.371666
2004-02-18,-0.285090,365.327177
2004-02-19,-0.312684,364.184859
2004-02-20,-0.778498,361.349687
2004-02-23,-0.047661,361.177466
2004-02-24,-0.270235,360.201437
2004-02-25,0.008817,360.233196
2004-02-26,-0.099738,359.873906
2004-02-27,0.295608,360.937722
2004-03-01,1.186591,365.220575
2004-03-02,-0.515848,363.336591
2004-03-03,-0.512639,361.473987
2004-03-04,0.460971,363.140277
2004-03-05,0.738482,365.822003
2004-03-08,-0.596567,363.639630
2004-03-09,-0.389280,362.224053
2004-03-10,-1.499246,356.793422
2004-03-11,-1.672654,350.825503
2004-03-12,0.420780,352.301708
2004-03-15,-1.099552,348.427967
2004-03-16,0.889222,351.526266
2004-03-17,0.993941,355.020229
2004-03-18,0.165160,355.606579
2004-03-19,-0.597731,353.481008
2004-03-22,-1.326705,348.791358
2004-03-23,-0.162990,348.222862
2004-03-24,-0.246284,347.365244
2004-03-25,1.271803,351.783046
2004-03-26,0.091378,352.104499
2004-03-29,1.248336,356.499945
2004-03-30,0.337412,357.702818
2004-03-31,0.367027,359.015685
2004-04-01,0.874915,362.156768
2004-04-02,0.459214,363.819841
2004-04-05,0.365342,365.149027
2004-04-06,-0.083029,364.845845
2004-04-07,-0.051218,364.658978
2004-04-08,-0.104708,364.277150
2004-04-09,-0.161454,363.689009
2004-04-12,0.381964,365.078171
2004-04-13,-0.992108,361.456200
2004-04-14,-0.802784,358.554489
2004-04-15,-0.188866,357.877302
2004-04-16,0.724541,360.470271
2004-04-19,0.025401,360.561835
2004-04-20,-0.722723,357.955973
2004-04-21,-0.280250,356.952801
2004-04-22,0.834335,359.930982
2004-04-23,0.239252,360.792125
2004-04-26,-0.024303,360.704442
2004-04-27,0.017469,360.767452
2004-04-28,-1.462306,355.491928
2004-04-29,-0.598165,353.365501
2004-04-30,-0.733099,350.774982
2004-05-03,0.570901,352.777559
2004-05-04,0.758445,355.453183
2004-05-05,0.429531,356.979963
2004-05-06,-1.172048,352.795986
2004-05-07,-1.557744,347.300329
2004-05-10,-2.397003,338.975529
2004-05-11,0.716185,341.403220
2004-05-12,0.429396,342.869192
2004-05-13,-0.306021,341.819940
2004-05-14,-0.287585,340.836916
2004-05-17,-1.074412,337.174924
2004-05-18,0.749169,339.700934
2004-05-19,1.180600,343.711444
2004-05-20,-0.573969,341.738649
2004-05-21,0.788360,344.432780
2004-05-24,0.216616,345.178878
2004-05-25,0.964168,348.506983
2004-05-26,0.529003,350.350596
2004-05-27,1.090022,354.169495
2004-05-28,-0.165644,353.582833
2004-05-31,0.042751,353.733993
2004-06-01,-0.082602,353.441801
2004-06-02,0.317822,354.565116
2004-06-03,-0.742608,351.932089
2004-06-04,0.543202,353.843792
2004-06-07,1.804951,360.230499
2004-06-08,0.097483,360.581662
2004-06-09,-1.017417,356.913042
2004-06-10,0.332563,358.100003
2004-06-11,-0.400828,356.664639
2004-06-14,-0.948209,353.282714
2004-06-15,0.591963,355.374017
2004-06-16,0.374762,356.705825
2004-06-17,0.110735,357.100823
2004-06-18,0.303182,358.183487
2004-06-21,-0.119545,357.755297
2004-06-22,-0.168078,357.153989
2004-06-23,0.601103,359.300851
2004-06-24,0.561726,361.319138
2004-06-25,-0.411543,359.832156
2004-06-28,0.341077,361.059461
2004-06-29,-0.235664,360.208573
2004-06-30,0.187196,360.882868
2004-07-01,-0.519858,359.006788
2004-07-02,-0.183026,358.349712
2004-07-05,-0.272342,357.373774
2004-07-06,-0.600295,355.228478
2004-07-07,0.349362,356.469512
2004-07-08,-0.395757,355.058759
2004-07-09,0.306500,356.147015
2004-07-12,0.106802,356.527386
2004-07-13,-0.154509,355.976518
2004-07-14,-0.251929,355.079710
2004-07-15,-0.614195,352.898828
2004-07-16,0.143864,353.406521
2004-07-19,-0.117232,352.992214
2004-07-20,0.138216,353.480107
2004-07-21,-0.833772,350.532890
2004-07-22,-0.279282,349.553914
2004-07-23,-1.041804,345.912246
2004-07-26,-0.394048,344.549185
2004-07-27,0.357681,345.781571
2004-07-28,0.137579,346.257295
2004-07-29,0.610373,348.370756
2004-07-30,0.305557,349.435229
2004-08-02,0.218334,350.198163
2004-08-03,-0.155905,349.652187
2004-08-04,-0.468536,348.013939
2004-08-05,-0.814946,345.177813
2004-08-06,-0.917890,342.009460
2004-08-09,-0.273483,341.074123
2004-08-10,0.984665,344.432562
2004-08-11,-0.529286,342.609527
2004-08-12,-0.681886,340.273320
2004-08-13,0.173124,340.862415
2004-08-16,0.885070,343.879287
2004-08-17,0.266522,344.795802
2004-08-18,0.711224,347.248073
2004-08-19,0.301075,348.293550
2004-08-20,0.266765,349.222674
2004-08-23,-0.036742,349.094362
2004-08-24,-0.182582,348.456978
2004-08-25,0.546760,350.362201
2004-08-26,0.304273,351.428260
2004-08-27,0.322305,352.560931
2004-08-30,-0.499697,350.799196
2004-08-31,0.257897,351.703896
2004-09-01,0.498593,353.457466
2004-09-02,0.682056,355.868242
2004-09-03,-0.510811,354.050427
2004-09-06,0.372842,355.370475
2004-09-07,0.473408,357.052826
2004-09-08,-0.120421,356.622861
2004-09-09,-0.106950,356.241454
2004-09-10,0.706587,358.758609
2004-09-13,0.349093,360.011009
2004-09-14,0.245738,360.895695
2004-09-15,-0.950396,357.465758
2004-09-16,0.338154,358.674542
2004-09-17,0.353246,359.941547
2004-09-20,-0.334120,358.738909
2004-09-21,0.796274,361.595456
2004-09-22,-0.997527,357.988442
2004-09-23,-0.275550,357.002004
2004-09-24,-0.069489,356.753927
2004-09-27,-0.534020,354.848789
2004-09-28,0.482949,356.562529
2004-09-29,0.414529,358.040584
2004-09-30,0.299874,359.114254
2004-10-01,1.433360,364.261654
2004-10-04,0.402985,365.729573
2004-10-05,0.133562,366.218047
2004-10-06,0.409347,367.717149
2004-10-07,-0.608479,365.479668
2004-10-08,-0.065109,365.241708
2004-10-11,0.034504,365.367733
2004-10-12,-0.776259,362.531532
2004-10-13,-0.507587,360.691368
2004-10-14,-0.449981,359.068324
2004-10-15,0.402715,360.514347
2004-10-18,0.210092,361.271759
2004-10-19,-0.071447,361.013641
2004-10-20,-0.172760,360.389955
2004-10-21,0.354373,361.667081
2004-10-22,-0.412915,360.173704
2004-10-25,-0.287675,359.137574
2004-10-26,0.877717,362.289787
2004-10-27,1.102348,366.283482
2004-10-28,0.438143,367.888329
2004-10-29,0.023873,367.976153
2004-11-01,0.275752,368.990854
2004-11-02,0.327906,370.200798
2004-11-03,1.100610,374.275265
2004-11-04,1.026221,378.116157
2004-11-05,0.597359,380.374869
2004-11-08,-0.093856,380.017865
2004-11-09,-0.146641,379.460603
2004-11-10,-0.024107,379.369127
2004-11-11,0.657808,381.864648
2004-11-12,0.973120,385.580649
2004-11-15,0.196930,386.339973
2004-11-16,-0.450531,384.599392
2004-11-17,0.834556,387.809088
2004-11-18,-0.088053,387.467609
2004-11-19,-0.515887,385.468712
2004-11-22,-0.098044,385.090785
2004-11-23,0.158813,385.702360
2004-11-24,0.509980,387.669363
2004-11-25,0.516298,389.670891
2004-11-26,0.007469,389.699997
2004-11-29,0.016002,389.762357
2004-11-30,-0.403747,388.188705
2004-12-01,1.049243,392.261747
2004-12-02,0.163185,392.901858
2004-12-03,0.264555,393.941301
2004-12-06,-0.117576,393.478119
2004-12-07,-0.645907,390.936617
2004-12-08,-0.446838,389.189763
2004-12-09,-0.136240,388.659531
2004-12-10,-0.150689,388.073865
2004-12-13,1.011279,391.998375
2004-12-14,0.332541,393.301932
2004-12-15,0.692333,396.024891
2004-12-16,-0.335807,394.695011
2004-12-17,-0.565200,392.464195
2004-12-20,0.616197,394.882548
2004-12-21,0.354485,396.282347
2004-12-22,0.470247,398.145853
2004-12-23,0.368702,399.613823
2004-12-24,0.286926,400.760420
2004-12-27,0.002920,400.772122
2004-12-28,0.410219,402.416165
2004-12-29,-0.122767,401.922129
2004-12-30,0.367203,403.398001
2004-12-31,-0.019410,403.319699
2005-01-03,-0.626574,400.792605
2005-01-04,-1.120195,396.302948
2005-01-05,-0.611873,393.878075
2005-01-06,-0.070419,393.600711
2005-01-07,-0.173741,392.916865
2005-01-10,0.365645,394.353545
2005-01-11,-0.227034,393.458229
2005-01-12,0.410111,395.071846
2005-01-13,-0.560269,392.858382
2005-01-14,0.220361,393.724088
2005-01-17,0.209163,394.547614
2005-01-18,0.239159,395.491209
2005-01-19,-0.397718,393.918270
2005-01-20,-0.908406,390.339894
2005-01-21,-0.219947,389.481354
2005-01-24,0.033921,389.613470
2005-01-25,0.028768,389.725554
2005-01-26,0.833129,392.972472
2005-01-27,0.014322,393.028753
2005-01-28,-0.349717,391.654264
2005-01-31,0.816322,394.851423
2005-02-01,0.465691,396.690210
2005-02-02,0.412337,398.325912
2005-02-03,-0.420152,396.652339
2005-02-04,0.949225,400.417460
2005-02-07,-0.122676,399.926244
2005-02-08,-0.184664,399.187725
2005-02-09,-0.353489,397.776641
2005-02-10,0.573272,400.056981
2005-02-11,0.627501,402.567344
2005-02-14,0.513712,404.635380
2005-02-15,0.321236,405.935213
2005-02-16,-0.194477,405.145761
2005-02-17,-0.154608,404.519374
2005-02-18,0.158685,405.161287
2005-02-21,0.028757,405.277798
2005-02-22,-0.480012,403.332414
2005-02-23,-0.163386,402.673428
2005-02-24,0.460056,404.525950
2005-02-25,0.996264,408.556098
2005-02-28,0.038653,408.714016
2005-03-01,0.248544,409.729852
2005-03-02,-0.195290,408.929691
2005-03-03,0.090952,409.301620
2005-03-04,1.134713,413.946017
2005-03-07,0.015966,414.012107
2005-03-08,0.055595,414.242276
2005-03-09,-0.558133,411.930255
2005-03-10,-0.227432,410.993393
2005-03-11,-0.093315,410.609873
2005-03-14,-0.132599,410.065411
2005-03-15,-0.314844,408.774344
2005-03-16,-0.436426,406.990348
2005-03-17,-0.120284,406.500802
2005-03-18,-0.131398,405.966669
2005-03-21,-0.614848,403.470590
2005-03-22,-0.401030,401.852551
2005-03-23,-0.892205,398.267202
2005-03-24,-0.096086,397.884522
2005-03-25,0.068509,398.157109
2005-03-28,-0.093613,397.784383
2005-03-29,-0.512153,395.747120
2005-03-30,0.719504,398.594538
2005-03-31,0.320459,399.871872
2005-04-01,-0.165937,399.208336
2005-04-04,-0.515276,397.151311
2005-04-05,0.564100,399.391640
2005-04-06,0.330904,400.713241
2005-04-07,0.599460,403.115359
2005-04-08,-0.469766,401.221659
2005-04-11,0.154620,401.842030
2005-04-12,-0.130791,401.316457
2005-04-13,-0.356781,399.884638
2005-04-14,-1.085986,395.541946
2005-04-15,-1.191592,390.828700
2005-04-18,-0.657508,388.258970
2005-04-19,0.880833,391.678884
2005-04-20,-0.633614,389.197153
2005-04-21,0.980758,393.014235
2005-04-22,0.048896,393.206403
2005-04-25,0.388807,394.735217
2005-04-26,-0.618012,392.295704
2005-04-27,-0.246815,391.327460
2005-04-28,-0.757416,388.363485
2005-04-29,0.761014,391.318985
2005-05-02,0.217296,392.169305
2005-05-03,0.168236,392.829077
2005-05-04,1.167932,397.417052
2005-05-05,0.077628,397.725560
2005-05-06,0.058180,397.956958
2005-05-09,0.108432,398.388470
2005-05-10,-0.663015,395.747095
2005-05-11,-0.085439,395.408972
2005-05-12,-0.719839,392.562664
2005-05-13,-0.536158,390.457907
2005-05-16,0.192306,391.208783
2005-05-17,0.348580,392.572459
2005-05-18,0.945352,396.283651
2005-05-19,0.595935,398.645244
2005-05-20,-0.298742,397.454322
2005-05-23,0.569420,399.717505
2005-05-24,0.067518,399.987387
2005-05-25,-0.314336,398.730081
2005-05-26,0.351595,400.131997
2005-05-27,0.277304,401.241580
2005-05-30,0.136744,401.790254
2005-05-31,-0.714523,398.919371
2005-06-01,0.698325,401.705123
2005-06-02,0.215644,402.571375
2005-06-03,-0.284662,401.425407
2005-06-06,0.075042,401.726643
2005-06-07,0.251062,402.735227
2005-06-08,0.069059,403.013352
2005-06-09,-0.245692,402.023180
2005-06-10,-0.042425,401.852621
2005-06-13,-0.041265,401.686796
2005-06-14,0.239615,402.649297
2005-06-15,0.320181,403.938504
2005-06-16,0.409255,405.591645
2005-06-17,0.830807,408.961327
2005-06-20,-0.286294,407.790498
2005-06-21,0.064884,408.055089
2005-06-22,0.129002,408.581490
2005-06-23,-0.642544,405.956174
2005-06-24,-0.623069,403.426787
2005-06-27,-0.231195,402.494083
2005-06-28,0.578404,404.822124
2005-06-29,-0.016237,404.756394
2005-06-30,-0.402299,403.128063
2005-07-01,-0.034260,402.989953
2005-07-04,-0.050265,402.787388
2005-07-05,0.343951,404.172779
2005-07-06,-0.118711,403.692982
2005-07-07,-0.422077,401.989086
2005-07-08,0.964516,405.866333
2005-07-11,1.047975,410.119712
2005-07-12,0.518355,412.245589
2005-07-13,-0.155624,411.604036
2005-07-14,0.372356,413.136667
2005-07-15,-0.185658,412.369646
2005-07-18,-0.228263,411.428359
2005-07-19,0.239010,412.411714
2005-07-20,0.271659,413.532070
2005-07-21,0.263801,414.622972
2005-07-22,0.274390,415.760657
2005-07-25,-0.270626,414.635502
2005-07-26,-0.118741,414.143158
2005-07-27,0.475799,416.113646
2005-07-28,0.612970,418.664300
2005-07-29,-0.124703,418.142214
2005-08-01,0.357196,419.635800
2005-08-02,0.792587,422.961780
2005-08-03,0.354651,424.461819
2005-08-04,-0.499800,422.340360
2005-08-05,-0.837239,418.804363
2005-08-08,0.168416,419.509697
2005-08-09,0.519711,421.689936
2005-08-10,0.681564,424.564022
2005-08-11,0.671882,427.416589
2005-08-12,-0.308649,426.097372
2005-08-15,-0.046093,425.900972
2005-08-16,-0.732134,422.782807
2005-08-17,-0.179860,422.022389
2005-08-18,-0.700625,419.065595
2005-08-19,0.202572,419.914503
2005-08-22,0.693775,422.827765
2005-08-23,-0.441528,420.960861
2005-08-24,-0.384635,419.341700
2005-08-25,0.011129,419.388367
2005-08-26,-0.341972,417.954177
2005-08-29,-0.031206,417.823751
2005-08-30,-0.256406,416.752427
2005-08-31,1.142017,421.511812
2005-09-01,1.014325,425.787309
2005-09-02,0.157786,426.459143
2005-09-05,0.211077,427.359298
2005-09-06,0.711380,430.399447
2005-09-07,0.170852,431.134792
2005-09-08,-0.367775,429.549185
2005-09-09,0.810236,433.029549
2005-09-12,-0.188184,432.214656
2005-09-13,-0.632973,429.478853
2005-09-14,0.102908,429.920824
2005-09-15,-0.077408,429.588029
2005-09-16,0.543310,431.922025
2005-09-19,-0.277029,430.725474
2005-09-20,-0.061776,430.459388
2005-09-21,-0.497503,428.317839
2005-09-22,-0.262779,427.192311
2005-09-23,-0.143544,426.579102
2005-09-26,0.593702,429.111709
2005-09-27,-0.246326,428.054695
2005-09-28,0.516028,430.263579
2005-09-29,0.692561,433.243417
2005-09-30,0.246642,434.311976
2005-10-03,-0.267703,433.149308
2005-10-04,-0.301679,431.842585
2005-10-05,-1.292501,426.261014
2005-10-06,-0.709825,423.235308
2005-10-07,0.031329,423.367902
2005-10-10,-0.401338,421.668767
2005-10-11,0.084610,422.025543
2005-10-12,-0.575414,419.597147
2005-10-13,-0.833822,416.098456
2005-10-14,0.758263,419.253576
2005-10-17,0.020545,419.339711
2005-10-18,-0.999853,415.146931
2005-10-19,0.164462,415.829689
2005-10-20,-0.611827,413.285531
2005-10-21,0.084429,413.634466
2005-10-24,1.077375,418.090859
2005-10-25,0.318733,419.423454
2005-10-26,-0.116434,418.935101
2005-10-27,-0.669323,416.131074
2005-10-28,0.560909,418.465191
2005-10-31,1.010703,422.694633
2005-11-01,0.165876,423.395782
2005-11-02,0.967075,427.490337
2005-11-03,0.606965,430.085055
2005-11-04,-0.453540,428.134448
2005-11-07,0.181592,428.911908
2005-11-08,-0.179662,428.141315
2005-11-09,-0.015343,428.075624
2005-11-10,0.368539,429.653250
2005-11-11,0.514216,431.862594
2005-11-14,-0.195130,431.019899
2005-11-15,-0.434991,429.145001
2005-11-16,0.030235,429.274754
2005-11-17,1.098223,433.989149
2005-11-18,0.479868,436.071724
2005-11-21,0.551433,438.476366
2005-11-22,0.127407,439.035016
2005-11-23,0.684005,442.038038
2005-11-24,-0.026289,441.921831
2005-11-25,0.036868,442.084756
2005-11-28,-0.327957,440.634908
2005-11-29,-0.084756,440.261443
2005-11-30,-0.444573,438.304159
2005-12-01,1.033757,442.835161
2005-12-02,0.459974,444.872086
2005-12-05,0.038299,445.042466
2005-12-06,0.269545,446.242057
2005-12-07,-0.304803,444.881899
2005-12-08,-0.000630,444.879095
2005-12-09,0.283160,446.138815
2005-12-12,0.642289,449.004317
2005-12-13,0.353867,450.593195
2005-12-14,0.459899,452.665470
2005-12-15,-0.477593,450.503571
2005-12-16,0.231111,451.544736
2005-12-19,-0.273263,450.310831
2005-12-20,-0.104274,449.841273
2005-12-21,0.279176,451.097121
2005-12-22,0.385339,452.835372
2005-12-23,0.110771,453.336985
2005-12-26,0.061450,453.615560
2005-12-27,-0.538294,451.173774
2005-12-28,0.271992,452.400930
2005-12-29,-0.055241,452.151019
2005-12-30,-0.654488,449.191746
2006-01-02,0.110803,449.689466
2006-01-03,1.778856,457.688793
2006-01-04,1.146590,462.936605
2006-01-05,0.048744,463.162258
2006-01-06,0.990610,467.750387
2006-01-09,0.160051,468.499027
2006-01-10,-0.393943,466.653409
2006-01-11,0.577176,469.346822
2006-01-12,-0.242781,468.207334
2006-01-13,-0.067716,467.890283
2006-01-16,0.095352,468.336425
2006-01-17,-0.943793,463.916296
2006-01-18,-0.847708,459.983640
2006-01-19,0.961215,464.405072
2006-01-20,-1.054522,459.507819
2006-01-23,0.336120,461.052317
2006-01-24,0.270764,462.300683
2006-01-25,0.224800,463.339934
2006-01-26,0.766637,466.892071
2006-01-27,0.810733,470.677318
2006-01-30,-0.009917,470.630643
2006-01-31,0.164312,471.403944
2006-02-01,0.127295,472.004018
2006-02-02,-0.764293,468.396523
2006-02-03,-0.696947,465.132046
2006-02-06,0.237632,466.237346
2006-02-07,-0.644786,463.231113
2006-02-08,-0.150686,462.533087
2006-02-09,0.451274,464.620381
2006-02-10,-0.162846,463.863765
2006-02-13,-0.460041,461.729802
2006-02-14,0.562675,464.327842
2006-02-15,0.179505,465.161331
2006-02-16,0.588237,467.897584
2006-02-17,0.001753,467.905786
2006-02-20,0.106292,468.403131
2006-02-21,-0.003360,468.387395
2006-02-22,0.410684,470.310987
2006-02-23,0.285486,471.653661
2006-02-24,0.121104,472.224851
2006-02-27,0.472289,474.455115
2006-02-28,-0.748667,470.903026
2006-03-01,0.562196,473.550424
2006-03-02,-0.101738,473.068642
2006-03-03,-0.228955,471.985528
2006-03-06,-0.233109,470.885289
2006-03-07,-0.933404,466.490027
2006-03-08,-0.235942,465.389379
2006-03-09,0.246889,466.538375
2006-03-10,0.366468,468.248087
2006-03-13,0.748076,471.750938
2006-03-14,0.902305,476.007571
2006-03-15,0.462608,478.209619
2006-03-16,0.332722,479.800728
2006-03-17,0.323759,481.354124
2006-03-20,0.129573,481.977828
2006-03-21,-0.619605,478.991470
2006-03-22,0.318957,480.519248
2006-03-23,-0.474342,478.239941
2006-03-24,0.389661,480.103456
2006-03-27,-0.075646,479.740277
2006-03-28,-0.354285,478.040631
2006-03-29,0.267746,479.320567
2006-03-30,0.849792,483.393794
2006-03-31,-0.492835,481.011461
2006-04-03,0.705429,484.404655
2006-04-04,0.570948,487.170355
2006-04-05,0.434980,489.289447
2006-04-06,0.223094,490.381025
2006-04-07,-0.861198,486.157874
2006-04-10,0.041702,486.360613
2006-04-11,-0.702793,482.942506
2006-04-12,-0.279957,481.590476
2006-04-13,0.107781,482.109542
2006-04-14,0.054575,482.372654
2006-04-17,0.368891,484.152082
2006-04-18,1.115100,489.550864
2006-04-19,0.758514,493.264174
2006-04-20,0.055565,493.538256
2006-04-21,0.462991,495.823295
2006-04-24,-0.310587,494.283333
2006-04-25,-0.104867,493.764992
2006-04-26,0.441328,495.944114
2006-04-27,0.314127,497.502010
2006-04-28,-0.047603,497.265186
2006-05-01,0.154858,498.035243
2006-05-02,0.812895,502.083745
2006-05-03,-0.474269,499.702516
2006-05-04,0.500218,502.202117
2006-05-05,1.131409,507.884078
2006-05-08,0.284601,509.329519
2006-05-09,0.274689,510.728593
2006-05-10,-0.203329,509.690135
2006-05-11,-0.787647,505.675575
2006-05-12,-1.320659,498.997327
2006-05-15,-0.946015,494.276738
2006-05-16,-0.227426,493.152625
2006-05-17,-1.648621,485.022406
2006-05-18,-0.973359,480.301396
2006-05-19,-0.262333,479.041407
2006-05-22,-1.274798,472.934596
2006-05-23,0.556490,475.566432
2006-05-24,-0.668047,472.389423
2006-05-25,0.962360,476.935508
2006-05-26,1.074867,482.061932
2006-05-29,0.199416,483.023241
2006-05-30,-1.173017,477.357298
2006-05-31,0.151601,478.080975
2006-06-01,0.701769,481.435998
2006-06-02,0.908953,485.812027
2006-06-05,-1.213353,479.917410
2006-06-06,-1.546176,472.497044
2006-06-07,-0.691713,469.228718
2006-06-08,-1.855687,460.521300
2006-06-09,0.656184,463.543169
2006-06-12,-1.140152,458.258073
2006-06-13,-2.164576,448.338730
2006-06-14,0.606215,451.056625
2006-06-15,2.110110,460.574417
2006-06-16,0.256264,461.754705
2006-06-19,-0.700896,458.518284
2006-06-20,0.027211,458.643053
2006-06-21,0.777945,462.211042
2006-06-22,0.015357,462.282022
2006-06-23,-0.185923,461.422534
2006-06-26,0.282310,462.725174
2006-06-27,-0.428712,460.741414
2006-06-28,-0.033790,460.585728
2006-06-29,2.038285,469.973779
2006-06-30,1.722518,478.069163
2006-07-03,0.698957,481.410662
2006-07-04,0.233129,482.532968
2006-07-05,-1.311002,476.206950
2006-07-06,0.470172,478.445942
2006-07-07,-0.044611,478.232502
2006-07-10,0.098633,478.704196
2006-07-11,-0.154575,477.964239
2006-07-12,-0.849470,473.904078
2006-07-13,-1.306276,467.713582
2006-07-14,-1.211182,462.048719
2006-07-17,-0.747863,458.593230
2006-07-18,-0.360988,456.937762
2006-07-19,1.889335,465.570849
2006-07-20,0.355447,467.225704
2006-07-21,-0.652402,464.177515
2006-07-24,1.174411,469.628868
2006-07-25,0.666385,472.758404
2006-07-26,0.021150,472.858391
2006-07-27,0.842610,476.842744
2006-07-28,1.025351,481.732056
2006-07-31,-0.058508,481.450206
2006-08-01,-0.656323,478.290338
2006-08-02,0.945564,482.812881
2006-08-03,-0.227581,481.714091
2006-08-04,0.666275,484.923630
2006-08-07,-0.805173,481.019156
2006-08-08,0.032252,481.174296
2006-08-09,0.301144,482.623325
2006-08-10,-0.355433,480.907921
2006-08-11,-0.244131,479.733875
2006-08-14,0.318783,481.263183
2006-08-15,1.129442,486.698770
2006-08-16,1.043200,491.776013
2006-08-17,0.234117,492.927346
2006-08-18,-0.046788,492.696717
2006-08-21,-0.081165,492.296821
2006-08-22,0.032024,492.454472
2006-08-23,-0.437221,490.301357
2006-08-24,-0.044180,490.084742
2006-08-25,-0.221179,489.000778
2006-08-28,0.376283,490.840806
2006-08-29,0.271731,492.174570
2006-08-30,0.427700,494.279599
2006-08-31,-0.021072,494.175443
2006-09-01,0.484034,496.567419
2006-09-04,0.649111,499.790690
2006-09-05,-0.150090,499.040554
2006-09-06,-1.075505,493.673349
2006-09-07,-0.970691,488.881304
2006-09-08,0.095185,489.346648
2006-09-11,-0.610181,486.360747
2006-09-12,0.853497,490.511820
2006-09-13,0.382914,492.390057
2006-09-14,0.231057,493.527758
2006-09-15,-0.077858,493.143505
2006-09-18,0.281110,494.529782
2006-09-19,-0.193042,493.575131
2006-09-20,0.282213,494.968065
2006-09-21,0.024858,495.091103
2006-09-22,-0.477769,492.725711
2006-09-25,0.174551,493.585771
2006-09-26,0.609909,496.596197
2006-09-27,0.706716,500.105719
2006-09-28,0.178720,500.999508
2006-09-29,-0.185739,500.068955
2006-10-02,0.178071,500.959432
2006-10-03,-0.204697,499.933984
2006-10-04,0.537316,502.620210
2006-10-05,0.739932,506.339260
2006-10-06,-0.460232,504.008923
2006-10-09,0.102744,504.526762
2006-10-10,0.188147,505.476017
2006-10-11,-0.166023,504.636809
2006-10-12,0.697806,508.158196
2006-10-13,0.337649,509.873985
2006-10-16,0.514015,512.494814
2006-10-17,-0.524248,509.808068
2006-10-18,0.293254,511.303102
2006-10-19,0.313351,512.905277
2006-10-20,0.207272,513.968388
2006-10-23,0.299316,515.506775
2006-10-24,0.060914,515.820791
2006-10-25,0.455415,518.169914
2006-10-26,0.620399,521.384634
2006-10-27,-0.345020,519.585752
2006-10-30,-0.342815,517.804535
2006-10-31,0.216087,518.923445
2006-11-01,-0.136149,518.216936
2006-11-02,-0.159194,517.391965
2006-11-03,-0.127164,516.734030
2006-11-06,0.910799,521.440438
2006-11-07,0.632647,524.739314
2006-11-08,-0.168912,523.852965
2006-11-09,-0.236606,522.613495
2006-11-10,0.231197,523.821760
2006-11-13,-0.111656,523.236883
2006-11-14,0.493419,525.818635
2006-11-15,0.281191,527.297191
2006-11-16,0.103619,527.843572
2006-11-17,-0.203097,526.771536
2006-11-20,-0.252927,525.439189
2006-11-21,0.306729,527.050861
2006-11-22,0.726965,530.882338
2006-11-23,0.050103,531.148326
2006-11-24,-0.090452,530.667892
2006-11-27,-0.961287,525.566649
2006-11-28,-0.022875,525.446423
2006-11-29,1.216814,531.840130
2006-11-30,0.377722,533.849009
2006-12-01,-0.120715,533.204573
2006-12-04,0.607419,536.443362
2006-12-05,0.432520,538.763585
2006-12-06,0.146759,539.554269
2006-12-07,-0.030675,539.388762
2006-12-08,-0.004407,539.364993
2006-12-11,-0.057885,539.052779
2006-12-12,0.092748,539.552740
2006-12-13,0.222332,540.752340
2006-12-14,0.664379,544.344987
2006-12-15,0.046622,544.598773
2006-12-18,-0.201995,543.498713
2006-12-19,-0.124638,542.821305
2006-12-20,0.340620,544.670262
2006-12-21,-0.250144,543.307803
2006-12-22,-0.389556,541.191312
2006-12-25,-0.046337,540.940540
2006-12-26,0.170075,541.860543
2006-12-27,0.843158,546.429286
2006-12-28,0.068252,546.802236
2006-12-29,-0.165565,545.896922
2007-01-01,0.001004,545.902403
2007-01-02,0.791550,550.223493
2007-01-03,-0.388363,548.086629
2007-01-04,-0.389576,545.951417
2007-01-05,-1.014910,540.410502
2007-01-08,0.067984,540.777892
2007-01-09,-0.018932,540.675510
2007-01-10,-0.549333,537.705403
2007-01-11,0.701006,541.474748
2007-01-12,0.852541,546.091040
2007-01-15,0.469816,548.656664
2007-01-16,-0.206675,547.522729
2007-01-17,0.021567,547.640814
2007-01-18,-0.144093,546.851703
2007-01-19,0.354808,548.791978
2007-01-22,-0.147305,547.983579
2007-01-23,0.416364,550.265183
2007-01-24,0.672408,553.965212
2007-01-25,-0.669813,550.254683
2007-01-26,-0.587722,547.020715
2007-01-29,0.044255,547.262796
2007-01-30,0.525497,550.138645
2007-01-31,0.237724,551.446455
2007-02-01,0.963707,556.760782
2007-02-02,0.161455,557.659700
2007-02-05,-0.175059,556.683466
2007-02-06,0.369958,558.742963
2007-02-07,0.320005,560.530966
2007-02-08,-0.360386,558.510893
2007-02-09,-0.187834,557.461821
2007-02-12,-0.561357,554.332470
2007-02-13,0.711501,558.276553
2007-02-14,1.138304,564.631439
2007-02-15,0.368563,566.712461
2007-02-16,-0.113420,566.069694
2007-02-19,0.181695,567.098217
2007-02-20,0.034280,567.292616
2007-02-21,-0.334634,565.394262
2007-02-22,0.160092,566.299411
2007-02-23,0.153980,567.171399
2007-02-26,0.179704,568.190631
2007-02-27,-2.525730,553.839670
2007-02-28,-0.917501,548.758187
2007-03-01,-0.671570,545.072894
2007-03-02,-0.748092,540.995248
2007-03-05,-1.710286,531.742684
2007-03-06,1.483818,539.632780
2007-03-07,0.234705,540.899328
2007-03-08,0.995588,546.284455
2007-03-09,0.178288,547.258414
2007-03-12,0.382173,549.349886
2007-03-13,-1.333174,542.026098
2007-03-14,-0.963266,536.804945
2007-03-15,1.058501,542.487028
2007-03-16,-0.104640,541.919370
2007-03-19,1.149825,548.150497
2007-03-20,0.690860,551.937449
2007-03-21,1.052809,557.748294
2007-03-22,0.882581,562.670873
2007-03-23,0.138363,563.449401
2007-03-26,-0.087680,562.955366
2007-03-27,-0.375362,560.842244
2007-03-28,-0.540912,557.808584
2007-03-29,0.445711,560.294798
2007-03-30,-0.053420,559.995486
2007-04-02,0.236368,561.319134
2007-04-03,0.950674,566.655451
2007-04-04,0.443882,569.170734
2007-04-05,0.303630,570.898908
2007-04-06,-0.021844,570.774202
2007-04-09,-0.020440,570.657534
2007-04-10,0.580264,573.968855
2007-04-11,-0.288315,572.314017
2007-04-12,0.286096,573.951382
2007-04-13,0.330894,575.850553
2007-04-16,1.169136,582.583027
2007-04-17,0.147067,583.439813
2007-04-18,0.079552,583.903952
2007-04-19,-0.446059,581.299393
2007-04-20,0.928827,586.698656
2007-04-23,-0.167439,585.716296
2007-04-24,-0.182671,584.646361
2007-04-25,0.705274,588.769720
2007-04-26,-0.087284,588.255816
2007-04-27,-0.141070,587.425966
2007-04-30,-0.384963,585.164595
2007-05-01,-0.119420,584.465793
2007-05-02,0.643783,588.228485
2007-05-03,0.357770,590.332988
2007-05-04,0.547049,593.562398
2007-05-07,0.501423,596.538658
2007-05-08,-0.573672,593.116483
2007-05-09,0.447052,595.768024
2007-05-10,-1.041245,589.564621
2007-05-11,0.524165,592.654912
2007-05-14,0.037502,592.877170
2007-05-15,0.040833,593.119262
2007-05-16,0.344828,595.164504
2007-05-17,-0.148680,594.279614
2007-05-18,0.560817,597.612436
2007-05-21,0.171272,598.635978
2007-05-22,0.127067,599.396646
2007-05-23,0.309083,601.249279
2007-05-24,-0.972528,595.401963
2007-05-25,0.169031,596.408376
2007-05-28,0.132423,597.198155
2007-05-29,0.253365,598.711248
2007-05-30,0.127092,599.472162
2007-05-31,0.606202,603.106176
2007-06-01,0.627386,606.889981
2007-06-04,0.300955,608.716449
2007-06-05,-0.293512,606.929793
2007-06-06,-1.009034,600.805667
2007-06-07,-1.319732,592.876643
2007-06-08,-0.037990,592.651409
2007-06-11,0.378048,594.891917
2007-06-12,-0.759082,590.376200
2007-06-13,0.682380,594.404808
2007-06-14,0.970015,600.170623
2007-06-15,1.028444,606.343040
2007-06-18,0.130962,607.137117
2007-06-19,0.026092,607.295533
2007-06-20,-0.457732,604.515744
2007-06-21,-0.012330,604.441210
2007-06-22,-0.711327,600.141658
2007-06-25,-0.316120,598.244488
2007-06-26,-0.373351,596.010938
2007-06-27,-0.014108,595.926854
2007-06-28,0.569641,599.321497
2007-06-29,0.371660,601.548937
2007-07-02,0.946226,607.240950
2007-07-03,0.571529,610.711510
2007-07-04,0.228206,612.105190
2007-07-05,-0.157212,611.142887
2007-07-06,0.487563,614.122593
2007-07-09,0.358882,616.326569
2007-07-10,-0.733708,611.804534
2007-07-11,0.111178,612.484725
2007-07-12,1.317289,620.552921
2007-07-13,0.607247,624.321212
2007-07-16,-0.087890,623.772495
2007-07-17,-0.120167,623.022926
2007-07-18,-0.493671,619.947241
2007-07-19,0.707225,624.331661
2007-07-20,-0.632651,620.381822
2007-07-23,0.304332,622.269843
2007-07-24,-1.319408,614.059562
2007-07-25,-0.513351,610.907279
2007-07-26,-2.209795,597.407483
2007-07-27,-1.655218,587.519085
2007-07-30,0.587576,590.971205
2007-07-31,0.259073,592.502249
2007-08-01,-0.858012,587.418508
2007-08-02,0.565314,590.739266
2007-08-03,-1.311925,582.989212
2007-08-06,0.526719,586.059929
2007-08-07,0.591899,589.528815
2007-08-08,1.797830,600.127538
2007-08-09,-2.078331,587.654899
2007-08-10,-1.677040,577.799694
2007-08-13,0.580433,581.153437
2007-08-14,-1.430520,572.839920
2007-08-15,-1.557778,563.916348
2007-08-16,-1.808954,553.715363
2007-08-17,1.546838,562.280441
2007-08-20,0.912892,567.413456
2007-08-21,0.336355,569.321977
2007-08-22,1.352968,577.024724
2007-08-23,0.657985,580.821458
2007-08-24,0.784554,585.378315
2007-08-27,-0.062029,585.015208
2007-08-28,-1.689210,575.133071
2007-08-29,0.949118,580.591765
2007-08-30,0.332429,582.521820
2007-08-31,1.475056,591.114344
2007-09-03,0.110442,591.767184
2007-09-04,0.588400,595.249144
2007-09-05,-0.998770,589.303973
2007-09-06,0.510119,592.310125
2007-09-07,-1.240266,584.963902
2007-09-10,-0.629944,581.278958
2007-09-11,1.389684,589.356898
2007-09-12,0.275112,590.978289
2007-09-13,0.651368,594.827729
2007-09-14,-0.078196,594.362596
2007-09-17,-0.787445,589.682320
2007-09-18,1.560075,598.881809
2007-09-19,2.069017,611.272773
2007-09-20,0.085591,611.795970
2007-09-21,0.296903,613.612409
2007-09-24,-0.005883,613.576308
2007-09-25,-0.106688,612.921694
2007-09-26,0.492099,615.937875
2007-09-27,1.005863,622.133366
2007-09-28,0.144563,623.032743
2007-10-01,0.966910,629.056908
2007-10-02,0.289052,630.875207
2007-10-03,-0.186389,629.699324
2007-10-04,-0.044979,629.416093
2007-10-05,1.002611,635.726689
2007-10-08,-0.422684,633.039572
2007-10-09,0.745475,637.758726
2007-10-10,0.259251,639.412125
2007-10-11,0.415812,642.070875
2007-10-12,-0.101360,641.420072
2007-10-15,-0.441169,638.590326
2007-10-16,-1.040073,631.948520
2007-10-17,0.334594,634.062984
2007-10-18,0.132801,634.905028
2007-10-19,-1.653708,624.405552
2007-10-22,-0.936953,618.555163
2007-10-23,1.336754,626.823723
2007-10-24,-0.331526,624.745637
2007-10-25,0.578377,628.359023
2007-10-26,1.512904,637.865495
2007-10-29,0.964672,644.018806
2007-10-30,-0.514236,640.707032
2007-10-31,1.054815,647.465308
2007-11-01,-1.605655,637.069248
2007-11-02,-0.476490,634.033675
2007-11-05,-0.864841,628.550289
2007-11-06,1.076699,635.317883
2007-11-07,-1.125390,628.168077
2007-11-08,-0.676559,623.918151
2007-11-09,-1.294121,615.843896
2007-11-12,-1.611532,605.919373
2007-11-13,1.532824,615.207051
2007-11-14,0.704960,619.544017
2007-11-15,-1.384419,610.966930
2007-11-16,-0.378442,608.654776
2007-11-19,-1.583651,599.015809
2007-11-20,0.872637,604.243043
2007-11-21,-1.932983,592.563126
2007-11-22,0.241055,593.991532
2007-11-23,1.145696,600.796867
2007-11-26,-0.626240,597.034439
2007-11-27,0.367688,599.229661
2007-11-28,1.892588,610.570608
2007-11-29,0.735872,615.063628
2007-11-30,0.656756,619.103096
2007-12-03,-0.366294,616.835357
2007-12-04,-0.575079,613.288065
2007-12-05,1.162318,620.416423
2007-12-06,0.877598,625.861188
2007-12-07,0.357058,628.095878
2007-12-10,0.554555,631.579018
2007-12-11,-1.135096,624.409989
2007-12-12,0.114836,625.127037
2007-12-13,-1.438789,616.132775
2007-12-14,-1.223795,608.592575
2007-12-17,-2.016559,596.319948
2007-12-18,0.286416,598.027904
2007-12-19,-0.179518,596.954338
2007-12-20,0.260625,598.510153
2007-12-21,1.545513,607.760202
2007-12-24,0.704066,612.039236
2007-12-25,0.171762,613.090487
2007-12-26,0.377018,615.401951
2007-12-27,-0.390057,613.001530
2007-12-28,0.249398,614.530343
2007-12-31,-0.344477,612.413427
2008-01-01,0.003258,612.433377
2008-01-02,-0.678551,608.277705
2008-01-03,-0.163470,607.283354
2008-01-04,-1.888753,595.813270
2008-01-07,-0.517109,592.732267
2008-01-08,-0.455774,590.030748
2008-01-09,0.227978,591.375889
2008-01-10,-0.039380,591.143004
2008-01-11,-0.873112,585.981666
2008-01-14,0.882913,591.155372
2008-01-15,-2.294756,577.589798
2008-01-16,-1.917970,566.511799
2008-01-17,-1.317438,559.048355
2008-01-18,-0.715808,555.046644
2008-01-21,-3.283126,536.823762
2008-01-22,-0.538592,533.932472
2008-01-23,0.512997,536.671531
2008-01-24,3.024808,552.904815
2008-01-25,0.223413,554.140076
2008-01-28,0.048274,554.407582
2008-01-29,1.072365,560.352858
2008-01-30,-0.650023,556.710438
2008-01-31,1.021057,562.394768
2008-02-01,1.606525,571.429783
2008-02-04,0.029529,571.598519
2008-02-05,-3.017699,554.349394
2008-02-06,-0.885162,549.442505
2008-02-07,-0.619681,546.037716
2008-02-08,-0.119365,545.385941
2008-02-11,-0.117811,544.743415
2008-02-12,1.665601,553.816664
2008-02-13,0.581033,557.034525
2008-02-14,0.275159,558.567254
2008-02-15,-0.412036,556.265759
2008-02-18,0.478209,558.925871
2008-02-19,0.586912,562.206273
2008-02-20,-0.745346,558.015891
2008-02-21,0.418280,560.349957
2008-02-22,0.059210,560.681739
2008-02-25,1.522145,569.216128
2008-02-26,1.050337,575.194814
2008-02-27,0.841151,580.033069
2008-02-28,-0.736886,575.758887
2008-02-29,-1.999004,564.249441
2008-03-03,-1.057958,558.279919
2008-03-04,-0.623836,554.797168
2008-03-05,0.875865,559.656440
2008-03-06,-0.899375,554.623031
2008-03-07,-1.405691,546.826747
2008-03-10,-1.520965,538.509702
2008-03-11,2.171130,550.201446
2008-03-12,0.788501,554.539791
2008-03-13,-0.458879,551.995127
2008-03-14,-1.349405,544.546479
2008-03-17,-2.343333,531.785940
2008-03-18,3.187106,548.734522
2008-03-19,-1.482103,540.601712
2008-03-20,0.051263,540.878842
2008-03-21,0.226814,542.105629
2008-03-24,0.857098,546.752006
2008-03-25,2.306496,559.362817
2008-03-26,0.012059,559.430271
2008-03-27,-0.183998,558.400932
2008-03-28,-0.421299,556.048395
2008-03-31,0.031232,556.222058
2008-04-01,1.977246,567.219936
2008-04-02,1.069183,573.284552
2008-04-03,0.310398,575.064014
2008-04-04,0.456921,577.691603
2008-04-07,0.515899,580.671905
2008-04-08,-0.744084,576.351218
2008-04-09,-0.608247,572.845581
2008-04-10,0.274910,574.420393
2008-04-11,-1.065838,568.298003
2008-04-14,-0.765024,563.950388
2008-04-15,0.409603,566.260344
2008-04-16,2.269061,579.109139
2008-04-17,-0.094546,578.561617
2008-04-18,1.012656,584.420455
2008-04-21,0.601474,587.935593
2008-04-22,-0.515381,584.905484
2008-04-23,0.110710,585.553036
2008-04-24,-0.242239,584.134595
2008-04-25,0.861380,589.166213
2008-04-28,0.277121,590.798914
2008-04-29,-0.600425,587.251609
2008-04-30,0.069345,587.658840
2008-05-01,0.428836,590.178930
2008-05-02,1.014779,596.167942
2008-05-05,0.004796,596.196534
2008-05-06,0.498964,599.171338
2008-05-07,-0.865711,593.984243
2008-05-08,0.163125,594.953181
2008-05-09,-0.825955,590.039137
2008-05-12,0.816146,594.854715
2008-05-13,0.106814,595.490106
2008-05-14,0.319115,597.390404
2008-05-15,0.999256,603.359861
2008-05-16,0.785186,608.097359
2008-05-19,0.446019,610.809591
2008-05-20,-0.841869,605.667373
2008-05-21,-0.850536,600.515956
2008-05-22,0.009328,600.571975
2008-05-23,-1.089050,594.031444
2008-05-26,-0.452869,591.341261
2008-05-27,0.065603,591.729201
2008-05-28,0.178514,592.785521
2008-05-29,0.384201,595.063008
2008-05-30,0.411412,597.511169
2008-06-02,-0.577410,594.061079
2008-06-03,-0.555995,590.758130
2008-06-04,-0.394956,588.424893
2008-06-05,0.942292,593.969571
2008-06-06,-1.300452,586.245283
2008-06-09,-0.590075,582.785998
2008-06-10,-1.470410,574.216654
2008-06-11,-1.014015,568.394012
2008-06-12,-0.434191,565.926098
2008-06-13,0.739698,570.112242
2008-06-16,0.600470,573.535596
2008-06-17,0.182336,574.581356
2008-06-18,-0.763482,570.194528
2008-06-19,-0.516378,567.250172
2008-06-20,-1.367552,559.492734
2008-06-23,-0.470785,556.858726
2008-06-24,-0.290185,555.242804
2008-06-25,0.624308,558.709231
2008-06-26,-1.600547,549.766826
2008-06-27,-0.516675,546.926321
2008-06-30,0.314516,548.646490
2008-07-01,-0.783593,544.347334
2008-07-02,-1.206181,537.781519
2008-07-03,-0.419769,535.524080
2008-07-04,-0.408179,533.338184
2008-07-07,-0.041125,533.118849
2008-07-08,-0.089898,532.639586
2008-07-09,-0.106026,532.074849
2008-07-10,-0.117654,531.448842
2008-07-11,-0.865697,526.848107
2008-07-14,-0.247976,525.541650
2008-07-15,-1.459807,517.869756
2008-07-16,0.924360,522.656737
2008-07-17,1.663330,531.350241
2008-07-18,0.066905,531.705742
2008-07-21,0.647493,535.148497
2008-07-22,0.487656,537.758179
2008-07-23,0.662366,541.320109
2008-07-24,-1.424176,533.610758
2008-07-25,-0.431047,531.310647
2008-07-28,-0.971699,526.147909
2008-07-29,0.400589,528.255602
2008-07-30,1.690574,537.186152
2008-07-31,-0.486765,534.571316
2008-08-01,-1.081978,528.787371
2008-08-04,-1.101348,522.963582
2008-08-05,1.365954,530.107024
2008-08-06,0.741200,534.036177
2008-08-07,-1.143957,527.927031
2008-08-08,0.171237,528.831039
2008-08-11,0.797950,533.050846
2008-08-12,-0.906701,528.217669
2008-08-13,-1.074637,522.541246
2008-08-14,0.493434,525.119644
2008-08-15,-0.407413,522.980237
2008-08-18,-0.624644,519.713471
2008-08-19,-1.581245,511.495527
2008-08-20,0.794584,515.559786
2008-08-21,0.299674,517.104784
2008-08-22,0.659656,520.515896
2008-08-25,-0.952287,515.559092
2008-08-26,-0.283420,514.097897
2008-08-27,0.768184,518.047112
2008-08-28,1.176195,524.140358
2008-08-29,-0.163580,523.282968
2008-09-01,-0.848467,518.843086
2008-09-02,-0.534525,516.069739
2008-09-03,-0.855886,511.652771
2008-09-04,-2.666888,498.007565
2008-09-05,-1.130186,492.379153
2008-09-08,2.367984,504.038615
2008-09-09,-2.644405,490.709791
2008-09-10,-0.152316,489.962361
2008-09-11,-0.297967,488.502434
2008-09-12,1.620783,496.420000
2008-09-15,-3.584934,478.623672
2008-09-16,-1.138282,473.175587
2008-09-17,-2.886768,459.516105
2008-09-18,1.921514,468.345771
2008-09-19,6.153224,497.164137
2008-09-22,-1.385938,490.273748
2008-09-23,-1.368142,483.566105
2008-09-24,-0.388044,481.689654
2008-09-25,1.403217,488.448806
2008-09-26,-0.934859,483.882500
2008-09-29,-6.836523,450.801763
2008-09-30,1.617010,458.091273
2008-10-01,0.139783,458.731606
2008-10-02,-3.588979,442.267826
2008-10-03,-0.449452,440.280042
2008-10-06,-6.136931,413.260361
2008-10-07,-2.975048,400.965667
2008-10-08,-3.884671,385.389469
2008-10-09,-3.922933,370.270898
2008-10-10,-4.909661,352.091851
2008-10-13,9.313339,384.883357
2008-10-14,2.899996,396.044957
2008-10-15,-7.098645,367.931130
2008-10-16,-2.006125,360.549971
2008-10-17,1.190548,364.842491
2008-10-20,4.076138,379.713975
2008-10-21,-1.764875,373.012500
2008-10-22,-6.527389,348.664524
2008-10-23,-0.256439,347.770412
2008-10-24,-4.607502,331.746884
2008-10-27,-4.287754,317.522392
2008-10-28,6.953428,339.601083
2008-10-29,3.706662,352.188946
2008-10-30,3.668697,365.109690
2008-10-31,0.636183,367.432458
2008-11-03,0.629711,369.746220
2008-11-04,4.653381,386.951922
2008-11-05,-2.217958,378.369491
2008-11-06,-5.982064,355.735186
2008-11-07,1.530963,361.181358
2008-11-10,0.447024,362.795924
2008-11-11,-3.761940,349.147757
2008-11-12,-3.952618,335.347281
2008-11-13,2.338685,343.189996
2008-11-14,-1.345382,338.572779
2008-11-17,-2.298900,330.789329
2008-11-18,-0.054952,330.607552
2008-11-19,-4.388810,316.097814
2008-11-20,-5.996765,297.142172
2008-11-21,2.819609,305.520420
2008-11-24,6.599392,325.682910
2008-11-25,1.777702,331.472581
2008-11-26,1.695452,337.092541
2008-11-27,1.039444,340.596428
2008-11-28,0.860207,343.526261
2008-12-01,-6.603306,320.842169
2008-12-02,1.572361,325.886966
2008-12-03,1.512071,330.814609
2008-12-04,-1.678309,325.262519
2008-12-05,0.335017,326.352202
2008-12-08,5.715295,345.004194
2008-12-09,-0.722245,342.512418
2008-12-10,1.606009,348.013200
2008-12-11,-0.560180,346.063698
2008-12-12,-0.991917,342.631035
2008-12-15,0.795194,345.355618
2008-12-16,2.779047,354.953214
2008-12-17,1.332018,359.681254
2008-12-18,-0.774534,356.895402
2008-12-19,-1.362229,352.033669
2008-12-22,-1.654129,346.210578
2008-12-23,-0.628689,344.033990
2008-12-24,-0.048708,343.866418
2008-12-25,0.109059,344.241435
2008-12-26,0.423223,345.698345
2008-12-29,0.905310,348.827988
2008-12-30,1.647618,354.575342
2008-12-31,0.442903,356.145767
2009-01-01,0.019444,356.215016
2009-01-02,2.763028,366.057338
2009-01-05,0.226928,366.888026
2009-01-06,0.559430,368.940508
2009-01-07,-1.130188,364.770788
2009-01-08,-0.372466,363.412142
2009-01-09,-1.649385,357.418075
2009-01-12,-2.259696,349.341513
2009-01-13,-1.357249,344.600081
2009-01-14,-2.898885,334.610520
2009-01-15,-1.215348,330.543839
2009-01-16,1.529035,335.597970
2009-01-19,-0.720047,333.181507
2009-01-20,-4.185007,319.237836
2009-01-21,1.706817,324.686641
2009-01-22,-0.873012,321.852086
2009-01-23,-0.676625,319.674355
2009-01-26,1.978297,325.998465
2009-01-27,1.407365,330.586454
2009-01-28,2.862268,340.048725
2009-01-29,-2.165918,332.683549
2009-01-30,-2.061102,325.826601
2009-02-02,-1.280791,321.653442
2009-02-03,1.776257,327.366835
2009-02-04,0.703448,329.669689
2009-02-05,0.545706,331.468716
2009-02-06,2.279670,339.025110
2009-02-09,0.772432,341.643850
2009-02-10,-3.194491,330.730067
2009-02-11,-0.258337,329.875668
2009-02-12,-0.968848,326.679673
2009-02-13,0.145246,327.154161
2009-02-16,-0.757772,324.675077
2009-02-17,-4.200735,311.036337
2009-02-18,-0.651386,309.010289
2009-02-19,-0.012178,308.972656
2009-02-20,-2.326638,301.783981
2009-02-23,-1.646355,296.815547
2009-02-24,1.104439,300.093694
2009-02-25,-0.391199,298.919730
2009-02-26,0.013985,298.961535
2009-02-27,-1.617590,294.125563
2009-03-02,-4.917376,279.662304
2009-03-03,-1.043068,276.745237
2009-03-04,2.568169,283.852523
2009-03-05,-2.824875,275.834044
2009-03-06,-0.356398,274.850978
2009-03-09,-1.192469,271.573465
2009-03-10,5.139453,285.530856
2009-03-11,0.943141,288.223815
2009-03-12,1.866432,293.603317
2009-03-13,1.554851,298.168411
2009-03-16,1.296141,302.033093
2009-03-17,1.609198,306.893404
2009-03-18,1.225983,310.655866
2009-03-19,1.888744,316.523360
2009-03-20,-1.549264,311.619578
2009-03-23,5.069893,327.418358
2009-03-24,-0.610924,325.418082
2009-03-25,0.701089,327.699552
2009-03-26,1.627383,333.032480
2009-03-27,-1.924136,326.624481
2009-03-30,-3.999209,313.562085
2009-03-31,1.579587,318.515072
2009-04-01,1.588609,323.575032
2009-04-02,4.452347,337.981715
2009-04-03,0.306090,339.016244
2009-04-06,-0.550111,337.151277
2009-04-07,-1.740427,331.283404
2009-04-08,0.202687,331.954872
2009-04-09,3.174500,342.492779
2009-04-10,0.122479,342.912260
2009-04-13,0.542966,344.774155
2009-04-14,-0.374495,343.482993
2009-04-15,0.143729,343.976680
2009-04-16,1.335945,348.572020
2009-04-17,0.491746,350.286111
2009-04-20,-3.402762,338.366708
2009-04-21,0.659160,340.597084
2009-04-22,0.176907,341.199625
2009-04-23,0.911166,344.308521
2009-04-24,2.044370,351.347461
2009-04-27,-0.827417,348.440351
2009-04-28,-1.187172,344.303765
2009-04-29,2.465506,352.792594
2009-04-30,1.024145,356.405703
2009-05-01,0.321224,357.550564
2009-05-04,3.215991,369.049357
2009-05-05,0.168911,369.672723
2009-05-06,1.348906,374.659259
2009-05-07,0.003248,374.671429
2009-05-08,2.031643,382.283416
2009-05-11,-0.929233,378.731112
2009-05-12,-0.177578,378.058569
2009-05-13,-2.189727,369.780119
2009-05-14,-0.040647,369.629814
2009-05-15,0.139422,370.145161
2009-05-18,1.866356,377.053387
2009-05-19,1.384298,382.272929
2009-05-20,0.742963,385.113074
2009-05-21,-1.689224,378.607653
2009-05-22,0.438212,380.266759
2009-05-25,0.155521,380.858153
2009-05-26,1.347337,385.989596
2009-05-27,-0.313059,384.781221
2009-05-28,0.389368,386.279437
2009-05-29,1.569222,392.341019
2009-06-01,2.679879,402.855283
2009-06-02,0.406838,404.494251
2009-06-03,-1.635292,397.879590
2009-06-04,0.249710,398.873135
2009-06-05,-0.249436,397.878203
2009-06-08,-0.852443,394.486520
2009-06-09,0.658855,397.085615
2009-06-10,0.722960,399.956387
2009-06-11,0.875243,403.456977
2009-06-12,-0.227325,402.539818
2009-06-15,-2.598333,392.080495
2009-06-16,-0.850752,388.744861
2009-06-17,-0.932254,385.120772
2009-06-18,0.486907,386.995950
2009-06-19,0.690035,389.666359
2009-06-22,-2.540280,379.767742
2009-06-23,-0.285412,378.683840
2009-06-24,1.502366,384.373056
2009-06-25,0.743176,387.229625
2009-06-26,0.769151,390.208004
2009-06-29,0.687259,392.889745
2009-06-30,-0.659458,390.298801
2009-07-01,1.008282,394.234113
2009-07-02,-2.375734,384.868160
2009-07-03,-0.076758,384.572743
2009-07-06,-0.779489,381.575040
2009-07-07,-1.033322,377.632140
2009-07-08,-0.985136,373.911951
2009-07-09,0.566014,376.028345
2009-07-10,-0.582624,373.837515
2009-07-13,1.069794,377.836807
2009-07-14,1.305668,382.770101
2009-07-15,2.911022,393.912624
2009-07-16,0.872821,397.350778
2009-07-17,0.317676,398.613064
2009-07-20,1.556302,404.816686
2009-07-21,0.858455,408.291854
2009-07-22,-0.007322,408.261960
2009-07-23,1.937050,416.170198
2009-07-24,0.264416,417.270620
2009-07-27,0.556017,419.590715
2009-07-28,-0.300439,418.330099
2009-07-29,-0.600894,415.816378
2009-07-30,1.490520,422.014205
2009-07-31,0.658380,424.792662
2009-08-03,2.065720,433.567690
2009-08-04,0.043114,433.754617
2009-08-05,-0.471362,431.710061
2009-08-06,-0.177521,430.943684
2009-08-07,0.292850,432.205702
2009-08-10,-0.224524,431.235295
2009-08-11,-1.018903,426.841427
2009-08-12,0.738250,429.992583
2009-08-13,1.262157,435.419765
2009-08-14,-0.619563,432.722066
2009-08-17,-2.902809,420.160972
2009-08-18,1.011693,424.411712
2009-08-19,0.457574,426.353711
2009-08-20,1.254873,431.703910
2009-08-21,1.573015,438.494680
2009-08-24,0.818632,442.084336
2009-08-25,0.194584,442.944560
2009-08-26,-0.404831,441.151384
2009-08-27,-0.170490,440.399264
2009-08-28,0.794926,443.900113
2009-08-31,-0.841813,440.163302
2009-09-01,-1.499297,433.563948
2009-09-02,-0.773623,430.209798
2009-09-03,0.589903,432.747618
2009-09-04,1.101737,437.515360
2009-09-07,0.976442,441.787444
2009-09-08,1.309250,447.571544
2009-09-09,0.616769,450.332025
2009-09-10,0.775793,453.825670
2009-09-11,0.459846,455.912567
2009-09-14,-0.193889,455.028605
2009-09-15,0.254995,456.188903
2009-09-16,1.713324,464.004897
2009-09-17,0.397003,465.847011
2009-09-18,-0.232272,464.764978
2009-09-21,-0.758555,461.239479
2009-09-22,1.129808,466.450599
2009-09-23,-0.466861,464.272921
2009-09-24,-1.285864,458.303003
2009-09-25,-0.527226,455.886712
2009-09-28,0.921678,460.088521
2009-09-29,-0.037856,459.914349
2009-09-30,0.126909,460.498021
2009-10-01,-1.972939,451.412674
2009-10-02,-1.173623,446.114790
2009-10-05,0.926164,450.246543
2009-10-06,2.027639,459.375916
2009-10-07,0.166836,460.142319
2009-10-08,1.287190,466.065223
2009-10-09,0.259694,467.275564
2009-10-12,0.525540,469.731285
2009-10-13,-0.275782,468.435849
2009-10-14,1.849213,477.098224
2009-10-15,0.355420,478.793926
2009-10-16,-0.902146,474.474508
2009-10-19,1.239138,480.353904
2009-10-20,-0.404828,478.409298
2009-10-21,-0.230727,477.305481
2009-10-22,-0.084665,476.901368
2009-10-23,-0.672288,473.695219
2009-10-26,-1.045200,468.744157
2009-10-27,-0.902361,464.514395
2009-10-28,-2.132077,454.610591
2009-10-29,1.553070,461.671012
2009-10-30,-1.775242,453.475235
2009-11-02,0.201637,454.389608
2009-11-03,-0.511590,452.064997
2009-11-04,1.237480,457.659213
2009-11-05,1.082229,462.612135
2009-11-06,0.387797,464.406132
2009-11-09,2.302787,475.100417
2009-11-10,-0.009691,475.054376
2009-11-11,0.545799,477.647216
2009-11-12,-0.893321,473.380294
2009-11-13,0.506867,475.779703
2009-11-16,1.564421,483.222903
2009-11-17,-0.454223,481.027991
2009-11-18,0.196076,481.971172
2009-11-19,-1.629758,474.116210
2009-11-20,-0.510334,471.696632
2009-11-23,1.700847,479.719470
2009-11-24,-0.487701,477.379875
2009-11-25,0.887849,481.618289
2009-11-26,-1.446726,474.650593
2009-11-27,-0.991641,469.943763
2009-11-30,0.507314,472.327854
2009-12-01,2.015473,481.847493
2009-12-02,0.262986,483.114683
2009-12-03,-0.184354,482.224043
2009-12-04,-0.159040,481.457113
2009-12-07,-0.298496,480.019983
2009-12-08,-1.182770,474.342452
2009-12-09,-0.265537,473.082896
2009-12-10,0.429473,475.114660
2009-12-11,0.220536,476.162458
2009-12-14,0.792425,479.935689
2009-12-15,-0.574373,477.179067
2009-12-16,0.571999,479.908524
2009-12-17,-1.759618,471.463966
2009-12-18,-0.157120,470.723201
2009-12-21,0.842121,474.687260
2009-12-22,0.372085,476.453501
2009-12-23,0.683316,479.709186
2009-12-24,0.563778,482.413681
2009-12-25,-0.040824,482.216741
2009-12-28,0.462619,484.447568
2009-12-29,0.123429,485.045516
2009-12-30,-0.485832,482.689010
2009-12-31,-0.091299,482.248319
2010-01-01,0.000000,482.248319
2010-01-04,1.761520,490.743218
2010-01-05,0.394597,492.679675
2010-01-06,0.147923,493.408459
2010-01-07,-0.137017,492.732406
2010-01-08,0.416042,494.782379
2010-01-11,0.801001,498.745591
2010-01-12,-0.653791,495.484836
2010-01-13,0.052887,495.746881
2010-01-14,0.477308,498.113120
2010-01-15,-0.916524,493.547795
2010-01-18,0.209855,494.583532
2010-01-19,0.382334,496.474492
2010-01-20,-1.557326,488.742767
2010-01-21,-1.499749,481.412851
2010-01-22,-1.495038,474.215548
2010-01-25,-0.132172,473.588766
2010-01-26,-0.701291,470.267532
2010-01-27,-0.355398,468.596208
2010-01-28,-0.755863,465.054264
2010-01-29,-0.764092,461.500820
2010-02-01,0.774315,465.074288
2010-02-02,1.299923,471.119894
2010-02-03,-0.276292,469.818227
2010-02-04,-2.836461,456.492018
2010-02-05,-1.252164,450.775988
2010-02-08,-0.264563,449.583403
2010-02-09,0.892337,453.595202
2010-02-10,0.105810,454.075153
2010-02-11,0.693143,457.222545
2010-02-12,-0.080162,456.856024
2010-02-15,0.055703,457.110505
2010-02-16,1.488159,463.913038
2010-02-17,0.884670,468.017139
2010-02-18,0.372417,469.760113
2010-02-19,-0.468948,467.557184
2010-02-22,0.556580,470.159514
2010-02-23,-0.901468,465.921177
2010-02-24,0.286633,467.256662
2010-02-25,-0.835862,463.351041
2010-02-26,0.906436,467.551022
2010-03-01,0.731124,470.969402
2010-03-02,0.853928,474.991140
2010-03-03,0.714935,478.387020
2010-03-04,-0.180629,477.522914
2010-03-05,1.304939,483.754296
2010-03-08,0.473141,486.043135
2010-03-09,-0.038924,485.853945
2010-03-10,0.577027,488.657455
2010-03-11,0.144107,489.361644
2010-03-12,0.384933,491.245360
2010-03-15,-0.516107,488.710011
2010-03-16,0.976676,493.483126
2010-03-17,0.836690,497.612050
2010-03-18,-0.473093,495.257883
2010-03-19,-0.476669,492.897144
2010-03-22,0.096157,493.371099
2010-03-23,0.602474,496.343533
2010-03-24,-0.786222,492.441171
2010-03-25,0.082649,492.848166
2010-03-26,0.171069,493.691277
2010-03-29,0.752129,497.404471
2010-03-30,0.115735,497.980144
2010-03-31,-0.024170,497.859783
2010-04-01,1.079623,503.234794
2010-04-02,0.060348,503.538488
2010-04-05,0.434366,505.725686
2010-04-06,0.089314,506.177371
2010-04-07,-0.271811,504.801523
2010-04-08,-0.227690,503.652139
2010-04-09,0.964502,508.509875
2010-04-12,0.401715,510.552633
2010-04-13,-0.324164,508.897602
2010-04-14,1.114768,514.570632
2010-04-15,0.194006,515.568931
2010-04-16,-1.550716,507.573921
2010-04-19,-0.571783,504.671701
2010-04-20,0.907008,509.249113
2010-04-21,-0.133850,508.567484
2010-04-22,-0.541561,505.813279
2010-04-23,0.536508,508.527007
2010-04-26,0.371312,510.415226
2010-04-27,-2.030044,500.053574
2010-04-28,-0.765199,496.227171
2010-04-29,1.154777,501.957490
2010-04-30,-0.597733,498.957126
2010-05-03,0.150823,499.709666
2010-05-04,-2.435241,487.540530
2010-05-05,-1.220471,481.590237
2010-05-06,-2.694840,468.612150
2010-05-07,-2.258417,458.028934
2010-05-10,4.837332,480.185315
2010-05-11,-0.724463,476.706552
2010-05-12,1.203134,482.441972
2010-05-13,-0.351032,480.748444
2010-05-14,-2.377870,469.316873
2010-05-17,-0.853372,465.311856
2010-05-18,-0.306940,463.883627
2010-05-19,-1.644627,456.254470
2010-05-20,-2.921949,442.922949
2010-05-21,0.885008,446.842853
2010-05-24,-0.675736,443.823374
2010-05-25,-1.786041,435.896508
2010-05-26,0.816012,439.453477
2010-05-27,2.945673,452.398341
2010-05-28,-0.165722,451.648618
2010-05-31,0.098141,452.091868
2010-06-01,-1.091210,447.158595
2010-06-02,0.845221,450.938073
2010-06-03,1.182391,456.269923
2010-06-04,-2.601826,444.398575
2010-06-07,-1.883400,436.028774
2010-06-08,0.369898,437.641636
2010-06-09,0.475298,439.721740
2010-06-10,2.244220,449.590063
2010-06-11,0.594714,452.263836
2010-06-14,1.047960,457.003380
2010-06-15,1.475155,463.744887
2010-06-16,0.299589,465.134216
2010-06-17,0.189482,466.015560
2010-06-18,0.277259,467.307632
2010-06-21,0.753724,470.829842
2010-06-22,-1.330395,464.565945
2010-06-23,-0.830526,460.707605
2010-06-24,-1.169987,455.317387
2010-06-25,-0.292025,453.987746
2010-06-28,0.321353,455.446650
2010-06-29,-3.136418,441.161938
2010-06-30,-0.643497,438.323072
2010-07-01,-0.553364,435.897548
2010-07-02,0.114919,436.398479
2010-07-05,-0.243929,435.333977
2010-07-06,1.761007,443.000240
2010-07-07,1.679904,450.442221
2010-07-08,1.221769,455.945584
2010-07-09,0.688983,459.086971
2010-07-12,0.008505,459.126016
2010-07-13,1.466552,465.859337
2010-07-14,0.380793,467.633296
2010-07-15,-0.050769,467.395884
2010-07-16,-1.925623,458.395599
2010-07-19,-0.097177,457.950143
2010-07-20,0.457453,460.045050
2010-07-21,-0.247710,458.905473
2010-07-22,1.856880,467.426798
2010-07-23,0.684026,470.624120
2010-07-26,1.011604,475.384972
2010-07-27,0.164493,476.166945
2010-07-28,-0.100334,475.689188
2010-07-29,-0.034773,475.523776
2010-07-30,-0.293592,474.127677
2010-08-02,2.405716,485.533843
2010-08-03,0.023088,485.645943
2010-08-04,0.023431,485.759735
2010-08-05,0.044296,485.974909
2010-08-06,-0.058467,485.690775
2010-08-09,0.514374,488.189040
2010-08-10,-1.140400,482.621735
2010-08-11,-2.683794,469.669163
2010-08-12,-0.598839,466.856601
2010-08-13,-0.133566,466.233040
2010-08-16,0.287375,467.572877
2010-08-17,1.123009,472.823761
2010-08-18,0.085041,473.225856
2010-08-19,-0.982038,468.578599
2010-08-20,-1.107643,463.388423
2010-08-23,-0.061269,463.104508
2010-08-24,-1.289558,457.132508
2010-08-25,-0.559405,454.575284
2010-08-26,0.332625,456.087316
2010-08-27,1.027379,460.773062
2010-08-30,-0.397719,458.940481
2010-08-31,-0.261057,457.742383
2010-09-01,2.753017,470.344110
2010-09-02,0.676153,473.524358
2010-09-03,1.071292,478.597186
2010-09-06,0.480579,480.897222
2010-09-07,-1.023132,475.977008
2010-09-08,0.381063,477.790779
2010-09-09,0.690236,481.088665
2010-09-10,0.229545,482.192979
2010-09-13,1.473430,489.297755
2010-09-14,0.301963,490.775253
2010-09-15,0.115695,491.343055
2010-09-16,-0.242992,490.149131
2010-09-17,-0.007793,490.110931
2010-09-20,1.273227,496.351155
2010-09-21,-0.154021,495.586669
2010-09-22,0.138688,496.273986
2010-09-23,-0.542605,493.581180
2010-09-24,1.544917,501.206599
2010-09-27,-0.070318,500.854162
2010-09-28,0.336612,502.540096
2010-09-29,0.110425,503.095024
2010-09-30,-0.278431,501.694253
2010-10-01,0.505375,504.229690
2010-10-04,-0.581347,501.298364
2010-10-05,1.809710,510.370412
2010-10-06,0.601899,513.442328
2010-10-07,0.025424,513.572866
2010-10-08,0.225299,514.729943
2010-10-11,0.133618,515.417713
2010-10-12,-0.294451,513.900061
2010-10-13,1.259695,520.373632
2010-10-14,0.401126,522.460984
2010-10-15,-0.246834,521.171372
2010-10-18,0.201828,522.223245
2010-10-19,-1.517729,514.297311
2010-10-20,0.983936,519.357669
2010-10-21,0.282332,520.823980
2010-10-22,-0.148496,520.050577
2010-10-25,0.601247,523.177366
2010-10-26,-0.396325,521.103883
2010-10-27,-0.905123,516.387251
2010-10-28,0.585076,519.408509
2010-10-29,0.099948,519.927648
2010-11-01,0.264393,521.302302
2010-11-02,0.794407,525.443565
2010-11-03,0.117481,526.060861
2010-11-04,2.300168,538.161144
2010-11-05,0.150738,538.972356
2010-11-08,-0.221717,537.777361
2010-11-09,-0.157839,536.928537
2010-11-10,-0.634818,533.520020
2010-11-11,-0.264610,532.108270
2010-11-12,-1.004777,526.761771
2010-11-15,-0.140390,526.022252
2010-11-16,-1.757327,516.778319
2010-11-17,0.083786,517.211310
2010-11-18,1.606232,525.518924
2010-11-19,0.100247,526.045742
2010-11-22,-0.244603,524.759017
2010-11-23,-1.743360,515.610576
2010-11-24,0.890677,520.203000
2010-11-25,0.158005,521.024945
2010-11-26,-1.155102,515.006574
2010-11-29,-0.669056,511.560893
2010-11-30,-0.583958,508.573590
2010-12-01,1.961764,518.550605
2010-12-02,1.678500,527.254475
2010-12-03,0.780092,531.367546
2010-12-06,-0.106224,530.803107
2010-12-07,0.372212,532.778821
2010-12-08,-0.367407,530.821353
2010-12-09,0.343982,532.647282
2010-12-10,0.344674,534.483180
2010-12-13,0.714371,538.301371
2010-12-14,0.238220,539.583714
2010-12-15,-0.648373,536.085201
2010-12-16,-0.072662,535.695672
2010-12-17,-0.104996,535.133215
2010-12-20,0.083719,535.581222
2010-12-21,0.957852,540.711299
2010-12-22,0.202468,541.806068
2010-12-23,0.008574,541.852523
2010-12-24,0.052038,542.134490
2010-12-27,-0.122442,541.470689
2010-12-28,0.196831,542.536472
2010-12-29,0.385898,544.630108
2010-12-30,-0.050126,544.357104
2010-12-31,0.295755,545.967070
2011-01-03,0.679620,549.677574
2011-01-04,0.109927,550.281819
2011-01-05,-0.318253,548.530532
2011-01-06,-0.155344,547.678421
2011-01-07,-0.244813,546.337631
2011-01-10,-0.518375,543.505553
2011-01-11,0.532568,546.400092
2011-01-12,1.336801,553.704374
2011-01-13,0.457756,556.238992
2011-01-14,0.207474,557.393042
2011-01-17,-0.159194,556.505704
2011-01-18,0.632018,560.022920
2011-01-19,-0.448590,557.510713
2011-01-20,-1.117015,551.283235
2011-01-21,0.421405,553.606371
2011-01-24,0.644738,557.175680
2011-01-25,-0.089984,556.674313
2011-01-26,0.581561,559.911712
2011-01-27,0.181366,560.927200
2011-01-28,-1.425741,552.929830
2011-01-31,0.312791,554.659347
2011-02-01,1.614582,563.614774
2011-02-02,0.234364,564.935684
2011-02-03,-0.203972,563.783375
2011-02-04,0.072908,564.194417
2011-02-07,0.492163,566.971172
2011-02-08,0.514472,569.888082
2011-02-09,-0.488760,567.102697
2011-02-10,-0.530416,564.094691
2011-02-11,0.234433,565.417116
2011-02-14,0.434492,567.873805
2011-02-15,-0.046167,567.611633
2011-02-16,0.562774,570.806005
2011-02-17,0.537368,573.873335
2011-02-18,0.306851,575.634271
2011-02-21,-0.304064,573.883977
2011-02-22,-1.492575,565.318327
2011-02-23,-0.594563,561.957153
2011-02-24,-0.258476,560.504627
2011-02-25,1.093353,566.632919
2011-02-28,0.777353,571.037657
2011-03-01,-0.639393,567.386480
2011-03-02,-0.160144,566.477847
2011-03-03,1.104032,572.731945
2011-03-04,-0.098172,572.169682
2011-03-07,-0.681088,568.272703
2011-03-08,0.194759,569.379463
2011-03-09,-0.068854,568.987424
2011-03-10,-1.918170,558.073276
2011-03-11,0.032588,558.255142
2011-03-14,-0.803091,553.771845
2011-03-15,-2.247330,541.326767
2011-03-16,-0.739422,537.324081
2011-03-17,1.283666,544.221527
2011-03-18,0.592145,547.444106
2011-03-21,1.510498,555.713236
2011-03-22,0.365986,557.747068
2011-03-23,0.086986,558.232232
2011-03-24,0.960527,563.594203
2011-03-25,0.233834,564.912077
2011-03-28,-0.336439,563.011495
2011-03-29,0.290229,564.645516
2011-03-30,1.006690,570.329744
2011-03-31,0.065840,570.705247
2011-04-01,0.601698,574.139167
2011-04-04,0.384520,576.346850
2011-04-05,-0.104496,575.744591
2011-04-06,0.456526,578.373015
2011-04-07,-0.239404,576.988369
2011-04-08,0.450356,579.586873
2011-04-11,-0.240397,578.193564
2011-04-12,-1.205167,571.225365
2011-04-13,0.421763,573.634580
2011-04-14,-0.158953,572.722772
2011-04-15,0.094425,573.263564
2011-04-18,-1.554312,564.353258
2011-04-19,0.552667,567.472251
2011-04-20,2.028868,578.985514
2011-04-21,0.839472,583.845935
2011-04-22,0.005471,583.877875
2011-04-25,-0.247620,582.432079
2011-04-26,0.589792,585.867217
2011-04-27,0.307414,587.668253
2011-04-28,0.845159,592.634983
2011-04-29,0.294909,594.382715
2011-05-02,0.256331,595.906299
2011-05-03,-0.765547,591.344354
2011-05-04,-0.861949,586.247265
2011-05-05,-1.081763,579.905461
2011-05-06,0.305082,581.674648
2011-05-09,-0.349659,579.640772
2011-05-10,0.870808,584.688331
2011-05-11,-0.527079,581.606564
2011-05-12,-0.588721,578.182525
2011-05-13,-0.514897,575.205479
2011-05-16,-0.484975,572.415876
2011-05-17,-0.496688,569.572755
2011-05-18,0.953179,575.001801
2011-05-19,0.225231,576.296885
2011-05-20,-0.559539,573.072279
2011-05-23,-1.762147,562.973902
2011-05-24,0.271097,564.500107
2011-05-25,0.224324,565.766414
2011-05-26,0.642151,569.399491
2011-05-27,0.936129,574.729806
2011-05-30,-0.004403,574.704498
2011-05-31,1.297602,582.161874
2011-06-01,-1.194485,575.208036
2011-06-02,-0.733397,570.989479
2011-06-03,-0.377356,568.834814
2011-06-06,-0.746527,564.588310
2011-06-07,0.191535,565.669695
2011-06-08,-0.735075,561.511597
2011-06-09,0.366300,563.568417
2011-06-10,-1.432830,555.493438
2011-06-13,-0.031020,555.321125
2011-06-14,1.284637,562.454984
2011-06-15,-1.522121,553.893740
2011-06-16,-0.933413,548.723622
2011-06-17,0.432112,551.094724
2011-06-20,0.009532,551.147254
2011-06-21,1.551521,559.698419
2011-06-22,-0.103972,559.116488
2011-06-23,-1.326732,551.698512
2011-06-24,-0.281062,550.147897
2011-06-27,0.390167,552.294393
2011-06-28,1.115308,558.454178
2011-06-29,1.328763,565.874712
2011-06-30,1.297161,573.215016
2011-07-01,0.952814,578.676689
2011-07-04,0.434940,581.193586
2011-07-05,-0.174606,580.178787
2011-07-06,-0.293929,578.473473
2011-07-07,0.755282,582.842577
2011-07-08,-0.629281,579.174857
2011-07-11,-2.062197,567.231132
2011-07-12,-0.751695,562.967283
2011-07-13,1.076218,569.026040
2011-07-14,-0.649557,565.329891
2011-07-15,0.156468,566.214452
2011-07-18,-1.213760,559.341968
2011-07-19,1.382390,567.074254
2011-07-20,0.602712,570.492080
2011-07-21,1.364438,578.276093
2011-07-22,0.442651,580.835839
2011-07-25,-0.554578,577.614651
2011-07-26,0.195855,578.745939
2011-07-27,-1.585413,569.570424
2011-07-28,-0.447477,567.021728
2011-07-29,-0.521019,564.067435
2011-08-01,-0.457443,561.487147
2011-08-02,-2.092654,549.737166
2011-08-03,-0.708869,545.840247
2011-08-04,-4.073328,523.606381
2011-08-05,-1.430597,516.115683
2011-08-08,-5.079254,489.900857
2011-08-09,2.138827,500.378987
2011-08-10,-2.373178,488.504102
2011-08-11,2.904387,502.692152
2011-08-12,1.067172,508.056743
2011-08-15,2.096360,518.707439
2011-08-16,-0.506739,516.078948
2011-08-17,0.378912,518.034434
2011-08-18,-4.165689,496.454730
2011-08-19,-1.560170,488.709191
2011-08-22,-0.077879,488.328591
2011-08-23,2.302933,499.574473
2011-08-24,0.718083,503.161834
2011-08-25,-1.099411,497.630018
2011-08-26,0.675518,500.991598
2011-08-29,2.487953,513.456031
2011-08-30,0.516118,516.106068
2011-08-31,1.354016,523.094230
2011-09-01,-0.503333,520.461322
2011-09-02,-2.210392,508.957087
2011-09-05,-2.006257,498.746100
2011-09-06,-0.890565,494.304441
2011-09-07,2.709281,507.696539
2011-09-08,-0.220237,506.578405
2011-09-09,-2.862836,492.075895
2011-09-12,-1.207471,486.134221
2011-09-13,0.860795,490.318842
2011-09-14,0.632904,493.422091
2011-09-15,2.013441,503.356855
2011-09-16,0.667333,506.715924
2011-09-19,-1.792648,497.632292
2011-09-20,0.432613,499.785117
2011-09-21,-2.001037,489.784229
2011-09-22,-4.484103,467.821799
2011-09-23,0.172220,468.627480
2011-09-26,1.013723,473.378066
2011-09-27,3.037904,487.758838
2011-09-28,-1.289317,481.470080
2011-09-29,0.615264,484.432394
2011-09-30,-2.174540,473.898218
2011-10-03,-2.712809,461.042266
2011-10-04,-0.333689,459.503816
2011-10-05,1.868887,468.091421
2011-10-06,2.624461,480.376299
2011-10-07,0.465325,482.611611
2011-10-10,2.568995,495.009879
2011-10-11,0.364160,496.812509
2011-10-12,1.440978,503.971469
2011-10-13,-0.379000,502.061416
2011-10-14,1.351725,508.847904
2011-10-17,-0.982189,503.850055
2011-10-18,0.206386,504.889928
2011-10-19,-0.075462,504.508929
2011-10-20,-0.939858,499.767261
2011-10-21,2.226451,510.894333
2011-10-24,1.688892,519.522785
2011-10-25,-1.080763,513.907972
2011-10-26,0.407287,516.001054
2011-10-27,4.110361,537.210560
2011-10-28,0.449308,539.624292
2011-10-31,-2.747359,524.798877
2011-11-01,-3.386730,507.025357
2011-11-02,1.214269,513.182010
2011-11-03,1.243435,519.563096
2011-11-04,-0.057141,519.266210
2011-11-07,0.177185,520.186271
2011-11-08,0.803086,524.363814
2011-11-09,-2.640354,510.518754
2011-11-10,-0.444472,508.249642
2011-11-11,2.193392,519.397550
2011-11-14,-0.701724,515.752814
2011-11-15,-0.335934,514.020227
2011-11-16,-0.980777,508.978834
2011-11-17,-1.307306,502.324925
2011-11-18,-0.627986,499.170394
2011-11-21,-2.318031,487.599469
2011-11-22,-0.288832,486.191128
2011-11-23,-2.213004,475.431698
2011-11-24,-0.197112,474.494563
2011-11-25,-0.309872,473.024238
2011-11-28,3.115654,487.762035
2011-11-29,0.686137,491.108753
2011-11-30,3.714406,509.350524
2011-12-01,0.412319,511.450671
2011-12-02,0.259041,512.775536
2011-12-05,0.932144,517.555341
2011-12-06,-0.579743,514.554848
2011-12-07,0.361015,516.412471
2011-12-08,-1.803493,507.099009
2011-12-09,0.755753,510.931427
2011-12-12,-1.468943,503.426135
2011-12-13,-0.806064,499.368200
2011-12-14,-1.702484,490.866534
2011-12-15,0.193231,491.815038
2011-12-16,0.382182,493.694668
2011-12-19,-1.059373,488.464599
2011-12-20,2.380030,500.090201
2011-12-21,0.236448,501.272654
2011-12-22,0.760608,505.085376
2011-12-23,0.766855,508.958649
2011-12-26,0.044134,509.183274
2011-12-27,0.013539,509.252214
2011-12-28,-1.280724,502.730098
2011-12-29,0.737007,506.435256
2011-12-30,0.407040,508.496648
2012-01-02,0.267386,509.856297
2012-01-03,1.798201,519.024538
2012-01-04,-0.201172,517.980407
2012-01-05,-0.546657,515.148831
2012-01-06,-0.447112,512.845537
2012-01-09,0.114306,513.431748
2012-01-10,1.353139,520.379194
2012-01-11,-0.231998,519.171924
2012-01-12,0.288480,520.669632
2012-01-13,-0.463174,518.258024
2012-01-16,0.094303,518.746758
2012-01-17,0.941178,523.629086
2012-01-18,0.882290,528.249011
2012-01-19,0.912570,533.069651
2012-01-20,0.235604,534.325586
2012-01-23,0.557851,537.306325
2012-01-24,-0.412009,535.092574
2012-01-25,0.481284,537.667892
2012-01-26,0.711621,541.494047
2012-01-27,-0.294309,539.900381
2012-01-30,-0.628605,536.506539
2012-01-31,0.316754,538.205943
2012-02-01,1.313361,545.274530
2012-02-02,0.345907,547.160670
2012-02-03,1.013731,552.707407
2012-02-06,-0.031018,552.535969
2012-02-07,0.346103,554.448312
2012-02-08,0.370734,556.503840
2012-02-09,0.219775,557.726894
2012-02-10,-1.227738,550.879468
2012-02-13,0.805343,555.315937
2012-02-14,-0.426586,552.947036
2012-02-15,0.241395,554.281825
2012-02-16,0.268928,555.772446
2012-02-17,0.706311,559.697930
2012-02-20,0.625887,563.201004
2012-02-21,-0.142323,562.399441
2012-02-22,-0.366898,560.336006
2012-02-23,0.303640,562.037409
2012-02-24,0.527481,565.002047
2012-02-27,-0.260620,563.529536
2012-02-28,0.492602,566.305494
2012-02-29,-0.132364,565.555910
2012-03-01,0.356554,567.572420
2012-03-02,-0.350199,565.584785
2012-03-05,-0.602826,562.175295
2012-03-06,-2.080630,550.478505
2012-03-07,0.349427,552.402027
2012-03-08,1.554987,560.991806
2012-03-09,0.195621,562.089225
2012-03-12,-0.264203,560.604166
2012-03-13,1.498016,569.002104
2012-03-14,-0.173815,568.013095
2012-03-15,0.566955,571.233472
2012-03-16,0.406325,573.554534
2012-03-19,0.293635,575.238693
2012-03-20,-0.725052,571.067916
2012-03-21,-0.303069,569.337188
2012-03-22,-0.615998,565.830083
2012-03-23,0.282796,567.430227
2012-03-26,1.045275,573.361434
2012-03-27,0.072662,573.778047
2012-03-28,-0.682990,569.859199
2012-03-29,-0.601058,566.434013
2012-03-30,0.557066,569.589426
2012-04-02,0.909387,574.769196
2012-04-03,-0.376556,572.604870
2012-04-04,-1.875448,561.865963
2012-04-05,-0.085894,561.383352
2012-04-06,-0.077530,560.948111
2012-04-09,-0.729067,556.858421
2012-04-10,-1.537000,548.299509
2012-04-11,0.511584,551.104521
2012-04-12,1.329151,558.429533
2012-04-13,-1.028853,552.684115
2012-04-16,-0.172663,551.729833
2012-04-17,1.390880,559.403733
2012-04-18,-0.161756,558.498865
2012-04-19,-0.409566,556.211442
2012-04-20,0.265461,557.687968
2012-04-23,-1.325757,550.294380
2012-04-24,0.566463,553.411596
2012-04-25,0.974699,558.805690
2012-04-26,0.605662,562.190164
2012-04-27,0.423975,564.573710
2012-04-30,-0.200184,563.443525
2012-05-01,0.197786,564.557939
2012-05-02,-0.294409,562.895829
2012-05-03,-0.532134,559.900470
2012-05-04,-1.425398,551.919658
2012-05-07,-0.406231,549.677590
2012-05-08,-0.819658,545.172116
2012-05-09,-0.820389,540.699582
2012-05-10,0.384018,542.775966
2012-05-11,-0.292407,541.188852
2012-05-14,-1.493489,533.106256
2012-05-15,-0.790537,528.891852
2012-05-16,-0.934076,523.951602
2012-05-17,-0.985354,518.788824
2012-05-18,-1.127391,512.940047
2012-05-21,1.091985,518.541275
2012-05-22,0.708930,522.217368
2012-05-23,-1.209432,515.901506
2012-05-24,0.391945,517.923556
2012-05-25,-0.198527,516.895337
2012-05-28,0.220039,518.032708
2012-05-29,1.019227,523.312637
2012-05-30,-1.615563,514.858190
2012-05-31,-0.277216,513.430921
2012-06-01,-1.995097,503.187477
2012-06-04,-0.290652,501.724953
2012-06-05,0.599677,504.733682
2012-06-06,2.192698,515.800965
2012-06-07,0.680190,519.309390
2012-06-08,-0.237782,518.074567
2012-06-11,-0.208277,516.995537
2012-06-12,0.554748,519.863560
2012-06-13,-0.014768,519.786787
2012-06-14,0.357732,521.646232
2012-06-15,1.077356,527.266221
2012-06-18,0.367638,529.204654
2012-06-19,1.230184,535.714843
2012-06-20,0.254177,537.076508
2012-06-21,-1.809616,527.357485
2012-06-22,-0.291092,525.822390
2012-06-25,-1.428448,518.311289
2012-06-26,0.200243,519.349169
2012-06-27,0.944810,524.256032
2012-06-28,-0.207717,523.167063
2012-06-29,3.034768,539.043968
2012-07-02,0.397298,541.185577
2012-07-03,0.988601,546.535744
2012-07-04,-0.074125,546.130622
2012-07-05,-0.552726,543.112016
2012-07-06,-1.021186,537.565831
2012-07-09,-0.504022,534.856381
2012-07-10,-0.397374,532.730999
2012-07-11,-0.015333,532.649318
2012-07-12,-1.054078,527.034778
2012-07-13,1.482831,534.849812
2012-07-16,-0.003352,534.831883
2012-07-17,0.360343,536.759112
2012-07-18,0.688423,540.454287
2012-07-19,0.761100,544.567687
2012-07-20,-1.210101,537.977869
2012-07-23,-1.696036,528.853572
2012-07-24,-0.699391,525.154820
2012-07-25,-0.127714,524.484124
2012-07-26,2.052582,535.249590
2012-07-27,1.930529,545.582737
2012-07-30,0.370895,547.606277
2012-07-31,-0.183499,546.601423
2012-08-01,-0.136506,545.855281
2012-08-02,-1.037430,540.192417
2012-08-03,1.858804,550.233535
2012-08-06,0.767120,554.454489
2012-08-07,0.597372,557.766644
2012-08-08,0.070556,558.160183
2012-08-09,0.252997,559.572310
2012-08-10,0.042276,559.808876
2012-08-13,-0.215250,558.603889
2012-08-14,0.155668,559.473455
2012-08-15,-0.047643,559.206906
2012-08-16,0.765748,563.489022
2012-08-17,0.118930,564.159179
2012-08-20,-0.036440,563.953597
2012-08-21,0.337818,565.858735
2012-08-22,-0.446768,563.330661
2012-08-23,-0.111884,562.700386
2012-08-24,-0.063291,562.344249
2012-08-27,-0.002237,562.331667
2012-08-28,-0.201774,561.197029
2012-08-29,-0.100454,560.633285
2012-08-30,-0.864463,555.786818
2012-08-31,0.535025,558.760415
2012-09-03,0.189508,559.819309
2012-09-04,-0.485078,557.103747
2012-09-05,-0.174893,556.129413
2012-09-06,1.838651,566.354690
2012-09-07,1.222899,573.280637
2012-09-10,-0.361355,571.209058
2012-09-11,0.404721,573.520861
2012-09-12,0.420451,575.932237
2012-09-13,0.902114,581.127799
2012-09-14,1.597178,590.409443
2012-09-17,-0.356498,588.304645
2012-09-18,-0.405030,585.921836
2012-09-19,0.321394,587.804954
2012-09-20,-0.587440,584.351951
2012-09-21,0.338894,586.332284
2012-09-24,-0.421564,583.860521
2012-09-25,-0.319875,581.992898
2012-09-26,-1.227288,574.850171
2012-09-27,0.825802,579.597295
2012-09-28,-0.518358,576.592906
2012-10-01,0.528002,579.637330
2012-10-02,0.063112,580.003151
2012-10-03,-0.075388,579.565897
2012-10-04,0.707731,583.667667
2012-10-05,0.431236,586.184654
2012-10-08,-0.675848,582.222934
2012-10-09,-0.867899,577.169827
2012-10-10,-0.602365,573.693158
2012-10-11,0.304767,575.441586
2012-10-12,-0.177053,574.422749
2012-10-15,0.434071,576.916150
2012-10-16,1.212016,583.908469
2012-10-17,0.786391,588.500273
2012-10-18,0.027258,588.660686
2012-10-19,-1.215966,581.502773
2012-10-22,-0.076033,581.060639
2012-10-23,-1.509163,572.291489
2012-10-24,-0.102160,571.706837
2012-10-25,0.329523,573.590742
2012-10-26,-0.276589,572.004256
2012-10-29,-0.224366,570.720871
2012-10-30,0.391214,572.953612
2012-10-31,-0.009676,572.898171
2012-11-01,0.842709,577.726035
2012-11-02,-0.427809,575.254471
2012-11-05,-0.203810,574.082047
2012-11-06,0.610856,577.588864
2012-11-07,-1.420795,569.382513
2012-11-08,-0.982648,563.787488
2012-11-09,-0.084008,563.313863
2012-11-12,-0.135566,562.550199
2012-11-13,-0.241332,561.192588
2012-11-14,-0.996903,555.598041
2012-11-15,-0.303588,553.911310
2012-11-16,-0.091007,553.407210
2012-11-19,2.036046,564.674838
2012-11-20,0.053883,564.979099
2012-11-21,0.235772,566.311161
2012-11-22,0.484282,569.053704
2012-11-23,1.109764,575.368855
2012-11-26,-0.155731,574.472826
2012-11-27,-0.198036,573.335162
2012-11-28,0.255891,574.802275
2012-11-29,0.895021,579.946879
2012-11-30,0.095526,580.500878
2012-12-03,-0.069054,580.100020
2012-12-04,-0.018785,579.991047
2012-12-05,0.237854,581.370576
2012-12-06,0.310864,583.177849
2012-12-07,0.147053,584.035429
2012-12-10,0.148684,584.903799
2012-12-11,0.595826,588.388809
2012-12-12,0.255850,589.894200
2012-12-13,-0.273093,588.283241
2012-12-14,-0.131893,587.507337
2012-12-17,0.609010,591.085316
2012-12-18,0.908116,596.453054
2012-12-19,0.151870,597.358890
2012-12-20,0.194735,598.522158
2012-12-21,-0.805126,593.703299
2012-12-24,-0.156807,592.772330
2012-12-25,0.066772,593.168134
2012-12-26,-0.164387,592.193043
2012-12-27,0.070798,592.612303
2012-12-28,-0.536750,589.431455
2012-12-31,0.763449,593.931466
2013-01-01,0.010424,593.993380
2013-01-02,2.161912,606.834996
2013-01-03,-0.132727,606.029560
2013-01-04,0.306271,607.885654
2013-01-07,-0.228093,606.499107
2013-01-08,-0.352353,604.362090
2013-01-09,0.352828,606.494451
2013-01-10,0.771224,611.171883
2013-01-11,0.175499,612.244482
2013-01-14,-0.016214,612.145215
2013-01-15,0.080377,612.637240
2013-01-16,-0.258995,611.050540
2013-01-17,0.481253,613.991241
2013-01-18,0.214833,615.310294
2013-01-21,0.061479,615.688578
2013-01-22,0.271125,617.357864
2013-01-23,-0.062809,616.970107
2013-01-24,0.154952,617.926117
2013-01-25,0.545177,621.294905
2013-01-28,-0.231723,619.855224
2013-01-29,0.575890,623.424908
2013-01-30,-0.080201,622.924916
2013-01-31,-0.234632,621.463332
2013-02-01,0.750329,626.126352
2013-02-04,-1.054588,619.523300
2013-02-05,0.286060,621.295509
2013-02-06,0.161807,622.300811
2013-02-07,-0.429274,619.629435
2013-02-08,0.549885,623.036687
2013-02-11,-0.316420,621.065277
2013-02-12,0.517006,624.276224
2013-02-13,0.111403,624.971685
2013-02-14,-0.119530,624.224659
2013-02-15,-0.276213,622.500470
2013-02-18,0.081633,623.008639
2013-02-19,0.710224,627.433397
2013-02-20,-0.537589,624.060384
2013-02-21,-1.278080,616.084391
2013-02-22,0.634041,619.990619
2013-02-25,-0.658593,615.907406
2013-02-26,-0.432711,613.242304
2013-02-27,0.904731,618.790500
2013-02-28,0.461716,621.647553
2013-03-01,-0.227223,620.235026
2013-03-04,0.068711,620.661195
2013-03-05,1.061617,627.250242
2013-03-06,0.268453,628.934114
2013-03-07,0.161968,629.952787
2013-03-08,0.335936,632.069022
2013-03-11,0.351248,634.289153
2013-03-12,-0.159888,633.274998
2013-03-13,-0.277161,631.519803
2013-03-14,0.622139,635.448731
2013-03-15,0.200533,636.723019
2013-03-18,-0.951201,630.666505
2013-03-19,-0.317709,628.662822
2013-03-20,0.500792,631.811116
2013-03-21,-0.504249,628.625213
2013-03-22,0.275629,630.357887
2013-03-25,-0.263008,628.699996
2013-03-26,0.463072,631.611327
2013-03-27,-0.110475,630.913554
2013-03-28,0.359228,633.179974
2013-03-29,0.020655,633.310754
2013-04-01,-0.433756,630.563729
2013-04-02,0.432277,633.289513
2013-04-03,-0.634602,629.270645
2013-04-04,-0.294862,627.415166
2013-04-05,-0.293108,625.576159
2013-04-08,0.474260,628.543015
2013-04-09,0.513546,631.770872
2013-04-10,1.304348,640.011362
2013-04-11,0.700312,644.493436
2013-04-12,-0.469714,641.466162
2013-04-15,-1.703836,630.536630
2013-04-16,0.544893,633.972380
2013-04-17,-1.187754,626.442346
2013-04-18,-0.473491,623.476198
2013-04-19,0.714229,627.929245
2013-04-22,0.318535,629.929420
2013-04-23,1.015957,636.329230
2013-04-24,0.541865,639.777275
2013-04-25,0.638176,643.860182
2013-04-26,-0.119090,643.093406
2013-04-29,0.734587,647.817485
2013-04-30,0.619252,651.829109
2013-05-01,-0.581611,648.038001
2013-05-02,0.206070,649.373416
2013-05-03,0.830654,654.767460
2013-05-06,0.022848,654.917061
2013-05-07,0.693292,659.457546
2013-05-08,0.828576,664.921651
2013-05-09,-0.421508,662.118956
2013-05-10,-0.097175,661.475545
2013-05-13,0.012282,661.556789
2013-05-14,0.586710,665.438210
2013-05-15,0.321578,667.578112
2013-05-16,-0.151766,666.564958
2013-05-17,0.296160,668.539055
2013-05-20,0.364430,670.975411
2013-05-21,0.139291,671.910021
2013-05-22,-0.431044,669.013792
2013-05-23,-1.375389,659.812247
2013-05-24,-0.021470,659.670584
2013-05-27,-0.163458,658.592298
2013-05-28,0.477939,661.739966
2013-05-29,-0.553842,658.074971
2013-05-30,0.116763,658.843356
2013-05-31,-1.252821,650.589228
2013-06-03,-0.064823,650.167494
2013-06-04,0.118644,650.938877
2013-06-05,-1.472649,641.352835
2013-06-06,0.177193,642.489266
2013-06-07,0.887288,648.189994
2013-06-10,0.091297,648.781770
2013-06-11,-0.799460,643.595016
2013-06-12,-0.316333,641.559112
2013-06-13,0.293992,643.445247
2013-06-14,0.097321,644.071456
2013-06-17,0.847220,649.528158
2013-06-18,0.325373,651.641547
2013-06-19,-0.562163,647.978258
2013-06-20,-3.512586,625.217466
2013-06-21,-0.262131,623.578579
2013-06-24,-1.459023,614.480424
2013-06-25,0.771919,619.223717
2013-06-26,1.043670,625.686372
2013-06-27,0.880427,631.195084
2013-06-28,0.101841,631.837900
2013-07-01,0.695481,636.232211
2013-07-02,-0.073358,635.765486
2013-07-03,-0.488974,632.656758
2013-07-04,0.593141,636.409304
2013-07-05,-0.000079,636.408800
2013-07-08,0.398711,638.946229
2013-07-09,0.751904,643.750489
2013-07-10,0.336002,645.913503
2013-07-11,1.740571,657.156084
2013-07-12,0.126503,657.987408
2013-07-15,0.237400,659.549473
2013-07-16,-0.011731,659.472100
2013-07-17,0.253272,661.142356
2013-07-18,0.442567,664.068351
2013-07-19,0.063151,664.487715
2013-07-22,0.460407,667.547062
2013-07-23,0.125946,668.387812
2013-07-24,-0.108137,667.665038
2013-07-25,-0.082663,667.113126
2013-07-26,-0.097252,666.464345
2013-07-29,-0.514578,663.034869
2013-07-30,0.089400,663.627621
2013-07-31,-0.201837,662.288177
2013-08-01,1.088051,669.494208
2013-08-02,0.538055,673.096456
2013-08-05,-0.177960,671.898615
2013-08-06,-0.252036,670.205186
2013-08-07,-0.568992,666.391774
2013-08-08,0.611765,670.468524
2013-08-09,0.014274,670.564225
2013-08-12,-0.089143,669.966462
2013-08-13,0.289261,671.904413
2013-08-14,0.051065,672.247521
2013-08-15,-1.174974,664.348791
2013-08-16,0.018728,664.473210
2013-08-19,-0.574302,660.657126
2013-08-20,-0.186978,659.421843
2013-08-21,-0.723871,654.648478
2013-08-22,0.467567,657.709401
2013-08-23,0.768630,662.764752
2013-08-26,-0.235138,661.206338
2013-08-27,-1.382997,652.061871
2013-08-28,-0.312320,650.025349
2013-08-29,0.204240,651.352960
2013-08-30,-0.396804,648.768367
2013-09-02,0.626514,652.832995
2013-09-03,0.248580,654.455806
2013-09-04,0.677345,658.888729
2013-09-05,0.204524,660.236314
2013-09-06,0.387051,662.791763
2013-09-09,1.019410,669.548327
2013-09-10,0.978092,676.097126
2013-09-11,0.400860,678.807330
2013-09-12,-0.163720,677.695985
2013-09-13,0.006757,677.741779
2013-09-16,0.915244,683.944773
2013-09-17,0.051433,684.296547
2013-09-18,0.807097,689.819481
2013-09-19,0.906889,696.075380
2013-09-20,-0.658978,691.488395
2013-09-23,-0.265297,689.653898
2013-09-24,-0.183253,688.390088
2013-09-25,-0.131368,687.485761
2013-09-26,0.187991,688.778172
2013-09-27,-0.126414,687.907462
2013-09-30,-0.781920,682.528573
2013-10-01,0.672493,687.118527
2013-10-02,-0.115776,686.323007
2013-10-03,-0.388352,683.657657
2013-10-04,0.302691,685.727025
2013-10-07,-0.669455,681.136389
2013-10-08,-0.704511,676.337711
2013-10-09,-0.221763,674.837843
2013-10-10,1.626901,685.816786
2013-10-11,0.759503,691.025585
2013-10-14,0.302650,693.116974
2013-10-15,-0.180448,691.866257
2013-10-16,0.711957,696.792045
2013-10-17,0.952588,703.429600
2013-10-18,0.736833,708.612702
2013-10-21,0.096174,709.294200
2013-10-22,0.638847,713.825505
2013-10-23,-0.614301,709.440472
2013-10-24,0.320347,711.713144
2013-10-25,-0.035135,711.463083
2013-10-28,0.202151,712.901313
2013-10-29,0.256307,714.728532
2013-10-30,-0.066004,714.256779
2013-10-31,-0.579963,710.114354
2013-11-01,-0.346097,707.656667
2013-11-04,0.324500,709.953009
2013-11-05,-0.352206,707.452512
2013-11-06,0.501386,710.999580
2013-11-07,-1.106423,703.132918
2013-11-08,0.287150,705.151967
2013-11-11,0.232112,706.788711
2013-11-12,-0.138188,705.812012
2013-11-13,0.072760,706.325563
2013-11-14,0.769067,711.757678
2013-11-15,0.628192,716.228879
2013-11-18,0.296086,718.349532
2013-11-19,-0.348582,715.845496
2013-11-20,-0.320574,713.550681
2013-11-21,0.115486,714.374732
2013-11-22,0.435280,717.484259
2013-11-25,0.047917,717.828056
2013-11-26,-0.147845,716.766781
2013-11-27,0.210397,718.274838
2013-11-28,0.259433,720.138284
2013-11-29,0.046232,720.471217
2013-12-02,-0.435190,717.335797
2013-12-03,-0.551688,713.378344
2013-12-04,-0.532016,709.583059
2013-12-05,-0.293961,707.497160
2013-12-06,0.814520,713.259868
2013-12-09,0.394042,716.070415
2013-12-10,-0.189225,714.715430
2013-12-11,-0.876096,708.453833
2013-12-12,-0.740441,703.208151
2013-12-13,-0.065898,702.744748
2013-12-16,0.595480,706.929451
2013-12-17,-0.301172,704.800374
2013-12-18,1.200498,713.261491
2013-12-19,0.242107,714.988350
2013-12-20,0.430597,718.067071
2013-12-23,0.648853,722.726267
2013-12-24,0.163400,723.907203
2013-12-25,-0.000911,723.900611
2013-12-26,0.347154,726.413664
2013-12-27,0.489507,729.969512
2013-12-30,0.159335,731.132606
2013-12-31,0.275755,733.148743
2014-01-01,0.001062,733.156528
2014-01-02,-0.970115,726.044068
2014-01-03,-0.071786,725.522870
2014-01-06,-0.340497,723.052484
2014-01-07,0.344652,725.544502
2014-01-08,0.169668,726.775520
2014-01-09,-0.313504,724.497048
2014-01-10,0.551588,728.493286
2014-01-13,-0.442325,725.270982
2014-01-14,0.322153,727.607462
2014-01-15,0.482715,731.119730
2014-01-16,-0.069085,730.614635
2014-01-17,-0.132596,729.645866
2014-01-20,-0.025308,729.461206
2014-01-21,0.129579,730.406434
2014-01-22,0.191111,731.802319
2014-01-23,-0.738414,726.398585
2014-01-24,-1.894167,712.639384
2014-01-27,-0.937711,705.956885
2014-01-28,0.392588,708.728390
2014-01-29,-0.382704,706.016058
2014-01-30,0.213599,707.524103
2014-01-31,-0.500067,703.986012
2014-02-03,-1.594073,692.763960
2014-02-04,-0.211778,691.296835
2014-02-05,0.143757,692.290623
2014-02-06,1.332853,701.517839
2014-02-07,1.160872,709.661564
2014-02-10,0.261253,711.515579
2014-02-11,1.089410,719.266898
2014-02-12,0.307908,721.481581
2014-02-13,0.226675,723.116997
2014-02-14,0.506438,726.779138
2014-02-17,0.270299,728.743613
2014-02-18,0.330473,731.151915
2014-02-19,-0.272507,729.159473
2014-02-20,-0.028509,728.951595
2014-02-21,0.308520,731.200556
2014-02-24,0.457245,734.543933
2014-02-25,0.032572,734.783192
2014-02-26,-0.222027,733.151777
2014-02-27,0.293665,735.304787
2014-02-28,0.413557,738.345692
2014-03-03,-1.226516,729.289765
2014-03-04,1.277424,738.605887
2014-03-05,0.118379,739.480243
2014-03-06,0.522495,743.343989
2014-03-07,-0.293309,741.163693
2014-03-10,-0.366590,738.446665
2014-03-11,-0.219980,736.822229
2014-03-12,-0.435030,733.616832
2014-03-13,-0.756804,728.064788
2014-03-14,-0.630993,723.470751
2014-03-17,0.766253,729.014371
2014-03-18,0.729382,734.331672
2014-03-19,-0.416394,731.273960
2014-03-20,-0.302168,729.064285
2014-03-21,0.006354,729.110609
2014-03-24,-0.294348,726.964488
2014-03-25,0.584815,731.215884
2014-03-26,0.042000,731.522996
2014-03-27,0.092184,732.197342
2014-03-28,0.580688,736.449124
2014-03-31,0.756722,742.021997
2014-04-01,0.597431,746.455067
2014-04-02,0.257649,748.378297
2014-04-03,-0.158760,747.190171
2014-04-04,-0.440946,743.895468
2014-04-07,-0.875186,737.385002
2014-04-08,0.336379,739.865408
2014-04-09,0.667541,744.804310
2014-04-10,-0.943242,737.779002
2014-04-11,-1.007976,730.342365
2014-04-14,0.311555,732.617781
2014-04-15,0.006816,732.667714
2014-04-16,1.018690,740.131323
2014-04-17,0.344814,742.683397
2014-04-18,0.070572,743.207525
2014-04-21,0.086047,743.847035
2014-04-22,0.501839,747.579946
2014-04-23,-0.178518,746.245381
2014-04-24,0.113322,747.091039
2014-04-25,-0.658843,742.168880
2014-04-28,0.108228,742.972116
2014-04-29,0.605889,747.473698
2014-04-30,0.268105,749.477716
2014-05-01,0.151410,750.612497
2014-05-02,0.029904,750.836963
2014-05-05,0.042650,751.157194
2014-05-06,-0.297027,748.926052
2014-05-07,0.075202,749.489260
2014-05-08,0.219649,751.135508
2014-05-09,-0.181382,749.773083
2014-05-12,0.735352,755.286555
2014-05-13,0.253812,757.203564
2014-05-14,-0.013391,757.102165
2014-05-15,-0.672990,752.006942
2014-05-16,0.120781,752.915226
2014-05-19,0.172533,754.214252
2014-05-20,-0.460262,750.742892
2014-05-21,0.489516,754.417900
2014-05-22,0.422400,757.604564
2014-05-23,0.320800,760.034958
2014-05-26,0.268897,762.078669
2014-05-27,0.150644,763.226696
2014-05-28,-0.005507,763.184664
2014-05-29,0.387743,766.143858
2014-05-30,-0.009813,766.068680
2014-06-02,0.143202,767.165702
2014-06-03,-0.001418,767.154826
2014-06-04,0.067894,767.675678
2014-06-05,0.455607,771.173260
2014-06-06,0.573603,775.596732
2014-06-09,0.123209,776.552336
2014-06-10,0.058825,777.009142
2014-06-11,-0.205948,775.408905
2014-06-12,-0.282370,773.219379
2014-06-13,0.032316,773.469256
2014-06-16,-0.032902,773.214767
2014-06-17,0.063586,773.706425
2014-06-18,0.486358,777.469409
2014-06-19,0.615253,782.252815
2014-06-20,-0.111198,781.382964
2014-06-23,-0.068304,780.849248
2014-06-24,-0.365689,777.993764
2014-06-25,-0.035796,777.715273
2014-06-26,0.030380,777.951546
2014-06-27,0.185978,779.398367
2014-06-30,0.183002,780.824680
2014-07-01,0.598090,785.494712
2014-07-02,0.222623,787.243405
2014-07-03,0.387435,790.293463
2014-07-04,-0.026190,790.086489
2014-07-07,-0.410809,786.840740
2014-07-08,-0.649700,781.728640
2014-07-09,0.194334,783.247803
2014-07-10,-0.571810,778.769115
2014-07-11,0.044617,779.116578
2014-07-14,0.627728,784.007311
2014-07-15,-0.253075,782.023183
2014-07-16,0.534609,786.203952
2014-07-17,-0.869441,779.368370
2014-07-18,0.479652,783.106625
2014-07-21,-0.211836,781.447722
2014-07-22,0.663901,786.635760
2014-07-23,0.206814,788.262630
2014-07-24,0.142781,789.388116
2014-07-25,-0.426833,786.018749
2014-07-28,0.007287,786.076027
2014-07-29,-0.186195,784.612395
2014-07-30,-0.212678,782.943694
2014-07-31,-1.450056,771.590574
2014-08-01,-0.502198,767.715660
2014-08-04,0.328427,770.237047
2014-08-05,-0.678443,765.011427
2014-08-06,-0.298677,762.726514
2014-08-07,-0.487249,759.010140
2014-08-08,0.250950,760.914878
2014-08-11,0.760025,766.698024
2014-08-12,-0.081354,766.074282
2014-08-13,0.602670,770.691183
2014-08-14,0.384314,773.653060
2014-08-15,-0.047013,773.289344
2014-08-18,0.711626,778.792275
2014-08-19,0.483978,782.561458
2014-08-20,0.070549,783.113545
2014-08-21,0.282839,785.328499
2014-08-22,-0.284173,783.096807
2014-08-25,0.503817,787.042180
2014-08-26,0.226359,788.823720
2014-08-27,0.160440,790.089311
2014-08-28,-0.380370,787.084050
2014-08-29,0.237295,788.951765
2014-09-01,0.012782,789.052611
2014-09-02,-0.090706,788.336895
2014-09-03,0.412555,791.589216
2014-09-04,-0.172827,790.221136
2014-09-05,0.070512,790.778338
2014-09-08,-0.325777,788.202161
2014-09-09,-0.639901,783.158451
2014-09-10,0.014660,783.273259
2014-09-11,0.021001,783.437751
2014-09-12,-0.463899,779.803389
2014-09-15,-0.189703,778.324076
2014-09-16,0.276332,780.474836
2014-09-17,0.233517,782.297376
2014-09-18,0.323878,784.831068
2014-09-19,-0.145948,783.685626
2014-09-22,-0.844955,777.063835
2014-09-23,-0.596587,772.427974
2014-09-24,0.416367,775.644106
2014-09-25,-1.163251,766.621419
2014-09-26,0.299324,768.916097
2014-09-29,-0.444437,765.498746
2014-09-30,-0.238598,763.672282
2014-10-01,-1.093039,755.325048
2014-10-02,-0.637262,750.511649
2014-10-03,0.444988,753.851335
2014-10-06,0.387395,756.771715
2014-10-07,-0.972546,749.411760
2014-10-08,0.533908,753.412930
2014-10-09,-0.984439,745.996043
2014-10-10,-1.609712,733.987658
2014-10-13,-0.693985,728.893894
2014-10-14,-0.151268,727.791308
2014-10-15,-0.957560,720.822267
2014-10-16,-0.278362,718.815771
2014-10-17,1.243727,727.755880
2014-10-20,0.744041,733.170682
2014-10-21,1.377999,743.273766
2014-10-22,-0.147749,742.175588
2014-10-23,0.643682,746.952836
2014-10-24,0.454940,750.351026
2014-10-27,-0.127386,749.395182
2014-10-28,1.112621,757.733113
2014-10-29,0.236265,759.523369
2014-10-30,0.186499,760.939876
2014-10-31,1.088536,769.222984
2014-11-03,-0.528676,765.156287
2014-11-04,-0.079066,764.551307
2014-11-05,0.360947,767.310935
2014-11-06,0.005629,767.354128
2014-11-07,-0.044284,767.014310
2014-11-10,0.514085,770.957415
2014-11-11,0.077933,771.558244
2014-11-12,-0.049931,771.172996
2014-11-13,0.041825,771.495541
2014-11-14,0.036609,771.777978
2014-11-17,-0.165134,770.503514
2014-11-18,0.734973,776.166508
2014-11-19,-0.164422,774.890318
2014-11-20,0.050105,775.278574
2014-11-21,0.770129,781.249220
2014-11-24,0.222913,782.990729
2014-11-25,0.125080,783.970095
2014-11-26,0.311053,786.408661
2014-11-27,-0.160420,785.147106
2014-11-28,-0.347490,782.418798
2014-12-01,-0.696196,776.971630
2014-12-02,0.314199,779.412864
2014-12-03,0.221097,781.136125
2014-12-04,-0.145734,779.997748
2014-12-05,0.086755,780.674439
2014-12-08,-0.704781,775.172392
2014-12-09,-0.354085,772.427621
2014-12-10,-1.293227,762.438380
2014-12-11,-0.085395,761.787294
2014-12-12,-1.348686,751.513171
2014-12-15,-1.247105,742.141011
2014-12-16,-0.103373,741.373835
2014-12-17,1.014436,748.894597
2014-12-18,2.014752,763.982969
2014-12-19,0.668705,769.091764
2014-12-22,0.474660,772.742333
2014-12-23,-0.011227,772.655578
2014-12-24,0.105612,773.471596
2014-12-25,-0.027641,773.257802
2014-12-26,0.218305,774.945864
2014-12-29,0.221650,776.663534
2014-12-30,-0.591495,772.069612
2014-12-31,-0.572819,767.647049
2015-01-01,0.000143,767.648144
2015-01-02,-0.275302,765.534796
2015-01-05,-1.897197,751.011091
2015-01-06,-0.970691,743.721091
2015-01-07,0.512561,747.533113
2015-01-08,1.920337,761.888268
2015-01-09,-0.520371,757.923623
2015-01-12,-0.439902,754.589504
2015-01-13,0.133122,755.594028
2015-01-14,-0.727206,750.099304
2015-01-15,-0.105802,749.305684
2015-01-16,0.656869,754.227637
2015-01-19,0.305932,756.535062
2015-01-20,0.234129,758.306327
2015-01-21,0.693504,763.565211
2015-01-22,0.937768,770.725684
2015-01-23,-0.063518,770.236135
2015-01-26,0.229735,772.005639
2015-01-27,-0.350328,769.301087
2015-01-28,-0.900970,762.369912
2015-01-29,0.124719,763.320734
2015-01-30,-0.983079,755.816684
2015-02-02,0.925160,762.809201
2015-02-03,1.242333,772.285828
2015-02-04,0.056920,772.725415
2015-02-05,0.678535,777.968626
2015-02-06,-0.384713,774.975679
2015-02-09,-0.387783,771.970456
2015-02-10,0.545721,776.183264
2015-02-11,-0.256880,774.189406
2015-02-12,1.156655,783.144105
2015-02-13,0.734422,788.895685
2015-02-16,0.011183,788.983906
2015-02-17,0.100993,789.780724
2015-02-18,0.241997,791.691970
2015-02-19,0.111562,792.575197
2015-02-20,0.370817,795.514201
2015-02-23,0.107660,796.370655
2015-02-24,0.284444,798.635886
2015-02-25,0.165191,799.955164
2015-02-26,-0.122354,798.976389
2015-02-27,-0.092187,798.239834
2015-03-02,0.177280,799.654951
2015-03-03,-0.408968,796.384614
2015-03-04,-0.480121,792.561007
2015-03-05,0.160779,793.835275
2015-03-06,-1.133520,784.836991
2015-03-09,-0.128535,783.828204
2015-03-10,-1.668293,770.751656
2015-03-11,-0.083769,770.106009
2015-03-12,1.019244,777.955269
2015-03-13,-0.551792,773.662578
2015-03-16,1.074503,781.975605
2015-03-17,-0.086941,781.295749
2015-03-18,0.991292,789.040674
2015-03-19,-0.042156,788.708049
2015-03-20,1.251029,798.575015
2015-03-23,0.245903,800.538738
2015-03-24,-0.245503,798.573390
2015-03-25,-0.824800,791.986754
2015-03-26,-0.723755,786.254709
2015-03-27,0.028641,786.479899
2015-03-30,0.764241,792.490504
2015-03-31,-0.775030,786.348463
2015-04-01,-0.039448,786.038264
2015-04-02,0.700530,791.544700
2015-04-03,0.062347,792.038205
2015-04-06,0.851913,798.785684
2015-04-07,0.002237,798.803557
2015-04-08,0.287947,801.103690
2015-04-09,0.359867,803.986601
2015-04-10,0.450130,807.605589
2015-04-13,-0.292521,805.243174
2015-04-14,0.343789,808.011508
2015-04-15,0.205635,809.673064
2015-04-16,0.307933,812.166315
2015-04-17,-0.967951,804.304939
2015-04-20,0.440255,807.845935
2015-04-21,0.239393,809.779862
2015-04-22,0.300930,812.216734
2015-04-23,0.368431,815.209193
2015-04-24,0.455149,818.919607
2015-04-27,0.143200,820.092300
2015-04-28,0.112622,821.015909
2015-04-29,-0.437263,817.425913
2015-04-30,-0.963451,809.550411
2015-05-01,0.433270,813.057953
2015-05-04,0.214792,814.804335
2015-05-05,-0.855372,807.834723
2015-05-06,-0.083092,807.163479
2015-05-07,-0.306215,804.691821
2015-05-08,1.405349,816.000547
2015-05-11,-0.232786,814.101010
2015-05-12,-0.266478,811.931612
2015-05-13,0.329212,814.604590
2015-05-14,0.718204,820.455114
2015-05-15,0.272803,822.693336
2015-05-18,0.078652,823.340404
2015-05-19,-0.232234,821.428329
2015-05-20,-0.024638,821.225947
2015-05-21,0.323567,823.883163
2015-05-22,-0.297196,821.434620
2015-05-25,-0.006732,821.379318
2015-05-26,-1.207116,811.464314
2015-05-27,0.559984,816.008381
2015-05-28,-0.190193,814.456390
2015-05-29,-0.654869,809.122769
2015-06-01,-0.055734,808.671817
2015-06-02,0.181251,810.137544
2015-06-03,0.347937,812.956311
2015-06-04,-0.790877,806.526831
2015-06-05,-0.815243,799.951675
2015-06-08,-0.456862,796.297000
2015-06-09,-0.090067,795.579801
2015-06-10,1.361901,806.414807
2015-06-11,0.152782,807.646861
2015-06-12,-0.433332,804.147069
2015-06-15,-0.754191,798.082269
2015-06-16,0.283290,800.343155
2015-06-17,-0.033250,800.077044
2015-06-18,1.040691,808.403372
2015-06-19,-0.319749,805.818514
2015-06-22,1.214971,815.608972
2015-06-23,0.045398,815.979240
2015-06-24,-0.481160,812.053077
2015-06-25,-0.250369,810.019951
2015-06-26,-0.319429,807.432508
2015-06-29,-2.149346,790.077994
2015-06-30,0.044891,790.432664
2015-07-01,0.607287,795.232862
2015-07-02,0.008480,795.300300
2015-07-03,-0.215698,793.584855
2015-07-06,-0.992349,785.709726
2015-07-07,-0.378150,782.738566
2015-07-08,-1.207905,773.283829
2015-07-09,0.731319,778.939001
2015-07-10,1.496978,790.599544
2015-07-13,0.910173,797.795371
2015-07-14,0.527489,802.003651
2015-07-15,-0.083574,801.333388
2015-07-16,0.747034,807.319617
2015-07-17,-0.054633,806.878551
2015-07-20,0.003519,806.906942
2015-07-21,-0.169161,805.541971
2015-07-22,-0.655448,800.262060
2015-07-23,-0.267349,798.122567
2015-07-24,-1.024133,789.948731
2015-07-27,-0.807448,783.570305
2015-07-28,0.687307,788.955841
2015-07-29,0.811909,795.361444
2015-07-30,-0.105539,794.522024
2015-07-31,0.385499,797.584901
2015-08-03,-0.340500,794.869126
2015-08-04,-0.091033,794.145535
2015-08-05,0.206394,795.784603
2015-08-06,-0.563851,791.297565
2015-08-07,-0.268409,789.173650
2015-08-10,1.029215,797.295947
2015-08-11,-0.958767,789.651736
2015-08-12,-0.538981,785.395663
2015-08-13,0.035135,785.671614
2015-08-14,0.118803,786.605015
2015-08-17,0.180473,788.024622
2015-08-18,-0.306912,785.606078
2015-08-19,-1.025767,777.547588
2015-08-20,-1.615993,764.982470
2015-08-21,-2.664132,744.602331
2015-08-24,-3.838689,716.019365
2015-08-25,-0.110754,715.226344
2015-08-26,1.855144,728.494822
2015-08-27,2.227231,744.720085
2015-08-28,0.504378,748.476290
2015-08-31,-0.700507,743.233158
2015-09-01,-2.658640,723.473262
2015-09-02,0.802355,729.278089
2015-09-03,0.473428,732.730693
2015-09-04,-1.665740,720.525302
2015-09-07,0.048143,720.872183
2015-09-08,1.768834,733.623217
2015-09-09,0.301379,735.834206
2015-09-10,-0.202392,734.344937
2015-09-11,0.086330,734.978899
2015-09-14,-0.305193,732.735794
2015-09-15,0.757032,738.282840
2015-09-16,1.287256,747.786430
2015-09-17,0.014779,747.896943
2015-09-18,-1.179345,739.076657
2015-09-21,-0.261664,737.142762
2015-09-22,-1.645050,725.016396
2015-09-23,-0.425180,721.933769
2015-09-24,-0.596534,717.627187
2015-09-25,0.459974,720.928082
2015-09-28,-1.972760,706.705903
2015-09-29,-0.616250,702.350830
2015-09-30,2.033837,716.635503
2015-10-01,0.419434,719.641316
2015-10-02,1.176949,728.111129
2015-10-05,1.919505,742.087262
2015-10-06,0.281982,744.179815
2015-10-07,0.966733,751.374050
2015-10-08,0.527739,755.339347
2015-10-09,0.681976,760.490581
2015-10-12,0.101737,761.264284
2015-10-13,-0.834722,754.909843
2015-10-14,-0.490715,751.205390
2015-10-15,1.421825,761.886214
2015-10-16,0.426248,765.133736
2015-10-19,-0.170548,763.828819
2015-10-20,-0.158744,762.616289
2015-10-21,-0.304795,760.291875
2015-10-22,0.889495,767.054631
2015-10-23,1.042025,775.047534
2015-10-26,-0.095719,774.305667
2015-10-27,-0.517777,770.296491
2015-10-28,0.930082,777.460878
2015-10-29,-0.542358,773.244261
2015-10-30,-0.022431,773.070817
2015-11-02,0.525041,777.129754
2015-11-03,0.238312,778.981747
2015-11-04,-0.083560,778.330833
2015-11-05,-0.186524,776.879059
2015-11-06,-0.456910,773.329418
2015-11-09,-0.762867,767.429945
2015-11-10,-0.159625,766.204937
2015-11-11,0.079109,766.811078
2015-11-12,-1.058753,758.692445
2015-11-13,-1.074153,750.542924
2015-11-16,0.640797,755.352382
2015-11-17,0.606247,759.931683
2015-11-18,0.824032,766.193763
2015-11-19,0.656530,771.224058
2015-11-20,0.202712,772.787419
2015-11-23,-0.316069,770.344873
2015-11-24,-0.115819,769.452664
2015-11-25,0.097199,770.200563
2015-11-26,0.346838,772.871913
2015-11-27,-0.309762,770.477849
2015-11-30,-0.447314,767.031395
2015-12-01,0.977362,774.528069
2015-12-02,-0.764032,768.610426
2015-12-03,-0.984542,761.043133
2015-12-04,0.806349,767.179796
2015-12-07,-0.485025,763.458786
2015-12-08,-0.993405,755.874549
2015-12-09,-0.338919,753.312750
2015-12-10,-0.093622,752.607485
2015-12-11,-1.593271,740.616407
2015-12-14,-0.330637,738.167654
2015-12-15,0.901845,744.824784
2015-12-16,1.349238,754.874246
2015-12-17,-0.621638,750.181658
2015-12-18,-1.277178,740.600506
2015-12-21,0.318336,742.958104
2015-12-22,0.665030,747.898995
2015-12-23,1.277887,757.456300
2015-12-24,0.148238,758.579140
2015-12-25,-0.034954,758.313989
2015-12-28,-0.194375,756.840014
2015-12-29,0.855352,763.313661
2015-12-30,-0.585630,758.843467
2015-12-31,-0.701368,753.521185
2016-01-01,0.000896,753.527939
2016-01-04,-2.041899,738.141659
2016-01-05,-0.004757,738.106544
2016-01-06,-1.223188,729.078111
2016-01-07,-2.161703,713.317607
2016-01-08,-0.836494,707.350751
2016-01-11,-0.440416,704.235468
2016-01-12,0.238904,705.917911
2016-01-13,-0.921189,699.415071
2016-01-14,0.197191,700.794257
2016-01-15,-1.820177,688.038564
2016-01-18,-0.490324,684.664948
2016-01-19,0.532619,688.311601
2016-01-20,-1.991631,674.602974
2016-01-21,0.320519,676.765206
2016-01-22,2.658637,694.757939
2016-01-25,-0.850141,688.851514
2016-01-26,0.766457,694.131264
2016-01-27,-0.140680,693.154759
2016-01-28,0.167107,694.313070
2016-01-29,2.007723,708.252953
2016-02-01,0.267550,710.147881
2016-02-02,-1.773216,697.555422
2016-02-03,0.038862,697.826506
2016-02-04,0.721674,702.862539
2016-02-05,-1.453086,692.649341
2016-02-08,-1.566384,681.799793
2016-02-09,-0.647535,677.384897
2016-02-10,-0.079759,676.844620
2016-02-11,-1.299629,668.048152
2016-02-12,1.058910,675.122178
2016-02-15,1.276570,683.740585
2016-02-16,1.044645,690.883244
2016-02-17,1.514594,701.347320
2016-02-18,0.121308,702.198109
2016-02-19,-0.369786,699.601480
2016-02-22,1.279192,708.550726
2016-02-23,-1.058507,701.050667
2016-02-24,-0.453829,697.869098
2016-02-25,1.158196,705.951791
2016-02-26,0.101645,706.669358
2016-02-29,-0.409520,703.775409
2016-03-01,1.811548,716.524635
2016-03-02,0.955020,723.367587
2016-03-03,0.756116,728.837085
2016-03-04,0.690327,733.868442
2016-03-07,0.036263,734.134562
2016-03-08,-0.857917,727.836296
2016-03-09,0.277478,729.855879
2016-03-10,-0.024671,729.675813
2016-03-11,1.784437,742.696418
2016-03-14,0.110283,743.515486
2016-03-15,-0.617082,738.927388
2016-03-16,0.142118,739.977538
2016-03-17,1.532963,751.321122
2016-03-18,0.272263,753.366689
2016-03-21,-0.062801,752.893569
2016-03-22,0.021385,753.054575
2016-03-23,-0.772950,747.233838
2016-03-24,-0.587334,742.845079
2016-03-25,0.067054,743.343186
2016-03-28,0.226987,745.030475
2016-03-29,0.566615,749.251928
2016-03-30,1.178710,758.083437
2016-03-31,-0.219966,756.415914
2016-04-01,-0.550146,752.254525
2016-04-04,0.054838,752.667048
2016-04-05,-1.384605,742.245579
2016-04-06,0.803644,748.210592
2016-04-07,-0.617461,743.590683
2016-04-08,0.684159,748.678028
2016-04-11,0.107934,749.486107
2016-04-12,0.752923,755.129157
2016-04-13,1.373975,765.504441
2016-04-14,0.342699,768.127817
2016-04-15,-0.061354,767.656541
2016-04-18,0.230282,769.424317
2016-04-19,1.055367,777.544565
2016-04-20,0.077424,778.146574
2016-04-21,-0.181702,776.732669
2016-04-22,-0.321737,774.233636
2016-04-25,-0.253077,772.274226
2016-04-26,0.214133,773.927921
2016-04-27,0.036760,774.212418
2016-04-28,-0.417110,770.983098
2016-04-29,-0.383283,768.028054
2016-05-02,0.225503,769.759979
2016-05-03,-1.078887,761.455135
2016-05-04,-0.865702,754.863203
2016-05-05,-0.164757,753.619509
2016-05-06,0.077267,754.201806
2016-05-09,-0.062095,753.733487
2016-05-10,1.156498,762.450402
2016-05-11,-0.440333,759.093079
2016-05-12,-0.168894,757.811017
2016-05-13,-0.876226,751.170879
2016-05-16,0.725350,756.619500
2016-05-17,-0.291587,754.413299
2016-05-18,-0.104163,753.627476
2016-05-19,-0.869848,747.072063
2016-05-20,0.733215,752.549708
2016-05-23,-0.163286,751.320897
2016-05-24,1.027468,759.040482
2016-05-25,0.945532,766.217449
2016-05-26,0.230412,767.982908
2016-05-27,0.293784,770.239116
2016-05-30,0.038812,770.538064
2016-05-31,-0.115683,769.646682
2016-06-01,-0.085369,768.989640
2016-06-02,0.099563,769.755272
2016-06-03,0.346875,772.425364
2016-06-06,0.516651,776.416108
2016-06-07,0.582406,780.937998
2016-06-08,0.360408,783.752558
2016-06-09,-0.609869,778.972692
2016-06-10,-1.403528,768.039591
2016-06-13,-1.216720,758.694701
2016-06-14,-0.905027,751.828310
2016-06-15,0.255621,753.750142
2016-06-16,-0.400910,750.728281
2016-06-17,0.509267,754.551493
2016-06-20,1.755771,767.799692
2016-06-21,0.312120,770.196150
2016-06-22,0.015673,770.316866
2016-06-23,1.364188,780.825438
2016-06-24,-4.761711,743.644789
2016-06-27,-2.190546,727.354907
2016-06-28,1.729426,739.933974
2016-06-29,2.218131,756.346679
2016-06-30,1.196002,765.392600
2016-07-01,0.457366,768.893243
2016-07-04,0.088229,769.571633
2016-07-05,-0.965860,762.138649
2016-07-06,-0.395316,759.125797
2016-07-07,0.283014,761.274233
2016-07-08,1.025614,769.081966
2016-07-11,0.977573,776.600303
2016-07-12,0.870729,783.362390
2016-07-13,0.230883,785.171037
2016-07-14,0.587831,789.786516
2016-07-15,-0.111169,788.908522
2016-07-18,0.207436,790.545002
2016-07-19,-0.290983,788.244646
2016-07-20,0.491436,792.118363
2016-07-21,-0.091463,791.393869
2016-07-22,0.061860,791.883427
2016-07-25,-0.159578,790.619758
2016-07-26,0.130675,791.652903
2016-07-27,0.066306,792.177814
2016-07-28,0.090647,792.895902
2016-07-29,0.720528,798.608940
2016-08-01,-0.103186,797.784890
2016-08-02,-0.644454,792.643530
2016-08-03,-0.247821,790.679194
2016-08-04,0.345303,793.409432
2016-08-05,0.589647,798.087744
2016-08-08,0.295799,800.448483
2016-08-09,0.500940,804.458252
2016-08-10,0.005745,804.504468
2016-08-11,0.527638,808.749337
2016-08-12,0.054503,809.190134
2016-08-15,0.252110,811.230181
2016-08-16,-0.428099,807.757311
2016-08-17,-0.013183,807.650826
2016-08-18,0.358359,810.545117
2016-08-19,-0.319122,807.958490
2016-08-22,-0.031484,807.704116
2016-08-23,0.336671,810.423421
2016-08-24,-0.487539,806.472294
2016-08-25,-0.179613,805.023768
2016-08-26,-0.020650,804.857534
2016-08-29,-0.076102,804.245020
2016-08-30,-0.054795,803.804336
2016-08-31,-0.263825,801.683699
2016-09-01,0.185800,803.173231
2016-09-02,0.684409,808.670218
2016-09-05,0.264846,810.811946
2016-09-06,0.606089,815.726190
2016-09-07,0.128198,816.771937
2016-09-08,-0.131884,815.694741
2016-09-09,-2.072353,798.790671
2016-09-12,0.167682,800.130100
2016-09-13,-1.110454,791.245019
2016-09-14,-0.125419,790.252651
2016-09-15,0.705875,795.830847
2016-09-16,-0.488181,791.945755
2016-09-19,0.512320,796.003053
2016-09-20,0.023949,796.193686
2016-09-21,1.053550,804.581987
2016-09-22,1.167514,813.975590
2016-09-23,-0.594694,809.134928
2016-09-26,-0.902548,801.832094
2016-09-27,0.336829,804.532896
2016-09-28,0.398472,807.738735
2016-09-29,-0.284526,805.440506
2016-09-30,0.186796,806.945033
2016-10-03,-0.039293,806.627960
2016-10-04,-0.204812,804.975890
2016-10-05,0.191570,806.517979
2016-10-06,-0.114331,805.595883
2016-10-07,-0.335378,802.894094
2016-10-10,0.405033,806.146080
2016-10-11,-1.138574,796.967509
2016-10-12,-0.277818,794.753389
2016-10-13,-0.456696,791.123778
2016-10-14,0.294766,793.455741
2016-10-17,-0.335382,790.794636
2016-10-18,0.870045,797.674905
2016-10-19,0.361089,800.555221
2016-10-20,-0.129166,799.521172
2016-10-21,-0.175052,798.121597
2016-10-24,0.357385,800.973963
2016-10-25,-0.262482,798.871550
2016-10-26,-0.160046,797.592991
2016-10-27,-0.330624,794.955960
2016-10-28,-0.210045,793.286199
2016-10-31,0.019623,793.441867
2016-11-01,-0.394967,790.308033
2016-11-02,-0.733718,784.509398
2016-11-03,-0.351989,781.748011
2016-11-04,-0.420939,778.457332
2016-11-07,1.550866,790.530162
2016-11-08,0.445757,794.054008
2016-11-09,-0.023598,793.866625
2016-11-10,0.219532,795.609418
2016-11-11,-0.553076,791.209094
2016-11-14,-0.351918,788.424690
2016-11-15,0.551661,792.774122
2016-11-16,-0.092023,792.044591
2016-11-17,0.457241,795.666141
2016-11-18,-0.528845,791.458304
2016-11-21,0.730983,797.243730
2016-11-22,0.262940,799.340006
2016-11-23,-0.190669,797.815912
2016-11-24,0.144976,798.972554
2016-11-25,0.443130,802.513041
2016-11-28,-0.308530,800.037051
2016-11-29,0.084137,800.710179
2016-11-30,-0.106097,799.860653
2016-12-01,-0.230687,798.015475
2016-12-02,-0.049668,797.619116
2016-12-05,0.497375,801.586275
2016-12-06,0.601156,806.405056
2016-12-07,1.200120,816.082885
2016-12-08,0.335538,818.821153
2016-12-09,0.348658,821.676039
2016-12-12,-0.057828,821.200881
2016-12-13,0.769579,827.520672
2016-12-14,-0.568262,822.818186
2016-12-15,-0.633949,817.601940
2016-12-16,-0.013539,817.491246
2016-12-19,0.148502,818.705235
2016-12-20,0.143559,819.880561
2016-12-21,-0.063570,819.359366
2016-12-22,-0.207645,817.658007
2016-12-23,0.063518,818.177365
2016-12-26,-0.023565,817.984565
2016-12-27,0.135348,819.091694
2016-12-28,-0.386584,815.925217
2016-12-29,0.227728,817.783305
2016-12-30,-0.039852,817.457401
2017-01-02,0.091151,818.202521
2017-01-03,0.331473,820.914638
2017-01-04,0.861763,827.988975
2017-01-05,0.553399,832.571062
2017-01-06,0.042795,832.927357
2017-01-09,-0.340600,830.090405
2017-01-10,0.224128,831.950874
2017-01-11,-0.055652,831.487879
2017-01-12,0.384769,834.687185
2017-01-13,0.232266,836.625880
2017-01-16,-0.304458,834.078704
2017-01-17,0.023937,834.278355
2017-01-18,0.186585,835.834993
2017-01-19,-0.520730,831.482553
2017-01-20,0.323390,834.171482
2017-01-23,0.045256,834.548995
2017-01-24,0.538289,839.041284
2017-01-25,0.801775,845.768511
2017-01-26,-0.046668,845.373810
2017-01-27,-0.023047,845.178975
2017-01-30,-0.586808,840.219396
2017-01-31,-0.027969,839.984393
2017-02-01,0.105738,840.872573
2017-02-02,0.123152,841.908122
2017-02-03,0.564976,846.664704
2017-02-06,-0.310749,844.033704
2017-02-07,-0.078337,843.372509
2017-02-08,0.285224,845.778006
2017-02-09,0.319703,848.481986
2017-02-10,0.410580,851.965687
2017-02-13,0.502177,856.244059
2017-02-14,0.012913,856.354623
2017-02-15,0.583381,861.350433
2017-02-16,0.219270,863.239118
2017-02-17,-0.076225,862.581117
2017-02-20,0.068925,863.175654
2017-02-21,0.332383,866.044704
2017-02-22,0.041278,866.402188
2017-02-23,0.186272,868.016056
2017-02-24,-0.301340,865.400376
2017-02-27,0.009722,865.484506
2017-02-28,-0.180503,863.922279
2017-03-01,0.896668,871.668795
2017-03-02,-0.359137,868.538308
2017-03-03,-0.051828,868.088165
2017-03-06,-0.116660,867.075452
2017-03-07,-0.219416,865.172948
2017-03-08,-0.282578,862.728155
2017-03-09,-0.070204,862.122487
2017-03-10,0.524477,866.644121
2017-03-13,0.361735,869.779074
2017-03-14,-0.318924,867.005141
2017-03-15,0.587319,872.097224
2017-03-16,0.731164,878.473683
2017-03-17,-0.014331,878.347793
2017-03-20,-0.037763,878.016098
2017-03-21,-0.661105,872.211490
2017-03-22,-0.245842,870.067231
2017-03-23,0.128242,871.183026
2017-03-24,0.059556,871.701866
2017-03-27,-0.067486,871.113588
2017-03-28,0.715957,877.350389
2017-03-29,0.006776,877.409835
2017-03-30,0.146520,878.695416
2017-03-31,-0.412967,875.066692
2017-04-03,-0.144510,873.802137
2017-04-04,0.060310,874.329128
2017-04-05,-0.136467,873.135957
2017-04-06,-0.007247,873.072681
2017-04-07,-0.068855,872.471525
2017-04-10,0.043411,872.850274
2017-04-11,0.022254,873.044513
2017-04-12,-0.191005,871.376951
2017-04-13,-0.417648,867.737666
2017-04-14,-0.068817,867.140511
2017-04-17,0.699242,873.203918
2017-04-18,-0.472703,869.076254
2017-04-19,-0.153236,867.744514
2017-04-20,0.632149,873.229955
2017-04-21,-0.176492,871.688778
2017-04-24,1.551291,885.211203
2017-04-25,0.629515,890.783745
2017-04-26,0.023420,890.992362
2017-04-27,-0.067581,890.390220
2017-04-28,-0.143927,889.108708
2017-05-01,0.220973,891.073397
2017-05-02,0.290672,893.663498
2017-05-03,-0.155197,892.276563
2017-05-04,0.115607,893.308095
2017-05-05,0.476054,897.560726
2017-05-08,0.134443,898.767437
2017-05-09,-0.113625,897.746213
2017-05-10,0.193811,899.486145
2017-05-11,-0.119009,898.415675
2017-05-12,0.116703,899.464152
2017-05-15,0.521059,904.150890
2017-05-16,0.303969,906.899233
2017-05-17,-1.151401,896.457187
2017-05-18,-0.279941,893.947638
2017-05-19,0.740441,900.566790
2017-05-22,0.581963,905.807758
2017-05-23,0.096310,906.680141
2017-05-24,0.066986,907.287494
2017-05-25,0.431320,911.200810
2017-05-26,-0.072187,910.543039
2017-05-29,-0.038539,910.192129
2017-05-30,-0.103189,909.252906
2017-05-31,0.030364,909.528992
2017-06-01,0.583202,914.833381
2017-06-02,0.638067,920.670636
2017-06-05,-0.124051,919.528538
2017-06-06,-0.275892,916.991635
2017-06-07,0.058243,917.525717
2017-06-08,-0.080899,916.783448
2017-06-09,-0.073142,916.112893
2017-06-12,-0.282705,913.522995
2017-06-13,0.494296,918.038502
2017-06-14,0.132734,919.257049
2017-06-15,-0.742957,912.427368
2017-06-16,0.306748,915.226219
2017-06-19,0.726759,921.877708
2017-06-20,-0.684449,915.567925
2017-06-21,-0.133842,914.342508
2017-06-22,0.111279,915.359982
2017-06-23,0.193213,917.128578
2017-06-26,0.215944,919.109062
2017-06-27,-0.479534,914.701619
2017-06-28,0.630466,920.468500
2017-06-29,-0.521074,915.672182
2017-06-30,-0.178056,914.041769
2017-07-03,0.246797,916.297601
2017-07-04,-0.158911,914.841500
2017-07-05,0.115241,915.895776
2017-07-06,-0.531592,911.026943
2017-07-07,0.156090,912.448961
2017-07-10,0.260530,914.826164
2017-07-11,0.036707,915.161967
2017-07-12,0.933578,923.705717
2017-07-13,0.316122,926.625758
2017-07-14,0.580965,932.009128
2017-07-17,0.075517,932.712957
2017-07-18,0.070800,933.373316
2017-07-19,0.488875,937.936344
2017-07-20,0.210774,939.913275
2017-07-21,-0.194332,938.086723
2017-07-24,-0.127178,936.893681
2017-07-25,0.233636,939.082605
2017-07-26,0.067188,939.713559
2017-07-27,0.156332,941.182627
2017-07-28,-0.206043,939.243382
2017-07-31,0.071884,939.918546
2017-08-01,0.452218,944.169025
2017-08-02,0.020362,944.361274
2017-08-03,-0.113874,943.285893
2017-08-04,-0.003401,943.253814
2017-08-07,0.269639,945.797198
2017-08-08,-0.180084,944.093971
2017-08-09,-0.317884,941.092851
2017-08-10,-1.056623,931.149043
2017-08-11,-0.254458,928.779663
2017-08-14,0.802724,936.235199
2017-08-15,-0.150522,934.825955
2017-08-16,0.327588,937.888334
2017-08-17,-0.756590,930.792361
2017-08-18,-0.305827,927.945750
2017-08-21,0.131122,929.162490
2017-08-22,0.695212,935.622135
2017-08-23,-0.095368,934.729853
2017-08-24,-0.032784,934.423407
2017-08-25,0.261791,936.869643
2017-08-28,0.078181,937.602093
2017-08-29,-0.086139,936.794450
2017-08-30,0.202191,938.688565
2017-08-31,0.563660,943.979578
2017-09-01,0.317676,946.978373
2017-09-04,-0.194447,945.137004
2017-09-05,-0.371441,941.626381
2017-09-06,0.188715,943.403375
2017-09-07,0.344816,946.656378
2017-09-08,0.012241,946.772261
2017-09-11,0.873451,955.041851
2017-09-12,0.318121,958.080043
2017-09-13,-0.093931,957.180112
2017-09-14,-0.121397,956.018120
2017-09-15,0.222993,958.149970
2017-09-18,0.248752,960.533388
2017-09-19,0.209934,962.549876
2017-09-20,0.144523,963.940978
2017-09-21,-0.406457,960.022975
2017-09-22,0.126913,961.241371
2017-09-25,-0.387988,957.511871
2017-09-26,-0.341823,954.238872
2017-09-27,0.258386,956.704488
2017-09-28,0.145595,958.097406
2017-09-29,0.466836,962.570152
2017-10-02,0.198197,964.477935
2017-10-03,0.371112,968.057231
2017-10-04,0.113631,969.157241
2017-10-05,0.252181,971.601267
2017-10-06,-0.071837,970.903302
2017-10-09,-0.067594,970.247033
2017-10-10,0.500525,975.103364
2017-10-11,0.183988,976.897440
2017-10-12,0.016341,977.057074
2017-10-13,0.236462,979.367441
2017-10-16,0.144930,980.786836
2017-10-17,-0.173792,979.082307
2017-10-18,0.149233,980.543425
2017-10-19,0.024306,980.781751
2017-10-20,0.133040,982.086585
2017-10-23,-0.277134,979.364888
2017-10-24,0.032037,979.678650
2017-10-25,-0.332816,976.418126
2017-10-26,0.036050,976.770122
2017-10-27,0.412970,980.803889
2017-10-30,0.060655,981.398798
2017-10-31,0.140699,982.779618
2017-11-01,0.293808,985.667104
2017-11-02,0.081457,986.469996
2017-11-03,0.089799,987.355831
2017-11-06,0.112603,988.467627
2017-11-07,0.038554,988.848722
2017-11-08,0.172196,990.551479
2017-11-09,-0.343150,987.152405
2017-11-10,-0.127309,985.895674
2017-11-13,-0.236984,983.559255
2017-11-14,-0.204447,981.548394
2017-11-15,-0.534482,976.302191
2017-11-16,0.823666,984.343660
2017-11-17,0.004665,984.389583
2017-11-20,0.111950,985.491604
2017-11-21,0.653464,991.931435
2017-11-22,0.189371,993.809869
2017-11-23,0.100421,994.807860
2017-11-24,0.290274,997.695527
2017-11-27,-0.257735,995.124121
2017-11-28,0.487723,999.977565
2017-11-29,-0.057640,999.401174
2017-11-30,0.285477,1002.254231
2017-12-01,-0.387874,998.366752
2017-12-04,0.091487,999.280129
2017-12-05,-0.310073,996.181633
2017-12-06,-0.401713,992.179844
2017-12-07,0.234511,994.506614
2017-12-08,0.536857,999.845695
2017-12-11,0.428611,1004.131148
2017-12-12,0.019088,1004.322814
2017-12-13,0.108197,1005.409464
2017-12-14,-0.253033,1002.865446
2017-12-15,0.315322,1006.027703
2017-12-18,0.910420,1015.186778
2017-12-19,-0.297647,1012.165101
2017-12-20,-0.023373,1011.928531
2017-12-21,0.244014,1014.397774
2017-12-22,0.021160,1014.612419
2017-12-25,0.014951,1014.764119
2017-12-26,-0.046826,1014.288950
2017-12-27,0.256594,1016.891550
2017-12-28,0.272310,1019.660647
2017-12-29,-0.089353,1018.749548
2018-01-01,-0.008336,1018.664622
2018-01-02,0.739735,1026.200046
2018-01-03,0.463795,1030.959511
2018-01-04,0.803880,1039.247184
2018-01-05,0.653976,1046.043608
2018-01-08,0.115064,1047.247229
2018-01-09,0.155630,1048.877064
2018-01-10,-0.054092,1048.309705
2018-01-11,0.385894,1052.355070
2018-01-12,0.659979,1059.300393
2018-01-15,0.372828,1063.249759
2018-01-16,-0.151085,1061.643350
2018-01-17,0.511503,1067.073688
2018-01-18,-0.073702,1066.287233
2018-01-19,0.478723,1071.391793
2018-01-22,0.603829,1077.861173
2018-01-23,0.494609,1083.192368
2018-01-24,0.152428,1084.843452
2018-01-25,0.127249,1086.223909
2018-01-26,0.665998,1093.458141
2018-01-29,-0.619436,1086.684866
2018-01-30,-0.979079,1076.045364
2018-01-31,0.036275,1076.435694
2018-02-01,-0.064714,1075.739087
2018-02-02,-1.797320,1056.404616
2018-02-05,-2.959008,1025.145515
2018-02-06,-0.531336,1019.698551
2018-02-07,0.066821,1020.379922
2018-02-08,-2.444468,995.437057
2018-02-09,0.057232,996.006761
2018-02-12,1.187802,1007.837351
2018-02-13,0.321859,1011.081172
2018-02-14,1.303109,1024.256658
2018-02-15,1.256994,1037.131504
2018-02-16,0.268141,1039.912474
2018-02-19,-0.067013,1039.215601
2018-02-20,-0.460547,1034.429525
2018-02-21,-0.168943,1032.681928
2018-02-22,-0.115394,1031.490278
2018-02-23,1.148635,1043.338336
2018-02-26,0.828300,1051.980310
2018-02-27,-0.852565,1043.011496
2018-02-28,-1.089820,1031.644552
2018-03-01,-1.173790,1019.535208
2018-03-02,-0.103749,1018.477452
2018-03-05,0.644816,1025.044758
2018-03-06,0.669363,1031.906026
2018-03-07,-0.115063,1030.718685
2018-03-08,0.474126,1035.605595
2018-03-09,1.118930,1047.193301
2018-03-12,0.353598,1050.896159
2018-03-13,-0.372794,1046.978477
2018-03-14,-0.446050,1042.308428
2018-03-15,-0.051781,1041.768706
2018-03-16,0.008925,1041.861683
2018-03-19,-1.063623,1030.780200
2018-03-20,0.088604,1031.693516
2018-03-21,-0.065306,1031.019753
2018-03-22,-1.625237,1014.263238
2018-03-23,-1.784496,996.163747
2018-03-26,1.511093,1011.216710
2018-03-27,-0.537476,1005.781658
2018-03-28,-0.479766,1000.956254
2018-03-29,0.848050,1009.444865
2018-03-30,0.072720,1010.178930
2018-04-02,-1.214140,997.913940
2018-04-03,0.452325,1002.427755
2018-04-04,0.393049,1006.367787
2018-04-05,0.955242,1015.981030
2018-04-06,-1.199478,1003.794560
2018-04-09,0.388393,1007.693231
2018-04-10,1.364500,1021.443202
2018-04-11,-0.306791,1018.309511
2018-04-12,0.376093,1022.139304
2018-04-13,-0.142694,1020.680777
2018-04-16,0.407665,1024.841738
2018-04-17,0.713450,1032.153475
2018-04-18,0.426856,1036.559281
2018-04-19,-0.228744,1034.188213
2018-04-20,-0.826054,1025.645257
2018-04-23,-0.202000,1023.573457
2018-04-24,-0.689432,1016.516615
2018-04-25,-0.329367,1013.168547
2018-04-26,0.725207,1020.516119
2018-04-27,0.290650,1023.482249
2018-04-30,-0.301534,1020.396107
2018-05-01,-0.132925,1019.039748
2018-05-02,-0.404576,1014.916958
2018-05-03,-0.342270,1011.443202
2018-05-04,0.772478,1019.256383
2018-05-07,0.367788,1023.005091
2018-05-08,-0.037727,1022.619137
2018-05-09,0.644884,1029.213849
2018-05-10,0.748195,1036.914376
2018-05-11,0.463587,1041.721378
2018-05-14,0.232587,1044.144288
2018-05-15,-0.842904,1035.343155
2018-05-16,0.190729,1037.317859
2018-05-17,0.026510,1037.592853
2018-05-18,-0.239670,1035.106055
2018-05-21,0.418246,1039.435345
2018-05-22,-0.012585,1039.304537
2018-05-23,-0.330106,1035.873735
2018-05-24,-0.186020,1033.946808
2018-05-25,-0.261045,1031.247745
2018-05-28,-0.135807,1029.847239
2018-05-29,-1.102395,1018.494252
2018-05-30,0.611069,1024.717953
2018-05-31,-0.211545,1022.550210
2018-06-01,0.794929,1030.678755
2018-06-04,0.709414,1037.990531
2018-06-05,-0.120569,1036.739039
2018-06-06,0.784890,1044.876297
2018-06-07,0.054690,1045.447737
2018-06-08,-0.138909,1043.995516
2018-06-11,0.315114,1047.285293
2018-06-12,0.063340,1047.948648
2018-06-13,-0.256265,1045.263121
2018-06-14,-0.006135,1045.198991
2018-06-15,-0.443122,1040.567488
2018-06-18,-0.422511,1036.170979
2018-06-19,-0.813618,1027.740509
2018-06-20,0.355607,1031.395222
2018-06-21,-0.621914,1024.980835
2018-06-22,0.462378,1029.720124
2018-06-25,-1.386093,1015.447246
2018-06-26,0.086988,1016.330567
2018-06-27,-0.668215,1009.539297
2018-06-28,0.111712,1010.667077
2018-06-29,0.668213,1017.420483
2018-07-02,-0.412329,1013.225365
2018-07-03,-0.016161,1013.061620
2018-07-04,-0.007196,1012.988721
2018-07-05,0.605572,1019.123096
2018-07-06,0.807820,1027.355775
2018-07-09,0.928637,1036.896185
2018-07-10,0.208005,1039.052983
2018-07-11,-0.888978,1029.816032
2018-07-12,0.636324,1036.369001
2018-07-13,0.213959,1038.586403
2018-07-16,-0.128219,1037.254736
2018-07-17,0.231322,1039.654132
2018-07-18,0.150831,1041.222249
2018-07-19,-0.385107,1037.212433
2018-07-20,0.282578,1040.143366
2018-07-23,0.009685,1040.244103
2018-07-24,0.600890,1046.494826
2018-07-25,0.534715,1052.090590
2018-07-26,0.016959,1052.269012
2018-07-27,-0.204039,1050.121969
2018-07-30,-0.336392,1046.589444
2018-07-31,0.176167,1048.433185
2018-08-01,-0.157894,1046.777773
2018-08-02,-0.266893,1043.983998
2018-08-03,0.395434,1048.112268
2018-08-06,0.063304,1048.775764
2018-08-07,0.485112,1053.863503
2018-08-08,-0.025585,1053.593870
2018-08-09,-0.066514,1052.893079
2018-08-10,-1.130039,1040.994972
2018-08-13,-0.714438,1033.557709
2018-08-14,0.415008,1037.847053
2018-08-15,-1.084894,1026.587511
2018-08-16,0.655018,1033.311847
2018-08-17,0.316307,1036.580283
2018-08-20,0.419487,1040.928605
2018-08-21,0.391624,1045.005129
2018-08-22,0.244516,1047.560329
2018-08-23,-0.295610,1044.463635
2018-08-24,0.535509,1050.056828
2018-08-27,0.961890,1060.157218
2018-08-28,0.122797,1061.459060
2018-08-29,0.343561,1065.105818
2018-08-30,-0.490095,1059.885792
2018-08-31,-0.259019,1057.140490
2018-09-03,-0.175450,1055.285734
2018-09-04,-0.500832,1050.000529
2018-09-05,-0.606120,1043.636266
2018-09-06,-0.366641,1039.809866
2018-09-07,-0.210083,1037.625402
2018-09-10,0.085285,1038.510346
2018-09-11,0.130158,1039.862052
2018-09-12,0.226285,1042.215100
2018-09-13,0.574618,1048.203859
2018-09-14,0.285891,1051.200582
2018-09-17,-0.375581,1047.252469
2018-09-18,0.525179,1052.752419
2018-09-19,0.350443,1056.441719
2018-09-20,0.800019,1064.893451
2018-09-21,0.330383,1068.411676
2018-09-24,-0.373998,1064.415840
2018-09-25,0.050154,1064.949683
2018-09-26,-0.090402,1063.986945
2018-09-27,0.050566,1064.524963
2018-09-28,-0.220868,1062.173768
2018-10-01,0.156264,1063.833565
2018-10-02,-0.321688,1060.411338
2018-10-03,0.020054,1060.623997
2018-10-04,-0.985135,1050.175414
2018-10-05,-0.678452,1043.050480
2018-10-08,-0.379620,1039.090856
2018-10-09,-0.210501,1036.903559
2018-10-10,-2.147911,1014.631790
2018-10-11,-2.216037,992.147179
2018-10-12,1.100695,1003.067695
2018-10-15,-0.451789,998.535944
2018-10-16,1.712275,1015.633626
2018-10-17,-0.080650,1014.814515
2018-10-18,-1.202128,1002.615142
2018-10-19,-0.083327,1001.779696
2018-10-22,-0.255373,999.221423
2018-10-23,-1.094958,988.280370
2018-10-24,-2.064372,967.878591
2018-10-25,0.744391,975.083388
2018-10-26,-1.189921,963.480669
2018-10-29,-0.332296,960.279057
2018-10-30,0.994056,969.824766
2018-10-31,1.338870,982.809455
2018-11-01,1.018399,992.818375
2018-11-02,0.106628,993.876998
2018-11-05,0.126444,995.133699
2018-11-06,0.438103,999.493405
2018-11-07,1.529157,1014.777232
2018-11-08,-0.094140,1013.821923
2018-11-09,-1.007546,1003.607201
2018-11-12,-1.592379,987.625968
2018-11-13,-0.088963,986.747349
2018-11-14,-0.458417,982.223930
2018-11-15,0.668318,988.788314
2018-11-16,0.305858,991.812603
2018-11-19,-0.941298,982.476695
2018-11-20,-1.618213,966.578129
2018-11-21,0.385768,970.306875
2018-11-22,-0.010891,970.201202
2018-11-23,-0.475011,965.592636
2018-11-26,1.176177,976.949718
2018-11-27,0.084885,977.779000
2018-11-28,1.455884,992.014326
2018-11-29,0.311564,995.105084
2018-11-30,0.255650,997.649071
2018-12-03,1.350590,1011.123221
2018-12-04,-2.154634,989.337215
2018-12-05,-0.502559,984.365209
2018-12-06,-1.028251,974.243459
2018-12-07,-1.101308,963.514040
2018-12-10,-0.776312,956.034168
2018-12-11,0.109511,957.081128
2018-12-12,1.130654,967.902401
2018-12-13,0.024448,968.139036
2018-12-14,-1.580078,952.841682
2018-12-17,-1.328243,940.185627
2018-12-18,-0.331474,937.069152
2018-12-19,-0.652379,930.955909
2018-12-20,-1.484983,917.131374
2018-12-21,-1.347049,904.777163
2018-12-24,-1.586680,890.421248
2018-12-25,-0.406704,886.799869
2018-12-26,2.728533,910.996497
2018-12-27,0.620743,916.651440
2018-12-28,0.545972,921.656103
2018-12-31,0.664830,927.783550
2019-01-01,0.004436,927.824709
2019-01-02,-0.255412,925.454936
2019-01-03,-1.373707,912.741900
2019-01-04,2.618441,936.641509
2019-01-07,0.880471,944.888367
2019-01-08,0.710293,951.599842
2019-01-09,0.938846,960.533894
2019-01-10,0.366254,964.051884
2019-01-11,0.005297,964.102952
2019-01-14,-0.497764,959.303992
2019-01-15,0.849803,967.456182
2019-01-16,0.181478,969.211906
2019-01-17,0.411442,973.199654
2019-01-18,1.229607,985.166187
2019-01-21,0.009542,985.260195
2019-01-22,-1.055685,974.858946
2019-01-23,0.072347,975.564232
2019-01-24,0.231724,977.824852
2019-01-25,0.980529,987.412711
2019-01-28,-0.607200,981.417143
2019-01-29,0.039345,981.803278
2019-01-30,1.035938,991.974147
2019-01-31,0.942832,1001.326800
2019-02-01,0.056605,1001.893606
2019-02-04,0.333133,1005.231249
2019-02-05,0.632201,1011.586332
2019-02-06,-0.215050,1009.410913
2019-02-07,-0.933825,999.984783
2019-02-08,-0.328061,996.704223
2019-02-11,0.041836,997.121204
2019-02-12,1.107743,1008.166749
2019-02-13,0.338346,1011.577839
2019-02-14,-0.215246,1009.400462
2019-02-15,0.727635,1016.745211
2019-02-18,0.327560,1020.075660
2019-02-19,0.147549,1021.580772
2019-02-20,0.478734,1026.471427
2019-02-21,-0.224367,1024.168366
2019-02-22,0.502820,1029.318090
2019-02-25,0.313616,1032.546200
2019-02-26,-0.025282,1032.285147
2019-02-27,-0.011423,1032.167225
2019-02-28,-0.349102,1028.563910
2019-03-01,0.457126,1033.265740
2019-03-04,-0.210621,1031.089469
2019-03-05,-0.102467,1030.032944
2019-03-06,-0.358934,1026.335803
2019-03-07,-0.816620,1017.954534
2019-03-08,-0.585635,1011.993033
2019-03-11,1.139737,1023.527093
2019-03-12,0.492771,1028.570733
2019-03-13,0.514348,1033.861170
2019-03-14,0.029561,1034.166790
2019-03-15,0.629518,1040.677054
2019-03-18,0.520172,1046.090361
2019-03-19,0.129312,1047.443085
2019-03-20,-0.373198,1043.534049
2019-03-21,0.687694,1050.710366
2019-03-22,-1.476074,1035.201107
2019-03-25,-0.454045,1030.500830
2019-03-26,0.690367,1037.615064
2019-03-27,-0.342711,1034.059047
2019-03-28,0.088077,1034.969820
2019-03-29,0.692706,1042.139121
2019-04-01,1.143997,1054.061160
2019-04-02,0.011894,1054.186527
2019-04-03,0.566552,1060.159045
2019-04-04,0.025458,1060.428946
2019-04-05,0.350497,1064.145720
2019-04-08,0.165251,1065.904230
2019-04-09,-0.323290,1062.458268
2019-04-10,0.237629,1064.982973
2019-04-11,-0.098483,1063.934149
2019-04-12,0.511694,1069.378242
2019-04-15,0.062318,1070.044661
2019-04-16,0.161278,1071.770409
2019-04-17,-0.049187,1071.243235
2019-04-18,-0.066766,1070.528008
2019-04-19,0.006405,1070.596576
2019-04-22,0.013764,1070.743931
2019-04-23,0.546653,1076.597186
2019-04-24,-0.278420,1073.599723
2019-04-25,-0.210523,1071.339552
2019-04-26,0.370162,1075.305247
2019-04-29,0.142815,1076.840946
2019-04-30,0.096400,1077.879022
2019-05-01,-0.336510,1074.251851
2019-05-02,-0.353286,1070.456671
2019-05-03,0.733805,1078.311732
2019-05-06,-0.642652,1071.381942
2019-05-07,-1.321836,1057.220028
2019-05-08,-0.209150,1055.008852
2019-05-09,-0.722072,1047.390927
2019-05-10,0.372513,1051.292592
2019-05-13,-1.834117,1032.010656
2019-05-14,0.514840,1037.323861
2019-05-15,0.524476,1042.764372
2019-05-16,0.650992,1049.552681
2019-05-17,-0.548067,1043.800434
2019-05-20,-0.496098,1038.622162
2019-05-21,0.623224,1045.095104
2019-05-22,-0.252259,1042.458758
2019-05-23,-1.145189,1030.520630
2019-05-24,0.356632,1034.195795
2019-05-27,0.099591,1035.225764
2019-05-28,-0.511176,1029.933941
2019-05-29,-0.858147,1021.095596
2019-05-30,0.200203,1023.139863
2019-05-31,-0.811427,1014.837828
2019-06-03,0.077987,1015.629272
2019-06-04,1.375168,1029.595876
2019-06-05,0.775426,1037.579635
2019-06-06,0.350341,1041.214704
2019-06-07,1.013401,1051.766387
2019-06-10,0.530028,1057.341048
2019-06-11,0.302745,1060.542093
2019-06-12,-0.280637,1057.565816
2019-06-13,0.082784,1058.441308
2019-06-14,-0.319123,1055.063574
2019-06-17,-0.048150,1054.555566
2019-06-18,0.988147,1064.976127
2019-06-19,0.605987,1071.429744
2019-06-20,1.074688,1082.944272
2019-06-21,-0.212523,1080.642762
2019-06-24,0.016032,1080.816009
2019-06-25,-0.662815,1073.652201
2019-06-26,-0.173274,1071.791840
2019-06-27,0.439116,1076.498252
2019-06-28,0.489100,1081.763400
2019-07-01,0.668963,1088.999994
2019-07-02,0.264403,1091.879340
2019-07-03,0.566416,1098.063916
2019-07-04,0.134698,1099.542982
2019-07-05,-0.428027,1094.836642
2019-07-08,-0.581934,1088.465419
2019-07-09,-0.061689,1087.793951
2019-07-10,0.375730,1091.881120
2019-07-11,0.241583,1094.518922
2019-07-12,0.251924,1097.276282
2019-07-15,0.145787,1098.875963
2019-07-16,-0.217375,1096.487279
2019-07-17,-0.456468,1091.482169
2019-07-18,-0.010563,1091.366871
2019-07-19,-0.083701,1090.453385
2019-07-22,0.087087,1091.403031
2019-07-23,0.498677,1096.845610
2019-07-24,0.330265,1100.468107
2019-07-25,-0.433601,1095.696467
2019-07-26,0.291985,1098.895741
2019-07-29,-0.158251,1097.156730
2019-07-30,-0.384168,1092.941805
2019-07-31,-0.698714,1085.305264
2019-08-01,-0.712758,1077.569669
2019-08-02,-1.172188,1064.938526
2019-08-05,-2.513822,1038.167866
2019-08-06,0.503187,1043.391796
2019-08-07,0.205924,1045.540391
2019-08-08,1.558745,1061.837699
2019-08-09,-0.502516,1056.501800
2019-08-12,-0.800486,1048.044652
2019-08-13,0.648571,1054.841962
2019-08-14,-2.033415,1033.392651
2019-08-15,-0.124320,1032.107933
2019-08-16,1.186140,1044.350177
2019-08-19,1.074504,1055.571758
2019-08-20,-0.476814,1050.538647
2019-08-21,0.706508,1057.960785
2019-08-22,-0.236802,1055.455514
2019-08-23,-1.562845,1038.960379
2019-08-26,0.307441,1042.154570
2019-08-27,0.032402,1042.492249
2019-08-28,0.311799,1045.742728
2019-08-29,0.959879,1055.780592
2019-08-30,0.404825,1060.054657
2019-09-02,-0.084285,1059.161191
2019-09-03,-0.516438,1053.691282
2019-09-04,1.164068,1065.956960
2019-09-05,1.178741,1078.521834
2019-09-06,0.250361,1081.222030
2019-09-09,0.016929,1081.405067
2019-09-10,0.017151,1081.590536
2019-09-11,0.717540,1089.351386
2019-09-12,0.371107,1093.394046
2019-09-13,0.225663,1095.861426
2019-09-16,-0.388659,1091.602264
2019-09-17,0.146925,1093.206098
2019-09-18,0.001678,1093.224447
2019-09-19,0.099878,1094.316335
2019-09-20,-0.230009,1091.799305
2019-09-23,-0.218620,1089.412418
2019-09-24,-0.509613,1083.860632
2019-09-25,0.036815,1084.259659
2019-09-26,0.005530,1084.319620
2019-09-27,-0.316563,1080.887070
2019-09-30,0.181290,1082.846610
2019-10-01,-0.900895,1073.091294
2019-10-02,-1.622634,1055.678946
2019-10-03,0.467121,1060.610242
2019-10-04,0.984997,1071.057219
2019-10-07,-0.109250,1069.887092
2019-10-08,-1.138490,1057.706535
2019-10-09,0.569725,1063.732555
2019-10-10,0.570042,1069.796273
2019-10-11,1.381638,1084.576981
2019-10-14,-0.095957,1083.536257
2019-10-15,0.887152,1093.148873
2019-10-16,0.007972,1093.236020
2019-10-17,0.319903,1096.733310
2019-10-18,-0.311612,1093.315761
2019-10-21,0.619035,1100.083766
2019-10-22,-0.137010,1098.576538
2019-10-23,0.130242,1100.007347
2019-10-24,0.369246,1104.069078
2019-10-25,0.267558,1107.023103
2019-10-28,0.424266,1111.719825
2019-10-29,0.051055,1112.287416
2019-10-30,0.176968,1114.255814
2019-10-31,-0.134040,1112.762265
2019-11-01,0.819307,1121.879202
2019-11-04,0.540712,1127.945335
2019-11-05,-0.010064,1127.831820
2019-11-06,0.060886,1128.518515
2019-11-07,0.290772,1131.799933
2019-11-08,-0.001778,1131.779814
2019-11-11,-0.220938,1129.279284
2019-11-12,0.182947,1131.345263
2019-11-13,-0.195092,1129.138103
2019-11-14,-0.105770,1127.943810
2019-11-15,0.766387,1136.588220
2019-11-18,0.156353,1138.365305
2019-11-19,0.024944,1138.649255
2019-11-20,-0.430192,1133.750880
2019-11-21,-0.251041,1130.904696
2019-11-22,0.182252,1132.965795
2019-11-25,0.714546,1141.061358
2019-11-26,0.100148,1142.204106
2019-11-27,0.368821,1146.416797
2019-11-28,-0.055945,1145.775432
2019-11-29,-0.468954,1140.402276
2019-12-02,-0.603397,1133.521120
2019-12-03,-0.544974,1127.343724
2019-12-04,0.478939,1132.743016
2019-12-05,0.210801,1135.130853
2019-12-06,0.761936,1143.779825
2019-12-09,-0.117211,1142.439184
2019-12-10,-0.126980,1140.988517
2019-12-11,0.305893,1144.478717
2019-12-12,0.700324,1152.493774
2019-12-13,0.587354,1159.262987
2019-12-16,0.685004,1167.203984
2019-12-17,0.133438,1168.761482
2019-12-18,-0.047074,1168.211305
2019-12-19,0.260035,1171.249064
2019-12-20,0.362222,1175.491583
2019-12-23,0.076868,1176.395155
2019-12-24,0.022072,1176.654813
2019-12-25,-0.022411,1176.391113
2019-12-26,0.374844,1180.800741
2019-12-27,0.283964,1184.153787
2019-12-30,-0.419389,1179.187571
2019-12-31,0.156755,1181.036004
2020-01-01,0.000065,1181.036773
2020-01-02,0.804534,1190.538618
2020-01-03,-0.512286,1184.439652
2020-01-06,-0.067257,1183.643032
2020-01-07,-0.035022,1183.228501
2020-01-08,0.120675,1184.656358
2020-01-09,0.693448,1192.871328
2020-01-10,-0.035946,1192.442535
2020-01-13,0.504787,1198.461835
2020-01-14,0.013538,1198.624080
2020-01-15,0.068933,1199.450330
2020-01-16,0.550176,1206.049414
2020-01-17,0.409306,1210.985843
2020-01-20,-0.026270,1210.667717
2020-01-21,-0.409025,1205.715787
2020-01-22,0.106723,1207.002563
2020-01-23,-0.265324,1203.800101
2020-01-24,-0.421867,1198.721661
2020-01-27,-1.616390,1179.345643
2020-01-28,0.600096,1186.422850
2020-01-29,-0.007742,1186.330994
2020-01-30,-0.314934,1182.594832
2020-01-31,-1.209839,1168.287333
2020-02-03,0.318908,1172.013098
2020-02-04,1.472836,1189.274932
2020-02-05,0.846171,1199.338233
2020-02-06,0.578923,1206.281472
2020-02-07,-0.531120,1199.874674
2020-02-10,0.265088,1203.055398
2020-02-11,0.435800,1208.298319
2020-02-12,0.611644,1215.688808
2020-02-13,-0.189051,1213.390541
2020-02-14,0.065569,1214.186148
2020-02-17,-0.005352,1214.121165
2020-02-18,-0.461740,1208.515086
2020-02-19,0.455753,1214.022925
2020-02-20,-0.479673,1208.199590
2020-02-21,-0.747839,1199.164204
2020-02-24,-2.948827,1163.802930
2020-02-25,-2.305377,1136.972882
2020-02-26,-0.566561,1130.531235
2020-02-27,-3.280108,1093.448593
2020-02-28,-1.744166,1074.377032
2020-03-02,3.064832,1107.304884
2020-03-03,-1.160868,1094.450541
2020-03-04,2.686371,1123.851547
2020-03-05,-1.939792,1102.051169
2020-03-06,-2.042598,1079.540695
2020-03-09,-7.058833,1003.337725
2020-03-10,2.710966,1030.537874
2020-03-11,-3.635394,993.073767
2020-03-12,-9.497769,898.753915
2020-03-13,5.291629,946.312640
2020-03-16,-9.130351,859.910973
2020-03-17,3.499204,890.001015
2020-03-18,-5.063156,844.938876
2020-03-19,0.337639,847.791717
2020-03-20,-1.682930,833.523976
2020-03-23,-3.289801,806.102693
2020-03-24,8.405966,873.863411
2020-03-25,2.714466,897.584137
2020-03-26,4.632822,939.167609
2020-03-27,-2.389290,916.728174
2020-03-30,2.057299,935.588017
2020-03-31,-0.599047,929.983402
2020-04-01,-3.689031,895.676024
2020-04-02,1.236175,906.748150
2020-04-03,-1.356220,894.450648
2020-04-06,5.495387,943.604168
2020-04-07,0.978507,952.837398
2020-04-08,2.047354,972.345351
2020-04-09,1.586525,987.771857
2020-04-10,0.065960,988.423396
2020-04-13,-0.745209,981.057578
2020-04-14,2.438999,1004.985566
2020-04-15,-2.150795,983.370382
2020-04-16,0.146326,984.809304
2020-04-17,2.610577,1010.518508
2020-04-20,-1.052393,999.883882
2020-04-21,-3.000327,969.884100
2020-04-22,1.791000,987.254726
2020-04-23,0.325153,990.464817
2020-04-24,0.433816,994.761607
2020-04-27,1.783320,1012.501388
2020-04-28,0.134847,1013.866713
2020-04-29,2.301471,1037.200562
2020-04-30,-0.686673,1030.078391
2020-05-01,-2.160143,1007.827225
2020-05-04,-0.677741,1000.996768
2020-05-05,1.011959,1011.126449
2020-05-06,-0.416924,1006.910817
2020-05-07,0.828958,1015.257681
2020-05-08,1.765704,1033.184124
2020-05-11,0.008093,1033.267739
2020-05-12,-1.210972,1020.755160
2020-05-13,-1.538112,1005.054808
2020-05-14,-0.022416,1004.829517
2020-05-15,0.395775,1008.806378
2020-05-18,2.825317,1037.308358
2020-05-19,-0.154646,1035.704203
2020-05-20,1.403949,1050.244964
2020-05-21,-0.763850,1042.222663
2020-05-22,-0.393353,1038.123044
2020-05-25,0.507338,1043.389837
2020-05-26,1.574418,1059.817157
2020-05-27,0.957252,1069.962280
2020-05-28,0.459771,1074.881654
2020-05-29,0.057614,1075.500939
2020-06-01,0.932923,1085.534534
2020-06-02,1.148604,1098.003025
2020-06-03,1.693208,1116.594503
2020-06-04,-0.134545,1115.092179
2020-06-05,2.084717,1138.338696
2020-06-08,0.887900,1148.446008
2020-06-09,-0.460289,1143.159835
2020-06-10,-0.269700,1140.076739
2020-06-11,-4.593576,1087.706449
2020-06-12,0.344469,1091.453260
2020-06-15,0.031786,1091.800184
2020-06-16,2.225129,1116.094148
2020-06-17,0.012496,1116.233611
2020-06-18,-0.071199,1115.438860
2020-06-19,-0.171261,1113.528544
2020-06-22,0.352171,1117.450064
2020-06-23,0.901384,1127.522581
2020-06-24,-2.238466,1102.283366
2020-06-25,0.459886,1107.352611
2020-06-26,-1.513139,1090.596824
2020-06-29,0.758740,1098.871619
2020-06-30,1.043105,1110.334005
2020-07-01,0.459868,1115.440073
2020-07-02,0.957821,1126.123997
2020-07-03,0.069458,1126.906176
2020-07-06,1.826426,1147.488285
2020-07-07,-0.895134,1137.216723
2020-07-08,0.582515,1143.841183
2020-07-09,-0.319562,1140.185901
2020-07-10,0.611054,1147.153051
2020-07-13,-0.197826,1144.883685
2020-07-14,0.526455,1150.910982
2020-07-15,1.171163,1164.390027
2020-07-16,-0.612491,1157.258242
2020-07-17,0.307573,1160.817656
2020-07-20,0.841254,1170.583082
2020-07-21,0.574842,1177.312090
2020-07-22,0.142651,1178.991535
2020-07-23,-0.729908,1170.385986
2020-07-24,-0.821640,1160.769620
2020-07-27,0.915563,1171.397199
2020-07-28,-0.339191,1167.423929
2020-07-29,0.807496,1176.850828
2020-07-30,-0.633277,1169.398101
2020-07-31,0.008806,1169.501079
2020-08-03,0.715428,1177.868021
2020-08-04,0.615962,1185.123242
2020-08-05,0.871273,1195.448903
2020-08-06,0.203267,1197.878855
2020-08-07,-0.327585,1193.954788
2020-08-10,0.151750,1195.766615
2020-08-11,0.003505,1195.808528
2020-08-12,1.241074,1210.649394
2020-08-13,-0.003631,1210.605436
2020-08-14,-0.242053,1207.675133
2020-08-17,0.438403,1212.969614
2020-08-18,0.263637,1216.167454
2020-08-19,-0.229152,1213.380583
2020-08-20,-0.397577,1208.556462
2020-08-21,0.241373,1211.473592
2020-08-24,1.108132,1224.898313
2020-08-25,0.290080,1228.451504
2020-08-26,0.889572,1239.379466
2020-08-27,-0.133136,1237.729409
2020-08-28,0.565684,1244.731048
2020-08-31,-0.257814,1241.521957
2020-09-01,0.628836,1249.329090
2020-09-02,0.948761,1261.182233
2020-09-03,-2.495420,1229.710435
2020-09-04,-1.049158,1216.808826
2020-09-07,0.256778,1219.933324
2020-09-08,-2.027513,1195.199014
2020-09-09,1.447200,1212.495931
2020-09-10,-0.950564,1200.970377
2020-09-11,0.089550,1202.045845
2020-09-14,1.204498,1216.524468
2020-09-15,0.519701,1222.846756
2020-09-16,-0.108085,1221.525043
2020-09-17,-0.833796,1211.340018
2020-09-18,-0.549037,1204.689308
2020-09-21,-1.623830,1185.127206
2020-09-22,0.438746,1190.326905
2020-09-23,-1.467264,1172.861666
2020-09-24,-0.429984,1167.818553
2020-09-25,1.034218,1179.896346
2020-09-28,1.619375,1199.003291
2020-09-29,-0.191765,1196.704021
2020-09-30,0.438448,1201.950947
2020-10-01,0.517314,1208.168803
2020-10-02,-0.678044,1199.976882
2020-10-05,1.642895,1219.691239
2020-10-06,-0.635106,1211.944912
2020-10-07,1.047759,1224.643175
2020-10-08,0.780354,1234.199724
2020-10-09,0.793757,1243.996266
2020-10-12,1.241397,1259.439196
2020-10-13,-0.493613,1253.222439
2020-10-14,-0.378013,1248.485095
2020-10-15,-0.793395,1238.579672
2020-10-16,0.191817,1240.955483
2020-10-19,-0.760501,1231.518008
2020-10-20,0.248596,1234.579513
2020-10-21,-0.129969,1232.974944
2020-10-22,0.105543,1234.276261
2020-10-23,0.348472,1238.577363
2020-10-26,-1.517780,1219.778488
2020-10-27,-0.268535,1216.502960
2020-10-28,-2.893336,1181.305441
2020-10-29,0.446578,1186.580890
2020-10-30,-1.142330,1173.026221
2020-11-02,1.243156,1187.608763
2020-11-03,1.839709,1209.457306
2020-11-04,1.907460,1232.527221
2020-11-05,2.165080,1259.212419
2020-11-06,0.241985,1262.259521
2020-11-09,1.313520,1278.839551
2020-11-10,0.050799,1279.489184
2020-11-11,0.726309,1288.782229
2020-11-12,-0.600283,1281.045893
2020-11-13,0.769954,1290.909354
2020-11-16,1.270712,1307.313097
2020-11-17,-0.112675,1305.840088
2020-11-18,-0.439048,1300.106819
2020-11-19,0.030741,1300.506490
2020-11-20,-0.120040,1298.945366
2020-11-23,0.363226,1303.663468
2020-11-24,1.439780,1322.433350
2020-11-25,0.005846,1322.510658
2020-11-26,0.138252,1324.339053
2020-11-27,0.399570,1329.630714
2020-11-30,-0.870932,1318.050532
2020-12-01,1.086587,1332.372291
2020-12-02,0.220776,1335.313846
2020-12-03,0.371426,1340.273554
2020-12-04,0.735362,1350.129419
2020-12-07,-0.097386,1348.814580
2020-12-08,0.214990,1351.714396
2020-12-09,-0.456069,1345.549648
2020-12-10,0.031175,1345.969119
2020-12-11,-0.190896,1343.399714
2020-12-14,-0.146883,1341.426492
2020-12-15,0.803930,1352.210615
2020-12-16,0.506667,1359.061823
2020-12-17,0.765520,1369.465716
2020-12-18,-0.320282,1365.079570
2020-12-21,-0.810354,1354.017597
2020-12-22,-0.144863,1352.056131
2020-12-23,0.375801,1357.137168
2020-12-24,0.209028,1359.973968
2020-12-25,0.025026,1360.314313
2020-12-28,0.542942,1367.700025
2020-12-29,0.352572,1372.522158
2020-12-30,0.368899,1377.585382
2020-12-31,0.155857,1379.732449
2021-01-01,0.005043,1379.802029
2021-01-04,-0.505532,1372.826688
2021-01-05,0.625812,1381.418007
2021-01-06,0.446955,1387.592323
2021-01-07,1.197627,1404.210501
2021-01-08,0.928573,1417.249626
2021-01-11,-0.769919,1406.337950
2021-01-12,0.177740,1408.837582
2021-01-13,0.279259,1412.771888
2021-01-14,0.018365,1413.031350
2021-01-15,-0.859944,1400.880068
2021-01-18,-0.029353,1400.468865
2021-01-19,0.831910,1412.119503
2021-01-20,1.112108,1427.823793
2021-01-21,0.182419,1430.428419
2021-01-22,-0.438122,1424.161402
2021-01-25,0.211900,1427.179202
2021-01-26,-0.297899,1422.927645
2021-01-27,-2.040573,1393.891767
2021-01-28,0.312233,1398.243951
2021-01-29,-1.748888,1373.790231
2021-02-01,1.499390,1394.388701
2021-02-02,1.293099,1412.419522
2021-02-03,0.303347,1416.704055
2021-02-04,0.581604,1424.943663
2021-02-05,0.577832,1433.177448
2021-02-08,0.742923,1443.824859
2021-02-09,0.183211,1446.470108
2021-02-10,0.201913,1449.390718
2021-02-11,0.261314,1453.178175
2021-02-12,0.372167,1458.586428
2021-02-15,0.417914,1464.682072
2021-02-16,0.008766,1464.810462
2021-02-17,-0.335301,1459.898937
2021-02-18,-0.580016,1451.431287
2021-02-19,0.160817,1453.765440
2021-02-22,-0.872040,1441.088031
2021-02-23,0.042321,1441.697907
2021-02-24,0.201104,1444.597215
2021-02-25,-1.212848,1427.076443
2021-02-26,-1.475399,1406.021371
2021-03-01,2.040640,1434.713208
2021-03-02,-0.506065,1427.452624
2021-03-03,-0.640186,1418.314265
2021-03-04,-1.381169,1398.724945
2021-03-05,0.640101,1407.678196
2021-03-08,-0.502133,1400.609777
2021-03-09,1.357689,1419.625699
2021-03-10,0.501345,1426.742925
2021-03-11,1.296341,1445.238375
2021-03-12,-0.042603,1444.622664
2021-03-15,0.376827,1450.066398
2021-03-16,0.145986,1452.183298
2021-03-17,0.040537,1452.771971
2021-03-18,-0.689085,1442.761132
2021-03-19,-0.287527,1438.612803
2021-03-22,0.414652,1444.578047
2021-03-23,-0.790084,1433.164671
2021-03-24,-0.891905,1420.382210
2021-03-25,0.161115,1422.670658
2021-03-26,1.446682,1443.252180
2021-03-29,-0.072986,1442.198808
2021-03-30,-0.035425,1441.687909
2021-03-31,0.182738,1444.322426
2021-04-01,1.075690,1459.858861
2021-04-02,0.081380,1461.046889
2021-04-05,0.964885,1475.144315
2021-04-06,0.185434,1477.879736
2021-04-07,0.072664,1478.953619
2021-04-08,0.500149,1486.350589
2021-04-09,0.317619,1491.071525
2021-04-12,-0.161102,1488.669386
2021-04-13,0.347145,1493.837231
2021-04-14,-0.008929,1493.703843
2021-04-15,0.894358,1507.062909
2021-04-16,0.420655,1513.402451
2021-04-19,-0.256903,1509.514473
2021-04-20,-0.836907,1496.881242
2021-04-21,0.413876,1503.076482
2021-04-22,-0.214919,1499.846091
2021-04-23,0.776074,1511.486004
2021-04-26,0.371223,1517.096992
2021-04-27,-0.104058,1515.518327
2021-04-28,0.032961,1516.017862
2021-04-29,0.345256,1521.252011
2021-04-30,-0.866659,1508.067951
2021-05-03,0.214235,1511.298755
2021-05-04,-0.807373,1499.096943
2021-05-05,0.298706,1503.574831
2021-05-06,0.671792,1513.675727
2021-05-07,0.904561,1527.367848
2021-05-10,-0.529025,1519.287690
2021-05-11,-1.136883,1502.015168
2021-05-12,-1.660144,1477.079552
2021-05-13,0.284315,1481.279106
2021-05-14,1.544842,1504.162522
2021-05-17,-0.086455,1502.862102
2021-05-18,0.055589,1503.697521
2021-05-19,-0.573439,1495.074736
2021-05-20,0.973683,1509.632031
2021-05-21,0.038183,1510.208450
2021-05-24,0.678405,1520.453779
2021-05-25,0.157797,1522.853011
2021-05-26,0.180699,1525.604791
2021-05-27,0.067461,1526.633978
2021-05-28,0.327552,1531.634491
2021-05-31,0.046585,1532.347996
2021-06-01,0.326232,1537.347002
2021-06-02,0.103718,1538.941512
2021-06-03,-0.412951,1532.586439
2021-06-04,0.698831,1543.296633
2021-06-07,0.099088,1544.825855
2021-06-08,-0.001557,1544.801796
2021-06-09,-0.188464,1541.890398
2021-06-10,0.376139,1547.690048
2021-06-11,0.183881,1550.535962
2021-06-14,0.233957,1554.163551
2021-06-15,-0.116240,1552.356991
2021-06-16,-0.329343,1547.244415
2021-06-17,-0.405941,1540.963519
2021-06-18,-1.241582,1521.831198
2021-06-21,0.724937,1532.863510
2021-06-22,0.521997,1540.865012
2021-06-23,0.041638,1541.506605
2021-06-24,0.528278,1549.650048
2021-06-25,0.452398,1556.660627
2021-06-28,0.024592,1557.043444
2021-06-29,-0.034516,1556.506017
2021-06-30,-0.222362,1553.044934
2021-07-01,0.262943,1557.128563
2021-07-02,0.404407,1563.425705
2021-07-05,0.104933,1565.066261
2021-07-06,-0.273227,1560.790074
2021-07-07,0.157418,1563.247043
2021-07-08,-0.997731,1547.650050
2021-07-09,0.915663,1561.821301
2021-07-12,0.516378,1569.886195
2021-07-13,-0.137031,1567.734960
2021-07-14,-0.021872,1567.392066
2021-07-15,-0.330563,1562.210854
2021-07-16,-0.619605,1552.531325
2021-07-19,-1.628899,1527.242155
2021-07-20,0.833449,1539.970947
2021-07-21,0.910214,1553.987978
2021-07-22,0.428341,1560.644343
2021-07-23,0.606617,1570.111475
2021-07-26,-0.057350,1569.211020
2021-07-27,-0.585887,1560.017224
2021-07-28,0.167917,1562.636760
2021-07-29,0.847673,1575.882817
2021-07-30,-0.741594,1564.196162
2021-08-02,0.371052,1570.000148
2021-08-03,0.450352,1577.070669
2021-08-04,-0.097318,1575.535889
2021-08-05,0.441050,1582.484787
2021-08-06,-0.180414,1579.629766
2021-08-09,-0.007464,1579.511867
2021-08-10,0.127744,1581.529595
2021-08-11,0.276144,1585.896899
2021-08-12,0.143107,1588.166431
2021-08-13,0.179047,1591.010001
2021-08-16,-0.160420,1588.457704
2021-08-17,-0.756066,1576.447914
2021-08-18,-0.564054,1567.555894
2021-08-19,-0.679549,1556.903584
2021-08-20,0.379427,1562.810901
2021-08-23,1.099668,1579.996633
2021-08-24,0.571242,1589.022234
2021-08-25,0.160485,1591.572376
2021-08-26,-0.516351,1583.354279
2021-08-27,0.726877,1594.863315
2021-08-30,0.489068,1602.663284
2021-08-31,0.073066,1603.834282
2021-09-01,0.329268,1609.115198
2021-09-02,0.298673,1613.921185
2021-09-03,0.109200,1615.683581
2021-09-06,0.240626,1619.571332
2021-09-07,-0.281353,1615.014625
2021-09-08,-0.437836,1607.943513
2021-09-09,-0.421079,1601.172798
2021-09-10,-0.306368,1596.267312
2021-09-13,0.046951,1597.016783
2021-09-14,-0.315545,1591.977478
2021-09-15,0.264043,1596.180978
2021-09-16,-0.246754,1592.242334
2021-09-17,-0.709422,1580.946611
2021-09-20,-1.627284,1555.220119
2021-09-21,0.138772,1557.378328
2021-09-22,0.726542,1568.693334
2021-09-23,1.023914,1584.755398
2021-09-24,-0.149284,1582.389609
2021-09-27,-0.203079,1579.176104
2021-09-28,-1.841538,1550.094972
2021-09-29,-0.144636,1547.852974
2021-09-30,-0.619289,1538.267293
2021-10-01,0.414409,1544.642009
2021-10-04,-0.956568,1529.866463
2021-10-05,0.694037,1540.484297
2021-10-06,-0.096121,1539.003566
2021-10-07,1.162441,1556.893572
2021-10-08,-0.043160,1556.221619
2021-10-11,-0.270690,1552.009075
2021-10-12,-0.312535,1547.158497
2021-10-13,0.481591,1554.609470
2021-10-14,1.389510,1576.210923
2021-10-15,0.870171,1589.926651
2021-10-18,0.127083,1591.947172
2021-10-19,0.735571,1603.657072
2021-10-20,0.384503,1609.823179
2021-10-21,0.060771,1610.801491
2021-10-22,-0.029418,1610.327627
2021-10-25,0.284422,1614.907756
2021-10-26,0.201428,1618.160628
2021-10-27,-0.546439,1609.318365
2021-10-28,0.710327,1620.749792
2021-10-29,-0.220279,1617.179623
2021-11-01,0.440119,1624.297145
2021-11-02,0.138939,1626.553934
2021-11-03,0.449370,1633.863174
2021-11-04,0.403483,1640.455542
2021-11-05,0.179233,1643.395772
2021-11-08,0.196242,1646.620804
2021-11-09,-0.228405,1642.859840
2021-11-10,-0.693504,1631.466536
2021-11-11,0.080308,1632.776729
2021-11-12,0.648368,1643.363123
2021-11-15,0.091854,1644.872620
2021-11-16,0.188404,1647.971629
2021-11-17,-0.319728,1642.702606
2021-11-18,0.038513,1643.335259
2021-11-19,-0.217441,1639.761974
2021-11-22,-0.564001,1630.513700
2021-11-23,-0.181474,1627.554735
2021-11-24,0.017149,1627.833840
2021-11-25,0.137366,1630.069936
2021-11-26,-2.233790,1593.657598
2021-11-29,0.640393,1603.863276
2021-11-30,-1.567126,1578.728710
2021-12-01,-0.253206,1574.731280
2021-12-02,0.772385,1586.894270
2021-12-03,-0.807857,1574.074431
2021-12-06,0.785748,1586.442683
2021-12-07,2.104832,1619.834637
2021-12-08,0.392868,1626.198454
2021-12-09,-0.592730,1616.559480
2021-12-10,0.356008,1622.314560
2021-12-13,-0.799830,1609.338802
2021-12-14,-0.739002,1597.445758
2021-12-15,0.976826,1613.050017
2021-12-16,-0.123420,1611.059196
2021-12-17,-0.837700,1597.563351
2021-12-20,-1.348415,1576.021560
2021-12-21,1.616832,1601.503184
2021-12-22,0.946829,1616.666683
2021-12-23,0.720403,1628.313195
2021-12-24,0.031512,1628.826307
2021-12-27,0.867627,1642.958438
2021-12-28,0.092284,1644.474633
2021-12-29,0.064495,1645.535230
2021-12-30,-0.132791,1643.350115
2021-12-31,-0.058756,1642.384553
2022-01-03,0.283434,1647.039627
2022-01-04,0.200650,1650.344407
2022-01-05,-1.338892,1628.248079
2022-01-06,-0.556832,1619.181474
2022-01-07,-0.101383,1617.539898
2022-01-10,-0.261333,1613.312725
2022-01-11,0.862309,1627.224471
2022-01-12,0.802438,1640.281934
2022-01-13,-0.910836,1625.341661
2022-01-14,-0.302754,1620.420878
2022-01-17,0.057561,1621.353616
2022-01-18,-1.564878,1595.981418
2022-01-19,-0.739061,1584.186140
2022-01-20,-0.311261,1579.255191
2022-01-21,-1.741787,1551.747932
2022-01-24,-0.778981,1539.660109
2022-01-25,-0.992085,1524.385369
2022-01-26,0.135381,1526.449093
2022-01-27,-0.906223,1512.616064
2022-01-28,1.500816,1535.317649
2022-01-31,1.739873,1562.030228
2022-02-01,0.852791,1575.351075
2022-02-02,0.773868,1587.542220
2022-02-03,-1.769273,1559.454258
2022-02-04,0.375098,1565.303745
2022-02-07,-0.073966,1564.145958
2022-02-08,0.516226,1572.220485
2022-02-09,1.570628,1596.914217
2022-02-10,-0.930755,1582.050865
2022-02-11,-1.485606,1558.547822
2022-02-14,-0.986486,1543.172972
2022-02-15,1.345139,1563.930791
2022-02-16,0.330460,1569.098959
2022-02-17,-1.473680,1545.975458
2022-02-18,-0.844281,1532.923077
2022-02-21,-0.345267,1527.630402
2022-02-22,-0.900039,1513.881137
2022-02-23,-1.200495,1495.707076
2022-02-24,-0.592424,1486.846150
2022-02-25,2.440653,1523.134906
2022-02-28,-0.064327,1522.155124
2022-03-01,-1.348075,1501.635332
2022-03-02,0.932132,1515.632561
2022-03-03,-0.597121,1506.582406
2022-03-04,-1.648602,1481.744859
2022-03-07,-2.727021,1441.337367
2022-03-08,-0.788595,1429.971050
2022-03-09,2.622182,1467.467493
2022-03-10,-0.166417,1465.025380
2022-03-11,-1.140900,1448.310900
2022-03-14,-0.725938,1437.797064
2022-03-15,0.947662,1451.422521
2022-03-16,2.772132,1491.657873
2022-03-17,1.791100,1518.374960
2022-03-18,0.894901,1531.962917
2022-03-21,-0.086351,1530.640055
2022-03-22,1.058287,1546.838621
2022-03-23,-0.709465,1535.864345
2022-03-24,0.820503,1548.466151
2022-03-25,0.117930,1550.292263
2022-03-28,0.368926,1556.011698
2022-03-29,1.546155,1580.070051
2022-03-30,-0.208450,1576.776397
2022-03-31,-1.316255,1556.022004
2022-04-01,0.157451,1558.471971
2022-04-04,0.862460,1571.913175
2022-04-05,-0.958773,1556.842103
2022-04-06,-1.214956,1537.927155
2022-04-07,-0.086958,1536.589799
2022-04-08,-0.026425,1536.183758
2022-04-11,-1.318655,1515.926787
2022-04-12,-0.386609,1510.066071
2022-04-13,0.861531,1523.075765
2022-04-14,-0.735096,1511.879692
2022-04-15,-0.073567,1510.767448
2022-04-18,-0.226635,1507.343525
2022-04-19,0.827986,1519.824120
2022-04-20,0.295215,1524.310865
2022-04-21,-1.109416,1507.399920
2022-04-22,-2.440313,1470.614642
2022-04-25,-0.443027,1464.099417
2022-04-26,-2.023459,1434.473959
2022-04-27,-0.160016,1432.178577
2022-04-28,1.833032,1458.430862
2022-04-29,-1.808355,1432.057256
2022-05-02,0.006683,1432.152960
2022-05-03,0.399746,1437.877939
2022-05-04,1.672347,1461.924252
2022-05-05,-2.531269,1424.919015
2022-05-06,-0.962723,1411.200993
2022-05-09,-3.077431,1367.772255
2022-05-10,0.103487,1369.187725
2022-05-11,-0.763416,1358.735132
2022-05-12,-0.654436,1349.843083
2022-05-13,2.278046,1380.593126
2022-05-16,-0.198830,1377.848096
2022-05-17,2.011305,1405.560831
2022-05-18,-2.607093,1368.916557
2022-05-19,-0.621946,1360.402639
2022-05-20,0.378707,1365.554576
2022-05-23,1.563938,1386.911001
2022-05-24,-0.886871,1374.610883
2022-05-25,0.683582,1384.007476
2022-05-26,1.486670,1404.583105
2022-05-27,2.132114,1434.530422
2022-05-30,0.624569,1443.490054
2022-05-31,-0.605422,1434.750855
2022-06-01,-0.740762,1424.122759
2022-06-02,1.336236,1443.152402
2022-06-03,-1.102941,1427.235278
2022-06-06,0.460632,1433.809577
2022-06-07,0.387637,1439.367556
2022-06-08,-0.556215,1431.361572
2022-06-09,-2.015030,1402.519209
2022-06-10,-2.733818,1364.176887
2022-06-13,-3.652976,1314.343834
2022-06-14,-0.625356,1306.124501
2022-06-15,1.105337,1320.561574
2022-06-16,-2.403894,1288.816677
2022-06-17,-0.206489,1286.155411
2022-06-20,0.280628,1289.764723
2022-06-21,1.914300,1314.454684
2022-06-22,-0.480221,1308.142402
2022-06-23,0.444868,1313.961912
2022-06-24,2.628841,1348.503877
2022-06-27,0.318731,1352.801983
2022-06-28,-1.280031,1335.485700
2022-06-29,-0.483898,1329.023312
2022-06-30,-1.100482,1314.397654
2022-07-01,0.387592,1319.492153
2022-07-04,0.290675,1323.327580
2022-07-05,-0.476822,1317.017665
2022-07-06,0.135231,1318.798683
2022-07-07,1.589997,1339.767543
2022-07-08,0.120556,1341.382716
2022-07-11,-1.272860,1324.308792
2022-07-12,-0.781961,1313.953212
2022-07-13,-0.291057,1310.128855
2022-07-14,-0.873554,1298.684177
2022-07-15,1.635661,1319.926243
2022-07-18,0.188114,1322.409212
2022-07-19,2.089128,1350.036032
2022-07-20,0.604650,1358.199027
2022-07-21,0.722320,1368.009573
2022-07-22,-0.436613,1362.036665
2022-07-25,-0.020482,1361.757691
2022-07-26,-0.859857,1350.048516
2022-07-27,1.712052,1373.162048
2022-07-28,1.251873,1390.352294
2022-07-29,1.172220,1406.650278
2022-08-01,0.110525,1408.204975
2022-08-02,-0.795662,1397.000419
2022-08-03,0.899637,1409.568356
2022-08-04,0.318230,1414.054018
2022-08-05,-0.210717,1411.074363
2022-08-08,0.208839,1414.021243
2022-08-09,-0.484890,1407.164796
2022-08-10,1.895309,1433.834910
2022-08-11,0.182148,1436.446618
2022-08-12,1.091526,1452.125808
2022-08-15,0.235588,1455.546849
2022-08-16,0.057437,1456.382869
2022-08-17,-0.645941,1446.975489
2022-08-18,0.070964,1448.002315
2022-08-19,-1.305391,1429.100228
2022-08-22,-1.743450,1404.184583
2022-08-23,-0.210092,1401.234506
2022-08-24,0.139072,1403.183226
2022-08-25,1.267044,1420.962171
2022-08-26,-2.340880,1387.699151
2022-08-29,-1.012405,1373.650009
2022-08-30,-0.757500,1363.244616
2022-08-31,-0.574486,1355.412966
2022-09-01,-0.748187,1345.271946
2022-09-02,-0.212548,1342.412593
2022-09-05,-0.334344,1337.924317
2022-09-06,-0.425414,1332.232598
2022-09-07,0.903175,1344.264993
2022-09-08,0.772665,1354.651655
2022-09-09,1.735522,1378.161935
2022-09-12,1.299519,1396.071411
2022-09-13,-3.248237,1350.723698
2022-09-14,-0.236232,1347.532858
2022-09-15,-0.909016,1335.283575
2022-09-16,-0.944868,1322.666902
2022-09-19,0.326309,1326.982882
2022-09-20,-0.822646,1316.066506
2022-09-21,-1.455899,1296.905907
2022-09-22,-1.071260,1283.012674
2022-09-23,-2.015815,1257.149507
2022-09-26,-1.307588,1240.711171
2022-09-27,-0.121673,1239.201565
2022-09-28,1.096741,1252.792394
2022-09-29,-1.325017,1236.192681
2022-09-30,-0.805978,1226.229237
2022-10-03,1.922757,1249.806642
2022-10-04,3.222837,1290.085872
2022-10-05,-0.215394,1287.307099
2022-10-06,-0.739620,1277.785922
2022-10-07,-2.329769,1248.016466
2022-10-10,-0.973107,1235.871937
2022-10-11,-0.970016,1223.883782
2022-10-12,-0.309398,1220.097107
2022-10-13,1.524123,1238.692889
2022-10-14,-1.183008,1224.039056
2022-10-17,2.098052,1249.720033
2022-10-18,1.121974,1263.741569
2022-10-19,-0.835057,1253.188603
2022-10-20,-0.373331,1248.510063
2022-10-21,1.222546,1263.773669
2022-10-24,0.836466,1274.344702
2022-10-25,1.623905,1295.038849
2022-10-26,0.024988,1295.362453
2022-10-27,-0.332537,1291.054899
2022-10-28,1.169406,1306.152575
2022-10-31,-0.429550,1300.541990
2022-11-01,0.188328,1302.991277
2022-11-02,-1.573909,1282.483381
2022-11-03,-1.278224,1266.090369
2022-11-04,1.735916,1288.068639
2022-11-07,1.097369,1302.203501
2022-11-08,0.781724,1312.383134
2022-11-09,-1.559489,1291.916664
2022-11-10,4.382463,1348.534436
2022-11-11,1.813877,1372.995196
2022-11-14,-0.609372,1364.628550
2022-11-15,1.064928,1379.160856
2022-11-16,-0.744652,1368.890909
2022-11-17,-0.627369,1360.302915
2022-11-18,0.569398,1368.048459
2022-11-21,-0.742029,1357.897147
2022-11-22,1.154634,1373.575891
2022-11-23,0.791943,1384.453830
2022-11-24,0.441879,1390.571446
2022-11-25,-0.124014,1388.846945
2022-11-28,-1.279099,1371.082221
2022-11-29,0.086691,1372.270824
2022-11-30,2.167383,1402.013192
2022-12-01,0.743734,1412.440439
2022-12-02,-0.305786,1408.121387
2022-12-05,-1.078327,1392.937235
2022-12-06,-1.247317,1375.562897
2022-12-07,-0.417800,1369.815791
2022-12-08,0.663589,1378.905737
2022-12-09,-0.138965,1376.989539
2022-12-12,0.523342,1384.195906
2022-12-13,1.082559,1399.180645
2022-12-14,-0.225156,1396.030304
2022-12-15,-2.391988,1362.637421
2022-12-16,-1.070758,1348.046878
2022-12-19,-0.676568,1338.926420
2022-12-20,0.165321,1341.139945
2022-12-21,1.196817,1357.190931
2022-12-22,-0.938856,1344.448857
2022-12-23,0.234083,1347.595983
2022-12-26,0.030060,1348.001070
2022-12-27,-0.115597,1346.442821
2022-12-28,-0.851382,1334.979445
2022-12-29,1.259478,1351.793219
2022-12-30,-0.325002,1347.399869
2023-01-02,0.156264,1349.505373
2023-01-03,-0.136272,1347.666379
2023-01-04,0.939734,1360.330858
2023-01-05,-0.876147,1348.412364
2023-01-06,1.933402,1374.482597
2023-01-09,0.749504,1384.784404
2023-01-10,0.273068,1388.565804
2023-01-11,1.011863,1402.616184
2023-01-12,0.658390,1411.850865
2023-01-13,0.640364,1420.891850
2023-01-16,0.019211,1421.164818
2023-01-17,-0.020695,1420.870704
2023-01-18,-0.711173,1410.765859
2023-01-19,-0.935672,1397.565713
2023-01-20,1.414393,1417.332788
2023-01-23,0.990605,1431.372960
2023-01-24,0.039450,1431.937642
2023-01-25,0.050559,1432.661613
2023-01-26,0.798412,1444.100160
2023-01-27,0.250227,1447.713691
2023-01-30,-0.914541,1434.473756
2023-01-31,0.686116,1444.315908
2023-02-01,0.918615,1457.583605
2023-02-02,1.228676,1475.492588
2023-02-03,-0.913862,1462.008628
2023-02-06,-1.111985,1445.751316
2023-02-07,0.868307,1458.304870
2023-02-08,-0.526354,1450.629028
2023-02-09,-0.309702,1446.136394
2023-02-10,-0.311566,1441.630726
2023-02-13,0.841735,1453.765443
2023-02-14,0.100068,1455.220196
2023-02-15,0.004327,1455.283158
2023-02-16,-0.703401,1445.046689
2023-02-17,-0.459360,1438.408716
2023-02-20,0.173641,1440.906378
2023-02-21,-1.478873,1419.597202
2023-02-22,-0.449104,1413.221731
2023-02-23,0.293181,1417.365024
2023-02-24,-1.165063,1400.851827
2023-02-27,0.445184,1407.088191
2023-02-28,-0.260033,1403.429303
2023-03-01,-0.020680,1403.139072
2023-03-02,0.398370,1408.728763
2023-03-03,1.348201,1427.721264
2023-03-06,0.283153,1431.763895
2023-03-07,-1.339152,1412.590403
2023-03-08,-0.089181,1411.330639
2023-03-09,-1.181341,1394.658010
2023-03-10,-1.259887,1377.086894
2023-03-13,-0.385494,1371.778308
2023-03-14,0.861614,1383.597739
2023-03-15,-1.170601,1367.401333
2023-03-16,1.304920,1385.244824
2023-03-17,-0.604662,1376.868782
2023-03-20,0.643738,1385.732212
2023-03-21,1.231927,1402.803422
2023-03-22,-0.732478,1392.528199
2023-03-23,0.553152,1400.230997
2023-03-24,-0.192376,1397.537286
2023-03-27,0.239892,1400.889860
2023-03-28,0.156406,1403.080932
2023-03-29,1.255291,1420.693684
2023-03-30,0.812581,1432.237976
2023-03-31,1.077819,1447.674908
2023-04-03,0.383510,1453.226890
2023-04-04,-0.225334,1449.952270
2023-04-05,-0.386390,1444.349797
2023-04-06,0.177021,1446.906602
2023-04-07,0.038131,1447.458327
2023-04-10,-0.111865,1445.839127
2023-04-11,0.431748,1452.081515
2023-04-12,-0.067849,1451.096299
2023-04-13,1.126048,1467.436337
2023-04-14,-0.063673,1466.501972
2023-04-17,0.085111,1467.750128
2023-04-18,0.238558,1471.251559
2023-04-19,-0.187879,1468.487389
2023-04-20,-0.338844,1463.511509
2023-04-21,-0.078419,1462.363836
2023-04-24,0.112675,1464.011561
2023-04-25,-1.294108,1445.065673
2023-04-26,-0.279884,1441.021170
2023-04-27,1.216649,1458.553340
2023-04-28,0.727885,1469.169928
2023-05-01,-0.076402,1468.047452
2023-05-02,-0.983784,1453.605030
2023-05-03,-0.255475,1449.891439
2023-05-04,-0.448413,1443.389935
2023-05-05,1.448824,1464.302112
2023-05-08,0.269765,1468.252288
2023-05-09,-0.442850,1461.750130
2023-05-10,0.209543,1464.813124
2023-05-11,-0.233335,1461.395197
2023-05-12,-0.199542,1458.479094
2023-05-15,0.390798,1464.178805
2023-05-16,-0.513565,1456.659296
2023-05-17,0.568099,1464.934556
2023-05-18,0.658153,1474.576072
2023-05-19,0.081511,1475.778009
2023-05-22,0.184603,1478.502333
2023-05-23,-0.947941,1464.486998
2023-05-24,-0.970418,1450.275357
2023-05-25,0.185878,1452.971099
2023-05-26,1.096704,1468.905896
2023-05-29,0.069080,1469.920620
2023-05-30,-0.144672,1467.794050
2023-05-31,-0.906957,1454.481784
2023-06-01,1.044020,1469.666870
2023-06-02,1.575267,1492.818048
2023-06-05,-0.066814,1491.820642
2023-06-06,0.263679,1495.754260
2023-06-07,-0.273043,1491.670205
2023-06-08,0.482588,1498.868832
2023-06-09,0.202832,1501.909024
2023-06-12,0.642305,1511.555863
2023-06-13,0.847181,1524.361473
2023-06-14,0.338616,1529.523199
2023-06-15,0.925211,1543.674515
2023-06-16,-0.052535,1542.863548
2023-06-19,-0.284453,1538.474820
2023-06-20,-0.569400,1529.714745
2023-06-21,-0.444550,1522.914395
2023-06-22,0.055483,1523.759356
2023-06-23,-0.950754,1509.272153
2023-06-26,-0.251614,1505.474611
2023-06-27,0.877299,1518.682129
2023-06-28,0.083409,1519.948844
2023-06-29,0.251263,1523.767906
2023-06-30,1.037269,1539.573475
2023-07-03,0.334082,1544.716915
2023-07-04,0.032056,1545.212087
2023-07-05,-0.388794,1539.204391
2023-07-06,-1.245716,1520.030279
2023-07-07,-0.041741,1519.395797
2023-07-10,0.225199,1522.817463
2023-07-11,0.817214,1535.262136
2023-07-12,1.147658,1552.881688
2023-07-13,1.142610,1570.625064
2023-07-14,0.033901,1571.157525
2023-07-17,0.113033,1572.933446
2023-07-18,0.549403,1581.575197
2023-07-19,0.135904,1583.724621
2023-07-20,-0.545473,1575.085838
2023-07-21,-0.064325,1574.072668
2023-07-24,0.251611,1578.033210
2023-07-25,0.433526,1584.874390
2023-07-26,-0.021441,1584.534579
2023-07-27,-0.260823,1580.401745
2023-07-28,0.780658,1592.739278
2023-07-31,0.229327,1596.391861
2023-08-01,-0.492085,1588.536253
2023-08-02,-1.641827,1562.455230
2023-08-03,-0.344525,1557.072174
2023-08-04,-0.076026,1555.888398
2023-08-07,0.501945,1563.698097
2023-08-08,-0.596648,1554.368324
2023-08-09,-0.294862,1549.785089
2023-08-10,0.281946,1554.154651
2023-08-11,-0.461505,1546.982156
2023-08-14,0.015964,1547.229118
2023-08-15,-0.899096,1533.318038
2023-08-16,-0.735803,1522.035844
2023-08-17,-0.730452,1510.918104
2023-08-18,-0.228287,1507.468870
2023-08-21,0.353635,1512.799804
2023-08-22,0.039516,1513.397608
2023-08-23,0.917782,1527.287303
2023-08-24,-0.821103,1514.746700
2023-08-25,0.062069,1515.686893
2023-08-28,0.807854,1527.931430
2023-08-29,1.319935,1548.099135
2023-08-30,0.504009,1555.901699
2023-08-31,-0.223973,1552.416902
2023-09-01,0.165871,1554.991918
2023-09-04,0.128177,1556.985059
2023-09-05,-0.598822,1547.661489
2023-09-06,-0.574025,1538.777526
2023-09-07,-0.330511,1533.691698
2023-09-08,0.058797,1534.593464
2023-09-11,0.670875,1544.888672
2023-09-12,-0.424083,1538.337060
2023-09-13,0.022095,1538.676949
2023-09-14,0.889850,1552.368871
2023-09-15,-0.617481,1542.783292
2023-09-18,-0.238981,1539.096337
2023-09-19,-0.167299,1536.521446
2023-09-20,-0.477188,1529.189353
2023-09-21,-1.688719,1503.365638
2023-09-22,-0.101523,1501.839372
2023-09-25,-0.076413,1500.691770
2023-09-26,-1.190362,1482.828100
2023-09-27,-0.110689,1481.186769
2023-09-28,0.492843,1488.486694
2023-09-29,0.019297,1488.773934
2023-10-02,-0.466668,1481.826300
2023-10-03,-1.365059,1461.598492
2023-10-04,0.230120,1464.961917
2023-10-05,0.218202,1468.158487
2023-10-06,1.004924,1482.912364
2023-10-09,0.404023,1488.903666
2023-10-10,1.017709,1504.056369
2023-10-11,0.500380,1511.582364
2023-10-12,-0.402064,1505.504837
2023-10-13,-0.804278,1493.396397
2023-10-16,0.669445,1503.393865
2023-10-17,0.157152,1505.756476
2023-10-18,-1.226400,1487.289879
2023-10-19,-0.990999,1472.550849
2023-10-20,-1.108457,1456.228251
2023-10-23,-0.233425,1452.829045
2023-10-24,0.523025,1460.427702
2023-10-25,-0.944965,1446.627168
2023-10-26,-1.116865,1430.470302
2023-10-27,-0.185550,1427.816059
2023-10-30,0.867028,1440.195626
2023-10-31,0.288065,1444.344327
2023-11-01,0.943438,1457.970818
2023-11-02,1.935072,1486.183604
2023-11-03,1.183233,1503.768612
2023-11-06,0.409166,1509.921524
2023-11-07,-0.152931,1507.612391
2023-11-08,0.004090,1507.674048
2023-11-09,-0.289525,1503.308960
2023-11-10,0.598982,1512.313517
2023-11-13,0.169078,1514.870510
2023-11-14,1.905567,1543.737387
2023-11-15,0.634252,1553.528578
2023-11-16,-0.052899,1552.706776
2023-11-17,0.309009,1557.504782
2023-11-20,0.699805,1568.404282
2023-11-21,-0.113172,1566.629283
2023-11-22,0.103253,1568.246879
2023-11-23,0.171494,1570.936329
2023-11-24,0.111546,1572.688646
2023-11-27,-0.241448,1568.891415
2023-11-28,0.221866,1572.372248
2023-11-29,0.026605,1572.790579
2023-11-30,0.352754,1578.338665
2023-12-01,0.456590,1585.545204
2023-12-04,-0.430856,1578.713782
2023-12-05,-0.183987,1575.809154
2023-12-06,-0.031742,1575.308959
2023-12-07,0.447957,1582.365672
2023-12-08,0.342898,1587.791580
2023-12-11,0.252362,1591.798560
2023-12-12,0.363387,1597.582944
2023-12-13,0.951056,1612.776849
2023-12-14,1.026878,1629.338103
2023-12-15,0.011753,1629.529596
2023-12-18,0.119322,1631.473979
2023-12-19,0.642007,1641.948162
2023-12-20,-0.896660,1627.225463
2023-12-21,0.681393,1638.313270
2023-12-22,0.144073,1640.673643
2023-12-25,0.016698,1640.947609
2023-12-26,0.344330,1646.597884
2023-12-27,0.508965,1654.978496
2023-12-28,0.222233,1658.656397
2023-12-29,-0.238227,1654.705023
2024-01-01,0.011580,1654.896633
2024-01-02,-0.751135,1642.466128
2024-01-03,-0.980233,1626.366126
2024-01-04,-0.022404,1626.001747
2024-01-05,0.162133,1628.638026
2024-01-08,0.894838,1643.211705
2024-01-09,-0.216113,1639.660514
2024-01-10,0.373538,1645.785268
2024-01-11,-0.056008,1644.863504
2024-01-12,0.333370,1650.346989
2024-01-15,-0.100923,1648.681413
2024-01-16,-0.699236,1637.153236
2024-01-17,-0.950737,1621.588221
2024-01-18,0.693212,1632.829263
2024-01-19,1.024684,1649.560599
2024-01-22,0.323188,1654.891785
2024-01-23,0.112105,1656.747003
2024-01-24,0.486948,1664.814508
2024-01-25,0.310836,1669.989343
2024-01-26,0.076983,1671.274948
2024-01-29,0.616270,1681.574513
2024-01-30,-0.079203,1680.242659
2024-01-31,-0.921270,1664.763092
2024-02-01,0.671097,1675.935272
2024-02-02,0.646395,1686.768435
2024-02-05,-0.438871,1679.365698
2024-02-06,0.475292,1687.347582
2024-02-07,0.598000,1697.437916
2024-02-08,-0.011771,1697.238118
2024-02-09,0.413341,1704.253500
2024-02-12,-0.003828,1704.188254
2024-02-13,-1.102434,1685.400701
2024-02-14,0.740747,1697.885254
2024-02-15,0.773647,1711.020887
2024-02-16,-0.031418,1710.483313
2024-02-19,0.049839,1711.335802
2024-02-20,-0.312697,1705.984509
2024-02-21,-0.036004,1705.370279
2024-02-22,1.684533,1734.097807
2024-02-23,0.104109,1735.903162
2024-02-26,-0.259277,1731.402370
2024-02-27,0.203719,1734.929574
2024-02-28,-0.323821,1729.311507
2024-02-29,0.433916,1736.815265
2024-03-01,0.767417,1750.143873
2024-03-04,0.011181,1750.339556
2024-03-05,-0.752475,1737.168684
2024-03-06,0.602520,1747.635474
2024-03-07,0.982234,1764.801337
2024-03-08,-0.223235,1760.861677
2024-03-11,-0.326869,1755.105962
2024-03-12,0.908907,1771.058243
2024-03-13,-0.046461,1770.235400
2024-03-14,-0.304250,1764.849455
2024-03-15,-0.646762,1753.435080
2024-03-18,0.509724,1762.372764
2024-03-19,0.240320,1766.608091
2024-03-20,0.627897,1777.700574
2024-03-21,0.686822,1789.910216
2024-03-22,-0.243370,1785.554105
2024-03-25,-0.232989,1781.393957
2024-03-26,-0.114150,1779.360494
2024-03-27,0.580902,1789.696838
2024-03-28,0.092890,1791.359283
2024-03-29,0.052888,1792.306700
2024-04-01,-0.350193,1786.030168
2024-04-02,-0.480609,1777.446344
2024-04-03,0.105116,1779.314722
2024-04-04,-0.552014,1769.492648
2024-04-05,0.398443,1776.543071
2024-04-08,0.205225,1780.188975
2024-04-09,0.162308,1783.078362
2024-04-10,-0.825429,1768.360325
2024-04-11,0.284003,1773.382525
2024-04-12,-1.172997,1752.580807
2024-04-15,-0.998655,1735.078578
2024-04-16,-0.756052,1721.960487
2024-04-17,-0.409221,1714.913858
2024-04-18,0.039852,1715.597278
2024-04-19,-0.808478,1701.727051
2024-04-22,0.833940,1715.918440
2024-04-23,1.192045,1736.372967
2024-04-24,0.179026,1739.481518
2024-04-25,-0.502684,1730.737421
2024-04-26,0.918852,1746.640344
2024-04-29,0.432129,1754.188085
2024-04-30,-1.154332,1733.938930
2024-05-01,-0.308474,1728.590182
2024-05-02,0.842441,1743.152542
2024-05-03,1.166018,1763.478017
2024-05-06,0.852874,1778.518269
2024-05-07,0.304472,1783.933356
2024-05-08,-0.171498,1780.873955
2024-05-09,0.422021,1788.389625
2024-05-10,0.324429,1794.191681
2024-05-13,0.115192,1796.258448
2024-05-14,0.403408,1803.504691
2024-05-15,1.020434,1821.908263
2024-05-16,0.074009,1823.256632
2024-05-17,0.123811,1825.514033
2024-05-20,0.154639,1828.336993
2024-05-21,0.002244,1828.378019
2024-05-22,-0.346060,1822.050743
2024-05-23,-0.526709,1812.453839
2024-05-24,0.334292,1818.512720
2024-05-27,0.228707,1822.671788
2024-05-28,-0.104223,1820.772150
2024-05-29,-1.038961,1801.855038
2024-05-30,-0.374235,1795.111875
2024-05-31,0.576303,1805.457166
2024-06-03,0.420554,1813.050087
2024-06-04,-0.153039,1810.275418
2024-06-05,0.881612,1826.235021
2024-06-06,0.274925,1831.255795
2024-06-07,-0.273784,1826.242106
2024-06-10,0.072765,1827.570964
2024-06-11,-0.100424,1825.735642
2024-06-12,0.976966,1843.572460
2024-06-13,-0.230242,1839.327787
2024-06-14,-0.286717,1834.054117
2024-06-17,0.400829,1841.405538
2024-06-18,0.446765,1849.632295
2024-06-19,0.155148,1852.501971
2024-06-20,-0.093351,1850.772649
2024-06-21,-0.380694,1843.726863
2024-06-24,0.011069,1843.930951
2024-06-25,0.312037,1849.684690
2024-06-26,-0.003123,1849.626928
2024-06-27,0.025193,1850.092904
2024-06-28,-0.203906,1846.320461
2024-07-01,0.228115,1850.532189
2024-07-02,0.381300,1857.588263
2024-07-03,0.752834,1871.572825
2024-07-04,0.302147,1877.227721
2024-07-05,0.308174,1883.012848
2024-07-08,0.078668,1884.494179
2024-07-09,-0.041030,1883.720965
2024-07-10,0.866421,1900.041916
2024-07-11,-0.056917,1898.960463
2024-07-12,0.521219,1908.858211
2024-07-15,0.029367,1909.418776
2024-07-16,0.305348,1915.249149
2024-07-17,-0.919495,1897.638529
2024-07-18,-0.742804,1883.542790
2024-07-19,-0.799338,1868.486915
2024-07-22,0.749406,1882.489477
2024-07-23,-0.080964,1880.965341
2024-07-24,-1.670705,1849.539957
2024-07-25,-0.718196,1836.256631
2024-07-26,0.846260,1851.796131
2024-07-29,0.111337,1853.857862
2024-07-30,-0.361009,1847.165269
2024-07-31,1.593851,1876.606339
2024-08-01,-1.312881,1851.968726
2024-08-02,-2.014345,1814.663684
2024-08-05,-3.184852,1756.869336
2024-08-06,1.171333,1777.448121
2024-08-07,-0.033965,1776.844403
2024-08-08,1.446941,1802.554294
2024-08-09,0.699138,1815.156627
2024-08-12,0.032320,1815.743287
2024-08-13,1.468404,1842.405737
2024-08-14,0.582044,1853.129358
2024-08-15,1.197277,1875.316451
2024-08-16,0.581187,1886.215551
2024-08-19,0.958698,1904.298662
2024-08-20,-0.053968,1903.270953
2024-08-21,0.346288,1909.861758
2024-08-22,-0.563316,1899.103201
2024-08-23,1.044012,1918.930076
2024-08-26,-0.155092,1915.953966
2024-08-27,0.100078,1917.871410
2024-08-28,-0.417926,1909.856132
2024-08-29,0.011416,1910.074158
2024-08-30,0.776564,1924.907114
2024-09-02,-0.076931,1923.426271
2024-09-03,-1.618130,1892.302732
2024-09-04,-0.531605,1882.243151
2024-09-05,-0.284401,1876.890039
2024-09-06,-1.234533,1853.719209
2024-09-09,0.609878,1865.024629
2024-09-10,0.141010,1867.654501
2024-09-11,0.638304,1879.575815
2024-09-12,0.993000,1898.239994
2024-09-13,0.663855,1910.841563
2024-09-16,0.195020,1914.568079
2024-09-17,0.037879,1915.293302
2024-09-18,-0.290976,1909.720261
2024-09-19,1.604135,1940.354754
2024-09-20,-0.249926,1935.505307
2024-09-23,0.322067,1941.738927
2024-09-24,0.537642,1952.178521
2024-09-25,-0.108890,1950.052802
2024-09-26,0.846160,1966.553365
2024-09-27,0.310465,1972.658822
2024-09-30,-0.116895,1970.352877
2024-10-01,-0.690444,1956.748701
2024-10-02,-0.037455,1956.015796
2024-10-03,-0.378089,1948.620320
2024-10-04,0.612790,1960.561274
2024-10-07,-0.433538,1952.061492
2024-10-08,0.128707,1954.573938
2024-10-09,0.459798,1963.561040
2024-10-10,-0.039609,1962.783285
2024-10-11,0.535921,1973.302244
2024-10-14,0.522398,1983.610737
2024-10-15,-0.685154,1970.019949
2024-10-16,0.115945,1972.304092
2024-10-17,-0.017109,1971.966659
2024-10-18,0.549876,1982.810035
2024-10-21,-0.362282,1975.626663
2024-10-22,-0.269796,1970.296494
2024-10-23,-0.812824,1954.281456
2024-10-24,0.168469,1957.573821
2024-10-25,-0.029088,1957.004409
2024-10-28,0.290036,1962.680419
2024-10-29,0.019079,1963.054889
2024-10-30,-0.365142,1955.886951
2024-10-31,-1.488366,1926.776187
2024-11-01,0.345797,1933.438924
2024-11-04,-0.022240,1933.008923
2024-11-05,0.990101,1952.147658
2024-11-06,1.371363,1978.918690
2024-11-07,0.929041,1997.303646
2024-11-08,0.064635,1998.594603
2024-11-11,0.012390,1998.842238
2024-11-12,-0.718878,1984.473008
2024-11-13,-0.227662,1979.955116
2024-11-14,-0.413647,1971.765098
2024-11-15,-0.996811,1952.110319
2024-11-18,0.378607,1959.501144
2024-11-19,0.426222,1967.852979
2024-11-20,-0.155707,1964.788887
2024-11-21,0.436789,1973.370877
2024-11-22,0.318941,1979.664764
2024-11-25,0.425247,1988.083228
2024-11-26,0.160372,1991.271564
2024-11-27,-0.090463,1989.470203
2024-11-28,0.007914,1989.627657
2024-11-29,0.494925,1999.474831
2024-12-02,0.259728,2004.668034
2024-12-03,0.395931,2012.605130
2024-12-04,0.490397,2022.474886
2024-12-05,-0.008557,2022.301814
2024-12-06,0.187272,2026.089025
2024-12-09,-0.317889,2019.648303
2024-12-10,-0.508465,2009.379103
2024-12-11,0.577061,2020.974445
2024-12-12,-0.334882,2014.206573
2024-12-13,-0.251227,2009.146346
2024-12-16,0.206040,2013.285983
2024-12-17,-0.437216,2004.483581
2024-12-18,-2.148898,1961.409267
2024-12-19,-0.710519,1947.473090
2024-12-20,0.578823,1958.745516
2024-12-23,0.623214,1970.952691
2024-12-24,0.817007,1987.055510
2024-12-25,0.023028,1987.513082
2024-12-26,0.000915,1987.531275
2024-12-27,-0.557181,1976.457125
2024-12-30,-0.911976,1958.432307
2024-12-31,-0.287413,1952.803514
2025-01-01,0.010542,1953.009381
2025-01-02,-0.164240,1949.801755
2025-01-03,0.873466,1966.832602
2025-01-06,0.676195,1980.132233
2025-01-07,-0.696809,1966.334493
2025-01-08,-0.114983,1964.073547
2025-01-09,-0.040156,1963.284849
2025-01-10,-1.374279,1936.303837
2025-01-13,-0.246436,1931.532079
2025-01-14,0.315688,1937.629688
2025-01-15,1.552063,1967.702928
2025-01-16,0.159596,1970.843303
2025-01-17,0.780941,1986.234422
2025-01-20,0.348369,1993.153849
2025-01-21,0.695643,2007.019082
2025-01-22,0.507046,2017.195600
2025-01-23,0.415652,2025.580116
2025-01-24,0.097784,2027.560810
2025-01-27,-1.037117,2006.532636
2025-01-28,0.557111,2017.711246
2025-01-29,-0.154898,2014.585857
2025-01-30,0.623373,2027.144241
2025-01-31,-0.412286,2018.786618
2025-02-03,-1.113108,1996.315336
2025-02-04,0.883192,2013.946630
2025-02-05,0.551957,2025.062746
2025-02-06,0.418560,2033.538848
2025-02-07,-0.668589,2019.942826
2025-02-10,0.511506,2030.274963
2025-02-11,-0.012103,2030.029229
2025-02-12,-0.093762,2028.125840
2025-02-13,1.103747,2050.511209
2025-02-14,0.234460,2055.318834
2025-02-17,0.123648,2057.860199
2025-02-18,0.283371,2063.691575
2025-02-19,-0.102728,2061.571584
2025-02-20,-0.325988,2054.851098
2025-02-21,-1.036174,2033.559260
2025-02-24,-0.446835,2024.472598
2025-02-25,-0.441227,2015.540074
2025-02-26,0.277637,2021.135955
2025-02-27,-1.354074,1993.768277
2025-02-28,0.673236,2007.191047
2025-03-03,-0.821357,1990.704852
2025-03-04,-1.126327,1968.283014
2025-03-05,1.492074,1997.651263
2025-03-06,-0.949072,1978.692111
2025-03-07,0.212898,1982.904712
2025-03-10,-2.258497,1938.120876
2025-03-11,-0.719161,1924.182669
2025-03-12,0.515085,1934.093848
2025-03-13,-1.105187,1912.718490
2025-03-14,1.786812,1946.895167
2025-03-17,0.886049,1964.145613
2025-03-18,-0.460887,1955.093121
2025-03-19,0.698986,1968.758940
2025-03-20,-0.214856,1964.528953
2025-03-21,-0.162987,1961.327017
2025-03-24,1.159766,1984.073821
2025-03-25,0.210464,1988.249590
2025-03-26,-0.877222,1970.808227
2025-03-27,-0.300904,1964.877988
2025-03-28,-1.513691,1935.135810
2025-03-31,-0.318088,1928.980371
2025-04-01,0.607414,1940.697259
2025-04-02,0.483668,1950.083796
2025-04-03,-3.393066,1883.916162
2025-04-04,-5.358809,1782.960700
2025-04-07,-2.454962,1739.189696
2025-04-08,-0.333079,1733.396821
2025-04-09,5.699630,1832.194018
2025-04-10,-0.741679,1818.605015
2025-04-11,1.469617,1845.331545
2025-04-14,1.260726,1868.596122
2025-04-15,0.331832,1874.796716
2025-04-16,-1.488242,1846.895209
2025-04-17,0.228991,1851.124431
2025-04-18,0.066318,1852.352055
2025-04-21,-1.294359,1828.375960
2025-04-22,1.714300,1859.719817
2025-04-23,1.503033,1887.672014
2025-04-24,1.456134,1915.159048
2025-04-25,0.605050,1926.746711
2025-04-28,0.304088,1932.605719
2025-04-29,0.502814,1942.323136
2025-04-30,0.283898,1947.837353
2025-05-01,0.195713,1951.649517
2025-05-02,1.700059,1984.828709
2025-05-05,-0.334994,1978.179660
2025-05-06,-0.502727,1968.234816
2025-05-07,0.256102,1973.275505
2025-05-08,0.230600,1977.825886
2025-05-09,0.158537,1980.961471
2025-05-12,2.213998,2024.819917
2025-05-13,0.656279,2038.108388
2025-05-14,0.340490,2045.047937
2025-05-15,0.300088,2051.184881
2025-05-16,0.503032,2061.503000
2025-05-19,0.238578,2066.421289
2025-05-20,-0.084976,2064.665320
2025-05-21,-0.862879,2046.849762
2025-05-22,-0.330830,2040.078171
2025-05-23,-0.317329,2033.604420
2025-05-26,0.262153,2038.935569
2025-05-27,1.250926,2064.441134
2025-05-28,-0.537133,2053.352330
2025-05-29,0.453215,2062.658437
2025-05-30,-0.076846,2061.073367
2025-06-02,0.393351,2069.180627
2025-06-03,0.348627,2076.394343
2025-06-04,0.349257,2083.646293
2025-06-05,-0.229925,2078.855474
2025-06-06,0.588313,2091.085660
2025-06-09,0.205293,2095.378517
2025-06-10,0.429366,2104.375351
2025-06-11,-0.050230,2103.318334
2025-06-12,0.299011,2109.607494
2025-06-13,-1.088010,2086.654753
2025-06-16,0.890931,2105.245417
2025-06-17,-0.784133,2088.737490
2025-06-18,-0.081598,2087.033122
2025-06-19,-0.419118,2078.285989
2025-06-20,-0.009078,2078.097321
2025-06-23,0.494054,2088.364236
2025-06-24,1.456273,2118.776522
2025-06-25,-0.096317,2116.735775
2025-06-26,0.838875,2134.492547
2025-06-27,0.583057,2146.937857
2025-06-30,0.352335,2154.502262
2025-07-01,-0.047326,2153.482613
2025-07-02,0.344442,2160.900111
2025-07-03,0.667818,2175.330988
2025-07-04,-0.077902,2173.636363
2025-07-07,-0.624447,2160.063151
2025-07-08,-0.067002,2158.615874
2025-07-09,0.547351,2170.431086
2025-07-10,0.218928,2175.182767
2025-07-11,-0.394491,2166.601865
2025-07-14,0.100658,2168.782729
2025-07-15,-0.341894,2161.367795
2025-07-16,0.094333,2163.406668
2025-07-17,0.565069,2175.631414
2025-07-18,0.188256,2179.727163
2025-07-21,0.181794,2183.689766
2025-07-22,0.019226,2184.109612
2025-07-23,1.029474,2206.594451
2025-07-24,0.217553,2211.394970
2025-07-25,-0.004634,2211.292497
2025-07-28,-0.198384,2206.905651
2025-07-29,-0.380257,2198.513728
2025-07-30,-0.152770,2195.155062
2025-07-31,-0.496051,2184.265977
2025-08-01,-1.312200,2155.604048
2025-08-04,1.211852,2181.726782
2025-08-05,-0.127703,2178.940658
2025-08-06,0.646234,2193.021721
2025-08-07,0.249946,2198.503094
2025-08-08,0.548633,2210.564804
2025-08-11,-0.242405,2205.206288
2025-08-12,0.962801,2226.438040
2025-08-13,0.632634,2240.523238
2025-08-14,-0.105020,2238.170231
2025-08-15,0.032453,2238.896590
2025-08-18,-0.070806,2237.311328
2025-08-19,-0.348403,2229.516477
2025-08-20,-0.215728,2224.706784
2025-08-21,-0.334130,2217.273376
2025-08-22,1.360291,2247.434743
2025-08-25,-0.241821,2241.999971
2025-08-26,-0.020273,2241.545459
2025-08-27,0.036496,2242.363529
2025-08-28,0.352199,2250.261105
2025-08-29,-0.491837,2239.193498
2025-09-01,0.058296,2240.498855
2025-09-02,-0.725023,2224.254730
2025-09-03,0.351298,2232.068500
2025-09-04,0.617253,2245.846012
2025-09-05,0.175526,2249.788049
2025-09-08,0.336217,2257.352228
2025-09-09,0.298313,2264.086196
2025-09-10,0.330024,2271.558229
2025-09-11,0.691465,2287.265254
2025-09-12,0.075457,2288.991157
2025-09-15,0.473834,2299.837184
2025-09-16,0.025547,2300.424718
2025-09-17,-0.036123,2299.593735
2025-09-18,0.288257,2306.222484
2025-09-19,0.264438,2312.321018
2025-09-22,0.348555,2320.380724
2025-09-23,-0.299165,2313.438962
2025-09-24,-0.293862,2306.640652
2025-09-25,-0.584659,2293.154664
2025-09-26,0.359428,2301.396898
2025-09-29,0.416758,2310.988160
2025-09-30,0.440349,2321.164571
2025-10-01,0.390915,2330.238355
2025-10-02,0.221039,2335.389085
2025-10-03,0.257565,2341.404231
2025-10-06,0.292180,2348.245356
2025-10-07,-0.392340,2339.032248
2025-10-08,0.401697,2348.428072
2025-10-09,-0.260709,2342.305503
2025-10-10,-2.126568,2292.494776
2025-10-13,0.909745,2313.350643
2025-10-14,-0.280647,2306.858286
2025-10-15,0.731854,2323.741131
2025-10-16,-0.101921,2321.372761
2025-10-17,-0.047536,2320.269276
2025-10-20,1.199587,2348.102914
2025-10-21,-0.083979,2346.130990
2025-10-22,-0.408651,2336.543500
2025-10-23,0.437610,2346.768446
2025-10-24,0.634841,2361.666696
2025-10-27,1.115212,2388.004293
2025-10-28,0.109374,2390.616140
2025-10-29,0.082238,2392.582125
2025-10-30,-0.905816,2370.909737
2025-10-31,0.110089,2373.519839
2025-11-03,0.165016,2377.436526
2025-11-04,-1.092294,2351.467941
2025-11-05,0.111215,2354.083123
2025-11-06,-0.582438,2340.372040
2025-11-07,-0.060801,2338.949072
2025-11-10,1.387332,2371.398058
2025-11-11,0.421983,2381.404954
2025-11-12,0.260160,2387.600429
2025-11-13,-1.137741,2360.435719
2025-11-14,-0.457037,2349.647653
2025-11-17,-0.757547,2331.847969
2025-11-18,-1.188621,2304.131136
2025-11-19,0.125924,2307.032588
2025-11-20,-0.877803,2286.781387
2025-11-21,0.236209,2292.182971
2025-11-24,1.199515,2319.678049
2025-11-25,0.895615,2340.453444
2025-11-26,0.926578,2362.139568
2025-11-27,0.051175,2363.348395
2025-11-28,0.447300,2373.919656
2025-12-01,-0.387846,2364.712507
2025-12-02,0.201583,2369.479368
2025-12-03,0.338778,2377.506653
2025-12-04,0.361445,2386.100040
2025-12-05,0.082623,2388.071509
2025-12-08,-0.258474,2381.898955
2025-12-09,-0.157994,2378.135695
2025-12-10,0.532036,2390.788223
2025-12-11,0.354837,2399.271622
2025-12-12,-0.621788,2384.353250
2025-12-15,-0.098824,2381.996931
2025-12-16,-0.483819,2370.472379
2025-12-17,-0.776271,2352.071096
2025-12-18,0.617928,2366.605210
2025-12-19,0.724294,2383.746398
2025-12-22,0.708503,2400.635323
2025-12-23,0.456201,2411.587056
2025-12-24,0.243131,2417.450378
2025-12-25,0.005647,2417.586880
2025-12-26,0.022815,2418.138443
2025-12-29,-0.193292,2413.464387
2025-12-30,-0.048741,2412.288035
2025-12-31,-0.533716,2399.413257
2026-01-01,0.011358,2399.685777
2026-01-02,0.489910,2411.442083
2026-01-05,0.822853,2431.284706
2026-01-06,0.700825,2448.323758
2026-01-07,-0.354119,2439.653775
2026-01-08,-0.195763,2434.877840
2026-01-09,0.530539,2447.795822
2026-01-12,0.336923,2456.042999
2026-01-13,-0.017245,2455.619457
2026-01-14,-0.144132,2452.080121
2026-01-15,0.177370,2456.429382
2026-01-16,0.000582,2456.443684
2026-01-19,-0.099884,2453.990100
2026-01-20,-1.442763,2418.584827
2026-01-21,0.624769,2433.695398
2026-01-22,0.718763,2451.187912
2026-01-23,0.152158,2454.917601
2026-01-26,0.640306,2470.636581
2026-01-27,0.661417,2486.977791
2026-01-28,0.056779,2488.389878
2026-01-29,-0.139409,2484.920828
2026-01-30,-0.559759,2471.011252
2026-02-02,-0.040586,2470.008377
2026-02-03,0.020995,2470.526964
2026-02-04,-0.376215,2461.232459
2026-02-05,-1.229920,2430.961257
2026-02-06,1.520189,2467.916457
2026-02-09,1.076374,2494.480469
2026-02-10,0.074984,2496.350929
2026-02-11,0.082498,2498.410379
2026-02-12,-0.975030,2474.050136
2026-02-13,-0.221039,2468.581511
2026-02-16,-0.009934,2468.336282
2026-02-17,-0.007810,2468.143494
2026-02-18,0.701194,2485.449964
2026-02-19,-0.218875,2480.009933
2026-02-20,0.553739,2493.742705
2026-02-23,-0.612557,2478.467117
2026-02-24,0.522031,2491.405488
2026-02-25,0.907478,2514.014450
2026-02-26,-0.192378,2509.178027
2026-02-27,-0.230100,2503.404409
2026-03-02,-0.648783,2487.162747
2026-03-03,-1.906661,2439.740985
2026-03-04,0.178276,2444.090467
2026-03-05,-0.322193,2436.215790
2026-03-06,-1.032493,2411.062025
2026-03-09,-0.130921,2407.905431
2026-03-10,0.814553,2427.519108
2026-03-11,-0.136321,2424.209882
2026-03-12,-1.428329,2389.584185
2026-03-13,-0.838787,2369.540656
2026-03-16,0.902484,2390.925378
2026-03-17,0.495711,2402.777457
2026-03-18,-0.746088,2384.850634
2026-03-19,-1.015660,2360.628656
2026-03-20,-1.387990,2327.863365
2026-03-23,0.374290,2336.576326
2026-03-24,0.095447,2338.806520
2026-03-25,0.991236,2361.989607
2026-03-26,-1.586652,2324.513053
2026-03-27,-1.335870,2293.460579
2026-03-30,-0.513722,2281.678561
2026-03-31,1.892416,2324.857419
2026-04-01,1.819145,2367.149957
2026-04-02,-0.341882,2359.057101
2026-04-03,0.104992,2361.533914
2026-04-06,0.353191,2369.874632
2026-04-07,0.047452,2370.999196
2026-04-08,3.311419,2449.512920
2026-04-09,0.165671,2453.571061
2026-04-10,0.230533,2459.227341
2026-04-13,0.501429,2471.558609
2026-04-14,1.399535,2506.148936
2026-04-15,0.613067,2521.513303
2026-04-16,0.303925,2529.176800
2026-04-17,1.007095,2554.648011
2026-04-20,-0.239813,2548.521629
2026-04-21,-0.504372,2535.667592
2026-04-22,0.459287,2547.313575
2026-04-23,-0.361569,2538.103271
2026-04-24,0.467263,2549.962890
2026-04-27,0.264243,2556.700977
2026-04-28,-0.555473,2542.499181
2026-04-29,-0.125560,2539.306817
2026-04-30,0.906900,2562.335797
2026-05-01,0.267687,2569.194834
2026-05-04,-0.151339,2565.306636
2026-05-05,0.570786,2579.949035
2026-05-06,1.826351,2627.067970
2026-05-07,-0.051170,2625.723692
2026-05-08,0.233993,2631.867694
2026-05-11,0.260592,2638.726121
2026-05-12,-0.443141,2627.032844
2026-05-13,0.548981,2641.454763
2026-05-14,0.620809,2657.853141
2026-05-15,-1.508728,2617.753371
2026-05-18,-0.044536,2616.587529
2026-05-19,-0.581266,2601.378202
2026-05-20,0.907048,2624.973963
2026-05-21,0.490049,2637.837611
2026-05-22,0.519015,2651.528392
2026-05-25,0.506570,2664.960240
2026-05-26,0.302020,2673.008949
2026-05-27,0.081055,2675.175545
2026-05-28,0.225664,2681.212449
2026-05-29,0.544494,2695.811480
2026-06-01,0.092822,2698.313776
