date,return_pct,balance
1970-02-02,0.352000,100.352000
1970-02-03,0.548000,100.901929
1970-02-04,-0.107000,100.793964
1970-02-05,-0.428000,100.362566
1970-02-06,0.512000,100.876422
1970-02-09,1.019000,101.904353
1970-02-10,-0.704000,101.186946
1970-02-11,0.517000,101.710083
1970-02-12,-0.558000,101.142540
1970-02-13,0.299000,101.444957
1970-02-16,-0.111000,101.332353
1970-02-17,-0.620000,100.704092
1970-02-18,1.139000,101.851112
1970-02-19,0.374000,102.232035
1970-02-20,-0.337000,101.887513
1970-02-24,0.044000,101.932343
1970-02-25,0.945000,102.895604
1970-02-26,0.135000,103.034513
1970-02-27,0.441000,103.488895
1970-03-02,-0.102000,103.383337
1970-03-03,0.276000,103.668675
1970-03-04,0.235000,103.912296
1970-03-05,-0.199000,103.705511
1970-03-06,-0.362000,103.330097
1970-03-09,-1.217000,102.072569
1970-03-10,-0.142000,101.927626
1970-03-11,0.004000,101.931703
1970-03-12,-0.565000,101.355789
1970-03-13,-0.406000,100.944285
1970-03-16,-1.103000,99.830869
1970-03-17,-0.082000,99.749008
1970-03-18,0.572000,100.319572
1970-03-19,-0.334000,99.984505
1970-03-20,-0.495000,99.489582
1970-03-23,0.053000,99.542311
1970-03-24,1.117000,100.654199
1970-03-25,2.262000,102.930997
1970-03-26,0.439000,103.382864
1970-03-30,-0.109000,103.270177
1970-03-31,-0.134000,103.131794
1970-04-01,0.513000,103.660861
1970-04-02,-0.053000,103.605920
1970-04-03,-0.036000,103.568622
1970-04-06,-0.940000,102.595077
1970-04-07,-0.391000,102.193930
1970-04-08,-0.006000,102.187799
1970-04-09,0.046000,102.234805
1970-04-10,-0.591000,101.630597
1970-04-13,-0.879000,100.737264
1970-04-14,-0.994000,99.735936
1970-04-15,-0.406000,99.331008
1970-04-16,-1.119000,98.219494
1970-04-17,-0.190000,98.032877
1970-04-20,0.123000,98.153458
1970-04-21,-0.756000,97.411417
1970-04-22,-1.361000,96.085648
1970-04-23,-1.364000,94.775040
1970-04-24,-0.485000,94.315381
1970-04-27,-2.044000,92.387575
1970-04-28,-1.585000,90.923231
1970-04-29,2.038000,92.776247
1970-04-30,-0.493000,92.318860
1970-05-01,0.066000,92.379790
1970-05-04,-1.579000,90.921114
1970-05-05,-0.877000,90.123735
1970-05-06,0.802000,90.846528
1970-05-07,0.312000,91.129969
1970-05-08,-0.629000,90.556761
1970-05-11,-1.009000,89.643044
1970-05-12,-0.516000,89.180486
1970-05-13,-0.971000,88.314543
1970-05-14,-1.703000,86.810546
1970-05-15,1.761000,88.339280
1970-05-18,-0.172000,88.187337
1970-05-19,-1.194000,87.134380
1970-05-20,-2.622000,84.849716
1970-05-21,-1.579000,83.509939
1970-05-22,0.142000,83.628523
1970-05-25,-2.515000,81.525266
1970-05-26,-0.898000,80.793169
1970-05-27,3.300000,83.459344
1970-05-28,1.836000,84.991657
1970-05-29,1.406000,86.186640
1970-06-01,1.567000,87.537185
1970-06-02,0.358000,87.850568
1970-06-03,1.178000,88.885447
1970-06-04,-1.410000,87.632163
1970-06-05,-0.587000,87.117762
1970-06-08,-0.359000,86.805009
1970-06-09,0.005000,86.809349
1970-06-10,-1.083000,85.869204
1970-06-11,-1.299000,84.753763
1970-06-12,-0.312000,84.489331
1970-06-15,0.056000,84.536645
1970-06-16,1.922000,86.161440
1970-06-17,-0.289000,85.912433
1970-06-18,0.593000,86.421894
1970-06-19,0.604000,86.943882
1970-06-22,-0.882000,86.177037
1970-06-23,-2.060000,84.401790
1970-06-24,-0.250000,84.190786
1970-06-25,0.109000,84.282554
1970-06-26,-0.432000,83.918453
1970-06-29,-0.385000,83.595367
1970-06-30,-0.214000,83.416473
1970-07-01,0.611000,83.926148
1970-07-02,-0.093000,83.848096
1970-07-06,-1.544000,82.553482
1970-07-07,-0.895000,81.814628
1970-07-08,2.255000,83.659548
1970-07-09,1.380000,84.814050
1970-07-10,0.545000,85.276286
1970-07-13,0.085000,85.348771
1970-07-14,-0.074000,85.285613
1970-07-15,1.135000,86.253605
1970-07-16,1.115000,87.215332
1970-07-17,1.726000,88.720669
1970-07-20,-0.014000,88.708248
1970-07-21,-0.474000,88.287771
1970-07-22,-0.420000,87.916962
1970-07-23,1.205000,88.976362
1970-07-24,-0.254000,88.750362
1970-07-27,-0.261000,88.518723
1970-07-28,0.173000,88.671861
1970-07-29,0.339000,88.972458
1970-07-30,0.092000,89.054313
1970-07-31,-0.443000,88.659802
1970-08-03,-1.466000,87.360050
1970-08-04,-0.041000,87.324232
1970-08-05,-0.087000,87.248260
1970-08-06,0.184000,87.408797
1970-08-07,0.065000,87.465612
1970-08-10,-1.107000,86.497368
1970-08-11,-0.455000,86.103805
1970-08-12,-0.869000,85.355563
1970-08-13,-0.388000,85.024383
1970-08-14,0.670000,85.594047
1970-08-17,0.095000,85.675361
1970-08-18,0.812000,86.371045
1970-08-19,1.032000,87.262394
1970-08-20,1.041000,88.170796
1970-08-21,1.204000,89.232372
1970-08-24,2.238000,91.229393
1970-08-25,0.358000,91.555994
1970-08-26,0.286000,91.817844
1970-08-27,-0.276000,91.564427
1970-08-28,0.815000,92.310677
1970-08-31,-0.081000,92.235905
1970-09-01,-1.246000,91.086646
1970-09-02,-0.186000,90.917225
1970-09-03,1.416000,92.204613
1970-09-04,1.041000,93.164463
1970-09-08,0.035000,93.197070
1970-09-09,0.111000,93.300519
1970-09-10,-0.370000,92.955307
1970-09-11,0.056000,93.007362
1970-09-14,-0.410000,92.626032
1970-09-15,-0.596000,92.073981
1970-09-16,0.582000,92.609851
1970-09-17,0.641000,93.203480
1970-09-18,0.736000,93.889458
1970-09-21,-0.740000,93.194676
1970-09-22,-0.221000,92.988716
1970-09-23,1.263000,94.163163
1970-09-24,0.722000,94.843021
1970-09-25,0.643000,95.452862
1970-09-28,0.088000,95.536860
1970-09-29,0.237000,95.763283
1970-09-30,0.378000,96.125268
1970-10-01,-0.031000,96.095469
1970-10-02,0.911000,96.970899
1970-10-05,1.835000,98.750315
1970-10-06,0.403000,99.148279
1970-10-07,0.145000,99.292044
1970-10-08,-1.505000,97.797698
1970-10-09,-0.840000,96.976198
1970-10-12,-1.084000,95.924976
1970-10-13,-0.481000,95.463577
1970-10-14,0.117000,95.575269
1970-10-15,0.258000,95.821853
1970-10-16,-0.736000,95.116604
1970-10-19,-0.851000,94.307162
1970-10-20,0.267000,94.558962
1970-10-21,-0.002000,94.557071
1970-10-22,-0.485000,94.098469
1970-10-23,0.609000,94.671529
1970-10-26,-0.728000,93.982320
1970-10-27,-0.012000,93.971042
1970-10-28,0.124000,94.087566
1970-10-29,-0.031000,94.058399
1970-10-30,0.044000,94.099785
1970-11-02,-0.116000,93.990629
1970-11-03,0.412000,94.377871
1970-11-04,0.258000,94.621365
1970-11-05,-0.076000,94.549453
1970-11-06,0.084000,94.628875
1970-11-09,0.475000,95.078362
1970-11-10,-0.338000,94.756997
1970-11-11,0.022000,94.777844
1970-11-12,-0.767000,94.050897
1970-11-13,-1.403000,92.731363
1970-11-16,-0.175000,92.569084
1970-11-17,0.153000,92.710714
1970-11-18,-0.830000,91.941215
1970-11-19,0.386000,92.296108
1970-11-20,1.318000,93.512571
1970-11-23,-0.023000,93.491063
1970-11-24,0.218000,93.694874
1970-11-25,0.403000,94.072464
1970-11-27,0.881000,94.901242
1970-11-30,1.412000,96.241248
1970-12-01,0.674000,96.889914
1970-12-02,1.103000,97.958610
1970-12-03,0.364000,98.315179
1970-12-04,0.505000,98.811671
1970-12-07,0.575000,99.379838
1970-12-08,-0.405000,98.977350
1970-12-09,-0.420000,98.561645
1970-12-10,0.285000,98.842545
1970-12-11,0.317000,99.155876
1970-12-14,-1.045000,98.119697
1970-12-15,-0.599000,97.531960
1970-12-16,-0.436000,97.106721
1970-12-17,0.390000,97.485437
1970-12-18,0.478000,97.951418
1970-12-21,0.240000,98.186501
1970-12-22,0.223000,98.405457
1970-12-23,0.320000,98.720354
1970-12-24,0.804000,99.514066
1970-12-28,0.825000,100.335057
1970-12-29,0.881000,101.219009
1970-12-30,0.248000,101.470032
1970-12-31,-0.106000,101.362474
1971-01-04,-1.242000,100.103552
1971-01-05,1.092000,101.196683
1971-01-06,0.691000,101.895952
1971-01-07,0.091000,101.988677
1971-01-08,0.037000,102.026413
1971-01-11,-0.158000,101.865211
1971-01-12,0.710000,102.588454
1971-01-13,-0.462000,102.114495
1971-01-14,0.146000,102.263583
1971-01-15,0.115000,102.381186
1971-01-18,0.893000,103.295450
1971-01-19,0.468000,103.778872
1971-01-20,-0.523000,103.236109
1971-01-21,0.239000,103.482843
1971-01-22,0.852000,104.364517
1971-01-25,0.812000,105.211957
1971-01-26,0.109000,105.326638
1971-01-27,-0.170000,105.147583
1971-01-28,0.458000,105.629159
1971-01-29,0.811000,106.485811
1971-02-01,0.690000,107.220563
1971-02-02,-0.272000,106.928923
1971-02-03,-0.018000,106.909676
1971-02-04,0.145000,107.064695
1971-02-05,0.835000,107.958685
1971-02-08,0.919000,108.950826
1971-02-09,-0.504000,108.401713
1971-02-10,-0.018000,108.382201
1971-02-11,0.712000,109.153882
1971-02-12,0.233000,109.408211
1971-02-16,0.326000,109.764882
1971-02-17,-0.763000,108.927376
1971-02-18,-0.412000,108.478595
1971-02-19,-0.425000,108.017561
1971-02-22,-0.911000,107.033521
1971-02-23,0.186000,107.232603
1971-02-24,1.051000,108.359618
1971-02-25,0.497000,108.898165
1971-02-26,-0.681000,108.156569
1971-03-01,0.294000,108.474549
1971-03-02,0.222000,108.715362
1971-03-03,0.000000,108.715362
1971-03-04,1.255000,110.079740
1971-03-05,1.161000,111.357766
1971-03-08,0.612000,112.039276
1971-03-09,0.675000,112.795541
1971-03-10,0.054000,112.856450
1971-03-11,0.285000,113.178091
1971-03-12,0.607000,113.865082
1971-03-15,1.432000,115.495630
1971-03-16,0.352000,115.902175
1971-03-17,-0.471000,115.356276
1971-03-18,-0.528000,114.747194
1971-03-19,-0.380000,114.311155
1971-03-22,-0.399000,113.855054
1971-03-23,0.074000,113.939306
1971-03-24,-0.938000,112.870556
1971-03-25,0.043000,112.919090
1971-03-26,0.347000,113.310919
1971-03-29,0.159000,113.491084
1971-03-30,0.213000,113.732820
1971-03-31,-0.452000,113.218747
1971-04-01,0.462000,113.741818
1971-04-02,0.005000,113.747505
1971-04-05,0.231000,114.010262
1971-04-06,0.680000,114.785531
1971-04-07,0.487000,115.344537
1971-04-08,-0.144000,115.178441
1971-04-12,1.077000,116.418913
1971-04-13,0.190000,116.640109
1971-04-14,0.017000,116.659937
1971-04-15,0.568000,117.322566
1971-04-16,0.065000,117.398826
1971-04-19,0.506000,117.992864
1971-04-20,-0.479000,117.427678
1971-04-21,-0.350000,117.016681
1971-04-22,0.244000,117.302202
1971-04-23,0.400000,117.771410
1971-04-26,-0.401000,117.299147
1971-04-27,0.185000,117.516150
1971-04-28,-0.092000,117.408036
1971-04-29,0.028000,117.440910
1971-04-30,-0.691000,116.629393
1971-05-03,-0.419000,116.140716
1971-05-04,0.755000,117.017578
1971-05-05,-0.267000,116.705141
1971-05-06,-0.332000,116.317680
1971-05-07,-0.142000,116.152509
1971-05-10,-0.308000,115.794760
1971-05-11,0.329000,116.175724
1971-05-12,0.496000,116.751956
1971-05-13,-0.067000,116.673732
1971-05-14,-0.319000,116.301543
1971-05-17,-1.407000,114.665180
1971-05-18,0.196000,114.889924
1971-05-19,0.261000,115.189787
1971-05-20,0.149000,115.361419
1971-05-21,-0.169000,115.166459
1971-05-24,-0.695000,114.366052
1971-05-25,-0.451000,113.850261
1971-05-26,0.062000,113.920848
1971-05-27,0.209000,114.158943
1971-05-28,-0.122000,114.019669
1971-06-01,0.467000,114.552141
1971-06-02,0.621000,115.263509
1971-06-03,0.325000,115.638116
1971-06-04,0.302000,115.987343
1971-06-07,-0.108000,115.862077
1971-06-08,-0.744000,115.000063
1971-06-09,-0.025000,114.971313
1971-06-10,0.303000,115.319676
1971-06-11,0.653000,116.072713
1971-06-14,-0.692000,115.269490
1971-06-15,0.288000,115.601466
1971-06-16,0.088000,115.703195
1971-06-17,-0.029000,115.669642
1971-06-18,-1.229000,114.248062
1971-06-21,-0.835000,113.294090
1971-06-22,-0.531000,112.692499
1971-06-23,0.784000,113.576008
1971-06-24,-0.446000,113.069459
1971-06-25,-0.041000,113.023100
1971-06-28,-0.057000,112.958677
1971-06-29,0.824000,113.889457
1971-06-30,0.936000,114.955462
1971-07-01,0.187000,115.170429
1971-07-02,0.568000,115.824597
1971-07-06,0.206000,116.063195
1971-07-07,0.234000,116.334783
1971-07-08,0.326000,116.714035
1971-07-09,0.559000,117.366466
1971-07-12,0.250000,117.659882
1971-07-13,-1.008000,116.473871
1971-07-14,-0.051000,116.414469
1971-07-15,-0.085000,116.315517
1971-07-16,0.207000,116.556290
1971-07-19,-0.180000,116.346489
1971-07-20,0.157000,116.529153
1971-07-21,-0.134000,116.373004
1971-07-22,-0.143000,116.206590
1971-07-23,-0.310000,115.846350
1971-07-26,-0.392000,115.392232
1971-07-27,-0.629000,114.666415
1971-07-28,-0.764000,113.790363
1971-07-29,-0.674000,113.023416
1971-07-30,-0.275000,112.712602
1971-08-02,0.502000,113.278419
1971-08-03,-1.401000,111.691389
1971-08-04,-0.469000,111.167556
1971-08-05,0.484000,111.705607
1971-08-06,-0.152000,111.535814
1971-08-09,-0.474000,111.007135
1971-08-10,0.025000,111.034886
1971-08-11,0.833000,111.959807
1971-08-12,1.070000,113.157777
1971-08-13,-0.080000,113.067251
1971-08-16,2.701000,116.121197
1971-08-17,0.704000,116.938690
1971-08-18,-1.241000,115.487481
1971-08-19,-0.518000,114.889256
1971-08-20,0.025000,114.917978
1971-08-23,0.851000,115.895930
1971-08-24,0.744000,116.758196
1971-08-25,-0.157000,116.574886
1971-08-26,-0.237000,116.298603
1971-08-27,0.014000,116.314885
1971-08-30,-0.678000,115.526270
1971-08-31,-0.389000,115.076873
1971-09-01,0.093000,115.183895
1971-09-02,0.224000,115.441906
1971-09-03,1.102000,116.714076
1971-09-07,0.447000,117.235788
1971-09-08,0.448000,117.761005
1971-09-09,-0.366000,117.329999
1971-09-10,-0.675000,116.538022
1971-09-13,-0.147000,116.366711
1971-09-14,-0.801000,115.434613
1971-09-15,0.111000,115.562746
1971-09-16,0.077000,115.651729
1971-09-17,0.201000,115.884189
1971-09-20,-0.387000,115.435717
1971-09-21,-0.492000,114.867774
1971-09-22,-0.684000,114.082078
1971-09-23,-0.124000,113.940616
1971-09-24,0.258000,114.234583
1971-09-27,-0.389000,113.790211
1971-09-28,0.320000,114.154339
1971-09-29,-0.096000,114.044751
1971-09-30,0.493000,114.606992
1971-10-01,0.642000,115.342769
1971-10-04,0.341000,115.736087
1971-10-05,-0.003000,115.732615
1971-10-06,0.515000,116.328638
1971-10-07,0.356000,116.742768
1971-10-08,-0.780000,115.832175
1971-10-11,-0.315000,115.467303
1971-10-12,0.107000,115.590853
1971-10-13,-0.436000,115.086877
1971-10-14,-0.754000,114.219122
1971-10-15,-0.088000,114.118609
1971-10-18,-0.166000,113.929172
1971-10-19,-0.109000,113.804990
1971-10-20,-1.209000,112.429087
1971-10-21,-0.208000,112.195235
1971-10-22,-0.523000,111.608454
1971-10-25,-0.671000,110.859561
1971-10-26,-0.517000,110.286417
1971-10-27,-0.908000,109.285016
1971-10-28,0.076000,109.368073
1971-10-29,0.497000,109.911632
1971-11-01,-1.041000,108.767452
1971-11-02,0.176000,108.958883
1971-11-03,1.427000,110.513726
1971-11-04,-0.117000,110.384425
1971-11-05,-0.378000,109.967172
1971-11-08,-0.088000,109.870401
1971-11-09,0.383000,110.291205
1971-11-10,-0.685000,109.535710
1971-11-11,-0.833000,108.623277
1971-11-12,0.000000,108.623277
1971-11-15,-0.137000,108.474463
1971-11-16,0.872000,109.420361
1971-11-17,-0.366000,109.019882
1971-11-18,-0.594000,108.372304
1971-11-19,-0.293000,108.054773
1971-11-22,-0.664000,107.337290
1971-11-23,-0.819000,106.458197
1971-11-24,0.242000,106.715826
1971-11-26,1.314000,108.118072
1971-11-29,1.451000,109.686865
1971-11-30,0.775000,110.536938
1971-12-01,1.299000,111.972813
1971-12-02,0.152000,112.143012
1971-12-03,1.250000,113.544800
1971-12-06,-0.331000,113.168966
1971-12-07,0.754000,114.022260
1971-12-08,-0.512000,113.438466
1971-12-09,0.642000,114.166741
1971-12-10,0.933000,115.231917
1971-12-13,0.501000,115.809229
1971-12-14,-0.606000,115.107425
1971-12-15,0.952000,116.203248
1971-12-16,1.293000,117.705756
1971-12-17,0.264000,118.016499
1971-12-20,1.173000,119.400832
1971-12-21,0.300000,119.759035
1971-12-22,-0.633000,119.000960
1971-12-23,-0.163000,118.806989
1971-12-27,0.523000,119.428349
1971-12-28,1.683000,121.438328
1971-12-29,0.503000,122.049163
1971-12-30,0.128000,122.205386
1971-12-31,0.564000,122.894624
1972-01-03,-0.568000,122.196583
1972-01-04,0.665000,123.009190
1972-01-05,1.281000,124.584938
1972-01-06,0.032000,124.624805
1972-01-07,0.196000,124.869070
1972-01-10,-0.116000,124.724222
1972-01-11,0.739000,125.645934
1972-01-12,-0.517000,124.996344
1972-01-13,-0.320000,124.596356
1972-01-14,0.449000,125.155793
1972-01-17,0.612000,125.921747
1972-01-18,0.322000,126.327215
1972-01-19,-0.360000,125.872437
1972-01-20,0.290000,126.237467
1972-01-21,-0.508000,125.596181
1972-01-24,-0.884000,124.485910
1972-01-25,-0.136000,124.316610
1972-01-26,0.053000,124.382497
1972-01-27,1.609000,126.383812
1972-01-28,0.988000,127.632484
1972-01-31,0.453000,128.210659
1972-02-01,0.214000,128.485030
1972-02-02,0.964000,129.723626
1972-02-03,-0.600000,128.945284
1972-02-04,0.550000,129.654483
1972-02-07,-0.079000,129.552056
1972-02-08,-0.006000,129.544283
1972-02-09,0.660000,130.399275
1972-02-10,-0.239000,130.087621
1972-02-11,0.014000,130.105833
1972-02-14,-0.646000,129.265349
1972-02-15,0.555000,129.982772
1972-02-16,0.180000,130.216741
1972-02-17,-0.317000,129.803954
1972-02-18,-0.090000,129.687130
1972-02-22,0.818000,130.747971
1972-02-23,-0.229000,130.448558
1972-02-24,0.643000,131.287342
1972-02-25,1.175000,132.829969
1972-02-28,0.379000,133.333394
1972-02-29,0.154000,133.538728
1972-03-01,0.705000,134.480176
1972-03-02,0.171000,134.710137
1972-03-03,0.358000,135.192399
1972-03-06,1.045000,136.605160
1972-03-07,-0.271000,136.234960
1972-03-08,-0.033000,136.190002
1972-03-09,-0.284000,135.803223
1972-03-10,-0.995000,134.451980
1972-03-13,-0.996000,133.112839
1972-03-14,-0.045000,133.052938
1972-03-15,0.489000,133.703567
1972-03-16,0.316000,134.126070
1972-03-17,0.576000,134.898636
1972-03-20,-0.309000,134.481799
1972-03-21,-0.792000,133.416704
1972-03-22,0.209000,133.695545
1972-03-23,0.886000,134.880087
1972-03-24,-0.494000,134.213779
1972-03-27,0.037000,134.263439
1972-03-28,-0.351000,133.792174
1972-03-29,-0.592000,133.000124
1972-03-30,1.372000,134.824886
1972-04-03,0.665000,135.721471
1972-04-04,0.930000,136.983681
1972-04-05,1.254000,138.701456
1972-04-06,0.415000,139.277067
1972-04-07,0.201000,139.557014
1972-04-10,0.277000,139.943587
1972-04-11,0.706000,140.931589
1972-04-12,0.576000,141.743355
1972-04-13,-0.954000,140.391123
1972-04-14,-0.291000,139.982585
1972-04-17,-0.562000,139.195883
1972-04-18,-0.040000,139.140205
1972-04-19,0.006000,139.148553
1972-04-20,0.050000,139.218127
1972-04-21,-0.520000,138.494193
1972-04-24,-0.794000,137.394549
1972-04-25,-0.621000,136.541329
1972-04-26,0.024000,136.574099
1972-04-27,-0.021000,136.545418
1972-04-28,0.425000,137.125737
1972-05-01,-1.281000,135.369156
1972-05-02,-0.264000,135.011781
1972-05-03,-0.119000,134.851117
1972-05-04,0.250000,135.188245
1972-05-05,0.268000,135.550550
1972-05-08,-0.167000,135.324180
1972-05-09,-1.425000,133.395811
1972-05-10,0.520000,134.089469
1972-05-11,-0.138000,133.904425
1972-05-12,0.534000,134.619475
1972-05-15,0.411000,135.172761
1972-05-16,0.247000,135.506638
1972-05-17,0.686000,136.436213
1972-05-18,1.663000,138.705147
1972-05-19,0.683000,139.652504
1972-05-22,0.511000,140.366128
1972-05-23,0.319000,140.813896
1972-05-24,0.533000,141.564434
1972-05-25,0.314000,142.008946
1972-05-26,0.874000,143.250104
1972-05-30,-0.051000,143.177047
1972-05-31,-0.952000,141.814001
1972-06-01,0.313000,142.257879
1972-06-02,0.839000,143.451423
1972-06-05,-0.791000,142.316722
1972-06-06,-0.938000,140.981791
1972-06-07,0.056000,141.060741
1972-06-08,-0.214000,140.758871
1972-06-09,-1.215000,139.048651
1972-06-12,0.085000,139.166842
1972-06-13,0.965000,140.509802
1972-06-14,-0.012000,140.492941
1972-06-15,0.072000,140.594096
1972-06-16,-0.196000,140.318531
1972-06-19,-0.347000,139.831626
1972-06-20,-0.169000,139.595311
1972-06-21,0.117000,139.758637
1972-06-22,-0.553000,138.985772
1972-06-23,-0.280000,138.596612
1972-06-26,-0.332000,138.136471
1972-06-27,-0.142000,137.940317
1972-06-28,-0.283000,137.549946
1972-06-29,-0.536000,136.812678
1972-06-30,0.999000,138.179437
1972-07-03,0.992000,139.550177
1972-07-05,0.943000,140.866135
1972-07-06,0.975000,142.239580
1972-07-07,-0.825000,141.066104
1972-07-10,-0.220000,140.755758
1972-07-11,-0.109000,140.602334
1972-07-12,-0.446000,139.975248
1972-07-13,-0.738000,138.942231
1972-07-14,0.700000,139.914826
1972-07-17,-0.630000,139.033363
1972-07-18,-0.464000,138.388248
1972-07-19,0.500000,139.080189
1972-07-20,-0.460000,138.440420
1972-07-21,0.801000,139.549328
1972-07-24,0.867000,140.759221
1972-07-25,-0.640000,139.858362
1972-07-26,1.004000,141.262540
1972-07-27,0.078000,141.372725
1972-07-28,-0.192000,141.101289
1972-07-31,-0.205000,140.812031
1972-08-01,1.202000,142.504592
1972-08-02,1.334000,144.405603
1972-08-03,0.614000,145.292254
1972-08-04,0.135000,145.488398
1972-08-07,-0.644000,144.551453
1972-08-08,0.328000,145.025582
1972-08-09,-0.419000,144.417924
1972-08-10,0.703000,145.433182
1972-08-11,1.010000,146.902058
1972-08-14,0.294000,147.333950
1972-08-15,-0.812000,146.137598
1972-08-16,0.069000,146.238433
1972-08-17,-0.629000,145.318593
1972-08-18,0.425000,145.936197
1972-08-21,-0.132000,145.743561
1972-08-22,0.411000,146.342567
1972-08-23,0.015000,146.364519
1972-08-24,-1.495000,144.176369
1972-08-25,0.064000,144.268642
1972-08-28,-0.152000,144.049354
1972-08-29,0.420000,144.654361
1972-08-30,0.112000,144.816374
1972-08-31,-0.115000,144.649835
1972-09-01,0.873000,145.912628
1972-09-05,-0.255000,145.540551
1972-09-06,-1.121000,143.909041
1972-09-07,-0.828000,142.717475
1972-09-08,-0.673000,141.756986
1972-09-11,-1.072000,140.237351
1972-09-12,-0.311000,139.801213
1972-09-13,0.138000,139.994139
1972-09-14,-0.768000,138.918984
1972-09-15,0.086000,139.038454
1972-09-18,-0.357000,138.542087
1972-09-19,-0.638000,137.658188
1972-09-20,-0.148000,137.454454
1972-09-21,0.344000,137.927297
1972-09-22,0.264000,138.291425
1972-09-25,-0.462000,137.652519
1972-09-26,0.357000,138.143938
1972-09-27,1.482000,140.191232
1972-09-28,0.215000,140.492643
1972-09-29,0.652000,141.408655
1972-10-02,-1.227000,139.673571
1972-10-03,-0.421000,139.085545
1972-10-04,-0.192000,138.818501
1972-10-05,-0.726000,137.810678
1972-10-06,0.199000,138.084922
1972-10-09,0.457000,138.715970
1972-10-10,-0.319000,138.273466
1972-10-11,-0.055000,138.197415
1972-10-12,-1.065000,136.725613
1972-10-13,-0.130000,136.547870
1972-10-16,-0.860000,135.373558
1972-10-17,0.939000,136.644716
1972-10-18,0.794000,137.729675
1972-10-19,-0.580000,136.930843
1972-10-20,0.895000,138.156374
1972-10-23,1.247000,139.879184
1972-10-24,0.465000,140.529622
1972-10-25,-0.140000,140.332880
1972-10-26,0.766000,141.407830
1972-10-27,-0.278000,141.014716
1972-10-30,0.574000,141.824141
1972-10-31,0.252000,142.181538
1972-11-01,1.467000,144.267341
1972-11-02,1.140000,145.911988
1972-11-03,1.025000,147.407586
1972-11-06,0.146000,147.622801
1972-11-08,-0.873000,146.334054
1972-11-09,0.181000,146.598919
1972-11-10,0.897000,147.913911
1972-11-13,0.107000,148.072179
1972-11-14,1.097000,149.696531
1972-11-15,-0.530000,148.903139
1972-11-16,0.931000,150.289428
1972-11-17,0.176000,150.553937
1972-11-20,0.306000,151.014632
1972-11-21,-0.122000,150.830394
1972-11-22,0.585000,151.712752
1972-11-24,0.249000,152.090517
1972-11-27,-0.276000,151.670747
1972-11-28,-0.702000,150.606018
1972-11-29,0.554000,151.440376
1972-11-30,-0.318000,150.958795
1972-12-01,0.415000,151.585274
1972-12-04,0.431000,152.238607
1972-12-05,-0.688000,151.191205
1972-12-06,1.182000,152.978285
1972-12-07,0.437000,153.646800
1972-12-08,-0.032000,153.597633
1972-12-11,0.344000,154.126009
1972-12-12,-0.122000,153.937975
1972-12-13,-0.126000,153.744014
1972-12-14,-0.350000,153.205910
1972-12-15,0.419000,153.847842
1972-12-18,-1.047000,152.237055
1972-12-19,-0.722000,151.137904
1972-12-20,-0.176000,150.871901
1972-12-21,-0.728000,149.773554
1972-12-22,0.708000,150.833951
1972-12-26,0.163000,151.079810
1972-12-27,0.384000,151.659956
1972-12-29,1.025000,153.214471
1973-01-02,0.901000,154.594933
1973-01-03,0.264000,155.003064
1973-01-04,0.026000,155.043365
1973-01-05,0.719000,156.158126
1973-01-08,-0.117000,155.975421
1973-01-09,-0.529000,155.150311
1973-01-10,-0.313000,154.664691
1973-01-11,1.228000,156.563973
1973-01-12,-0.540000,155.718528
1973-01-15,-0.612000,154.765531
1973-01-16,-0.175000,154.494691
1973-01-17,0.587000,155.401575
1973-01-18,0.456000,156.110206
1973-01-19,0.157000,156.355299
1973-01-22,-0.403000,155.725187
1973-01-23,0.408000,156.360546
1973-01-24,-1.108000,154.628071
1973-01-26,-0.440000,153.947707
1973-01-29,-0.856000,152.629915
1973-01-30,0.104000,152.788650
1973-01-31,0.152000,153.020889
1973-02-01,-0.884000,151.668184
1973-02-02,-0.380000,151.091845
1973-02-05,0.448000,151.768737
1973-02-06,0.931000,153.181704
1973-02-07,-0.406000,152.559786
1973-02-08,-0.115000,152.384342
1973-02-09,1.401000,154.519247
1973-02-12,1.568000,156.942109
1973-02-13,0.939000,158.415795
1973-02-14,-1.079000,156.706489
1973-02-15,-0.959000,155.203673
1973-02-16,0.702000,156.293203
1973-02-20,0.328000,156.805845
1973-02-21,-0.367000,156.230367
1973-02-22,0.213000,156.563138
1973-02-23,-0.371000,155.982289
1973-02-26,-0.476000,155.239813
1973-02-27,-1.022000,153.653262
1973-02-28,0.494000,154.412309
1973-03-01,-0.731000,153.283555
1973-03-02,0.719000,154.385664
1973-03-05,-0.149000,154.155629
1973-03-06,0.668000,155.185389
1973-03-07,0.672000,156.228235
1973-03-08,-0.320000,155.728305
1973-03-09,-0.016000,155.703388
1973-03-12,0.141000,155.922930
1973-03-13,0.412000,156.565332
1973-03-14,0.722000,157.695734
1973-03-15,-0.951000,156.196048
1973-03-16,-0.224000,155.846168
1973-03-19,-0.938000,154.384331
1973-03-20,-0.691000,153.317536
1973-03-21,-1.186000,151.499190
1973-03-22,-0.688000,150.456875
1973-03-23,0.493000,151.198628
1973-03-26,0.408000,151.815518
1973-03-27,1.644000,154.311365
1973-03-28,0.640000,155.298958
1973-03-29,0.807000,156.552220
1973-03-30,-1.030000,154.939733
1973-04-02,-0.871000,153.590207
1973-04-03,-1.015000,152.031267
1973-04-04,-0.634000,151.067389
1973-04-05,-0.708000,149.997832
1973-04-06,0.256000,150.381826
1973-04-09,0.904000,151.741278
1973-04-10,1.399000,153.864138
1973-04-11,0.226000,154.211871
1973-04-12,0.283000,154.648291
1973-04-13,-0.614000,153.698750
1973-04-16,-0.813000,152.449179
1973-04-17,-0.393000,151.850054
1973-04-18,0.480000,152.578934
1973-04-19,0.203000,152.888670
1973-04-23,-0.216000,152.558430
1973-04-24,-1.334000,150.523301
1973-04-25,-2.249000,147.138032
1973-04-26,1.028000,148.650611
1973-04-27,-1.320000,146.688422
1973-04-30,-0.499000,145.956447
1973-05-01,-0.104000,145.804653
1973-05-02,1.069000,147.363304
1973-05-03,1.828000,150.057105
1973-05-04,0.786000,151.236554
1973-05-07,-0.190000,150.949205
1973-05-08,0.694000,151.996792
1973-05-09,-0.928000,150.586262
1973-05-10,-0.783000,149.407172
1973-05-11,-0.894000,148.071472
1973-05-14,-2.090000,144.976778
1973-05-15,0.659000,145.932175
1973-05-16,0.026000,145.970117
1973-05-17,-1.226000,144.180524
1973-05-18,-0.560000,143.373113
1973-05-21,-1.047000,141.871996
1973-05-22,0.951000,143.221199
1973-05-23,0.639000,144.136382
1973-05-24,2.231000,147.352065
1973-05-25,0.533000,148.137451
1973-05-29,-0.308000,147.681188
1973-05-30,-1.396000,145.619559
1973-05-31,-0.592000,144.757491
1973-06-01,-0.588000,143.906317
1973-06-04,-0.568000,143.088929
1973-06-05,1.194000,144.797411
1973-06-06,-0.617000,143.904011
1973-06-07,1.200000,145.630859
1973-06-08,1.054000,147.165808
1973-06-11,-0.346000,146.656614
1973-06-12,1.319000,148.591015
1973-06-13,-0.903000,147.249238
1973-06-14,-1.012000,145.759076
1973-06-15,-1.298000,143.867123
1973-06-18,-1.181000,142.168053
1973-06-19,0.991000,143.576938
1973-06-20,0.730000,144.625050
1973-06-21,-0.903000,143.319085
1973-06-22,-0.067000,143.223062
1973-06-25,-1.424000,141.183565
1973-06-26,0.799000,142.311622
1973-06-27,0.638000,143.219570
1973-06-28,1.083000,144.770638
1973-06-29,-0.091000,144.638897
1973-07-02,-0.910000,143.322683
1973-07-03,-1.395000,141.323331
1973-07-05,0.065000,141.415191
1973-07-06,-0.064000,141.324686
1973-07-09,1.339000,143.217023
1973-07-10,0.433000,143.837153
1973-07-11,1.326000,145.744434
1973-07-12,-0.599000,144.871424
1973-07-13,-0.478000,144.178939
1973-07-16,1.125000,145.800952
1973-07-17,0.254000,146.171287
1973-07-18,0.497000,146.897758
1973-07-19,0.819000,148.100850
1973-07-20,0.576000,148.953911
1973-07-23,-0.275000,148.544288
1973-07-24,0.314000,149.010717
1973-07-25,1.001000,150.502314
1973-07-26,0.364000,151.050143
1973-07-27,-0.401000,150.444432
1973-07-30,0.451000,151.122936
1973-07-31,-1.002000,149.608684
1973-08-01,-0.708000,148.549455
1973-08-02,-0.196000,148.258298
1973-08-03,-0.674000,147.259037
1973-08-06,0.263000,147.646328
1973-08-07,0.030000,147.690622
1973-08-08,-1.112000,146.048302
1973-08-09,0.638000,146.980091
1973-08-10,-1.202000,145.213390
1973-08-13,-2.003000,142.304766
1973-08-14,-0.726000,141.271633
1973-08-15,0.404000,141.842371
1973-08-16,-0.521000,141.103372
1973-08-17,-0.050000,141.032820
1973-08-20,-0.877000,139.795962
1973-08-21,-0.802000,138.674799
1973-08-22,-0.604000,137.837203
1973-08-23,1.154000,139.427844
1973-08-24,0.397000,139.981373
1973-08-27,0.957000,141.320994
1973-08-28,0.553000,142.102500
1973-08-29,0.677000,143.064534
1973-08-30,0.056000,143.144650
1973-08-31,0.294000,143.565495
1973-09-04,-0.195000,143.285542
1973-09-05,0.911000,144.590873
1973-09-06,0.794000,145.738925
1973-09-07,0.111000,145.900695
1973-09-10,-0.613000,145.006324
1973-09-11,-1.154000,143.332951
1973-09-12,-0.405000,142.752453
1973-09-13,0.084000,142.872365
1973-09-14,1.407000,144.882579
1973-09-17,-0.113000,144.718861
1973-09-18,0.154000,144.941729
1973-09-19,1.232000,146.727411
1973-09-20,0.674000,147.716353
1973-09-21,0.207000,148.022126
1973-09-24,-0.412000,147.412275
1973-09-25,0.764000,148.538505
1973-09-26,0.838000,149.783257
1973-09-27,0.031000,149.829690
1973-09-28,-0.353000,149.300792
1973-10-01,-0.498000,148.557274
1973-10-02,0.700000,149.597174
1973-10-03,0.164000,149.842514
1973-10-04,0.003000,149.847009
1973-10-05,1.052000,151.423400
1973-10-08,0.251000,151.803472
1973-10-09,0.279000,152.227004
1973-10-10,-0.851000,150.931552
1973-10-11,1.836000,153.702656
1973-10-12,0.688000,154.760130
1973-10-15,-1.307000,152.737415
1973-10-16,-0.265000,152.332661
1973-10-17,-0.326000,151.836056
1973-10-18,0.244000,152.206536
1973-10-19,0.078000,152.325257
1973-10-22,-0.315000,151.845433
1973-10-23,0.532000,152.653251
1973-10-24,0.071000,152.761634
1973-10-25,0.384000,153.348239
1973-10-26,0.993000,154.870987
1973-10-29,-1.091000,153.181345
1973-10-30,-1.668000,150.626280
1973-10-31,-0.345000,150.106619
1973-11-01,-0.984000,148.629570
1973-11-02,-1.069000,147.040720
1973-11-05,-1.878000,144.279295
1973-11-06,0.184000,144.544769
1973-11-07,0.815000,145.722809
1973-11-08,0.621000,146.627748
1973-11-09,-1.693000,144.145340
1973-11-12,-0.293000,143.722994
1973-11-13,0.248000,144.079427
1973-11-14,-1.667000,141.677623
1973-11-15,-0.332000,141.207253
1973-11-16,1.005000,142.626386
1973-11-19,-3.374000,137.814172
1973-11-20,-1.931000,135.152980
1973-11-21,0.841000,136.289617
1973-11-23,-1.487000,134.262990
1973-11-26,-2.732000,130.594925
1973-11-27,-0.725000,129.648112
1973-11-28,1.204000,131.209075
1973-11-29,-0.511000,130.538597
1973-11-30,-1.045000,129.174469
1973-12-03,-1.761000,126.899706
1973-12-04,-0.867000,125.799486
1973-12-05,-1.728000,123.625671
1973-12-06,1.928000,126.009174
1973-12-07,1.891000,128.392007
1973-12-10,0.405000,128.911995
1973-12-11,-1.027000,127.588068
1973-12-12,-2.842000,123.962016
1973-12-13,-1.048000,122.662894
1973-12-14,0.962000,123.842911
1973-12-17,0.403000,124.341998
1973-12-18,0.872000,125.426260
1973-12-19,0.742000,126.356923
1973-12-20,-0.248000,126.043558
1973-12-21,-1.608000,124.016777
1973-12-24,-0.924000,122.870862
1973-12-26,1.348000,124.527161
1973-12-27,1.316000,126.165939
1973-12-28,0.309000,126.555791
1973-12-31,0.908000,127.704918
1974-01-02,-0.083000,127.598923
1974-01-03,1.984000,130.130486
1974-01-04,-0.699000,129.220874
1974-01-07,-1.273000,127.575892
1974-01-08,-1.224000,126.014363
1974-01-09,-1.224000,124.471947
1974-01-10,-0.048000,124.412201
1974-01-11,1.650000,126.465002
1974-01-14,-1.145000,125.016978
1974-01-15,1.022000,126.294651
1974-01-16,1.675000,128.410087
1974-01-17,1.833000,130.763843
1974-01-18,-0.828000,129.681119
1974-01-21,-1.478000,127.764432
1974-01-22,0.719000,128.683058
1974-01-23,0.544000,129.383094
1974-01-24,-0.547000,128.675368
1974-01-25,0.346000,129.120585
1974-01-28,-0.182000,128.885586
1974-01-29,0.561000,129.608634
1974-01-30,0.713000,130.532743
1974-01-31,-0.013000,130.515774
1974-02-01,-1.694000,128.304837
1974-02-04,-1.747000,126.063351
1974-02-05,-0.586000,125.324620
1974-02-06,0.120000,125.475010
1974-02-07,0.429000,126.013298
1974-02-08,0.299000,126.390077
1974-02-11,-0.884000,125.272789
1974-02-12,-0.802000,124.268101
1974-02-13,0.469000,124.850919
1974-02-14,0.041000,124.902108
1974-02-15,1.186000,126.383447
1974-02-19,1.200000,127.900048
1974-02-20,1.345000,129.620304
1974-02-21,0.577000,130.368213
1974-02-22,0.540000,131.072201
1974-02-25,-0.100000,130.941129
1974-02-26,0.374000,131.430849
1974-02-27,0.468000,132.045945
1974-02-28,0.627000,132.873873
1974-03-01,-1.350000,131.080076
1974-03-04,-0.534000,130.380108
1974-03-05,1.172000,131.908163
1974-03-06,1.038000,133.277370
1974-03-07,-0.651000,132.409734
1974-03-08,1.273000,134.095310
1974-03-11,1.001000,135.437604
1974-03-12,0.641000,136.305759
1974-03-13,-0.742000,135.294370
1974-03-14,0.080000,135.402606
1974-03-15,-0.139000,135.214396
1974-03-18,-1.277000,133.487708
1974-03-19,-0.468000,132.862986
1974-03-20,0.637000,133.709323
1974-03-21,-0.265000,133.354993
1974-03-22,0.070000,133.448342
1974-03-25,1.009000,134.794836
1974-03-26,-0.508000,134.110078
1974-03-27,-1.015000,132.748861
1974-03-28,-1.678000,130.521335
1974-03-29,-0.657000,129.663810
1974-04-01,-0.925000,128.464419
1974-04-02,-0.536000,127.775850
1974-04-03,0.491000,128.403230
1974-04-04,0.464000,128.999021
1974-04-05,-0.957000,127.764500
1974-04-08,-0.520000,127.100124
1974-04-09,0.421000,127.635216
1974-04-10,-0.469000,127.036607
1974-04-11,0.138000,127.211917
1974-04-15,0.496000,127.842888
1974-04-16,1.900000,130.271903
1974-04-17,1.324000,131.996703
1974-04-18,0.371000,132.486411
1974-04-19,-0.903000,131.290059
1974-04-22,-0.843000,130.183284
1974-04-23,-1.579000,128.127690
1974-04-24,-1.230000,126.551719
1974-04-25,-0.973000,125.320371
1974-04-26,1.577000,127.296673
1974-04-29,-0.524000,126.629638
1974-04-30,0.425000,127.167814
1974-05-01,1.445000,129.005389
1974-05-02,0.309000,129.404016
1974-05-03,-0.603000,128.623710
1974-05-06,-0.046000,128.564543
1974-05-07,-1.195000,127.028197
1974-05-08,-0.706000,126.131378
1974-05-09,0.460000,126.711582
1974-05-10,-0.574000,125.984257
1974-05-13,-0.946000,124.792446
1974-05-14,0.127000,124.950933
1974-05-15,-1.111000,123.562728
1974-05-16,-0.344000,123.137672
1974-05-17,-0.514000,122.504744
1974-05-20,-0.410000,122.002475
1974-05-21,0.246000,122.302601
1974-05-22,-0.146000,122.124039
1974-05-23,0.115000,122.264482
1974-05-24,1.419000,123.999415
1974-05-28,-1.029000,122.723461
1974-05-29,-1.960000,120.318081
1974-05-30,0.785000,121.262578
1974-05-31,0.192000,121.495402
1974-06-03,1.658000,123.509796
1974-06-04,0.915000,124.639911
1974-06-05,0.641000,125.438852
1974-06-06,1.229000,126.980496
1974-06-07,-0.480000,126.370990
1974-06-10,1.008000,127.644809
1974-06-11,-1.175000,126.144983
1974-06-12,-0.123000,125.989824
1974-06-13,0.705000,126.878053
1974-06-14,-0.156000,126.680123
1974-06-17,-0.797000,125.670482
1974-06-18,-0.552000,124.976781
1974-06-19,-0.649000,124.165682
1974-06-20,-1.202000,122.673210
1974-06-21,-1.664000,120.631928
1974-06-24,0.346000,121.049315
1974-06-25,0.638000,121.821609
1974-06-26,-1.712000,119.736023
1974-06-27,-0.925000,118.628465
1974-06-28,-1.155000,117.258306
1974-07-01,0.050000,117.316935
1974-07-02,-1.593000,115.448077
1974-07-03,-1.030000,114.258961
1974-07-05,-0.692000,113.468289
1974-07-08,-2.462000,110.674700
1974-07-09,0.434000,111.155028
1974-07-10,-0.135000,111.004969
1974-07-11,0.103000,111.119304
1974-07-12,3.253000,114.734015
1974-07-15,0.198000,114.961188
1974-07-16,-0.265000,114.656541
1974-07-17,0.873000,115.657493
1974-07-18,-0.688000,114.861769
1974-07-19,-0.423000,114.375904
1974-07-22,-0.333000,113.995032
1974-07-23,0.028000,114.026951
1974-07-24,1.054000,115.228795
1974-07-25,-1.062000,114.005065
1974-07-26,-0.938000,112.935698
1974-07-29,-0.136000,112.782105
1974-07-30,-0.569000,112.140375
1974-07-31,-1.042000,110.971872
1974-08-01,-0.398000,110.530204
1974-08-02,-1.052000,109.367426
1974-08-05,0.344000,109.743650
1974-08-06,1.653000,111.557713
1974-08-07,2.505000,114.352234
1974-08-08,-0.950000,113.265887
1974-08-09,0.061000,113.334980
1974-08-12,-0.934000,112.276431
1974-08-13,-1.000000,111.153667
1974-08-14,-1.503000,109.483027
1974-08-15,-0.834000,108.569939
1974-08-16,-0.206000,108.346284
1974-08-19,-1.236000,107.007124
1974-08-20,0.080000,107.092730
1974-08-21,-1.664000,105.310707
1974-08-22,-1.383000,103.854260
1974-08-23,-1.901000,101.879991
1974-08-26,0.213000,102.096995
1974-08-27,-2.516000,99.528235
1974-08-28,-0.262000,99.267471
1974-08-29,-0.882000,98.391931
1974-08-30,2.072000,100.430612
1974-09-03,-1.512000,98.912101
1974-09-04,-1.180000,97.744939
1974-09-05,1.567000,99.276602
1974-09-06,0.296000,99.570461
1974-09-09,-0.887000,98.687271
1974-09-10,-1.371000,97.334268
1974-09-11,-0.227000,97.113319
1974-09-12,-2.400000,94.782600
1974-09-13,-1.615000,93.251861
1974-09-16,1.473000,94.625461
1974-09-17,1.608000,96.147038
1974-09-18,0.102000,96.245108
1974-09-19,3.042000,99.172884
1974-09-20,0.196000,99.367263
1974-09-23,-0.633000,98.738268
1974-09-24,-1.822000,96.939257
1974-09-25,-0.174000,96.770583
1974-09-26,-1.655000,95.169030
1974-09-27,-2.233000,93.043905
1974-09-30,-1.448000,91.696629
1974-10-01,-0.401000,91.328926
1974-10-02,1.177000,92.403867
1974-10-03,-1.637000,90.891216
1974-10-04,0.192000,91.065727
1974-10-07,1.925000,92.818742
1974-10-08,-0.871000,92.010291
1974-10-09,2.999000,94.769680
1974-10-10,2.217000,96.870724
1974-10-11,1.485000,98.309254
1974-10-14,1.764000,100.043429
1974-10-15,-1.104000,98.938950
1974-10-16,-1.398000,97.555783
1974-10-17,0.177000,97.728457
1974-10-18,1.582000,99.274521
1974-10-21,1.434000,100.698118
1974-10-22,-0.068000,100.629643
1974-10-23,-1.961000,98.656296
1974-10-24,-0.057000,98.600062
1974-10-25,0.365000,98.959952
1974-10-28,-0.669000,98.297910
1974-10-29,1.926000,100.191127
1974-10-30,0.938000,101.130920
1974-10-31,-1.269000,99.847569
1974-11-01,0.468000,100.314855
1974-11-04,-0.951000,99.360861
1974-11-05,1.979000,101.327213
1974-11-06,0.232000,101.562292
1974-11-07,0.354000,101.921822
1974-11-08,0.454000,102.384547
1974-11-11,0.169000,102.557577
1974-11-12,-2.043000,100.462326
1974-11-13,-0.017000,100.445247
1974-11-14,-0.061000,100.383976
1974-11-15,-0.820000,99.560827
1974-11-18,-2.474000,97.097692
1974-11-19,-1.333000,95.803380
1974-11-20,0.444000,96.228747
1974-11-21,0.765000,96.964897
1974-11-22,1.406000,98.328223
1974-11-25,-0.167000,98.164015
1974-11-26,0.872000,99.020005
1974-11-27,0.415000,99.430938
1974-11-29,-0.378000,99.055090
1974-12-02,-2.339000,96.738191
1974-12-03,-1.171000,95.605387
1974-12-04,-0.289000,95.329087
1974-12-05,-1.533000,93.867692
1974-12-06,-1.127000,92.809803
1974-12-09,-0.175000,92.647386
1974-12-10,1.446000,93.987067
1974-12-11,1.197000,95.112093
1974-12-12,0.492000,95.580044
1974-12-13,-0.574000,95.031415
1974-12-16,-0.448000,94.605674
1974-12-17,1.534000,96.056925
1974-12-18,0.468000,96.506471
1974-12-19,0.068000,96.572096
1974-12-20,-1.096000,95.513666
1974-12-23,-0.795000,94.754332
1974-12-24,0.429000,95.160828
1974-12-26,0.755000,95.879292
1974-12-27,-0.168000,95.718215
1974-12-30,-0.069000,95.652170
1974-12-31,1.519000,97.105126
1975-01-02,2.184000,99.225902
1975-01-03,1.425000,100.639871
1975-01-06,0.661000,101.305101
1975-01-07,-0.406000,100.893802
1975-01-08,0.018000,100.911963
1975-01-09,2.164000,103.095698
1975-01-10,2.814000,105.996811
1975-01-13,0.349000,106.366739
1975-01-14,-1.273000,105.012691
1975-01-15,0.212000,105.235318
1975-01-16,0.171000,105.415270
1975-01-17,0.823000,106.282838
1975-01-20,-0.440000,105.815193
1975-01-21,-0.387000,105.405689
1975-01-22,1.269000,106.743287
1975-01-23,0.458000,107.232171
1975-01-24,0.804000,108.094318
1975-01-27,2.812000,111.133930
1975-01-28,0.373000,111.548459
1975-01-29,0.408000,112.003577
1975-01-30,-1.265000,110.586732
1975-01-31,1.249000,111.967960
1975-02-03,0.481000,112.506526
1975-02-04,0.304000,112.848546
1975-02-05,1.629000,114.686849
1975-02-06,-0.499000,114.114561
1975-02-07,-0.659000,113.362546
1975-02-10,-0.905000,112.336615
1975-02-11,1.131000,113.607142
1975-02-12,1.685000,115.521423
1975-02-13,1.058000,116.743639
1975-02-14,1.219000,118.166744
1975-02-18,0.197000,118.399533
1975-02-19,1.957000,120.716612
1975-02-20,1.579000,122.622727
1975-02-21,0.774000,123.571827
1975-02-24,-1.855000,121.279570
1975-02-25,-2.236000,118.567758
1975-02-26,0.692000,119.388247
1975-02-27,1.209000,120.831651
1975-02-28,0.800000,121.798304
1975-03-03,1.153000,123.202639
1975-03-04,0.514000,123.835900
1975-03-05,0.187000,124.067474
1975-03-06,1.421000,125.830472
1975-03-07,1.525000,127.749387
1975-03-10,0.729000,128.680680
1975-03-11,0.044000,128.737300
1975-03-12,0.124000,128.896934
1975-03-13,-0.057000,128.823463
1975-03-14,1.112000,130.255979
1975-03-17,1.082000,131.665349
1975-03-18,-0.521000,130.979373
1975-03-19,-0.639000,130.142415
1975-03-20,-1.695000,127.936501
1975-03-21,-0.622000,127.140736
1975-03-24,-3.484000,122.711152
1975-03-25,0.059000,122.783552
1975-03-26,1.608000,124.757911
1975-03-27,-0.254000,124.441026
1975-03-31,-0.974000,123.228971
1975-04-01,-1.250000,121.688609
1975-04-02,-0.481000,121.103286
1975-04-03,-0.765000,120.176846
1975-04-04,-1.407000,118.485958
1975-04-07,-1.356000,116.879288
1975-04-08,0.411000,117.359662
1975-04-09,2.147000,119.879374
1975-04-10,0.611000,120.611837
1975-04-11,0.391000,121.083430
1975-04-14,1.506000,122.906946
1975-04-15,0.924000,124.042606
1975-04-16,-0.087000,123.934689
1975-04-17,1.706000,126.049015
1975-04-18,-0.832000,125.000287
1975-04-21,0.457000,125.571538
1975-04-22,1.242000,127.131137
1975-04-23,-0.727000,126.206894
1975-04-24,1.489000,128.086114
1975-04-25,0.873000,129.204306
1975-04-28,-0.721000,128.272743
1975-04-29,-1.417000,126.455118
1975-04-30,1.654000,128.546686
1975-05-01,-0.319000,128.136622
1975-05-02,1.123000,129.575596
1975-05-05,0.588000,130.337501
1975-05-06,-1.706000,128.113943
1975-05-07,1.091000,129.511666
1975-05-08,0.469000,130.119076
1975-05-09,1.805000,132.467725
1975-05-12,0.125000,132.633310
1975-05-13,0.273000,132.995399
1975-05-14,0.543000,133.717564
1975-05-15,-1.927000,131.140826
1975-05-16,-1.401000,129.303543
1975-05-19,0.443000,129.876358
1975-05-20,1.177000,131.405003
1975-05-21,-0.784000,130.374787
1975-05-22,0.760000,131.365636
1975-05-23,0.665000,132.239217
1975-05-27,-1.352000,130.451343
1975-05-28,-0.197000,130.194354
1975-05-29,0.553000,130.914329
1975-05-30,1.132000,132.396279
1975-06-02,0.771000,133.417054
1975-06-03,0.334000,133.862667
1975-06-04,-0.938000,132.607035
1975-06-05,-0.291000,132.221149
1975-06-06,0.213000,132.502780
1975-06-09,-2.773000,128.828478
1975-06-10,-0.273000,128.476776
1975-06-11,-0.241000,128.167147
1975-06-12,-1.403000,126.368962
1975-06-13,1.693000,128.508389
1975-06-16,0.744000,129.464491
1975-06-17,-0.595000,128.694177
1975-06-18,-0.272000,128.344129
1975-06-19,1.389000,130.126829
1975-06-20,-0.096000,130.001907
1975-06-23,0.751000,130.978222
1975-06-24,1.599000,133.072563
1975-06-25,0.689000,133.989433
1975-06-26,0.382000,134.501273
1975-06-27,-0.315000,134.077594
1975-06-30,0.140000,134.265303
1975-07-01,-0.569000,133.501333
1975-07-02,-0.962000,132.217050
1975-07-03,0.934000,133.451957
1975-07-07,-1.464000,131.498221
1975-07-08,0.153000,131.699413
1975-07-09,2.432000,134.902343
1975-07-10,-0.098000,134.770138
1975-07-11,0.457000,135.386038
1975-07-14,0.565000,136.150969
1975-07-15,1.220000,137.812011
1975-07-16,-0.758000,136.767396
1975-07-17,-1.488000,134.732297
1975-07-18,0.300000,135.136494
1975-07-21,-1.228000,133.477018
1975-07-22,-1.084000,132.030127
1975-07-23,-1.403000,130.177744
1975-07-24,-1.010000,128.862949
1975-07-25,-0.028000,128.826867
1975-07-28,-0.253000,128.500935
1975-07-29,-0.597000,127.733785
1975-07-30,1.212000,129.281918
1975-07-31,-1.390000,127.484900
1975-08-01,-0.797000,126.468845
1975-08-04,-0.498000,125.839030
1975-08-05,-0.424000,125.305473
1975-08-06,-0.139000,125.131298
1975-08-07,0.426000,125.664357
1975-08-08,-0.826000,124.626370
1975-08-11,1.112000,126.012215
1975-08-12,0.790000,127.007711
1975-08-13,-1.188000,125.498860
1975-08-14,-1.958000,123.041592
1975-08-15,0.701000,123.904114
1975-08-18,-0.066000,123.822337
1975-08-19,-1.641000,121.790412
1975-08-20,-1.908000,119.466651
1975-08-21,-0.567000,118.789276
1975-08-22,1.564000,120.647140
1975-08-25,1.318000,122.237269
1975-08-26,-0.793000,121.267928
1975-08-27,1.046000,122.536390
1975-08-28,2.077000,125.081471
1975-08-29,0.344000,125.511751
1975-09-02,-1.552000,123.563809
1975-09-03,-0.384000,123.089324
1975-09-04,-0.540000,122.424641
1975-09-05,0.149000,122.607054
1975-09-08,-0.109000,122.473412
1975-09-09,-1.641000,120.463624
1975-09-10,-0.204000,120.217878
1975-09-11,-0.902000,119.133513
1975-09-12,1.062000,120.398711
1975-09-15,0.237000,120.684056
1975-09-16,-0.076000,120.592336
1975-09-17,0.034000,120.633337
1975-09-18,2.009000,123.056861
1975-09-19,1.475000,124.871949
1975-09-22,-1.056000,123.553302
1975-09-23,-0.311000,123.169051
1975-09-24,0.333000,123.579204
1975-09-25,-0.175000,123.362940
1975-09-26,0.754000,124.293097
1975-09-29,-1.329000,122.641242
1975-09-30,-2.023000,120.160209
1975-10-01,-1.323000,118.570490
1975-10-02,1.226000,120.024164
1975-10-03,2.105000,122.550673
1975-10-06,0.469000,123.125435
1975-10-07,0.313000,123.510818
1975-10-08,1.229000,125.028766
1975-10-09,0.246000,125.336337
1975-10-10,-0.005000,125.330070
1975-10-13,2.264000,128.167542
1975-10-14,-0.599000,127.399819
1975-10-15,-0.928000,126.217549
1975-10-16,-0.381000,125.736660
1975-10-17,-0.031000,125.697681
1975-10-20,1.072000,127.045160
1975-10-21,0.978000,128.287662
1975-10-22,0.019000,128.312037
1975-10-23,0.493000,128.944615
1975-10-24,-1.576000,126.912448
1975-10-27,-0.900000,125.770236
1975-10-28,1.729000,127.944803
1975-10-29,-0.367000,127.475246
1975-10-30,-0.135000,127.303154
1975-10-31,0.426000,127.845466
1975-11-03,-0.498000,127.208795
1975-11-04,-0.048000,127.147735
1975-11-05,0.991000,128.407769
1975-11-06,0.442000,128.975332
1975-11-07,0.230000,129.271975
1975-11-10,0.946000,130.494888
1975-11-11,0.755000,131.480124
1975-11-12,1.057000,132.869869
1975-11-13,-0.707000,131.930479
1975-11-14,0.635000,132.768238
1975-11-17,-0.709000,131.826911
1975-11-18,-0.535000,131.121637
1975-11-19,-1.773000,128.796850
1975-11-20,0.037000,128.844505
1975-11-21,-0.475000,128.232494
1975-11-24,0.338000,128.665919
1975-11-25,2.109000,131.379484
1975-11-26,0.253000,131.711874
1975-11-28,-0.176000,131.480061
1975-12-01,-0.263000,131.134268
1975-12-02,-1.003000,129.818992
1975-12-03,-2.443000,126.647514
1975-12-04,0.180000,126.875479
1975-12-05,-2.209000,124.072800
1975-12-08,-0.394000,123.583953
1975-12-09,0.783000,124.551615
1975-12-10,1.273000,126.137157
1975-12-11,-0.216000,125.864701
1975-12-12,0.702000,126.748271
1975-12-15,0.983000,127.994207
1975-12-16,0.478000,128.606019
1975-12-17,0.991000,129.880505
1975-12-18,0.693000,130.780577
1975-12-19,-0.622000,129.967122
1975-12-22,-0.750000,128.992368
1975-12-23,0.835000,130.069454
1975-12-24,0.647000,130.911004
1975-12-26,0.490000,131.552468
1975-12-29,-0.643000,130.706585
1975-12-30,-0.070000,130.615091
1975-12-31,0.756000,131.602541
1976-01-02,0.361000,132.077626
1976-01-05,1.591000,134.178981
1976-01-06,1.552000,136.261439
1976-01-07,0.511000,136.957735
1976-01-08,0.220000,137.259042
1976-01-09,0.610000,138.096322
1976-01-12,1.580000,140.278244
1976-01-13,-0.658000,139.355213
1976-01-14,1.400000,141.306186
1976-01-15,-0.896000,140.040083
1976-01-16,0.146000,140.244541
1976-01-19,0.921000,141.536193
1976-01-20,0.601000,142.386826
1976-01-21,-0.775000,141.283328
1976-01-22,-0.044000,141.221163
1976-01-23,1.832000,143.808335
1976-01-26,0.078000,143.920505
1976-01-27,-0.901000,142.623782
1976-01-28,-0.426000,142.016204
1976-01-29,0.978000,143.405123
1976-01-30,0.458000,144.061918
1976-02-02,-0.622000,143.165853
1976-02-03,0.216000,143.475091
1976-02-04,0.313000,143.924168
1976-02-05,-1.256000,142.116481
1976-02-06,-0.493000,141.415847
1976-02-09,0.309000,141.852822
1976-02-10,0.642000,142.763517
1976-02-11,0.312000,143.208939
1976-02-12,-0.263000,142.832299
1976-02-13,0.040000,142.889432
1976-02-17,-0.108000,142.735112
1976-02-18,0.787000,143.858437
1976-02-19,1.521000,146.046524
1976-02-20,0.203000,146.342998
1976-02-23,-0.641000,145.404940
1976-02-24,0.851000,146.642336
1976-02-25,0.110000,146.803642
1976-02-26,-1.314000,144.874642
1976-02-27,-0.278000,144.471891
1976-03-01,-0.102000,144.324530
1976-03-02,0.534000,145.095223
1976-03-03,-0.818000,143.908344
1976-03-04,-0.884000,142.636194
1976-03-05,0.000000,142.636194
1976-03-08,0.923000,143.952726
1976-03-09,0.050000,144.024702
1976-03-10,0.094000,144.160086
1976-03-11,0.912000,145.474826
1976-03-12,-0.465000,144.798368
1976-03-15,-0.975000,143.386584
1976-03-16,0.880000,144.648385
1976-03-17,-0.480000,143.954073
1976-03-18,-0.090000,143.824515
1976-03-19,0.195000,144.104972
1976-03-22,0.401000,144.682833
1976-03-23,1.120000,146.303281
1976-03-24,0.627000,147.220603
1976-03-25,-0.740000,146.131170
1976-03-26,-0.315000,145.670857
1976-03-29,-0.357000,145.150812
1976-03-30,-0.869000,143.889451
1976-03-31,1.091000,145.459285
1976-04-01,0.099000,145.603290
1976-04-02,0.033000,145.651339
1976-04-05,1.205000,147.406438
1976-04-06,-0.100000,147.259031
1976-04-07,-0.694000,146.237054
1976-04-08,-0.910000,144.906296
1976-04-09,-0.500000,144.181765
1976-04-12,-0.470000,143.504111
1976-04-13,0.433000,144.125483
1976-04-14,-0.939000,142.772145
1976-04-15,0.177000,143.024852
1976-04-19,0.577000,143.850105
1976-04-20,1.660000,146.238017
1976-04-21,0.169000,146.485159
1976-04-22,-0.431000,145.853808
1976-04-23,-0.027000,145.814428
1976-04-26,-0.331000,145.331782
1976-04-27,-0.513000,144.586230
1976-04-28,0.382000,145.138549
1976-04-29,-0.345000,144.637821
1976-04-30,-0.108000,144.481612
1976-05-03,-0.525000,143.723084
1976-05-04,0.818000,144.898739
1976-05-05,-0.688000,143.901836
1976-05-06,-0.110000,143.743543
1976-05-07,0.550000,144.534133
1976-05-10,1.039000,146.035843
1976-05-11,-0.292000,145.609418
1976-05-12,0.157000,145.838025
1976-05-13,-0.316000,145.377177
1976-05-14,-0.720000,144.330461
1976-05-17,-0.755000,143.240766
1976-05-18,-0.124000,143.063147
1976-05-19,-0.256000,142.696906
1976-05-20,0.797000,143.834200
1976-05-21,0.109000,143.990979
1976-05-24,-1.320000,142.090298
1976-05-25,-0.187000,141.824590
1976-05-26,-0.670000,140.874365
1976-05-27,0.199000,141.154705
1976-05-28,0.710000,142.156903
1976-06-01,-0.849000,140.949991
1976-06-02,0.208000,141.243167
1976-06-03,-0.083000,141.125935
1976-06-04,-0.994000,139.723143
1976-06-07,-0.645000,138.821929
1976-06-08,0.442000,139.435522
1976-06-09,-0.286000,139.036737
1976-06-10,0.741000,140.066999
1976-06-11,1.017000,141.491480
1976-06-14,0.795000,142.616337
1976-06-15,-0.177000,142.363906
1976-06-16,0.986000,143.767615
1976-06-17,0.930000,145.104653
1976-06-18,0.608000,145.986890
1976-06-21,0.210000,146.293462
1976-06-22,-0.436000,145.655623
1976-06-23,-0.584000,144.804994
1976-06-24,0.201000,145.096052
1976-06-25,0.366000,145.627103
1976-06-28,-0.056000,145.545552
1976-06-29,0.388000,146.110269
1976-06-30,0.289000,146.532528
1976-07-01,-0.945000,145.147795
1976-07-02,0.337000,145.636943
1976-07-06,-0.383000,145.079154
1976-07-07,0.436000,145.711699
1976-07-08,-0.185000,145.442132
1976-07-09,0.932000,146.797653
1976-07-12,0.459000,147.471454
1976-07-13,0.235000,147.818012
1976-07-14,0.530000,148.601448
1976-07-15,-0.055000,148.519717
1976-07-16,-0.066000,148.421694
1976-07-19,-0.474000,147.718175
1976-07-20,-0.897000,146.393143
1976-07-21,0.237000,146.740095
1976-07-22,-0.239000,146.389386
1976-07-23,0.217000,146.707051
1976-07-26,-0.456000,146.038067
1976-07-27,-0.453000,145.376514
1976-07-28,-0.031000,145.331447
1976-07-29,-0.485000,144.626590
1976-07-30,0.348000,145.129891
1976-08-02,0.068000,145.228579
1976-08-03,0.654000,146.178374
1976-08-04,0.174000,146.432724
1976-08-05,-0.566000,145.603915
1976-08-06,-0.339000,145.110318
1976-08-09,-0.151000,144.891201
1976-08-10,0.727000,145.944560
1976-08-11,-0.002000,145.941641
1976-08-12,0.084000,146.064232
1976-08-13,-0.044000,145.999964
1976-08-16,0.390000,146.569364
1976-08-17,0.110000,146.730590
1976-08-18,0.287000,147.151707
1976-08-19,-1.113000,145.513908
1976-08-20,-1.504000,143.325379
1976-08-23,-0.488000,142.625951
1976-08-24,-0.091000,142.496162
1976-08-25,0.565000,143.301265
1976-08-26,-0.347000,142.804010
1976-08-27,0.236000,143.141027
1976-08-30,0.447000,143.780867
1976-08-31,0.717000,144.811776
1976-09-01,0.958000,146.199073
1976-09-02,-0.326000,145.722464
1976-09-03,0.043000,145.785125
1976-09-07,0.536000,146.566533
1976-09-08,0.039000,146.623694
1976-09-09,-0.300000,146.183823
1976-09-10,-0.102000,146.034715
1976-09-13,0.047000,146.103352
1976-09-14,-0.231000,145.765853
1976-09-15,0.508000,146.506344
1976-09-16,0.257000,146.882865
1976-09-17,0.595000,147.756818
1976-09-20,0.232000,148.099614
1976-09-21,0.885000,149.410295
1976-09-22,-0.087000,149.280308
1976-09-23,-0.532000,148.486137
1976-09-24,-0.251000,148.113437
1976-09-27,0.452000,148.782910
1976-09-28,-0.758000,147.655135
1976-09-29,-1.113000,146.011734
1976-09-30,-0.068000,145.912446
1976-10-01,-0.667000,144.939210
1976-10-04,-0.150000,144.721801
1976-10-05,-0.687000,143.727562
1976-10-06,-0.288000,143.313627
1976-10-07,0.700000,144.316822
1976-10-08,-1.268000,142.486885
1976-10-11,-0.821000,141.317067
1976-10-12,-0.437000,140.699512
1976-10-13,0.655000,141.621094
1976-10-14,-0.702000,140.626913
1976-10-15,-0.101000,140.484880
1976-10-18,0.335000,140.955505
1976-10-19,-0.160000,140.729976
1976-10-20,0.267000,141.105725
1976-10-21,-1.156000,139.474543
1976-10-22,-0.553000,138.703248
1976-10-25,-0.264000,138.337072
1976-10-26,0.506000,139.037057
1976-10-27,0.624000,139.904649
1976-10-28,-0.254000,139.549291
1976-10-29,0.705000,140.533113
1976-11-01,0.225000,140.849313
1976-11-03,-1.061000,139.354902
1976-11-04,0.573000,140.153405
1976-11-05,-0.980000,138.779902
1976-11-08,-1.095000,137.260262
1976-11-09,-0.251000,136.915739
1976-11-10,-0.505000,136.224314
1976-11-11,0.427000,136.805992
1976-11-12,-0.258000,136.453033
1976-11-15,0.502000,137.138027
1976-11-16,0.331000,137.591954
1976-11-17,0.697000,138.550970
1976-11-18,0.936000,139.847807
1976-11-19,0.208000,140.138690
1976-11-22,0.631000,141.022965
1976-11-23,-0.383000,140.482847
1976-11-24,0.064000,140.572756
1976-11-26,0.855000,141.774653
1976-11-29,-0.588000,140.941018
1976-11-30,0.052000,141.014308
1976-12-01,0.042000,141.073534
1976-12-02,0.127000,141.252697
1976-12-03,0.142000,141.453276
1976-12-06,1.819000,144.026311
1976-12-07,0.715000,145.056099
1976-12-08,1.058000,146.590793
1976-12-09,0.600000,147.470337
1976-12-10,0.509000,148.220962
1976-12-13,0.420000,148.843490
1976-12-14,0.270000,149.245367
1976-12-15,-0.299000,148.799123
1976-12-16,-0.048000,148.727700
1976-12-17,-0.192000,148.442143
1976-12-20,-0.464000,147.753371
1976-12-21,0.659000,148.727066
1976-12-22,0.368000,149.274381
1976-12-23,0.110000,149.438583
1976-12-27,0.826000,150.672946
1976-12-28,1.080000,152.300214
1976-12-29,-0.283000,151.869204
1976-12-30,0.168000,152.124344
1976-12-31,0.292000,152.568547
1977-01-03,0.018000,152.596010
1977-01-04,-1.169000,150.812162
1977-01-05,-0.912000,149.436755
1977-01-06,-0.087000,149.306745
1977-01-07,0.304000,149.760638
1977-01-10,0.466000,150.458523
1977-01-11,-0.875000,149.142010
1977-01-12,-0.505000,148.388843
1977-01-13,0.768000,149.528470
1977-01-14,0.168000,149.779677
1977-01-17,-0.319000,149.301880
1977-01-18,-0.370000,148.749463
1977-01-19,0.268000,149.148112
1977-01-20,-0.344000,148.635042
1977-01-21,0.991000,150.108016
1977-01-24,-0.551000,149.280921
1977-01-25,0.603000,150.181084
1977-01-26,-0.753000,149.050221
1977-01-27,-0.258000,148.665671
1977-01-28,0.242000,149.025442
1977-01-31,-0.221000,148.696096
1977-02-01,1.048000,150.254431
1977-02-02,-0.255000,149.871282
1977-02-03,-0.185000,149.594020
1977-02-04,0.395000,150.184917
1977-02-07,-0.218000,149.857514
1977-02-08,0.166000,150.106277
1977-02-09,-0.837000,148.849888
1977-02-10,-0.324000,148.367614
1977-02-11,-0.726000,147.290465
1977-02-14,0.904000,148.621971
1977-02-15,0.324000,149.103506
1977-02-16,0.717000,150.172578
1977-02-17,-0.438000,149.514822
1977-02-18,-0.065000,149.417638
1977-02-22,0.376000,149.979448
1977-02-23,-0.252000,149.601500
1977-02-24,-0.556000,148.769716
1977-02-25,0.275000,149.178832
1977-02-28,-0.430000,148.537363
1977-03-01,1.035000,150.074725
1977-03-02,-0.242000,149.711544
1977-03-03,0.870000,151.014035
1977-03-04,0.502000,151.772125
1977-03-07,-0.136000,151.565715
1977-03-08,-0.816000,150.328939
1977-03-09,-0.956000,148.891794
1977-03-10,0.436000,149.540962
1977-03-11,0.163000,149.784714
1977-03-14,0.461000,150.475222
1977-03-15,0.345000,150.994361
1977-03-16,-0.346000,150.471921
1977-03-17,-0.078000,150.354552
1977-03-18,-0.280000,149.933560
1977-03-21,-0.778000,148.767077
1977-03-22,0.112000,148.933696
1977-03-23,-0.100000,148.784762
1977-03-24,-0.202000,148.484217
1977-03-25,-0.256000,148.104097
1977-03-28,0.323000,148.582473
1977-03-29,0.933000,149.968748
1977-03-30,-1.204000,148.163124
1977-03-31,-0.230000,147.822349
1977-04-01,0.718000,148.883714
1977-04-04,-1.072000,147.287680
1977-04-05,-0.498000,146.554187
1977-04-06,0.488000,147.269372
1977-04-07,1.109000,148.902589
1977-04-11,0.608000,149.807917
1977-04-12,0.791000,150.992898
1977-04-13,0.149000,151.217877
1977-04-14,0.665000,152.223476
1977-04-15,-0.012000,152.205209
1977-04-18,-0.294000,151.757726
1977-04-19,-0.322000,151.269066
1977-04-20,0.367000,151.824223
1977-04-21,-0.143000,151.607115
1977-04-22,-0.784000,150.418515
1977-04-25,-1.654000,147.930593
1977-04-26,-0.098000,147.785621
1977-04-27,0.715000,148.842288
1977-04-28,0.214000,149.160810
1977-04-29,0.362000,149.700773
1977-05-02,0.416000,150.323528
1977-05-03,0.844000,151.592258
1977-05-04,0.773000,152.764066
1977-05-05,0.159000,153.006961
1977-05-06,-1.000000,151.476892
1977-05-09,0.344000,151.997972
1977-05-10,0.534000,152.809641
1977-05-11,-0.486000,152.066987
1977-05-12,-0.443000,151.393330
1977-05-13,-0.002000,151.390302
1977-05-16,-0.040000,151.329746
1977-05-17,0.115000,151.503775
1977-05-18,1.019000,153.047598
1977-05-19,-0.428000,152.392555
1977-05-20,-0.304000,151.929281
1977-05-23,-0.976000,150.446452
1977-05-24,-0.362000,149.901835
1977-05-25,-0.490000,149.167316
1977-05-26,0.499000,149.911661
1977-05-27,-0.821000,148.680887
1977-05-31,-0.174000,148.422182
1977-06-01,0.533000,149.213272
1977-06-02,-0.427000,148.576131
1977-06-03,0.801000,149.766226
1977-06-06,-0.238000,149.409783
1977-06-07,0.449000,150.080633
1977-06-08,1.091000,151.718012
1977-06-09,-0.157000,151.479815
1977-06-10,0.501000,152.238729
1977-06-13,0.616000,153.176519
1977-06-14,0.509000,153.956188
1977-06-15,-0.357000,153.406564
1977-06-16,0.238000,153.771672
1977-06-17,-0.399000,153.158123
1977-06-20,0.786000,154.361946
1977-06-21,0.066000,154.463825
1977-06-22,0.048000,154.537967
1977-06-23,0.879000,155.896356
1977-06-24,0.032000,155.946243
1977-06-27,-0.872000,154.586392
1977-06-28,-0.526000,153.773267
1977-06-29,-0.065000,153.673315
1977-06-30,0.379000,154.255737
1977-07-01,-0.756000,153.089563
1977-07-05,-0.356000,152.544564
1977-07-06,-0.008000,152.532361
1977-07-07,0.409000,153.156218
1977-07-08,0.222000,153.496225
1977-07-11,-0.307000,153.024991
1977-07-12,-0.088000,152.890329
1977-07-13,0.033000,152.940783
1977-07-15,0.153000,153.174783
1977-07-18,0.473000,153.899299
1977-07-19,0.644000,154.890411
1977-07-20,0.082000,155.017421
1977-07-21,0.527000,155.834363
1977-07-22,0.258000,156.236415
1977-07-25,-0.525000,155.416174
1977-07-26,-0.764000,154.228795
1977-07-27,-1.611000,151.744169
1977-07-28,0.752000,152.885285
1977-07-29,-0.449000,152.198830
1977-08-01,0.860000,153.507740
1977-08-02,-0.330000,153.001164
1977-08-03,-0.089000,152.864993
1977-08-04,0.169000,153.123335
1977-08-05,-0.177000,152.852307
1977-08-08,-1.262000,150.923311
1977-08-09,0.502000,151.680946
1977-08-10,1.059000,153.287247
1977-08-11,-0.548000,152.447233
1977-08-12,-0.046000,152.377107
1977-08-15,0.529000,153.183182
1977-08-16,-0.562000,152.322293
1977-08-17,0.027000,152.363420
1977-08-18,0.795000,153.574709
1977-08-19,-0.040000,153.513279
1977-08-22,0.158000,153.755830
1977-08-23,-0.046000,153.685102
1977-08-24,-0.185000,153.400785
1977-08-25,-1.049000,151.791611
1977-08-26,-0.137000,151.583656
1977-08-29,0.600000,152.493158
1977-08-30,-0.081000,152.369639
1977-08-31,0.683000,153.410323
1977-09-01,-0.165000,153.157196
1977-09-02,0.410000,153.785141
1977-09-06,0.498000,154.550991
1977-09-07,0.402000,155.172286
1977-09-08,-0.445000,154.481769
1977-09-09,-0.574000,153.595044
1977-09-12,-0.334000,153.082036
1977-09-13,-0.880000,151.734914
1977-09-14,1.014000,153.273506
1977-09-15,0.495000,154.032210
1977-09-16,-0.094000,153.887420
1977-09-19,-0.767000,152.707103
1977-09-20,0.553000,153.551574
1977-09-21,-0.213000,153.224509
1977-09-22,0.502000,153.993696
1977-09-23,0.310000,154.471076
1977-09-26,0.444000,155.156928
1977-09-27,-0.272000,154.734901
1977-09-28,-0.226000,154.385200
1977-09-29,-0.085000,154.253973
1977-09-30,0.815000,155.511143
1977-10-03,0.315000,156.001003
1977-10-04,-0.592000,155.077477
1977-10-05,-0.071000,154.967372
1977-10-06,0.831000,156.255151
1977-10-07,-0.120000,156.067644
1977-10-10,-0.398000,155.446495
1977-10-11,-0.858000,154.112764
1977-10-12,-0.277000,153.685872
1977-10-13,-0.137000,153.475322
1977-10-14,0.505000,154.250373
1977-10-17,-0.298000,153.790707
1977-10-18,0.381000,154.376649
1977-10-19,-0.455000,153.674235
1977-10-20,0.164000,153.926261
1977-10-21,-0.412000,153.292085
1977-10-24,-0.700000,152.219040
1977-10-25,-0.279000,151.794349
1977-10-26,0.854000,153.090673
1977-10-27,-0.411000,152.461470
1977-10-28,0.134000,152.665769
1977-10-31,0.309000,153.137506
1977-11-01,-0.705000,152.057886
1977-11-02,-0.318000,151.574342
1977-11-03,-0.056000,151.489461
1977-11-04,0.624000,152.434755
1977-11-07,0.438000,153.102419
1977-11-08,0.541000,153.930703
1977-11-09,0.646000,154.925096
1977-11-10,1.405000,157.101793
1977-11-11,0.932000,158.565982
1977-11-14,-0.364000,157.988802
1977-11-15,0.681000,159.064706
1977-11-16,-0.330000,158.539792
1977-11-17,-0.414000,157.883437
1977-11-18,0.395000,158.507077
1977-11-21,-0.196000,158.196403
1977-11-22,0.897000,159.615425
1977-11-23,0.185000,159.910713
1977-11-25,0.244000,160.300895
1977-11-28,-0.616000,159.313442
1977-11-29,-1.824000,156.407565
1977-11-30,0.178000,156.685970
1977-12-01,0.326000,157.196766
1977-12-02,0.291000,157.654209
1977-12-05,-0.237000,157.280569
1977-12-06,-0.793000,156.033334
1977-12-07,0.123000,156.225255
1977-12-08,0.171000,156.492400
1977-12-09,0.628000,157.475172
1977-12-12,0.378000,158.070428
1977-12-13,0.023000,158.106784
1977-12-14,0.313000,158.601659
1977-12-15,-0.369000,158.016419
1977-12-16,-0.098000,157.861562
1977-12-19,-0.584000,156.939651
1977-12-20,-0.223000,156.589676
1977-12-21,0.282000,157.031258
1977-12-22,0.584000,157.948321
1977-12-23,0.960000,159.464625
1977-12-27,-0.078000,159.340242
1977-12-28,0.278000,159.783208
1977-12-29,0.109000,159.957372
1977-12-30,0.023000,159.994162
1978-01-03,-0.875000,158.594213
1978-01-04,-0.172000,158.321431
1978-01-05,-0.455000,157.601069
1978-01-06,-0.717000,156.471069
1978-01-09,-0.791000,155.233383
1978-01-10,-0.481000,154.486710
1978-01-11,-0.487000,153.734360
1978-01-12,0.463000,154.446150
1978-01-13,0.074000,154.560440
1978-01-16,-0.116000,154.381150
1978-01-17,0.584000,155.282736
1978-01-18,0.385000,155.880575
1978-01-19,-0.129000,155.679489
1978-01-20,0.019000,155.709068
1978-01-23,-0.693000,154.630004
1978-01-24,-0.036000,154.574337
1978-01-25,0.180000,154.852571
1978-01-26,-0.478000,154.112376
1978-01-27,0.159000,154.357414
1978-01-30,0.664000,155.382348
1978-01-31,0.099000,155.536176
1978-02-01,0.358000,156.092996
1978-02-02,0.132000,156.299038
1978-02-03,-0.017000,156.272468
1978-02-06,0.221000,156.617830
1978-02-07,0.424000,157.281889
1978-02-08,0.430000,157.958201
1978-02-09,-0.140000,157.737060
1978-02-10,-0.136000,157.522538
1978-02-13,-0.085000,157.388643
1978-02-14,-0.358000,156.825192
1978-02-15,-0.093000,156.679345
1978-02-16,-0.883000,155.295866
1978-02-17,-0.076000,155.177841
1978-02-21,-0.217000,154.841105
1978-02-22,0.021000,154.873622
1978-02-23,0.106000,155.037788
1978-02-24,0.835000,156.332353
1978-02-27,-0.077000,156.211977
1978-02-28,-0.496000,155.437166
1978-03-01,0.509000,156.228341
1978-03-02,-0.191000,155.929945
1978-03-03,0.493000,156.698680
1978-03-06,-0.118000,156.513775
1978-03-07,0.597000,157.448163
1978-03-08,0.212000,157.781953
1978-03-09,0.673000,158.843825
1978-03-10,0.994000,160.422733
1978-03-13,0.107000,160.594385
1978-03-14,0.039000,160.657017
1978-03-15,-0.307000,160.163800
1978-03-16,0.380000,160.772422
1978-03-17,0.711000,161.915514
1978-03-20,0.659000,162.982538
1978-03-21,-0.594000,162.014421
1978-03-22,0.053000,162.100289
1978-03-23,0.175000,162.383964
1978-03-27,0.039000,162.447294
1978-03-28,0.507000,163.270902
1978-03-29,0.248000,163.675814
1978-03-30,-0.267000,163.238799
1978-03-31,-0.014000,163.215946
1978-04-03,-0.674000,162.115870
1978-04-04,0.225000,162.480631
1978-04-05,0.289000,162.950200
1978-04-06,-0.146000,162.712293
1978-04-07,0.241000,163.104429
1978-04-10,0.160000,163.365397
1978-04-11,-0.120000,163.169358
1978-04-12,-0.403000,162.511786
1978-04-13,0.674000,163.607115
1978-04-14,1.541000,166.128301
1978-04-17,0.648000,167.204812
1978-04-18,-0.327000,166.658052
1978-04-19,-0.221000,166.289738
1978-04-20,0.715000,167.478710
1978-04-21,-0.219000,167.111931
1978-04-24,0.958000,168.712864
1978-04-25,0.635000,169.784190
1978-04-26,0.107000,169.965859
1978-04-27,-0.614000,168.922269
1978-04-28,0.543000,169.839517
1978-05-01,0.921000,171.403739
1978-05-02,-0.329000,170.839821
1978-05-03,-0.514000,169.961704
1978-05-04,0.030000,170.012692
1978-05-05,0.672000,171.155178
1978-05-08,-0.263000,170.705040
1978-05-09,-0.073000,170.580425
1978-05-10,0.390000,171.245689
1978-05-11,0.911000,172.805737
1978-05-12,0.884000,174.333339
1978-05-15,0.192000,174.668059
1978-05-16,0.088000,174.821767
1978-05-17,0.405000,175.529796
1978-05-18,-0.567000,174.534542
1978-05-19,-0.064000,174.422839
1978-05-22,0.461000,175.226929
1978-05-23,-0.659000,174.072183
1978-05-24,-0.260000,173.619596
1978-05-25,-0.439000,172.857406
1978-05-26,0.120000,173.064834
1978-05-30,0.267000,173.526918
1978-05-31,0.107000,173.712591
1978-06-01,0.545000,174.659325
1978-06-02,0.377000,175.317791
1978-06-05,1.288000,177.575884
1978-06-06,0.436000,178.350115
1978-06-07,-0.475000,177.502952
1978-06-08,0.088000,177.659154
1978-06-09,0.440000,178.440855
1978-06-12,-0.201000,178.082188
1978-06-13,0.449000,178.881777
1978-06-14,-0.131000,178.647442
1978-06-15,-0.260000,178.182959
1978-06-16,-0.464000,177.356190
1978-06-19,-0.034000,177.295889
1978-06-20,-0.796000,175.884614
1978-06-21,-0.429000,175.130069
1978-06-22,0.333000,175.713252
1978-06-23,-0.288000,175.207198
1978-06-26,-0.723000,173.940450
1978-06-27,0.526000,174.855376
1978-06-28,0.381000,175.521575
1978-06-29,0.297000,176.042874
1978-06-30,-0.047000,175.960134
1978-07-03,0.208000,176.326131
1978-07-05,-0.834000,174.855571
1978-07-06,0.295000,175.371395
1978-07-07,0.846000,176.855037
1978-07-10,0.285000,177.359074
1978-07-11,0.452000,178.160737
1978-07-12,0.585000,179.202978
1978-07-13,-0.017000,179.172513
1978-07-14,0.949000,180.872860
1978-07-17,0.297000,181.410053
1978-07-18,-0.630000,180.267169
1978-07-19,1.332000,182.668328
1978-07-20,-0.162000,182.372405
1978-07-21,-0.334000,181.763281
1978-07-24,0.215000,182.154072
1978-07-25,0.723000,183.471046
1978-07-26,0.405000,184.214104
1978-07-27,0.966000,185.993612
1978-07-28,0.550000,187.016577
1978-07-31,0.722000,188.366837
1978-08-01,-0.034000,188.302792
1978-08-02,1.965000,192.002942
1978-08-03,0.375000,192.722953
1978-08-04,0.037000,192.794261
1978-08-07,0.203000,193.185633
1978-08-08,0.423000,194.002808
1978-08-09,0.354000,194.689578
1978-08-10,-0.672000,193.381264
1978-08-11,-0.061000,193.263302
1978-08-14,0.161000,193.574455
1978-08-15,-0.032000,193.512512
1978-08-16,0.994000,195.436026
1978-08-17,0.549000,196.508970
1978-08-18,-0.142000,196.229927
1978-08-21,-0.769000,194.720919
1978-08-22,-0.270000,194.195172
1978-08-23,0.287000,194.752513
1978-08-24,0.065000,194.879102
1978-08-25,0.146000,195.163625
1978-08-28,-0.237000,194.701087
1978-08-29,-0.291000,194.134507
1978-08-30,-0.083000,193.973376
1978-08-31,0.212000,194.384599
1978-09-01,0.689000,195.723909
1978-09-05,0.535000,196.771032
1978-09-06,0.878000,198.498682
1978-09-07,0.556000,199.602334
1978-09-08,1.092000,201.781992
1978-09-11,0.236000,202.258197
1978-09-12,-0.147000,201.960878
1978-09-13,-0.304000,201.346917
1978-09-14,-0.714000,199.909300
1978-09-15,-0.953000,198.004164
1978-09-18,-0.574000,196.867620
1978-09-19,-0.267000,196.341984
1978-09-20,-0.572000,195.218907
1978-09-21,-0.218000,194.793330
1978-09-22,-0.165000,194.471921
1978-09-25,-0.014000,194.444695
1978-09-26,0.447000,195.313863
1978-09-27,-0.627000,194.089245
1978-09-28,0.829000,195.698245
1978-09-29,0.322000,196.328393
1978-10-02,0.240000,196.799581
1978-10-03,0.163000,197.120365
1978-10-04,0.423000,197.954184
1978-10-05,0.309000,198.565862
1978-10-06,0.972000,200.495922
1978-10-09,0.702000,201.903404
1978-10-10,0.311000,202.531323
1978-10-11,0.804000,204.159675
1978-10-12,-0.213000,203.724815
1978-10-13,-0.002000,203.720741
1978-10-16,-1.211000,201.253682
1978-10-17,-0.692000,199.861007
1978-10-18,-0.113000,199.635164
1978-10-19,-0.542000,198.553141
1978-10-20,-1.357000,195.858775
1978-10-23,0.192000,196.234824
1978-10-24,-0.735000,194.792498
1978-10-25,-0.453000,193.910088
1978-10-26,-0.830000,192.300634
1978-10-27,-0.540000,191.262211
1978-10-30,-0.002000,191.258386
1978-10-31,-0.909000,189.519847
1978-11-01,2.026000,193.359519
1978-11-02,-0.069000,193.226101
1978-11-03,1.034000,195.224059
1978-11-06,-1.208000,192.865752
1978-11-07,-1.327000,190.306424
1978-11-08,0.592000,191.433038
1978-11-09,0.182000,191.781446
1978-11-10,-0.031000,191.721994
1978-11-13,-1.045000,189.718499
1978-11-14,-1.236000,187.373578
1978-11-15,-0.151000,187.090644
1978-11-16,0.087000,187.253413
1978-11-17,0.155000,187.543656
1978-11-20,0.479000,188.441990
1978-11-21,-1.009000,186.540610
1978-11-22,0.656000,187.764317
1978-11-24,0.151000,188.047841
1978-11-27,-0.305000,187.474295
1978-11-28,-1.195000,185.233977
1978-11-29,-1.396000,182.648111
1978-11-30,0.936000,184.357697
1978-12-01,1.411000,186.958984
1978-12-04,0.127000,187.196422
1978-12-05,1.471000,189.950081
1978-12-06,0.726000,191.329119
1978-12-07,0.251000,191.809355
1978-12-08,-0.289000,191.255026
1978-12-11,0.314000,191.855567
1978-12-12,0.010000,191.874752
1978-12-13,-0.376000,191.153303
1978-12-14,0.060000,191.267995
1978-12-15,-0.015000,191.239305
1978-12-18,-2.160000,187.108536
1978-12-19,0.330000,187.725994
1978-12-20,0.026000,187.774803
1978-12-21,-0.180000,187.436808
1978-12-22,1.212000,189.708543
1978-12-26,1.544000,192.637642
1978-12-27,-0.861000,190.979032
1978-12-28,0.143000,191.252132
1978-12-29,-0.474000,190.345597
1979-01-02,0.328000,190.969931
1979-01-03,0.632000,192.176861
1979-01-04,0.386000,192.918663
1979-01-05,0.193000,193.290996
1979-01-08,0.738000,194.717484
1979-01-09,0.483000,195.657969
1979-01-10,0.045000,195.746016
1979-01-11,0.095000,195.931974
1979-01-12,0.927000,197.748264
1979-01-15,0.420000,198.578806
1979-01-16,-1.195000,196.205790
1979-01-17,0.569000,197.322201
1979-01-18,-0.063000,197.197888
1979-01-19,-0.019000,197.160420
1979-01-22,0.079000,197.316177
1979-01-23,0.267000,197.843011
1979-01-24,-0.779000,196.301814
1979-01-25,1.726000,199.689983
1979-01-26,0.248000,200.185214
1979-01-29,-0.153000,199.878931
1979-01-30,-0.937000,198.006065
1979-01-31,-1.187000,195.655733
1979-02-01,0.214000,196.074437
1979-02-02,-0.557000,194.982302
1979-02-05,-0.955000,193.120221
1979-02-06,0.340000,193.776830
1979-02-07,-0.031000,193.716759
1979-02-08,-0.022000,193.674141
1979-02-09,0.275000,194.206745
1979-02-12,0.331000,194.849570
1979-02-13,1.013000,196.823396
1979-02-14,0.629000,198.061415
1979-02-15,-0.011000,198.039628
1979-02-16,0.114000,198.265393
1979-02-20,0.457000,199.171466
1979-02-21,-0.800000,197.578094
1979-02-22,-0.225000,197.133544
1979-02-23,-1.771000,193.642309
1979-02-26,0.262000,194.149651
1979-02-27,-0.831000,192.536268
1979-02-28,0.086000,192.701849
1979-03-01,0.722000,194.093156
1979-03-02,0.136000,194.357123
1979-03-05,1.114000,196.522261
1979-03-06,-0.380000,195.775477
1979-03-07,0.510000,196.773932
1979-03-08,1.517000,199.758992
1979-03-09,0.574000,200.905609
1979-03-12,-0.758000,199.382744
1979-03-13,0.343000,200.066627
1979-03-14,-0.028000,200.010609
1979-03-15,0.087000,200.184618
1979-03-16,0.607000,201.399738
1979-03-19,-0.309000,200.777413
1979-03-20,-0.586000,199.600858
1979-03-21,0.078000,199.756546
1979-03-22,0.482000,200.719373
1979-03-23,0.065000,200.849840
1979-03-26,-0.552000,199.741149
1979-03-27,1.695000,203.126762
1979-03-28,-0.401000,202.312223
1979-03-29,0.218000,202.753264
1979-03-30,-0.601000,201.534717
1979-04-02,-0.003000,201.528671
1979-04-03,1.080000,203.705181
1979-04-04,0.955000,205.650565
1979-04-05,0.642000,206.970842
1979-04-06,-0.089000,206.786638
1979-04-09,-0.235000,206.300689
1979-04-10,0.852000,208.058371
1979-04-11,-1.095000,205.780132
1979-04-12,-0.276000,205.212179
1979-04-16,-1.235000,202.677808
1979-04-17,-0.702000,201.255010
1979-04-18,0.279000,201.816511
1979-04-19,-0.402000,201.005209
1979-04-20,-0.210000,200.583098
1979-04-23,0.101000,200.785687
1979-04-24,1.110000,203.014408
1979-04-25,-0.286000,202.433787
1979-04-26,0.005000,202.443909
1979-04-27,-0.163000,202.113925
1979-04-30,-0.004000,202.105841
1979-05-01,-0.463000,201.170090
1979-05-02,0.911000,203.002750
1979-05-03,0.038000,203.079891
1979-05-04,-0.085000,202.907273
1979-05-07,-1.431000,200.003670
1979-05-08,0.361000,200.725683
1979-05-09,-0.211000,200.302152
1979-05-10,-1.144000,198.010695
1979-05-11,0.916000,199.824473
1979-05-14,-0.855000,198.115974
1979-05-15,0.223000,198.557773
1979-05-16,0.330000,199.213013
1979-05-17,0.785000,200.776836
1979-05-18,0.554000,201.889139
1979-05-21,-0.077000,201.733685
1979-05-22,0.276000,202.290470
1979-05-23,-0.568000,201.141460
1979-05-24,0.083000,201.308407
1979-05-25,-0.275000,200.754809
1979-05-29,0.508000,201.774644
1979-05-30,-1.046000,199.664081
1979-05-31,-0.179000,199.306682
1979-06-01,0.048000,199.402349
1979-06-04,0.155000,199.711423
1979-06-05,1.467000,202.641189
1979-06-06,0.864000,204.392009
1979-06-07,0.823000,206.074156
1979-06-08,-0.495000,205.054088
1979-06-11,-0.629000,203.764298
1979-06-12,0.868000,205.532972
1979-06-13,0.258000,206.063247
1979-06-14,0.149000,206.370282
1979-06-15,-0.216000,205.924522
1979-06-18,0.053000,206.033662
1979-06-19,0.116000,206.272661
1979-06-20,-0.127000,206.010695
1979-06-21,0.541000,207.125213
1979-06-22,0.674000,208.521236
1979-06-25,-1.257000,205.900124
1979-06-26,-0.805000,204.242628
1979-06-27,0.429000,205.118829
1979-06-28,0.468000,206.078785
1979-06-29,-0.073000,205.928348
1979-07-02,-0.904000,204.066756
1979-07-03,0.700000,205.495223
1979-07-05,0.832000,207.204943
1979-07-06,1.032000,209.343298
1979-07-09,0.240000,209.845722
1979-07-10,0.253000,210.376632
1979-07-11,-0.926000,208.428544
1979-07-12,-0.437000,207.517712
1979-07-13,-0.296000,206.903459
1979-07-16,0.297000,207.517962
1979-07-17,-0.774000,205.911773
1979-07-18,-0.890000,204.079159
1979-07-19,0.479000,205.056698
1979-07-20,0.346000,205.766194
1979-07-23,0.123000,206.019286
1979-07-24,0.330000,206.699150
1979-07-25,0.381000,207.486674
1979-07-26,-0.357000,206.745946
1979-07-27,0.218000,207.196652
1979-07-30,0.083000,207.368626
1979-07-31,0.333000,208.059163
1979-08-01,0.658000,209.428192
1979-08-02,-0.014000,209.398873
1979-08-03,-0.007000,209.384215
1979-08-06,-0.091000,209.193675
1979-08-07,1.349000,212.015698
1979-08-08,0.663000,213.421362
1979-08-09,-0.504000,212.345718
1979-08-10,0.736000,213.908583
1979-08-13,1.019000,216.088311
1979-08-14,0.023000,216.138011
1979-08-15,0.827000,217.925473
1979-08-16,-0.904000,215.955426
1979-08-17,0.248000,216.490996
1979-08-20,0.274000,217.084181
1979-08-21,-0.572000,215.842460
1979-08-22,0.268000,216.420917
1979-08-23,-0.124000,216.152556
1979-08-24,-0.011000,216.128779
1979-08-27,0.756000,217.762712
1979-08-28,-0.506000,216.660833
1979-08-29,0.485000,217.711638
1979-08-30,0.035000,217.787837
1979-08-31,0.049000,217.894553
1979-09-04,-1.245000,215.181766
1979-09-05,-1.193000,212.614648
1979-09-06,0.788000,214.290051
1979-09-07,0.593000,215.560791
1979-09-10,0.384000,216.388544
1979-09-11,-0.706000,214.860841
1979-09-12,0.727000,216.422880
1979-09-13,0.173000,216.797291
1979-09-14,1.010000,218.986944
1979-09-17,-0.162000,218.632185
1979-09-18,-0.509000,217.519347
1979-09-19,-0.198000,217.088659
1979-09-20,0.999000,219.257375
1979-09-21,0.609000,220.592652
1979-09-24,-0.594000,219.282332
1979-09-25,0.507000,220.394093
1979-09-26,0.969000,222.529712
1979-09-27,0.106000,222.765593
1979-09-28,0.125000,223.044050
1979-10-01,-0.880000,221.081263
1979-10-02,0.727000,222.688523
1979-10-03,-0.299000,222.022685
1979-10-04,0.223000,222.517795
1979-10-05,0.329000,223.249879
1979-10-08,-0.056000,223.124859
1979-10-09,-1.898000,218.889949
1979-10-10,-0.996000,216.709805
1979-10-11,0.276000,217.307924
1979-10-12,-1.495000,214.059171
1979-10-15,-1.229000,211.428384
1979-10-16,-0.498000,210.375470
1979-10-17,-0.619000,209.073246
1979-10-18,-0.645000,207.724724
1979-10-19,-1.125000,205.387820
1979-10-22,-1.270000,202.779395
1979-10-23,-0.064000,202.649616
1979-10-24,-0.189000,202.266609
1979-10-25,-0.522000,201.210777
1979-10-26,1.147000,203.518664
1979-10-29,0.225000,203.976581
1979-10-30,1.268000,206.563005
1979-10-31,-0.374000,205.790459
1979-11-01,1.029000,207.908043
1979-11-02,0.278000,208.486027
1979-11-05,-1.036000,206.326112
1979-11-06,-0.663000,204.958170
1979-11-07,-0.897000,203.119695
1979-11-08,0.220000,203.566558
1979-11-09,0.844000,205.284660
1979-11-12,0.587000,206.489681
1979-11-13,0.300000,207.109150
1979-11-14,-0.302000,206.483680
1979-11-15,1.101000,208.757066
1979-11-16,0.404000,209.600444
1979-11-19,0.218000,210.057373
1979-11-20,-0.285000,209.458710
1979-11-21,0.092000,209.651412
1979-11-23,0.260000,210.196505
1979-11-26,1.643000,213.650034
1979-11-27,-0.071000,213.498342
1979-11-28,0.757000,215.114525
1979-11-29,-0.007000,215.099467
1979-11-30,-0.310000,214.432659
1979-12-03,-0.047000,214.331875
1979-12-04,1.413000,217.360385
1979-12-05,0.113000,217.606002
1979-12-06,0.951000,219.675435
1979-12-07,-0.369000,218.864833
1979-12-10,0.055000,218.985208
1979-12-11,-0.081000,218.807830
1979-12-12,0.298000,219.459877
1979-12-13,-0.507000,218.347216
1979-12-14,1.274000,221.128959
1979-12-17,0.362000,221.929446
1979-12-18,-0.434000,220.966272
1979-12-19,0.292000,221.611494
1979-12-20,-0.025000,221.556091
1979-12-21,-0.518000,220.408431
1979-12-24,-0.295000,219.758226
1979-12-26,0.267000,220.344980
1979-12-27,0.479000,221.400433
1979-12-28,0.225000,221.898584
1979-12-31,-0.180000,221.499166
1980-01-02,-1.769000,217.580846
1980-01-03,-0.214000,217.115223
1980-01-04,0.468000,218.131322
1980-01-07,0.831000,219.943993
1980-01-08,1.781000,223.861196
1980-01-09,0.388000,224.729777
1980-01-10,0.781000,226.484917
1980-01-11,0.091000,226.691018
1980-01-14,1.150000,229.297965
1980-01-15,0.072000,229.463059
1980-01-16,-0.034000,229.385042
1980-01-17,-0.141000,229.061609
1980-01-18,0.475000,230.149652
1980-01-21,1.256000,233.040331
1980-01-22,-0.113000,232.776996
1980-01-23,0.508000,233.959503
1980-01-24,0.478000,235.077829
1980-01-25,-0.265000,234.454873
1980-01-28,0.386000,235.359869
1980-01-29,-0.074000,235.185703
1980-01-30,0.303000,235.898315
1980-01-31,-0.239000,235.334518
1980-02-01,0.976000,237.631383
1980-02-04,-0.698000,235.972716
1980-02-05,0.064000,236.123739
1980-02-06,0.411000,237.094207
1980-02-07,0.241000,237.665604
1980-02-08,1.201000,240.519968
1980-02-11,-0.649000,238.958994
1980-02-12,1.137000,241.675957
1980-02-13,0.475000,242.823918
1980-02-14,-1.034000,240.313119
1980-02-15,-0.841000,238.292086
1980-02-19,-0.960000,236.004482
1980-02-20,1.217000,238.876656
1980-02-21,-0.367000,237.999979
1980-02-22,-0.323000,237.231239
1980-02-25,-1.310000,234.123510
1980-02-26,0.361000,234.968695
1980-02-27,-0.303000,234.256740
1980-02-28,0.286000,234.926715
1980-02-29,0.582000,236.293988
1980-03-03,-1.613000,232.482566
1980-03-04,-0.145000,232.145466
1980-03-05,-0.701000,230.518127
1980-03-06,-1.167000,227.827980
1980-03-07,-1.244000,224.993800
1980-03-10,-0.424000,224.039826
1980-03-11,-0.169000,223.661199
1980-03-12,-0.001000,223.658962
1980-03-13,-1.160000,221.064518
1980-03-14,-0.862000,219.158942
1980-03-17,-2.714000,213.210969
1980-03-18,0.429000,214.125644
1980-03-19,0.157000,214.461821
1980-03-20,-1.420000,211.416463
1980-03-21,-0.871000,209.575026
1980-03-24,-2.708000,203.899734
1980-03-25,-0.606000,202.664102
1980-03-26,-0.122000,202.416851
1980-03-27,-0.582000,201.238785
1980-03-28,1.158000,203.569130
1980-03-31,2.103000,207.850189
1980-04-01,-0.084000,207.675595
1980-04-02,0.476000,208.664131
1980-04-03,1.011000,210.773725
1980-04-07,-0.971000,208.727112
1980-04-08,1.208000,211.248536
1980-04-09,1.086000,213.542695
1980-04-10,1.251000,216.214114
1980-04-11,0.240000,216.733028
1980-04-14,-0.238000,216.217203
1980-04-15,-0.493000,215.151253
1980-04-16,-1.056000,212.879255
1980-04-17,-0.238000,212.372603
1980-04-18,0.025000,212.425696
1980-04-21,-1.234000,209.804363
1980-04-22,3.292000,216.711122
1980-04-23,0.205000,217.155380
1980-04-24,0.697000,218.668953
1980-04-25,0.764000,220.339584
1980-04-28,0.264000,220.921280
1980-04-29,1.557000,224.361025
1980-04-30,-0.829000,222.501072
1980-05-01,-0.441000,221.519842
1980-05-02,-0.294000,220.868574
1980-05-05,0.110000,221.111529
1980-05-06,0.047000,221.215452
1980-05-07,0.622000,222.591412
1980-05-08,-0.491000,221.498488
1980-05-09,-1.459000,218.266825
1980-05-12,-0.152000,217.935059
1980-05-13,1.261000,220.683221
1980-05-14,1.089000,223.086461
1980-05-15,1.929000,227.389799
1980-05-16,-0.058000,227.257913
1980-05-19,0.656000,228.748724
1980-05-20,-0.732000,227.074284
1980-05-21,0.551000,228.325463
1980-05-22,1.367000,231.446672
1980-05-23,1.556000,235.047982
1980-05-27,-0.041000,234.951613
1980-05-28,0.470000,236.055885
1980-05-29,-1.563000,232.366332
1980-05-30,1.153000,235.045516
1980-06-02,-0.445000,233.999563
1980-06-03,0.229000,234.535422
1980-06-04,2.373000,240.100948
1980-06-05,0.426000,241.123778
1980-06-06,0.851000,243.175741
1980-06-09,-0.056000,243.039563
1980-06-10,-0.182000,242.597231
1980-06-11,1.708000,246.740791
1980-06-12,-0.421000,245.702013
1980-06-13,0.790000,247.643059
1980-06-16,0.246000,248.252260
1980-06-17,-0.195000,247.768169
1980-06-18,0.281000,248.464397
1980-06-19,-0.196000,247.977407
1980-06-20,-0.435000,246.898705
1980-06-23,1.382000,250.310845
1980-06-24,0.245000,250.924107
1980-06-25,1.168000,253.854900
1980-06-26,-0.432000,252.758247
1980-06-27,-0.080000,252.556041
1980-06-30,-2.286000,246.782610
1980-07-01,0.259000,247.421776
1980-07-02,-0.887000,245.227145
1980-07-03,0.471000,246.382165
1980-07-07,0.569000,247.784080
1980-07-08,-0.705000,246.037202
1980-07-09,1.121000,248.795279
1980-07-10,-1.544000,244.953880
1980-07-11,1.156000,247.785547
1980-07-14,1.122000,250.565701
1980-07-15,-0.978000,248.115168
1980-07-16,-0.607000,246.609109
1980-07-17,1.031000,249.151649
1980-07-18,0.753000,251.027761
1980-07-21,0.387000,251.999238
1980-07-22,0.963000,254.425991
1980-07-23,0.210000,254.960285
1980-07-24,0.925000,257.318668
1980-07-25,-0.260000,256.649640
1980-07-28,0.033000,256.734334
1980-07-29,0.701000,258.534042
1980-07-30,-0.233000,257.931657
1980-07-31,-0.922000,255.553527
1980-08-01,-0.215000,255.004087
1980-08-04,-0.598000,253.479163
1980-08-05,-0.545000,252.097701
1980-08-06,0.597000,253.602725
1980-08-07,1.118000,256.438003
1980-08-08,0.203000,256.958572
1980-08-11,0.996000,259.517880
1980-08-12,-0.866000,257.270455
1980-08-13,0.137000,257.622915
1980-08-14,1.933000,262.602766
1980-08-15,0.470000,263.836999
1980-08-18,-2.250000,257.900667
1980-08-19,-0.776000,255.899358
1980-08-20,1.448000,259.604780
1980-08-21,2.409000,265.858660
1980-08-22,0.812000,268.017432
1980-08-25,-0.765000,265.967099
1980-08-26,-0.311000,265.139941
1980-08-27,0.033000,265.227437
1980-08-28,-0.613000,263.601593
1980-08-29,-0.279000,262.866144
1980-09-02,0.895000,265.218796
1980-09-03,2.033000,270.610695
1980-09-04,-0.773000,268.518874
1980-09-05,-0.456000,267.294428
1980-09-08,-1.363000,263.651205
1980-09-09,0.967000,266.200712
1980-09-10,0.852000,268.468742
1980-09-11,1.103000,271.429952
1980-09-12,0.394000,272.499386
1980-09-15,0.317000,273.363209
1980-09-16,0.459000,274.617946
1980-09-17,0.773000,276.740743
1980-09-18,0.037000,276.843137
1980-09-19,-1.014000,274.035948
1980-09-22,1.626000,278.491772
1980-09-23,-0.705000,276.528405
1980-09-24,0.089000,276.774516
1980-09-25,-1.226000,273.381260
1980-09-26,-0.194000,272.850900
1980-09-29,-1.905000,267.653091
1980-09-30,1.441000,271.509972
1980-10-01,0.654000,273.285647
1980-10-02,0.420000,274.433447
1980-10-03,0.930000,276.985678
1980-10-06,0.824000,279.268040
1980-10-07,-0.434000,278.056016
1980-10-08,-0.416000,276.899303
1980-10-09,0.030000,276.982373
1980-10-10,-0.515000,275.555914
1980-10-13,1.946000,280.918232
1980-10-14,0.967000,283.634711
1980-10-15,0.782000,285.852735
1980-10-16,-0.992000,283.017076
1980-10-17,-0.601000,281.316143
1980-10-20,0.579000,282.944964
1980-10-21,-0.472000,281.609463
1980-10-22,0.785000,283.820098
1980-10-23,-1.481000,279.616722
1980-10-24,-0.875000,277.170076
1980-10-27,-0.909000,274.650600
1980-10-28,0.652000,276.441322
1980-10-29,0.690000,278.348767
1980-10-30,-1.063000,275.389919
1980-10-31,1.237000,278.796493
1980-11-03,1.173000,282.066775
1980-11-05,1.620000,286.636257
1980-11-06,-0.973000,283.847286
1980-11-07,0.286000,284.659090
1980-11-10,0.150000,285.086078
1980-11-11,0.111000,285.402524
1980-11-12,2.859000,293.562182
1980-11-13,1.042000,296.621100
1980-11-14,-0.492000,295.161724
1980-11-17,0.152000,295.610370
1980-11-18,0.409000,296.819416
1980-11-19,-0.374000,295.709312
1980-11-20,0.333000,296.694024
1980-11-21,-1.180000,293.193034
1980-11-24,-0.685000,291.184662
1980-11-25,0.715000,293.266632
1980-11-26,-0.141000,292.853126
1980-11-28,-0.388000,291.716856
1980-12-01,-1.639000,286.935617
1980-12-02,-0.005000,286.921270
1980-12-03,-0.168000,286.439242
1980-12-04,0.821000,288.790909
1980-12-05,-1.316000,284.990420
1980-12-08,-1.762000,279.968889
1980-12-09,0.006000,279.985687
1980-12-10,-2.273000,273.621612
1980-12-11,-0.569000,272.064706
1980-12-12,-0.090000,271.819847
1980-12-15,-0.110000,271.520845
1980-12-16,0.378000,272.547194
1980-12-17,1.656000,277.060576
1980-12-18,0.605000,278.736792
1980-12-19,0.100000,279.015529
1980-12-22,1.621000,283.538371
1980-12-23,0.803000,285.815184
1980-12-24,0.401000,286.961303
1980-12-26,0.029000,287.044522
1980-12-29,-0.308000,286.160424
1980-12-30,0.268000,286.927334
1980-12-31,-0.319000,286.012036
1981-01-02,0.509000,287.467837
1981-01-05,1.198000,290.911702
1981-01-06,-0.642000,289.044049
1981-01-07,-1.210000,285.546616
1981-01-08,-1.052000,282.542666
1981-01-09,0.427000,283.749123
1981-01-12,-0.077000,283.530636
1981-01-13,-0.855000,281.106449
1981-01-14,0.211000,281.699584
1981-01-15,0.230000,282.347493
1981-01-16,1.222000,285.797779
1981-01-19,0.202000,286.375091
1981-01-20,-2.318000,279.736916
1981-01-21,-1.266000,276.195447
1981-01-22,-0.450000,274.952567
1981-01-23,-0.022000,274.892078
1981-01-26,0.402000,275.997144
1981-01-27,1.096000,279.022072
1981-01-28,-0.516000,277.582318
1981-01-29,-0.282000,276.799536
1981-01-30,0.200000,277.353135
1981-02-02,-1.764000,272.460626
1981-02-03,1.224000,275.795544
1981-02-04,0.040000,275.905862
1981-02-05,1.075000,278.871850
1981-02-06,0.884000,281.337078
1981-02-09,-0.728000,279.288944
1981-02-10,0.199000,279.844729
1981-02-11,-0.322000,278.943629
1981-02-12,-0.374000,277.900379
1981-02-13,-0.626000,276.160723
1981-02-17,-0.394000,275.072650
1981-02-18,1.249000,278.508307
1981-02-19,-2.030000,272.854589
1981-02-20,0.200000,273.400298
1981-02-23,-0.521000,271.975882
1981-02-24,0.324000,272.857084
1981-02-25,0.046000,272.982598
1981-02-26,1.407000,276.823463
1981-02-27,0.391000,277.905843
1981-03-02,0.667000,279.759475
1981-03-03,-0.041000,279.644774
1981-03-04,-0.270000,278.889733
1981-03-05,0.141000,279.282967
1981-03-06,-0.233000,278.632238
1981-03-09,0.494000,280.008681
1981-03-10,-0.366000,278.983850
1981-03-11,-0.494000,277.605669
1981-03-12,1.896000,282.869073
1981-03-13,0.810000,285.160312
1981-03-16,0.616000,286.916900
1981-03-17,-0.378000,285.832354
1981-03-18,0.694000,287.816031
1981-03-19,-0.741000,285.683314
1981-03-20,0.313000,286.577503
1981-03-23,0.531000,288.099229
1981-03-24,-0.483000,286.707710
1981-03-25,1.404000,290.733086
1981-03-26,0.157000,291.189537
1981-03-27,-0.889000,288.600862
1981-03-30,0.001000,288.603748
1981-03-31,0.530000,290.133348
1981-04-01,0.270000,290.916708
1981-04-02,0.107000,291.227989
1981-04-03,-0.364000,290.167919
1981-04-06,-0.664000,288.241204
1981-04-07,-0.154000,287.797312
1981-04-08,0.336000,288.764311
1981-04-09,0.733000,290.880954
1981-04-10,-0.156000,290.427180
1981-04-13,-0.923000,287.746537
1981-04-14,-0.379000,286.655977
1981-04-15,1.021000,289.582735
1981-04-16,0.478000,290.966940
1981-04-20,0.821000,293.355779
1981-04-21,-0.969000,290.513161
1981-04-22,-0.003000,290.504446
1981-04-23,-0.263000,289.740419
1981-04-24,0.876000,292.278545
1981-04-27,0.208000,292.886485
1981-04-28,-0.560000,291.246320
1981-04-29,-0.507000,289.769702
1981-04-30,0.535000,291.319970
1981-05-01,-0.122000,290.964559
1981-05-04,-1.221000,287.411882
1981-05-05,-0.704000,285.388502
1981-05-06,0.845000,287.800035
1981-05-07,0.253000,288.528169
1981-05-08,0.029000,288.611842
1981-05-11,-1.015000,285.682432
1981-05-12,0.312000,286.573761
1981-05-13,-0.116000,286.241336
1981-05-14,0.787000,288.494055
1981-05-15,0.590000,290.196170
1981-05-18,0.574000,291.861896
1981-05-19,-0.663000,289.926852
1981-05-20,0.193000,290.486410
1981-05-21,-0.317000,289.565569
1981-05-22,0.013000,289.603212
1981-05-26,0.393000,290.741353
1981-05-27,0.040000,290.857649
1981-05-28,-0.320000,289.926905
1981-05-29,-0.547000,288.341005
1981-06-01,-0.508000,286.876232
1981-06-02,-0.675000,284.939818
1981-06-03,0.079000,285.164920
1981-06-04,0.080000,285.393052
1981-06-05,0.903000,287.970151
1981-06-08,-0.231000,287.304940
1981-06-09,-0.190000,286.759061
1981-06-10,0.022000,286.822148
1981-06-11,0.668000,288.738120
1981-06-12,-0.212000,288.125995
1981-06-15,0.614000,289.895089
1981-06-16,-0.451000,288.587662
1981-06-17,0.699000,290.604890
1981-06-18,-0.850000,288.134748
1981-06-19,0.522000,289.638811
1981-06-22,-0.542000,288.068969
1981-06-23,0.667000,289.990389
1981-06-24,-0.426000,288.755030
1981-06-25,-0.322000,287.825239
1981-06-26,0.048000,287.963395
1981-06-29,-0.306000,287.082227
1981-06-30,-0.136000,286.691795
1981-07-01,-0.929000,284.028428
1981-07-02,-0.459000,282.724738
1981-07-06,-0.820000,280.406395
1981-07-07,0.193000,280.947579
1981-07-08,-0.638000,279.155134
1981-07-09,0.437000,280.375042
1981-07-10,-0.290000,279.561954
1981-07-13,-0.378000,278.505210
1981-07-14,-0.358000,277.508161
1981-07-15,0.447000,278.748623
1981-07-16,0.302000,279.590444
1981-07-17,0.755000,281.701351
1981-07-20,-0.856000,279.289988
1981-07-21,-0.425000,278.103005
1981-07-22,-0.735000,276.058948
1981-07-23,0.049000,276.194217
1981-07-24,0.729000,278.207673
1981-07-27,0.639000,279.985420
1981-07-28,-0.627000,278.229912
1981-07-29,0.150000,278.647256
1981-07-30,0.496000,280.029347
1981-07-31,0.182000,280.539000
1981-08-03,0.043000,280.659632
1981-08-04,0.502000,282.068543
1981-08-05,0.807000,284.344836
1981-08-06,-0.114000,284.020683
1981-08-07,-0.666000,282.129106
1981-08-10,0.194000,282.676436
1981-08-11,1.139000,285.896121
1981-08-12,0.086000,286.141991
1981-08-13,0.188000,286.679938
1981-08-14,-0.556000,285.085998
1981-08-17,-0.413000,283.908593
1981-08-18,-0.162000,283.448661
1981-08-19,-0.100000,283.165212
1981-08-20,0.436000,284.399812
1981-08-21,-0.539000,282.866897
1981-08-24,-2.116000,276.881434
1981-08-25,0.140000,277.269068
1981-08-26,-0.139000,276.883664
1981-08-27,-0.450000,275.637687
1981-08-28,0.461000,276.908377
1981-08-31,-0.703000,274.961711
1981-09-01,-0.089000,274.716995
1981-09-02,0.209000,275.291154
1981-09-03,-1.531000,271.076446
1981-09-04,-1.233000,267.734074
1981-09-08,-1.407000,263.967055
1981-09-09,-0.288000,263.206830
1981-09-10,1.670000,267.602384
1981-09-11,0.298000,268.399839
1981-09-14,-0.247000,267.736892
1981-09-15,-0.701000,265.860056
1981-09-16,-0.642000,264.153235
1981-09-17,-1.175000,261.049434
1981-09-18,-1.258000,257.765432
1981-09-21,0.466000,258.966619
1981-09-22,-0.490000,257.697683
1981-09-23,-0.910000,255.352634
1981-09-24,-0.253000,254.706592
1981-09-25,-2.230000,249.026635
1981-09-28,1.204000,252.024915
1981-09-29,-0.073000,251.840937
1981-09-30,0.403000,252.855856
1981-10-01,-0.120000,252.552429
1981-10-02,1.213000,255.615890
1981-10-05,0.177000,256.068330
1981-10-06,-0.766000,254.106847
1981-10-07,1.458000,257.811724
1981-10-08,0.517000,259.144611
1981-10-09,-0.126000,258.818089
1981-10-12,-0.345000,257.925166
1981-10-13,-0.341000,257.045642
1981-10-14,-1.382000,253.493271
1981-10-15,0.888000,255.744291
1981-10-16,-0.189000,255.260934
1981-10-19,0.113000,255.549379
1981-10-20,1.018000,258.150872
1981-10-21,-0.096000,257.903047
1981-10-22,-0.196000,257.397557
1981-10-23,-0.827000,255.268879
1981-10-26,0.262000,255.937684
1981-10-27,0.776000,257.923760
1981-10-28,0.286000,258.661422
1981-10-29,-0.475000,257.432780
1981-10-30,1.843000,262.177267
1981-11-02,0.838000,264.374312
1981-11-03,0.599000,265.957914
1981-11-04,-0.227000,265.354190
1981-11-05,-0.704000,263.486096
1981-11-06,0.346000,264.397758
1981-11-09,1.358000,267.988280
1981-11-10,0.721000,269.920475
1981-11-11,-0.529000,268.492596
1981-11-12,-0.090000,268.250953
1981-11-13,-0.387000,267.212821
1981-11-16,-0.484000,265.919511
1981-11-17,1.286000,269.339236
1981-11-18,-0.170000,268.881360
1981-11-19,1.234000,272.199356
1981-11-20,1.169000,275.381366
1981-11-23,-0.796000,273.189330
1981-11-24,0.867000,275.557882
1981-11-25,0.728000,277.563943
1981-11-27,0.917000,280.109205
1981-11-30,0.695000,282.055963
1981-12-01,-0.137000,281.669547
1981-12-02,-1.447000,277.593788
1981-12-03,0.589000,279.228816
1981-12-04,0.194000,279.770520
1981-12-07,-0.372000,278.729773
1981-12-08,-0.312000,277.860137
1981-12-09,0.453000,279.118843
1981-12-10,-0.371000,278.083312
1981-12-11,-0.057000,277.924805
1981-12-14,-1.903000,272.635896
1981-12-15,0.926000,275.160504
1981-12-16,-0.468000,273.872753
1981-12-17,0.997000,276.603264
1981-12-18,0.543000,278.105220
1981-12-21,-0.920000,275.546652
1981-12-22,0.456000,276.803145
1981-12-23,0.283000,277.586497
1981-12-24,-0.781000,275.418547
1981-12-28,-0.463000,274.143359
1981-12-29,-0.269000,273.405913
1981-12-30,0.656000,275.199456
1981-12-31,0.338000,276.129630
1982-01-04,0.437000,277.336317
1982-01-05,-1.626000,272.826828
1982-01-06,-1.455000,268.857198
1982-01-07,0.059000,269.015824
1982-01-08,0.724000,270.963498
1982-01-11,-1.816000,266.042801
1982-01-12,-0.728000,264.106010
1982-01-13,-1.458000,260.255344
1982-01-14,-0.054000,260.114806
1982-01-15,0.006000,260.130413
1982-01-18,0.755000,262.094398
1982-01-19,-1.261000,258.789387
1982-01-20,-0.277000,258.072541
1982-01-21,0.926000,260.462292
1982-01-22,0.011000,260.490943
1982-01-25,-0.204000,259.959542
1982-01-26,0.386000,260.962986
1982-01-27,0.481000,262.218217
1982-01-28,2.173000,267.916219
1982-01-29,0.906000,270.343540
1982-02-01,-1.840000,265.369219
1982-02-02,0.765000,267.399294
1982-02-03,-1.931000,262.235813
1982-02-04,-0.496000,260.935124
1982-02-05,0.534000,262.328517
1982-02-08,-2.236000,256.462852
1982-02-09,-0.284000,255.734497
1982-02-10,1.097000,258.539905
1982-02-11,0.376000,259.512015
1982-02-12,-0.218000,258.946278
1982-02-16,-0.978000,256.413784
1982-02-17,-0.431000,255.308640
1982-02-18,-0.032000,255.226942
1982-02-19,-0.217000,254.673099
1982-02-22,-0.944000,252.268985
1982-02-23,0.049000,252.392597
1982-02-24,1.087000,255.136104
1982-02-25,0.152000,255.523911
1982-02-26,-0.406000,254.486484
1982-03-01,-0.560000,253.061360
1982-03-02,0.365000,253.985034
1982-03-03,-1.845000,249.299010
1982-03-04,-0.856000,247.165010
1982-03-05,-1.435000,243.618193
1982-03-08,-1.425000,240.146633
1982-03-09,0.770000,241.995762
1982-03-10,0.474000,243.142822
1982-03-11,-0.424000,242.111897
1982-03-12,-1.027000,239.625408
1982-03-15,0.081000,239.819504
1982-03-16,-0.071000,239.649232
1982-03-17,-0.456000,238.556432
1982-03-18,0.952000,240.827489
1982-03-19,0.670000,242.441033
1982-03-22,1.398000,245.830359
1982-03-23,0.900000,248.042832
1982-03-24,-0.332000,247.219330
1982-03-25,-0.455000,246.094482
1982-03-26,-0.723000,244.315219
1982-03-29,1.237000,247.337398
1982-03-30,-0.297000,246.602806
1982-03-31,0.307000,247.359877
1982-04-01,0.935000,249.672691
1982-04-02,1.863000,254.324094
1982-04-05,-0.225000,253.751865
1982-04-06,0.114000,254.041142
1982-04-07,0.872000,256.256380
1982-04-08,-0.502000,254.969973
1982-04-12,-0.399000,253.952643
1982-04-13,-0.156000,253.556477
1982-04-14,0.765000,255.496184
1982-04-15,0.256000,256.150254
1982-04-16,0.361000,257.074957
1982-04-19,-0.744000,255.162319
1982-04-20,-0.465000,253.975814
1982-04-21,0.658000,255.646975
1982-04-22,1.797000,260.240951
1982-04-23,1.382000,263.837481
1982-04-26,0.610000,265.446890
1982-04-27,-1.115000,262.487157
1982-04-28,-0.714000,260.612999
1982-04-29,-0.648000,258.924227
1982-04-30,0.277000,259.641447
1982-05-03,1.176000,262.694830
1982-05-04,-0.019000,262.644918
1982-05-05,-0.503000,261.323814
1982-05-06,1.315000,264.760222
1982-05-07,0.568000,266.264060
1982-05-10,-1.237000,262.970374
1982-05-11,1.320000,266.441583
1982-05-12,-0.173000,265.980639
1982-05-13,-0.749000,263.988444
1982-05-14,-0.742000,262.029650
1982-05-17,-1.096000,259.157805
1982-05-18,-0.096000,258.909013
1982-05-19,-0.240000,258.287632
1982-05-20,-0.179000,257.825297
1982-05-21,0.930000,260.223072
1982-05-24,0.130000,260.561362
1982-05-25,-0.238000,259.941226
1982-05-26,-0.873000,257.671939
1982-05-27,-1.270000,254.399505
1982-05-28,-0.185000,253.928866
1982-06-01,-0.569000,252.484011
1982-06-02,1.248000,255.635011
1982-06-03,-0.587000,254.134434
1982-06-04,-1.382000,250.622296
1982-06-07,0.065000,250.785201
1982-06-08,0.566000,252.204645
1982-06-09,-1.033000,249.599371
1982-06-10,-0.011000,249.571915
1982-06-11,0.906000,251.833036
1982-06-14,-1.978000,246.851779
1982-06-15,-0.463000,245.708855
1982-06-16,-0.293000,244.988928
1982-06-17,-0.946000,242.671333
1982-06-18,-1.101000,239.999522
1982-06-21,0.836000,242.005918
1982-06-22,1.227000,244.975330
1982-06-23,-0.291000,244.262452
1982-06-24,-0.155000,243.883845
1982-06-25,-0.650000,242.298600
1982-06-28,0.441000,243.367137
1982-06-29,-0.344000,242.529954
1982-06-30,-0.415000,241.523455
1982-07-01,-1.347000,238.270134
1982-07-02,-1.742000,234.119468
1982-07-06,-0.886000,232.045170
1982-07-07,0.291000,232.720421
1982-07-08,0.134000,233.032266
1982-07-09,1.395000,236.283067
1982-07-12,1.219000,239.163357
1982-07-13,0.512000,240.387874
1982-07-14,0.474000,241.527312
1982-07-15,-0.741000,239.737595
1982-07-16,0.724000,241.473295
1982-07-19,-0.406000,240.492913
1982-07-20,0.247000,241.086931
1982-07-21,0.297000,241.802959
1982-07-22,-0.490000,240.618125
1982-07-23,0.174000,241.036800
1982-07-26,-0.792000,239.127789
1982-07-27,-0.623000,237.638022
1982-07-28,-0.518000,236.407058
1982-07-29,0.072000,236.577271
1982-07-30,0.706000,238.247506
1982-08-02,0.617000,239.717493
1982-08-03,0.296000,240.427057
1982-08-04,-1.345000,237.193313
1982-08-05,-0.704000,235.523472
1982-08-06,-1.255000,232.567653
1982-08-09,-0.975000,230.300118
1982-08-10,-0.702000,228.683411
1982-08-11,-0.596000,227.320458
1982-08-12,0.628000,228.748030
1982-08-13,-0.295000,228.073224
1982-08-16,0.522000,229.263766
1982-08-17,2.244000,234.408445
1982-08-18,-0.625000,232.943392
1982-08-19,0.139000,233.267183
1982-08-20,2.788000,239.770673
1982-08-23,1.958000,244.465382
1982-08-24,0.400000,245.443244
1982-08-25,1.561000,249.274613
1982-08-26,1.098000,252.011648
1982-08-27,0.081000,252.215778
1982-08-30,-0.334000,251.373377
1982-08-31,1.505000,255.156546
1982-09-01,-0.736000,253.278594
1982-09-02,1.224000,256.378724
1982-09-03,1.301000,259.714211
1982-09-07,-0.036000,259.620714
1982-09-08,0.605000,261.191419
1982-09-09,0.223000,261.773876
1982-09-10,-1.000000,259.156138
1982-09-13,0.358000,260.083916
1982-09-14,0.389000,261.095643
1982-09-15,-0.079000,260.889377
1982-09-16,-0.535000,259.493619
1982-09-17,-1.608000,255.320962
1982-09-20,0.991000,257.851193
1982-09-21,1.604000,261.987126
1982-09-22,-0.832000,259.807393
1982-09-23,0.748000,261.750752
1982-09-24,-0.041000,261.643434
1982-09-27,-0.119000,261.332079
1982-09-28,-0.547000,259.902592
1982-09-29,-0.516000,258.561495
1982-09-30,-0.562000,257.108379
1982-10-01,1.315000,260.489354
1982-10-04,0.270000,261.192676
1982-10-05,-0.213000,260.636335
1982-10-06,1.943000,265.700499
1982-10-07,1.948000,270.876345
1982-10-08,1.628000,275.286212
1982-10-11,0.710000,277.240744
1982-10-12,-0.074000,277.035586
1982-10-13,0.050000,277.174104
1982-10-14,-0.259000,276.456223
1982-10-15,-0.456000,275.195582
1982-10-18,0.906000,277.688854
1982-10-19,0.311000,278.552467
1982-10-20,1.219000,281.948021
1982-10-21,0.038000,282.055161
1982-10-22,0.151000,282.481065
1982-10-25,-3.229000,273.359751
1982-10-26,0.637000,275.101053
1982-10-27,0.014000,275.139567
1982-10-28,-0.308000,274.292137
1982-10-29,0.352000,275.257645
1982-11-01,0.372000,276.281604
1982-11-02,1.085000,279.279259
1982-11-03,2.233000,285.515565
1982-11-04,-0.938000,282.837429
1982-11-05,-0.172000,282.350949
1982-11-08,-0.106000,282.051657
1982-11-09,1.162000,285.329097
1982-11-10,-0.992000,282.498632
1982-11-11,0.661000,284.365948
1982-11-12,0.195000,284.920462
1982-11-15,-1.073000,281.863265
1982-11-16,-0.941000,279.210932
1982-11-17,1.929000,284.596911
1982-11-18,0.544000,286.145118
1982-11-19,-0.399000,285.003399
1982-11-22,-1.329000,281.215704
1982-11-23,0.097000,281.488483
1982-11-24,0.769000,283.653129
1982-11-26,1.115000,286.815862
1982-11-29,0.519000,288.304436
1982-11-30,1.518000,292.680897
1982-12-01,-0.373000,291.589198
1982-12-02,0.849000,294.064790
1982-12-03,0.430000,295.329269
1982-12-06,1.903000,300.949385
1982-12-07,0.961000,303.841508
1982-12-08,0.188000,304.412730
1982-12-09,-0.866000,301.776516
1982-12-10,-0.456000,300.400415
1982-12-13,0.569000,302.109693
1982-12-14,-0.434000,300.798537
1982-12-15,-1.567000,296.085024
1982-12-16,-0.859000,293.541654
1982-12-17,1.765000,298.722664
1982-12-20,0.102000,299.027361
1982-12-21,1.516000,303.560616
1982-12-22,-0.038000,303.445263
1982-12-23,0.556000,305.132419
1982-12-27,0.228000,305.828121
1982-12-28,-0.273000,304.993210
1982-12-29,0.530000,306.609674
1982-12-30,-0.457000,305.208468
1982-12-31,0.142000,305.641864
1983-01-03,-1.603000,300.742425
1983-01-04,1.104000,304.062621
1983-01-05,0.307000,304.996093
1983-01-06,2.396000,312.303800
1983-01-07,0.555000,314.037086
1983-01-10,1.473000,318.662852
1983-01-11,-1.337000,314.402330
1983-01-12,0.488000,315.936613
1983-01-13,-0.196000,315.317377
1983-01-14,-0.154000,314.831788
1983-01-17,0.100000,315.146620
1983-01-18,-0.758000,312.757809
1983-01-19,0.023000,312.829743
1983-01-20,0.526000,314.475228
1983-01-21,-1.057000,311.151224
1983-01-24,-1.868000,305.338920
1983-01-25,0.654000,307.335836
1983-01-26,0.288000,308.220963
1983-01-27,1.260000,312.104547
1983-01-28,-0.227000,311.396070
1983-01-31,0.408000,312.666566
1983-02-01,-0.199000,312.044360
1983-02-02,-0.434000,310.690087
1983-02-03,1.035000,313.905730
1983-02-04,1.002000,317.051065
1983-02-07,0.266000,317.894421
1983-02-08,-1.035000,314.604213
1983-02-09,-0.671000,312.493219
1983-02-10,0.955000,315.477529
1983-02-11,0.173000,316.023306
1983-02-14,0.479000,317.537057
1983-02-15,-0.288000,316.622550
1983-02-16,-0.751000,314.244715
1983-02-17,-0.504000,312.660922
1983-02-18,0.953000,315.640580
1983-02-22,-0.994000,312.503113
1983-02-23,0.556000,314.240630
1983-02-24,2.055000,320.698275
1983-02-25,0.355000,321.836754
1983-02-28,-0.166000,321.302505
1983-03-01,1.497000,326.112404
1983-03-02,0.630000,328.166912
1983-03-03,0.631000,330.237645
1983-03-04,0.671000,332.453540
1983-03-07,0.200000,333.118447
1983-03-08,-1.367000,328.564717
1983-03-09,0.893000,331.498800
1983-03-10,0.080000,331.763999
1983-03-11,-0.330000,330.669178
1983-03-14,-0.464000,329.134873
1983-03-15,0.536000,330.899036
1983-03-16,-1.447000,326.110927
1983-03-17,-0.387000,324.848878
1983-03-18,0.363000,326.028079
1983-03-21,0.294000,326.986602
1983-03-22,0.063000,327.192603
1983-03-23,1.371000,331.678414
1983-03-24,0.114000,332.056527
1983-03-25,-0.197000,331.402376
1983-03-28,-0.126000,330.984809
1983-03-29,-0.128000,330.561148
1983-03-30,1.330000,334.957612
1983-03-31,-0.633000,332.837330
1983-04-04,0.419000,334.231918
1983-04-05,0.079000,334.495962
1983-04-06,-0.740000,332.020692
1983-04-07,0.381000,333.285690
1983-04-08,1.271000,337.521752
1983-04-11,1.366000,342.132299
1983-04-12,0.137000,342.601020
1983-04-13,0.725000,345.084877
1983-04-14,0.936000,348.314872
1983-04-15,-0.144000,347.813298
1983-04-18,0.462000,349.420196
1983-04-19,-0.759000,346.768096
1983-04-20,1.508000,351.997359
1983-04-21,-0.703000,349.522818
1983-04-22,0.413000,350.966347
1983-04-25,-0.611000,348.821943
1983-04-26,0.954000,352.149704
1983-04-27,-0.265000,351.216507
1983-04-28,1.102000,355.086913
1983-04-29,0.214000,355.846799
1983-05-02,-1.020000,352.217162
1983-05-03,0.138000,352.703222
1983-05-04,0.687000,355.126293
1983-05-05,-0.124000,354.685936
1983-05-06,0.876000,357.792985
1983-05-09,0.208000,358.537194
1983-05-10,0.983000,362.061615
1983-05-11,-0.725000,359.436668
1983-05-12,-0.511000,357.599947
1983-05-13,0.991000,361.143762
1983-05-16,-0.899000,357.897080
1983-05-17,0.517000,359.747408
1983-05-18,-0.032000,359.632289
1983-05-19,-1.144000,355.518095
1983-05-20,-0.105000,355.144801
1983-05-23,0.541000,357.066135
1983-05-24,1.273000,361.611587
1983-05-25,0.731000,364.254967
1983-05-26,-0.088000,363.934423
1983-05-27,-0.577000,361.834521
1983-05-31,-1.024000,358.129336
1983-06-01,-0.327000,356.958253
1983-06-02,1.029000,360.631353
1983-06-03,0.385000,362.019784
1983-06-06,-0.284000,360.991648
1983-06-07,-1.043000,357.226505
1983-06-08,-0.735000,354.600890
1983-06-09,0.210000,355.345552
1983-06-10,0.470000,357.015676
1983-06-13,0.855000,360.068160
1983-06-14,0.612000,362.271777
1983-06-15,0.889000,365.492373
1983-06-16,1.218000,369.944070
1983-06-17,0.119000,370.384304
1983-06-20,-0.322000,369.191666
1983-06-21,0.390000,370.631514
1983-06-22,-0.056000,370.423960
1983-06-23,-0.209000,369.649774
1983-06-24,0.294000,370.736545
1983-06-27,-0.582000,368.578858
1983-06-28,-0.976000,364.981528
1983-06-29,0.584000,367.113020
1983-06-30,0.548000,369.124800
1983-07-01,0.467000,370.848613
1983-07-05,-0.488000,369.038871
1983-07-06,0.718000,371.688570
1983-07-07,0.031000,371.803794
1983-07-08,0.169000,372.432142
1983-07-11,0.493000,374.268233
1983-07-12,-1.076000,370.241107
1983-07-13,-0.311000,369.089657
1983-07-14,0.435000,370.695197
1983-07-15,-1.136000,366.484099
1983-07-18,-0.143000,365.960027
1983-07-19,0.511000,367.830083
1983-07-20,1.871000,374.712184
1983-07-21,-0.464000,372.973519
1983-07-22,-0.128000,372.496113
1983-07-25,0.415000,374.041972
1983-07-26,0.051000,374.232733
1983-07-27,-0.997000,370.501633
1983-07-28,-0.919000,367.096723
1983-07-29,-1.199000,362.695233
1983-08-01,0.331000,363.895754
1983-08-02,-0.271000,362.909597
1983-08-03,-0.171000,362.289021
1983-08-04,-0.666000,359.876177
1983-08-05,-0.275000,358.886517
1983-08-08,-0.846000,355.850337
1983-08-09,0.348000,357.088696
1983-08-10,0.241000,357.949280
1983-08-11,0.063000,358.174788
1983-08-12,0.473000,359.868955
1983-08-15,0.737000,362.521189
1983-08-16,-0.358000,361.223363
1983-08-17,0.742000,363.903641
1983-08-18,-0.591000,361.752970
1983-08-19,-0.154000,361.195871
1983-08-22,-0.076000,360.921362
1983-08-23,-0.631000,358.643948
1983-08-24,-1.310000,353.945712
1983-08-25,0.349000,355.180983
1983-08-26,0.644000,357.468348
1983-08-29,0.012000,357.511244
1983-08-30,0.489000,359.259474
1983-08-31,0.514000,361.106068
1983-09-01,0.461000,362.770767
1983-09-02,0.560000,364.802283
1983-09-06,1.496000,370.259726
1983-09-07,-0.047000,370.085703
1983-09-08,0.098000,370.448387
1983-09-09,-0.334000,369.211090
1983-09-12,0.012000,369.255395
1983-09-13,-0.446000,367.608516
1983-09-14,0.130000,368.086407
1983-09-15,-0.059000,367.869236
1983-09-16,0.957000,371.389745
1983-09-19,0.321000,372.581906
1983-09-20,0.446000,374.243621
1983-09-21,-0.802000,371.242187
1983-09-22,0.612000,373.514189
1983-09-23,-0.271000,372.501966
1983-09-26,0.518000,374.431526
1983-09-27,-0.561000,372.330965
1983-09-28,-0.221000,371.508114
1983-09-29,0.019000,371.578700
1983-09-30,-0.569000,369.464418
1983-10-03,-0.186000,368.777214
1983-10-04,0.506000,370.643227
1983-10-05,0.082000,370.947154
1983-10-06,1.029000,374.764200
1983-10-07,0.493000,376.611788
1983-10-10,0.983000,380.313882
1983-10-11,-0.640000,377.879873
1983-10-12,-0.323000,376.659321
1983-10-13,-0.520000,374.700692
1983-10-14,-0.468000,372.947093
1983-10-17,0.191000,373.659422
1983-10-18,-1.697000,367.318422
1983-10-19,-0.422000,365.768338
1983-10-20,0.032000,365.885384
1983-10-21,-0.555000,363.854720
1983-10-24,-0.095000,363.509058
1983-10-25,0.058000,363.719893
1983-10-26,-0.376000,362.352306
1983-10-27,0.090000,362.678423
1983-10-28,-0.076000,362.402788
1983-10-31,-0.092000,362.069377
1983-11-01,0.190000,362.757309
1983-11-02,0.881000,365.953201
1983-11-03,-0.447000,364.317390
1983-11-04,-0.531000,362.382865
1983-11-07,-0.639000,360.067238
1983-11-08,0.152000,360.614540
1983-11-09,0.672000,363.037870
1983-11-10,0.359000,364.341176
1983-11-11,0.972000,367.882572
1983-11-14,0.702000,370.465108
1983-11-15,-0.372000,369.086978
1983-11-16,-0.086000,368.769563
1983-11-17,0.149000,369.319030
1983-11-18,0.257000,370.268180
1983-11-21,0.622000,372.571248
1983-11-22,0.190000,373.279133
1983-11-23,-0.074000,373.002906
1983-11-25,0.161000,373.603441
1983-11-28,-0.157000,373.016884
1983-11-29,0.898000,376.366575
1983-11-30,-0.867000,373.103477
1983-12-01,-0.088000,372.775146
1983-12-02,-0.296000,371.671732
1983-12-05,0.171000,372.307290
1983-12-06,0.011000,372.348244
1983-12-07,0.398000,373.830190
1983-12-08,-0.402000,372.327393
1983-12-09,-0.132000,371.835921
1983-12-12,0.199000,372.575874
1983-12-13,-0.156000,371.994656
1983-12-14,-0.866000,368.773182
1983-12-15,-0.668000,366.309777
1983-12-16,0.752000,369.064427
1983-12-19,0.114000,369.485160
1983-12-20,-0.123000,369.030693
1983-12-21,0.560000,371.097265
1983-12-22,0.185000,371.783795
1983-12-23,0.178000,372.445570
1983-12-27,0.865000,375.667225
1983-12-28,0.244000,376.583853
1983-12-29,-0.329000,375.344892
1983-12-30,0.390000,376.808737
1984-01-03,-0.382000,375.369327
1984-01-04,1.304000,380.264143
1984-01-05,0.754000,383.131335
1984-01-06,0.666000,385.682990
1984-01-09,-0.055000,385.470864
1984-01-10,-0.451000,383.732391
1984-01-11,-0.089000,383.390869
1984-01-12,0.103000,383.785761
1984-01-13,0.027000,383.889383
1984-01-16,0.207000,384.684034
1984-01-17,0.404000,386.238158
1984-01-18,-0.313000,385.029233
1984-01-19,-0.040000,384.875221
1984-01-20,-0.231000,383.986159
1984-01-23,-0.829000,380.802914
1984-01-24,0.199000,381.560712
1984-01-25,0.043000,381.724783
1984-01-26,-0.203000,380.949881
1984-01-27,0.264000,381.955589
1984-01-30,-0.592000,379.694412
1984-01-31,-0.020000,379.618473
1984-02-01,-0.228000,378.752943
1984-02-02,0.312000,379.934652
1984-02-03,-0.897000,376.526638
1984-02-06,-1.388000,371.300449
1984-02-07,0.414000,372.837633
1984-02-08,-0.832000,369.735623
1984-02-09,-0.171000,369.103375
1984-02-10,0.512000,370.993185
1984-02-13,-0.493000,369.164188
1984-02-14,0.555000,371.213050
1984-02-15,0.000000,371.213050
1984-02-16,-0.261000,370.244184
1984-02-17,-0.334000,369.007568
1984-02-21,-0.081000,368.708672
1984-02-22,-0.432000,367.115850
1984-02-23,-0.220000,366.308196
1984-02-24,1.441000,371.586697
1984-02-27,1.001000,375.306279
1984-02-28,-0.909000,371.894745
1984-02-29,0.343000,373.170344
1984-03-01,0.688000,375.737756
1984-03-02,0.693000,378.341619
1984-03-05,-0.409000,376.794202
1984-03-06,-0.121000,376.338281
1984-03-07,-0.242000,375.427542
1984-03-08,0.147000,375.979421
1984-03-09,-0.700000,373.347565
1984-03-12,0.754000,376.162605
1984-03-13,0.390000,377.629639
1984-03-14,-0.124000,377.161379
1984-03-15,0.400000,378.670024
1984-03-16,0.849000,381.884933
1984-03-19,-0.490000,380.013697
1984-03-20,1.210000,384.611862
1984-03-21,0.120000,385.073397
1984-03-22,-0.651000,382.566569
1984-03-23,-0.055000,382.356157
1984-03-26,0.025000,382.451746
1984-03-27,0.251000,383.411700
1984-03-28,1.464000,389.024847
1984-03-29,0.093000,389.386640
1984-03-30,-0.085000,389.055662
1984-04-02,-0.916000,385.491912
1984-04-03,0.127000,385.981487
1984-04-04,-0.109000,385.560767
1984-04-05,-1.026000,381.604913
1984-04-06,0.224000,382.459708
1984-04-09,0.175000,383.129013
1984-04-10,-0.017000,383.063881
1984-04-11,-0.711000,380.340297
1984-04-12,1.076000,384.432758
1984-04-13,-0.161000,383.813822
1984-04-16,0.527000,385.836520
1984-04-17,0.378000,387.294982
1984-04-18,-0.833000,384.068815
1984-04-19,0.296000,385.205659
1984-04-23,-0.473000,383.383636
1984-04-24,0.367000,384.790654
1984-04-25,-0.183000,384.086487
1984-04-26,0.815000,387.216792
1984-04-27,-0.105000,386.810214
1984-04-30,-0.033000,386.682567
1984-05-01,0.248000,387.641540
1984-05-02,0.289000,388.761824
1984-05-03,-0.898000,385.270743
1984-05-04,-0.565000,383.093963
1984-05-07,0.780000,386.082096
1984-05-08,0.226000,386.954641
1984-05-09,-0.298000,385.801517
1984-05-10,0.167000,386.445805
1984-05-11,-0.813000,383.304001
1984-05-14,-0.740000,380.467551
1984-05-15,0.592000,382.719919
1984-05-16,-0.020000,382.643375
1984-05-17,-1.744000,375.970075
1984-05-18,-0.824000,372.872081
1984-05-21,-0.825000,369.795887
1984-05-22,-0.573000,367.676956
1984-05-23,0.059000,367.893886
1984-05-24,-0.885000,364.638025
1984-05-25,-0.130000,364.163995
1984-05-29,-1.158000,359.946976
1984-05-30,-0.521000,358.071652
1984-05-31,0.306000,359.167352
1984-06-01,1.796000,365.617997
1984-06-04,0.136000,366.115238
1984-06-05,0.677000,368.593838
1984-06-06,0.476000,370.348345
1984-06-07,-0.320000,369.163230
1984-06-08,-0.242000,368.269855
1984-06-11,-0.909000,364.922282
1984-06-12,0.341000,366.166667
1984-06-13,-0.194000,365.456304
1984-06-14,-0.923000,362.083142
1984-06-15,-0.833000,359.066989
1984-06-18,0.405000,360.521211
1984-06-19,0.714000,363.095332
1984-06-20,0.750000,365.818547
1984-06-21,0.341000,367.065988
1984-06-22,0.411000,368.574629
1984-06-25,-0.114000,368.154454
1984-06-26,-0.539000,366.170102
1984-06-27,-0.636000,363.841260
1984-06-28,-0.167000,363.233645
1984-06-29,0.074000,363.502438
1984-07-02,-0.211000,362.735448
1984-07-03,0.165000,363.333961
1984-07-05,0.143000,363.853529
1984-07-06,0.091000,364.184636
1984-07-09,0.652000,366.559119
1984-07-10,-1.212000,362.116423
1984-07-11,-1.955000,355.037047
1984-07-12,0.357000,356.304529
1984-07-13,0.289000,357.334249
1984-07-16,0.367000,358.645666
1984-07-17,0.414000,360.130459
1984-07-18,-0.231000,359.298558
1984-07-19,-0.340000,358.076943
1984-07-20,-0.952000,354.668050
1984-07-23,-1.062000,350.901475
1984-07-24,-0.963000,347.522294
1984-07-25,0.396000,348.898482
1984-07-26,0.372000,350.196385
1984-07-27,0.364000,351.471100
1984-07-30,-0.610000,349.327126
1984-07-31,-0.129000,348.876494
1984-08-01,1.925000,355.592366
1984-08-02,1.832000,362.106819
1984-08-03,3.193000,373.668889
1984-08-06,0.217000,374.479751
1984-08-07,-0.486000,372.659779
1984-08-08,0.055000,372.864742
1984-08-09,1.405000,378.103492
1984-08-10,0.104000,378.496719
1984-08-13,0.347000,379.810103
1984-08-14,-0.280000,378.746635
1984-08-15,0.560000,380.867616
1984-08-16,0.157000,381.465578
1984-08-17,0.479000,383.292798
1984-08-20,0.536000,385.347248
1984-08-21,0.190000,386.079407
1984-08-22,-0.776000,383.083431
1984-08-23,0.594000,385.358947
1984-08-24,0.538000,387.432178
1984-08-27,-0.518000,385.425279
1984-08-28,0.442000,387.128859
1984-08-29,-0.232000,386.230720
1984-08-30,0.097000,386.605364
1984-08-31,-0.493000,384.699399
1984-09-04,-0.892000,381.267881
1984-09-05,-0.294000,380.146953
1984-09-06,0.853000,383.389607
1984-09-07,-0.118000,382.937207
1984-09-10,-1.013000,379.058053
1984-09-11,-1.194000,374.532100
1984-09-12,-0.219000,373.711874
1984-09-13,0.916000,377.135075
1984-09-14,0.949000,380.714087
1984-09-17,0.233000,381.601151
1984-09-18,-0.392000,380.105274
1984-09-19,-0.021000,380.025452
1984-09-20,-0.523000,378.037919
1984-09-21,-0.055000,377.829998
1984-09-24,0.501000,379.722927
1984-09-25,0.261000,380.714003
1984-09-26,0.355000,382.065538
1984-09-27,0.922000,385.588182
1984-09-28,-0.632000,383.151265
1984-10-01,-0.247000,382.204881
1984-10-02,-0.481000,380.366476
1984-10-03,-0.757000,377.487102
1984-10-04,-0.069000,377.226636
1984-10-05,0.546000,379.286293
1984-10-08,-1.359000,374.131792
1984-10-09,-0.057000,373.918537
1984-10-10,0.619000,376.233093
1984-10-11,0.447000,377.914855
1984-10-12,0.057000,378.130266
1984-10-15,1.052000,382.108197
1984-10-16,-0.558000,379.976033
1984-10-17,0.575000,382.160895
1984-10-18,1.799000,389.035970
1984-10-19,0.092000,389.393883
1984-10-22,0.125000,389.880625
1984-10-23,-0.661000,387.303514
1984-10-24,-0.373000,385.858872
1984-10-25,-0.999000,382.004142
1984-10-26,-0.639000,379.563136
1984-10-29,0.228000,380.428540
1984-10-30,1.707000,386.922455
1984-10-31,-0.042000,386.759947
1984-11-01,1.055000,390.840265
1984-11-02,-0.442000,389.112751
1984-11-05,0.567000,391.319020
1984-11-06,0.730000,394.175649
1984-11-07,-0.994000,390.257543
1984-11-08,-0.718000,387.455494
1984-11-09,-0.370000,386.021908
1984-11-12,0.213000,386.844135
1984-11-13,-0.733000,384.008568
1984-11-14,0.068000,384.269693
1984-11-15,0.510000,386.229469
1984-11-16,-0.889000,382.795889
1984-11-19,0.112000,383.224620
1984-11-20,0.516000,385.202059
1984-11-21,0.563000,387.370747
1984-11-23,1.799000,394.339547
1984-11-26,-1.334000,389.079057
1984-11-27,-0.436000,387.382672
1984-11-28,-0.256000,386.390973
1984-11-29,-1.025000,382.430465
1984-11-30,-0.058000,382.208656
1984-12-03,-0.472000,380.404631
1984-12-04,0.809000,383.482104
1984-12-05,-0.924000,379.938730
1984-12-06,0.313000,381.127938
1984-12-07,-0.502000,379.214676
1984-12-10,0.256000,380.185465
1984-12-11,-0.046000,380.010580
1984-12-12,-0.465000,378.243531
1984-12-13,-0.295000,377.127712
1984-12-14,1.138000,381.419426
1984-12-17,0.379000,382.865005
1984-12-18,2.966000,394.220781
1984-12-19,-0.019000,394.145879
1984-12-20,-0.481000,392.250038
1984-12-21,-0.919000,388.645260
1984-12-24,0.553000,390.794468
1984-12-26,-0.193000,390.040235
1984-12-27,-0.161000,389.412270
1984-12-28,-0.299000,388.247927
1984-12-31,0.446000,389.979513
1985-01-02,-1.044000,385.908127
1985-01-03,0.390000,387.413169
1985-01-04,-0.203000,386.626720
1985-01-07,0.411000,388.215756
1985-01-08,0.061000,388.452567
1985-01-09,0.786000,391.505804
1985-01-10,0.944000,395.201619
1985-01-11,-0.410000,393.581293
1985-01-14,1.240000,398.461701
1985-01-15,-0.577000,396.162577
1985-01-16,-0.373000,394.684890
1985-01-17,-0.239000,393.741593
1985-01-18,0.986000,397.623885
1985-01-21,2.100000,405.973987
1985-01-22,0.832000,409.351691
1985-01-23,1.107000,413.883214
1985-01-24,-1.029000,409.624356
1985-01-25,0.565000,411.938733
1985-01-28,-0.427000,410.179755
1985-01-29,0.491000,412.193737
1985-01-30,-0.166000,411.509496
1985-01-31,0.357000,412.978585
1985-02-01,-0.786000,409.732573
1985-02-04,0.318000,411.035523
1985-02-05,-0.184000,410.279217
1985-02-06,0.015000,410.340759
1985-02-07,0.608000,412.835631
1985-02-08,0.549000,415.102099
1985-02-11,-0.997000,410.963531
1985-02-12,0.810000,414.292335
1985-02-13,0.902000,418.029252
1985-02-14,-0.731000,414.973458
1985-02-15,-1.506000,408.723958
1985-02-19,0.062000,408.977367
1985-02-20,1.062000,413.320706
1985-02-21,-0.557000,411.018510
1985-02-22,-0.112000,410.558169
1985-02-25,0.008000,410.591014
1985-02-26,0.813000,413.929119
1985-02-27,-0.372000,412.389303
1985-02-28,0.666000,415.135815
1985-03-01,1.459000,421.192647
1985-03-04,0.289000,422.409894
1985-03-05,0.082000,422.756270
1985-03-06,-0.557000,420.401517
1985-03-07,-0.587000,417.933761
1985-03-08,0.213000,418.823959
1985-03-11,0.428000,420.616526
1985-03-12,1.183000,425.592419
1985-03-13,-0.617000,422.966514
1985-03-14,-0.585000,420.492160
1985-03-15,-0.463000,418.545281
1985-03-18,0.299000,419.796732
1985-03-19,1.884000,427.705702
1985-03-20,0.289000,428.941772
1985-03-21,-0.557000,426.552566
1985-03-22,0.602000,429.120412
1985-03-25,-0.912000,425.206834
1985-03-26,0.336000,426.635529
1985-03-27,-0.213000,425.726796
1985-03-28,0.089000,426.105692
1985-03-29,0.717000,429.160870
1985-04-01,-0.463000,427.173855
1985-04-02,-0.415000,425.401084
1985-04-03,-1.181000,420.377097
1985-04-04,-0.126000,419.847422
1985-04-08,-0.957000,415.829482
1985-04-09,0.323000,417.172611
1985-04-10,0.751000,420.305578
1985-04-11,-0.269000,419.174956
1985-04-12,0.352000,420.650452
1985-04-15,0.200000,421.491752
1985-04-16,-0.174000,420.758357
1985-04-17,-0.114000,420.278692
1985-04-18,0.076000,420.598104
1985-04-19,1.131000,425.355069
1985-04-22,-0.166000,424.648979
1985-04-23,0.989000,428.848758
1985-04-24,-0.337000,427.403537
1985-04-25,1.128000,432.224649
1985-04-26,-0.314000,430.867464
1985-04-29,-1.087000,426.183935
1985-04-30,0.478000,428.221094
1985-05-01,-0.689000,425.270650
1985-05-02,0.128000,425.814997
1985-05-03,0.257000,426.909341
1985-05-06,-0.217000,425.982948
1985-05-07,0.599000,428.534586
1985-05-08,0.070000,428.834560
1985-05-09,0.853000,432.492519
1985-05-10,1.084000,437.180738
1985-05-13,0.556000,439.611463
1985-05-14,-0.770000,436.226454
1985-05-15,0.234000,437.247224
1985-05-16,1.048000,441.829575
1985-05-17,1.139000,446.862014
1985-05-20,1.190000,452.179672
1985-05-21,-0.370000,450.506607
1985-05-22,-1.328000,444.523880
1985-05-23,-0.578000,441.954532
1985-05-24,0.231000,442.975447
1985-05-28,0.170000,443.728505
1985-05-29,-0.061000,443.457830
1985-05-30,0.338000,444.956718
1985-05-31,0.967000,449.259449
1985-06-03,0.005000,449.281912
1985-06-04,1.038000,453.945459
1985-06-05,0.040000,454.127037
1985-06-06,0.056000,454.381348
1985-06-07,-0.430000,452.427508
1985-06-10,-0.390000,450.663041
1985-06-11,-0.686000,447.571492
1985-06-12,-0.677000,444.541433
1985-06-13,-0.912000,440.487215
1985-06-14,0.670000,443.438480
1985-06-17,-0.761000,440.063913
1985-06-18,0.691000,443.104755
1985-06-19,0.759000,446.467920
1985-06-20,-0.194000,445.601772
1985-06-21,1.395000,451.817917
1985-06-24,0.131000,452.409798
1985-06-25,0.598000,455.115209
1985-06-26,0.064000,455.406482
1985-06-27,0.680000,458.503247
1985-06-28,-0.026000,458.384036
1985-07-01,0.032000,458.530719
1985-07-02,0.131000,459.131394
1985-07-03,0.614000,461.950461
1985-07-05,0.848000,465.867801
1985-07-08,-0.055000,465.611573
1985-07-09,-0.319000,464.126272
1985-07-10,0.870000,468.164171
1985-07-11,0.397000,470.022783
1985-07-12,-0.085000,469.623263
1985-07-15,-0.541000,467.082601
1985-07-16,0.596000,469.866414
1985-07-17,0.651000,472.925244
1985-07-18,0.041000,473.119143
1985-07-19,0.702000,476.440440
1985-07-22,-0.760000,472.819492
1985-07-23,-0.623000,469.873827
1985-07-24,0.252000,471.057909
1985-07-25,-0.208000,470.078109
1985-07-26,0.004000,470.096912
1985-07-29,-0.937000,465.692104
1985-07-30,-0.073000,465.352148
1985-07-31,0.746000,468.823675
1985-08-01,0.350000,470.464558
1985-08-02,-0.490000,468.159282
1985-08-05,-0.181000,467.311914
1985-08-06,-0.870000,463.246300
1985-08-07,-0.041000,463.056369
1985-08-08,0.673000,466.172738
1985-08-09,0.069000,466.494398
1985-08-12,0.030000,466.634346
1985-08-13,-0.137000,465.995057
1985-08-14,-0.191000,465.105006
1985-08-15,0.523000,467.537506
1985-08-16,-0.457000,465.400859
1985-08-19,0.603000,468.207226
1985-08-20,0.754000,471.737509
1985-08-21,0.271000,473.015917
1985-08-22,-0.733000,469.548711
1985-08-23,0.130000,470.159124
1985-08-26,-0.137000,469.515006
1985-08-27,0.557000,472.130205
1985-08-28,0.577000,474.854396
1985-08-29,0.187000,475.742374
1985-08-30,-0.360000,474.029701
1985-09-03,0.089000,474.451588
1985-09-04,0.050000,474.688813
1985-09-05,-0.271000,473.402407
1985-09-06,0.642000,476.441650
1985-09-09,0.115000,476.989558
1985-09-10,0.137000,477.643034
1985-09-11,-1.023000,472.756745
1985-09-12,-0.471000,470.530061
1985-09-13,-0.142000,469.861908
1985-09-16,-0.058000,469.589389
1985-09-17,-0.463000,467.415190
1985-09-18,0.635000,470.383276
1985-09-19,0.855000,474.405053
1985-09-20,-0.060000,474.120410
1985-09-23,0.881000,478.297411
1985-09-24,-0.155000,477.556050
1985-09-25,-0.598000,474.700265
1985-09-26,-0.218000,473.665418
1985-09-30,0.427000,475.687970
1985-10-01,1.071000,480.782588
1985-10-02,0.090000,481.215292
1985-10-03,0.183000,482.095916
1985-10-04,-0.263000,480.828004
1985-10-07,-0.785000,477.053504
1985-10-08,-0.164000,476.271136
1985-10-09,0.493000,478.619153
1985-10-10,0.169000,479.428019
1985-10-11,0.899000,483.738077
1985-10-14,1.101000,489.064033
1985-10-15,0.347000,490.761086
1985-10-16,0.692000,494.157152
1985-10-17,0.083000,494.567303
1985-10-18,-0.346000,492.856100
1985-10-21,0.216000,493.920669
1985-10-22,0.607000,496.918768
1985-10-23,0.263000,498.225664
1985-10-24,-0.112000,497.667651
1985-10-25,-0.003000,497.652721
1985-10-28,0.154000,498.419106
1985-10-29,0.964000,503.223866
1985-10-30,0.152000,503.988767
1985-10-31,-0.668000,500.622122
1985-11-01,0.889000,505.072652
1985-11-04,0.102000,505.587827
1985-11-05,0.256000,506.882131
1985-11-06,-0.125000,506.248529
1985-11-07,0.355000,508.045711
1985-11-08,0.522000,510.697710
1985-11-11,1.039000,516.003859
1985-11-12,0.315000,517.629271
1985-11-13,-0.708000,513.964456
1985-11-14,0.747000,517.803770
1985-11-15,0.210000,518.891158
1985-11-18,-0.017000,518.802947
1985-11-19,0.182000,519.747168
1985-11-20,-0.109000,519.180644
1985-11-21,0.907000,523.889612
1985-11-22,0.170000,524.780224
1985-11-25,-0.517000,522.067111
1985-11-26,0.083000,522.500426
1985-11-27,0.881000,527.103655
1985-11-29,0.410000,529.264780
1985-12-02,-0.448000,526.893674
1985-12-03,0.131000,527.583905
1985-12-04,1.224000,534.041532
1985-12-05,0.338000,535.846592
1985-12-06,0.025000,535.980554
1985-12-09,0.212000,537.116832
1985-12-10,0.153000,537.938621
1985-12-11,0.756000,542.005437
1985-12-12,0.220000,543.197849
1985-12-13,0.937000,548.287613
1985-12-16,0.909000,553.271547
1985-12-17,-0.726000,549.254796
1985-12-18,-0.346000,547.354374
1985-12-19,0.175000,548.312244
1985-12-20,0.323000,550.083293
1985-12-23,-0.832000,545.506600
1985-12-24,-0.319000,543.766434
1985-12-26,0.440000,546.159006
1985-12-27,0.123000,546.830782
1985-12-30,0.632000,550.286752
1985-12-31,0.418000,552.586951
1986-01-02,-0.055000,552.283028
1986-01-03,0.360000,554.271247
1986-01-06,-0.334000,552.419981
1986-01-07,0.867000,557.209462
1986-01-08,-1.313000,549.893302
1986-01-09,-1.069000,544.014943
1986-01-10,-0.123000,543.345804
1986-01-13,0.656000,546.910153
1986-01-14,0.086000,547.380495
1986-01-15,0.366000,549.383908
1986-01-16,0.452000,551.867123
1986-01-17,-0.073000,551.464260
1986-01-20,0.315000,553.201373
1986-01-21,-0.407000,550.949843
1986-01-22,-0.608000,547.600068
1986-01-23,0.177000,548.569320
1986-01-24,0.459000,551.087253
1986-01-27,0.041000,551.313199
1986-01-28,0.914000,556.352202
1986-01-29,0.462000,558.922549
1986-01-30,-0.245000,557.553189
1986-01-31,0.893000,562.532139
1986-02-03,0.548000,565.614815
1986-02-04,0.045000,565.869342
1986-02-05,0.223000,567.131230
1986-02-06,0.711000,571.163533
1986-02-07,0.296000,572.854177
1986-02-10,0.734000,577.058927
1986-02-11,0.410000,579.424869
1986-02-12,0.248000,580.861842
1986-02-13,0.223000,582.157164
1986-02-14,0.747000,586.505878
1986-02-18,0.547000,589.714065
1986-02-19,-0.914000,584.324079
1986-02-20,0.582000,587.724845
1986-02-21,0.963000,593.384635
1986-02-24,0.444000,596.019263
1986-02-25,0.511000,599.064921
1986-02-26,0.311000,600.928013
1986-02-27,1.599000,610.536852
1986-02-28,0.502000,613.601747
1986-03-03,-0.145000,612.712025
1986-03-04,0.090000,613.263465
1986-03-05,-0.051000,612.950701
1986-03-06,0.049000,613.251047
1986-03-07,0.878000,618.635391
1986-03-10,0.543000,621.994581
1986-03-11,1.998000,634.422033
1986-03-12,0.754000,639.205575
1986-03-13,0.123000,639.991798
1986-03-14,1.693000,650.826859
1986-03-17,-0.635000,646.694109
1986-03-18,0.761000,651.615451
1986-03-19,-0.167000,650.527253
1986-03-20,0.724000,655.237070
1986-03-21,-0.802000,649.982069
1986-03-24,0.681000,654.408447
1986-03-25,0.254000,656.070644
1986-03-26,1.151000,663.622017
1986-03-27,1.040000,670.523686
1986-03-31,0.348000,672.857109
1986-04-01,-1.064000,665.697909
1986-04-02,0.071000,666.170555
1986-04-03,-0.056000,665.797499
1986-04-04,-0.742000,660.857282
1986-04-07,0.459000,663.890617
1986-04-08,1.480000,673.716198
1986-04-09,0.303000,675.757558
1986-04-10,0.192000,677.055012
1986-04-11,-0.010000,676.987307
1986-04-14,0.468000,680.155608
1986-04-15,-0.222000,678.645662
1986-04-16,1.516000,688.933930
1986-04-17,0.807000,694.493627
1986-04-18,0.513000,698.056379
1986-04-21,0.567000,702.014359
1986-04-22,-0.619000,697.668890
1986-04-23,-0.413000,694.787518
1986-04-24,0.881000,700.908596
1986-04-25,0.354000,703.389812
1986-04-28,0.034000,703.628965
1986-04-29,-0.204000,702.193562
1986-04-30,-1.408000,692.306676
1986-05-01,-0.302000,690.215910
1986-05-02,0.578000,694.205358
1986-05-05,0.511000,697.752747
1986-05-06,-0.201000,696.350264
1986-05-07,0.237000,698.000615
1986-05-08,0.268000,699.871256
1986-05-09,-0.123000,699.010415
1986-05-12,-0.986000,692.118172
1986-05-13,-0.419000,689.218197
1986-05-14,0.078000,689.755787
1986-05-15,-2.058000,675.560613
1986-05-16,-0.466000,672.412500
1986-05-19,-0.613000,668.290612
1986-05-20,0.698000,672.955280
1986-05-21,-0.402000,670.250000
1986-05-22,1.090000,677.555725
1986-05-23,0.638000,681.878531
1986-05-27,1.342000,691.029340
1986-05-28,0.055000,691.409407
1986-05-29,0.504000,694.894110
1986-05-30,-0.390000,692.184023
1986-06-02,-0.994000,685.303714
1986-06-03,0.643000,689.710217
1986-06-04,0.131000,690.613737
1986-06-05,0.466000,693.831997
1986-06-06,0.011000,693.908319
1986-06-09,-1.993000,680.078726
1986-06-10,0.056000,680.459570
1986-06-11,0.692000,685.168350
1986-06-12,0.037000,685.421862
1986-06-13,2.018000,699.253676
1986-06-16,0.130000,700.162705
1986-06-17,-0.412000,697.278035
1986-06-18,0.688000,702.075308
1986-06-19,-0.493000,698.614077
1986-06-20,1.135000,706.543346
1986-06-23,-0.202000,705.116129
1986-06-24,0.389000,707.859031
1986-06-25,0.525000,711.575290
1986-06-26,0.563000,715.581459
1986-06-27,0.617000,719.996597
1986-06-30,0.099000,720.709394
1986-07-01,0.813000,726.568761
1986-07-02,1.223000,735.454697
1986-07-03,-0.396000,732.542296
1986-07-07,-2.096000,717.188210
1986-07-08,-0.423000,714.154504
1986-07-09,0.796000,719.839173
1986-07-10,-0.300000,717.679656
1986-07-11,-0.083000,717.083982
1986-07-14,-0.292000,714.990097
1986-07-15,-1.541000,703.972099
1986-07-16,0.942000,710.603516
1986-07-17,-0.589000,706.418062
1986-07-18,0.554000,710.331618
1986-07-21,-0.091000,709.685216
1986-07-22,0.752000,715.022049
1986-07-23,0.755000,720.420465
1986-07-24,-0.572000,716.299660
1986-07-25,0.616000,720.712066
1986-07-28,-0.650000,716.027438
1986-07-29,0.035000,716.278047
1986-07-30,0.792000,721.950969
1986-07-31,0.159000,723.098871
1986-08-01,-0.089000,722.455313
1986-08-04,-0.181000,721.147669
1986-08-05,1.757000,733.818234
1986-08-06,-0.198000,732.365274
1986-08-07,-0.134000,731.383904
1986-08-08,0.176000,732.671140
1986-08-11,1.439000,743.214278
1986-08-12,1.100000,751.389635
1986-08-13,0.374000,754.199832
1986-08-14,1.312000,764.094934
1986-08-15,0.358000,766.830394
1986-08-18,0.324000,769.314924
1986-08-19,0.543000,773.492304
1986-08-20,1.012000,781.320046
1986-08-21,-0.246000,779.397999
1986-08-22,-0.601000,774.713817
1986-08-25,-0.904000,767.710404
1986-08-26,1.013000,775.487310
1986-08-27,0.769000,781.450808
1986-08-28,0.047000,781.818090
1986-08-29,0.178000,783.209726
1986-09-02,-0.276000,781.048067
1986-09-03,-0.285000,778.822080
1986-09-04,0.218000,780.519912
1986-09-05,-0.245000,778.607638
1986-09-08,-0.662000,773.453256
1986-09-09,0.158000,774.675312
1986-09-10,-0.053000,774.264734
1986-09-11,-2.481000,755.055226
1986-09-12,-2.082000,739.334976
1986-09-15,1.036000,746.994487
1986-09-16,-0.077000,746.419301
1986-09-17,1.014000,753.987993
1986-09-18,0.485000,757.644834
1986-09-19,0.117000,758.531279
1986-09-22,1.525000,770.098881
1986-09-23,0.521000,774.111096
1986-09-24,0.061000,774.583304
1986-09-25,-1.020000,766.682554
1986-09-26,-0.298000,764.397840
1986-09-29,-0.767000,758.534909
1986-09-30,-0.932000,751.465363
1986-10-01,0.940000,758.529138
1986-10-02,0.516000,762.443148
1986-10-03,-1.212000,753.202337
1986-10-06,0.451000,756.599280
1986-10-07,0.452000,760.019108
1986-10-08,-0.120000,759.107085
1986-10-09,0.029000,759.327226
1986-10-10,-1.481000,748.081590
1986-10-13,-0.279000,745.994443
1986-10-14,-0.397000,743.032845
1986-10-15,0.767000,748.731907
1986-10-16,-0.929000,741.776187
1986-10-17,0.092000,742.458621
1986-10-20,-1.162000,733.831252
1986-10-21,-0.773000,728.158737
1986-10-22,-0.814000,722.231524
1986-10-23,1.793000,735.181136
1986-10-24,0.234000,736.901459
1986-10-27,-1.041000,729.230315
1986-10-28,-0.020000,729.084469
1986-10-29,0.150000,730.178096
1986-10-30,1.710000,742.664141
1986-10-31,-0.422000,739.530099
1986-11-03,0.922000,746.348566
1986-11-04,0.705000,751.610324
1986-11-05,-0.067000,751.106745
1986-11-06,-0.253000,749.206445
1986-11-07,1.012000,756.788414
1986-11-10,0.104000,757.575474
1986-11-11,1.287000,767.325470
1986-11-12,-1.334000,757.089348
1986-11-13,-1.199000,748.011847
1986-11-14,0.261000,749.964158
1986-11-17,0.289000,752.131554
1986-11-18,-1.160000,743.406828
1986-11-19,-0.946000,736.374200
1986-11-20,2.064000,751.572963
1986-11-21,1.650000,763.973917
1986-11-24,0.186000,765.394909
1986-11-25,-0.600000,760.802539
1986-11-26,-0.061000,760.338450
1986-11-28,1.077000,768.527295
1986-12-01,1.059000,776.665999
1986-12-02,2.005000,792.238152
1986-12-03,0.012000,792.333221
1986-12-04,-1.183000,782.959919
1986-12-05,-0.689000,777.565325
1986-12-08,0.341000,780.216823
1986-12-09,-0.582000,775.675961
1986-12-10,1.626000,788.288452
1986-12-11,-0.389000,785.222010
1986-12-12,1.181000,794.495482
1986-12-15,-0.107000,793.645371
1986-12-16,0.323000,796.208846
1986-12-17,-1.514000,784.154244
1986-12-18,-0.415000,780.900004
1986-12-19,0.591000,785.515123
1986-12-22,-0.486000,781.697520
1986-12-23,-0.716000,776.100565
1986-12-24,1.607000,788.572501
1986-12-26,-0.086000,787.894329
1986-12-29,-0.486000,784.065163
1986-12-30,0.370000,786.966204
1986-12-31,-0.575000,782.441148
1987-01-02,0.339000,785.093623
1987-01-05,2.372000,803.716044
1987-01-06,-0.121000,802.743548
1987-01-07,1.022000,810.947587
1987-01-08,0.633000,816.080885
1987-01-09,-0.223000,814.261025
1987-01-12,1.102000,823.234181
1987-01-13,0.187000,824.773629
1987-01-14,1.284000,835.363723
1987-01-15,1.400000,847.058815
1987-01-16,1.051000,855.961403
1987-01-19,-0.091000,855.182478
1987-01-20,-0.903000,847.460180
1987-01-21,-0.018000,847.307637
1987-01-22,2.459000,868.142932
1987-01-23,-1.548000,854.704080
1987-01-26,-0.596000,849.610043
1987-01-27,2.225000,868.513867
1987-01-28,0.673000,874.358965
1987-01-29,0.242000,876.474914
1987-01-30,-0.300000,873.845489
1987-02-02,0.925000,881.928560
1987-02-03,-0.212000,880.058871
1987-02-04,1.648000,894.562241
1987-02-05,0.556000,899.536007
1987-02-06,-0.424000,895.721975
1987-02-09,0.713000,902.108472
1987-02-10,0.633000,907.818819
1987-02-11,-0.399000,904.196622
1987-02-12,-1.497000,890.660799
1987-02-13,0.500000,895.114103
1987-02-17,2.043000,913.401284
1987-02-18,-0.251000,911.108646
1987-02-19,0.913000,919.427068
1987-02-20,0.918000,927.867409
1987-02-23,-1.496000,913.986512
1987-02-24,-0.242000,911.774665
1987-02-25,0.278000,914.309399
1987-02-26,-0.745000,907.497794
1987-02-27,-0.015000,907.361669
1987-03-02,-0.112000,906.345424
1987-03-03,0.922000,914.701929
1987-03-04,2.399000,936.645628
1987-03-05,-0.325000,933.601530
1987-03-06,0.424000,937.560000
1987-03-09,-0.022000,937.353737
1987-03-10,-0.273000,934.794761
1987-03-11,-0.966000,925.764644
1987-03-12,1.770000,942.150678
1987-03-13,0.030000,942.433323
1987-03-16,-0.069000,941.783044
1987-03-17,1.200000,953.084441
1987-03-18,0.338000,956.305866
1987-03-19,0.405000,960.178905
1987-03-20,1.061000,970.366403
1987-03-23,-0.055000,969.832702
1987-03-24,0.778000,977.378000
1987-03-25,0.327000,980.574026
1987-03-26,0.387000,984.368848
1987-03-27,-0.220000,982.203236
1987-03-30,-1.640000,966.095103
1987-03-31,-0.505000,961.216323
1987-04-01,-0.235000,958.957464
1987-04-02,1.343000,971.836263
1987-04-03,0.770000,979.319402
1987-04-06,0.716000,986.331329
1987-04-07,-0.632000,980.097715
1987-04-08,0.833000,988.261929
1987-04-09,-0.292000,985.376204
1987-04-10,1.114000,996.353295
1987-04-13,-1.808000,978.339228
1987-04-14,-2.154000,957.265801
1987-04-15,1.695000,973.491456
1987-04-16,0.311000,976.519015
1987-04-20,0.187000,978.345105
1987-04-21,1.282000,990.887489
1987-04-22,-1.582000,975.211649
1987-04-23,0.501000,980.097460
1987-04-24,-0.999000,970.306286
1987-04-27,0.533000,975.478019
1987-04-28,1.814000,993.173190
1987-04-29,0.921000,1002.320315
1987-04-30,1.047000,1012.814609
1987-05-01,1.414000,1027.135807
1987-05-04,0.128000,1028.450541
1987-05-05,0.605000,1034.672667
1987-05-06,-0.449000,1030.026986
1987-05-07,-0.323000,1026.699999
1987-05-08,-0.700000,1019.513099
1987-05-11,-0.559000,1013.814021
1987-05-12,0.279000,1016.642562
1987-05-13,-0.535000,1011.203525
1987-05-14,0.019000,1011.395653
1987-05-15,-1.380000,997.438393
1987-05-18,-0.402000,993.428691
1987-05-19,-2.147000,972.099777
1987-05-20,0.167000,973.723183
1987-05-21,0.938000,982.856707
1987-05-22,0.933000,992.026760
1987-05-26,2.000000,1011.867295
1987-05-27,0.976000,1021.743120
1987-05-28,-0.193000,1019.771156
1987-05-29,-0.518000,1014.488741
1987-06-01,-0.168000,1012.784400
1987-06-02,-0.693000,1005.765804
1987-06-03,1.090000,1016.728651
1987-06-04,0.477000,1021.578447
1987-06-05,-0.684000,1014.590851
1987-06-08,1.751000,1032.356336
1987-06-09,-0.451000,1027.700409
1987-06-10,1.490000,1043.013145
1987-06-11,-0.872000,1033.918071
1987-06-12,1.080000,1045.084386
1987-06-15,-1.084000,1033.755671
1987-06-16,-0.009000,1033.662633
1987-06-17,0.065000,1034.334514
1987-06-18,-0.070000,1033.610480
1987-06-19,-0.519000,1028.246041
1987-06-22,0.005000,1028.297454
1987-06-23,-1.491000,1012.965539
1987-06-24,-0.226000,1010.676236
1987-06-25,0.202000,1012.717802
1987-06-26,0.712000,1019.928353
1987-06-29,0.519000,1025.221781
1987-06-30,-1.247000,1012.437266
1987-07-01,-0.362000,1008.772243
1987-07-02,-0.435000,1004.384084
1987-07-06,1.061000,1015.040599
1987-07-07,0.534000,1020.460916
1987-07-08,1.452000,1035.278008
1987-07-09,-0.505000,1030.049854
1987-07-10,-0.507000,1024.827501
1987-07-13,-0.551000,1019.180702
1987-07-14,1.148000,1030.880896
1987-07-15,0.701000,1038.107371
1987-07-16,0.824000,1046.661376
1987-07-17,0.980000,1056.918658
1987-07-20,-1.492000,1041.149431
1987-07-21,-1.884000,1021.534176
1987-07-22,0.012000,1021.656760
1987-07-23,-0.496000,1016.589342
1987-07-24,0.227000,1018.897000
1987-07-27,-0.253000,1016.319191
1987-07-28,0.668000,1023.108203
1987-07-29,-0.154000,1021.532616
1987-07-30,1.407000,1035.905580
1987-07-31,-0.478000,1030.953952
1987-08-03,0.098000,1031.964287
1987-08-04,-0.057000,1031.376067
1987-08-05,-0.595000,1025.239379
1987-08-06,0.689000,1032.303279
1987-08-07,-0.928000,1022.723504
1987-08-10,1.008000,1033.032557
1987-08-11,1.301000,1046.472311
1987-08-12,0.587000,1052.615103
1987-08-13,0.992000,1063.057045
1987-08-14,-0.845000,1054.074213
1987-08-17,1.175000,1066.459585
1987-08-18,-1.490000,1050.569337
1987-08-19,0.653000,1057.429555
1987-08-20,0.849000,1066.407132
1987-08-21,0.314000,1069.755650
1987-08-24,-1.338000,1055.442320
1987-08-25,1.775000,1074.176421
1987-08-26,0.132000,1075.594334
1987-08-27,0.247000,1078.251052
1987-08-28,-0.085000,1077.334538
1987-08-31,1.461000,1093.074396
1987-09-01,-1.901000,1072.295052
1987-09-02,-0.212000,1070.021786
1987-09-03,-0.547000,1064.168767
1987-09-04,-0.602000,1057.762471
1987-09-08,-1.652000,1040.288235
1987-09-09,-0.627000,1033.765628
1987-09-10,2.328000,1057.831692
1987-09-11,0.982000,1068.219599
1987-09-14,-1.062000,1056.875107
1987-09-15,-1.037000,1045.915312
1987-09-16,-0.301000,1042.767107
1987-09-17,-0.330000,1039.325975
1987-09-18,0.783000,1047.463898
1987-09-21,0.193000,1049.485503
1987-09-22,1.309000,1063.223268
1987-09-23,0.181000,1065.147702
1987-09-24,-0.559000,1059.193527
1987-09-25,0.220000,1061.523752
1987-09-28,0.607000,1067.967202
1987-09-29,0.656000,1074.973066
1987-09-30,-0.057000,1074.360332
1987-10-01,0.480000,1079.517261
1987-10-02,-0.202000,1077.336636
1987-10-05,-0.416000,1072.854916
1987-10-06,-2.785000,1042.975907
1987-10-07,-0.159000,1041.317575
1987-10-08,-1.017000,1030.727375
1987-10-09,-0.916000,1021.285912
1987-10-12,-1.885000,1002.034673
1987-10-13,0.027000,1002.305222
1987-10-14,-2.513000,977.117292
1987-10-15,-0.579000,971.459783
1987-10-16,-2.625000,945.958964
1987-10-19,-7.146000,878.360736
1987-10-20,1.981000,895.761062
1987-10-21,3.701000,928.913179
1987-10-22,-3.519000,896.224724
1987-10-23,-1.249000,885.030878
1987-10-26,-1.248000,873.985692
1987-10-27,-0.109000,873.033048
1987-10-28,-0.857000,865.551155
1987-10-29,2.382000,886.168583
1987-10-30,0.717000,892.522412
1987-11-02,1.359000,904.651792
1987-11-03,-2.511000,881.935985
1987-11-04,0.008000,882.006540
1987-11-05,0.103000,882.915007
1987-11-06,-0.052000,882.455891
1987-11-09,-1.509000,869.139631
1987-11-10,-0.550000,864.359363
1987-11-11,0.629000,869.796184
1987-11-12,1.407000,882.034216
1987-11-13,-1.768000,866.439851
1987-11-16,-0.123000,865.374130
1987-11-17,-0.832000,858.174217
1987-11-18,0.361000,861.272226
1987-11-19,-2.223000,842.126145
1987-11-20,0.800000,848.863154
1987-11-23,2.271000,868.140836
1987-11-24,2.092000,886.302342
1987-11-25,0.701000,892.515322
1987-11-27,-1.255000,881.314255
1987-11-30,-0.771000,874.519322
1987-12-01,0.658000,880.273659
1987-12-02,-0.776000,873.442735
1987-12-03,-1.154000,863.363206
1987-12-04,-0.237000,861.317035
1987-12-07,0.183000,862.893245
1987-12-08,2.688000,886.087816
1987-12-09,1.198000,896.703148
1987-12-10,-1.192000,886.014446
1987-12-11,0.132000,887.183985
1987-12-14,1.949000,904.475201
1987-12-15,2.154000,923.957597
1987-12-16,1.372000,936.634295
1987-12-17,-0.924000,927.979795
1987-12-18,0.197000,929.807915
1987-12-21,-1.064000,919.914759
1987-12-22,-0.115000,918.856857
1987-12-23,-0.428000,914.924149
1987-12-24,0.068000,915.546298
1987-12-28,-2.740000,890.460329
1987-12-29,1.311000,902.134264
1987-12-30,1.951000,919.734903
1987-12-31,-0.655000,913.710640
1988-01-04,2.014920,932.121177
1988-01-05,0.523111,936.997207
1988-01-06,0.976053,946.142797
1988-01-07,0.129162,947.364851
1988-01-08,-2.858455,920.284851
1988-01-11,0.557107,925.411820
1988-01-12,-2.327523,903.872644
1988-01-13,-0.158801,902.437282
1988-01-14,-0.596745,897.052030
1988-01-15,0.500114,901.538314
1988-01-18,-0.168800,900.016516
1988-01-19,-0.231792,897.930350
1988-01-20,-1.795592,881.807188
1988-01-21,1.881937,898.402243
1988-01-22,0.163157,899.868052
1988-01-25,-0.492759,895.433875
1988-01-26,0.104165,896.366603
1988-01-27,1.184026,906.979820
1988-01-28,1.890936,924.130226
1988-01-29,1.186026,935.090653
1988-02-01,-0.510812,930.314099
1988-02-02,0.139163,931.608754
1988-02-03,-1.140788,920.981076
1988-02-04,-0.113827,919.932750
1988-02-05,0.571147,925.186915
1988-02-08,-0.841799,917.398699
1988-02-09,0.352155,920.629365
1988-02-10,2.843060,946.803407
1988-02-11,-0.417815,942.847516
1988-02-12,0.753140,949.948475
1988-02-16,1.832098,967.352466
1988-02-17,-0.634807,961.211644
1988-02-18,1.168124,972.439786
1988-02-19,-0.033830,972.110808
1988-02-22,1.331118,985.050746
1988-02-23,-0.391816,981.191155
1988-02-24,-0.528811,976.002506
1988-02-25,-1.664768,959.754332
1988-02-26,0.904134,968.431797
1988-02-29,2.461074,992.265623
1988-03-01,-0.879026,983.543351
1988-03-02,0.130709,984.828931
1988-03-03,-0.083235,984.009211
1988-03-04,-0.062240,983.396761
1988-03-07,1.123448,994.444716
1988-03-08,0.830525,1002.703831
1988-03-09,-0.033248,1002.370452
1988-03-10,0.045731,1002.828850
1988-03-11,0.857518,1011.428290
1988-03-14,1.586327,1027.472848
1988-03-15,0.183695,1029.360266
1988-03-16,0.725553,1036.828818
1988-03-17,2.297140,1060.646230
1988-03-18,-1.428881,1045.490852
1988-03-21,-0.434143,1040.951931
1988-03-22,-0.413148,1036.651257
1988-03-23,-0.116226,1035.446397
1988-03-24,-2.429619,1010.288998
1988-03-25,-0.921015,1000.984086
1988-03-28,-0.979999,991.174449
1988-03-29,1.696298,1007.987721
1988-03-30,-0.348165,1004.478258
1988-03-31,1.637313,1020.924716
1988-04-04,-1.166220,1009.018484
1988-04-05,0.415568,1013.211643
1988-04-06,2.368307,1037.207604
1988-04-07,-0.214348,1034.984374
1988-04-08,1.638405,1051.941604
1988-04-11,-1.006242,1041.356529
1988-04-12,-0.251343,1038.739155
1988-04-13,0.759522,1046.628608
1988-04-14,-2.235077,1023.235649
1988-04-15,0.398570,1027.313963
1988-04-18,0.115608,1028.501622
1988-04-19,0.598544,1034.657653
1988-04-20,-0.393324,1030.588099
1988-04-21,-1.429185,1015.859087
1988-04-22,1.299450,1029.059666
1988-04-25,0.321581,1032.368923
1988-04-26,1.313448,1045.928551
1988-04-27,0.231593,1048.350845
1988-04-28,-1.189217,1035.883676
1988-04-29,-0.412321,1031.612508
1988-05-02,-0.613669,1025.281823
1988-05-03,-0.836645,1016.703854
1988-05-04,-0.773652,1008.838107
1988-05-05,-2.057514,988.081122
1988-05-06,-0.337699,984.744387
1988-05-09,0.205243,986.765508
1988-05-10,-0.734656,979.516176
1988-05-11,-1.031624,969.411252
1988-05-12,-1.137613,958.383107
1988-05-13,0.818177,966.224380
1988-05-16,0.921166,975.124914
1988-05-17,-0.252708,972.660698
1988-05-18,-1.501574,958.055482
1988-05-19,-0.825646,950.145334
1988-05-20,1.092148,960.522327
1988-05-23,0.154249,962.003919
1988-05-24,-0.152718,960.534762
1988-05-25,0.939164,969.555763
1988-05-26,1.577096,984.846587
1988-05-27,0.581203,990.570543
1988-05-31,1.737079,1007.777534
1988-06-01,0.403625,1011.845175
1988-06-02,0.217644,1014.047397
1988-06-03,0.432622,1018.434388
1988-06-06,0.190647,1020.376002
1988-06-07,-0.947235,1010.710639
1988-06-08,2.957361,1040.601002
1988-06-09,0.030663,1040.920086
1988-06-10,0.054661,1041.489063
1988-06-13,0.601604,1047.754708
1988-06-14,0.628602,1054.340912
1988-06-15,0.931570,1064.162839
1988-06-16,-2.061120,1042.229162
1988-06-17,0.784586,1050.406342
1988-06-20,-0.680263,1043.260816
1988-06-21,-0.402292,1039.063863
1988-06-22,1.121551,1050.717491
1988-06-23,-0.822248,1042.077984
1988-06-24,-1.784149,1023.485760
1988-06-27,-0.568275,1017.669550
1988-06-28,-0.059327,1017.065795
1988-06-29,-1.063223,1006.252112
1988-06-30,-0.020331,1006.047529
1988-07-01,0.337985,1009.447818
1988-07-05,0.496990,1014.464669
1988-07-06,-0.611043,1008.265851
1988-07-07,-1.638074,991.749711
1988-07-08,0.792998,999.614271
1988-07-11,-0.521041,994.405875
1988-07-12,-0.883051,985.624760
1988-07-13,1.942033,1004.765915
1988-07-14,-0.593043,998.807223
1988-07-15,-0.039026,998.417426
1988-07-18,-0.635044,992.077036
1988-07-19,-0.416038,987.949623
1988-07-20,1.395016,1001.731682
1988-07-21,-0.829050,993.426828
1988-07-22,-1.280063,980.710336
1988-07-25,0.823999,988.791384
1988-07-26,0.773998,996.444608
1988-07-27,-0.483039,991.631387
1988-07-28,1.300014,1004.522730
1988-07-29,2.014035,1024.754167
1988-08-01,-0.623175,1018.368152
1988-08-02,-1.062135,1007.551710
1988-08-03,-0.556181,1001.947893
1988-08-04,-0.547182,996.465412
1988-08-05,-2.530999,971.244881
1988-08-08,-0.752163,963.939532
1988-08-09,-1.203122,952.342166
1988-08-10,-1.585086,937.246719
1988-08-11,0.314738,940.196591
1988-08-12,-0.148219,938.803040
1988-08-15,-1.444100,925.245790
1988-08-16,1.471631,938.861996
1988-08-17,1.355642,951.589604
1988-08-18,0.588713,957.191733
1988-08-19,-0.585179,951.590450
1988-08-22,-0.899150,943.034226
1988-08-23,1.321645,955.497792
1988-08-24,0.715701,962.336300
1988-08-25,-0.411195,958.379223
1988-08-26,0.510720,963.273857
1988-08-29,-0.131221,962.009842
1988-08-30,0.200749,963.941064
1988-08-31,0.481723,968.584586
1988-09-01,-0.875763,960.102082
1988-09-02,1.905945,978.401102
1988-09-06,0.453576,982.838890
1988-09-07,0.425568,987.021542
1988-09-08,1.182761,998.695650
1988-09-09,-0.806745,990.638719
1988-09-12,0.820669,998.768584
1988-09-13,1.190763,1010.661553
1988-09-14,0.639623,1017.125976
1988-09-15,0.177505,1018.931427
1988-09-16,-0.056554,1018.355177
1988-09-19,-1.964040,998.354274
1988-09-20,1.380812,1012.139666
1988-09-21,1.471835,1027.036690
1988-09-22,-1.739983,1009.166427
1988-09-23,0.309539,1012.290189
1988-09-26,0.683634,1019.210550
1988-09-27,-0.811747,1010.937143
1988-09-28,0.291534,1013.884371
1988-09-29,0.279531,1016.718494
1988-09-30,-0.229598,1014.384125
1988-10-03,-0.208662,1012.267492
1988-10-04,0.124403,1013.526781
1988-10-05,0.412459,1017.707158
1988-10-06,-0.262672,1015.033923
1988-10-07,1.046581,1025.657080
1988-10-10,-0.137648,1024.245283
1988-10-11,-0.992814,1014.076434
1988-10-12,-1.424898,999.626884
1988-10-13,0.921557,1008.839018
1988-10-14,-0.955807,999.196468
1988-10-17,1.042581,1009.613897
1988-10-18,0.787531,1017.564921
1988-10-19,0.508477,1022.739006
1988-10-20,1.382647,1036.879872
1988-10-21,0.160410,1038.543128
1988-10-24,0.350447,1042.182666
1988-10-25,0.594494,1048.378377
1988-10-26,0.765527,1056.403996
1988-10-27,0.169411,1058.193665
1988-10-28,1.130598,1070.157579
1988-10-31,1.231617,1083.337824
1988-11-01,-0.780966,1074.877324
1988-11-02,0.430815,1079.508051
1988-11-03,0.452811,1084.396178
1988-11-04,-0.436029,1079.667901
1988-11-07,0.810746,1088.421263
1988-11-08,0.174861,1090.324486
1988-11-09,0.753756,1098.542873
1988-11-10,-0.044099,1098.058421
1988-11-11,-1.028921,1086.760266
1988-11-14,-0.713978,1079.001035
1988-11-15,1.268663,1092.689920
1988-11-16,-0.301053,1089.400344
1988-11-17,-0.155079,1087.710909
1988-11-18,0.676770,1095.072210
1988-11-21,-0.181075,1093.089312
1988-11-22,0.191858,1095.186489
1988-11-23,-0.510015,1089.600872
1988-11-25,-0.858952,1080.241725
1988-11-28,0.562791,1086.321224
1988-11-29,0.681769,1093.727426
1988-11-30,2.113510,1116.843463
1988-12-01,-0.206125,1114.541369
1988-12-02,-0.774999,1105.903686
1988-12-05,1.027601,1117.267968
1988-12-06,0.557706,1123.499034
1988-12-07,-0.044161,1123.002886
1988-12-08,-0.757003,1114.501722
1988-12-09,1.085589,1126.600625
1988-12-12,-0.474066,1121.259799
1988-12-13,-0.156136,1119.509108
1988-12-14,-1.134919,1106.803585
1988-12-15,0.006828,1106.879155
1988-12-16,1.216560,1120.344999
1988-12-19,-0.237118,1117.688457
1988-12-20,-0.505059,1112.043474
1988-12-21,-0.322099,1108.461589
1988-12-22,0.046819,1108.980559
1988-12-23,1.827424,1129.246337
1988-12-27,-0.970955,1118.281858
1988-12-28,-0.321100,1114.691060
1988-12-29,0.879634,1124.496264
1988-12-30,-0.088151,1123.505007
1989-01-03,-0.644096,1116.268555
1989-01-04,1.497622,1132.986034
1989-01-05,0.046813,1133.516417
1989-01-06,0.015817,1133.695704
1989-01-09,-0.314140,1130.134317
1989-01-10,-0.683091,1122.414471
1989-01-11,1.310646,1137.125354
1989-01-12,0.551746,1143.399401
1989-01-13,1.291649,1158.168105
1989-01-16,0.413764,1162.960192
1989-01-17,-0.477118,1157.411499
1989-01-18,0.585742,1164.190941
1989-01-19,-0.452121,1158.927385
1989-01-20,-0.216153,1156.422334
1989-01-23,-1.150029,1143.123137
1989-01-24,0.870704,1153.076358
1989-01-25,-1.400996,1136.921800
1989-01-26,0.396767,1141.432727
1989-01-27,0.462758,1146.714799
1989-01-30,0.859706,1156.573171
1989-01-31,0.116804,1157.924090
1989-02-01,0.093106,1159.002186
1989-02-02,0.579111,1165.714098
1989-02-03,0.974116,1177.069502
1989-02-06,0.049105,1177.647507
1989-02-07,1.471121,1194.972129
1989-02-08,-0.241898,1192.081518
1989-02-09,-0.579902,1185.168619
1989-02-10,-1.955917,1161.987708
1989-02-13,0.315108,1165.649229
1989-02-14,0.650112,1173.227256
1989-02-15,0.111106,1174.530783
1989-02-16,0.162107,1176.434776
1989-02-17,-0.280898,1173.130192
1989-02-21,-1.293909,1157.950950
1989-02-22,-0.700903,1149.834839
1989-02-23,0.514111,1155.746262
1989-02-24,-0.668902,1148.015446
1989-02-27,0.220107,1150.542313
1989-02-28,0.465110,1155.893600
1989-03-01,-0.094287,1154.803745
1989-03-02,0.819619,1164.268737
1989-03-03,0.098693,1165.417792
1989-03-06,0.325670,1169.213208
1989-03-07,-0.776217,1160.137581
1989-03-08,0.616640,1167.291453
1989-03-09,0.478654,1172.878742
1989-03-10,-0.328263,1169.028619
1989-03-13,0.609641,1176.155493
1989-03-14,0.444658,1181.385359
1989-03-15,-0.383257,1176.857616
1989-03-16,1.480551,1194.281594
1989-03-17,-2.059085,1169.690326
1989-03-20,-1.426150,1153.008791
1989-03-21,0.665635,1160.683621
1989-03-22,-0.534242,1154.482767
1989-03-23,-0.422253,1149.607928
1989-03-27,-0.813213,1140.259170
1989-03-28,0.184684,1142.365051
1989-03-29,0.244678,1145.160170
1989-03-30,-0.373258,1140.885767
1989-03-31,0.434659,1145.844727
1989-04-03,-0.217380,1143.353894
1989-04-04,-1.319839,1128.263458
1989-04-05,-0.028301,1127.944151
1989-04-06,-0.422465,1123.178980
1989-04-07,0.541937,1129.265904
1989-04-10,-0.039305,1128.822042
1989-04-11,-0.056312,1128.186375
1989-04-12,0.352858,1132.167274
1989-04-13,0.402879,1136.728539
1989-04-14,1.866490,1157.945459
1989-04-17,0.607965,1164.985358
1989-04-18,1.400295,1181.298591
1989-04-19,-0.103332,1180.077931
1989-04-20,-0.337430,1176.095998
1989-04-21,1.096168,1188.987990
1989-04-24,0.061737,1189.722033
1989-04-25,-0.885658,1179.185160
1989-04-26,-0.492494,1173.377740
1989-04-27,0.146772,1175.099933
1989-04-28,0.446897,1180.351425
1989-05-01,-0.128893,1178.830039
1989-05-02,-0.937023,1167.784130
1989-05-03,-0.282917,1164.480265
1989-05-04,-0.026876,1164.167297
1989-05-05,-0.418939,1159.290141
1989-05-08,0.853266,1169.181966
1989-05-09,-0.465947,1163.734198
1989-05-10,0.882270,1174.001481
1989-05-11,0.485206,1179.697811
1989-05-12,1.557379,1198.070180
1989-05-15,-0.410938,1193.146853
1989-05-16,-0.460946,1187.647088
1989-05-17,0.731246,1196.331711
1989-05-18,-0.094887,1195.196545
1989-05-19,0.482206,1200.959854
1989-05-22,-0.551961,1194.331025
1989-05-23,-1.508115,1176.319138
1989-05-24,-0.491951,1170.532222
1989-05-25,-0.089886,1169.480073
1989-05-26,0.070139,1170.300340
1989-05-30,-1.818165,1149.022348
1989-05-31,0.491207,1154.666430
1989-06-01,-0.579724,1147.972557
1989-06-02,0.578245,1154.610647
1989-06-05,-1.815690,1133.646501
1989-06-06,0.583245,1140.258433
1989-06-07,1.105230,1152.860914
1989-06-08,0.493247,1158.547366
1989-06-09,-0.789718,1149.398112
1989-06-12,-0.316731,1145.757614
1989-06-13,-0.555724,1139.390362
1989-06-14,0.115257,1140.703593
1989-06-15,-0.686721,1132.870146
1989-06-16,-0.619722,1125.849496
1989-06-19,-0.442727,1120.865052
1989-06-20,0.508247,1126.561811
1989-06-21,0.451248,1131.645401
1989-06-22,1.079231,1143.858469
1989-06-23,1.166229,1157.198474
1989-06-26,-0.500726,1151.404083
1989-06-27,0.924235,1162.045766
1989-06-28,-1.017712,1150.219492
1989-06-29,-0.781718,1141.228018
1989-06-30,-0.125736,1139.793084
1989-07-03,-0.124590,1138.373012
1989-07-05,0.536538,1144.480817
1989-07-06,0.570545,1151.010592
1989-07-07,2.007824,1174.120860
1989-07-10,0.787587,1183.368083
1989-07-11,-0.600683,1176.259793
1989-07-12,0.211475,1178.747288
1989-07-13,-0.431650,1173.659225
1989-07-14,0.984625,1185.215370
1989-07-17,0.239480,1188.053729
1989-07-18,0.421516,1193.061563
1989-07-19,2.158853,1218.818013
1989-07-20,0.359504,1223.199709
1989-07-21,1.968816,1247.282267
1989-07-24,-1.144789,1233.003522
1989-07-25,-0.260617,1229.790107
1989-07-26,1.995822,1254.334526
1989-07-27,0.654561,1262.544911
1989-07-28,-0.443652,1256.943601
1989-07-31,1.048638,1270.124385
1989-08-01,-0.490299,1263.896980
1989-08-02,-0.222348,1261.086728
1989-08-03,0.693483,1269.832156
1989-08-04,0.450528,1275.553107
1989-08-07,1.113406,1289.755195
1989-08-08,-0.364322,1285.056333
1989-08-09,0.594502,1292.696014
1989-08-10,-0.355324,1288.102759
1989-08-11,-1.256158,1271.922153
1989-08-14,-0.980209,1259.454660
1989-08-15,-0.939216,1247.625657
1989-08-16,0.373542,1252.286066
1989-08-17,-0.403315,1247.235410
1989-08-18,1.432348,1265.100157
1989-08-21,-1.512111,1245.970439
1989-08-22,0.457527,1251.671088
1989-08-23,0.436531,1257.135016
1989-08-24,2.031237,1282.670414
1989-08-25,-0.818239,1272.175110
1989-08-28,-0.853232,1261.320503
1989-08-29,-0.899224,1249.978411
1989-08-30,0.033605,1250.398463
1989-08-31,-1.208167,1235.291564
1989-09-01,0.617393,1242.918165
1989-09-05,0.695406,1251.561496
1989-09-06,-1.164915,1236.981865
1989-09-07,-0.548809,1230.193200
1989-09-08,0.952451,1241.910184
1989-09-11,0.184318,1244.199247
1989-09-12,0.152312,1246.094317
1989-09-13,-0.898869,1234.893558
1989-09-14,-1.050896,1221.916116
1989-09-15,1.741587,1243.196850
1989-09-18,0.404356,1248.223791
1989-09-19,0.398355,1253.196152
1989-09-20,0.084301,1254.252604
1989-09-21,-0.448791,1248.623625
1989-09-22,1.379525,1265.848695
1989-09-25,-0.743842,1256.432774
1989-09-26,-1.168916,1241.746131
1989-09-27,0.413358,1246.878982
1989-09-28,1.515548,1265.776032
1989-09-29,0.849433,1276.527951
1989-10-02,-0.198544,1273.993486
1989-10-03,0.015541,1274.191477
1989-10-04,1.264035,1290.297699
1989-10-05,-0.475653,1284.160357
1989-10-06,-0.709746,1275.046083
1989-10-09,0.407696,1280.244396
1989-10-10,-1.789172,1257.338616
1989-10-11,-0.082498,1256.301340
1989-10-12,-0.806784,1246.165700
1989-10-13,-2.347393,1216.913292
1989-10-16,1.256031,1232.198105
1989-10-17,-1.437033,1214.491009
1989-10-18,-0.887816,1203.708562
1989-10-19,1.371077,1220.212332
1989-10-20,0.894889,1231.131874
1989-10-23,0.607775,1238.614388
1989-10-24,-0.496661,1232.462667
1989-10-25,0.254636,1235.600955
1989-10-26,-0.290580,1232.010546
1989-10-27,-0.298583,1228.331970
1989-10-30,0.202615,1230.820754
1989-10-31,0.930903,1242.278500
1989-11-01,0.671119,1250.615663
1989-11-02,-1.098305,1236.880085
1989-11-03,0.683122,1245.329479
1989-11-06,-1.952510,1221.014297
1989-11-07,2.116465,1246.856636
1989-11-08,0.826156,1257.157614
1989-11-09,0.280025,1260.677969
1989-11-10,0.836158,1271.219231
1989-11-13,0.674119,1279.788766
1989-11-14,-0.103067,1278.469728
1989-11-15,0.194004,1280.950015
1989-11-16,0.789147,1291.058592
1989-11-17,-0.313117,1287.016066
1989-11-20,-0.214093,1284.260649
1989-11-21,-0.937267,1272.223702
1989-11-22,0.432061,1277.720489
1989-11-24,0.595100,1285.324209
1989-11-27,-0.066058,1284.475149
1989-11-28,1.099221,1298.594373
1989-11-29,-0.237099,1295.515419
1989-11-30,0.165998,1297.665944
1989-12-01,0.713487,1306.924623
1989-12-04,0.786529,1317.203962
1989-12-05,-0.727335,1307.623473
1989-12-06,-0.206038,1304.929276
1989-12-07,0.025094,1305.256738
1989-12-08,2.224350,1334.290210
1989-12-11,-0.275077,1330.619883
1989-12-12,-0.658296,1321.860467
1989-12-13,0.598421,1329.770764
1989-12-14,0.075123,1330.769724
1989-12-15,-0.497204,1324.153085
1989-12-18,-1.758924,1300.862238
1989-12-19,-1.022504,1287.560872
1989-12-20,0.163173,1289.661824
1989-12-21,0.935614,1301.728080
1989-12-22,0.695477,1310.781298
1989-12-26,0.567404,1318.218720
1989-12-27,0.881583,1329.839914
1989-12-28,0.827552,1340.845034
1989-12-29,0.917604,1353.148677
1990-01-02,0.770211,1363.570778
1990-01-03,-0.285802,1359.673671
1990-01-04,-0.038799,1359.146136
1990-01-05,0.187204,1361.690513
1990-01-08,0.150204,1363.735822
1990-01-09,-1.927821,1337.445432
1990-01-10,0.203204,1340.163178
1990-01-11,0.218204,1343.087474
1990-01-12,-0.738807,1333.164649
1990-01-15,-0.771807,1322.875185
1990-01-16,1.695222,1345.300859
1990-01-17,-0.346802,1340.635324
1990-01-18,0.309206,1344.780643
1990-01-19,0.768211,1355.111397
1990-01-22,-2.080823,1326.913925
1990-01-23,-0.686806,1317.800595
1990-01-24,-0.014798,1317.605582
1990-01-25,-2.327826,1286.934015
1990-01-26,-0.982810,1274.285899
1990-01-29,0.111203,1275.702946
1990-01-30,0.065203,1276.534737
1990-01-31,0.848212,1287.362459
1990-02-01,-0.173995,1285.122511
1990-02-02,0.554859,1292.253128
1990-02-05,0.172935,1294.487891
1990-02-06,-1.112807,1280.082739
1990-02-07,0.795811,1290.269774
1990-02-08,0.248920,1293.481516
1990-02-09,-1.184793,1278.156442
1990-02-12,-1.418746,1260.022652
1990-02-13,0.180934,1262.302459
1990-02-14,-0.438942,1256.761683
1990-02-15,0.444881,1262.352776
1990-02-16,-1.460737,1243.913118
1990-02-20,-2.676494,1210.619860
1990-02-21,0.368896,1215.085790
1990-02-22,-0.202989,1212.619296
1990-02-23,-0.845861,1202.362228
1990-02-26,1.550659,1221.006772
1990-02-27,-0.391951,1216.221019
1990-02-28,0.979774,1228.137234
1990-03-01,-1.443486,1210.409246
1990-03-02,0.877573,1221.031474
1990-03-05,-2.351509,1192.318808
1990-03-06,0.940575,1203.533460
1990-03-07,-2.236506,1176.616360
1990-03-08,0.990576,1188.271642
1990-03-09,-0.568464,1181.516750
1990-03-12,0.936575,1192.582538
1990-03-13,-0.587464,1185.576544
1990-03-14,0.207556,1188.037282
1990-03-15,-0.968474,1176.531452
1990-03-16,0.722569,1185.032708
1990-03-19,0.056552,1185.702872
1990-03-20,-0.244455,1182.804358
1990-03-21,-1.359484,1166.724325
1990-03-22,-0.787469,1157.536731
1990-03-23,-0.496462,1151.790004
1990-03-26,0.140555,1153.408896
1990-03-27,-0.504462,1147.590387
1990-03-28,-1.109477,1134.858132
1990-03-29,1.146580,1147.870190
1990-03-30,0.364560,1152.054868
1990-04-02,-0.381441,1147.660452
1990-04-03,0.978662,1158.892166
1990-04-04,0.643636,1166.351216
1990-04-05,-0.333438,1162.462160
1990-04-06,-0.811474,1153.029080
1990-04-09,-1.405519,1136.823035
1990-04-10,1.478700,1153.633233
1990-04-11,0.395617,1158.197207
1990-04-12,0.898656,1168.605412
1990-04-16,0.219604,1171.171717
1990-04-17,1.045667,1183.418271
1990-04-18,-1.786548,1162.275934
1990-04-19,-0.563455,1155.727029
1990-04-20,-0.824475,1146.198347
1990-04-23,-0.387442,1141.757494
1990-04-24,1.447697,1158.286686
1990-04-25,-1.223505,1144.114986
1990-04-26,0.190602,1146.295691
1990-04-27,-1.822551,1125.403869
1990-04-30,0.898656,1135.517374
1990-05-01,0.987819,1146.734229
1990-05-02,2.312580,1173.253380
1990-05-03,0.986819,1184.831267
1990-05-04,0.292944,1188.302159
1990-05-07,1.514724,1206.301657
1990-05-08,-0.140978,1204.601038
1990-05-09,-0.021000,1204.348078
1990-05-10,0.776857,1213.704138
1990-05-11,2.649520,1245.861469
1990-05-14,2.330577,1274.897231
1990-05-15,-0.531908,1268.115956
1990-05-16,-0.852850,1257.300833
1990-05-17,0.118975,1258.796710
1990-05-18,-0.542906,1251.962633
1990-05-21,0.773857,1261.651038
1990-05-22,0.695871,1270.430507
1990-05-23,-0.285952,1266.797688
1990-05-24,-1.134799,1252.422080
1990-05-25,-2.200607,1224.861191
1990-05-29,1.789675,1246.782219
1990-05-30,0.638882,1254.747683
1990-05-31,-0.313947,1250.808443
1990-06-01,1.253951,1266.492968
1990-06-04,1.125981,1280.753445
1990-06-05,0.212198,1283.471184
1990-06-06,0.377159,1288.311915
1990-06-07,-1.878305,1264.113488
1990-06-08,-1.099490,1250.214687
1990-06-11,1.324934,1266.779210
1990-06-12,2.150738,1294.024312
1990-06-13,-0.567616,1286.679219
1990-06-14,-0.068735,1285.794823
1990-06-15,0.134217,1287.520579
1990-06-18,-1.356429,1270.056277
1990-06-19,0.260187,1273.360800
1990-06-20,0.445143,1279.029078
1990-06-21,-1.162475,1264.160685
1990-06-22,-2.486161,1232.731620
1990-06-25,-0.979518,1220.656786
1990-06-26,-1.529388,1201.988210
1990-06-27,1.082992,1215.005642
1990-06-28,1.298940,1230.787841
1990-06-29,0.392156,1235.614446
1990-07-02,0.525648,1242.109430
1990-07-03,0.093637,1243.272500
1990-07-05,-0.901390,1232.065772
1990-07-06,-1.232398,1216.881815
1990-07-09,0.164639,1218.885272
1990-07-10,0.091637,1220.002217
1990-07-11,-0.350375,1215.727634
1990-07-12,0.559649,1222.531441
1990-07-13,0.237640,1225.436671
1990-07-16,1.415672,1242.784829
1990-07-17,-0.536380,1236.118781
1990-07-18,1.576676,1255.608366
1990-07-19,0.762654,1265.184317
1990-07-20,-1.717411,1243.455902
1990-07-23,-0.920390,1232.011258
1990-07-24,0.376644,1236.651556
1990-07-25,0.991660,1248.914939
1990-07-26,-0.808387,1238.818873
1990-07-27,-1.057394,1225.719681
1990-07-30,1.688679,1246.418148
1990-07-31,-0.188371,1244.070261
1990-08-01,-0.659900,1235.860643
1990-08-02,-1.243836,1220.488566
1990-08-03,-1.245836,1205.283285
1990-08-06,-3.334606,1165.091831
1990-08-07,-0.370932,1160.770138
1990-08-08,0.316993,1164.449697
1990-08-09,0.478975,1170.027122
1990-08-10,-2.074745,1145.752047
1990-08-13,0.652956,1153.233305
1990-08-14,-0.189951,1151.042722
1990-08-15,0.390985,1155.543124
1990-08-16,-2.538694,1126.207424
1990-08-17,0.130013,1127.671645
1990-08-20,-0.726893,1119.474684
1990-08-21,-1.861768,1098.632663
1990-08-22,-0.688897,1091.064219
1990-08-23,-2.170734,1067.380116
1990-08-24,1.503863,1083.432047
1990-08-27,2.888711,1114.729265
1990-08-28,-0.240946,1112.043372
1990-08-29,0.513971,1117.758956
1990-08-30,-0.309938,1114.294593
1990-08-31,0.826937,1123.509107
1990-09-04,-0.189400,1121.381181
1990-09-05,1.203139,1134.872950
1990-09-06,-2.011105,1112.049468
1990-09-07,0.719952,1120.055687
1990-09-10,-0.467508,1114.819342
1990-09-11,2.007450,1137.198778
1990-09-12,-0.402482,1132.621753
1990-09-13,-2.134152,1108.449882
1990-09-14,-1.859046,1087.843292
1990-09-17,0.785977,1096.393492
1990-09-18,-0.503521,1090.872915
1990-09-19,-1.890058,1070.254787
1990-09-20,-2.358239,1045.015624
1990-09-21,-0.365468,1041.196425
1990-09-24,-0.274433,1038.339039
1990-09-25,-0.291439,1035.312909
1990-09-26,-1.545925,1019.307752
1990-09-27,-0.941691,1009.709023
1990-09-28,-0.201405,1007.675422
1990-10-01,2.597184,1033.846607
1990-10-02,1.883211,1053.316116
1990-10-03,-1.292671,1039.700200
1990-10-04,-1.692656,1022.101648
1990-10-05,1.068241,1033.020155
1990-10-08,0.821250,1041.503834
1990-10-09,-3.498589,1005.065893
1990-10-10,-2.417629,980.767123
1990-10-11,-1.282672,968.187101
1990-10-12,2.144201,988.946977
1990-10-15,1.488225,1003.664736
1990-10-16,-0.299708,1000.656670
1990-10-17,0.632257,1006.983392
1990-10-18,1.733216,1024.436591
1990-10-19,2.053204,1045.470366
1990-10-22,1.919209,1065.535130
1990-10-23,-0.459702,1060.636840
1990-10-24,1.146238,1072.794263
1990-10-25,-0.180713,1070.855587
1990-10-26,1.245234,1084.190248
1990-10-29,-0.279709,1081.157671
1990-10-30,0.416265,1085.658153
1990-10-31,1.362230,1100.447313
1990-11-01,0.624767,1107.322547
1990-11-02,2.129063,1130.898138
1990-11-05,-1.152582,1117.863609
1990-11-06,-1.311613,1103.201562
1990-11-07,-1.193590,1090.033858
1990-11-08,1.072855,1101.728343
1990-11-09,1.646968,1119.873456
1990-11-12,-0.951542,1109.217384
1990-11-13,0.652773,1116.458052
1990-11-14,-0.816516,1107.341994
1990-11-15,-1.120576,1094.933389
1990-11-16,-1.068565,1083.233308
1990-11-19,1.038849,1094.486462
1990-11-20,-1.628676,1076.660829
1990-11-21,0.569756,1082.795172
1990-11-23,-1.466644,1066.914425
1990-11-26,2.717178,1095.904391
1990-11-27,1.740986,1114.983938
1990-11-28,-2.033755,1092.307896
1990-11-29,-0.647483,1085.235390
1990-11-30,0.219688,1087.619518
1990-12-03,0.043404,1088.091593
1990-12-04,2.019669,1110.067444
1990-12-05,1.383584,1125.426159
1990-12-06,-0.681693,1117.754211
1990-12-07,-1.218765,1104.131418
1990-12-10,2.102680,1127.347772
1990-12-11,-1.761837,1107.485737
1990-12-12,-0.443661,1102.572256
1990-12-13,-0.890721,1092.751417
1990-12-14,-1.637821,1074.854106
1990-12-17,1.434591,1090.273865
1990-12-18,3.600881,1129.533330
1990-12-19,0.070408,1130.328613
1990-12-20,-0.100615,1129.191334
1990-12-21,0.611481,1136.096119
1990-12-24,-0.393654,1131.623830
1990-12-26,0.453459,1136.755284
1990-12-27,-1.144755,1123.742224
1990-12-28,-0.693694,1115.946888
1990-12-31,-0.114617,1114.667826
1991-01-02,-0.522538,1108.843267
1991-01-03,-1.556241,1091.586993
1991-01-04,1.340928,1106.224386
1991-01-07,-2.703912,1076.313054
1991-01-08,-0.325594,1072.808642
1991-01-09,-0.579521,1066.591487
1991-01-10,-0.574523,1060.463677
1991-01-11,-0.525537,1054.890550
1991-01-14,1.065007,1066.125208
1991-01-15,-0.959412,1055.896672
1991-01-16,-0.746473,1048.014684
1991-01-17,3.106421,1080.570435
1991-01-18,1.433901,1096.064747
1991-01-21,1.815792,1115.966998
1991-01-22,-0.861440,1106.353607
1991-01-23,1.034016,1117.793479
1991-01-24,1.591856,1135.587139
1991-01-25,-1.423279,1119.424563
1991-01-28,2.579572,1148.300931
1991-01-29,-0.426565,1143.402679
1991-01-30,0.115279,1144.720787
1991-01-31,0.480175,1150.217447
1991-02-01,-1.323884,1134.989901
1991-02-04,1.417175,1151.074690
1991-02-05,0.335151,1154.932534
1991-02-06,2.280193,1181.267227
1991-02-07,-1.503888,1163.502291
1991-02-08,0.485155,1169.147077
1991-02-11,3.514220,1210.233473
1991-02-12,-1.159881,1196.196210
1991-02-13,-0.033856,1195.791220
1991-02-14,-1.121880,1182.375880
1991-02-15,3.350216,1221.988028
1991-02-19,0.852163,1232.401352
1991-02-20,-0.533867,1225.821966
1991-02-21,-0.758872,1216.519546
1991-02-22,1.110168,1230.024958
1991-02-25,0.182148,1232.265426
1991-02-26,0.631158,1240.042966
1991-02-27,2.675202,1273.216616
1991-02-28,-0.945876,1261.173565
1991-03-01,0.286570,1264.787714
1991-03-04,-0.539418,1257.965222
1991-03-05,2.063545,1283.923900
1991-03-06,-0.604417,1276.163646
1991-03-07,-0.807414,1265.859721
1991-03-08,-1.391406,1248.246476
1991-03-11,-0.709416,1239.391221
1991-03-12,-1.715401,1218.130690
1991-03-13,1.572552,1237.286428
1991-03-14,-1.242408,1221.914284
1991-03-15,1.149558,1235.960897
1991-03-18,-0.059425,1235.226430
1991-03-19,-1.454405,1217.261237
1991-03-20,3.261528,1256.962551
1991-03-21,-1.992397,1231.918865
1991-03-22,0.030574,1232.295511
1991-03-25,-0.414420,1227.188635
1991-03-26,1.536552,1246.045033
1991-03-27,0.238571,1249.017735
1991-03-28,-1.905398,1225.218970
1991-04-01,-3.184084,1186.206965
1991-04-02,0.540528,1192.618742
1991-04-03,0.488533,1198.445079
1991-04-04,0.143569,1200.165676
1991-04-05,-1.556254,1181.488050
1991-04-08,-0.052411,1180.868826
1991-04-09,-2.302176,1153.683145
1991-04-10,-0.006415,1153.609132
1991-04-11,2.826290,1186.213468
1991-04-12,1.095470,1199.208079
1991-04-15,0.367546,1203.615717
1991-04-16,2.489325,1233.577620
1991-04-17,0.411541,1238.654300
1991-04-18,-0.973315,1226.598296
1991-04-19,-0.948317,1214.966254
1991-04-22,-0.075408,1214.050070
1991-04-23,0.737507,1223.003777
1991-04-24,1.042475,1235.753290
1991-04-25,0.313551,1239.628011
1991-04-26,-1.767232,1217.720909
1991-04-29,-0.476366,1211.920096
1991-04-30,1.660411,1232.042952
1991-05-01,1.568539,1251.368022
1991-05-02,1.072438,1264.788173
1991-05-03,-0.247829,1261.653666
1991-05-06,0.187259,1264.016231
1991-05-07,-0.950971,1251.995806
1991-05-08,-1.031987,1239.075370
1991-05-09,0.620347,1246.761936
1991-05-10,-1.941171,1222.560155
1991-05-13,-1.381058,1205.675893
1991-05-14,-1.312044,1189.856897
1991-05-15,0.160254,1191.763690
1991-05-16,-0.026784,1191.444489
1991-05-17,-0.049789,1190.851286
1991-05-20,-0.142807,1189.150662
1991-05-21,2.674762,1220.957617
1991-05-22,0.461315,1226.590075
1991-05-23,-1.129007,1212.741790
1991-05-24,1.745574,1233.911102
1991-05-28,0.278278,1237.344802
1991-05-29,-0.218823,1234.637210
1991-05-30,3.171863,1273.798210
1991-05-31,-0.658912,1265.405004
1991-06-03,0.361976,1269.985470
1991-06-04,0.759000,1279.624658
1991-06-05,0.177965,1281.901946
1991-06-06,0.060958,1282.683372
1991-06-07,-0.759091,1272.946644
1991-06-10,-1.309123,1256.282204
1991-06-11,0.774001,1266.005838
1991-06-12,-2.185175,1238.341390
1991-06-13,1.425040,1255.988244
1991-06-14,3.334153,1297.864817
1991-06-17,-0.431071,1292.270098
1991-06-18,-1.067109,1278.480170
1991-06-19,-2.090170,1251.757764
1991-06-20,-0.658084,1243.520140
1991-06-21,0.844005,1254.015512
1991-06-24,-1.787152,1231.604352
1991-06-25,-1.612141,1211.749150
1991-06-26,-1.160114,1197.691473
1991-06-27,0.252970,1200.721271
1991-06-28,-0.986104,1188.880910
1991-07-01,1.514737,1206.889327
1991-07-02,0.473760,1212.607086
1991-07-03,-2.196180,1185.976046
1991-07-05,0.843752,1195.982740
1991-07-08,0.744754,1204.889869
1991-07-09,-1.921187,1181.741687
1991-07-10,0.137768,1183.369743
1991-07-11,0.799753,1192.833775
1991-07-12,2.822708,1226.503986
1991-07-15,-0.023229,1226.219082
1991-07-16,0.521759,1232.616990
1991-07-17,0.755754,1241.932539
1991-07-18,1.475738,1260.260206
1991-07-19,0.371762,1264.945378
1991-07-22,-0.404220,1259.832211
1991-07-23,-2.018184,1234.406474
1991-07-24,-2.191181,1207.358399
1991-07-25,0.878751,1217.968073
1991-07-26,-0.490218,1211.997368
1991-07-29,2.131723,1237.833796
1991-07-30,0.211766,1240.455105
1991-07-31,0.387762,1245.265118
1991-08-01,-1.692515,1224.188817
1991-08-02,0.282615,1227.648559
1991-08-05,-0.825458,1217.514835
1991-08-06,1.437691,1235.018939
1991-08-07,-0.080409,1234.025875
1991-08-08,-0.562441,1227.085211
1991-08-09,0.502630,1233.252904
1991-08-12,2.350751,1262.243616
1991-08-13,-0.149413,1260.357654
1991-08-14,0.214611,1263.062515
1991-08-15,0.533632,1269.802616
1991-08-16,-1.017471,1256.882747
1991-08-19,-1.588508,1236.917059
1991-08-20,0.227611,1239.732424
1991-08-21,3.773845,1286.518008
1991-08-22,-0.291423,1282.768802
1991-08-23,-0.613444,1274.899733
1991-08-26,-1.810523,1251.817380
1991-08-27,1.030664,1264.719416
1991-08-28,-0.361427,1260.148374
1991-08-29,-0.076409,1259.185512
1991-08-30,-1.184482,1244.270690
1991-09-03,-2.129417,1217.774981
1991-09-04,-0.596658,1210.509027
1991-09-05,-0.295706,1206.929485
1991-09-06,0.282203,1210.335481
1991-09-09,0.308199,1214.065726
1991-09-10,-0.501673,1207.975084
1991-09-11,0.594154,1215.152320
1991-09-12,0.298201,1218.775914
1991-09-13,-0.528669,1212.332625
1991-09-16,-0.145729,1210.565903
1991-09-17,0.142225,1212.287635
1991-09-18,0.304200,1215.975413
1991-09-19,1.046083,1228.695526
1991-09-20,0.416182,1233.809139
1991-09-23,-1.131574,1219.847677
1991-09-24,2.840800,1254.501114
1991-09-25,-1.100579,1240.694340
1991-09-26,1.061081,1253.859109
1991-09-27,1.054082,1267.075809
1991-09-30,0.809120,1277.327978
1991-10-01,0.770921,1287.175174
1991-10-02,-0.412183,1281.869653
1991-10-03,-0.449187,1276.111668
1991-10-04,-1.277260,1259.812406
1991-10-07,-1.062241,1246.430165
1991-10-08,0.393888,1251.339705
1991-10-09,-1.652293,1230.663906
1991-10-10,0.844928,1241.062131
1991-10-11,0.753920,1250.418746
1991-10-14,1.005942,1262.997237
1991-10-15,1.617996,1283.432488
1991-10-16,0.471895,1289.488942
1991-10-17,0.617908,1297.456797
1991-10-18,-0.093155,1296.248151
1991-10-21,-0.390181,1291.190433
1991-10-22,-0.483190,1284.951536
1991-10-23,-0.220166,1282.122507
1991-10-24,-1.377269,1264.464235
1991-10-25,0.855929,1275.287151
1991-10-28,1.739007,1297.464487
1991-10-29,0.725918,1306.883009
1991-10-30,-0.289172,1303.103864
1991-10-31,-0.184163,1300.704028
1991-11-01,-0.492709,1294.295339
1991-11-04,0.579434,1301.794926
1991-11-05,-0.601724,1293.961716
1991-11-06,0.089368,1295.118110
1991-11-07,1.065499,1308.917578
1991-11-08,-0.798750,1298.462598
1991-11-11,0.612438,1306.414881
1991-11-12,1.224520,1322.412193
1991-11-13,0.133374,1324.175952
1991-11-14,-0.588722,1316.380236
1991-11-15,-3.301084,1272.925414
1991-11-18,0.806464,1283.191103
1991-11-19,-0.794750,1272.992947
1991-11-20,-0.851757,1262.150137
1991-11-21,0.002357,1262.179884
1991-11-22,0.224387,1265.012046
1991-11-25,-0.113659,1263.574251
1991-11-26,0.290395,1267.243611
1991-11-27,-1.042783,1254.029014
1991-11-29,-0.433701,1248.590273
1991-12-02,1.375913,1265.769784
1991-12-03,-0.243533,1262.687213
1991-12-04,-0.227529,1259.814236
1991-12-05,-0.852701,1249.071787
1991-12-06,0.122568,1250.602743
1991-12-09,-0.876708,1239.638614
1991-12-10,0.152576,1241.530002
1991-12-11,0.546684,1248.317252
1991-12-12,0.645712,1256.377781
1991-12-13,0.268608,1259.752509
1991-12-16,1.077831,1273.330506
1991-12-17,0.646712,1281.565285
1991-12-18,0.085557,1282.661759
1991-12-19,-0.372569,1277.882961
1991-12-20,0.498671,1284.255394
1991-12-23,1.980079,1309.684665
1991-12-24,-0.465594,1303.586846
1991-12-26,1.564965,1323.987520
1991-12-27,-0.363566,1319.173947
1991-12-30,2.580244,1353.211857
1991-12-31,-0.493602,1346.532374
1992-01-02,0.376683,1351.604532
1992-01-03,-0.338151,1347.034067
1992-01-06,-0.166191,1344.795418
1992-01-07,0.593633,1352.778562
1992-01-08,-0.720062,1343.037713
1992-01-09,-1.106972,1328.170656
1992-01-10,-0.662076,1319.377160
1992-01-13,0.719603,1328.871441
1992-01-14,0.555641,1336.255200
1992-01-15,0.736599,1346.098047
1992-01-16,0.232716,1349.230638
1992-01-17,0.638622,1357.847123
1992-01-20,-0.159193,1355.685531
1992-01-21,-1.383908,1336.924089
1992-01-22,1.412442,1355.807371
1992-01-23,-1.602857,1334.075714
1992-01-24,0.636623,1342.568741
1992-01-27,-0.572097,1334.887950
1992-01-28,0.000770,1334.898232
1992-01-29,-0.159193,1332.773173
1992-01-30,0.735600,1342.577046
1992-01-31,-1.520876,1322.158111
1992-02-03,0.580043,1329.827201
1992-02-04,0.536047,1336.955698
1992-02-05,-0.816846,1326.034826
1992-02-06,-0.207894,1323.278075
1992-02-07,-1.318806,1305.826599
1992-02-10,0.550046,1313.009242
1992-02-11,0.990011,1326.008177
1992-02-12,1.012009,1339.427502
1992-02-13,-1.411799,1320.517477
1992-02-14,0.520048,1327.384803
1992-02-18,-0.615862,1319.209944
1992-02-19,-0.631861,1310.874373
1992-02-20,0.679036,1319.775676
1992-02-21,-0.688856,1310.684319
1992-02-24,-0.506871,1304.040844
1992-02-25,-0.122901,1302.438164
1992-02-26,0.250069,1305.695165
1992-02-27,0.001089,1305.709386
1992-02-28,-0.590864,1297.994419
1992-03-02,-1.041520,1284.475545
1992-03-03,-0.337353,1280.142326
1992-03-04,-1.177552,1265.067979
1992-03-05,-0.031280,1264.672260
1992-03-06,0.789914,1274.662087
1992-03-09,-0.282340,1271.063206
1992-03-10,1.078983,1284.777761
1992-03-11,-0.272338,1281.278827
1992-03-12,-0.233328,1278.289239
1992-03-13,0.586866,1285.791086
1992-03-16,-0.537401,1278.881238
1992-03-17,-0.136305,1277.138053
1992-03-18,0.283794,1280.762498
1992-03-19,-0.168313,1278.606808
1992-03-20,0.498845,1284.985078
1992-03-23,-1.634661,1263.979929
1992-03-24,-0.779458,1254.127737
1992-03-25,0.085747,1255.203117
1992-03-26,-0.183317,1252.902122
1992-03-27,-0.405369,1247.823242
1992-03-30,-0.713442,1238.920743
1992-03-31,0.103752,1240.206142
1992-04-01,0.258871,1243.416672
1992-04-02,-0.658320,1235.231008
1992-04-03,0.300879,1238.947563
1992-04-06,0.325885,1242.985103
1992-04-07,-1.819562,1220.368218
1992-04-08,-0.273240,1217.033683
1992-04-09,1.335095,1233.282235
1992-04-10,0.906005,1244.455838
1992-04-13,0.060829,1245.212833
1992-04-14,0.999025,1257.652818
1992-04-15,1.008027,1270.330293
1992-04-16,0.150848,1272.246562
1992-04-20,-1.387472,1254.594497
1992-04-21,-0.404267,1249.522581
1992-04-22,-1.180429,1234.772854
1992-04-23,0.206860,1237.327103
1992-04-24,0.501921,1243.537511
1992-04-27,0.379896,1248.261658
1992-04-28,-0.980387,1236.023859
1992-04-29,0.196858,1238.457068
1992-04-30,1.302088,1254.582867
1992-05-01,-0.478246,1248.582877
1992-05-04,1.386131,1265.889877
1992-05-05,0.092564,1267.061630
1992-05-06,0.355476,1271.565727
1992-05-07,0.017589,1271.789378
1992-05-08,0.284499,1275.407612
1992-05-11,0.485432,1281.598853
1992-05-12,-0.825130,1271.023998
1992-05-13,0.594396,1278.578914
1992-05-14,-0.384277,1273.665627
1992-05-15,-0.490242,1267.421587
1992-05-18,1.512089,1286.586134
1992-05-19,1.245179,1302.606429
1992-05-20,-0.002405,1302.575105
1992-05-21,-1.020065,1289.287995
1992-05-22,1.203193,1304.800613
1992-05-26,-0.915100,1292.860385
1992-05-27,-0.432261,1287.271852
1992-05-28,1.341146,1304.536054
1992-05-29,-0.450255,1298.662314
1992-06-01,-0.105927,1297.286677
1992-06-02,-0.658977,1288.737851
1992-06-03,0.115093,1290.221097
1992-06-04,-1.081016,1276.273603
1992-06-05,-0.527966,1269.535319
1992-06-08,-0.488962,1263.327774
1992-06-09,-0.743985,1253.928803
1992-06-10,-0.512964,1247.496597
1992-06-11,-0.457959,1241.783572
1992-06-12,-0.498963,1235.587533
1992-06-15,-0.108927,1234.241639
1992-06-16,0.614138,1241.821589
1992-06-17,-2.039103,1216.499570
1992-06-18,-0.012919,1216.342414
1992-06-19,0.537131,1222.875769
1992-06-22,-0.022920,1222.595490
1992-06-23,0.991172,1234.713519
1992-06-24,-1.005009,1222.304539
1992-06-25,0.277108,1225.691638
1992-06-26,0.468125,1231.429406
1992-06-29,1.228194,1246.553748
1992-06-30,0.669143,1254.894978
1992-07-01,1.365082,1272.025323
1992-07-02,0.247761,1275.176911
1992-07-06,0.609865,1282.953772
1992-07-07,-1.433721,1264.559795
1992-07-08,-0.241379,1261.507414
1992-07-09,0.346790,1265.882193
1992-07-10,0.254763,1269.107198
1992-07-13,0.696890,1277.951482
1992-07-14,0.267767,1281.373416
1992-07-15,-0.708513,1272.294720
1992-07-16,0.547848,1279.264955
1992-07-17,-0.020316,1279.005065
1992-07-20,-1.124632,1264.620961
1992-07-21,0.521840,1271.220259
1992-07-22,-0.790536,1261.170799
1992-07-23,-0.727518,1251.995550
1992-07-24,-0.247381,1248.898355
1992-07-27,-0.773532,1239.237732
1992-07-28,0.888945,1250.253878
1992-07-29,1.152021,1264.657063
1992-07-30,-0.149353,1262.768266
1992-07-31,0.103720,1264.078010
1992-08-03,1.070580,1277.610973
1992-08-04,0.267567,1281.029441
1992-08-05,-1.204456,1265.600007
1992-08-06,0.693574,1274.377877
1992-08-07,-0.342442,1270.013868
1992-08-10,0.971578,1282.353045
1992-08-11,0.169566,1284.527476
1992-08-12,0.598572,1292.216302
1992-08-13,-0.612447,1284.302167
1992-08-14,0.292568,1288.059619
1992-08-17,1.209582,1303.639755
1992-08-18,0.364569,1308.392417
1992-08-19,-0.378443,1303.440899
1992-08-20,0.497571,1309.926440
1992-08-21,-1.065454,1295.969781
1992-08-24,-1.136455,1281.241670
1992-08-25,0.688574,1290.063964
1992-08-26,0.652573,1298.482576
1992-08-27,-0.101439,1297.165413
1992-08-28,-0.176440,1294.876698
1992-08-31,0.227567,1297.823404
1992-09-01,0.039635,1298.337801
1992-09-02,0.337918,1302.725112
1992-09-03,0.683244,1311.625906
1992-09-04,-0.031432,1311.213637
1992-09-08,-0.342726,1306.719762
1992-09-09,0.352932,1311.331591
1992-09-10,1.065606,1325.305218
1992-09-11,-0.287674,1321.492656
1992-09-14,1.458978,1340.772943
1992-09-15,-2.111399,1312.463870
1992-09-16,-0.037438,1311.972516
1992-09-17,-0.210601,1309.209484
1992-09-18,0.680241,1318.115269
1992-09-21,-0.396777,1312.885284
1992-09-22,-0.502878,1306.283075
1992-09-23,0.250835,1309.559692
1992-09-24,0.988533,1322.505122
1992-09-25,-1.016364,1309.063661
1992-09-28,0.638202,1317.418126
1992-09-29,-0.386768,1312.322774
1992-09-30,0.031628,1312.737833
1992-10-01,-0.170577,1310.498608
1992-10-02,-1.787928,1287.067833
1992-10-05,-0.150560,1285.130025
1992-10-06,0.447940,1290.886639
1992-10-07,-1.441639,1272.276715
1992-10-08,-0.549894,1265.280546
1992-10-09,-0.732046,1256.018112
1992-10-12,0.685138,1264.623574
1992-10-13,0.131676,1266.288779
1992-10-14,0.070625,1267.183094
1992-10-15,0.955364,1279.289308
1992-10-16,0.022585,1279.578232
1992-10-19,0.501985,1286.001527
1992-10-20,-0.336716,1281.671360
1992-10-21,0.474963,1287.758822
1992-10-22,-0.497850,1281.347713
1992-10-23,0.299816,1285.189403
1992-10-26,1.427759,1303.538810
1992-10-27,0.058615,1304.302878
1992-10-28,0.660117,1312.912809
1992-10-29,0.090642,1314.102854
1992-10-30,-0.813114,1303.417705
1992-11-02,1.007907,1316.554939
1992-11-03,-0.409531,1311.163241
1992-11-04,0.073278,1312.124030
1992-11-05,-0.945318,1299.720285
1992-11-06,-0.608452,1291.812114
1992-11-09,0.554087,1298.969873
1992-11-10,-0.236599,1295.896519
1992-11-11,0.904947,1307.623702
1992-11-12,0.450128,1313.509683
1992-11-13,-0.470507,1307.329534
1992-11-16,-1.028285,1293.886458
1992-11-17,-0.284580,1290.204312
1992-11-18,1.543694,1310.121118
1992-11-19,-0.004691,1310.059654
1992-11-20,0.789993,1320.409035
1992-11-23,-0.558472,1313.034925
1992-11-24,0.323178,1317.278371
1992-11-25,-0.479503,1310.961982
1992-11-27,0.306185,1314.975953
1992-11-30,0.431136,1320.645282
1992-12-01,-0.043253,1320.074061
1992-12-02,-0.422286,1314.499568
1992-12-03,0.142763,1316.376189
1992-12-04,1.118849,1331.104444
1992-12-07,0.757817,1341.191779
1992-12-08,0.096759,1342.489503
1992-12-09,-0.374282,1337.464805
1992-12-10,-0.678309,1328.392664
1992-12-11,-0.557298,1320.989556
1992-12-14,0.685811,1330.049043
1992-12-15,-0.036253,1329.566866
1992-12-16,-0.506294,1322.835352
1992-12-17,1.188855,1338.561942
1992-12-18,1.151851,1353.980186
1992-12-21,0.305777,1358.120351
1992-12-22,0.141763,1360.045663
1992-12-23,-0.806320,1349.079344
1992-12-24,-0.922330,1336.636379
1992-12-28,-0.284274,1332.836666
1992-12-29,-0.202267,1330.140776
1992-12-30,0.763817,1340.300623
1992-12-31,-0.282274,1336.517301
1993-01-04,-0.774741,1326.162755
1993-01-05,-0.503759,1319.482087
1993-01-06,0.257189,1322.875650
1993-01-07,-1.100719,1308.314509
1993-01-08,0.493173,1314.766763
1993-01-11,0.827150,1325.641860
1993-01-12,0.116199,1327.182237
1993-01-13,0.410179,1332.626054
1993-01-14,-0.228778,1329.577299
1993-01-15,0.848149,1340.854094
1993-01-18,-0.249777,1337.504955
1993-01-19,-0.376768,1332.465665
1993-01-20,-0.230778,1329.390629
1993-01-21,0.699159,1338.685183
1993-01-22,0.150196,1340.695838
1993-01-25,0.712158,1350.243712
1993-01-26,-0.971728,1337.123023
1993-01-27,-0.850736,1325.747639
1993-01-28,0.606165,1333.783861
1993-01-29,0.462175,1339.948278
1993-02-01,1.660887,1362.203311
1993-02-02,-0.183144,1359.708512
1993-02-03,1.312693,1377.557306
1993-02-04,0.311132,1381.843330
1993-02-05,0.300126,1385.990602
1993-02-08,-0.102099,1384.575519
1993-02-09,-0.004044,1384.519524
1993-02-10,0.157046,1386.693856
1993-02-11,-0.438287,1380.616155
1993-02-12,0.037979,1381.140504
1993-02-16,-1.173699,1364.930076
1993-02-17,-0.965582,1351.750554
1993-02-18,0.265106,1355.334132
1993-02-19,0.776393,1365.856845
1993-02-22,-0.857522,1354.144325
1993-02-23,-0.280199,1350.350031
1993-02-24,1.258662,1367.346379
1993-02-25,0.784397,1378.071803
1993-02-26,0.306129,1382.290486
1993-03-01,-0.338717,1377.608431
1993-03-02,1.198210,1394.115074
1993-03-03,-0.410714,1388.389252
1993-03-04,0.259255,1391.988714
1993-03-05,-0.293719,1387.900174
1993-03-08,1.472197,1408.332800
1993-03-09,0.536241,1415.884864
1993-03-10,0.091262,1417.177036
1993-03-11,0.440246,1423.416100
1993-03-12,-0.312718,1418.964816
1993-03-15,-0.533708,1411.391688
1993-03-16,1.058217,1426.327271
1993-03-17,-0.065730,1425.389745
1993-03-18,0.383249,1430.852532
1993-03-19,-0.269720,1426.993230
1993-03-22,1.272207,1445.147532
1993-03-23,-0.012733,1444.963527
1993-03-24,-0.087729,1443.695874
1993-03-25,0.990220,1457.991639
1993-03-26,-0.751698,1447.031950
1993-03-29,0.975221,1461.143704
1993-03-30,0.616238,1470.147822
1993-03-31,-0.414714,1464.050919
1993-04-01,-0.333582,1459.167115
1993-04-02,-1.644469,1435.171569
1993-04-05,0.852316,1447.403771
1993-04-06,0.280366,1451.461793
1993-04-07,0.677331,1461.292999
1993-04-08,-0.583560,1452.765478
1993-04-12,1.538257,1475.112748
1993-04-13,0.612337,1484.145409
1993-04-14,1.517259,1506.663740
1993-04-15,-0.708549,1495.988286
1993-04-16,0.924310,1509.815857
1993-04-19,-0.101602,1508.281861
1993-04-20,-0.356580,1502.903636
1993-04-21,-0.478569,1495.711204
1993-04-22,0.638335,1505.258849
1993-04-23,0.048386,1505.987177
1993-04-26,-1.033521,1490.422479
1993-04-27,1.299278,1509.787208
1993-04-28,0.151377,1512.072674
1993-04-29,0.155376,1514.422077
1993-04-30,0.679331,1524.710019
1993-05-03,0.942078,1539.073975
1993-05-04,-0.607447,1529.724910
1993-05-05,-0.225564,1526.274395
1993-05-06,-0.095604,1524.815212
1993-05-07,0.235294,1528.403016
1993-05-10,1.249984,1547.507803
1993-05-11,-0.526472,1539.360604
1993-05-12,-0.675427,1528.963353
1993-05-13,-1.370214,1508.013286
1993-05-14,-0.147588,1505.787635
1993-05-17,0.300274,1510.309131
1993-05-18,0.508211,1517.984685
1993-05-19,0.884096,1531.405122
1993-05-20,0.769131,1543.183631
1993-05-21,-0.970336,1528.209561
1993-05-24,0.095337,1529.666514
1993-05-25,-0.238560,1526.017335
1993-05-26,1.698846,1551.942020
1993-05-27,-0.251556,1548.038010
1993-05-28,0.366254,1553.707765
1993-06-01,0.518249,1561.759848
1993-06-02,-0.420744,1555.188845
1993-06-03,-0.928740,1540.745188
1993-06-04,-0.834740,1527.883966
1993-06-07,-0.643742,1518.048337
1993-06-08,-0.125746,1516.139456
1993-06-09,0.788247,1528.090387
1993-06-10,0.263251,1532.113106
1993-06-11,0.048253,1532.852397
1993-06-14,0.728248,1544.015362
1993-06-15,-0.917740,1529.845319
1993-06-16,0.433250,1536.473376
1993-06-17,0.492250,1544.036661
1993-06-18,-0.745741,1532.522145
1993-06-21,-0.057746,1531.637172
1993-06-22,-0.074746,1530.492333
1993-06-23,-1.331737,1510.110205
1993-06-24,0.558249,1518.540382
1993-06-25,0.266251,1522.583517
1993-06-28,0.639249,1532.316610
1993-06-29,-0.733741,1521.073373
1993-06-30,1.423243,1542.721939
1993-07-01,0.131207,1544.746104
1993-07-02,-0.925111,1530.455483
1993-07-06,-1.036145,1514.597748
1993-07-07,0.967460,1529.250870
1993-07-08,1.989768,1559.679415
1993-07-09,-0.073854,1558.527522
1993-07-12,-0.186889,1555.614811
1993-07-13,0.018173,1555.897517
1993-07-14,0.328267,1561.005012
1993-07-15,0.842422,1574.155261
1993-07-16,-0.175885,1571.386554
1993-07-19,-0.753059,1559.553079
1993-07-20,0.858427,1572.940700
1993-07-21,0.266248,1577.128625
1993-07-22,-0.489980,1569.401010
1993-07-23,0.567339,1578.304833
1993-07-26,-0.056849,1577.407576
1993-07-27,0.015172,1577.646906
1993-07-28,0.242241,1581.468612
1993-07-29,0.534329,1589.918857
1993-07-30,-0.441966,1582.891963
1993-08-02,0.246406,1586.792309
1993-08-03,0.325479,1591.956988
1993-08-04,-0.844599,1578.511330
1993-08-05,-0.205010,1575.275227
1993-08-06,0.046222,1576.003348
1993-08-09,0.072246,1577.141944
1993-08-10,0.100272,1578.723369
1993-08-11,0.750871,1590.577551
1993-08-12,0.192357,1593.637130
1993-08-13,-0.366158,1587.801895
1993-08-16,1.442509,1610.706078
1993-08-17,0.119289,1612.627476
1993-08-18,0.472615,1620.248993
1993-08-19,-0.305102,1615.305580
1993-08-20,-0.514295,1606.998146
1993-08-23,0.669797,1617.761765
1993-08-24,1.939967,1649.145817
1993-08-25,0.099271,1650.782935
1993-08-26,1.032131,1667.821171
1993-08-27,0.501642,1676.187656
1993-08-30,0.664792,1687.330817
1993-08-31,0.238399,1691.353396
1993-09-01,0.324627,1696.843981
1993-09-02,-1.077396,1678.562252
1993-09-03,0.292626,1683.474165
1993-09-07,-0.106380,1681.683281
1993-09-08,-0.087380,1680.213827
1993-09-09,0.262626,1684.626500
1993-09-10,-0.358384,1678.589063
1993-09-13,-0.058379,1677.609111
1993-09-14,-0.777391,1664.567527
1993-09-15,0.772634,1677.428541
1993-09-16,-0.072380,1676.214423
1993-09-17,0.088623,1677.699933
1993-09-20,-0.617389,1667.342006
1993-09-21,-0.571388,1657.815017
1993-09-22,0.922636,1673.110622
1993-09-23,-1.029395,1655.887701
1993-09-24,-0.098380,1654.258637
1993-09-27,0.860635,1668.495772
1993-09-28,-0.346384,1662.716367
1993-09-29,-0.730390,1650.572047
1993-09-30,1.053639,1667.963110
1993-10-01,-0.075711,1666.700272
1993-10-04,-0.182725,1663.654802
1993-10-05,-0.802801,1650.298968
1993-10-06,-0.487762,1642.249436
1993-10-07,-0.353746,1636.440052
1993-10-08,0.275332,1640.945692
1993-10-11,0.436352,1648.105984
1993-10-12,-0.023705,1647.715301
1993-10-13,0.405348,1654.394279
1993-10-14,1.138438,1673.228531
1993-10-15,0.745390,1685.700603
1993-10-18,-0.180724,1682.654132
1993-10-19,-0.593775,1672.662951
1993-10-20,0.308336,1677.820371
1993-10-21,0.896408,1692.860490
1993-10-22,-0.098714,1691.189396
1993-10-25,-0.079712,1689.841318
1993-10-26,1.218448,1710.431152
1993-10-27,-0.228730,1706.518879
1993-10-28,0.724387,1718.880681
1993-10-29,-0.077712,1717.544911
1993-11-01,0.849600,1732.137179
1993-11-02,-0.624262,1721.324101
1993-11-03,-1.590172,1693.952083
1993-11-04,-1.059222,1676.009375
1993-11-05,0.563627,1685.455818
1993-11-08,-0.226299,1681.641643
1993-11-09,-1.106217,1663.039032
1993-11-10,0.313650,1668.255159
1993-11-11,-0.302292,1663.212153
1993-11-12,0.328649,1668.678283
1993-11-15,0.163664,1671.409314
1993-11-16,0.992587,1687.999507
1993-11-17,-1.041223,1670.423661
1993-11-18,-0.818244,1656.755517
1993-11-19,-1.784154,1627.196445
1993-11-22,-1.345195,1605.307480
1993-11-23,0.373645,1611.305627
1993-11-24,0.750610,1623.400242
1993-11-26,-0.447279,1616.139118
1993-11-29,-0.121309,1614.178594
1993-11-30,-0.090312,1612.720797
1993-12-01,1.321604,1634.034586
1993-12-02,0.223782,1637.691263
1993-12-03,1.393593,1660.514010
1993-12-06,0.586723,1670.256633
1993-12-07,0.888674,1685.099778
1993-12-08,-0.106165,1683.310799
1993-12-09,-0.104165,1681.557381
1993-12-10,-0.746061,1669.011937
1993-12-13,1.896511,1700.664939
1993-12-14,-0.425113,1693.435192
1993-12-15,-0.355124,1687.421393
1993-12-16,1.211622,1707.866566
1993-12-17,0.051810,1708.751409
1993-12-20,-0.238143,1704.682134
1993-12-21,-0.696069,1692.816369
1993-12-22,0.598721,1702.951623
1993-12-23,-0.938030,1686.977427
1993-12-27,0.332764,1692.591088
1993-12-28,0.270774,1697.174192
1993-12-29,0.069807,1698.358939
1993-12-30,0.042811,1699.086029
1993-12-31,-0.594086,1688.992004
1994-01-03,0.016773,1689.275291
1994-01-04,0.780679,1702.463112
1994-01-05,0.944659,1718.545585
1994-01-06,-0.636148,1707.613098
1994-01-07,0.818675,1721.592892
1994-01-10,2.211504,1759.665992
1994-01-11,-0.215199,1755.879207
1994-01-12,-0.393177,1748.975488
1994-01-13,-0.440172,1741.276996
1994-01-14,0.606700,1751.841331
1994-01-17,-0.364181,1745.461460
1994-01-18,0.665693,1757.080879
1994-01-19,0.103762,1758.904060
1994-01-20,0.877667,1774.341386
1994-01-21,0.047769,1775.188968
1994-01-24,-1.664022,1745.649434
1994-01-25,-0.686141,1733.671808
1994-01-26,0.179753,1736.788129
1994-01-27,1.425600,1761.547787
1994-01-28,0.873668,1776.937863
1994-01-31,0.820674,1791.520735
1994-02-01,0.082989,1793.007498
1994-02-02,1.382755,1817.800399
1994-02-03,-0.943826,1800.643521
1994-02-04,-2.452555,1756.481752
1994-02-07,1.068812,1775.255231
1994-02-08,-0.115975,1773.196374
1994-02-09,-0.634882,1761.938671
1994-02-10,-0.860841,1746.771177
1994-02-11,0.053994,1747.714331
1994-02-14,0.018001,1748.028930
1994-02-15,0.697878,1760.228044
1994-02-16,0.781863,1773.990618
1994-02-17,0.327945,1779.808328
1994-02-18,-1.439737,1754.183768
1994-02-22,0.872847,1769.495105
1994-02-23,0.086988,1771.034356
1994-02-24,-0.853842,1755.912513
1994-02-25,0.529908,1765.217242
1994-02-28,0.028999,1765.729131
1994-03-01,-0.541503,1756.167654
1994-03-02,0.162593,1759.023051
1994-03-03,-1.346612,1735.335830
1994-03-04,1.010708,1752.875001
1994-03-07,0.592651,1763.263430
1994-03-08,0.073580,1764.560846
1994-03-09,0.084582,1766.053346
1994-03-10,-1.640652,1737.078552
1994-03-11,0.473635,1745.305959
1994-03-14,-0.871548,1730.094783
1994-03-15,-0.452491,1722.266261
1994-03-16,1.238739,1743.600636
1994-03-17,-0.096443,1741.919062
1994-03-18,-0.366479,1735.535289
1994-03-21,-0.506498,1726.744832
1994-03-22,0.264606,1731.313909
1994-03-23,-0.771534,1717.956229
1994-03-24,-0.532502,1708.808081
1994-03-25,-0.108444,1706.954976
1994-03-28,1.359755,1730.165381
1994-03-29,-1.770670,1699.529864
1994-03-30,-1.152586,1679.941321
1994-03-31,0.883690,1694.786801
1994-04-04,0.144177,1697.230286
1994-04-05,1.079001,1715.543414
1994-04-06,-0.943619,1699.355220
1994-04-07,0.418125,1706.460650
1994-04-08,-0.563690,1696.841495
1994-04-11,0.022199,1697.218184
1994-04-12,-0.478706,1689.093492
1994-04-13,0.140177,1691.461218
1994-04-14,1.247969,1712.570130
1994-04-15,0.592092,1722.710127
1994-04-18,-0.282743,1717.839281
1994-04-19,-0.560691,1708.207511
1994-04-20,0.937027,1724.213885
1994-04-21,1.567909,1751.247988
1994-04-22,-0.901627,1735.458265
1994-04-25,0.440121,1743.096380
1994-04-26,-0.554692,1733.427561
1994-04-28,-0.988611,1716.290714
1994-04-29,1.260967,1737.932567
1994-05-02,0.978946,1754.945986
1994-05-03,-0.653716,1743.473622
1994-05-04,0.300671,1748.715739
1994-05-05,-0.675725,1736.899229
1994-05-06,-0.474644,1728.655149
1994-05-09,-2.040278,1693.385773
1994-05-10,1.075985,1711.606354
1994-05-11,-0.496652,1703.105619
1994-05-12,0.931927,1718.977318
1994-05-13,0.628804,1729.786315
1994-05-16,0.046568,1730.591839
1994-05-17,0.614798,1741.231487
1994-05-18,1.483150,1767.056568
1994-05-19,0.772862,1780.713483
1994-05-20,-1.146916,1760.290193
1994-05-23,-0.638710,1749.047043
1994-05-24,-0.480646,1740.640320
1994-05-25,-0.379605,1734.032763
1994-05-26,0.475742,1742.282282
1994-05-27,0.227641,1746.248436
1994-05-31,0.419719,1753.577775
1994-06-01,-0.097238,1751.872626
1994-06-02,-0.448223,1744.020323
1994-06-03,0.520735,1753.102056
1994-06-06,0.368742,1759.566478
1994-06-07,0.209749,1763.257146
1994-06-08,-1.163193,1742.747061
1994-06-09,0.647730,1754.035359
1994-06-10,0.127752,1756.276177
1994-06-13,0.001758,1756.307044
1994-06-14,2.004673,1791.515249
1994-06-15,0.782724,1805.537875
1994-06-16,-0.251232,1801.001791
1994-06-17,-0.608217,1790.047799
1994-06-20,-0.932203,1773.360922
1994-06-21,-0.706212,1760.837226
1994-06-22,0.207749,1764.495344
1994-06-23,-1.340186,1740.847832
1994-06-24,-1.145194,1720.911750
1994-06-27,1.527693,1747.201995
1994-06-28,0.257747,1751.705350
1994-06-29,0.302745,1757.008545
1994-06-30,-0.544219,1747.446565
1994-07-01,0.253944,1751.884103
1994-07-05,0.550086,1761.520968
1994-07-06,-0.796558,1747.489428
1994-07-07,1.269430,1769.672578
1994-07-08,0.158899,1772.484565
1994-07-11,-0.379359,1765.760490
1994-07-12,-1.126716,1745.865381
1994-07-13,-0.165256,1742.980228
1994-07-14,1.331459,1766.187303
1994-07-15,-0.390364,1759.292743
1994-07-18,0.055849,1760.275298
1994-07-19,-1.444868,1734.841638
1994-07-20,-0.068210,1733.658304
1994-07-21,0.412020,1740.801318
1994-07-22,0.404016,1747.834432
1994-07-25,0.078860,1749.212781
1994-07-26,0.255945,1753.689805
1994-07-27,0.240938,1757.915109
1994-07-28,1.547563,1785.119949
1994-07-29,0.649133,1796.707753
1994-08-01,-0.270937,1791.839803
1994-08-02,0.940391,1808.690112
1994-08-03,0.078158,1810.103739
1994-08-04,-0.285941,1804.927905
1994-08-05,-0.742065,1791.534166
1994-08-08,0.360234,1797.987882
1994-08-09,-0.554014,1788.026777
1994-08-10,0.690324,1800.369948
1994-08-11,-1.010138,1782.183730
1994-08-12,0.459261,1790.368604
1994-08-15,-1.436253,1764.654373
1994-08-16,1.381511,1789.033271
1994-08-17,0.196190,1792.543167
1994-08-18,-0.328953,1786.646543
1994-08-19,0.349231,1792.886068
1994-08-22,0.301218,1798.286564
1994-08-23,1.040419,1816.996272
1994-08-24,1.415520,1842.716226
1994-08-25,-0.704055,1829.742494
1994-08-26,0.994406,1847.937566
1994-08-29,0.513276,1857.422578
1994-08-30,0.747339,1871.303824
1994-08-31,-0.289942,1865.878121
1994-09-01,-0.075696,1864.465730
1994-09-02,-0.150698,1861.656013
1994-09-06,-0.153698,1858.794679
1994-09-07,0.327318,1864.878841
1994-09-08,-0.116697,1862.702581
1994-09-09,-1.723750,1830.594241
1994-09-12,-0.044695,1829.776062
1994-09-13,-1.095729,1809.726666
1994-09-14,0.372319,1816.464623
1994-09-15,1.423354,1842.319342
1994-09-16,-0.932724,1825.135585
1994-09-19,-0.155698,1822.293878
1994-09-20,-1.003726,1804.003033
1994-09-21,0.006307,1804.116811
1994-09-22,-0.106697,1802.191876
1994-09-23,0.222314,1806.198403
1994-09-26,-0.874722,1790.399185
1994-09-27,0.519324,1799.697156
1994-09-28,1.538358,1827.382934
1994-09-29,-0.949725,1810.027828
1994-09-30,0.565325,1820.260376
1994-10-03,-0.169416,1817.176556
1994-10-04,-1.730379,1785.732521
1994-10-05,-0.291413,1780.528657
1994-10-06,0.917557,1796.866027
1994-10-07,0.774561,1810.783846
1994-10-10,0.023579,1811.210809
1994-10-11,0.898558,1827.485584
1994-10-12,0.790560,1841.932960
1994-10-13,1.034554,1860.988759
1994-10-14,0.477568,1869.876245
1994-10-17,0.422569,1877.777767
1994-10-18,-1.216391,1854.936646
1994-10-19,1.175551,1876.742373
1994-10-20,-0.528408,1866.825521
1994-10-21,0.162576,1869.860523
1994-10-24,-0.501408,1860.484886
1994-10-25,-0.954397,1842.728466
1994-10-26,-0.347412,1836.326604
1994-10-27,1.223550,1858.794976
1994-10-28,0.508567,1868.248197
1994-10-31,-0.088418,1866.596323
1994-11-01,-1.167661,1844.800804
1994-11-02,-1.177662,1823.075284
1994-11-03,-0.203560,1819.364228
1994-11-04,-0.646607,1807.600100
1994-11-07,0.715536,1820.534128
1994-11-08,0.474511,1829.172758
1994-11-09,0.071469,1830.480041
1994-11-10,-0.356576,1823.952985
1994-11-11,-0.822625,1808.948692
1994-11-14,0.804545,1823.502503
1994-11-15,0.150477,1826.246451
1994-11-16,-0.313572,1820.519859
1994-11-17,0.372500,1827.301297
1994-11-18,-0.179558,1824.020236
1994-11-21,-0.737616,1810.565970
1994-11-22,-2.096758,1772.602778
1994-11-23,0.080470,1774.029183
1994-11-25,0.696534,1786.385898
1994-11-28,-0.264567,1781.659718
1994-11-29,-0.338574,1775.627476
1994-11-30,0.703535,1788.119631
1994-12-01,-0.522243,1778.781295
1994-12-02,0.735463,1791.863570
1994-12-05,0.233580,1796.049006
1994-12-06,0.857434,1811.448946
1994-12-07,-0.480253,1802.749405
1994-12-08,-1.403038,1777.456155
1994-12-09,-0.216315,1773.611253
1994-12-12,0.245577,1777.966839
1994-12-13,0.218584,1781.853183
1994-12-14,0.199588,1785.409548
1994-12-15,0.159597,1788.259014
1994-12-16,0.419537,1795.761416
1994-12-19,-0.132334,1793.385005
1994-12-20,-0.083346,1791.890292
1994-12-21,1.535276,1819.400752
1994-12-22,-0.674208,1807.134210
1994-12-23,-0.638216,1795.600786
1994-12-27,0.708469,1808.322063
1994-12-28,-0.907153,1791.917808
1994-12-29,0.066619,1793.111567
1994-12-30,0.020630,1793.481482
1995-01-03,0.126384,1795.748149
1995-01-04,-0.290685,1790.528185
1995-01-05,0.328417,1796.408577
1995-01-06,-0.197669,1792.857627
1995-01-09,0.105380,1794.746943
1995-01-10,0.605462,1805.613454
1995-01-11,-0.370698,1798.920085
1995-01-12,-0.790766,1784.694828
1995-01-13,0.564455,1794.768633
1995-01-16,0.782491,1808.812535
1995-01-17,-0.111655,1806.792899
1995-01-18,-0.370698,1800.095159
1995-01-19,-0.794767,1785.788594
1995-01-20,-0.723756,1772.863851
1995-01-23,-0.075649,1771.522689
1995-01-24,0.145387,1774.098247
1995-01-25,-0.214672,1770.289751
1995-01-26,-0.675748,1758.327060
1995-01-27,0.967521,1775.339248
1995-01-30,-0.270681,1770.533735
1995-01-31,-0.180667,1767.334971
1995-02-01,-0.407781,1760.128117
1995-02-02,0.324346,1765.837017
1995-02-03,0.648402,1777.286735
1995-02-06,0.120310,1779.424996
1995-02-07,0.666405,1791.283171
1995-02-08,0.254334,1795.839006
1995-02-09,-0.840856,1780.738590
1995-02-10,0.462370,1788.972183
1995-02-13,0.003290,1789.031044
1995-02-14,0.262335,1793.724299
1995-02-15,0.052299,1794.662393
1995-02-16,0.331347,1800.608951
1995-02-17,-0.601814,1789.772627
1995-02-21,0.821432,1804.474386
1995-02-22,-0.658824,1792.586070
1995-02-23,0.289340,1797.772733
1995-02-24,0.279338,1802.794594
1995-02-27,-0.211747,1798.977231
1995-02-28,0.017293,1799.288321
1995-03-01,0.718141,1812.209749
1995-03-02,0.459869,1820.543538
1995-03-03,0.536950,1830.318949
1995-03-06,0.014399,1830.582505
1995-03-07,-0.927593,1813.602145
1995-03-08,0.414821,1821.125355
1995-03-09,0.757182,1834.914593
1995-03-10,0.486897,1843.848744
1995-03-13,0.145538,1846.532238
1995-03-14,0.044431,1847.352673
1995-03-15,-0.446086,1839.111894
1995-03-16,1.254707,1862.187351
1995-03-17,0.092482,1863.909534
1995-03-20,0.211607,1867.853702
1995-03-21,0.487898,1876.966932
1995-03-22,0.237635,1881.427256
1995-03-23,0.670090,1894.034521
1995-03-24,1.518985,1922.804622
1995-03-27,0.072461,1924.197898
1995-03-28,0.541955,1934.626193
1995-03-29,-0.339974,1928.048966
1995-03-30,0.522935,1938.131416
1995-03-31,-0.322956,1931.872103
1995-04-03,-0.105655,1929.830982
1995-04-04,0.616347,1941.725445
1995-04-05,0.603347,1953.440794
1995-04-06,-0.103655,1951.415954
1995-04-07,0.509347,1961.355433
1995-04-10,-0.226656,1956.909913
1995-04-11,-0.312656,1950.791521
1995-04-12,0.399347,1958.581942
1995-04-13,0.914348,1976.490205
1995-04-17,-0.525657,1966.100655
1995-04-18,-0.365656,1958.911490
1995-04-19,0.105346,1960.975118
1995-04-20,-0.236656,1956.334362
1995-04-21,0.299346,1962.190577
1995-04-24,1.578351,1993.160826
1995-04-25,-0.057655,1992.011671
1995-04-26,-0.043655,1991.142061
1995-04-27,0.648348,2004.051581
1995-04-28,-0.256656,1998.908070
1995-05-01,-0.256342,1993.784031
1995-05-02,-0.486316,1984.087945
1995-05-03,0.943522,2002.808244
1995-05-04,0.552566,2013.875083
1995-05-05,0.052623,2014.934844
1995-05-08,0.050623,2015.954868
1995-05-09,-0.869272,1998.430732
1995-05-10,-0.189350,1994.646713
1995-05-11,-0.235344,1989.952425
1995-05-12,0.353589,1996.988673
1995-05-15,0.109616,1999.177701
1995-05-16,-0.119357,1996.791533
1995-05-17,-0.153354,1993.729380
1995-05-18,-0.951263,1974.763772
1995-05-19,-0.083362,1973.117578
1995-05-22,0.739545,1987.709667
1995-05-23,1.029512,2008.173374
1995-05-24,0.000629,2008.186003
1995-05-25,-0.188350,2004.403591
1995-05-26,-1.108245,1982.189888
1995-05-30,0.116616,1984.501432
1995-05-31,1.311480,2010.527767
1995-06-01,0.449796,2019.571049
1995-06-02,-0.636115,2006.724256
1995-06-05,0.505792,2016.874104
1995-06-06,0.332806,2023.586381
1995-06-07,-0.010166,2023.380662
1995-06-08,0.050829,2024.409126
1995-06-09,-0.503126,2014.223802
1995-06-12,-0.073161,2012.750178
1995-06-13,0.335806,2019.509108
1995-06-14,-0.606117,2007.268513
1995-06-15,-0.216149,2002.929818
1995-06-16,0.466795,2012.279395
1995-06-19,0.574786,2023.845699
1995-06-20,0.125823,2026.392159
1995-06-21,-0.540123,2015.447154
1995-06-22,0.421799,2023.948284
1995-06-23,-0.048163,2022.973491
1995-06-26,-1.469047,1993.255062
1995-06-27,-1.046081,1972.403991
1995-06-28,0.540789,1983.070534
1995-06-29,0.477794,1992.545529
1995-06-30,0.665779,2005.811474
1995-07-03,0.150047,2008.821130
1995-07-05,0.439986,2017.659666
1995-07-06,1.059856,2039.043962
1995-07-07,0.486976,2048.973624
1995-07-10,0.059066,2050.183868
1995-07-11,-0.486820,2040.203165
1995-07-12,1.133841,2063.335825
1995-07-13,-0.334852,2056.426709
1995-07-14,0.619949,2069.175496
1995-07-17,0.718928,2084.051375
1995-07-18,-1.079696,2061.549958
1995-07-19,-0.822750,2044.588563
1995-07-20,0.557961,2055.996580
1995-07-21,-0.610794,2043.438676
1995-07-24,0.293017,2049.426297
1995-07-25,0.634945,2062.439035
1995-07-26,1.344797,2090.174651
1995-07-27,0.611950,2102.965478
1995-07-28,-0.549807,2091.403232
1995-07-31,0.265023,2096.945927
1995-08-01,-1.096779,2073.947062
1995-08-02,-0.628981,2060.902319
1995-08-03,0.745424,2076.264781
1995-08-04,0.413568,2084.851539
1995-08-07,0.120694,2087.367836
1995-08-08,0.061720,2088.656155
1995-08-09,-0.403079,2080.237217
1995-08-10,-1.279700,2053.616421
1995-08-11,-0.955840,2033.987132
1995-08-14,0.472542,2043.598577
1995-08-15,0.195662,2047.597120
1995-08-16,-0.087216,2045.811291
1995-08-17,-0.826896,2028.894562
1995-08-18,0.403572,2037.082611
1995-08-21,-0.012248,2036.833105
1995-08-22,0.006744,2036.970460
1995-08-23,-0.783914,2021.002354
1995-08-24,0.175670,2024.552659
1995-08-25,0.763416,2040.008423
1995-08-28,-0.832893,2023.017330
1995-08-29,0.130690,2025.661211
1995-08-30,-0.006251,2025.534590
1995-08-31,0.194662,2029.477542
1995-09-01,0.834301,2046.409488
1995-09-05,0.465278,2055.930975
1995-09-06,-0.052755,2054.846375
1995-09-07,-0.407777,2046.467187
1995-09-08,0.337270,2053.369300
1995-09-11,0.433276,2062.266050
1995-09-12,1.236326,2087.762379
1995-09-13,0.939307,2107.372883
1995-09-14,0.645289,2120.971527
1995-09-15,-0.359774,2113.340826
1995-09-18,-0.539785,2101.933327
1995-09-19,-0.378775,2093.971728
1995-09-20,0.358271,2101.473821
1995-09-21,-1.075819,2078.865775
1995-09-22,0.378272,2086.729547
1995-09-25,0.073253,2088.258143
1995-09-26,-0.467781,2078.489676
1995-09-27,-0.085757,2076.707231
1995-09-28,0.903305,2095.466233
1995-09-29,-0.224765,2090.756349
1995-10-02,-0.398987,2082.414506
1995-10-03,-0.033734,2081.712029
1995-10-04,-0.130801,2078.989128
1995-10-05,-0.366965,2071.359972
1995-10-06,0.113368,2073.708234
1995-10-09,-1.055442,2051.821453
1995-10-10,0.051325,2052.874553
1995-10-11,0.793840,2069.171085
1995-10-12,1.291184,2095.887896
1995-10-13,0.277482,2101.703605
1995-10-16,-0.674178,2087.534391
1995-10-17,-0.197847,2083.404257
1995-10-18,0.031311,2084.056598
1995-10-19,1.378245,2112.779995
1995-10-20,-0.555095,2101.052058
1995-10-23,-0.326937,2094.182943
1995-10-24,0.038316,2094.985353
1995-10-25,-0.759236,2079.079460
1995-10-26,-0.945365,2059.424561
1995-10-27,0.634729,2072.496334
1995-10-30,0.842874,2089.964859
1995-10-31,-0.045742,2089.008865
1995-11-01,0.438269,2098.164348
1995-11-02,1.317140,2125.800116
1995-11-03,-0.017664,2125.424616
1995-11-06,-0.818546,2108.027028
1995-11-07,-0.379611,2100.024729
1995-11-08,0.706230,2114.855731
1995-11-09,0.344283,2122.136820
1995-11-10,-0.349615,2114.717506
1995-11-13,0.170309,2118.319050
1995-11-14,-0.353615,2110.828363
1995-11-15,0.713229,2125.883401
1995-11-16,0.682233,2140.386888
1995-11-17,0.159310,2143.796741
1995-11-20,-0.298623,2137.394877
1995-11-21,1.053179,2159.905471
1995-11-22,0.316287,2166.736973
1995-11-24,0.292291,2173.070142
1995-11-27,-0.050659,2171.969285
1995-11-28,0.393276,2180.511114
1995-11-29,-0.264628,2174.740878
1995-11-30,-0.932530,2154.460772
1995-12-01,0.205525,2158.888722
1995-12-04,1.211540,2185.044524
1995-12-05,0.112523,2187.503210
1995-12-06,-0.179481,2183.577055
1995-12-07,-0.021479,2183.108051
1995-12-08,0.970536,2204.295910
1995-12-11,0.388528,2212.860206
1995-12-12,-0.051479,2211.721045
1995-12-13,0.042522,2212.661519
1995-12-14,-0.796490,2195.037881
1995-12-15,0.520530,2206.463702
1995-12-18,-1.281498,2178.187916
1995-12-19,1.501544,2210.894377
1995-12-20,0.285526,2217.207055
1995-12-21,0.538530,2229.147376
1995-12-22,-0.457485,2218.949354
1995-12-26,0.243525,2224.353058
1995-12-27,0.352527,2232.194503
1995-12-28,-0.627488,2218.187753
1995-12-29,-0.023479,2217.666950
1996-01-02,0.796771,2235.336673
1996-01-03,-0.321249,2228.155679
1996-01-04,-0.364250,2220.039631
1996-01-05,-0.816258,2201.918390
1996-01-08,-0.108245,2199.534921
1996-01-09,-0.628254,2185.716249
1996-01-10,-1.573271,2151.329013
1996-01-11,0.900773,2170.707595
1996-01-12,-0.332249,2163.495440
1996-01-15,-0.248248,2158.124615
1996-01-16,0.330763,2165.262884
1996-01-17,0.345763,2172.749559
1996-01-18,0.005757,2172.874642
1996-01-19,0.653768,2187.080207
1996-01-22,0.303762,2193.723728
1996-01-23,0.293762,2200.168054
1996-01-24,0.400764,2208.985532
1996-01-25,0.685769,2224.134066
1996-01-26,-0.280248,2217.900972
1996-01-29,0.469765,2228.319895
1996-01-30,0.554767,2240.681868
1996-01-31,0.782771,2258.221266
1996-02-01,0.154559,2261.711546
1996-02-02,-0.638501,2247.270495
1996-02-05,0.265567,2253.238508
1996-02-06,0.192562,2257.577383
1996-02-07,0.617594,2271.520040
1996-02-08,0.942618,2292.931804
1996-02-09,-0.973526,2270.609509
1996-02-12,0.310571,2277.661355
1996-02-13,-0.527493,2265.646859
1996-02-14,-0.252472,2259.926737
1996-02-15,0.033550,2260.684936
1996-02-16,-0.194468,2256.288638
1996-02-20,-0.104461,2253.931703
1996-02-21,0.784606,2271.616195
1996-02-22,0.569590,2284.555097
1996-02-23,0.139558,2287.743369
1996-02-26,-1.043532,2263.870044
1996-02-27,-0.051457,2262.705131
1996-02-28,-0.019454,2262.264937
1996-02-29,0.562590,2274.992205
1996-03-01,0.524464,2286.923717
1996-03-04,0.645411,2301.683786
1996-03-05,0.528462,2313.847313
1996-03-06,-0.682014,2298.066559
1996-03-07,-0.472105,2287.217282
1996-03-08,-1.599616,2250.630584
1996-03-11,0.242586,2256.090297
1996-03-12,-0.158240,2252.520250
1996-03-13,-0.048288,2251.432551
1996-03-14,-0.118258,2248.770057
1996-03-15,0.321552,2256.001016
1996-03-18,0.656407,2270.809558
1996-03-19,0.486480,2281.856600
1996-03-20,-0.088271,2279.842387
1996-03-21,-0.291183,2273.203876
1996-03-22,0.082655,2275.082798
1996-03-25,0.081656,2276.940531
1996-03-26,0.824334,2295.710126
1996-03-27,-0.476103,2284.780186
1996-03-28,0.666402,2300.006016
1996-03-29,-0.372148,2291.446593
1996-04-01,1.188680,2318.684567
1996-04-02,-0.021825,2318.178504
1996-04-03,0.150104,2321.658192
1996-04-04,-0.369683,2313.075408
1996-04-08,-1.455240,2279.414607
1996-04-09,-0.347692,2271.489257
1996-04-10,-0.886472,2251.353132
1996-04-11,-0.006832,2251.199330
1996-04-12,0.313038,2258.246436
1996-04-15,0.940782,2279.491601
1996-04-16,0.162099,2283.186645
1996-04-17,-0.489634,2272.007378
1996-04-18,0.327032,2279.437572
1996-04-19,0.456979,2289.854125
1996-04-22,0.506959,2301.462738
1996-04-23,0.448982,2311.795899
1996-04-24,-0.277721,2305.375558
1996-04-25,0.378011,2314.090139
1996-04-26,0.589925,2327.741530
1996-04-29,-0.000834,2327.722117
1996-04-30,-0.122784,2324.864042
1996-05-01,-0.229983,2319.517240
1996-05-02,-0.761834,2301.846364
1996-05-03,-0.358947,2293.583950
1996-05-06,-0.163002,2289.845358
1996-05-07,-0.382941,2281.076613
1996-05-08,0.213892,2285.955655
1996-05-09,0.052937,2287.165777
1996-05-10,0.282873,2293.635546
1996-05-13,0.351853,2301.705781
1996-05-14,0.288871,2308.354743
1996-05-15,0.289871,2315.045989
1996-05-16,-0.084024,2313.100787
1996-05-17,0.348854,2321.170137
1996-05-20,0.088927,2323.234287
1996-05-21,-0.022042,2322.722206
1996-05-22,0.056936,2324.044674
1996-05-23,-0.381941,2315.168200
1996-05-24,-0.066029,2313.639508
1996-05-28,-0.432926,2303.623150
1996-05-29,-0.250978,2297.841574
1996-05-30,0.406838,2307.190066
1996-05-31,0.211893,2312.078833
1996-06-03,-0.493760,2300.662705
1996-06-04,0.344048,2308.578091
1996-06-05,0.394037,2317.674735
1996-06-06,-0.324799,2310.146952
1996-06-07,-0.469766,2299.294672
1996-06-10,0.036119,2300.125143
1996-06-11,0.011124,2300.381014
1996-06-12,0.207079,2305.144630
1996-06-13,-0.236819,2299.685608
1996-06-14,0.192083,2304.102909
1996-06-17,-0.072857,2302.424219
1996-06-18,0.090106,2304.498845
1996-06-19,-0.103849,2302.105635
1996-06-20,-0.211825,2297.229205
1996-06-21,0.211078,2302.078162
1996-06-24,0.278063,2308.479394
1996-06-25,-0.159837,2304.789597
1996-06-26,-0.248816,2299.054904
1996-06-27,0.156091,2302.643524
1996-06-28,0.436027,2312.683672
1996-07-01,0.313080,2319.924216
1996-07-02,-0.241910,2314.312095
1996-07-03,-0.211910,2309.407830
1996-07-05,-1.023895,2285.761926
1996-07-08,-0.880897,2265.626708
1996-07-09,0.450077,2275.823774
1996-07-10,-0.193911,2271.410711
1996-07-11,-0.803899,2253.150865
1996-07-12,-0.482905,2242.270286
1996-07-15,-1.318889,2212.697229
1996-07-16,-0.539904,2200.750789
1996-07-17,0.855069,2219.568734
1996-07-18,1.015066,2242.098827
1996-07-19,-0.067913,2240.576151
1996-07-22,-0.928897,2219.763517
1996-07-23,-0.496905,2208.733406
1996-07-24,-1.006895,2186.493779
1996-07-25,0.810070,2204.205914
1996-07-26,0.424078,2213.553457
1996-07-29,-0.333908,2206.162227
1996-07-30,0.197082,2210.510174
1996-07-31,0.863069,2229.588406
1996-08-01,1.068370,2253.408656
1996-08-02,1.104378,2278.294809
1996-08-05,0.150158,2281.715840
1996-08-06,-0.320951,2274.392641
1996-08-07,-0.069893,2272.802992
1996-08-08,0.060137,2274.169781
1996-08-09,-0.280942,2267.780679
1996-08-12,0.412218,2277.128882
1996-08-13,-0.176918,2273.100229
1996-08-14,0.130153,2276.058735
1996-08-15,0.052135,2277.245355
1996-08-16,0.159160,2280.869809
1996-08-19,0.166161,2284.659730
1996-08-20,0.116150,2287.313355
1996-08-21,0.229176,2292.555324
1996-08-22,0.513241,2304.321668
1996-08-23,-0.104901,2301.904402
1996-08-26,-0.273941,2295.598552
1996-08-27,0.242179,2301.158005
1996-08-28,-0.170917,2297.224942
1996-08-29,-0.770055,2279.535040
1996-08-30,-0.582012,2266.267878
1996-09-03,-0.479164,2255.408734
1996-09-04,0.323415,2262.703067
1996-09-05,-0.335240,2255.117590
1996-09-06,0.190485,2259.413247
1996-09-09,0.558292,2272.027371
1996-09-10,-0.019405,2271.586481
1996-09-11,-0.003414,2271.508939
1996-09-12,0.361395,2279.718064
1996-09-13,0.967078,2301.764711
1996-09-16,0.446351,2312.038654
1996-09-17,0.267444,2318.222074
1996-09-18,-0.093366,2316.057633
1996-09-19,0.114525,2318.710090
1996-09-20,-0.005412,2318.584590
1996-09-23,-0.322246,2311.113034
1996-09-24,-0.015407,2310.756955
1996-09-25,0.482332,2321.902471
1996-09-26,0.032568,2322.658659
1996-09-27,0.117523,2325.388319
1996-09-30,0.199480,2330.027006
1996-10-01,0.112309,2332.643826
1996-10-02,0.453119,2343.213478
1996-10-03,-0.270478,2336.875590
1996-10-04,0.383158,2345.829513
1996-10-07,0.107311,2348.346855
1996-10-08,-0.257486,2342.300197
1996-10-09,-0.450378,2331.750983
1996-10-10,-0.238496,2326.189843
1996-10-11,0.366167,2334.707591
1996-10-14,0.377161,2343.513203
1996-10-15,0.257228,2349.541374
1996-10-16,-0.083582,2347.577570
1996-10-17,0.103314,2350.002937
1996-10-18,0.459116,2360.792168
1996-10-21,-0.290467,2353.934837
1996-10-22,-0.523338,2341.615806
1996-10-23,-0.245492,2335.867317
1996-10-24,-0.339440,2327.938446
1996-10-25,-0.323449,2320.408752
1996-10-28,-0.337441,2312.578736
1996-10-29,0.049344,2313.719846
1996-10-30,-0.050601,2312.549085
1996-10-31,0.148289,2315.978331
1996-11-01,0.058734,2317.338590
1996-11-04,0.182704,2321.572452
1996-11-05,0.439641,2331.779044
1996-11-06,1.110479,2357.672952
1996-11-07,0.364660,2366.270430
1996-11-08,0.478632,2377.596155
1996-11-11,0.127717,2380.632748
1996-11-12,0.141714,2384.006428
1996-11-13,-0.035244,2383.166221
1996-11-14,0.544616,2396.145322
1996-11-15,0.318671,2403.781134
1996-11-18,-0.105227,2401.251718
1996-11-19,0.407649,2411.040399
1996-11-20,0.390653,2420.459205
1996-11-21,-0.100228,2418.033233
1996-11-22,0.503626,2430.211073
1996-11-25,0.409649,2440.166398
1996-11-26,-0.045241,2439.062440
1996-11-27,-0.190206,2434.423199
1996-11-29,-0.041242,2433.419193
1996-12-02,-0.335632,2425.251859
1996-12-03,-0.543601,2412.068154
1996-12-04,-0.292638,2405.009518
1996-12-05,0.371264,2413.938458
1996-12-06,-1.432471,2379.359490
1996-12-09,0.852194,2399.636239
1996-12-10,0.247282,2405.570117
1996-12-11,-0.885551,2384.267560
1996-12-12,-0.961540,2361.341871
1996-12-13,-0.602593,2347.112594
1996-12-16,-0.124663,2344.186614
1996-12-17,0.189291,2348.623946
1996-12-18,0.259281,2354.713473
1996-12-19,0.466250,2365.692331
1996-12-20,0.583233,2379.489831
1996-12-23,-0.052674,2378.236469
1996-12-24,-0.221649,2372.965138
1996-12-26,0.399260,2382.439441
1996-12-27,0.287277,2389.283630
1996-12-30,0.086306,2391.345726
1996-12-31,-0.198652,2386.595267
1997-01-02,-0.850072,2366.307485
1997-01-03,0.681819,2382.441408
1997-01-06,0.355842,2390.919131
1997-01-07,0.154856,2394.621616
1997-01-08,-0.308111,2387.243527
1997-01-09,-0.178120,2382.991367
1997-01-10,-0.481098,2371.526831
1997-01-13,0.619823,2386.226099
1997-01-14,0.766812,2404.523979
1997-01-15,0.123858,2407.502183
1997-01-16,0.420837,2417.633847
1997-01-17,0.172855,2421.812845
1997-01-20,-0.456100,2410.766949
1997-01-21,-0.016132,2410.378053
1997-01-22,0.468834,2421.678718
1997-01-23,-0.413103,2411.674683
1997-01-24,-0.822074,2391.848928
1997-01-27,-0.820074,2372.233989
1997-01-28,-0.090126,2370.095980
1997-01-29,0.371841,2378.908961
1997-01-30,0.531829,2391.560695
1997-01-31,0.819809,2411.166918
1997-02-03,-0.068091,2409.525131
1997-02-04,0.234942,2415.186120
1997-02-05,-0.610150,2400.449858
1997-02-06,0.084926,2402.488457
1997-02-07,0.367957,2411.328573
1997-02-10,0.425963,2421.599939
1997-02-11,-0.025086,2420.992450
1997-02-12,0.883013,2442.370124
1997-02-13,0.603982,2457.121610
1997-02-14,0.066924,2458.766008
1997-02-18,0.129931,2461.960698
1997-02-19,-0.097094,2459.570279
1997-02-20,-0.002084,2459.519027
1997-02-21,0.087926,2461.681585
1997-02-24,0.647987,2477.632966
1997-02-25,0.430964,2488.310660
1997-02-26,-0.685158,2471.261792
1997-02-27,-0.503138,2458.827923
1997-02-28,-0.622151,2443.530289
1997-03-03,-0.105363,2440.955702
1997-03-04,0.045633,2442.069583
1997-03-05,0.479623,2453.782304
1997-03-06,-0.116363,2450.927005
1997-03-07,0.368625,2459.961743
1997-03-10,0.842614,2480.689729
1997-03-11,0.046633,2481.846548
1997-03-12,-0.836346,2461.089720
1997-03-13,-1.147339,2432.852683
1997-03-14,0.227629,2438.390554
1997-03-17,-0.348358,2429.896233
1997-03-18,-0.227361,2424.371608
1997-03-19,-0.102364,2421.889936
1997-03-20,-0.803347,2402.433758
1997-03-21,0.517622,2414.869279
1997-03-24,-0.073364,2413.097630
1997-03-25,0.472623,2424.502482
1997-03-26,0.506622,2436.785547
1997-03-27,-0.644351,2421.084103
1997-03-31,-1.135339,2393.596589
1997-04-01,-0.789754,2374.693061
1997-04-02,-0.406846,2365.031722
1997-04-03,-0.249883,2359.121901
1997-04-04,0.352972,2367.448947
1997-04-07,0.164018,2371.331978
1997-04-08,0.418956,2381.266827
1997-04-09,-0.341861,2373.126195
1997-04-10,-0.321866,2365.487905
1997-04-11,-1.274638,2335.336497
1997-04-14,-0.155906,2331.695570
1997-04-15,1.020812,2355.497807
1997-04-16,0.799865,2374.338616
1997-04-17,0.136024,2377.568291
1997-04-18,0.476943,2388.907927
1997-04-21,0.076039,2390.724418
1997-04-22,0.590915,2404.851575
1997-04-23,0.372967,2413.820889
1997-04-24,-0.104918,2411.288354
1997-04-25,-0.709773,2394.173674
1997-04-28,0.249997,2400.159034
1997-04-29,1.479702,2435.674247
1997-04-30,0.933833,2458.419382
1997-05-01,0.287935,2465.498043
1997-05-02,1.099903,2492.616119
1997-05-05,1.231897,2523.322588
1997-05-06,0.866912,2545.197574
1997-05-07,-0.561030,2530.918249
1997-05-08,0.362932,2540.103772
1997-05-09,0.642921,2556.434634
1997-05-12,1.300894,2589.691149
1997-05-13,-0.026052,2589.016488
1997-05-14,0.281936,2596.315850
1997-05-15,0.350933,2605.427177
1997-05-16,-0.162046,2601.205178
1997-05-19,-0.135047,2597.692319
1997-05-20,0.716918,2616.315644
1997-05-21,-0.058051,2614.796860
1997-05-22,-0.544031,2600.571559
1997-05-23,0.882911,2623.532300
1997-05-27,-0.016052,2623.111165
1997-05-28,0.113943,2626.100004
1997-05-29,-0.250043,2619.533632
1997-05-30,-0.458034,2607.535269
1997-06-02,0.392643,2617.773584
1997-06-03,0.073657,2619.701764
1997-06-04,-0.117334,2616.627951
1997-06-05,0.405643,2627.242114
1997-06-06,0.876622,2650.273107
1997-06-09,0.810625,2671.756890
1997-06-10,0.066658,2673.537817
1997-06-11,0.421642,2684.810579
1997-06-12,0.595635,2700.802239
1997-06-13,0.500639,2714.323501
1997-06-16,0.447641,2726.473926
1997-06-17,-0.265328,2719.239825
1997-06-18,-0.135334,2715.559778
1997-06-19,0.686631,2734.205643
1997-06-20,0.021659,2734.797858
1997-06-23,-0.809304,2712.665017
1997-06-24,0.846624,2735.631082
1997-06-25,0.477640,2748.697542
1997-06-26,-0.161333,2744.262998
1997-06-27,-0.142333,2740.356995
1997-06-30,-0.210330,2734.593190
1997-07-01,0.437017,2746.543830
1997-07-02,0.660906,2764.695895
1997-07-03,1.160657,2796.784531
1997-07-07,-0.177677,2791.815288
1997-07-08,0.220125,2797.960773
1997-07-09,-0.534499,2783.005689
1997-07-10,0.199135,2788.547641
1997-07-11,0.154158,2792.846407
1997-07-14,0.224123,2799.105819
1997-07-15,-0.146692,2794.999744
1997-07-16,1.097688,2825.680130
1997-07-17,-0.239646,2818.908496
1997-07-18,-1.287125,2782.625624
1997-07-21,-0.611461,2765.610950
1997-07-22,1.210632,2799.092325
1997-07-23,0.585943,2815.493410
1997-07-24,-0.096717,2812.770341
1997-07-25,-0.158686,2808.306856
1997-07-28,-0.245643,2801.408443
1997-07-29,0.261105,2808.723050
1997-07-30,0.565953,2824.619101
1997-07-31,0.152159,2828.917010
1997-08-01,-0.872650,2804.230460
1997-08-04,-0.470665,2791.031929
1997-08-05,-0.178676,2786.045032
1997-08-06,0.942283,2812.297460
1997-08-07,-0.251673,2805.219665
1997-08-08,-0.702656,2785.508608
1997-08-11,-0.624659,2768.108668
1997-08-12,-0.349669,2758.429438
1997-08-13,-0.297671,2750.218383
1997-08-14,-0.310671,2741.674255
1997-08-15,-1.113641,2711.141838
1997-08-18,-0.205675,2705.565704
1997-08-19,0.738290,2725.540638
1997-08-20,1.011280,2753.103497
1997-08-21,-0.543662,2738.135911
1997-08-22,-0.836652,2715.227256
1997-08-25,-0.260673,2708.149399
1997-08-26,-0.362669,2698.327781
1997-08-27,-0.247673,2691.644746
1997-08-28,-1.047644,2663.445898
1997-08-29,-0.984646,2637.220383
1997-09-02,1.215375,2669.272505
1997-09-03,0.920345,2693.839020
1997-09-04,0.056256,2695.354476
1997-09-05,0.626315,2712.235880
1997-09-08,0.248276,2718.969712
1997-09-09,0.437295,2730.859642
1997-09-10,-1.061858,2701.861784
1997-09-11,-1.123865,2671.496516
1997-09-12,0.576310,2686.892609
1997-09-15,0.206272,2692.434909
1997-09-16,1.174371,2724.054083
1997-09-17,0.265278,2731.280394
1997-09-18,0.315283,2739.891655
1997-09-19,0.244276,2746.584543
1997-09-22,0.351287,2756.232926
1997-09-23,-0.055755,2754.696186
1997-09-24,0.548307,2769.800372
1997-09-25,-0.235774,2763.269915
1997-09-26,0.279279,2770.987154
1997-09-29,0.459298,2783.714234
1997-09-30,0.083259,2786.031931
1997-10-01,0.462705,2798.923050
1997-10-02,0.301772,2807.369403
1997-10-03,0.419723,2819.152579
1997-10-06,0.362746,2829.378956
1997-10-07,0.377740,2840.066660
1997-10-08,-0.266995,2832.483833
1997-10-09,-0.629846,2814.643560
1997-10-10,-0.171034,2809.829559
1997-10-13,0.156831,2814.236246
1997-10-14,-0.094066,2811.589013
1997-10-15,-0.259998,2804.278950
1997-10-16,-0.139047,2800.379677
1997-10-17,-1.329558,2763.147007
1997-10-20,0.010891,2763.447944
1997-10-21,1.007481,2791.289169
1997-10-22,-0.405938,2779.958277
1997-10-23,-2.601035,2707.650582
1997-10-24,-0.485905,2694.493980
1997-10-27,-4.631201,2569.706553
1997-10-28,0.216806,2575.277843
1997-10-29,2.169004,2631.135723
1997-10-30,-1.679414,2586.948058
1997-10-31,1.050464,2614.123010
1997-11-03,2.015280,2666.804903
1997-11-04,0.150134,2670.808682
1997-11-05,0.139139,2674.524819
1997-11-06,-0.546547,2659.907284
1997-11-07,-1.934911,2608.440442
1997-11-10,-0.458587,2596.478466
1997-11-11,0.063174,2598.118760
1997-11-12,-2.071848,2544.289677
1997-11-13,0.403018,2554.543626
1997-11-14,0.397021,2564.685698
1997-11-17,2.682974,2633.495548
1997-11-18,-0.083759,2631.289761
1997-11-19,-0.758450,2611.332745
1997-11-20,1.311602,2645.583039
1997-11-21,1.025733,2672.719656
1997-11-24,-1.383164,2635.751565
1997-11-25,-0.878395,2612.599255
1997-11-26,0.304063,2620.543214
1997-11-28,0.622917,2636.867035
1997-12-01,1.506006,2676.578402
1997-12-02,0.193941,2681.769384
1997-12-03,0.111937,2684.771274
1997-12-04,0.059934,2686.380374
1997-12-05,0.497956,2699.757365
1997-12-08,0.139938,2703.535360
1997-12-09,-0.318084,2694.935838
1997-12-10,-0.685102,2676.472769
1997-12-11,-1.968166,2623.795351
1997-12-12,-0.308084,2615.711862
1997-12-15,0.354949,2624.996303
1997-12-16,0.610962,2641.034020
1997-12-17,1.034982,2668.368258
1997-12-18,-0.727104,2648.966434
1997-12-19,-1.588147,2606.896955
1997-12-22,-0.264082,2600.012619
1997-12-23,-0.254081,2593.406478
1997-12-24,-0.278082,2586.194673
1997-12-26,0.233943,2592.244892
1997-12-29,1.653013,2635.095035
1997-12-30,1.339997,2670.405242
1997-12-31,0.037933,2671.418214
1998-01-02,0.186244,2676.393567
1998-01-05,0.091263,2678.836113
1998-01-06,-1.004521,2651.926632
1998-01-07,-0.351650,2642.601130
1998-01-08,-0.833555,2620.573595
1998-01-09,-2.290268,2560.555442
1998-01-12,-1.057511,2533.477290
1998-01-13,1.688948,2576.266392
1998-01-14,1.113061,2604.941811
1998-01-15,-0.294661,2597.266055
1998-01-16,1.933899,2647.494564
1998-01-20,1.526979,2687.921262
1998-01-21,-0.103699,2685.133915
1998-01-22,-0.395641,2674.510414
1998-01-23,0.080265,2676.657103
1998-01-26,0.339214,2685.736691
1998-01-27,0.924098,2710.555539
1998-01-28,0.744134,2730.725700
1998-01-29,0.361209,2740.589337
1998-01-30,-0.217676,2734.623718
1998-02-02,1.984410,2788.889878
1998-02-03,0.745357,2809.677060
1998-02-04,0.210334,2815.586759
1998-02-05,0.531348,2830.547312
1998-02-06,0.469345,2843.832343
1998-02-09,-0.196684,2838.238984
1998-02-10,0.695355,2857.974812
1998-02-11,0.163332,2862.642791
1998-02-12,-0.211685,2856.583020
1998-02-13,-0.723707,2835.909739
1998-02-17,0.494346,2849.928946
1998-02-18,0.576350,2866.354499
1998-02-19,-0.258687,2858.939626
1998-02-20,0.223334,2865.324618
1998-02-23,0.450344,2878.228439
1998-02-24,-0.741707,2856.880405
1998-02-25,1.090372,2888.031023
1998-02-26,0.647353,2906.726769
1998-02-27,0.510347,2921.561153
1998-03-02,0.711226,2942.340044
1998-03-03,-0.028636,2941.497461
1998-03-04,-0.764499,2919.009734
1998-03-05,-1.348390,2879.650085
1998-03-06,1.595061,2925.582256
1998-03-09,-0.021638,2924.949225
1998-03-10,0.678232,2944.787159
1998-03-11,0.073345,2946.946998
1998-03-12,0.085342,2949.461990
1998-03-13,0.801209,2973.093340
1998-03-16,0.274307,2981.248744
1998-03-17,0.424279,2993.897559
1998-03-18,-0.128618,2990.046873
1998-03-19,0.495266,3004.855554
1998-03-20,0.524260,3020.608823
1998-03-23,0.087342,3023.247080
1998-03-24,0.553255,3039.973347
1998-03-25,0.257310,3047.795509
1998-03-26,0.049349,3049.299565
1998-03-27,-0.206603,3042.999612
1998-03-30,-0.852483,3017.058560
1998-03-31,0.496266,3032.031186
1998-04-01,0.478340,3046.534599
1998-04-02,0.269335,3054.739982
1998-04-03,0.082331,3057.254968
1998-04-06,0.445339,3070.870119
1998-04-07,-0.502683,3055.433376
1998-04-08,-0.076673,3053.090681
1998-04-09,1.074354,3085.891674
1998-04-13,-0.076673,3083.525626
1998-04-14,0.814348,3108.636245
1998-04-15,0.309336,3118.252373
1998-04-16,-1.327702,3076.851266
1998-04-17,0.324336,3086.830610
1998-04-20,0.431339,3100.145307
1998-04-21,0.378338,3111.874319
1998-04-22,-0.045672,3110.453052
1998-04-23,-1.006695,3079.140285
1998-04-24,-0.655687,3058.950775
1998-04-27,-2.319725,2987.991520
1998-04-28,0.421339,3000.581079
1998-04-29,0.517341,3016.104307
1998-04-30,1.544365,3062.683956
1998-05-01,0.742021,3085.409704
1998-05-04,0.615026,3104.385766
1998-05-05,-0.425933,3091.163156
1998-05-06,-0.632925,3071.598411
1998-05-07,-0.961912,3042.052337
1998-05-08,0.711022,3063.681995
1998-05-11,0.397034,3075.845863
1998-05-12,-0.155944,3071.049270
1998-05-13,0.090046,3073.814640
1998-05-14,-0.126945,3069.912586
1998-05-15,-0.380935,3058.218215
1998-05-18,-1.032909,3026.629597
1998-05-19,0.751020,3049.360200
1998-05-20,0.868016,3075.829125
1998-05-21,0.337037,3086.195797
1998-05-22,-0.176943,3080.734989
1998-05-26,-0.764920,3057.169837
1998-05-27,-1.238901,3019.294526
1998-05-28,0.257040,3027.055316
1998-05-29,-0.184943,3021.456998
1998-06-01,-0.677957,3000.972833
1998-06-02,0.450624,3014.495924
1998-06-03,-0.042193,3013.224016
1998-06-04,0.526595,3029.091512
1998-06-05,0.899457,3056.336874
1998-06-08,0.283686,3065.007264
1998-06-09,0.025782,3065.797473
1998-06-10,-1.150781,3030.516872
1998-06-11,-1.700576,2978.980629
1998-06-12,-0.558001,2962.357883
1998-06-15,-2.148409,2898.714309
1998-06-16,1.026409,2928.466983
1998-06-17,2.410894,2999.069223
1998-06-18,0.295681,3007.936907
1998-06-19,-0.299097,2998.940244
1998-06-22,-0.448042,2985.503731
1998-06-23,0.837480,3010.506716
1998-06-24,0.642552,3029.850792
1998-06-25,0.347662,3040.384428
1998-06-26,-0.090175,3037.642755
1998-06-29,0.577576,3055.187460
1998-06-30,0.402641,3067.488910
1998-07-01,1.305277,3107.528130
1998-07-02,-0.049821,3105.979942
1998-07-06,0.782239,3130.276135
1998-07-07,0.189197,3136.198511
1998-07-08,0.537222,3153.046847
1998-07-09,-0.735870,3129.844526
1998-07-10,-0.119826,3126.094171
1998-07-13,0.608227,3145.107910
1998-07-14,1.184268,3182.354419
1998-07-15,0.244201,3190.125746
1998-07-16,0.626228,3210.103207
1998-07-17,0.604226,3229.499498
1998-07-20,0.284203,3238.677846
1998-07-21,-1.205904,3199.622513
1998-07-22,-1.061893,3165.645937
1998-07-23,-1.358915,3122.627512
1998-07-24,0.077189,3125.037823
1998-07-27,-0.790874,3100.322718
1998-07-28,-0.656864,3079.957809
1998-07-29,-0.366843,3068.659189
1998-07-30,1.186268,3105.061718
1998-07-31,-1.224905,3067.027662
1998-08-03,-1.296068,3027.276903
1998-08-04,-2.000867,2966.705105
1998-08-05,-0.258363,2959.040238
1998-08-06,0.027556,2959.855624
1998-08-07,0.494423,2974.489831
1998-08-10,-1.197096,2938.882333
1998-08-11,-2.204809,2874.085577
1998-08-12,1.371174,2913.494282
1998-08-13,-0.842197,2888.956923
1998-08-14,-0.276358,2880.973065
1998-08-17,0.662375,2900.055917
1998-08-18,2.018989,2958.607741
1998-08-19,0.323472,2968.177997
1998-08-20,-0.566275,2951.369935
1998-08-21,-2.294784,2883.642375
1998-08-24,0.374457,2894.440379
1998-08-25,0.739353,2915.840520
1998-08-26,-1.656965,2867.526057
1998-08-27,-3.521435,2766.547990
1998-08-28,-1.148110,2734.784977
1998-08-31,-3.400469,2641.789450
1998-09-01,1.973394,2693.922371
1998-09-02,0.891146,2717.929152
1998-09-03,-0.837251,2695.173275
1998-09-04,-0.434158,2683.471962
1998-09-08,4.550986,2805.596384
1998-09-09,-1.811474,2754.773733
1998-09-10,-2.284583,2691.838652
1998-09-11,1.136202,2722.423381
1998-09-14,1.916381,2774.595390
1998-09-15,0.546067,2789.746535
1998-09-16,0.607081,2806.682550
1998-09-17,-2.363601,2740.343781
1998-09-18,-0.451162,2727.980391
1998-09-21,-1.322362,2691.906619
1998-09-22,1.150205,2722.869075
1998-09-23,2.557528,2792.507220
1998-09-24,-0.770235,2770.998347
1998-09-25,-0.609198,2754.117474
1998-09-28,0.644089,2771.856450
1998-09-29,-0.003059,2771.771654
1998-09-30,-2.550644,2701.073636
1998-10-01,-3.145350,2616.115407
1998-10-02,0.011606,2616.419024
1998-10-05,-1.887368,2567.037571
1998-10-06,1.286588,2600.064764
1998-10-07,0.828594,2621.608751
1998-10-08,-2.426360,2557.999075
1998-10-09,2.127576,2612.422453
1998-10-12,2.793567,2685.402220
1998-10-13,-0.241391,2678.919905
1998-10-14,0.978592,2705.135605
1998-10-15,2.810567,2781.165242
1998-10-16,1.864580,2833.022288
1998-10-19,0.458599,2846.014511
1998-10-20,1.065591,2876.341383
1998-10-21,-0.001394,2876.301281
1998-10-22,0.472599,2889.894658
1998-10-23,-0.404389,2878.208255
1998-10-26,-0.045394,2876.901733
1998-10-27,0.272602,2884.744224
1998-10-28,-0.458388,2871.520908
1998-10-29,1.288588,2908.522977
1998-10-30,1.217589,2943.936827
1998-11-02,2.048316,3004.237967
1998-11-03,-0.245005,2996.877423
1998-11-04,1.445232,3040.189248
1998-11-05,0.263066,3048.186950
1998-11-06,0.190056,3053.980202
1998-11-09,-1.433172,3010.211412
1998-11-10,-0.584053,2992.630184
1998-11-11,0.362080,3003.465894
1998-11-12,-0.922100,2975.770925
1998-11-13,0.659121,2995.384870
1998-11-16,1.695267,3046.164637
1998-11-17,-0.083983,3043.606384
1998-11-18,0.420088,3056.392208
1998-11-19,0.992168,3086.716759
1998-11-20,1.086181,3120.244103
1998-11-23,1.496239,3166.930410
1998-11-24,-0.108986,3163.478890
1998-11-25,-0.064980,3161.423259
1998-11-27,0.902156,3189.944215
1998-11-30,-1.961246,3127.381558
1998-12-01,-0.548550,3110.226318
1998-12-02,-0.082571,3107.658176
1998-12-03,-0.645545,3087.596839
1998-12-04,1.109375,3121.849852
1998-12-07,0.466404,3136.410284
1998-12-08,-0.047573,3134.918214
1998-12-09,0.578399,3153.050545
1998-12-10,-0.814537,3127.367767
1998-12-11,-0.636546,3107.460646
1998-12-14,-1.352513,3065.431842
1998-12-15,0.870385,3092.112916
1998-12-16,0.325410,3102.174973
1998-12-17,1.150373,3137.861547
1998-12-18,0.566399,3155.634375
1998-12-21,1.330364,3197.615813
1998-12-22,-0.266563,3189.092168
1998-12-23,1.612352,3240.511545
1998-12-24,-0.220565,3233.364123
1998-12-28,0.409407,3246.601728
1998-12-29,0.932383,3276.872479
1998-12-30,-0.469553,3261.485819
1998-12-31,0.455404,3276.338771
1999-01-04,0.920771,3306.506358
1999-01-05,0.941773,3337.646126
1999-01-06,1.895827,3400.922125
1999-01-07,-0.267297,3391.831575
1999-01-08,0.026720,3392.737878
1999-01-11,-0.637318,3371.115356
1999-01-12,-1.635375,3315.984983
1999-01-13,-1.523368,3265.470313
1999-01-14,-0.658319,3243.973102
1999-01-15,1.548807,3294.215991
1999-01-19,1.208788,3334.036072
1999-01-20,0.633755,3355.165689
1999-01-21,-1.188349,3315.294600
1999-01-22,-1.371360,3269.829984
1999-01-25,0.357739,3281.527445
1999-01-26,0.926772,3311.939711
1999-01-27,-0.399304,3298.714997
1999-01-28,0.878769,3327.703079
1999-01-29,0.706759,3351.221922
1999-02-01,0.291848,3361.002402
1999-02-02,-0.233167,3353.165663
1999-02-03,-0.075162,3350.645348
1999-02-04,-1.127192,3312.877138
1999-02-05,-0.778182,3287.096918
1999-02-08,-0.200166,3280.517274
1999-02-09,-1.788211,3221.854707
1999-02-10,-0.161165,3216.662215
1999-02-11,1.812891,3274.976807
1999-02-12,-0.572176,3256.238164
1999-02-16,0.227846,3263.657385
1999-02-17,-1.049190,3229.415421
1999-02-18,0.445853,3243.813852
1999-02-19,-0.073162,3241.440607
1999-02-22,1.625886,3294.142738
1999-02-23,0.302848,3304.119000
1999-02-24,-0.338170,3292.945470
1999-02-25,-0.389171,3280.130276
1999-02-26,-0.511175,3263.363083
1999-03-01,-0.565629,3244.904562
1999-03-02,-0.439566,3230.641059
1999-03-03,-0.151423,3225.749121
1999-03-04,0.649975,3246.715677
1999-03-05,2.421855,3325.346409
1999-03-08,0.410856,3339.008796
1999-03-09,0.261782,3347.749722
1999-03-10,0.943120,3379.323030
1999-03-11,0.963130,3411.870314
1999-03-12,0.019662,3412.541150
1999-03-15,0.659980,3435.063230
1999-03-16,0.219761,3442.612166
1999-03-17,-0.028362,3441.635771
1999-03-18,0.264784,3450.748656
1999-03-19,-0.003350,3450.633070
1999-03-22,-0.444569,3435.292636
1999-03-23,-2.017350,3365.990774
1999-03-24,-0.119407,3361.971538
1999-03-25,1.524409,3413.221734
1999-03-26,-0.682687,3389.920116
1999-03-29,1.517405,3441.358950
1999-03-30,-0.245470,3432.911452
1999-03-31,0.140722,3437.742311
1999-04-01,0.455982,3453.417784
1999-04-05,0.655928,3476.069712
1999-04-06,0.547957,3495.117075
1999-04-07,0.517965,3513.220555
1999-04-08,0.922856,3545.642523
1999-04-09,0.173058,3551.778530
1999-04-12,0.341013,3563.890540
1999-04-13,0.124071,3568.312290
1999-04-14,-0.558745,3548.374506
1999-04-15,-0.701707,3523.475313
1999-04-16,0.080083,3526.297007
1999-04-19,-0.990629,3491.364475
1999-04-20,-0.215838,3483.828794
1999-04-21,0.913858,3515.666058
1999-04-22,1.170789,3556.827102
1999-04-23,0.133068,3561.560117
1999-04-26,0.403996,3575.948662
1999-04-27,0.672923,3600.012052
1999-04-28,-0.563744,3579.717195
1999-04-29,-0.579740,3558.964149
1999-04-30,-0.175848,3552.705765
1999-05-03,0.706507,3577.805864
1999-05-04,-0.666637,3553.954897
1999-05-05,0.274461,3563.709134
1999-05-06,0.030436,3564.793786
1999-05-07,0.144448,3569.943056
1999-05-10,0.096443,3573.386013
1999-05-11,0.236458,3581.835553
1999-05-12,0.108444,3585.719844
1999-05-13,0.135447,3590.576593
1999-05-14,-1.621736,3532.346908
1999-05-17,-0.967668,3498.165513
1999-05-18,0.156449,3503.638364
1999-05-19,0.342469,3515.637225
1999-05-20,0.055439,3517.586246
1999-05-21,-0.432612,3502.368735
1999-05-24,-1.086681,3464.309176
1999-05-25,-1.261699,3420.600030
1999-05-26,0.477483,3436.932802
1999-05-27,-1.048677,3400.890493
1999-05-28,0.741510,3426.108443
1999-06-01,0.115066,3430.050725
1999-06-02,0.067058,3432.350854
1999-06-03,0.188078,3438.806337
1999-06-04,1.154233,3478.498161
1999-06-07,0.886190,3509.324251
1999-06-08,-0.065963,3507.009389
1999-06-09,0.349103,3519.252479
1999-06-10,-0.539039,3500.282332
1999-06-11,0.159073,3505.850334
1999-06-14,-0.746072,3479.694155
1999-06-15,0.341102,3491.563467
1999-06-16,1.276252,3536.124623
1999-06-17,0.748167,3562.580757
1999-06-18,0.379108,3576.086794
1999-06-21,0.584141,3596.976188
1999-06-22,-0.506034,3578.774273
1999-06-23,-0.603049,3557.192498
1999-06-24,-0.871092,3526.206065
1999-06-25,0.084061,3529.170225
1999-06-28,0.664154,3552.609350
1999-06-29,0.760169,3579.615199
1999-06-30,0.613146,3601.563459
1999-07-01,1.087936,3640.746149
1999-07-02,0.681924,3665.573262
1999-07-06,0.485918,3683.384945
1999-07-07,-0.195102,3676.198598
1999-07-08,-0.267104,3666.379333
1999-07-09,0.335914,3678.695204
1999-07-12,-0.119099,3674.313897
1999-07-13,-0.451109,3657.738731
1999-07-14,0.569921,3678.584934
1999-07-15,1.070935,3717.980190
1999-07-16,-0.003096,3717.865077
1999-07-19,-0.050097,3716.002520
1999-07-20,-1.405137,3663.787600
1999-07-21,-0.019097,3663.087941
1999-07-22,-1.178130,3619.931994
1999-07-23,-0.731117,3593.466046
1999-07-26,-0.421108,3578.333664
1999-07-27,0.702924,3603.486644
1999-07-28,0.425916,3618.834482
1999-07-29,-1.013125,3582.171149
1999-07-30,0.287912,3592.484661
1999-08-02,-0.337054,3580.376061
1999-08-03,-0.332053,3568.487303
1999-08-04,-0.668073,3544.647189
1999-08-05,-0.463061,3528.233305
1999-08-06,-0.690075,3503.885859
1999-08-09,-0.210046,3496.526085
1999-08-10,-1.035095,3460.333709
1999-08-11,0.715009,3485.075411
1999-08-12,0.776013,3512.120042
1999-08-13,1.360048,3559.886547
1999-08-16,0.641005,3582.705588
1999-08-17,0.373989,3596.104505
1999-08-18,-0.026035,3595.168256
1999-08-19,-0.354055,3582.439396
1999-08-20,1.128034,3622.850523
1999-08-23,1.313045,3670.420174
1999-08-24,-0.126041,3665.793938
1999-08-25,0.665006,3690.171693
1999-08-26,-0.816082,3660.056858
1999-08-27,-0.539066,3640.326747
1999-08-30,-0.704076,3614.696098
1999-08-31,-0.675074,3590.294231
1999-09-01,1.140104,3631.227313
1999-09-02,-0.635564,3608.148524
1999-09-03,1.661007,3668.080106
1999-09-07,-0.117661,3663.764200
1999-09-08,-0.378612,3649.892733
1999-09-09,0.756176,3677.492330
1999-09-10,-0.214643,3669.598848
1999-09-13,-0.095665,3666.088315
1999-09-14,-0.401608,3651.365007
1999-09-15,-0.819530,3621.440973
1999-09-16,-0.611569,3599.293366
1999-09-17,0.536217,3618.593377
1999-09-20,0.276265,3628.590292
1999-09-21,-0.943507,3594.354292
1999-09-22,-0.346618,3581.895599
1999-09-23,-1.179463,3539.648473
1999-09-24,-0.875520,3508.658157
1999-09-27,0.311259,3519.579160
1999-09-28,0.028312,3520.575607
1999-09-29,-0.403608,3506.366291
1999-09-30,0.987132,3540.978769
1999-10-01,0.147183,3546.190503
1999-10-04,1.085494,3584.684199
1999-10-05,0.106170,3588.490052
1999-10-06,1.155518,3629.955684
1999-10-07,0.273225,3639.873637
1999-10-08,0.496299,3657.938297
1999-10-11,0.357253,3671.006392
1999-10-12,-0.857149,3639.540384
1999-10-13,-1.599395,3581.329746
1999-10-14,-0.035877,3580.044864
1999-10-15,-1.715434,3518.631566
1999-10-18,-0.668087,3495.124056
1999-10-19,0.935445,3527.819005
1999-10-20,1.436611,3578.500029
1999-10-21,-0.217938,3570.701133
1999-10-22,1.158519,3612.068367
1999-10-25,-0.228941,3603.798854
1999-10-26,-0.188928,3596.990271
1999-10-27,0.163189,3602.860153
1999-10-28,2.118837,3679.198877
1999-10-29,1.940778,3750.603949
1999-11-01,-0.294540,3739.556918
1999-11-02,-0.161574,3733.514762
1999-11-03,0.382287,3747.787487
1999-11-04,0.535247,3767.847422
1999-11-05,0.295309,3778.974209
1999-11-08,0.127352,3783.786803
1999-11-09,-0.156575,3777.862324
1999-11-10,0.725199,3805.259334
1999-11-11,0.337298,3818.094401
1999-11-12,0.351295,3831.507157
1999-11-15,0.248321,3841.021589
1999-11-16,0.873161,3874.559885
1999-11-17,-0.017611,3873.877537
1999-11-18,0.729198,3902.125763
1999-11-19,-0.128583,3897.108309
1999-11-22,-0.092592,3893.499907
1999-11-23,-0.554473,3871.911483
1999-11-24,0.005383,3872.119912
1999-11-26,0.886158,3906.432993
1999-11-29,-0.424507,3889.849921
1999-11-30,-1.409255,3835.032035
1999-12-01,0.564794,3856.692074
1999-12-02,0.610808,3880.249052
1999-12-03,1.454058,3936.670111
1999-12-06,0.365735,3951.067901
1999-12-07,-0.005375,3950.855543
1999-12-08,-0.175425,3943.924751
1999-12-09,0.257703,3954.088372
1999-12-10,0.315720,3966.572237
1999-12-13,-0.092400,3962.907104
1999-12-14,-0.837621,3929.712951
1999-12-15,-0.062392,3927.261140
1999-12-16,0.808867,3959.027441
1999-12-17,0.375738,3973.903019
1999-12-20,0.285712,3985.256918
1999-12-21,0.656821,4011.432942
1999-12-22,0.742847,4041.231750
1999-12-23,1.380036,4097.002192
1999-12-27,0.118662,4101.863778
1999-12-28,0.351731,4116.291309
1999-12-29,0.544788,4138.716381
1999-12-30,0.519781,4160.228638
1999-12-31,0.284711,4172.073276
2000-01-03,-0.002980,4171.948931
2000-01-04,-3.055615,4044.470246
2000-01-05,-1.422810,3986.925107
2000-01-06,-0.926870,3949.971505
2000-01-07,2.163760,4035.439408
2000-01-10,1.493840,4095.722426
2000-01-11,-1.032857,4053.419469
2000-01-12,-0.454926,4034.979399
2000-01-13,1.020897,4076.172379
2000-01-14,1.017897,4117.663627
2000-01-18,-0.517919,4096.337476
2000-01-19,-0.379935,4080.774046
2000-01-20,-0.163961,4074.083163
2000-01-21,-0.183959,4066.588531
2000-01-24,-1.432809,4008.322080
2000-01-25,-0.429929,3991.089130
2000-01-26,0.159000,3997.434969
2000-01-27,-0.006980,3997.155950
2000-01-28,-1.788766,3925.656165
2000-01-31,-0.060973,3923.262557
2000-02-01,0.678796,3949.893504
2000-02-02,0.470829,3968.490765
2000-02-03,1.707630,4036.257919
2000-02-04,0.019902,4037.061215
2000-02-07,-0.304046,4024.786698
2000-02-08,1.168717,4071.825069
2000-02-09,-0.778969,4040.106797
2000-02-10,-0.005094,4039.900995
2000-02-11,-1.111916,3994.980697
2000-02-14,-0.525010,3974.006637
2000-02-15,-0.558005,3951.831482
2000-02-16,-0.071083,3949.022388
2000-02-17,0.524821,3969.747676
2000-02-18,-1.789807,3898.696866
2000-02-22,-0.452022,3881.073897
2000-02-23,0.938754,3917.507638
2000-02-24,-0.154070,3911.471934
2000-02-25,-0.408029,3895.511990
2000-02-28,-0.382033,3880.629837
2000-02-29,1.034739,3920.784214
2000-03-01,1.647907,3985.395091
2000-03-02,0.703648,4013.438233
2000-03-03,1.337822,4067.130887
2000-03-06,-0.214604,4058.402646
2000-03-07,-1.021826,4016.932834
2000-03-08,0.026462,4017.995787
2000-03-09,1.781944,4089.594213
2000-03-10,0.064472,4092.230866
2000-03-13,-1.695011,4022.867111
2000-03-14,-1.129856,3977.414520
2000-03-15,0.050468,3979.421858
2000-03-16,3.206335,4107.015447
2000-03-17,0.668638,4134.476518
2000-03-20,-0.424662,4116.918966
2000-03-21,1.252799,4168.495665
2000-03-22,0.437575,4186.735947
2000-03-23,1.048742,4230.644026
2000-03-24,0.946714,4270.696145
2000-03-27,0.085478,4274.346651
2000-03-28,-0.315632,4260.855441
2000-03-29,-0.488680,4240.033509
2000-03-30,-1.679006,4168.843075
2000-03-31,1.176778,4217.901088
2000-04-03,-1.213360,4166.722761
2000-04-04,-0.674487,4138.618739
2000-04-05,-0.477534,4118.855426
2000-04-06,1.161078,4166.678570
2000-04-07,1.118089,4213.265730
2000-04-10,-0.829451,4178.318763
2000-04-11,-1.002410,4136.434881
2000-04-12,-1.413313,4077.974119
2000-04-13,-1.328333,4023.805049
2000-04-14,-4.499583,3842.750604
2000-04-17,0.388261,3857.670514
2000-04-18,2.612735,3958.461230
2000-04-19,-0.162609,3952.024435
2000-04-20,0.361268,3966.301820
2000-04-24,-0.230592,3957.155828
2000-04-25,1.936895,4033.801782
2000-04-26,-0.489531,4014.055064
2000-04-27,-0.296577,4002.150307
2000-04-28,0.470242,4020.970092
2000-05-01,0.877037,4056.235496
2000-05-02,-0.359049,4041.671621
2000-05-03,-2.067168,3958.123471
2000-05-04,0.022978,3959.032954
2000-05-05,0.888038,3994.190669
2000-05-08,-0.834082,3960.875837
2000-05-09,-1.011095,3920.827639
2000-05-10,-1.659140,3855.775630
2000-05-11,0.964043,3892.946975
2000-05-12,1.518082,3952.045099
2000-05-15,0.809032,3984.018427
2000-05-16,1.050049,4025.852583
2000-05-17,-1.671141,3958.574927
2000-05-18,-0.516060,3938.146306
2000-05-19,-2.076169,3856.383741
2000-05-22,-1.042097,3816.196494
2000-05-23,-0.704073,3789.327681
2000-05-24,0.357001,3802.855615
2000-05-25,0.095983,3806.505699
2000-05-26,0.139986,3811.834266
2000-05-30,3.454217,3943.503293
2000-05-31,-0.476057,3924.729961
2000-06-01,1.880881,3998.549444
2000-06-02,3.221655,4127.368921
2000-06-05,-0.383739,4111.530600
2000-06-06,-0.110785,4106.975649
2000-06-07,0.221159,4116.058613
2000-06-08,-0.547711,4093.514492
2000-06-09,-0.151778,4087.301441
2000-06-12,-0.511717,4066.386008
2000-06-13,0.695080,4094.650635
2000-06-14,0.018194,4095.395597
2000-06-15,-0.482722,4075.626209
2000-06-16,-0.289755,4063.816890
2000-06-19,0.923041,4101.327606
2000-06-20,0.176167,4108.552791
2000-06-21,-0.209768,4099.934356
2000-06-22,-1.297585,4046.734207
2000-06-23,-0.888654,4010.772738
2000-06-26,0.234157,4020.164253
2000-06-27,-0.039797,4018.564360
2000-06-28,0.588098,4042.197447
2000-06-29,-0.793670,4010.115737
2000-06-30,0.784065,4041.557644
2000-07-03,0.973950,4080.920381
2000-07-05,-0.955279,4041.936220
2000-07-06,0.380879,4057.331125
2000-07-07,1.149970,4103.989235
2000-07-10,0.233862,4113.586909
2000-07-11,-0.088176,4109.959711
2000-07-12,0.575903,4133.629074
2000-07-13,-0.129181,4128.289215
2000-07-14,0.691916,4156.853520
2000-07-17,0.159853,4163.498388
2000-07-18,-1.266315,4110.775363
2000-07-19,-0.891271,4074.137211
2000-07-20,0.921943,4111.698454
2000-07-21,-0.997284,4070.693159
2000-07-24,-0.844266,4036.325700
2000-07-25,0.366878,4051.134083
2000-07-26,-0.572233,4027.952144
2000-07-27,-1.173304,3980.692002
2000-07-28,-1.956397,3902.813857
2000-07-31,0.862937,3936.492663
2000-08-01,0.056271,3938.707773
2000-08-02,-0.076688,3935.687257
2000-08-03,-0.247636,3925.941098
2000-08-04,0.672082,3952.326643
2000-08-07,0.898013,3987.819036
2000-08-08,-0.306617,3975.591689
2000-08-09,0.027280,3976.676233
2000-08-10,-0.281625,3965.476916
2000-08-11,0.401165,3981.385031
2000-08-14,0.789046,4012.799994
2000-08-15,0.025281,4013.814457
2000-08-16,0.016283,4014.468044
2000-08-17,0.338185,4028.044356
2000-08-18,-0.376596,4012.874906
2000-08-21,-0.095682,4009.035300
2000-08-22,0.001288,4009.086939
2000-08-23,0.219221,4017.875704
2000-08-24,0.294198,4029.696217
2000-08-25,0.240215,4039.376139
2000-08-28,0.244213,4049.240838
2000-08-29,-0.297620,4037.189481
2000-08-30,-0.473566,4018.070719
2000-08-31,0.432156,4035.435042
2000-09-01,1.222550,4084.770262
2000-09-05,-1.016502,4043.248508
2000-09-06,-1.082533,3999.479024
2000-09-07,0.250093,4009.481458
2000-09-08,-0.910452,3972.977063
2000-09-11,-0.661335,3946.702385
2000-09-12,-0.607309,3922.733692
2000-09-13,0.083015,3925.990147
2000-09-14,0.133038,3931.213222
2000-09-15,-0.882439,3896.522679
2000-09-18,-1.620785,3833.368406
2000-09-19,0.708309,3860.520486
2000-09-20,-0.415219,3844.490867
2000-09-21,-0.571292,3822.527581
2000-09-22,0.568243,3844.248821
2000-09-25,0.084015,3847.478582
2000-09-26,-0.572293,3825.459735
2000-09-27,-0.083063,3822.282190
2000-09-28,1.294584,3871.764846
2000-09-29,-0.392208,3856.579462
2000-10-02,-0.135256,3851.363197
2000-10-03,-0.508207,3831.790310
2000-10-04,0.074716,3834.653266
2000-10-05,-0.013272,3834.144313
2000-10-06,-1.340096,3782.763087
2000-10-09,-0.872158,3749.771399
2000-10-10,-0.765173,3721.079175
2000-10-11,-1.607061,3661.279167
2000-10-12,-1.789037,3595.777538
2000-10-13,1.990462,3667.350109
2000-10-16,0.077715,3670.200207
2000-10-17,-1.509074,3614.814174
2000-10-18,-1.002141,3578.588633
2000-10-19,2.673371,3674.257581
2000-10-20,0.692634,3699.706733
2000-10-23,0.039721,3701.176276
2000-10-24,0.678636,3726.293780
2000-10-25,-1.951015,3653.593221
2000-10-26,-0.184250,3646.861485
2000-10-27,1.316551,3694.874277
2000-10-30,0.483662,3712.744965
2000-10-31,1.823484,3780.446266
2000-11-01,0.564902,3801.802078
2000-11-02,0.640872,3826.166747
2000-11-03,0.222039,3834.662314
2000-11-06,0.274018,3845.169973
2000-11-07,-0.052852,3843.137732
2000-11-08,-1.270366,3794.315803
2000-11-09,-0.879522,3760.943954
2000-11-10,-1.692198,3697.301330
2000-11-13,-1.466288,3643.088235
2000-11-14,2.229238,3724.301352
2000-11-15,0.382974,3738.564473
2000-11-16,-1.403313,3686.100699
2000-11-17,-0.413708,3670.851009
2000-11-20,-1.967089,3598.642119
2000-11-21,-0.137818,3593.682545
2000-11-22,-1.940099,3523.961535
2000-11-24,1.512524,3577.262300
2000-11-27,0.975738,3612.167010
2000-11-28,-1.140418,3570.973201
2000-11-29,-0.112828,3566.944147
2000-11-30,-1.293357,3520.810819
2000-12-01,0.871325,3551.488529
2000-12-04,0.305093,3562.323879
2000-12-05,3.232292,3677.468602
2000-12-06,-1.046461,3638.985345
2000-12-07,-0.471225,3621.837541
2000-12-08,1.533596,3677.381914
2000-12-11,1.215466,3722.079246
2000-12-12,-0.697317,3696.124536
2000-12-13,-0.776350,3667.429678
2000-12-14,-1.152504,3625.162406
2000-12-15,-1.534661,3569.528469
2000-12-18,0.483166,3586.775221
2000-12-19,-0.876391,3555.341051
2000-12-20,-2.527067,3465.495197
2000-12-21,-0.054054,3463.621960
2000-12-22,1.974777,3532.020777
2000-12-26,0.678246,3555.976569
2000-12-27,1.184453,3598.095455
2000-12-28,0.470161,3615.012290
2000-12-29,-0.228125,3606.765533
2001-01-03,2.055763,3680.912084
2001-01-04,0.152011,3686.507476
2001-01-05,-1.195968,3642.418026
2001-01-08,-0.355593,3629.465842
2001-01-09,-0.456471,3612.898383
2001-01-10,0.134074,3617.742341
2001-01-11,0.863484,3648.980967
2001-01-12,-0.049098,3647.189390
2001-01-16,0.080432,3650.122882
2001-01-17,0.611174,3672.431484
2001-01-18,1.183731,3715.903194
2001-01-19,-0.232217,3707.274235
2001-01-22,0.017131,3707.909328
2001-01-23,0.672612,3732.849172
2001-01-24,-0.144745,3727.446059
2001-01-25,-0.187712,3720.449195
2001-01-26,-0.172892,3714.016836
2001-01-29,0.336954,3726.531365
2001-01-30,0.602107,3748.969071
2001-01-31,0.144890,3754.400952
2001-02-01,0.361622,3767.977692
2001-02-02,-1.468143,3712.658391
2001-02-05,0.105794,3716.586161
2001-02-06,-0.167801,3710.349692
2001-02-07,-0.915444,3676.383519
2001-02-08,-0.838028,3645.574395
2001-02-09,-1.032583,3607.930814
2001-02-12,1.060776,3646.202878
2001-02-13,-0.684429,3621.247208
2001-02-14,-0.586073,3600.024056
2001-02-15,0.443371,3615.985519
2001-02-16,-1.308572,3568.667745
2001-02-20,-1.473328,3516.089546
2001-02-21,-1.390831,3467.186683
2001-02-22,-0.425249,3452.442506
2001-02-23,-0.703627,3428.150188
2001-02-26,1.327589,3473.661933
2001-02-27,-0.099188,3470.216477
2001-02-28,-0.913857,3438.503661
2001-03-01,-0.082168,3435.678311
2001-03-02,-0.632036,3413.963588
2001-03-05,0.485262,3430.530256
2001-03-06,1.176325,3470.884441
2001-03-07,0.274028,3480.395636
2001-03-08,0.092629,3483.619491
2001-03-09,-1.633173,3426.725958
2001-03-12,-3.556654,3304.849173
2001-03-13,-0.232479,3297.166092
2001-03-14,-2.162643,3225.860161
2001-03-15,0.797654,3251.591363
2001-03-16,-2.205353,3179.882296
2001-03-19,0.754857,3203.885860
2001-03-20,-0.658920,3182.774815
2001-03-21,-1.125736,3146.945173
2001-03-22,-2.382457,3071.970557
2001-03-23,2.368380,3144.726494
2001-03-26,2.288038,3216.679031
2001-03-27,2.021636,3281.708572
2001-03-28,-1.818722,3222.023416
2001-03-29,-0.998206,3189.860985
2001-03-30,0.538773,3207.047095
2001-04-02,-1.041586,3173.642942
2001-04-03,-2.459883,3095.575038
2001-04-04,0.581519,3113.576395
2001-04-05,2.954623,3205.570840
2001-04-06,-0.777145,3180.658906
2001-04-09,0.416295,3193.899830
2001-04-10,1.608556,3245.275498
2001-04-11,0.103868,3248.646300
2001-04-12,1.207390,3287.870131
2001-04-16,-0.586352,3268.591643
2001-04-17,0.319830,3279.045580
2001-04-18,3.036291,3378.606946
2001-04-19,1.467932,3428.202598
2001-04-20,-0.455034,3412.603111
2001-04-23,-1.149229,3373.384486
2001-04-24,-0.683436,3350.329562
2001-04-25,0.994279,3383.641185
2001-04-26,0.754638,3409.175428
2001-04-27,0.832780,3437.566359
2001-04-30,0.089231,3440.633734
2001-05-01,1.251512,3483.693678
2001-05-02,0.134007,3488.362071
2001-05-03,-1.182386,3447.116166
2001-05-04,0.938526,3479.468248
2001-05-07,0.048318,3481.149457
2001-05-08,-0.591586,3460.555464
2001-05-09,-0.576348,3440.610622
2001-05-10,0.415086,3454.892115
2001-05-11,-0.757472,3428.722275
2001-05-14,-0.690081,3405.061314
2001-05-15,0.525151,3422.943027
2001-05-16,1.483625,3473.726666
2001-05-17,0.708435,3498.335761
2001-05-18,0.068072,3500.717149
2001-05-21,1.077692,3538.444097
2001-05-22,-0.144218,3533.341024
2001-05-23,-1.008940,3497.691733
2001-05-24,0.040455,3499.106724
2001-05-25,-0.884141,3468.169687
2001-05-29,-0.604348,3447.209862
2001-05-30,-1.347484,3400.759261
2001-05-31,0.044874,3402.285318
2001-06-01,0.121310,3406.412630
2001-06-04,0.445303,3421.581488
2001-06-05,0.837739,3450.245410
2001-06-06,-0.750687,3424.344867
2001-06-07,0.380034,3437.358541
2001-06-08,-0.543273,3418.684300
2001-06-11,-1.061401,3382.398351
2001-06-12,-0.601533,3362.052109
2001-06-13,-0.229523,3354.335426
2001-06-14,-1.006324,3320.579944
2001-06-15,-0.606749,3300.432358
2001-06-18,-0.735409,3276.160681
2001-06-19,0.115698,3279.951134
2001-06-20,0.209311,3286.816432
2001-06-21,0.812000,3313.505382
2001-06-22,-0.250610,3305.201406
2001-06-25,-0.207507,3298.342882
2001-06-26,-0.573518,3279.426291
2001-06-27,-0.351759,3267.890614
2001-06-28,0.518936,3284.848875
2001-06-29,0.401735,3298.045263
2001-07-02,0.949020,3329.344372
2001-07-03,-0.446520,3314.478183
2001-07-05,-1.702851,3258.037563
2001-07-06,-1.925041,3195.319005
2001-07-09,0.449159,3209.671067
2001-07-10,-0.593723,3190.614512
2001-07-11,-0.469778,3175.625707
2001-07-12,1.581874,3225.860104
2001-07-13,0.359386,3237.453394
2001-07-16,-0.632625,3216.972455
2001-07-17,0.029536,3217.922619
2001-07-18,-0.186448,3211.922867
2001-07-19,0.747417,3235.929325
2001-07-20,-0.318533,3225.621822
2001-07-23,-1.253447,3185.190362
2001-07-24,-0.967981,3154.358324
2001-07-25,0.683035,3175.903696
2001-07-26,0.649371,3196.527093
2001-07-27,0.512454,3212.907824
2001-07-30,0.162005,3218.112896
2001-07-31,0.868655,3246.067194
2001-08-01,0.575358,3264.743702
2001-08-02,0.710247,3287.931446
2001-08-03,-0.532786,3270.413807
2001-08-06,-0.808047,3243.987327
2001-08-07,0.183974,3249.955420
2001-08-08,-1.300853,3207.678277
2001-08-09,-0.510391,3191.306576
2001-08-10,0.351069,3202.510264
2001-08-13,0.103485,3205.824382
2001-08-14,0.464094,3220.702421
2001-08-15,0.013992,3221.153061
2001-08-16,-0.301847,3211.430107
2001-08-17,-1.358706,3167.796214
2001-08-20,0.068161,3169.955415
2001-08-21,-0.200182,3163.609735
2001-08-22,0.647949,3184.108313
2001-08-23,-0.471440,3169.097153
2001-08-24,1.462698,3215.451473
2001-08-27,-0.168239,3210.041830
2001-08-28,-1.229863,3170.562713
2001-08-29,-0.769686,3146.159336
2001-08-30,-1.731874,3091.671820
2001-08-31,0.168660,3096.886234
2001-09-04,-0.409660,3084.199538
2001-09-05,-0.746887,3061.164053
2001-09-06,-1.876096,3003.733677
2001-09-07,-1.382343,2962.211774
2001-09-10,-0.367498,2951.325705
2001-09-17,-5.145405,2799.468056
2001-09-18,-0.382681,2788.755024
2001-09-19,-0.932054,2762.762321
2001-09-20,-3.091071,2677.363376
2001-09-21,-2.601766,2607.704646
2001-09-24,3.617148,2702.029182
2001-09-25,1.156436,2733.276420
2001-09-26,-0.028696,2732.492079
2001-09-27,0.840837,2755.467884
2001-09-28,2.124232,2814.000414
2001-10-01,-0.436567,2801.715417
2001-10-02,1.032589,2830.645622
2001-10-03,1.044394,2860.208716
2001-10-04,0.981109,2888.270481
2001-10-05,0.144732,2892.450732
2001-10-08,-0.484719,2878.430474
2001-10-09,-0.561016,2862.282019
2001-10-10,1.622562,2908.724319
2001-10-11,1.302650,2946.614816
2001-10-12,-0.117447,2943.154106
2001-10-15,-0.726125,2921.783128
2001-10-16,0.765059,2944.136493
2001-10-17,-0.249020,2936.805004
2001-10-18,-1.247832,2900.158611
2001-10-19,-0.376773,2889.231597
2001-10-22,1.054641,2919.702618
2001-10-23,0.546110,2935.647406
2001-10-24,0.250245,2942.993716
2001-10-25,0.313250,2952.212644
2001-10-26,0.668804,2971.957161
2001-10-29,-1.698752,2921.470979
2001-10-30,-1.669160,2872.706954
2001-10-31,0.038158,2873.803121
2001-11-01,1.656616,2921.411004
2001-11-02,0.178785,2926.634048
2001-11-05,1.315124,2965.122915
2001-11-06,0.983416,2994.282408
2001-11-07,-0.101075,2991.255937
2001-11-08,0.731411,3013.134312
2001-11-09,-0.211475,3006.762286
2001-11-12,-0.825046,2981.955115
2001-11-13,1.395484,3023.567821
2001-11-14,0.344513,3033.984405
2001-11-15,0.358346,3044.856567
2001-11-16,0.193390,3050.745015
2001-11-19,0.954504,3079.864498
2001-11-20,-0.706791,3058.096293
2001-11-21,-0.523486,3042.087587
2001-11-23,0.745836,3064.776566
2001-11-26,0.667419,3085.231467
2001-11-27,-0.659090,3064.897015
2001-11-28,-1.478227,3019.590879
2001-11-29,0.500241,3034.696111
2001-11-30,0.522168,3050.542323
2001-12-03,-0.968441,3020.999620
2001-12-04,1.150658,3055.760994
2001-12-05,2.322891,3126.742991
2001-12-06,0.204347,3133.132397
2001-12-07,-0.831694,3107.074323
2001-12-10,-1.661027,3055.464979
2001-12-11,-0.239154,3048.157713
2001-12-12,0.242262,3055.542240
2001-12-13,-1.603021,3006.561257
2001-12-14,-0.053370,3004.956655
2001-12-17,1.157041,3039.725235
2001-12-18,0.398372,3051.834650
2001-12-19,0.013741,3052.254002
2001-12-20,-0.608839,3033.670690
2001-12-21,0.233124,3040.742904
2001-12-24,-0.209609,3034.369233
2001-12-26,0.211974,3040.801295
2001-12-27,1.209885,3077.591493
2001-12-28,0.444224,3091.262893
2001-12-31,-0.392507,3079.129470
2002-01-02,0.402399,3091.519852
2002-01-03,1.081893,3124.966789
2002-01-04,0.628983,3144.622299
2002-01-07,-0.608105,3125.499694
2002-01-08,-0.752724,3101.973307
2002-01-09,-0.385245,3090.023110
2002-01-10,-0.312295,3080.373123
2002-01-11,-0.501429,3064.927238
2002-01-14,-0.849821,3038.880843
2002-01-15,0.346021,3049.396009
2002-01-16,-1.471756,3004.516340
2002-01-17,0.805038,3028.703839
2002-01-18,-0.506259,3013.370753
2002-01-22,-0.801557,2989.216878
2002-01-23,0.603570,3007.258895
2002-01-24,0.485811,3021.868489
2002-01-25,-0.357308,3011.071111
2002-01-28,0.262237,3018.967254
2002-01-29,-2.109858,2955.271332
2002-01-30,0.021747,2955.914015
2002-01-31,1.314124,2994.758390
2002-02-01,-0.497820,2979.849884
2002-02-04,-1.615743,2931.703168
2002-02-05,-0.789971,2908.543563
2002-02-06,-0.603560,2890.988758
2002-02-07,0.201740,2896.821038
2002-02-08,0.999255,2925.767668
2002-02-11,1.301207,2963.837961
2002-02-12,-0.083553,2961.361586
2002-02-13,0.743337,2983.374482
2002-02-14,0.350054,2993.817904
2002-02-15,-0.845483,2968.505682
2002-02-19,-1.993714,2909.322168
2002-02-20,0.373169,2920.178856
2002-02-21,-0.374146,2909.253124
2002-02-22,0.376100,2920.194825
2002-02-25,1.193241,2955.039787
2002-02-26,0.082519,2957.478256
2002-02-27,0.616120,2975.699871
2002-02-28,-0.098740,2972.761665
2002-03-01,1.838308,3027.410180
2002-03-04,2.480639,3102.509298
2002-03-05,-0.476337,3087.730898
2002-03-06,1.131017,3122.653660
2002-03-07,0.519806,3138.885401
2002-03-08,0.335985,3149.431585
2002-03-11,0.200851,3155.757250
2002-03-12,-0.746078,3132.212839
2002-03-13,-0.681526,3110.865994
2002-03-14,0.302252,3120.268649
2002-03-15,0.968533,3150.489481
2002-03-18,-0.099536,3147.353609
2002-03-19,0.535056,3164.193714
2002-03-20,-1.178369,3126.907836
2002-03-21,-0.117746,3123.226027
2002-03-22,-0.350356,3112.283617
2002-03-25,-1.185445,3075.389207
2002-03-26,0.327362,3085.456862
2002-03-27,0.339882,3095.943775
2002-03-28,0.541290,3112.701809
2002-04-01,-0.060440,3110.820491
2002-04-02,-0.452673,3096.738647
2002-04-03,-0.447368,3082.884829
2002-04-04,-0.136814,3078.667011
2002-04-05,-0.226373,3071.697740
2002-04-08,-0.476342,3057.065954
2002-04-09,-0.445207,3043.455682
2002-04-10,1.001708,3073.942221
2002-04-11,-1.752213,3020.080206
2002-04-12,0.287072,3028.750010
2002-04-15,-0.026806,3027.938124
2002-04-16,1.986526,3088.088902
2002-04-17,0.351443,3098.941774
2002-04-18,-0.083008,3096.369405
2002-04-19,-0.019906,3095.753041
2002-04-22,-0.930156,3066.957709
2002-04-23,-0.444000,3053.340416
2002-04-24,-0.401540,3041.080033
2002-04-25,-0.116384,3037.540703
2002-04-26,-0.959266,3008.402607
2002-04-29,-0.671145,2988.211864
2002-04-30,0.682584,3008.608920
2002-05-01,0.687501,3029.293136
2002-05-02,-0.238337,3022.073210
2002-05-03,-0.376781,3010.686612
2002-05-06,-1.164770,2975.619038
2002-05-07,-0.744274,2953.472279
2002-05-08,2.715594,3033.676595
2002-05-09,-0.859824,3007.592315
2002-05-10,-1.075778,2975.237299
2002-05-13,1.118217,3008.506908
2002-05-14,1.172139,3043.770791
2002-05-15,0.378848,3055.302056
2002-05-16,0.452023,3069.112724
2002-05-17,0.880104,3096.124108
2002-05-20,-0.828456,3070.474082
2002-05-21,-0.742974,3047.661258
2002-05-22,0.297212,3056.719273
2002-05-23,0.373286,3068.129578
2002-05-24,-0.491969,3053.035331
2002-05-28,-0.557738,3036.007382
2002-05-29,-0.420790,3023.232167
2002-05-30,-0.349381,3012.669568
2002-05-31,0.006062,3012.852196
2002-06-03,-1.361020,2971.846675
2002-06-04,-0.499585,2956.999775
2002-06-05,0.029112,2957.860617
2002-06-06,-1.044010,2926.980256
2002-06-07,-0.628360,2908.588283
2002-06-10,0.160855,2913.266893
2002-06-11,-0.806375,2889.775037
2002-06-12,-0.206161,2883.817448
2002-06-13,-1.033468,2854.014117
2002-06-14,-0.985940,2825.875250
2002-06-17,2.125309,2885.933831
2002-06-18,0.189451,2891.401262
2002-06-19,-1.487679,2848.386493
2002-06-20,-1.048917,2818.509282
2002-06-21,-1.018376,2789.806260
2002-06-24,-0.193243,2784.415155
2002-06-25,-0.505143,2770.349877
2002-06-26,-0.517643,2756.009355
2002-06-27,1.273776,2791.114740
2002-06-28,1.357143,2828.994159
2002-07-01,-1.163474,2796.079547
2002-07-02,-2.074388,2738.078009
2002-07-03,-0.475146,2725.068140
2002-07-05,3.618329,2823.670064
2002-07-08,-0.303433,2815.102117
2002-07-09,-1.253046,2779.827592
2002-07-10,-2.987362,2696.784079
2002-07-11,-0.843095,2674.047627
2002-07-12,-0.145088,2670.167905
2002-07-15,-1.372833,2633.510959
2002-07-16,-1.024869,2606.520922
2002-07-17,1.185614,2637.424199
2002-07-18,-0.847301,2615.077277
2002-07-19,-3.389086,2526.450059
2002-07-22,-3.605554,2435.357538
2002-07-23,-2.498530,2374.509399
2002-07-24,2.347553,2430.252266
2002-07-25,0.730093,2447.995368
2002-07-26,0.324758,2455.945428
2002-07-29,4.341628,2562.573443
2002-07-30,0.722966,2581.099977
2002-07-31,0.412472,2591.746292
2002-08-01,-2.830613,2518.383985
2002-08-02,-1.230321,2487.399778
2002-08-05,-2.894295,2415.407090
2002-08-06,1.740226,2457.440632
2002-08-07,1.455453,2493.207526
2002-08-08,2.857329,2564.446667
2002-08-09,0.968862,2589.292617
2002-08-12,-0.862087,2566.970662
2002-08-13,-0.959571,2542.338756
2002-08-14,1.958255,2592.124231
2002-08-15,1.362954,2627.453692
2002-08-16,0.207186,2632.897409
2002-08-19,1.650858,2676.362806
2002-08-20,-1.175274,2644.908210
2002-08-21,1.213506,2677.004330
2002-08-22,1.197812,2709.069809
2002-08-23,-1.652271,2664.308634
2002-08-26,0.386742,2674.612634
2002-08-27,-0.160712,2670.314211
2002-08-28,-2.203264,2611.480139
2002-08-29,-0.561108,2596.826915
2002-08-30,0.062336,2598.445673
2002-09-03,-3.844817,2498.540201
2002-09-04,0.722960,2516.603647
2002-09-05,-0.975050,2492.065503
2002-09-06,1.459610,2528.439941
2002-09-09,0.241341,2534.542103
2002-09-10,0.942819,2558.438247
2002-09-11,0.544684,2572.373651
2002-09-12,-2.199815,2515.786190
2002-09-13,-0.603957,2500.591923
2002-09-16,-0.299720,2493.097149
2002-09-17,-1.141875,2464.629096
2002-09-18,-1.153757,2436.193265
2002-09-19,-1.898329,2389.946302
2002-09-20,-0.212967,2384.856505
2002-09-23,-1.826859,2341.288539
2002-09-24,-1.605724,2303.693907
2002-09-25,1.622879,2341.080072
2002-09-26,2.366409,2396.479601
2002-09-27,-1.657805,2356.750643
2002-09-30,-1.837674,2313.441249
2002-10-01,2.315724,2367.014163
2002-10-02,-0.668874,2351.181821
2002-10-03,-1.036421,2326.813679
2002-10-04,-1.880083,2283.067650
2002-10-07,-1.945437,2238.652007
2002-10-08,0.367339,2246.875449
2002-10-09,-1.712243,2208.403482
2002-10-10,2.363029,2260.588696
2002-10-11,3.733493,2344.987617
2002-10-14,0.218155,2350.103325
2002-10-15,4.637088,2459.079684
2002-10-16,-1.684627,2417.653364
2002-10-17,2.025037,2466.611739
2002-10-18,0.317328,2474.438989
2002-10-21,0.993757,2499.028899
2002-10-22,-1.037873,2473.092153
2002-10-23,-0.273096,2466.338237
2002-10-24,-0.284446,2459.322837
2002-10-25,1.027384,2484.589526
2002-10-28,0.124688,2487.687511
2002-10-29,-1.704028,2445.296619
2002-10-30,1.258767,2476.077206
2002-10-31,0.311873,2483.799423
2002-11-01,0.832956,2504.488379
2002-11-04,1.562685,2543.625643
2002-11-05,0.899114,2566.495737
2002-11-06,0.205180,2571.761673
2002-11-07,-1.477282,2533.769501
2002-11-08,-0.795149,2513.622258
2002-11-11,-1.732197,2470.081369
2002-11-12,0.776197,2489.254066
2002-11-13,-0.395149,2479.417804
2002-11-14,1.691342,2521.353238
2002-11-15,0.866863,2543.209917
2002-11-18,-0.411213,2532.751907
2002-11-19,-0.389818,2522.878784
2002-11-20,0.901856,2545.631518
2002-11-21,2.289712,2603.919148
2002-11-22,-0.057483,2602.422337
2002-11-25,-0.039831,2601.385767
2002-11-26,-1.799536,2554.572893
2002-11-27,2.138472,2609.201719
2002-11-29,0.401097,2619.667139
2002-12-02,-0.169277,2615.232645
2002-12-03,-1.351573,2579.885866
2002-12-04,-0.541224,2565.922905
2002-12-05,-1.086959,2538.032375
2002-12-06,0.464903,2549.831764
2002-12-09,-1.884689,2501.775365
2002-12-10,0.873040,2523.616864
2002-12-11,0.274366,2530.540811
2002-12-12,-0.326793,2522.271181
2002-12-13,-0.947033,2498.384440
2002-12-16,1.900269,2545.860465
2002-12-17,-0.502219,2533.074670
2002-12-18,-1.545188,2493.933905
2002-12-19,-0.429768,2483.215775
2002-12-20,1.043967,2509.139728
2002-12-23,0.220633,2514.675718
2002-12-24,-0.147832,2510.958223
2002-12-26,-0.035400,2510.069352
2002-12-27,-1.544747,2471.295131
2002-12-30,0.601186,2486.152211
2002-12-31,0.346652,2494.770508
2003-01-02,2.360639,2553.663045
2003-01-03,0.382078,2563.420029
2003-01-06,1.874480,2611.470825
2003-01-07,-0.878255,2588.535452
2003-01-08,-1.436985,2551.338586
2003-01-09,1.507908,2589.810424
2003-01-10,0.282217,2597.119310
2003-01-13,0.082457,2599.260816
2003-01-14,0.705526,2617.599277
2003-01-15,-1.074668,2589.468775
2003-01-16,-0.301299,2581.666732
2003-01-17,-1.239906,2549.656491
2003-01-21,-1.576936,2509.450052
2003-01-22,-1.094973,2481.972252
2003-01-23,0.747598,2500.527427
2003-01-24,-1.851630,2454.226911
2003-01-27,-2.135970,2401.805360
2003-01-28,0.673952,2417.992376
2003-01-29,0.447152,2428.804477
2003-01-30,-0.917688,2406.515630
2003-01-31,0.641550,2421.954631
2003-02-03,0.907710,2443.938955
2003-02-04,-1.246623,2413.472250
2003-02-05,0.105087,2416.008495
2003-02-06,-1.073571,2390.070929
2003-02-07,-0.919878,2368.085192
2003-02-10,0.042764,2369.097880
2003-02-11,0.023203,2369.647582
2003-02-12,-0.976023,2346.519277
2003-02-13,-0.097141,2344.239844
2003-02-14,1.529327,2380.090937
2003-02-18,1.879008,2424.813040
2003-02-19,-0.857742,2404.014401
2003-02-20,-0.502253,2391.940166
2003-02-21,0.825973,2411.696946
2003-02-24,-1.284284,2380.723908
2003-02-25,-0.767571,2362.450162
2003-02-26,-0.752687,2344.668306
2003-02-27,0.702631,2361.142673
2003-02-28,0.777986,2379.512032
2003-03-03,0.034779,2380.339603
2003-03-04,-1.339485,2348.455311
2003-03-05,0.408615,2358.051451
2003-03-06,-0.885482,2337.171330
2003-03-07,-0.150926,2333.643931
2003-03-10,-2.208587,2282.103375
2003-03-11,-0.701177,2266.101791
2003-03-12,-0.668761,2250.946986
2003-03-13,2.946647,2317.274447
2003-03-14,1.097740,2342.712096
2003-03-17,2.503970,2401.372904
2003-03-18,0.439520,2411.927418
2003-03-19,0.780435,2430.750944
2003-03-20,0.314031,2438.384256
2003-03-21,1.897369,2484.649402
2003-03-24,-2.614980,2419.676318
2003-03-25,0.862522,2440.546558
2003-03-26,-0.136242,2437.221509
2003-03-27,-0.443853,2426.403828
2003-03-28,-0.438107,2415.773583
2003-03-31,-1.873347,2370.517761
2003-04-01,1.052019,2395.456058
2003-04-02,2.173296,2447.516409
2003-04-03,-0.179458,2443.124145
2003-04-04,0.461464,2454.398283
2003-04-07,1.082787,2480.974189
2003-04-08,-0.495773,2468.674189
2003-04-09,-0.865689,2447.303148
2003-04-10,0.163425,2451.302653
2003-04-11,-0.304311,2443.843069
2003-04-14,1.382996,2477.641321
2003-04-15,1.040210,2503.413994
2003-04-16,-0.720716,2485.371489
2003-04-17,1.252215,2516.493683
2003-04-21,-0.204265,2511.353368
2003-04-22,1.571492,2550.819085
2003-04-23,0.838293,2572.202423
2003-04-24,-0.682366,2554.650588
2003-04-25,-1.346226,2520.259218
2003-04-28,1.527284,2558.750734
2003-04-29,0.268700,2565.626097
2003-04-30,0.646346,2582.208918
2003-05-01,0.206507,2587.541361
2003-05-02,0.932302,2611.665060
2003-05-05,0.234287,2617.783852
2003-05-06,1.246996,2650.427512
2003-05-07,-0.418285,2639.341171
2003-05-08,-1.068747,2611.133292
2003-05-09,1.209007,2642.702076
2003-05-12,1.039848,2670.182161
2003-05-13,-0.145684,2666.292133
2003-05-14,-0.036950,2665.306938
2003-05-15,0.587790,2680.973345
2003-05-16,0.149127,2684.971400
2003-05-19,-2.067080,2629.470894
2003-05-20,-0.013991,2629.103004
2003-05-21,0.029043,2629.866575
2003-05-22,0.956109,2655.010966
2003-05-23,0.379578,2665.088803
2003-05-27,1.270936,2698.960370
2003-05-28,0.399727,2709.748843
2003-05-29,0.249413,2716.507309
2003-05-30,0.588062,2732.482056
2003-06-02,0.940990,2758.194439
2003-06-03,0.024863,2758.880209
2003-06-04,1.168724,2791.123904
2003-06-05,0.675584,2809.980291
2003-06-06,0.204832,2815.736030
2003-06-09,-0.815019,2792.787246
2003-06-10,0.425000,2804.656592
2003-06-11,1.420078,2844.484903
2003-06-12,0.276639,2852.353858
2003-06-13,-0.718062,2831.872188
2003-06-16,1.731433,2880.904158
2003-06-17,0.493952,2895.134442
2003-06-18,-0.215047,2888.908542
2003-06-19,-1.265090,2852.361249
2003-06-20,0.095236,2855.077724
2003-06-23,-1.449174,2813.702680
2003-06-24,-0.355503,2803.699882
2003-06-25,-0.108625,2800.654363
2003-06-26,0.172425,2805.483391
2003-06-27,-0.383497,2794.724447
2003-06-30,-0.349441,2784.958534
2003-07-01,0.437657,2797.147100
2003-07-02,1.370686,2835.487203
2003-07-03,-0.029774,2834.642965
2003-07-07,1.397274,2874.250701
2003-07-08,0.107188,2877.331553
2003-07-09,-0.420511,2865.232057
2003-07-10,-1.081248,2834.251793
2003-07-11,0.490645,2848.157908
2003-07-14,0.938764,2874.895389
2003-07-15,-0.545216,2859.220999
2003-07-16,-0.667451,2840.137100
2003-07-17,-1.302191,2803.153090
2003-07-18,0.730920,2823.641897
2003-07-21,-0.780853,2801.593404
2003-07-22,0.650650,2819.821972
2003-07-23,0.390939,2830.845756
2003-07-24,0.257326,2838.130258
2003-07-25,0.980323,2865.953102
2003-07-28,0.243782,2872.939779
2003-07-29,-0.512211,2858.224266
2003-07-30,-0.538947,2842.819952
2003-07-31,0.138526,2846.757997
2003-08-01,-0.743043,2825.605361
2003-08-04,0.000965,2825.632628
2003-08-05,-0.881682,2800.719533
2003-08-06,-0.348666,2790.954377
2003-08-07,0.647141,2809.015787
2003-08-08,0.318562,2817.964244
2003-08-11,0.528318,2832.852056
2003-08-12,0.703046,2852.768309
2003-08-13,-0.035506,2851.755405
2003-08-14,0.797749,2874.505255
2003-08-15,0.077147,2876.722850
2003-08-18,0.683562,2896.387034
2003-08-19,0.161575,2901.066872
2003-08-20,0.097562,2903.897210
2003-08-21,0.199681,2909.695741
2003-08-22,-0.703018,2889.240057
2003-08-25,-0.145479,2885.036819
2003-08-26,-0.163341,2880.324371
2003-08-27,0.232663,2887.025820
2003-08-28,0.458257,2900.255818
2003-08-29,0.485473,2914.335777
2003-09-02,1.233220,2950.275945
2003-09-03,0.716465,2971.413640
2003-09-04,0.176691,2976.663860
2003-09-05,-0.139674,2972.506235
2003-09-08,0.922624,2999.931291
2003-09-09,-0.403033,2987.840578
2003-09-10,-1.011051,2957.631986
2003-09-11,0.161758,2962.416192
2003-09-12,0.379773,2973.666649
2003-09-15,-0.180041,2968.312830
2003-09-16,1.099596,3000.952279
2003-09-17,0.172499,3006.128891
2003-09-18,1.100024,3039.197031
2003-09-19,-0.177625,3033.798657
2003-09-22,-1.031254,3002.512487
2003-09-23,0.318701,3012.081524
2003-09-24,-0.982781,2982.479359
2003-09-25,-0.697688,2961.670959
2003-09-26,-0.720414,2940.334666
2003-09-29,0.502586,2955.112377
2003-09-30,-0.750050,2932.947556
2003-10-01,2.025786,2992.362797
2003-10-02,0.576240,3009.605989
2003-10-03,1.155965,3044.395981
2003-10-06,0.303231,3053.627533
2003-10-07,0.508247,3069.147503
2003-10-08,-0.373025,3057.698816
2003-10-09,0.707816,3079.341697
2003-10-10,0.299749,3088.571993
2003-10-13,0.557465,3105.789701
2003-10-14,0.253576,3113.665239
2003-10-15,-0.097862,3110.618143
2003-10-16,0.420852,3123.709242
2003-10-17,-0.773597,3099.544321
2003-10-20,0.382515,3111.400543
2003-10-21,0.182968,3117.093410
2003-10-22,-1.146585,3081.353285
2003-10-23,-0.737270,3058.635392
2003-10-24,-0.097254,3055.660746
2003-10-27,0.396105,3067.764371
2003-10-28,1.126457,3102.321418
2003-10-29,0.364170,3113.619142
2003-10-30,0.105143,3116.892894
2003-10-31,-0.193162,3110.872242
2003-11-03,0.483769,3125.921677
2003-11-04,0.060737,3127.820268
2003-11-05,-0.297548,3118.513502
2003-11-06,0.006695,3118.722286
2003-11-07,0.327783,3128.944928
2003-11-10,-0.464332,3114.416235
2003-11-11,-0.494417,3099.018032
2003-11-12,1.054698,3131.703313
2003-11-13,0.499735,3147.353530
2003-11-14,-0.254300,3139.349810
2003-11-17,-1.266143,3099.601153
2003-11-18,-0.133176,3095.473228
2003-11-19,0.026800,3096.302814
2003-11-20,-0.360020,3085.155505
2003-11-21,0.217817,3091.875498
2003-11-24,0.926667,3120.526888
2003-11-25,0.316145,3130.392278
2003-11-26,0.713921,3152.740806
2003-11-28,0.183903,3158.538804
2003-12-01,1.289549,3199.269710
2003-12-02,0.120119,3203.112641
2003-12-03,0.142978,3207.692387
2003-12-04,0.143490,3212.295105
2003-12-05,-0.442261,3198.088377
2003-12-08,0.272160,3206.792294
2003-12-09,-0.260745,3198.430743
2003-12-10,-0.426908,3184.776387
2003-12-11,0.640531,3205.175867
2003-12-12,0.585180,3223.931915
2003-12-15,0.101374,3227.200143
2003-12-16,0.072837,3229.550739
2003-12-17,0.056487,3231.375016
2003-12-18,0.928478,3261.377622
2003-12-19,0.150484,3266.285473
2003-12-22,0.403040,3279.449910
2003-12-23,0.326764,3290.165972
2003-12-24,0.098516,3293.407312
2003-12-26,0.164737,3298.832765
2003-12-29,0.978973,3331.127448
2003-12-30,0.441273,3345.826814
2003-12-31,0.388294,3358.818458
2004-01-02,0.251869,3367.278287
2004-01-05,1.391136,3414.121707
2004-01-06,0.210062,3421.293480
2004-01-07,-0.198358,3414.507070
2004-01-08,0.688393,3438.012298
2004-01-09,-0.176014,3431.960915
2004-01-12,0.106859,3435.628274
2004-01-13,-0.298396,3425.376497
2004-01-14,0.426535,3439.986926
2004-01-15,-0.320267,3428.969783
2004-01-16,0.268533,3438.177699
2004-01-20,0.568724,3457.731425
2004-01-21,0.662676,3480.644981
2004-01-22,0.109648,3484.461439
2004-01-23,-0.150100,3479.231262
2004-01-26,0.211238,3486.580721
2004-01-27,-0.357918,3474.101621
2004-01-28,-0.752259,3447.967378
2004-01-29,-0.754413,3421.955464
2004-01-30,-0.163164,3416.372065
2004-02-02,0.302296,3426.699621
2004-02-03,0.198399,3433.498159
2004-02-04,-0.854225,3404.168359
2004-02-05,0.252368,3412.759391
2004-02-06,1.232593,3454.824824
2004-02-09,0.253562,3463.584947
2004-02-10,0.349028,3475.673828
2004-02-11,0.631114,3497.609292
2004-02-12,0.214503,3505.111769
2004-02-13,-0.296463,3494.720410
2004-02-17,1.060995,3531.799210
2004-02-18,-0.285090,3521.730404
2004-02-19,-0.312684,3510.718516
2004-02-20,-0.778498,3483.387643
2004-02-23,-0.047661,3481.727425
2004-02-24,-0.270235,3472.318579
2004-02-25,0.008817,3472.624734
2004-02-26,-0.099738,3469.161207
2004-02-27,0.295608,3479.416325
2004-03-01,1.186591,3520.702766
2004-03-02,-0.515848,3502.541291
2004-03-03,-0.512639,3484.585899
2004-03-04,0.460971,3500.648829
2004-03-05,0.738482,3526.500491
2004-03-08,-0.596567,3505.462553
2004-03-09,-0.389280,3491.816488
2004-03-10,-1.499246,3439.465569
2004-03-11,-1.672654,3381.935211
2004-03-12,0.420780,3396.165718
2004-03-15,-1.099552,3358.823109
2004-03-16,0.889222,3388.690503
2004-03-17,0.993941,3422.372088
2004-03-18,0.165160,3428.024477
2004-03-19,-0.597731,3407.534113
2004-03-22,-1.326705,3362.326187
2004-03-23,-0.162990,3356.845932
2004-03-24,-0.246284,3348.578557
2004-03-25,1.271803,3391.165880
2004-03-26,0.091378,3394.264659
2004-03-29,1.248336,3436.636487
2004-03-30,0.337412,3448.232111
2004-03-31,0.367027,3460.888054
2004-04-01,0.874915,3491.167882
2004-04-02,0.459214,3507.199814
2004-04-05,0.365342,3520.013088
2004-04-06,-0.083029,3517.090456
2004-04-07,-0.051218,3515.289073
2004-04-08,-0.104708,3511.608284
2004-04-12,0.219893,3519.330076
2004-04-13,-0.992108,3484.414520
2004-04-14,-0.802784,3456.442198
2004-04-15,-0.188866,3449.914154
2004-04-16,0.724541,3474.910196
2004-04-19,0.025401,3475.792858
2004-04-20,-0.722723,3450.672504
2004-04-21,-0.280250,3441.001994
2004-04-22,0.834335,3469.711478
2004-04-23,0.239252,3478.012832
2004-04-26,-0.024303,3477.167571
2004-04-27,0.017469,3477.774997
2004-04-28,-1.462306,3426.919285
2004-04-29,-0.598165,3406.420653
2004-04-30,-0.733099,3381.448217
2004-05-03,0.570901,3400.752939
2004-05-04,0.758445,3426.545780
2004-05-05,0.429531,3441.263856
2004-05-06,-1.172048,3400.930592
2004-05-07,-1.557744,3347.952800
2004-05-10,-2.397003,3267.702271
2004-05-11,0.716185,3291.105064
2004-05-12,0.429396,3305.236938
2004-05-13,-0.306021,3295.122218
2004-05-14,-0.287585,3285.645941
2004-05-17,-1.074412,3250.344567
2004-05-18,0.749169,3274.695141
2004-05-19,1.180600,3313.356192
2004-05-20,-0.573969,3294.338554
2004-05-21,0.788360,3320.309802
2004-05-24,0.216616,3327.502124
2004-05-25,0.964168,3359.584835
2004-05-26,0.529003,3377.357139
2004-05-27,1.090022,3414.171075
2004-05-28,-0.165644,3408.515706
2004-06-01,-0.039886,3407.156174
2004-06-02,0.317822,3417.984866
2004-06-03,-0.742608,3392.602637
2004-06-04,0.543202,3411.031323
2004-06-07,1.804951,3472.598766
2004-06-08,0.097483,3475.983960
2004-06-09,-1.017417,3440.618708
2004-06-10,0.332563,3452.060933
2004-06-14,-1.345236,3405.622556
2004-06-15,0.591963,3425.782581
2004-06-16,0.374762,3438.621113
2004-06-17,0.110735,3442.428870
2004-06-18,0.303182,3452.865694
2004-06-21,-0.119545,3448.737966
2004-06-22,-0.168078,3442.941396
2004-06-23,0.601103,3463.637020
2004-06-24,0.561726,3483.093170
2004-06-25,-0.411543,3468.758744
2004-06-28,0.341077,3480.589882
2004-06-29,-0.235664,3472.387385
2004-06-30,0.187196,3478.887555
2004-07-01,-0.519858,3460.802280
2004-07-02,-0.183026,3454.468112
2004-07-06,-0.871002,3424.379620
2004-07-07,0.349362,3436.343102
2004-07-08,-0.395757,3422.743533
2004-07-09,0.306500,3433.234242
2004-07-12,0.106802,3436.901005
2004-07-13,-0.154509,3431.590684
2004-07-14,-0.251929,3422.945512
2004-07-15,-0.614195,3401.921951
2004-07-16,0.143864,3406.816092
2004-07-19,-0.117232,3402.822214
2004-07-20,0.138216,3407.525458
2004-07-21,-0.833772,3379.114465
2004-07-22,-0.279282,3369.677207
2004-07-23,-1.041804,3334.571775
2004-07-26,-0.394048,3321.431962
2004-07-27,0.357681,3333.312093
2004-07-28,0.137579,3337.898030
2004-07-29,0.610373,3358.271658
2004-07-30,0.305557,3368.533092
2004-08-02,0.218334,3375.887746
2004-08-03,-0.155905,3370.624568
2004-08-04,-0.468536,3354.831978
2004-08-05,-0.814946,3327.491909
2004-08-06,-0.917890,3296.949194
2004-08-09,-0.273483,3287.932598
2004-08-10,0.984665,3320.307720
2004-08-11,-0.529286,3302.733796
2004-08-12,-0.681886,3280.212916
2004-08-13,0.173124,3285.891752
2004-08-16,0.885070,3314.974194
2004-08-17,0.266522,3323.809330
2004-08-18,0.711224,3347.449060
2004-08-19,0.301075,3357.527392
2004-08-20,0.266765,3366.484100
2004-08-23,-0.036742,3365.247186
2004-08-24,-0.182582,3359.102851
2004-08-25,0.546760,3377.469081
2004-08-26,0.304273,3387.745808
2004-08-27,0.322305,3398.664682
2004-08-30,-0.499697,3381.681656
2004-08-31,0.257897,3390.402912
2004-09-01,0.498593,3407.307224
2004-09-02,0.682056,3430.546967
2004-09-03,-0.510811,3413.023356
2004-09-07,0.848015,3441.966308
2004-09-08,-0.120421,3437.821458
2004-09-09,-0.106950,3434.144708
2004-09-10,0.706587,3458.409928
2004-09-13,0.349093,3470.482995
2004-09-14,0.245738,3479.011290
2004-09-15,-0.950396,3445.946906
2004-09-16,0.338154,3457.599513
2004-09-17,0.353246,3469.813345
2004-09-20,-0.334120,3458.220005
2004-09-21,0.796274,3485.756912
2004-09-22,-0.997527,3450.985545
2004-09-23,-0.275550,3441.476355
2004-09-24,-0.069489,3439.084907
2004-09-27,-0.534020,3420.719506
2004-09-28,0.482949,3437.239837
2004-09-29,0.414529,3451.488192
2004-09-30,0.299874,3461.838308
2004-10-01,1.433360,3511.458914
2004-10-04,0.402985,3525.609566
2004-10-05,0.133562,3530.318441
2004-10-06,0.409347,3544.769694
2004-10-07,-0.608479,3523.200515
2004-10-08,-0.065109,3520.906594
2004-10-11,0.034504,3522.121448
2004-10-12,-0.776259,3494.780663
2004-10-13,-0.507587,3477.041610
2004-10-14,-0.449981,3461.395584
2004-10-15,0.402715,3475.335143
2004-10-18,0.210092,3482.636544
2004-10-19,-0.071447,3480.148305
2004-10-20,-0.172760,3474.136001
2004-10-21,0.354373,3486.447401
2004-10-22,-0.412915,3472.051336
2004-10-25,-0.287675,3462.063113
2004-10-26,0.877717,3492.450229
2004-10-27,1.102348,3530.949184
2004-10-28,0.438143,3546.419791
2004-10-29,0.023873,3547.266428
2004-11-01,0.275752,3557.048086
2004-11-02,0.327906,3568.711860
2004-11-03,1.100610,3607.989460
2004-11-04,1.026221,3645.015405
2004-11-05,0.597359,3666.789233
2004-11-08,-0.093856,3663.347731
2004-11-09,-0.146641,3657.975761
2004-11-10,-0.024107,3657.093933
2004-11-11,0.657808,3681.150590
2004-11-12,0.973120,3716.972602
2004-11-15,0.196930,3724.292436
2004-11-16,-0.450531,3707.513344
2004-11-17,0.834556,3738.454619
2004-11-18,-0.088053,3735.162798
2004-11-19,-0.515887,3715.893579
2004-11-22,-0.098044,3712.250368
2004-11-23,0.158813,3718.145904
2004-11-24,0.509980,3737.107705
2004-11-26,0.523806,3756.682883
2004-11-29,0.016002,3757.284027
2004-11-30,-0.403747,3742.114106
2004-12-01,1.049243,3781.377976
2004-12-02,0.163185,3787.548617
2004-12-03,0.264555,3797.568767
2004-12-06,-0.117576,3793.103737
2004-12-07,-0.645907,3768.603815
2004-12-08,-0.446838,3751.764261
2004-12-09,-0.136240,3746.652857
2004-12-10,-0.150689,3741.007063
2004-12-13,1.011279,3778.839082
2004-12-14,0.332541,3791.405272
2004-12-15,0.692333,3817.654421
2004-12-16,-0.335807,3804.834471
2004-12-17,-0.565200,3783.329546
2004-12-20,0.616197,3806.642309
2004-12-21,0.354485,3820.136285
2004-12-22,0.470247,3838.100362
2004-12-23,0.368702,3852.251514
2004-12-27,0.289854,3863.417434
2004-12-28,0.410219,3879.265906
2004-12-29,-0.122767,3874.503448
2004-12-30,0.367203,3888.730741
2004-12-31,-0.019410,3887.975938
2005-01-03,-0.626574,3863.614892
2005-01-04,-1.120195,3820.334871
2005-01-05,-0.611873,3796.959274
2005-01-06,-0.070419,3794.285493
2005-01-07,-0.173741,3787.693263
2005-01-10,0.365645,3801.542774
2005-01-11,-0.227034,3792.911980
2005-01-12,0.410111,3808.467129
2005-01-13,-0.560269,3787.129468
2005-01-14,0.220361,3795.474825
2005-01-18,0.448822,3812.509759
2005-01-19,-0.397718,3797.346722
2005-01-20,-0.908406,3762.851396
2005-01-21,-0.219947,3754.575118
2005-01-24,0.033921,3755.848707
2005-01-25,0.028768,3756.929190
2005-01-26,0.833129,3788.229256
2005-01-27,0.014322,3788.771806
2005-01-28,-0.349717,3775.521827
2005-01-31,0.816322,3806.342243
2005-02-01,0.465691,3824.068036
2005-02-02,0.412337,3839.836083
2005-02-03,-0.420152,3823.702935
2005-02-04,0.949225,3859.998479
2005-02-07,-0.122676,3855.263188
2005-02-08,-0.184664,3848.143904
2005-02-09,-0.353489,3834.541139
2005-02-10,0.573272,3856.523490
2005-02-11,0.627501,3880.723213
2005-02-14,0.513712,3900.658954
2005-02-15,0.321236,3913.189275
2005-02-16,-0.194477,3905.579022
2005-02-17,-0.154608,3899.540684
2005-02-18,0.158685,3905.728670
2005-02-22,-0.451393,3888.098483
2005-02-23,-0.163386,3881.745874
2005-02-24,0.460056,3899.604079
2005-02-25,0.996264,3938.454431
2005-02-28,0.038653,3939.976761
2005-03-01,0.248544,3949.769337
2005-03-02,-0.195290,3942.055833
2005-03-03,0.090952,3945.641211
2005-03-04,1.134713,3990.412915
2005-03-07,0.015966,3991.050024
2005-03-08,0.055595,3993.268849
2005-03-09,-0.558133,3970.981098
2005-03-10,-0.227432,3961.949816
2005-03-11,-0.093315,3958.252722
2005-03-14,-0.132599,3953.004119
2005-03-15,-0.314844,3940.558323
2005-03-16,-0.436426,3923.360701
2005-03-17,-0.120284,3918.641526
2005-03-18,-0.131398,3913.492510
2005-03-21,-0.614848,3889.430479
2005-03-22,-0.401030,3873.832696
2005-03-23,-0.892205,3839.270167
2005-03-24,-0.096086,3835.581166
2005-03-28,-0.025168,3834.615822
2005-03-29,-0.512153,3814.976722
2005-03-30,0.719504,3842.425632
2005-03-31,0.320459,3854.739031
2005-04-01,-0.165937,3848.342592
2005-04-04,-0.515276,3828.513007
2005-04-05,0.564100,3850.109649
2005-04-06,0.330904,3862.849815
2005-04-07,0.599460,3886.006055
2005-04-08,-0.469766,3867.750920
2005-04-11,0.154620,3873.731236
2005-04-12,-0.130791,3868.664744
2005-04-13,-0.356781,3854.862084
2005-04-14,-1.085986,3812.998821
2005-04-15,-1.191592,3767.563432
2005-04-18,-0.657508,3742.791401
2005-04-19,0.880833,3775.759143
2005-04-20,-0.633614,3751.835404
2005-04-21,0.980758,3788.631830
2005-04-22,0.048896,3790.484320
2005-04-25,0.388807,3805.221988
2005-04-26,-0.618012,3781.705260
2005-04-27,-0.246815,3772.371444
2005-04-28,-0.757416,3743.798899
2005-04-29,0.761014,3772.289733
2005-05-02,0.217296,3780.486767
2005-05-03,0.168236,3786.846907
2005-05-04,1.167932,3831.074704
2005-05-05,0.077628,3834.048690
2005-05-06,0.058180,3836.279340
2005-05-09,0.108432,3840.439094
2005-05-10,-0.663015,3814.976407
2005-05-11,-0.085439,3811.716929
2005-05-12,-0.719839,3784.278704
2005-05-13,-0.536158,3763.988991
2005-05-16,0.192306,3771.227368
2005-05-17,0.348580,3784.373112
2005-05-18,0.945352,3820.148759
2005-05-19,0.595935,3842.914363
2005-05-20,-0.298742,3831.433964
2005-05-23,0.569420,3853.250915
2005-05-24,0.067518,3855.852553
2005-05-25,-0.314336,3843.732220
2005-05-26,0.351595,3857.246590
2005-05-27,0.277304,3867.942890
2005-05-31,-0.578756,3845.556935
2005-06-01,0.698325,3872.411421
2005-06-02,0.215644,3880.762044
2005-06-03,-0.284662,3869.714989
2005-06-06,0.075042,3872.618900
2005-06-07,0.251062,3882.341575
2005-06-08,0.069059,3885.022681
2005-06-09,-0.245692,3875.477491
2005-06-10,-0.042425,3873.833320
2005-06-13,-0.041265,3872.234783
2005-06-14,0.239615,3881.513238
2005-06-15,0.320181,3893.941106
2005-06-16,0.409255,3909.877255
2005-06-17,0.830807,3942.360788
2005-06-20,-0.286294,3931.074046
2005-06-21,0.064884,3933.624684
2005-06-22,0.129002,3938.699139
2005-06-23,-0.642544,3913.391264
2005-06-24,-0.623069,3889.008136
2005-06-27,-0.231195,3880.016944
2005-06-28,0.578404,3902.459117
2005-06-29,-0.016237,3901.825474
2005-06-30,-0.402299,3886.128470
2005-07-01,-0.034260,3884.797082
2005-07-05,0.293513,3896.199471
2005-07-06,-0.118711,3891.574253
2005-07-07,-0.422077,3875.148814
2005-07-08,0.964516,3912.525244
2005-07-11,1.047975,3953.527530
2005-07-12,0.518355,3974.020838
2005-07-13,-0.155624,3967.836308
2005-07-14,0.372356,3982.610784
2005-07-15,-0.185658,3975.216749
2005-07-18,-0.228263,3966.142800
2005-07-19,0.239010,3975.622278
2005-07-20,0.271659,3986.422413
2005-07-21,0.263801,3996.938636
2005-07-22,0.274390,4007.905836
2005-07-25,-0.270626,3997.059400
2005-07-26,-0.118741,3992.313252
2005-07-27,0.475799,4011.308639
2005-07-28,0.612970,4035.896757
2005-07-29,-0.124703,4030.863873
2005-08-01,0.357196,4045.261957
2005-08-02,0.792587,4077.324178
2005-08-03,0.354651,4091.784449
2005-08-04,-0.499800,4071.333710
2005-08-05,-0.837239,4037.246916
2005-08-08,0.168416,4044.046286
2005-08-09,0.519711,4065.063639
2005-08-10,0.681564,4092.769650
2005-08-11,0.671882,4120.268232
2005-08-12,-0.308649,4107.551066
2005-08-15,-0.046093,4105.657772
2005-08-16,-0.732134,4075.598856
2005-08-17,-0.179860,4068.268484
2005-08-18,-0.700625,4039.765178
2005-08-19,0.202572,4047.948611
2005-08-22,0.693775,4076.032266
2005-08-23,-0.441528,4058.035442
2005-08-24,-0.384635,4042.426818
2005-08-25,0.011129,4042.876699
2005-08-26,-0.341972,4029.051193
2005-08-29,-0.031206,4027.793887
2005-08-30,-0.256406,4017.466382
2005-08-31,1.142017,4063.346531
2005-09-01,1.014325,4104.562071
2005-09-02,0.157786,4111.038495
2005-09-06,0.923959,4149.022787
2005-09-07,0.170852,4156.111476
2005-09-08,-0.367775,4140.826337
2005-09-09,0.810236,4174.376802
2005-09-12,-0.188184,4166.521293
2005-09-13,-0.632973,4140.148338
2005-09-14,0.102908,4144.408882
2005-09-15,-0.077408,4141.200778
2005-09-16,0.543310,4163.700336
2005-09-19,-0.277029,4152.165679
2005-09-20,-0.061776,4149.600637
2005-09-21,-0.497503,4128.956249
2005-09-22,-0.262779,4118.106219
2005-09-23,-0.143544,4112.194925
2005-09-26,0.593702,4136.609108
2005-09-27,-0.246326,4126.419565
2005-09-28,0.516028,4147.713045
2005-09-29,0.692561,4176.438488
2005-09-30,0.246642,4186.739339
2005-10-03,-0.267703,4175.531313
2005-10-04,-0.301679,4162.934611
2005-10-05,-1.292501,4109.128640
2005-10-06,-0.709825,4079.961018
2005-10-07,0.031329,4081.239229
2005-10-10,-0.401338,4064.859665
2005-10-11,0.084610,4068.298942
2005-10-12,-0.575414,4044.889381
2005-10-13,-0.833822,4011.162203
2005-10-14,0.758263,4041.577362
2005-10-17,0.020545,4042.407704
2005-10-18,-0.999853,4001.989569
2005-10-19,0.164462,4008.571322
2005-10-20,-0.611827,3984.045800
2005-10-21,0.084429,3987.409490
2005-10-24,1.077375,4030.368843
2005-10-25,0.318733,4043.214958
2005-10-26,-0.116434,4038.507282
2005-10-27,-0.669323,4011.476623
2005-10-28,0.560909,4033.977357
2005-10-31,1.010703,4074.748887
2005-11-01,0.165876,4081.507918
2005-11-02,0.967075,4120.979160
2005-11-03,0.606965,4145.992061
2005-11-04,-0.453540,4127.188329
2005-11-07,0.181592,4134.682973
2005-11-08,-0.179662,4127.254519
2005-11-09,-0.015343,4126.621274
2005-11-10,0.368539,4141.829483
2005-11-11,0.514216,4163.127433
2005-11-14,-0.195130,4155.003922
2005-11-15,-0.434991,4136.930029
2005-11-16,0.030235,4138.180830
2005-11-17,1.098223,4183.627283
2005-11-18,0.479868,4203.703172
2005-11-21,0.551433,4226.883779
2005-11-22,0.127407,4232.269124
2005-11-23,0.684005,4261.218057
2005-11-25,0.010569,4261.668438
2005-11-28,-0.327957,4247.691998
2005-11-29,-0.084756,4244.091824
2005-11-30,-0.444573,4225.223738
2005-12-01,1.033757,4268.902284
2005-12-02,0.459974,4288.538125
2005-12-05,0.038299,4290.180592
2005-12-06,0.269545,4301.744559
2005-12-07,-0.304803,4288.632713
2005-12-08,-0.000630,4288.605694
2005-12-09,0.283160,4300.749310
2005-12-12,0.642289,4328.372550
2005-12-13,0.353867,4343.689232
2005-12-14,0.459899,4363.665815
2005-12-15,-0.477593,4342.825253
2005-12-16,0.231111,4352.862000
2005-12-19,-0.273263,4340.967238
2005-12-20,-0.104274,4336.440738
2005-12-21,0.279176,4348.547040
2005-12-22,0.385339,4365.303688
2005-12-23,0.110771,4370.139178
2005-12-27,-0.477175,4349.285976
2005-12-28,0.271992,4361.115686
2005-12-29,-0.055241,4358.706562
2005-12-30,-0.654488,4330.179351
2006-01-03,1.891630,4412.090324
2006-01-04,1.146590,4462.678910
2006-01-05,0.048744,4464.854198
2006-01-06,0.990610,4509.083490
2006-01-09,0.160051,4516.300324
2006-01-10,-0.393943,4498.508675
2006-01-11,0.577176,4524.472987
2006-01-12,-0.242781,4513.488426
2006-01-13,-0.067716,4510.432072
2006-01-17,-0.849341,4472.123127
2006-01-18,-0.847708,4434.212581
2006-01-19,0.961215,4476.834898
2006-01-20,-1.054522,4429.625689
2006-01-23,0.336120,4444.514547
2006-01-24,0.270764,4456.548692
2006-01-25,0.224800,4466.567014
2006-01-26,0.766637,4500.809369
2006-01-27,0.810733,4537.298916
2006-01-30,-0.009917,4536.848952
2006-01-31,0.164312,4544.303539
2006-02-01,0.127295,4550.088210
2006-02-02,-0.764293,4515.312205
2006-02-03,-0.696947,4483.842872
2006-02-06,0.237632,4494.497917
2006-02-07,-0.644786,4465.518024
2006-02-08,-0.150686,4458.789113
2006-02-09,0.451274,4478.910469
2006-02-10,-0.162846,4471.616743
2006-02-13,-0.460041,4451.045472
2006-02-14,0.562675,4476.090393
2006-02-15,0.179505,4484.125199
2006-02-16,0.588237,4510.502482
2006-02-17,0.001753,4510.581551
2006-02-21,0.102928,4515.224222
2006-02-22,0.410684,4533.767525
2006-02-23,0.285486,4546.710797
2006-02-24,0.121104,4552.217046
2006-02-27,0.472289,4573.716666
2006-02-28,-0.748667,4539.474759
2006-03-01,0.562196,4564.995504
2006-03-02,-0.101738,4560.351169
2006-03-03,-0.228955,4549.910017
2006-03-06,-0.233109,4539.303767
2006-03-07,-0.933404,4496.933724
2006-03-08,-0.235942,4486.323569
2006-03-09,0.246889,4497.399808
2006-03-10,0.366468,4513.881340
2006-03-13,0.748076,4547.648602
2006-03-14,0.902305,4588.682263
2006-03-15,0.462608,4609.909874
2006-03-16,0.332722,4625.248059
2006-03-17,0.323759,4640.222716
2006-03-20,0.129573,4646.235191
2006-03-21,-0.619605,4617.446886
2006-03-22,0.318957,4632.174556
2006-03-23,-0.474342,4610.202206
2006-03-24,0.389661,4628.166367
2006-03-27,-0.075646,4624.665344
2006-03-28,-0.354285,4608.280848
2006-03-29,0.267746,4620.619336
2006-03-30,0.849792,4659.884989
2006-03-31,-0.492835,4636.919445
2006-04-03,0.705429,4669.629620
2006-04-04,0.570948,4696.290776
2006-04-05,0.434980,4716.718702
2006-04-06,0.223094,4727.241419
2006-04-07,-0.861198,4686.530510
2006-04-10,0.041702,4688.484887
2006-04-11,-0.702793,4655.534543
2006-04-12,-0.279957,4642.501048
2006-04-13,0.107781,4647.504783
2006-04-17,0.423667,4667.194742
2006-04-18,1.115100,4719.238630
2006-04-19,0.758514,4755.034716
2006-04-20,0.055565,4757.676851
2006-04-21,0.462991,4779.704467
2006-04-24,-0.310587,4764.859326
2006-04-25,-0.104867,4759.862561
2006-04-26,0.441328,4780.869167
2006-04-27,0.314127,4795.887168
2006-04-28,-0.047603,4793.604182
2006-05-01,0.154858,4801.027461
2006-05-02,0.812895,4840.054774
2006-05-03,-0.474269,4817.099894
2006-05-04,0.500218,4841.195895
2006-05-05,1.131409,4895.969621
2006-05-08,0.284601,4909.903599
2006-05-09,0.274689,4923.390565
2006-05-10,-0.203329,4913.379884
2006-05-11,-0.787647,4874.679795
2006-05-12,-1.320659,4810.301897
2006-05-15,-0.946015,4764.795720
2006-05-16,-0.227426,4753.959335
2006-05-17,-1.648621,4675.584563
2006-05-18,-0.973359,4630.074340
2006-05-19,-0.262333,4617.928127
2006-05-22,-1.274798,4559.058872
2006-05-23,0.556490,4584.429579
2006-05-24,-0.668047,4553.803434
2006-05-25,0.962360,4597.627417
2006-05-26,1.074867,4647.045797
2006-05-30,-0.975940,4601.693410
2006-05-31,0.151601,4608.669623
2006-06-01,0.701769,4641.011838
2006-06-02,0.908953,4683.196454
2006-06-05,-1.213353,4626.372749
2006-06-06,-1.546176,4554.840884
2006-06-07,-0.691713,4523.334458
2006-06-08,-1.855687,4439.395528
2006-06-09,0.656184,4468.526131
2006-06-12,-1.140152,4417.578141
2006-06-13,-2.164576,4321.956305
2006-06-14,0.606215,4348.156652
2006-06-15,2.110110,4439.907541
2006-06-16,0.256264,4451.285425
2006-06-19,-0.700896,4420.086544
2006-06-20,0.027211,4421.289294
2006-06-21,0.777945,4455.684493
2006-06-22,0.015357,4456.368752
2006-06-23,-0.185923,4448.083338
2006-06-26,0.282310,4460.640722
2006-06-27,-0.428712,4441.517420
2006-06-28,-0.033790,4440.016631
2006-06-29,2.038285,4530.516824
2006-06-30,1.722518,4608.555792
2006-07-03,0.698957,4640.767615
2006-07-05,-1.080929,4590.604197
2006-07-06,0.470172,4612.187932
2006-07-07,-0.044611,4610.130389
2006-07-10,0.098633,4614.677499
2006-07-11,-0.154575,4607.544361
2006-07-12,-0.849470,4568.404654
2006-07-13,-1.306276,4508.728681
2006-07-14,-1.211182,4454.119771
2006-07-17,-0.747863,4420.809057
2006-07-18,-0.360988,4404.850467
2006-07-19,1.889335,4488.072848
2006-07-20,0.355447,4504.025569
2006-07-21,-0.652402,4474.641216
2006-07-24,1.174411,4527.191894
2006-07-25,0.666385,4557.360422
2006-07-26,0.021150,4558.324304
2006-07-27,0.842610,4596.733200
2006-07-28,1.025351,4643.865850
2006-07-31,-0.058508,4641.148817
2006-08-01,-0.656323,4610.687890
2006-08-02,0.945564,4654.284895
2006-08-03,-0.227581,4643.692627
2006-08-04,0.666275,4674.632390
2006-08-07,-0.805173,4636.993512
2006-08-08,0.032252,4638.489035
2006-08-09,0.301144,4652.457566
2006-08-10,-0.355433,4635.921197
2006-08-11,-0.244131,4624.603476
2006-08-14,0.318783,4639.345926
2006-08-15,1.129442,4691.744647
2006-08-16,1.043200,4740.688927
2006-08-17,0.234117,4751.787686
2006-08-18,-0.046788,4749.564420
2006-08-21,-0.081165,4745.709436
2006-08-22,0.032024,4747.229202
2006-08-23,-0.437221,4726.473319
2006-08-24,-0.044180,4724.385163
2006-08-25,-0.221179,4713.935815
2006-08-28,0.376283,4731.673554
2006-08-29,0.271731,4744.530978
2006-08-30,0.427700,4764.823337
2006-08-31,-0.021072,4763.819293
2006-09-01,0.484034,4786.877798
2006-09-05,0.498047,4810.718688
2006-09-06,-1.075505,4758.979168
2006-09-07,-0.970691,4712.784185
2006-09-08,0.095185,4717.270049
2006-09-11,-0.610181,4688.486163
2006-09-12,0.853497,4728.502252
2006-09-13,0.382914,4746.608349
2006-09-14,0.231057,4757.575720
2006-09-15,-0.077858,4753.871567
2006-09-18,0.281110,4767.235175
2006-09-19,-0.193042,4758.032409
2006-09-20,0.282213,4771.460195
2006-09-21,0.024858,4772.646284
2006-09-22,-0.477769,4749.844060
2006-09-25,0.174551,4758.134960
2006-09-26,0.609909,4787.155254
2006-09-27,0.706716,4820.986846
2006-09-28,0.178720,4829.602913
2006-09-29,-0.185739,4820.632457
2006-10-02,0.178071,4829.216606
2006-10-03,-0.204697,4819.331344
2006-10-04,0.537316,4845.226383
2006-10-05,0.739932,4881.077763
2006-10-06,-0.460232,4858.613481
2006-10-09,0.102744,4863.605415
2006-10-10,0.188147,4872.756143
2006-10-11,-0.166023,4864.666247
2006-10-12,0.697806,4898.612180
2006-10-13,0.337649,4915.152295
2006-10-16,0.514015,4940.416915
2006-10-17,-0.524248,4914.516878
2006-10-18,0.293254,4928.928895
2006-10-19,0.313351,4944.373743
2006-10-20,0.207272,4954.622046
2006-10-23,0.299316,4969.452022
2006-10-24,0.060914,4972.479114
2006-10-25,0.455415,4995.124530
2006-10-26,0.620399,5026.114233
2006-10-27,-0.345020,5008.773133
2006-10-30,-0.342815,4991.602308
2006-10-31,0.216087,5002.388511
2006-11-01,-0.136149,4995.577809
2006-11-02,-0.159194,4987.625149
2006-11-03,-0.127164,4981.282686
2006-11-06,0.910799,5026.652158
2006-11-07,0.632647,5058.453123
2006-11-08,-0.168912,5049.908788
2006-11-09,-0.236606,5037.960401
2006-11-10,0.231197,5049.608014
2006-11-13,-0.111656,5043.969824
2006-11-14,0.493419,5068.857729
2006-11-15,0.281191,5083.110901
2006-11-16,0.103619,5088.377970
2006-11-17,-0.203097,5078.043627
2006-11-20,-0.252927,5065.199883
2006-11-21,0.306729,5080.736320
2006-11-22,0.726965,5117.671495
2006-11-24,-0.040394,5115.604247
2006-11-27,-0.961287,5066.428608
2006-11-28,-0.022875,5065.269663
2006-11-29,1.216814,5126.904573
2006-11-30,0.377722,5146.270019
2006-12-01,-0.120715,5140.057700
2006-12-04,0.607419,5171.279387
2006-12-05,0.432520,5193.646204
2006-12-06,0.146759,5201.268347
2006-12-07,-0.030675,5199.672858
2006-12-08,-0.004407,5199.443709
2006-12-11,-0.057885,5196.434011
2006-12-12,0.092748,5201.253599
2006-12-13,0.222332,5212.817651
2006-12-14,0.664379,5247.450516
2006-12-15,0.046622,5249.896983
2006-12-18,-0.201995,5239.292453
2006-12-19,-0.124638,5232.762304
2006-12-20,0.340620,5250.586139
2006-12-21,-0.250144,5237.452113
2006-12-22,-0.389556,5217.049304
2006-12-26,0.123659,5223.500665
2006-12-27,0.843158,5267.543029
2006-12-28,0.068252,5271.138232
2006-12-29,-0.165565,5262.411072
2007-01-03,0.401121,5283.519704
2007-01-04,-0.389576,5262.936380
2007-01-05,-1.014910,5209.522312
2007-01-08,0.067984,5213.063954
2007-01-09,-0.018932,5212.077016
2007-01-10,-0.549333,5183.445357
2007-01-11,0.701006,5219.781620
2007-01-12,0.852541,5264.282399
2007-01-16,0.262170,5278.083768
2007-01-17,0.021567,5279.222093
2007-01-18,-0.144093,5271.615103
2007-01-19,0.354808,5290.319215
2007-01-22,-0.147305,5282.526310
2007-01-23,0.416364,5304.520848
2007-01-24,0.672408,5340.188871
2007-01-25,-0.669813,5304.419592
2007-01-26,-0.587722,5273.244351
2007-01-29,0.044255,5275.578025
2007-01-30,0.525497,5303.301029
2007-01-31,0.237724,5315.908249
2007-02-01,0.963707,5367.138028
2007-02-02,0.161455,5375.803541
2007-02-05,-0.175059,5366.392713
2007-02-06,0.369958,5386.246112
2007-02-07,0.320005,5403.482369
2007-02-08,-0.360386,5384.008975
2007-02-09,-0.187834,5373.895976
2007-02-12,-0.561357,5343.729235
2007-02-13,0.711501,5381.749922
2007-02-14,1.138304,5443.010596
2007-02-15,0.368563,5463.071519
2007-02-16,-0.113420,5456.875304
2007-02-20,0.216037,5468.664189
2007-02-21,-0.334634,5450.364179
2007-02-22,0.160092,5459.089776
2007-02-23,0.153980,5467.495683
2007-02-26,0.179704,5477.320991
2007-02-27,-2.525730,5338.978652
2007-02-28,-0.917501,5289.993469
2007-03-01,-0.671570,5254.467460
2007-03-02,-0.748092,5215.159209
2007-03-05,-1.710286,5125.965071
2007-03-06,1.483818,5202.025064
2007-03-07,0.234705,5214.234477
2007-03-08,0.995588,5266.146769
2007-03-09,0.178288,5275.535677
2007-03-12,0.382173,5295.697350
2007-03-13,-1.333174,5225.096490
2007-03-14,-0.963266,5174.764912
2007-03-15,1.058501,5229.539850
2007-03-16,-0.104640,5224.067660
2007-03-19,1.149825,5284.135296
2007-03-20,0.690860,5320.641273
2007-03-21,1.052809,5376.657463
2007-03-22,0.882581,5424.110820
2007-03-23,0.138363,5431.615783
2007-03-26,-0.087680,5426.853342
2007-03-27,-0.375362,5406.482997
2007-03-28,-0.540912,5377.238682
2007-03-29,0.445711,5401.205626
2007-03-30,-0.053420,5398.320302
2007-04-02,0.236368,5411.080204
2007-04-03,0.950674,5462.521936
2007-04-04,0.443882,5486.769088
2007-04-05,0.303630,5503.428565
2007-04-09,-0.042280,5501.101741
2007-04-10,0.580264,5533.022654
2007-04-11,-0.288315,5517.070119
2007-04-12,0.286096,5532.854236
2007-04-13,0.330894,5551.162119
2007-04-16,1.169136,5616.062754
2007-04-17,0.147067,5624.322129
2007-04-18,0.079552,5628.796390
2007-04-19,-0.446059,5603.688637
2007-04-20,0.928827,5655.737210
2007-04-23,-0.167439,5646.267300
2007-04-24,-0.182671,5635.953207
2007-04-25,0.705274,5675.702120
2007-04-26,-0.087284,5670.748140
2007-04-27,-0.141070,5662.748415
2007-04-30,-0.384963,5640.948929
2007-05-01,-0.119420,5634.212508
2007-05-02,0.643783,5670.484610
2007-05-03,0.357770,5690.771903
2007-05-04,0.547049,5721.903214
2007-05-07,0.501423,5750.594153
2007-05-08,-0.573672,5717.604604
2007-05-09,0.447052,5743.165270
2007-05-10,-1.041245,5683.364849
2007-05-11,0.524165,5713.155058
2007-05-14,0.037502,5715.297605
2007-05-15,0.040833,5717.631333
2007-05-16,0.344828,5737.347327
2007-05-17,-0.148680,5728.817039
2007-05-18,0.560817,5760.945219
2007-05-21,0.171272,5770.812105
2007-05-22,0.127067,5778.144902
2007-05-23,0.309083,5796.004166
2007-05-24,-0.972528,5739.636403
2007-05-25,0.169031,5749.338167
2007-05-29,0.386124,5771.537714
2007-05-30,0.127092,5778.872877
2007-05-31,0.606202,5813.904520
2007-06-01,0.627386,5850.380143
2007-06-04,0.300955,5867.987154
2007-06-05,-0.293512,5850.763908
2007-06-06,-1.009034,5791.727711
2007-06-07,-1.319732,5715.292427
2007-06-08,-0.037990,5713.121187
2007-06-11,0.378048,5734.719528
2007-06-12,-0.759082,5691.188304
2007-06-13,0.682380,5730.023835
2007-06-14,0.970015,5785.605925
2007-06-15,1.028444,5845.107642
2007-06-18,0.130962,5852.762512
2007-06-19,0.026092,5854.289615
2007-06-20,-0.457732,5827.492658
2007-06-21,-0.012330,5826.774128
2007-06-22,-0.711327,5785.326711
2007-06-25,-0.316120,5767.038136
2007-06-26,-0.373351,5745.506841
2007-06-27,-0.014108,5744.696265
2007-06-28,0.569641,5777.420410
2007-06-29,0.371660,5798.892771
2007-07-02,0.946226,5853.763402
2007-07-03,0.571529,5887.219358
2007-07-05,0.070635,5891.377809
2007-07-06,0.487563,5920.101987
2007-07-09,0.358882,5941.348167
2007-07-10,-0.733708,5897.756021
2007-07-11,0.111178,5904.313028
2007-07-12,1.317289,5982.089894
2007-07-13,0.607247,6018.415955
2007-07-16,-0.087890,6013.126370
2007-07-17,-0.120167,6005.900576
2007-07-18,-0.493671,5976.251187
2007-07-19,0.707225,6018.516729
2007-07-20,-0.632651,5980.440523
2007-07-23,0.304332,5998.640917
2007-07-24,-1.319408,5919.494369
2007-07-25,-0.513351,5889.106585
2007-07-26,-2.209795,5758.969402
2007-07-27,-1.655218,5663.645904
2007-07-30,0.587576,5696.924128
2007-07-31,0.259073,5711.683321
2007-08-01,-0.858012,5662.676392
2007-08-02,0.565314,5694.688295
2007-08-03,-1.311925,5619.978255
2007-08-06,0.526719,5649.579749
2007-08-07,0.591899,5683.019555
2007-08-08,1.797830,5785.190585
2007-08-09,-2.078331,5664.955176
2007-08-10,-1.677040,5569.951611
2007-08-13,0.580433,5602.281449
2007-08-14,-1.430520,5522.139692
2007-08-15,-1.557778,5436.117015
2007-08-16,-1.808954,5337.780159
2007-08-17,1.546838,5420.346971
2007-08-20,0.912892,5469.828884
2007-08-21,0.336355,5488.226927
2007-08-22,1.352968,5562.480881
2007-08-23,0.657985,5599.081171
2007-08-24,0.784554,5643.008987
2007-08-27,-0.062029,5639.508684
2007-08-28,-1.689210,5544.245540
2007-08-29,0.949118,5596.866972
2007-08-30,0.332429,5615.472581
2007-08-31,1.475056,5698.303946
2007-09-04,0.699492,5738.163118
2007-09-05,-0.998770,5680.852066
2007-09-06,0.510119,5709.831172
2007-09-07,-1.240266,5639.014077
2007-09-10,-0.629944,5603.491446
2007-09-11,1.389684,5681.362270
2007-09-12,0.275112,5696.992379
2007-09-13,0.651368,5734.100765
2007-09-14,-0.078196,5729.616927
2007-09-17,-0.787445,5684.499345
2007-09-18,1.560075,5773.181798
2007-09-19,2.069017,5892.629911
2007-09-20,0.085591,5897.673472
2007-09-21,0.296903,5915.183842
2007-09-24,-0.005883,5914.835851
2007-09-25,-0.106688,5908.525431
2007-09-26,0.492099,5937.601226
2007-09-27,1.005863,5997.325360
2007-09-28,0.144563,6005.995273
2007-10-01,0.966910,6064.067842
2007-10-02,0.289052,6081.596151
2007-10-03,-0.186389,6070.260725
2007-10-04,-0.044979,6067.530383
2007-10-05,1.002611,6128.364110
2007-10-08,-0.422684,6102.460495
2007-10-09,0.745475,6147.952812
2007-10-10,0.259251,6163.891442
2007-10-11,0.415812,6189.521642
2007-10-12,-0.101360,6183.247943
2007-10-15,-0.441169,6155.969370
2007-10-16,-1.040073,6091.942794
2007-10-17,0.334594,6112.326069
2007-10-18,0.132801,6120.443300
2007-10-19,-1.653708,6019.229039
2007-10-22,-0.936953,5962.831692
2007-10-23,1.336754,6042.540083
2007-10-24,-0.331526,6022.507492
2007-10-25,0.578377,6057.340290
2007-10-26,1.512904,6148.982033
2007-10-29,0.964672,6208.299541
2007-10-30,-0.514236,6176.374230
2007-10-31,1.054815,6241.523552
2007-11-01,-1.605655,6141.306217
2007-11-02,-0.476490,6112.043507
2007-11-05,-0.864841,6059.184049
2007-11-06,1.076699,6124.423223
2007-11-07,-1.125390,6055.499576
2007-11-08,-0.676559,6014.530549
2007-11-09,-1.294121,5936.695246
2007-11-12,-1.611532,5841.023502
2007-11-13,1.532824,5930.556113
2007-11-14,0.704960,5972.364161
2007-11-15,-1.384419,5889.681617
2007-11-16,-0.378442,5867.392588
2007-11-19,-1.583651,5774.473566
2007-11-20,0.872637,5824.863759
2007-11-21,-1.932983,5712.270133
2007-11-23,1.389513,5791.642855
2007-11-26,-0.626240,5755.373271
2007-11-27,0.367688,5776.535088
2007-11-28,1.892588,5885.861098
2007-11-29,0.735872,5929.173502
2007-11-30,0.656756,5968.113704
2007-12-03,-0.366294,5946.252862
2007-12-04,-0.575079,5912.057211
2007-12-05,1.162318,5980.774116
2007-12-06,0.877598,6033.261270
2007-12-07,0.357058,6054.803512
2007-12-10,0.554555,6088.380727
2007-12-11,-1.135096,6019.271761
2007-12-12,0.114836,6026.184052
2007-12-13,-1.438789,5939.479979
2007-12-14,-1.223795,5866.792920
2007-12-17,-2.016559,5748.485579
2007-12-18,0.286416,5764.950162
2007-12-19,-0.179518,5754.601038
2007-12-20,0.260625,5769.598967
2007-12-21,1.545513,5858.768869
2007-12-24,0.704066,5900.018469
2007-12-26,0.549428,5932.434797
2007-12-27,-0.390057,5909.294920
2007-12-28,0.249398,5924.032584
2007-12-31,-0.344477,5903.625654
2008-01-02,-0.675315,5863.757578
2008-01-03,-0.163470,5854.172093
2008-01-04,-1.888753,5743.601242
2008-01-07,-0.517109,5713.900563
2008-01-08,-0.455774,5687.858090
2008-01-09,0.227978,5700.825155
2008-01-10,-0.039380,5698.580170
2008-01-11,-0.873112,5648.825183
2008-01-14,0.882913,5698.699395
2008-01-15,-2.294756,5567.928149
2008-01-16,-1.917970,5461.136957
2008-01-17,-1.317438,5389.189864
2008-01-18,-0.715808,5350.613612
2008-01-22,-3.804035,5147.074379
2008-01-23,0.512997,5173.478716
2008-01-24,3.024808,5329.966514
2008-01-25,0.223413,5341.874352
2008-01-28,0.048274,5344.453088
2008-01-29,1.072365,5401.765133
2008-01-30,-0.650023,5366.652417
2008-01-31,1.021057,5421.448997
2008-02-01,1.606525,5508.545931
2008-02-04,0.029529,5510.172549
2008-02-05,-3.017699,5343.892127
2008-02-06,-0.885162,5296.590025
2008-02-07,-0.619681,5263.768063
2008-02-08,-0.119365,5257.484966
2008-02-11,-0.117811,5251.291070
2008-02-12,1.665601,5338.756627
2008-02-13,0.581033,5369.776565
2008-02-14,0.275159,5384.551988
2008-02-15,-0.412036,5362.365696
2008-02-19,1.067928,5419.631882
2008-02-20,-0.745346,5379.236873
2008-02-21,0.418280,5401.737145
2008-02-22,0.059210,5404.935513
2008-02-25,1.522145,5487.206469
2008-02-26,1.050337,5544.840629
2008-02-27,0.841151,5591.481111
2008-02-28,-0.736886,5550.278270
2008-02-29,-1.999004,5439.327985
2008-03-03,-1.057958,5381.782180
2008-03-04,-0.623836,5348.208685
2008-03-05,0.875865,5395.051773
2008-03-06,-0.899375,5346.530026
2008-03-07,-1.405691,5271.374335
2008-03-10,-1.520965,5191.198576
2008-03-11,2.171130,5303.906246
2008-03-12,0.788501,5345.727600
2008-03-13,-0.458879,5321.197178
2008-03-14,-1.349405,5249.392677
2008-03-17,-2.343333,5126.381926
2008-03-18,3.187106,5289.765152
2008-03-19,-1.482103,5211.365384
2008-03-20,0.051263,5214.036887
2008-03-24,1.085856,5270.653820
2008-03-25,2.306496,5392.221240
2008-03-26,0.012059,5392.871487
2008-03-27,-0.183998,5382.948712
2008-03-28,0.000000,5382.948712
2008-03-31,-1.557113,5299.130113
2008-04-01,2.696723,5442.032951
2008-04-02,1.097781,5501.774531
2008-04-03,0.574050,5533.357464
2008-04-04,-0.061884,5529.933177
2008-04-07,0.586608,5562.372182
2008-04-08,0.618090,5596.752636
2008-04-09,-1.861999,5492.541185
2008-04-10,0.000000,5492.541185
2008-04-11,-1.584492,5405.512318
2008-04-14,0.397339,5426.990547
2008-04-15,0.277178,5442.032951
2008-04-16,1.362394,5516.174881
2008-04-17,1.344082,5590.316811
2008-04-18,1.095460,5651.556516
2008-04-21,0.456320,5677.345678
2008-04-22,-0.908494,5625.767354
2008-04-23,0.248363,5639.739669
2008-04-24,0.039846,5641.986857
2008-04-25,0.398026,5664.443454
2008-04-28,0.819345,5710.854773
2008-04-29,-1.151305,5645.105404
2008-04-30,1.351296,5721.387514
2008-05-01,-0.300322,5704.204930
2008-05-02,0.621481,5739.655474
2008-05-05,0.280722,5755.767967
2008-05-06,0.675938,5794.673372
2008-05-07,-1.672563,5697.753818
2008-05-08,0.339398,5717.091868
2008-05-09,-0.432104,5692.388082
2008-05-12,1.019153,5750.402232
2008-05-13,0.112185,5756.853344
2008-05-14,0.223854,5769.740282
2008-05-15,1.061394,5830.979987
2008-05-16,0.847591,5880.402845
2008-05-19,-0.036395,5878.262665
2008-05-20,-0.987187,5820.233229
2008-05-21,-0.690251,5780.059004
2008-05-22,0.156042,5789.078331
2008-05-23,-1.559047,5698.823908
2008-05-27,0.773091,5742.881030
2008-05-28,-0.018633,5741.810940
2008-05-29,0.617410,5777.261484
2008-05-30,-0.111664,5770.810371
2008-06-02,-0.763183,5726.768536
2008-06-03,-0.243983,5712.796222
2008-06-04,-1.015512,5654.782073
2008-06-05,2.147020,5776.191394
2008-06-06,-2.641524,5623.611888
2008-06-09,-0.611359,5589.231434
2008-06-10,-0.976424,5534.656859
2008-06-11,-1.207568,5467.822113
2008-06-12,0.058992,5471.047669
2008-06-13,0.687364,5508.653679
2008-06-16,0.663246,5545.189599
2008-06-17,-0.015714,5544.318240
2008-06-18,-0.720742,5504.358033
2008-06-19,-1.327527,5431.286193
2008-06-20,-0.714069,5392.503084
2008-06-23,0.340750,5410.878053
2008-06-24,-0.992787,5357.159550
2008-06-25,1.082927,5415.173699
2008-06-26,-2.500042,5279.792064
2008-06-27,0.183277,5289.468732
2008-06-30,0.385826,5309.876871
2008-07-01,-0.768974,5269.045305
2008-07-02,-1.569885,5186.327371
2008-07-03,-0.414427,5164.833855
2008-07-07,0.395136,5185.241994
2008-07-08,-0.290100,5170.199590
2008-07-09,-0.228557,5158.382742
2008-07-10,-0.337249,5140.986141
2008-07-11,-0.727331,5103.594149
2008-07-14,-0.400177,5083.170723
2008-07-15,-1.035740,5030.522309
2008-07-16,0.961188,5078.875077
2008-07-17,1.332792,5146.565894
2008-07-18,0.083466,5150.861540
2008-07-21,0.437758,5173.409859
2008-07-22,-0.041073,5171.284967
2008-07-23,1.350361,5241.115964
2008-07-24,-2.111431,5130.453401
2008-07-25,-0.017282,5129.566755
2008-07-28,-1.197731,5068.128319
2008-07-29,1.123572,5125.072378
2008-07-30,0.587012,5155.157186
2008-07-31,-0.249981,5142.270249
2008-08-01,-1.170098,5082.100633
2008-08-04,-1.014902,5030.522309
2008-08-05,1.631862,5112.613477
2008-08-06,1.126354,5170.199590
2008-08-07,-1.911836,5071.353875
2008-08-08,1.122857,5128.297934
2008-08-11,0.146661,5135.819136
2008-08-12,-0.774199,5096.057660
2008-08-13,-0.484763,5071.353875
2008-08-14,0.084704,5075.649521
2008-08-15,-0.402079,5055.241381
2008-08-18,-0.913850,5009.044080
2008-08-19,-1.244251,4946.718997
2008-08-20,0.586545,4975.733715
2008-08-21,1.014784,5026.226663
2008-08-22,0.342163,5043.424533
2008-08-25,-1.683156,4958.535845
2008-08-26,0.476626,4982.169541
2008-08-27,0.711855,5017.635371
2008-08-28,1.241816,5079.945166
2008-08-29,-0.465235,5056.311471
2008-09-02,-1.359903,4987.550563
2008-09-03,-1.376505,4918.896665
2008-09-04,-2.645368,4788.773756
2008-09-05,-0.381155,4770.521083
2008-09-08,1.080868,4822.084120
2008-09-09,-2.874425,4683.476928
2008-09-10,1.491334,4753.323212
2008-09-11,-0.067859,4750.097656
2008-09-12,1.176270,4805.971626
2008-09-15,-4.717176,4579.265477
2008-09-16,0.727417,4612.575841
2008-09-17,-4.309453,4413.799034
2008-09-18,3.943490,4587.856769
2008-09-19,5.573863,4843.577636
2008-09-22,-2.129761,4740.420988
2008-09-23,-2.153211,4638.349716
2008-09-24,-0.046141,4636.209537
2008-09-25,2.354605,4745.373975
2008-09-26,-0.511889,4721.082938
2008-09-29,-9.353690,4279.487488
2008-09-30,3.665746,4436.362640
2008-10-01,0.411778,4454.630600
2008-10-02,-4.196980,4267.670640
2008-10-03,-1.812516,4190.318441
2008-10-06,-5.128233,3975.429140
2008-10-07,-4.459476,3798.145849
2008-10-08,-2.150079,3716.482717
2008-10-09,-6.215603,3485.480922
2008-10-10,-2.153480,3410.421772
2008-10-13,12.408278,3833.596392
2008-10-14,-0.644402,3808.892607
2008-10-15,-9.534474,3445.734733
2008-10-16,3.866408,3578.960902
2008-10-17,-1.591078,3522.016842
2008-10-20,5.765800,3725.089295
2008-10-21,-4.269176,3566.058677
2008-10-22,-7.290997,3306.057451
2008-10-23,0.604348,3326.037555
2008-10-24,-4.347966,3181.422574
2008-10-27,-4.795952,3028.843068
2008-10-28,10.677730,3352.254753
2008-10-29,1.634380,3407.043346
2008-10-30,4.730518,3568.214144
2008-10-31,1.445494,3619.792468
2008-11-03,-0.564215,3599.369041
2008-11-04,5.403201,3793.850203
2008-11-05,-5.267654,3594.003306
2008-11-06,-6.547371,3358.690578
2008-11-07,4.958832,3525.242398
2008-11-10,-1.036409,3488.706478
2008-11-11,-2.587045,3398.452054
2008-11-12,-5.469390,3212.577472
2008-11-13,7.023521,3438.213531
2008-11-14,-5.187830,3259.844863
2008-11-17,-1.120318,3223.324230
2008-11-18,-0.933347,3193.239422
2008-11-19,-5.350287,3022.391956
2008-11-20,-6.611704,2822.560346
2008-11-21,5.938106,2990.166968
2008-11-24,7.294404,3208.281826
2008-11-25,0.133892,3212.577472
2008-11-26,2.474887,3292.085137
2008-11-28,0.326442,3302.831895
2008-12-01,-8.458032,3023.477332
2008-12-02,4.832618,3169.590439
2008-12-03,1.118940,3205.056270
2008-12-04,-1.810559,3147.026833
2008-12-05,1.672957,3199.675247
2008-12-08,4.029966,3328.621057
2008-12-09,-1.194533,3288.859581
2008-12-10,2.744247,3379.114005
2008-12-11,-1.017440,3344.733551
2008-12-12,0.610157,3365.141690
2008-12-15,-0.542859,3346.873730
2008-12-16,5.682483,3537.059246
2008-12-17,-0.516473,3518.791286
2008-12-18,-3.572391,3393.086319
2008-12-19,0.126600,3397.381965
2008-12-22,-1.515029,3345.910650
2008-12-23,-1.351926,3300.676429
2008-12-24,0.748909,3325.395501
2008-12-26,1.390147,3371.623377
2008-12-29,-0.609372,3351.077654
2008-12-30,3.000762,3451.635513
2008-12-31,1.566507,3505.705618
2009-01-02,2.189896,3582.476911
2009-01-05,-0.452745,3566.257408
2009-01-06,1.273539,3611.675073
2009-01-07,-2.754616,3512.187304
2009-01-08,0.061806,3514.358057
2009-01-09,-2.584692,3423.522728
2009-01-12,-2.305872,3344.580681
2009-01-13,-1.001892,3311.071586
2009-01-14,-3.363897,3199.690534
2009-01-15,0.506908,3215.910037
2009-01-16,0.806678,3241.852069
2009-01-20,-6.704045,3024.516848
2009-01-21,4.433179,3158.599089
2009-01-22,-2.327945,3085.068639
2009-01-23,0.455379,3099.117388
2009-01-26,1.256357,3138.053367
2009-01-27,1.585183,3187.797251
2009-01-28,3.595646,3302.419146
2009-01-29,-4.191586,3163.995399
2009-01-30,-1.811347,3106.684451
2009-02-02,-0.138763,3102.373518
2009-02-03,2.021267,3165.080775
2009-02-04,0.239080,3172.647838
2009-02-05,1.158818,3209.413063
2009-02-06,2.695481,3295.922173
2009-02-09,0.065862,3298.092926
2009-02-10,-4.590141,3146.705806
2009-02-11,0.652928,3167.251529
2009-02-12,0.204647,3173.733215
2009-02-13,-1.260537,3133.727147
2009-02-17,-4.762114,2984.495493
2009-02-18,-0.688415,2963.949770
2009-02-19,-0.802529,2940.163205
2009-02-20,-1.250448,2903.397980
2009-02-23,-3.277592,2808.236430
2009-02-24,3.658118,2910.965043
2009-02-25,-1.671559,2862.306535
2009-02-26,-0.906867,2836.349216
2009-02-27,-1.105422,2804.995587
2009-03-02,-5.589981,2648.196871
2009-03-03,-0.408123,2637.388964
2009-03-04,4.017968,2743.358420
2009-03-05,-4.020462,2633.062745
2009-03-06,-0.205525,2627.651148
2009-03-09,-1.522503,2587.645080
2009-03-10,6.310000,2750.925483
2009-03-11,0.432338,2762.818766
2009-03-12,3.405079,2856.894938
2009-03-13,0.567732,2873.114441
2009-03-16,0.527282,2888.263854
2009-03-17,3.032244,2975.843053
2009-03-18,2.144196,3039.650974
2009-03-19,-0.605012,3021.260718
2009-03-20,-1.610537,2972.602210
2009-03-23,7.639378,3199.690534
2009-03-24,-2.703671,3113.181424
2009-03-25,1.285054,3153.187493
2009-03-26,2.194739,3222.391723
2009-03-27,-3.020024,3125.074707
2009-03-30,-3.806249,3006.126592
2009-03-31,1.906472,3063.437540
2009-04-01,2.364829,3135.882613
2009-04-02,4.000312,3261.327701
2009-04-03,0.862004,3289.440487
2009-04-06,-1.019151,3255.916105
2009-04-07,-2.258364,3182.385655
2009-04-08,1.019330,3214.824660
2009-04-09,3.430846,3325.120335
2009-04-13,1.496003,3374.864220
2009-04-14,-1.345763,3329.446555
2009-04-15,0.552352,3347.836811
2009-04-16,1.421011,3395.409942
2009-04-17,-0.254828,3386.757503
2009-04-20,-4.086754,3248.349042
2009-04-21,1.997261,3313.227052
2009-04-22,-0.717927,3289.440487
2009-04-23,1.873789,3351.077654
2009-04-24,2.032745,3419.196508
2009-04-27,-1.770936,3358.644717
2009-04-28,-0.257617,3349.992277
2009-04-29,2.324085,3427.848948
2009-04-30,0.788466,3454.876356
2009-05-01,0.563714,3474.351989
2009-05-04,4.606314,3634.391549
2009-05-05,-0.744078,3607.348853
2009-05-06,2.128192,3684.120146
2009-05-07,-1.555621,3626.809199
2009-05-08,3.250185,3744.687224
2009-05-11,-2.368151,3656.007361
2009-05-12,0.503015,3674.397617
2009-05-13,-3.178552,3557.604969
2009-05-14,0.972839,3592.214727
2009-05-15,-0.722599,3566.257408
2009-05-18,3.456686,3689.531743
2009-05-19,0.410191,3704.665869
2009-05-20,0.292150,3715.489062
2009-05-21,-1.309612,3666.830554
2009-05-22,0.294748,3677.638460
2009-05-26,2.176055,3757.665884
2009-05-27,-1.669189,3694.943340
2009-05-28,1.316895,3743.601847
2009-05-29,1.964163,3817.132298
2009-06-01,2.294772,3904.726784
2009-06-02,0.082998,3907.967627
2009-06-03,-1.937099,3832.266424
2009-06-04,0.874793,3865.790806
2009-06-05,-0.559552,3844.159706
2009-06-08,-0.140377,3838.763397
2009-06-09,1.013886,3877.684088
2009-06-10,-0.139163,3872.287779
2009-06-11,1.284218,3922.016376
2009-06-12,-0.137590,3916.620067
2009-06-15,-3.175179,3792.260355
2009-06-16,-1.283100,3743.601847
2009-06-17,-0.404266,3728.467722
2009-06-18,0.260765,3738.190251
2009-06-19,0.549617,3758.735973
2009-06-22,-2.991728,3646.284832
2009-06-23,0.376485,3660.012554
2009-06-24,0.476568,3677.455016
2009-06-25,2.637585,3774.451005
2009-06-26,-0.317530,3762.466000
2009-06-29,0.724437,3789.722714
2009-06-30,-0.805551,3759.194583
2009-07-01,1.362705,3810.421306
2009-07-02,-3.031786,3694.897479
2009-07-06,-0.088539,3691.626061
2009-07-07,-2.007967,3617.499418
2009-07-08,-0.270877,3607.700454
2009-07-09,0.875855,3639.298675
2009-07-10,-0.838426,3608.785831
2009-07-13,1.691455,3669.826805
2009-07-14,0.801876,3699.254272
2009-07-15,3.565068,3831.135186
2009-07-16,0.825173,3862.748693
2009-07-17,0.000000,3862.748693
2009-07-20,1.946716,3937.945426
2009-07-21,0.442933,3955.387888
2009-07-22,-0.358272,3941.216843
2009-07-23,2.461455,4038.228119
2009-07-24,0.431555,4055.655294
2009-07-27,0.268751,4066.554922
2009-07-28,-0.589443,4042.584913
2009-07-29,-0.755164,4012.056782
2009-07-30,1.983242,4091.625596
2009-07-31,0.532777,4113.424852
2009-08-03,2.384793,4211.521504
2009-08-04,-0.233033,4201.707253
2009-08-05,-0.285241,4189.722248
2009-08-06,-0.676467,4161.380158
2009-08-07,0.759688,4192.993665
2009-08-10,-0.753960,4161.380158
2009-08-11,-0.890466,4124.324480
2009-08-12,1.136427,4171.194409
2009-08-13,1.175699,4220.235092
2009-08-14,-0.903766,4182.094037
2009-08-17,-3.179419,4049.127747
2009-08-18,1.157154,4095.982390
2009-08-19,1.117792,4141.766942
2009-08-20,0.973669,4182.094037
2009-08-21,2.006784,4266.019645
2009-08-24,0.000000,4266.019645
2009-08-25,0.434312,4284.547484
2009-08-26,-0.330748,4270.376439
2009-08-27,0.331845,4284.547484
2009-08-28,0.000000,4284.547484
2009-08-31,-1.144594,4235.506801
2009-09-01,-2.110328,4146.123736
2009-09-02,0.078903,4149.395153
2009-09-03,0.814197,4183.179414
2009-09-04,1.406943,4242.034348
2009-09-08,1.593193,4309.618157
2009-09-09,0.986471,4352.131292
2009-09-10,1.126820,4401.171975
2009-09-11,-0.123653,4395.729805
2009-09-14,0.222920,4405.528769
2009-09-15,0.395922,4422.971231
2009-09-16,1.823530,4503.625422
2009-09-17,-0.290559,4490.539753
2009-09-18,0.121532,4495.997211
2009-09-21,-0.848334,4457.856156
2009-09-22,1.173481,4510.168256
2009-09-23,-1.159870,4457.856156
2009-09-24,-1.076091,4409.885563
2009-09-25,-0.518939,4387.000930
2009-09-28,1.281989,4443.241788
2009-09-29,0.083604,4446.956528
2009-09-30,-0.122723,4441.499070
2009-10-01,-2.601354,4325.959956
2009-10-02,-0.806055,4291.090318
2009-10-05,1.600274,4359.759503
2009-10-06,1.699896,4433.870859
2009-10-07,0.319609,4448.041905
2009-10-08,1.298764,4505.811462
2009-10-09,0.120781,4511.253633
2009-10-12,-0.024059,4510.168256
2009-10-13,0.072534,4513.439673
2009-10-14,2.052519,4606.078868
2009-10-15,0.378684,4623.521330
2009-10-16,-0.919497,4581.008195
2009-10-19,1.094548,4631.149541
2009-10-20,-0.635425,4601.722074
2009-10-21,-0.450133,4581.008195
2009-10-22,1.023136,4627.878124
2009-10-23,-1.719337,4548.309311
2009-10-26,-1.102081,4498.183251
2009-10-27,-0.484624,4476.383995
2009-10-28,-2.897655,4346.673835
2009-10-29,2.984125,4476.383995
2009-10-30,-3.457720,4321.603162
2009-11-02,1.109665,4369.558468
2009-11-03,-0.124547,4364.116297
2009-11-04,1.323740,4421.885855
2009-11-05,1.552593,4490.539753
2009-11-06,0.194384,4499.268628
2009-11-09,2.713033,4621.335290
2009-11-10,-0.282827,4608.264908
2009-11-11,0.402057,4626.792747
2009-11-12,-1.342752,4564.666396
2009-11-13,1.002686,4610.435662
2009-11-16,1.654885,4686.733058
2009-11-17,-0.278880,4673.662677
2009-11-18,0.069997,4676.934094
2009-11-19,-2.074249,4579.922818
2009-11-20,-0.333115,4564.666396
2009-11-23,1.551919,4635.506335
2009-11-24,-0.423108,4615.893119
2009-11-25,0.991558,4661.662385
2009-11-27,-2.384708,4550.495351
2009-11-30,0.095743,4554.852145
2009-12-01,2.153674,4652.948797
2009-12-02,0.468504,4674.748054
2009-12-03,-0.816222,4636.591712
2009-12-04,0.446748,4657.305591
2009-12-07,-0.444761,4636.591712
2009-12-08,-1.410141,4571.209230
2009-12-09,-0.286263,4558.123562
2009-12-10,0.717376,4590.822446
2009-12-11,0.237422,4601.722074
2009-12-14,0.663074,4632.234918
2009-12-15,-0.799952,4595.179240
2009-12-16,0.640399,4624.606707
2009-12-17,-1.602544,4550.495351
2009-12-18,0.263378,4562.480356
2009-12-21,0.573286,4588.636406
2009-12-22,0.621989,4617.177227
2009-12-23,0.570136,4643.501434
2009-12-24,0.401639,4662.151569
2009-12-28,0.000000,4662.151569
2009-12-29,0.282646,4675.328959
2009-12-30,-0.586914,4647.888802
2009-12-31,-0.165109,4640.214730
2010-01-04,2.057060,4735.666732
2010-01-05,0.834130,4775.168330
2010-01-06,-0.023050,4774.067666
2010-01-07,-0.482555,4751.030163
2010-01-08,0.623574,4780.656361
2010-01-11,0.642733,4811.383223
2010-01-12,-1.254381,4751.030163
2010-01-13,0.831432,4790.531760
2010-01-14,0.206144,4800.407160
2010-01-15,-0.982743,4753.231490
2010-01-19,1.153946,4808.081232
2010-01-20,-2.167741,4703.854494
2010-01-21,-1.889484,4614.975900
2010-01-22,-2.306146,4508.547834
2010-01-25,1.060941,4556.380844
2010-01-26,-0.592506,4529.384010
2010-01-27,0.000000,4529.384010
2010-01-28,-1.695636,4452.582142
2010-01-29,-1.306023,4394.430410
2010-02-01,1.847549,4475.619645
2010-02-02,1.618319,4548.049432
2010-02-03,-0.844675,4509.633211
2010-02-04,-3.625109,4346.154077
2010-02-05,-0.302845,4332.991974
2010-02-08,-0.759941,4300.063785
2010-02-09,2.041317,4387.841715
2010-02-10,-0.024736,4386.756338
2010-02-11,0.975397,4429.544640
2010-02-12,-0.470736,4408.693177
2010-02-16,2.090536,4500.858475
2010-02-17,0.243866,4511.834538
2010-02-18,0.510602,4534.872041
2010-02-19,-0.362718,4518.423234
2010-02-22,0.145480,4524.996642
2010-02-23,-1.115191,4474.534269
2010-02-24,0.465661,4495.370444
2010-02-25,-0.659038,4465.744246
2010-02-26,0.540861,4489.897699
2010-03-01,1.392885,4552.436800
2010-03-02,0.361319,4568.885607
2010-03-03,0.624678,4597.426428
2010-03-04,-0.310566,4583.148374
2010-03-05,2.011294,4675.328959
2010-03-08,-0.093841,4670.941592
2010-03-09,-0.131566,4664.796219
2010-03-10,0.390302,4683.003031
2010-03-11,0.515442,4707.141198
2010-03-12,0.349768,4723.605292
2010-03-15,-0.278969,4710.427902
2010-03-16,1.001840,4757.618858
2010-03-17,0.738063,4792.733088
2010-03-18,-0.618148,4763.106890
2010-03-19,-0.829324,4723.605292
2010-03-22,0.394828,4742.255427
2010-03-23,0.647938,4772.982289
2010-03-24,-1.218352,4714.830557
2010-03-25,-0.046689,4712.629229
2010-03-26,0.535557,4737.868060
2010-03-29,1.042178,4787.245056
2010-03-30,0.114639,4792.733088
2010-03-31,-0.389453,4774.067666
2010-04-01,1.425250,4842.110084
2010-04-05,0.656676,4873.907036
2010-04-06,0.225514,4884.898386
2010-04-07,-0.718832,4849.784156
2010-04-08,0.294091,4864.046924
2010-04-09,0.789485,4902.447857
2010-04-12,0.178987,4911.222593
2010-04-13,-0.245589,4899.161153
2010-04-14,1.433479,4969.389612
2010-04-15,-0.375608,4950.724190
2010-04-16,-1.728567,4865.147587
2010-04-19,-0.180359,4856.372852
2010-04-20,1.129438,4911.222593
2010-04-21,-0.580823,4882.697059
2010-04-22,0.089855,4887.084426
2010-04-23,0.875851,4929.888015
2010-04-26,-0.556608,4902.447857
2010-04-27,-2.820134,4764.192266
2010-04-28,0.207284,4774.067666
2010-04-29,1.447985,4843.195461
2010-04-30,-1.653631,4763.106890
2010-05-03,1.197770,4820.157958
2010-05-04,-3.300551,4661.066192
2010-05-05,-1.930444,4571.086935
2010-05-06,-3.264686,4421.855281
2010-05-07,-1.364535,4361.517508
2010-05-10,5.534350,4602.899173
2010-05-11,-0.691135,4571.086935
2010-05-12,1.512284,4640.214730
2010-05-13,-0.922119,4597.426428
2010-05-14,-2.267400,4493.184403
2010-05-17,0.048652,4495.370444
2010-05-18,-1.757095,4416.382536
2010-05-19,-0.298375,4403.205146
2010-05-20,-4.086642,4223.261917
2010-05-21,2.052377,4309.939184
2010-05-24,-1.705712,4236.424021
2010-05-25,-0.233107,4226.548621
2010-05-26,-0.752677,4194.736383
2010-05-27,4.368092,4377.966316
2010-05-28,-1.403356,4316.527879
2010-06-01,-1.372687,4257.275483
2010-06-02,3.092750,4388.942379
2010-06-03,0.000000,4388.942379
2010-06-04,-3.925072,4216.673222
2010-06-07,-1.379090,4158.521490
2010-06-08,1.530346,4222.161254
2010-06-09,-0.337807,4207.898486
2010-06-10,3.311778,4347.254741
2010-06-11,0.353405,4362.618172
2010-06-14,0.000000,4362.618172
2010-06-15,2.615451,4476.720309
2010-06-16,-0.024586,4475.619645
2010-06-17,0.122621,4481.107677
2010-06-18,-0.146692,4474.534269
2010-06-21,0.318754,4488.797036
2010-06-22,-1.320006,4429.544640
2010-06-23,-0.194990,4420.907487
2010-06-24,-1.627973,4348.936310
2010-06-25,0.661895,4377.721724
2010-06-28,-0.834588,4341.185803
2010-06-29,-3.162206,4203.908580
2010-06-30,-0.974549,4162.939431
2010-07-01,0.611783,4188.407567
2010-07-02,-0.396737,4171.790602
2010-07-06,1.274102,4224.943487
2010-07-07,2.803799,4343.402418
2010-07-08,1.070659,4389.905459
2010-07-09,0.595126,4416.030935
2010-07-12,-0.491216,4394.338688
2010-07-13,1.561978,4462.977300
2010-07-14,0.371987,4479.578977
2010-07-15,0.098965,4484.012206
2010-07-16,-2.765561,4360.004095
2010-07-19,0.634971,4387.688845
2010-07-20,1.009334,4431.975272
2010-07-21,-1.723591,4355.586154
2010-07-22,2.923266,4482.911542
2010-07-23,0.765558,4517.230848
2010-07-26,0.906953,4558.199997
2010-07-27,0.242810,4569.267782
2010-07-28,-0.727001,4536.049140
2010-07-29,0.317465,4550.449490
2010-07-30,0.024188,4551.550154
2010-08-02,2.821589,4679.976206
2010-08-03,-0.212647,4670.024372
2010-08-04,0.142067,4676.658928
2010-08-05,-0.260522,4664.475192
2010-08-06,-0.118639,4658.941300
2010-08-09,0.451495,4679.976206
2010-08-10,-0.449466,4658.941300
2010-08-11,-3.897101,4477.377650
2010-08-12,-0.296700,4464.093250
2010-08-13,-0.099309,4459.660022
2010-08-16,0.521374,4482.911542
2010-08-17,1.111338,4532.731862
2010-08-18,0.170990,4540.482369
2010-08-19,-1.585100,4468.511192
2010-08-20,-0.817289,4431.990559
2010-08-23,-0.499795,4409.839702
2010-08-24,-1.456304,4345.619032
2010-08-25,0.000000,4345.619032
2010-08-26,-0.356704,4330.118018
2010-08-27,2.020088,4417.590209
2010-08-30,-1.579018,4347.835647
2010-08-31,0.203576,4356.686817
2010-09-01,3.075163,4490.662049
2010-09-02,1.158781,4542.698983
2010-09-03,0.877302,4582.552181
2010-09-07,-1.280657,4523.865404
2010-09-08,0.783296,4559.300661
2010-09-09,0.679973,4590.302688
2010-09-10,0.217134,4600.269810
2010-09-13,1.708720,4678.875542
2010-09-14,0.331298,4694.376556
2010-09-15,0.212320,4704.343678
2010-09-16,-0.211871,4694.376556
2010-09-17,-0.400869,4675.558264
2010-09-20,1.752155,4757.481275
2010-09-21,-0.372416,4739.763647
2010-09-22,-0.256731,4727.595198
2010-09-23,-0.866596,4686.626049
2010-09-24,2.338735,4796.233810
2010-09-27,-0.346140,4779.632132
2010-09-28,0.208533,4789.599254
2010-09-29,0.092240,4794.017195
2010-09-30,-0.207908,4784.050074
2010-10-01,0.902703,4827.235837
2010-10-04,-1.009266,4778.516182
2010-10-05,2.386536,4892.557171
2010-10-06,0.452746,4914.708028
2010-10-07,-0.495807,4890.340556
2010-10-08,0.815250,4930.209042
2010-10-11,0.067285,4933.526320
2010-10-12,-0.112169,4927.992427
2010-10-13,1.235556,4988.880532
2010-10-14,0.155356,4996.631039
2010-10-15,-0.287895,4982.245976
2010-10-18,0.266635,4995.530375
2010-10-19,-2.039274,4893.657835
2010-10-20,1.448211,4964.528348
2010-10-21,-0.089298,4960.095119
2010-10-22,0.245635,4972.278854
2010-10-25,0.333885,4988.880532
2010-10-26,-0.355142,4971.162904
2010-10-27,-0.667919,4937.959549
2010-10-28,0.515453,4963.412397
2010-10-29,0.000000,4963.412397
2010-11-01,0.133977,4970.062240
2010-11-02,0.957809,5017.665945
2010-11-03,0.551746,5045.350695
2010-11-04,2.260318,5159.391684
2010-11-05,-0.193184,5149.424563
2010-11-08,-0.387116,5129.490320
2010-11-09,-0.820156,5087.420507
2010-11-10,0.261122,5100.704907
2010-11-11,-0.477428,5076.352722
2010-11-12,-1.025085,5024.315788
2010-11-15,-0.088235,5019.882560
2010-11-16,-2.117390,4913.592077
2010-11-17,0.225248,4924.659862
2010-11-18,2.203342,5033.166959
2010-11-19,0.175857,5042.018130
2010-11-22,-0.460852,5018.781896
2010-11-23,-2.360617,4900.307678
2010-11-24,1.355778,4966.744962
2010-11-26,-0.847338,4924.659862
2010-11-29,-0.629526,4893.657835
2010-11-30,-0.791581,4854.920587
2010-12-01,2.576948,4980.029361
2010-12-02,1.711642,5065.269650
2010-12-03,0.524831,5091.853736
2010-12-06,-0.152214,5084.103229
2010-12-07,-0.261293,5070.818830
2010-12-08,0.196257,5080.770664
2010-12-09,0.414010,5101.805571
2010-12-10,0.130343,5108.455414
2010-12-13,0.715205,5144.991334
2010-12-14,0.150642,5152.741841
2010-12-15,-0.945509,5104.022185
2010-12-16,0.477417,5128.389656
2010-12-17,0.215814,5139.457441
2010-12-20,-0.150804,5131.706934
2010-12-21,0.867167,5176.207379
2010-12-22,0.194328,5186.266223
2010-12-23,-0.043035,5184.034321
2010-12-27,-0.021822,5182.903084
2010-12-28,0.172546,5191.845976
2010-12-29,0.366286,5210.862999
2010-12-30,0.107079,5216.442753
2010-12-31,0.321480,5233.212587
2011-01-03,0.747814,5272.347297
2011-01-04,-0.106120,5266.752256
2011-01-05,0.000000,5266.752256
2011-01-06,-0.636819,5233.212587
2011-01-07,-0.363099,5214.210851
2011-01-10,-0.235716,5201.920107
2011-01-11,0.322378,5218.689941
2011-01-12,1.628093,5303.655064
2011-01-13,-0.063412,5300.291925
2011-01-14,0.759405,5340.542585
2011-01-18,0.314010,5357.312420
2011-01-19,-0.772152,5315.945809
2011-01-20,-0.651918,5281.290189
2011-01-21,0.211592,5292.464983
2011-01-24,0.633725,5326.004652
2011-01-25,-0.041906,5323.772751
2011-01-26,0.441056,5347.253576
2011-01-27,0.250721,5360.660272
2011-01-28,-2.335542,5235.459776
2011-01-31,1.024883,5289.117131
2011-02-01,2.029261,5396.447129
2011-02-02,-0.207360,5385.257048
2011-02-03,0.186785,5395.315891
2011-02-04,-0.103418,5389.736138
2011-02-07,0.456363,5414.332914
2011-02-08,0.536734,5443.393493
2011-02-09,-0.472366,5417.680766
2011-02-10,-0.474608,5391.968039
2011-02-11,0.435478,5415.448865
2011-02-14,0.082427,5419.912668
2011-02-15,-0.020590,5418.796717
2011-02-16,0.804579,5462.395229
2011-02-17,0.307005,5479.165064
2011-02-18,0.469282,5504.877791
2011-02-22,-2.680629,5357.312420
2011-02-23,-0.333857,5339.426635
2011-02-24,0.104787,5345.021675
2011-02-25,1.233823,5410.969775
2011-02-28,0.785119,5453.452337
2011-03-01,-1.373557,5378.546057
2011-03-02,0.457313,5403.142833
2011-03-03,1.634757,5491.471096
2011-03-04,-0.834853,5445.625395
2011-03-07,-1.046807,5388.620187
2011-03-08,0.829794,5433.334650
2011-03-09,-0.041078,5431.102749
2011-03-10,-2.181966,5312.597957
2011-03-11,0.273362,5327.120603
2011-03-14,-0.881271,5280.174238
2011-03-15,-1.588000,5196.325066
2011-03-16,-2.452650,5068.877381
2011-03-17,1.565832,5148.247464
2011-03-18,1.172600,5208.615811
2011-03-21,1.738661,5299.175974
2011-03-22,0.126642,5305.886966
2011-03-23,0.084129,5310.350768
2011-03-24,1.094776,5368.487214
2011-03-25,-0.520531,5340.542585
2011-03-28,-0.293114,5324.888701
2011-03-29,0.818769,5368.487214
2011-03-30,0.833191,5413.216964
2011-03-31,-0.123974,5406.505972
2011-04-01,0.765127,5447.872583
2011-04-04,0.287339,5463.526467
2011-04-05,0.081702,5467.990270
2011-04-06,0.511058,5495.934898
2011-04-07,-0.386352,5474.701261
2011-04-08,0.163349,5483.644154
2011-04-11,-0.448548,5459.047377
2011-04-12,-0.880696,5410.969775
2011-04-13,0.330547,5428.855560
2011-04-14,0.123617,5435.566552
2011-04-15,-0.102653,5429.986798
2011-04-18,-1.420878,5352.833330
2011-04-19,0.835628,5397.563080
2011-04-20,1.760498,5492.587046
2011-04-21,0.691905,5530.590518
2011-04-25,-0.202054,5519.415724
2011-04-26,0.992652,5574.204317
2011-04-27,1.022661,5631.209525
2011-04-28,0.337708,5650.226548
2011-04-29,0.296799,5666.996382
2011-05-02,-0.138114,5659.169440
2011-05-03,-0.810114,5613.323740
2011-05-04,-0.856218,5565.261425
2011-05-05,-1.406392,5486.992006
2011-05-06,0.346584,5506.009029
2011-05-09,0.669950,5542.896550
2011-05-10,0.766433,5585.379111
2011-05-11,-1.441287,5504.877791
2011-05-12,0.365730,5525.010765
2011-05-13,-1.578500,5437.798453
2011-05-16,-0.369960,5417.680766
2011-05-17,0.247744,5431.102749
2011-05-18,0.823304,5475.817212
2011-05-19,0.428810,5499.298037
2011-05-20,-1.077454,5440.045641
2011-05-23,-1.849599,5339.426635
2011-05-24,0.293175,5355.080518
2011-05-25,0.396514,5376.314156
2011-05-26,1.019074,5431.102749
2011-05-27,0.514530,5459.047377
2011-05-31,1.781554,5556.303245
2011-06-01,-2.293750,5428.855560
2011-06-02,0.350295,5447.872583
2011-06-03,-0.554195,5417.680766
2011-06-06,-1.299951,5347.253576
2011-06-07,0.501728,5374.082254
2011-06-08,-0.956916,5322.656800
2011-06-09,1.071279,5379.677295
2011-06-10,-1.891098,5277.942337
2011-06-13,0.084575,5282.406140
2011-06-14,1.206486,5346.137626
2011-06-15,-2.216643,5227.632834
2011-06-16,-0.235404,5215.326802
2011-06-17,0.235959,5227.632834
2011-06-20,0.384834,5247.750520
2011-06-21,1.704430,5337.194733
2011-06-22,-0.759023,5296.684194
2011-06-23,-0.683439,5260.484588
2011-06-24,-0.817169,5217.497555
2011-06-27,0.802220,5259.353350
2011-06-28,1.247526,5324.965136
2011-06-29,1.317418,5395.117161
2011-06-30,1.174197,5458.466471
2011-07-01,1.347090,5531.996922
2011-07-05,-0.306735,5515.028356
2011-07-06,-0.287167,5499.191028
2011-07-07,0.905123,5548.965487
2011-07-08,-0.876618,5500.322266
2011-07-11,-2.509422,5362.295980
2011-07-12,-0.611788,5329.490087
2011-07-13,1.210169,5393.985923
2011-07-14,-0.839172,5348.721128
2011-07-15,0.634776,5382.673546
2011-07-18,-1.324310,5311.390284
2011-07-19,1.576365,5395.117161
2011-07-20,0.314517,5412.085726
2011-07-21,1.734871,5505.978455
2011-07-22,0.184911,5516.159594
2011-07-25,-0.594723,5483.353701
2011-07-26,0.144413,5491.272365
2011-07-27,-2.163068,5372.492407
2011-07-28,-0.442463,5348.721128
2011-07-29,-0.274946,5334.015038
2011-08-01,-0.890736,5286.503055
2011-08-02,-2.311049,5164.329384
2011-08-03,0.284763,5179.035474
2011-08-04,-5.570167,4890.554574
2011-08-05,0.346966,4907.523140
2011-08-08,-6.915639,4568.136544
2011-08-09,5.225466,4806.842985
2011-08-10,-4.660031,4582.842634
2011-08-11,4.542225,4791.005657
2011-08-12,0.850021,4831.730214
2011-08-15,2.364681,4945.985222
2011-08-16,-1.555285,4869.061058
2011-08-17,0.627296,4899.604476
2011-08-18,-4.525628,4677.866601
2011-08-19,-1.910439,4588.498823
2011-08-22,0.542383,4613.386052
2011-08-23,3.359677,4768.380903
2011-08-24,0.403303,4787.611944
2011-08-25,-1.772132,4702.769117
2011-08-26,1.202736,4759.331002
2011-08-29,2.828492,4893.948288
2011-08-30,0.046230,4896.210763
2011-08-31,0.924174,4941.460271
2011-09-01,-0.686783,4907.523140
2011-09-02,-2.374263,4791.005657
2011-09-06,-1.747266,4707.294068
2011-09-07,2.835728,4840.780116
2011-09-08,-1.472242,4769.512141
2011-09-09,-2.988801,4626.960904
2011-09-12,-0.048898,4624.698429
2011-09-13,0.831667,4663.160511
2011-09-14,1.189020,4718.606445
2011-09-15,1.654205,4796.661846
2011-09-16,0.235839,4807.974223
2011-09-19,-1.646986,4728.787584
2011-09-20,-0.215301,4718.606445
2011-09-21,-2.877201,4582.842634
2011-09-22,-4.122260,4393.925939
2011-09-23,0.952583,4435.781734
2011-09-26,2.065707,4527.411987
2011-09-27,1.898967,4613.386052
2011-09-28,-1.986182,4521.755799
2011-09-29,1.375972,4583.973872
2011-09-30,-3.454934,4425.600595
2011-10-03,-2.863203,4298.886686
2011-10-04,1.921326,4381.482325
2011-10-05,2.039670,4470.850103
2011-10-06,2.327832,4574.923970
2011-10-07,-0.914896,4533.068176
2011-10-10,3.868398,4708.425306
2011-10-11,-0.096103,4703.900355
2011-10-12,1.563180,4777.430805
2011-10-13,-0.213109,4767.249666
2011-10-14,1.898349,4857.748681
2011-10-17,-2.282154,4746.887387
2011-10-18,1.954154,4839.648878
2011-10-19,-1.495960,4767.249666
2011-10-20,-0.166105,4759.331002
2011-10-21,2.305577,4869.061058
2011-10-24,1.533390,4943.722746
2011-10-25,-1.784820,4855.486206
2011-10-26,1.467782,4926.754181
2011-10-27,4.087389,5128.129777
2011-10-28,-0.330892,5111.161212
2011-10-31,-3.607928,4926.754181
2011-11-01,-3.030867,4777.430805
2011-11-02,1.799588,4863.404870
2011-11-03,2.093418,4965.216262
2011-11-04,-1.002463,4915.441804
2011-11-07,0.713433,4950.510172
2011-11-08,1.073994,5003.678344
2011-11-09,-4.494434,4778.791348
2011-11-10,0.847395,4819.286600
2011-11-11,2.300367,4930.147894
2011-11-14,-1.193156,4871.323534
2011-11-15,0.278669,4884.898386
2011-11-16,-1.690523,4802.318034
2011-11-17,-1.884486,4711.819019
2011-11-18,0.144051,4718.606445
2011-11-21,-2.493618,4600.942437
2011-11-22,-0.196697,4591.892536
2011-11-23,-2.340377,4484.424955
2011-11-25,-0.479293,4462.931439
2011-11-28,3.726070,4629.223380
2011-11-29,0.390990,4647.323183
2011-11-30,4.795645,4870.192296
2011-12-01,-0.325189,4854.354968
2011-12-02,-0.046607,4852.092493
2011-12-05,0.979206,4899.604476
2011-12-06,-0.184707,4890.554574
2011-12-07,0.555146,4917.704279
2011-12-08,-2.691394,4785.349469
2011-12-09,1.914808,4876.979722
2011-12-12,-2.226764,4768.380903
2011-12-13,-1.328529,4705.031592
2011-12-14,-1.082267,4654.110609
2011-12-15,0.632290,4683.538076
2011-12-16,-0.121094,4677.866601
2011-12-19,-1.233321,4620.173478
2011-12-20,3.295514,4772.431957
2011-12-21,-0.071751,4769.007670
2011-12-22,0.911320,4812.468599
2011-12-23,0.689309,4845.641381
2011-12-27,-0.165311,4837.630995
2011-12-28,-1.418532,4769.007670
2011-12-29,1.199173,4826.196322
2011-12-30,-0.047513,4823.903272
2012-01-03,1.921054,4916.573041
2012-01-04,-0.023320,4915.426517
2012-01-05,-0.395593,4895.981458
2012-01-06,-0.771222,4858.222578
2012-01-09,0.353366,4875.389875
2012-01-10,0.891435,4918.850804
2012-01-11,0.349010,4936.018100
2012-01-12,0.046146,4938.295863
2012-01-13,-0.810738,4898.259220
2012-01-17,0.840771,4939.442387
2012-01-18,1.551774,5016.091385
2012-01-19,0.843878,5058.421076
2012-01-20,0.180721,5067.562700
2012-01-23,0.383716,5087.007759
2012-01-24,-0.292096,5072.148799
2012-01-25,0.924667,5119.049302
2012-01-26,-0.111986,5113.316678
2012-01-27,0.112112,5119.049302
2012-01-30,-0.804508,5077.866135
2012-01-31,0.202608,5088.154283
2012-02-01,1.281389,5153.353321
2012-02-02,0.466321,5177.384478
2012-02-03,1.414023,5250.593901
2012-02-06,-0.414012,5228.855793
2012-02-07,0.371880,5248.300852
2012-02-08,0.283411,5263.175099
2012-02-09,0.021784,5264.321624
2012-02-10,-1.260287,5197.976062
2012-02-13,1.100210,5255.164713
2012-02-14,-0.478813,5230.002318
2012-02-15,-0.240558,5217.421120
2012-02-16,1.227666,5281.473633
2012-02-17,0.281631,5296.347880
2012-02-21,0.194538,5306.651315
2012-02-22,-0.215766,5295.201355
2012-02-23,0.432177,5318.085988
2012-02-24,0.494707,5344.394908
2012-02-27,-0.428199,5321.510275
2012-02-28,0.945974,5371.850353
2012-02-29,-0.596187,5339.824096
2012-03-01,0.749775,5379.860739
2012-03-02,-0.616610,5346.687958
2012-03-05,-0.534947,5318.085988
2012-03-06,-2.624158,5178.531003
2012-03-07,1.126481,5236.866179
2012-03-08,1.638205,5322.656800
2012-03-09,0.150496,5330.667186
2012-03-12,-0.192999,5320.379038
2012-03-13,1.634040,5407.316183
2012-03-14,-0.423216,5384.431550
2012-03-15,0.679967,5421.043906
2012-03-16,0.189782,5431.332054
2012-03-19,0.421345,5454.216687
2012-03-20,-0.734049,5414.180044
2012-03-21,-0.465032,5389.002362
2012-03-22,-0.870300,5342.101859
2012-03-23,0.471307,5367.279541
2012-03-26,1.321272,5438.195915
2012-03-27,-0.315399,5421.043906
2012-03-28,-0.569909,5390.148887
2012-03-29,-0.551621,5360.415680
2012-03-30,0.725506,5399.305797
2012-04-02,1.037951,5455.347924
2012-04-03,-1.006271,5400.452322
2012-04-04,-1.694733,5308.929078
2012-04-05,-0.129289,5302.065217
2012-04-09,-0.798074,5259.750812
2012-04-10,-1.913871,5159.085944
2012-04-11,1.042130,5212.850309
2012-04-12,1.777425,5305.504791
2012-04-13,-1.530859,5224.284982
2012-04-16,0.240821,5236.866179
2012-04-17,1.441749,5312.368652
2012-04-18,-0.323157,5295.201355
2012-04-19,-0.518497,5267.745911
2012-04-20,0.369134,5287.190970
2012-04-23,-1.189781,5224.284982
2012-04-24,0.503589,5250.593901
2012-04-25,1.176529,5312.368652
2012-04-26,0.473657,5337.531047
2012-04-27,0.364308,5356.976106
2012-04-30,-0.362986,5337.531047
2012-05-01,0.492904,5363.839967
2012-05-02,-0.447737,5339.824096
2012-05-03,-0.857131,5294.054831
2012-05-04,-1.685190,5204.839923
2012-05-07,0.329540,5221.991932
2012-05-08,-1.117106,5163.656756
2012-05-09,-0.974892,5113.316678
2012-05-10,0.246347,5125.913163
2012-05-11,-0.379646,5106.452817
2012-05-14,-1.456117,5032.096869
2012-05-15,-1.068429,4978.332505
2012-05-16,-0.826941,4937.164625
2012-05-17,-1.575713,4859.369103
2012-05-18,-0.494532,4835.337945
2012-05-21,1.798270,4922.290378
2012-05-22,-0.232304,4910.855705
2012-05-23,-0.396272,4891.395359
2012-05-24,-0.210332,4881.107211
2012-05-25,-0.421863,4860.515628
2012-05-29,1.412167,4929.154239
2012-05-30,-1.879724,4836.499757
2012-05-31,0.118212,4842.217093
2012-06-01,-2.504151,4720.960642
2012-06-04,0.290782,4734.688364
2012-06-05,0.724848,4769.007670
2012-06-06,2.638437,4894.834933
2012-06-07,0.187073,4903.991844
2012-06-08,0.093206,4908.562656
2012-06-11,-1.258510,4846.787905
2012-06-12,1.439822,4916.573041
2012-06-13,-0.744672,4879.960686
2012-06-14,0.937589,4925.714665
2012-06-15,1.161333,4982.918604
2012-06-18,0.091730,4987.489415
2012-06-19,1.376216,5056.128027
2012-06-20,0.113077,5061.845363
2012-06-21,-2.557071,4932.410369
2012-06-22,0.682155,4966.057047
2012-06-25,-1.821736,4875.588605
2012-06-26,0.570959,4903.426225
2012-06-27,0.898808,4947.498634
2012-06-28,-0.164071,4939.381239
2012-06-29,3.005169,5087.817969
2012-07-02,0.592813,5117.979212
2012-07-03,0.974333,5167.845393
2012-07-05,-0.897487,5121.464647
2012-07-06,-1.132466,5063.465785
2012-07-09,-0.228846,5051.878242
2012-07-10,-0.665721,5018.246851
2012-07-11,0.115454,5024.040622
2012-07-12,-0.807855,4983.453648
2012-07-13,1.465982,5056.510202
2012-07-16,-0.137557,5049.554619
2012-07-17,0.528280,5076.230426
2012-07-18,0.730888,5113.331965
2012-07-19,0.544413,5141.169585
2012-07-20,-1.421010,5068.113032
2012-07-23,-1.579038,4988.085608
2012-07-24,-0.883554,4944.013199
2012-07-25,0.187686,4953.292406
2012-07-26,2.224245,5063.465785
2012-07-27,2.038481,5166.683581
2012-07-30,-0.044677,5164.375245
2012-07-31,-0.673716,5129.582042
2012-08-01,-0.113246,5123.772984
2012-08-02,-0.950557,5075.068615
2012-08-03,2.422391,5198.006636
2012-08-06,0.557601,5226.990780
2012-08-07,0.798716,5268.739566
2012-08-08,0.000000,5268.739566
2012-08-09,0.242271,5281.504207
2012-08-10,0.175692,5290.783414
2012-08-13,-0.219303,5279.180584
2012-08-14,0.044015,5281.504207
2012-08-15,-0.131697,5274.548624
2012-08-16,1.099309,5332.532199
2012-08-17,0.021787,5333.694011
2012-08-20,-0.043565,5331.370388
2012-08-21,0.065376,5334.855823
2012-08-22,-0.021778,5333.694011
2012-08-23,-0.782737,5291.945225
2012-08-24,0.372357,5311.650163
2012-08-27,-0.240026,5298.900808
2012-08-28,0.000000,5298.900808
2012-08-29,-0.109339,5293.107037
2012-08-30,-1.073794,5236.269986
2012-08-31,0.686653,5272.225001
2012-09-04,-0.285894,5257.152023
2012-09-05,-0.176506,5247.872816
2012-09-06,2.231932,5365.001779
2012-09-07,1.059404,5421.838829
2012-09-10,-0.748865,5381.236568
2012-09-11,0.711335,5419.515206
2012-09-12,0.427905,5442.705579
2012-09-13,1.747300,5537.805980
2012-09-14,0.691224,5576.084618
2012-09-17,-0.499232,5548.246998
2012-09-18,-0.146306,5540.129603
2012-09-19,0.062637,5543.599752
2012-09-20,-0.460242,5518.085755
2012-09-21,-0.062887,5514.615607
2012-09-24,-0.273328,5499.542629
2012-09-25,-0.907011,5449.661162
2012-09-26,-0.638447,5414.867959
2012-09-27,1.092560,5474.028633
2012-09-28,-1.080752,5414.867959
2012-10-01,0.535552,5443.867390
2012-10-02,0.255538,5457.778557
2012-10-03,-0.042294,5455.470220
2012-10-04,0.871466,5503.012777
2012-10-05,0.126396,5509.968361
2012-10-08,-0.526031,5480.984216
2012-10-09,-1.227203,5413.721434
2012-10-10,-0.321343,5396.324833
2012-10-11,0.386684,5417.191583
2012-10-12,-0.171292,5407.912376
2012-10-15,0.664859,5443.867390
2012-10-16,1.214228,5509.968361
2012-10-17,0.778781,5552.878958
2012-10-18,-0.271444,5537.805980
2012-10-19,-1.528753,5453.146597
2012-10-22,0.467877,5478.660593
2012-10-23,-1.630081,5389.353963
2012-10-24,-0.042831,5387.045627
2012-10-25,0.495184,5413.721434
2012-10-26,-0.342803,5395.163021
2012-10-31,-0.150457,5387.045627
2012-11-01,1.334586,5458.940368
2012-11-02,-0.828346,5413.721434
2012-11-05,0.085560,5418.353394
2012-11-06,0.321068,5435.749996
2012-11-07,-1.322909,5363.839967
2012-11-08,-1.037689,5308.180015
2012-11-09,-0.087549,5303.532768
2012-11-12,0.109532,5309.341827
2012-11-13,-0.502432,5282.666019
2012-11-14,-1.273273,5215.403237
2012-11-15,0.111090,5221.197008
2012-11-16,0.355444,5239.755421
2012-11-19,1.947724,5341.811406
2012-11-20,0.021749,5342.973218
2012-11-21,0.325598,5360.369819
2012-11-23,1.557683,5443.867390
2012-11-26,-0.213136,5432.264560
2012-11-27,-0.554943,5402.118605
2012-11-28,0.687079,5439.235431
2012-11-29,0.660750,5475.175158
2012-11-30,-0.042160,5472.866822
2012-12-03,-0.148321,5464.749427
2012-12-04,0.020980,5465.895951
2012-12-05,0.488041,5492.571759
2012-12-06,0.274703,5507.660024
2012-12-07,0.168478,5516.939231
2012-12-10,0.210036,5528.526774
2012-12-11,0.524542,5557.526205
2012-12-12,0.208502,5569.113748
2012-12-13,-0.562168,5537.805980
2012-12-14,0.020980,5538.967792
2012-12-17,0.732753,5579.554766
2012-12-18,1.020310,5636.483538
2012-12-19,-0.374006,5615.402771
2012-12-20,0.813433,5661.080315
2012-12-21,-0.868978,5611.886762
2012-12-24,-0.250339,5597.838013
2012-12-26,-0.272268,5582.596878
2012-12-27,0.125963,5589.628896
2012-12-28,-0.754281,5547.467361
2012-12-31,1.520304,5631.805718
2013-01-02,1.996444,5744.241572
2013-01-03,-0.428199,5719.644796
2013-01-04,0.430040,5744.241572
2013-01-07,-0.407707,5720.821895
2013-01-08,-0.491412,5692.709109
2013-01-09,0.349903,5712.628065
2013-01-10,1.066119,5773.531457
2013-01-11,-0.040511,5771.192546
2013-01-14,0.020131,5772.354358
2013-01-15,-0.078920,5767.798833
2013-01-16,-0.124039,5760.644519
2013-01-17,0.691288,5800.467143
2013-01-18,0.141525,5808.676260
2013-01-22,0.262123,5823.902108
2013-01-23,-0.140956,5815.692991
2013-01-24,0.181372,5826.241018
2013-01-25,0.623157,5862.547634
2013-01-28,-0.339505,5842.643965
2013-01-29,0.641554,5880.127679
2013-01-30,-0.318732,5861.385822
2013-01-31,-0.299930,5843.805777
2013-02-01,0.902235,5896.530625
2013-02-04,-1.410601,5813.354081
2013-02-05,0.665035,5852.014893
2013-02-06,0.060082,5855.530902
2013-02-07,-0.400219,5832.095938
2013-02-08,0.542323,5863.724732
2013-02-11,-0.159812,5854.353804
2013-02-12,0.380193,5876.611670
2013-02-13,0.219292,5889.498607
2013-02-14,-0.198826,5877.788768
2013-02-15,-0.159429,5868.417840
2013-02-19,0.738506,5911.756473
2013-02-20,-1.050119,5849.675983
2013-02-21,-0.921191,5795.789323
2013-02-22,0.970111,5852.014893
2013-02-25,-1.861498,5743.079761
2013-02-26,0.591455,5777.047466
2013-02-27,1.196329,5846.159974
2013-02-28,-0.140419,5837.950857
2013-03-01,0.100291,5843.805777
2013-03-04,0.220523,5856.692714
2013-03-05,0.920087,5910.579375
2013-03-06,0.257603,5925.805223
2013-03-07,0.276805,5942.208169
2013-03-08,0.334954,5962.111838
2013-03-11,0.235890,5976.175874
2013-03-12,-0.470414,5948.063089
2013-03-13,-0.059112,5944.547079
2013-03-14,0.551865,5977.352973
2013-03-15,-0.039385,5974.998775
2013-03-18,-0.862468,5923.466312
2013-03-19,-0.336272,5903.547357
2013-03-20,0.694493,5944.547079
2013-03-21,-1.083672,5880.127679
2013-03-22,0.796830,5926.982321
2013-03-25,-0.573103,5893.014616
2013-03-26,0.655785,5931.660142
2013-03-27,-0.118551,5924.628124
2013-03-28,0.336206,5944.547079
2013-04-01,-0.729049,5901.208446
2013-04-02,0.674822,5941.031070
2013-04-03,-0.847844,5890.660419
2013-04-04,0.397833,5914.095384
2013-04-05,-0.376353,5891.837518
2013-04-08,0.417472,5916.434294
2013-04-09,0.455269,5943.369981
2013-04-10,1.300973,6020.691606
2013-04-11,0.486233,6049.966203
2013-04-12,-0.387104,6026.546525
2013-04-15,-2.312881,5887.159697
2013-04-16,1.492045,5974.998775
2013-04-17,-1.744637,5870.756750
2013-04-18,-0.418971,5846.159974
2013-04-19,0.961752,5902.385545
2013-04-22,0.376840,5924.628124
2013-04-23,0.988750,5983.207892
2013-04-24,0.469861,6011.320677
2013-04-25,0.545481,6044.111284
2013-04-26,-0.155042,6034.740355
2013-04-29,0.931698,6090.965926
2013-04-30,0.365424,6113.223792
2013-05-01,-0.804707,6064.030239
2013-05-02,0.598721,6100.336855
2013-05-03,1.094338,6167.095166
2013-05-06,0.133112,6175.304282
2013-05-07,0.379247,6198.723960
2013-05-08,0.850329,6251.433522
2013-05-09,-0.655601,6210.449086
2013-05-10,0.188551,6222.158925
2013-05-13,-0.037590,6219.820014
2013-05-14,0.621329,6258.465540
2013-05-15,0.374452,6281.900505
2013-05-16,-0.559461,6246.755701
2013-05-17,0.806349,6297.126352
2013-05-20,0.278933,6314.691111
2013-05-21,0.222477,6328.739860
2013-05-22,-0.980930,6266.659370
2013-05-23,-0.616685,6228.013844
2013-05-24,-0.470293,6198.723960
2013-05-28,0.302350,6217.465817
2013-05-29,-0.659428,6176.466094
2013-05-30,0.341555,6197.562148
2013-05-31,-1.738963,6089.788827
2013-06-03,0.365495,6112.046693
2013-06-04,-0.364164,6089.788827
2013-06-05,-1.537790,5996.140691
2013-06-06,0.722011,6039.433463
2013-06-07,1.047156,6102.675765
2013-06-10,-0.115228,6095.643747
2013-06-11,-1.133551,6026.546525
2013-06-12,-0.486014,5997.256641
2013-06-13,1.445282,6083.933908
2013-06-14,-0.904817,6028.885436
2013-06-17,1.068513,6093.304836
2013-06-18,0.653547,6133.127461
2013-06-19,-1.699655,6028.885436
2013-06-20,-3.011562,5847.321786
2013-06-21,0.300651,5864.901831
2013-06-24,-1.677818,5766.499438
2013-06-25,1.198518,5835.611947
2013-06-26,0.943320,5890.660419
2013-06-27,0.952670,5946.778981
2013-06-28,-0.259377,5931.354402
2013-07-01,0.639948,5969.312013
2013-07-02,-0.357762,5947.956080
2013-07-03,-0.059627,5944.409497
2013-07-05,0.618484,5981.174722
2013-07-08,0.476155,6009.654395
2013-07-09,0.730308,6053.543360
2013-07-10,0.097982,6059.474715
2013-07-11,2.212265,6193.526381
2013-07-12,-0.325805,6173.347547
2013-07-15,0.442018,6200.634834
2013-07-16,-0.229528,6186.402641
2013-07-17,0.364235,6208.935673
2013-07-18,0.382117,6232.661091
2013-07-19,0.057148,6236.222961
2013-07-22,0.361570,6258.771280
2013-07-23,0.113576,6265.879733
2013-07-24,-0.397430,6240.977217
2013-07-25,0.266011,6257.578894
2013-07-26,-0.170518,6246.908571
2013-07-29,-0.531761,6213.689929
2013-07-30,-0.190912,6201.827220
2013-07-31,0.018980,6203.004319
2013-08-01,1.396111,6289.605151
2013-08-02,0.301870,6308.591599
2013-08-05,-0.150481,6299.098375
2013-08-06,-0.583901,6262.317863
2013-08-07,-0.416697,6236.222961
2013-08-08,0.818006,6287.235666
2013-08-09,-0.037687,6284.866182
2013-08-12,-0.075646,6280.111926
2013-08-13,0.510207,6312.153469
2013-08-14,-0.263253,6295.536505
2013-08-15,-1.074005,6227.922122
2013-08-16,-0.133284,6219.621283
2013-08-19,-0.820190,6168.608578
2013-08-20,0.115484,6175.732318
2013-08-21,-0.960429,6116.418774
2013-08-22,0.892014,6170.978062
2013-08-23,0.634421,6210.128059
2013-08-26,-0.477555,6180.471287
2013-08-27,-1.669816,6077.268778
2013-08-28,0.097599,6083.200132
2013-08-29,0.175406,6093.870455
2013-08-30,-0.545116,6060.651813
2013-09-03,0.998340,6121.157743
2013-09-04,0.872093,6174.539933
2013-09-05,0.192123,6186.402641
2013-09-06,0.325933,6206.566189
2013-09-09,1.242355,6283.673796
2013-09-10,0.925198,6341.810241
2013-09-11,0.355309,6364.343273
2013-09-12,-0.503214,6332.317017
2013-09-13,0.337253,6353.672950
2013-09-16,0.709292,6398.739014
2013-09-17,0.241057,6414.163593
2013-09-18,2.034401,6544.653390
2013-09-19,-0.271887,6526.859327
2013-09-20,-0.636133,6485.339846
2013-09-23,-0.237838,6469.915267
2013-09-24,-0.201545,6456.875459
2013-09-25,-0.165492,6446.189849
2013-09-26,0.349793,6468.738168
2013-09-27,-0.421833,6441.450881
2013-09-30,-0.699863,6396.369530
2013-10-01,0.816168,6448.574621
2013-10-02,-0.036981,6446.189849
2013-10-03,-0.699112,6401.123785
2013-10-04,0.537339,6435.519526
2013-10-07,-0.848021,6380.944951
2013-10-08,-1.003809,6316.892438
2013-10-09,0.168917,6327.562761
2013-10-10,2.043641,6456.875459
2013-10-11,0.606330,6496.025456
2013-10-14,0.310398,6516.189003
2013-10-15,-0.528085,6481.777976
2013-10-16,1.006590,6547.022874
2013-10-17,0.960366,6609.898288
2013-10-18,0.556446,6646.678800
2013-10-21,0.071298,6651.417769
2013-10-22,0.749018,6701.238089
2013-10-23,-0.761015,6650.240670
2013-10-24,0.374460,6675.143187
2013-10-25,0.106720,6682.266927
2013-10-28,0.070919,6687.005895
2013-10-29,0.354799,6710.731313
2013-10-30,-0.371085,6685.828797
2013-10-31,-0.550126,6649.048285
2013-11-01,-0.017933,6647.855899
2013-11-04,0.464047,6678.705057
2013-11-05,-0.639523,6635.993190
2013-11-06,0.545274,6672.177509
2013-11-07,-1.520182,6570.748292
2013-11-08,0.992960,6635.993190
2013-11-11,0.035937,6638.377962
2013-11-12,-0.286010,6619.391513
2013-11-13,0.609227,6659.718608
2013-11-14,0.498799,6692.937250
2013-11-15,0.726784,6741.580471
2013-11-18,-0.105669,6734.456731
2013-11-19,-0.264224,6716.662667
2013-11-20,-0.618156,6675.143187
2013-11-21,0.657498,6719.032152
2013-11-22,0.441385,6748.688924
2013-11-25,-0.298777,6728.525376
2013-11-26,-0.105647,6721.416923
2013-11-27,0.282249,6740.388085
2013-11-29,0.175994,6752.250794
2013-12-02,-0.579807,6713.100797
2013-12-03,-0.494605,6679.897442
2013-12-04,-0.284233,6660.910993
2013-12-05,-0.463137,6630.061836
2013-12-06,1.180984,6708.361829
2013-12-09,0.159060,6719.032152
2013-12-10,-0.194073,6705.992344
2013-12-11,-1.149831,6628.884737
2013-12-12,-0.698062,6582.611001
2013-12-13,-0.035996,6580.241516
2013-12-16,0.793361,6632.446607
2013-12-17,-0.393674,6606.336418
2013-12-18,1.626041,6713.758138
2013-12-19,-0.124778,6705.380865
2013-12-20,0.445931,6735.282228
2013-12-23,0.657075,6779.538082
2013-12-24,0.317712,6801.077459
2013-12-26,0.404367,6828.578764
2013-12-27,0.315206,6850.102855
2013-12-30,0.192145,6863.264958
2013-12-31,0.418299,6891.973936
2014-01-02,-1.423124,6793.892571
2014-01-03,-0.052878,6790.300127
2014-01-06,-0.316983,6768.776036
2014-01-07,0.530060,6804.654616
2014-01-08,-0.035046,6802.269844
2014-01-09,-0.087871,6796.292629
2014-01-10,0.651176,6840.548482
2014-01-13,-0.961841,6774.753252
2014-01-14,0.882729,6834.555980
2014-01-15,0.420056,6863.264958
2014-01-16,-0.087090,6857.287743
2014-01-17,-0.348886,6833.363594
2014-01-21,0.262637,6851.310527
2014-01-22,0.139676,6860.880187
2014-01-23,-0.889250,6799.869786
2014-01-24,-2.374700,6638.393249
2014-01-27,-0.522509,6603.707055
2014-01-28,0.742624,6652.747738
2014-01-29,-1.060686,6582.182965
2014-01-30,0.817746,6636.008477
2014-01-31,-0.955321,6572.613305
2014-02-03,-2.129095,6432.676145
2014-02-04,0.948207,6493.671259
2014-02-05,-0.073685,6488.886429
2014-02-06,1.659006,6596.537454
2014-02-07,1.160336,6673.079442
2014-02-10,-0.125309,6664.717455
2014-02-11,1.363846,6755.613933
2014-02-12,0.159305,6766.375978
2014-02-13,0.424289,6795.084956
2014-02-14,0.404948,6822.601549
2014-02-18,0.385614,6848.910469
2014-02-19,-0.611131,6807.054674
2014-02-20,0.456787,6838.148424
2014-02-21,0.069973,6842.933253
2014-02-24,0.699237,6890.781551
2014-02-25,-0.295057,6870.449846
2014-02-26,-0.121932,6862.072572
2014-02-27,0.557829,6900.351210
2014-02-28,0.208025,6914.705699
2014-03-03,-1.366713,6820.201491
2014-03-04,1.666278,6933.845018
2014-03-05,-0.086424,6927.852516
2014-03-06,0.656243,6973.316041
2014-03-07,-0.343081,6949.391893
2014-03-10,-0.344262,6925.467744
2014-03-11,-0.552723,6887.189107
2014-03-12,-0.138949,6877.619447
2014-03-13,-1.408758,6780.730467
2014-03-14,-0.317430,6759.206377
2014-03-17,1.114770,6834.555980
2014-03-18,0.665201,6880.019505
2014-03-19,-0.938992,6815.416661
2014-03-20,0.228338,6830.978823
2014-03-21,-0.227817,6815.416661
2014-03-24,-0.122692,6807.054674
2014-03-25,0.772990,6859.672514
2014-03-26,-0.331160,6836.956038
2014-03-27,0.279939,6856.095357
2014-03-28,0.697671,6903.928367
2014-03-31,0.727823,6954.176722
2014-04-01,0.722344,7004.409791
2014-04-02,0.238982,7021.149051
2014-04-03,-0.204446,7006.794562
2014-04-04,-0.733937,6955.369108
2014-04-07,-0.705077,6906.328425
2014-04-08,0.346409,6930.252574
2014-04-09,1.139093,7009.194621
2014-04-10,-1.911203,6875.234676
2014-04-11,-0.765547,6822.601549
2014-04-14,0.683619,6869.242173
2014-04-15,-0.017358,6868.049788
2014-04-16,1.219078,6951.776664
2014-04-17,0.301044,6972.704561
2014-04-21,0.231737,6988.862916
2014-04-22,0.376441,7015.171836
2014-04-23,-0.289825,6994.840132
2014-04-24,0.068405,6999.624961
2014-04-25,-0.734907,6948.184220
2014-04-28,0.292839,6968.531212
2014-04-29,0.652193,7013.979450
2014-04-30,0.323874,7036.695926
2014-05-01,-0.050836,7033.118769
2014-05-02,-0.051079,7029.526325
2014-05-05,0.000000,7029.526325
2014-05-06,-0.459511,6997.224903
2014-05-07,0.393250,7024.741495
2014-05-08,-0.068114,7019.956666
2014-05-09,0.102349,7027.141554
2014-05-12,0.833839,7085.736609
2014-05-13,0.135055,7095.306268
2014-05-14,-0.235920,7078.567008
2014-05-15,-0.625209,7034.311155
2014-05-16,0.391177,7061.827747
2014-05-19,0.118411,7070.189734
2014-05-20,-0.761302,7016.364222
2014-05-21,0.818343,7073.782178
2014-05-22,0.270567,7092.921497
2014-05-23,0.320485,7115.653260
2014-05-27,0.504220,7151.531839
2014-05-28,-0.184046,7138.369736
2014-05-29,0.552942,7177.840759
2014-05-30,0.000000,7177.840759
2014-06-02,0.166759,7189.810477
2014-06-03,0.232819,7206.549737
2014-06-04,-0.199187,7192.195248
2014-06-05,0.648702,7238.851160
2014-06-06,0.528583,7277.114510
2014-06-09,0.065752,7281.899340
2014-06-10,0.065709,7286.684170
2014-06-11,-0.525113,7248.420819
2014-06-12,-0.363172,7222.096612
2014-06-13,0.231990,7238.851160
2014-06-16,-0.033155,7236.451101
2014-06-17,0.066121,7241.235931
2014-06-18,0.825864,7301.038659
2014-06-19,0.229482,7317.793207
2014-06-20,0.032589,7320.177978
2014-06-23,-0.081654,7314.200762
2014-06-24,-0.686788,7263.967694
2014-06-25,0.243701,7281.670035
2014-06-26,0.099931,7288.946645
2014-06-27,0.199661,7303.499865
2014-06-30,0.066351,7308.345843
2014-07-01,0.763477,7364.143378
2014-07-02,0.197623,7378.696598
2014-07-03,0.493082,7415.079648
2014-07-07,-0.457883,7381.127230
2014-07-08,-0.821602,7320.483718
2014-07-09,0.414100,7350.797831
2014-07-10,-0.676506,7301.069233
2014-07-11,0.049832,7304.707538
2014-07-14,0.597901,7348.382485
2014-07-15,-0.214689,7332.606306
2014-07-16,0.529330,7371.419988
2014-07-17,-1.266896,7278.031730
2014-07-18,0.999805,7350.797831
2014-07-21,-0.247477,7332.606306
2014-07-22,0.479712,7367.781683
2014-07-23,0.230515,7384.765535
2014-07-24,0.049268,7388.403840
2014-07-25,-0.426846,7356.866768
2014-07-28,0.148364,7367.781683
2014-07-29,-0.444432,7335.036938
2014-07-30,0.049602,7338.675243
2014-07-31,-1.851019,7202.834997
2014-08-01,-0.420864,7172.520885
2014-08-04,0.710159,7223.457155
2014-08-05,-1.175393,7138.553180
2014-08-06,-0.084802,7132.499529
2014-08-07,-0.663133,7085.201564
2014-08-08,0.975664,7154.329360
2014-08-11,0.355982,7179.797495
2014-08-12,-0.033854,7177.366862
2014-08-13,0.574644,7218.611177
2014-08-14,0.470346,7252.563595
2014-08-15,0.016652,7253.771268
2014-08-18,0.719064,7305.930498
2014-08-19,0.398395,7335.036938
2014-08-20,0.032929,7337.452283
2014-08-21,0.264594,7356.866768
2014-08-22,-0.346182,7331.398633
2014-08-25,0.611989,7376.265966
2014-08-26,0.115229,7384.765535
2014-08-27,0.164157,7396.888123
2014-08-28,-0.295122,7375.058293
2014-08-29,0.180955,7388.403840
2014-09-02,-0.065796,7383.542576
2014-09-03,0.344931,7409.010711
2014-09-04,-0.327239,7384.765535
2014-09-05,0.426849,7416.287321
2014-09-08,-0.703100,7364.143378
2014-09-09,-0.527063,7325.329695
2014-09-10,0.314700,7348.382485
2014-09-11,-0.313712,7325.329695
2014-09-12,-0.496675,7288.946645
2014-09-15,-0.083262,7282.877708
2014-09-16,0.632858,7328.968001
2014-09-17,-0.297857,7307.138170
2014-09-18,0.630757,7353.228463
2014-09-19,-0.296874,7331.398633
2014-09-22,-0.810703,7271.962793
2014-09-23,-0.633598,7225.887787
2014-09-24,0.620925,7270.755120
2014-09-25,-1.618109,7153.106400
2014-09-26,0.695203,7202.834997
2014-09-29,-0.572400,7161.605970
2014-09-30,-0.254015,7143.414444
2014-10-01,-1.307334,7050.026187
2014-10-02,-0.395726,7022.127419
2014-10-03,0.569932,7062.148774
2014-10-06,0.515184,7098.531825
2014-10-07,-1.520617,6990.590347
2014-10-08,1.648188,7105.808435
2014-10-09,-2.252881,6945.723014
2014-10-10,-1.519076,6840.212168
2014-10-13,-0.691469,6792.914203
2014-10-14,0.142677,6802.606158
2014-10-15,-0.713045,6754.100520
2014-10-16,-0.287221,6734.701323
2014-10-17,1.404605,6829.297253
2014-10-20,0.710258,6877.802891
2014-10-21,1.481179,6979.675432
2014-10-22,-0.764385,6926.323816
2014-10-23,1.120538,7003.935894
2014-10-24,0.571412,7043.957249
2014-10-27,-0.275402,7024.558052
2014-10-28,1.260250,7113.085045
2014-10-29,-0.443152,7081.563259
2014-10-30,0.753388,7134.914875
2014-10-31,1.326031,7229.526092
2014-11-03,-0.419521,7199.196692
2014-11-04,-0.471614,7165.244275
2014-11-05,0.406217,7194.350715
2014-11-06,-0.101143,7187.074105
2014-11-07,0.236311,7204.057957
2014-11-10,0.218778,7219.818850
2014-11-11,0.336026,7244.079312
2014-11-12,-0.318229,7221.026523
2014-11-13,0.151155,7231.941438
2014-11-14,0.134227,7241.648680
2014-11-17,-0.150724,7230.733765
2014-11-18,0.738057,7284.100668
2014-11-19,-0.166635,7271.962793
2014-11-20,-0.066639,7267.116815
2014-11-21,0.867729,7330.175673
2014-11-24,0.248382,7348.382485
2014-11-25,-0.049512,7344.744180
2014-11-26,0.396289,7373.850620
2014-11-28,-0.608673,7328.968001
2014-12-01,-0.628878,7282.877708
2014-12-02,0.433030,7314.414780
2014-12-03,0.265219,7333.813978
2014-12-04,-0.231374,7316.845413
2014-12-05,0.099450,7324.122023
2014-12-08,-0.927348,7256.201900
2014-12-09,-0.317487,7233.164397
2014-12-10,-1.509221,7123.999960
2014-12-11,0.068238,7128.861224
2014-12-12,-1.684197,7008.797159
2014-12-15,-1.090340,6932.377466
2014-12-16,-0.297255,6911.770596
2014-12-17,1.695515,7028.960706
2014-12-18,2.175294,7181.861239
2014-12-19,0.272668,7201.443881
2014-12-22,0.594375,7244.247469
2014-12-23,-0.033764,7241.801550
2014-12-24,0.185974,7255.269393
2014-12-26,0.404548,7284.620425
2014-12-29,-0.218247,7268.721950
2014-12-30,-0.656384,7221.011236
2014-12-31,-0.897826,7156.179086
2015-01-02,-0.239254,7139.057651
2015-01-05,-1.970655,6998.371428
2015-01-06,-1.031239,6926.201520
2015-01-07,1.306839,7016.715823
2015-01-08,1.569067,7126.812767
2015-01-09,-0.617759,7082.786219
2015-01-12,-0.570015,7042.413263
2015-01-13,0.069463,7047.305101
2015-01-14,-0.468764,7014.269903
2015-01-15,-0.226659,6998.371428
2015-01-16,1.171256,7080.340299
2015-01-20,0.224544,7096.238775
2015-01-21,0.741274,7148.841328
2015-01-22,1.163497,7232.017873
2015-01-23,-0.608984,7187.976037
2015-01-26,0.680771,7236.909711
2015-01-27,-0.693067,7186.753078
2015-01-28,-1.327528,7091.346937
2015-01-29,0.948735,7158.625005
2015-01-30,-1.350041,7061.980617
2015-02-02,1.299247,7153.733167
2015-02-03,1.556109,7265.053071
2015-02-04,-0.589381,7222.234195
2015-02-05,1.083940,7300.518901
2015-02-06,-0.837793,7239.355631
2015-02-09,-0.354757,7213.673478
2015-02-10,0.847880,7274.836748
2015-02-11,-0.252162,7256.492353
2015-02-12,1.247356,7347.006656
2015-02-13,0.632744,7393.494410
2015-02-17,0.082705,7399.609208
2015-02-18,0.198328,7414.284725
2015-02-19,-0.016495,7413.061765
2015-02-20,0.676598,7463.218398
2015-02-23,-0.262184,7443.651044
2015-02-24,0.460028,7477.893914
2015-02-25,0.049063,7481.562793
2015-02-26,-0.163463,7469.333197
2015-02-27,-0.245596,7450.988802
2015-03-02,0.393921,7480.339834
2015-03-03,-0.523168,7441.205124
2015-03-04,-0.460385,7406.946966
2015-03-05,0.099066,7414.284725
2015-03-06,-1.352767,7313.986745
2015-03-09,0.133767,7323.770422
2015-03-10,-1.820762,7190.421957
2015-03-11,0.051025,7194.090836
2015-03-12,1.173391,7278.505627
2015-03-13,-0.638699,7232.017873
2015-03-16,1.201058,7318.878583
2015-03-17,-0.100467,7311.525538
2015-03-18,1.623094,7430.198487
2015-03-19,-0.856296,7366.574010
2015-03-20,1.494547,7476.670955
2015-03-23,0.098142,7484.008713
2015-03-24,-0.294137,7461.995439
2015-03-25,-1.049112,7383.710733
2015-03-26,-0.497095,7347.006656
2015-03-27,0.099874,7354.344414
2015-03-30,0.864920,7417.953604
2015-03-31,-1.022368,7342.114817
2015-04-01,0.299822,7364.128091
2015-04-02,0.598059,7408.169926
2015-04-06,0.825619,7469.333197
2015-04-07,-0.163731,7457.103600
2015-04-08,0.639802,7504.814314
2015-04-09,0.391096,7534.165346
2015-04-10,0.438472,7567.200544
2015-04-13,-0.533526,7526.827588
2015-04-14,0.373907,7554.970948
2015-04-15,0.542281,7595.940097
2015-04-16,0.153153,7607.573500
2015-04-17,-1.238220,7513.375032
2015-04-20,0.537348,7553.747988
2015-04-21,0.291422,7575.761262
2015-04-22,0.436064,7608.796460
2015-04-23,0.369678,7636.924533
2015-04-24,0.352303,7663.829645
2015-04-27,-0.031915,7661.383726
2015-04-28,0.191751,7676.074529
2015-04-29,-0.573755,7632.032694
2015-04-30,-1.041763,7552.525028
2015-05-01,0.906995,7621.026057
2015-05-04,0.224661,7638.147492
2015-05-05,-1.265286,7541.503104
2015-05-06,-0.275679,7520.712790
2015-05-07,0.016261,7521.935750
2015-05-08,1.593747,7641.816371
2015-05-11,-0.592330,7596.551576
2015-05-12,-0.209285,7580.653101
2015-05-13,0.258122,7600.220455
2015-05-14,1.062415,7680.966368
2015-05-15,0.191063,7695.641884
2015-05-18,-0.079458,7689.527085
2015-05-19,-0.174946,7676.074529
2015-05-20,-0.015932,7674.851569
2015-05-21,0.398366,7705.425561
2015-05-22,-0.396785,7674.851569
2015-05-26,-1.354842,7570.869423
2015-05-27,0.727109,7625.917896
2015-05-28,-0.176406,7612.465339
2015-05-29,-0.787397,7552.525028
2015-06-01,-0.064771,7547.633190
2015-06-02,0.162032,7559.862786
2015-06-03,0.355894,7586.767899
2015-06-04,-0.967380,7513.375032
2015-06-05,-0.602456,7468.110237
2015-06-08,-0.393018,7438.759205
2015-06-09,-0.246811,7420.399523
2015-06-10,1.483706,7530.496467
2015-06-11,0.292525,7552.525028
2015-06-12,-0.696490,7499.922475
2015-06-15,-0.522005,7460.772479
2015-06-16,0.245878,7479.116874
2015-06-17,0.065407,7484.008713
2015-06-18,0.997208,7558.639827
2015-06-19,-0.598848,7513.375032
2015-06-22,1.204709,7603.889334
2015-06-23,0.225368,7621.026057
2015-06-24,-0.706276,7567.200544
2015-06-25,-0.297772,7544.667512
2015-06-26,-0.098271,7537.253319
2015-06-29,-2.545178,7345.416808
2015-06-30,0.168366,7357.783988
2015-07-01,0.605639,7402.345581
2015-07-02,0.066911,7407.298567
2015-07-06,-1.186258,7319.428915
2015-07-07,0.101295,7326.843108
2015-07-08,-2.026973,7178.329943
2015-07-09,0.827564,7237.735209
2015-07-10,2.120362,7391.201361
2015-07-13,0.770224,7448.130133
2015-07-14,0.614917,7493.929973
2015-07-15,-0.264169,7474.133313
2015-07-16,0.728543,7528.585593
2015-07-17,-0.065789,7523.632606
2015-07-20,0.016458,7524.870853
2015-07-21,-0.246628,7506.312440
2015-07-22,-0.544167,7465.465587
2015-07-23,-0.497385,7428.333474
2015-07-24,-1.066214,7349.131548
2015-07-27,-0.926273,7281.058555
2015-07-28,1.189819,7367.689961
2015-07-29,0.621631,7413.489801
2015-07-30,-0.066810,7408.536814
2015-07-31,0.133504,7418.427500
2015-08-03,-0.316932,7394.916101
2015-08-04,-0.100467,7387.486621
2015-08-05,0.418828,7418.427500
2015-08-06,-0.667248,7368.928208
2015-08-07,-0.168036,7356.545741
2015-08-10,1.312265,7453.083120
2015-08-11,-1.328495,7354.069248
2015-08-12,-0.353381,7328.081355
2015-08-13,-0.101175,7320.667162
2015-08-14,0.236593,7337.987328
2015-08-17,0.033749,7340.463821
2015-08-18,-0.472118,7305.808202
2015-08-19,-0.931765,7237.735209
2015-08-20,-2.205903,7078.077824
2015-08-21,-2.850028,6876.350626
2015-08-24,-3.779759,6616.441122
2015-08-25,-0.187147,6604.058656
2015-08-26,3.392090,6828.074293
2015-08-27,2.138992,6974.126252
2015-08-28,-0.088774,6967.935019
2015-08-31,-0.781689,6913.467452
2015-09-01,-3.275879,6686.990608
2015-09-02,1.758224,6804.562894
2015-09-03,0.200170,6818.183607
2015-09-04,-1.887842,6689.467102
2015-09-08,2.645615,6866.444653
2015-09-09,-0.973353,6799.609907
2015-09-10,0.673566,6845.409747
2015-09-11,0.198753,6859.015173
2015-09-14,-0.487204,6825.597800
2015-09-15,0.997319,6893.670793
2015-09-16,1.400377,6990.208172
2015-09-17,-0.141712,6980.302198
2015-09-18,-2.038908,6837.980267
2015-09-21,0.289510,6857.776926
2015-09-22,-1.768606,6736.489901
2015-09-23,-0.459303,6705.549021
2015-09-24,-0.350626,6682.037622
2015-09-25,0.259205,6699.357788
2015-09-28,-2.364691,6540.938650
2015-09-29,-0.037861,6538.462156
2015-09-30,2.101170,6675.846388
2015-10-01,0.222578,6690.705348
2015-10-02,1.720234,6805.801140
2015-10-05,1.909470,6935.755892
2015-10-06,-0.089265,6929.564659
2015-10-07,1.107439,7006.305378
2015-10-08,0.883230,7068.187138
2015-10-09,0.174970,7080.554317
2015-10-12,-0.104928,7073.124837
2015-10-13,-1.014720,7001.352392
2015-10-14,0.105897,7008.766585
2015-10-15,1.642387,7123.877664
2015-10-16,0.173602,7136.244843
2015-10-19,-0.294762,7115.209937
2015-10-20,-0.174028,7102.827470
2015-10-21,-0.539997,7064.472398
2015-10-22,1.453942,7167.185723
2015-10-23,1.053447,7242.688196
2015-10-26,-0.393009,7214.223809
2015-10-27,-0.549035,7174.615203
2015-10-28,0.897027,7238.973456
2015-10-29,-0.324789,7215.462056
2015-10-30,-0.394492,7186.997670
2015-11-02,1.136475,7268.676089
2015-11-03,0.306427,7290.949242
2015-11-04,-0.373424,7263.723102
2015-11-05,-0.204354,7248.879429
2015-11-06,-0.324345,7225.368029
2015-11-09,-1.079239,7147.389063
2015-11-10,0.086622,7153.580297
2015-11-11,-0.173095,7141.197830
2015-11-12,-1.213121,7054.566424
2015-11-13,-1.043827,6980.928965
2015-11-16,1.356157,7075.601331
2015-11-17,0.035000,7078.077824
2015-11-18,1.171673,7161.009777
2015-11-19,0.259159,7179.568190
2015-11-20,0.223996,7195.650109
2015-11-23,-0.395578,7167.185723
2015-11-24,0.086383,7173.376956
2015-11-25,0.086308,7179.568190
2015-11-27,-0.146491,7169.050737
2015-11-30,-0.284883,7148.627310
2015-12-01,0.986896,7219.176796
2015-12-02,-1.011555,7146.150817
2015-12-03,-1.108316,7066.948891
2015-12-04,1.435911,7168.423970
2015-12-07,-0.863255,7106.542210
2015-12-08,-0.992525,7036.008011
2015-12-09,-0.527744,6998.875898
2015-12-10,-0.070768,6993.922912
2015-12-11,-1.928928,6859.015173
2015-12-14,0.360834,6883.764819
2015-12-15,0.988892,6951.837812
2015-12-16,1.744676,7073.124837
2015-12-17,-1.382138,6975.364499
2015-12-18,-1.419480,6876.350626
2015-12-21,0.777872,6929.839825
2015-12-22,0.777603,6983.726486
2015-12-23,1.435073,7083.948031
2015-12-24,-0.123652,7075.188582
2015-12-28,-0.301194,7053.878510
2015-12-29,0.933186,7119.704314
2015-12-30,-0.722083,7068.294147
2015-12-31,-0.993138,6998.096262
2016-01-04,-1.773555,6873.981142
2016-01-05,0.082062,6879.622044
2016-01-06,-1.503452,6776.190229
2016-01-07,-2.331111,6618.229701
2016-01-08,-1.155609,6541.748861
2016-01-11,0.114972,6549.270063
2016-01-12,0.650995,6591.905494
2016-01-13,-2.035203,6457.746818
2016-01-14,1.456085,6551.777130
2016-01-15,-2.831877,6366.238861
2016-01-19,0.590710,6403.844871
2016-01-20,-1.605364,6301.039823
2016-01-21,0.557034,6336.138766
2016-01-22,2.532818,6496.621649
2016-01-25,-1.485963,6400.084270
2016-01-26,1.665066,6506.649918
2016-01-27,-0.828648,6452.732684
2016-01-28,0.544176,6487.846913
2016-01-29,2.144895,6627.004437
2016-02-01,-0.189155,6614.469100
2016-02-02,-2.122787,6474.058043
2016-02-03,0.774496,6524.199389
2016-02-04,0.288204,6543.002394
2016-02-05,-1.667013,6433.929679
2016-02-08,-1.636824,6328.617564
2016-02-09,-0.554607,6293.518621
2016-02-10,-0.019918,6292.265088
2016-02-11,-1.335005,6208.263045
2016-02-12,1.756896,6317.335761
2016-02-16,2.004361,6443.957948
2016-02-17,1.809353,6560.551866
2016-02-18,-0.420357,6532.974125
2016-02-19,-0.172690,6521.692322
2016-02-22,1.403366,6613.215566
2016-02-23,-1.478720,6515.424654
2016-02-24,0.153916,6525.452923
2016-02-25,1.075989,6595.666095
2016-02-26,-0.247302,6579.354870
2016-02-29,-0.533471,6544.255928
2016-03-01,2.452037,6704.723524
2016-03-02,0.635901,6747.358955
2016-03-03,0.743126,6797.500302
2016-03-04,0.627222,6840.135733
2016-03-07,0.073305,6845.149868
2016-03-08,-1.080674,6771.176095
2016-03-09,0.536871,6807.528571
2016-03-10,-0.055242,6803.767970
2016-03-11,2.008453,6940.418426
2016-03-14,-0.216736,6925.376022
2016-03-15,-0.651621,6880.248810
2016-03-16,0.947404,6945.432561
2016-03-17,0.884588,7006.870997
2016-03-18,0.196791,7020.659868
2016-03-21,0.000000,7020.659868
2016-03-22,-0.124984,7011.885132
2016-03-23,-1.037100,6939.164893
2016-03-24,-0.216775,6924.122489
2016-03-28,0.307766,6945.432561
2016-03-29,1.047022,7018.152800
2016-03-30,0.625146,7062.026478
2016-03-31,-0.479259,7028.181070
2016-04-01,-0.071343,7023.166935
2016-04-04,-0.356971,6998.096262
2016-04-05,-1.433218,6897.798282
2016-04-06,1.199637,6980.546790
2016-04-07,-1.275204,6891.530613
2016-04-08,1.055212,6964.250853
2016-04-11,-0.035999,6961.743785
2016-04-12,1.260422,7049.491142
2016-04-13,1.209386,7134.746718
2016-04-14,0.140555,7144.774987
2016-04-15,-0.157903,7133.493184
2016-04-18,0.720473,7184.888064
2016-04-19,0.942340,7252.594169
2016-04-20,-0.086420,7246.326501
2016-04-21,-0.484369,7211.227558
2016-04-22,-0.017383,7209.974025
2016-04-25,-0.365320,7183.634531
2016-04-26,0.349210,7208.720491
2016-04-27,0.156502,7220.002294
2016-04-28,-0.920395,7153.549723
2016-04-29,-0.438081,7122.211381
2016-05-02,0.616012,7166.085059
2016-05-03,-1.434605,7063.280012
2016-05-04,-0.940601,6996.842728
2016-05-05,0.017916,6998.096262
2016-05-06,0.286600,7018.152800
2016-05-09,-0.232197,7001.856863
2016-05-10,1.432448,7102.154843
2016-05-11,-0.723867,7050.744675
2016-05-12,-0.017779,7049.491142
2016-05-13,-1.120260,6970.518521
2016-05-16,1.204885,7054.505276
2016-05-17,-0.764078,7000.603329
2016-05-18,-0.125343,6991.828593
2016-05-19,-0.466142,6959.236718
2016-05-20,0.684476,7006.870997
2016-05-23,-0.232571,6990.575060
2016-05-24,1.327169,7083.351838
2016-05-25,0.831754,7142.267920
2016-05-26,0.193060,7156.056790
2016-05-27,0.105103,7163.577992
2016-05-31,-0.244982,7146.028521
2016-06-01,0.140333,7156.056790
2016-06-02,0.175171,7168.592127
2016-06-03,0.279784,7188.648665
2016-06-06,0.610532,7232.537630
2016-06-07,0.398633,7261.368905
2016-06-08,0.379787,7288.946645
2016-06-09,-0.722305,7236.298231
2016-06-10,-1.749820,7109.676045
2016-06-13,-1.058098,7034.448738
2016-06-14,-0.677157,6986.814459
2016-06-15,0.305004,7008.124531
2016-06-16,0.071547,7013.138666
2016-06-17,0.268111,7031.941671
2016-06-20,1.408494,7130.986117
2016-06-21,0.474625,7164.831526
2016-06-22,-0.099213,7157.723073
2016-06-23,1.845488,7289.818004
2016-06-24,-5.384135,6897.324385
2016-06-27,-1.859974,6769.035915
2016-06-28,2.176618,6916.371982
2016-06-29,1.891763,7047.213379
2016-06-30,1.351861,7142.481938
2016-07-01,0.213387,7157.723073
2016-07-05,-1.242357,7068.798618
2016-07-06,0.161763,7080.233291
2016-07-07,-0.233184,7063.723335
2016-07-08,1.528543,7171.695387
2016-07-11,0.867764,7233.928747
2016-07-12,0.965749,7303.790318
2016-07-13,-0.034744,7301.252677
2016-07-14,0.608862,7345.707261
2016-07-15,-0.207484,7330.466126
2016-07-18,0.311977,7353.335472
2016-07-19,-0.466302,7319.046740
2016-07-20,0.572710,7360.963683
2016-07-21,-0.293447,7339.363158
2016-07-22,0.311599,7362.232504
2016-07-25,-0.258928,7343.169620
2016-07-26,0.172997,7355.873113
2016-07-27,0.138200,7366.038966
2016-07-28,0.051676,7369.845427
2016-07-29,0.568763,7411.762370
2016-08-01,-0.325468,7387.639491
2016-08-02,-0.619125,7341.900799
2016-08-03,0.103900,7349.529010
2016-08-04,0.362959,7376.204818
2016-08-05,0.637079,7423.197043
2016-08-08,0.154040,7434.631716
2016-08-09,0.563807,7476.548659
2016-08-10,-0.050912,7472.742197
2016-08-11,0.662807,7522.272063
2016-08-12,-0.168878,7509.568570
2016-08-15,0.423012,7541.334947
2016-08-16,-0.421230,7509.568570
2016-08-17,0.101580,7517.196781
2016-08-18,0.354864,7543.872589
2016-08-19,-0.370428,7515.927960
2016-08-22,-0.118376,7507.030929
2016-08-23,0.203025,7522.272063
2016-08-24,-0.371492,7494.327435
2016-08-25,-0.220299,7477.817479
2016-08-26,-0.407636,7447.335210
2016-08-29,0.443379,7480.355121
2016-08-30,-0.186787,7466.382806
2016-08-31,-0.391266,7437.169357
2016-09-01,0.358682,7463.845165
2016-09-02,0.782799,7522.272063
2016-09-06,0.692381,7574.354858
2016-09-07,-0.016752,7573.086038
2016-09-08,-0.268473,7552.754333
2016-09-09,-2.320752,7377.473638
2016-09-12,1.119151,7460.038703
2016-09-13,-1.770905,7327.928485
2016-09-14,-0.086574,7321.584381
2016-09-15,1.058166,7399.058877
2016-09-16,-0.721059,7345.707261
2016-09-19,0.259511,7364.770145
2016-09-20,0.362208,7391.445953
2016-09-21,1.580933,7508.299749
2016-09-22,0.727467,7562.920185
2016-09-23,-0.688660,7510.837391
2016-09-26,-0.896154,7443.528748
2016-09-27,0.563133,7485.445690
2016-09-28,0.644732,7533.706736
2016-09-29,-1.045416,7454.948134
2016-09-30,0.698634,7507.030929
2016-10-03,-0.203025,7491.789794
2016-10-04,-0.406876,7461.307524
2016-10-05,0.595802,7505.762108
2016-10-06,-0.152345,7494.327435
2016-10-07,-0.406738,7463.845165
2016-10-10,0.476602,7499.418005
2016-10-11,-1.388982,7395.252415
2016-10-12,0.000000,7395.252415
2016-10-13,-0.429344,7363.501324
2016-10-14,0.068925,7368.576607
2016-10-17,-0.292936,7346.991369
2016-10-18,0.881599,7411.762370
2016-10-19,0.342793,7437.169357
2016-10-20,-0.153750,7425.734684
2016-10-21,-0.034174,7423.197043
2016-10-24,0.308079,7446.066389
2016-10-25,-0.153567,7434.631716
2016-10-26,-0.461408,7400.327697
2016-10-27,-0.205952,7385.086562
2016-10-28,-0.326643,7360.963683
2016-10-31,0.034474,7363.501324
2016-11-01,-0.621154,7317.762633
2016-11-02,-0.728861,7264.426304
2016-11-03,-0.279880,7244.094599
2016-11-04,-0.508575,7207.252939
2016-11-07,2.044487,7354.604293
2016-11-08,0.552689,7395.252415
2016-11-09,0.309244,7418.121760
2016-11-10,-0.274082,7397.790056
2016-11-11,-0.549463,7357.141934
2016-11-14,-0.276146,7336.825516
2016-11-15,0.865527,7400.327697
2016-11-16,-0.411904,7369.845427
2016-11-17,0.482681,7405.418267
2016-11-18,-0.480362,7369.845427
2016-11-21,0.775567,7427.003505
2016-11-22,0.410631,7457.501062
2016-11-23,-0.238606,7439.706999
2016-11-25,0.375615,7467.651627
2016-11-28,-0.374209,7439.706999
2016-11-29,0.256232,7458.769883
2016-11-30,-0.255577,7439.706999
2016-12-01,-0.477943,7404.149446
2016-12-02,0.171573,7416.852940
2016-12-05,0.684909,7467.651627
2016-12-06,0.544323,7508.299749
2016-12-07,1.370440,7611.196518
2016-12-08,0.183576,7625.168833
2016-12-09,0.466318,7660.726385
2016-12-12,-0.314890,7636.603506
2016-12-13,0.798320,7697.568045
2016-12-14,-1.204678,7604.837128
2016-12-15,0.150361,7616.271801
2016-12-16,-0.200113,7601.030666
2016-12-19,0.117050,7609.927698
2016-12-20,0.350540,7636.603506
2016-12-21,-0.246823,7617.754640
2016-12-22,-0.168367,7604.928850
2016-12-23,0.067541,7610.065281
2016-12-27,0.134589,7620.307568
2016-12-28,-0.487880,7583.129594
2016-12-29,0.186070,7597.239491
2016-12-30,-0.151919,7585.697809
2017-01-03,0.777479,7644.675039
2017-01-04,0.855268,7710.057521
2017-01-05,0.382469,7739.546136
2017-01-06,0.016592,7740.830244
2017-01-09,-0.231848,7722.883310
2017-01-10,0.000000,7722.883310
2017-01-11,0.547711,7765.182428
2017-01-12,-0.049610,7761.330105
2017-01-13,0.264325,7781.845253
2017-01-17,-0.312936,7757.493069
2017-01-18,-0.165334,7744.667280
2017-01-19,-0.281277,7722.883310
2017-01-20,0.414891,7754.924854
2017-01-23,0.016559,7756.208961
2017-01-24,0.545358,7798.508079
2017-01-25,0.986396,7875.432242
2017-01-26,-0.195275,7860.053524
2017-01-27,-0.195657,7844.674807
2017-01-30,-0.637423,7794.671043
2017-01-31,0.148071,7806.212725
2017-02-01,0.049154,7810.049761
2017-02-02,0.131338,7820.307335
2017-02-03,0.573729,7865.174668
2017-02-06,-0.374732,7835.701340
2017-02-07,-0.081940,7829.280802
2017-02-08,0.262031,7849.795950
2017-02-09,0.408378,7881.852781
2017-02-10,0.406523,7913.894324
2017-02-13,0.469781,7951.072298
2017-02-14,0.209567,7967.735123
2017-02-15,0.482723,8006.197205
2017-02-16,0.016039,8007.481313
2017-02-17,-0.063954,8002.360169
2017-02-21,0.432494,8036.969928
2017-02-22,0.031955,8039.538143
2017-02-23,0.047727,8043.375179
2017-02-24,-0.254866,8022.875318
2017-02-27,0.079837,8029.280569
2017-02-28,-0.335278,8002.360169
2017-03-01,1.233488,8101.068301
2017-03-02,-0.632911,8049.795717
2017-03-03,0.238901,8069.026758
2017-03-06,-0.286074,8045.943394
2017-03-07,-0.239015,8026.712354
2017-03-08,-0.335385,7999.791954
2017-03-09,0.064016,8004.913097
2017-03-10,0.544647,8048.511610
2017-03-13,0.382341,8079.284332
2017-03-14,-0.571421,8033.117605
2017-03-15,1.196985,8129.272809
2017-03-16,0.204973,8145.935634
2017-03-17,-0.047104,8142.098598
2017-03-20,0.015771,8143.382706
2017-03-21,-0.960390,8065.174435
2017-03-22,0.190681,8080.553153
2017-03-23,0.047674,8084.405476
2017-03-24,0.031768,8086.973691
2017-03-27,0.079205,8093.378943
2017-03-28,0.443497,8129.272809
2017-03-29,0.047388,8133.125132
2017-03-30,-0.047366,8129.272809
2017-03-31,-0.236565,8110.041768
2017-04-03,-0.015834,8108.757660
2017-04-04,0.031672,8111.325876
2017-04-05,-0.268751,8089.526620
2017-04-06,0.095242,8097.231266
2017-04-07,-0.095152,8089.526620
2017-04-10,-0.031558,8086.973691
2017-04-11,0.126841,8097.231266
2017-04-12,-0.237501,8078.000225
2017-04-13,-0.666701,8024.144138
2017-04-17,0.783006,8086.973691
2017-04-18,-0.491484,8047.227502
2017-04-19,-0.254934,8026.712354
2017-04-20,0.798563,8090.810727
2017-04-21,-0.142463,8079.284332
2017-04-24,1.523159,8202.344649
2017-04-25,0.672249,8257.484843
2017-04-26,-0.201976,8240.806731
2017-04-27,0.031165,8243.374946
2017-04-28,-0.031155,8240.806731
2017-05-01,0.264528,8262.605987
2017-05-02,0.294728,8286.958171
2017-05-03,-0.293862,8262.605987
2017-05-04,0.217207,8280.552920
2017-05-05,0.665715,8335.677827
2017-05-08,-0.199898,8319.015002
2017-05-09,-0.030872,8316.446786
2017-05-10,0.231241,8335.677827
2017-05-11,-0.138461,8324.136145
2017-05-12,0.123227,8334.393720
2017-05-15,0.553747,8380.545160
2017-05-16,0.183687,8395.939165
2017-05-17,-1.511778,8269.011238
2017-05-18,0.124048,8279.268812
2017-05-19,1.037503,8365.166442
2017-05-22,0.398386,8398.492093
2017-05-23,0.045869,8402.344416
2017-05-24,0.198312,8419.007242
2017-05-25,0.304687,8444.658821
2017-05-26,-0.060825,8439.522390
2017-05-30,-0.045465,8435.685354
2017-05-31,-0.152042,8422.859565
2017-06-01,0.821987,8492.094369
2017-06-02,0.558405,8539.514630
2017-06-05,-0.105082,8530.541164
2017-06-06,-0.255364,8508.757195
2017-06-07,0.060187,8513.878338
2017-06-08,0.075413,8520.298877
2017-06-09,-0.346098,8490.810261
2017-06-12,-0.181302,8475.416257
2017-06-13,0.559684,8522.851805
2017-06-14,-0.135420,8511.310123
2017-06-15,-0.542237,8465.158682
2017-06-16,0.363522,8495.931405
2017-06-19,0.588561,8545.935169
2017-06-20,-0.785821,8478.779396
2017-06-21,0.045976,8482.677580
2017-06-22,-0.015318,8481.378185
2017-06-23,0.168166,8495.640952
2017-06-26,0.243998,8516.370119
2017-06-27,-0.426136,8480.078790
2017-06-28,0.779666,8546.195048
2017-06-29,-0.910115,8468.414813
2017-06-30,0.244963,8489.159266
2017-07-03,0.122092,8499.523849
2017-07-05,0.015288,8500.823244
2017-07-06,-0.747192,8437.305776
2017-07-07,0.384109,8469.714207
2017-07-10,0.244925,8490.458661
2017-07-11,0.152682,8503.422033
2017-07-12,0.884132,8578.603479
2017-07-13,0.226669,8598.048538
2017-07-14,0.587794,8648.587346
2017-07-17,-0.119841,8638.222763
2017-07-18,0.180155,8653.784925
2017-07-19,0.554154,8701.740231
2017-07-20,0.104352,8710.820706
2017-07-21,-0.134078,8699.141441
2017-07-24,-0.074334,8692.675042
2017-07-25,0.208747,8710.820706
2017-07-26,0.297638,8736.747451
2017-07-27,-0.192996,8719.885895
2017-07-28,-0.103960,8710.820706
2017-07-31,0.118985,8721.185289
2017-08-01,0.326908,8749.695537
2017-08-02,0.059403,8754.893115
2017-08-03,-0.207263,8736.747451
2017-08-04,0.192821,8753.593721
2017-08-07,0.088890,8761.374802
2017-08-08,-0.281090,8736.747451
2017-08-09,-0.118807,8726.367581
2017-08-10,-1.455760,8599.332645
2017-08-11,0.015110,8600.632040
2017-08-14,0.889247,8677.112880
2017-08-15,-0.134422,8665.448902
2017-08-16,0.463614,8705.623128
2017-08-17,-1.310145,8591.566851
2017-08-18,0.090389,8599.332645
2017-08-21,0.090485,8607.113726
2017-08-22,0.813271,8677.112880
2017-08-23,-0.164372,8662.850113
2017-08-24,-0.059822,8657.667822
2017-08-25,0.389341,8691.375647
2017-08-28,-0.089526,8683.594567
2017-08-29,-0.074643,8677.112880
2017-08-30,0.298795,8703.039625
2017-08-31,0.610564,8756.177223
2017-09-01,0.236912,8776.921676
2017-09-05,-0.767927,8709.521312
2017-09-06,0.461268,8749.695537
2017-09-07,0.385246,8783.403363
2017-09-08,-0.103208,8774.338174
2017-09-11,0.915895,8854.701911
2017-09-12,0.409854,8890.993240
2017-09-13,-0.262377,8867.665284
2017-09-14,0.043787,8871.548181
2017-09-15,0.189891,8888.394450
2017-09-18,0.189703,8905.256007
2017-09-19,0.203764,8923.401671
2017-09-20,0.043514,8927.284568
2017-09-21,-0.275866,8902.657218
2017-09-22,0.014596,8903.956612
2017-09-25,-0.422180,8866.365889
2017-09-26,-0.204657,8848.220225
2017-09-27,0.146508,8861.183598
2017-09-28,0.116966,8871.548181
2017-09-29,0.555198,8920.802882
2017-10-02,0.116356,8931.182752
2017-10-03,0.391795,8966.174685
2017-10-04,0.072290,8972.656372
2017-10-05,0.390154,9007.663592
2017-10-06,-0.129659,8995.984327
2017-10-09,-0.187264,8979.138058
2017-10-10,0.563017,9029.692153
2017-10-11,0.258347,9053.020109
2017-10-12,-0.014184,9051.736001
2017-10-13,0.243363,9073.764562
2017-10-16,0.100074,9082.845038
2017-10-17,-0.099974,9073.764562
2017-10-18,0.157187,9088.027330
2017-10-19,-0.085619,9080.246249
2017-10-20,0.385363,9115.238182
2017-10-23,-0.483503,9071.165773
2017-10-24,0.057298,9076.363352
2017-10-25,-0.357064,9043.954920
2017-10-26,-0.028735,9041.356131
2017-10-27,0.630832,9098.391913
2017-10-30,-0.156761,9084.129146
2017-10-31,0.314015,9112.654680
2017-11-01,0.170608,9128.201555
2017-11-02,0.142015,9141.164927
2017-11-03,0.099336,9150.245403
2017-11-06,0.283345,9176.172148
2017-11-07,-0.127112,9164.508170
2017-11-08,0.197999,9182.653834
2017-11-09,-0.479953,9138.581425
2017-11-10,-0.170291,9123.019263
2017-11-13,-0.142095,9110.055891
2017-11-14,-0.199183,9091.910227
2017-11-15,-0.499035,9046.538423
2017-11-16,1.003075,9137.282030
2017-11-17,-0.156094,9123.019263
2017-11-20,0.198900,9141.164927
2017-11-21,0.765757,9211.164081
2017-11-22,0.126629,9222.828059
2017-11-24,0.281115,9248.754804
2017-11-27,-0.364293,9215.062265
2017-11-28,0.787652,9287.644922
2017-11-29,-0.376758,9252.652988
2017-11-30,0.476322,9296.725397
2017-12-01,-0.251091,9273.382155
2017-12-04,-0.251558,9250.054199
2017-12-05,-0.294335,9222.828059
2017-12-06,-0.196747,9204.682395
2017-12-07,0.267552,9229.309746
2017-12-08,0.575914,9282.462630
2017-12-11,0.376968,9317.454564
2017-12-12,0.000000,9317.454564
2017-12-13,0.236587,9339.498412
2017-12-14,-0.513468,9291.543106
2017-12-15,0.404569,9329.133829
2017-12-18,0.916977,9414.679858
2017-12-19,-0.321013,9384.457467
2017-12-20,-0.069720,9377.914633
2017-12-21,0.334824,9409.314122
2017-12-22,0.111290,9419.785714
2017-12-26,-0.111166,9409.314122
2017-12-27,0.111290,9419.785714
2017-12-28,0.222170,9440.713612
2017-12-29,-0.096994,9431.556701
2018-01-02,0.943326,9520.527017
2018-01-03,0.508361,9568.925646
2018-01-04,0.697338,9635.653383
2018-01-05,0.651736,9698.452362
2018-01-08,0.094416,9707.609273
2018-01-09,0.121255,9719.380260
2018-01-10,-0.228848,9697.137681
2018-01-11,0.688118,9763.865418
2018-01-12,0.763734,9838.435383
2018-01-16,-0.172783,9821.436244
2018-01-17,0.785873,9898.620286
2018-01-18,-0.132197,9885.534618
2018-01-19,0.476446,9932.633852
2018-01-22,0.724439,10004.589742
2018-01-23,0.313851,10035.989231
2018-01-24,0.091241,10045.146142
2018-01-25,-0.091158,10035.989231
2018-01-26,1.082094,10144.588050
2018-01-29,-0.864063,10056.932416
2018-01-30,-0.975717,9958.805189
2018-01-31,0.105149,9969.276781
2018-02-01,-0.065630,9962.733947
2018-02-02,-2.179947,9745.551596
2018-02-05,-3.973767,9358.286130
2018-02-06,2.125053,9557.154659
2018-02-07,-1.163661,9445.941764
2018-02-08,-3.282533,9135.875627
2018-02-09,1.160094,9241.860369
2018-02-12,1.387297,9370.072404
2018-02-13,0.181420,9387.071543
2018-02-14,1.700334,9546.683067
2018-02-15,1.123784,9653.967204
2018-02-16,0.108469,9664.438796
2018-02-20,-0.839291,9583.325996
2018-02-21,-0.436916,9541.454914
2018-02-22,0.205718,9561.083417
2018-02-23,1.245205,9680.138541
2018-02-26,1.067706,9783.493920
2018-02-27,-1.524560,9634.338701
2018-02-28,-1.154180,9523.141093
2018-03-01,-1.250167,9404.085969
2018-03-02,0.459061,9447.256446
2018-03-05,0.789329,9521.826412
2018-03-06,0.522098,9571.539722
2018-03-07,-0.068357,9564.996888
2018-03-08,0.369349,9600.325136
2018-03-09,1.294733,9724.623699
2018-03-12,0.040243,9728.537170
2018-03-13,-0.672383,9663.124115
2018-03-14,-0.203128,9643.495612
2018-03-15,-0.040581,9639.582141
2018-03-16,-0.040757,9635.653383
2018-03-19,-1.059150,9533.597399
2018-03-20,0.137258,9546.683067
2018-03-21,0.095917,9555.839978
2018-03-22,-2.368436,9329.516004
2018-03-23,-1.710987,9169.889193
2018-03-26,2.339922,9384.457467
2018-03-27,-1.435937,9249.702598
2018-03-28,0.070736,9256.245432
2018-03-29,1.342696,9380.528709
2018-04-02,-2.008383,9192.131772
2018-04-03,1.067513,9290.258998
2018-04-04,0.704104,9355.672053
2018-04-05,0.713233,9422.399791
2018-04-06,-1.666215,9265.402343
2018-04-09,0.522524,9313.816259
2018-04-10,1.559094,9459.027433
2018-04-11,-0.442496,9417.171638
2018-04-12,0.555659,9469.499025
2018-04-13,-0.221003,9448.571127
2018-04-16,0.484566,9494.355680
2018-04-17,0.730348,9563.697493
2018-04-18,0.328320,9595.096983
2018-04-19,-0.422678,9554.540583
2018-04-20,-0.780466,9479.970617
2018-04-23,-0.138035,9466.884949
2018-04-24,-0.953531,9376.615238
2018-04-25,0.013858,9377.914633
2018-04-26,0.809185,9453.799280
2018-04-27,0.207626,9473.427783
2018-04-30,-0.580115,9418.471033
2018-05-01,-0.111019,9408.014727
2018-05-02,-0.417272,9368.757722
2018-05-03,0.014033,9370.072404
2018-05-04,0.837760,9448.571127
2018-05-07,0.166160,9464.270872
2018-05-08,0.041350,9468.184343
2018-05-09,0.580436,9523.141093
2018-05-10,1.016603,9619.953638
2018-05-11,0.217547,9640.881536
2018-05-14,0.149368,9655.281886
2018-05-15,-0.867320,9571.539722
2018-05-16,0.451189,9614.725486
2018-05-17,-0.122586,9602.939212
2018-05-18,-0.340509,9570.240328
2018-05-21,0.642453,9631.724625
2018-05-22,-0.108561,9621.268320
2018-05-23,-0.204012,9601.639817
2018-05-24,-0.367940,9566.311570
2018-05-25,-0.287161,9538.840838
2018-05-29,-1.522475,9393.614377
2018-05-30,1.309229,9516.598259
2018-05-31,-0.563669,9462.956191
2018-06-01,1.036962,9561.083417
2018-06-04,0.588387,9617.339562
2018-06-05,-0.108882,9606.867970
2018-06-06,0.953322,9698.452362
2018-06-07,-0.445127,9655.281886
2018-06-08,0.203135,9674.895101
2018-06-11,0.324546,9706.294591
2018-06-12,-0.134659,9693.224210
2018-06-13,-0.202497,9673.595707
2018-06-14,-0.027023,9670.981631
2018-06-15,-0.392332,9633.039307
2018-06-18,-0.434661,9591.168225
2018-06-19,-0.686795,9525.296560
2018-06-20,0.236078,9547.783731
2018-06-21,-0.748196,9476.347599
2018-06-22,0.530412,9526.611241
2018-06-25,-1.416275,9391.688216
2018-06-26,0.140960,9404.926754
2018-06-27,-0.970541,9313.648102
2018-06-28,0.525562,9362.597063
2018-06-29,0.480362,9407.571405
2018-07-02,-0.295257,9379.794933
2018-07-03,-0.084586,9371.860982
2018-07-05,0.719830,9439.322495
2018-07-06,0.728614,9508.098689
2018-07-09,0.973836,9600.692023
2018-07-10,0.206678,9620.534544
2018-07-11,-1.182372,9506.784008
2018-07-12,0.946153,9596.732692
2018-07-13,0.151488,9611.270625
2018-07-16,-0.137581,9598.047373
2018-07-17,0.385916,9635.087764
2018-07-18,0.054896,9640.377065
2018-07-19,-0.466521,9595.402723
2018-07-20,0.344600,9628.468495
2018-07-23,0.000000,9628.468495
2018-07-24,0.508377,9677.417456
2018-07-25,0.984126,9772.655440
2018-07-26,-0.419535,9731.655717
2018-07-27,-0.299090,9702.549277
2018-07-30,-0.327245,9670.798187
2018-07-31,0.259873,9695.930008
2018-08-01,-0.218207,9674.772806
2018-08-02,-0.054671,9669.483505
2018-08-03,0.369311,9705.193927
2018-08-06,-0.013704,9703.863959
2018-08-07,0.463468,9748.838301
2018-08-08,0.013642,9750.168269
2018-08-09,-0.257758,9725.036448
2018-08-10,-1.183343,9609.955943
2018-08-13,-0.591916,9553.073031
2018-08-14,0.457022,9596.732692
2018-08-15,-1.185464,9482.966868
2018-08-16,0.753310,9554.403000
2018-08-17,0.456799,9598.047373
2018-08-20,0.372059,9633.757796
2018-08-21,0.466841,9678.732137
2018-08-22,0.150363,9693.285358
2018-08-23,-0.477537,9646.996334
2018-08-24,0.767757,9721.061829
2018-08-27,0.966184,9814.985132
2018-08-28,0.053890,9820.274432
2018-08-29,0.592627,9878.472026
2018-08-30,-0.857009,9793.812642
2018-08-31,-0.310616,9763.391521
2018-09-04,-0.555370,9709.168546
2018-09-05,-0.545089,9656.244967
2018-09-06,-0.356044,9621.864513
2018-09-07,-0.412446,9582.179471
2018-09-10,0.165598,9598.047373
2018-09-11,0.303254,9627.153813
2018-09-12,0.192295,9645.666365
2018-09-13,0.685767,9711.813197
2018-09-14,0.081694,9719.747147
2018-09-17,-0.326666,9687.996057
2018-09-18,0.710069,9756.787538
2018-09-19,0.257583,9781.919360
2018-09-20,0.946576,9874.512694
2018-09-21,0.053565,9879.801994
2018-09-24,-0.468677,9833.497684
2018-09-25,0.201785,9853.340204
2018-09-26,-0.067023,9846.736222
2018-09-27,0.000000,9846.736222
2018-09-28,-0.241879,9822.919083
2018-10-01,0.282772,9850.695554
2018-10-02,-0.335669,9817.629782
2018-10-03,-0.067422,9811.010513
2018-10-04,-1.065149,9706.508609
2018-10-05,-0.585871,9649.640984
2018-10-08,-0.164599,9633.757796
2018-10-09,-0.192163,9615.245244
2018-10-10,-2.902786,9336.135273
2018-10-11,-1.686032,9178.725076
2018-10-12,1.210638,9289.846249
2018-10-15,-0.541060,9239.582607
2018-10-16,2.018504,9426.083957
2018-10-17,-0.266620,9400.952135
2018-10-18,-1.603996,9250.161208
2018-10-19,0.200132,9268.673760
2018-10-22,-0.256799,9244.871907
2018-10-23,-0.772711,9173.435776
2018-10-24,-2.768460,8919.472913
2018-10-25,1.423557,9046.446701
2018-10-26,-1.345108,8924.762214
2018-10-29,-0.652263,8866.549333
2018-10-30,1.432227,8993.538408
2018-10-31,1.103154,9092.751011
2018-11-01,1.396597,9219.740086
2018-11-02,-0.186533,9202.542216
2018-11-05,0.301835,9230.318687
2018-11-06,0.429942,9270.003729
2018-11-07,1.826523,9439.322495
2018-11-08,-0.812828,9362.597063
2018-11-09,-0.847736,9283.226980
2018-11-12,-1.838083,9112.593532
2018-11-13,0.145110,9125.816783
2018-11-14,-0.362332,9092.751011
2018-11-15,0.960150,9180.055045
2018-11-16,0.259278,9203.856897
2018-11-19,-1.508958,9064.974540
2018-11-20,-1.823989,8899.630392
2018-11-21,0.921380,8981.629838
2018-11-23,-0.662600,8922.117563
2018-11-26,1.467683,9053.065970
2018-11-27,0.116851,9063.644571
2018-11-28,2.028676,9247.516558
2018-11-29,-0.414926,9209.146198
2018-11-30,0.301784,9236.937956
2018-12-03,1.288737,9355.977793
2018-12-04,-2.799409,9094.065693
2018-12-06,-0.436216,9054.395939
2018-12-07,-1.913914,8881.102553
2018-12-10,-0.297784,8854.656050
2018-12-11,0.134317,8866.549333
2018-12-12,1.059299,8960.472636
2018-12-13,-0.088544,8952.538685
2018-12-14,-1.610570,8808.351740
2018-12-17,-1.516664,8674.758683
2018-12-18,-0.049343,8670.478324
2018-12-19,-1.385627,8550.337823
2018-12-20,-0.874274,8475.584414
2018-12-21,-1.890046,8315.391984
2018-12-24,-1.782143,8167.199846
2018-12-26,3.694095,8468.903996
2018-12-27,0.472929,8508.955926
2018-12-28,0.241640,8529.516935
2018-12-31,0.485520,8570.929407
2019-01-02,-0.031034,8568.269470
2019-01-03,-1.699394,8422.660834
2019-01-04,3.187838,8691.161630
2019-01-07,0.614916,8744.604967
2019-01-08,0.733180,8808.718628
2019-01-09,0.925163,8890.213603
2019-01-10,0.465821,8931.626075
2019-01-11,-0.359085,8899.553957
2019-01-14,-0.570285,8848.801131
2019-01-15,0.905769,8928.950850
2019-01-16,0.284204,8954.327264
2019-01-17,0.731031,9019.786180
2019-01-18,1.051641,9114.641989
2019-01-22,-1.319111,8994.409767
2019-01-23,0.252392,9017.110956
2019-01-24,0.177840,9033.147014
2019-01-25,1.109148,9133.337985
2019-01-28,-0.687412,9070.554293
2019-01-29,0.014662,9071.884262
2019-01-30,1.413627,9200.126870
2019-01-31,0.653510,9260.250625
2019-02-01,-0.115392,9249.565015
2019-02-04,0.577628,9302.993066
2019-02-05,0.588771,9357.766372
2019-02-06,-0.385533,9321.689062
2019-02-07,-1.046117,9224.173315
2019-02-08,-0.029002,9221.498091
2019-02-11,-0.130300,9209.482512
2019-02-12,1.232988,9323.034317
2019-02-13,0.057226,9328.369479
2019-02-14,-0.057193,9323.034317
2019-02-15,1.031700,9419.220095
2019-02-19,0.340334,9451.276926
2019-02-20,0.268497,9476.653339
2019-02-21,-0.239549,9453.952150
2019-02-22,0.607505,9511.385394
2019-02-25,0.252817,9535.431838
2019-02-26,0.070059,9542.112255
2019-02-27,-0.210030,9522.071004
2019-02-28,-0.350625,9488.684205
2019-03-01,0.534877,9539.437031
2019-03-04,-0.294060,9511.385394
2019-03-05,0.014144,9512.730649
2019-03-06,-0.491583,9465.967729
2019-03-07,-1.044383,9367.106726
2019-03-08,-0.256548,9343.075569
2019-03-11,1.329564,9467.297697
2019-03-12,0.381073,9503.375008
2019-03-13,0.576356,9558.148314
2019-03-14,-0.097881,9548.792672
2019-03-15,0.811354,9626.267168
2019-03-18,0.555182,9679.710505
2019-03-19,0.082754,9687.720891
2019-03-20,-0.248216,9663.674447
2019-03-21,0.705054,9731.808587
2019-03-22,-2.072707,9530.096677
2019-03-25,-0.014116,9528.751421
2019-03-26,0.686962,9594.210337
2019-03-27,-0.459524,9550.122641
2019-03-28,0.293731,9578.174279
2019-03-29,0.627716,9638.298033
2019-04-01,1.219686,9755.855032
2019-04-02,-0.041054,9751.849839
2019-04-03,0.465734,9797.267504
2019-04-04,0.149948,9811.958307
2019-04-05,0.381242,9849.365585
2019-04-08,0.121993,9861.381164
2019-04-09,-0.528304,9809.283082
2019-04-10,0.422176,9850.695554
2019-04-11,-0.311926,9819.968692
2019-04-12,0.707376,9889.432802
2019-04-15,-0.040500,9885.427609
2019-04-16,0.108095,9896.113219
2019-04-17,0.040472,9900.118412
2019-04-18,0.027022,9902.793636
2019-04-22,-0.013430,9901.463667
2019-04-23,0.539598,9954.891718
2019-04-24,-0.550215,9900.118412
2019-04-25,-0.026868,9897.458475
2019-04-26,0.377948,9934.865753
2019-04-29,0.241887,9958.896911
2019-04-30,0.093943,9968.252552
2019-05-01,-0.683511,9900.118412
2019-05-02,-0.229302,9877.417223
2019-05-03,1.054893,9981.613387
2019-05-06,-0.829775,9898.788443
2019-05-07,-1.700462,9730.463332
2019-05-08,-0.054829,9725.128170
2019-05-09,-0.508197,9675.705312
2019-05-10,0.621231,9735.813780
2019-05-13,-2.511034,9491.344142
2019-05-14,0.929008,9579.519534
2019-05-15,0.404376,9618.256782
2019-05-16,0.750025,9690.396115
2019-05-17,-0.758166,9616.926813
2019-05-20,-0.611198,9558.148314
2019-05-21,0.908441,9644.978451
2019-05-22,-0.401631,9606.241203
2019-05-23,-1.126524,9498.024559
2019-05-24,0.548515,9550.122641
2019-05-28,-0.853179,9468.642953
2019-05-29,-0.578471,9413.869647
2019-05-30,0.439909,9455.282119
2019-05-31,-0.974911,9363.101533
2019-06-03,0.185473,9380.467561
2019-06-04,1.623470,9532.756614
2019-06-05,0.350393,9566.158700
2019-06-06,0.530705,9616.926813
2019-06-07,1.055648,9718.447753
2019-06-10,0.426122,9759.860225
2019-06-11,0.287418,9787.911862
2019-06-12,-0.573189,9731.808587
2019-06-13,0.343226,9765.210673
2019-06-14,-0.437858,9722.452946
2019-06-17,0.091825,9731.380551
2019-06-18,1.292848,9857.192527
2019-06-19,0.329245,9889.646820
2019-06-20,1.135359,10001.929804
2019-06-21,-0.270528,9974.871822
2019-06-24,-0.108505,9964.048629
2019-06-25,-0.801014,9884.235223
2019-06-26,0.068515,9891.007362
2019-06-27,0.382831,9928.873251
2019-06-28,0.422326,9970.805481
2019-07-01,0.786979,10049.273631
2019-07-02,0.242328,10073.625815
2019-07-03,0.630988,10137.189144
2019-07-05,-0.467031,10089.845318
2019-07-08,-0.522857,10037.089895
2019-07-09,-0.053916,10031.678298
2019-07-10,0.512478,10083.088466
2019-07-11,0.120682,10095.256914
2019-07-12,0.294829,10125.020695
2019-07-15,0.080172,10133.138090
2019-07-16,-0.373835,10095.256914
2019-07-17,-0.442168,10050.618886
2019-07-18,0.471054,10097.962713
2019-07-19,-0.576027,10039.795693
2019-07-22,0.242557,10064.147878
2019-07-23,0.551077,10119.609099
2019-07-24,0.320858,10152.078678
2019-07-25,-0.746274,10076.316326
2019-07-26,0.496857,10126.381238
2019-07-29,-0.066876,10119.609099
2019-07-30,-0.481136,10070.920017
2019-07-31,-0.926851,9977.577620
2019-08-01,-0.813410,9896.418959
2019-08-02,-0.888511,9808.488159
2019-08-05,-2.951266,9519.013604
2019-08-06,1.136847,9627.230248
2019-08-07,0.351242,9661.045083
2019-08-08,1.470146,9803.076562
2019-08-09,-0.676159,9736.792148
2019-08-12,-1.125236,9627.230248
2019-08-13,1.461178,9767.901184
2019-08-14,-2.852725,9489.249824
2019-08-15,0.185263,9506.829869
2019-08-16,1.365997,9636.692899
2019-08-19,0.842184,9717.851560
2019-08-20,-0.528871,9666.456680
2019-08-21,0.825674,9746.270085
2019-08-22,-0.152772,9731.380551
2019-08-23,-2.085052,9528.476255
2019-08-26,0.922821,9616.407055
2019-08-27,-0.267384,9590.694328
2019-08-28,0.409165,9629.936047
2019-08-29,1.123752,9738.152690
2019-08-30,0.194342,9757.077991
2019-09-03,-0.540689,9704.322569
2019-09-04,1.338198,9834.185599
2019-09-05,1.086733,9941.056987
2019-09-06,0.136092,9954.585978
2019-09-09,0.122240,9966.754427
2019-09-10,0.013497,9968.099683
2019-09-11,0.773544,10045.207290
2019-09-12,0.430979,10088.500062
2019-09-13,0.107282,10099.323255
2019-09-16,-0.415198,10057.391025
2019-09-17,0.161421,10073.625815
2019-09-18,-0.053720,10068.214219
2019-09-19,0.107347,10079.022125
2019-09-20,-0.375690,10041.156236
2019-09-23,-0.134735,10027.627244
2019-09-24,-0.593636,9968.099683
2019-09-25,0.271446,9995.157665
2019-09-26,-0.108284,9984.334472
2019-09-27,-0.555482,9928.873251
2019-09-30,0.476830,9976.217077
2019-10-01,-1.152476,9861.243581
2019-10-02,-1.673606,9696.205174
2019-10-03,0.837172,9777.379122
2019-10-04,1.051458,9880.184169
2019-10-07,-0.397021,9840.957738
2019-10-08,-1.319618,9711.094708
2019-10-09,0.863594,9794.959167
2019-10-10,0.787217,9872.066774
2019-10-11,1.356495,10005.980858
2019-10-14,-0.270418,9978.922876
2019-10-15,1.003107,10079.022125
2019-10-16,0.026846,10081.727923
2019-10-17,0.241548,10106.080107
2019-10-18,-0.334599,10072.265272
2019-10-21,0.725172,10145.306539
2019-10-22,-0.319895,10112.852247
2019-10-23,0.361131,10149.372880
2019-10-24,0.226533,10172.364521
2019-10-25,0.279220,10200.767760
2019-10-28,0.596747,10261.640577
2019-10-29,-0.118582,10249.472129
2019-10-30,0.237595,10273.824313
2019-10-31,-0.237031,10249.472129
2019-11-01,1.016153,10353.622432
2019-11-04,0.431282,10398.275747
2019-11-05,0.025875,10400.966258
2019-11-06,-0.051883,10395.569948
2019-11-07,0.416307,10438.847434
2019-11-08,0.000000,10438.847434
2019-11-11,-0.233284,10414.495249
2019-11-12,-0.064879,10407.738397
2019-11-13,-0.090919,10398.275747
2019-11-14,0.012937,10399.621002
2019-11-15,0.663392,10468.611215
2019-11-18,0.090391,10478.073865
2019-11-19,-0.116132,10465.905416
2019-11-20,-0.426509,10421.267388
2019-11-21,-0.039020,10417.201048
2019-11-22,0.090984,10426.678985
2019-11-25,0.765473,10506.492390
2019-11-26,0.077115,10514.594498
2019-11-27,0.373212,10553.836217
2019-11-29,-0.615313,10488.897058
2019-12-02,-0.644774,10421.267388
2019-12-03,-0.506228,10368.511966
2019-12-04,0.691478,10440.207976
2019-12-05,0.103668,10451.031169
2019-12-06,0.789433,10533.535086
2019-12-09,-0.321021,10499.720251
2019-12-10,-0.064353,10492.963399
2019-12-11,0.476983,10543.013024
2019-12-12,0.885203,10636.340133
2019-12-13,0.318062,10670.170255
2019-12-16,0.735111,10748.607831
2019-12-17,-0.012658,10747.247289
2019-12-18,0.063582,10754.080576
2019-12-19,0.229147,10778.723213
2019-12-20,0.177849,10797.893106
2019-12-23,0.228217,10822.535743
2019-12-24,0.025284,10825.272116
2019-12-26,0.543822,10884.142337
2019-12-27,0.062922,10890.990911
2019-12-30,-0.603423,10825.272116
2019-12-31,0.227640,10849.914753
2020-01-02,1.034733,10962.182451
2020-01-03,-0.861675,10867.724103
2020-01-06,0.226751,10892.366740
2020-01-07,-0.251360,10864.987731
2020-01-08,0.491323,10918.369920
2020-01-09,0.564387,10979.991801
2020-01-10,-0.224571,10955.333877
2020-01-13,0.749884,11037.486192
2020-01-14,-0.086840,11027.901246
2020-01-15,-0.062102,11021.052672
2020-01-16,0.732929,11101.829158
2020-01-17,0.271265,11131.944540
2020-01-21,-0.541062,11071.713776
2020-01-22,0.074145,11079.922893
2020-01-23,0.012417,11081.298723
2020-01-24,-0.827857,10989.561460
2020-01-27,-1.856213,10785.571787
2020-01-28,0.939424,10886.893996
2020-01-29,-0.012637,10885.518166
2020-01-30,0.000000,10885.518166
2020-01-31,-1.760765,10693.849812
2020-02-03,0.678447,10766.401894
2020-02-04,1.716777,10951.236962
2020-02-05,0.950060,11055.280256
2020-02-06,0.198152,11077.186521
2020-02-07,-0.654969,11004.634438
2020-02-10,0.497591,11059.392457
2020-02-11,0.507567,11115.526306
2020-02-12,0.665087,11189.454218
2020-02-13,-0.452758,11138.793114
2020-02-14,0.098402,11149.753890
2020-02-18,-0.392946,11105.941360
2020-02-19,0.419135,11152.490262
2020-02-20,-0.576938,11088.147297
2020-02-21,-0.777989,11001.882779
2020-02-24,-3.434539,10624.018815
2020-02-25,-2.564424,10351.573974
2020-02-26,0.092594,10361.158921
2020-02-27,-3.501599,9998.352647
2020-02-28,-1.054365,9892.933524
2020-03-02,3.307595,10220.151671
2020-03-03,-2.384556,9976.446382
2020-03-04,4.103216,10385.801558
2020-03-05,-3.058194,10068.183645
2020-03-06,-1.781325,9888.836609
2020-03-09,-7.531548,9144.054170
2020-03-10,4.596437,9564.354834
2020-03-11,-5.167401,9070.126257
2020-03-12,-9.826351,8178.863824
2020-03-13,7.164205,8764.814376
2020-03-16,-11.215120,7781.829967
2020-03-17,6.245568,8267.849427
2020-03-18,-6.010998,7770.869190
2020-03-19,0.634231,7820.154465
2020-03-20,-3.168764,7572.352262
2020-03-23,-1.771691,7438.193586
2020-03-24,8.135315,8043.314031
2020-03-25,2.740452,8263.737225
2020-03-26,5.268484,8699.110867
2020-03-27,-2.927320,8444.460090
2020-03-30,2.204944,8630.655700
2020-03-31,-0.745694,8566.297447
2020-04-01,-4.586832,8173.375792
2020-04-02,2.010055,8337.665137
2020-04-03,-1.494291,8213.076120
2020-04-06,6.167789,8719.641303
2020-04-07,0.109924,8729.226249
2020-04-08,2.415314,8940.064496
2020-04-09,1.454819,9070.126257
2020-04-13,-0.800070,8997.558888
2020-04-14,2.571631,9228.942858
2020-04-15,-2.492248,8998.934718
2020-04-16,0.425878,9037.259216
2020-04-17,2.726951,9283.700877
2020-04-20,-1.459919,9148.166371
2020-04-21,-3.068038,8867.497127
2020-04-22,2.346794,9075.599002
2020-04-23,-0.105612,9066.014056
2020-04-24,1.026888,9159.111860
2020-04-27,1.629325,9308.343514
2020-04-28,0.014781,9309.719344
2020-04-29,2.646980,9556.145717
2020-04-30,-1.547233,9408.289893
2020-05-01,-2.633871,9160.487690
2020-05-04,0.328753,9190.603072
2020-05-05,0.700095,9254.946038
2020-05-06,-0.532529,9205.660763
2020-05-07,1.323671,9327.513407
2020-05-08,1.658581,9482.217805
2020-05-11,0.101083,9491.802752
2020-05-12,-1.687692,9331.610322
2020-05-13,-1.320385,9208.397135
2020-05-14,0.624535,9265.906814
2020-05-15,0.088595,9274.115930
2020-05-18,3.395273,9588.997472
2020-05-19,-1.013607,9491.802752
2020-05-20,1.673197,9650.619352
2020-05-21,-0.879619,9565.730664
2020-05-22,-0.114584,9554.769888
2020-05-26,1.877202,9734.132211
2020-05-27,1.251651,9855.969568
2020-05-28,0.083446,9864.193971
2020-05-29,0.235871,9887.460779
2020-06-01,1.273831,10013.410338
2020-06-02,1.093846,10122.941664
2020-06-03,1.636532,10288.606838
2020-06-04,-0.545592,10232.472989
2020-06-05,2.287864,10466.578044
2020-06-08,1.164207,10588.430688
2020-06-09,-0.879241,10495.332883
2020-06-10,-0.273977,10466.578044
2020-06-11,-5.624591,9877.875833
2020-06-12,1.441434,10020.258912
2020-06-15,0.680727,10088.469488
2020-06-16,1.655913,10255.525779
2020-06-17,-0.053811,10250.007174
2020-06-18,-0.121252,10237.578846
2020-06-19,-0.566380,10179.595271
2020-06-22,1.003606,10281.758264
2020-06-23,0.469980,10330.080458
2020-06-24,-2.352226,10087.093658
2020-06-25,1.067519,10194.775257
2020-06-26,-1.936595,9997.343706
2020-06-29,1.146218,10111.935027
2020-06-30,0.655356,10178.204154
2020-07-01,0.746161,10254.149949
2020-07-02,0.929073,10349.418508
2020-07-06,1.920952,10548.225889
2020-07-07,-1.164906,10425.349016
2020-07-08,1.033029,10533.045902
2020-07-09,-0.616092,10468.152605
2020-07-10,0.804498,10552.368665
2020-07-13,-0.876596,10459.867053
2020-07-14,1.240659,10589.638361
2020-07-15,0.990874,10694.568301
2020-07-16,-0.606645,10629.690290
2020-07-17,0.350619,10666.959986
2020-07-20,0.880220,10760.852715
2020-07-21,0.307847,10793.979635
2020-07-22,0.319790,10828.497672
2020-07-23,-1.032686,10716.673297
2020-07-24,-0.592698,10653.155829
2020-07-27,1.114544,10771.889926
2020-07-28,-0.679350,10698.711077
2020-07-29,1.187385,10825.746012
2020-07-30,-0.650553,10755.318822
2020-07-31,-0.295213,10723.567732
2020-08-03,1.055763,10836.783223
2020-08-04,0.522367,10893.390969
2020-08-05,0.684403,10967.945648
2020-08-06,0.352489,11006.606461
2020-08-07,-0.451529,10956.908437
2020-08-10,0.251972,10984.516752
2020-08-11,-0.351957,10945.855939
2020-08-12,1.576623,11118.430836
2020-08-13,-0.211051,11094.965297
2020-08-14,-0.224035,11070.108642
2020-08-17,0.723467,11150.197213
2020-08-18,0.111463,11162.625541
2020-08-19,-0.544231,11101.875019
2020-08-20,0.099418,11112.912230
2020-08-21,0.161496,11130.859163
2020-08-24,1.066711,11249.593260
2020-08-25,0.392856,11293.787965
2020-08-26,0.819049,11386.289577
2020-08-27,-0.303154,11351.771541
2020-08-28,0.766251,11438.754547
2020-08-31,-0.603528,11369.718474
2020-09-01,0.862116,11467.738691
2020-09-02,1.143751,11598.901116
2020-09-03,-3.047145,11245.465771
2020-09-04,-0.491148,11190.233855
2020-09-08,-2.344230,10927.909006
2020-09-09,1.958313,11141.911661
2020-09-10,-1.474654,10977.607030
2020-09-11,0.364712,11017.643672
2020-09-14,1.228077,11152.948872
2020-09-15,0.668475,11227.503551
2020-09-16,-0.270543,11197.128290
2020-09-17,-0.542418,11136.393056
2020-09-18,-0.942226,11031.463116
2020-09-21,-1.376756,10879.586812
2020-09-22,0.469587,10930.675952
2020-09-23,-1.856843,10727.710508
2020-09-24,0.051443,10733.229113
2020-09-25,1.093411,10850.587381
2020-09-28,1.590607,11023.177564
2020-09-29,-0.350723,10984.516752
2020-09-30,0.452437,11034.214775
2020-10-01,0.750758,11117.055006
2020-10-02,-0.757539,11032.838946
2020-10-05,1.651901,11215.090511
2020-10-06,-1.071103,11094.965297
2020-10-07,1.368876,11246.841601
2020-10-08,0.810234,11337.967383
2020-10-09,0.852396,11434.611771
2020-10-12,1.171129,11568.525855
2020-10-13,-0.668247,11491.219517
2020-10-14,-0.480645,11435.987601
2020-10-15,-0.519058,11376.628196
2020-10-16,0.060602,11383.522631
2020-10-19,-0.982335,11271.698256
2020-10-20,0.477664,11325.539056
2020-10-21,-0.243770,11297.930741
2020-10-22,0.317703,11333.824608
2020-10-23,0.426354,11382.146802
2020-10-26,-1.686087,11190.233855
2020-10-27,-0.333192,11152.948872
2020-10-28,-3.193795,10796.746581
2020-10-29,0.792756,10882.338471
2020-10-30,-0.862659,10788.461029
2020-11-02,1.100566,10907.195127
2020-11-03,1.835472,11107.393625
2020-11-04,2.113156,11342.110159
2020-11-05,2.032765,11572.668631
2020-11-06,0.131303,11587.863905
2020-11-09,1.453522,11756.296026
2020-11-10,-0.082180,11746.634644
2020-11-11,0.834584,11844.670149
2020-11-12,-1.084123,11716.259384
2020-11-13,1.343389,11873.654293
2020-11-16,1.232626,12020.011992
2020-11-17,-0.241260,11991.012561
2020-11-18,-0.840523,11890.225397
2020-11-19,0.510928,11950.975918
2020-11-20,-0.242653,11921.976487
2020-11-23,0.370571,11966.155905
2020-11-24,1.488438,12144.264694
2020-11-25,-0.102339,12131.836367
2020-11-27,0.614537,12206.391045
2020-11-30,-1.221568,12057.281688
2020-12-01,1.419881,12228.480755
2020-12-02,0.203269,12253.337410
2020-12-03,0.169047,12274.051289
2020-12-04,0.877311,12381.732888
2020-12-07,-0.234088,12352.748744
2020-12-08,0.346511,12395.552333
2020-12-09,-0.701728,12308.569326
2020-12-10,0.269137,12341.696246
2020-12-11,-0.257267,12309.945156
2020-12-14,-0.298414,12273.210504
2020-12-15,1.269722,12429.046140
2020-12-16,0.246234,12459.650706
2020-12-17,0.714681,12548.697457
2020-12-18,-0.454516,12491.661676
2020-12-21,-0.634895,12412.352741
2020-12-22,-0.168113,12391.485992
2020-12-23,0.471508,12449.912890
2020-12-24,0.122911,12465.215173
2020-12-28,0.658562,12547.306341
2020-12-29,0.199687,12572.361727
2020-12-30,0.331946,12614.095226
2020-12-31,0.066170,12622.441925
2021-01-04,-0.551170,12552.870807
2021-01-05,1.030875,12682.275227
2021-01-06,0.559539,12753.237462
2021-01-07,1.047283,12886.799945
2021-01-08,0.885419,13000.902082
2021-01-11,-0.877648,12886.799945
2021-01-12,0.356350,12932.722081
2021-01-13,0.064539,12941.068781
2021-01-14,0.150495,12960.544413
2021-01-15,-1.051998,12824.199697
2021-01-19,0.933012,12943.851014
2021-01-20,1.246925,13105.251116
2021-01-21,0.021230,13108.033350
2021-01-22,-0.467076,13046.808931
2021-01-25,0.330655,13089.948833
2021-01-26,-0.308310,13049.591164
2021-01-27,-2.462982,12728.182076
2021-01-28,0.841806,12835.328630
2021-01-29,-1.962069,12583.490660
2021-02-01,1.702727,12797.753194
2021-02-02,1.272030,12960.544413
2021-02-03,0.171736,12982.802279
2021-02-04,0.685882,13071.849030
2021-02-05,0.574789,13146.984615
2021-02-08,0.751386,13245.769182
2021-02-09,0.199660,13272.215685
2021-02-10,0.020963,13274.997919
2021-02-11,0.492639,13340.395687
2021-02-12,0.479681,13404.387052
2021-02-16,0.186919,13429.442438
2021-02-17,-0.196929,13402.995935
2021-02-18,-0.695517,13309.775834
2021-02-19,0.177681,13333.424817
2021-02-22,-1.033012,13195.688984
2021-02-23,0.073795,13205.426800
2021-02-24,0.568975,13280.562385
2021-02-25,-2.210650,12986.975629
2021-02-26,-0.889183,12871.497662
2021-03-01,2.302521,13167.866651
2021-03-02,-0.644549,13082.993250
2021-03-03,-1.095434,12939.677664
2021-03-04,-1.430090,12754.628579
2021-03-05,1.407212,12934.113197
2021-03-08,-0.882062,12820.026347
2021-03-09,1.703865,13038.462231
2021-03-10,0.448229,13096.904417
2021-03-11,1.296083,13266.651219
2021-03-12,-0.188860,13241.595833
2021-03-15,0.535904,13312.558067
2021-03-16,-0.010450,13311.166951
2021-03-17,0.292736,13350.133503
2021-03-18,-1.344441,13170.648885
2021-03-19,0.073936,13180.386701
2021-03-22,0.506613,13247.160299
2021-03-23,-1.134250,13096.904417
2021-03-24,-0.828728,12988.366746
2021-03-25,0.449958,13046.808931
2021-03-26,1.663702,13263.868986
2021-03-29,-0.230852,13233.249133
2021-03-30,-0.157684,13212.382383
2021-03-31,0.200049,13238.813599
2021-04-01,1.303206,13411.342635
2021-04-05,1.110106,13560.222688
2021-04-06,-0.112847,13544.920405
2021-04-07,-0.164326,13522.662539
2021-04-08,0.617351,13606.144823
2021-04-09,0.449864,13667.353955
2021-04-12,-0.274817,13629.793806
2021-04-13,0.469608,13693.800458
2021-04-14,-0.060952,13685.453758
2021-04-15,0.945450,13814.842891
2021-04-16,0.392830,13869.111727
2021-04-19,-0.411353,13812.060658
2021-04-20,-1.067827,13664.571722
2021-04-21,0.885924,13785.629442
2021-04-22,-0.605575,13702.147158
2021-04-23,1.086434,13851.011923
2021-04-26,0.211022,13880.240660
2021-04-27,-0.040089,13874.676193
2021-04-28,0.160421,13896.934059
2021-04-29,0.240246,13930.320858
2021-04-30,-0.928831,13800.931725
2021-05-03,0.393226,13855.200560
2021-05-04,-0.944018,13724.405024
2021-05-05,0.365010,13774.500509
2021-05-06,0.717155,13873.285076
2021-05-07,0.902568,13998.500860
2021-05-10,-0.983933,13860.765027
2021-05-11,-0.823202,13746.662890
2021-05-12,-2.064746,13462.829237
2021-05-13,0.806089,13571.351621
2021-05-14,1.578898,13785.629442
2021-05-17,-0.151477,13764.747406
2021-05-18,-0.272872,13727.187257
2021-05-19,-0.466277,13663.180605
2021-05-20,1.150733,13820.407358
2021-05-21,-0.110722,13805.105075
2021-05-24,0.786103,13913.627459
2021-05-25,0.000000,13913.627459
2021-05-26,0.240067,13947.029545
2021-05-27,0.109717,13962.331827
2021-05-28,0.298901,14004.065326
2021-06-01,0.327920,14049.987462
2021-06-02,0.108913,14065.289745
2021-06-03,-0.524301,13991.545277
2021-06-04,0.924876,14120.949697
2021-06-07,0.029554,14125.123047
2021-06-08,-0.049243,14118.167463
2021-06-09,-0.256296,14081.983144
2021-06-10,0.501534,14152.609065
2021-06-11,0.188163,14179.239012
2021-06-14,0.257025,14215.683210
2021-06-15,-0.197221,14187.646860
2021-06-16,-0.641966,14096.566938
2021-06-17,-0.188911,14069.936991
2021-06-18,-1.324770,13883.542651
2021-06-21,1.181026,14047.510968
2021-06-22,0.409068,14104.974786
2021-06-23,-0.188798,14078.344839
2021-06-24,0.706781,14177.847895
2021-06-25,0.405199,14235.296426
2021-06-28,-0.029532,14231.092502
2021-06-29,0.039423,14236.702830
2021-06-30,-0.393753,14180.645416
2021-07-01,0.415037,14239.500350
2021-07-02,0.462598,14305.372015
2021-07-06,-0.421250,14245.110677
2021-07-07,0.216452,14275.944548
2021-07-08,-1.099520,14118.977674
2021-07-09,1.320169,14305.372015
2021-07-12,0.293870,14347.411254
2021-07-13,-0.341915,14298.355284
2021-07-14,0.137278,14317.983787
2021-07-15,-0.420879,14257.722449
2021-07-16,-0.756859,14149.811545
2021-07-19,-1.515323,13935.396141
2021-07-20,1.106205,14089.550207
2021-07-21,1.054283,14238.093946
2021-07-22,0.167385,14261.926373
2021-07-23,0.628869,14351.615178
2021-07-26,-0.058585,14343.207330
2021-07-27,-0.674225,14246.501794
2021-07-28,0.462371,14312.373459
2021-07-29,0.548361,14390.856896
2021-07-30,-0.564810,14309.575939
2021-08-02,0.048928,14316.577383
2021-08-03,0.714560,14418.877959
2021-08-04,-0.204090,14389.450492
2021-08-05,0.428562,14451.118234
2021-08-06,-0.164918,14427.285807
2021-08-09,0.048529,14434.287251
2021-08-10,0.126242,14452.509350
2021-08-11,0.310341,14497.361396
2021-08-12,0.048295,14504.362840
2021-08-13,0.251264,14540.807039
2021-08-16,-0.134989,14521.178536
2021-08-17,-0.926409,14386.652972
2021-08-18,-0.681859,14288.556320
2021-08-19,-0.529696,14212.870403
2021-08-20,0.591673,14296.964167
2021-08-23,1.009584,14441.303982
2021-08-24,0.456028,14507.160361
2021-08-25,0.125608,14525.382460
2021-08-26,-0.636722,14432.896135
2021-08-27,0.961203,14571.625622
2021-08-30,0.269302,14610.867341
2021-08-31,0.067171,14620.681592
2021-09-01,0.412165,14680.942930
2021-09-02,0.276773,14721.575765
2021-09-03,0.228450,14755.207156
2021-09-07,-0.151884,14732.796420
2021-09-08,-0.532712,14654.312983
2021-09-09,-0.267783,14615.071265
2021-09-10,-0.584909,14529.586384
2021-09-13,0.366562,14582.846277
2021-09-14,-0.595846,14495.954993
2021-09-15,0.599417,14582.846277
2021-09-16,-0.259451,14545.010962
2021-09-17,-0.992472,14400.655860
2021-09-20,-1.761321,14147.014025
2021-09-21,0.237728,14180.645416
2021-09-22,0.919011,14310.967055
2021-09-23,1.096829,14467.933929
2021-09-24,-0.280953,14427.285807
2021-09-27,-0.106807,14411.876515
2021-09-28,-1.974004,14127.385522
2021-09-29,-0.168588,14103.568382
2021-09-30,-0.715380,14002.674210
2021-10-01,0.840624,14120.384078
2021-10-04,-1.230613,13946.616796
2021-10-05,0.864062,14067.124184
2021-10-06,0.079765,14078.344839
2021-10-07,1.094973,14232.498906
2021-10-08,-0.108376,14217.074327
2021-10-11,-0.591391,14132.995849
2021-10-12,-0.128933,14114.773750
2021-10-13,0.754560,14221.278251
2021-10-14,1.290893,14404.859784
2021-10-15,0.817260,14522.584939
2021-10-18,0.057895,14530.992787
2021-10-19,0.848670,14654.312983
2021-10-20,0.296470,14697.758625
2021-10-21,0.019034,14700.556146
2021-10-22,0.009567,14701.962549
2021-10-25,0.343132,14752.409636
2021-10-26,-0.056993,14744.001788
2021-10-27,-0.494256,14671.128678
2021-10-28,0.869218,14798.652798
2021-10-29,-0.274571,14758.019963
2021-11-01,0.503213,14832.284189
2021-11-02,0.056686,14840.692037
2021-11-03,0.642147,14935.991169
2021-11-04,0.215754,14968.216156
2021-11-05,0.196702,14997.658910
2021-11-08,0.186836,15025.679974
2021-11-09,-0.251804,14987.844659
2021-11-10,-0.906948,14851.912692
2021-11-11,0.330198,14900.953375
2021-11-12,0.695975,15004.660355
2021-11-15,-0.056035,14996.252507
2021-11-16,0.205611,15027.086378
2021-11-17,-0.279756,14985.047139
2021-11-18,0.028054,14989.251063
2021-11-19,-0.355321,14935.991169
2021-11-22,-0.600488,14846.302364
2021-11-23,-0.028316,14842.098440
2021-11-24,0.037800,14847.708768
2021-11-26,-2.435177,14486.140741
2021-11-29,0.899735,14616.477668
2021-11-30,-1.361519,14417.471556
2021-12-01,-1.108024,14257.722449
2021-12-02,1.444884,14463.730005
2021-12-03,-0.852723,14340.394523
2021-12-06,1.006633,14484.749625
2021-12-07,2.167129,14798.652798
2021-12-08,0.284075,14840.692037
2021-12-09,-0.793156,14722.982168
2021-12-10,0.542516,14802.856722
2021-12-13,-0.996974,14655.276064
2021-12-14,-0.540746,14576.028277
2021-12-15,1.242590,14757.148604
2021-12-16,-0.479417,14686.400387
2021-12-17,-0.982709,14542.075859
2021-12-20,-0.943895,14404.813923
2021-12-21,1.630705,14639.713902
2021-12-22,0.937495,14776.960551
2021-12-23,0.641607,14871.770499
2021-12-27,1.094221,15034.500571
2021-12-28,-0.103510,15018.938409
2021-12-29,0.009364,15020.344812
2021-12-30,-0.121621,15002.076852
2021-12-31,-0.160389,14978.015121
2022-01-03,0.529400,15057.308768
2022-01-04,-0.084672,15044.559414
2022-01-05,-1.628222,14799.600592
2022-01-06,-0.210512,14768.445694
2022-01-07,-0.019150,14765.617600
2022-01-10,-0.287713,14723.135038
2022-01-11,1.192589,14898.721473
2022-01-12,0.608249,14989.342785
2022-01-13,-1.341419,14788.272928
2022-01-14,0.028738,14792.522713
2022-01-18,-1.732541,14536.236227
2022-01-19,-0.603961,14448.443009
2022-01-20,-0.784006,14335.166370
2022-01-21,-1.698986,14091.613952
2022-01-24,-0.160772,14068.958624
2022-01-25,-1.006387,13927.370468
2022-01-26,-0.498211,13857.982794
2022-01-27,-0.510854,13787.188716
2022-01-28,1.602080,14008.070519
2022-01-31,2.062119,14296.933593
2022-02-01,0.772533,14407.382139
2022-02-02,0.638754,14499.409854
2022-02-03,-1.914010,14221.889730
2022-02-04,0.448015,14285.605929
2022-02-07,-0.198289,14257.279126
2022-02-08,0.774682,14367.727671
2022-02-09,1.576821,14594.280950
2022-02-10,-1.445606,14383.305120
2022-02-11,-1.900020,14110.019495
2022-02-14,-0.371286,14057.630960
2022-02-15,1.752646,14304.011472
2022-02-16,0.227638,14336.572774
2022-02-17,-1.935749,14059.052650
2022-02-18,-0.745264,13954.275581
2022-02-22,-1.156855,13792.844904
2022-02-23,-1.416665,13597.446523
2022-02-24,0.416536,13654.084842
2022-02-25,2.219254,13957.103675
2022-02-28,-0.699996,13859.404484
2022-03-01,-1.695981,13624.351635
2022-03-02,1.434185,13819.750017
2022-03-03,-1.014358,13679.568265
2022-03-04,-1.480136,13477.092004
2022-03-07,-3.109896,13057.968438
2022-03-08,-0.119295,13042.390989
2022-03-09,3.029060,13437.452824
2022-03-10,-0.790319,13331.254063
2022-03-11,-1.380860,13147.168059
2022-03-14,-0.646146,13062.218223
2022-03-15,1.560975,13266.116174
2022-03-16,3.383483,13714.972947
2022-03-17,1.022107,13855.154699
2022-03-18,1.103675,14008.070519
2022-03-21,-0.353690,13958.525365
2022-03-22,1.207099,14127.018634
2022-03-23,-1.122581,13968.431339
2022-03-24,1.155573,14129.846728
2022-03-25,0.190413,14156.751841
2022-03-28,0.390037,14211.968470
2022-03-29,1.604106,14439.943440
2022-03-30,-0.558973,14359.228101
2022-03-31,-1.607244,14128.440325
2022-04-01,0.651365,14220.468040
2022-04-04,0.965887,14357.821698
2022-04-05,-1.430019,14152.502056
2022-04-06,-1.150589,13989.664976
2022-04-07,0.212537,14019.398183
2022-04-08,-0.090832,14006.664115
2022-04-11,-1.425380,13807.015949
2022-04-12,-0.553817,13730.550396
2022-04-13,1.206544,13896.215570
2022-04-14,-1.049480,13750.377630
2022-04-18,-0.164761,13727.722302
2022-04-19,1.062361,13873.560242
2022-04-20,0.091897,13886.309597
2022-04-21,-1.549912,13671.083982
2022-04-22,-2.247580,13363.815365
2022-04-25,0.158889,13385.049002
2022-04-26,-2.761014,13015.485877
2022-04-27,0.380781,13065.046317
2022-04-28,2.091731,13338.331943
2022-04-29,-2.622151,12988.580764
2022-05-02,0.327076,13031.063325
2022-05-03,0.608497,13110.356973
2022-05-04,2.354436,13419.031994
2022-05-05,-3.408152,12961.690938
2022-05-06,-0.994115,12832.836850
2022-05-09,-3.166794,12426.447351
2022-05-10,0.353313,12470.351603
2022-05-11,-1.249036,12314.592402
2022-05-12,-0.138041,12297.593263
2022-05-13,2.636839,12621.861020
2022-05-16,-0.325437,12580.784862
2022-05-17,2.025947,12835.664944
2022-05-18,-3.342480,12406.635405
2022-05-19,0.091303,12417.963068
2022-05-20,0.284986,12453.352464
2022-05-23,1.614584,12654.422321
2022-05-24,-0.827988,12549.645251
2022-05-25,0.688239,12636.016778
2022-05-26,1.647258,12844.164514
2022-05-27,2.039391,13106.107188
2022-05-31,-0.453731,13046.640774
2022-06-01,-0.737949,12950.363274
2022-06-02,2.011807,13210.899545
2022-06-03,-1.661321,12991.424145
2022-06-06,0.359599,13038.141204
2022-06-07,0.760238,13137.262086
2022-06-08,-0.937658,13014.079473
2022-06-09,-2.331329,12710.678466
2022-06-10,-2.597328,12380.540503
2022-06-13,-3.705391,11921.793043
2022-06-14,-0.299667,11886.067334
2022-06-15,1.527019,12067.569836
2022-06-16,-2.925256,11714.562527
2022-06-17,-0.048805,11708.845191
2022-06-21,2.233610,11970.375116
2022-06-22,-0.573021,11901.782366
2022-06-23,0.576323,11970.375116
2022-06-24,3.044533,12334.817098
2022-06-27,-0.289757,12299.076102
2022-06-28,-1.475617,12117.588886
2022-06-29,-0.271360,12084.706558
2022-06-30,-0.792261,11988.964103
2022-07-01,0.703339,12073.287172
2022-07-05,-0.509006,12011.833449
2022-07-06,0.142665,12028.970171
2022-07-07,1.592119,12220.485656
2022-07-08,-0.070177,12211.909651
2022-07-11,-1.416048,12038.983154
2022-07-12,-0.617246,11964.673067
2022-07-13,-0.406174,11916.075707
2022-07-14,-0.683651,11834.611306
2022-07-15,1.702744,12036.124485
2022-07-18,-0.273070,12003.257444
2022-07-19,2.535934,12307.652106
2022-07-20,0.313499,12346.236484
2022-07-21,1.018660,12472.002599
2022-07-22,-0.847943,12366.247161
2022-07-25,0.312014,12404.831539
2022-07-26,-1.209667,12254.774387
2022-07-27,2.448958,12554.888691
2022-07-28,0.956192,12674.937469
2022-07-29,1.274104,12836.429294
2022-08-01,-0.322855,12794.986248
2022-08-02,-0.781854,12694.948147
2022-08-03,1.283414,12857.876949
2022-08-04,0.155511,12877.872340
2022-08-05,-0.310657,12837.866271
2022-08-08,0.044535,12843.583608
2022-08-09,-0.478478,12782.129884
2022-08-10,2.090788,13049.377146
2022-08-11,0.087626,13060.811819
2022-08-12,1.378670,13240.877344
2022-08-15,-0.021590,13238.018676
2022-08-16,0.075523,13248.016371
2022-08-17,-0.722693,13152.273916
2022-08-18,-0.032661,13147.978270
2022-08-19,-1.336859,12972.208391
2022-08-22,-1.883975,12727.815188
2022-08-23,-0.011170,12726.393497
2022-08-24,0.258259,12759.260539
2022-08-25,1.478468,12947.902068
2022-08-26,-2.980089,12562.043005
2022-08-29,-0.614301,12484.874249
2022-08-30,-1.030245,12356.249466
2022-08-31,-0.647668,12276.222043
2022-09-01,-0.244568,12246.198383
2022-09-02,-0.863578,12140.442945
2022-09-06,-0.553158,12073.287172
2022-09-07,1.491437,12253.352697
2022-09-08,0.466469,12310.510774
2022-09-09,1.845912,12537.751968
2022-09-12,1.230982,12692.089479
2022-09-13,-3.952284,12190.461996
2022-09-14,0.398651,12239.059356
2022-09-15,-1.039196,12111.871550
2022-09-16,-0.896757,12003.257444
2022-09-19,0.654743,12081.847890
2022-09-20,-1.230111,11933.227716
2022-09-21,-1.640762,11737.431873
2022-09-22,-0.742767,11650.250135
2022-09-23,-2.097619,11405.872219
2022-09-26,-1.190297,11270.108409
2022-09-27,-0.329746,11232.945722
2022-09-28,2.048437,11463.045584
2022-09-29,-1.882628,11247.239063
2022-09-30,-1.105419,11122.909925
2022-10-03,2.376973,11387.298519
2022-10-04,3.413608,11776.016250
2022-10-05,-0.449029,11723.138532
2022-10-06,-1.158084,11587.374721
2022-10-07,-2.540670,11292.977755
2022-10-10,-0.797313,11202.937349
2022-10-11,-0.841929,11108.616584
2022-10-12,-0.270136,11078.608211
2022-10-13,2.257461,11328.703464
2022-10-14,-2.119374,11088.605907
2022-10-17,2.590569,11375.863846
2022-10-18,0.942279,11483.056261
2022-10-19,-1.020548,11365.866151
2022-10-20,-0.477876,11311.551455
2022-10-21,2.122587,11551.649012
2022-10-24,0.296962,11585.953031
2022-10-25,1.763830,11790.309592
2022-10-26,0.012188,11791.746569
2022-10-27,-0.606074,11720.279863
2022-10-28,1.597401,11907.499702
2022-10-31,-0.660136,11828.893969
2022-11-01,0.096667,11840.328642
2022-11-02,-2.051938,11597.372417
2022-11-03,-0.874852,11495.912625
2022-11-04,2.349582,11766.018555
2022-11-07,0.631565,11840.328642
2022-11-08,0.700032,11923.214734
2022-11-09,-1.845869,11703.127854
2022-11-10,5.360905,12330.521452
2022-11-11,1.518345,12517.741291
2022-11-14,-0.901998,12404.831539
2022-11-15,0.967758,12524.880318
2022-11-16,-0.753067,12430.559553
2022-11-17,-0.241408,12400.551180
2022-11-18,0.195887,12424.842217
2022-11-21,-0.552061,12356.249466
2022-11-22,1.249064,12510.586977
2022-11-23,0.776778,12607.766409
2022-11-25,0.079419,12617.779392
2022-11-28,-1.449734,12434.855199
2022-11-29,0.206779,12460.567926
2022-11-30,2.844405,12814.996926
2022-12-01,0.144937,12833.570626
2022-12-02,-0.089100,12822.135953
2022-12-05,-1.705253,12603.486051
2022-12-06,-1.065912,12469.143931
2022-12-07,-0.183408,12446.274585
2022-12-08,0.769369,12542.032327
2022-12-09,-0.478525,12482.015581
2022-12-12,0.893067,12593.488355
2022-12-13,0.921700,12709.562515
2022-12-14,-0.385255,12660.598267
2022-12-15,-2.457033,12349.523188
2022-12-16,-0.968007,12229.978880
2022-12-19,-0.612356,12155.087887
2022-12-20,0.225122,12182.451610
2022-12-21,1.312309,12342.323013
2022-12-22,-1.201921,12193.978005
2022-12-23,0.460591,12250.142428
2022-12-27,-0.035316,12245.816208
2022-12-28,-1.293659,12087.397070
2022-12-29,1.739602,12297.669698
2022-12-30,-0.597300,12224.215683
2023-01-03,0.023635,12227.104925
2023-01-04,1.272009,12382.634821
2023-01-05,-1.023443,12255.905625
2023-01-06,2.314895,12539.616982
2023-01-09,0.218218,12566.980704
2023-01-10,0.561509,12637.545477
2023-01-11,1.048524,12770.053158
2023-01-12,0.699225,12859.344501
2023-01-13,0.447934,12916.945901
2023-01-17,-0.066867,12908.308748
2023-01-18,-1.093442,12767.163915
2023-01-19,-0.394772,12716.762690
2023-01-20,1.551568,12914.071946
2023-01-23,0.880945,13027.837769
2023-01-24,-0.132595,13010.563464
2023-01-25,0.232409,13040.801142
2023-01-26,0.850346,13151.693010
2023-01-27,0.054747,13158.893185
2023-01-30,-1.203894,13000.474047
2023-01-31,1.085690,13141.618880
2023-02-01,1.019124,13275.548250
2023-02-02,0.813661,13383.566163
2023-02-03,-1.151473,13229.457958
2023-02-06,-0.827242,13120.018354
2023-02-07,1.064728,13259.710923
2023-02-08,-0.858096,13145.929812
2023-02-09,-0.438169,13088.328412
2023-02-10,-0.088066,13076.802017
2023-02-13,1.057258,13215.057608
2023-02-14,0.054485,13222.257783
2023-02-15,0.065438,13230.910222
2023-02-16,-1.012362,13096.965565
2023-02-17,-0.252936,13063.838644
2023-02-21,-1.708692,12840.617931
2023-02-22,-0.269176,12806.054033
2023-02-23,0.483581,12867.981653
2023-02-24,-1.331852,12696.599142
2023-02-27,0.589851,12771.490135
2023-02-28,-0.518764,12705.236295
2023-03-01,0.215374,12732.600018
2023-03-02,0.542920,12801.727813
2023-03-03,1.507476,12994.710849
2023-03-06,-0.066467,12986.073696
2023-03-07,-1.574837,12781.564266
2023-03-08,0.214087,12808.927988
2023-03-09,-1.607835,12602.981580
2023-03-10,-1.314128,12437.362266
2023-03-13,-0.254673,12405.687611
2023-03-14,1.381483,12577.070122
2023-03-15,-1.385631,12402.798369
2023-03-16,1.625726,12604.433844
2023-03-17,-1.085480,12467.615231
2023-03-20,0.970242,12588.581230
2023-03-21,1.327168,12755.652808
2023-03-22,-1.072612,12618.834194
2023-03-23,0.262520,12651.961114
2023-03-24,0.238996,12682.198792
2023-03-27,0.351974,12726.836820
2023-03-28,0.090568,12738.363215
2023-03-29,1.221077,12893.908398
2023-03-30,0.815336,12999.037069
2023-03-31,0.997139,13128.655507
2023-04-03,0.581385,13204.983477
2023-04-04,-0.349037,13158.893185
2023-04-05,-0.514411,13091.202367
2023-04-06,0.396094,13143.055857
2023-04-10,0.065716,13151.693010
2023-04-11,0.197136,13177.619755
2023-04-12,-0.163918,13156.019230
2023-04-13,1.335461,13331.712673
2023-04-14,-0.291597,13292.837843
2023-04-17,0.184118,13317.312323
2023-04-18,0.183894,13341.802091
2023-04-19,-0.205098,13314.438368
2023-04-20,-0.367753,13265.474120
2023-04-21,0.065110,13274.111273
2023-04-24,0.043417,13279.874470
2023-04-25,-1.605035,13066.727887
2023-04-26,-0.253521,13033.600967
2023-04-27,1.712656,13256.821680
2023-04-28,0.586719,13334.601916
2023-05-01,-0.129660,13317.312323
2023-05-02,-1.124716,13167.530338
2023-05-03,-0.360827,13120.018354
2023-05-04,-0.362250,13072.491084
2023-05-05,1.696568,13294.274820
2023-05-08,0.043351,13300.038018
2023-05-09,-0.422288,13243.873595
2023-05-10,0.250015,13276.985228
2023-05-11,-0.249391,13243.873595
2023-05-12,-0.282796,13206.420455
2023-05-15,0.687002,13297.148776
2023-05-16,-0.801417,13190.583127
2023-05-17,0.938967,13314.438368
2023-05-18,0.497494,13380.676921
2023-05-19,0.064664,13389.329361
2023-05-22,0.150594,13409.492908
2023-05-23,-1.256636,13240.984353
2023-05-24,-0.924541,13118.566090
2023-05-25,0.406222,13171.856557
2023-05-26,1.312036,13344.676046
2023-05-30,-0.410107,13289.948601
2023-05-31,-0.715236,13194.894060
2023-06-01,1.189719,13351.876221
2023-06-02,1.488527,13550.622454
2023-06-05,-0.265677,13514.621579
2023-06-06,0.479492,13579.423155
2023-06-07,-0.532478,13507.115664
2023-06-08,0.721732,13604.600837
2023-06-09,0.138997,13623.510851
2023-06-12,0.726226,13722.448288
2023-06-13,0.773905,13828.647048
2023-06-14,0.241985,13862.110282
2023-06-15,1.133558,14019.245313
2023-06-16,-0.290599,13978.505469
2023-06-20,-0.915896,13850.476879
2023-06-21,-0.346677,13802.460424
2023-06-22,0.021044,13805.364954
2023-06-23,-1.032689,13662.798430
2023-06-26,-0.170405,13639.516335
2023-06-27,1.056006,13783.550411
2023-06-28,-0.010536,13782.098146
2023-06-29,0.168819,13805.364954
2023-06-30,1.106548,13958.127904
2023-07-03,0.239740,13991.591138
2023-07-05,-0.488713,13923.212405
2023-07-06,-1.232998,13751.539441
2023-07-07,0.200988,13779.178330
2023-07-10,0.253393,13814.093828
2023-07-11,0.789908,13923.212405
2023-07-12,1.201707,14090.528575
2023-07-13,1.135795,14250.568135
2023-07-14,-0.275691,14211.280555
2023-07-17,0.255908,14247.648319
2023-07-18,0.561689,14327.675742
2023-07-19,0.121846,14345.133491
2023-07-20,-0.669339,14249.115870
2023-07-21,0.050960,14256.377193
2023-07-24,0.357180,14307.298176
2023-07-25,0.325458,14353.862366
2023-07-26,0.131742,14372.772380
2023-07-27,-0.627529,14282.579104
2023-07-28,1.049132,14432.422238
2023-07-31,0.191506,14460.061126
2023-08-01,-0.694149,14359.686711
2023-08-02,-1.651479,14122.539544
2023-08-03,-0.236949,14089.076310
2023-08-04,-0.206589,14059.969870
2023-08-07,0.672586,14154.535227
2023-08-08,-0.575536,14073.070826
2023-08-09,-0.423858,14013.420968
2023-08-10,0.155669,14035.235511
2023-08-11,-0.373155,13982.862263
2023-08-14,0.197772,14010.516438
2023-08-15,-1.225424,13838.828188
2023-08-16,-0.767397,13732.629427
2023-08-17,-0.656892,13642.420865
2023-08-18,-0.042581,13636.611806
2023-08-21,0.522734,13707.895068
2023-08-22,-0.222928,13677.336363
2023-08-23,1.180726,13838.828188
2023-08-24,-1.271999,13662.798430
2023-08-25,0.606879,13745.715096
2023-08-28,0.772707,13851.929143
2023-08-29,1.417906,14048.336466
2023-08-30,0.248538,14083.251965
2023-08-31,-0.309903,14039.607592
2023-09-01,0.279834,14078.895171
2023-09-05,-0.578736,13997.415483
2023-09-06,-0.582105,13915.935795
2023-09-07,-0.376354,13863.562547
2023-09-08,0.042012,13869.386892
2023-09-11,0.860166,13988.686608
2023-09-12,-0.478433,13921.760140
2023-09-13,0.031405,13926.132221
2023-09-14,0.919341,14054.160812
2023-09-15,-0.807524,13940.670154
2023-09-18,-0.104284,13926.132221
2023-09-19,-0.219434,13895.573516
2023-09-20,-0.649189,13805.364954
2023-09-21,-1.654562,13576.946661
2023-09-22,-0.064292,13568.217787
2023-09-25,0.128779,13585.690823
2023-09-26,-1.456495,13387.815948
2023-09-27,0.043505,13393.640294
2023-09-28,0.619189,13476.572246
2023-09-29,-0.280749,13438.736931
2023-10-02,-0.443865,13379.087074
2023-10-03,-1.337532,13200.137500
2023-10-04,0.429884,13256.882828
2023-10-05,0.252422,13290.346062
2023-10-06,1.236961,13454.742416
2023-10-09,0.356874,13502.758870
2023-10-10,0.840387,13616.234241
2023-10-11,0.459410,13678.788628
2023-10-12,-0.765759,13574.042132
2023-10-13,-0.568052,13496.934525
2023-10-16,0.916295,13620.606321
2023-10-17,0.042649,13626.415380
2023-10-18,-1.430714,13431.460321
2023-10-19,-0.899023,13310.708341
2023-10-20,-1.191312,13152.136333
2023-10-23,-0.077527,13141.939906
2023-10-24,0.730736,13237.972815
2023-10-25,-1.274881,13069.204380
2023-10-26,-1.024186,12935.351444
2023-10-27,-0.359858,12888.802542
2023-10-30,1.162584,13038.645675
2023-10-31,0.446347,13096.843269
2023-11-01,0.999730,13227.776388
2023-11-02,1.979785,13489.657915
2023-11-03,1.154090,13645.340681
2023-11-06,0.085256,13656.974085
2023-11-07,-0.053281,13649.697475
2023-11-08,-0.021279,13646.792945
2023-11-09,-0.597061,13565.313257
2023-11-10,1.147541,13720.980736
2023-11-13,0.021280,13723.900553
2023-11-14,2.183793,14023.602107
2023-11-15,0.207444,14052.693260
2023-11-16,-0.072450,14042.512121
2023-11-17,0.445573,14105.081795
2023-11-20,0.701323,14204.003945
2023-11-21,-0.266263,14166.183917
2023-11-22,0.277226,14205.456210
2023-11-24,0.245897,14240.386996
2023-11-27,-0.265690,14202.551681
2023-11-28,0.163929,14225.833775
2023-11-29,-0.010209,14224.381511
2023-11-30,0.255672,14260.749274
2023-12-01,0.744693,14366.948034
2023-12-04,-0.617675,14278.207023
2023-12-05,-0.193574,14250.568135
2023-12-06,-0.193949,14222.929246
2023-12-07,0.644351,14314.574787
2023-12-08,0.325292,14361.138976
2023-12-11,0.354575,14412.059959
2023-12-12,0.322986,14458.608862
2023-12-13,1.378605,14657.936001
2023-12-14,0.645148,14752.501358
2023-12-15,-0.424129,14689.931683
2023-12-18,0.445708,14755.405887
2023-12-19,0.719831,14861.619934
2023-12-20,-1.391520,14654.817454
2023-12-21,1.252809,14838.414274
2023-12-22,0.148456,14860.442835
2023-12-26,0.484314,14932.414012
2023-12-27,0.285216,14975.003583
2023-12-28,0.000000,14975.003583
2023-12-29,-0.186404,14947.089528
2024-01-02,-0.854807,14819.320817
2024-01-03,-0.792856,14701.824966
2024-01-04,-0.109907,14685.666612
2024-01-05,0.089938,14698.874576
2024-01-08,1.199133,14875.133639
2024-01-09,-0.454238,14807.565117
2024-01-10,0.466222,14876.601190
2024-01-11,-0.049427,14869.248145
2024-01-12,0.207470,14900.097303
2024-01-16,-0.877304,14769.378201
2024-01-17,-0.765728,14656.285005
2024-01-18,0.871872,14784.069004
2024-01-19,1.003411,14932.414012
2024-01-22,0.157350,14955.910125
2024-01-23,0.206165,14986.743995
2024-01-24,0.333245,15036.686611
2024-01-25,0.400457,15096.902088
2024-01-26,0.087589,15110.125339
2024-01-29,0.660947,15209.995283
2024-01-30,-0.164127,15185.031619
2024-01-31,-1.296145,14988.211547
2024-02-01,1.244524,15174.743471
2024-02-02,0.406485,15236.426499
2024-02-05,-0.385575,15177.678574
2024-02-06,0.580652,15265.808105
2024-02-07,0.509907,15343.649488
2024-02-08,-0.019129,15340.714385
2024-02-09,0.536116,15422.958423
2024-02-12,0.123799,15442.051881
2024-02-13,-1.588389,15196.772032
2024-02-14,1.101803,15364.210498
2024-02-15,0.802944,15487.576555
2024-02-16,-0.246565,15449.389639
2024-02-20,-0.285171,15405.332517
2024-02-21,0.028579,15409.735171
2024-02-22,1.720387,15674.842254
2024-02-23,0.042131,15681.446236
2024-02-26,-0.271592,15638.856666
2024-02-27,0.197260,15669.705823
2024-02-28,-0.421839,15603.604853
2024-02-29,0.385907,15663.820330
2024-03-01,0.965793,15815.100441
2024-03-04,-0.148568,15791.604329
2024-03-05,-0.809189,15663.820330
2024-03-06,0.778315,15785.734122
2024-03-07,1.042005,15950.222198
2024-03-08,-0.488027,15872.380815
2024-03-11,-0.203603,15840.064106
2024-03-12,1.010733,16000.164813
2024-03-13,-0.128505,15979.603804
2024-03-14,-0.395291,15916.437937
2024-03-15,-0.507504,15835.661451
2024-03-18,0.408151,15900.294869
2024-03-19,0.350921,15956.092404
2024-03-20,1.012580,16117.660664
2024-03-21,0.218715,16152.912476
2024-03-22,-0.236409,16114.725561
2024-03-25,-0.200541,16082.408851
2024-03-26,-0.136973,16060.380290
2024-03-27,0.731588,16177.876141
2024-03-28,-0.018143,16174.941037
2024-04-01,-0.236087,16136.754122
2024-04-02,-0.591614,16041.286832
2024-04-03,0.238054,16079.473748
2024-04-04,-1.004811,15917.905489
2024-04-05,0.784330,16042.754384
2024-04-08,0.210589,16076.538645
2024-04-09,0.146152,16100.034758
2024-04-10,-1.140350,15916.437937
2024-04-11,0.590583,16010.437675
2024-04-12,-1.541070,15763.705561
2024-04-15,-0.968983,15610.957898
2024-04-16,-0.526933,15528.698573
2024-04-17,-0.368868,15471.418200
2024-04-18,-0.142382,15449.389639
2024-04-19,-0.617936,15353.922350
2024-04-22,1.013961,15509.605116
2024-04-23,1.117428,15682.913788
2024-04-24,-0.056146,15674.108478
2024-04-25,-0.309268,15625.633414
2024-04-26,0.930586,15771.043319
2024-04-29,0.437642,15840.064106
2024-04-30,-1.511322,15600.669750
2024-05-01,-0.263591,15559.547731
2024-05-02,1.245985,15753.417413
2024-05-03,1.090818,15925.258534
2024-05-06,0.903766,16069.185600
2024-05-07,0.027493,16073.603542
2024-05-08,-0.054876,16064.782945
2024-05-09,0.603400,16161.717786
2024-05-10,0.127220,16182.278795
2024-05-13,0.063577,16192.566944
2024-05-14,0.553228,16282.148739
2024-05-15,1.145622,16468.680663
2024-05-16,-0.205142,16434.896402
2024-05-17,0.232353,16473.083318
2024-05-20,0.062454,16483.371466
2024-05-21,0.017806,16486.306569
2024-05-22,-0.472158,16408.465186
2024-05-23,-0.662405,16299.774646
2024-05-24,0.648815,16405.530083
2024-05-28,0.026836,16409.932738
2024-05-29,-1.011405,16243.961824
2024-05-30,-0.253153,16202.839805
2024-05-31,0.688926,16314.465449
2024-06-03,0.198086,16346.782158
2024-06-04,-0.134758,16324.753597
2024-06-05,1.151528,16512.737785
2024-06-06,0.097854,16528.896140
2024-06-07,-0.497577,16446.652102
2024-06-10,0.294648,16495.111879
2024-06-11,-0.201941,16461.801515
2024-06-12,0.962622,16620.266514
2024-06-13,-0.311898,16568.428311
2024-06-14,-0.187669,16537.334562
2024-06-17,0.635797,16642.478519
2024-06-18,0.409399,16710.612660
2024-06-20,-0.203911,16676.537946
2024-06-21,-0.399579,16609.901931
2024-06-24,0.089182,16624.715030
2024-06-25,0.302895,16675.070395
2024-06-26,-0.115511,16655.808780
2024-06-27,0.142262,16679.503623
2024-06-28,-0.195309,16646.927035
2024-07-01,0.169060,16675.070395
2024-07-02,0.532911,16763.933702
2024-07-03,0.724412,16885.373597
2024-07-05,0.570092,16981.635810
2024-07-08,0.000000,16981.635810
2024-07-09,-0.026106,16977.202581
2024-07-10,1.020652,17150.480680
2024-07-11,-0.388626,17083.829377
2024-07-12,0.728207,17208.234950
2024-07-15,-0.103227,17190.471461
2024-07-16,0.534096,17282.285158
2024-07-17,-1.259684,17064.583050
2024-07-18,-0.850592,16919.433024
2024-07-19,-0.656495,16808.357712
2024-07-22,1.030904,16981.635810
2024-07-23,-0.340098,16923.881540
2024-07-24,-1.969059,16590.640316
2024-07-25,-0.508810,16506.225525
2024-07-26,1.184342,16701.715628
2024-07-29,-0.088601,16686.917816
2024-07-30,-0.337310,16630.631098
2024-07-31,1.638671,16903.152373
2024-08-01,-1.778749,16602.487738
2024-08-02,-1.757373,16310.720135
2024-08-05,-2.624167,15882.699537
2024-08-06,0.680772,15990.824459
2024-08-07,-0.185270,15961.198261
2024-08-08,2.106401,16297.405161
2024-08-09,0.445269,16369.972531
2024-08-12,0.072373,16381.819953
2024-08-13,1.536928,16633.596775
2024-08-14,0.267074,16678.020785
2024-08-15,1.589560,16943.127867
2024-08-16,0.349713,17002.380263
2024-08-19,1.001698,17172.692685
2024-08-20,-0.250055,17129.751513
2024-08-21,0.518677,17218.599533
2024-08-22,-0.791313,17082.346539
2024-08-23,1.352552,17313.394195
2024-08-26,-0.367840,17249.708570
2024-08-27,0.197449,17283.767997
2024-08-28,-0.548372,17188.988622
2024-08-29,0.086178,17203.801721
2024-08-30,0.705890,17325.241616
2024-09-03,-1.914885,16993.483232
2024-09-04,-0.305048,16941.645029
2024-09-05,-0.122356,16920.915862
2024-09-06,-1.698011,16633.596775
2024-09-09,1.032821,16805.392034
2024-09-10,0.140995,16829.086878
2024-09-11,0.880117,16977.202581
2024-09-12,0.872349,17125.302997
2024-09-13,0.501583,17211.200627
2024-09-16,0.344178,17270.437736
2024-09-17,-0.102855,17252.674247
2024-09-18,-0.283275,17203.801721
2024-09-19,1.781963,17510.367137
2024-09-20,-0.397488,17440.765444
2024-09-23,0.382158,17507.416746
2024-09-24,0.685179,17627.373803
2024-09-25,-0.420086,17553.323595
2024-09-26,1.113693,17748.813698
2024-09-27,-0.233584,17707.355365
2024-09-30,-0.008374,17705.872527
2024-10-01,-0.635711,17593.314376
2024-10-02,0.235648,17634.772709
2024-10-03,-0.495501,17547.392241
2024-10-04,0.844090,17695.507944
2024-10-07,-0.627790,17584.417345
2024-10-08,0.261152,17630.339480
2024-10-09,0.411605,17702.906850
2024-10-10,-0.100429,17685.128073
2024-10-11,0.628158,17796.218673
2024-10-14,0.515917,17888.032370
2024-10-15,-1.043202,17701.424011
2024-10-16,0.401662,17772.523829
2024-10-17,-0.041717,17765.109636
2024-10-18,0.583596,17868.786042
2024-10-21,-0.480713,17782.888412
2024-10-22,-0.216545,17744.380469
2024-10-23,-0.884773,17587.383022
2024-10-24,0.235815,17628.856642
2024-10-25,-0.176467,17597.747605
2024-10-28,0.521822,17689.576589
2024-10-29,-0.058591,17679.212006
2024-10-30,-0.444017,17600.713282
2024-10-31,-1.506229,17335.606200
2024-11-01,0.384476,17402.257502
2024-11-04,-0.017042,17399.291824
2024-11-05,1.166164,17602.196121
2024-11-06,1.194755,17812.499323
2024-11-07,1.122548,18012.453229
2024-11-08,-0.263179,17965.048255
2024-11-11,0.123725,17987.275547
2024-11-12,-0.741094,17853.972943
2024-11-13,-0.199072,17818.430678
2024-11-14,-0.465514,17735.483438
2024-11-15,-0.926849,17571.102371
2024-11-18,0.497296,17658.482840
2024-11-19,0.276765,17707.355365
2024-11-20,0.000000,17707.355365
2024-11-21,0.376318,17773.991381
2024-11-22,0.358308,17837.677005
2024-11-25,0.348716,17899.879792
2024-11-26,0.148942,17926.540312
2024-11-27,-0.074360,17913.210052
2024-11-29,0.678020,18034.665234
2024-12-02,0.213522,18073.173177
2024-12-03,0.180248,18105.749765
2024-12-04,0.531667,18202.011978
2024-12-05,0.057026,18212.391848
2024-12-06,0.121961,18234.603853
2024-12-09,-0.235577,18191.647395
2024-12-10,-0.594282,18083.537760
2024-12-11,0.712549,18212.391848
2024-12-12,-0.626172,18098.350859
2024-12-13,-0.114621,18077.606406
2024-12-16,0.204812,18114.631510
2024-12-17,-0.382626,18045.320270
2024-12-18,-2.972376,17508.945446
2024-12-19,0.008556,17510.443572
2024-12-20,0.784934,17647.888951
2024-12-23,0.618050,17756.961667
2024-12-24,0.841359,17906.361478
2024-12-26,0.083494,17921.312160
2024-12-27,-0.758664,17785.349618
2024-12-30,-1.024901,17603.067480
2024-12-31,-0.271557,17555.265043
2025-01-02,-0.195754,17520.899877
2025-01-03,1.040282,17703.166729
2025-01-06,0.692109,17825.692001
2025-01-07,-0.963922,17653.866167
2025-01-08,0.008486,17655.364292
2025-01-10,-1.523213,17386.435461
2025-01-13,-0.017233,17383.439210
2025-01-14,0.283606,17432.739771
2025-01-15,1.628427,17716.619285
2025-01-16,0.008456,17718.117411
2025-01-17,0.851659,17869.015347
2025-01-21,1.137135,18072.210096
2025-01-22,0.363730,18137.944178
2025-01-23,0.551878,18238.043428
2025-01-24,-0.008130,18236.560589
2025-01-27,-1.196198,18018.415158
2025-01-28,0.663371,18137.944178
2025-01-29,-0.296504,18084.164527
2025-01-30,0.768316,18223.108033
2025-01-31,-0.639478,18106.575263
2025-02-03,-0.808650,17960.156416
2025-02-04,0.906742,18123.008783
2025-02-05,0.486370,18211.153602
2025-02-06,0.344586,18273.906720
2025-02-07,-0.801245,18127.487873
2025-02-10,0.807717,18273.906720
2025-02-11,0.016313,18276.887684
2025-02-12,-0.089914,18260.454163
2025-02-13,1.161900,18472.622379
2025-02-14,-0.016220,18469.626128
2025-02-18,0.412600,18545.831803
2025-02-19,-0.120840,18523.421067
2025-02-20,-0.137161,18498.014079
2025-02-21,-1.356887,18247.016894
2025-02-24,-0.532242,18149.898609
2025-02-25,-0.156408,18121.510658
2025-02-26,0.189637,18155.875825
2025-02-27,-1.522395,17879.471652
2025-02-28,0.969317,18052.780324
2025-03-03,-1.059340,17861.540006
2025-03-04,-0.727739,17731.554680
2025-03-05,1.584087,18012.437942
2025-03-06,-1.542751,17734.550931
2025-03-07,0.673990,17854.079952
2025-03-10,-2.585780,17392.412676
2025-03-11,-0.524028,17301.271607
2025-03-12,0.595884,17404.367107
2025-03-13,-1.141757,17205.651448
2025-03-14,1.988523,17547.789702
2025-03-17,0.996176,17722.596500
2025-03-18,-0.716538,17595.607426
2025-03-19,0.815105,17739.030021
2025-03-20,-0.421148,17664.322472
2025-03-21,-0.211421,17626.976341
2025-03-24,1.466346,17885.448867
2025-03-25,0.050086,17894.407047
2025-03-26,-1.102118,17697.189513
2025-03-27,-0.143479,17671.797813
2025-03-28,-1.724738,17367.005689
2025-03-31,0.129042,17389.416425
2025-04-01,0.352254,17450.671418
2025-04-02,0.513693,17540.314361
2025-04-03,-3.824469,16869.490408
2025-04-04,-6.119967,15837.083141
2025-04-07,-0.971637,15683.204241
2025-04-08,-1.314725,15477.013240
2025-04-09,8.794287,16838.106206
2025-04-10,-3.061193,16322.659279
2025-04-11,1.693377,16599.063451
2025-04-14,1.395155,16830.646152
2025-04-15,0.062127,16841.102457
2025-04-16,-1.588055,16573.656464
2025-04-17,0.423735,16643.884923
2025-04-21,-1.615782,16374.956091
2025-04-22,2.253613,16743.984172
2025-04-23,1.222486,16948.677047
2025-04-24,1.824751,17257.948261
2025-04-25,0.580018,17358.047510
2025-04-28,0.189348,17390.914551
2025-04-29,0.506844,17479.059369
2025-04-30,0.000000,17479.059369
2025-05-01,0.367590,17543.310613
2025-05-02,1.694759,17840.627396
2025-05-05,-0.201020,17804.764103
2025-05-06,-0.578947,17701.683890
2025-05-07,0.084373,17716.619285
2025-05-08,0.328923,17774.893313
2025-05-09,0.134423,17798.786888
2025-05-12,2.434319,18232.066212
2025-05-13,0.532678,18329.184497
2025-05-14,0.089658,18345.618018
2025-05-15,0.537547,18444.234428
2025-05-16,0.477899,18532.379246
2025-05-19,0.314444,18590.653275
2025-05-20,-0.112572,18569.725377
2025-05-21,-1.239031,18339.640802
2025-05-22,-0.057015,18329.184497
2025-05-23,-0.309757,18272.408594
2025-05-27,1.676245,18578.698844
2025-05-28,-0.715774,18445.717267
2025-05-29,0.364487,18512.949474
2025-05-30,-0.209822,18474.105218
2025-06-02,0.744072,18611.565885
2025-06-03,0.224727,18653.391106
2025-06-04,0.256349,18701.208829
2025-06-05,-0.295584,18645.931052
2025-06-06,0.769190,18789.353647
2025-06-09,0.127247,18813.262509
2025-06-10,0.476488,18902.905452
2025-06-11,-0.134327,18877.513752
2025-06-12,0.395668,18952.206014
2025-06-13,-1.150949,18734.075870
2025-06-16,0.876791,18898.334641
2025-06-17,-1.011781,18707.124896
2025-06-18,0.032197,18713.147973
2025-06-20,-0.442521,18630.338316
2025-06-23,0.897018,18797.455755
2025-06-24,1.321610,19045.884725
2025-06-25,-0.071114,19032.340447
2025-06-26,0.838553,19191.936684
2025-06-27,0.447173,19277.757878
2025-06-30,0.437332,19362.065661
2025-07-01,-0.054399,19351.532921
2025-07-02,0.404540,19429.817626
2025-07-03,0.573405,19541.229252
2025-07-07,-0.870616,19371.100275
2025-07-08,0.171012,19404.227195
2025-07-09,0.543122,19509.615745
2025-07-10,0.208349,19550.263867
2025-07-11,-0.500593,19452.396519
2025-07-14,0.139334,19479.500363
2025-07-15,-0.417343,19398.204119
2025-07-16,0.388042,19473.477287
2025-07-17,0.402085,19551.777280
2025-07-18,-0.077014,19536.719589
2025-07-21,0.285134,19592.425402
2025-07-22,0.169080,19625.552322
2025-07-23,1.189042,19858.908314
2025-07-24,-0.204685,19818.260192
2025-07-25,0.189909,19855.896776
2025-07-28,-0.447310,19767.079330
2025-07-29,-0.182821,19730.940871
2025-07-30,-0.335787,19664.687031
2025-07-31,-0.497681,19566.819684
2025-08-01,-1.261910,19319.904126
2025-08-04,1.441748,19598.448478
2025-08-05,-0.276592,19544.240791
2025-08-06,0.747289,19690.292749
2025-08-07,0.237026,19736.963948
2025-08-08,0.587331,19852.885237
2025-08-11,-0.265424,19800.190963
2025-08-12,1.095017,20017.006425
2025-08-13,0.458831,20108.850696
2025-08-14,-0.157288,20077.221902
2025-08-15,0.022538,20081.746853
2025-08-18,0.022457,20086.256517
2025-08-19,-0.532214,19979.354554
2025-08-20,-0.113011,19956.775661
2025-08-21,-0.384764,19879.989081
2025-08-22,1.651043,20208.216170
2025-08-25,-0.648223,20077.221902
2025-08-26,0.209997,20119.383437
2025-08-27,0.037383,20126.904639
2025-08-28,0.403994,20208.216170
2025-08-29,-0.581124,20090.781467
2025-09-02,-0.704438,19949.254459
2025-09-03,0.422611,20033.562242
2025-09-04,0.668907,20167.568048
2025-09-05,0.089595,20185.637277
2025-09-08,0.484761,20283.489337
2025-09-09,0.148472,20313.604719
2025-09-10,0.222378,20358.777792
2025-09-11,0.983578,20559.022151
2025-09-12,-0.146483,20528.906769
2025-09-15,0.652766,20662.912575
2025-09-16,-0.102022,20641.831808
2025-09-17,-0.094869,20622.249166
2025-09-18,0.416158,20708.070361
2025-09-19,0.159971,20741.197281
2025-09-22,0.471850,20839.064629
2025-09-23,-0.375737,20760.764636
2025-09-24,-0.427814,20671.947190
2025-09-25,-0.495320,20569.554891
2025-09-26,0.526993,20677.954979
2025-09-29,0.247588,20729.151128
2025-09-30,0.406785,20813.474198
2025-10-01,0.506348,20918.862747
2025-10-02,0.230267,20967.032071
2025-10-03,0.172358,21003.170530
2025-10-06,0.394272,21085.980186
2025-10-07,-0.599779,20959.510869
2025-10-08,0.589030,21082.968648
2025-10-09,-0.485591,20980.591637
2025-10-10,-2.612123,20432.552834
2025-10-13,1.554769,20750.231896
2025-10-14,-0.101593,20729.151128
2025-10-15,0.639160,20861.643522
2025-10-16,-0.346385,20789.381892
2025-10-17,0.398327,20872.191549
2025-10-20,1.002669,21081.470522
2025-10-21,-0.292811,21019.741633
2025-10-22,-0.393961,20936.931976
2025-10-23,0.639972,21070.922495
2025-10-24,0.650267,21207.939839
2025-10-27,1.050660,21430.763091
2025-10-28,0.147515,21462.376599
2025-10-29,0.007051,21463.890011
2025-10-30,-0.975028,21254.611038
2025-10-31,0.170026,21290.749496
2025-11-03,0.219209,21337.420695
2025-11-04,-1.277199,21064.899419
2025-11-05,0.464599,21162.766767
2025-11-06,-0.867980,20979.078224
2025-11-07,0.143550,21009.193606
2025-11-10,1.461961,21316.339927
2025-11-11,0.331968,21387.103431
2025-11-12,0.197135,21429.264966
2025-11-13,-1.531677,21101.037877
2025-11-14,-0.049916,21090.505137
2025-11-17,-1.070861,20864.655060
2025-11-18,-0.858694,20685.491468
2025-11-19,0.138271,20714.093437
2025-11-20,-1.511866,20400.924040
2025-11-21,0.988964,20602.681811
2025-11-24,1.110760,20831.528140
2025-11-25,0.910695,21021.239759
2025-11-26,0.823646,21194.380274
2025-11-28,0.497320,21299.784111
2025-12-01,-0.445337,21204.928301
2025-12-02,0.220096,21251.599500
2025-12-03,0.375492,21331.397618
2025-12-04,0.204673,21375.057278
2025-12-05,0.091543,21394.624633
2025-12-08,-0.239223,21343.443771
2025-12-09,-0.077640,21326.872667
2025-12-10,0.811914,21500.028470
2025-12-11,0.266064,21557.232408
2025-12-12,-0.984776,21344.941896
2025-12-15,0.021199,21349.466847
2025-12-16,-0.409072,21262.132240
2025-12-17,-1.021523,21044.934602
2025-12-18,0.829982,21219.603817
2025-12-19,0.858883,21401.855382
2025-12-22,0.589070,21527.927237
2025-12-23,0.507935,21637.275119
2025-12-24,0.175498,21675.248016
2025-12-26,0.133156,21704.109865
2025-12-29,-0.342871,21629.692769
2025-12-30,0.000000,21629.692769
2025-12-31,-0.646049,21489.954339
2026-01-02,0.706732,21641.830643
2026-01-05,0.835204,21822.584083
2026-01-06,0.466261,21924.334327
2026-01-07,-0.374081,21842.319594
2026-01-08,-0.027785,21836.250657
2026-01-09,0.681662,21985.100136
2026-01-12,0.435210,22080.781443
2026-01-13,-0.337091,22006.349060
2026-01-14,-0.124206,21979.015912
2026-01-15,0.200381,22023.057747
2026-01-16,0.000000,22023.057747
2026-01-20,-1.820649,21622.095132
2026-01-21,1.158998,21872.694855
2026-01-22,0.555562,21994.211186
2026-01-23,0.241668,22047.364070
2026-01-26,0.385791,22132.420915
2026-01-27,0.919537,22335.936691
2026-01-28,-0.149544,22302.534605
2026-01-29,-0.095344,22281.270394
2026-01-30,-0.818027,22099.003542
2026-02-02,0.556721,22222.033285
2026-02-03,-0.526259,22105.087767
2026-02-04,-0.377938,22021.544334
2026-02-05,-1.227664,21751.193812
2026-02-06,2.143717,22217.477760
2026-02-09,0.772487,22389.104863
2026-02-10,-0.067869,22373.909589
2026-02-11,0.271524,22434.660111
2026-02-12,-1.394623,22121.781166
2026-02-13,0.199157,22165.838288
2026-02-17,0.041104,22174.949338
2026-02-18,0.431484,22270.630645
2026-02-19,-0.197757,22226.588810
2026-02-20,0.881527,22422.522236
2026-02-23,-0.928025,22214.435648
2026-02-24,0.731579,22376.951701
2026-02-25,0.895962,22577.440652
2026-02-26,-0.470917,22471.119596
2026-02-27,-0.385251,22384.549338
2026-03-02,-0.563209,22258.477483
2026-03-03,-1.958325,21822.584083
2026-03-04,0.918652,22023.057747
2026-03-05,-1.158582,21767.902499
2026-03-06,-1.144283,21518.816188
2026-03-09,0.966927,21726.887489
2026-03-10,0.000000,21726.887489
2026-03-11,-0.076903,21710.178802
2026-03-12,-1.741971,21331.993811
2026-03-13,-0.647899,21193.784081
2026-03-16,1.390298,21488.440927
2026-03-17,0.282713,21549.191448
2026-03-18,-1.529466,21219.603817
2026-03-19,-0.236225,21169.477758
2026-03-20,-2.037618,20738.124595
2026-03-23,1.662556,21082.907500
2026-03-24,-0.554694,20965.961982
2026-03-25,0.941749,21163.408820
2026-03-26,-2.124305,20713.833559
2026-03-27,-1.341848,20435.885399
2026-03-30,-0.267576,20381.203815
2026-03-31,3.114973,21016.072754
2026-04-01,0.939504,21213.519593
2026-04-02,-0.164663,21178.588807
2026-04-06,0.509167,21286.423276
2026-04-07,0.035692,21294.020913
2026-04-08,3.152662,21965.349337
2026-04-09,0.311164,22033.697496
2026-04-10,-0.020675,22029.141971
2026-04-13,0.944527,22237.213272
2026-04-14,1.161174,22495.425920
2026-04-15,0.465839,22600.218276
2026-04-16,0.067235,22615.413550
2026-04-17,1.343190,22919.181445
2026-04-20,-0.324760,22844.749062
2026-04-21,-1.110285,22591.107227
2026-04-22,0.961430,22808.304864
2026-04-23,-0.612665,22668.566435
2026-04-24,0.830824,22856.902224
2026-04-27,0.013309,22859.944336
2026-04-28,-0.591353,22724.761432
2026-04-29,-0.320812,22651.857748
2026-04-30,1.609221,23016.376165
2026-05-01,0.079170,23034.598264
2026-05-04,-0.632993,22888.790898
2026-05-05,1.094925,23139.405908
2026-05-06,2.001961,23602.647744
2026-05-07,-0.945939,23379.381169
2026-05-08,0.941960,23599.605632
2026-05-11,0.096582,23622.398543
2026-05-12,-0.565859,23488.729051
2026-05-13,0.795370,23675.551428
2026-05-14,0.493951,23792.496946
2026-05-15,-1.640593,23402.158793
2026-05-18,0.175262,23443.173803
2026-05-19,-0.777484,23260.906951
2026-05-20,1.273253,23557.077210
2026-05-21,0.380405,23646.689579
2026-05-22,0.192714,23692.260114
2026-05-26,1.186000,23973.250385
2026-05-27,-0.126769,23942.859838
2026-05-28,0.386982,24035.514320
2026-05-29,0.183236,24079.556155
2026-06-01,0.353233,24164.613000
2026-06-02,0.546836,24296.753792
2026-06-03,-0.825168,24096.264841
2026-06-04,0.302552,24169.168525
2026-06-05,-2.978695,23449.242741
2026-06-08,0.343300,23529.744061
2026-06-09,-0.206536,23481.146701
2026-06-10,-1.526542,23122.697222
2026-06-11,2.358101,23667.953791
2026-06-12,0.410724,23765.163797
2026-06-15,1.659591,24159.568291
2026-06-16,-0.442926,24052.559320
2026-06-17,-0.972416,23818.668283
2026-06-18,1.238688,24113.707304
2026-06-22,-0.095093,24090.776810
2026-06-23,-1.998858,23609.236439
2026-06-24,-0.135975,23577.133748
2026-06-25,0.304740,23648.982629
2026-06-26,-0.271493,23584.777246
2026-06-29,0.998185,23820.196983
2026-06-30,0.738031,23995.997435
2026-07-01,-0.541505,23866.057970
2026-07-02,0.019216,23870.644069
2026-07-06,1.165546,24148.867394
2026-07-07,-0.955878,23918.033756
