date,return_pct,balance
2026-05-08,0.259,74259
2026-05-07,-0.258,74067
2026-05-06,0.423,74259
2026-05-05,0.178,73946
2026-05-04,-0.341,73815
2026-05-01,0.138,74067
2026-04-30,0.150,73965
2026-04-29,-0.448,73854
2026-04-28,-0.027,74186
2026-04-27,-0.162,74206
2026-04-24,0.176,74327
2026-04-23,-0.176,74196
2026-04-22,0.108,74327
2026-04-21,-0.311,74247
2026-04-20,-0.068,74478
2026-04-17,0.393,74528
2026-04-16,-0.149,74237
2026-04-15,-0.135,74347
2026-04-14,0.244,74448
2026-04-13,0.217,74267
2026-04-10,-0.149,74106
2026-04-09,0.041,74216
2026-04-08,0.190,74186
2026-04-07,0.150,74045
2026-04-06,-0.149,73935
2026-04-02,0.218,74045
2026-04-01,0.041,73884
2026-03-31,0.218,73854
2026-03-30,0.506,73694
2026-03-27,0.000,73323
2026-03-26,-0.585,73323
2026-03-25,0.382,73754
2026-03-24,-0.259,73473
2026-03-23,0.383,73664
2026-03-20,-0.800,73383
2026-03-19,0.109,73975
2026-03-18,-0.406,73894
2026-03-17,0.203,74195
2026-03-16,0.381,74045
2026-03-13,-0.095,73764
2026-03-12,-0.365,73834
2026-03-11,-0.445,74105
2026-03-10,-0.309,74436
2026-03-09,0.283,74667
2026-03-06,-0.135,74456
2026-03-05,-0.228,74556
2026-03-04,-0.067,74727
2026-03-03,-0.107,74777
2026-03-02,-0.402,74857
2026-02-27,0.200,75159
2026-02-26,0.147,75009
2026-02-25,-0.027,74899
2026-02-24,-0.053,74919
2026-02-23,0.214,74959
2026-02-20,-0.013,74799
2026-02-19,0.040,74809
2026-02-18,-0.107,74779
2026-02-17,-0.013,74859
2026-02-13,0.295,74869
2026-02-12,0.457,74649
2026-02-11,-0.201,74309
2026-02-10,0.296,74459
2026-02-09,0.027,74239
2026-02-06,0.013,74219
2026-02-05,0.433,74209
2026-02-04,-0.041,73889
2026-02-03,0.027,73919
2026-02-02,-0.100,73899
2026-01-30,-0.040,73974
2026-01-29,0.013,74004
2026-01-28,-0.040,73994
2026-01-27,-0.081,74024
2026-01-26,0.121,74083
2026-01-23,0.108,73994
2026-01-22,0.040,73914
2026-01-21,0.284,73884
2026-01-20,-0.364,73675
2026-01-16,-0.161,73944
2026-01-15,-0.148,74063
2026-01-14,0.202,74173
2026-01-13,0.081,74024
2026-01-12,-0.094,73964
2026-01-09,0.216,74034
2026-01-08,-0.175,73874
2026-01-07,0.108,74004
2026-01-06,0.000,73924
2026-01-05,0.189,73924
2026-01-02,-0.041,73784
2025-12-31,-0.269,73814
2025-12-30,-0.040,74014
2025-12-29,0.148,74043
2025-12-26,0.000,73934
2025-12-24,0.243,73934
2025-12-23,-0.014,73754
2025-12-22,-0.027,73764
2025-12-19,-0.148,73784
2025-12-18,0.211,73894
2025-12-17,-0.027,73738
2025-12-16,0.189,73758
2025-12-15,0.122,73619
2025-12-12,-0.310,73530
2025-12-11,0.000,73758
2025-12-10,0.297,73758
2025-12-09,-0.067,73540
2025-12-08,-0.148,73589
2025-12-05,-0.121,73699
2025-12-04,-0.188,73788
2025-12-03,0.148,73927
2025-12-02,0.094,73818
2025-12-01,-0.390,73748
2025-11-28,-0.160,74037
2025-11-26,0.107,74156
2025-11-25,0.228,74076
2025-11-24,0.174,73908
2025-11-21,0.242,73779
2025-11-20,0.148,73601
2025-11-19,-0.040,73492
2025-11-18,0.081,73522
2025-11-17,0.054,73463
2025-11-14,-0.148,73423
2025-11-13,-0.295,73532
2025-11-12,-0.040,73750
2025-11-11,0.283,73779
2025-11-10,-0.027,73572
2025-11-07,-0.054,73591
2025-11-06,0.391,73631
2025-11-05,-0.283,73344
2025-11-04,0.054,73552
2025-11-03,-0.116,73512
2025-10-31,-0.027,73597
2025-10-30,-0.174,73617
2025-10-29,-0.493,73745
2025-10-28,0.053,74111
2025-10-27,0.053,74071
2025-10-24,0.133,74032
2025-10-23,-0.200,73933
2025-10-22,0.000,74081
2025-10-21,0.120,74081
2025-10-20,0.134,73992
2025-10-17,-0.133,73893
2025-10-16,0.375,73992
2025-10-15,-0.067,73716
2025-10-14,0.147,73765
2025-10-13,0.161,73657
2025-10-10,0.391,73538
2025-10-09,-0.067,73252
2025-10-08,0.000,73301
2025-10-07,0.189,73301
2025-10-06,-0.229,73163
2025-10-03,-0.121,73331
2025-10-02,0.108,73420
2025-10-01,0.252,73341
2025-09-30,-0.040,73157
2025-09-29,0.256,73186
2025-09-26,0.000,72999
2025-09-25,-0.108,72999
2025-09-24,-0.202,73078
2025-09-23,0.202,73225
2025-09-22,-0.188,73078
2025-09-19,0.040,73216
2025-09-18,-0.255,73186
2025-09-17,-0.174,73373
2025-09-16,0.013,73501
2025-09-15,0.188,73491
2025-09-12,-0.121,73353
2025-09-11,0.215,73442
2025-09-10,0.175,73284
2025-09-09,-0.188,73157
2025-09-08,0.323,73294
2025-09-05,0.473,73058
2025-09-04,0.380,72714
2025-09-03,0.327,72438
2025-09-02,-0.213,72202
2025-08-29,-0.122,72357
2025-08-28,0.122,72445
2025-08-27,0.095,72357
2025-08-26,0.122,72288
2025-08-25,-0.136,72200
2025-08-22,0.504,72298
2025-08-21,-0.245,71935
2025-08-20,0.068,72111
2025-08-19,0.191,72062
2025-08-18,-0.109,71925
2025-08-15,-0.136,72004
2025-08-14,-0.285,72102
2025-08-13,0.367,72308
2025-08-12,0.014,72043
2025-08-11,0.068,72033
2025-08-08,-0.217,71984
2025-08-07,-0.041,72141
2025-08-06,-0.081,72170
2025-08-05,0.041,72229
2025-08-04,0.068,72200
2025-08-01,0.863,72151
2025-07-31,0.014,71533
2025-07-30,-0.259,71523
2025-07-29,0.521,71709
2025-07-28,-0.164,71338
2025-07-25,0.247,71455
2025-07-24,-0.123,71279
2025-07-23,-0.205,71367
2025-07-22,0.164,71514
2025-07-21,0.288,71396
2025-07-18,0.165,71191
2025-07-17,0.028,71074
2025-07-16,0.193,71054
2025-07-15,-0.302,70918
2025-07-14,-0.014,71133
2025-07-11,-0.410,71142
2025-07-10,0.014,71435
2025-07-09,0.398,71426
2025-07-08,-0.055,71142
2025-07-07,-0.328,71181
2025-07-03,-0.246,71416
2025-07-02,-0.109,71592
2025-07-01,-0.074,71670
2025-06-30,0.395,71723
2025-06-27,-0.231,71441
2025-06-26,0.286,71606
2025-06-25,0.027,71402
2025-06-24,0.301,71382
2025-06-23,0.247,71168
2025-06-20,0.069,70993
2025-06-18,0.055,70944
2025-06-17,0.317,70905
2025-06-16,-0.193,70681
2025-06-13,-0.356,70817
2025-06-12,0.371,71071
2025-06-11,0.317,70808
2025-06-10,0.194,70584
2025-06-09,0.159,70447
2025-06-06,-0.544,70335
2025-06-05,-0.192,70720
2025-06-04,0.622,70856
2025-06-03,-0.111,70418
2025-06-02,-0.219,70496
2025-05-30,0.193,70651
2025-05-29,0.359,70515
2025-05-28,-0.221,70263
2025-05-27,0.471,70418
2025-05-23,0.153,70088
2025-05-22,0.278,69981
2025-05-21,-0.622,69787
2025-05-20,-0.179,70224
2025-05-19,-0.028,70350
2025-05-16,0.069,70369
2025-05-15,0.541,70321
2025-05-14,-0.346,69942
2025-05-13,-0.041,70185
2025-05-12,-0.344,70214
2025-05-09,0.083,70457
2025-05-08,-0.535,70398
2025-05-07,0.192,70777
2025-05-06,0.220,70641
2025-05-05,-0.138,70486
2025-05-02,-0.493,70583
2025-05-01,-0.277,70932
2025-04-30,-0.068,71129
2025-04-29,0.259,71178
2025-04-28,0.246,70994
2025-04-25,0.329,70820
2025-04-24,0.565,70588
2025-04-23,0.207,70191
2025-04-22,0.180,70046
2025-04-21,-0.551,69920
2025-04-17,-0.220,70307
2025-04-16,0.275,70462
2025-04-15,0.249,70268
2025-04-14,0.569,70094
2025-04-11,-0.111,69697
2025-04-10,-0.798,69775
2025-04-09,0.234,70336
2025-04-08,-0.576,70171
2025-04-07,-1.206,70578
2025-04-04,0.081,71439
2025-04-03,0.518,71381
2025-04-02,-0.082,71013
2025-04-01,0.314,71071
2025-03-31,0.177,70849
2025-03-28,0.576,70724
2025-03-27,-0.041,70319
2025-03-26,-0.219,70348
2025-03-25,0.123,70502
2025-03-24,-0.436,70415
2025-03-21,-0.082,70724
2025-03-20,0.041,70782
2025-03-19,0.301,70753
2025-03-18,0.110,70541
2025-03-17,0.137,70463
2025-03-14,-0.246,70367
2025-03-13,0.302,70541
2025-03-12,-0.205,70328
2025-03-11,-0.382,70473
2025-03-10,0.466,70743
2025-03-07,-0.109,70415
2025-03-06,-0.082,70492
2025-03-05,-0.354,70550
2025-03-04,-0.285,70801
2025-03-03,0.230,71004
2025-02-28,0.423,70841
2025-02-27,-0.123,70542
2025-02-26,0.150,70629
2025-02-25,0.631,70523
2025-02-24,0.144,70081
2025-02-21,0.435,69980
2025-02-20,0.124,69677
2025-02-19,0.138,69590
2025-02-18,-0.372,69494
2025-02-14,0.318,69754
2025-02-13,0.598,69533
2025-02-12,-0.512,69119
2025-02-11,-0.166,69475
2025-02-10,0.028,69590
2025-02-07,-0.303,69571
2025-02-06,-0.110,69783
2025-02-05,0.512,69860
2025-02-04,0.139,69504
2025-02-03,0.090,69408
2025-01-31,-0.138,69345
2025-01-30,0.138,69441
2025-01-29,-0.055,69345
2025-01-28,-0.055,69384
2025-01-27,0.527,69422
2025-01-24,0.195,69058
2025-01-23,-0.153,68924
2025-01-22,-0.208,69029
2025-01-21,0.292,69173
2025-01-17,0.028,68972
2025-01-16,0.195,68952
2025-01-15,0.800,68818
2025-01-14,0.070,68272
2025-01-13,-0.098,68224
2025-01-10,-0.517,68291
2025-01-08,0.112,68646
2025-01-07,-0.348,68569
2025-01-06,-0.097,68809
2025-01-03,-0.125,68876
2025-01-02,0.042,68962
2024-12-31,-0.167,68933
2024-12-30,0.390,69048
2024-12-27,-0.209,68780
2024-12-26,0.070,68924
2024-12-24,0.144,68876
2024-12-23,-0.319,68777
2024-12-20,0.306,68997
2024-12-19,-0.277,68787
2024-12-18,-0.783,68978
2024-12-17,0.014,69522
2024-12-16,0.110,69513
2024-12-13,-0.397,69436
2024-12-12,-0.396,69713
2024-12-11,-0.218,69990
2024-12-10,-0.109,70143
2024-12-09,-0.298,70220
2024-12-06,0.272,70430
2024-12-05,0.014,70239
2024-12-04,0.341,70229
2024-12-03,-0.232,69990
2024-12-02,0.058,70153
2024-11-29,0.368,70112
2024-11-27,0.273,69855
2024-11-26,-0.177,69664
2024-11-25,0.923,69788
2024-11-22,0.041,69150
2024-11-21,-0.055,69121
2024-11-20,-0.110,69159
2024-11-19,0.179,69236
2024-11-18,0.097,69112
2024-11-15,0.028,69045
2024-11-14,-0.028,69026
2024-11-13,-0.041,69045
2024-11-12,-0.603,69074
2024-11-11,-0.192,69493
2024-11-08,0.192,69626
2024-11-07,0.746,69493
2024-11-06,-0.822,68978
2024-11-05,0.247,69550
2024-11-04,0.400,69379
2024-11-01,-0.387,69102
2024-10-31,-0.014,69370
2024-10-30,-0.096,69380
2024-10-29,0.082,69446
2024-10-28,-0.123,69389
2024-10-25,-0.205,69475
2024-10-24,0.164,69617
2024-10-23,-0.245,69503
2024-10-22,0.041,69674
2024-10-21,-0.677,69646
2024-10-18,0.054,70121
2024-10-17,-0.485,70083
2024-10-16,0.135,70424
2024-10-15,0.393,70330
2024-10-14,-0.068,70054
2024-10-11,0.014,70102
2024-10-10,-0.041,70092
2024-10-09,-0.270,70121
2024-10-08,0.149,70311
2024-10-07,-0.297,70206
2024-10-04,-0.656,70415
2024-10-03,-0.440,70880
2024-10-02,-0.186,71194
2024-10-01,0.294,71327
2024-09-30,-0.226,71118
2024-09-27,0.293,71279
2024-09-26,0.000,71070
2024-09-25,-0.372,71070
2024-09-24,0.120,71335
2024-09-23,-0.066,71250
2024-09-20,-0.013,71298
2024-09-19,0.000,71307
2024-09-18,-0.304,71307
2024-09-17,-0.132,71525
2024-09-16,0.265,71619
2024-09-13,0.213,71430
2024-09-12,-0.106,71279
2024-09-11,-0.053,71354
2024-09-10,0.333,71392
2024-09-09,0.133,71156
2024-09-06,0.120,71061
2024-09-05,0.241,70976
2024-09-04,0.443,70805
2024-09-03,0.424,70493
2024-08-30,-0.201,70195
2024-08-29,-0.147,70336
2024-08-28,-0.067,70440
2024-08-27,0.000,70488
2024-08-26,-0.107,70488
2024-08-23,0.443,70563
2024-08-22,-0.401,70252
2024-08-21,0.215,70535
2024-08-20,0.296,70384
2024-08-19,0.121,70176
2024-08-16,0.216,70091
2024-08-15,-0.417,69940
2024-08-14,0.189,70233
2024-08-13,0.378,70101
2024-08-12,0.176,69836
2024-08-09,0.353,69713
2024-08-08,-0.149,69468
2024-08-07,-0.244,69572
2024-08-06,-0.619,69742
2024-08-05,-0.094,70176
2024-08-02,1.142,70242
2024-08-01,0.373,69449
2024-07-31,0.547,69191
2024-07-30,0.123,68815
2024-07-29,0.123,68730
2024-07-26,0.399,68646
2024-07-25,0.221,68373
2024-07-24,-0.289,68222
2024-07-23,0.014,68420
2024-07-22,-0.041,68410
2024-07-19,-0.261,68438
2024-07-18,-0.260,68617
2024-07-17,0.096,68796
2024-07-16,0.385,68730
2024-07-15,-0.315,68467
2024-07-12,0.261,68683
2024-07-11,0.497,68504
2024-07-10,0.083,68166
2024-07-09,-0.041,68109
2024-07-08,0.000,68137
2024-07-05,0.458,68137
2024-07-03,0.572,67827
2024-07-02,0.294,67441
2024-07-01,-0.526,67243
2024-06-28,-0.470,67599
2024-06-27,0.180,67918
2024-06-26,-0.468,67796
2024-06-25,0.055,68115
2024-06-24,0.055,68078
2024-06-21,0.028,68040
2024-06-20,-0.193,68021
2024-06-18,0.345,68153
2024-06-17,-0.372,67918
2024-06-14,0.152,68171
2024-06-13,0.443,68068
2024-06-12,0.459,67768
2024-06-11,0.405,67458
2024-06-10,-0.153,67186
2024-06-07,-0.802,67289
2024-06-06,0.014,67834
2024-06-05,0.277,67824
2024-06-04,0.376,67637
2024-06-03,0.557,67383
2024-05-31,0.364,67010
2024-05-30,0.436,66767
2024-05-29,-0.365,66477
2024-05-28,-0.474,66720
2024-05-24,0.112,67038
2024-05-23,-0.292,66963
2024-05-22,-0.125,67160
2024-05-21,0.209,67244
2024-05-20,-0.097,67104
2024-05-17,-0.250,67169
2024-05-16,-0.166,67338
2024-05-15,0.642,67450
2024-05-14,0.294,67019
2024-05-13,0.084,66823
2024-05-10,-0.279,66767
2024-05-09,0.266,66954
2024-05-08,-0.238,66776
2024-05-07,0.196,66935
2024-05-06,0.098,66804
2024-05-03,0.507,66739
2024-05-02,0.396,66402
2024-05-01,0.359,66140
2024-04-30,-0.381,65904
2024-04-29,0.297,66155
2024-04-26,0.227,65960
2024-04-25,-0.283,65810
2024-04-24,-0.254,65997
2024-04-23,0.184,66165
2024-04-22,0.042,66043
2024-04-19,0.127,66015
2024-04-18,-0.268,65932
2024-04-17,0.482,66109
2024-04-16,-0.254,65792
2024-04-15,-0.660,65960
2024-04-12,0.225,66398
2024-04-11,0.000,66249
2024-04-10,-1.169,66249
2024-04-09,0.363,67032
2024-04-08,-0.084,66789
2024-04-05,-0.500,66845
2024-04-04,0.209,67181
2024-04-03,0.070,67041
2024-04-02,-0.111,66995
2024-04-01,-0.680,67069
2024-03-28,-0.124,67528
2024-03-27,0.345,67612
2024-03-26,0.083,67380
2024-03-25,-0.193,67324
2024-03-22,0.332,67454
2024-03-21,0.083,67231
2024-03-20,0.180,67175
2024-03-19,0.264,67054
2024-03-18,-0.125,66877
2024-03-15,-0.056,66961
2024-03-14,-0.593,66998
2024-03-13,-0.172,67398
2024-03-12,-0.295,67514
2024-03-11,-0.041,67714
2024-03-08,0.096,67742
2024-03-07,0.165,67677
2024-03-06,0.179,67565
2024-03-05,0.541,67445
2024-03-04,-0.235,67082
2024-03-01,0.419,67240
2024-02-29,0.166,66960
2024-02-28,0.222,66848
2024-02-27,-0.153,66700
2024-02-26,-0.180,66802
2024-02-23,0.362,66923
2024-02-22,0.042,66682
2024-02-21,-0.277,66654
2024-02-20,0.125,66839
2024-02-16,-0.318,66756
2024-02-15,0.278,66969
2024-02-14,0.376,66784
2024-02-13,-0.870,66533
2024-02-12,0.028,67117
2024-02-09,-0.076,67099
2024-02-08,-0.269,67150
2024-02-07,-0.192,67331
2024-02-06,0.469,67460
2024-02-05,-0.795,67145
2024-02-02,-0.896,67683
2024-02-01,0.602,68295
2024-01-31,0.424,67886
2024-01-30,0.178,67600
2024-01-29,0.399,67480
2024-01-26,-0.144,67211
2024-01-25,0.462,67309
2024-01-24,-0.207,66999
2024-01-23,-0.234,67137
2024-01-22,0.165,67295
2024-01-19,0.000,67184
2024-01-18,-0.137,67184
2024-01-17,-0.233,67276
2024-01-16,-0.701,67433
2024-01-12,0.198,67909
2024-01-11,0.521,67775
2024-01-10,-0.178,67424
2024-01-09,-0.014,67544
2024-01-08,0.440,67554
2024-01-05,-0.295,67258
2024-01-04,-0.457,67456
2024-01-03,0.082,67766
2024-01-02,-0.421,67711
2023-12-29,-0.237,67997
2023-12-28,-0.237,68159
2023-12-27,0.640,68321
2023-12-26,0.095,67886
2023-12-22,-0.067,67822
2023-12-21,-0.014,67867
2023-12-20,0.327,67876
2023-12-19,0.191,67655
2023-12-18,-0.204,67526
2023-12-15,-0.150,67664
2023-12-14,0.754,67766
2023-12-13,1.277,67259
2023-12-12,0.285,66411
2023-12-11,0.021,66222
2023-12-08,-0.485,66208
2023-12-07,-0.028,66531
2023-12-06,0.292,66549
2023-12-05,0.643,66355
2023-12-04,-0.404,65931
2023-12-01,0.813,66199
2023-11-30,-0.321,65665
2023-11-29,0.519,65876
2023-11-28,0.423,65536
2023-11-27,0.609,65260
2023-11-24,-0.480,64865
2023-11-22,0.085,65177
2023-11-21,0.141,65122
2023-11-20,0.142,65030
2023-11-17,0.142,64938
2023-11-16,0.599,64846
2023-11-15,-0.553,64460
2023-11-14,1.220,64819
2023-11-13,-0.029,64037
2023-11-10,0.187,64056
2023-11-09,-0.742,63936
2023-11-08,0.315,64414
2023-11-07,0.504,64212
2023-11-06,-0.430,63890
2023-11-03,0.598,64166
2023-11-02,0.573,63785
2023-11-01,0.967,63422
2023-10-31,-0.029,62814
2023-10-30,-0.240,62832
2023-10-27,-0.007,62984
2023-10-26,0.674,62988
2023-10-25,-0.756,62567
2023-10-24,0.336,63043
2023-10-23,0.388,62832
2023-10-20,0.360,62589
2023-10-19,-0.439,62365
2023-10-18,-0.430,62640
2023-10-17,-0.659,62910
2023-10-16,-0.518,63327
2023-10-13,0.463,63657
2023-10-12,-0.860,63364
2023-10-11,0.461,63914
2023-10-10,-0.101,63621
2023-10-09,1.018,63685
2023-10-06,-0.391,63043
2023-10-05,0.072,63291
2023-10-04,0.656,63245
2023-10-03,-0.810,62832
2023-10-02,-0.684,63346
2023-09-29,-0.043,63782
2023-09-28,0.259,63810
2023-09-27,-0.358,63645
2023-09-26,-0.100,63874
2023-09-25,-0.738,63937
2023-09-22,0.413,64413
2023-09-21,-0.623,64148
2023-09-20,-0.127,64550
2023-09-19,-0.219,64632
2023-09-18,0.106,64774
2023-09-15,-0.197,64705
2023-09-14,-0.169,64833
2023-09-13,0.155,64943
2023-09-12,0.071,64842
2023-09-11,-0.155,64797
2023-09-08,0.028,64897
2023-09-07,0.339,64879
2023-09-06,-0.113,64660
2023-09-05,-0.548,64733
2023-09-01,-0.480,65089
2023-08-31,0.168,65403
2023-08-30,-0.042,65294
2023-08-29,0.618,65321
2023-08-28,0.183,64920
2023-08-25,0.000,64801
2023-08-24,-0.239,64801
2023-08-23,0.906,64956
2023-08-22,0.128,64373
2023-08-21,-0.480,64291
2023-08-18,0.212,64601
2023-08-17,-0.099,64464
2023-08-16,-0.282,64528
2023-08-15,-0.225,64710
2023-08-14,-0.126,64856
2023-08-11,-0.322,64938
2023-08-10,-0.557,65148
2023-08-09,0.028,65512
2023-08-08,0.363,65494
2023-08-07,-0.153,65257
2023-08-04,0.830,65357
2023-08-03,-0.615,64820
2023-08-02,-0.320,65221
2023-08-01,-0.618,65430
2023-07-31,0.180,65837
2023-07-28,0.347,65719
2023-07-27,-0.853,65492
2023-07-26,0.331,66055
2023-07-25,-0.110,65837
2023-07-24,-0.165,65910
2023-07-21,0.069,66019
2023-07-20,-0.466,65973
2023-07-19,0.234,66282
2023-07-18,0.124,66128
2023-07-17,0.110,66046
2023-07-14,-0.466,65973
2023-07-13,0.607,66282
2023-07-12,0.793,65882
2023-07-11,0.209,65364
2023-07-10,0.350,65228
2023-07-07,-0.056,65001
2023-07-06,-0.639,65037
2023-07-05,-0.415,65455
2023-07-03,-0.283,65728
2023-06-30,0.345,65914
2023-06-29,-0.754,65688
2023-06-28,0.316,66186
2023-06-27,-0.192,65978
2023-06-26,0.124,66105
2023-06-23,0.289,66023
2023-06-22,-0.480,65833
2023-06-21,0.165,66150
2023-06-20,0.137,66041
2023-06-16,-0.220,65951
2023-06-15,0.621,66096
2023-06-14,0.083,65688
2023-06-13,-0.440,65633
2023-06-12,0.207,65923
2023-06-09,-0.206,65787
2023-06-08,0.498,65923
2023-06-07,-0.564,65597
2023-06-06,0.138,65969
2023-06-05,0.014,65878
2023-06-02,-0.561,65869
2023-06-01,0.270,66241
2023-05-31,0.330,66063
2023-05-30,0.664,65846
2023-05-26,0.125,65411
2023-05-25,-0.372,65330
2023-05-24,-0.275,65574
2023-05-23,0.069,65755
2023-05-22,-0.028,65710
2023-05-19,-0.274,65728
2023-05-18,-0.410,65909
2023-05-17,-0.177,66180
2023-05-16,-0.245,66298
2023-05-15,-0.258,66461
2023-05-12,-0.527,66633
2023-05-11,0.325,66985
2023-05-10,0.613,66768
2023-05-09,-0.109,66361
2023-05-08,-0.474,66434
2023-05-05,-0.365,66750
2023-05-04,-0.135,66994
2023-05-03,0.420,67085
2023-05-02,0.984,66804
2023-05-01,-1.026,66153
2023-04-28,0.557,66839
2023-04-27,-0.432,66469
2023-04-26,-0.350,66758
2023-04-25,0.651,66992
2023-04-24,0.395,66559
2023-04-21,-0.177,66298
2023-04-20,0.437,66415
2023-04-19,-0.136,66126
2023-04-18,0.150,66217
2023-04-17,-0.543,66117
2023-04-14,-0.446,66478
2023-04-13,-0.054,66776
2023-04-12,0.108,66812
2023-04-11,0.041,66740
2023-04-10,-0.672,66713
2023-04-06,-0.027,67164
2023-04-05,0.269,67182
2023-04-04,0.406,67001
2023-04-03,0.424,66731
2023-03-31,0.517,66449
2023-03-30,0.136,66107
2023-03-29,0.109,66017
2023-03-28,-0.177,65945
2023-03-27,-1.038,66062
2023-03-24,0.203,66755
2023-03-23,0.230,66620
2023-03-22,0.888,66467
2023-03-21,-0.272,65882
2023-03-20,-0.434,66062
2023-03-17,0.724,66350
2023-03-16,-0.476,65873
2023-03-15,1.030,66188
2023-03-14,-0.628,65513
2023-03-13,0.798,65927
2023-03-10,1.198,65405
2023-03-09,0.335,64631
2023-03-08,-0.084,64415
2023-03-07,-0.112,64469
2023-03-06,-0.237,64541
2023-03-03,0.771,64694
2023-03-02,-0.210,64199
2023-03-01,-0.591,64334
2023-02-28,0.028,64717
2023-02-27,0.167,64699
2023-02-24,-0.553,64591
2023-02-23,0.361,64950
2023-02-22,0.223,64717
2023-02-21,-0.868,64573
2023-02-17,0.221,65139
2023-02-16,-0.385,64995
2023-02-15,-0.220,65246
2023-02-14,-0.342,65390
2023-02-13,0.274,65615
2023-02-10,-0.424,65435
2023-02-09,-0.408,65713
2023-02-08,0.177,65983
2023-02-07,-0.136,65866
2023-02-06,-0.622,65956
2023-02-03,-0.885,66369
2023-02-02,0.067,66961
2023-02-01,0.641,66917
2023-01-31,0.460,66490
2023-01-30,-0.283,66186
2023-01-27,-0.108,66374
2023-01-26,-0.188,66445
2023-01-25,0.121,66571
2023-01-24,0.447,66490
2023-01-23,-0.243,66195
2023-01-20,-0.444,66356
2023-01-19,-0.201,66651
2023-01-18,0.921,66786
2023-01-17,-0.135,66177
2023-01-13,-0.337,66266
2023-01-12,0.774,66490
2023-01-11,0.532,65980
2023-01-10,-0.394,65630
2023-01-09,0.273,65890
2023-01-06,1.103,65711
2023-01-05,-0.110,64994
2023-01-04,0.568,65066
2023-01-03,0.529,64698
2022-12-30,-0.416,64358
2022-12-29,0.376,64627
2022-12-28,-0.139,64385
2022-12-27,-0.772,64475
2022-12-23,-0.312,64976
2022-12-22,-0.014,65180
2022-12-21,0.234,65189
2022-12-20,-0.655,65037
2022-12-19,-0.597,65466
2022-12-16,-0.257,65859
2022-12-15,0.054,66029
2022-12-14,0.244,65993
2022-12-13,0.683,65832
2022-12-12,0.000,65385
2022-12-09,-0.584,65385
2022-12-08,-0.285,65770
2022-12-07,0.875,65957
2022-12-06,0.329,65385
2022-12-05,-0.789,65171
2022-12-02,0.410,65689
2022-12-01,0.831,65421
2022-11-30,0.776,64882
2022-11-29,-0.373,64382
2022-11-28,-0.124,64623
2022-11-25,0.000,64704
2022-11-23,0.610,64704
2022-11-22,0.516,64311
2022-11-21,0.000,63981
2022-11-18,-0.167,63981
2022-11-17,-0.416,64088
2022-11-16,0.571,64356
2022-11-15,0.702,63990
2022-11-14,-0.322,63544
2022-11-11,0.000,63749
2022-11-10,2.070,63749
2022-11-09,0.143,62456
2022-11-08,0.445,62367
2022-11-07,-0.386,62091
2022-11-04,0.029,62332
2022-11-03,-0.385,62314
2022-11-02,-0.157,62554
2022-11-01,0.104,62653
2022-10-31,-0.312,62588
2022-10-28,-0.198,62783
2022-10-27,0.526,62908
2022-10-26,0.400,62579
2022-10-25,0.951,62330
2022-10-24,-0.144,61743
2022-10-21,0.173,61832
2022-10-20,-0.673,61725
2022-10-19,-0.824,62143
2022-10-18,0.228,62659
2022-10-17,0.214,62517
2022-10-14,-0.483,62383
2022-10-13,-0.354,62686
2022-10-12,0.113,62908
2022-10-11,0.028,62837
2022-10-10,-0.451,62819
2022-10-07,-0.519,63104
2022-10-06,-0.377,63433
2022-10-05,-0.528,63673
2022-10-04,0.251,64011
2022-10-03,0.836,63851
2022-09-30,-0.238,63322
2022-09-29,-0.515,63473
2022-09-28,1.554,63801
2022-09-27,-0.436,62825
2022-09-26,-1.278,63100
2022-09-23,-0.277,63917
2022-09-22,-1.028,64094
2022-09-21,0.275,64760
2022-09-20,-0.492,64582
2022-09-19,-0.068,64902
2022-09-16,-0.109,64946
2022-09-15,-0.299,65017
2022-09-14,0.123,65213
2022-09-13,-0.502,65133
2022-09-12,-0.122,65461
2022-09-09,-0.041,65541
2022-09-08,-0.310,65568
2022-09-07,0.721,65772
2022-09-06,-0.903,65301
2022-09-02,0.257,65896
2022-09-01,-0.541,65728
2022-08-31,-0.414,66085
2022-08-30,0.080,66360
2022-08-29,-0.452,66307
2022-08-26,-0.199,66608
2022-08-25,0.547,66741
2022-08-24,-0.253,66377
2022-08-23,-0.040,66546
2022-08-22,-0.450,66572
2022-08-19,-0.632,66873
2022-08-18,0.185,67299
2022-08-17,-0.590,67175
2022-08-16,-0.131,67573
2022-08-15,0.105,67662
2022-08-12,0.461,67591
2022-08-11,-0.563,67281
2022-08-10,0.276,67662
2022-08-09,-0.223,67476
2022-08-08,0.447,67626
2022-08-05,-1.132,67325
2022-08-04,0.248,68096
2022-08-03,0.498,67928
2022-08-02,-1.012,67591
2022-08-01,0.433,68282
2022-07-29,-0.078,67987
2022-07-28,0.693,68040
2022-07-27,0.276,67572
2022-07-26,0.026,67386
2022-07-25,-0.366,67368
2022-07-22,0.817,67616
2022-07-21,0.824,67068
2022-07-20,-0.093,66520
2022-07-19,-0.080,66582
2022-07-18,-0.304,66635
2022-07-15,0.358,66838
2022-07-14,-0.318,66599
2022-07-13,0.319,66811
2022-07-12,0.173,66599
2022-07-11,0.374,66484
2022-07-08,-0.333,66237
2022-07-07,-0.279,66458
2022-07-06,-0.607,66643
2022-07-05,0.172,67050
2022-07-01,0.796,66935
2022-06-30,0.427,66407
2022-06-29,0.577,66125
2022-06-28,0.054,65745
2022-06-27,-0.481,65710
2022-06-24,-0.187,66027
2022-06-23,0.483,66151
2022-06-22,0.824,65833
2022-06-21,-0.457,65295
2022-06-17,0.054,65595
2022-06-16,0.216,65560
2022-06-15,1.146,65419
2022-06-14,-0.543,64677
2022-06-13,-1.615,65030
2022-06-10,-0.847,66098
2022-06-09,-0.132,66663
2022-06-08,-0.408,66751
2022-06-07,0.343,67025
2022-06-06,-0.591,66795
2022-06-03,-0.144,67192
2022-06-02,0.092,67289
2022-06-01,-0.446,67228
2022-05-31,-0.571,67529
2022-05-27,0.286,67916
2022-05-26,-0.104,67722
2022-05-25,0.404,67793
2022-05-24,0.815,67520
2022-05-23,-0.354,66974
2022-05-20,0.302,67212
2022-05-19,0.211,67009
2022-05-18,0.423,66868
2022-05-17,-0.592,66586
2022-05-16,0.158,66983
2022-05-13,-0.367,66877
2022-05-12,0.197,67124
2022-05-11,0.343,66991
2022-05-10,0.291,66762
2022-05-09,0.452,66569
2022-05-06,-0.423,66269
2022-05-05,-0.996,66551
2022-05-04,0.646,67220
2022-05-03,0.238,66789
2022-05-02,-0.511,66630
2022-04-29,-0.678,66972
2022-04-28,-0.039,67430
2022-04-27,-0.312,67456
2022-04-26,0.260,67667
2022-04-25,0.629,67491
2022-04-22,-0.131,67069
2022-04-21,-0.534,67157
2022-04-20,0.629,67517
2022-04-19,-0.625,67096
2022-04-18,-0.324,67517
2022-04-14,-0.683,67737
2022-04-13,0.116,68203
2022-04-12,0.324,68124
2022-04-11,-0.464,67904
2022-04-08,-0.538,68221
2022-04-07,-0.205,68590
2022-04-06,-0.306,68731
2022-04-05,-1.010,68941
2022-04-04,0.076,69645
2022-04-01,-0.216,69592
2022-03-31,0.075,69743
2022-03-30,0.227,69690
2022-03-29,0.443,69532
2022-03-28,0.292,69225
2022-03-25,-0.881,69024
2022-03-24,-0.126,69638
2022-03-23,0.455,69725
2022-03-22,-0.252,69410
2022-03-21,-1.023,69585
2022-03-18,0.288,70304
2022-03-17,0.088,70102
2022-03-16,0.150,70041
2022-03-15,0.163,69936
2022-03-14,-0.921,69822
2022-03-11,-0.075,70471
2022-03-10,-0.532,70523
2022-03-09,-0.271,70900
2022-03-08,-0.466,71093
2022-03-07,-0.489,71426
2022-03-04,0.356,71777
2022-03-03,0.443,71523
2022-03-02,-1.228,71207
2022-03-01,0.524,72093
2022-02-28,0.738,71717
2022-02-25,0.086,71192
2022-02-24,0.222,71130
2022-02-23,-0.503,70973
2022-02-22,-0.061,71332
2022-02-18,0.172,71376
2022-02-17,0.222,71253
2022-02-16,0.136,71095
2022-02-15,-0.209,70999
2022-02-14,-0.563,71148
2022-02-11,0.653,71551
2022-02-10,-0.915,71087
2022-02-09,0.073,71743
2022-02-08,-0.329,71691
2022-02-07,0.085,71927
2022-02-04,-0.617,71866
2022-02-03,-0.422,72312
2022-02-02,0.145,72619
2022-02-01,-0.040,72514
2022-01-31,-0.072,72543
2022-01-28,0.121,72595
2022-01-27,0.327,72508
2022-01-26,-0.553,72272
2022-01-25,-0.132,72674
2022-01-24,-0.156,72770
2022-01-21,0.373,72884
2022-01-20,0.108,72613
2022-01-19,0.242,72534
2022-01-18,-0.624,72359
2022-01-14,-0.549,72814
2022-01-13,0.167,73216
2022-01-12,-0.036,73094
2022-01-11,0.204,73120
2022-01-10,-0.084,72971
2022-01-07,-0.274,73032
2022-01-06,-0.107,73233
2022-01-05,-0.345,73312
2022-01-04,-0.012,73565
2022-01-03,-0.673,73574
2021-12-31,-0.024,74072
2021-12-30,0.225,74090
2021-12-29,-0.330,73924
2021-12-28,-0.012,74169
2021-12-27,0.047,74177
2021-12-23,-0.152,74142
2021-12-22,0.106,74255
2021-12-21,-0.106,74176
2021-12-20,-0.164,74255
2021-12-17,0.176,74377
2021-12-16,0.129,74246
2021-12-15,-0.129,74150
2021-12-14,-0.164,74246
2021-12-13,0.341,74368
2021-12-10,0.035,74115
2021-12-09,0.047,74089
2021-12-08,-0.305,74054
2021-12-07,-0.222,74281
2021-12-06,-0.268,74447
2021-12-03,0.387,74647
2021-12-02,0.012,74359
2021-12-01,0.064,74351
2021-11-30,0.188,74303
2021-11-29,-0.012,74164
2021-11-26,0.709,74172
2021-11-24,0.237,73651
2021-11-23,-0.401,73477
2021-11-22,-0.493,73772
2021-11-19,0.212,74138
2021-11-18,0.118,73981
2021-11-17,0.212,73894
2021-11-16,-0.071,73737
2021-11-15,-0.411,73790
2021-11-12,0.012,74094
2021-11-11,-0.164,74085
2021-11-10,-0.675,74207
2021-11-09,0.280,74712
2021-11-08,-0.221,74503
2021-11-05,0.304,74668
2021-11-04,0.458,74442
2021-11-03,-0.176,74103
2021-11-02,0.188,74233
2021-11-01,-0.077,74094
2021-10-29,0.023,74151
2021-10-28,-0.129,74134
2021-10-27,0.364,74230
2021-10-26,0.200,73960
2021-10-25,0.047,73813
2021-10-22,0.212,73778
2021-10-21,-0.141,73622
2021-10-20,-0.118,73726
2021-10-19,-0.282,73813
2021-10-18,-0.059,74021
2021-10-15,-0.246,74065
2021-10-14,0.176,74247
2021-10-13,0.270,74117
2021-10-12,0.366,73917
2021-10-11,-0.153,73648
2021-10-08,-0.247,73761
2021-10-07,-0.281,73943
2021-10-06,0.047,74151
2021-10-05,-0.245,74117
2021-10-04,-0.070,74299
2021-10-01,0.340,74351
2021-09-30,-0.023,74100
2021-09-29,0.012,74117
2021-09-28,-0.431,74108
2021-09-27,-0.116,74429
2021-09-24,-0.209,74516
2021-09-23,-0.531,74672
2021-09-22,0.104,75071
2021-09-21,-0.023,74993
2021-09-20,0.278,75010
2021-09-17,-0.127,74802
2021-09-16,-0.185,74897
2021-09-15,-0.092,75036
2021-09-14,0.243,75105
2021-09-13,0.151,74923
2021-09-10,-0.243,74811
2021-09-09,0.360,74993
2021-09-08,0.163,74724
2021-09-07,-0.290,74602
2021-09-03,-0.208,74819
2021-09-02,0.139,74975
2021-09-01,0.017,74871
2021-08-31,-0.127,74858
2021-08-30,0.116,74954
2021-08-27,0.290,74867
2021-08-26,0.012,74651
2021-08-25,-0.162,74642
2021-08-24,-0.196,74763
2021-08-23,0.023,74910
2021-08-20,-0.023,74893
2021-08-19,0.220,74910
2021-08-18,-0.023,74746
2021-08-17,-0.104,74763
2021-08-16,0.093,74841
2021-08-13,0.395,74772
2021-08-12,0.012,74477
2021-08-11,0.070,74469
2021-08-10,-0.151,74417
2021-08-09,-0.186,74529
2021-08-06,-0.473,74668
2021-08-05,-0.230,75023
2021-08-04,0.000,75196
2021-08-03,0.023,75196
2021-08-02,0.238,75179
2021-07-30,0.150,75000
2021-07-29,-0.173,74888
2021-07-28,0.092,75018
2021-07-27,0.254,74949
2021-07-26,-0.058,74758
2021-07-23,-0.115,74802
2021-07-22,0.220,74888
2021-07-21,-0.323,74724
2021-07-20,-0.104,74966
2021-07-19,0.568,75044
2021-07-16,-0.093,74620
2021-07-15,0.244,74689
2021-07-14,0.338,74508
2021-07-13,-0.313,74257
2021-07-12,-0.035,74490
2021-07-09,-0.312,74516
2021-07-08,0.093,74750
2021-07-07,0.209,74681
2021-07-06,0.361,74525
2021-07-02,0.175,74257
2021-07-01,-0.009,74127
2021-06-30,0.070,74134
2021-06-29,0.047,74082
2021-06-28,0.269,74048
2021-06-25,-0.187,73849
2021-06-24,0.047,73987
2021-06-23,-0.070,73953
2021-06-22,0.140,74005
2021-06-21,-0.349,73901
2021-06-18,0.315,74160
2021-06-17,0.340,73927
2021-06-16,-0.280,73677
2021-06-15,0.000,73884
2021-06-14,-0.256,73884
2021-06-11,-0.023,74074
2021-06-10,0.210,74091
2021-06-09,0.199,73936
2021-06-08,0.188,73789
2021-06-07,-0.070,73651
2021-06-04,0.400,73703
2021-06-03,-0.188,73409
2021-06-02,0.106,73547
2021-06-01,-0.006,73470
2021-05-28,-0.012,73474
2021-05-27,-0.141,73483
2021-05-26,-0.035,73586
2021-05-25,0.258,73612
2021-05-24,0.118,73423
2021-05-21,0.024,73336
2021-05-20,0.330,73319
2021-05-19,-0.106,73078
2021-05-18,-0.106,73155
2021-05-17,-0.094,73233
2021-05-14,0.236,73302
2021-05-13,0.201,73130
2021-05-12,-0.353,72983
2021-05-11,-0.200,73242
2021-05-10,-0.234,73388
2021-05-07,0.012,73561
2021-05-06,0.047,73552
2021-05-05,0.059,73517
2021-05-04,0.129,73474
2021-05-03,0.024,73380
2021-04-30,0.141,73362
2021-04-29,-0.082,73259
2021-04-28,0.047,73319
2021-04-27,-0.258,73284
2021-04-26,-0.070,73474
2021-04-23,0.012,73525
2021-04-22,0.047,73517
2021-04-21,0.105,73482
2021-04-20,0.170,73405
2021-04-19,-0.065,73280
2021-04-16,-0.269,73327
2021-04-15,0.423,73525
2021-04-14,-0.070,73216
2021-04-13,0.259,73267
2021-04-12,-0.024,73078
2021-04-09,-0.129,73095
2021-04-08,0.224,73190
2021-04-07,-0.118,73026
2021-04-06,0.354,73112
2021-04-05,-0.153,72854
2021-04-01,0.322,72966
2021-03-31,-0.047,72732
2021-03-30,0.106,72766
2021-03-29,-0.130,72689
2021-03-26,-0.177,72784
2021-03-25,-0.071,72912
2021-03-24,0.153,72964
2021-03-23,0.224,72852
2021-03-22,0.284,72689
2021-03-19,0.083,72483
2021-03-18,-0.413,72423
2021-03-17,-0.035,72724
2021-03-16,-0.012,72749
2021-03-15,0.118,72758
2021-03-12,-0.599,72672
2021-03-11,0.012,73110
2021-03-10,0.188,73101
2021-03-09,0.331,72964
2021-03-08,-0.458,72724
2021-03-05,-0.059,73058
2021-03-04,-0.316,73101
2021-03-03,-0.315,73333
2021-03-02,-0.012,73565
2021-03-01,-0.129,73573
2021-02-26,0.869,73669
2021-02-25,-0.873,73035
2021-02-24,-0.058,73677
2021-02-23,-0.023,73720
2021-02-22,-0.278,73737
2021-02-19,-0.347,73943
2021-02-18,-0.058,74200
2021-02-17,0.208,74243
2021-02-16,-0.472,74089
2021-02-12,-0.264,74440
2021-02-11,-0.103,74637
2021-02-10,0.161,74715
2021-02-09,-0.046,74595
2021-02-08,0.115,74629
2021-02-05,-0.138,74543
2021-02-04,0.023,74646
2021-02-03,-0.172,74629
2021-02-02,-0.126,74758
2021-02-01,0.033,74852
2021-01-29,-0.080,74827
2021-01-28,-0.080,74887
2021-01-27,0.000,74947
2021-01-26,-0.011,74947
2021-01-25,0.229,74955
2021-01-22,0.046,74784
2021-01-21,-0.137,74750
2021-01-20,-0.011,74852
2021-01-19,0.137,74861
2021-01-15,0.080,74758
2021-01-14,-0.126,74698
2021-01-13,0.264,74793
2021-01-12,-0.023,74596
2021-01-11,-0.103,74613
2021-01-08,-0.092,74690
2021-01-07,-0.206,74758
2021-01-06,-0.444,74912
2021-01-05,-0.170,75246
2021-01-04,-0.136,75375
2020-12-31,0.136,75477
2020-12-30,0.068,75375
2020-12-29,0.034,75323
2020-12-28,-0.034,75298
2020-12-24,0.171,75323
2020-12-23,-0.112,75195
2020-12-22,0.159,75279
2020-12-21,0.011,75160
2020-12-18,-0.034,75152
2020-12-17,0.023,75177
2020-12-16,-0.102,75160
2020-12-15,0.045,75237
2020-12-14,-0.034,75203
2020-12-11,0.159,75228
2020-12-10,0.205,75109
2020-12-09,-0.170,74955
2020-12-08,0.034,75083
2020-12-07,0.137,75058
2020-12-04,-0.261,74955
2020-12-03,0.193,75152
2020-12-02,-0.170,75006
2020-12-01,-0.301,75134
2020-11-30,0.136,75362
2020-11-27,0.215,75259
2020-11-25,-0.045,75098
2020-11-24,-0.102,75132
2020-11-23,-0.079,75208
2020-11-20,0.091,75268
2020-11-19,0.204,75200
2020-11-18,0.114,75047
2020-11-17,0.171,74961
2020-11-16,0.057,74834
2020-11-13,0.034,74791
2020-11-12,0.331,74765
2020-11-11,0.069,74519
2020-11-10,-0.194,74467
2020-11-09,-0.466,74612
2020-11-06,-0.227,74961
2020-11-05,0.102,75132
2020-11-04,0.685,75055
2020-11-03,-0.023,74544
2020-11-02,0.138,74561
2020-10-30,-0.171,74458
2020-10-29,-0.216,74586
2020-10-28,-0.136,74747
2020-10-27,0.239,74849
2020-10-26,0.148,74671
2020-10-23,0.126,74560
2020-10-22,-0.171,74467
2020-10-21,-0.114,74594
2020-10-20,-0.170,74679
2020-10-19,-0.091,74807
2020-10-16,-0.079,74875
2020-10-15,-0.057,74934
2020-10-14,0.057,74977
2020-10-13,0.079,74934
2020-10-12,0.148,74875
2020-10-09,0.023,74764
2020-10-08,0.171,74747
2020-10-07,-0.137,74620
2020-10-06,0.137,74722
2020-10-05,-0.375,74620
2020-10-02,-0.068,74900
2020-10-01,0.102,74951
2020-09-30,-0.158,74875
2020-09-29,0.068,74994
2020-09-28,0.091,74943
2020-09-25,-0.011,74875
2020-09-24,0.011,74883
2020-09-23,-0.226,74875
2020-09-22,0.034,75044
2020-09-21,0.057,75019
2020-09-18,-0.113,74977
2020-09-17,0.000,75061
2020-09-16,-0.023,75061
2020-09-15,0.057,75078
2020-09-14,0.000,75036
2020-09-11,0.102,75036
2020-09-10,0.023,74960
2020-09-09,-0.068,74943
2020-09-08,0.147,74994
2020-09-04,-0.586,74883
2020-09-03,0.011,75325
2020-09-02,0.215,75316
2020-09-01,0.275,75155
2020-08-31,0.295,74949
2020-08-28,0.079,74729
2020-08-27,-0.362,74669
2020-08-26,-0.056,74940
2020-08-25,-0.192,74983
2020-08-24,-0.113,75127
2020-08-21,0.214,75212
2020-08-20,0.170,75051
2020-08-19,-0.169,74923
2020-08-18,0.136,75051
2020-08-17,0.125,74949
2020-08-14,-0.113,74856
2020-08-13,-0.327,74940
2020-08-12,-0.259,75186
2020-08-11,-0.347,75381
2020-08-10,-0.112,75644
2020-08-07,-0.112,75728
2020-08-06,0.157,75813
2020-08-05,-0.134,75694
2020-08-04,0.213,75796
2020-08-03,-0.035,75635
2020-07-31,0.134,75662
2020-07-30,0.056,75560
2020-07-29,0.157,75518
2020-07-28,0.045,75399
2020-07-27,-0.067,75366
2020-07-24,-0.022,75416
2020-07-23,0.090,75433
2020-07-22,0.135,75366
2020-07-21,0.056,75264
2020-07-20,0.101,75222
2020-07-17,0.101,75146
2020-07-16,0.068,75070
2020-07-15,0.011,75019
2020-07-14,0.124,75010
2020-07-13,0.045,74917
2020-07-10,-0.113,74883
2020-07-09,0.271,74968
2020-07-08,-0.057,74765
2020-07-07,0.159,74807
2020-07-06,-0.034,74689
2020-07-02,0.159,74714
2020-07-01,0.025,74596
2020-06-30,0.102,74577
2020-06-29,0.068,74501
2020-06-26,0.182,74450
2020-06-25,0.102,74315
2020-06-24,0.011,74239
2020-06-23,-0.045,74231
2020-06-22,-0.034,74265
2020-06-19,0.034,74290
2020-06-18,0.114,74265
2020-06-17,0.023,74180
2020-06-16,-0.125,74163
2020-06-15,0.205,74256
2020-06-12,0.103,74104
2020-06-11,-0.182,74028
2020-06-10,0.423,74163
2020-06-09,0.069,73851
2020-06-08,0.103,73800
2020-06-05,-0.011,73724
2020-06-04,-0.240,73733
2020-06-03,-0.228,73910
2020-06-02,0.080,74079
2020-06-01,-0.081,74020
2020-05-29,0.285,74080
2020-05-28,0.034,73869
2020-05-27,0.046,73844
2020-05-26,-0.057,73810
2020-05-22,0.034,73852
2020-05-21,0.103,73827
2020-05-20,0.263,73751
2020-05-19,0.126,73557
2020-05-18,-0.183,73465
2020-05-15,0.057,73600
2020-05-14,0.276,73557
2020-05-13,0.115,73355
2020-05-12,0.323,73271
2020-05-11,-0.311,73035
2020-05-08,-0.287,73263
2020-05-07,0.322,73473
2020-05-06,-0.447,73237
2020-05-05,-0.092,73566
2020-05-04,0.103,73633
2020-05-01,-0.041,73557
2020-04-30,-0.080,73588
2020-04-29,0.069,73647
2020-04-28,0.298,73596
2020-04-27,-0.354,73378
2020-04-24,-0.034,73638
2020-04-23,0.160,73664
2020-04-22,-0.080,73546
2020-04-21,0.126,73605
2020-04-20,-0.160,73512
2020-04-17,-0.137,73630
2020-04-16,0.057,73731
2020-04-15,0.493,73689
2020-04-14,0.000,73327
2020-04-13,-0.320,73327
2020-04-09,1.098,73563
2020-04-08,0.255,72764
2020-04-07,0.093,72579
2020-04-06,0.314,72512
2020-04-03,-0.047,72284
2020-04-02,0.467,72318
2020-04-01,0.516,71982
2020-03-31,-0.929,71612
2020-03-30,0.105,72283
2020-03-27,0.537,72208
2020-03-26,0.458,71822
2020-03-25,1.344,71495
2020-03-24,0.107,70547
2020-03-23,2.215,70471
2020-03-20,1.696,68944
2020-03-19,-0.062,67795
2020-03-18,-2.414,67836
2020-03-17,-2.069,69515
2020-03-16,1.051,70983
2020-03-13,4.220,70245
2020-03-12,-5.438,67400
2020-03-11,-1.894,71277
2020-03-10,-1.344,72653
2020-03-09,-0.216,73643
2020-03-06,0.687,73802
2020-03-05,0.379,73299
2020-03-04,-0.023,73022
2020-03-03,0.601,73039
2020-03-02,-0.066,72602
2020-02-28,0.661,72650
2020-02-27,0.116,72173
2020-02-26,-0.058,72089
2020-02-25,0.081,72131
2020-02-24,0.315,72072
2020-02-21,0.245,71846
2020-02-20,0.246,71670
2020-02-19,-0.012,71495
2020-02-18,0.152,71503
2020-02-14,0.106,71394
2020-02-13,0.094,71319
2020-02-12,-0.117,71252
2020-02-11,-0.164,71336
2020-02-10,0.153,71453
2020-02-07,0.306,71344
2020-02-06,0.094,71126
2020-02-05,-0.165,71059
2020-02-04,-0.305,71176
2020-02-03,-0.091,71394
2020-01-31,0.258,71459
2020-01-30,0.023,71275
2020-01-29,0.282,71258
2020-01-28,-0.176,71058
2020-01-27,0.330,71183
2020-01-24,0.153,70949
2020-01-23,0.177,70841
2020-01-22,0.083,70715
2020-01-21,0.249,70657
2020-01-17,-0.012,70481
2020-01-16,-0.059,70490
2020-01-15,0.154,70531
2020-01-14,0.143,70423
2020-01-13,-0.059,70322
2020-01-10,0.167,70364
2020-01-09,0.119,70247
2020-01-08,-0.155,70164
2020-01-07,-0.083,70272
2020-01-06,-0.119,70331
2020-01-03,0.357,70414
2020-01-02,0.131,70164
2019-12-31,-0.107,70072
2019-12-30,-0.036,70147
2019-12-27,0.143,70172
2019-12-26,0.095,70072
2019-12-24,0.096,70005
2019-12-23,-0.063,69938
2019-12-20,0.024,69982
2019-12-19,0.072,69965
2019-12-18,-0.131,69915
2019-12-17,0.012,70007
2019-12-16,-0.273,69999
2019-12-13,0.453,70191
2019-12-12,-0.475,69874
2019-12-11,0.334,70207
2019-12-10,-0.071,69974
2019-12-09,0.024,70024
2019-12-06,-0.131,70007
2019-12-05,-0.107,70099
2019-12-04,-0.202,70174
2019-12-03,0.536,70316
2019-12-02,-0.261,69940
2019-11-29,0.000,70123
2019-11-27,-0.154,70123
2019-11-26,0.166,70232
2019-11-25,0.095,70115
2019-11-22,0.059,70049
2019-11-21,-0.166,70007
2019-11-20,0.274,70123
2019-11-19,0.107,69932
2019-11-18,0.143,69857
2019-11-15,-0.036,69757
2019-11-14,0.287,69782
2019-11-13,0.180,69583
2019-11-12,0.060,69458
2019-11-11,0.060,69416
2019-11-08,-0.096,69375
2019-11-07,-0.513,69441
2019-11-06,0.215,69799
2019-11-05,-0.345,69649
2019-11-04,-0.285,69890
2019-11-01,-0.088,70090
2019-10-31,0.476,70152
2019-10-30,0.322,69820
2019-10-29,0.024,69596
2019-10-28,-0.214,69579
2019-10-25,-0.166,69729
2019-10-24,0.012,69845
2019-10-23,0.048,69837
2019-10-22,0.179,69804
2019-10-21,-0.238,69679
2019-10-18,0.048,69845
2019-10-17,0.000,69812
2019-10-16,0.107,69812
2019-10-15,-0.261,69737
2019-10-14,0.166,69920
2019-10-11,-0.367,69804
2019-10-10,-0.307,70061
2019-10-09,-0.118,70277
2019-10-08,0.047,70360
2019-10-07,-0.259,70326
2019-10-04,0.165,70509
2019-10-03,0.331,70393
2019-10-02,0.225,70160
2019-10-01,0.097,70003
2019-09-30,0.071,69935
2019-09-27,0.107,69885
2019-09-26,0.166,69811
2019-09-25,-0.473,69695
2019-09-24,0.344,70026
2019-09-23,0.071,69786
2019-09-20,0.358,69736
2019-09-19,0.143,69488
2019-09-18,0.072,69388
2019-09-17,0.227,69339
2019-09-16,0.264,69181
2019-09-13,-0.573,68999
2019-09-12,-0.191,69397
2019-09-11,-0.060,69529
2019-09-10,-0.509,69571
2019-09-09,-0.460,69927
2019-09-06,0.118,70250
2019-09-05,-0.517,70167
2019-09-04,0.188,70532
2019-09-03,0.092,70399
2019-08-30,-0.012,70334
2019-08-29,-0.059,70343
2019-08-28,0.035,70384
2019-08-27,0.342,70359
2019-08-26,-0.059,70119
2019-08-23,0.367,70161
2019-08-22,-0.189,69905
2019-08-21,-0.047,70037
2019-08-20,0.260,70070
2019-08-19,-0.318,69888
2019-08-16,-0.106,70111
2019-08-15,0.485,70186
2019-08-14,0.356,69847
2019-08-13,-0.154,69599
2019-08-12,0.441,69706
2019-08-09,-0.178,69400
2019-08-08,0.083,69524
2019-08-07,0.000,69467
2019-08-06,0.250,69467
2019-08-05,0.431,69293
2019-08-02,0.096,68995
2019-08-01,0.715,68929
2019-07-31,0.121,68440
2019-07-30,-0.024,68358
2019-07-29,0.060,68374
2019-07-26,0.000,68333
2019-07-25,-0.108,68333
2019-07-24,0.097,68407
2019-07-23,-0.084,68341
2019-07-22,0.109,68399
2019-07-19,-0.108,68325
2019-07-18,0.181,68399
2019-07-17,0.303,68275
2019-07-16,-0.133,68069
2019-07-15,0.145,68160
2019-07-12,0.085,68061
2019-07-11,-0.326,68003
2019-07-10,0.085,68226
2019-07-09,-0.133,68168
2019-07-08,-0.012,68259
2019-07-05,-0.469,68267
2019-07-03,0.181,68588
2019-07-02,0.193,68465
2019-07-01,-0.007,68333
2019-06-28,0.084,68337
2019-06-27,0.290,68280
2019-06-26,-0.229,68082
2019-06-25,0.036,68239
2019-06-24,0.181,68214
2019-06-21,-0.277,68091
2019-06-20,0.157,68280
2019-06-19,0.339,68173
2019-06-18,0.231,67942
2019-06-17,0.000,67786
2019-06-14,0.012,67786
2019-06-13,0.170,67778
2019-06-12,0.171,67663
2019-06-11,-0.073,67548
2019-06-10,-0.206,67597
2019-06-07,0.268,67737
2019-06-06,-0.024,67556
2019-06-05,0.000,67572
2019-06-04,-0.170,67572
2019-06-03,0.284,67687
2019-05-31,0.440,67496
2019-05-30,0.269,67200
2019-05-29,-0.024,67020
2019-05-28,0.209,67036
2019-05-24,0.000,66897
2019-05-23,0.357,66897
2019-05-22,0.185,66659
2019-05-21,-0.049,66536
2019-05-20,-0.123,66568
2019-05-17,0.025,66650
2019-05-16,-0.148,66634
2019-05-15,0.148,66733
2019-05-14,0.062,66634
2019-05-13,0.210,66593
2019-05-10,-0.012,66454
2019-05-09,0.099,66462
2019-05-08,-0.074,66396
2019-05-07,0.148,66445
2019-05-06,0.124,66347
2019-05-03,0.186,66265
2019-05-02,-0.223,66142
2019-05-01,0.006,66289
2019-04-30,0.148,66285
2019-04-29,-0.210,66187
2019-04-26,0.223,66326
2019-04-25,-0.025,66179
2019-04-24,0.260,66195
2019-04-23,0.174,66023
2019-04-22,-0.099,65909
2019-04-18,0.137,65974
2019-04-17,0.000,65884
2019-04-16,-0.174,65884
2019-04-15,0.025,65999
2019-04-12,-0.186,65983
2019-04-11,-0.173,66105
2019-04-10,0.136,66220
2019-04-09,0.149,66130
2019-04-08,-0.099,66032
2019-04-05,0.074,66097
2019-04-04,0.099,66048
2019-04-03,-0.136,65983
2019-04-02,0.050,66073
2019-04-01,-0.395,66040
2019-03-29,-0.074,66302
2019-03-28,0.049,66351
2019-03-27,0.185,66318
2019-03-26,0.025,66195
2019-03-25,0.124,66179
2019-03-22,0.547,66097
2019-03-21,0.025,65738
2019-03-20,0.437,65722
2019-03-19,-0.050,65436
2019-03-18,-0.062,65468
2019-03-15,0.187,65509
2019-03-14,-0.087,65387
2019-03-13,-0.050,65444
2019-03-12,0.238,65477
2019-03-11,-0.050,65321
2019-03-08,0.125,65354
2019-03-07,0.289,65272
2019-03-06,0.126,65085
2019-03-05,0.075,65003
2019-03-04,0.176,64954
2019-03-01,-0.309,64840
2019-02-28,-0.113,65040
2019-02-27,-0.200,65114
2019-02-26,0.138,65244
2019-02-25,-0.038,65154
2019-02-22,0.226,65179
2019-02-21,-0.200,65032
2019-02-20,-0.038,65163
2019-02-19,0.088,65187
2019-02-15,0.038,65130
2019-02-14,0.176,65105
2019-02-13,-0.150,64991
2019-02-12,-0.013,65089
2019-02-11,-0.038,65097
2019-02-08,0.150,65122
2019-02-07,0.075,65024
2019-02-06,-0.038,64975
2019-02-05,0.214,65000
2019-02-04,-0.088,64861
2019-02-01,-0.277,64918
2019-01-31,0.464,65098
2019-01-30,0.100,64797
2019-01-29,0.201,64732
2019-01-28,0.038,64602
2019-01-25,-0.113,64578
2019-01-24,0.214,64651
2019-01-23,0.101,64513
2019-01-22,0.177,64448
2019-01-18,-0.076,64334
2019-01-17,-0.113,64383
2019-01-16,0.038,64456
2019-01-15,0.013,64432
2019-01-14,-0.088,64424
2019-01-11,0.202,64481
2019-01-10,-0.202,64350
2019-01-09,0.139,64481
2019-01-08,-0.126,64391
2019-01-07,-0.151,64472
2019-01-04,-0.301,64570
2019-01-03,0.391,64765
2019-01-02,0.202,64513
2018-12-31,0.253,64383
2018-12-28,0.241,64220
2018-12-27,0.216,64066
2018-12-26,-0.216,63928
2018-12-24,0.023,64066
2018-12-21,0.000,64051
2018-12-20,-0.139,64051
2018-12-19,0.177,64140
2018-12-18,0.152,64027
2018-12-17,0.191,63930
2018-12-14,0.089,63808
2018-12-13,0.076,63751
2018-12-12,-0.102,63702
2018-12-11,0.013,63767
2018-12-10,0.102,63759
2018-12-07,0.204,63694
2018-12-06,0.179,63565
2018-12-04,0.243,63451
2018-12-03,0.156,63297
2018-11-30,0.038,63198
2018-11-29,0.077,63174
2018-11-28,0.051,63126
2018-11-27,0.064,63093
2018-11-26,-0.077,63053
2018-11-23,-0.013,63101
2018-11-21,0.103,63109
2018-11-20,-0.064,63045
2018-11-19,0.000,63085
2018-11-16,0.218,63085
2018-11-15,0.013,62948
2018-11-14,0.077,62940
2018-11-13,-0.051,62891
2018-11-12,0.154,62923
2018-11-09,0.245,62826
2018-11-08,-0.167,62673
2018-11-07,0.090,62778
2018-11-06,-0.013,62721
2018-11-05,0.077,62729
2018-11-02,-0.373,62681
2018-11-01,0.185,62915
2018-10-31,-0.205,62799
2018-10-30,-0.141,62928
2018-10-29,-0.090,63017
2018-10-26,0.179,63073
2018-10-25,-0.115,62960
2018-10-24,0.270,63033
2018-10-23,0.141,62863
2018-10-22,-0.039,62775
2018-10-19,-0.051,62799
2018-10-18,-0.064,62831
2018-10-17,-0.179,62871
2018-10-16,0.077,62984
2018-10-15,-0.026,62936
2018-10-12,-0.026,62952
2018-10-11,0.283,62968
2018-10-10,-0.077,62791
2018-10-09,0.193,62839
2018-10-08,-0.039,62718
2018-10-05,-0.180,62742
2018-10-04,-0.256,62855
2018-10-03,-0.509,63017
2018-10-02,0.179,63339
2018-10-01,-0.186,63226
2018-09-28,0.000,63344
2018-09-27,0.076,63344
2018-09-26,0.255,63296
2018-09-25,-0.076,63135
2018-09-24,-0.127,63183
2018-09-21,0.064,63264
2018-09-20,0.127,63224
2018-09-19,-0.153,63143
2018-09-18,-0.229,63240
2018-09-17,-0.013,63385
2018-09-14,-0.165,63393
2018-09-13,0.063,63497
2018-09-12,0.076,63457
2018-09-11,-0.215,63409
2018-09-10,0.063,63546
2018-09-07,-0.316,63505
2018-09-06,0.152,63707
2018-09-05,0.025,63610
2018-09-04,-0.154,63594
2018-08-31,0.025,63692
2018-08-30,0.076,63676
2018-08-29,-0.063,63628
2018-08-28,-0.151,63668
2018-08-27,-0.126,63764
2018-08-24,0.050,63845
2018-08-23,0.000,63813
2018-08-22,0.063,63813
2018-08-21,-0.050,63772
2018-08-20,0.126,63805
2018-08-17,0.114,63724
2018-08-16,0.050,63652
2018-08-15,0.114,63620
2018-08-14,-0.063,63548
2018-08-13,0.013,63588
2018-08-10,0.202,63580
2018-08-09,0.190,63451
2018-08-08,-0.025,63331
2018-08-07,-0.177,63347
2018-08-06,0.089,63459
2018-08-03,0.216,63403
2018-08-02,0.051,63267
2018-08-01,-0.055,63234
2018-07-31,0.076,63269
2018-07-30,-0.114,63221
2018-07-27,-0.025,63293
2018-07-26,0.000,63309
2018-07-25,0.000,63309
2018-07-24,0.152,63309
2018-07-23,-0.316,63213
2018-07-20,-0.227,63413
2018-07-19,0.189,63557
2018-07-18,-0.050,63437
2018-07-17,-0.038,63469
2018-07-16,-0.139,63493
2018-07-13,0.088,63581
2018-07-12,0.076,63525
2018-07-11,0.051,63477
2018-07-10,-0.063,63445
2018-07-09,-0.088,63485
2018-07-06,0.114,63541
2018-07-05,0.139,63469
2018-07-03,0.203,63381
2018-07-02,-0.062,63253
2018-06-29,-0.025,63292
2018-06-28,-0.076,63308
2018-06-27,0.240,63356
2018-06-26,0.165,63204
2018-06-25,-0.013,63100
2018-06-22,0.063,63108
2018-06-21,0.051,63068
2018-06-20,-0.228,63036
2018-06-19,0.165,63180
2018-06-18,0.000,63076
2018-06-15,0.013,63076
2018-06-14,0.216,63068
2018-06-13,-0.063,62933
2018-06-12,-0.013,62972
2018-06-11,-0.089,62980
2018-06-08,-0.127,63036
2018-06-07,0.254,63116
2018-06-06,-0.279,62957
2018-06-05,0.089,63132
2018-06-04,-0.215,63076
2018-06-01,-0.170,63212
2018-05-31,-0.038,63320
2018-05-30,-0.301,63344
2018-05-29,0.695,63536
2018-05-25,0.215,63097
2018-05-24,0.203,62961
2018-05-23,0.305,62834
2018-05-22,0.025,62642
2018-05-21,0.000,62626
2018-05-18,0.268,62626
2018-05-17,-0.089,62459
2018-05-16,-0.076,62515
2018-05-15,-0.469,62563
2018-05-14,-0.127,62858
2018-05-11,0.101,62937
2018-05-10,0.203,62874
2018-05-09,-0.114,62746
2018-05-08,-0.076,62818
2018-05-07,-0.051,62866
2018-05-04,0.063,62898
2018-05-03,0.089,62858
2018-05-02,0.013,62802
2018-05-01,-0.154,62794
2018-04-30,0.051,62891
2018-04-27,0.152,62859
2018-04-26,0.203,62763
2018-04-25,-0.140,62636
2018-04-24,-0.177,62724
2018-04-23,-0.051,62835
2018-04-20,-0.252,62867
2018-04-19,-0.239,63026
2018-04-18,-0.326,63177
2018-04-17,0.038,63384
2018-04-16,0.013,63360
2018-04-13,0.075,63352
2018-04-12,-0.188,63304
2018-04-11,0.075,63424
2018-04-10,-0.175,63376
2018-04-09,0.100,63487
2018-04-06,0.252,63424
2018-04-05,-0.138,63265
2018-04-04,0.000,63352
2018-04-03,-0.113,63352
2018-04-02,-0.012,63424
2018-03-29,0.251,63432
2018-03-28,-0.013,63273
2018-03-27,0.340,63281
2018-03-26,-0.063,63067
2018-03-23,0.025,63106
2018-03-22,0.164,63090
2018-03-21,0.000,62987
2018-03-20,-0.126,62987
2018-03-19,-0.075,63067
2018-03-16,-0.088,63114
2018-03-15,0.013,63170
2018-03-14,0.214,63162
2018-03-13,0.025,63027
2018-03-12,0.101,63011
2018-03-09,-0.126,62947
2018-03-08,0.113,63027
2018-03-07,-0.025,62955
2018-03-06,0.038,62971
2018-03-05,-0.063,62947
2018-03-02,-0.189,62987
2018-03-01,0.170,63106
2018-02-28,0.126,62999
2018-02-27,-0.214,62920
2018-02-26,0.050,63054
2018-02-23,0.265,63023
2018-02-22,0.126,62856
2018-02-21,-0.377,62777
2018-02-20,-0.100,63015
2018-02-16,0.214,63078
2018-02-15,0.101,62944
2018-02-14,-0.326,62880
2018-02-13,0.088,63086
2018-02-12,0.025,63031
2018-02-09,-0.251,63015
2018-02-08,-0.075,63173
2018-02-07,-0.225,63221
2018-02-06,-0.324,63363
2018-02-05,0.438,63569
2018-02-02,-0.299,63292
2018-02-01,-0.277,63482
2018-01-31,0.025,63659
2018-01-30,-0.186,63643
2018-01-29,-0.136,63761
2018-01-26,-0.185,63848
2018-01-25,0.273,63967
2018-01-24,-0.111,63793
2018-01-23,0.261,63864
2018-01-22,-0.074,63698
2018-01-19,-0.210,63746
2018-01-18,-0.198,63880
2018-01-17,-0.111,64006
2018-01-16,0.074,64077
2018-01-12,-0.012,64030
2018-01-11,0.000,64038
2018-01-10,0.012,64038
2018-01-09,-0.295,64030
2018-01-08,0.012,64220
2018-01-05,-0.135,64212
2018-01-04,-0.049,64299
2018-01-03,0.086,64330
2018-01-02,-0.282,64275
2017-12-29,0.160,64457
2017-12-28,-0.061,64354
2017-12-27,0.308,64393
2017-12-26,0.100,64196
2017-12-22,0.049,64132
2017-12-21,0.062,64100
2017-12-20,-0.196,64061
2017-12-19,-0.306,64187
2017-12-18,-0.159,64384
2017-12-15,0.012,64487
2017-12-14,0.037,64479
2017-12-13,0.282,64455
2017-12-12,-0.012,64274
2017-12-11,-0.074,64282
2017-12-08,-0.037,64329
2017-12-07,-0.135,64353
2017-12-06,0.110,64439
2017-12-05,0.123,64368
2017-12-04,0.012,64290
2017-12-01,0.268,64282
2017-11-30,-0.147,64110
2017-11-29,-0.244,64204
2017-11-28,0.000,64362
2017-11-27,-0.037,64362
2017-11-24,-0.024,64385
2017-11-22,0.208,64401
2017-11-21,0.086,64267
2017-11-20,-0.061,64212
2017-11-17,0.098,64251
2017-11-16,-0.135,64189
2017-11-15,0.233,64275
2017-11-14,0.123,64126
2017-11-13,0.012,64047
2017-11-10,-0.404,64039
2017-11-09,-0.104,64299
2017-11-08,-0.067,64365
2017-11-07,0.037,64409
2017-11-06,0.073,64385
2017-11-03,0.086,64338
2017-11-02,0.098,64283
2017-11-01,0.065,64220
2017-10-31,-0.061,64178
2017-10-30,0.233,64218
2017-10-27,0.221,64069
2017-10-26,-0.123,63927
2017-10-25,-0.086,64006
2017-10-24,-0.171,64061
2017-10-23,0.086,64171
2017-10-20,-0.244,64116
2017-10-19,0.049,64273
2017-10-18,-0.159,64241
2017-10-17,0.012,64343
2017-10-16,-0.098,64335
2017-10-13,0.208,64398
2017-10-12,0.086,64265
2017-10-11,0.049,64210
2017-10-10,0.049,64178
2017-10-09,0.098,64147
2017-10-06,-0.110,64084
2017-10-05,-0.073,64155
2017-10-04,0.000,64202
2017-10-03,0.049,64202
2017-10-02,-0.039,64171
2017-09-29,0.012,64196
2017-09-28,0.024,64188
2017-09-27,-0.304,64172
2017-09-26,-0.049,64368
2017-09-25,0.219,64399
2017-09-22,0.098,64258
2017-09-21,-0.024,64196
2017-09-20,-0.085,64211
2017-09-19,-0.073,64266
2017-09-18,-0.073,64313
2017-09-15,0.012,64360
2017-09-14,0.061,64352
2017-09-13,-0.122,64313
2017-09-12,-0.146,64391
2017-09-11,-0.303,64485
2017-09-08,-0.109,64681
2017-09-07,0.315,64752
2017-09-06,-0.170,64548
2017-09-05,0.414,64658
2017-09-01,-0.165,64391
2017-08-31,0.085,64498
2017-08-30,-0.012,64443
2017-08-29,0.109,64451
2017-08-28,0.049,64381
2017-08-25,0.122,64350
2017-08-24,-0.146,64271
2017-08-23,0.292,64365
2017-08-22,-0.122,64178
2017-08-21,0.049,64256
2017-08-18,-0.049,64224
2017-08-17,0.183,64256
2017-08-16,0.146,64139
2017-08-15,-0.171,64045
2017-08-14,-0.073,64154
2017-08-11,0.085,64201
2017-08-10,0.146,64146
2017-08-09,0.073,64053
2017-08-08,-0.134,64006
2017-08-07,0.037,64092
2017-08-04,-0.158,64068
2017-08-03,0.207,64170
2017-08-02,-0.061,64037
2017-08-01,0.196,64076
2017-07-31,-0.012,63950
2017-07-28,0.183,63958
2017-07-27,-0.122,63841
2017-07-26,0.245,63919
2017-07-25,-0.378,63763
2017-07-24,-0.049,64005
2017-07-21,0.110,64036
2017-07-20,0.061,63966
2017-07-19,0.012,63927
2017-07-18,0.232,63919
2017-07-17,0.135,63771
2017-07-14,0.037,63685
2017-07-13,-0.037,63662
2017-07-12,0.233,63685
2017-07-11,0.098,63537
2017-07-10,0.049,63475
2017-07-07,-0.025,63443
2017-07-06,-0.233,63459
2017-07-05,0.061,63607
2017-07-03,-0.196,63568
2017-06-30,-0.073,63693
2017-06-29,-0.207,63740
2017-06-28,0.000,63872
2017-06-27,-0.340,63872
2017-06-26,0.109,64090
2017-06-23,0.024,64020
2017-06-22,0.036,64004
2017-06-21,0.049,63981
2017-06-20,0.146,63950
2017-06-19,-0.146,63856
2017-06-16,0.110,63950
2017-06-15,-0.110,63880
2017-06-14,0.366,63950
2017-06-13,0.024,63716
2017-06-12,-0.024,63701
2017-06-09,-0.085,63716
2017-06-08,-0.073,63771
2017-06-07,-0.134,63818
2017-06-06,0.183,63903
2017-06-05,-0.158,63786
2017-06-02,0.330,63888
2017-06-01,0.027,63677
2017-05-31,0.049,63660
2017-05-30,0.147,63629
2017-05-26,0.049,63536
2017-05-25,0.000,63505
2017-05-24,0.208,63505
2017-05-23,-0.208,63373
2017-05-22,-0.086,63505
2017-05-19,0.061,63559
2017-05-18,-0.086,63520
2017-05-17,0.540,63575
2017-05-16,0.098,63233
2017-05-15,-0.025,63171
2017-05-12,0.296,63186
2017-05-11,0.074,63000
2017-05-10,-0.012,62953
2017-05-09,-0.049,62961
2017-05-08,-0.172,62992
2017-05-05,0.062,63101
2017-05-04,-0.111,63062
2017-05-03,-0.111,63132
2017-05-02,0.172,63202
2017-05-01,-0.187,63093
2017-04-28,0.110,63211
2017-04-27,0.074,63141
2017-04-26,0.098,63095
2017-04-25,-0.306,63033
2017-04-24,-0.135,63227
2017-04-21,0.024,63312
2017-04-20,-0.135,63296
2017-04-19,-0.183,63382
2017-04-18,0.355,63498
2017-04-17,-0.061,63273
2017-04-13,0.147,63312
2017-04-12,0.234,63219
2017-04-11,0.321,63072
2017-04-10,0.099,62870
2017-04-07,-0.222,62808
2017-04-06,0.037,62947
2017-04-05,0.086,62924
2017-04-04,-0.111,62870
2017-04-03,0.362,62940
2017-03-31,0.062,62713
2017-03-30,-0.160,62674
2017-03-29,0.198,62775
2017-03-28,-0.185,62651
2017-03-27,0.210,62767
2017-03-24,-0.025,62635
2017-03-23,-0.049,62651
2017-03-22,0.136,62682
2017-03-21,0.230,62597
2017-03-20,0.204,62453
2017-03-17,0.199,62326
2017-03-16,-0.149,62202
2017-03-15,0.625,62295
2017-03-14,-0.012,61908
2017-03-13,-0.199,61916
2017-03-10,0.200,62040
2017-03-09,-0.311,61916
2017-03-08,-0.236,62109
2017-03-07,-0.186,62256
2017-03-06,-0.062,62372
2017-03-03,0.074,62411
2017-03-02,-0.186,62365
2017-03-01,-0.408,62481
2017-02-28,-0.074,62737
2017-02-27,-0.209,62783
2017-02-24,0.369,62914
2017-02-23,0.185,62683
2017-02-22,0.062,62567
2017-02-21,-0.012,62528
2017-02-17,0.235,62536
2017-02-16,0.186,62389
2017-02-15,-0.161,62273
2017-02-14,-0.210,62374
2017-02-13,-0.111,62505
2017-02-10,-0.025,62574
2017-02-09,-0.271,62590
2017-02-08,0.271,62760
2017-02-07,0.161,62590
2017-02-06,0.310,62490
2017-02-03,0.025,62297
2017-02-02,0.062,62281
2017-02-01,-0.175,62243
2017-01-31,0.210,62352
2017-01-30,-0.025,62221
2017-01-27,0.112,62236
2017-01-26,0.037,62167
2017-01-25,-0.297,62144
2017-01-24,-0.148,62329
2017-01-23,0.272,62421
2017-01-20,0.074,62252
2017-01-19,-0.173,62206
2017-01-18,-0.517,62313
2017-01-17,0.308,62637
2017-01-13,-0.160,62444
2017-01-12,0.025,62545
2017-01-11,0.049,62529
2017-01-10,-0.025,62498
2017-01-09,0.247,62514
2017-01-06,-0.394,62360
2017-01-05,0.507,62606
2017-01-04,0.074,62290
2017-01-03,0.012,62244
2016-12-30,0.211,62236
2016-12-29,0.274,62105
2016-12-28,0.249,61936
2016-12-27,-0.075,61782
2016-12-23,0.050,61828
2016-12-22,-0.068,61797
2016-12-21,0.149,61839
2016-12-20,0.012,61747
2016-12-19,0.262,61739
2016-12-16,0.087,61578
2016-12-15,-0.150,61524
2016-12-14,-0.509,61616
2016-12-13,0.112,61931
2016-12-12,-0.112,61862
2016-12-09,-0.297,61931
2016-12-08,-0.198,62116
2016-12-07,0.235,62239
2016-12-06,-0.012,62093
2016-12-05,0.124,62100
2016-12-02,0.361,62024
2016-12-01,-0.371,61801
2016-11-30,-0.345,62031
2016-11-29,0.074,62245
2016-11-28,0.235,62199
2016-11-25,0.037,62054
2016-11-23,-0.259,62031
2016-11-22,0.086,62192
2016-11-21,-0.012,62138
2016-11-18,-0.246,62146
2016-11-17,-0.405,62299
2016-11-16,0.209,62552
2016-11-15,0.135,62422
2016-11-14,-0.380,62337
2016-11-11,-0.183,62575
2016-11-10,-0.426,62690
2016-11-09,-0.989,62958
2016-11-08,-0.181,63587
2016-11-07,-0.132,63702
2016-11-04,0.181,63787
2016-11-03,-0.060,63672
2016-11-02,0.096,63710
2016-11-01,-0.033,63649
2016-10-31,0.108,63670
2016-10-28,-0.048,63601
2016-10-27,-0.276,63631
2016-10-26,-0.180,63807
2016-10-25,0.000,63922
2016-10-24,-0.143,63922
2016-10-21,0.084,64014
2016-10-20,-0.060,63961
2016-10-19,0.072,63999
2016-10-18,0.132,63953
2016-10-17,0.216,63869
2016-10-14,-0.204,63731
2016-10-13,0.120,63861
2016-10-12,0.060,63784
2016-10-11,-0.156,63746
2016-10-10,-0.108,63846
2016-10-07,0.084,63915
2016-10-06,-0.036,63861
2016-10-05,-0.167,63884
2016-10-04,-0.334,63991
2016-10-03,-0.106,64205
2016-09-30,-0.131,64274
2016-09-29,0.012,64358
2016-09-28,0.000,64350
2016-09-27,0.119,64350
2016-09-26,0.167,64274
2016-09-23,-0.024,64167
2016-09-22,0.203,64182
2016-09-21,0.287,64052
2016-09-20,0.024,63869
2016-09-19,-0.072,63854
2016-09-16,0.084,63899
2016-09-15,0.084,63846
2016-09-14,0.132,63793
2016-09-13,-0.287,63708
2016-09-12,0.036,63892
2016-09-09,-0.441,63869
2016-09-08,-0.380,64152
2016-09-07,0.012,64396
2016-09-06,0.297,64388
2016-09-02,-0.143,64197
2016-09-01,0.138,64289
2016-08-31,-0.071,64201
2016-08-30,-0.083,64246
2016-08-29,0.345,64300
2016-08-26,-0.249,64079
2016-08-25,-0.107,64239
2016-08-24,-0.012,64307
2016-08-23,0.047,64315
2016-08-22,0.143,64285
2016-08-19,-0.201,64193
2016-08-18,0.107,64323
2016-08-17,0.154,64254
2016-08-16,-0.048,64155
2016-08-15,-0.166,64185
2016-08-12,0.226,64292
2016-08-11,-0.261,64147
2016-08-10,0.131,64315
2016-08-09,0.286,64231
2016-08-08,0.012,64048
2016-08-05,-0.332,64041
2016-08-04,0.178,64254
2016-08-03,0.000,64140
2016-08-02,-0.095,64140
2016-08-01,-0.313,64201
2016-07-29,0.320,64402
2016-07-28,-0.059,64197
2016-07-27,0.297,64235
2016-07-26,-0.012,64044
2016-07-25,-0.059,64052
2016-07-22,0.012,64090
2016-07-21,0.119,64082
2016-07-20,-0.107,64006
2016-07-19,0.155,64075
2016-07-18,0.036,63976
2016-07-15,-0.320,63953
2016-07-14,-0.154,64158
2016-07-13,0.178,64257
2016-07-12,-0.402,64143
2016-07-11,-0.294,64402
2016-07-08,0.260,64592
2016-07-07,-0.165,64425
2016-07-06,0.177,64531
2016-07-05,0.344,64417
2016-07-01,0.278,64197
2016-06-30,0.131,64019
2016-06-29,-0.036,63935
2016-06-28,0.119,63958
2016-06-27,0.514,63882
2016-06-24,0.553,63555
2016-06-23,-0.180,63206
2016-06-22,0.036,63320
2016-06-21,-0.132,63297
2016-06-20,-0.227,63381
2016-06-17,-0.143,63525
2016-06-16,0.108,63616
2016-06-15,0.228,63548
2016-06-14,-0.012,63403
2016-06-13,0.024,63411
2016-06-10,0.096,63396
2016-06-09,0.096,63335
2016-06-08,0.120,63274
2016-06-07,0.012,63198
2016-06-06,-0.156,63191
2016-06-03,0.628,63290
2016-06-02,0.194,62895
2016-06-01,0.035,62773
2016-05-31,0.085,62751
2016-05-27,-0.036,62698
2016-05-26,0.169,62721
2016-05-25,-0.036,62615
2016-05-24,-0.048,62637
2016-05-23,0.024,62668
2016-05-20,0.000,62652
2016-05-19,0.109,62652
2016-05-18,-0.470,62584
2016-05-17,-0.072,62880
2016-05-16,-0.216,62925
2016-05-13,0.108,63062
2016-05-12,0.012,62994
2016-05-11,0.024,62986
2016-05-10,0.000,62971
2016-05-09,0.072,62971
2016-05-06,-0.048,62925
2016-05-05,0.181,62956
2016-05-04,0.036,62842
2016-05-03,0.278,62819
2016-05-02,-0.176,62645
2016-04-29,0.072,62755
2016-04-28,0.181,62710
2016-04-27,0.303,62596
2016-04-26,-0.145,62407
2016-04-25,-0.121,62498
2016-04-22,-0.036,62574
2016-04-21,-0.121,62596
2016-04-20,-0.277,62672
2016-04-19,0.060,62846
2016-04-18,-0.036,62808
2016-04-15,0.229,62831
2016-04-14,-0.084,62687
2016-04-13,0.060,62740
2016-04-12,-0.157,62702
2016-04-11,-0.012,62801
2016-04-08,-0.084,62808
2016-04-07,0.326,62861
2016-04-06,-0.048,62657
2016-04-05,0.181,62687
2016-04-04,0.000,62574
2016-04-01,0.118,62574
2016-03-31,0.188,62500
2016-03-30,-0.036,62383
2016-03-29,0.413,62406
2016-03-28,0.049,62149
2016-03-24,-0.121,62119
2016-03-23,0.219,62194
2016-03-22,-0.024,62058
2016-03-21,-0.182,62073
2016-03-18,0.085,62187
2016-03-17,0.219,62134
2016-03-16,0.391,61998
2016-03-15,-0.098,61756
2016-03-14,0.220,61817
2016-03-11,-0.134,61681
2016-03-10,-0.049,61764
2016-03-09,-0.171,61794
2016-03-08,0.330,61900
2016-03-07,-0.024,61696
2016-03-04,-0.049,61711
2016-03-03,0.049,61741
2016-03-02,-0.061,61711
2016-03-01,-0.334,61749
2016-02-29,0.061,61956
2016-02-26,-0.097,61918
2016-02-25,0.146,61978
2016-02-24,0.073,61888
2016-02-23,0.061,61843
2016-02-22,0.024,61805
2016-02-19,-0.134,61790
2016-02-18,0.342,61873
2016-02-17,-0.024,61662
2016-02-16,-0.146,61677
2016-02-12,-0.328,61767
2016-02-11,0.061,61971
2016-02-10,0.207,61933
2016-02-09,-0.012,61805
2016-02-08,0.428,61813
2016-02-05,-0.098,61549
2016-02-04,0.073,61609
2016-02-03,0.073,61564
2016-02-02,0.344,61519
2016-02-01,-0.203,61308
2016-01-29,0.295,61432
2016-01-28,0.074,61252
2016-01-27,0.000,61207
2016-01-26,0.148,61207
2016-01-25,0.000,61117
2016-01-22,-0.037,61117
2016-01-21,-0.061,61139
2016-01-20,0.111,61177
2016-01-19,-0.123,61109
2016-01-15,0.172,61184
2016-01-14,-0.123,61079
2016-01-13,0.246,61154
2016-01-12,0.259,61004
2016-01-11,-0.418,60846
2016-01-08,0.123,61102
2016-01-07,0.012,61026
2016-01-06,0.445,61019
2016-01-05,0.118,60748
2016-01-04,-0.043,60677
2015-12-31,0.199,60703
2015-12-30,0.062,60583
2015-12-29,-0.309,60545
2015-12-28,0.000,60733
2015-12-24,0.074,60733
2015-12-23,0.012,60688
2015-12-22,-0.136,60681
2015-12-21,-0.112,60763
2015-12-18,0.224,60831
2015-12-17,0.210,60696
2015-12-16,-0.111,60568
2015-12-15,-0.111,60636
2015-12-14,-0.467,60703
2015-12-11,0.271,60988
2015-12-10,-0.012,60823
2015-12-09,-0.037,60831
2015-12-08,0.025,60853
2015-12-07,0.173,60838
2015-12-04,0.396,60733
2015-12-03,-0.775,60493
2015-12-02,-0.123,60966
2015-12-01,0.378,61040
2015-11-30,-0.049,60811
2015-11-27,0.049,60841
2015-11-25,0.012,60811
2015-11-24,0.037,60803
2015-11-23,0.037,60781
2015-11-20,-0.025,60759
2015-11-19,0.136,60774
2015-11-18,-0.049,60691
2015-11-17,0.111,60721
2015-11-16,0.000,60654
2015-11-13,0.185,60654
2015-11-12,0.012,60542
2015-11-11,0.012,60534
2015-11-10,0.111,60527
2015-11-09,-0.087,60459
2015-11-06,-0.394,60512
2015-11-05,-0.184,60751
2015-11-04,0.061,60863
2015-11-03,-0.172,60826
2015-11-02,-0.196,60931
2015-10-30,0.221,61050
2015-10-29,-0.354,60916
2015-10-28,-0.280,61133
2015-10-27,0.024,61304
2015-10-26,0.110,61289
2015-10-23,-0.255,61222
2015-10-22,0.171,61379
2015-10-21,0.183,61274
2015-10-20,-0.158,61162
2015-10-19,0.000,61259
2015-10-16,-0.037,61259
2015-10-15,-0.195,61282
2015-10-14,0.366,61401
2015-10-13,0.061,61177
2015-10-12,0.171,61140
2015-10-09,-0.012,61035
2015-10-08,-0.159,61043
2015-10-07,0.000,61140
2015-10-06,0.134,61140
2015-10-05,-0.390,61058
2015-10-02,0.379,61297
2015-10-01,0.054,61065
2015-09-30,0.196,61032
2015-09-29,0.073,60913
2015-09-28,0.258,60868
2015-09-25,-0.184,60712
2015-09-24,0.037,60824
2015-09-23,0.000,60801
2015-09-22,0.184,60801
2015-09-21,-0.367,60690
2015-09-18,0.282,60913
2015-09-17,0.567,60742
2015-09-16,-0.062,60399
2015-09-15,-0.417,60436
2015-09-14,0.025,60690
2015-09-11,0.209,60675
2015-09-10,-0.209,60548
2015-09-09,-0.025,60675
2015-09-08,-0.245,60690
2015-09-04,0.245,60839
2015-09-03,0.074,60690
2015-09-02,-0.074,60645
2015-09-01,0.244,60690
2015-08-31,-0.135,60542
2015-08-28,0.049,60624
2015-08-27,0.135,60594
2015-08-26,-0.428,60512
2015-08-25,-0.329,60773
2015-08-24,-0.024,60973
2015-08-21,0.159,60988
2015-08-20,0.086,60892
2015-08-19,0.356,60840
2015-08-18,-0.184,60624
2015-08-17,0.184,60735
2015-08-14,-0.037,60624
2015-08-13,-0.208,60646
2015-08-12,-0.037,60773
2015-08-11,0.381,60795
2015-08-10,-0.208,60564
2015-08-07,0.209,60691
2015-08-06,0.098,60564
2015-08-05,-0.196,60505
2015-08-04,-0.342,60624
2015-08-03,0.231,60832
2015-07-31,0.343,60692
2015-07-30,0.037,60484
2015-07-29,-0.086,60462
2015-07-28,-0.171,60514
2015-07-27,0.196,60618
2015-07-24,0.061,60499
2015-07-23,0.234,60462
2015-07-22,0.037,60321
2015-07-21,0.185,60299
2015-07-20,-0.135,60188
2015-07-17,0.012,60269
2015-07-16,0.000,60262
2015-07-15,0.284,60262
2015-07-14,0.186,60091
2015-07-13,-0.234,59980
2015-07-10,-0.467,60121
2015-07-09,-0.331,60403
2015-07-08,0.282,60603
2015-07-07,0.098,60432
2015-07-06,0.345,60373
2015-07-02,0.247,60165
2015-07-01,-0.242,60017
2015-06-30,-0.098,60162
2015-06-29,0.507,60222
2015-06-26,-0.185,59918
2015-06-25,-0.135,60029
2015-06-24,0.185,60111
2015-06-23,-0.234,60000
2015-06-22,-0.478,60140
2015-06-19,0.283,60429
2015-06-18,-0.074,60259
2015-06-17,0.037,60303
2015-06-16,0.259,60281
2015-06-15,0.012,60125
2015-06-12,-0.074,60118
2015-06-11,0.470,60162
2015-06-10,-0.210,59881
2015-06-09,-0.295,60007
2015-06-08,0.123,60185
2015-06-05,-0.393,60111
2015-06-04,0.246,60348
2015-06-03,-0.441,60200
2015-06-02,-0.281,60466
2015-06-01,-0.332,60636
2015-05-29,0.036,60839
2015-05-28,0.012,60816
2015-05-27,0.049,60809
2015-05-26,0.244,60779
2015-05-22,-0.061,60632
2015-05-21,0.318,60669
2015-05-20,0.000,60477
2015-05-19,-0.219,60477
2015-05-18,-0.364,60610
2015-05-15,0.402,60831
2015-05-14,0.196,60587
2015-05-13,-0.049,60469
2015-05-12,-0.122,60499
2015-05-11,-0.522,60573
2015-05-08,0.268,60890
2015-05-07,0.207,60728
2015-05-06,-0.280,60602
2015-05-05,-0.158,60772
2015-05-04,-0.145,60868
2015-05-01,-0.303,60957
2015-04-30,0.109,61142
2015-04-29,-0.313,61076
2015-04-28,-0.312,61267
2015-04-27,-0.072,61459
2015-04-24,0.156,61503
2015-04-23,0.193,61408
2015-04-22,-0.372,61290
2015-04-21,-0.120,61518
2015-04-20,-0.108,61592
2015-04-17,0.168,61658
2015-04-16,-0.024,61555
2015-04-15,0.096,61570
2015-04-14,0.180,61511
2015-04-13,0.024,61400
2015-04-10,-0.048,61385
2015-04-09,-0.216,61415
2015-04-08,-0.072,61548
2015-04-07,0.060,61592
2015-04-06,0.084,61555
2015-04-02,-0.132,61503
2015-04-01,0.397,61585
2015-03-31,0.108,61341
2015-03-30,0.120,61275
2015-03-27,0.096,61201
2015-03-26,-0.324,61143
2015-03-25,-0.156,61341
2015-03-24,0.168,61437
2015-03-23,0.048,61334
2015-03-20,0.265,61304
2015-03-19,-0.300,61143
2015-03-18,0.616,61327
2015-03-17,0.085,60951
2015-03-16,0.194,60900
2015-03-13,-0.097,60782
2015-03-12,0.073,60841
2015-03-11,0.109,60797
2015-03-10,0.389,60731
2015-03-09,0.122,60495
2015-03-06,-0.581,60422
2015-03-05,0.061,60775
2015-03-04,0.000,60738
2015-03-03,-0.121,60738
2015-03-02,-0.323,60812
2015-02-27,0.084,61008
2015-02-26,-0.276,60957
2015-02-25,0.096,61126
2015-02-24,0.411,61067
2015-02-23,0.206,60817
2015-02-20,0.024,60693
2015-02-19,-0.085,60678
2015-02-18,0.279,60729
2015-02-17,-0.399,60560
2015-02-13,-0.229,60803
2015-02-12,0.048,60942
2015-02-11,0.000,60913
2015-02-10,-0.181,60913
2015-02-09,-0.036,61023
2015-02-06,-0.645,61045
2015-02-05,-0.215,61442
2015-02-04,0.036,61574
2015-02-03,-0.309,61552
2015-02-02,-0.118,61743
2015-01-30,0.548,61816
2015-01-29,-0.107,61479
2015-01-28,0.359,61545
2015-01-27,0.060,61325
2015-01-26,-0.119,61288
2015-01-23,0.324,61362
2015-01-22,0.024,61164
2015-01-21,-0.191,61149
2015-01-20,-0.108,61266
2015-01-16,-0.298,61332
2015-01-15,0.443,61515
2015-01-14,0.228,61244
2015-01-13,0.096,61105
2015-01-12,0.132,61046
2015-01-09,0.169,60966
2015-01-08,-0.156,60863
2015-01-07,0.060,60959
2015-01-06,0.290,60922
2015-01-05,0.290,60746
2015-01-02,0.340,60570
2014-12-31,0.073,60365
2014-12-30,0.073,60321
2014-12-29,0.171,60277
2014-12-26,0.085,60174
2014-12-24,0.037,60123
2014-12-23,-0.433,60101
2014-12-22,-0.048,60363
2014-12-19,0.218,60392
2014-12-18,-0.157,60261
2014-12-17,-0.241,60355
2014-12-16,0.230,60501
2014-12-15,-0.181,60363
2014-12-12,0.339,60472
2014-12-11,-0.097,60268
2014-12-10,0.267,60326
2014-12-09,0.036,60166
2014-12-08,0.207,60144
2014-12-05,-0.291,60020
2014-12-04,0.176,60195
2014-12-03,-0.030,60089
2014-12-02,-0.218,60107
2014-12-01,-0.149,60239
2014-11-28,0.169,60329
2014-11-26,0.145,60227
2014-11-25,0.182,60139
2014-11-24,0.012,60030
2014-11-21,0.219,60023
2014-11-20,0.122,59892
2014-11-19,-0.255,59819
2014-11-18,0.146,59972
2014-11-17,0.000,59885
2014-11-14,0.024,59885
2014-11-13,0.073,59870
2014-11-12,-0.012,59826
2014-11-11,0.049,59834
2014-11-10,-0.207,59805
2014-11-07,0.341,59928
2014-11-06,-0.231,59724
2014-11-05,0.122,59863
2014-11-04,-0.024,59790
2014-11-03,0.165,59805
2014-10-31,-0.379,59706
2014-10-30,0.073,59933
2014-10-29,-0.170,59890
2014-10-28,-0.061,59992
2014-10-27,-0.036,60028
2014-10-24,0.085,60050
2014-10-23,-0.302,59999
2014-10-22,-0.024,60180
2014-10-21,-0.145,60195
2014-10-20,0.084,60282
2014-10-17,-0.072,60231
2014-10-16,-0.168,60275
2014-10-15,0.229,60377
2014-10-14,0.133,60239
2014-10-13,0.291,60159
2014-10-10,0.085,59984
2014-10-09,-0.157,59933
2014-10-08,0.267,60028
2014-10-07,0.255,59868
2014-10-06,0.232,59715
2014-10-03,-0.061,59577
2014-10-02,-0.073,59614
2014-10-01,0.429,59657
2014-09-30,-0.024,59403
2014-09-29,0.122,59417
2014-09-26,-0.098,59345
2014-09-25,0.245,59403
2014-09-24,-0.061,59258
2014-09-23,0.049,59294
2014-09-22,0.122,59265
2014-09-19,0.209,59192
2014-09-18,0.012,59069
2014-09-17,-0.123,59062
2014-09-16,-0.037,59134
2014-09-15,0.049,59156
2014-09-12,-0.159,59127
2014-09-11,-0.073,59221
2014-09-10,-0.183,59265
2014-09-09,-0.171,59374
2014-09-08,-0.073,59475
2014-09-05,-0.037,59519
2014-09-04,-0.170,59540
2014-09-03,0.170,59642
2014-09-02,-0.341,59540
2014-08-29,0.000,59744
2014-08-28,0.133,59744
2014-08-27,0.158,59664
2014-08-26,0.049,59570
2014-08-25,0.036,59541
2014-08-22,0.000,59520
2014-08-21,0.110,59520
2014-08-20,-0.146,59455
2014-08-19,-0.012,59541
2014-08-18,-0.206,59549
2014-08-15,0.182,59672
2014-08-14,0.097,59563
2014-08-13,0.183,59505
2014-08-12,-0.085,59397
2014-08-11,0.049,59447
2014-08-08,-0.073,59418
2014-08-07,0.219,59462
2014-08-06,0.110,59332
2014-08-05,-0.134,59267
2014-08-04,-0.280,59346
2014-08-01,0.748,59512
2014-07-31,-0.110,59071
2014-07-30,-0.377,59136
2014-07-29,0.085,59360
2014-07-28,-0.024,59309
2014-07-25,0.183,59324
2014-07-24,-0.195,59215
2014-07-23,-0.049,59331
2014-07-22,0.134,59360
2014-07-21,0.000,59280
2014-07-18,0.000,59280
2014-07-17,0.269,59280
2014-07-16,0.037,59121
2014-07-15,-0.073,59100
2014-07-14,-0.146,59143
2014-07-11,0.146,59230
2014-07-10,0.024,59143
2014-07-09,0.098,59129
2014-07-08,0.184,59071
2014-07-07,0.123,58963
2014-07-03,-0.122,58890
2014-07-02,-0.269,58963
2014-07-01,-0.192,59121
2014-06-30,0.085,59235
2014-06-27,0.000,59185
2014-06-26,0.134,59185
2014-06-25,0.134,59105
2014-06-24,0.183,59026
2014-06-23,-0.037,58918
2014-06-20,0.061,58940
2014-06-19,-0.086,58904
2014-06-18,0.257,58954
2014-06-17,-0.232,58803
2014-06-16,-0.024,58940
2014-06-13,-0.024,58954
2014-06-12,0.257,58969
2014-06-11,0.037,58817
2014-06-10,-0.196,58796
2014-06-09,-0.086,58911
2014-06-06,-0.012,58961
2014-06-05,0.110,58969
2014-06-04,0.012,58904
2014-06-03,-0.244,58896
2014-06-02,-0.245,59041
2014-05-30,-0.097,59185
2014-05-29,-0.085,59243
2014-05-28,0.328,59293
2014-05-27,0.097,59099
2014-05-23,0.098,59042
2014-05-22,-0.061,58984
2014-05-21,-0.085,59020
2014-05-20,0.049,59070
2014-05-19,-0.037,59042
2014-05-16,0.000,59063
2014-05-15,0.183,59063
2014-05-14,0.257,58955
2014-05-13,0.184,58804
2014-05-12,-0.098,58697
2014-05-09,-0.122,58754
2014-05-08,0.049,58826
2014-05-07,0.049,58797
2014-05-06,0.098,58768
2014-05-05,-0.110,58711
2014-05-02,0.110,58776
2014-05-01,0.243,58711
2014-04-30,0.221,58569
2014-04-29,0.049,58440
2014-04-28,-0.110,58411
2014-04-25,0.037,58475
2014-04-24,0.031,58454
2014-04-23,0.154,58436
2014-04-22,0.000,58346
2014-04-21,0.025,58346
2014-04-17,-0.258,58332
2014-04-16,-0.061,58483
2014-04-15,0.049,58518
2014-04-14,-0.012,58490
2014-04-11,0.061,58497
2014-04-10,0.308,58461
2014-04-09,-0.025,58282
2014-04-08,0.074,58296
2014-04-07,0.185,58253
2014-04-04,0.297,58145
2014-04-03,0.087,57973
2014-04-02,-0.198,57923
2014-04-01,-0.111,58038
2014-03-31,0.000,58102
2014-03-28,-0.184,58102
2014-03-27,0.098,58210
2014-03-26,0.271,58153
2014-03-25,-0.025,57995
2014-03-24,0.012,58009
2014-03-21,0.285,58002
2014-03-20,-0.087,57838
2014-03-19,-0.468,57888
2014-03-18,0.111,58160
2014-03-17,-0.135,58095
2014-03-14,-0.061,58174
2014-03-13,0.296,58210
2014-03-12,0.210,58038
2014-03-11,-0.012,57916
2014-03-10,0.062,57924
2014-03-07,-0.296,57888
2014-03-06,-0.246,58059
2014-03-05,0.135,58203
2014-03-04,-0.344,58124
2014-03-03,0.211,58324
2014-02-28,-0.074,58201
2014-02-27,0.123,58244
2014-02-26,0.209,58173
2014-02-25,0.197,58051
2014-02-24,-0.025,57937
2014-02-21,0.074,57951
2014-02-20,-0.012,57909
2014-02-19,-0.086,57916
2014-02-18,0.136,57966
2014-02-14,-0.037,57887
2014-02-13,0.247,57909
2014-02-12,-0.173,57766
2014-02-11,-0.209,57866
2014-02-10,0.062,57987
2014-02-07,0.123,57951
2014-02-06,-0.037,57880
2014-02-05,-0.209,57901
2014-02-04,-0.160,58023
2014-02-03,0.321,58116
2014-01-31,0.136,57929
2014-01-30,0.000,57851
2014-01-29,0.222,57851
2014-01-28,0.086,57723
2014-01-27,-0.185,57673
2014-01-24,0.260,57780
2014-01-23,0.273,57630
2014-01-22,-0.173,57473
2014-01-21,0.000,57573
2014-01-17,0.112,57573
2014-01-16,0.224,57509
2014-01-15,-0.062,57381
2014-01-14,-0.149,57416
2014-01-13,0.137,57502
2014-01-10,0.486,57423
2014-01-09,0.187,57146
2014-01-08,-0.324,57039
2014-01-07,0.125,57224
2014-01-06,0.087,57153
2014-01-03,0.012,57103
2014-01-02,0.087,57096
2013-12-31,-0.037,57046
2013-12-30,0.163,57067
2013-12-27,0.000,56975
2013-12-26,-0.150,56975
2013-12-24,-0.209,57060
2013-12-23,-0.124,57180
2013-12-20,0.186,57251
2013-12-19,-0.186,57144
2013-12-18,-0.037,57251
2013-12-17,0.186,57272
2013-12-16,0.037,57166
2013-12-13,0.112,57144
2013-12-12,-0.261,57080
2013-12-11,-0.174,57230
2013-12-10,0.211,57329
2013-12-09,0.099,57208
2013-12-06,0.149,57151
2013-12-05,-0.174,57066
2013-12-04,-0.149,57166
2013-12-03,0.099,57251
2013-12-02,-0.376,57194
2013-11-29,0.049,57410
2013-11-27,-0.037,57382
2013-11-26,0.012,57403
2013-11-25,0.074,57396
2013-11-22,0.223,57353
2013-11-21,0.000,57226
2013-11-20,-0.272,57226
2013-11-19,-0.197,57382
2013-11-18,0.185,57495
2013-11-15,0.037,57389
2013-11-14,0.285,57367
2013-11-13,0.273,57204
2013-11-12,-0.050,57048
2013-11-11,-0.087,57077
2013-11-08,-0.653,57126
2013-11-07,0.198,57502
2013-11-06,0.173,57389
2013-11-05,-0.296,57290
2013-11-04,0.062,57460
2013-11-01,-0.269,57424
2013-10-31,0.000,57579
2013-10-30,-0.104,57579
2013-10-29,0.068,57639
2013-10-28,-0.086,57601
2013-10-25,0.111,57650
2013-10-24,0.000,57586
2013-10-23,0.049,57586
2013-10-22,0.321,57558
2013-10-21,-0.123,57374
2013-10-18,0.111,57445
2013-10-17,0.346,57381
2013-10-16,0.422,57183
2013-10-15,-0.025,56943
2013-10-14,-0.198,56957
2013-10-11,0.037,57070
2013-10-10,0.025,57049
2013-10-09,-0.062,57035
2013-10-08,-0.037,57070
2013-10-07,0.074,57091
2013-10-04,-0.111,57049
2013-10-03,0.050,57112
2013-10-02,0.112,57084
2013-10-01,-0.121,57021
2013-09-30,0.062,57089
2013-09-27,0.025,57054
2013-09-26,-0.148,57040
2013-09-25,0.211,57125
2013-09-24,0.211,57005
2013-09-23,0.075,56885
2013-09-20,-0.012,56842
2013-09-19,-0.112,56849
2013-09-18,0.800,56913
2013-09-17,0.088,56461
2013-09-16,0.125,56412
2013-09-13,0.163,56341
2013-09-12,-0.025,56249
2013-09-11,0.277,56264
2013-09-10,-0.213,56108
2013-09-09,0.252,56228
2013-09-06,0.379,56087
2013-09-05,-0.690,55875
2013-09-04,-0.125,56264
2013-09-03,-0.223,56334
2013-08-30,-0.137,56460
2013-08-29,0.100,56537
2013-08-28,-0.174,56481
2013-08-27,0.250,56580
2013-08-26,0.175,56439
2013-08-23,0.288,56340
2013-08-22,0.100,56178
2013-08-21,-0.388,56122
2013-08-20,0.288,56340
2013-08-19,-0.288,56178
2013-08-16,-0.262,56340
2013-08-15,-0.360,56488
2013-08-14,-0.050,56692
2013-08-13,-0.346,56721
2013-08-12,-0.185,56918
2013-08-09,0.124,57023
2013-08-08,0.049,56953
2013-08-07,0.149,56925
2013-08-06,-0.062,56840
2013-08-05,0.037,56876
2013-08-02,0.323,56854
2013-08-01,-0.486,56671
2013-07-31,0.111,56948
2013-07-30,-0.062,56885
2013-07-29,-0.012,56920
2013-07-26,0.074,56927
2013-07-25,-0.037,56885
2013-07-24,-0.320,56906
2013-07-23,-0.025,57089
2013-07-22,0.062,57103
2013-07-19,0.259,57068
2013-07-18,-0.160,56920
2013-07-17,0.222,57012
2013-07-16,0.148,56885
2013-07-15,0.273,56801
2013-07-12,-0.136,56646
2013-07-11,0.674,56723
2013-07-10,-0.249,56344
2013-07-09,0.112,56484
2013-07-08,0.451,56421
2013-07-05,-1.114,56168
2013-07-03,-0.074,56801
2013-07-02,0.025,56843
2013-07-01,0.169,56829
2013-06-28,0.049,56733
2013-06-27,0.397,56705
2013-06-26,0.351,56480
2013-06-25,0.235,56282
2013-06-24,-0.485,56151
2013-06-21,-0.409,56424
2013-06-20,-0.908,56656
2013-06-19,-0.585,57175
2013-06-18,-0.085,57511
2013-06-17,-0.073,57560
2013-06-14,0.110,57603
2013-06-13,0.441,57539
2013-06-12,-0.196,57287
2013-06-11,0.049,57399
2013-06-10,-0.256,57371
2013-06-07,-0.255,57518
2013-06-06,0.134,57666
2013-06-05,-0.037,57588
2013-06-04,-0.037,57610
2013-06-03,-0.091,57631
2013-05-31,-0.170,57683
2013-05-30,-0.085,57781
2013-05-29,0.085,57830
2013-05-28,-0.554,57781
2013-05-24,0.012,58103
2013-05-23,-0.012,58096
2013-05-22,-0.336,58103
2013-05-21,0.096,58299
2013-05-20,-0.024,58243
2013-05-17,-0.216,58257
2013-05-16,0.150,58383
2013-05-15,0.114,58296
2013-05-14,-0.192,58229
2013-05-13,-0.108,58341
2013-05-10,-0.251,58404
2013-05-09,-0.155,58551
2013-05-08,0.096,58642
2013-05-07,-0.095,58586
2013-05-06,-0.012,58642
2013-05-03,-0.475,58649
2013-05-02,0.024,58929
2013-05-01,0.169,58915
2013-04-30,0.000,58816
2013-04-29,0.083,58816
2013-04-26,0.131,58767
2013-04-25,-0.059,58690
2013-04-24,-0.024,58725
2013-04-23,-0.024,58739
2013-04-22,0.131,58753
2013-04-19,-0.083,58676
2013-04-18,0.060,58725
2013-04-17,0.049,58690
2013-04-16,-0.025,58662
2013-04-15,0.107,58676
2013-04-12,0.239,58614
2013-04-11,0.048,58474
2013-04-10,-0.191,58446
2013-04-09,-0.107,58558
2013-04-08,-0.048,58621
2013-04-05,0.275,58649
2013-04-04,0.288,58488
2013-04-03,0.060,58320
2013-04-02,0.012,58285
2013-04-01,0.091,58278
2013-03-28,0.012,58225
2013-03-27,0.204,58218
2013-03-26,0.036,58100
2013-03-25,-0.012,58079
2013-03-22,0.096,58086
2013-03-21,0.024,58030
2013-03-20,-0.096,58016
2013-03-19,0.060,58072
2013-03-18,0.192,58037
2013-03-15,0.120,57926
2013-03-14,0.036,57856
2013-03-13,-0.120,57835
2013-03-12,0.193,57905
2013-03-11,-0.048,57793
2013-03-08,-0.276,57821
2013-03-07,-0.144,57981
2013-03-06,-0.168,58065
2013-03-05,-0.060,58162
2013-03-04,-0.024,58197
2013-03-01,0.055,58211
2013-02-28,0.048,58179
2013-02-27,-0.024,58152
2013-02-26,0.048,58165
2013-02-25,0.324,58138
2013-02-22,0.048,57950
2013-02-21,0.096,57922
2013-02-20,0.072,57867
2013-02-19,-0.036,57825
2013-02-15,-0.084,57846
2013-02-14,0.144,57894
2013-02-13,-0.132,57811
2013-02-12,0.024,57887
2013-02-11,-0.120,57874
2013-02-08,-0.024,57943
2013-02-07,0.012,57957
2013-02-06,0.240,57950
2013-02-05,-0.168,57811
2013-02-04,0.349,57908
2013-02-01,-0.280,57707
2013-01-31,0.180,57869
2013-01-30,-0.108,57765
2013-01-29,-0.108,57827
2013-01-28,-0.120,57890
2013-01-25,-0.322,57959
2013-01-24,-0.143,58146
2013-01-23,0.155,58229
2013-01-22,-0.095,58139
2013-01-18,0.155,58195
2013-01-17,-0.167,58105
2013-01-16,-0.012,58202
2013-01-15,0.131,58209
2013-01-14,0.000,58132
2013-01-11,0.072,58132
2013-01-10,0.000,58091
2013-01-09,-0.036,58091
2013-01-08,0.096,58111
2013-01-07,-0.072,58056
2013-01-04,0.155,58098
2013-01-03,-0.298,58007
2013-01-02,-0.155,58181
2012-12-31,-0.095,58271
2012-12-28,0.024,58326
2012-12-27,0.090,58313
2012-12-26,0.077,58260
2012-12-24,0.027,58215
2012-12-21,0.142,58200
2012-12-20,0.024,58117
2012-12-19,0.214,58103
2012-12-18,-0.228,57979
2012-12-17,-0.175,58112
2012-12-14,0.059,58214
2012-12-13,-0.201,58179
2012-12-12,-0.153,58296
2012-12-11,-0.082,58386
2012-12-10,0.059,58434
2012-12-07,-0.188,58400
2012-12-06,0.000,58510
2012-12-05,0.071,58510
2012-12-04,0.083,58468
2012-12-03,0.079,58420
2012-11-30,-0.071,58374
2012-11-29,0.059,58415
2012-11-28,0.059,58381
2012-11-27,0.201,58347
2012-11-26,-0.024,58230
2012-11-23,0.024,58243
2012-11-21,-0.106,58230
2012-11-20,-0.153,58292
2012-11-19,0.000,58381
2012-11-16,-0.047,58381
2012-11-15,-0.012,58408
2012-11-14,-0.024,58415
2012-11-13,-0.012,58429
2012-11-12,0.153,58436
2012-11-09,-0.094,58347
2012-11-08,0.153,58401
2012-11-07,0.236,58312
2012-11-06,-0.318,58175
2012-11-05,0.153,58360
2012-11-02,0.038,58271
2012-11-01,0.055,58249
2012-10-31,0.171,58217
2012-10-26,0.207,58118
2012-10-25,-0.159,57998
2012-10-24,-0.053,58090
2012-10-23,0.225,58121
2012-10-22,-0.142,57991
2012-10-19,0.154,58073
2012-10-18,-0.047,57984
2012-10-17,-0.248,58011
2012-10-16,-0.200,58155
2012-10-15,-0.035,58272
2012-10-12,0.071,58292
2012-10-11,0.082,58251
2012-10-10,0.153,58203
2012-10-09,-0.177,58114
2012-10-08,0.130,58217
2012-10-05,-0.106,58142
2012-10-04,-0.165,58203
2012-10-03,-0.035,58299
2012-10-02,0.000,58320
2012-10-01,0.076,58320
2012-09-28,0.094,58276
2012-09-27,-0.059,58221
2012-09-26,0.165,58255
2012-09-25,0.200,58159
2012-09-24,0.100,58043
2012-09-21,0.112,57985
2012-09-20,0.024,57920
2012-09-19,0.130,57906
2012-09-18,0.118,57831
2012-09-17,0.142,57762
2012-09-14,-0.496,57680
2012-09-13,0.201,57968
2012-09-12,-0.142,57851
2012-09-11,-0.130,57934
2012-09-10,0.024,58009
2012-09-07,0.000,57995
2012-09-06,-0.235,57995
2012-09-05,0.000,58132
2012-09-04,-0.066,58132
2012-08-31,0.353,58170
2012-08-30,0.083,57966
2012-08-29,-0.082,57918
2012-08-28,0.035,57966
2012-08-27,0.153,57945
2012-08-24,0.000,57856
2012-08-23,0.047,57856
2012-08-22,0.403,57829
2012-08-21,0.178,57597
2012-08-20,-0.047,57494
2012-08-17,0.166,57522
2012-08-16,-0.107,57426
2012-08-15,-0.355,57488
2012-08-14,-0.248,57692
2012-08-13,0.012,57836
2012-08-10,0.118,57829
2012-08-09,-0.059,57761
2012-08-08,-0.024,57795
2012-08-07,-0.259,57808
2012-08-06,0.094,57959
2012-08-03,-0.364,57904
2012-08-02,0.188,58116
2012-08-01,-0.121,58007
2012-07-31,0.106,58077
2012-07-30,0.188,58015
2012-07-27,-0.375,57906
2012-07-26,-0.070,58124
2012-07-25,0.070,58165
2012-07-24,0.117,58124
2012-07-23,0.047,58056
2012-07-20,0.188,58029
2012-07-19,-0.024,57920
2012-07-18,0.165,57933
2012-07-17,-0.035,57838
2012-07-16,0.059,57859
2012-07-13,0.012,57824
2012-07-12,0.189,57818
2012-07-11,-0.141,57709
2012-07-10,0.094,57790
2012-07-09,0.189,57736
2012-07-06,0.095,57627
2012-07-05,0.285,57572
2012-07-03,-0.142,57409
2012-07-02,0.210,57491
2012-06-29,-0.071,57370
2012-06-28,0.107,57411
2012-06-27,0.107,57350
2012-06-26,-0.107,57288
2012-06-25,0.262,57350
2012-06-22,-0.202,57200
2012-06-21,0.166,57316
2012-06-20,-0.190,57220
2012-06-19,-0.130,57329
2012-06-18,0.012,57404
2012-06-15,0.226,57397
2012-06-14,-0.059,57268
2012-06-13,0.214,57302
2012-06-12,-0.154,57180
2012-06-11,0.083,57268
2012-06-08,0.059,57220
2012-06-07,0.036,57186
2012-06-06,-0.190,57166
2012-06-05,-0.201,57275
2012-06-04,-0.248,57390
2012-06-01,0.350,57533
2012-05-31,0.190,57332
2012-05-30,0.381,57224
2012-05-29,0.000,57007
2012-05-25,0.119,57007
2012-05-24,-0.107,56939
2012-05-23,0.071,57000
2012-05-22,-0.166,56959
2012-05-21,0.012,57054
2012-05-18,-0.059,57047
2012-05-17,0.083,57081
2012-05-16,-0.059,57034
2012-05-15,0.024,57068
2012-05-14,0.179,57054
2012-05-11,0.072,56952
2012-05-10,-0.060,56912
2012-05-09,-0.060,56946
2012-05-08,0.095,56980
2012-05-07,-0.036,56925
2012-05-04,0.107,56946
2012-05-03,0.131,56885
2012-05-02,0.157,56810
2012-05-01,-0.144,56721
2012-04-30,0.060,56803
2012-04-27,0.060,56769
2012-04-26,0.131,56735
2012-04-25,-0.024,56661
2012-04-24,-0.119,56674
2012-04-23,0.119,56742
2012-04-20,-0.012,56674
2012-04-19,-0.024,56681
2012-04-18,0.072,56695
2012-04-17,-0.012,56654
2012-04-16,0.000,56661
2012-04-13,0.251,56661
2012-04-12,0.012,56519
2012-04-11,-0.144,56512
2012-04-10,0.288,56593
2012-04-09,0.349,56431
2012-04-05,0.193,56234
2012-04-04,0.278,56126
2012-04-03,-0.373,55970
2012-04-02,-0.051,56180
2012-03-30,-0.204,56209
2012-03-29,0.216,56323
2012-03-28,-0.024,56202
2012-03-27,0.168,56215
2012-03-26,-0.012,56121
2012-03-23,0.181,56128
2012-03-22,0.145,56026
2012-03-21,0.290,55946
2012-03-20,0.024,55784
2012-03-19,-0.266,55770
2012-03-16,-0.012,55919
2012-03-15,0.024,55925
2012-03-14,-0.588,55912
2012-03-13,-0.299,56242
2012-03-12,0.072,56411
2012-03-09,-0.096,56371
2012-03-08,-0.155,56425
2012-03-07,0.024,56512
2012-03-06,0.168,56499
2012-03-05,-0.203,56404
2012-03-02,0.203,56519
2012-03-01,-0.160,56404
2012-02-29,-0.095,56495
2012-02-28,-0.012,56549
2012-02-27,0.179,56556
2012-02-24,0.072,56455
2012-02-23,0.048,56414
2012-02-22,0.335,56387
2012-02-21,-0.060,56199
2012-02-17,-0.227,56232
2012-02-16,0.012,56360
2012-02-15,-0.131,56354
2012-02-14,0.131,56428
2012-02-13,-0.006,56354
2012-02-10,0.066,56357
2012-02-09,0.012,56320
2012-02-08,-0.119,56313
2012-02-07,-0.131,56381
2012-02-06,0.048,56455
2012-02-03,-0.131,56428
2012-02-02,0.155,56502
2012-02-01,-0.102,56414
2012-01-31,0.083,56472
2012-01-30,0.119,56425
2012-01-27,0.179,56358
2012-01-26,0.263,56257
2012-01-25,0.288,56109
2012-01-24,0.024,55948
2012-01-23,-0.120,55935
2012-01-20,-0.192,56002
2012-01-19,-0.096,56109
2012-01-18,-0.024,56163
2012-01-17,-0.084,56176
2012-01-13,0.300,56223
2012-01-12,-0.144,56055
2012-01-11,0.240,56136
2012-01-10,-0.048,56002
2012-01-09,0.084,56029
2012-01-06,0.060,55982
2012-01-05,-0.036,55948
2012-01-04,0.048,55968
2012-01-03,-0.311,55941
2011-12-30,0.072,56116
2011-12-29,0.084,56076
2011-12-28,0.385,56029
2011-12-27,-0.240,55814
2011-12-23,0.127,55948
2011-12-22,0.191,55877
2011-12-21,-0.274,55770
2011-12-20,-0.202,55924
2011-12-19,-0.036,56037
2011-12-16,0.274,56057
2011-12-15,-0.048,55904
2011-12-14,0.191,55931
2011-12-13,0.252,55824
2011-12-12,0.108,55684
2011-12-09,-0.239,55624
2011-12-08,0.228,55757
2011-12-07,0.132,55630
2011-12-06,-0.132,55557
2011-12-05,0.012,55630
2011-12-02,0.325,55624
2011-12-01,-0.032,55444
2011-11-30,-0.215,55461
2011-11-29,-0.143,55581
2011-11-28,-0.002,55661
2011-11-25,-0.141,55662
2011-11-23,0.108,55741
2011-11-22,0.108,55681
2011-11-21,-0.024,55621
2011-11-18,-0.060,55634
2011-11-17,-0.048,55668
2011-11-16,0.192,55694
2011-11-15,-0.055,55588
2011-11-14,0.007,55618
2011-11-11,-0.072,55614
2011-11-10,-0.119,55654
2011-11-09,0.120,55721
2011-11-08,-0.310,55654
2011-11-07,0.024,55827
2011-11-04,0.143,55814
2011-11-03,-0.250,55734
2011-11-02,-0.060,55874
2011-11-01,0.741,55907
2011-10-31,0.444,55496
2011-10-28,-0.024,55250
2011-10-27,-0.132,55263
2011-10-26,-0.251,55336
2011-10-25,0.517,55476
2011-10-24,0.072,55190
2011-10-21,-0.156,55151
2011-10-20,-0.048,55237
2011-10-19,0.265,55263
2011-10-18,-0.108,55117
2011-10-17,0.350,55177
2011-10-14,-0.181,54985
2011-10-13,0.121,55084
2011-10-12,-0.024,55018
2011-10-11,-0.048,55031
2011-10-10,-0.144,55058
2011-10-07,-0.216,55137
2011-10-06,-0.060,55257
2011-10-05,-0.430,55290
2011-10-04,-0.393,55529
2011-10-03,0.566,55748
2011-09-30,0.372,55434
2011-09-29,-0.012,55229
2011-09-28,-0.215,55236
2011-09-27,-0.203,55355
2011-09-26,-0.309,55467
2011-09-23,-0.332,55640
2011-09-22,0.238,55825
2011-09-21,0.274,55692
2011-09-20,0.131,55540
2011-09-19,0.311,55467
2011-09-16,-0.036,55295
2011-09-15,-0.191,55315
2011-09-14,0.215,55421
2011-09-13,-0.108,55302
2011-09-12,-0.298,55361
2011-09-09,0.084,55527
2011-09-08,0.131,55481
2011-09-07,-0.226,55408
2011-09-06,0.143,55534
2011-09-02,0.275,55454
2011-09-01,0.423,55302
2011-08-31,-0.132,55069
2011-08-30,0.373,55141
2011-08-29,-0.240,54937
2011-08-26,0.120,55069
2011-08-25,0.277,55003
2011-08-24,-0.575,54851
2011-08-23,-0.298,55168
2011-08-22,-0.226,55333
2011-08-19,0.095,55458
2011-08-18,0.219,55406
2011-08-17,0.175,55284
2011-08-16,0.300,55188
2011-08-15,-0.168,55023
2011-08-12,0.325,55115
2011-08-11,-0.964,54937
2011-08-10,0.792,55472
2011-08-09,0.349,55036
2011-08-08,0.472,54844
2011-08-05,-0.649,54587
2011-08-04,0.605,54943
2011-08-03,0.073,54613
2011-08-02,0.425,54574
2011-08-01,0.317,54342
2011-07-29,0.513,54171
2011-07-28,0.294,53894
2011-07-27,-0.208,53736
2011-07-26,0.245,53848
2011-07-25,-0.330,53716
2011-07-22,0.270,53894
2011-07-21,-0.220,53749
2011-07-20,-0.159,53868
2011-07-19,0.269,53953
2011-07-18,-0.134,53808
2011-07-15,0.184,53881
2011-07-14,-0.378,53782
2011-07-13,0.134,53986
2011-07-12,0.098,53914
2011-07-11,0.294,53861
2011-07-08,0.518,53703
2011-07-07,-0.209,53427
2011-07-06,0.062,53538
2011-07-05,0.333,53506
2011-07-01,0.046,53328
2011-06-30,-0.209,53303
2011-06-29,-0.221,53415
2011-06-28,-0.367,53533
2011-06-27,-0.293,53730
2011-06-24,0.098,53888
2011-06-23,0.245,53835
2011-06-22,0.024,53704
2011-06-21,0.024,53691
2011-06-20,-0.122,53678
2011-06-17,0.098,53743
2011-06-16,0.061,53691
2011-06-15,0.406,53658
2011-06-14,-0.416,53441
2011-06-13,-0.098,53665
2011-06-10,0.122,53717
2011-06-09,-0.232,53651
2011-06-08,0.196,53776
2011-06-07,0.123,53671
2011-06-06,-0.061,53605
2011-06-03,0.172,53638
2011-06-02,-0.403,53546
2011-06-01,0.482,53763
2011-05-31,0.123,53505
2011-05-27,0.037,53440
2011-05-26,0.135,53420
2011-05-25,0.037,53348
2011-05-24,0.061,53328
2011-05-23,0.061,53295
2011-05-20,0.086,53263
2011-05-19,-0.037,53217
2011-05-18,-0.282,53236
2011-05-17,0.160,53387
2011-05-16,0.234,53302
2011-05-13,0.147,53178
2011-05-12,-0.097,53100
2011-05-11,0.123,53151
2011-05-10,-0.258,53086
2011-05-09,0.086,53223
2011-05-06,0.074,53178
2011-05-05,0.222,53138
2011-05-04,0.124,53020
2011-05-03,0.111,52955
2011-05-02,0.028,52896
2011-04-29,0.136,52881
2011-04-28,0.186,52809
2011-04-27,-0.050,52711
2011-04-26,0.311,52737
2011-04-25,0.062,52574
2011-04-21,0.075,52542
2011-04-20,-0.137,52502
2011-04-19,0.162,52574
2011-04-18,0.112,52489
2011-04-15,0.312,52430
2011-04-14,-0.050,52267
2011-04-13,0.188,52293
2011-04-12,0.352,52195
2011-04-11,0.013,52012
2011-04-08,-0.063,52006
2011-04-07,-0.027,52039
2011-04-06,-0.148,52053
2011-04-05,-0.225,52130
2011-04-04,0.125,52248
2011-04-01,0.122,52182
2011-03-31,-0.112,52119
2011-03-30,0.175,52177
2011-03-29,-0.175,52086
2011-03-28,-0.087,52177
2011-03-25,-0.137,52223
2011-03-24,-0.162,52294
2011-03-23,-0.037,52379
2011-03-22,-0.037,52399
2011-03-21,-0.285,52418
2011-03-18,-0.013,52568
2011-03-17,-0.148,52575
2011-03-16,0.472,52653
2011-03-15,0.062,52405
2011-03-14,0.100,52373
2011-03-11,0.012,52320
2011-03-10,0.463,52314
2011-03-09,0.175,52073
2011-03-08,-0.088,51982
2011-03-07,-0.013,52027
2011-03-04,0.339,52034
2011-03-03,-0.400,51858
2011-03-02,-0.200,52066
2011-03-01,-0.048,52171
2011-02-28,0.137,52196
2011-02-25,0.275,52124
2011-02-24,0.100,51981
2011-02-23,-0.013,51929
2011-02-22,0.377,51936
2011-02-18,0.000,51741
2011-02-17,0.151,51741
2011-02-16,0.038,51663
2011-02-15,0.139,51643
2011-02-14,0.113,51572
2011-02-11,0.342,51514
2011-02-10,-0.315,51338
2011-02-09,0.240,51501
2011-02-08,-0.315,51377
2011-02-07,0.013,51540
2011-02-04,-0.339,51533
2011-02-03,-0.338,51708
2011-02-02,-0.113,51884
2011-02-01,-0.193,51942
2011-01-31,-0.137,52043
2011-01-28,0.212,52114
2011-01-27,0.200,52004
2011-01-26,-0.348,51900
2011-01-25,0.262,52081
2011-01-24,-0.012,51945
2011-01-21,0.200,51952
2011-01-20,-0.373,51848
2011-01-19,0.125,52043
2011-01-18,-0.100,51978
2011-01-14,-0.137,52030
2011-01-13,0.312,52101
2011-01-12,-0.062,51939
2011-01-11,-0.199,51971
2011-01-10,0.234,52075
2011-01-07,0.379,51954
2011-01-06,0.088,51758
2011-01-05,-0.437,51712
2011-01-04,0.012,51939
2011-01-03,-0.125,51933
2010-12-31,0.337,51997
2010-12-30,0.013,51822
2010-12-29,0.591,51816
2010-12-28,-0.650,51511
2010-12-27,0.277,51848
2010-12-23,-0.112,51705
2010-12-22,-0.112,51763
2010-12-21,0.112,51821
2010-12-20,0.062,51763
2010-12-17,0.613,51731
2010-12-16,0.226,51416
2010-12-15,-0.312,51300
2010-12-14,-0.633,51461
2010-12-13,0.261,51789
2010-12-10,-0.323,51654
2010-12-09,0.087,51821
2010-12-08,-0.519,51776
2010-12-07,-0.724,52046
2010-12-06,0.332,52425
2010-12-03,0.160,52252
2010-12-02,-0.086,52168
2010-12-01,-0.611,52213
2010-11-30,0.037,52534
2010-11-29,0.073,52515
2010-11-26,0.233,52476
2010-11-24,-0.475,52354
2010-11-23,0.024,52604
2010-11-22,0.294,52592
2010-11-19,0.024,52438
2010-11-18,0.000,52425
2010-11-17,0.024,52425
2010-11-16,0.331,52412
2010-11-15,-0.477,52239
2010-11-12,-0.450,52489
2010-11-11,0.037,52726
2010-11-10,-0.036,52707
2010-11-09,-0.508,52726
2010-11-08,0.024,52996
2010-11-05,-0.422,52983
2010-11-04,0.314,53207
2010-11-03,0.109,53041
2010-11-02,0.170,52983
2010-11-01,-0.002,52893
2010-10-29,0.182,52894
2010-10-28,0.340,52798
2010-10-27,-0.206,52619
2010-10-26,-0.278,52728
2010-10-25,0.061,52875
2010-10-22,-0.060,52843
2010-10-21,-0.085,52875
2010-10-20,-0.036,52920
2010-10-19,0.145,52939
2010-10-18,0.376,52862
2010-10-15,-0.230,52664
2010-10-14,-0.386,52786
2010-10-13,0.157,52990
2010-10-12,-0.097,52907
2010-10-11,-0.036,52958
2010-10-08,-0.121,52977
2010-10-07,0.169,53041
2010-10-06,0.230,52952
2010-10-05,0.024,52830
2010-10-04,0.255,52818
2010-10-01,-0.081,52683
2010-09-30,-0.048,52726
2010-09-29,-0.109,52751
2010-09-28,0.218,52809
2010-09-27,0.425,52694
2010-09-24,-0.230,52471
2010-09-23,0.024,52592
2010-09-22,0.085,52579
2010-09-21,0.366,52535
2010-09-20,0.073,52343
2010-09-17,0.098,52305
2010-09-16,-0.158,52254
2010-09-15,-0.097,52337
2010-09-14,0.146,52388
2010-09-13,0.257,52311
2010-09-10,-0.122,52177
2010-09-09,-0.377,52241
2010-09-08,-0.279,52439
2010-09-07,0.426,52586
2010-09-03,-0.182,52362
2010-09-02,-0.194,52458
2010-09-01,-0.319,52560
2010-08-31,0.169,52728
2010-08-30,0.449,52639
2010-08-27,-0.459,52404
2010-08-26,0.085,52645
2010-08-25,-0.133,52601
2010-08-24,0.351,52671
2010-08-23,0.061,52486
2010-08-20,-0.133,52454
2010-08-19,0.231,52524
2010-08-18,-0.061,52404
2010-08-17,-0.145,52435
2010-08-16,0.377,52512
2010-08-13,0.280,52315
2010-08-12,-0.183,52168
2010-08-11,0.073,52264
2010-08-10,0.207,52225
2010-08-09,-0.122,52117
2010-08-06,0.293,52181
2010-08-05,0.159,52028
2010-08-04,-0.202,51946
2010-08-03,0.276,52051
2010-08-02,-0.021,51907
2010-07-30,0.147,51919
2010-07-29,0.110,51842
2010-07-28,0.172,51785
2010-07-27,-0.049,51697
2010-07-26,0.049,51722
2010-07-23,-0.171,51697
2010-07-22,-0.110,51785
2010-07-21,0.356,51842
2010-07-20,-0.012,51658
2010-07-19,-0.110,51665
2010-07-16,0.332,51722
2010-07-15,0.099,51551
2010-07-14,0.259,51500
2010-07-13,-0.173,51367
2010-07-12,0.037,51455
2010-07-09,-0.111,51436
2010-07-08,-0.074,51494
2010-07-07,-0.123,51532
2010-07-06,0.246,51595
2010-07-02,-0.062,51468
2010-07-01,0.048,51500
2010-06-30,0.025,51475
2010-06-29,0.234,51462
2010-06-28,0.185,51342
2010-06-25,0.124,51247
2010-06-24,-0.136,51184
2010-06-23,0.247,51254
2010-06-22,0.236,51127
2010-06-21,0.025,51007
2010-06-18,-0.037,50994
2010-06-17,0.274,51013
2010-06-16,0.237,50874
2010-06-15,-0.174,50754
2010-06-14,0.025,50842
2010-06-11,0.162,50830
2010-06-10,-0.410,50748
2010-06-09,0.000,50956
2010-06-08,-0.037,50956
2010-06-07,0.311,50975
2010-06-04,0.275,50817
2010-06-03,-0.112,50678
2010-06-02,-0.087,50735
2010-06-01,0.080,50779
2010-05-28,0.199,50739
2010-05-27,-0.385,50638
2010-05-26,-0.124,50833
2010-05-25,0.025,50896
2010-05-24,-0.012,50884
2010-05-21,0.136,50890
2010-05-20,0.174,50821
2010-05-19,0.025,50732
2010-05-18,0.374,50720
2010-05-17,0.012,50531
2010-05-14,0.338,50524
2010-05-13,0.188,50354
2010-05-12,-0.275,50259
2010-05-11,0.138,50398
2010-05-10,-0.113,50329
2010-05-07,-0.250,50386
2010-05-06,0.388,50512
2010-05-05,0.051,50316
2010-05-04,0.288,50290
2010-05-03,-0.054,50146
2010-04-30,0.289,50173
2010-04-29,0.038,50029
2010-04-28,-0.063,50010
2010-04-27,0.366,50041
2010-04-26,-0.050,49859
2010-04-23,-0.076,49884
2010-04-22,-0.063,49922
2010-04-21,0.076,49953
2010-04-20,0.101,49916
2010-04-19,-0.126,49865
2010-04-16,0.215,49928
2010-04-15,0.152,49821
2010-04-14,-0.076,49746
2010-04-13,0.202,49783
2010-04-12,0.101,49683
2010-04-09,0.190,49633
2010-04-08,-0.051,49538
2010-04-07,0.382,49563
2010-04-06,0.076,49375
2010-04-05,-0.583,49337
2010-04-01,-0.032,49626
2010-03-31,0.088,49642
2010-03-30,0.203,49598
2010-03-29,-0.215,49498
2010-03-26,0.215,49605
2010-03-25,-0.316,49498
2010-03-24,-0.502,49655
2010-03-23,0.000,49905
2010-03-22,0.101,49905
2010-03-19,0.075,49855
2010-03-18,-0.176,49818
2010-03-17,0.025,49905
2010-03-16,0.176,49893
2010-03-15,0.139,49805
2010-03-12,0.038,49736
2010-03-11,-0.013,49717
2010-03-10,-0.080,49724
2010-03-09,0.068,49764
2010-03-08,-0.164,49730
2010-03-05,-0.151,49811
2010-03-04,0.075,49887
2010-03-03,0.013,49849
2010-03-02,0.076,49843
2010-03-01,0.105,49805
2010-02-26,0.113,49753
2010-02-25,0.139,49697
2010-02-24,0.126,49628
2010-02-23,0.380,49565
2010-02-22,-0.038,49378
2010-02-19,0.000,49397
2010-02-18,-0.139,49397
2010-02-17,-0.227,49465
2010-02-16,0.126,49578
2010-02-12,0.139,49515
2010-02-11,-0.164,49447
2010-02-10,-0.227,49528
2010-02-09,-0.201,49640
2010-02-08,0.013,49740
2010-02-05,0.164,49734
2010-02-04,0.189,49653
2010-02-03,-0.063,49559
2010-02-02,0.063,49590
2010-02-01,-0.065,49559
2010-01-29,0.126,49591
2010-01-28,0.038,49529
2010-01-27,-0.138,49510
2010-01-26,0.239,49579
2010-01-25,-0.138,49460
2010-01-22,-0.038,49529
2010-01-21,0.113,49548
2010-01-20,0.240,49492
2010-01-19,-0.050,49373
2010-01-15,0.063,49398
2010-01-14,0.240,49367
2010-01-13,-0.227,49249
2010-01-12,0.380,49361
2010-01-11,0.038,49174
2010-01-08,0.101,49155
2010-01-07,-0.076,49105
2010-01-06,-0.038,49143
2010-01-05,0.292,49161
2010-01-04,0.114,49018
2009-12-31,-0.076,48962
2009-12-30,0.140,48999
2009-12-29,0.064,48931
2009-12-28,0.108,48900
2009-12-24,-0.405,48847
2009-12-23,-0.013,49046
2009-12-22,-0.215,49052
2009-12-21,-0.465,49157
2009-12-18,-0.025,49387
2009-12-17,0.277,49400
2009-12-16,0.050,49263
2009-12-15,-0.088,49238
2009-12-14,-0.088,49282
2009-12-11,-0.113,49325
2009-12-10,-0.138,49381
2009-12-09,-0.100,49449
2009-12-08,0.163,49499
2009-12-07,0.265,49418
2009-12-04,-0.414,49288
2009-12-03,-0.100,49493
2009-12-02,-0.138,49542
2009-12-01,-0.144,49611
2009-11-30,-0.050,49682
2009-11-27,0.175,49707
2009-11-25,0.200,49620
2009-11-24,0.251,49521
2009-11-23,0.075,49397
2009-11-20,-0.050,49360
2009-11-19,0.075,49385
2009-11-18,0.025,49348
2009-11-17,-0.025,49336
2009-11-16,0.252,49348
2009-11-13,-0.063,49224
2009-11-12,0.113,49255
2009-11-11,0.252,49199
2009-11-10,0.038,49075
2009-11-09,0.202,49057
2009-11-06,0.025,48958
2009-11-05,0.089,48945
2009-11-04,-0.025,48902
2009-11-03,-0.177,48915
2009-11-02,-0.084,49001
2009-10-30,0.417,49042
2009-10-29,0.051,48839
2009-10-28,-0.101,48814
2009-10-27,0.355,48863
2009-10-26,-0.127,48691
2009-10-23,-0.303,48752
2009-10-22,-0.088,48900
2009-10-21,-0.013,48944
2009-10-20,0.202,48950
2009-10-19,0.134,48851
2009-10-16,0.044,48786
2009-10-15,0.025,48765
2009-10-14,-0.426,48752
2009-10-13,0.073,48961
2009-10-12,0.342,48925
2009-10-09,-0.729,48759
2009-10-08,-0.038,49116
2009-10-07,0.050,49135
2009-10-06,0.113,49110
2009-10-05,0.151,49055
2009-10-02,-0.295,48981
2009-10-01,0.444,49126
2009-09-30,0.000,48909
2009-09-29,0.000,48909
2009-09-28,0.050,48909
2009-09-25,0.316,48884
2009-09-24,0.051,48730
2009-09-23,0.291,48706
2009-09-22,-0.127,48564
2009-09-21,-0.076,48626
2009-09-18,-0.114,48663
2009-09-17,0.291,48718
2009-09-16,0.025,48577
2009-09-15,0.076,48564
2009-09-14,-0.379,48527
2009-09-11,0.051,48712
2009-09-10,0.381,48687
2009-09-09,0.165,48503
2009-09-08,-0.051,48423
2009-09-04,-0.101,48447
2009-09-03,-0.177,48497
2009-09-02,0.216,48583
2009-09-01,0.115,48478
2009-08-31,0.190,48422
2009-08-28,0.203,48330
2009-08-27,-0.114,48232
2009-08-26,0.064,48288
2009-08-25,0.165,48257
2009-08-24,0.191,48177
2009-08-21,-0.318,48085
2009-08-20,0.140,48238
2009-08-19,0.115,48171
2009-08-18,-0.140,48116
2009-08-17,0.281,48183
2009-08-14,0.307,48048
2009-08-13,0.257,47901
2009-08-12,-0.058,47779
2009-08-11,0.187,47807
2009-08-10,0.816,47717
2009-08-07,-0.695,47331
2009-08-06,0.063,47662
2009-08-05,-0.230,47632
2009-08-04,-0.090,47742
2009-08-03,-0.319,47785
2009-07-31,0.435,47937
2009-07-30,0.450,47730
2009-07-29,-0.039,47516
2009-07-28,0.103,47534
2009-07-27,-0.129,47485
2009-07-24,0.039,47546
2009-07-23,-0.333,47528
2009-07-22,-0.217,47687
2009-07-21,0.605,47791
2009-07-20,0.323,47504
2009-07-17,-0.257,47351
2009-07-16,0.440,47473
2009-07-15,-0.502,47265
2009-07-14,-0.295,47504
2009-07-13,-0.166,47644
2009-07-10,0.360,47724
2009-07-09,-0.295,47552
2009-07-08,0.684,47693
2009-07-07,0.207,47369
2009-07-06,-0.078,47271
2009-07-02,0.039,47308
2009-07-01,-0.059,47290
2009-06-30,-0.167,47318
2009-06-29,0.180,47397
2009-06-26,0.052,47312
2009-06-25,0.687,47287
2009-06-24,-0.220,46964
2009-06-23,0.455,47068
2009-06-22,0.235,46855
2009-06-19,0.235,46745
2009-06-18,-0.739,46636
2009-06-17,-0.051,46983
2009-06-16,0.468,47007
2009-06-15,0.196,46788
2009-06-12,0.262,46697
2009-06-11,0.486,46575
2009-06-10,-0.249,46349
2009-06-09,0.276,46465
2009-06-08,-0.210,46337
2009-06-05,-0.677,46435
2009-06-04,-0.621,46751
2009-06-03,0.338,47044
2009-06-02,0.378,46885
2009-06-01,-0.674,46709
2009-05-29,0.715,47026
2009-05-28,0.257,46692
2009-05-27,-0.592,46572
2009-05-26,-0.207,46850
2009-05-22,-0.026,46947
2009-05-21,-0.514,46959
2009-05-20,0.297,47202
2009-05-19,0.220,47062
2009-05-18,-0.296,46959
2009-05-15,-0.026,47099
2009-05-14,-0.039,47111
2009-05-13,0.297,47129
2009-05-12,-0.039,46989
2009-05-11,0.415,47008
2009-05-08,0.247,46813
2009-05-07,-0.350,46698
2009-05-06,0.429,46862
2009-05-05,-0.019,46662
2009-05-04,0.084,46670
2009-05-01,-0.171,46631
2009-04-30,0.286,46711
2009-04-29,-0.143,46578
2009-04-28,-0.362,46645
2009-04-27,0.220,46814
2009-04-24,-0.052,46711
2009-04-23,0.078,46735
2009-04-22,0.182,46699
2009-04-21,-0.194,46614
2009-04-20,0.495,46705
2009-04-17,-0.531,46475
2009-04-16,-0.191,46723
2009-04-15,0.140,46813
2009-04-14,0.259,46747
2009-04-13,0.156,46627
2009-04-09,-0.117,46554
2009-04-08,0.469,46608
2009-04-07,0.196,46391
2009-04-06,0.105,46300
2009-04-03,-0.533,46252
2009-04-02,-0.195,46500
2009-04-01,0.204,46590
2009-03-31,0.039,46495
2009-03-30,0.195,46477
2009-03-27,0.247,46387
2009-03-26,0.340,46272
2009-03-25,-0.339,46116
2009-03-24,-0.052,46272
2009-03-23,-0.234,46296
2009-03-20,-0.452,46405
2009-03-19,-0.065,46616
2009-03-18,1.775,46646
2009-03-17,-0.223,45832
2009-03-16,-0.066,45935
2009-03-13,-0.079,45965
2009-03-12,0.223,46001
2009-03-11,0.211,45899
2009-03-10,0.105,45802
2009-03-09,-0.367,45754
2009-03-06,-0.418,45923
2009-03-05,0.459,46116
2009-03-04,-0.013,45905
2009-03-03,-0.336,45911
2009-03-02,0.159,46066
2009-02-27,0.105,45992
2009-02-26,-0.183,45944
2009-02-25,-0.506,46028
2009-02-24,-0.078,46263
2009-02-23,0.169,46299
2009-02-20,0.185,46221
2009-02-19,-0.430,46135
2009-02-18,-0.387,46335
2009-02-17,0.650,46515
2009-02-13,-0.466,46215
2009-02-12,-0.258,46431
2009-02-11,0.362,46551
2009-02-10,0.547,46383
2009-02-09,0.026,46131
2009-02-06,-0.013,46119
2009-02-05,0.222,46125
2009-02-04,0.183,46022
2009-02-03,-1.035,45938
2009-02-02,0.335,46419
2009-01-30,0.052,46264
2009-01-29,-0.668,46240
2009-01-28,0.051,46551
2009-01-27,0.608,46527
2009-01-26,-0.335,46246
2009-01-23,-0.193,46401
2009-01-22,0.219,46491
2009-01-21,-0.692,46389
2009-01-20,-0.433,46712
2009-01-16,0.150,46916
2009-01-15,-0.429,46845
2009-01-14,0.370,47047
2009-01-13,0.539,46874
2009-01-12,-0.394,46623
2009-01-09,0.357,46807
2009-01-08,-0.166,46640
2009-01-07,0.308,46718
2009-01-06,-0.638,46575
2009-01-05,-0.419,46874
2009-01-02,-0.367,47071
2008-12-31,0.127,47245
2008-12-30,0.191,47185
2008-12-29,0.626,47095
2008-12-26,0.077,46802
2008-12-24,-0.084,46766
2008-12-23,0.371,46805
2008-12-22,0.864,46633
2008-12-19,-0.640,46233
2008-12-18,0.709,46531
2008-12-17,0.026,46203
2008-12-16,0.833,46192
2008-12-15,1.052,45810
2008-12-12,-0.523,45333
2008-12-11,1.071,45572
2008-12-10,-0.172,45089
2008-12-09,0.531,45166
2008-12-08,-0.436,44928
2008-12-05,-0.734,45125
2008-12-04,0.435,45458
2008-12-03,-0.472,45262
2008-12-02,0.607,45476
2008-12-01,0.590,45202
2008-11-28,-0.316,44937
2008-11-26,0.623,45080
2008-11-25,1.726,44801
2008-11-24,-0.430,44041
2008-11-21,-0.494,44231
2008-11-20,-0.080,44450
2008-11-19,0.348,44486
2008-11-18,0.067,44332
2008-11-17,-0.254,44302
2008-11-14,0.349,44415
2008-11-13,0.000,44260
2008-11-12,-0.321,44260
2008-11-11,0.255,44403
2008-11-10,0.000,44290
2008-11-07,-0.214,44290
2008-11-06,0.080,44385
2008-11-05,0.755,44349
2008-11-04,1.008,44017
2008-11-03,0.783,43578
2008-10-31,-0.059,43239
2008-10-30,-0.665,43264
2008-10-29,0.725,43554
2008-10-28,-0.773,43241
2008-10-27,-0.540,43578
2008-10-24,-1.147,43814
2008-10-23,-0.465,44323
2008-10-22,0.454,44530
2008-10-21,1.709,44329
2008-10-20,-0.043,43584
2008-10-17,0.548,43602
2008-10-16,-0.014,43365
2008-10-15,-0.612,43371
2008-10-14,1.279,43638
2008-10-13,4.160,43087
2008-10-10,-3.049,41366
2008-10-09,-3.115,42667
2008-10-08,-1.481,44039
2008-10-07,0.292,44701
2008-10-06,-0.803,44571
2008-10-03,-0.550,44932
2008-10-02,1.948,45180
2008-10-01,-0.531,44317
2008-09-30,-1.137,44553
2008-09-29,0.486,45066
2008-09-26,-1.001,44848
2008-09-25,0.326,45301
2008-09-24,-0.013,45154
2008-09-23,0.314,45160
2008-09-22,-0.261,45019
2008-09-19,1.229,45136
2008-09-18,-1.413,44589
2008-09-17,0.124,45228
2008-09-16,-0.969,45172
2008-09-15,0.755,45614
2008-09-12,-0.324,45272
2008-09-11,-0.065,45419
2008-09-10,0.000,45449
2008-09-09,0.182,45449
2008-09-08,0.706,45366
2008-09-05,-0.144,45048
2008-09-04,0.275,45113
2008-09-03,0.131,44989
2008-09-02,0.325,44930
2008-08-29,-0.131,44784
2008-08-28,0.092,44843
2008-08-27,0.026,44802
2008-08-26,0.131,44790
2008-08-25,0.329,44732
2008-08-22,-0.263,44585
2008-08-21,-0.026,44702
2008-08-20,0.224,44714
2008-08-19,-0.053,44614
2008-08-18,0.132,44638
2008-08-15,0.317,44579
2008-08-14,0.252,44438
2008-08-13,-0.264,44327
2008-08-12,0.451,44444
2008-08-11,-0.423,44244
2008-08-08,-0.040,44432
2008-08-07,0.638,44450
2008-08-06,-0.133,44168
2008-08-05,-0.410,44227
2008-08-04,-0.185,44409
2008-08-01,0.176,44491
2008-07-31,0.343,44413
2008-07-30,0.026,44261
2008-07-29,-0.158,44249
2008-07-28,0.664,44319
2008-07-25,-0.633,44027
2008-07-24,0.718,44307
2008-07-23,0.040,43992
2008-07-22,-0.305,43974
2008-07-21,0.210,44109
2008-07-18,-0.156,44016
2008-07-17,-0.462,44085
2008-07-16,-0.825,44290
2008-07-15,0.092,44658
2008-07-14,0.540,44617
2008-07-11,-0.628,44378
2008-07-10,0.276,44658
2008-07-09,0.013,44535
2008-07-08,0.568,44530
2008-07-07,0.053,44278
2008-07-03,0.079,44255
2008-07-02,-0.343,44220
2008-07-01,-0.071,44372
2008-06-30,0.329,44403
2008-06-27,0.264,44258
2008-06-26,0.000,44141
2008-06-25,0.040,44141
2008-06-24,0.424,44124
2008-06-23,-0.343,43937
2008-06-20,0.198,44089
2008-06-19,-0.251,44002
2008-06-18,0.338,44112
2008-06-17,0.326,43964
2008-06-16,0.093,43821
2008-06-13,0.093,43780
2008-06-12,-1.093,43739
2008-06-11,0.583,44223
2008-06-10,-0.566,43967
2008-06-09,-0.823,44217
2008-06-06,0.512,44584
2008-06-05,-0.457,44357
2008-06-04,-0.481,44561
2008-06-03,0.392,44776
2008-06-02,0.486,44601
2008-05-30,0.065,44386
2008-05-29,-0.170,44357
2008-05-28,-0.520,44432
2008-05-27,-0.553,44664
2008-05-23,0.426,44912
2008-05-22,-0.401,44722
2008-05-21,-0.026,44902
2008-05-20,-0.039,44914
2008-05-19,0.272,44931
2008-05-16,-0.194,44809
2008-05-15,0.533,44896
2008-05-14,0.065,44658
2008-05-13,-0.517,44629
2008-05-12,-0.103,44861
2008-05-09,-0.065,44908
2008-05-08,0.493,44937
2008-05-07,0.143,44716
2008-05-06,-0.363,44653
2008-05-05,0.195,44815
2008-05-02,-0.246,44728
2008-05-01,0.016,44838
2008-04-30,0.806,44831
2008-04-29,-0.065,44473
2008-04-28,0.352,44502
2008-04-25,-0.130,44345
2008-04-24,-0.428,44403
2008-04-23,-0.091,44594
2008-04-22,0.221,44634
2008-04-21,0.168,44536
2008-04-18,0.079,44462
2008-04-17,-0.092,44426
2008-04-16,-0.529,44467
2008-04-15,-0.335,44704
2008-04-14,-0.334,44854
2008-04-11,0.581,45004
2008-04-10,-0.296,44744
2008-04-09,0.388,44877
2008-04-08,0.052,44704
2008-04-07,-0.387,44681
2008-04-04,0.923,44854
2008-04-03,-0.041,44444
2008-04-02,-0.128,44462
2008-04-01,-1.035,44519
2008-03-31,0.347,44984
2008-03-28,0.077,44829
2008-03-27,0.013,44794
2008-03-26,0.090,44789
2008-03-25,0.193,44748
2008-03-24,-0.551,44662
2008-03-20,0.270,44910
2008-03-19,0.077,44789
2008-03-18,0.090,44754
2008-03-17,0.336,44714
2008-03-14,0.423,44564
2008-03-13,-0.434,44376
2008-03-12,0.926,44570
2008-03-11,-0.570,44161
2008-03-10,0.299,44414
2008-03-07,0.274,44282
2008-03-06,-0.078,44161
2008-03-05,-0.647,44196
2008-03-04,-0.477,44484
2008-03-03,-0.241,44697
2008-02-29,0.631,44805
2008-02-28,0.740,44524
2008-02-27,0.182,44197
2008-02-26,0.378,44116
2008-02-25,-0.493,43950
2008-02-22,-0.246,44168
2008-02-21,0.835,44277
2008-02-20,0.080,43911
2008-02-19,-0.920,43876
2008-02-15,0.156,44283
2008-02-14,-0.465,44214
2008-02-13,-0.539,44420
2008-02-12,-0.167,44661
2008-02-11,0.218,44736
2008-02-08,0.296,44638
2008-02-07,-0.615,44506
2008-02-06,-0.204,44782
2008-02-05,0.269,44874
2008-02-04,-0.363,44753
2008-02-01,0.337,44916
2008-01-31,0.077,44765
2008-01-30,0.038,44731
2008-01-29,-0.140,44713
2008-01-28,-0.356,44776
2008-01-25,0.666,44936
2008-01-24,-0.649,44639
2008-01-23,-0.165,44931
2008-01-22,0.626,45005
2008-01-18,-0.051,44725
2008-01-17,0.410,44748
2008-01-16,-0.192,44565
2008-01-15,0.360,44651
2008-01-14,0.129,44491
2008-01-11,0.310,44434
2008-01-10,-0.039,44296
2008-01-09,-0.116,44314
2008-01-08,0.103,44365
2008-01-07,0.026,44319
2008-01-04,0.116,44308
2008-01-03,0.129,44256
2008-01-02,-0.026,44199
2007-12-31,0.860,44211
2007-12-28,0.498,43834
2007-12-27,0.395,43616
2007-12-26,-0.302,43445
2007-12-24,0.054,43577
2007-12-21,-0.662,43553
2007-12-20,0.013,43844
2007-12-19,0.418,43838
2007-12-18,0.235,43656
2007-12-17,0.420,43553
2007-12-14,-0.223,43371
2007-12-13,-0.508,43468
2007-12-12,-0.195,43690
2007-12-11,0.668,43775
2007-12-10,-0.183,43485
2007-12-07,-0.326,43565
2007-12-06,-0.518,43707
2007-12-05,-0.219,43935
2007-12-04,-0.052,44031
2007-12-03,0.485,44054
2007-11-30,0.041,43842
2007-11-29,0.403,43824
2007-11-28,-0.104,43648
2007-11-27,-0.529,43693
2007-11-26,0.781,43926
2007-11-23,-0.195,43585
2007-11-21,0.614,43670
2007-11-20,-0.222,43404
2007-11-19,0.288,43500
2007-11-16,-0.039,43375
2007-11-15,0.354,43393
2007-11-14,0.000,43239
2007-11-13,-0.301,43239
2007-11-12,0.223,43370
2007-11-09,0.131,43273
2007-11-08,0.118,43217
2007-11-07,0.145,43166
2007-11-06,-0.158,43103
2007-11-05,-0.288,43171
2007-11-02,0.118,43296
2007-11-01,0.571,43245
2007-10-31,-0.367,43000
2007-10-30,0.026,43158
2007-10-29,0.013,43146
2007-10-26,-0.144,43141
2007-10-25,-0.078,43203
2007-10-24,0.396,43237
2007-10-23,-0.029,43066
2007-10-22,-0.066,43079
2007-10-19,0.474,43107
2007-10-18,0.132,42903
2007-10-17,0.504,42847
2007-10-16,0.213,42632
2007-10-15,-0.080,42542
2007-10-12,-0.159,42576
2007-10-11,0.093,42644
2007-10-10,0.106,42604
2007-10-09,-0.331,42559
2007-10-08,0.292,42700
2007-10-05,-0.423,42576
2007-10-04,0.106,42757
2007-10-03,-0.053,42711
2007-10-02,0.358,42734
2007-10-01,-0.063,42581
2007-09-28,0.040,42608
2007-09-27,0.212,42591
2007-09-26,0.026,42501
2007-09-25,0.066,42490
2007-09-24,-0.066,42462
2007-09-21,0.426,42490
2007-09-20,-0.713,42310
2007-09-19,-0.158,42614
2007-09-18,0.278,42681
2007-09-17,0.079,42563
2007-09-14,0.013,42529
2007-09-13,-0.251,42524
2007-09-12,-0.158,42631
2007-09-11,-0.237,42698
2007-09-10,0.290,42799
2007-09-07,0.624,42676
2007-09-06,-0.185,42411
2007-09-05,0.386,42490
2007-09-04,-0.061,42327
2007-08-31,0.066,42352
2007-08-30,0.173,42324
2007-08-29,-0.225,42251
2007-08-28,0.279,42347
2007-08-27,0.360,42229
2007-08-24,0.093,42078
2007-08-23,0.000,42038
2007-08-22,0.000,42038
2007-08-21,0.348,42038
2007-08-20,-0.214,41893
2007-08-17,0.308,41982
2007-08-16,-0.013,41853
2007-08-15,0.013,41859
2007-08-14,0.244,41853
2007-08-13,0.092,41751
2007-08-10,-0.189,41713
2007-08-09,0.229,41792
2007-08-08,-0.255,41696
2007-08-07,-0.013,41803
2007-08-06,-0.281,41808
2007-08-03,0.335,41926
2007-08-02,0.175,41786
2007-08-01,-0.049,41713
2007-07-31,0.201,41733
2007-07-30,-0.094,41650
2007-07-27,-0.080,41689
2007-07-26,0.390,41722
2007-07-25,0.094,41560
2007-07-24,0.040,41521
2007-07-23,-0.027,41504
2007-07-20,0.283,41516
2007-07-19,-0.040,41398
2007-07-18,0.162,41415
2007-07-17,-0.121,41348
2007-07-16,0.271,41398
2007-07-13,0.163,41287
2007-07-12,-0.135,41220
2007-07-11,-0.243,41275
2007-07-10,0.516,41376
2007-07-09,0.109,41164
2007-07-06,-0.203,41119
2007-07-05,-0.405,41203
2007-07-03,-0.216,41370
2007-07-02,0.260,41460
2007-06-29,0.338,41352
2007-06-28,-0.135,41213
2007-06-27,0.081,41269
2007-06-26,-0.040,41235
2007-06-25,0.271,41252
2007-06-22,0.149,41140
2007-06-21,0.054,41079
2007-06-20,-0.486,41057
2007-06-19,0.475,41257
2007-06-18,-0.108,41063
2007-06-15,0.504,41107
2007-06-14,-0.136,40901
2007-06-13,0.232,40957
2007-06-12,-0.488,40862
2007-06-11,-0.108,41063
2007-06-08,-0.014,41107
2007-06-07,-0.699,41113
2007-06-06,0.094,41402
2007-06-05,-0.161,41363
2007-06-04,0.108,41430
2007-06-01,-0.231,41385
2007-05-31,-0.080,41481
2007-05-30,0.094,41514
2007-05-29,-0.134,41476
2007-05-25,0.013,41531
2007-05-24,-0.013,41525
2007-05-23,-0.080,41531
2007-05-22,-0.160,41564
2007-05-21,0.133,41631
2007-05-18,-0.240,41575
2007-05-17,-0.146,41675
2007-05-16,0.040,41736
2007-05-15,-0.040,41720
2007-05-14,-0.066,41736
2007-05-11,-0.133,41764
2007-05-10,0.093,41820
2007-05-09,-0.119,41781
2007-05-08,0.013,41831
2007-05-07,0.066,41825
2007-05-04,0.080,41797
2007-05-03,-0.066,41764
2007-05-02,0.013,41792
2007-05-01,-0.057,41786
2007-04-30,0.326,41810
2007-04-27,-0.020,41674
2007-04-26,-0.212,41683
2007-04-25,-0.079,41771
2007-04-24,0.159,41805
2007-04-23,0.133,41738
2007-04-20,-0.027,41683
2007-04-19,-0.040,41694
2007-04-18,0.186,41710
2007-04-17,0.253,41633
2007-04-16,0.093,41528
2007-04-13,-0.160,41489
2007-04-12,-0.013,41555
2007-04-11,-0.266,41561
2007-04-10,0.101,41672
2007-04-09,-0.300,41630
2007-04-05,-0.099,41755
2007-04-04,0.100,41796
2007-04-03,-0.099,41754
2007-04-02,0.000,41796
2007-03-30,0.422,41796
2007-03-29,-0.099,41620
2007-03-28,-0.099,41662
2007-03-27,-0.099,41703
2007-03-26,0.100,41744
2007-03-23,-0.099,41702
2007-03-22,-0.297,41744
2007-03-21,0.200,41868
2007-03-20,0.100,41785
2007-03-19,-0.099,41743
2007-03-16,-0.099,41785
2007-03-15,0.000,41826
2007-03-14,-0.099,41826
2007-03-13,0.200,41867
2007-03-12,0.200,41784
2007-03-09,-0.397,41700
2007-03-08,0.000,41867
2007-03-07,0.100,41866
2007-03-06,0.000,41825
2007-03-05,0.000,41824
2007-03-02,0.100,41824
2007-03-01,0.000,41782
2007-02-28,0.200,41782
2007-02-27,0.399,41699
2007-02-26,0.200,41533
2007-02-23,0.201,41450
2007-02-22,-0.099,41367
2007-02-21,-0.099,41408
2007-02-20,0.100,41449
2007-02-16,0.000,41408
2007-02-15,0.101,41408
2007-02-14,0.403,41366
2007-02-13,0.000,41200
2007-02-12,-0.100,41200
2007-02-09,-0.300,41241
2007-02-08,0.101,41365
2007-02-07,0.000,41324
2007-02-06,0.201,41323
2007-02-05,0.101,41240
2007-02-02,0.101,41199
2007-02-01,0.000,41157
2007-01-31,0.730,41157
2007-01-30,0.000,40859
2007-01-29,0.000,40859
2007-01-26,-0.100,40858
2007-01-25,-0.301,40899
2007-01-24,0.000,41023
2007-01-23,-0.200,41023
2007-01-22,0.101,41105
2007-01-19,-0.100,41064
2007-01-18,0.101,41105
2007-01-17,-0.100,41063
2007-01-16,0.000,41104
2007-01-12,-0.100,41104
2007-01-11,-0.200,41145
2007-01-10,-0.199,41227
2007-01-09,0.000,41310
2007-01-08,0.000,41309
2007-01-05,-0.199,41309
2007-01-04,0.300,41391
2007-01-03,0.201,41268
2006-12-29,0.423,41185
2006-12-28,-0.199,41012
2006-12-27,-0.199,41093
2006-12-26,0.100,41175
2006-12-22,-0.298,41134
2006-12-21,0.200,41257
2006-12-20,0.000,41175
2006-12-19,0.000,41175
2006-12-18,0.000,41174
2006-12-15,0.000,41174
2006-12-14,-0.099,41174
2006-12-13,-0.297,41215
2006-12-12,0.100,41338
2006-12-11,0.200,41297
2006-12-08,-0.297,41214
2006-12-07,-0.099,41337
2006-12-06,-0.198,41378
2006-12-05,0.000,41460
2006-12-04,0.000,41460
2006-12-01,0.199,41460
2006-11-30,0.710,41377
2006-11-29,-0.099,41086
2006-11-28,0.200,41126
2006-11-27,0.000,41044
2006-11-24,0.100,41044
2006-11-22,0.000,41003
2006-11-21,0.100,41003
2006-11-20,0.000,40962
2006-11-17,0.301,40962
2006-11-16,-0.199,40839
2006-11-15,-0.199,40920
2006-11-14,0.200,41002
2006-11-13,-0.099,40920
2006-11-10,0.100,40961
2006-11-09,0.100,40920
2006-11-08,0.101,40878
2006-11-07,0.201,40837
2006-11-06,0.101,40755
2006-11-03,-0.499,40714
2006-11-02,-0.199,40919
2006-11-01,0.200,41000
2006-10-31,0.826,40918
2006-10-30,0.000,40583
2006-10-27,0.202,40583
2006-10-26,0.202,40501
2006-10-25,0.304,40419
2006-10-24,0.000,40297
2006-10-23,-0.201,40297
2006-10-20,0.000,40378
2006-10-19,-0.100,40378
2006-10-18,0.000,40418
2006-10-17,0.101,40418
2006-10-16,0.101,40377
2006-10-13,-0.100,40336
2006-10-12,0.101,40377
2006-10-11,-0.201,40336
2006-10-10,-0.301,40417
2006-10-09,0.000,40539
2006-10-06,-0.399,40539
2006-10-05,-0.099,40702
2006-10-04,0.201,40742
2006-10-03,0.000,40661
2006-10-02,0.101,40660
2006-09-29,0.312,40619
2006-09-28,-0.100,40493
2006-09-27,0.000,40533
2006-09-26,-0.199,40533
2006-09-25,0.200,40614
2006-09-22,0.201,40533
2006-09-21,0.403,40452
2006-09-20,0.000,40289
2006-09-19,0.405,40289
2006-09-18,-0.100,40127
2006-09-15,-0.100,40167
2006-09-14,-0.100,40207
2006-09-13,0.000,40248
2006-09-12,0.202,40248
2006-09-11,-0.201,40166
2006-09-08,0.101,40247
2006-09-07,0.101,40206
2006-09-06,-0.100,40166
2006-09-05,-0.201,40206
2006-09-01,0.000,40287
2006-08-31,0.618,40287
2006-08-30,0.101,40039
2006-08-29,0.000,39999
2006-08-28,0.000,39999
2006-08-25,0.101,39998
2006-08-24,0.000,39958
2006-08-23,-0.100,39958
2006-08-22,0.101,39998
2006-08-21,0.000,39957
2006-08-18,0.203,39957
2006-08-17,0.000,39876
2006-08-16,0.203,39876
2006-08-15,0.408,39795
2006-08-14,-0.101,39633
2006-08-11,-0.203,39674
2006-08-10,-0.101,39754
2006-08-09,0.000,39794
2006-08-08,0.102,39794
2006-08-07,-0.202,39754
2006-08-04,0.305,39834
2006-08-03,0.000,39713
2006-08-02,0.102,39713
2006-08-01,0.102,39672
2006-07-31,0.420,39632
2006-07-28,0.307,39466
2006-07-27,0.000,39345
2006-07-26,0.205,39345
2006-07-25,-0.102,39264
2006-07-24,0.000,39304
2006-07-21,-0.102,39304
2006-07-20,0.205,39344
2006-07-19,0.412,39264
2006-07-18,-0.307,39103
2006-07-17,-0.102,39223
2006-07-14,0.103,39263
2006-07-13,0.103,39223
2006-07-12,0.000,39182
2006-07-11,0.103,39182
2006-07-10,0.000,39142
2006-07-07,0.309,39142
2006-07-06,0.207,39021
2006-07-05,-0.411,38940
2006-07-03,0.000,39101
2006-06-30,0.725,39101
2006-06-29,0.207,38819
2006-06-28,-0.103,38739
2006-06-27,0.104,38779
2006-06-26,0.000,38739
2006-06-23,-0.206,38738
2006-06-22,-0.205,38818
2006-06-21,-0.102,38898
2006-06-20,0.000,38938
2006-06-19,-0.102,38938
2006-06-16,-0.102,38978
2006-06-15,-0.408,39017
2006-06-14,-0.305,39177
2006-06-13,0.102,39297
2006-06-12,-0.101,39257
2006-06-09,0.102,39297
2006-06-08,0.102,39257
2006-06-07,-0.101,39216
2006-06-06,0.000,39256
2006-06-05,-0.101,39256
2006-06-02,0.615,39296
2006-06-01,0.000,39056
2006-05-31,0.216,39055
2006-05-30,-0.204,38971
2006-05-26,0.205,39051
2006-05-25,-0.204,38971
2006-05-24,0.103,39050
2006-05-23,-0.102,39010
2006-05-22,0.000,39050
2006-05-19,0.103,39050
2006-05-18,0.308,39010
2006-05-17,-0.204,38890
2006-05-16,0.205,38970
2006-05-15,0.103,38890
2006-05-12,-0.204,38850
2006-05-11,-0.102,38929
2006-05-10,0.000,38969
2006-05-09,0.000,38969
2006-05-08,-0.102,38968
2006-05-05,0.205,39008
2006-05-04,0.000,38928
2006-05-03,-0.204,38928
2006-05-02,0.103,39008
2006-05-01,-0.305,38967
2006-04-28,0.513,39087
2006-04-27,0.205,38887
2006-04-26,-0.204,38808
2006-04-25,-0.406,38887
2006-04-24,0.204,39046
2006-04-21,0.102,38966
2006-04-20,-0.101,38926
2006-04-19,-0.101,38966
2006-04-18,0.204,39005
2006-04-17,0.205,38926
2006-04-13,-0.305,38846
2006-04-12,-0.203,38965
2006-04-11,0.102,39044
2006-04-10,0.000,39004
2006-04-07,-0.304,39004
2006-04-06,-0.202,39123
2006-04-05,0.102,39202
2006-04-04,0.102,39162
2006-04-03,-0.101,39122
2006-03-31,0.407,39162
2006-03-30,-0.202,39003
2006-03-29,-0.201,39082
2006-03-28,-0.301,39161
2006-03-27,-0.100,39279
2006-03-24,0.202,39318
2006-03-23,-0.100,39239
2006-03-22,0.101,39278
2006-03-21,-0.401,39239
2006-03-20,0.101,39397
2006-03-17,-0.100,39357
2006-03-16,0.403,39396
2006-03-15,-0.100,39238
2006-03-14,0.405,39277
2006-03-13,-0.101,39119
2006-03-10,-0.201,39158
2006-03-09,0.101,39237
2006-03-08,0.000,39198
2006-03-07,0.000,39197
2006-03-06,-0.301,39197
2006-03-03,-0.200,39315
2006-03-02,-0.200,39394
2006-03-01,-0.199,39473
2006-02-28,0.583,39552
2006-02-27,-0.100,39323
2006-02-24,0.000,39362
2006-02-23,-0.099,39362
2006-02-22,0.100,39401
2006-02-21,-0.099,39361
2006-02-17,0.301,39400
2006-02-16,0.101,39282
2006-02-15,0.000,39243
2006-02-14,-0.100,39242
2006-02-13,0.000,39282
2006-02-10,-0.199,39281
2006-02-09,0.101,39360
2006-02-08,-0.100,39320
2006-02-07,-0.099,39360
2006-02-06,0.000,39399
2006-02-03,0.100,39399
2006-02-02,0.000,39359
2006-02-01,-0.099,39359
2006-01-31,0.392,39398
2006-01-30,-0.099,39244
2006-01-27,0.000,39283
2006-01-26,-0.199,39283
2006-01-25,-0.396,39361
2006-01-24,-0.099,39518
2006-01-23,0.000,39557
2006-01-20,0.100,39557
2006-01-19,-0.099,39517
2006-01-18,-0.099,39556
2006-01-17,0.100,39595
2006-01-13,0.299,39556
2006-01-12,0.200,39438
2006-01-11,-0.099,39360
2006-01-10,-0.198,39399
2006-01-09,0.000,39477
2006-01-06,-0.099,39477
2006-01-05,0.000,39516
2006-01-04,0.100,39516
2006-01-03,0.100,39476
2005-12-30,0.390,39437
2005-12-29,0.000,39284
2005-12-28,-0.198,39284
2005-12-27,0.199,39361
2005-12-23,0.200,39283
2005-12-22,0.300,39205
2005-12-21,-0.099,39088
2005-12-20,-0.099,39126
2005-12-19,0.000,39165
2005-12-16,0.100,39165
2005-12-15,-0.099,39126
2005-12-14,0.401,39165
2005-12-13,0.101,39008
2005-12-12,-0.100,38969
2005-12-09,-0.299,39008
2005-12-08,0.301,39125
2005-12-07,-0.100,39008
2005-12-06,0.301,39046
2005-12-05,-0.100,38929
2005-12-02,0.000,38968
2005-12-01,-0.199,38968
2005-11-30,0.281,39046
2005-11-29,-0.298,38936
2005-11-28,0.100,39053
2005-11-25,0.200,39014
2005-11-23,-0.199,38936
2005-11-22,0.100,39013
2005-11-21,0.200,38974
2005-11-18,-0.199,38896
2005-11-17,0.200,38974
2005-11-16,0.301,38896
2005-11-15,0.202,38779
2005-11-14,-0.300,38701
2005-11-11,0.000,38817
2005-11-10,0.403,38817
2005-11-09,-0.400,38662
2005-11-08,0.403,38817
2005-11-07,0.101,38661
2005-11-04,-0.100,38622
2005-11-03,-0.200,38661
2005-11-02,-0.200,38738
2005-11-01,-0.100,38816
2005-10-31,0.382,38855
2005-10-28,-0.100,38707
2005-10-27,0.101,38745
2005-10-26,-0.398,38706
2005-10-25,-0.199,38861
2005-10-24,-0.297,38938
2005-10-21,0.299,39054
2005-10-20,0.000,38938
2005-10-19,0.100,38938
2005-10-18,0.000,38899
2005-10-17,0.100,38899
2005-10-14,-0.099,38860
2005-10-13,-0.198,38898
2005-10-12,-0.297,38976
2005-10-11,-0.099,39092
2005-10-10,0.000,39130
2005-10-07,0.000,39130
2005-10-06,0.000,39130
2005-10-05,0.100,39130
2005-10-04,0.000,39091
2005-10-03,-0.197,39091
2005-09-30,0.169,39168
2005-09-29,-0.197,39102
2005-09-28,0.198,39179
2005-09-27,-0.098,39102
2005-09-26,-0.196,39140
2005-09-23,-0.294,39217
2005-09-22,0.099,39333
2005-09-21,0.197,39294
2005-09-20,-0.098,39216
2005-09-19,0.099,39255
2005-09-16,-0.196,39216
2005-09-15,-0.196,39293
2005-09-14,-0.097,39370
2005-09-13,0.099,39408
2005-09-12,-0.097,39370
2005-09-09,0.000,39408
2005-09-08,0.000,39408
2005-09-07,-0.292,39408
2005-09-06,-0.195,39523
2005-09-02,-0.097,39600
2005-09-01,0.098,39639
2005-08-31,0.668,39600
2005-08-30,0.393,39337
2005-08-29,0.000,39183
2005-08-26,-0.098,39183
2005-08-25,0.099,39221
2005-08-24,0.000,39183
2005-08-23,0.099,39183
2005-08-22,0.000,39144
2005-08-19,0.000,39144
2005-08-18,0.197,39143
2005-08-17,-0.196,39066
2005-08-16,0.197,39143
2005-08-15,-0.196,39066
2005-08-12,0.395,39143
2005-08-11,0.198,38989
2005-08-10,0.099,38912
2005-08-09,0.099,38873
2005-08-08,-0.197,38834
2005-08-05,-0.295,38911
2005-08-04,-0.098,39026
2005-08-03,0.198,39065
2005-08-02,-0.098,38987
2005-08-01,-0.098,39026
2005-07-29,-0.019,39064
2005-07-28,0.295,39072
2005-07-27,-0.098,38956
2005-07-26,0.000,38995
2005-07-25,-0.098,38994
2005-07-22,0.197,39032
2005-07-21,-0.391,38956
2005-07-20,0.098,39109
2005-07-19,0.099,39070
2005-07-18,-0.195,39032
2005-07-15,0.000,39108
2005-07-14,0.000,39108
2005-07-13,-0.097,39108
2005-07-12,-0.097,39146
2005-07-11,0.000,39184
2005-07-08,-0.292,39184
2005-07-07,0.196,39299
2005-07-06,0.098,39222
2005-07-05,-0.292,39183
2005-07-01,-0.388,39298
2005-06-30,0.557,39451
2005-06-29,-0.097,39232
2005-06-28,-0.194,39270
2005-06-27,0.000,39347
2005-06-24,0.195,39346
2005-06-23,-0.097,39270
2005-06-22,0.390,39308
2005-06-21,0.196,39155
2005-06-20,-0.097,39079
2005-06-17,0.000,39116
2005-06-16,0.196,39116
2005-06-15,0.000,39040
2005-06-14,-0.097,39040
2005-06-13,-0.194,39078
2005-06-10,-0.291,39154
2005-06-09,-0.194,39268
2005-06-08,-0.096,39344
2005-06-07,0.195,39382
2005-06-06,0.000,39306
2005-06-03,-0.290,39305
2005-06-02,0.097,39420
2005-06-01,0.390,39381
2005-05-31,0.666,39229
2005-05-27,0.098,38969
2005-05-26,-0.097,38931
2005-05-25,-0.097,38969
2005-05-24,0.196,39006
2005-05-23,0.196,38930
2005-05-20,-0.097,38854
2005-05-19,-0.097,38892
2005-05-18,0.196,38930
2005-05-17,0.000,38853
2005-05-16,-0.097,38853
2005-05-13,0.196,38891
2005-05-12,0.098,38815
2005-05-11,0.000,38777
2005-05-10,0.296,38776
2005-05-09,-0.098,38662
2005-05-06,-0.488,38700
2005-05-05,0.196,38890
2005-05-04,0.000,38814
2005-05-03,0.000,38813
2005-05-02,0.000,38813
2005-04-29,0.266,38813
2005-04-28,0.197,38710
2005-04-27,0.099,38634
2005-04-26,0.000,38596
2005-04-25,0.000,38596
2005-04-22,0.099,38596
2005-04-21,-0.293,38558
2005-04-20,0.000,38671
2005-04-19,0.197,38671
2005-04-18,0.099,38595
2005-04-15,0.197,38557
2005-04-14,0.099,38481
2005-04-13,0.000,38443
2005-04-12,0.396,38443
2005-04-11,0.100,38291
2005-04-08,-0.098,38253
2005-04-07,-0.197,38291
2005-04-06,0.198,38366
2005-04-05,-0.098,38291
2005-04-04,-0.098,38328
2005-04-01,0.198,38366
2005-03-31,0.718,38290
2005-03-30,0.100,38017
2005-03-29,0.199,37979
2005-03-28,-0.198,37904
2005-03-24,0.100,37979
2005-03-23,-0.099,37941
2005-03-22,-0.395,37979
2005-03-21,-0.098,38129
2005-03-18,-0.197,38167
2005-03-17,0.198,38242
2005-03-16,0.000,38166
2005-03-15,-0.098,38166
2005-03-14,0.099,38204
2005-03-11,-0.393,38166
2005-03-10,0.198,38317
2005-03-09,-0.588,38241
2005-03-08,-0.293,38467
2005-03-07,0.098,38580
2005-03-04,0.295,38542
2005-03-03,0.000,38429
2005-03-02,0.000,38429
2005-03-01,-0.098,38428
2005-02-28,-0.039,38466
2005-02-25,0.000,38481
2005-02-24,-0.097,38481
2005-02-23,0.098,38518
2005-02-22,-0.097,38480
2005-02-18,-0.291,38518
2005-02-17,-0.097,38630
2005-02-16,-0.194,38668
2005-02-15,-0.096,38743
2005-02-14,0.097,38780
2005-02-11,-0.193,38742
2005-02-10,-0.289,38817
2005-02-09,0.194,38930
2005-02-08,0.000,38854
2005-02-07,0.097,38854
2005-02-04,0.389,38816
2005-02-03,-0.097,38666
2005-02-02,0.000,38703
2005-02-01,0.000,38703
2005-01-31,0.361,38703
2005-01-28,0.195,38564
2005-01-27,0.000,38489
2005-01-26,-0.097,38488
2005-01-25,-0.194,38526
2005-01-24,0.000,38600
2005-01-21,0.098,38600
2005-01-20,0.195,38563
2005-01-19,0.000,38488
2005-01-18,0.098,38487
2005-01-14,-0.194,38450
2005-01-13,0.195,38524
2005-01-12,0.098,38449
2005-01-11,0.098,38412
2005-01-10,0.098,38374
2005-01-07,-0.097,38337
2005-01-06,0.098,38374
2005-01-05,0.000,38336
2005-01-04,-0.292,38336
2005-01-03,0.000,38448
2004-12-31,0.588,38448
2004-12-30,0.294,38223
2004-12-29,-0.097,38111
2004-12-28,-0.097,38148
2004-12-27,-0.291,38185
2004-12-23,0.000,38297
2004-12-22,-0.097,38297
2004-12-21,0.098,38334
2004-12-20,0.000,38296
2004-12-17,-0.097,38296
2004-12-16,-0.387,38333
2004-12-15,0.194,38482
2004-12-14,0.000,38407
2004-12-13,0.000,38407
2004-12-10,0.098,38407
2004-12-09,-0.193,38370
2004-12-08,0.390,38444
2004-12-07,0.000,38295
2004-12-06,0.195,38295
2004-12-03,0.490,38220
2004-12-02,-0.097,38033
2004-12-01,0.000,38070
2004-11-30,0.265,38070
2004-11-29,-0.292,37970
2004-11-26,-0.194,38081
2004-11-24,-0.097,38155
2004-11-23,0.000,38192
2004-11-22,0.098,38192
2004-11-19,-0.290,38154
2004-11-18,0.098,38265
2004-11-17,0.293,38228
2004-11-16,-0.097,38117
2004-11-15,0.000,38153
2004-11-12,0.195,38153
2004-11-11,0.000,38079
2004-11-10,-0.097,38079
2004-11-09,0.000,38116
2004-11-08,-0.097,38115
2004-11-05,-0.484,38152
2004-11-04,0.000,38338
2004-11-03,0.097,38338
2004-11-02,0.000,38300
2004-11-01,-0.193,38300
2004-10-29,0.555,38374
2004-10-28,0.000,38162
2004-10-27,-0.289,38162
2004-10-26,-0.096,38273
2004-10-25,0.097,38310
2004-10-22,0.000,38273
2004-10-21,0.000,38272
2004-10-20,0.194,38272
2004-10-19,0.000,38198
2004-10-18,0.000,38198
2004-10-15,-0.193,38198
2004-10-14,0.291,38272
2004-10-13,0.097,38160
2004-10-12,0.098,38123
2004-10-11,0.000,38086
2004-10-08,0.488,38086
2004-10-07,0.000,37901
2004-10-06,-0.291,37901
2004-10-05,0.098,38011
2004-10-04,0.000,37974
2004-10-01,-0.194,37974
2004-09-30,0.166,38048
2004-09-29,-0.290,37985
2004-09-28,0.000,38095
2004-09-27,0.097,38095
2004-09-24,-0.096,38058
2004-09-23,-0.193,38095
2004-09-22,0.194,38168
2004-09-21,0.000,38094
2004-09-20,0.291,38094
2004-09-17,-0.290,37983
2004-09-16,0.486,38094
2004-09-15,-0.194,37909
2004-09-14,0.098,37983
2004-09-13,0.098,37946
2004-09-10,0.098,37909
2004-09-09,-0.194,37872
2004-09-08,0.390,37945
2004-09-07,0.196,37798
2004-09-03,-0.389,37724
2004-09-02,-0.291,37871
2004-09-01,0.000,37981
2004-08-31,0.655,37981
2004-08-30,0.098,37734
2004-08-27,0.000,37697
2004-08-26,0.196,37697
2004-08-25,0.098,37624
2004-08-24,0.000,37587
2004-08-23,-0.194,37586
2004-08-20,-0.097,37660
2004-08-19,0.098,37696
2004-08-18,-0.097,37659
2004-08-17,0.196,37696
2004-08-16,-0.194,37622
2004-08-13,0.196,37696
2004-08-12,0.098,37622
2004-08-11,0.098,37585
2004-08-10,-0.195,37548
2004-08-09,-0.097,37621
2004-08-06,0.786,37658
2004-08-05,0.099,37364
2004-08-04,0.000,37327
2004-08-03,0.099,37327
2004-08-02,0.099,37290
2004-07-30,0.765,37253
2004-07-29,0.199,36971
2004-07-28,0.000,36897
2004-07-27,-0.493,36897
2004-07-26,-0.196,37080
2004-07-23,0.099,37153
2004-07-22,0.099,37116
2004-07-21,-0.098,37079
2004-07-20,-0.392,37116
2004-07-19,-0.098,37262
2004-07-16,0.592,37298
2004-07-15,0.000,37078
2004-07-14,-0.098,37078
2004-07-13,-0.196,37115
2004-07-12,0.099,37188
2004-07-09,0.099,37151
2004-07-08,0.000,37114
2004-07-07,0.000,37114
2004-07-06,-0.098,37114
2004-07-02,0.495,37150
2004-07-01,0.199,36967
2004-06-30,0.860,36894
2004-06-29,0.200,36579
2004-06-28,-0.496,36506
2004-06-25,0.000,36688
2004-06-24,0.299,36688
2004-06-23,0.000,36579
2004-06-22,0.000,36578
2004-06-21,0.000,36578
2004-06-18,0.000,36578
2004-06-17,0.200,36578
2004-06-16,-0.199,36505
2004-06-15,0.905,36577
2004-06-14,-0.499,36249
2004-06-10,0.000,36431
2004-06-09,-0.199,36431
2004-06-08,0.000,36504
2004-06-07,0.100,36504
2004-06-04,-0.298,36467
2004-06-03,0.100,36576
2004-06-02,-0.099,36540
2004-06-01,-0.297,36576
2004-05-28,0.070,36685
2004-05-27,0.398,36659
2004-05-26,0.300,36514
2004-05-25,0.000,36405
2004-05-24,0.100,36405
2004-05-21,-0.199,36368
2004-05-20,0.401,36441
2004-05-19,-0.299,36295
2004-05-18,-0.199,36404
2004-05-17,0.400,36477
2004-05-14,0.402,36331
2004-05-13,-0.300,36186
2004-05-12,0.000,36294
2004-05-11,0.101,36294
2004-05-10,0.000,36258
2004-05-07,-0.892,36258
2004-05-06,-0.198,36584
2004-05-05,-0.296,36657
2004-05-04,-0.098,36765
2004-05-03,-0.098,36801
2004-04-30,0.565,36838
2004-04-29,-0.393,36630
2004-04-28,-0.294,36775
2004-04-27,0.197,36883
2004-04-26,0.000,36811
2004-04-23,-0.391,36811
2004-04-22,0.197,36955
2004-04-21,-0.293,36883
2004-04-20,0.000,36991
2004-04-19,-0.097,36991
2004-04-16,0.196,37027
2004-04-15,0.000,36954
2004-04-14,-0.389,36954
2004-04-13,-0.388,37098
2004-04-12,-0.096,37243
2004-04-08,-0.193,37279
2004-04-07,0.097,37351
2004-04-06,0.195,37315
2004-04-05,-0.386,37242
2004-04-02,-0.862,37387
2004-04-01,-0.286,37712
2004-03-31,0.752,37820
2004-03-30,0.000,37538
2004-03-29,-0.191,37538
2004-03-26,-0.380,37609
2004-03-25,-0.095,37753
2004-03-24,0.000,37789
2004-03-23,0.000,37788
2004-03-22,0.191,37788
2004-03-19,-0.095,37716
2004-03-18,-0.284,37752
2004-03-17,0.095,37860
2004-03-16,0.286,37824
2004-03-15,-0.095,37716
2004-03-12,-0.095,37751
2004-03-11,-0.095,37787
2004-03-10,0.000,37823
2004-03-09,0.096,37823
2004-03-08,0.286,37787
2004-03-05,0.769,37679
2004-03-04,0.097,37391
2004-03-03,0.000,37355
2004-03-02,-0.287,37355
2004-03-01,0.000,37462
2004-02-27,0.550,37462
2004-02-26,-0.095,37257
2004-02-25,0.097,37293
2004-02-24,0.097,37257
2004-02-23,0.097,37221
2004-02-20,-0.192,37185
2004-02-19,0.000,37256
2004-02-18,0.000,37256
2004-02-17,0.000,37256
2004-02-13,0.097,37256
2004-02-12,-0.191,37220
2004-02-11,0.386,37291
2004-02-10,-0.096,37148
2004-02-09,0.097,37184
2004-02-06,0.387,37148
2004-02-05,-0.289,37004
2004-02-04,-0.096,37111
2004-02-03,0.194,37147
2004-02-02,0.000,37075
2004-01-30,0.671,37075
2004-01-29,-0.096,36828
2004-01-28,-0.481,36864
2004-01-27,0.193,37042
2004-01-26,-0.288,36970
2004-01-23,-0.383,37077
2004-01-22,0.289,37219
2004-01-21,0.097,37112
2004-01-20,-0.191,37076
2004-01-16,-0.095,37148
2004-01-15,0.000,37183
2004-01-14,0.096,37183
2004-01-13,0.193,37147
2004-01-12,0.000,37075
2004-01-09,0.678,37075
2004-01-08,0.000,36826
2004-01-07,0.097,36825
2004-01-06,0.585,36790
2004-01-05,-0.097,36576
2004-01-02,-0.388,36611
2003-12-31,0.498,36753
2003-12-30,-0.193,36571
2003-12-29,-0.289,36642
2003-12-26,0.194,36749
2003-12-24,0.292,36677
2003-12-23,-0.386,36571
2003-12-22,-0.193,36713
2003-12-19,0.097,36783
2003-12-18,0.097,36748
2003-12-17,0.194,36712
2003-12-16,0.195,36641
2003-12-15,-0.096,36570
2003-12-12,0.000,36605
2003-12-11,0.292,36605
2003-12-10,0.196,36498
2003-12-09,-0.291,36427
2003-12-08,-0.290,36533
2003-12-05,0.782,36640
2003-12-04,0.196,36355
2003-12-03,-0.097,36284
2003-12-02,0.098,36320
2003-12-01,-0.389,36284
2003-11-28,-0.029,36426
2003-11-26,-0.290,36436
2003-11-25,0.195,36542
2003-11-24,-0.290,36471
2003-11-21,0.000,36577
2003-11-20,0.292,36577
2003-11-19,-0.290,36471
2003-11-18,0.000,36577
2003-11-17,0.194,36577
2003-11-14,0.292,36506
2003-11-13,0.588,36399
2003-11-12,0.295,36187
2003-11-11,0.000,36080
2003-11-10,0.000,36080
2003-11-07,-0.195,36080
2003-11-06,-0.292,36151
2003-11-05,-0.194,36257
2003-11-04,0.196,36327
2003-11-03,-0.292,36256
2003-10-31,0.588,36362
2003-10-30,-0.291,36150
2003-10-29,-0.290,36255
2003-10-28,0.390,36361
2003-10-27,-0.291,36220
2003-10-24,0.488,36325
2003-10-23,-0.194,36149
2003-10-22,0.392,36219
2003-10-21,0.000,36078
2003-10-20,0.098,36078
2003-10-17,0.197,36042
2003-10-16,-0.293,35972
2003-10-15,-0.195,36077
2003-10-14,-0.291,36148
2003-10-13,-0.097,36253
2003-10-10,0.195,36288
2003-10-09,-0.194,36218
2003-10-08,0.098,36288
2003-10-07,-0.387,36253
2003-10-06,0.195,36393
2003-10-03,-0.770,36323
2003-10-02,-0.288,36605
2003-10-01,0.000,36710
2003-09-30,0.824,36710
2003-09-29,-0.192,36410
2003-09-26,0.387,36480
2003-09-25,0.097,36340
2003-09-24,0.292,36304
2003-09-23,0.098,36199
2003-09-22,-0.290,36163
2003-09-19,0.097,36269
2003-09-18,0.000,36233
2003-09-17,0.390,36233
2003-09-16,-0.097,36092
2003-09-15,0.000,36127
2003-09-12,0.293,36127
2003-09-11,-0.291,36022
2003-09-10,0.391,36127
2003-09-09,0.196,35986
2003-09-08,-0.097,35916
2003-09-05,0.789,35951
2003-09-04,0.396,35669
2003-09-03,0.000,35529
2003-09-02,-0.589,35528
2003-08-29,0.119,35739
2003-08-28,0.494,35697
2003-08-27,-0.197,35521
2003-08-26,0.198,35591
2003-08-25,-0.197,35521
2003-08-22,0.198,35591
2003-08-21,-0.393,35521
2003-08-20,-0.196,35661
2003-08-19,0.494,35731
2003-08-18,0.297,35555
2003-08-15,0.199,35450
2003-08-14,-0.099,35379
2003-08-13,-0.980,35414
2003-08-12,0.099,35765
2003-08-11,-0.391,35730
2003-08-08,0.098,35870
2003-08-07,0.295,35834
2003-08-06,0.692,35729
2003-08-05,-0.295,35483
2003-08-04,0.297,35588
2003-08-01,-0.098,35483
2003-07-31,-0.403,35518
2003-07-30,0.197,35662
2003-07-29,-0.488,35592
2003-07-28,-0.485,35766
2003-07-25,-0.097,35941
2003-07-24,-0.097,35975
2003-07-23,0.195,36010
2003-07-22,0.000,35940
2003-07-21,-0.675,35940
2003-07-18,-0.096,36184
2003-07-17,0.000,36219
2003-07-16,-0.096,36219
2003-07-15,-0.669,36254
2003-07-14,-0.381,36498
2003-07-11,0.191,36637
2003-07-10,0.096,36567
2003-07-09,0.096,36532
2003-07-08,-0.095,36497
2003-07-07,-0.190,36532
2003-07-03,-0.380,36602
2003-07-02,0.096,36741
2003-07-01,-0.095,36706
2003-06-30,0.632,36741
2003-06-27,-0.190,36510
2003-06-26,-0.567,36579
2003-06-25,-0.282,36788
2003-06-24,0.095,36892
2003-06-23,0.284,36857
2003-06-20,-0.188,36753
2003-06-19,0.095,36822
2003-06-18,-0.282,36787
2003-06-17,-0.375,36891
2003-06-16,-0.280,37030
2003-06-13,0.188,37134
2003-06-12,0.094,37064
2003-06-11,0.000,37029
2003-06-10,0.283,37029
2003-06-09,0.284,36925
2003-06-06,0.000,36820
2003-06-05,-0.188,36820
2003-06-04,0.095,36890
2003-06-03,0.379,36855
2003-06-02,-0.189,36715
2003-05-30,0.285,36785
2003-05-29,0.285,36680
2003-05-28,-0.094,36576
2003-05-27,-0.188,36611
2003-05-23,0.000,36680
2003-05-22,0.190,36680
2003-05-21,-0.188,36610
2003-05-20,0.285,36679
2003-05-19,0.000,36575
2003-05-16,0.285,36575
2003-05-15,-0.189,36471
2003-05-14,0.381,36540
2003-05-13,-0.095,36401
2003-05-12,0.096,36436
2003-05-09,0.000,36401
2003-05-08,0.096,36401
2003-05-07,0.287,36366
2003-05-06,0.384,36262
2003-05-05,0.096,36123
2003-05-02,-0.191,36088
2003-05-01,0.096,36157
2003-04-30,0.676,36123
2003-04-29,-0.096,35880
2003-04-28,0.000,35914
2003-04-25,0.097,35914
2003-04-24,0.387,35879
2003-04-23,0.000,35741
2003-04-22,0.097,35741
2003-04-21,-0.096,35706
2003-04-17,0.000,35741
2003-04-16,0.194,35741
2003-04-15,0.194,35671
2003-04-14,-0.193,35602
2003-04-11,-0.193,35671
2003-04-10,-0.096,35740
2003-04-09,0.097,35774
2003-04-08,0.291,35740
2003-04-07,-0.193,35636
2003-04-04,-0.096,35705
2003-04-03,0.097,35739
2003-04-02,-0.288,35704
2003-04-01,0.000,35808
2003-03-31,0.748,35808
2003-03-28,0.097,35542
2003-03-27,0.097,35507
2003-03-26,0.097,35473
2003-03-25,0.000,35438
2003-03-24,0.487,35438
2003-03-21,-0.291,35266
2003-03-20,-0.193,35369
2003-03-19,-0.193,35438
2003-03-18,-0.289,35506
2003-03-17,-0.384,35609
2003-03-14,0.097,35746
2003-03-13,-0.573,35712
2003-03-12,-0.095,35917
2003-03-11,-0.095,35952
2003-03-10,0.192,35986
2003-03-07,0.000,35917
2003-03-06,-0.095,35917
2003-03-05,0.096,35951
2003-03-04,0.096,35916
2003-03-03,0.096,35882
2003-02-28,0.607,35847
2003-02-27,0.097,35631
2003-02-26,0.097,35597
2003-02-25,0.097,35562
2003-02-24,0.193,35528
2003-02-21,-0.192,35459
2003-02-20,0.097,35528
2003-02-19,0.290,35493
2003-02-18,0.000,35390
2003-02-14,-0.288,35390
2003-02-13,0.097,35493
2003-02-12,0.194,35458
2003-02-11,0.000,35390
2003-02-10,-0.192,35390
2003-02-07,0.097,35458
2003-02-06,0.194,35423
2003-02-05,-0.193,35355
2003-02-04,0.194,35423
2003-02-03,0.000,35355
2003-01-31,0.545,35354
2003-01-30,0.195,35163
2003-01-29,-0.193,35094
2003-01-28,-0.096,35162
2003-01-27,-0.193,35196
2003-01-24,0.097,35264
2003-01-23,-0.096,35230
2003-01-22,0.194,35264
2003-01-21,0.097,35196
2003-01-17,0.195,35161
2003-01-16,0.000,35093
2003-01-15,0.000,35093
2003-01-14,0.097,35093
2003-01-13,0.098,35059
2003-01-10,0.098,35024
2003-01-09,-0.580,34990
2003-01-08,0.194,35194
2003-01-07,0.195,35126
2003-01-06,0.000,35058
2003-01-03,0.000,35058
2003-01-02,-0.770,35057
2002-12-31,0.300,35330
2002-12-30,0.097,35224
2002-12-27,0.387,35190
2002-12-26,0.000,35054
2002-12-24,0.194,35054
2002-12-23,-0.096,34986
2002-12-20,0.000,35020
2002-12-19,0.389,35019
2002-12-18,0.293,34884
2002-12-17,0.098,34782
2002-12-16,-0.291,34748
2002-12-13,-0.097,34849
2002-12-12,-0.097,34883
2002-12-11,0.195,34917
2002-12-10,0.000,34849
2002-12-09,0.195,34849
2002-12-06,0.098,34781
2002-12-05,0.196,34747
2002-12-04,0.196,34679
2002-12-03,0.000,34611
2002-12-02,0.197,34610
2002-11-29,0.434,34543
2002-11-27,-0.585,34393
2002-11-26,0.392,34596
2002-11-25,0.000,34460
2002-11-22,-0.097,34460
2002-11-21,-0.195,34494
2002-11-20,-0.389,34561
2002-11-19,0.195,34696
2002-11-18,0.098,34628
2002-11-15,-0.097,34594
2002-11-14,-0.388,34628
2002-11-13,0.000,34763
2002-11-12,-0.097,34763
2002-11-11,0.000,34796
2002-11-08,0.195,34796
2002-11-07,0.489,34728
2002-11-06,0.294,34560
2002-11-05,-0.097,34458
2002-11-04,-0.097,34492
2002-11-01,-0.195,34525
2002-10-31,0.658,34593
2002-10-30,0.000,34366
2002-10-29,0.492,34366
2002-10-28,0.099,34198
2002-10-25,0.296,34164
2002-10-24,0.297,34063
2002-10-23,0.099,33962
2002-10-22,-0.098,33929
2002-10-21,-0.295,33962
2002-10-18,0.000,34063
2002-10-17,-0.295,34063
2002-10-16,-0.196,34163
2002-10-15,-0.682,34230
2002-10-14,0.098,34465
2002-10-11,-0.485,34431
2002-10-10,-0.290,34599
2002-10-09,0.195,34700
2002-10-08,-0.193,34632
2002-10-07,0.097,34699
2002-10-04,-0.096,34666
2002-10-03,0.000,34699
2002-10-02,0.000,34699
2002-10-01,-0.289,34699
2002-09-30,0.651,34799
2002-09-27,0.194,34574
2002-09-26,0.000,34507
2002-09-25,-0.386,34507
2002-09-24,0.000,34641
2002-09-23,0.194,34640
2002-09-20,-0.096,34573
2002-09-19,0.194,34607
2002-09-18,0.000,34540
2002-09-17,0.000,34539
2002-09-16,0.097,34539
2002-09-13,0.195,34506
2002-09-12,0.390,34439
2002-09-11,-0.194,34305
2002-09-10,0.195,34371
2002-09-09,-0.097,34304
2002-09-06,-0.484,34338
2002-09-05,0.195,34505
2002-09-04,0.000,34438
2002-09-03,0.488,34437
2002-08-30,0.570,34270
2002-08-29,0.196,34076
2002-08-28,0.197,34009
2002-08-27,-0.195,33943
2002-08-26,0.098,34009
2002-08-23,0.197,33976
2002-08-22,-0.293,33909
2002-08-21,0.000,34009
2002-08-20,0.591,34008
2002-08-19,0.000,33809
2002-08-16,-0.489,33808
2002-08-15,-0.292,33975
2002-08-14,0.098,34074
2002-08-13,0.196,34041
2002-08-12,0.197,33974
2002-08-09,0.395,33907
2002-08-08,-0.294,33774
2002-08-07,0.296,33874
2002-08-06,-0.490,33774
2002-08-05,0.000,33940
2002-08-02,0.493,33940
2002-08-01,0.198,33773
2002-07-31,0.988,33707
2002-07-30,-0.099,33377
2002-07-29,-0.591,33410
2002-07-26,-0.098,33609
2002-07-25,0.099,33641
2002-07-24,-0.490,33608
2002-07-23,0.000,33774
2002-07-22,0.197,33773
2002-07-19,0.197,33707
2002-07-18,0.198,33641
2002-07-17,0.099,33574
2002-07-16,-0.393,33541
2002-07-15,-0.196,33673
2002-07-12,0.000,33739
2002-07-11,0.000,33739
2002-07-10,0.296,33739
2002-07-09,0.396,33640
2002-07-08,0.198,33507
2002-07-05,-0.394,33441
2002-07-03,-0.098,33573
2002-07-02,0.198,33606
2002-07-01,0.000,33539
2002-06-28,0.387,33539
2002-06-27,-0.490,33410
2002-06-26,0.197,33575
2002-06-25,0.000,33509
2002-06-24,-0.391,33508
2002-06-21,0.197,33640
2002-06-20,-0.391,33574
2002-06-19,0.295,33706
2002-06-18,0.099,33607
2002-06-17,-0.293,33573
2002-06-14,0.393,33672
2002-06-13,0.099,33540
2002-06-12,0.197,33507
2002-06-11,0.198,33441
2002-06-10,0.000,33375
2002-06-07,-0.197,33375
2002-06-06,0.099,33441
2002-06-05,-0.196,33407
2002-06-04,0.099,33473
2002-06-03,0.000,33440
2002-05-31,0.515,33440
2002-05-30,0.099,33268
2002-05-29,0.297,33236
2002-05-28,0.099,33137
2002-05-24,0.000,33104
2002-05-23,-0.197,33104
2002-05-22,0.198,33169
2002-05-21,0.199,33104
2002-05-20,0.299,33038
2002-05-17,-0.297,32939
2002-05-16,0.299,33038
2002-05-15,0.200,32939
2002-05-14,-0.397,32873
2002-05-13,-0.395,33004
2002-05-10,0.199,33135
2002-05-09,0.199,33070
2002-05-08,-0.592,33004
2002-05-07,0.099,33200
2002-05-06,-0.098,33167
2002-05-03,0.198,33200
2002-05-02,-0.197,33134
2002-05-01,0.099,33200
2002-04-30,0.497,33167
2002-04-29,-0.197,33003
2002-04-26,0.099,33068
2002-04-25,0.000,33035
2002-04-24,0.298,33035
2002-04-23,-0.098,32937
2002-04-22,0.000,32969
2002-04-19,0.100,32969
2002-04-18,0.100,32936
2002-04-17,0.000,32904
2002-04-16,-0.197,32904
2002-04-15,0.100,32969
2002-04-12,0.100,32936
2002-04-11,0.100,32903
2002-04-10,-0.099,32870
2002-04-09,0.199,32903
2002-04-08,-0.099,32837
2002-04-05,0.199,32870
2002-04-04,0.000,32804
2002-04-03,0.300,32804
2002-04-02,0.401,32706
2002-04-01,-0.100,32576
2002-03-28,0.322,32608
2002-03-27,0.100,32504
2002-03-26,0.300,32471
2002-03-25,-0.099,32374
2002-03-22,-0.099,32406
2002-03-21,0.100,32438
2002-03-20,-0.298,32406
2002-03-19,0.000,32503
2002-03-18,0.200,32503
2002-03-15,0.100,32438
2002-03-14,-0.595,32405
2002-03-13,0.199,32599
2002-03-12,0.000,32534
2002-03-11,0.000,32534
2002-03-08,-0.494,32534
2002-03-07,-0.492,32696
2002-03-06,-0.098,32857
2002-03-05,0.000,32890
2002-03-04,-0.098,32890
2002-03-01,-0.391,32922
2002-02-28,0.364,33051
2002-02-27,0.393,32931
2002-02-26,-0.293,32802
2002-02-25,-0.097,32899
2002-02-22,0.197,32931
2002-02-21,0.000,32866
2002-02-20,0.000,32866
2002-02-19,-0.097,32866
2002-02-15,0.295,32898
2002-02-14,0.197,32801
2002-02-13,-0.196,32736
2002-02-12,-0.196,32801
2002-02-11,-0.097,32865
2002-02-08,0.295,32897
2002-02-07,-0.098,32800
2002-02-06,-0.195,32832
2002-02-05,-0.097,32897
2002-02-04,0.295,32929
2002-02-01,0.197,32832
2002-01-31,0.296,32767
2002-01-30,-0.097,32670
2002-01-29,0.394,32702
2002-01-28,0.000,32574
2002-01-25,-0.098,32574
2002-01-24,-0.098,32606
2002-01-23,-0.293,32638
2002-01-22,-0.097,32734
2002-01-18,0.197,32765
2002-01-17,-0.390,32701
2002-01-16,-0.097,32829
2002-01-15,0.098,32861
2002-01-14,-0.194,32829
2002-01-11,0.392,32893
2002-01-10,0.492,32765
2002-01-09,0.099,32604
2002-01-08,0.000,32572
2002-01-07,0.396,32572
2002-01-04,0.000,32443
2002-01-03,0.198,32443
2002-01-02,-0.394,32379
2001-12-31,0.906,32507
2001-12-28,-0.098,32215
2001-12-27,0.298,32247
2001-12-26,-0.198,32151
2001-12-24,-0.197,32215
2001-12-21,-0.098,32278
2001-12-20,0.000,32310
2001-12-19,0.397,32310
2001-12-18,0.199,32182
2001-12-17,-0.099,32118
2001-12-14,-0.395,32150
2001-12-13,-0.393,32277
2001-12-12,0.396,32405
2001-12-11,0.198,32277
2001-12-10,0.100,32213
2001-12-07,-0.591,32181
2001-12-06,-0.392,32372
2001-12-05,-0.971,32500
2001-12-04,0.293,32818
2001-12-03,0.000,32723
2001-11-30,0.589,32723
2001-11-29,0.589,32531
2001-11-28,0.000,32340
2001-11-27,0.197,32340
2001-11-26,-0.098,32277
2001-11-23,-0.196,32308
2001-11-21,-0.390,32372
2001-11-20,-0.292,32498
2001-11-19,0.490,32593
2001-11-16,-0.583,32434
2001-11-15,-0.867,32625
2001-11-14,-0.479,32910
2001-11-13,-0.191,33069
2001-11-12,0.000,33132
2001-11-09,-0.191,33132
2001-11-08,-0.190,33195
2001-11-07,0.288,33259
2001-11-06,0.192,33163
2001-11-05,0.289,33100
2001-11-02,-0.573,33004
2001-11-01,0.096,33194
2001-10-31,1.084,33163
2001-10-30,0.097,32807
2001-10-29,0.097,32775
2001-10-26,0.000,32743
2001-10-25,0.194,32743
2001-10-24,0.194,32680
2001-10-23,-0.096,32617
2001-10-22,0.000,32648
2001-10-19,-0.193,32648
2001-10-18,0.097,32711
2001-10-17,0.097,32679
2001-10-16,0.194,32648
2001-10-15,0.195,32584
2001-10-12,0.098,32521
2001-10-11,-0.290,32489
2001-10-10,-0.096,32584
2001-10-09,-0.193,32615
2001-10-08,0.000,32678
2001-10-05,0.000,32678
2001-10-04,0.000,32678
2001-10-03,0.097,32678
2001-10-02,0.194,32646
2001-10-01,0.098,32583
2001-09-28,0.507,32551
2001-09-27,0.195,32387
2001-09-26,0.293,32324
2001-09-25,0.000,32229
2001-09-24,0.000,32229
2001-09-21,0.098,32229
2001-09-20,-0.291,32197
2001-09-19,0.293,32291
2001-09-18,-0.870,32197
2001-09-17,0.780,32480
2001-09-10,-0.097,32228
2001-09-07,0.196,32259
2001-09-06,0.392,32196
2001-09-05,0.098,32071
2001-09-04,-0.681,32039
2001-08-31,0.421,32259
2001-08-30,0.000,32124
2001-08-29,0.293,32123
2001-08-28,0.294,32030
2001-08-27,0.000,31936
2001-08-24,-0.195,31935
2001-08-23,0.196,31998
2001-08-22,0.000,31935
2001-08-21,0.000,31935
2001-08-20,-0.195,31935
2001-08-17,0.294,31997
2001-08-16,0.098,31903
2001-08-15,-0.097,31872
2001-08-14,-0.097,31903
2001-08-13,0.098,31934
2001-08-10,0.098,31903
2001-08-09,-0.097,31871
2001-08-08,0.492,31902
2001-08-07,0.000,31746
2001-08-06,0.000,31746
2001-08-03,-0.098,31746
2001-08-02,-0.294,31777
2001-08-01,-0.097,31870
2001-07-31,0.730,31901
2001-07-30,0.099,31670
2001-07-27,0.296,31639
2001-07-26,0.000,31546
2001-07-25,-0.196,31545
2001-07-24,0.099,31607
2001-07-23,0.000,31576
2001-07-20,0.000,31576
2001-07-19,0.000,31576
2001-07-18,0.396,31576
2001-07-17,0.099,31451
2001-07-16,0.100,31420
2001-07-13,0.000,31389
2001-07-12,0.199,31389
2001-07-11,-0.197,31326
2001-07-10,0.298,31388
2001-07-09,0.100,31295
2001-07-06,0.200,31264
2001-07-05,-0.099,31201
2001-07-03,-0.198,31232
2001-07-02,0.299,31294
2001-06-29,0.330,31201
2001-06-28,-0.494,31098
2001-06-27,-0.098,31253
2001-06-26,-0.295,31283
2001-06-25,0.000,31376
2001-06-22,0.297,31376
2001-06-21,0.099,31283
2001-06-20,0.100,31252
2001-06-19,0.000,31221
2001-06-18,-0.099,31221
2001-06-15,-0.098,31252
2001-06-14,0.099,31282
2001-06-13,-0.098,31251
2001-06-12,0.298,31282
2001-06-11,0.199,31189
2001-06-08,-0.198,31127
2001-06-07,-0.197,31189
2001-06-06,0.000,31251
2001-06-05,0.298,31250
2001-06-04,0.199,31157
2001-06-01,0.200,31095
2001-05-31,1.047,31034
2001-05-30,0.000,30712
2001-05-29,0.000,30712
2001-05-25,0.000,30712
2001-05-24,-0.398,30711
2001-05-23,0.000,30834
2001-05-22,0.000,30834
2001-05-21,0.000,30834
2001-05-18,0.100,30834
2001-05-17,0.100,30803
2001-05-16,0.201,30772
2001-05-15,-0.100,30710
2001-05-14,0.201,30741
2001-05-11,-0.893,30679
2001-05-10,-0.395,30956
2001-05-09,0.199,31079
2001-05-08,-0.099,31017
2001-05-07,0.000,31048
2001-05-04,0.100,31048
2001-05-03,0.299,31017
2001-05-02,0.100,30924
2001-05-01,0.300,30893
2001-04-30,0.532,30801
2001-04-27,-0.496,30638
2001-04-26,0.299,30791
2001-04-25,-0.198,30699
2001-04-24,0.000,30760
2001-04-23,0.300,30760
2001-04-20,0.000,30668
2001-04-19,-0.397,30668
2001-04-18,0.399,30790
2001-04-17,0.300,30667
2001-04-16,-0.398,30576
2001-04-12,-0.198,30698
2001-04-11,-0.099,30759
2001-04-10,-0.592,30789
2001-04-09,-0.098,30972
2001-04-06,0.297,31003
2001-04-05,-0.098,30911
2001-04-04,0.000,30941
2001-04-03,0.099,30941
2001-04-02,-0.098,30911
2001-03-30,0.747,30941
2001-03-29,0.000,30711
2001-03-28,0.099,30711
2001-03-27,-0.493,30681
2001-03-26,-0.196,30833
2001-03-23,-0.392,30893
2001-03-22,0.295,31015
2001-03-21,0.099,30923
2001-03-20,0.099,30893
2001-03-19,-0.196,30862
2001-03-16,0.099,30923
2001-03-15,0.198,30892
2001-03-14,0.297,30832
2001-03-13,0.000,30740
2001-03-12,0.000,30740
2001-03-09,-0.197,30740
2001-03-08,0.099,30801
2001-03-07,0.298,30770
2001-03-06,0.000,30679
2001-03-05,-0.098,30678
2001-03-02,-0.394,30709
2001-03-01,0.198,30830
2001-02-28,0.717,30769
2001-02-27,0.398,30550
2001-02-26,0.200,30429
2001-02-23,0.200,30368
2001-02-22,0.000,30308
2001-02-21,-0.199,30308
2001-02-20,0.000,30368
2001-02-16,0.400,30368
2001-02-15,-0.299,30247
2001-02-14,-0.198,30337
2001-02-13,-0.099,30398
2001-02-12,-0.198,30428
2001-02-09,0.299,30488
2001-02-08,-0.099,30397
2001-02-07,0.100,30427
2001-02-06,-0.198,30397
2001-02-05,-0.099,30457
2001-02-02,-0.395,30487
2001-02-01,0.397,30608
2001-01-31,0.952,30487
2001-01-30,0.400,30200
2001-01-29,-0.099,30079
2001-01-26,0.000,30109
2001-01-25,0.301,30109
2001-01-24,0.000,30019
2001-01-23,-0.200,30018
2001-01-22,-0.199,30078
2001-01-19,-0.298,30138
2001-01-18,0.300,30229
2001-01-17,0.401,30138
2001-01-16,0.101,30018
2001-01-12,-0.499,29987
2001-01-11,-0.099,30138
2001-01-10,-0.397,30168
2001-01-09,-0.198,30288
2001-01-08,0.100,30348
2001-01-05,0.499,30318
2001-01-04,0.502,30167
2001-01-03,-0.597,30017
2001-01-02,0.804,30197
2000-12-29,0.566,29956
2000-12-28,0.000,29788
2000-12-27,-0.300,29787
2000-12-26,-0.099,29877
2000-12-22,0.101,29907
2000-12-21,0.101,29877
2000-12-20,0.403,29847
2000-12-19,-0.100,29727
2000-12-18,0.000,29757
2000-12-15,0.101,29757
2000-12-14,0.303,29726
2000-12-13,0.203,29637
2000-12-12,0.102,29577
2000-12-11,-0.101,29547
2000-12-08,-0.100,29576
2000-12-07,0.102,29606
2000-12-06,0.406,29576
2000-12-05,0.408,29456
2000-12-04,0.000,29337
2000-12-01,-0.304,29336
2000-11-30,0.965,29426
2000-11-29,0.205,29145
2000-11-28,0.103,29085
2000-11-27,0.000,29055
2000-11-24,-0.102,29055
2000-11-22,0.205,29085
2000-11-21,0.000,29025
2000-11-20,0.000,29025
2000-11-17,-0.204,29025
2000-11-16,0.103,29084
2000-11-15,0.206,29054
2000-11-14,0.103,28995
2000-11-13,0.206,28965
2000-11-10,-0.102,28905
2000-11-09,0.206,28935
2000-11-08,0.000,28875
2000-11-07,0.104,28875
2000-11-06,-0.205,28845
2000-11-03,-0.307,28905
2000-11-02,0.000,28994
2000-11-01,0.103,28993
2000-10-31,0.568,28964
2000-10-30,-0.102,28800
2000-10-27,-0.102,28829
2000-10-26,0.000,28859
2000-10-25,-0.204,28859
2000-10-24,-0.204,28918
2000-10-23,0.205,28977
2000-10-20,0.205,28917
2000-10-19,0.103,28858
2000-10-18,0.000,28828
2000-10-17,0.206,28828
2000-10-16,-0.102,28769
2000-10-13,0.000,28798
2000-10-12,0.206,28798
2000-10-11,0.000,28739
2000-10-10,0.000,28739
2000-10-09,0.000,28739
2000-10-06,0.103,28739
2000-10-05,0.000,28709
2000-10-04,-0.102,28709
2000-10-03,-0.102,28738
2000-10-02,-0.102,28768
2000-09-29,0.662,28797
2000-09-28,0.103,28608
2000-09-27,-0.102,28578
2000-09-26,0.103,28607
2000-09-25,0.000,28578
2000-09-22,0.207,28578
2000-09-21,0.104,28519
2000-09-20,-0.103,28489
2000-09-19,0.000,28518
2000-09-18,-0.102,28518
2000-09-15,0.000,28548
2000-09-14,-0.205,28547
2000-09-13,0.206,28606
2000-09-12,0.000,28547
2000-09-11,-0.205,28547
2000-09-08,0.103,28606
2000-09-07,-0.102,28576
2000-09-06,-0.205,28605
2000-09-05,0.000,28664
2000-09-01,0.309,28664
2000-08-31,0.883,28576
2000-08-30,0.000,28326
2000-08-29,-0.206,28326
2000-08-28,-0.205,28384
2000-08-25,0.000,28442
2000-08-24,0.103,28442
2000-08-23,0.207,28413
2000-08-22,0.000,28354
2000-08-21,0.000,28354
2000-08-18,0.000,28354
2000-08-17,0.104,28354
2000-08-16,-0.206,28324
2000-08-15,0.000,28383
2000-08-14,0.000,28382
2000-08-11,-0.307,28382
2000-08-10,0.309,28470
2000-08-09,0.000,28382
2000-08-08,0.207,28382
2000-08-07,-0.206,28323
2000-08-04,0.310,28382
2000-08-03,0.104,28294
2000-08-02,0.104,28264
2000-08-01,0.208,28235
2000-07-31,0.470,28177
2000-07-28,-0.103,28045
2000-07-27,0.104,28074
2000-07-26,0.000,28045
2000-07-25,0.104,28044
2000-07-24,-0.207,28015
2000-07-21,0.104,28073
2000-07-20,0.731,28044
2000-07-19,-0.104,27840
2000-07-18,0.105,27869
2000-07-17,-0.415,27840
2000-07-14,-0.310,27956
2000-07-13,0.312,28043
2000-07-12,-0.103,27956
2000-07-11,0.000,27985
2000-07-10,-0.103,27985
2000-07-07,0.208,28014
2000-07-06,-0.207,27956
2000-07-05,0.104,28014
2000-07-03,0.209,27984
2000-06-30,0.660,27926
2000-06-29,0.419,27743
2000-06-28,-0.104,27627
2000-06-27,0.000,27656
2000-06-26,0.315,27656
2000-06-23,-0.209,27569
2000-06-22,-0.208,27627
2000-06-21,-0.312,27684
2000-06-20,-0.207,27771
2000-06-19,-0.103,27829
2000-06-16,0.313,27857
2000-06-15,0.000,27770
2000-06-14,0.314,27770
2000-06-13,-0.104,27683
2000-06-12,0.209,27712
2000-06-09,0.000,27654
2000-06-08,-0.104,27654
2000-06-07,0.000,27683
2000-06-06,0.000,27683
2000-06-05,0.315,27683
2000-06-02,0.421,27596
2000-06-01,0.529,27480
2000-05-31,0.896,27336
2000-05-30,-0.211,27093
2000-05-26,0.213,27150
2000-05-25,0.426,27092
2000-05-24,0.000,26977
2000-05-23,-0.106,26977
2000-05-22,0.428,27006
2000-05-19,0.107,26891
2000-05-18,-0.319,26862
2000-05-17,-0.212,26948
2000-05-16,0.214,27005
2000-05-15,0.107,26948
2000-05-12,-0.425,26919
2000-05-11,0.107,27034
2000-05-10,0.214,27005
2000-05-09,0.107,26947
2000-05-08,-0.213,26918
2000-05-05,-0.318,26976
2000-05-04,-0.422,27062
2000-05-03,-0.525,27177
2000-05-02,-0.209,27320
2000-05-01,0.000,27377
2000-04-28,0.560,27377
2000-04-27,-0.521,27225
2000-04-26,-0.104,27368
2000-04-25,-0.415,27396
2000-04-24,-0.103,27510
2000-04-20,0.000,27539
2000-04-19,0.313,27538
2000-04-18,-0.103,27453
2000-04-17,-0.414,27481
2000-04-14,0.104,27595
2000-04-13,0.208,27567
2000-04-12,-0.310,27509
2000-04-11,-0.309,27595
2000-04-10,0.104,27680
2000-04-07,0.208,27652
2000-04-06,-0.103,27594
2000-04-05,-0.206,27623
2000-04-04,0.519,27680
2000-04-03,0.104,27537
2000-03-31,0.775,27508
2000-03-30,0.419,27297
2000-03-29,0.000,27183
2000-03-28,0.000,27183
2000-03-27,-0.104,27183
2000-03-24,-0.415,27211
2000-03-23,0.104,27324
2000-03-22,0.000,27296
2000-03-21,0.000,27296
2000-03-20,0.000,27296
2000-03-17,0.209,27296
2000-03-16,0.209,27239
2000-03-15,0.105,27182
2000-03-14,0.210,27153
2000-03-13,0.000,27096
2000-03-10,-0.313,27096
2000-03-09,0.105,27181
2000-03-08,-0.104,27153
2000-03-07,0.105,27181
2000-03-06,-0.208,27152
2000-03-03,0.210,27209
2000-03-02,0.000,27152
2000-03-01,0.105,27152
2000-02-29,0.654,27123
2000-02-28,-0.313,26947
2000-02-25,0.000,27032
2000-02-24,0.315,27032
2000-02-23,-0.417,26947
2000-02-22,0.631,27060
2000-02-18,0.317,26890
2000-02-17,-0.105,26805
2000-02-16,-0.105,26833
2000-02-15,-0.105,26861
2000-02-14,0.317,26890
2000-02-11,0.106,26805
2000-02-10,-0.210,26776
2000-02-09,-0.210,26833
2000-02-08,0.317,26889
2000-02-07,-0.419,26804
2000-02-04,-0.209,26917
2000-02-03,0.421,26973
2000-02-02,0.000,26860
2000-02-01,0.211,26860
2000-01-31,0.243,26804
2000-01-28,0.000,26738
2000-01-27,0.106,26738
2000-01-26,0.106,26710
2000-01-25,0.000,26682
2000-01-24,0.317,26682
2000-01-21,0.106,26597
2000-01-20,-0.210,26569
2000-01-19,0.212,26625
2000-01-18,-0.316,26569
2000-01-14,-0.210,26653
2000-01-13,0.423,26709
2000-01-12,-0.105,26597
2000-01-11,-0.524,26625
2000-01-10,-0.209,26765
2000-01-07,0.210,26821
2000-01-06,0.316,26765
2000-01-05,-0.419,26680
2000-01-04,0.211,26792
2000-01-03,-0.418,26736
1999-12-31,0.252,26848
1999-12-30,0.105,26781
1999-12-29,0.105,26753
1999-12-28,-0.104,26725
1999-12-27,0.105,26753
1999-12-23,0.000,26724
1999-12-22,0.000,26724
1999-12-21,-0.104,26724
1999-12-20,-0.312,26752
1999-12-17,0.000,26836
1999-12-16,-0.311,26836
1999-12-15,-0.103,26919
1999-12-14,-0.617,26947
1999-12-13,-0.102,27114
1999-12-10,0.310,27142
1999-12-09,0.000,27058
1999-12-08,-0.103,27058
1999-12-07,0.207,27086
1999-12-06,0.104,27030
1999-12-03,0.312,27002
1999-12-02,-0.103,26918
1999-12-01,-0.103,26946
1999-11-30,0.646,26974
1999-11-29,-0.412,26800
1999-11-26,-0.103,26911
1999-11-24,0.000,26939
1999-11-23,0.000,26939
1999-11-22,-0.205,26939
1999-11-19,0.104,26994
1999-11-18,-0.205,26966
1999-11-17,-0.205,27022
1999-11-16,-0.102,27077
1999-11-15,-0.102,27105
1999-11-12,0.309,27132
1999-11-11,0.000,27049
1999-11-10,-0.102,27049
1999-11-09,-0.102,27076
1999-11-08,-0.102,27104
1999-11-05,0.309,27132
1999-11-04,0.309,27048
1999-11-03,0.104,26965
1999-11-02,0.104,26937
1999-11-01,-0.206,26909
1999-10-29,1.167,26964
1999-10-28,0.417,26653
1999-10-27,0.209,26543
1999-10-26,-0.104,26487
1999-10-25,0.000,26515
1999-10-22,0.000,26515
1999-10-21,-0.104,26515
1999-10-20,0.000,26542
1999-10-19,-0.207,26542
1999-10-18,-0.103,26597
1999-10-15,0.313,26625
1999-10-14,-0.207,26542
1999-10-13,-0.310,26597
1999-10-12,-0.103,26679
1999-10-11,0.000,26707
1999-10-08,0.104,26707
1999-10-07,0.000,26679
1999-10-06,0.000,26679
1999-10-05,-0.412,26679
1999-10-04,0.207,26789
1999-10-01,-0.513,26734
1999-09-30,0.955,26872
1999-09-29,-0.411,26617
1999-09-28,-0.205,26727
1999-09-27,-0.408,26782
1999-09-24,0.411,26892
1999-09-23,0.412,26782
1999-09-22,0.103,26672
1999-09-21,-0.102,26644
1999-09-20,-0.205,26672
1999-09-17,0.103,26726
1999-09-16,0.207,26699
1999-09-15,0.207,26644
1999-09-14,-0.206,26589
1999-09-13,-0.102,26643
1999-09-10,0.310,26671
1999-09-09,-0.103,26588
1999-09-08,0.104,26616
1999-09-07,-0.206,26588
1999-09-03,0.623,26643
1999-09-02,-0.207,26478
1999-09-01,0.000,26533
1999-08-31,0.333,26533
1999-08-30,-0.513,26445
1999-08-27,-0.511,26581
1999-08-26,-0.204,26717
1999-08-25,0.617,26772
1999-08-24,0.206,26608
1999-08-23,0.000,26553
1999-08-20,0.104,26553
1999-08-19,-0.205,26526
1999-08-18,0.000,26580
1999-08-17,0.517,26580
1999-08-16,0.104,26443
1999-08-13,0.520,26416
1999-08-12,0.000,26279
1999-08-11,0.313,26279
1999-08-10,-0.208,26197
1999-08-09,-0.517,26251
1999-08-06,-0.617,26388
1999-08-05,0.207,26552
1999-08-04,0.000,26497
1999-08-03,-0.205,26497
1999-08-02,0.000,26551
1999-07-30,0.331,26551
1999-07-29,-0.409,26464
1999-07-28,0.000,26572
1999-07-27,0.205,26572
1999-07-26,-0.102,26518
1999-07-23,-0.407,26545
1999-07-22,-0.507,26653
1999-07-21,-0.101,26789
1999-07-20,0.000,26816
1999-07-19,0.102,26816
1999-07-16,0.102,26789
1999-07-15,0.000,26761
1999-07-14,-0.101,26761
1999-07-13,0.102,26788
1999-07-12,0.408,26761
1999-07-09,0.000,26652
1999-07-08,0.307,26652
1999-07-07,-0.102,26570
1999-07-06,-0.203,26597
1999-07-02,0.102,26652
1999-07-01,-0.101,26624
1999-06-30,1.041,26651
1999-06-29,0.103,26377
1999-06-28,0.309,26350
1999-06-25,0.104,26268
1999-06-24,-0.307,26241
1999-06-23,-0.307,26322
1999-06-22,-0.204,26403
1999-06-21,-0.305,26457
1999-06-18,-0.203,26538
1999-06-17,0.717,26592
1999-06-16,0.206,26403
1999-06-15,0.000,26348
1999-06-14,0.103,26348
1999-06-11,-0.409,26321
1999-06-10,-0.305,26429
1999-06-09,-0.101,26510
1999-06-08,-0.101,26537
1999-06-07,0.000,26564
1999-06-04,-0.101,26564
1999-06-03,0.000,26591
1999-06-02,-0.101,26591
1999-06-01,-0.605,26617
1999-05-28,0.528,26779
1999-05-27,-0.301,26639
1999-05-26,-0.200,26719
1999-05-25,0.000,26773
1999-05-24,0.101,26773
1999-05-21,0.101,26746
1999-05-20,0.000,26719
1999-05-19,0.202,26719
1999-05-18,-0.100,26665
1999-05-17,-0.100,26692
1999-05-14,-0.798,26718
1999-05-13,0.401,26933
1999-05-12,0.101,26826
1999-05-11,-0.300,26799
1999-05-10,0.101,26879
1999-05-07,0.000,26852
1999-05-06,-0.497,26852
1999-05-05,0.100,26986
1999-05-04,-0.298,26959
1999-05-03,0.100,27040
1999-04-30,-0.099,27013
1999-04-29,0.199,27039
1999-04-28,-0.099,26986
1999-04-27,0.100,27012
1999-04-26,0.100,26986
1999-04-23,0.000,26959
1999-04-22,-0.395,26959
1999-04-21,0.000,27065
1999-04-20,0.099,27065
1999-04-19,0.199,27038
1999-04-16,-0.197,26985
1999-04-15,-0.098,27038
1999-04-14,-0.098,27065
1999-04-13,-0.196,27091
1999-04-12,0.000,27145
1999-04-09,-0.098,27145
1999-04-08,0.396,27171
1999-04-07,0.099,27064
1999-04-06,0.199,27037
1999-04-05,0.399,26984
1999-04-01,-0.099,26877
1999-03-31,0.520,26903
1999-03-30,0.199,26764
1999-03-29,-0.198,26711
1999-03-26,0.000,26764
1999-03-25,-0.197,26764
1999-03-24,0.099,26816
1999-03-23,0.100,26790
1999-03-22,-0.197,26763
1999-03-19,-0.197,26816
1999-03-18,0.000,26869
1999-03-17,-0.098,26869
1999-03-16,0.198,26895
1999-03-15,0.099,26842
1999-03-12,0.199,26815
1999-03-11,0.000,26762
1999-03-10,-0.099,26762
1999-03-09,0.398,26789
1999-03-08,0.100,26682
1999-03-05,0.300,26656
1999-03-04,-0.099,26576
1999-03-03,-0.199,26602
1999-03-02,0.200,26655
1999-03-01,-0.397,26602
1999-02-26,0.580,26708
1999-02-25,-0.396,26554
1999-02-24,-0.394,26660
1999-02-23,-0.294,26765
1999-02-22,0.198,26844
1999-02-19,-0.098,26791
1999-02-18,-0.196,26817
1999-02-17,0.296,26870
1999-02-16,0.099,26791
1999-02-12,-0.588,26764
1999-02-11,0.000,26923
1999-02-10,-0.097,26922
1999-02-09,0.197,26949
1999-02-08,0.000,26896
1999-02-05,-0.098,26896
1999-02-04,-0.293,26922
1999-02-03,-0.097,27001
1999-02-02,-0.194,27027
1999-02-01,-0.388,27080
1999-01-29,0.596,27185
1999-01-28,0.098,27024
1999-01-27,0.098,26998
1999-01-26,-0.097,26971
1999-01-25,-0.097,26998
1999-01-22,0.293,27024
1999-01-21,0.196,26945
1999-01-20,-0.097,26892
1999-01-19,-0.097,26918
1999-01-15,-0.291,26944
1999-01-14,0.489,27023
1999-01-13,0.196,26892
1999-01-12,0.295,26839
1999-01-11,-0.097,26760
1999-01-08,-0.390,26786
1999-01-07,-0.097,26891
1999-01-06,0.098,26917
1999-01-05,-0.194,26891
1999-01-04,-0.097,26943
1998-12-31,0.865,26969
1998-12-30,0.292,26738
1998-12-29,0.195,26660
1998-12-28,0.294,26608
1998-12-24,-0.195,26530
1998-12-23,-0.291,26582
1998-12-22,-0.291,26660
1998-12-21,-0.290,26737
1998-12-18,0.000,26815
1998-12-17,0.000,26815
1998-12-16,0.194,26815
1998-12-15,-0.289,26763
1998-12-14,0.097,26840
1998-12-11,-0.289,26814
1998-12-10,0.000,26892
1998-12-09,0.194,26892
1998-12-08,0.291,26840
1998-12-07,-0.193,26762
1998-12-04,-0.193,26814
1998-12-03,0.000,26866
1998-12-02,0.194,26865
1998-12-01,0.194,26813
1998-11-30,0.880,26761
1998-11-27,0.098,26528
1998-11-25,0.098,26502
1998-11-24,0.000,26476
1998-11-23,-0.097,26476
1998-11-20,0.098,26502
1998-11-19,0.000,26476
1998-11-18,0.196,26476
1998-11-17,-0.097,26424
1998-11-16,-0.097,26449
1998-11-13,-0.097,26475
1998-11-12,0.196,26501
1998-11-11,0.000,26449
1998-11-10,0.196,26449
1998-11-09,0.295,26397
1998-11-06,-0.293,26320
1998-11-05,0.098,26397
1998-11-04,-0.486,26371
1998-11-03,0.098,26500
1998-11-02,-0.581,26474
1998-10-30,0.117,26629
1998-10-29,0.194,26598
1998-10-28,0.000,26546
1998-10-27,0.389,26546
1998-10-26,0.098,26443
1998-10-23,-0.194,26417
1998-10-22,-0.096,26469
1998-10-21,-0.096,26494
1998-10-20,-0.385,26520
1998-10-19,-0.192,26622
1998-10-16,-0.192,26674
1998-10-15,0.677,26725
1998-10-14,0.682,26545
1998-10-13,0.098,26365
1998-10-12,0.000,26339
1998-10-09,-0.773,26339
1998-10-08,-1.052,26544
1998-10-07,-0.476,26827
1998-10-06,-0.284,26955
1998-10-05,0.382,27032
1998-10-02,0.096,26929
1998-10-01,0.480,26903
1998-09-30,0.988,26775
1998-09-29,0.097,26513
1998-09-28,-0.096,26487
1998-09-25,0.097,26512
1998-09-24,0.194,26487
1998-09-23,0.194,26436
1998-09-22,-0.193,26384
1998-09-21,0.000,26435
1998-09-18,0.194,26435
1998-09-17,0.194,26384
1998-09-16,0.098,26333
1998-09-15,0.000,26307
1998-09-14,-0.193,26307
1998-09-11,-0.386,26358
1998-09-10,0.681,26460
1998-09-09,0.391,26281
1998-09-08,-0.194,26179
1998-09-04,0.098,26230
1998-09-03,0.196,26204
1998-09-02,-0.194,26153
1998-09-01,-0.194,26204
1998-08-31,0.814,26255
1998-08-28,0.000,26043
1998-08-27,0.294,26043
1998-08-26,0.000,25966
1998-08-25,0.196,25966
1998-08-24,0.000,25915
1998-08-21,0.099,25915
1998-08-20,0.197,25889
1998-08-19,-0.098,25839
1998-08-18,0.000,25864
1998-08-17,-0.098,25864
1998-08-14,0.197,25889
1998-08-13,-0.196,25838
1998-08-12,-0.098,25889
1998-08-11,0.099,25914
1998-08-10,0.000,25888
1998-08-07,0.197,25888
1998-08-06,0.000,25837
1998-08-05,0.000,25837
1998-08-04,0.099,25837
1998-08-03,0.198,25812
1998-07-31,0.526,25761
1998-07-30,0.099,25626
1998-07-29,-0.098,25601
1998-07-28,-0.098,25626
1998-07-27,-0.098,25651
1998-07-24,-0.098,25676
1998-07-23,0.099,25701
1998-07-22,0.000,25676
1998-07-21,0.099,25676
1998-07-20,0.099,25650
1998-07-17,0.000,25625
1998-07-16,-0.098,25625
1998-07-15,0.000,25650
1998-07-14,-0.098,25650
1998-07-13,-0.196,25675
1998-07-10,-0.098,25725
1998-07-09,0.099,25750
1998-07-08,-0.098,25725
1998-07-07,-0.098,25750
1998-07-06,0.099,25775
1998-07-02,0.099,25750
1998-07-01,0.099,25725
1998-06-30,0.614,25699
1998-06-29,-0.098,25542
1998-06-26,0.099,25567
1998-06-25,0.000,25542
1998-06-24,-0.098,25542
1998-06-23,0.000,25567
1998-06-22,0.099,25567
1998-06-19,0.099,25542
1998-06-18,0.099,25516
1998-06-17,-0.392,25491
1998-06-16,-0.293,25592
1998-06-15,0.099,25667
1998-06-12,0.099,25642
1998-06-11,0.197,25616
1998-06-10,0.395,25566
1998-06-09,0.000,25465
1998-06-08,0.000,25465
1998-06-05,0.000,25465
1998-06-04,-0.098,25465
1998-06-03,0.000,25490
1998-06-02,-0.098,25490
1998-06-01,0.099,25515
1998-05-29,0.626,25490
1998-05-28,-0.098,25331
1998-05-27,0.198,25356
1998-05-26,0.198,25306
1998-05-22,0.100,25256
1998-05-21,-0.197,25231
1998-05-20,0.100,25281
1998-05-19,0.000,25255
1998-05-18,0.199,25255
1998-05-15,0.000,25205
1998-05-14,-0.099,25205
1998-05-13,0.000,25230
1998-05-12,0.299,25230
1998-05-11,-0.297,25155
1998-05-08,-0.099,25229
1998-05-07,0.000,25254
1998-05-06,0.199,25254
1998-05-05,-0.198,25204
1998-05-04,0.000,25254
1998-05-01,0.100,25254
1998-04-30,1.123,25229
1998-04-29,-0.099,24949
1998-04-28,0.000,24973
1998-04-27,-0.594,24973
1998-04-24,0.100,25122
1998-04-23,0.000,25097
1998-04-22,0.000,25097
1998-04-21,-0.197,25097
1998-04-20,-0.197,25147
1998-04-17,0.000,25196
1998-04-16,0.099,25196
1998-04-15,0.099,25171
1998-04-14,0.100,25146
1998-04-13,-0.296,25121
1998-04-09,0.000,25196
1998-04-08,-0.197,25196
1998-04-07,-0.098,25245
1998-04-06,-0.196,25270
1998-04-03,0.395,25320
1998-04-02,0.297,25220
1998-04-01,0.199,25145
1998-03-31,0.729,25096
1998-03-30,-0.099,24914
1998-03-27,-0.099,24938
1998-03-26,-0.197,24963
1998-03-25,-0.197,25012
1998-03-24,0.000,25062
1998-03-23,0.000,25062
1998-03-20,0.099,25062
1998-03-19,-0.098,25037
1998-03-18,-0.098,25061
1998-03-17,-0.098,25086
1998-03-16,0.099,25111
1998-03-13,0.000,25086
1998-03-12,0.198,25086
1998-03-11,0.198,25036
1998-03-10,0.000,24986
1998-03-09,0.199,24986
1998-03-06,0.299,24937
1998-03-05,-0.099,24862
1998-03-04,0.100,24887
1998-03-03,-0.198,24862
1998-03-02,-0.395,24911
1998-02-27,0.598,25010
1998-02-26,-0.098,24862
1998-02-25,0.298,24886
1998-02-24,-0.493,24812
1998-02-23,-0.197,24935
1998-02-20,-0.098,24984
1998-02-19,0.000,25009
1998-02-18,-0.196,25009
1998-02-17,0.197,25058
1998-02-13,0.099,25008
1998-02-12,0.000,24984
1998-02-11,0.297,24984
1998-02-10,0.000,24910
1998-02-09,-0.098,24910
1998-02-06,0.000,24934
1998-02-05,-0.197,24934
1998-02-04,0.000,24983
1998-02-03,0.000,24983
1998-02-02,-0.196,24983
1998-01-30,0.723,25032
1998-01-29,0.496,24852
1998-01-28,0.000,24730
1998-01-27,-0.296,24729
1998-01-26,0.297,24803
1998-01-23,-0.590,24729
1998-01-22,-0.098,24876
1998-01-21,0.099,24900
1998-01-20,-0.098,24876
1998-01-16,-0.294,24900
1998-01-15,-0.097,24973
1998-01-14,-0.097,24998
1998-01-13,-0.195,25022
1998-01-12,0.000,25071
1998-01-09,0.393,25071
1998-01-08,0.197,24973
1998-01-07,-0.196,24924
1998-01-06,0.099,24973
1998-01-05,0.593,24948
1998-01-02,0.397,24801
1997-12-31,0.739,24703
1997-12-30,-0.198,24522
1997-12-29,0.000,24570
1997-12-26,-0.098,24570
1997-12-24,0.000,24594
1997-12-23,0.000,24594
1997-12-22,-0.098,24594
1997-12-19,0.199,24618
1997-12-18,0.199,24570
1997-12-17,-0.198,24521
1997-12-16,0.100,24569
1997-12-15,-0.197,24545
1997-12-12,0.298,24593
1997-12-11,0.299,24520
1997-12-10,0.200,24447
1997-12-09,0.000,24398
1997-12-08,-0.199,24398
1997-12-05,-0.198,24447
1997-12-04,0.000,24495
1997-12-03,0.100,24495
1997-12-02,0.000,24471
1997-12-01,0.100,24471
1997-11-28,0.531,24446
1997-11-26,-0.099,24317
1997-11-25,0.100,24341
1997-11-24,-0.198,24317
1997-11-21,0.100,24365
1997-11-20,-0.099,24341
1997-11-19,0.100,24365
1997-11-18,0.000,24341
1997-11-17,0.100,24340
1997-11-14,0.000,24316
1997-11-13,0.100,24316
1997-11-12,0.000,24292
1997-11-11,0.000,24292
1997-11-10,0.000,24291
1997-11-07,-0.099,24291
1997-11-06,0.300,24315
1997-11-05,0.000,24243
1997-11-04,-0.199,24242
1997-11-03,-0.298,24291
1997-10-31,0.540,24363
1997-10-30,0.299,24232
1997-10-29,0.200,24160
1997-10-28,-0.694,24112
1997-10-27,0.700,24280
1997-10-24,0.101,24112
1997-10-23,0.402,24087
1997-10-22,0.101,23991
1997-10-21,0.000,23967
1997-10-20,0.101,23967
1997-10-17,-0.300,23942
1997-10-16,0.000,24015
1997-10-15,-0.200,24014
1997-10-14,0.302,24062
1997-10-13,0.000,23990
1997-10-10,-0.200,23990
1997-10-09,0.000,24038
1997-10-08,-0.696,24038
1997-10-07,0.200,24206
1997-10-06,0.100,24158
1997-10-03,0.000,24134
1997-10-02,0.100,24134
1997-10-01,0.402,24110
1997-09-30,0.434,24013
1997-09-29,-0.100,23909
1997-09-26,0.201,23933
1997-09-25,-0.300,23885
1997-09-24,0.201,23957
1997-09-23,-0.100,23909
1997-09-22,0.101,23933
1997-09-19,0.000,23909
1997-09-18,0.000,23909
1997-09-17,0.000,23909
1997-09-16,0.707,23908
1997-09-15,0.102,23741
1997-09-12,0.406,23717
1997-09-11,-0.101,23621
1997-09-10,-0.101,23644
1997-09-09,0.000,23668
1997-09-08,0.102,23668
1997-09-05,-0.101,23644
1997-09-04,-0.101,23668
1997-09-03,0.000,23692
1997-09-02,0.102,23692
1997-08-29,0.448,23668
1997-08-28,0.305,23562
1997-08-27,0.000,23491
1997-08-26,0.102,23490
1997-08-25,-0.101,23467
1997-08-22,-0.303,23490
1997-08-21,-0.201,23562
1997-08-20,-0.201,23609
1997-08-19,0.000,23657
1997-08-18,0.202,23657
1997-08-15,0.101,23609
1997-08-14,0.304,23585
1997-08-13,0.102,23513
1997-08-12,-0.101,23489
1997-08-11,0.102,23513
1997-08-08,-0.704,23489
1997-08-07,-0.100,23656
1997-08-06,0.101,23679
1997-08-05,0.000,23655
1997-08-04,-0.100,23655
1997-08-01,-0.798,23679
1997-07-31,0.755,23870
1997-07-30,0.201,23691
1997-07-29,0.201,23643
1997-07-28,0.101,23596
1997-07-25,-0.100,23572
1997-07-24,0.000,23596
1997-07-23,0.000,23595
1997-07-22,0.505,23595
1997-07-21,-0.100,23477
1997-07-18,-0.201,23500
1997-07-17,0.000,23548
1997-07-16,0.303,23548
1997-07-15,0.000,23476
1997-07-14,-0.100,23476
1997-07-11,0.101,23500
1997-07-10,0.000,23476
1997-07-09,0.101,23476
1997-07-08,-0.100,23452
1997-07-07,0.203,23476
1997-07-03,0.509,23428
1997-07-02,0.102,23310
1997-07-01,0.307,23286
1997-06-30,0.236,23215
1997-06-27,0.204,23160
1997-06-26,-0.203,23113
1997-06-25,-0.101,23160
1997-06-24,-0.101,23183
1997-06-23,-0.101,23207
1997-06-20,0.102,23230
1997-06-19,0.000,23207
1997-06-18,0.102,23206
1997-06-17,-0.101,23183
1997-06-16,0.102,23206
1997-06-13,0.204,23183
1997-06-12,0.410,23135
1997-06-11,0.000,23041
1997-06-10,-0.102,23041
1997-06-09,-0.203,23064
1997-06-06,0.513,23111
1997-06-05,0.000,22993
1997-06-04,0.000,22993
1997-06-03,0.103,22993
1997-06-02,0.103,22970
1997-05-30,0.881,22946
1997-05-29,0.207,22745
1997-05-28,0.000,22699
1997-05-27,-0.206,22698
1997-05-23,0.104,22745
1997-05-22,-0.102,22722
1997-05-21,-0.205,22745
1997-05-20,0.103,22792
1997-05-19,-0.102,22768
1997-05-16,-0.102,22791
1997-05-15,0.103,22815
1997-05-14,0.103,22791
1997-05-13,-0.307,22768
1997-05-12,0.103,22838
1997-05-09,0.309,22814
1997-05-08,0.104,22744
1997-05-07,-0.308,22720
1997-05-06,0.000,22791
1997-05-05,0.000,22790
1997-05-02,0.103,22790
1997-05-01,0.103,22767
1997-04-30,0.758,22743
1997-04-29,0.728,22572
1997-04-28,0.105,22409
1997-04-25,-0.103,22386
1997-04-24,-0.103,22409
1997-04-23,-0.207,22432
1997-04-22,0.104,22479
1997-04-21,-0.103,22455
1997-04-18,0.000,22478
1997-04-17,0.312,22478
1997-04-16,-0.103,22408
1997-04-15,0.418,22431
1997-04-14,0.000,22338
1997-04-11,-0.311,22338
1997-04-10,-0.103,22408
1997-04-09,0.000,22431
1997-04-08,-0.103,22431
1997-04-07,0.208,22454
1997-04-04,-0.207,22407
1997-04-03,0.000,22454
1997-04-02,0.104,22454
1997-04-01,0.105,22430
1997-03-31,0.575,22407
1997-03-27,-0.517,22279
1997-03-26,-0.206,22394
1997-03-25,-0.103,22441
1997-03-24,0.104,22464
1997-03-21,0.000,22440
1997-03-20,0.000,22440
1997-03-19,-0.103,22440
1997-03-18,0.000,22463
1997-03-17,-0.103,22463
1997-03-14,0.104,22486
1997-03-13,-0.614,22463
1997-03-12,-0.102,22602
1997-03-11,0.000,22625
1997-03-10,0.000,22625
1997-03-07,0.309,22625
1997-03-06,-0.204,22555
1997-03-05,0.103,22601
1997-03-04,-0.204,22578
1997-03-03,0.000,22624
1997-02-28,0.422,22624
1997-02-27,0.000,22529
1997-02-26,-0.710,22529
1997-02-25,0.000,22690
1997-02-24,-0.101,22690
1997-02-21,0.000,22713
1997-02-20,-0.303,22713
1997-02-19,-0.101,22782
1997-02-18,0.000,22805
1997-02-14,0.203,22805
1997-02-13,0.407,22758
1997-02-12,-0.101,22666
1997-02-11,0.000,22689
1997-02-10,0.000,22689
1997-02-07,0.306,22689
1997-02-06,-0.101,22620
1997-02-05,-0.101,22643
1997-02-04,0.000,22665
1997-02-03,0.306,22665
1997-01-31,0.968,22596
1997-01-30,0.103,22380
1997-01-29,0.000,22357
1997-01-28,0.309,22356
1997-01-27,-0.205,22288
1997-01-24,-0.204,22333
1997-01-23,-0.204,22379
1997-01-22,-0.102,22425
1997-01-21,0.205,22448
1997-01-20,0.000,22402
1997-01-17,0.103,22401
1997-01-16,-0.204,22378
1997-01-15,0.000,22424
1997-01-14,0.411,22424
1997-01-13,0.000,22332
1997-01-10,-0.510,22332
1997-01-09,0.307,22447
1997-01-08,-0.102,22378
1997-01-07,-0.102,22401
1997-01-06,-0.102,22423
1997-01-03,0.103,22446
1997-01-02,-0.508,22423
1996-12-31,0.051,22538
1996-12-30,0.000,22526
1996-12-27,0.203,22526
1996-12-26,0.000,22480
1996-12-24,0.000,22480
1996-12-23,0.000,22480
1996-12-20,0.000,22480
1996-12-19,0.510,22480
1996-12-18,-0.203,22366
1996-12-17,-0.101,22411
1996-12-16,-0.303,22434
1996-12-13,0.305,22502
1996-12-12,-0.101,22434
1996-12-11,-0.604,22456
1996-12-10,-0.100,22593
1996-12-09,0.304,22616
1996-12-06,-0.201,22547
1996-12-05,-0.401,22593
1996-12-04,-0.200,22684
1996-12-03,0.000,22729
1996-12-02,0.000,22729
1996-11-29,0.839,22729
1996-11-27,0.000,22540
1996-11-26,0.000,22540
1996-11-25,0.000,22540
1996-11-22,0.000,22539
1996-11-21,-0.100,22539
1996-11-20,0.202,22562
1996-11-19,0.101,22516
1996-11-18,-0.100,22494
1996-11-15,-0.100,22516
1996-11-14,0.202,22539
1996-11-13,0.000,22493
1996-11-12,0.304,22493
1996-11-11,0.000,22425
1996-11-08,-0.100,22425
1996-11-07,0.203,22448
1996-11-06,0.000,22402
1996-11-05,0.305,22402
1996-11-04,0.000,22334
1996-11-01,0.000,22334
1996-10-31,0.654,22334
1996-10-30,0.000,22189
1996-10-29,0.716,22189
1996-10-28,-0.102,22031
1996-10-25,0.205,22053
1996-10-24,-0.102,22008
1996-10-23,0.103,22031
1996-10-22,-0.204,22008
1996-10-21,-0.102,22053
1996-10-18,0.103,22075
1996-10-17,0.308,22053
1996-10-16,-0.102,21985
1996-10-15,0.000,22007
1996-10-14,0.000,22007
1996-10-11,0.309,22007
1996-10-10,-0.307,21940
1996-10-09,-0.204,22007
1996-10-08,0.000,22052
1996-10-07,-0.203,22052
1996-10-04,0.616,22097
1996-10-03,-0.102,21962
1996-10-02,0.206,21984
1996-10-01,0.413,21939
1996-09-30,0.342,21849
1996-09-27,-0.102,21774
1996-09-26,0.310,21796
1996-09-25,0.311,21729
1996-09-24,0.208,21662
1996-09-23,0.104,21617
1996-09-20,0.105,21594
1996-09-19,-0.207,21572
1996-09-18,0.000,21617
1996-09-17,-0.412,21617
1996-09-16,0.000,21706
1996-09-13,0.728,21706
1996-09-12,0.209,21549
1996-09-11,0.000,21504
1996-09-10,-0.207,21504
1996-09-09,0.313,21549
1996-09-06,0.210,21481
1996-09-05,-0.208,21437
1996-09-04,-0.208,21481
1996-09-03,0.209,21526
1996-08-30,0.147,21481
1996-08-29,-0.310,21450
1996-08-28,-0.103,21516
1996-08-27,0.104,21538
1996-08-26,-0.412,21516
1996-08-23,-0.410,21605
1996-08-22,0.000,21694
1996-08-21,-0.102,21694
1996-08-20,0.000,21716
1996-08-19,-0.102,21716
1996-08-16,0.206,21738
1996-08-15,-0.205,21694
1996-08-14,0.000,21738
1996-08-13,-0.408,21738
1996-08-12,0.410,21827
1996-08-09,0.000,21738
1996-08-08,-0.102,21738
1996-08-07,0.000,21760
1996-08-06,-0.102,21760
1996-08-05,-0.102,21782
1996-08-02,0.617,21804
1996-08-01,0.725,21670
1996-07-31,0.878,21514
1996-07-30,0.313,21327
1996-07-29,-0.415,21260
1996-07-26,0.104,21349
1996-07-25,0.000,21327
1996-07-24,-0.207,21327
1996-07-23,0.104,21371
1996-07-22,-0.207,21349
1996-07-19,-0.309,21393
1996-07-18,0.519,21459
1996-07-17,0.000,21348
1996-07-16,0.313,21348
1996-07-15,-0.207,21282
1996-07-12,0.209,21326
1996-07-11,0.105,21281
1996-07-10,0.314,21259
1996-07-09,0.210,21193
1996-07-08,0.105,21148
1996-07-05,-1.344,21126
1996-07-03,0.104,21414
1996-07-02,-0.309,21392
1996-07-01,0.000,21458
1996-06-28,1.075,21458
1996-06-27,0.313,21230
1996-06-26,0.000,21163
1996-06-25,0.209,21163
1996-06-24,0.105,21119
1996-06-21,0.000,21097
1996-06-20,0.000,21097
1996-06-19,-0.208,21097
1996-06-18,0.000,21141
1996-06-17,0.209,21141
1996-06-14,0.210,21097
1996-06-13,0.105,21052
1996-06-12,-0.104,21030
1996-06-11,-0.104,21052
1996-06-10,-0.104,21074
1996-06-07,-0.930,21096
1996-06-06,0.312,21294
1996-06-05,0.208,21228
1996-06-04,0.104,21184
1996-06-03,-0.103,21162
1996-05-31,0.240,21184
1996-05-30,-0.103,21133
1996-05-29,-0.412,21155
1996-05-28,0.000,21242
1996-05-24,0.104,21242
1996-05-23,-0.205,21220
1996-05-22,0.104,21264
1996-05-21,-0.102,21242
1996-05-20,0.104,21264
1996-05-17,0.207,21242
1996-05-16,-0.309,21198
1996-05-15,0.104,21263
1996-05-14,0.311,21241
1996-05-13,0.104,21175
1996-05-10,0.416,21153
1996-05-09,0.000,21066
1996-05-08,0.209,21066
1996-05-07,0.000,21022
1996-05-06,0.105,21022
1996-05-03,-0.208,21000
1996-05-02,-0.723,21043
1996-05-01,-0.103,21197
1996-04-30,0.332,21218
1996-04-29,-0.205,21148
1996-04-26,0.103,21192
1996-04-25,0.000,21170
1996-04-24,-0.102,21170
1996-04-23,-0.102,21191
1996-04-22,0.206,21213
1996-04-19,0.207,21169
1996-04-18,-0.205,21126
1996-04-17,-0.205,21169
1996-04-16,0.000,21213
1996-04-15,0.206,21213
1996-04-12,0.830,21169
1996-04-11,-0.310,20995
1996-04-10,-0.206,21060
1996-04-09,0.207,21103
1996-04-08,-1.326,21060
1996-04-04,-0.203,21343
1996-04-03,-0.101,21386
1996-04-02,0.205,21408
1996-04-01,0.205,21364
1996-03-29,0.866,21320
1996-03-28,-0.408,21137
1996-03-27,-0.406,21224
1996-03-26,0.000,21310
1996-03-25,0.306,21310
1996-03-22,-0.203,21245
1996-03-21,0.204,21288
1996-03-20,0.307,21245
1996-03-19,0.103,21180
1996-03-18,0.103,21158
1996-03-15,-0.408,21136
1996-03-14,0.000,21223
1996-03-13,0.000,21223
1996-03-12,-0.203,21223
1996-03-11,0.307,21266
1996-03-08,-1.409,21201
1996-03-07,-0.200,21504
1996-03-06,-0.300,21547
1996-03-05,-0.299,21612
1996-03-04,0.301,21677
1996-03-01,0.605,21612
1996-02-29,0.416,21482
1996-02-28,-0.201,21393
1996-02-27,-0.200,21436
1996-02-26,-0.200,21479
1996-02-23,-0.199,21522
1996-02-22,0.201,21565
1996-02-21,0.000,21522
1996-02-20,-0.892,21522
1996-02-16,-0.296,21715
1996-02-15,-0.295,21780
1996-02-14,-0.196,21844
1996-02-13,0.099,21887
1996-02-12,0.198,21866
1996-02-09,0.099,21823
1996-02-08,0.000,21801
1996-02-07,0.000,21801
1996-02-06,0.099,21801
1996-02-05,-0.098,21779
1996-02-02,-0.197,21800
1996-02-01,-0.098,21843
1996-01-31,0.735,21865
1996-01-30,0.298,21705
1996-01-29,-0.197,21641
1996-01-26,0.298,21684
1996-01-25,-0.394,21619
1996-01-24,0.198,21705
1996-01-23,-0.197,21662
1996-01-22,-0.295,21705
1996-01-19,0.000,21769
1996-01-18,0.198,21769
1996-01-17,0.297,21726
1996-01-16,0.298,21662
1996-01-15,0.000,21597
1996-01-12,0.199,21597
1996-01-11,0.000,21554
1996-01-10,-0.396,21554
1996-01-09,-0.098,21640
1996-01-08,0.099,21661
1996-01-05,-0.197,21639
1996-01-04,-0.197,21682
1996-01-03,0.099,21725
1996-01-02,-0.098,21703
1995-12-29,0.746,21725
1995-12-28,0.198,21564
1995-12-27,0.100,21521
1995-12-26,0.100,21500
1995-12-22,0.199,21478
1995-12-21,0.000,21436
1995-12-20,0.000,21436
1995-12-19,0.400,21435
1995-12-18,-0.397,21350
1995-12-15,-0.099,21435
1995-12-14,0.000,21456
1995-12-13,0.000,21456
1995-12-12,-0.099,21456
1995-12-11,0.100,21477
1995-12-08,0.000,21456
1995-12-07,-0.099,21456
1995-12-06,-0.099,21477
1995-12-05,-0.099,21498
1995-12-04,0.298,21520
1995-12-01,0.199,21455
1995-11-30,0.935,21413
1995-11-29,0.100,21215
1995-11-28,0.000,21193
1995-11-27,0.101,21193
1995-11-24,0.101,21172
1995-11-22,0.000,21151
1995-11-21,-0.100,21150
1995-11-20,-0.100,21172
1995-11-17,0.101,21193
1995-11-16,0.201,21171
1995-11-15,-0.100,21129
1995-11-14,-0.100,21150
1995-11-13,0.201,21171
1995-11-10,-0.100,21129
1995-11-09,-0.200,21150
1995-11-08,0.301,21192
1995-11-07,-0.200,21128
1995-11-06,0.000,21171
1995-11-03,-0.100,21170
1995-11-02,0.201,21192
1995-11-01,0.201,21149
1995-10-31,0.657,21107
1995-10-30,0.101,20969
1995-10-27,0.000,20948
1995-10-26,-0.200,20947
1995-10-25,0.101,20989
1995-10-24,0.303,20968
1995-10-23,-0.100,20905
1995-10-20,-0.301,20926
1995-10-19,0.101,20989
1995-10-18,-0.100,20968
1995-10-17,0.000,20989
1995-10-16,-0.100,20989
1995-10-13,0.505,21010
1995-10-12,0.101,20904
1995-10-11,0.102,20883
1995-10-10,-0.302,20862
1995-10-09,0.101,20925
1995-10-06,0.000,20904
1995-10-05,0.101,20904
1995-10-04,0.203,20883
1995-10-03,0.102,20840
1995-10-02,0.102,20819
1995-09-29,0.952,20798
1995-09-28,0.000,20602
1995-09-27,0.000,20602
1995-09-26,-0.101,20602
1995-09-25,0.000,20623
1995-09-22,-0.101,20623
1995-09-21,-0.505,20643
1995-09-20,0.203,20748
1995-09-19,0.102,20706
1995-09-18,-0.202,20685
1995-09-15,-0.201,20727
1995-09-14,0.406,20769
1995-09-13,-0.101,20685
1995-09-12,0.305,20706
1995-09-11,0.000,20643
1995-09-08,-0.101,20643
1995-09-07,-0.202,20663
1995-09-06,0.102,20705
1995-09-05,0.102,20684
1995-09-01,0.306,20663
1995-08-31,0.769,20600
1995-08-30,0.103,20443
1995-08-29,-0.101,20422
1995-08-28,0.103,20443
1995-08-25,0.513,20422
1995-08-24,0.412,20317
1995-08-23,-0.102,20234
1995-08-22,-0.102,20255
1995-08-21,0.103,20275
1995-08-18,0.103,20255
1995-08-17,-0.102,20234
1995-08-16,0.103,20254
1995-08-15,0.104,20233
1995-08-14,0.104,20212
1995-08-11,-0.411,20192
1995-08-10,-0.205,20275
1995-08-09,-0.204,20316
1995-08-08,0.103,20358
1995-08-07,0.103,20337
1995-08-04,0.103,20316
1995-08-03,-0.307,20295
1995-08-02,0.206,20358
1995-08-01,-0.204,20316
1995-07-31,0.774,20357
1995-07-28,-0.204,20201
1995-07-27,0.206,20242
1995-07-26,-0.204,20201
1995-07-25,0.000,20242
1995-07-24,0.412,20242
1995-07-21,-0.409,20159
1995-07-20,0.000,20242
1995-07-19,-0.711,20242
1995-07-18,-0.202,20387
1995-07-17,-0.303,20428
1995-07-14,-0.302,20490
1995-07-13,0.000,20552
1995-07-12,0.000,20552
1995-07-11,-0.201,20552
1995-07-10,0.000,20593
1995-07-07,0.202,20593
1995-07-06,0.609,20552
1995-07-05,0.102,20427
1995-07-03,0.000,20406
1995-06-30,0.768,20406
1995-06-29,-0.606,20251
1995-06-28,0.102,20374
1995-06-27,-0.201,20354
1995-06-26,-0.100,20395
1995-06-23,-0.201,20415
1995-06-22,0.405,20456
1995-06-21,0.102,20374
1995-06-20,-0.101,20353
1995-06-19,0.305,20374
1995-06-16,-0.101,20312
1995-06-15,-0.202,20332
1995-06-14,0.000,20373
1995-06-13,1.022,20373
1995-06-12,0.103,20167
1995-06-09,-0.710,20146
1995-06-08,-0.202,20291
1995-06-07,-0.403,20332
1995-06-06,-0.100,20414
1995-06-05,-0.100,20435
1995-06-02,0.608,20455
1995-06-01,0.305,20331
1995-05-31,0.676,20269
1995-05-30,0.409,20133
1995-05-26,-0.102,20051
1995-05-25,0.205,20072
1995-05-24,0.514,20031
1995-05-23,0.310,19928
1995-05-22,-0.102,19867
1995-05-19,0.000,19887
1995-05-18,-0.308,19887
1995-05-17,0.000,19948
1995-05-16,0.309,19948
1995-05-15,0.310,19887
1995-05-12,-0.103,19825
1995-05-11,-0.103,19845
1995-05-10,-0.205,19866
1995-05-09,0.310,19907
1995-05-08,0.000,19845
1995-05-05,0.728,19845
1995-05-04,0.523,19702
1995-05-03,0.420,19599
1995-05-02,0.211,19517
1995-05-01,-0.104,19476
1995-04-28,0.465,19496
1995-04-27,-0.209,19406
1995-04-26,0.000,19447
1995-04-25,0.000,19447
1995-04-24,0.000,19447
1995-04-21,0.000,19447
1995-04-20,0.316,19447
1995-04-19,-0.104,19385
1995-04-18,0.000,19406
1995-04-17,0.000,19406
1995-04-13,0.211,19405
1995-04-12,0.106,19365
1995-04-11,0.106,19344
1995-04-10,0.000,19324
1995-04-07,-0.105,19324
1995-04-06,0.106,19344
1995-04-05,0.000,19323
1995-04-04,0.106,19323
1995-04-03,0.318,19303
1995-03-31,0.468,19242
1995-03-30,-0.105,19152
1995-03-29,0.000,19172
1995-03-28,-0.420,19172
1995-03-27,0.211,19253
1995-03-24,0.424,19212
1995-03-23,0.000,19131
1995-03-22,-0.211,19131
1995-03-21,-0.105,19172
1995-03-20,-0.105,19192
1995-03-17,-0.210,19212
1995-03-16,0.211,19252
1995-03-15,-0.105,19212
1995-03-14,0.423,19232
1995-03-13,0.106,19151
1995-03-10,0.319,19131
1995-03-09,0.320,19070
1995-03-08,0.428,19009
1995-03-07,-0.106,18928
1995-03-06,-0.213,18948
1995-03-03,-0.318,18988
1995-03-02,-0.317,19049
1995-03-01,0.000,19110
1995-02-28,0.554,19110
1995-02-27,0.426,19004
1995-02-24,0.000,18924
1995-02-23,0.000,18924
1995-02-22,0.535,18923
1995-02-21,-0.106,18823
1995-02-17,-0.106,18843
1995-02-16,0.214,18863
1995-02-15,0.322,18822
1995-02-14,0.432,18762
1995-02-13,0.000,18681
1995-02-10,-0.214,18681
1995-02-09,-0.214,18721
1995-02-08,0.000,18762
1995-02-07,0.000,18761
1995-02-06,-0.214,18761
1995-02-03,0.973,18802
1995-02-02,-0.108,18620
1995-02-01,-0.322,18640
1995-01-31,0.803,18701
1995-01-30,0.000,18552
1995-01-27,0.543,18552
1995-01-26,0.218,18451
1995-01-25,0.328,18411
1995-01-24,-0.109,18351
1995-01-23,0.000,18371
1995-01-20,-0.325,18371
1995-01-19,-0.108,18431
1995-01-18,-0.108,18451
1995-01-17,0.000,18471
1995-01-16,0.000,18471
1995-01-13,0.545,18471
1995-01-12,0.000,18370
1995-01-11,0.110,18370
1995-01-10,0.219,18350
1995-01-09,-0.109,18310
1995-01-06,0.110,18330
1995-01-05,-0.326,18310
1995-01-04,0.438,18370
1995-01-03,-0.327,18290
1994-12-30,0.593,18350
1994-12-29,-0.217,18242
1994-12-28,-0.108,18281
1994-12-27,0.328,18301
1994-12-23,0.000,18241
1994-12-22,-0.217,18241
1994-12-21,0.110,18281
1994-12-20,0.000,18261
1994-12-19,0.000,18261
1994-12-16,0.000,18261
1994-12-15,0.000,18261
1994-12-14,0.219,18261
1994-12-13,0.110,18221
1994-12-12,-0.326,18201
1994-12-09,0.110,18260
1994-12-08,-0.108,18240
1994-12-07,-0.217,18260
1994-12-06,0.437,18300
1994-12-05,-0.217,18220
1994-12-02,0.438,18260
1994-12-01,-0.109,18180
1994-11-30,0.805,18200
1994-11-29,-0.436,18055
1994-11-28,-0.326,18134
1994-11-25,0.000,18193
1994-11-23,0.767,18193
1994-11-22,0.110,18054
1994-11-21,-0.109,18035
1994-11-18,0.110,18054
1994-11-17,-0.218,18034
1994-11-16,-0.327,18074
1994-11-15,0.110,18133
1994-11-14,0.219,18113
1994-11-11,-0.109,18074
1994-11-10,-0.109,18093
1994-11-09,0.329,18113
1994-11-08,0.110,18054
1994-11-07,-0.109,18034
1994-11-04,-0.218,18053
1994-11-03,-0.109,18093
1994-11-02,-0.217,18113
1994-11-01,-0.433,18152
1994-10-31,0.590,18231
1994-10-28,0.327,18124
1994-10-27,0.110,18065
1994-10-26,-0.108,18045
1994-10-25,0.000,18065
1994-10-24,-0.217,18065
1994-10-21,0.000,18104
1994-10-20,-0.539,18104
1994-10-19,-0.215,18202
1994-10-18,0.000,18241
1994-10-17,-0.107,18241
1994-10-14,0.108,18261
1994-10-13,0.325,18241
1994-10-12,-0.215,18182
1994-10-11,0.325,18221
1994-10-10,0.000,18162
1994-10-07,0.217,18162
1994-10-06,0.000,18123
1994-10-05,-0.324,18123
1994-10-04,-0.108,18182
1994-10-03,-0.215,18201
1994-09-30,0.684,18240
1994-09-29,-0.322,18116
1994-09-28,0.108,18175
1994-09-27,-0.107,18155
1994-09-26,0.000,18175
1994-09-23,-0.107,18175
1994-09-22,0.108,18194
1994-09-21,-0.214,18175
1994-09-20,-0.214,18214
1994-09-19,0.108,18253
1994-09-16,-0.638,18233
1994-09-15,0.214,18350
1994-09-14,0.107,18311
1994-09-13,0.107,18291
1994-09-12,-0.106,18272
1994-09-09,-0.637,18291
1994-09-08,0.107,18408
1994-09-07,-0.212,18389
1994-09-06,-0.317,18428
1994-09-02,0.000,18486
1994-09-01,-0.105,18486
1994-08-31,0.788,18506
1994-08-30,0.106,18361
1994-08-29,0.000,18341
1994-08-26,0.106,18341
1994-08-25,-0.211,18322
1994-08-24,0.319,18360
1994-08-23,0.107,18302
1994-08-22,-0.106,18283
1994-08-19,-0.106,18302
1994-08-18,-0.422,18321
1994-08-17,0.212,18399
1994-08-16,0.425,18360
1994-08-15,-0.106,18282
1994-08-12,0.320,18302
1994-08-11,-0.212,18243
1994-08-10,0.000,18282
1994-08-09,-0.212,18282
1994-08-08,0.000,18321
1994-08-05,-0.841,18321
1994-08-04,0.000,18476
1994-08-03,0.000,18476
1994-08-02,0.106,18476
1994-08-01,-0.105,18456
1994-07-29,1.419,18475
1994-07-28,0.213,18217
1994-07-27,-0.212,18178
1994-07-26,0.000,18217
1994-07-25,0.107,18217
1994-07-22,-0.106,18197
1994-07-21,-0.105,18217
1994-07-20,-0.422,18236
1994-07-19,0.424,18313
1994-07-18,0.000,18236
1994-07-15,0.000,18236
1994-07-14,0.855,18235
1994-07-13,0.107,18081
1994-07-12,0.107,18061
1994-07-11,-0.213,18042
1994-07-08,-0.636,18081
1994-07-07,0.213,18196
1994-07-06,0.000,18158
1994-07-05,0.107,18158
1994-07-01,0.000,18138
1994-06-30,0.139,18138
1994-06-29,0.000,18113
1994-06-28,-0.105,18113
1994-06-27,0.000,18132
1994-06-24,-0.526,18132
1994-06-23,0.106,18228
1994-06-22,0.318,18209
1994-06-21,-0.316,18151
1994-06-20,0.000,18208
1994-06-17,-0.315,18208
1994-06-16,0.000,18266
1994-06-15,-0.418,18266
1994-06-14,0.421,18342
1994-06-13,-0.209,18266
1994-06-10,-0.313,18304
1994-06-09,-0.104,18361
1994-06-08,0.105,18381
1994-06-07,-0.208,18361
1994-06-06,0.420,18400
1994-06-03,0.422,18323
1994-06-02,0.317,18246
1994-06-01,0.106,18188
1994-05-31,0.329,18169
1994-05-27,-0.105,18109
1994-05-26,0.106,18128
1994-05-25,0.106,18109
1994-05-24,0.106,18090
1994-05-23,-0.734,18071
1994-05-20,-0.313,18204
1994-05-19,0.315,18261
1994-05-18,0.211,18204
1994-05-17,0.849,18166
1994-05-16,0.213,18013
1994-05-13,0.320,17975
1994-05-12,0.214,17917
1994-05-11,-0.425,17879
1994-05-10,0.643,17955
1994-05-09,-0.638,17840
1994-05-06,-1.052,17955
1994-05-05,0.211,18146
1994-05-04,0.000,18108
1994-05-03,-0.105,18108
1994-05-02,-0.210,18127
1994-04-29,0.423,18165
1994-04-28,-0.729,18088
1994-04-26,0.105,18221
1994-04-25,0.210,18202
1994-04-22,0.000,18164
1994-04-21,0.632,18164
1994-04-20,0.106,18050
1994-04-19,0.000,18031
1994-04-18,-0.628,18031
1994-04-15,0.000,18144
1994-04-14,-0.208,18144
1994-04-13,-0.104,18182
1994-04-12,0.210,18201
1994-04-11,0.000,18163
1994-04-08,-0.312,18163
1994-04-07,0.314,18220
1994-04-06,0.315,18163
1994-04-05,0.528,18106
1994-04-04,-1.659,18011
1994-03-31,0.459,18315
1994-03-30,-0.206,18231
1994-03-29,-0.411,18269
1994-03-28,-0.102,18344
1994-03-25,-0.102,18363
1994-03-24,-0.612,18382
1994-03-23,0.103,18495
1994-03-22,0.308,18476
1994-03-21,-0.204,18419
1994-03-18,-0.509,18457
1994-03-17,0.102,18551
1994-03-16,0.307,18532
1994-03-15,0.205,18476
1994-03-14,-0.204,18438
1994-03-11,0.000,18475
1994-03-10,-0.305,18475
1994-03-09,-0.101,18532
1994-03-08,-0.203,18551
1994-03-07,0.204,18588
1994-03-04,-0.203,18551
1994-03-03,-0.202,18588
1994-03-02,-0.101,18626
1994-03-01,-0.403,18645
1994-02-28,0.497,18720
1994-02-25,0.000,18628
1994-02-24,-0.301,18627
1994-02-23,-0.301,18684
1994-02-22,0.101,18740
1994-02-18,-0.400,18721
1994-02-17,-0.398,18796
1994-02-16,0.000,18871
1994-02-15,0.000,18871
1994-02-14,-0.099,18871
1994-02-11,0.100,18890
1994-02-10,0.000,18871
1994-02-09,0.100,18871
1994-02-08,-0.099,18852
1994-02-07,-0.198,18871
1994-02-04,-0.396,18908
1994-02-03,-0.197,18983
1994-02-02,0.000,19021
1994-02-01,-0.295,19021
1994-01-31,0.396,19077
1994-01-28,0.297,19002
1994-01-27,0.099,18946
1994-01-26,0.099,18927
1994-01-25,-0.197,18908
1994-01-24,0.000,18945
1994-01-21,0.000,18945
1994-01-20,0.198,18945
1994-01-19,-0.098,18908
1994-01-18,0.199,18926
1994-01-17,0.000,18889
1994-01-14,-0.197,18889
1994-01-13,-0.491,18926
1994-01-12,0.296,19019
1994-01-11,0.000,18963
1994-01-10,0.099,18963
1994-01-07,0.696,18944
1994-01-06,0.200,18813
1994-01-05,0.000,18776
1994-01-04,0.100,18776
1994-01-03,-0.298,18757
1993-12-31,1.596,18813
1993-12-30,-0.391,18517
1993-12-29,0.000,18590
1993-12-28,-0.097,18590
1993-12-27,0.000,18608
1993-12-23,0.098,18608
1993-12-22,0.394,18590
1993-12-21,0.000,18517
1993-12-20,-0.098,18517
1993-12-17,0.099,18535
1993-12-16,0.000,18517
1993-12-15,0.000,18516
1993-12-14,-0.196,18516
1993-12-13,-0.195,18553
1993-12-10,-0.293,18589
1993-12-09,0.098,18644
1993-12-08,0.000,18625
1993-12-07,0.098,18625
1993-12-06,0.393,18607
1993-12-03,0.000,18534
1993-12-02,0.000,18534
1993-12-01,0.099,18534
1993-11-30,0.198,18516
1993-11-29,0.099,18479
1993-11-26,0.197,18461
1993-11-24,0.000,18424
1993-11-23,0.197,18424
1993-11-22,-0.098,18388
1993-11-19,-0.489,18406
1993-11-18,-0.195,18497
1993-11-17,0.000,18533
1993-11-16,0.000,18533
1993-11-15,0.000,18533
1993-11-12,0.196,18532
1993-11-11,0.000,18496
1993-11-10,-0.293,18496
1993-11-09,0.196,18550
1993-11-08,0.295,18514
1993-11-05,-0.293,18460
1993-11-04,-0.195,18514
1993-11-03,0.000,18550
1993-11-02,-0.292,18550
1993-11-01,-0.484,18604
1993-10-29,0.409,18695
1993-10-28,0.097,18618
1993-10-27,0.000,18600
1993-10-26,0.098,18600
1993-10-25,-0.193,18582
1993-10-22,-0.289,18618
1993-10-21,-0.288,18672
1993-10-20,0.097,18726
1993-10-19,0.000,18708
1993-10-18,-0.383,18708
1993-10-15,0.193,18780
1993-10-14,0.193,18744
1993-10-13,-0.096,18708
1993-10-12,0.000,18726
1993-10-11,0.000,18725
1993-10-08,0.290,18725
1993-10-07,0.000,18671
1993-10-06,0.000,18671
1993-10-05,0.000,18671
1993-10-04,0.000,18671
1993-10-01,0.194,18671
1993-09-30,0.301,18635
1993-09-29,-0.288,18579
1993-09-28,0.097,18632
1993-09-27,0.387,18614
1993-09-24,0.000,18543
1993-09-23,0.097,18543
1993-09-22,0.000,18524
1993-09-21,-0.096,18524
1993-09-20,-0.193,18542
1993-09-17,-0.096,18578
1993-09-16,0.194,18596
1993-09-15,-0.096,18560
1993-09-14,-0.384,18578
1993-09-13,0.000,18649
1993-09-10,0.290,18649
1993-09-09,-0.480,18595
1993-09-08,0.000,18685
1993-09-07,0.193,18685
1993-09-03,0.387,18649
1993-09-02,0.097,18577
1993-09-01,0.000,18559
1993-08-31,0.418,18559
1993-08-30,0.097,18482
1993-08-27,-0.096,18464
1993-08-26,0.291,18482
1993-08-25,0.097,18428
1993-08-24,0.195,18410
1993-08-23,0.000,18374
1993-08-20,0.000,18374
1993-08-19,0.195,18374
1993-08-18,0.000,18338
1993-08-17,-0.097,18338
1993-08-16,0.098,18356
1993-08-13,0.195,18338
1993-08-12,0.000,18302
1993-08-11,0.098,18302
1993-08-10,0.000,18284
1993-08-09,0.196,18284
1993-08-06,0.000,18249
1993-08-05,0.098,18248
1993-08-04,-0.097,18231
1993-08-03,0.098,18248
1993-08-02,-0.097,18230
1993-07-30,0.511,18248
1993-07-29,0.393,18155
1993-07-28,0.099,18084
1993-07-27,0.000,18066
1993-07-26,0.099,18066
1993-07-23,-0.196,18048
1993-07-22,-0.293,18084
1993-07-21,-0.292,18137
1993-07-20,-0.194,18190
1993-07-19,0.000,18226
1993-07-16,0.098,18225
1993-07-15,-0.097,18208
1993-07-14,0.293,18225
1993-07-13,-0.097,18172
1993-07-12,0.098,18190
1993-07-09,0.098,18172
1993-07-08,0.098,18154
1993-07-07,0.000,18136
1993-07-06,-0.195,18136
1993-07-02,0.196,18171
1993-07-01,0.000,18136
1993-06-30,0.512,18136
1993-06-29,0.000,18043
1993-06-28,0.098,18043
1993-06-25,0.197,18026
1993-06-24,0.099,17990
1993-06-23,0.000,17972
1993-06-22,0.000,17972
1993-06-21,0.099,17972
1993-06-18,-0.098,17955
1993-06-17,0.099,17972
1993-06-16,0.000,17954
1993-06-15,0.000,17954
1993-06-14,0.000,17954
1993-06-11,0.495,17954
1993-06-10,-0.098,17866
1993-06-09,0.198,17883
1993-06-08,-0.098,17848
1993-06-07,0.198,17866
1993-06-04,-0.394,17830
1993-06-03,0.099,17901
1993-06-02,0.099,17883
1993-06-01,0.298,17865
1993-05-28,0.438,17812
1993-05-27,0.000,17734
1993-05-26,0.199,17734
1993-05-25,0.000,17699
1993-05-24,0.000,17699
1993-05-21,-0.296,17699
1993-05-20,0.099,17752
1993-05-19,0.199,17734
1993-05-18,-0.296,17699
1993-05-17,-0.197,17751
1993-05-14,-0.098,17786
1993-05-13,-0.294,17804
1993-05-12,-0.196,17856
1993-05-11,0.099,17891
1993-05-10,0.099,17874
1993-05-07,-0.196,17856
1993-05-06,0.099,17891
1993-05-05,0.000,17873
1993-05-04,0.198,17873
1993-05-03,0.297,17838
1993-04-30,0.347,17785
1993-04-29,0.198,17724
1993-04-28,-0.098,17689
1993-04-27,-0.294,17706
1993-04-26,-0.196,17759
1993-04-23,-0.098,17793
1993-04-22,0.099,17811
1993-04-21,0.000,17793
1993-04-20,0.000,17793
1993-04-19,0.098,17793
1993-04-16,-0.097,17776
1993-04-15,0.000,17793
1993-04-14,0.098,17793
1993-04-13,0.000,17775
1993-04-12,0.693,17775
1993-04-08,0.000,17653
1993-04-07,0.100,17653
1993-04-06,0.199,17635
1993-04-05,0.100,17600
1993-04-02,-0.296,17583
1993-04-01,-0.099,17635
1993-03-31,0.468,17652
1993-03-30,0.198,17570
1993-03-29,0.100,17535
1993-03-26,-0.493,17518
1993-03-25,-0.098,17605
1993-03-24,-0.196,17622
1993-03-23,0.296,17657
1993-03-22,-0.098,17604
1993-03-19,-0.098,17622
1993-03-18,0.297,17639
1993-03-17,0.099,17587
1993-03-16,0.397,17569
1993-03-15,-0.296,17500
1993-03-12,-0.492,17552
1993-03-11,0.000,17639
1993-03-10,-0.196,17638
1993-03-09,-0.098,17673
1993-03-08,0.197,17690
1993-03-05,-0.489,17656
1993-03-04,0.295,17742
1993-03-03,0.296,17690
1993-03-02,0.000,17638
1993-03-01,0.297,17638
1993-02-26,0.576,17586
1993-02-25,0.000,17485
1993-02-24,-0.196,17485
1993-02-23,0.495,17519
1993-02-22,0.100,17433
1993-02-19,0.000,17416
1993-02-18,0.399,17416
1993-02-17,0.200,17346
1993-02-16,0.100,17312
1993-02-12,0.100,17294
1993-02-11,0.301,17277
1993-02-10,-0.299,17225
1993-02-09,-0.199,17277
1993-02-08,-0.099,17311
1993-02-05,0.300,17329
1993-02-04,0.201,17277
1993-02-03,0.101,17242
1993-02-02,-0.200,17225
1993-02-01,0.101,17259
1993-01-29,0.666,17242
1993-01-28,0.201,17128
1993-01-27,0.000,17093
1993-01-26,-0.100,17093
1993-01-25,0.302,17110
1993-01-22,0.202,17059
1993-01-21,0.101,17025
1993-01-20,-0.100,17007
1993-01-19,0.000,17024
1993-01-18,0.000,17024
1993-01-15,0.303,17024
1993-01-14,0.203,16973
1993-01-13,0.000,16939
1993-01-12,0.000,16938
1993-01-11,0.102,16938
1993-01-08,0.102,16921
1993-01-07,-0.403,16904
1993-01-06,-0.100,16972
1993-01-05,0.101,16989
1993-01-04,0.304,16972
1992-12-31,0.560,16921
1992-12-30,0.000,16826
1992-12-29,0.102,16826
1992-12-28,-0.101,16809
1992-12-24,-0.101,16826
1992-12-23,-0.100,16843
1992-12-22,0.304,16860
1992-12-21,0.102,16809
1992-12-18,0.102,16792
1992-12-17,0.000,16775
1992-12-16,0.204,16775
1992-12-15,0.000,16741
1992-12-14,-0.101,16740
1992-12-11,-0.202,16757
1992-12-10,-0.101,16791
1992-12-09,0.000,16808
1992-12-08,0.102,16808
1992-12-07,0.306,16791
1992-12-04,0.204,16740
1992-12-03,0.102,16706
1992-12-02,0.103,16689
1992-12-01,0.000,16672
1992-11-30,1.451,16672
1992-11-27,-0.403,16433
1992-11-25,-0.100,16500
1992-11-24,0.202,16516
1992-11-23,-0.101,16483
1992-11-20,-0.100,16499
1992-11-19,-0.100,16516
1992-11-18,0.304,16532
1992-11-17,0.101,16482
1992-11-16,-0.201,16466
1992-11-13,-0.201,16499
1992-11-12,0.202,16532
1992-11-11,0.102,16499
1992-11-10,0.304,16482
1992-11-09,-0.202,16432
1992-11-06,-0.302,16465
1992-11-05,0.101,16515
1992-11-04,0.000,16498
1992-11-03,0.102,16498
1992-11-02,-0.302,16482
1992-10-30,0.273,16531
1992-10-29,0.202,16486
1992-10-28,0.000,16453
1992-10-27,0.202,16453
1992-10-26,-0.100,16420
1992-10-23,-0.301,16436
1992-10-22,0.101,16486
1992-10-21,0.202,16469
1992-10-20,-0.600,16436
1992-10-19,-0.398,16535
1992-10-16,-0.099,16602
1992-10-15,-0.099,16618
1992-10-14,0.100,16635
1992-10-13,0.000,16618
1992-10-12,0.100,16618
1992-10-09,-0.397,16601
1992-10-08,0.100,16667
1992-10-07,-0.494,16651
1992-10-06,-0.295,16733
1992-10-05,0.000,16783
1992-10-02,-0.098,16783
1992-10-01,0.396,16799
1992-09-30,0.468,16733
1992-09-29,0.000,16655
1992-09-28,0.099,16655
1992-09-25,0.398,16639
1992-09-24,0.299,16573
1992-09-23,-0.198,16523
1992-09-22,-0.297,16556
1992-09-21,-0.197,16605
1992-09-18,0.100,16638
1992-09-17,0.000,16622
1992-09-16,-0.098,16622
1992-09-15,-0.295,16638
1992-09-14,0.198,16687
1992-09-11,-0.197,16654
1992-09-10,-0.098,16687
1992-09-09,-0.098,16703
1992-09-08,0.297,16720
1992-09-04,0.596,16670
1992-09-03,0.000,16572
1992-09-02,0.100,16571
1992-09-01,0.200,16555
1992-08-31,0.581,16522
1992-08-28,0.100,16426
1992-08-27,0.200,16410
1992-08-26,0.101,16377
1992-08-25,-0.099,16361
1992-08-24,-0.595,16377
1992-08-21,-0.296,16475
1992-08-20,0.100,16524
1992-08-19,0.100,16508
1992-08-18,0.299,16491
1992-08-17,-0.099,16442
1992-08-14,0.100,16458
1992-08-13,-0.297,16442
1992-08-12,-0.099,16491
1992-08-11,0.000,16507
1992-08-10,0.299,16507
1992-08-07,0.300,16458
1992-08-06,0.000,16409
1992-08-05,0.100,16409
1992-08-04,0.200,16392
1992-08-03,0.000,16359
1992-07-31,0.594,16359
1992-07-30,-0.497,16263
1992-07-29,0.000,16344
1992-07-28,0.200,16344
1992-07-27,0.000,16311
1992-07-24,-0.199,16311
1992-07-23,0.500,16344
1992-07-22,0.201,16262
1992-07-21,0.000,16230
1992-07-20,0.000,16230
1992-07-17,-0.200,16230
1992-07-16,0.101,16262
1992-07-15,0.302,16246
1992-07-14,0.000,16197
1992-07-13,-0.100,16197
1992-07-10,-0.100,16213
1992-07-09,0.000,16229
1992-07-08,0.000,16229
1992-07-07,0.101,16229
1992-07-06,0.101,16213
1992-07-02,0.810,16196
1992-07-01,0.102,16066
1992-06-30,0.602,16050
1992-06-29,0.000,15954
1992-06-26,0.000,15954
1992-06-25,0.203,15954
1992-06-24,0.204,15921
1992-06-23,-0.101,15889
1992-06-22,-0.101,15905
1992-06-19,-0.202,15921
1992-06-18,0.102,15953
1992-06-17,0.204,15937
1992-06-16,0.204,15905
1992-06-15,0.000,15872
1992-06-12,0.102,15872
1992-06-11,0.205,15856
1992-06-10,-0.203,15823
1992-06-09,0.000,15856
1992-06-08,0.000,15856
1992-06-05,0.205,15856
1992-06-04,0.000,15823
1992-06-03,0.103,15823
1992-06-02,0.103,15807
1992-06-01,-0.306,15791
1992-05-29,0.917,15839
1992-05-28,0.308,15695
1992-05-27,0.103,15647
1992-05-26,-0.511,15631
1992-05-22,0.103,15711
1992-05-21,-0.610,15695
1992-05-20,-0.202,15791
1992-05-19,0.408,15823
1992-05-18,0.000,15759
1992-05-15,0.205,15759
1992-05-14,0.000,15727
1992-05-13,0.000,15727
1992-05-12,0.205,15726
1992-05-11,0.103,15694
1992-05-08,0.309,15678
1992-05-07,0.000,15630
1992-05-06,0.207,15630
1992-05-05,0.104,15598
1992-05-04,0.000,15581
1992-05-01,0.207,15581
1992-04-30,0.614,15549
1992-04-29,-0.103,15454
1992-04-28,0.207,15470
1992-04-27,-0.206,15438
1992-04-24,0.104,15470
1992-04-23,-0.103,15454
1992-04-22,0.000,15470
1992-04-21,0.000,15470
1992-04-20,-0.513,15470
1992-04-16,-0.306,15550
1992-04-15,-0.102,15597
1992-04-14,0.000,15613
1992-04-13,0.103,15613
1992-04-10,0.000,15597
1992-04-09,0.411,15597
1992-04-08,-0.102,15533
1992-04-07,0.000,15549
1992-04-06,0.103,15549
1992-04-03,0.310,15533
1992-04-02,-0.102,15485
1992-04-01,0.414,15501
1992-03-31,0.635,15437
1992-03-30,0.104,15339
1992-03-27,0.104,15323
1992-03-26,-0.206,15308
1992-03-25,0.104,15339
1992-03-24,0.416,15323
1992-03-23,0.000,15260
1992-03-20,-0.310,15260
1992-03-19,0.208,15307
1992-03-18,0.000,15275
1992-03-17,0.209,15275
1992-03-16,0.000,15244
1992-03-13,-0.414,15243
1992-03-12,-0.412,15307
1992-03-11,-0.308,15370
1992-03-10,0.000,15418
1992-03-09,0.310,15418
1992-03-06,0.000,15370
1992-03-05,-0.205,15370
1992-03-04,0.000,15402
1992-03-03,-0.205,15401
1992-03-02,-0.511,15433
1992-02-28,0.950,15512
1992-02-27,0.103,15366
1992-02-26,0.310,15351
1992-02-25,0.104,15303
1992-02-24,-0.103,15287
1992-02-21,-0.205,15303
1992-02-20,0.104,15334
1992-02-19,0.103,15319
1992-02-18,-0.205,15303
1992-02-14,0.000,15334
1992-02-13,-0.612,15334
1992-02-12,-0.101,15429
1992-02-11,-0.102,15444
1992-02-10,-0.101,15460
1992-02-07,0.000,15476
1992-02-06,0.102,15476
1992-02-05,0.205,15460
1992-02-04,0.308,15428
1992-02-03,-0.204,15381
1992-01-31,0.888,15412
1992-01-30,-0.305,15277
1992-01-29,-0.304,15324
1992-01-28,0.204,15370
1992-01-27,0.000,15339
1992-01-24,-0.203,15339
1992-01-23,-0.303,15370
1992-01-22,-0.202,15417
1992-01-21,0.203,15448
1992-01-20,0.102,15417
1992-01-17,0.102,15401
1992-01-16,-0.303,15385
1992-01-15,0.000,15432
1992-01-14,-0.603,15432
1992-01-13,-0.100,15526
1992-01-10,-0.300,15541
1992-01-09,-0.100,15588
1992-01-08,0.000,15604
1992-01-07,0.302,15603
1992-01-06,0.101,15557
1992-01-03,-0.100,15541
1992-01-02,-0.300,15556
1991-12-31,0.838,15603
1991-12-30,0.201,15473
1991-12-27,0.303,15442
1991-12-26,0.000,15396
1991-12-24,0.000,15396
1991-12-23,0.202,15396
1991-12-20,0.505,15365
1991-12-19,0.304,15287
1991-12-18,-0.101,15241
1991-12-17,0.102,15256
1991-12-16,0.000,15241
1991-12-13,-0.101,15241
1991-12-12,0.102,15256
1991-12-11,0.000,15241
1991-12-10,0.102,15241
1991-12-09,0.102,15225
1991-12-06,0.102,15209
1991-12-05,-0.101,15194
1991-12-04,0.408,15209
1991-12-03,0.102,15148
1991-12-02,0.205,15132
1991-11-29,0.752,15101
1991-11-27,0.000,14988
1991-11-26,0.103,14988
1991-11-25,-0.102,14973
1991-11-22,-0.102,14988
1991-11-21,-0.102,15003
1991-11-20,-0.102,15019
1991-11-19,-0.101,15034
1991-11-18,0.000,15049
1991-11-15,0.103,15049
1991-11-14,0.205,15034
1991-11-13,-0.305,15003
1991-11-12,0.205,15049
1991-11-11,0.000,15018
1991-11-08,0.103,15018
1991-11-07,0.308,15003
1991-11-06,0.103,14956
1991-11-05,-0.204,14941
1991-11-04,-0.102,14972
1991-11-01,0.000,14987
1991-10-31,0.753,14987
1991-10-30,0.103,14875
1991-10-29,0.516,14860
1991-10-28,0.104,14783
1991-10-25,0.000,14768
1991-10-24,0.207,14768
1991-10-23,-0.103,14737
1991-10-22,-0.103,14752
1991-10-21,-0.411,14768
1991-10-18,0.103,14829
1991-10-17,-0.409,14813
1991-10-16,0.103,14874
1991-10-15,0.103,14859
1991-10-14,0.000,14844
1991-10-11,0.413,14843
1991-10-10,-0.308,14782
1991-10-09,-0.307,14828
1991-10-08,-0.102,14874
1991-10-07,0.000,14889
1991-10-04,0.309,14889
1991-10-03,0.000,14843
1991-10-02,0.000,14843
1991-10-01,0.000,14843
1991-09-30,0.870,14843
1991-09-27,0.207,14715
1991-09-26,0.104,14684
1991-09-25,0.000,14669
1991-09-24,-0.103,14669
1991-09-23,0.000,14684
1991-09-20,0.104,14684
1991-09-19,0.000,14669
1991-09-18,-0.103,14669
1991-09-17,0.104,14684
1991-09-16,0.104,14669
1991-09-13,0.000,14653
1991-09-12,0.311,14653
1991-09-11,0.000,14608
1991-09-10,-0.103,14608
1991-09-09,0.208,14623
1991-09-06,0.313,14593
1991-09-05,-0.104,14547
1991-09-04,0.000,14562
1991-09-03,0.105,14562
1991-08-30,0.251,14547
1991-08-29,0.312,14510
1991-08-28,0.313,14465
1991-08-27,0.105,14420
1991-08-26,-0.104,14405
1991-08-23,-0.415,14420
1991-08-22,0.104,14480
1991-08-21,0.000,14465
1991-08-20,0.105,14465
1991-08-19,-0.104,14450
1991-08-16,0.105,14465
1991-08-15,-0.104,14450
1991-08-14,0.418,14465
1991-08-13,0.105,14404
1991-08-12,0.105,14389
1991-08-09,0.000,14374
1991-08-08,-0.208,14374
1991-08-07,0.105,14404
1991-08-06,0.315,14389
1991-08-05,0.105,14344
1991-08-02,0.634,14329
1991-08-01,-0.105,14238
1991-07-31,0.895,14253
1991-07-30,0.000,14127
1991-07-29,0.000,14127
1991-07-26,0.000,14127
1991-07-25,0.212,14127
1991-07-24,0.319,14097
1991-07-23,-0.212,14052
1991-07-22,0.107,14082
1991-07-19,0.107,14067
1991-07-18,0.000,14052
1991-07-17,-0.212,14052
1991-07-16,0.000,14082
1991-07-15,0.000,14082
1991-07-12,0.213,14081
1991-07-11,0.213,14052
1991-07-10,0.107,14022
1991-07-09,0.000,14007
1991-07-08,-0.106,14007
1991-07-05,-0.318,14021
1991-07-03,0.107,14066
1991-07-02,0.000,14051
1991-07-01,-0.106,14051
1991-06-28,1.008,14066
1991-06-27,0.107,13926
1991-06-26,0.000,13911
1991-06-25,0.000,13911
1991-06-24,-0.106,13910
1991-06-21,-0.106,13925
1991-06-20,0.214,13940
1991-06-19,0.000,13910
1991-06-18,0.000,13910
1991-06-17,-0.106,13910
1991-06-14,0.214,13925
1991-06-13,0.000,13895
1991-06-12,-0.212,13895
1991-06-11,0.000,13925
1991-06-10,0.000,13925
1991-06-07,-0.212,13925
1991-06-06,-0.212,13954
1991-06-05,-0.317,13984
1991-06-04,0.000,14028
1991-06-03,-0.316,14028
1991-05-31,0.466,14073
1991-05-30,0.211,14007
1991-05-29,0.106,13978
1991-05-28,0.106,13963
1991-05-24,0.000,13948
1991-05-23,-0.105,13948
1991-05-22,0.000,13963
1991-05-21,0.212,13963
1991-05-20,-0.105,13933
1991-05-17,0.106,13948
1991-05-16,0.106,13933
1991-05-15,0.106,13918
1991-05-14,-0.316,13903
1991-05-13,0.212,13948
1991-05-10,-0.421,13918
1991-05-09,0.000,13977
1991-05-08,0.000,13977
1991-05-07,0.106,13977
1991-05-06,-0.105,13962
1991-05-03,-0.315,13977
1991-05-02,0.211,14021
1991-05-01,0.106,13991
1991-04-30,0.894,13976
1991-04-29,0.000,13853
1991-04-26,0.000,13853
1991-04-25,0.000,13852
1991-04-24,0.318,13852
1991-04-23,0.106,13808
1991-04-22,-0.317,13794
1991-04-19,-0.210,13838
1991-04-18,-0.315,13867
1991-04-17,0.106,13911
1991-04-16,-0.105,13896
1991-04-15,0.211,13910
1991-04-12,0.424,13881
1991-04-11,0.000,13823
1991-04-10,-0.316,13822
1991-04-09,-0.210,13866
1991-04-08,0.106,13895
1991-04-05,0.000,13881
1991-04-04,0.318,13881
1991-04-03,0.000,13837
1991-04-02,0.106,13837
1991-04-01,-0.105,13822
1991-03-28,0.907,13837
1991-03-27,0.213,13712
1991-03-26,0.000,13683
1991-03-25,0.107,13683
1991-03-22,0.000,13668
1991-03-21,0.213,13668
1991-03-20,0.214,13639
1991-03-19,-0.425,13610
1991-03-18,-0.212,13668
1991-03-15,-0.422,13697
1991-03-14,0.106,13755
1991-03-13,0.212,13741
1991-03-12,0.000,13711
1991-03-11,0.106,13711
1991-03-08,-0.105,13697
1991-03-07,0.106,13711
1991-03-06,0.000,13697
1991-03-05,0.000,13697
1991-03-04,0.000,13697
1991-03-01,-0.317,13696
1991-02-28,0.575,13740
1991-02-27,-0.105,13661
1991-02-26,-0.210,13676
1991-02-25,0.000,13705
1991-02-22,-0.105,13705
1991-02-21,-0.209,13719
1991-02-20,-0.104,13748
1991-02-19,-0.104,13762
1991-02-15,0.000,13776
1991-02-14,0.000,13776
1991-02-13,0.000,13776
1991-02-12,0.000,13776
1991-02-11,-0.104,13776
1991-02-08,0.210,13791
1991-02-07,0.000,13762
1991-02-06,0.000,13762
1991-02-05,0.105,13761
1991-02-04,0.211,13747
1991-02-01,0.635,13718
1991-01-31,0.801,13631
1991-01-30,-0.105,13523
1991-01-29,0.106,13537
1991-01-28,0.107,13523
1991-01-25,-0.317,13509
1991-01-24,0.212,13552
1991-01-23,0.107,13523
1991-01-22,0.000,13509
1991-01-21,-0.211,13508
1991-01-18,0.213,13537
1991-01-17,0.748,13508
1991-01-16,0.000,13408
1991-01-15,0.000,13408
1991-01-14,-0.213,13408
1991-01-11,0.000,13436
1991-01-10,0.214,13436
1991-01-09,-0.319,13408
1991-01-08,-0.106,13451
1991-01-07,-0.529,13465
1991-01-04,-0.316,13536
1991-01-03,0.212,13579
1991-01-02,0.532,13551
1990-12-31,0.923,13479
1990-12-28,-0.106,13356
1990-12-27,0.107,13370
1990-12-26,0.214,13356
1990-12-24,-0.319,13327
1990-12-21,-0.212,13370
1990-12-20,-0.211,13398
1990-12-19,-0.105,13426
1990-12-18,0.213,13441
1990-12-17,0.000,13412
1990-12-14,-0.317,13412
1990-12-13,-0.210,13455
1990-12-12,0.106,13483
1990-12-11,0.106,13469
1990-12-10,0.319,13454
1990-12-07,0.641,13412
1990-12-06,-0.106,13326
1990-12-05,0.214,13340
1990-12-04,0.000,13312
1990-12-03,0.215,13312
1990-11-30,0.919,13283
1990-11-29,-0.107,13162
1990-11-28,-0.107,13176
1990-11-27,0.000,13191
1990-11-26,0.000,13190
1990-11-23,0.000,13190
1990-11-21,0.215,13190
1990-11-20,0.108,13162
1990-11-19,-0.214,13148
1990-11-16,0.323,13176
1990-11-15,-0.107,13134
1990-11-14,0.108,13148
1990-11-13,0.216,13133
1990-11-12,0.216,13105
1990-11-09,0.434,13077
1990-11-08,-0.108,13020
1990-11-07,-0.216,13034
1990-11-06,0.000,13063
1990-11-05,0.326,13062
1990-11-02,-0.108,13020
1990-11-01,0.327,13034
1990-10-31,0.944,12992
1990-10-30,0.000,12870
1990-10-29,-0.217,12870
1990-10-26,-0.108,12898
1990-10-25,0.218,12912
1990-10-24,0.000,12884
1990-10-23,0.000,12884
1990-10-22,-0.108,12884
1990-10-19,0.328,12898
1990-10-18,0.219,12856
1990-10-17,0.110,12828
1990-10-16,0.110,12813
1990-10-15,0.110,12799
1990-10-12,0.331,12785
1990-10-11,-0.219,12743
1990-10-10,-0.328,12771
1990-10-09,-0.652,12813
1990-10-08,0.000,12897
1990-10-05,0.000,12897
1990-10-04,0.109,12897
1990-10-03,0.109,12883
1990-10-02,0.110,12869
1990-10-01,0.438,12855
1990-09-28,1.063,12799
1990-09-27,0.331,12664
1990-09-26,0.000,12622
1990-09-25,0.111,12622
1990-09-24,-0.330,12608
1990-09-21,-0.329,12650
1990-09-20,0.000,12692
1990-09-19,0.000,12692
1990-09-18,0.000,12692
1990-09-17,-0.109,12691
1990-09-14,-0.218,12705
1990-09-13,0.110,12733
1990-09-12,0.000,12719
1990-09-11,0.000,12719
1990-09-10,-0.109,12719
1990-09-07,0.110,12733
1990-09-06,0.110,12719
1990-09-05,0.220,12705
1990-09-04,-0.219,12677
1990-08-31,0.851,12705
1990-08-30,0.000,12598
1990-08-29,0.331,12598
1990-08-28,-0.110,12556
1990-08-27,0.664,12570
1990-08-24,-0.220,12487
1990-08-23,-0.439,12514
1990-08-22,-0.219,12570
1990-08-21,-0.218,12597
1990-08-20,0.000,12625
1990-08-17,-0.109,12625
1990-08-16,-0.543,12638
1990-08-15,0.109,12707
1990-08-14,0.109,12694
1990-08-13,0.000,12680
1990-08-10,-0.108,12680
1990-08-09,0.328,12693
1990-08-08,-0.109,12652
1990-08-07,-0.326,12666
1990-08-06,-0.862,12707
1990-08-03,-0.215,12817
1990-08-02,-0.428,12845
1990-08-01,0.323,12900
1990-07-31,0.725,12859
1990-07-30,0.324,12766
1990-07-27,0.325,12725
1990-07-26,0.000,12684
1990-07-25,0.217,12684
1990-07-24,-0.324,12656
1990-07-23,0.109,12697
1990-07-20,0.109,12683
1990-07-19,0.000,12670
1990-07-18,-0.323,12670
1990-07-17,0.108,12711
1990-07-16,0.109,12697
1990-07-13,0.109,12683
1990-07-12,0.326,12669
1990-07-11,0.109,12628
1990-07-10,-0.108,12614
1990-07-09,-0.216,12628
1990-07-06,-0.431,12655
1990-07-05,0.000,12710
1990-07-03,0.108,12710
1990-07-02,0.000,12696
1990-06-29,0.949,12696
1990-06-28,0.217,12577
1990-06-27,0.109,12550
1990-06-26,0.109,12536
1990-06-25,-0.216,12522
1990-06-22,0.000,12549
1990-06-21,0.109,12549
1990-06-20,-0.216,12536
1990-06-19,0.000,12563
1990-06-18,-0.216,12563
1990-06-15,-0.430,12590
1990-06-14,0.216,12644
1990-06-13,0.325,12617
1990-06-12,0.000,12576
1990-06-11,-0.108,12576
1990-06-08,0.000,12590
1990-06-07,0.109,12590
1990-06-06,-0.108,12576
1990-06-05,-0.107,12590
1990-06-04,0.109,12603
1990-06-01,0.763,12589
1990-05-31,0.846,12494
1990-05-30,0.110,12389
1990-05-29,0.219,12376
1990-05-25,-0.327,12349
1990-05-24,-0.108,12389
1990-05-23,0.219,12403
1990-05-22,0.329,12375
1990-05-21,0.110,12335
1990-05-18,-0.327,12321
1990-05-17,0.000,12362
1990-05-16,-0.109,12362
1990-05-15,-0.109,12375
1990-05-14,0.329,12389
1990-05-11,0.661,12348
1990-05-10,0.332,12267
1990-05-09,-0.220,12226
1990-05-08,0.111,12253
1990-05-07,0.000,12240
1990-05-04,0.667,12240
1990-05-03,0.223,12159
1990-05-02,-0.111,12131
1990-05-01,0.000,12145
1990-04-30,0.751,12145
1990-04-27,0.000,12054
1990-04-26,-0.221,12054
1990-04-25,-0.110,12081
1990-04-24,-0.110,12094
1990-04-23,-0.221,12108
1990-04-20,-0.110,12134
1990-04-19,-0.220,12148
1990-04-18,-0.329,12175
1990-04-17,-0.328,12215
1990-04-16,-0.109,12255
1990-04-12,-0.109,12268
1990-04-11,0.000,12282
1990-04-10,-0.109,12281
1990-04-09,-0.108,12295
1990-04-06,0.000,12308
1990-04-05,0.109,12308
1990-04-04,0.329,12295
1990-04-03,0.000,12254
1990-04-02,0.000,12254
1990-03-30,0.517,12254
1990-03-29,-0.326,12191
1990-03-28,0.000,12231
1990-03-27,0.000,12231
1990-03-26,0.110,12231
1990-03-23,0.000,12218
1990-03-22,0.000,12218
1990-03-21,0.000,12217
1990-03-20,0.219,12217
1990-03-19,0.000,12191
1990-03-16,0.329,12191
1990-03-15,0.000,12151
1990-03-14,0.220,12151
1990-03-13,-0.328,12124
1990-03-12,0.110,12164
1990-03-09,-0.327,12150
1990-03-08,0.000,12190
1990-03-07,0.110,12190
1990-03-06,0.000,12177
1990-03-05,-0.326,12177
1990-03-02,0.109,12217
1990-03-01,-0.326,12203
1990-02-28,0.109,12243
1990-02-27,0.109,12230
1990-02-26,0.218,12217
1990-02-23,0.109,12190
1990-02-22,0.328,12177
1990-02-21,-0.109,12137
1990-02-20,-0.758,12150
1990-02-16,0.000,12243
1990-02-15,0.534,12243
1990-02-14,0.000,12178
1990-02-13,0.000,12178
1990-02-12,-0.108,12178
1990-02-09,0.543,12191
1990-02-08,0.109,12125
1990-02-07,0.000,12112
1990-02-06,-0.108,12111
1990-02-05,-0.216,12125
1990-02-02,-0.108,12151
1990-02-01,0.109,12164
1990-01-31,0.327,12151
1990-01-30,-0.216,12111
1990-01-29,0.000,12137
1990-01-26,-0.324,12137
1990-01-25,-0.215,12177
1990-01-24,-0.322,12203
1990-01-23,0.000,12243
1990-01-22,0.000,12242
1990-01-19,0.108,12242
1990-01-18,-0.535,12229
1990-01-17,0.000,12295
1990-01-16,-0.320,12295
1990-01-15,0.236,12334
1990-01-12,-0.212,12305
1990-01-11,0.000,12331
1990-01-10,0.000,12331
1990-01-09,0.000,12331
1990-01-08,-0.106,12331
1990-01-05,-0.106,12344
1990-01-04,0.107,12357
1990-01-03,-0.212,12344
1990-01-02,-0.105,12370
1989-12-29,0.373,12384
1989-12-28,0.106,12338
1989-12-27,0.000,12324
1989-12-26,-0.527,12324
1989-12-22,-0.210,12390
1989-12-21,-0.105,12416
1989-12-20,0.106,12429
1989-12-19,-0.105,12416
1989-12-18,0.106,12429
1989-12-15,0.689,12415
1989-12-14,0.212,12330
1989-12-13,0.000,12304
1989-12-12,0.000,12304
1989-12-11,0.000,12304
1989-12-08,0.212,12304
1989-12-07,-0.210,12278
1989-12-06,-0.105,12304
1989-12-05,0.000,12317
1989-12-04,0.000,12317
1989-12-01,0.212,12317
1989-11-30,0.106,12291
1989-11-29,-0.105,12278
1989-11-28,-0.105,12291
1989-11-27,-0.210,12304
1989-11-24,0.106,12330
1989-11-22,0.106,12317
1989-11-21,0.106,12304
1989-11-20,0.000,12291
1989-11-17,-0.210,12290
1989-11-16,0.000,12316
1989-11-15,0.861,12316
1989-11-14,0.212,12211
1989-11-13,0.000,12185
1989-11-10,-0.105,12185
1989-11-09,0.000,12198
1989-11-08,0.106,12198
1989-11-07,0.425,12185
1989-11-06,-0.317,12134
1989-11-03,-0.316,12172
1989-11-02,0.106,12211
1989-11-01,0.000,12198
1989-10-31,0.000,12198
1989-10-30,0.106,12198
1989-10-27,-0.211,12185
1989-10-26,-0.105,12210
1989-10-25,0.000,12223
1989-10-24,0.318,12223
1989-10-23,0.212,12184
1989-10-20,-0.105,12159
1989-10-19,0.213,12171
1989-10-18,-0.211,12146
1989-10-17,0.000,12171
1989-10-16,-0.526,12171
1989-10-13,1.485,12236
1989-10-12,0.107,12057
1989-10-11,-0.106,12044
1989-10-10,0.000,12056
1989-10-09,0.107,12056
1989-10-06,0.535,12043
1989-10-05,0.215,11979
1989-10-04,0.108,11954
1989-10-03,0.215,11941
1989-10-02,0.108,11915
1989-09-29,-0.107,11902
1989-09-28,0.000,11915
1989-09-27,-0.107,11915
1989-09-26,0.216,11928
1989-09-25,-0.428,11902
1989-09-22,-0.106,11953
1989-09-21,-0.213,11966
1989-09-20,-0.319,11992
1989-09-19,0.000,12030
1989-09-18,0.000,12030
1989-09-15,0.805,12030
1989-09-14,0.214,11934
1989-09-13,-0.212,11908
1989-09-12,0.107,11934
1989-09-11,0.107,11921
1989-09-08,0.107,11908
1989-09-07,0.108,11895
1989-09-06,0.000,11883
1989-09-05,-0.106,11883
1989-09-01,0.430,11895
1989-08-31,-0.107,11844
1989-08-30,0.108,11857
1989-08-29,0.000,11844
1989-08-28,-0.320,11844
1989-08-25,0.107,11882
1989-08-24,0.215,11869
1989-08-23,0.108,11844
1989-08-22,-0.427,11831
1989-08-21,-0.106,11882
1989-08-18,0.108,11895
1989-08-17,-0.213,11882
1989-08-16,0.322,11907
1989-08-15,0.723,11869
1989-08-14,-0.532,11784
1989-08-11,-0.424,11847
1989-08-10,0.107,11897
1989-08-09,-0.211,11885
1989-08-08,0.107,11910
1989-08-07,-0.211,11897
1989-08-04,-0.943,11922
1989-08-03,-0.209,12036
1989-08-02,-0.208,12061
1989-08-01,0.420,12086
1989-07-31,0.211,12036
1989-07-28,0.317,12010
1989-07-27,0.424,11972
1989-07-26,0.000,11922
1989-07-25,0.213,11922
1989-07-24,0.000,11897
1989-07-21,-0.211,11897
1989-07-20,0.319,11922
1989-07-19,0.107,11884
1989-07-18,-0.317,11871
1989-07-17,-0.105,11909
1989-07-14,0.586,11921
1989-07-13,0.000,11852
1989-07-12,0.000,11852
1989-07-11,0.000,11852
1989-07-10,0.106,11852
1989-07-07,0.319,11839
1989-07-06,0.213,11802
1989-07-05,0.000,11777
1989-07-03,0.000,11776
1989-06-30,0.214,11776
1989-06-29,0.214,11751
1989-06-28,-0.213,11726
1989-06-27,0.214,11751
1989-06-26,0.215,11726
1989-06-23,0.431,11701
1989-06-22,-0.107,11651
1989-06-21,-0.107,11663
1989-06-20,0.216,11676
1989-06-19,0.000,11651
1989-06-16,-0.321,11651
1989-06-15,0.420,11688
1989-06-14,0.215,11639
1989-06-13,-0.532,11614
1989-06-12,0.000,11676
1989-06-09,0.536,11676
1989-06-08,0.108,11614
1989-06-07,0.323,11602
1989-06-06,0.000,11564
1989-06-05,0.324,11564
1989-06-02,0.761,11527
1989-06-01,0.000,11440
1989-05-31,0.109,11440
1989-05-30,0.109,11427
1989-05-26,0.110,11415
1989-05-25,-0.109,11402
1989-05-24,-0.108,11415
1989-05-23,-0.108,11427
1989-05-22,0.547,11439
1989-05-19,0.329,11377
1989-05-18,0.110,11340
1989-05-17,0.110,11327
1989-05-16,-0.219,11315
1989-05-15,0.763,11340
1989-05-12,1.221,11254
1989-05-11,0.335,11118
1989-05-10,-0.222,11081
1989-05-09,-0.442,11106
1989-05-08,-0.330,11155
1989-05-05,0.555,11192
1989-05-04,-0.110,11130
1989-05-03,0.111,11142
1989-05-02,0.223,11130
1989-05-01,-0.442,11105
1989-04-28,0.111,11155
1989-04-27,0.334,11142
1989-04-26,0.000,11105
1989-04-25,0.000,11105
1989-04-24,0.000,11105
1989-04-21,0.112,11105
1989-04-20,-0.442,11093
1989-04-19,-0.110,11142
1989-04-18,0.669,11154
1989-04-17,-0.111,11080
1989-04-14,1.422,11092
1989-04-13,-0.111,10937
1989-04-12,-0.111,10949
1989-04-11,0.000,10961
1989-04-10,0.000,10961
1989-04-07,-0.222,10961
1989-04-06,-0.222,10986
1989-04-05,0.112,11010
1989-04-04,0.112,10998
1989-04-03,0.448,10985
1989-03-31,0.000,10936
1989-03-30,0.000,10936
1989-03-29,0.225,10936
1989-03-28,0.113,10912
1989-03-27,0.000,10899
1989-03-23,0.000,10899
1989-03-22,0.452,10899
1989-03-21,-0.225,10850
1989-03-20,0.000,10875
1989-03-17,-0.892,10875
1989-03-16,0.000,10973
1989-03-15,0.709,10972
1989-03-14,0.112,10895
1989-03-13,-0.111,10883
1989-03-10,-0.333,10895
1989-03-09,-0.111,10932
1989-03-08,0.112,10944
1989-03-07,0.000,10932
1989-03-06,0.223,10931
1989-03-03,0.112,10907
1989-03-02,0.000,10895
1989-03-01,-0.111,10895
1989-02-28,0.224,10907
1989-02-27,0.000,10883
1989-02-24,-0.111,10882
1989-02-23,-0.333,10895
1989-02-22,-0.221,10931
1989-02-21,0.000,10955
1989-02-17,0.000,10955
1989-02-16,0.000,10955
1989-02-15,0.941,10955
1989-02-14,-0.110,10853
1989-02-13,-0.110,10865
1989-02-10,-0.441,10877
1989-02-09,-0.657,10925
1989-02-08,0.110,10997
1989-02-07,0.110,10985
1989-02-06,0.000,10973
1989-02-03,-0.109,10973
1989-02-02,0.110,10985
1989-02-01,0.000,10973
1989-01-31,-0.109,10973
1989-01-30,-0.109,10985
1989-01-27,0.220,10997
1989-01-26,-0.109,10973
1989-01-25,-0.219,10985
1989-01-24,0.330,11009
1989-01-23,0.111,10973
1989-01-20,-0.109,10961
1989-01-19,0.000,10973
1989-01-18,0.221,10973
1989-01-17,0.000,10948
1989-01-16,0.000,10948
1989-01-13,0.766,10948
1989-01-12,0.222,10865
1989-01-11,0.000,10841
1989-01-10,0.111,10841
1989-01-09,0.000,10829
1989-01-06,0.112,10829
1989-01-05,-0.221,10817
1989-01-04,0.000,10841
1989-01-03,-0.331,10841
1988-12-30,0.500,10877
1988-12-29,0.111,10822
1988-12-28,-0.331,10810
1988-12-27,-0.330,10846
1988-12-23,0.000,10882
1988-12-22,0.000,10882
1988-12-21,0.111,10882
1988-12-20,0.332,10870
1988-12-19,0.000,10834
1988-12-16,0.111,10834
1988-12-15,0.736,10822
1988-12-14,-0.220,10743
1988-12-13,-0.329,10767
1988-12-12,0.000,10802
1988-12-09,-0.219,10802
1988-12-08,-0.218,10826
1988-12-07,0.110,10850
1988-12-06,0.441,10838
1988-12-05,0.111,10790
1988-12-02,-0.548,10778
1988-12-01,0.110,10838
1988-11-30,0.331,10826
1988-11-29,0.000,10790
1988-11-28,0.111,10790
1988-11-25,-0.329,10778
1988-11-23,-0.109,10814
1988-11-22,-0.109,10825
1988-11-21,0.000,10837
1988-11-18,0.000,10837
1988-11-17,-0.218,10837
1988-11-16,-0.218,10861
1988-11-15,0.782,10885
1988-11-14,0.000,10800
1988-11-11,-0.109,10800
1988-11-10,0.000,10812
1988-11-09,-0.108,10812
1988-11-08,-0.108,10823
1988-11-07,-0.217,10835
1988-11-04,-0.539,10859
1988-11-03,0.108,10918
1988-11-02,-0.215,10906
1988-11-01,0.109,10929
1988-10-31,0.000,10917
1988-10-28,0.108,10917
1988-10-27,0.217,10906
1988-10-26,0.217,10882
1988-10-25,0.000,10858
1988-10-24,0.000,10858
1988-10-21,-0.216,10858
1988-10-20,0.109,10882
1988-10-19,-0.216,10870
1988-10-18,0.109,10893
1988-10-17,0.109,10882
1988-10-14,0.810,10870
1988-10-13,0.000,10782
1988-10-12,-0.324,10782
1988-10-11,-0.108,10817
1988-10-10,0.000,10829
1988-10-07,0.653,10829
1988-10-06,-0.108,10759
1988-10-05,0.000,10770
1988-10-04,0.000,10770
1988-10-03,0.109,10770
1988-09-30,0.438,10759
1988-09-29,0.220,10712
1988-09-28,-0.109,10688
1988-09-27,-0.109,10700
1988-09-26,-0.218,10712
1988-09-23,0.000,10735
1988-09-22,-0.108,10735
1988-09-21,0.219,10747
1988-09-20,-0.109,10723
1988-09-19,-0.108,10735
1988-09-16,0.000,10746
1988-09-15,0.526,10746
1988-09-14,0.328,10690
1988-09-13,0.000,10655
1988-09-12,-0.108,10655
1988-09-09,0.219,10667
1988-09-08,0.000,10643
1988-09-07,0.110,10643
1988-09-06,0.000,10632
1988-09-02,0.994,10632
1988-09-01,0.000,10527
1988-08-31,0.222,10527
1988-08-30,0.000,10504
1988-08-29,0.222,10504
1988-08-26,0.111,10480
1988-08-25,-0.331,10469
1988-08-24,0.000,10503
1988-08-23,0.111,10503
1988-08-22,0.000,10492
1988-08-19,0.000,10492
1988-08-18,0.111,10492
1988-08-17,-0.110,10480
1988-08-16,0.111,10492
1988-08-15,0.625,10480
1988-08-12,0.000,10415
1988-08-11,-0.221,10415
1988-08-10,-0.439,10438
1988-08-09,-0.329,10484
1988-08-08,0.000,10518
1988-08-05,-0.545,10518
1988-08-04,0.219,10576
1988-08-03,0.000,10553
1988-08-02,0.329,10553
1988-08-01,0.110,10518
1988-07-29,0.221,10507
1988-07-28,-0.109,10483
1988-07-27,-0.219,10495
1988-07-26,0.000,10518
1988-07-25,0.110,10518
1988-07-22,0.110,10506
1988-07-21,-0.109,10495
1988-07-20,0.000,10506
1988-07-19,0.110,10506
1988-07-18,-0.219,10495
1988-07-15,0.952,10518
1988-07-14,-0.109,10418
1988-07-13,-0.219,10430
1988-07-12,-0.109,10453
1988-07-11,0.000,10464
1988-07-08,-0.327,10464
1988-07-07,-0.217,10498
1988-07-06,-0.325,10521
1988-07-05,-0.108,10555
1988-07-01,0.109,10567
1988-06-30,0.218,10555
1988-06-29,0.000,10532
1988-06-28,0.109,10532
1988-06-27,-0.217,10521
1988-06-24,0.109,10544
1988-06-23,0.218,10532
1988-06-22,0.548,10509
1988-06-21,0.000,10452
1988-06-20,-0.109,10452
1988-06-17,-0.544,10463
1988-06-16,-0.755,10520
1988-06-15,0.685,10601
1988-06-14,0.981,10528
1988-06-13,0.000,10426
1988-06-10,0.110,10426
1988-06-09,0.000,10415
1988-06-08,0.329,10415
1988-06-07,0.000,10380
1988-06-06,0.110,10380
1988-06-03,0.220,10369
1988-06-02,0.000,10346
1988-06-01,0.663,10346
1988-05-31,0.000,10278
1988-05-27,-0.110,10278
1988-05-26,-0.110,10289
1988-05-25,0.111,10301
1988-05-24,0.000,10289
1988-05-23,-0.220,10289
1988-05-20,0.000,10312
1988-05-19,0.000,10312
1988-05-18,-0.438,10312
1988-05-17,-0.327,10357
1988-05-16,-0.109,10391
1988-05-13,0.904,10402
1988-05-12,0.000,10309
1988-05-11,-0.109,10309
1988-05-10,-0.109,10320
1988-05-09,0.000,10332
1988-05-06,-0.326,10332
1988-05-05,0.000,10365
1988-05-04,0.000,10365
1988-05-03,0.109,10365
1988-05-02,-0.217,10354
1988-04-29,-0.108,10376
1988-04-28,-0.216,10388
1988-04-27,-0.108,10410
1988-04-26,0.000,10421
1988-04-25,0.000,10421
1988-04-22,0.109,10421
1988-04-21,0.218,10410
1988-04-20,-0.216,10387
1988-04-19,0.000,10410
1988-04-18,-0.431,10410
1988-04-15,0.750,10455
1988-04-14,-0.643,10377
1988-04-13,0.108,10444
1988-04-12,0.000,10433
1988-04-11,-0.107,10433
1988-04-08,0.215,10444
1988-04-07,0.216,10422
1988-04-06,0.108,10399
1988-04-05,0.000,10388
1988-04-04,-0.429,10388
1988-03-31,0.000,10433
1988-03-30,-0.107,10432
1988-03-29,0.215,10444
1988-03-28,-0.640,10421
1988-03-25,0.214,10488
1988-03-24,-0.106,10466
1988-03-23,-0.106,10477
1988-03-22,0.107,10488
1988-03-21,-0.742,10477
1988-03-18,-0.105,10555
1988-03-17,0.213,10566
1988-03-16,-0.211,10544
1988-03-15,0.769,10566
1988-03-14,0.000,10486
1988-03-11,0.213,10486
1988-03-10,-0.106,10463
1988-03-09,0.107,10474
1988-03-08,-0.211,10463
1988-03-07,-0.105,10485
1988-03-04,-0.631,10496
1988-03-03,0.000,10563
1988-03-02,0.106,10563
1988-03-01,0.000,10552
1988-02-29,0.211,10552
1988-02-26,-0.105,10530
1988-02-25,0.000,10541
1988-02-24,0.106,10541
1988-02-23,0.212,10529
1988-02-22,0.106,10507
1988-02-19,0.000,10496
1988-02-18,0.106,10496
1988-02-17,0.000,10485
1988-02-16,0.000,10485
1988-02-12,0.128,10485
1988-02-11,-0.315,10471
1988-02-10,0.317,10504
1988-02-09,0.106,10471
1988-02-08,-0.210,10460
1988-02-05,0.636,10482
1988-02-04,-0.316,10416
1988-02-03,-0.105,10449
1988-02-02,0.106,10460
1988-02-01,0.212,10449
1988-01-29,0.212,10427
1988-01-28,0.320,10405
1988-01-27,0.643,10371
1988-01-26,-0.320,10305
1988-01-25,0.107,10338
1988-01-22,0.215,10327
1988-01-21,0.323,10305
1988-01-20,0.216,10272
1988-01-19,-0.214,10250
1988-01-18,0.216,10272
1988-01-15,1.353,10250
1988-01-14,0.109,10113
1988-01-13,0.000,10102
1988-01-12,0.109,10102
1988-01-11,0.219,10091
1988-01-08,-0.434,10069
1988-01-07,-0.216,10113
1988-01-06,-0.216,10134
1988-01-05,0.109,10156
1988-01-04,0.327,10145
1987-12-31,0.186,10112
1987-12-30,0.436,10094
1987-12-29,0.110,10050
1987-12-28,-0.434,10039
1987-12-24,0.109,10083
1987-12-23,0.437,10072
1987-12-22,-0.109,10028
1987-12-21,-0.108,10039
1987-12-18,0.438,10049
1987-12-17,0.220,10006
1987-12-16,0.331,9984
1987-12-15,1.350,9951
1987-12-14,0.000,9818
1987-12-11,-0.220,9818
1987-12-10,-0.766,9840
1987-12-09,0.000,9916
1987-12-08,-0.109,9916
1987-12-07,-0.435,9927
1987-12-04,0.000,9970
1987-12-03,0.219,9970
1987-12-02,0.110,9948
1987-12-01,-0.109,9937
1987-11-30,0.329,9948
1987-11-27,-0.436,9916
1987-11-25,-0.542,9959
1987-11-24,0.000,10013
1987-11-23,0.000,10013
1987-11-20,0.218,10013
1987-11-19,0.000,9991
1987-11-18,0.109,9991
1987-11-17,-0.217,9980
1987-11-16,0.109,10002
1987-11-13,0.481,9991
1987-11-12,0.000,9943
1987-11-11,0.000,9943
1987-11-10,0.000,9943
1987-11-09,0.109,9943
1987-11-06,-0.324,9932
1987-11-05,0.435,9965
1987-11-04,0.437,9921
1987-11-03,0.329,9878
1987-11-02,-0.327,9846
1987-10-30,0.219,9878
1987-10-29,0.220,9857
1987-10-28,0.000,9835
1987-10-27,-0.545,9835
1987-10-26,0.549,9889
1987-10-23,-0.109,9835
1987-10-22,4.224,9846
1987-10-21,0.000,9447
1987-10-20,0.000,9446
1987-10-19,0.000,9446
1987-10-16,0.000,9446
1987-10-15,0.448,9446
1987-10-14,-0.677,9404
1987-10-13,0.114,9468
1987-10-12,-0.112,9458
1987-10-09,-0.337,9468
1987-10-08,-0.559,9500
1987-10-07,0.225,9554
1987-10-06,-0.335,9532
1987-10-05,0.000,9564
1987-10-02,0.113,9564
1987-10-01,0.113,9554
1987-09-30,-0.446,9543
1987-09-29,-0.333,9586
1987-09-28,0.112,9618
1987-09-25,-0.443,9607
1987-09-24,-0.110,9650
1987-09-23,0.111,9660
1987-09-22,-0.110,9650
1987-09-21,0.111,9660
1987-09-18,0.223,9649
1987-09-17,0.112,9628
1987-09-16,-0.332,9617
1987-09-15,0.379,9649
1987-09-14,0.000,9613
1987-09-11,0.333,9613
1987-09-10,0.222,9581
1987-09-09,0.000,9560
1987-09-08,-0.989,9560
1987-09-04,0.000,9655
1987-09-03,0.000,9655
1987-09-02,-1.086,9655
1987-09-01,0.000,9761
1987-08-31,-0.108,9761
1987-08-28,-0.540,9772
1987-08-27,-0.430,9825
1987-08-26,-0.214,9867
1987-08-25,0.108,9888
1987-08-24,-0.107,9878
1987-08-21,0.000,9888
1987-08-20,0.215,9888
1987-08-19,-0.214,9867
1987-08-18,-0.427,9888
1987-08-17,0.107,9930
1987-08-14,1.071,9920
1987-08-13,0.108,9815
1987-08-12,0.000,9804
1987-08-11,-0.107,9804
1987-08-10,0.108,9814
1987-08-07,0.000,9804
1987-08-06,-0.107,9804
1987-08-05,0.431,9814
1987-08-04,0.000,9772
1987-08-03,-0.642,9772
1987-07-31,0.000,9835
1987-07-30,-0.107,9835
1987-07-29,0.000,9846
1987-07-28,-0.106,9846
1987-07-27,0.000,9856
1987-07-24,-0.106,9856
1987-07-23,-0.213,9867
1987-07-22,-0.424,9888
1987-07-21,-0.105,9930
1987-07-20,-0.211,9940
1987-07-17,0.106,9961
1987-07-16,0.213,9951
1987-07-15,0.426,9929
1987-07-14,0.106,9887
1987-07-13,-0.105,9877
1987-07-10,0.106,9887
1987-07-09,-0.105,9877
1987-07-08,-0.105,9887
1987-07-07,0.106,9897
1987-07-06,0.000,9887
1987-07-02,0.319,9887
1987-07-01,0.107,9856
1987-06-30,-0.105,9845
1987-06-29,-0.105,9855
1987-06-26,-0.316,9866
1987-06-25,0.106,9897
1987-06-24,-0.316,9887
1987-06-23,0.000,9918
1987-06-22,0.318,9918
1987-06-19,-0.105,9887
1987-06-18,-0.105,9897
1987-06-17,0.212,9907
1987-06-16,0.106,9886
1987-06-15,0.887,9876
1987-06-12,0.855,9789
1987-06-11,-0.106,9706
1987-06-10,0.214,9716
1987-06-09,-0.106,9696
1987-06-08,0.000,9706
1987-06-05,0.322,9706
1987-06-04,0.215,9675
1987-06-03,0.108,9654
1987-06-02,-0.958,9644
1987-06-01,0.321,9737
1987-05-29,0.538,9706
1987-05-28,-0.321,9654
1987-05-27,0.108,9685
1987-05-26,1.084,9674
1987-05-22,0.109,9571
1987-05-21,0.000,9560
1987-05-20,-0.539,9560
1987-05-19,-0.107,9612
1987-05-18,-0.322,9622
1987-05-15,0.022,9653
1987-05-14,0.107,9651
1987-05-13,-0.106,9641
1987-05-12,-0.318,9651
1987-05-11,-0.106,9682
1987-05-08,0.320,9692
1987-05-07,0.107,9661
1987-05-06,-0.106,9651
1987-05-05,0.000,9661
1987-05-04,-0.529,9661
1987-05-01,-0.316,9713
1987-04-30,0.212,9743
1987-04-29,0.107,9723
1987-04-28,0.213,9712
1987-04-27,0.000,9692
1987-04-24,-0.737,9692
1987-04-23,-0.315,9764
1987-04-22,0.211,9795
1987-04-21,-0.835,9774
1987-04-20,-0.725,9856
1987-04-16,0.731,9928
1987-04-15,1.119,9856
1987-04-14,-0.830,9747
1987-04-13,-0.207,9829
1987-04-10,-1.025,9849
1987-04-09,-0.813,9951
1987-04-08,-0.101,10033
1987-04-07,-0.101,10043
1987-04-06,0.102,10053
1987-04-03,0.000,10043
1987-04-02,0.000,10043
1987-04-01,-0.202,10043
1987-03-31,-0.101,10063
1987-03-30,-0.903,10073
1987-03-27,-0.100,10165
1987-03-26,0.000,10175
1987-03-25,0.101,10175
1987-03-24,-0.100,10165
1987-03-23,-0.100,10175
1987-03-20,0.000,10185
1987-03-19,-0.100,10185
1987-03-18,0.201,10195
1987-03-17,0.000,10175
1987-03-16,-0.100,10175
1987-03-13,0.768,10185
1987-03-12,0.101,10107
1987-03-11,-0.100,10097
1987-03-10,0.000,10107
1987-03-09,-0.100,10107
1987-03-06,-0.200,10117
1987-03-05,0.101,10137
1987-03-04,0.000,10127
1987-03-03,0.000,10127
1987-03-02,0.000,10127
1987-02-27,0.000,10127
1987-02-26,0.000,10127
1987-02-25,0.000,10127
1987-02-24,0.201,10127
1987-02-23,-0.100,10107
1987-02-20,0.000,10117
1987-02-19,0.201,10117
1987-02-18,0.101,10096
1987-02-17,-0.100,10086
1987-02-13,0.851,10096
1987-02-12,0.101,10011
1987-02-11,-0.100,10001
1987-02-10,-0.500,10011
1987-02-09,-0.100,10061
1987-02-06,0.000,10071
1987-02-05,0.301,10071
1987-02-04,-0.100,10041
1987-02-03,0.000,10051
1987-02-02,-0.200,10051
1987-01-30,-0.099,10071
1987-01-29,0.100,10081
1987-01-28,0.000,10071
1987-01-27,0.000,10071
1987-01-26,-0.299,10071
1987-01-23,-0.099,10101
1987-01-22,-0.099,10111
1987-01-21,0.000,10121
1987-01-20,0.200,10121
1987-01-19,0.000,10101
1987-01-16,0.100,10101
1987-01-15,0.795,10091
1987-01-14,-0.099,10011
1987-01-13,-0.199,10021
1987-01-12,0.200,10041
1987-01-09,0.000,10021
1987-01-08,0.200,10021
1987-01-07,0.000,10001
1987-01-06,0.000,10001
1987-01-05,0.302,10001
1987-01-02,0.302,9971
1986-12-31,0.000,9941
1986-12-30,-0.300,9941
1986-12-29,-0.499,9971
1986-12-26,0.000,10020
1986-12-24,0.000,10020
1986-12-23,0.301,10020
1986-12-22,-0.100,9990
1986-12-19,0.000,10000
1986-12-18,0.000,10000
1986-12-17,0.000,10000
1986-12-16,0.302,10000
1986-12-15,-0.300,9970
1986-12-12,0.000,10000