date,return_pct,balance
2026-05-08,0.264,427081
2026-05-07,-0.305,425957
2026-05-06,0.497,427261
2026-05-05,0.148,425147
2026-05-04,-0.369,424517
2026-05-01,0.076,426092
2026-04-30,0.190,425767
2026-04-29,-0.472,424960
2026-04-28,-0.094,426977
2026-04-27,-0.230,427380
2026-04-24,0.199,428367
2026-04-23,-0.157,427515
2026-04-22,0.105,428187
2026-04-21,-0.438,427739
2026-04-20,-0.094,429622
2026-04-17,0.545,430025
2026-04-16,-0.178,427694
2026-04-15,-0.219,428456
2026-04-14,0.325,429398
2026-04-13,0.220,428008
2026-04-10,-0.168,427067
2026-04-09,-0.031,427784
2026-04-08,0.220,427918
2026-04-07,0.253,426977
2026-04-06,-0.262,425901
2026-04-02,0.231,427022
2026-04-01,-0.087,426036
2026-03-31,0.178,426406
2026-03-30,0.708,425646
2026-03-27,0.011,422653
2026-03-26,-0.807,422608
2026-03-25,0.527,426048
2026-03-24,-0.336,423814
2026-03-23,0.316,425244
2026-03-20,-0.898,423904
2026-03-19,-0.010,427746
2026-03-18,-0.457,427791
2026-03-17,0.177,429757
2026-03-16,0.450,428997
2026-03-13,-0.105,427076
2026-03-12,-0.323,427523
2026-03-11,-0.456,428908
2026-03-10,-0.320,430873
2026-03-09,0.311,432258
2026-03-06,-0.062,430918
2026-03-05,-0.310,431186
2026-03-04,-0.206,432527
2026-03-03,-0.113,433420
2026-03-02,-0.599,433912
2026-02-27,0.400,436528
2026-02-26,0.267,434790
2026-02-25,-0.082,433632
2026-02-24,-0.021,433988
2026-02-23,0.360,434077
2026-02-20,0.000,432518
2026-02-19,0.093,432518
2026-02-18,-0.206,432117
2026-02-17,-0.010,433008
2026-02-13,0.392,433053
2026-02-12,0.613,431360
2026-02-11,-0.280,428732
2026-02-10,0.437,429934
2026-02-09,0.021,428063
2026-02-06,0.000,427974
2026-02-05,0.586,427974
2026-02-04,-0.021,425480
2026-02-03,0.094,425569
2026-02-02,-0.196,425168
2026-01-30,-0.063,426003
2026-01-29,0.104,426269
2026-01-28,-0.083,425825
2026-01-27,-0.114,426180
2026-01-26,0.146,426669
2026-01-23,0.167,426047
2026-01-22,-0.010,425337
2026-01-21,0.262,425381
2026-01-20,-0.396,424271
2026-01-16,-0.384,425958
2026-01-15,-0.207,427601
2026-01-14,0.208,428489
2026-01-13,0.125,427601
2026-01-12,-0.125,427068
2026-01-09,0.114,427601
2026-01-08,-0.301,427113
2026-01-07,0.187,428400
2026-01-06,-0.073,427601
2026-01-05,0.302,427912
2026-01-02,-0.083,426624
2025-12-31,-0.332,426980
2025-12-30,-0.104,428400
2025-12-29,0.145,428844
2025-12-26,0.093,428223
2025-12-24,0.260,427823
2025-12-23,-0.042,426713
2025-12-22,-0.104,426891
2025-12-19,-0.225,427335
2025-12-18,0.259,428296
2025-12-17,-0.021,427190
2025-12-16,0.280,427279
2025-12-15,0.083,426084
2025-12-12,-0.270,425729
2025-12-11,0.010,426880
2025-12-10,0.322,426836
2025-12-09,-0.145,425464
2025-12-08,-0.207,426084
2025-12-05,-0.207,426969
2025-12-04,-0.309,427854
2025-12-03,0.207,429182
2025-12-02,0.083,428296
2025-12-01,-0.535,427942
2025-11-28,-0.174,430244
2025-11-26,0.082,430994
2025-11-25,0.257,430641
2025-11-24,0.154,429538
2025-11-21,0.330,428876
2025-11-20,0.238,427464
2025-11-19,-0.072,426449
2025-11-18,0.166,426758
2025-11-17,0.114,426052
2025-11-14,-0.166,425566
2025-11-13,-0.289,426272
2025-11-12,0.021,427508
2025-11-11,0.311,427420
2025-11-10,-0.134,426096
2025-11-07,0.041,426670
2025-11-06,0.510,426493
2025-11-05,-0.476,424331
2025-11-04,0.124,426361
2025-11-03,-0.048,425831
2025-10-31,0.041,426034
2025-10-30,-0.144,425858
2025-10-29,-0.646,426474
2025-10-28,0.092,429246
2025-10-27,0.000,428850
2025-10-24,0.092,428850
2025-10-23,-0.327,428454
2025-10-22,0.020,429861
2025-10-21,0.185,429773
2025-10-20,0.133,428982
2025-10-17,-0.164,428410
2025-10-16,0.463,429114
2025-10-15,-0.113,427134
2025-10-14,0.258,427618
2025-10-13,0.052,426518
2025-10-10,0.623,426298
2025-10-09,-0.073,423659
2025-10-08,0.021,423967
2025-10-07,0.250,423879
2025-10-06,-0.290,422823
2025-10-03,-0.197,424055
2025-10-02,0.104,424891
2025-10-01,0.336,424451
2025-09-30,-0.041,423028
2025-09-29,0.291,423203
2025-09-26,-0.052,421975
2025-09-25,-0.218,422195
2025-09-24,-0.269,423115
2025-09-23,0.280,424256
2025-09-22,-0.166,423072
2025-09-19,-0.041,423773
2025-09-18,-0.330,423949
2025-09-17,-0.216,425352
2025-09-16,0.062,426273
2025-09-15,0.165,426010
2025-09-12,-0.288,425308
2025-09-11,0.154,426536
2025-09-10,0.268,425878
2025-09-09,-0.237,424738
2025-09-08,0.310,425747
2025-09-05,0.488,424431
2025-09-04,0.448,422370
2025-09-03,0.345,420484
2025-09-02,-0.297,419037
2025-08-29,-0.083,420287
2025-08-28,0.229,420636
2025-08-27,0.188,419675
2025-08-26,0.262,418888
2025-08-25,-0.198,417795
2025-08-22,0.556,418625
2025-08-21,-0.293,416309
2025-08-20,0.147,417533
2025-08-19,0.252,416921
2025-08-18,-0.095,415872
2025-08-15,-0.199,416265
2025-08-14,-0.324,417096
2025-08-13,0.356,418451
2025-08-12,-0.021,416964
2025-08-11,0.031,417052
2025-08-08,-0.230,416921
2025-08-07,-0.073,417882
2025-08-06,-0.073,418188
2025-08-05,-0.073,418494
2025-08-04,0.136,418800
2025-08-01,1.147,418232
2025-07-31,0.084,413488
2025-07-30,-0.347,413140
2025-07-29,0.656,414577
2025-07-28,-0.222,411876
2025-07-25,0.233,412791
2025-07-24,-0.148,411832
2025-07-23,-0.358,412442
2025-07-22,0.285,413924
2025-07-21,0.350,412747
2025-07-18,0.276,411310
2025-07-17,-0.032,410177
2025-07-16,0.277,410307
2025-07-15,-0.392,409175
2025-07-14,-0.042,410787
2025-07-11,-0.464,410961
2025-07-10,-0.053,412878
2025-07-09,0.520,413096
2025-07-08,-0.148,410961
2025-07-07,-0.317,411571
2025-07-03,-0.347,412878
2025-07-02,-0.210,414316
2025-07-01,-0.185,415187
2025-06-30,0.398,415955
2025-06-27,-0.261,414305
2025-06-26,0.357,415391
2025-06-25,0.042,413914
2025-06-24,0.348,413740
2025-06-23,0.349,412307
2025-06-20,0.063,410874
2025-06-18,0.064,410613
2025-06-17,0.489,410352
2025-06-16,-0.286,408355
2025-06-13,-0.370,409527
2025-06-12,0.435,411047
2025-06-11,0.416,409267
2025-06-10,0.171,407573
2025-06-09,0.182,406878
2025-06-06,-0.796,406139
2025-06-05,-0.296,409397
2025-06-04,0.735,410613
2025-06-03,-0.096,407616
2025-06-02,-0.338,408007
2025-05-30,0.297,409392
2025-05-29,0.415,408180
2025-05-28,-0.276,406491
2025-05-27,0.416,407617
2025-05-23,0.289,405929
2025-05-22,0.376,404760
2025-05-21,-0.693,403245
2025-05-20,-0.128,406058
2025-05-19,-0.053,406578
2025-05-16,0.032,406794
2025-05-15,0.654,406665
2025-05-14,-0.374,404024
2025-05-13,-0.075,405539
2025-05-12,-0.636,405842
2025-05-09,0.074,408439
2025-05-08,-0.779,408136
2025-05-07,0.264,411340
2025-05-06,0.254,410258
2025-05-05,-0.180,409219
2025-05-02,-0.671,409955
2025-05-01,-0.434,412725
2025-04-30,0.156,414523
2025-04-29,0.345,413876
2025-04-28,0.399,412452
2025-04-25,0.380,410812
2025-04-24,0.541,409259
2025-04-23,0.106,407058
2025-04-22,0.074,406627
2025-04-21,-0.539,406325
2025-04-17,-0.284,408525
2025-04-16,0.434,409690
2025-04-15,0.297,407921
2025-04-14,0.802,406713
2025-04-11,-0.564,403477
2025-04-10,-0.623,405764
2025-04-09,-0.316,408309
2025-04-08,-0.503,409604
2025-04-07,-1.191,411675
2025-04-04,0.280,416637
2025-04-03,1.028,415472
2025-04-02,-0.094,411244
2025-04-01,0.350,411632
2025-03-31,0.294,410197
2025-03-28,0.806,408992
2025-03-27,-0.085,405724
2025-03-26,-0.232,406068
2025-03-25,0.169,407014
2025-03-24,-0.579,406326
2025-03-21,-0.084,408691
2025-03-20,0.147,409035
2025-03-19,0.306,408433
2025-03-18,0.116,407186
2025-03-17,0.085,406713
2025-03-14,-0.348,406369
2025-03-13,0.402,407788
2025-03-12,-0.296,406154
2025-03-11,-0.358,407358
2025-03-10,0.699,408820
2025-03-07,-0.127,405982
2025-03-06,-0.053,406498
2025-03-05,-0.557,406713
2025-03-04,-0.314,408992
2025-03-03,0.362,410283
2025-02-28,0.549,408802
2025-02-27,-0.116,406571
2025-02-26,0.275,407043
2025-02-25,0.788,405928
2025-02-24,0.213,402754
2025-02-21,0.590,401897
2025-02-20,0.204,399538
2025-02-19,0.162,398723
2025-02-18,-0.536,398080
2025-02-14,0.420,400224
2025-02-13,0.748,398551
2025-02-12,-0.689,395592
2025-02-11,-0.258,398337
2025-02-10,-0.021,399366
2025-02-07,-0.332,399452
2025-02-06,-0.118,400782
2025-02-05,0.581,401253
2025-02-04,0.248,398937
2025-02-03,0.071,397951
2025-01-31,-0.161,397667
2025-01-30,0.215,398309
2025-01-29,-0.118,397454
2025-01-28,0.011,397924
2025-01-27,0.649,397881
2025-01-24,0.206,395316
2025-01-23,-0.259,394504
2025-01-22,-0.259,395530
2025-01-21,0.335,396556
2025-01-17,0.076,395231
2025-01-16,0.239,394931
2025-01-15,1.053,393991
2025-01-14,0.033,389887
2025-01-13,-0.175,389758
2025-01-10,-0.728,390442
2025-01-08,0.174,393307
2025-01-07,-0.455,392623
2025-01-06,-0.097,394418
2025-01-03,-0.162,394803
2025-01-02,0.054,395444
2024-12-31,-0.184,395231
2024-12-30,0.586,395957
2024-12-27,-0.260,393649
2024-12-26,0.076,394675
2024-12-24,0.054,394376
2024-12-23,-0.443,394162
2024-12-20,0.368,395915
2024-12-19,-0.453,394461
2024-12-18,-0.771,396257
2024-12-17,0.000,399335
2024-12-16,0.032,399335
2024-12-13,-0.467,399207
2024-12-12,-0.381,401082
2024-12-11,-0.295,402616
2024-12-10,-0.179,403809
2024-12-09,-0.346,404533
2024-12-06,0.316,405939
2024-12-05,-0.011,404661
2024-12-04,0.380,404704
2024-12-03,-0.285,403170
2024-12-02,-0.008,404320
2024-11-29,0.422,404354
2024-11-27,0.402,402655
2024-11-26,-0.211,401041
2024-11-25,1.079,401890
2024-11-22,0.064,397600
2024-11-21,-0.053,397345
2024-11-20,-0.149,397558
2024-11-19,0.214,398152
2024-11-18,0.225,397303
2024-11-15,0.043,396411
2024-11-14,-0.011,396241
2024-11-13,-0.064,396283
2024-11-12,-0.628,396538
2024-11-11,-0.276,399044
2024-11-08,0.213,400149
2024-11-07,0.804,399299
2024-11-06,-1.030,396113
2024-11-05,0.053,400234
2024-11-04,0.534,400021
2024-11-01,-0.591,397897
2024-10-31,-0.053,400262
2024-10-30,-0.148,400474
2024-10-29,0.042,401067
2024-10-28,-0.232,400897
2024-10-25,-0.221,401829
2024-10-24,0.221,402718
2024-10-23,-0.231,401829
2024-10-22,-0.095,402761
2024-10-21,-0.771,403142
2024-10-18,0.115,406275
2024-10-17,-0.519,405810
2024-10-16,0.156,407927
2024-10-15,0.512,407292
2024-10-14,-0.177,405217
2024-10-11,0.031,405937
2024-10-10,-0.010,405810
2024-10-09,-0.374,405852
2024-10-08,0.083,407376
2024-10-07,-0.363,407038
2024-10-04,-0.965,408520
2024-10-03,-0.511,412500
2024-10-02,-0.285,414618
2024-10-01,0.363,415803
2024-09-30,-0.274,414301
2024-09-27,0.398,415441
2024-09-26,-0.071,413794
2024-09-25,-0.406,414090
2024-09-24,0.112,415779
2024-09-23,-0.061,415314
2024-09-20,-0.030,415567
2024-09-19,-0.081,415694
2024-09-18,-0.435,416032
2024-09-17,-0.182,417847
2024-09-16,0.263,418608
2024-09-13,0.193,417510
2024-09-12,-0.162,416707
2024-09-11,-0.071,417383
2024-09-10,0.426,417679
2024-09-09,0.142,415905
2024-09-06,0.143,415314
2024-09-05,0.235,414723
2024-09-04,0.585,413752
2024-09-03,0.657,411345
2024-08-30,-0.349,408658
2024-08-29,-0.174,410090
2024-08-28,-0.051,410805
2024-08-27,-0.041,411016
2024-08-26,-0.123,411184
2024-08-23,0.462,411689
2024-08-22,-0.460,409795
2024-08-21,0.205,411689
2024-08-20,0.401,410847
2024-08-19,0.134,409206
2024-08-16,0.196,408658
2024-08-15,-0.626,407858
2024-08-14,0.134,410426
2024-08-13,0.444,409879
2024-08-12,0.279,408069
2024-08-09,0.405,406932
2024-08-08,-0.300,405290
2024-08-07,-0.361,406511
2024-08-06,-0.890,407985
2024-08-05,0.102,411647
2024-08-02,1.549,411226
2024-08-01,0.426,404953
2024-07-31,0.734,403236
2024-07-30,0.210,400298
2024-07-29,0.168,399459
2024-07-26,0.476,398787
2024-07-25,0.223,396898
2024-07-24,-0.222,396017
2024-07-23,0.074,396898
2024-07-22,-0.095,396605
2024-07-19,-0.316,396982
2024-07-18,-0.284,398242
2024-07-17,0.084,399375
2024-07-16,0.444,399039
2024-07-15,-0.316,397276
2024-07-12,0.211,398535
2024-07-11,0.637,397696
2024-07-10,0.096,395178
2024-07-09,-0.138,394800
2024-07-08,0.032,395345
2024-07-05,0.555,395219
2024-07-03,0.667,393037
2024-07-02,0.378,390435
2024-07-01,-0.742,388965
2024-06-28,-0.531,391873
2024-06-27,0.224,393966
2024-06-26,-0.603,393087
2024-06-25,0.085,395472
2024-06-24,0.085,395137
2024-06-21,0.021,394802
2024-06-20,-0.254,394719
2024-06-18,0.435,395723
2024-06-17,-0.465,394007
2024-06-14,0.233,395849
2024-06-13,0.661,394928
2024-06-12,0.558,392334
2024-06-11,0.528,390158
2024-06-10,-0.215,388107
2024-06-07,-1.054,388944
2024-06-06,-0.043,393087
2024-06-05,0.363,393254
2024-06-04,0.548,391831
2024-06-03,0.653,389697
2024-05-31,0.466,387167
2024-05-30,0.500,385373
2024-05-29,-0.487,383454
2024-05-28,-0.560,385332
2024-05-24,0.129,387501
2024-05-23,-0.354,387000
2024-05-22,-0.129,388377
2024-05-21,0.258,388878
2024-05-20,-0.150,387877
2024-05-17,-0.310,388461
2024-05-16,-0.192,389671
2024-05-15,0.754,390422
2024-05-14,0.292,387501
2024-05-13,0.119,386375
2024-05-10,-0.323,385916
2024-05-09,0.303,387167
2024-05-08,-0.280,385999
2024-05-07,0.259,387084
2024-05-06,0.087,386083
2024-05-03,0.555,385749
2024-05-02,0.470,383621
2024-05-01,0.395,381827
2024-04-30,-0.468,380326
2024-04-29,0.404,382115
2024-04-26,0.274,380576
2024-04-25,-0.382,379536
2024-04-24,-0.305,380992
2024-04-23,0.131,382156
2024-04-22,0.011,381657
2024-04-19,0.131,381616
2024-04-18,-0.348,381116
2024-04-17,0.635,382447
2024-04-16,-0.392,380035
2024-04-15,-0.639,381532
2024-04-12,0.413,383987
2024-04-11,-0.141,382406
2024-04-10,-1.329,382947
2024-04-09,0.398,388105
2024-04-08,-0.225,386566
2024-04-05,-0.661,387439
2024-04-04,0.342,390018
2024-04-03,0.118,388687
2024-04-02,-0.214,388230
2024-04-01,-0.902,389061
2024-03-28,-0.095,392604
2024-03-27,0.381,392977
2024-03-26,0.149,391484
2024-03-25,-0.265,390904
2024-03-22,0.489,391941
2024-03-21,0.011,390033
2024-03-20,0.235,389991
2024-03-19,0.289,389079
2024-03-18,-0.117,387959
2024-03-15,-0.171,388415
2024-03-14,-0.741,389079
2024-03-13,-0.222,391982
2024-03-12,-0.410,392853
2024-03-11,-0.126,394471
2024-03-08,0.074,394968
2024-03-07,0.168,394678
2024-03-06,0.243,394014
2024-03-05,0.616,393060
2024-03-04,-0.222,390655
2024-03-01,0.456,391526
2024-02-29,0.202,389750
2024-02-28,0.363,388964
2024-02-27,-0.224,387558
2024-02-26,-0.149,388426
2024-02-23,0.459,389006
2024-02-22,0.011,387227
2024-02-21,-0.319,387185
2024-02-20,0.171,388426
2024-02-16,-0.435,387765
2024-02-15,0.277,389461
2024-02-14,0.374,388385
2024-02-13,-1.100,386937
2024-02-12,0.095,391239
2024-02-09,-0.180,390867
2024-02-08,-0.326,391570
2024-02-07,-0.179,392853
2024-02-06,0.539,393556
2024-02-05,-0.973,391446
2024-02-02,-1.301,395293
2024-02-01,0.618,400505
2024-01-31,0.836,398046
2024-01-30,0.136,394745
2024-01-29,0.600,394209
2024-01-26,-0.179,391857
2024-01-25,0.433,392558
2024-01-24,-0.284,390866
2024-01-23,-0.252,391980
2024-01-22,0.305,392971
2024-01-19,0.011,391774
2024-01-18,-0.221,391733
2024-01-17,-0.325,392599
2024-01-16,-0.811,393879
2024-01-12,0.271,397097
2024-01-11,0.534,396024
2024-01-10,-0.157,393920
2024-01-09,-0.042,394539
2024-01-08,0.336,394704
2024-01-05,-0.366,393383
2024-01-04,-0.603,394828
2024-01-03,0.240,397221
2024-01-02,-0.373,396272
2023-12-29,-0.248,397757
2023-12-28,-0.381,398748
2023-12-27,0.779,400275
2023-12-26,0.062,397180
2023-12-22,-0.093,396932
2023-12-21,-0.156,397304
2023-12-20,0.490,397923
2023-12-19,0.188,395983
2023-12-18,-0.219,395240
2023-12-15,-0.083,396107
2023-12-14,0.828,396437
2023-12-13,1.487,393180
2023-12-12,0.213,387420
2023-12-11,0.011,386597
2023-12-08,-0.645,386556
2023-12-07,-0.148,389065
2023-12-06,0.414,389641
2023-12-05,0.705,388037
2023-12-04,-0.415,385321
2023-12-01,0.941,386926
2023-11-30,-0.490,383319
2023-11-29,0.525,385207
2023-11-28,0.441,383196
2023-11-27,0.759,381513
2023-11-24,-0.518,378641
2023-11-22,-0.032,380611
2023-11-21,0.130,380734
2023-11-20,0.140,380241
2023-11-17,0.065,379708
2023-11-16,0.752,379462
2023-11-15,-0.778,376630
2023-11-14,1.503,379585
2023-11-13,-0.055,373963
2023-11-10,0.110,374168
2023-11-09,-0.989,373758
2023-11-08,0.404,377492
2023-11-07,0.571,375974
2023-11-06,-0.578,373840
2023-11-03,0.770,376015
2023-11-02,0.620,373142
2023-11-01,1.148,370844
2023-10-31,-0.212,366634
2023-10-30,-0.333,367411
2023-10-27,0.156,368639
2023-10-26,0.762,368066
2023-10-25,-0.877,365283
2023-10-24,0.178,368516
2023-10-23,0.475,367862
2023-10-20,0.579,366122
2023-10-19,-0.492,364015
2023-10-18,-0.468,365815
2023-10-17,-0.981,367534
2023-10-16,-0.592,371176
2023-10-13,0.640,373386
2023-10-12,-0.961,371013
2023-10-11,0.549,374614
2023-10-10,-0.197,372568
2023-10-09,1.277,373304
2023-10-06,-0.585,368598
2023-10-05,0.188,370767
2023-10-04,0.634,370072
2023-10-03,-0.828,367739
2023-10-02,-0.809,370808
2023-09-29,0.022,373833
2023-09-28,0.274,373751
2023-09-27,-0.447,372731
2023-09-26,-0.033,374404
2023-09-25,-0.736,374527
2023-09-22,0.391,377302
2023-09-21,-0.744,375833
2023-09-20,-0.075,378649
2023-09-19,-0.365,378935
2023-09-18,0.097,380323
2023-09-15,-0.311,379955
2023-09-14,-0.224,381139
2023-09-13,0.118,381996
2023-09-12,0.139,381547
2023-09-11,-0.171,381017
2023-09-08,0.021,381670
2023-09-07,0.343,381588
2023-09-06,-0.257,380282
2023-09-05,-0.607,381261
2023-09-01,-0.610,383588
2023-08-31,0.201,385942
2023-08-30,-0.011,385169
2023-08-29,0.713,385209
2023-08-28,0.278,382482
2023-08-25,-0.032,381423
2023-08-24,-0.372,381545
2023-08-23,1.085,382970
2023-08-22,0.043,378858
2023-08-21,-0.620,378695
2023-08-18,0.300,381057
2023-08-17,-0.128,379917
2023-08-16,-0.384,380405
2023-08-15,-0.192,381871
2023-08-14,-0.159,382604
2023-08-11,-0.528,383214
2023-08-10,-0.766,385250
2023-08-09,0.063,388222
2023-08-08,0.506,387978
2023-08-07,-0.242,386023
2023-08-04,1.063,386960
2023-08-03,-0.739,382889
2023-08-02,-0.200,385738
2023-08-01,-0.583,386512
2023-07-31,0.125,388780
2023-07-28,0.325,388292
2023-07-27,-1.090,387034
2023-07-26,0.344,391297
2023-07-25,-0.187,389957
2023-07-24,-0.238,390688
2023-07-21,0.083,391622
2023-07-20,-0.793,391297
2023-07-19,0.341,394424
2023-07-18,0.114,393084
2023-07-17,0.166,392638
2023-07-14,-0.495,391988
2023-07-13,0.832,393937
2023-07-12,0.976,390688
2023-07-11,0.210,386912
2023-07-10,0.518,386100
2023-07-07,-0.127,384110
2023-07-06,-0.817,384597
2023-07-05,-0.479,387765
2023-07-03,-0.433,389633
2023-06-30,0.218,391326
2023-06-29,-1.027,390476
2023-06-28,0.402,394527
2023-06-27,-0.349,392947
2023-06-26,0.247,394324
2023-06-23,0.414,393352
2023-06-22,-0.566,391732
2023-06-21,0.093,393960
2023-06-20,0.299,393595
2023-06-16,-0.432,392420
2023-06-15,0.777,394122
2023-06-14,0.135,391083
2023-06-13,-0.711,390557
2023-06-12,0.165,393352
2023-06-09,-0.360,392704
2023-06-08,0.673,394122
2023-06-07,-0.729,391488
2023-06-06,0.062,394365
2023-06-05,-0.031,394122
2023-06-02,-0.795,394243
2023-06-01,0.277,397403
2023-05-31,0.379,396305
2023-05-30,0.784,394810
2023-05-26,0.186,391738
2023-05-25,-0.627,391011
2023-05-24,-0.256,393476
2023-05-23,0.164,394487
2023-05-22,-0.184,393840
2023-05-19,-0.378,394567
2023-05-18,-0.619,396063
2023-05-17,-0.323,398528
2023-05-16,-0.322,399821
2023-05-15,-0.221,401115
2023-05-12,-0.600,402004
2023-05-11,0.371,404429
2023-05-10,0.748,402933
2023-05-09,-0.121,399943
2023-05-08,-0.612,400428
2023-05-05,-0.539,402893
2023-05-04,-0.020,405075
2023-05-03,0.653,405156
2023-05-02,1.302,402529
2023-05-01,-1.175,397356
2023-04-28,0.748,402079
2023-04-27,-0.652,399095
2023-04-26,-0.390,401716
2023-04-25,0.989,403288
2023-04-24,0.487,399337
2023-04-21,-0.243,397402
2023-04-20,0.580,398370
2023-04-19,-0.213,396072
2023-04-18,0.163,396918
2023-04-17,-0.637,396273
2023-04-14,-0.493,398813
2023-04-13,-0.331,400789
2023-04-12,0.292,402119
2023-04-11,-0.040,400950
2023-04-10,-0.985,401111
2023-04-06,0.030,405103
2023-04-05,0.420,404982
2023-04-04,0.644,403288
2023-04-03,0.470,400708
2023-03-31,0.548,398833
2023-03-30,0.152,396660
2023-03-29,-0.172,396057
2023-03-28,-0.061,396741
2023-03-27,-1.231,396982
2023-03-24,0.030,401931
2023-03-23,0.574,401811
2023-03-22,1.316,399517
2023-03-21,-0.870,394326
2023-03-20,-0.403,397787
2023-03-17,1.182,399396
2023-03-16,-0.899,394729
2023-03-15,1.445,398310
2023-03-14,-0.944,392637
2023-03-13,1.212,396379
2023-03-10,1.842,391631
2023-03-09,0.621,384549
2023-03-08,-0.032,382175
2023-03-07,0.011,382295
2023-03-06,-0.179,382255
2023-03-03,0.805,382939
2023-03-02,-0.411,379881
2023-03-01,-0.798,381451
2023-02-28,0.157,384517
2023-02-27,0.304,383915
2023-02-24,-0.605,382751
2023-02-23,0.387,385080
2023-02-22,0.178,383594
2023-02-21,-1.089,382911
2023-02-17,0.281,387127
2023-02-16,-0.332,386043
2023-02-15,-0.300,387328
2023-02-14,-0.453,388493
2023-02-13,0.237,390260
2023-02-10,-0.482,389336
2023-02-09,-0.450,391223
2023-02-08,0.369,392990
2023-02-07,-0.246,391544
2023-02-06,-0.862,392508
2023-02-03,-1.074,395921
2023-02-02,-0.040,400218
2023-02-01,0.718,400378
2023-01-31,0.507,397525
2023-01-30,-0.313,395521
2023-01-27,-0.151,396763
2023-01-26,-0.362,397365
2023-01-25,0.111,398807
2023-01-24,0.577,398366
2023-01-23,-0.323,396082
2023-01-20,-0.661,397365
2023-01-19,-0.190,400009
2023-01-18,1.358,400770
2023-01-17,-0.313,395401
2023-01-13,-0.533,396643
2023-01-12,0.892,398767
2023-01-11,0.643,395241
2023-01-10,-0.629,392716
2023-01-09,0.254,395201
2023-01-06,1.287,394199
2023-01-05,-0.144,389190
2023-01-04,0.767,389751
2023-01-03,0.783,386786
2022-12-30,-0.416,383781
2022-12-29,0.491,385384
2022-12-28,-0.240,383501
2022-12-27,-0.837,384422
2022-12-23,-0.453,387668
2022-12-22,-0.031,389431
2022-12-21,0.124,389551
2022-12-20,-0.726,389070
2022-12-19,-0.811,391915
2022-12-16,-0.253,395121
2022-12-15,0.194,396122
2022-12-14,0.274,395355
2022-12-13,0.901,394275
2022-12-12,-0.143,390756
2022-12-09,-0.741,391316
2022-12-08,-0.565,394236
2022-12-07,0.875,396475
2022-12-06,0.614,393036
2022-12-05,-1.013,390636
2022-12-02,0.203,394635
2022-12-01,1.090,393836
2022-11-30,0.899,389589
2022-11-29,-0.422,386116
2022-11-28,0.041,387753
2022-11-25,-0.031,387593
2022-11-23,0.538,387713
2022-11-22,0.572,385637
2022-11-21,-0.062,383442
2022-11-18,-0.352,383682
2022-11-17,-0.680,385039
2022-11-16,0.736,387673
2022-11-15,0.742,384839
2022-11-14,-0.240,382005
2022-11-11,-0.208,382923
2022-11-10,2.244,383722
2022-11-09,0.341,375300
2022-11-08,0.666,374023
2022-11-07,-0.353,371548
2022-11-04,-0.214,372865
2022-11-03,-0.436,373664
2022-11-02,-0.170,375300
2022-11-01,-0.018,375939
2022-10-31,-0.453,376007
2022-10-28,-0.514,377720
2022-10-27,0.708,379671
2022-10-26,0.510,377003
2022-10-25,1.247,375091
2022-10-24,-0.129,370471
2022-10-21,0.226,370949
2022-10-20,-0.748,370113
2022-10-19,-1.046,372901
2022-10-18,0.254,376844
2022-10-17,0.106,375888
2022-10-14,-0.559,375489
2022-10-13,-0.420,377600
2022-10-12,0.327,379193
2022-10-11,0.254,377959
2022-10-10,-0.588,377003
2022-10-07,-0.491,379233
2022-10-06,-0.551,381105
2022-10-05,-0.947,383216
2022-10-04,0.206,386880
2022-10-03,1.184,386083
2022-09-30,-0.260,381566
2022-09-29,-0.465,382559
2022-09-28,2.253,384348
2022-09-27,-0.683,375881
2022-09-26,-1.663,378465
2022-09-23,0.124,384865
2022-09-22,-1.507,384388
2022-09-21,0.399,390271
2022-09-20,-0.620,388721
2022-09-19,-0.284,391145
2022-09-16,0.081,392258
2022-09-15,-0.344,391940
2022-09-14,0.051,393292
2022-09-13,-0.563,393093
2022-09-12,-0.241,395319
2022-09-09,0.010,396273
2022-09-08,-0.370,396233
2022-09-07,0.654,397704
2022-09-06,-1.114,395120
2022-09-02,0.560,399573
2022-09-01,-0.794,397346
2022-08-31,-0.414,400525
2022-08-30,-0.030,402191
2022-08-29,-0.569,402310
2022-08-26,-0.118,404612
2022-08-25,0.641,405088
2022-08-24,-0.334,402509
2022-08-23,-0.245,403858
2022-08-22,-0.439,404850
2022-08-19,-0.861,406635
2022-08-18,0.194,410167
2022-08-17,-0.674,409373
2022-08-16,-0.115,412151
2022-08-15,0.318,412627
2022-08-12,0.397,411318
2022-08-11,-0.664,409691
2022-08-10,0.058,412429
2022-08-09,-0.298,412190
2022-08-08,0.589,413421
2022-08-05,-1.446,411000
2022-08-04,0.507,417031
2022-08-03,0.413,414928
2022-08-02,-1.383,413222
2022-08-01,0.584,419015
2022-07-29,0.038,416583
2022-07-28,0.989,416425
2022-07-27,0.202,412345
2022-07-26,0.039,411513
2022-07-25,-0.355,411354
2022-07-22,1.145,412820
2022-07-21,1.139,408146
2022-07-20,-0.098,403551
2022-07-19,-0.459,403947
2022-07-18,-0.292,405809
2022-07-15,0.342,406997
2022-07-14,-0.554,405611
2022-07-13,0.429,407869
2022-07-12,0.235,406126
2022-07-11,0.788,405175
2022-07-08,-0.607,402006
2022-07-07,-0.613,404462
2022-07-06,-0.849,406958
2022-07-05,0.368,410443
2022-07-01,1.071,408938
2022-06-30,0.768,404606
2022-06-29,0.804,401521
2022-06-28,0.129,398317
2022-06-27,-0.564,397803
2022-06-24,-0.355,400058
2022-06-23,0.565,401481
2022-06-22,1.264,399227
2022-06-21,-0.519,394244
2022-06-17,0.030,396300
2022-06-16,0.653,396182
2022-06-15,1.396,393611
2022-06-14,-0.798,388192
2022-06-13,-1.777,391317
2022-06-10,-0.983,398396
2022-06-09,-0.088,402352
2022-06-08,-0.372,402708
2022-06-07,0.403,404210
2022-06-06,-0.751,402589
2022-06-03,-0.195,405634
2022-06-02,0.146,406425
2022-06-01,-0.562,405832
2022-05-31,-1.044,408126
2022-05-27,0.144,412432
2022-05-26,-0.048,411839
2022-05-25,0.202,412037
2022-05-24,0.862,411207
2022-05-23,-0.607,407692
2022-05-20,0.464,410180
2022-05-19,0.359,408284
2022-05-18,0.714,406822
2022-05-17,-0.757,403939
2022-05-16,0.419,407020
2022-05-13,-0.524,405321
2022-05-12,0.331,407454
2022-05-11,0.617,406111
2022-05-10,0.334,403623
2022-05-09,0.742,402280
2022-05-06,-0.570,399317
2022-05-05,-1.003,401608
2022-05-04,0.647,405677
2022-05-03,0.118,403070
2022-05-02,-0.744,402596
2022-04-29,-0.532,405614
2022-04-28,-0.145,407783
2022-04-27,-0.557,408375
2022-04-26,0.667,410663
2022-04-25,0.642,407941
2022-04-22,0.049,405337
2022-04-21,-0.552,405140
2022-04-20,0.781,407389
2022-04-19,-0.659,404233
2022-04-18,-0.290,406915
2022-04-14,-0.901,408099
2022-04-13,0.221,411808
2022-04-12,0.482,410900
2022-04-11,-0.480,408928
2022-04-08,-0.506,410900
2022-04-07,-0.248,412991
2022-04-06,-0.351,414017
2022-04-05,-1.192,415477
2022-04-04,-0.066,420487
2022-04-01,-0.650,420763
2022-03-31,0.186,423516
2022-03-30,0.393,422728
2022-03-29,0.498,421073
2022-03-28,0.226,418984
2022-03-25,-1.026,418039
2022-03-24,-0.557,422373
2022-03-23,0.673,424738
2022-03-22,-0.548,421901
2022-03-21,-1.302,424226
2022-03-18,0.294,429822
2022-03-17,-0.193,428560
2022-03-16,-0.137,429388
2022-03-15,-0.046,429979
2022-03-14,-1.266,430176
2022-03-11,-0.027,435693
2022-03-10,-0.459,435812
2022-03-09,-0.617,437821
2022-03-08,-0.649,440540
2022-03-07,-0.425,443417
2022-03-04,0.992,445309
2022-03-03,0.431,440935
2022-03-02,-1.503,439043
2022-03-01,0.973,445742
2022-02-28,1.137,441447
2022-02-25,-0.027,436486
2022-02-24,0.235,436604
2022-02-23,-0.522,435580
2022-02-22,-0.009,437864
2022-02-18,0.325,437903
2022-02-17,0.535,436486
2022-02-16,0.209,434163
2022-02-15,-0.299,433257
2022-02-14,-0.693,434557
2022-02-11,1.036,437588
2022-02-10,-0.919,433100
2022-02-09,0.135,437116
2022-02-08,-0.324,436525
2022-02-07,0.027,437943
2022-02-04,-0.767,437824
2022-02-03,-0.427,441210
2022-02-02,0.205,443100
2022-02-01,-0.135,442195
2022-01-31,0.000,442792
2022-01-28,0.232,442792
2022-01-27,0.420,441769
2022-01-26,-0.710,439921
2022-01-25,-0.133,443068
2022-01-24,-0.089,443658
2022-01-21,0.579,444051
2022-01-20,0.214,441494
2022-01-19,0.242,440550
2022-01-18,-0.755,439488
2022-01-14,-0.688,442832
2022-01-13,0.319,445900
2022-01-12,0.018,444484
2022-01-11,0.240,444405
2022-01-10,-0.027,443343
2022-01-07,-0.327,443461
2022-01-06,-0.247,444916
2022-01-05,-0.422,446018
2022-01-04,-0.053,447906
2022-01-03,-0.930,448142
2021-12-31,-0.113,452351
2021-12-30,0.331,452862
2021-12-29,-0.512,451367
2021-12-28,-0.017,453688
2021-12-27,0.035,453767
2021-12-23,-0.208,453609
2021-12-22,0.095,454553
2021-12-21,-0.397,454121
2021-12-20,-0.086,455930
2021-12-17,0.225,456323
2021-12-16,0.291,455301
2021-12-15,-0.147,453981
2021-12-14,-0.173,454649
2021-12-13,0.477,455435
2021-12-10,0.069,453273
2021-12-09,0.252,452959
2021-12-08,-0.321,451819
2021-12-07,-0.380,453273
2021-12-06,-0.498,455003
2021-12-03,0.588,457282
2021-12-02,-0.216,454610
2021-12-01,0.188,455592
2021-11-30,0.599,454737
2021-11-29,-0.225,452028
2021-11-26,1.291,453049
2021-11-24,0.308,447276
2021-11-23,-0.412,445902
2021-11-22,-0.731,447747
2021-11-19,0.271,451046
2021-11-18,0.061,449828
2021-11-17,0.359,449554
2021-11-16,-0.088,447944
2021-11-15,-0.393,448336
2021-11-12,0.210,450103
2021-11-11,-0.322,449161
2021-11-10,-0.855,450614
2021-11-09,0.460,454502
2021-11-08,-0.432,452420
2021-11-05,0.547,454384
2021-11-04,0.542,451910
2021-11-03,-0.314,449475
2021-11-02,0.244,450889
2021-11-01,-0.007,449789
2021-10-29,0.044,449823
2021-10-28,-0.261,449627
2021-10-27,0.560,450804
2021-10-26,0.123,448292
2021-10-25,0.123,447743
2021-10-22,0.255,447194
2021-10-21,-0.263,446056
2021-10-20,-0.044,447233
2021-10-19,-0.358,447429
2021-10-18,-0.140,449038
2021-10-15,-0.495,449666
2021-10-14,0.235,451903
2021-10-13,0.192,450843
2021-10-12,0.456,449980
2021-10-11,-0.245,447939
2021-10-08,-0.218,449038
2021-10-07,-0.400,450019
2021-10-06,0.026,451824
2021-10-05,-0.312,451706
2021-10-04,-0.121,453119
2021-10-01,0.408,453668
2021-09-30,0.122,451825
2021-09-29,0.104,451276
2021-09-28,-0.381,450805
2021-09-27,-0.268,452530
2021-09-24,-0.302,453746
2021-09-23,-0.905,455119
2021-09-22,0.094,459275
2021-09-21,-0.060,458844
2021-09-20,0.506,459118
2021-09-17,-0.291,456805
2021-09-16,-0.316,458138
2021-09-15,-0.170,459589
2021-09-14,0.376,460373
2021-09-13,0.120,458648
2021-09-10,-0.316,458099
2021-09-09,0.282,459550
2021-09-08,0.275,458256
2021-09-07,-0.393,457001
2021-09-03,-0.239,458805
2021-09-02,0.120,459903
2021-09-01,0.043,459354
2021-08-31,-0.187,459156
2021-08-30,0.196,460018
2021-08-27,0.325,459117
2021-08-26,0.000,457628
2021-08-25,-0.392,457628
2021-08-24,-0.272,459431
2021-08-23,0.026,460684
2021-08-20,-0.094,460567
2021-08-19,0.222,460998
2021-08-18,-0.051,459979
2021-08-17,-0.051,460214
2021-08-16,0.222,460449
2021-08-13,0.575,459431
2021-08-12,-0.103,456805
2021-08-11,0.112,457275
2021-08-10,-0.188,456766
2021-08-09,-0.214,457628
2021-08-06,-0.586,458608
2021-08-05,-0.364,461311
2021-08-04,-0.025,462997
2021-08-03,0.025,463114
2021-08-02,0.438,462997
2021-07-30,0.281,460975
2021-07-29,-0.306,459683
2021-07-28,0.085,461093
2021-07-27,0.427,460701
2021-07-26,-0.068,458743
2021-07-23,-0.153,459056
2021-07-22,0.231,459761
2021-07-21,-0.577,458704
2021-07-20,-0.127,461367
2021-07-19,0.855,461954
2021-07-16,-0.017,458038
2021-07-15,0.421,458116
2021-07-14,0.431,456198
2021-07-13,-0.309,454239
2021-07-12,-0.052,455649
2021-07-09,-0.504,455884
2021-07-08,0.257,458195
2021-07-07,0.292,457020
2021-07-06,0.527,455688
2021-07-02,0.364,453300
2021-07-01,-0.072,451655
2021-06-30,0.156,451981
2021-06-29,0.052,451276
2021-06-28,0.313,451041
2021-06-25,-0.208,449632
2021-06-24,-0.017,450572
2021-06-23,-0.199,450650
2021-06-22,0.182,451550
2021-06-21,-0.320,450728
2021-06-18,0.566,452176
2021-06-17,0.358,449632
2021-06-16,-0.685,448028
2021-06-15,0.017,451120
2021-06-14,-0.311,451041
2021-06-11,-0.147,452450
2021-06-10,0.355,453116
2021-06-09,0.313,451511
2021-06-08,0.288,450102
2021-06-07,-0.078,448811
2021-06-04,0.552,449163
2021-06-03,-0.253,446697
2021-06-02,0.114,447832
2021-06-01,-0.019,447323
2021-05-28,-0.009,447407
2021-05-27,-0.175,447446
2021-05-26,-0.113,448228
2021-05-25,0.367,448737
2021-05-24,0.096,447094
2021-05-21,0.035,446664
2021-05-20,0.413,446508
2021-05-19,-0.298,444669
2021-05-18,0.000,445999
2021-05-17,-0.096,445999
2021-05-14,0.219,446429
2021-05-13,0.335,445452
2021-05-12,-0.482,443966
2021-05-11,-0.166,446117
2021-05-10,-0.201,446860
2021-05-07,0.035,447759
2021-05-06,0.044,447603
2021-05-05,0.123,447407
2021-05-04,0.131,446860
2021-05-03,0.171,446273
2021-04-30,0.088,445513
2021-04-29,-0.175,445122
2021-04-28,0.132,445904
2021-04-27,-0.393,445317
2021-04-26,-0.105,447076
2021-04-23,-0.131,447545
2021-04-22,0.079,448131
2021-04-21,0.052,447780
2021-04-20,0.298,447545
2021-04-19,-0.105,446216
2021-04-16,-0.271,446685
2021-04-15,0.641,447897
2021-04-14,-0.123,445044
2021-04-13,0.414,445591
2021-04-12,-0.062,443754
2021-04-09,-0.263,444028
2021-04-08,0.344,445200
2021-04-07,-0.062,443676
2021-04-06,0.487,443950
2021-04-05,-0.282,441800
2021-04-01,0.442,443051
2021-03-31,-0.141,441099
2021-03-30,-0.088,441724
2021-03-29,-0.343,442114
2021-03-26,-0.333,443638
2021-03-25,-0.131,445122
2021-03-24,0.132,445708
2021-03-23,0.494,445122
2021-03-22,0.327,442935
2021-03-19,-0.062,441489
2021-03-18,-0.624,441763
2021-03-17,-0.167,444536
2021-03-16,-0.018,445278
2021-03-15,0.123,445356
2021-03-12,-0.724,444809
2021-03-11,-0.035,448051
2021-03-10,0.210,448208
2021-03-09,0.474,447270
2021-03-08,-0.393,445161
2021-03-05,-0.140,446919
2021-03-04,-0.495,447544
2021-03-03,-0.536,449770
2021-03-02,0.182,452192
2021-03-01,-0.112,451371
2021-02-26,0.898,451879
2021-02-25,-1.333,447859
2021-02-24,-0.137,453909
2021-02-23,0.077,454534
2021-02-22,-0.163,454183
2021-02-19,-0.402,454924
2021-02-18,-0.009,456759
2021-02-17,0.068,456798
2021-02-16,-0.722,456486
2021-02-12,-0.330,459804
2021-02-11,-0.076,461326
2021-02-10,0.254,461677
2021-02-09,0.076,460506
2021-02-08,0.042,460155
2021-02-05,-0.212,459960
2021-02-04,-0.034,460936
2021-02-03,-0.245,461092
2021-02-02,-0.253,462224
2021-02-01,0.124,463395
2021-01-29,-0.177,462819
2021-01-28,-0.260,463639
2021-01-27,0.118,464848
2021-01-26,-0.034,464302
2021-01-25,0.405,464458
2021-01-22,0.152,462585
2021-01-21,-0.143,461883
2021-01-20,0.042,462546
2021-01-19,0.059,462351
2021-01-15,0.271,462078
2021-01-14,-0.228,460830
2021-01-13,0.347,461883
2021-01-12,-0.017,460284
2021-01-11,-0.195,460362
2021-01-08,-0.287,461259
2021-01-07,-0.353,462585
2021-01-06,-0.585,464224
2021-01-05,-0.233,466954
2021-01-04,0.025,468047
2020-12-31,0.067,467930
2020-12-30,0.067,467618
2020-12-29,-0.017,467306
2020-12-28,0.008,467384
2020-12-24,0.142,467345
2020-12-23,-0.209,466681
2020-12-22,0.167,467657
2020-12-21,0.067,466876
2020-12-18,-0.084,466564
2020-12-17,-0.073,466954
2020-12-16,-0.083,467295
2020-12-15,-0.100,467685
2020-12-14,-0.058,468153
2020-12-11,0.200,468426
2020-12-10,0.226,467490
2020-12-09,-0.142,466438
2020-12-08,0.100,467101
2020-12-07,0.310,466633
2020-12-04,-0.392,465190
2020-12-03,0.268,467023
2020-12-02,-0.167,465775
2020-12-01,-0.532,466555
2020-11-30,-0.066,469049
2020-11-27,0.300,469361
2020-11-25,0.033,467958
2020-11-24,-0.158,467802
2020-11-23,-0.199,468543
2020-11-20,0.175,469478
2020-11-19,0.108,468660
2020-11-18,-0.033,468153
2020-11-17,0.259,468309
2020-11-16,-0.075,467101
2020-11-13,-0.133,467452
2020-11-12,0.569,468075
2020-11-11,0.159,465426
2020-11-10,-0.284,464686
2020-11-09,-0.739,466010
2020-11-06,-0.339,469478
2020-11-05,-0.017,471075
2020-11-04,0.842,471153
2020-11-03,-0.225,467218
2020-11-02,0.172,468270
2020-10-30,-0.324,467468
2020-10-29,-0.422,468987
2020-10-28,-0.008,470972
2020-10-27,0.224,471011
2020-10-26,0.266,469960
2020-10-23,0.141,468714
2020-10-22,-0.348,468052
2020-10-21,-0.132,469687
2020-10-20,-0.215,470310
2020-10-19,-0.165,471323
2020-10-16,-0.058,472102
2020-10-15,-0.107,472374
2020-10-14,0.033,472880
2020-10-13,0.223,472724
2020-10-12,0.107,471673
2020-10-09,-0.050,471167
2020-10-08,0.182,471401
2020-10-07,-0.289,470544
2020-10-06,0.232,471907
2020-10-05,-0.629,470817
2020-10-02,-0.103,473795
2020-10-01,0.057,474282
2020-09-30,-0.270,474012
2020-09-29,0.074,475297
2020-09-28,-0.016,474946
2020-09-25,0.082,475024
2020-09-24,0.049,474635
2020-09-23,0.000,474402
2020-09-22,0.000,474402
2020-09-21,0.181,474402
2020-09-18,-0.086,473546
2020-09-17,0.029,473954
2020-09-16,-0.057,473818
2020-09-15,-0.049,474090
2020-09-14,-0.090,474324
2020-09-11,0.156,474752
2020-09-10,0.123,474012
2020-09-09,-0.049,473429
2020-09-08,0.214,473662
2020-09-04,-0.557,472651
2020-09-03,0.131,475297
2020-09-02,0.140,474674
2020-09-01,0.328,474012
2020-08-31,0.107,472465
2020-08-28,0.165,471959
2020-08-27,-0.354,471182
2020-08-26,-0.037,472854
2020-08-25,-0.242,473029
2020-08-24,-0.139,474176
2020-08-21,0.074,474837
2020-08-20,0.288,474487
2020-08-19,-0.131,473126
2020-08-18,0.173,473748
2020-08-17,0.165,472931
2020-08-14,0.049,472154
2020-08-13,-0.206,471921
2020-08-12,-0.295,472893
2020-08-11,-0.343,474292
2020-08-10,-0.106,475925
2020-08-07,-0.212,476431
2020-08-06,0.114,477442
2020-08-05,-0.333,476898
2020-08-04,0.342,478492
2020-08-03,-0.049,476859
2020-07-31,0.029,477092
2020-07-30,0.135,476956
2020-07-29,0.131,476315
2020-07-28,0.237,475694
2020-07-27,-0.155,474567
2020-07-24,-0.049,475305
2020-07-23,0.098,475538
2020-07-22,0.033,475072
2020-07-21,0.106,474917
2020-07-20,0.066,474412
2020-07-17,-0.025,474101
2020-07-16,0.074,474217
2020-07-15,-0.033,473868
2020-07-14,-0.008,474023
2020-07-13,0.107,474062
2020-07-10,-0.197,473557
2020-07-09,0.320,474489
2020-07-08,-0.156,472974
2020-07-07,0.321,473712
2020-07-06,-0.148,472197
2020-07-02,0.123,472896
2020-07-01,-0.156,472314
2020-06-30,-0.180,473051
2020-06-29,0.098,473905
2020-06-26,0.271,473439
2020-06-25,0.016,472158
2020-06-24,0.189,472080
2020-06-23,-0.033,471188
2020-06-22,-0.091,471343
2020-06-19,0.033,471770
2020-06-18,0.223,471615
2020-06-17,0.157,470567
2020-06-16,-0.206,469829
2020-06-15,-0.082,470800
2020-06-12,-0.222,471188
2020-06-11,0.355,472236
2020-06-10,0.748,470567
2020-06-09,0.359,467073
2020-06-08,0.109,465404
2020-06-05,-0.498,464899
2020-06-04,-0.397,467228
2020-06-03,-0.592,469092
2020-06-02,-0.164,471886
2020-06-01,-0.039,472663
2020-05-29,0.321,472848
2020-05-28,-0.090,471336
2020-05-27,0.082,471762
2020-05-26,-0.263,471374
2020-05-22,0.189,472615
2020-05-21,0.066,471723
2020-05-20,0.025,471413
2020-05-19,0.281,471297
2020-05-18,-0.615,469978
2020-05-15,-0.066,472887
2020-05-14,0.156,473197
2020-05-13,0.206,472460
2020-05-12,0.330,471491
2020-05-11,-0.280,469940
2020-05-08,-0.328,471258
2020-05-07,0.611,472809
2020-05-06,-0.370,469940
2020-05-05,-0.074,471685
2020-05-04,0.016,472034
2020-05-01,0.138,471956
2020-04-30,-0.238,471305
2020-04-29,-0.049,472429
2020-04-28,0.436,472661
2020-04-27,-0.532,470608
2020-04-24,0.025,473126
2020-04-23,0.066,473010
2020-04-22,-0.310,472700
2020-04-21,0.279,474172
2020-04-20,0.263,472855
2020-04-17,-0.262,471615
2020-04-16,0.107,472855
2020-04-15,0.894,472351
2020-04-14,0.133,468168
2020-04-13,-0.215,467548
2020-04-09,0.215,468555
2020-04-08,-0.124,467548
2020-04-07,-0.445,468129
2020-04-06,-0.451,470221
2020-04-03,0.074,472351
2020-04-02,0.016,472003
2020-04-01,0.407,471925
2020-03-31,0.181,470014
2020-03-30,0.231,469163
2020-03-27,0.741,468079
2020-03-26,0.242,464636
2020-03-25,0.058,463514
2020-03-24,-0.680,463243
2020-03-23,1.183,466416
2020-03-20,2.548,460960
2020-03-19,0.328,449508
2020-03-18,-1.388,448038
2020-03-17,-2.507,454344
2020-03-16,2.642,466029
2020-03-13,-0.652,454035
2020-03-12,0.051,457014
2020-03-11,-0.998,456782
2020-03-10,-1.836,461386
2020-03-09,0.897,470014
2020-03-06,1.015,465835
2020-03-05,0.889,461154
2020-03-04,-0.220,457091
2020-03-03,1.162,458097
2020-03-02,-0.068,452835
2020-02-28,1.121,453143
2020-02-27,0.485,448119
2020-02-26,-0.052,445955
2020-02-25,0.278,446187
2020-02-24,0.779,444951
2020-02-21,0.404,441511
2020-02-20,0.291,439734
2020-02-19,-0.018,438458
2020-02-18,0.159,438536
2020-02-14,0.248,437840
2020-02-13,0.089,436758
2020-02-12,-0.256,436372
2020-02-11,-0.238,437492
2020-02-10,0.194,438536
2020-02-07,0.479,437685
2020-02-06,0.071,435599
2020-02-05,-0.433,435290
2020-02-04,-0.580,437183
2020-02-03,-0.085,439734
2020-01-31,0.502,440107
2020-01-30,0.097,437907
2020-01-29,0.479,437483
2020-01-28,-0.336,435399
2020-01-27,0.676,436865
2020-01-24,0.357,433932
2020-01-23,0.251,432388
2020-01-22,0.018,431308
2020-01-21,0.395,431231
2020-01-17,-0.081,429533
2020-01-16,-0.206,429880
2020-01-15,0.251,430767
2020-01-14,0.198,429687
2020-01-13,-0.117,428838
2020-01-10,0.216,429340
2020-01-09,0.072,428413
2020-01-08,-0.234,428105
2020-01-07,-0.144,429108
2020-01-06,-0.108,429725
2020-01-03,0.668,430189
2020-01-02,0.463,427333
2019-12-31,-0.362,425365
2019-12-30,-0.063,426908
2019-12-27,0.145,427178
2019-12-26,0.145,426561
2019-12-24,0.172,425943
2019-12-23,-0.091,425210
2019-12-20,0.000,425596
2019-12-19,0.078,425596
2019-12-18,-0.271,425263
2019-12-17,0.009,426419
2019-12-16,-0.468,426381
2019-12-13,0.588,428385
2019-12-12,-0.790,425880
2019-12-11,0.415,429271
2019-12-10,-0.117,427498
2019-12-09,0.081,427999
2019-12-06,-0.305,427652
2019-12-05,-0.233,428963
2019-12-04,-0.384,429965
2019-12-03,0.892,431622
2019-12-02,-0.358,427807
2019-11-29,-0.081,429345
2019-11-27,-0.259,429692
2019-11-26,0.188,430808
2019-11-25,0.045,429999
2019-11-22,-0.018,429807
2019-11-21,-0.250,429884
2019-11-20,0.367,430962
2019-11-19,0.189,429384
2019-11-18,0.171,428576
2019-11-15,-0.081,427844
2019-11-14,0.506,428191
2019-11-13,0.272,426036
2019-11-12,0.045,424881
2019-11-11,0.109,424689
2019-11-08,-0.136,424227
2019-11-07,-0.800,424804
2019-11-06,0.288,428229
2019-11-05,-0.538,426998
2019-11-04,-0.508,429307
2019-11-01,-0.188,431500
2019-10-31,0.635,432315
2019-10-30,0.485,429586
2019-10-29,0.090,427512
2019-10-28,-0.376,427127
2019-10-25,-0.215,428741
2019-10-24,-0.018,429663
2019-10-23,0.036,429740
2019-10-22,0.233,429586
2019-10-21,-0.366,428587
2019-10-18,0.089,430163
2019-10-17,-0.036,429779
2019-10-16,0.197,429932
2019-10-15,-0.481,429087
2019-10-14,0.277,431162
2019-10-11,-0.683,429971
2019-10-10,-0.626,432929
2019-10-09,-0.255,435658
2019-10-08,0.212,436772
2019-10-07,-0.334,435850
2019-10-04,0.194,437310
2019-10-03,0.522,436464
2019-10-02,0.346,434197
2019-10-01,0.276,432699
2019-09-30,0.080,431507
2019-09-27,0.143,431161
2019-09-26,0.214,430548
2019-09-25,-0.656,429627
2019-09-24,0.499,432466
2019-09-23,0.143,430317
2019-09-20,0.575,429704
2019-09-19,0.045,427248
2019-09-18,0.036,427056
2019-09-17,0.261,426903
2019-09-16,0.434,425790
2019-09-13,-0.915,423949
2019-09-12,-0.224,427862
2019-09-11,-0.098,428821
2019-09-10,-0.728,429243
2019-09-09,-0.617,432389
2019-09-06,0.062,435075
2019-09-05,-0.805,434806
2019-09-04,0.158,438336
2019-09-03,0.220,437645
2019-08-30,0.026,436687
2019-08-29,-0.193,436572
2019-08-28,0.035,437414
2019-08-27,0.431,437261
2019-08-26,-0.097,435384
2019-08-23,0.672,435806
2019-08-22,-0.221,432895
2019-08-21,-0.264,433852
2019-08-20,0.442,435001
2019-08-19,-0.475,433086
2019-08-16,-0.263,435155
2019-08-15,0.636,436304
2019-08-14,0.667,433546
2019-08-13,-0.354,430673
2019-08-12,0.633,432205
2019-08-09,-0.151,429486
2019-08-08,0.009,430137
2019-08-07,0.000,430099
2019-08-06,0.161,430099
2019-08-05,0.864,429409
2019-08-02,0.207,425732
2019-08-01,1.132,424851
2019-07-31,0.255,420096
2019-07-30,0.046,419026
2019-07-29,0.091,418835
2019-07-26,-0.018,418452
2019-07-25,-0.173,418529
2019-07-24,0.146,419255
2019-07-23,-0.164,418644
2019-07-22,0.046,419332
2019-07-19,-0.182,419141
2019-07-18,0.246,419905
2019-07-17,0.468,418873
2019-07-16,-0.220,416923
2019-07-15,0.211,417841
2019-07-12,0.110,416961
2019-07-11,-0.493,416502
2019-07-10,0.055,418567
2019-07-09,-0.064,418338
2019-07-08,-0.100,418605
2019-07-05,-0.635,419026
2019-07-03,0.191,421702
2019-07-02,0.356,420899
2019-07-01,-0.125,419408
2019-06-28,0.045,419934
2019-06-27,0.301,419743
2019-06-26,-0.409,418483
2019-06-25,0.155,420201
2019-06-24,0.347,419552
2019-06-21,-0.409,418102
2019-06-20,0.164,419819
2019-06-19,0.274,419132
2019-06-18,0.192,417987
2019-06-17,-0.018,417186
2019-06-14,0.073,417262
2019-06-13,0.248,416957
2019-06-12,0.258,415926
2019-06-11,0.005,414857
2019-06-10,-0.499,414838
2019-06-07,0.395,416919
2019-06-06,-0.018,415277
2019-06-05,0.000,415354
2019-06-04,-0.366,415354
2019-06-03,0.480,416880
2019-05-31,0.665,414890
2019-05-30,0.362,412147
2019-05-29,-0.037,410661
2019-05-28,0.438,410814
2019-05-24,-0.028,409023
2019-05-23,0.609,409138
2019-05-22,0.301,406661
2019-05-21,-0.113,405442
2019-05-20,-0.169,405899
2019-05-17,0.047,406585
2019-05-16,-0.196,406395
2019-05-15,0.319,407195
2019-05-14,-0.094,405899
2019-05-13,0.499,406280
2019-05-10,-0.066,404261
2019-05-09,0.264,404528
2019-05-08,-0.188,403461
2019-05-07,0.340,404223
2019-05-06,0.256,402852
2019-05-03,0.133,401823
2019-05-02,-0.284,401290
2019-05-01,-0.046,402433
2019-04-30,0.199,402617
2019-04-29,-0.208,401819
2019-04-26,0.265,402655
2019-04-25,-0.123,401591
2019-04-24,0.380,402085
2019-04-23,0.181,400564
2019-04-22,-0.142,399842
2019-04-18,0.238,400412
2019-04-17,0.019,399462
2019-04-16,-0.342,399386
2019-04-15,0.133,400754
2019-04-12,-0.463,400222
2019-04-11,-0.226,402085
2019-04-10,0.236,402997
2019-04-09,0.180,402047
2019-04-08,-0.161,401325
2019-04-05,0.047,401971
2019-04-04,0.104,401781
2019-04-03,-0.312,401363
2019-04-02,0.170,402617
2019-04-01,-0.686,401933
2019-03-29,-0.159,404711
2019-03-28,0.009,405356
2019-03-27,0.291,405318
2019-03-26,-0.084,404142
2019-03-25,0.254,404483
2019-03-22,0.739,403459
2019-03-21,-0.047,400499
2019-03-20,0.696,400689
2019-03-19,-0.067,397919
2019-03-18,-0.133,398185
2019-03-15,0.315,398716
2019-03-14,-0.143,397464
2019-03-13,-0.038,398033
2019-03-12,0.277,398185
2019-03-11,-0.076,397085
2019-03-08,0.143,397388
2019-03-07,0.336,396819
2019-03-06,0.279,395491
2019-03-05,0.058,394391
2019-03-04,0.309,394163
2019-03-01,-0.327,392949
2019-02-28,-0.259,394240
2019-02-27,-0.353,395263
2019-02-26,0.297,396664
2019-02-25,-0.153,395490
2019-02-22,0.297,396096
2019-02-21,-0.296,394922
2019-02-20,-0.019,396096
2019-02-19,0.172,396171
2019-02-15,-0.096,395490
2019-02-14,0.471,395869
2019-02-13,-0.249,394013
2019-02-12,-0.134,394998
2019-02-11,-0.153,395528
2019-02-08,0.134,396134
2019-02-07,0.327,395603
2019-02-06,0.077,394316
2019-02-05,0.173,394013
2019-02-04,-0.221,393331
2019-02-01,-0.534,394202
2019-01-31,0.460,396318
2019-01-30,0.230,394504
2019-01-29,0.289,393597
2019-01-28,0.029,392464
2019-01-25,-0.231,392350
2019-01-24,0.318,393257
2019-01-23,-0.048,392010
2019-01-22,0.348,392199
2019-01-18,-0.318,390839
2019-01-17,-0.183,392086
2019-01-16,-0.058,392804
2019-01-15,-0.096,393031
2019-01-14,-0.058,393408
2019-01-11,0.298,393635
2019-01-10,-0.048,392464
2019-01-09,0.058,392653
2019-01-08,-0.250,392426
2019-01-07,-0.278,393408
2019-01-04,-0.808,394504
2019-01-03,0.795,397716
2019-01-02,0.211,394580
2018-12-31,0.376,393749
2018-12-28,0.542,392275
2018-12-27,0.252,390159
2018-12-26,-0.474,389176
2018-12-24,0.252,391028
2018-12-21,0.087,390045
2018-12-20,-0.126,389705
2018-12-19,0.350,390197
2018-12-18,0.246,388836
2018-12-17,0.293,387884
2018-12-14,0.156,386752
2018-12-13,0.059,386149
2018-12-12,-0.273,385923
2018-12-11,-0.253,386979
2018-12-10,0.058,387959
2018-12-07,0.293,387733
2018-12-06,0.254,386601
2018-12-04,0.462,385621
2018-12-03,0.218,383849
2018-11-30,0.197,383012
2018-11-29,0.257,382259
2018-11-28,-0.010,381281
2018-11-27,0.099,381319
2018-11-26,-0.079,380942
2018-11-23,0.059,381243
2018-11-21,-0.020,381018
2018-11-20,-0.020,381093
2018-11-19,0.148,381168
2018-11-16,0.307,380604
2018-11-15,0.069,379437
2018-11-14,0.209,379174
2018-11-13,0.080,378383
2018-11-12,0.299,378082
2018-11-09,0.391,376953
2018-11-08,-0.140,375486
2018-11-07,0.000,376013
2018-11-06,-0.110,376013
2018-11-05,0.060,376427
2018-11-02,-0.557,376201
2018-11-01,0.086,378308
2018-10-31,-0.248,377985
2018-10-30,-0.218,378923
2018-10-29,-0.010,379750
2018-10-26,0.447,379787
2018-10-25,-0.238,378097
2018-10-24,0.538,378999
2018-10-23,0.260,376971
2018-10-22,0.020,375995
2018-10-19,-0.120,375919
2018-10-18,0.180,376370
2018-10-17,-0.289,375694
2018-10-16,-0.010,376783
2018-10-15,0.060,376821
2018-10-12,-0.120,376595
2018-10-11,0.410,377046
2018-10-10,0.050,375506
2018-10-09,0.190,375319
2018-10-08,0.040,374605
2018-10-05,-0.240,374455
2018-10-04,-0.259,375356
2018-10-03,-0.743,376332
2018-10-02,0.258,379149
2018-10-01,-0.253,378172
2018-09-28,0.049,379131
2018-09-27,0.000,378944
2018-09-26,0.327,378944
2018-09-25,-0.099,377707
2018-09-24,-0.109,378082
2018-09-21,0.040,378494
2018-09-20,0.010,378344
2018-09-19,-0.168,378307
2018-09-18,-0.414,378944
2018-09-17,0.020,380518
2018-09-14,-0.187,380443
2018-09-13,-0.010,381155
2018-09-12,0.118,381192
2018-09-11,-0.363,380742
2018-09-10,0.059,382129
2018-09-07,-0.449,381904
2018-09-06,0.206,383628
2018-09-05,-0.010,382841
2018-09-04,-0.228,382878
2018-08-31,0.019,383755
2018-08-30,0.186,383680
2018-08-29,-0.029,382969
2018-08-28,-0.224,383081
2018-08-27,-0.224,383942
2018-08-24,0.029,384802
2018-08-23,-0.010,384690
2018-08-22,0.185,384727
2018-08-21,-0.136,384016
2018-08-20,0.312,384540
2018-08-17,0.039,383343
2018-08-16,-0.029,383194
2018-08-15,0.245,383306
2018-08-14,-0.098,382371
2018-08-13,-0.029,382745
2018-08-10,0.432,382857
2018-08-09,0.275,381211
2018-08-08,0.089,380164
2018-08-07,-0.206,379828
2018-08-06,0.049,380613
2018-08-03,0.256,380426
2018-08-02,0.118,379454
2018-08-01,-0.236,379005
2018-07-31,0.138,379901
2018-07-30,-0.128,379378
2018-07-27,0.157,379864
2018-07-26,-0.108,379267
2018-07-25,-0.069,379677
2018-07-24,0.069,379938
2018-07-23,-0.489,379677
2018-07-20,-0.351,381543
2018-07-19,0.274,382887
2018-07-18,-0.078,381842
2018-07-17,-0.059,382141
2018-07-16,-0.166,382365
2018-07-13,0.166,382999
2018-07-12,-0.039,382365
2018-07-11,0.205,382514
2018-07-10,-0.078,381730
2018-07-09,-0.253,382029
2018-07-06,0.088,382999
2018-07-05,0.010,382663
2018-07-03,0.254,382626
2018-07-02,-0.069,381655
2018-06-29,-0.078,381917
2018-06-28,-0.097,382215
2018-06-27,0.381,382588
2018-06-26,0.049,381135
2018-06-25,0.137,380949
2018-06-22,0.020,380427
2018-06-21,0.265,380353
2018-06-20,-0.323,379347
2018-06-19,0.265,380576
2018-06-18,0.049,379570
2018-06-15,0.079,379384
2018-06-14,0.315,379086
2018-06-13,-0.118,377894
2018-06-12,-0.059,378341
2018-06-11,-0.098,378564
2018-06-08,-0.137,378937
2018-06-07,0.424,379458
2018-06-06,-0.403,377856
2018-06-05,0.256,379384
2018-06-04,-0.353,378415
2018-06-01,-0.369,379757
2018-05-31,-0.049,381162
2018-05-30,-0.427,381348
2018-05-29,1.079,382984
2018-05-25,0.394,378894
2018-05-24,0.257,377407
2018-05-23,0.456,376440
2018-05-22,-0.040,374729
2018-05-21,0.069,374878
2018-05-18,0.389,374618
2018-05-17,-0.060,373168
2018-05-16,-0.209,373391
2018-05-15,-0.553,374172
2018-05-14,-0.217,376254
2018-05-11,0.010,377072
2018-05-10,0.208,377035
2018-05-09,-0.227,376254
2018-05-08,-0.167,377109
2018-05-07,-0.049,377741
2018-05-04,0.010,377927
2018-05-03,0.256,377890
2018-05-02,0.020,376923
2018-05-01,-0.156,376849
2018-04-30,0.108,377438
2018-04-27,0.168,377030
2018-04-26,0.287,376399
2018-04-25,-0.217,375323
2018-04-24,-0.118,376139
2018-04-23,-0.098,376585
2018-04-20,-0.334,376956
2018-04-19,-0.274,378218
2018-04-18,-0.390,379257
2018-04-17,0.059,380741
2018-04-16,-0.049,380519
2018-04-13,0.088,380704
2018-04-12,-0.360,380370
2018-04-11,0.097,381743
2018-04-10,-0.175,381372
2018-04-09,0.019,382040
2018-04-06,0.439,381966
2018-04-05,-0.253,380296
2018-04-04,-0.058,381261
2018-04-03,-0.320,381484
2018-04-02,0.102,382708
2018-03-29,0.204,382319
2018-03-28,-0.019,381541
2018-03-27,0.566,381615
2018-03-26,-0.273,379466
2018-03-23,0.137,380504
2018-03-22,0.411,379985
2018-03-21,0.069,378429
2018-03-20,-0.196,378170
2018-03-19,-0.098,378911
2018-03-16,-0.117,379281
2018-03-15,-0.039,379726
2018-03-14,0.195,379874
2018-03-13,0.166,379133
2018-03-12,0.235,378503
2018-03-09,-0.215,377614
2018-03-08,0.206,378429
2018-03-07,0.000,377651
2018-03-06,-0.010,377651
2018-03-05,-0.127,377688
2018-03-02,-0.371,378170
2018-03-01,0.430,379577
2018-02-28,0.235,377952
2018-02-27,-0.313,377064
2018-02-26,0.117,378248
2018-02-23,0.383,377804
2018-02-22,0.138,376362
2018-02-21,-0.294,375844
2018-02-20,-0.108,376954
2018-02-16,0.236,377360
2018-02-15,0.029,376473
2018-02-14,-0.606,376362
2018-02-13,0.166,378655
2018-02-12,-0.029,378026
2018-02-09,-0.176,378137
2018-02-08,0.088,378803
2018-02-07,-0.292,378470
2018-02-06,-0.437,379580
2018-02-05,0.822,381245
2018-02-02,-0.370,378137
2018-02-01,-0.515,379543
2018-01-31,0.029,381509
2018-01-30,-0.232,381398
2018-01-29,-0.251,382284
2018-01-26,-0.298,383245
2018-01-25,0.221,384389
2018-01-24,-0.192,383540
2018-01-23,0.289,384279
2018-01-22,-0.039,383171
2018-01-19,-0.259,383318
2018-01-18,-0.316,384316
2018-01-17,-0.220,385534
2018-01-16,0.048,386384
2018-01-12,-0.067,386199
2018-01-11,0.067,386458
2018-01-10,-0.029,386199
2018-01-09,-0.476,386310
2018-01-08,-0.048,388157
2018-01-05,-0.123,388341
2018-01-04,-0.047,388821
2018-01-03,0.105,389006
2018-01-02,-0.332,388600
2017-12-29,0.161,389892
2017-12-28,-0.123,389264
2017-12-27,0.428,389745
2017-12-26,0.038,388083
2017-12-22,0.038,387935
2017-12-21,0.071,387787
2017-12-20,-0.294,387514
2017-12-19,-0.453,388657
2017-12-18,-0.226,390427
2017-12-15,-0.019,391312
2017-12-14,-0.038,391386
2017-12-13,0.407,391533
2017-12-12,-0.085,389948
2017-12-11,-0.066,390279
2017-12-08,-0.075,390537
2017-12-07,-0.179,390832
2017-12-06,0.208,391533
2017-12-05,0.076,390722
2017-12-04,-0.047,390427
2017-12-01,0.369,390611
2017-11-30,-0.311,389176
2017-11-29,-0.320,390391
2017-11-28,0.019,391643
2017-11-27,0.066,391570
2017-11-24,-0.085,391312
2017-11-22,0.321,391643
2017-11-21,0.019,390391
2017-11-20,-0.160,390318
2017-11-17,0.132,390944
2017-11-16,-0.254,390428
2017-11-15,0.359,391422
2017-11-14,0.142,390023
2017-11-13,-0.047,389471
2017-11-10,-0.508,389655
2017-11-09,-0.038,391643
2017-11-08,-0.122,391791
2017-11-07,0.038,392269
2017-11-06,0.122,392122
2017-11-03,0.160,391643
2017-11-02,0.132,391017
2017-11-01,0.061,390502
2017-10-31,-0.066,390266
2017-10-30,0.359,390523
2017-10-27,0.322,389126
2017-10-26,-0.133,387876
2017-10-25,-0.161,388391
2017-10-24,-0.301,389016
2017-10-23,0.094,390192
2017-10-20,-0.413,389824
2017-10-19,0.103,391442
2017-10-18,-0.253,391038
2017-10-17,-0.037,392030
2017-10-16,-0.168,392177
2017-10-13,0.338,392839
2017-10-12,0.094,391515
2017-10-11,0.113,391148
2017-10-10,0.038,390707
2017-10-09,0.113,390560
2017-10-06,-0.122,390118
2017-10-05,-0.103,390596
2017-10-04,-0.028,391001
2017-10-03,0.141,391111
2017-10-02,-0.114,390560
2017-09-29,-0.122,391004
2017-09-28,-0.019,391482
2017-09-27,-0.513,391555
2017-09-26,-0.084,393574
2017-09-25,0.299,393904
2017-09-22,0.178,392730
2017-09-21,-0.131,392032
2017-09-20,-0.196,392546
2017-09-19,-0.112,393317
2017-09-18,-0.390,393757
2017-09-15,0.121,395299
2017-09-14,0.019,394822
2017-09-13,-0.204,394748
2017-09-12,-0.241,395556
2017-09-11,-0.571,396510
2017-09-08,-0.074,398786
2017-09-07,0.434,399080
2017-09-06,-0.240,397355
2017-09-05,0.696,398309
2017-09-01,-0.293,395556
2017-08-31,0.157,396720
2017-08-30,-0.083,396097
2017-08-29,0.232,396427
2017-08-28,0.093,395510
2017-08-25,0.167,395144
2017-08-24,-0.158,394484
2017-08-23,0.344,395107
2017-08-22,-0.195,393751
2017-08-21,0.065,394521
2017-08-18,0.019,394264
2017-08-17,0.355,394191
2017-08-16,0.187,392798
2017-08-15,-0.298,392065
2017-08-14,-0.242,393238
2017-08-11,0.112,394191
2017-08-10,0.374,393751
2017-08-09,0.122,392285
2017-08-08,-0.084,391809
2017-08-07,0.056,392138
2017-08-04,-0.270,391918
2017-08-03,0.346,392981
2017-08-02,-0.094,391625
2017-08-01,0.248,391992
2017-07-31,0.028,391021
2017-07-28,0.169,390911
2017-07-27,-0.159,390253
2017-07-26,0.319,390875
2017-07-25,-0.560,389630
2017-07-24,-0.065,391826
2017-07-21,0.178,392082
2017-07-20,0.028,391387
2017-07-19,0.000,391277
2017-07-18,0.366,391277
2017-07-17,0.122,389850
2017-07-14,0.141,389374
2017-07-13,-0.103,388825
2017-07-12,0.292,389228
2017-07-11,0.132,388093
2017-07-10,0.132,387581
2017-07-07,-0.160,387069
2017-07-06,-0.188,387691
2017-07-05,0.075,388423
2017-07-03,-0.366,388130
2017-06-30,-0.234,389558
2017-06-29,-0.373,390471
2017-06-28,-0.093,391933
2017-06-27,-0.491,392298
2017-06-26,0.083,394235
2017-06-23,0.028,393906
2017-06-22,0.093,393796
2017-06-21,-0.009,393431
2017-06-20,0.251,393468
2017-06-19,-0.279,392481
2017-06-16,0.056,393577
2017-06-15,-0.176,393358
2017-06-14,0.522,394052
2017-06-13,0.037,392006
2017-06-12,-0.019,391860
2017-06-09,-0.093,391933
2017-06-08,-0.158,392298
2017-06-07,-0.186,392919
2017-06-06,0.317,393650
2017-06-05,-0.167,392408
2017-06-02,0.439,393066
2017-06-01,-0.053,391348
2017-05-31,0.047,391554
2017-05-30,0.252,391371
2017-05-26,0.065,390386
2017-05-25,0.056,390131
2017-05-24,0.206,389912
2017-05-23,-0.262,389109
2017-05-22,-0.112,390131
2017-05-19,-0.028,390569
2017-05-18,-0.028,390678
2017-05-17,0.800,390788
2017-05-16,0.132,387686
2017-05-15,-0.066,387176
2017-05-12,0.511,387431
2017-05-11,0.076,385461
2017-05-10,-0.038,385169
2017-05-09,-0.113,385315
2017-05-08,-0.245,385753
2017-05-05,0.019,386701
2017-05-04,-0.226,386628
2017-05-03,-0.207,387504
2017-05-02,0.207,388307
2017-05-01,-0.215,387504
2017-04-28,0.103,388341
2017-04-27,0.066,387940
2017-04-26,0.264,387685
2017-04-25,-0.516,386665
2017-04-24,-0.206,388669
2017-04-21,0.047,389470
2017-04-20,-0.224,389288
2017-04-19,-0.261,390162
2017-04-18,0.571,391182
2017-04-17,-0.159,388960
2017-04-13,0.300,389579
2017-04-12,0.310,388414
2017-04-11,0.463,387212
2017-04-10,0.180,385426
2017-04-07,-0.302,384734
2017-04-06,-0.066,385900
2017-04-05,0.189,386155
2017-04-04,-0.142,385426
2017-04-03,0.491,385973
2017-03-31,0.199,384086
2017-03-30,-0.284,383322
2017-03-29,0.285,384414
2017-03-28,-0.340,383322
2017-03-27,0.246,384632
2017-03-24,0.057,383686
2017-03-23,-0.104,383468
2017-03-22,0.190,383868
2017-03-21,0.326,383140
2017-03-20,0.246,381895
2017-03-17,0.268,380958
2017-03-16,-0.277,379939
2017-03-15,0.876,380994
2017-03-14,0.106,377684
2017-03-13,-0.250,377284
2017-03-10,0.212,378230
2017-03-09,-0.279,377429
2017-03-08,-0.335,378484
2017-03-07,-0.143,379757
2017-03-06,-0.019,380303
2017-03-03,0.096,380376
2017-03-02,-0.286,380012
2017-03-01,-0.696,381103
2017-02-28,-0.047,383774
2017-02-27,-0.358,383956
2017-02-24,0.464,385336
2017-02-23,0.266,383556
2017-02-22,0.162,382539
2017-02-21,-0.048,381921
2017-02-17,0.267,382103
2017-02-16,0.402,381086
2017-02-15,-0.191,379560
2017-02-14,-0.362,380287
2017-02-13,-0.152,381667
2017-02-10,-0.066,382248
2017-02-09,-0.595,382502
2017-02-08,0.408,384791
2017-02-07,0.180,383229
2017-02-06,0.477,382539
2017-02-03,0.076,380723
2017-02-02,0.038,380432
2017-02-01,-0.191,380287
2017-01-31,0.344,381015
2017-01-30,-0.029,379709
2017-01-27,0.124,379818
2017-01-26,0.134,379346
2017-01-25,-0.495,378838
2017-01-24,-0.380,380725
2017-01-23,0.525,382175
2017-01-20,0.048,380180
2017-01-19,-0.380,379999
2017-01-18,-0.708,381450
2017-01-17,0.503,384170
2017-01-13,-0.218,382248
2017-01-12,0.057,383082
2017-01-11,0.114,382864
2017-01-10,-0.047,382429
2017-01-09,0.381,382611
2017-01-06,-0.455,381160
2017-01-05,0.648,382901
2017-01-04,0.115,380434
2017-01-03,-0.048,379999
2016-12-30,0.297,380180
2016-12-29,0.307,379056
2016-12-28,0.366,377895
2016-12-27,-0.144,376517
2016-12-23,0.096,377061
2016-12-22,-0.044,376699
2016-12-21,0.164,376863
2016-12-20,-0.211,376247
2016-12-19,0.463,377044
2016-12-16,0.126,375305
2016-12-15,-0.279,374835
2016-12-14,-0.831,375885
2016-12-13,0.057,379035
2016-12-12,0.019,378818
2016-12-09,-0.514,378746
2016-12-08,-0.379,380701
2016-12-07,0.333,382150
2016-12-06,0.038,380882
2016-12-05,-0.038,380737
2016-12-02,0.449,380882
2016-12-01,-0.381,379180
2016-11-30,-0.670,380629
2016-11-29,0.104,383196
2016-11-28,0.455,382798
2016-11-25,-0.085,381063
2016-11-23,-0.359,381388
2016-11-22,0.095,382762
2016-11-21,0.085,382401
2016-11-18,-0.443,382075
2016-11-17,-0.441,383775
2016-11-16,0.094,385474
2016-11-15,0.000,385113
2016-11-14,-0.579,385113
2016-11-11,-0.205,387355
2016-11-10,-0.602,388150
2016-11-09,-1.523,390501
2016-11-08,-0.354,396539
2016-11-07,-0.416,397950
2016-11-04,0.309,399613
2016-11-03,-0.063,398384
2016-11-02,0.300,398637
2016-11-01,0.003,397443
2016-10-31,0.082,397430
2016-10-28,0.018,397105
2016-10-27,-0.344,397033
2016-10-26,-0.217,398405
2016-10-25,-0.018,399272
2016-10-24,-0.135,399344
2016-10-21,0.108,399886
2016-10-20,-0.090,399452
2016-10-19,0.045,399813
2016-10-18,0.199,399633
2016-10-17,0.218,398838
2016-10-14,-0.308,397972
2016-10-13,0.208,399199
2016-10-12,0.000,398369
2016-10-11,-0.027,398369
2016-10-10,-0.262,398477
2016-10-07,0.145,399524
2016-10-06,-0.208,398947
2016-10-05,-0.225,399777
2016-10-04,-0.458,400680
2016-10-03,-0.232,402522
2016-09-30,-0.250,403460
2016-09-29,0.062,404469
2016-09-28,-0.045,404217
2016-09-27,0.170,404397
2016-09-26,0.287,403712
2016-09-23,0.045,402558
2016-09-22,0.297,402378
2016-09-21,0.162,401188
2016-09-20,0.153,400539
2016-09-19,-0.171,399926
2016-09-16,0.108,400611
2016-09-15,0.027,400178
2016-09-14,0.226,400070
2016-09-13,-0.369,399168
2016-09-12,0.090,400647
2016-09-09,-0.475,400286
2016-09-08,-0.491,402197
2016-09-07,0.054,404181
2016-09-06,0.466,403964
2016-09-02,-0.259,402089
2016-09-01,0.157,403135
2016-08-31,-0.116,402503
2016-08-30,-0.009,402971
2016-08-29,0.413,403007
2016-08-26,-0.384,401351
2016-08-25,-0.161,402899
2016-08-24,-0.036,403548
2016-08-23,-0.009,403692
2016-08-22,0.223,403728
2016-08-19,-0.339,402827
2016-08-18,0.179,404196
2016-08-17,0.161,403475
2016-08-16,-0.170,402827
2016-08-15,-0.294,403512
2016-08-12,0.357,404700
2016-08-11,-0.480,403259
2016-08-10,0.267,405204
2016-08-09,0.358,404124
2016-08-08,-0.054,402683
2016-08-05,-0.622,402899
2016-08-04,0.240,405420
2016-08-03,0.053,404448
2016-08-02,-0.240,404232
2016-08-01,-0.346,405204
2016-07-29,0.382,406613
2016-07-28,0.053,405066
2016-07-27,0.428,404851
2016-07-26,0.062,403124
2016-07-25,-0.080,402873
2016-07-22,-0.080,403196
2016-07-21,0.223,403520
2016-07-20,-0.205,402621
2016-07-19,0.268,403448
2016-07-18,-0.027,402369
2016-07-15,-0.383,402477
2016-07-14,-0.417,404023
2016-07-13,0.258,405714
2016-07-12,-0.592,404671
2016-07-11,-0.527,407080
2016-07-08,0.194,409238
2016-07-07,-0.132,408447
2016-07-06,0.018,408986
2016-07-05,0.548,408914
2016-07-01,0.263,406685
2016-06-30,0.222,405616
2016-06-29,-0.407,404718
2016-06-28,-0.018,406370
2016-06-27,0.864,406442
2016-06-24,1.382,402959
2016-06-23,-0.477,397464
2016-06-22,0.198,399368
2016-06-21,-0.225,398578
2016-06-20,-0.430,399475
2016-06-17,-0.339,401199
2016-06-16,0.107,402564
2016-06-15,0.305,402133
2016-06-14,-0.027,400912
2016-06-13,0.197,401020
2016-06-10,0.351,400229
2016-06-09,0.153,398829
2016-06-08,0.117,398218
2016-06-07,0.145,397752
2016-06-06,-0.262,397177
2016-06-03,0.928,398218
2016-06-02,0.310,394556
2016-06-01,-0.033,393335
2016-05-31,0.119,393466
2016-05-27,-0.191,392999
2016-05-26,0.311,393752
2016-05-25,-0.046,392533
2016-05-24,-0.164,392713
2016-05-23,0.064,393358
2016-05-20,0.064,393107
2016-05-19,0.101,392856
2016-05-18,-0.807,392462
2016-05-17,-0.136,395653
2016-05-16,-0.361,396191
2016-05-13,0.380,397625
2016-05-12,-0.271,396119
2016-05-11,0.154,397195
2016-05-10,-0.018,396585
2016-05-09,0.190,396657
2016-05-06,-0.235,395904
2016-05-05,0.272,396836
2016-05-04,0.182,395761
2016-05-03,0.593,395043
2016-05-02,-0.290,392713
2016-04-29,-0.036,393854
2016-04-28,0.347,393997
2016-04-27,0.550,392637
2016-04-26,-0.210,390489
2016-04-25,-0.110,391312
2016-04-22,-0.110,391742
2016-04-21,-0.164,392171
2016-04-20,-0.508,392816
2016-04-19,-0.163,394821
2016-04-18,-0.099,395465
2016-04-15,0.299,395859
2016-04-14,-0.235,394678
2016-04-13,0.072,395609
2016-04-12,-0.397,395322
2016-04-11,-0.018,396898
2016-04-08,-0.153,396969
2016-04-07,0.516,397578
2016-04-06,-0.217,395537
2016-04-05,0.399,396396
2016-04-04,0.118,394821
2016-04-01,-0.029,394355
2016-03-31,0.364,394469
2016-03-30,-0.136,393039
2016-03-29,0.677,393575
2016-03-28,0.147,390929
2016-03-24,-0.101,390357
2016-03-23,0.460,390751
2016-03-22,-0.211,388963
2016-03-21,-0.284,389785
2016-03-18,0.174,390894
2016-03-17,0.110,390214
2016-03-16,0.526,389785
2016-03-15,-0.018,387748
2016-03-14,0.074,387819
2016-03-11,-0.285,387533
2016-03-10,-0.357,388641
2016-03-09,-0.393,390036
2016-03-08,0.579,391573
2016-03-07,-0.202,389321
2016-03-04,-0.338,390107
2016-03-03,0.119,391430
2016-03-02,-0.173,390965
2016-03-01,-0.780,391644
2016-02-29,0.163,394724
2016-02-26,-0.487,394081
2016-02-25,0.298,396009
2016-02-24,0.000,394831
2016-02-23,0.199,394831
2016-02-22,-0.100,394046
2016-02-19,0.000,394438
2016-02-18,0.464,394438
2016-02-17,-0.245,392618
2016-02-16,-0.298,393582
2016-02-12,-0.763,394760
2016-02-11,0.460,397794
2016-02-10,0.298,395973
2016-02-09,0.018,394795
2016-02-08,0.747,394724
2016-02-05,0.128,391797
2016-02-04,0.238,391297
2016-02-03,-0.110,390369
2016-02-02,0.708,390797
2016-02-01,-0.230,388048
2016-01-29,0.534,388942
2016-01-28,0.129,386875
2016-01-27,0.074,386376
2016-01-26,0.074,386091
2016-01-25,0.334,385805
2016-01-22,-0.222,384522
2016-01-21,-0.249,385378
2016-01-20,0.491,386340
2016-01-19,-0.130,384451
2016-01-15,0.465,384950
2016-01-14,-0.204,383168
2016-01-13,0.391,383952
2016-01-12,0.449,382455
2016-01-11,-0.317,380744
2016-01-08,0.253,381956
2016-01-07,0.216,380993
2016-01-06,0.604,380173
2016-01-05,-0.028,377892
2016-01-04,0.426,377999
2015-12-31,0.114,376395
2015-12-30,0.038,375967
2015-12-29,-0.528,375824
2015-12-28,0.019,377821
2015-12-24,0.183,377749
2015-12-23,-0.226,377060
2015-12-22,-0.282,377914
2015-12-21,0.047,378982
2015-12-18,0.358,378804
2015-12-17,0.417,377452
2015-12-16,-0.264,375886
2015-12-15,-0.254,376882
2015-12-14,-0.739,377843
2015-12-11,0.801,380655
2015-12-10,-0.216,377630
2015-12-09,0.151,378448
2015-12-08,0.057,377879
2015-12-07,0.321,377665
2015-12-04,0.370,376455
2015-12-03,-1.052,375067
2015-12-02,-0.281,379053
2015-12-01,0.531,380121
2015-11-30,0.038,378113
2015-11-27,0.104,377971
2015-11-25,0.057,377580
2015-11-24,0.094,377367
2015-11-23,0.132,377012
2015-11-20,-0.132,376514
2015-11-19,0.217,377012
2015-11-18,-0.047,376194
2015-11-17,-0.028,376372
2015-11-16,0.132,376479
2015-11-13,0.380,375981
2015-11-12,0.057,374560
2015-11-11,-0.047,374346
2015-11-10,0.190,374524
2015-11-09,-0.171,373813
2015-11-06,-0.679,374453
2015-11-05,-0.066,377012
2015-11-04,-0.104,377260
2015-11-03,-0.263,377651
2015-11-02,-0.287,378646
2015-10-30,0.197,379736
2015-10-29,-0.614,378990
2015-10-28,-0.518,381332
2015-10-27,0.251,383319
2015-10-26,0.261,382361
2015-10-23,-0.564,381368
2015-10-22,0.102,383532
2015-10-21,0.344,383142
2015-10-20,-0.343,381829
2015-10-19,-0.046,383142
2015-10-16,-0.083,383319
2015-10-15,-0.341,383639
2015-10-14,0.547,384952
2015-10-13,0.093,382858
2015-10-12,0.335,382503
2015-10-09,0.056,381226
2015-10-08,-0.260,381013
2015-10-07,-0.250,382006
2015-10-06,0.204,382965
2015-10-05,-0.554,382184
2015-10-02,0.482,384313
2015-10-01,0.078,382468
2015-09-30,0.019,382169
2015-09-29,0.344,382098
2015-09-28,0.571,380787
2015-09-25,-0.261,378626
2015-09-24,0.150,379618
2015-09-23,-0.112,379051
2015-09-22,0.497,379477
2015-09-21,-0.569,377599
2015-09-18,0.469,379760
2015-09-17,0.832,377989
2015-09-16,-0.028,374871
2015-09-15,-0.787,374977
2015-09-14,0.094,377953
2015-09-11,0.263,377599
2015-09-10,-0.225,376607
2015-09-09,0.038,377457
2015-09-08,-0.439,377315
2015-09-04,0.309,378981
2015-09-03,0.244,377811
2015-09-02,-0.272,376890
2015-09-01,0.449,377918
2015-08-31,-0.169,376230
2015-08-28,0.019,376867
2015-08-27,-0.056,376796
2015-08-26,-0.615,377008
2015-08-25,-0.547,379343
2015-08-24,0.167,381430
2015-08-21,0.401,380793
2015-08-20,0.271,379272
2015-08-19,0.612,378246
2015-08-18,-0.160,375947
2015-08-17,0.179,376548
2015-08-14,-0.103,375876
2015-08-13,-0.263,376265
2015-08-12,-0.037,377256
2015-08-11,0.660,377397
2015-08-10,-0.413,374921
2015-08-07,0.396,376478
2015-08-06,0.350,374992
2015-08-05,-0.387,373683
2015-08-04,-0.516,375133
2015-08-03,0.305,377079
2015-07-31,0.586,375934
2015-07-30,0.114,373744
2015-07-29,-0.142,373320
2015-07-28,-0.283,373850
2015-07-27,0.331,374910
2015-07-24,0.095,373673
2015-07-23,0.408,373320
2015-07-22,0.124,371802
2015-07-21,0.277,371342
2015-07-20,-0.200,370318
2015-07-17,0.010,371060
2015-07-16,-0.038,371025
2015-07-15,0.382,371166
2015-07-14,0.316,369753
2015-07-13,-0.268,368588
2015-07-10,-0.693,369576
2015-07-09,-0.697,372155
2015-07-08,0.397,374768
2015-07-07,0.266,373285
2015-07-06,0.707,372296
2015-07-02,0.355,369682
2015-07-01,-0.521,368376
2015-06-30,-0.275,370306
2015-06-29,1.162,371329
2015-06-26,-0.478,367062
2015-06-25,-0.248,368825
2015-06-24,0.297,369742
2015-06-23,-0.305,368649
2015-06-22,-0.842,369777
2015-06-19,0.532,372916
2015-06-18,-0.076,370941
2015-06-17,0.057,371223
2015-06-16,0.382,371012
2015-06-15,0.239,369601
2015-06-12,-0.048,368720
2015-06-11,0.780,368896
2015-06-10,-0.384,366040
2015-06-09,-0.325,367450
2015-06-08,0.144,368649
2015-06-05,-0.723,368120
2015-06-04,0.487,370800
2015-06-03,-0.853,369002
2015-06-02,-0.696,372175
2015-06-01,-0.440,374785
2015-05-29,0.056,376443
2015-05-28,0.094,376232
2015-05-27,-0.056,375880
2015-05-26,0.622,376091
2015-05-22,-0.226,373767
2015-05-21,0.596,374612
2015-05-20,0.218,372394
2015-05-19,-0.443,371584
2015-05-18,-0.675,373239
2015-05-15,0.717,375774
2015-05-14,0.341,373098
2015-05-13,-0.132,371831
2015-05-12,0.076,372324
2015-05-11,-0.984,372042
2015-05-08,0.386,375739
2015-05-07,0.425,374295
2015-05-06,-0.489,372711
2015-05-05,-0.169,374542
2015-05-04,-0.206,375175
2015-05-01,-0.546,375950
2015-04-30,-0.028,378013
2015-04-29,-0.371,378118
2015-04-28,-0.461,379524
2015-04-27,-0.156,381282
2015-04-24,0.351,381880
2015-04-23,0.306,380544
2015-04-22,-0.580,379384
2015-04-21,-0.211,381598
2015-04-20,-0.184,382407
2015-04-17,0.202,383110
2015-04-16,0.074,382337
2015-04-15,0.055,382055
2015-04-14,0.295,381845
2015-04-13,0.204,380720
2015-04-10,-0.028,379946
2015-04-09,-0.405,380052
2015-04-08,-0.092,381598
2015-04-07,0.083,381950
2015-04-06,0.129,381634
2015-04-02,-0.285,381141
2015-04-01,0.475,382231
2015-03-31,0.259,380424
2015-03-30,-0.009,379442
2015-03-27,0.390,379477
2015-03-26,-0.563,378003
2015-03-25,-0.432,380144
2015-03-24,0.304,381793
2015-03-23,0.129,380635
2015-03-20,0.408,380144
2015-03-19,-0.471,378599
2015-03-18,1.148,380389
2015-03-17,0.206,376072
2015-03-16,0.347,375300
2015-03-13,-0.150,374001
2015-03-12,0.094,374563
2015-03-11,0.179,374212
2015-03-10,0.425,373545
2015-03-09,0.464,371966
2015-03-06,-1.023,370246
2015-03-05,0.056,374072
2015-03-04,0.075,373861
2015-03-03,-0.216,373580
2015-03-02,-0.743,374388
2015-02-27,0.354,377191
2015-02-26,-0.593,375859
2015-02-25,0.093,378102
2015-02-24,0.663,377751
2015-02-23,0.460,375263
2015-02-20,-0.056,373546
2015-02-19,-0.253,373757
2015-02-18,0.479,374703
2015-02-17,-0.709,372916
2015-02-13,-0.335,375579
2015-02-12,0.037,376840
2015-02-11,-0.037,376700
2015-02-10,-0.250,376840
2015-02-09,-0.046,377786
2015-02-06,-1.118,377962
2015-02-05,-0.365,382237
2015-02-04,0.165,383638
2015-02-03,-0.844,383008
2015-02-02,-0.125,386266
2015-01-30,0.876,386750
2015-01-29,-0.355,383391
2015-01-28,0.770,384755
2015-01-27,0.138,381817
2015-01-26,-0.229,381292
2015-01-23,0.654,382167
2015-01-22,-0.248,379683
2015-01-21,-0.476,380627
2015-01-20,0.229,382446
2015-01-16,-0.737,381572
2015-01-15,0.854,384406
2015-01-14,0.461,381152
2015-01-13,0.092,379403
2015-01-12,0.352,379053
2015-01-09,0.493,377724
2015-01-08,-0.408,375869
2015-01-07,-0.019,377409
2015-01-06,0.672,377479
2015-01-05,0.610,374960
2015-01-02,0.509,372686
2014-12-31,0.113,370797
2014-12-30,0.113,370377
2014-12-29,0.342,369957
2014-12-26,0.133,368698
2014-12-24,0.072,368208
2014-12-23,-0.829,367944
2014-12-22,0.000,371018
2014-12-19,0.369,371018
2014-12-18,-0.564,369656
2014-12-17,-0.691,371752
2014-12-16,0.506,374337
2014-12-15,-0.364,372450
2014-12-12,0.820,373813
2014-12-11,-0.169,370774
2014-12-10,0.454,371402
2014-12-09,0.370,369726
2014-12-08,0.333,368363
2014-12-05,-0.558,367141
2014-12-04,0.351,369202
2014-12-03,0.038,367909
2014-12-02,-0.444,367769
2014-12-01,-0.245,369411
2014-11-28,0.388,370318
2014-11-26,0.170,368888
2014-11-25,0.247,368260
2014-11-24,0.114,367354
2014-11-21,0.200,366935
2014-11-20,0.181,366203
2014-11-19,-0.266,365540
2014-11-18,0.114,366517
2014-11-17,-0.114,366098
2014-11-14,0.210,366517
2014-11-13,0.162,365750
2014-11-12,-0.038,365157
2014-11-11,0.010,365296
2014-11-10,-0.409,365261
2014-11-07,0.641,366761
2014-11-06,-0.305,364424
2014-11-05,0.029,365540
2014-11-04,-0.010,365436
2014-11-03,-0.038,365471
2014-10-31,-0.162,365608
2014-10-30,0.105,366200
2014-10-29,-0.332,365817
2014-10-28,-0.246,367035
2014-10-27,0.104,367941
2014-10-24,0.085,367558
2014-10-23,-0.415,367244
2014-10-22,-0.028,368776
2014-10-21,-0.273,368880
2014-10-20,0.141,369890
2014-10-17,-0.291,369368
2014-10-16,-0.272,370447
2014-10-15,0.566,371457
2014-10-14,0.198,369368
2014-10-13,0.522,368637
2014-10-10,0.391,366722
2014-10-09,-0.171,365295
2014-10-08,0.353,365921
2014-10-07,0.586,364633
2014-10-06,0.164,362510
2014-10-03,-0.029,361918
2014-10-02,-0.297,362022
2014-10-01,0.839,363101
2014-09-30,-0.087,360082
2014-09-29,0.319,360395
2014-09-26,-0.212,359248
2014-09-25,0.485,360012
2014-09-24,-0.280,358275
2014-09-23,0.213,359283
2014-09-22,0.214,358518
2014-09-19,0.380,357754
2014-09-18,-0.068,356398
2014-09-17,-0.253,356642
2014-09-16,-0.029,357545
2014-09-15,0.185,357649
2014-09-12,-0.378,356989
2014-09-11,-0.126,358344
2014-09-10,-0.251,358796
2014-09-09,-0.231,359700
2014-09-08,-0.106,360534
2014-09-05,0.029,360916
2014-09-04,-0.355,360812
2014-09-03,0.144,362097
2014-09-02,-0.638,361576
2014-08-29,0.010,363897
2014-08-28,0.134,363862
2014-08-27,0.278,363377
2014-08-26,-0.019,362371
2014-08-25,0.077,362440
2014-08-22,0.010,362163
2014-08-21,0.211,362128
2014-08-20,-0.297,361365
2014-08-19,-0.105,362440
2014-08-18,-0.315,362822
2014-08-15,0.402,363966
2014-08-14,0.201,362510
2014-08-13,0.327,361781
2014-08-12,-0.144,360602
2014-08-11,-0.048,361122
2014-08-08,-0.086,361295
2014-08-07,0.453,361608
2014-08-06,0.087,359977
2014-08-05,0.048,359665
2014-08-04,0.058,359491
2014-08-01,0.587,359283
2014-07-31,-0.029,357187
2014-07-30,-0.702,357290
2014-07-29,0.135,359818
2014-07-28,-0.115,359333
2014-07-25,0.386,359749
2014-07-24,-0.404,358364
2014-07-23,-0.010,359818
2014-07-22,0.125,359853
2014-07-21,0.029,359403
2014-07-18,-0.202,359299
2014-07-17,0.580,360026
2014-07-16,0.145,357948
2014-07-15,-0.087,357429
2014-07-14,-0.222,357741
2014-07-11,0.164,358537
2014-07-10,0.213,357948
2014-07-09,0.019,357187
2014-07-08,0.458,357117
2014-07-07,0.244,355490
2014-07-03,-0.205,354624
2014-07-02,-0.408,355351
2014-07-01,-0.326,356806
2014-06-30,0.077,357973
2014-06-27,0.000,357697
2014-06-26,0.262,357697
2014-06-25,0.097,356764
2014-06-24,0.409,356418
2014-06-23,-0.068,354967
2014-06-20,0.117,355209
2014-06-19,-0.253,354794
2014-06-18,0.527,355692
2014-06-17,-0.418,353826
2014-06-16,0.000,355312
2014-06-13,-0.194,355312
2014-06-12,0.390,356003
2014-06-11,0.137,354621
2014-06-10,-0.175,354137
2014-06-09,-0.146,354759
2014-06-06,-0.078,355278
2014-06-05,0.146,355554
2014-06-04,-0.078,355036
2014-06-03,-0.503,355312
2014-06-02,-0.456,357109
2014-05-30,-0.077,358747
2014-05-29,-0.125,359023
2014-05-28,0.550,359471
2014-05-27,0.029,357505
2014-05-23,0.203,357401
2014-05-22,-0.106,356677
2014-05-21,-0.154,357056
2014-05-20,0.290,357608
2014-05-19,-0.126,356573
2014-05-16,-0.212,357022
2014-05-15,0.358,357781
2014-05-14,0.457,356504
2014-05-13,0.390,354883
2014-05-12,-0.263,353503
2014-05-09,-0.078,354434
2014-05-08,0.107,354710
2014-05-07,0.078,354331
2014-05-06,0.117,354055
2014-05-05,-0.059,353641
2014-05-02,0.146,353848
2014-05-01,0.287,353330
2014-04-30,0.265,352317
2014-04-29,0.088,351388
2014-04-28,-0.147,351078
2014-04-25,0.137,351594
2014-04-24,-0.029,351112
2014-04-23,0.256,351215
2014-04-22,-0.039,350320
2014-04-21,-0.020,350458
2014-04-17,-0.567,350527
2014-04-16,-0.156,352524
2014-04-15,0.117,353075
2014-04-14,-0.156,352662
2014-04-11,0.205,353213
2014-04-10,0.422,352489
2014-04-09,-0.029,351009
2014-04-08,0.137,351112
2014-04-07,0.236,350630
2014-04-04,0.614,349803
2014-04-03,0.069,347668
2014-04-02,-0.434,347427
2014-04-01,-0.207,348943
2014-03-31,0.010,349666
2014-03-28,-0.353,349631
2014-03-27,0.098,350869
2014-03-26,0.423,350525
2014-03-25,-0.059,349047
2014-03-24,0.039,349253
2014-03-21,0.187,349116
2014-03-20,0.020,348463
2014-03-19,-0.929,348394
2014-03-18,0.245,351659
2014-03-17,-0.400,350800
2014-03-14,0.010,352209
2014-03-13,0.589,352175
2014-03-12,0.394,350113
2014-03-11,0.099,348738
2014-03-10,0.109,348394
2014-03-07,-0.433,348016
2014-03-06,-0.431,349528
2014-03-05,0.108,351041
2014-03-04,-0.768,350662
2014-03-03,0.494,353378
2014-02-28,-0.097,351642
2014-02-27,0.117,351985
2014-02-26,0.294,351574
2014-02-25,0.344,350544
2014-02-24,-0.098,349343
2014-02-21,0.128,349686
2014-02-20,-0.108,349240
2014-02-19,-0.196,349617
2014-02-18,0.246,350304
2014-02-14,-0.069,349446
2014-02-13,0.473,349686
2014-02-12,-0.236,348039
2014-02-11,-0.441,348863
2014-02-10,0.049,350407
2014-02-07,0.265,350235
2014-02-06,-0.186,349309
2014-02-05,-0.362,349961
2014-02-04,-0.302,351230
2014-02-03,0.543,352294
2014-01-31,0.393,350392
2014-01-30,-0.098,349022
2014-01-29,0.473,349364
2014-01-28,0.148,347720
2014-01-27,-0.305,347206
2014-01-24,0.405,348268
2014-01-23,0.676,346863
2014-01-22,-0.278,344534
2014-01-21,-0.109,345493
2014-01-17,0.238,345870
2014-01-16,0.279,345048
2014-01-15,-0.090,344089
2014-01-14,-0.377,344397
2014-01-13,0.288,345699
2014-01-10,0.842,344705
2014-01-09,0.261,341827
2014-01-08,-0.490,340937
2014-01-07,0.160,342615
2014-01-06,0.281,342067
2014-01-03,-0.060,341108
2014-01-02,0.393,341314
2013-12-31,-0.451,339978
2013-12-30,0.272,341519
2013-12-27,-0.060,340594
2013-12-26,-0.086,340800
2013-12-24,-0.390,341095
2013-12-23,-0.319,342428
2013-12-20,0.310,343523
2013-12-19,-0.418,342463
2013-12-18,-0.376,343899
2013-12-17,0.318,345199
2013-12-16,-0.050,344104
2013-12-13,0.149,344275
2013-12-12,-0.288,343762
2013-12-11,-0.385,344754
2013-12-10,0.417,346088
2013-12-09,0.119,344652
2013-12-06,0.089,344241
2013-12-05,-0.248,343933
2013-12-04,-0.454,344788
2013-12-03,0.178,346362
2013-12-02,-0.429,345746
2013-11-29,-0.059,347234
2013-11-27,-0.226,347439
2013-11-26,0.216,348225
2013-11-25,0.079,347474
2013-11-22,0.286,347200
2013-11-21,0.089,346210
2013-11-20,-0.550,345903
2013-11-19,-0.372,347815
2013-11-18,0.353,349113
2013-11-15,-0.078,347883
2013-11-14,0.483,348156
2013-11-13,0.416,346483
2013-11-12,-0.089,345049
2013-11-11,-0.049,345356
2013-11-08,-1.124,345527
2013-11-07,0.265,349454
2013-11-06,0.305,348532
2013-11-05,-0.450,347474
2013-11-04,0.196,349044
2013-11-01,-0.553,348361
2013-10-31,-0.117,350300
2013-10-30,-0.262,350709
2013-10-29,0.136,351629
2013-10-28,-0.097,351152
2013-10-25,0.175,351493
2013-10-24,-0.204,350879
2013-10-23,0.175,351595
2013-10-22,0.694,350981
2013-10-21,-0.068,348561
2013-10-18,0.010,348800
2013-10-17,0.570,348765
2013-10-16,0.484,346788
2013-10-15,0.020,345118
2013-10-14,-0.335,345049
2013-10-11,0.148,346209
2013-10-10,-0.216,345697
2013-10-09,-0.177,346447
2013-10-08,-0.049,347061
2013-10-07,0.088,347231
2013-10-04,-0.274,346924
2013-10-03,0.137,347879
2013-10-02,0.167,347402
2013-10-01,-0.222,346822
2013-09-30,0.167,347594
2013-09-27,0.138,347015
2013-09-26,-0.216,346539
2013-09-25,0.275,347287
2013-09-24,0.365,346334
2013-09-23,0.376,345075
2013-09-20,0.099,343781
2013-09-19,-0.346,343441
2013-09-18,1.240,344632
2013-09-17,0.200,340411
2013-09-16,0.221,339730
2013-09-13,0.131,338981
2013-09-12,0.010,338539
2013-09-11,0.505,338505
2013-09-10,-0.463,336803
2013-09-09,0.202,338369
2013-09-06,0.609,337688
2013-09-05,-0.765,335645
2013-09-04,-0.331,338233
2013-09-03,-0.567,339356
2013-08-30,-0.189,341290
2013-08-29,0.100,341936
2013-08-28,-0.406,341596
2013-08-27,0.568,342990
2013-08-26,0.200,341052
2013-08-23,0.562,340373
2013-08-22,-0.040,338469
2013-08-21,-0.628,338605
2013-08-20,0.542,340746
2013-08-19,-0.429,338911
2013-08-16,-0.388,340373
2013-08-15,-0.554,341698
2013-08-14,0.089,343602
2013-08-13,-0.903,343296
2013-08-12,-0.196,346423
2013-08-09,0.069,347103
2013-08-08,0.147,346865
2013-08-07,0.364,346355
2013-08-06,0.030,345097
2013-08-05,-0.314,344995
2013-08-02,0.852,346083
2013-08-01,-0.882,343160
2013-07-31,0.069,346212
2013-07-30,-0.029,345974
2013-07-29,-0.206,346076
2013-07-26,0.088,346789
2013-07-25,0.147,346484
2013-07-24,-0.672,345974
2013-07-23,-0.117,348316
2013-07-22,-0.010,348724
2013-07-19,0.548,348758
2013-07-18,-0.468,346857
2013-07-17,0.440,348486
2013-07-16,0.049,346959
2013-07-15,0.314,346789
2013-07-12,-0.078,345703
2013-07-11,1.001,345974
2013-07-10,-0.355,342546
2013-07-09,0.168,343768
2013-07-08,0.587,343191
2013-07-05,-1.682,341189
2013-07-03,-0.195,347027
2013-07-02,0.039,347705
2013-07-01,0.038,347570
2013-06-28,-0.117,347437
2013-06-27,0.539,347843
2013-06-26,0.403,345979
2013-06-25,-0.118,344589
2013-06-24,-0.245,344996
2013-06-21,-1.057,345843
2013-06-20,-0.454,349538
2013-06-19,-1.371,351131
2013-06-18,-0.057,356012
2013-06-17,-0.237,356216
2013-06-14,0.133,357063
2013-06-13,0.757,356589
2013-06-12,-0.448,353911
2013-06-11,0.249,355504
2013-06-10,-0.248,354623
2013-06-07,-0.776,355504
2013-06-06,0.123,358283
2013-06-05,0.485,357843
2013-06-04,-0.256,356114
2013-06-03,0.144,357029
2013-05-31,-0.275,356516
2013-05-30,0.009,357498
2013-05-29,0.409,357464
2013-05-28,-1.175,356008
2013-05-24,0.038,360240
2013-05-23,0.104,360104
2013-05-22,-0.794,359732
2013-05-21,0.262,362609
2013-05-20,-0.075,361661
2013-05-17,-0.540,361932
2013-05-16,0.477,363896
2013-05-15,0.262,362169
2013-05-14,-0.401,361221
2013-05-13,-0.177,362677
2013-05-10,-0.565,363320
2013-05-09,-0.019,365385
2013-05-08,0.121,365453
2013-05-07,-0.139,365013
2013-05-06,-0.129,365520
2013-05-03,-0.853,365994
2013-05-02,0.000,369142
2013-05-01,0.326,369142
2013-04-30,-0.018,367942
2013-04-29,-0.037,368010
2013-04-26,0.359,368145
2013-04-25,-0.110,366827
2013-04-24,0.046,367232
2013-04-23,-0.064,367063
2013-04-22,0.055,367300
2013-04-19,-0.055,367097
2013-04-18,0.055,367300
2013-04-17,0.185,367097
2013-04-16,-0.285,366421
2013-04-15,0.221,367469
2013-04-12,0.556,366658
2013-04-11,0.111,364629
2013-04-10,-0.416,364223
2013-04-09,0.037,365745
2013-04-08,-0.323,365610
2013-04-05,0.314,366793
2013-04-04,0.399,365643
2013-04-03,0.420,364190
2013-04-02,-0.195,362668
2013-04-01,0.265,363378
2013-03-28,-0.186,362417
2013-03-27,0.430,363093
2013-03-26,0.103,361539
2013-03-25,0.075,361168
2013-03-22,0.037,360898
2013-03-21,0.263,360763
2013-03-20,-0.383,359818
2013-03-19,0.309,361202
2013-03-18,0.329,360088
2013-03-15,0.349,358906
2013-03-14,0.028,357657
2013-03-13,-0.085,357555
2013-03-12,0.274,357859
2013-03-11,0.047,356880
2013-03-08,-0.509,356711
2013-03-07,-0.385,358535
2013-03-06,-0.318,359919
2013-03-05,-0.103,361067
2013-03-04,-0.233,361438
2013-03-01,0.249,362282
2013-02-28,0.140,361383
2013-02-27,-0.047,360877
2013-02-26,-0.186,361045
2013-02-25,0.770,361720
2013-02-22,0.122,358955
2013-02-21,0.198,358516
2013-02-20,0.217,357808
2013-02-19,-0.160,357032
2013-02-15,-0.094,357606
2013-02-14,0.426,357943
2013-02-13,-0.349,356425
2013-02-12,-0.104,357673
2013-02-11,-0.104,358044
2013-02-08,0.075,358415
2013-02-07,0.047,358145
2013-02-06,0.302,357977
2013-02-05,-0.358,356897
2013-02-04,0.578,358179
2013-02-01,-0.339,356122
2013-01-31,0.085,357334
2013-01-30,0.057,357031
2013-01-29,-0.151,356829
2013-01-28,-0.207,357368
2013-01-25,-0.663,358109
2013-01-24,-0.168,360500
2013-01-23,0.047,361106
2013-01-22,0.084,360938
2013-01-18,0.281,360635
2013-01-17,-0.457,359624
2013-01-16,0.131,361274
2013-01-15,0.243,360803
2013-01-14,-0.037,359927
2013-01-11,0.319,360062
2013-01-10,-0.290,358917
2013-01-09,0.056,359961
2013-01-08,0.244,359759
2013-01-07,0.056,358883
2013-01-04,0.047,358681
2013-01-03,-0.514,358513
2013-01-02,-0.456,360365
2012-12-31,-0.527,362015
2012-12-28,0.232,363935
2012-12-27,0.204,363093
2012-12-26,0.205,362352
2012-12-24,-0.102,361610
2012-12-21,0.270,361980
2012-12-20,0.065,361005
2012-12-19,0.140,360769
2012-12-18,-0.391,360265
2012-12-17,-0.527,361678
2012-12-14,0.222,363595
2012-12-13,-0.194,362787
2012-12-12,-0.424,363494
2012-12-11,-0.193,365041
2012-12-10,0.092,365747
2012-12-07,-0.285,365411
2012-12-06,0.055,366453
2012-12-05,0.083,366251
2012-12-04,0.175,365949
2012-12-03,-0.040,365310
2012-11-30,-0.018,365455
2012-11-29,0.101,365522
2012-11-28,0.129,365153
2012-11-27,0.231,364682
2012-11-26,0.166,363843
2012-11-23,-0.055,363238
2012-11-21,-0.148,363440
2012-11-20,-0.414,363977
2012-11-19,-0.202,365489
2012-11-16,0.064,366227
2012-11-15,-0.046,365992
2012-11-14,0.028,366160
2012-11-13,0.119,366060
2012-11-12,0.064,365623
2012-11-09,0.009,365388
2012-11-08,0.443,365354
2012-11-07,0.838,363742
2012-11-06,-0.454,360719
2012-11-05,0.242,362365
2012-11-02,0.084,361491
2012-11-01,-0.199,361189
2012-10-31,0.409,361909
2012-10-26,0.637,360433
2012-10-25,-0.364,358152
2012-10-24,-0.214,359461
2012-10-23,0.477,360232
2012-10-22,-0.336,358521
2012-10-19,0.421,359729
2012-10-18,-0.178,358219
2012-10-17,-0.632,358857
2012-10-16,-0.471,361138
2012-10-15,0.028,362849
2012-10-12,0.009,362748
2012-10-11,0.093,362714
2012-10-10,0.241,362379
2012-10-09,-0.204,361507
2012-10-08,0.325,362245
2012-10-05,-0.453,361071
2012-10-04,-0.396,362714
2012-10-03,0.101,364157
2012-10-02,-0.065,363788
2012-10-01,0.186,364023
2012-09-28,0.000,363348
2012-09-27,-0.212,363348
2012-09-26,0.416,364119
2012-09-25,0.371,362611
2012-09-24,0.223,361271
2012-09-21,0.214,360467
2012-09-20,0.056,359697
2012-09-19,0.234,359496
2012-09-18,0.253,358658
2012-09-17,0.206,357754
2012-09-14,-0.939,357017
2012-09-13,0.289,360400
2012-09-12,-0.492,359362
2012-09-11,-0.185,361137
2012-09-10,0.046,361807
2012-09-07,0.130,361640
2012-09-06,-0.682,361171
2012-09-05,-0.037,363650
2012-09-04,-0.229,363784
2012-08-31,0.646,364618
2012-08-30,0.185,362276
2012-08-29,-0.065,361607
2012-08-28,0.037,361841
2012-08-27,0.260,361707
2012-08-24,-0.046,360770
2012-08-23,0.176,360938
2012-08-22,0.777,360302
2012-08-21,0.084,357525
2012-08-20,0.056,357224
2012-08-17,0.122,357023
2012-08-16,-0.243,356589
2012-08-15,-0.503,357458
2012-08-14,-0.491,359265
2012-08-13,-0.065,361038
2012-08-10,0.288,361272
2012-08-09,-0.074,360235
2012-08-08,-0.139,360503
2012-08-07,-0.525,361004
2012-08-06,0.065,362911
2012-08-03,-0.523,362677
2012-08-02,0.239,364584
2012-08-01,-0.364,363714
2012-07-31,0.174,365043
2012-07-30,0.322,364408
2012-07-27,-0.721,363239
2012-07-26,-0.309,365878
2012-07-25,0.055,367014
2012-07-24,0.192,366814
2012-07-23,0.165,366112
2012-07-20,0.395,365511
2012-07-19,-0.147,364074
2012-07-18,0.101,364609
2012-07-17,-0.256,364241
2012-07-16,0.220,365177
2012-07-13,-0.082,364375
2012-07-12,0.230,364676
2012-07-11,-0.092,363841
2012-07-10,0.046,364175
2012-07-09,0.276,364008
2012-07-06,0.351,363005
2012-07-05,0.269,361736
2012-07-03,-0.249,360767
2012-07-02,0.463,361669
2012-06-29,-0.461,360001
2012-06-28,0.324,361669
2012-06-27,0.139,360501
2012-06-26,-0.222,360001
2012-06-25,0.548,360802
2012-06-22,-0.435,358834
2012-06-21,0.213,360401
2012-06-20,-0.204,359634
2012-06-19,-0.341,360368
2012-06-18,-0.028,361602
2012-06-15,0.463,361702
2012-06-14,-0.268,360034
2012-06-13,0.529,361002
2012-06-12,-0.536,359101
2012-06-11,0.269,361035
2012-06-08,0.074,360068
2012-06-07,0.242,359801
2012-06-06,-0.655,358934
2012-06-05,-0.331,361302
2012-06-04,-0.576,362503
2012-06-01,0.857,364604
2012-05-31,0.388,361504
2012-05-30,0.952,360106
2012-05-29,-0.084,356709
2012-05-25,0.290,357009
2012-05-24,-0.215,355976
2012-05-23,0.262,356742
2012-05-22,-0.215,355810
2012-05-21,-0.261,356576
2012-05-18,-0.065,357508
2012-05-17,0.374,357741
2012-05-16,0.075,356409
2012-05-15,0.028,356143
2012-05-14,0.442,356043
2012-05-11,0.330,354478
2012-05-10,-0.141,353312
2012-05-09,0.085,353811
2012-05-08,0.227,353512
2012-05-07,-0.028,352712
2012-05-04,0.398,352812
2012-05-03,-0.009,351414
2012-05-02,0.190,351447
2012-05-01,-0.181,350781
2012-04-30,0.085,351418
2012-04-27,0.104,351119
2012-04-26,0.333,350753
2012-04-25,-0.123,349590
2012-04-24,-0.256,350022
2012-04-23,0.199,350920
2012-04-20,0.009,350221
2012-04-19,0.114,350188
2012-04-18,0.200,349789
2012-04-17,-0.105,349091
2012-04-16,-0.029,349457
2012-04-13,0.603,349556
2012-04-12,-0.201,347462
2012-04-11,-0.390,348160
2012-04-10,0.468,349523
2012-04-09,1.023,347894
2012-04-05,0.446,344369
2012-04-04,0.507,342840
2012-04-03,-0.735,341111
2012-04-02,0.239,343638
2012-03-30,-0.491,342817
2012-03-29,0.416,344510
2012-03-28,-0.174,343083
2012-03-27,0.554,343680
2012-03-26,-0.116,341788
2012-03-23,0.370,342186
2012-03-22,0.127,340925
2012-03-21,0.510,340494
2012-03-20,0.049,338768
2012-03-19,-0.614,338602
2012-03-16,-0.029,340693
2012-03-15,-0.029,340792
2012-03-14,-1.145,340892
2012-03-13,-0.717,344842
2012-03-12,-0.029,347331
2012-03-09,-0.076,347431
2012-03-08,-0.295,347696
2012-03-07,-0.190,348725
2012-03-06,0.420,349389
2012-03-05,-0.200,347929
2012-03-02,0.401,348626
2012-03-01,-0.324,347232
2012-02-29,-0.398,348360
2012-02-28,0.047,349752
2012-02-27,0.333,349586
2012-02-24,0.076,348426
2012-02-23,0.143,348161
2012-02-22,0.392,347664
2012-02-21,-0.362,346305
2012-02-17,-0.105,347564
2012-02-16,-0.455,347929
2012-02-15,0.076,349520
2012-02-14,0.209,349255
2012-02-13,-0.067,348525
2012-02-10,0.564,348757
2012-02-09,-0.229,346802
2012-02-08,0.048,347598
2012-02-07,-0.644,347432
2012-02-06,0.276,349685
2012-02-03,-0.792,348724
2012-02-02,0.142,351508
2012-02-01,-0.347,351011
2012-01-31,0.377,352232
2012-01-30,0.341,350909
2012-01-27,0.304,349718
2012-01-26,0.534,348660
2012-01-25,0.479,346807
2012-01-24,0.115,345153
2012-01-23,-0.220,344756
2012-01-20,-0.343,345517
2012-01-19,-0.597,346708
2012-01-18,-0.312,348792
2012-01-17,0.095,349883
2012-01-13,0.447,349553
2012-01-12,-0.209,347998
2012-01-11,0.582,348726
2012-01-10,-0.200,346708
2012-01-09,0.019,347403
2012-01-06,0.392,347336
2012-01-05,0.019,345980
2012-01-04,-0.315,345914
2012-01-03,-0.635,347006
2011-12-30,0.352,349222
2011-12-29,0.124,347998
2011-12-28,0.632,347568
2011-12-27,0.057,345385
2011-12-23,-0.410,345189
2011-12-22,0.124,346609
2011-12-21,-0.323,346179
2011-12-20,-0.904,347302
2011-12-19,0.340,350472
2011-12-16,0.484,349283
2011-12-15,-0.085,347599
2011-12-14,0.419,347896
2011-12-13,0.460,346444
2011-12-12,0.346,344859
2011-12-09,-0.687,343670
2011-12-08,0.508,346047
2011-12-07,0.453,344297
2011-12-06,-0.259,342745
2011-12-05,-0.058,343637
2011-12-02,0.444,343835
2011-12-01,-0.029,342316
2011-11-30,-0.584,342414
2011-11-29,-0.191,344424
2011-11-28,0.010,345084
2011-11-25,-0.636,345051
2011-11-23,0.343,347259
2011-11-22,0.306,346072
2011-11-21,0.278,345018
2011-11-18,-0.372,344062
2011-11-17,0.201,345347
2011-11-16,0.365,344655
2011-11-15,-0.134,343403
2011-11-14,0.627,343864
2011-11-11,-0.461,341722
2011-11-10,-0.487,343304
2011-11-09,0.887,344985
2011-11-08,-0.451,341953
2011-11-07,0.115,343502
2011-11-04,0.299,343106
2011-11-03,-0.470,342085
2011-11-02,-0.239,343699
2011-11-01,1.197,344523
2011-10-31,1.341,340447
2011-10-28,0.601,335941
2011-10-27,-1.207,333935
2011-10-26,-0.734,338013
2011-10-25,0.857,340513
2011-10-24,-0.049,337619
2011-10-21,-0.185,337783
2011-10-20,-0.204,338408
2011-10-19,0.155,339099
2011-10-18,-0.107,338573
2011-10-17,0.654,338934
2011-10-14,-0.496,336731
2011-10-13,0.400,338408
2011-10-12,-0.340,337060
2011-10-11,0.332,338211
2011-10-10,-1.052,337092
2011-10-07,-0.519,340678
2011-10-06,-0.696,342454
2011-10-05,-0.418,344855
2011-10-04,-0.510,346302
2011-10-03,0.925,348078
2011-09-30,0.632,344889
2011-09-29,0.000,342723
2011-09-28,0.019,342723
2011-09-27,-0.666,342657
2011-09-26,-0.417,344955
2011-09-23,-0.827,346399
2011-09-22,0.930,349288
2011-09-21,0.429,346071
2011-09-20,0.134,344594
2011-09-19,0.817,344134
2011-09-16,0.193,341344
2011-09-15,-0.746,340688
2011-09-14,0.057,343248
2011-09-13,-0.296,343051
2011-09-12,-0.304,344069
2011-09-09,0.487,345119
2011-09-08,0.490,343445
2011-09-07,-0.535,341771
2011-09-06,0.134,343609
2011-09-02,0.917,343150
2011-09-01,0.795,340031
2011-08-31,-0.358,337349
2011-08-30,0.692,338560
2011-08-29,-0.658,336235
2011-08-26,0.320,338462
2011-08-25,0.615,337381
2011-08-24,-1.073,335318
2011-08-23,-0.404,338953
2011-08-22,-0.183,340329
2011-08-19,0.106,340951
2011-08-18,0.522,340591
2011-08-17,0.701,338822
2011-08-16,0.460,336464
2011-08-15,-0.370,334925
2011-08-12,0.697,336169
2011-08-11,-1.469,333844
2011-08-10,1.322,338822
2011-08-09,0.581,334401
2011-08-08,1.591,332468
2011-08-05,-1.157,327261
2011-08-04,1.323,331093
2011-08-03,0.080,326770
2011-08-02,0.921,326508
2011-08-01,0.363,323527
2011-07-29,1.211,322357
2011-07-28,0.195,318501
2011-07-27,-0.164,317880
2011-07-26,0.423,318403
2011-07-25,-0.318,317064
2011-07-22,0.382,318077
2011-07-21,-0.554,316868
2011-07-20,-0.490,318632
2011-07-19,0.379,320200
2011-07-18,-0.061,318991
2011-07-15,0.411,319187
2011-07-14,-0.572,317880
2011-07-13,0.164,319710
2011-07-12,0.144,319187
2011-07-11,0.764,318730
2011-07-08,1.065,316312
2011-07-07,-0.385,312979
2011-07-06,0.177,314188
2011-07-05,0.629,313633
2011-07-01,-0.250,311673
2011-06-30,-0.343,312453
2011-06-29,-0.599,313528
2011-06-28,-0.921,315419
2011-06-27,-0.388,318352
2011-06-24,0.420,319591
2011-06-23,0.525,318255
2011-06-22,-0.041,316592
2011-06-21,-0.134,316723
2011-06-20,-0.154,317146
2011-06-17,-0.072,317635
2011-06-16,0.278,317863
2011-06-15,1.081,316983
2011-06-14,-0.794,313594
2011-06-13,-0.216,316103
2011-06-10,0.320,316788
2011-06-09,-0.401,315777
2011-06-08,0.216,317049
2011-06-07,0.186,316364
2011-06-06,-0.062,315777
2011-06-03,0.394,315973
2011-06-02,-0.597,314734
2011-06-01,0.822,316625
2011-05-31,0.156,314042
2011-05-27,-0.010,313554
2011-05-26,0.553,313587
2011-05-25,0.010,311864
2011-05-24,0.104,311831
2011-05-23,0.136,311506
2011-05-20,0.241,311083
2011-05-19,0.105,310335
2011-05-18,-0.574,310010
2011-05-17,0.293,311799
2011-05-16,0.241,310888
2011-05-13,0.389,310140
2011-05-12,-0.221,308937
2011-05-11,0.358,309620
2011-05-10,-0.482,308515
2011-05-09,0.147,310010
2011-05-06,0.053,309555
2011-05-05,0.496,309393
2011-05-04,0.254,307864
2011-05-03,0.265,307084
2011-05-02,-0.030,306271
2011-04-29,0.202,306364
2011-04-28,0.383,305748
2011-04-27,-0.287,304580
2011-04-26,0.426,305456
2011-04-25,0.353,304159
2011-04-21,0.075,303089
2011-04-20,-0.395,302862
2011-04-19,0.128,304062
2011-04-18,0.246,303672
2011-04-15,0.733,302927
2011-04-14,-0.333,300721
2011-04-13,0.388,301727
2011-04-12,0.564,300559
2011-04-11,0.130,298873
2011-04-08,-0.292,298484
2011-04-07,0.011,299359
2011-04-06,-0.431,299327
2011-04-05,-0.504,300624
2011-04-04,0.226,302148
2011-04-01,0.213,301467
2011-03-31,-0.257,300826
2011-03-30,0.344,301602
2011-03-29,-0.290,300567
2011-03-28,0.032,301440
2011-03-25,-0.268,301343
2011-03-24,-0.511,302152
2011-03-23,-0.128,303705
2011-03-22,0.053,304093
2011-03-21,-0.519,303931
2011-03-18,-0.063,305516
2011-03-17,-0.306,305710
2011-03-16,0.851,306648
2011-03-15,0.363,304060
2011-03-14,0.225,302961
2011-03-11,-0.235,302281
2011-03-10,0.850,302993
2011-03-09,0.585,300438
2011-03-08,-0.238,298691
2011-03-07,-0.248,299403
2011-03-04,0.716,300147
2011-03-03,-0.679,298012
2011-03-02,-0.525,300050
2011-03-01,0.114,301635
2011-02-28,-0.043,301291
2011-02-25,0.322,301420
2011-02-24,0.258,300452
2011-02-23,-0.247,299678
2011-02-22,0.965,300420
2011-02-18,-0.022,297548
2011-02-17,0.370,297612
2011-02-16,-0.141,296515
2011-02-15,0.229,296935
2011-02-14,0.033,296257
2011-02-11,0.460,296160
2011-02-10,-0.327,294805
2011-02-09,0.571,295773
2011-02-08,-0.686,294095
2011-02-07,-0.044,296128
2011-02-04,-0.617,296257
2011-02-03,-0.570,298096
2011-02-02,-0.236,299807
2011-02-01,-0.463,300517
2011-01-31,-0.393,301916
2011-01-28,0.459,303106
2011-01-27,0.375,301722
2011-01-26,-0.607,300596
2011-01-25,0.503,302431
2011-01-24,0.011,300918
2011-01-21,0.333,300886
2011-01-20,-0.777,299888
2011-01-19,0.256,302237
2011-01-18,-0.245,301465
2011-01-14,-0.276,302205
2011-01-13,0.674,303042
2011-01-12,-0.288,301014
2011-01-11,-0.393,301883
2011-01-10,0.341,303074
2011-01-07,0.665,302044
2011-01-06,0.518,300049
2011-01-05,-1.077,298504
2011-01-04,0.235,301755
2011-01-03,-0.309,301046
2010-12-31,0.503,301980
2010-12-30,-0.203,300467
2010-12-29,1.124,301079
2010-12-28,-1.047,297731
2010-12-27,0.386,300882
2010-12-23,-0.352,299727
2010-12-22,-0.277,300786
2010-12-21,0.213,301621
2010-12-20,-0.011,300979
2010-12-17,0.860,301011
2010-12-16,0.595,298443
2010-12-15,-0.409,296677
2010-12-14,-1.056,297897
2010-12-13,0.321,301075
2010-12-10,-0.848,300112
2010-12-09,0.213,302680
2010-12-08,-0.854,302038
2010-12-07,-1.658,304638
2010-12-06,0.626,309774
2010-12-03,0.010,307848
2010-12-02,-0.250,307816
2010-12-01,-1.311,308587
2010-11-30,0.174,312687
2010-11-29,0.216,312143
2010-11-26,0.434,311470
2010-11-24,-1.073,310126
2010-11-23,0.205,313488
2010-11-22,0.535,312847
2010-11-19,0.206,311182
2010-11-18,-0.237,310542
2010-11-17,-0.287,311278
2010-11-16,0.744,312175
2010-11-15,-1.285,309869
2010-11-12,-0.830,313904
2010-11-11,-0.111,316530
2010-11-10,0.375,316882
2010-11-09,-0.845,315697
2010-11-08,0.030,318387
2010-11-05,-0.421,318291
2010-11-04,0.808,319636
2010-11-03,0.324,317074
2010-11-02,0.335,316049
2010-11-01,-0.167,314993
2010-10-29,0.447,315521
2010-10-28,0.583,314115
2010-10-27,-0.580,312294
2010-10-26,-0.667,314115
2010-10-25,-0.030,316224
2010-10-22,0.030,316320
2010-10-21,-0.553,316224
2010-10-20,-0.060,317981
2010-10-19,0.343,318172
2010-10-18,0.476,317086
2010-10-15,-0.433,315585
2010-10-14,-0.571,316958
2010-10-13,0.000,318779
2010-10-12,-0.290,318779
2010-10-11,0.100,319706
2010-10-08,0.040,319386
2010-10-07,0.100,319259
2010-10-06,0.645,318939
2010-10-05,0.020,316895
2010-10-04,0.354,316831
2010-10-01,0.054,315713
2010-09-30,-0.121,315543
2010-09-29,-0.242,315925
2010-09-28,0.333,316690
2010-09-27,0.773,315638
2010-09-24,-0.496,313216
2010-09-23,0.142,314778
2010-09-22,0.152,314332
2010-09-21,0.933,313853
2010-09-20,0.308,310953
2010-09-17,0.227,309997
2010-09-16,-0.349,309296
2010-09-15,-0.348,310380
2010-09-14,0.504,311463
2010-09-13,0.475,309902
2010-09-10,-0.288,308436
2010-09-09,-0.787,309328
2010-09-08,-0.275,311782
2010-09-07,0.791,312642
2010-09-03,-0.572,310188
2010-09-02,-0.417,311973
2010-09-01,-0.718,313280
2010-08-31,0.445,315546
2010-08-30,0.765,314147
2010-08-27,-1.149,311763
2010-08-26,0.456,315387
2010-08-25,-0.454,313956
2010-08-24,0.792,315387
2010-08-23,0.132,312907
2010-08-20,-0.324,312494
2010-08-19,0.448,313511
2010-08-18,-0.102,312113
2010-08-17,-0.506,312430
2010-08-16,0.724,314020
2010-08-13,0.430,311763
2010-08-12,-0.255,310428
2010-08-11,0.565,311222
2010-08-10,0.506,309474
2010-08-09,-0.021,307916
2010-08-06,0.655,307980
2010-08-05,0.480,305977
2010-08-04,-0.416,304515
2010-08-03,0.470,305786
2010-08-02,-0.308,304356
2010-07-30,0.585,305297
2010-07-29,0.209,303521
2010-07-28,0.431,302887
2010-07-27,-0.346,301587
2010-07-26,-0.031,302633
2010-07-23,-0.324,302728
2010-07-22,-0.550,303711
2010-07-21,0.637,305392
2010-07-20,0.105,303458
2010-07-19,-0.261,303141
2010-07-16,0.577,303933
2010-07-15,0.517,302189
2010-07-14,0.498,300636
2010-07-13,-0.496,299146
2010-07-12,0.169,300636
2010-07-09,-0.263,300129
2010-07-08,-0.242,300921
2010-07-07,-0.314,301650
2010-07-06,0.242,302602
2010-07-02,-0.178,301872
2010-07-01,-0.044,302411
2010-06-30,0.147,302543
2010-06-29,0.431,302101
2010-06-28,0.709,300804
2010-06-25,0.159,298685
2010-06-24,-0.085,298211
2010-06-23,0.372,298464
2010-06-22,0.599,297357
2010-06-21,-0.075,295586
2010-06-18,-0.203,295808
2010-06-17,0.472,296408
2010-06-16,0.279,295017
2010-06-15,-0.311,294195
2010-06-14,-0.086,295112
2010-06-11,0.636,295365
2010-06-10,-0.929,293499
2010-06-09,0.011,296250
2010-06-08,-0.309,296219
2010-06-07,0.406,297136
2010-06-04,1.387,295934
2010-06-03,-0.141,291886
2010-06-02,-0.570,292297
2010-06-01,0.129,293973
2010-05-28,0.453,293596
2010-05-27,-0.951,292271
2010-05-26,-0.203,295078
2010-05-25,0.342,295677
2010-05-24,0.000,294668
2010-05-21,0.054,294668
2010-05-20,0.973,294510
2010-05-19,0.087,291672
2010-05-18,0.730,291420
2010-05-17,-0.218,289307
2010-05-14,0.646,289937
2010-05-13,0.274,288077
2010-05-12,-0.252,287288
2010-05-11,0.121,288014
2010-05-10,-0.762,287667
2010-05-07,-0.271,289874
2010-05-06,1.097,290663
2010-05-05,0.385,287509
2010-05-04,0.676,286405
2010-05-03,-0.261,284482
2010-04-30,0.610,285226
2010-04-29,0.167,283497
2010-04-28,-0.508,283025
2010-04-27,0.937,284471
2010-04-26,0.067,281830
2010-04-23,-0.278,281642
2010-04-22,-0.233,282428
2010-04-21,0.323,283088
2010-04-20,0.045,282176
2010-04-19,-0.245,282050
2010-04-16,0.604,282742
2010-04-15,0.168,281044
2010-04-14,-0.268,280573
2010-04-13,0.190,281327
2010-04-12,0.269,280793
2010-04-09,0.112,280038
2010-04-08,-0.112,279724
2010-04-07,0.621,280038
2010-04-06,0.295,278309
2010-04-05,-0.898,277492
2010-04-01,-0.207,280007
2010-03-31,0.235,280587
2010-03-30,0.101,279929
2010-03-29,-0.146,279646
2010-03-26,0.236,280054
2010-03-25,-0.369,279396
2010-03-24,-0.996,280430
2010-03-23,-0.210,283252
2010-03-22,0.332,283847
2010-03-19,-0.133,282907
2010-03-18,-0.265,283283
2010-03-17,0.122,284036
2010-03-16,0.388,283691
2010-03-15,0.000,282593
2010-03-12,0.156,282593
2010-03-11,-0.089,282154
2010-03-10,-0.166,282405
2010-03-09,0.256,282876
2010-03-08,-0.266,282154
2010-03-05,-0.474,282907
2010-03-04,0.177,284255
2010-03-03,-0.099,283753
2010-03-02,0.055,284036
2010-03-01,0.103,283879
2010-02-26,0.155,283586
2010-02-25,0.366,283149
2010-02-24,0.055,282117
2010-02-23,0.760,281960
2010-02-22,-0.078,279834
2010-02-19,0.056,280053
2010-02-18,-0.356,279897
2010-02-17,-0.531,280897
2010-02-16,0.222,282398
2010-02-12,0.234,281773
2010-02-11,-0.122,281116
2010-02-10,-0.277,281460
2010-02-09,-0.540,282242
2010-02-08,-0.088,283774
2010-02-05,0.320,284024
2010-02-04,0.824,283117
2010-02-03,-0.477,280804
2010-02-02,0.167,282148
2010-02-01,-0.342,281679
2010-01-29,0.387,282647
2010-01-28,-0.033,281556
2010-01-27,-0.232,281649
2010-01-26,0.199,282304
2010-01-25,-0.221,281743
2010-01-22,0.088,282366
2010-01-21,0.366,282117
2010-01-20,0.345,281089
2010-01-19,-0.178,280122
2010-01-15,0.446,280621
2010-01-14,0.471,279375
2010-01-13,-0.480,278066
2010-01-12,0.719,279406
2010-01-11,0.067,277411
2010-01-08,0.124,277224
2010-01-07,0.000,276882
2010-01-06,-0.404,276882
2010-01-05,0.439,278003
2010-01-04,0.248,276788
2009-12-31,-0.483,276102
2009-12-30,0.180,277442
2009-12-29,0.264,276944
2009-12-28,-0.270,276215
2009-12-24,-0.358,276962
2009-12-23,-0.045,277957
2009-12-22,-0.445,278082
2009-12-21,-1.025,279326
2009-12-18,-0.494,282219
2009-12-17,0.885,283618
2009-12-16,0.000,281130
2009-12-15,-0.320,281130
2009-12-14,0.000,282032
2009-12-11,-0.494,282032
2009-12-10,-0.339,283432
2009-12-09,-0.196,284396
2009-12-08,0.351,284956
2009-12-07,0.275,283961
2009-12-04,-0.741,283183
2009-12-03,-0.467,285298
2009-12-02,-0.206,286636
2009-12-01,-0.550,287227
2009-11-30,0.161,288816
2009-11-27,0.454,288351
2009-11-25,0.336,287047
2009-11-24,0.512,286085
2009-11-23,-0.142,284626
2009-11-20,-0.011,285030
2009-11-19,0.120,285061
2009-11-18,-0.250,284719
2009-11-17,0.218,285433
2009-11-16,0.537,284812
2009-11-13,0.077,283292
2009-11-12,0.033,283075
2009-11-11,0.286,282981
2009-11-10,0.077,282174
2009-11-09,0.044,281957
2009-11-06,0.298,281833
2009-11-05,0.022,280995
2009-11-04,-0.275,280933
2009-11-03,-0.231,281709
2009-11-02,-0.261,282361
2009-10-30,0.745,283100
2009-10-29,-0.480,281007
2009-10-28,0.306,282361
2009-10-27,0.860,281499
2009-10-26,-0.570,279099
2009-10-23,-0.491,280699
2009-10-22,-0.294,282084
2009-10-21,-0.228,282915
2009-10-20,0.228,283561
2009-10-19,0.153,282915
2009-10-16,0.460,282484
2009-10-15,-0.327,281192
2009-10-14,-0.683,282115
2009-10-13,0.228,284054
2009-10-12,0.294,283407
2009-10-09,-0.960,282576
2009-10-08,-0.365,285315
2009-10-07,0.638,286362
2009-10-06,-0.323,284546
2009-10-05,-0.011,285469
2009-10-02,-0.043,285500
2009-10-01,0.751,285623
2009-09-30,0.076,283495
2009-09-29,-0.043,283280
2009-09-28,0.174,283403
2009-09-25,0.403,282912
2009-09-24,0.273,281776
2009-09-23,0.219,281009
2009-09-22,0.263,280395
2009-09-21,-0.066,279659
2009-09-18,-0.535,279843
2009-09-17,0.493,281347
2009-09-16,-0.077,279966
2009-09-15,-0.208,280180
2009-09-14,-0.587,280764
2009-09-11,0.294,282421
2009-09-10,0.747,281592
2009-09-09,0.088,279505
2009-09-08,-0.230,279260
2009-09-04,-0.599,279904
2009-09-03,-0.358,281592
2009-09-02,0.546,282605
2009-09-01,0.259,281070
2009-08-31,0.296,280344
2009-08-28,0.230,279517
2009-08-27,-0.274,278875
2009-08-26,0.132,279640
2009-08-25,0.264,279272
2009-08-24,0.619,278538
2009-08-21,-1.018,276824
2009-08-20,0.263,279670
2009-08-19,0.374,278936
2009-08-18,-0.351,277895
2009-08-17,0.685,278875
2009-08-14,0.310,276977
2009-08-13,0.782,276120
2009-08-12,-0.278,273978
2009-08-11,0.695,274743
2009-08-10,0.643,272845
2009-08-07,-0.662,271101
2009-08-06,0.000,272907
2009-08-05,-0.569,272907
2009-08-04,-0.289,274467
2009-08-03,-1.060,275263
2009-07-31,1.008,278211
2009-07-30,0.400,275434
2009-07-29,0.067,274336
2009-07-28,0.201,274153
2009-07-27,-0.466,273603
2009-07-24,0.211,274885
2009-07-23,-0.969,274305
2009-07-22,-0.591,276991
2009-07-21,1.118,278639
2009-07-20,0.367,275556
2009-07-17,-0.673,274549
2009-07-16,0.600,276411
2009-07-15,-1.294,274763
2009-07-14,-0.664,278364
2009-07-13,-0.358,280225
2009-07-10,0.622,281232
2009-07-09,-0.586,279493
2009-07-08,1.153,281141
2009-07-07,0.397,277937
2009-07-06,0.066,276838
2009-07-02,0.332,276655
2009-07-01,-0.064,275740
2009-06-30,-0.264,275917
2009-06-29,0.209,276648
2009-06-26,0.132,276069
2009-06-25,1.252,275704
2009-06-24,-0.379,272296
2009-06-23,0.324,273331
2009-06-22,0.539,272448
2009-06-19,0.463,270988
2009-06-18,-1.215,269740
2009-06-17,-0.267,273057
2009-06-16,0.559,273787
2009-06-15,0.449,272266
2009-06-12,0.530,271048
2009-06-11,0.682,269618
2009-06-10,-0.599,267792
2009-06-09,0.431,269405
2009-06-08,-0.508,268249
2009-06-05,-0.995,269618
2009-06-04,-1.160,272326
2009-06-03,0.611,275522
2009-06-02,0.334,273848
2009-06-01,-1.627,272935
2009-05-29,1.128,277449
2009-05-28,0.522,274354
2009-05-27,-1.132,272928
2009-05-26,-0.666,276053
2009-05-22,-0.586,277904
2009-05-21,-1.095,279542
2009-05-20,0.312,282637
2009-05-19,-0.140,281757
2009-05-18,-0.588,282151
2009-05-15,-0.245,283820
2009-05-14,0.011,284518
2009-05-13,0.461,284488
2009-05-12,-0.064,283183
2009-05-11,0.940,283365
2009-05-08,0.119,280726
2009-05-07,-0.837,280392
2009-05-06,0.043,282758
2009-05-05,-0.027,282637
2009-05-04,0.102,282713
2009-05-01,-0.320,282425
2009-04-30,-0.171,283331
2009-04-29,-0.541,283815
2009-04-28,-0.485,285358
2009-04-27,0.413,286749
2009-04-24,-0.390,285569
2009-04-23,-0.021,286688
2009-04-22,-0.242,286749
2009-04-21,-0.388,287445
2009-04-20,0.697,288564
2009-04-17,-0.806,286567
2009-04-16,-0.396,288897
2009-04-15,0.094,290046
2009-04-14,0.514,289774
2009-04-13,0.591,288292
2009-04-09,-0.588,286598
2009-04-08,0.496,288292
2009-04-07,0.254,286870
2009-04-06,-0.232,286144
2009-04-03,-1.147,286809
2009-04-02,-0.653,290137
2009-04-01,0.245,292042
2009-03-31,0.176,291330
2009-03-30,0.427,290817
2009-03-27,-0.062,289580
2009-03-26,0.261,289761
2009-03-25,-0.602,289007
2009-03-24,-0.145,290757
2009-03-23,-0.341,291179
2009-03-20,0.000,292174
2009-03-19,-0.340,292174
2009-03-18,3.426,293170
2009-03-17,-0.191,283458
2009-03-16,-0.565,284001
2009-03-13,-0.079,285614
2009-03-12,0.286,285840
2009-03-11,0.714,285026
2009-03-10,-0.730,283005
2009-03-09,0.042,285086
2009-03-06,-0.474,284966
2009-03-05,1.172,286323
2009-03-04,-0.509,283005
2009-03-03,-0.127,284453
2009-03-02,1.000,284815
2009-02-27,-0.085,281995
2009-02-26,-0.255,282235
2009-02-25,-0.906,282957
2009-02-24,-0.378,285544
2009-02-23,0.095,286627
2009-02-20,0.284,286357
2009-02-19,-0.555,285544
2009-02-18,-0.728,287139
2009-02-17,1.681,289245
2009-02-13,-0.787,284461
2009-02-12,-0.031,286718
2009-02-11,0.772,286808
2009-02-10,1.339,284612
2009-02-09,-0.203,280851
2009-02-06,-0.606,281423
2009-02-05,0.234,283138
2009-02-04,-0.509,282476
2009-02-03,-0.861,283920
2009-02-02,0.809,286387
2009-01-30,-0.042,284088
2009-01-29,-1.305,284208
2009-01-28,-0.639,287967
2009-01-27,0.656,289818
2009-01-26,-0.249,287928
2009-01-23,0.021,288648
2009-01-22,-0.661,288588
2009-01-21,-0.890,290508
2009-01-20,-0.153,293118
2009-01-16,-0.921,293568
2009-01-15,-0.081,296298
2009-01-14,0.560,296538
2009-01-13,0.071,294888
2009-01-12,0.625,294678
2009-01-09,0.463,292848
2009-01-08,0.268,291498
2009-01-07,0.021,290718
2009-01-06,-0.062,290658
2009-01-05,-0.175,290838
2009-01-02,-1.431,291348
2008-12-31,-1.104,295578
2008-12-30,0.141,298877
2008-12-29,0.220,298457
2008-12-26,0.535,297803
2008-12-24,-0.101,296219
2008-12-23,-0.050,296518
2008-12-22,-0.261,296667
2008-12-19,-0.330,297444
2008-12-18,0.676,298431
2008-12-17,0.680,296428
2008-12-16,1.588,294426
2008-12-15,0.217,289823
2008-12-12,0.280,289195
2008-12-11,0.605,288388
2008-12-10,-0.094,286655
2008-12-09,0.851,286924
2008-12-08,-0.377,284503
2008-12-05,-1.056,285579
2008-12-04,0.625,288627
2008-12-03,0.157,286834
2008-12-02,0.525,286386
2008-12-01,1.349,284891
2008-11-28,0.202,281100
2008-11-26,0.609,280534
2008-11-25,1.717,278836
2008-11-24,-0.937,274130
2008-11-21,-0.917,276721
2008-11-20,2.013,279283
2008-11-19,1.078,273772
2008-11-18,0.776,270853
2008-11-17,0.423,268767
2008-11-14,0.989,267635
2008-11-13,-0.725,265014
2008-11-12,0.618,266950
2008-11-11,0.372,265312
2008-11-10,0.102,264329
2008-11-07,-0.360,264060
2008-11-06,-0.303,265014
2008-11-05,0.530,265818
2008-11-04,1.197,264418
2008-11-03,0.159,261290
2008-10-31,-0.204,260874
2008-10-30,-0.766,261409
2008-10-29,0.147,263427
2008-10-28,-0.806,263041
2008-10-27,-0.056,265178
2008-10-24,-0.423,265327
2008-10-23,0.134,266455
2008-10-22,0.764,266098
2008-10-21,1.056,264080
2008-10-20,0.102,261320
2008-10-17,0.629,261053
2008-10-16,0.023,259420
2008-10-15,0.819,259361
2008-10-14,-0.471,257253
2008-10-13,-0.684,258470
2008-10-10,-1.172,260251
2008-10-09,-1.004,263338
2008-10-08,-1.278,266009
2008-10-07,-0.077,269453
2008-10-06,0.810,269660
2008-10-03,0.379,267494
2008-10-02,0.560,266484
2008-10-01,0.703,265000
2008-09-30,-1.320,263151
2008-09-29,1.395,266672
2008-09-26,-0.067,263004
2008-09-25,-0.303,263181
2008-09-24,0.258,263980
2008-09-23,0.000,263299
2008-09-22,-0.213,263299
2008-09-19,-1.784,263861
2008-09-18,-1.175,268653
2008-09-17,0.900,271848
2008-09-16,-0.285,269423
2008-09-15,1.919,270192
2008-09-12,-0.500,265104
2008-09-11,-0.177,266435
2008-09-10,-0.254,266908
2008-09-09,0.455,267589
2008-09-08,0.009,266376
2008-09-05,-0.219,266352
2008-09-04,0.501,266938
2008-09-03,0.246,265607
2008-09-02,0.543,264956
2008-08-29,-0.123,263525
2008-08-28,-0.145,263849
2008-08-27,0.145,264232
2008-08-26,0.034,263849
2008-08-25,0.664,263761
2008-08-22,-0.292,262021
2008-08-21,-0.213,262788
2008-08-20,0.292,263348
2008-08-19,-0.146,262581
2008-08-18,0.247,262965
2008-08-15,0.372,262316
2008-08-14,0.306,261343
2008-08-13,-0.215,260547
2008-08-12,0.694,261107
2008-08-11,-0.487,259309
2008-08-08,-0.045,260576
2008-08-07,0.936,260694
2008-08-06,0.034,258277
2008-08-05,-0.511,258188
2008-08-04,-0.068,259515
2008-08-01,0.050,259692
2008-07-31,0.799,259561
2008-07-30,0.194,257505
2008-07-29,-0.285,257005
2008-07-28,0.573,257740
2008-07-25,-0.581,256271
2008-07-24,0.862,257769
2008-07-23,-0.161,255566
2008-07-22,-0.343,255977
2008-07-21,0.229,256858
2008-07-18,-0.343,256271
2008-07-17,-0.478,257152
2008-07-16,-0.913,258386
2008-07-15,0.362,260766
2008-07-14,0.534,259826
2008-07-11,-0.935,258445
2008-07-10,0.034,260884
2008-07-09,0.475,260796
2008-07-08,0.250,259561
2008-07-07,0.467,258915
2008-07-03,0.034,257710
2008-07-02,0.240,257622
2008-07-01,-0.271,257005
2008-06-30,0.068,257703
2008-06-27,0.491,257527
2008-06-26,0.563,256268
2008-06-25,-0.011,254833
2008-06-24,0.531,254862
2008-06-23,-0.046,253515
2008-06-20,0.462,253632
2008-06-19,-0.574,252467
2008-06-18,0.545,253925
2008-06-17,0.337,252549
2008-06-16,0.012,251699
2008-06-13,-0.232,251670
2008-06-12,-0.875,252256
2008-06-11,0.104,254481
2008-06-10,-0.595,254218
2008-06-09,-0.716,255741
2008-06-06,0.872,257586
2008-06-05,-0.525,255360
2008-06-04,-0.364,256707
2008-06-03,0.526,257644
2008-06-02,0.592,256297
2008-05-30,0.333,254788
2008-05-29,-0.469,253942
2008-05-28,-0.749,255138
2008-05-27,-0.486,257064
2008-05-23,0.443,258319
2008-05-22,-0.654,257181
2008-05-21,-0.236,258873
2008-05-20,0.305,259486
2008-05-19,0.226,258698
2008-05-16,-0.169,258115
2008-05-15,0.556,258552
2008-05-14,-0.034,257122
2008-05-13,-0.833,257210
2008-05-12,-0.168,259369
2008-05-09,0.112,259807
2008-05-08,0.645,259515
2008-05-07,0.398,257852
2008-05-06,-0.317,256831
2008-05-05,0.147,257648
2008-05-02,-0.810,257268
2008-05-01,-0.011,259369
2008-04-30,0.315,259399
2008-04-29,0.180,258584
2008-04-28,0.181,258119
2008-04-25,-0.135,257653
2008-04-24,-0.783,258002
2008-04-23,-0.101,260039
2008-04-22,0.078,260300
2008-04-21,0.011,260097
2008-04-18,-0.101,260068
2008-04-17,-0.234,260329
2008-04-16,-0.675,260940
2008-04-15,-0.452,262715
2008-04-14,-0.253,263908
2008-04-11,0.431,264577
2008-04-10,-0.396,263442
2008-04-09,0.597,264489
2008-04-08,0.011,262918
2008-04-07,-0.660,262889
2008-04-04,0.770,264635
2008-04-03,-0.006,262613
2008-04-02,-0.331,262628
2008-04-01,-0.872,263500
2008-03-31,0.175,265817
2008-03-28,0.395,265353
2008-03-27,-0.131,264309
2008-03-26,0.077,264657
2008-03-25,0.352,264454
2008-03-24,-1.762,263527
2008-03-20,0.217,268252
2008-03-19,0.863,267672
2008-03-18,-0.684,265382
2008-03-17,0.502,267209
2008-03-14,1.036,265875
2008-03-13,-0.526,263150
2008-03-12,1.156,264541
2008-03-11,-1.089,261518
2008-03-10,0.718,264396
2008-03-07,0.344,262512
2008-03-06,0.804,261613
2008-03-05,-0.434,259526
2008-03-04,-0.377,260657
2008-03-03,-0.253,261643
2008-02-29,1.069,262307
2008-02-28,1.172,259532
2008-02-27,0.237,256527
2008-02-26,0.249,255920
2008-02-25,-0.664,255284
2008-02-22,-0.280,256989
2008-02-21,1.031,257712
2008-02-20,-0.091,255082
2008-02-19,-0.719,255313
2008-02-15,0.214,257162
2008-02-14,-0.549,256613
2008-02-13,-0.424,258029
2008-02-12,-0.211,259128
2008-02-11,0.223,259677
2008-02-08,0.844,259099
2008-02-07,-1.123,256931
2008-02-06,-0.178,259850
2008-02-05,0.704,260313
2008-02-04,-0.556,258492
2008-02-01,0.323,259937
2008-01-31,0.518,259100
2008-01-30,-0.048,257766
2008-01-29,-0.401,257890
2008-01-28,-0.366,258927
2008-01-25,0.929,259877
2008-01-24,-0.909,257486
2008-01-23,-0.469,259849
2008-01-22,1.122,261073
2008-01-18,-0.145,258178
2008-01-17,0.809,258552
2008-01-16,-0.191,256478
2008-01-15,0.655,256968
2008-01-14,0.045,255297
2008-01-11,0.636,255181
2008-01-10,-0.272,253568
2008-01-09,-0.153,254259
2008-01-08,0.210,254649
2008-01-07,0.182,254115
2008-01-04,0.262,253654
2008-01-03,0.205,252992
2008-01-02,0.713,252473
2007-12-31,0.462,250687
2007-12-28,0.803,249534
2007-12-27,0.669,247546
2007-12-26,-0.476,245901
2007-12-24,-0.290,247078
2007-12-21,-0.725,247796
2007-12-20,-0.161,249604
2007-12-19,0.799,250006
2007-12-18,0.197,248025
2007-12-17,0.595,247537
2007-12-14,-0.291,246073
2007-12-13,-0.739,246791
2007-12-12,-0.836,248628
2007-12-11,1.370,250724
2007-12-10,-0.232,247336
2007-12-07,-0.644,247910
2007-12-06,-0.526,249518
2007-12-05,-0.376,250838
2007-12-04,0.091,251786
2007-12-03,0.394,251556
2007-11-30,0.137,250568
2007-11-29,0.563,250225
2007-11-28,-0.355,248823
2007-11-27,-0.931,249710
2007-11-26,1.369,252056
2007-11-23,-0.298,248651
2007-11-21,0.786,249395
2007-11-20,-0.265,247450
2007-11-19,0.720,248108
2007-11-16,0.000,246334
2007-11-15,0.561,246334
2007-11-14,0.199,244960
2007-11-13,-0.640,244474
2007-11-12,0.175,246048
2007-11-09,0.598,245619
2007-11-08,0.223,244159
2007-11-07,0.365,243616
2007-11-06,-0.176,242729
2007-11-05,-0.118,243158
2007-11-02,0.271,243444
2007-11-01,0.813,242786
2007-10-31,-0.670,240829
2007-10-30,0.106,242454
2007-10-29,0.083,242198
2007-10-26,-0.244,241998
2007-10-25,-0.085,242589
2007-10-24,0.507,242796
2007-10-23,-0.024,241570
2007-10-22,-0.192,241627
2007-10-19,0.859,242091
2007-10-18,0.382,240030
2007-10-17,0.612,239118
2007-10-16,0.277,237664
2007-10-15,0.096,237008
2007-10-12,-0.336,236781
2007-10-11,0.048,237579
2007-10-10,0.060,237465
2007-10-09,-0.311,237322
2007-10-08,0.361,238063
2007-10-05,-0.882,237208
2007-10-04,0.179,239318
2007-10-03,-0.072,238890
2007-10-02,0.215,239061
2007-10-01,0.119,238548
2007-09-28,0.036,238263
2007-09-27,0.323,238178
2007-09-26,0.036,237411
2007-09-25,0.012,237326
2007-09-24,0.132,237298
2007-09-21,0.506,236985
2007-09-20,-1.131,235792
2007-09-19,-0.356,238491
2007-09-18,-0.107,239343
2007-09-17,0.059,239599
2007-09-14,0.131,239457
2007-09-13,-0.590,239144
2007-09-12,-0.247,240564
2007-09-11,-0.212,241161
2007-09-10,0.224,241672
2007-09-07,1.072,241132
2007-09-06,-0.214,238576
2007-09-05,0.622,239087
2007-09-04,-0.186,237610
2007-08-31,0.024,238053
2007-08-30,0.502,237996
2007-08-29,-0.381,236808
2007-08-28,0.514,237713
2007-08-27,0.276,236497
2007-08-24,0.036,235846
2007-08-23,0.036,235761
2007-08-22,-0.323,235676
2007-08-21,0.433,236440
2007-08-20,0.217,235421
2007-08-17,0.072,234912
2007-08-16,0.387,234742
2007-08-15,0.182,233837
2007-08-14,0.365,233413
2007-08-13,0.158,232564
2007-08-10,-0.146,232196
2007-08-09,0.563,232536
2007-08-08,-0.693,231234
2007-08-07,-0.012,232847
2007-08-06,-0.399,232875
2007-08-03,0.645,233809
2007-08-02,0.073,232309
2007-08-01,-0.276,232140
2007-07-31,0.413,232782
2007-07-30,-0.255,231824
2007-07-27,0.194,232415
2007-07-26,0.796,231965
2007-07-25,0.135,230133
2007-07-24,0.271,229823
2007-07-23,-0.037,229203
2007-07-20,0.494,229287
2007-07-19,-0.012,228160
2007-07-18,0.359,228188
2007-07-17,-0.210,227371
2007-07-16,0.397,227850
2007-07-13,0.224,226948
2007-07-12,-0.211,226441
2007-07-11,-0.420,226920
2007-07-10,0.685,227878
2007-07-09,0.362,226328
2007-07-06,-0.237,225511
2007-07-05,-0.558,226046
2007-07-03,-0.297,227315
2007-07-02,0.152,227991
2007-06-29,0.521,227645
2007-06-28,-0.062,226466
2007-06-27,-0.012,226606
2007-06-26,0.025,226634
2007-06-25,0.323,226578
2007-06-22,0.299,225848
2007-06-21,-0.261,225174
2007-06-20,-0.186,225764
2007-06-19,0.486,226185
2007-06-18,-0.050,225090
2007-06-15,0.438,225202
2007-06-14,0.025,224220
2007-06-13,0.327,224164
2007-06-12,-0.711,223434
2007-06-11,-0.261,225034
2007-06-08,0.187,225623
2007-06-07,-1.000,225202
2007-06-06,0.049,227476
2007-06-05,-0.320,227364
2007-06-04,0.160,228094
2007-06-01,-0.429,227729
2007-05-31,-0.037,228710
2007-05-30,-0.085,228794
2007-05-29,-0.024,228989
2007-05-25,-0.110,229045
2007-05-24,0.134,229297
2007-05-23,-0.195,228989
2007-05-22,-0.279,229437
2007-05-21,0.134,230080
2007-05-18,-0.291,229772
2007-05-17,-0.266,230443
2007-05-16,-0.060,231058
2007-05-15,-0.012,231198
2007-05-14,-0.145,231226
2007-05-11,-0.205,231562
2007-05-10,0.254,232037
2007-05-09,-0.325,231450
2007-05-08,0.000,232205
2007-05-07,0.084,232205
2007-05-04,0.254,232009
2007-05-03,-0.109,231422
2007-05-02,-0.121,231673
2007-05-01,0.005,231953
2007-04-30,0.434,231941
2007-04-27,0.000,230938
2007-04-26,-0.289,230938
2007-04-25,-0.060,231606
2007-04-24,0.193,231746
2007-04-23,0.205,231300
2007-04-20,-0.108,230826
2007-04-19,-0.012,231077
2007-04-18,0.230,231105
2007-04-17,0.425,230576
2007-04-16,0.109,229601
2007-04-13,-0.170,229350
2007-04-12,0.097,229740
2007-04-11,-0.121,229517
2007-04-10,0.206,229796
2007-04-09,-0.459,229322
2007-04-05,-0.253,230381
2007-04-04,0.157,230966
2007-04-03,-0.084,230604
2007-04-02,0.111,230799
2007-03-30,-0.120,230544
2007-03-29,-0.144,230821
2007-03-28,-0.012,231154
2007-03-27,-0.024,231182
2007-03-26,0.084,231237
2007-03-23,-0.156,231043
2007-03-22,-0.335,231404
2007-03-21,0.144,232181
2007-03-20,0.144,231848
2007-03-19,-0.132,231515
2007-03-16,-0.012,231820
2007-03-15,-0.108,231848
2007-03-14,-0.131,232097
2007-03-13,0.444,232403
2007-03-12,0.277,231376
2007-03-09,-0.562,230738
2007-03-08,-0.012,232042
2007-03-07,0.180,232070
2007-03-06,-0.132,231653
2007-03-05,0.036,231959
2007-03-02,0.312,231875
2007-03-01,0.125,231154
2007-02-28,-0.346,230864
2007-02-27,0.843,231666
2007-02-26,0.314,229730
2007-02-23,0.400,229011
2007-02-22,-0.254,228099
2007-02-21,-0.012,228680
2007-02-20,0.121,228707
2007-02-16,0.109,228431
2007-02-15,0.158,228182
2007-02-14,0.575,227822
2007-02-13,-0.074,226520
2007-02-12,-0.134,226688
2007-02-09,-0.304,226993
2007-02-08,0.024,227684
2007-02-07,0.219,227629
2007-02-06,0.281,227131
2007-02-05,0.110,226495
2007-02-02,0.086,226246
2007-02-01,0.319,226052
2007-01-31,-0.024,225333
2007-01-30,0.098,225388
2007-01-29,-0.073,225168
2007-01-26,-0.012,225333
2007-01-25,-0.390,225361
2007-01-24,0.012,226242
2007-01-23,-0.291,226215
2007-01-22,0.182,226876
2007-01-19,-0.158,226463
2007-01-18,0.134,226821
2007-01-17,-0.194,226518
2007-01-16,0.195,226958
2007-01-12,-0.206,226518
2007-01-11,-0.266,226986
2007-01-10,-0.169,227592
2007-01-09,-0.024,227978
2007-01-08,0.072,228033
2007-01-05,-0.289,227868
2007-01-04,0.327,228529
2007-01-03,0.291,227785
2006-12-29,-0.048,227124
2006-12-28,-0.230,227234
2006-12-27,-0.265,227757
2006-12-26,0.072,228364
2006-12-22,-0.455,228199
2006-12-21,0.361,229243
2006-12-20,-0.024,228419
2006-12-19,-0.024,228474
2006-12-18,0.048,228529
2006-12-15,0.072,228419
2006-12-14,-0.204,228254
2006-12-13,-0.514,228721
2006-12-12,0.180,229902
2006-12-11,0.312,229490
2006-12-08,-0.454,228776
2006-12-07,-0.036,229820
2006-12-06,-0.155,229902
2006-12-05,-0.131,230259
2006-12-04,-0.012,230561
2006-12-01,0.231,230589
2006-11-30,0.526,230057
2006-11-29,-0.119,228853
2006-11-28,0.180,229127
2006-11-27,0.096,228716
2006-11-24,0.108,228497
2006-11-22,0.156,228251
2006-11-21,0.144,227895
2006-11-20,0.060,227567
2006-11-17,0.362,227430
2006-11-16,-0.253,226609
2006-11-15,-0.276,227183
2006-11-14,0.205,227813
2006-11-13,-0.048,227348
2006-11-10,0.217,227457
2006-11-09,-0.012,226964
2006-11-08,0.218,226992
2006-11-07,0.340,226499
2006-11-06,0.097,225733
2006-11-03,-0.759,225514
2006-11-02,-0.240,227238
2006-11-01,0.685,227786
2006-10-31,0.072,226236
2006-10-30,0.048,226072
2006-10-27,0.327,225963
2006-10-26,0.340,225227
2006-10-25,0.366,224463
2006-10-24,0.134,223645
2006-10-23,-0.280,223345
2006-10-20,-0.024,223972
2006-10-19,-0.085,224027
2006-10-18,-0.024,224218
2006-10-17,0.110,224272
2006-10-16,0.171,224027
2006-10-13,-0.158,223645
2006-10-12,0.049,223999
2006-10-11,-0.122,223890
2006-10-10,-0.737,224163
2006-10-09,0.254,225827
2006-10-06,-0.542,225254
2006-10-05,-0.384,226481
2006-10-04,0.494,227354
2006-10-03,-0.012,226236
2006-10-02,0.175,226263
2006-09-29,-0.108,225867
2006-09-28,-0.096,226112
2006-09-27,0.096,226329
2006-09-26,-0.371,226112
2006-09-25,0.336,226954
2006-09-22,0.301,226193
2006-09-21,0.716,225514
2006-09-20,0.024,223911
2006-09-19,0.598,223857
2006-09-18,-0.146,222526
2006-09-15,-0.061,222852
2006-09-14,-0.195,222987
2006-09-13,0.097,223422
2006-09-12,0.232,223205
2006-09-11,-0.134,222689
2006-09-08,0.098,222987
2006-09-07,0.073,222770
2006-09-06,-0.073,222607
2006-09-05,-0.328,222770
2006-09-01,0.147,223504
2006-08-31,0.109,223175
2006-08-30,0.146,222931
2006-08-29,0.085,222606
2006-08-28,-0.012,222417
2006-08-25,0.134,222444
2006-08-24,0.037,222146
2006-08-23,-0.037,222065
2006-08-22,0.037,222146
2006-08-21,0.122,222065
2006-08-18,0.269,221794
2006-08-17,-0.024,221199
2006-08-16,0.418,221253
2006-08-15,0.481,220333
2006-08-14,-0.172,219277
2006-08-11,-0.319,219656
2006-08-10,0.025,220360
2006-08-09,-0.049,220306
2006-08-08,0.012,220414
2006-08-07,-0.135,220387
2006-08-04,0.493,220685
2006-08-03,0.025,219602
2006-08-02,0.086,219548
2006-08-01,0.024,219358
2006-07-31,0.160,219306
2006-07-28,0.272,218956
2006-07-27,-0.012,218363
2006-07-26,0.247,218390
2006-07-25,-0.099,217851
2006-07-24,0.000,218066
2006-07-21,-0.062,218066
2006-07-20,0.210,218201
2006-07-19,0.635,217743
2006-07-18,-0.385,216368
2006-07-17,-0.087,217204
2006-07-14,0.074,217392
2006-07-13,0.224,217231
2006-07-12,0.087,216745
2006-07-11,0.112,216557
2006-07-10,0.075,216314
2006-07-07,0.313,216152
2006-07-06,0.314,215478
2006-07-05,-0.363,214804
2006-07-03,-0.047,215586
2006-06-30,0.350,215688
2006-06-29,0.414,214936
2006-06-28,-0.325,214050
2006-06-27,0.263,214748
2006-06-26,-0.063,214184
2006-06-23,-0.088,214318
2006-06-22,-0.324,214506
2006-06-21,-0.012,215204
2006-06-20,-0.075,215231
2006-06-19,-0.112,215392
2006-06-16,-0.062,215634
2006-06-15,-0.224,215768
2006-06-14,-0.666,216252
2006-06-13,0.136,217702
2006-06-12,-0.046,217406
2006-06-09,0.245,217507
2006-06-08,0.136,216977
2006-06-07,-0.136,216681
2006-06-06,0.087,216977
2006-06-05,-0.198,216789
2006-06-02,0.772,217218
2006-06-01,0.167,215553
2006-05-31,-0.310,215194
2006-05-30,-0.087,215863
2006-05-26,0.087,216050
2006-05-25,-0.161,215863
2006-05-24,0.149,216211
2006-05-23,-0.037,215890
2006-05-22,0.136,215970
2006-05-19,-0.062,215676
2006-05-18,0.712,215809
2006-05-17,-0.286,214284
2006-05-16,0.375,214900
2006-05-15,0.213,214097
2006-05-12,-0.374,213642
2006-05-11,-0.174,214445
2006-05-10,0.050,214820
2006-05-09,-0.037,214712
2006-05-08,0.050,214793
2006-05-05,0.237,214686
2006-05-04,-0.062,214177
2006-05-03,-0.137,214311
2006-05-02,0.162,214605
2006-05-01,-0.540,214258
2006-04-28,0.174,215420
2006-04-27,0.273,215047
2006-04-26,-0.050,214460
2006-04-25,-0.630,214567
2006-04-24,0.124,215926
2006-04-21,0.211,215660
2006-04-20,-0.087,215207
2006-04-19,-0.284,215393
2006-04-18,0.322,216006
2006-04-17,0.385,215313
2006-04-13,-0.532,214487
2006-04-12,-0.234,215633
2006-04-11,0.185,216140
2006-04-10,0.124,215740
2006-04-07,-0.456,215473
2006-04-06,-0.282,216460
2006-04-05,0.234,217073
2006-04-04,0.012,216566
2006-04-03,-0.110,216540
2006-03-31,0.074,216778
2006-03-30,-0.294,216619
2006-03-29,-0.098,217256
2006-03-28,-0.486,217469
2006-03-27,-0.218,218532
2006-03-24,0.439,219010
2006-03-23,-0.255,218054
2006-03-22,0.122,218612
2006-03-21,-0.412,218346
2006-03-20,0.194,219249
2006-03-17,-0.206,218824
2006-03-16,0.634,219276
2006-03-15,-0.183,217894
2006-03-14,0.575,218293
2006-03-13,-0.086,217044
2006-03-10,-0.195,217230
2006-03-09,0.098,217655
2006-03-08,0.049,217442
2006-03-07,0.049,217336
2006-03-06,-0.317,217230
2006-03-03,-0.243,217921
2006-03-02,-0.400,218452
2006-03-01,-0.196,219329
2006-02-28,0.399,219761
2006-02-27,-0.193,218886
2006-02-24,-0.121,219310
2006-02-23,-0.241,219575
2006-02-22,0.374,220105
2006-02-21,-0.121,219284
2006-02-17,0.339,219549
2006-02-16,-0.048,218807
2006-02-15,0.182,218913
2006-02-14,-0.145,218516
2006-02-13,0.000,218833
2006-02-10,-0.290,218833
2006-02-09,0.097,219469
2006-02-08,-0.060,219257
2006-02-07,-0.121,219390
2006-02-06,-0.144,219655
2006-02-03,0.302,219972
2006-02-02,0.000,219310
2006-02-01,-0.308,219310
2006-01-31,0.144,219987
2006-01-30,-0.216,219671
2006-01-27,0.072,220146
2006-01-26,-0.216,219987
2006-01-25,-0.619,220463
2006-01-24,-0.166,221836
2006-01-23,-0.024,222205
2006-01-20,0.167,222258
2006-01-19,-0.226,221888
2006-01-18,0.012,222390
2006-01-17,0.119,222364
2006-01-13,0.442,222100
2006-01-12,0.359,221123
2006-01-11,-0.251,220331
2006-01-10,-0.405,220885
2006-01-09,0.048,221783
2006-01-06,-0.131,221677
2006-01-05,0.024,221968
2006-01-04,0.179,221915
2006-01-03,-0.012,221519
2005-12-30,0.036,221545
2005-12-29,0.119,221466
2005-12-28,-0.306,221202
2005-12-27,0.477,221881
2005-12-23,0.239,220829
2005-12-22,0.396,220302
2005-12-21,-0.132,219434
2005-12-20,-0.167,219724
2005-12-19,0.060,220092
2005-12-16,0.180,219960
2005-12-15,-0.132,219566
2005-12-14,0.626,219855
2005-12-13,0.241,218487
2005-12-12,-0.229,217961
2005-12-09,-0.444,218461
2005-12-08,0.434,219434
2005-12-07,-0.060,218487
2005-12-06,0.472,218619
2005-12-05,-0.301,217592
2005-12-02,0.084,218250
2005-12-01,-0.224,218066
2005-11-30,-0.048,218555
2005-11-29,-0.549,218660
2005-11-28,0.131,219866
2005-11-25,0.299,219578
2005-11-23,-0.263,218922
2005-11-22,0.348,219499
2005-11-21,0.192,218739
2005-11-18,-0.240,218319
2005-11-17,0.192,218844
2005-11-16,0.507,218424
2005-11-15,0.339,217323
2005-11-14,-0.446,216588
2005-11-11,0.121,217559
2005-11-10,0.570,217296
2005-11-09,-0.531,216064
2005-11-08,0.497,217218
2005-11-07,0.182,216143
2005-11-04,-0.049,215749
2005-11-03,-0.351,215854
2005-11-02,-0.205,216615
2005-11-01,-0.063,217060
2005-10-31,0.072,217197
2005-10-28,-0.108,217040
2005-10-27,0.229,217275
2005-10-26,-0.384,216779
2005-10-25,-0.466,217615
2005-10-24,-0.428,218634
2005-10-21,0.442,219575
2005-10-20,0.060,218608
2005-10-19,0.120,218478
2005-10-18,0.144,218216
2005-10-17,-0.120,217903
2005-10-14,0.000,218164
2005-10-13,-0.155,218164
2005-10-12,-0.381,218504
2005-10-11,-0.190,219340
2005-10-10,0.024,219758
2005-10-07,0.131,219706
2005-10-06,-0.131,219418
2005-10-05,0.238,219706
2005-10-04,0.048,219183
2005-10-03,-0.382,219079
2005-09-30,-0.283,219919
2005-09-29,-0.224,220544
2005-09-28,0.201,221039
2005-09-27,0.059,220596
2005-09-26,-0.259,220466
2005-09-23,-0.551,221039
2005-09-22,0.070,222263
2005-09-21,0.459,222107
2005-09-20,-0.082,221091
2005-09-19,0.200,221274
2005-09-16,-0.388,220831
2005-09-15,-0.305,221690
2005-09-14,-0.210,222367
2005-09-13,0.305,222836
2005-09-12,-0.316,222159
2005-09-09,0.082,222862
2005-09-08,0.000,222680
2005-09-07,-0.326,222680
2005-09-06,-0.314,223409
2005-09-02,0.023,224112
2005-09-01,0.098,224060
2005-08-31,0.654,223841
2005-08-30,0.469,222387
2005-08-29,0.070,221349
2005-08-26,-0.164,221193
2005-08-25,0.059,221557
2005-08-24,0.047,221427
2005-08-23,0.188,221323
2005-08-22,0.082,220908
2005-08-19,-0.059,220726
2005-08-18,0.532,220856
2005-08-17,-0.388,219687
2005-08-16,0.473,220544
2005-08-15,-0.130,219506
2005-08-12,0.403,219791
2005-08-11,0.429,218908
2005-08-10,-0.048,217974
2005-08-09,0.287,218078
2005-08-08,-0.262,217455
2005-08-05,-0.533,218026
2005-08-04,-0.071,219194
2005-08-03,0.249,219350
2005-08-02,-0.095,218805
2005-08-01,-0.200,219012
2005-07-29,-0.598,219451
2005-07-28,0.436,220770
2005-07-27,-0.141,219813
2005-07-26,0.071,220124
2005-07-25,-0.176,219968
2005-07-22,0.472,220356
2005-07-21,-0.738,219321
2005-07-20,0.188,220952
2005-07-19,0.141,220538
2005-07-18,-0.164,220227
2005-07-15,0.023,220589
2005-07-14,-0.129,220538
2005-07-13,-0.094,220822
2005-07-12,-0.257,221029
2005-07-11,-0.047,221599
2005-07-08,-0.361,221702
2005-07-07,0.233,222504
2005-07-06,0.210,221987
2005-07-05,-0.407,221521
2005-07-01,-0.858,222427
2005-06-30,0.346,224353
2005-06-29,-0.035,223579
2005-06-28,-0.425,223656
2005-06-27,0.080,224611
2005-06-24,0.242,224430
2005-06-23,-0.104,223888
2005-06-22,0.754,224120
2005-06-21,0.314,222443
2005-06-20,-0.151,221747
2005-06-17,-0.116,222082
2005-06-16,0.314,222340
2005-06-15,-0.035,221644
2005-06-14,-0.116,221721
2005-06-13,-0.267,221979
2005-06-10,-0.633,222572
2005-06-09,-0.058,223991
2005-06-08,-0.184,224120
2005-06-07,0.288,224533
2005-06-06,0.266,223888
2005-06-03,-0.574,223295
2005-06-02,-0.034,224585
2005-06-01,0.615,224662
2005-05-31,0.521,223290
2005-05-27,0.104,222132
2005-05-26,0.058,221901
2005-05-25,-0.358,221772
2005-05-24,0.267,222570
2005-05-23,0.454,221978
2005-05-20,-0.012,220975
2005-05-19,-0.302,221001
2005-05-18,0.326,221669
2005-05-17,0.128,220949
2005-05-16,0.012,220666
2005-05-13,0.257,220640
2005-05-12,0.094,220075
2005-05-11,0.129,219869
2005-05-10,0.353,219586
2005-05-09,-0.012,218814
2005-05-06,-0.712,218840
2005-05-05,0.316,220409
2005-05-04,-0.023,219714
2005-05-03,0.129,219766
2005-05-02,0.102,219483
2005-04-29,-0.361,219259
2005-04-28,0.610,220053
2005-04-27,0.306,218720
2005-04-26,-0.047,218053
2005-04-25,0.000,218156
2005-04-22,0.437,218156
2005-04-21,-0.727,217207
2005-04-20,-0.059,218797
2005-04-19,0.577,218925
2005-04-18,-0.212,217669
2005-04-15,0.651,218130
2005-04-14,0.261,216720
2005-04-13,0.047,216156
2005-04-12,0.525,216053
2005-04-11,0.299,214925
2005-04-08,0.108,214284
2005-04-07,-0.382,214053
2005-04-06,0.299,214874
2005-04-05,0.012,214233
2005-04-04,-0.048,214207
2005-04-01,0.202,214310
2005-03-31,0.492,213878
2005-03-30,0.229,212830
2005-03-29,0.411,212344
2005-03-28,-0.325,211475
2005-03-24,0.084,212165
2005-03-23,0.230,211987
2005-03-22,-0.732,211501
2005-03-21,-0.120,213060
2005-03-18,-0.251,213315
2005-03-17,0.384,213852
2005-03-16,0.228,213034
2005-03-15,-0.192,212549
2005-03-14,0.241,212958
2005-03-11,-0.419,212447
2005-03-10,0.180,213341
2005-03-09,-0.762,212958
2005-03-08,-0.474,214593
2005-03-07,0.024,215615
2005-03-04,0.453,215564
2005-03-03,-0.060,214593
2005-03-02,-0.012,214721
2005-03-01,0.001,214747
2005-02-28,-0.649,214744
2005-02-25,0.142,216146
2005-02-24,-0.165,215840
2005-02-23,0.083,216197
2005-02-22,0.012,216019
2005-02-18,-0.505,215993
2005-02-17,-0.223,217089
2005-02-16,-0.362,217573
2005-02-15,-0.151,218363
2005-02-14,0.128,218695
2005-02-11,-0.128,218414
2005-02-10,-0.625,218695
2005-02-09,0.489,220071
2005-02-08,0.093,219000
2005-02-07,0.198,218797
2005-02-04,0.528,218363
2005-02-03,-0.176,217216
2005-02-02,0.012,217599
2005-02-01,-0.069,217573
2005-01-31,0.035,217722
2005-01-28,0.516,217646
2005-01-27,-0.152,216528
2005-01-26,0.023,216858
2005-01-25,-0.374,216808
2005-01-24,-0.012,217621
2005-01-21,0.199,217646
2005-01-20,0.176,217214
2005-01-19,0.059,216833
2005-01-18,-0.035,216706
2005-01-14,-0.059,216782
2005-01-13,0.400,216909
2005-01-12,0.153,216045
2005-01-11,0.201,215715
2005-01-10,-0.012,215283
2005-01-07,-0.083,215309
2005-01-06,0.094,215486
2005-01-05,0.166,215283
2005-01-04,-0.623,214927
2005-01-03,0.200,216274
2004-12-31,0.119,215842
2004-12-30,0.377,215585
2004-12-29,-0.200,214775
2004-12-28,-0.012,215205
2004-12-27,-0.424,215230
2004-12-23,-0.126,216147
2004-12-22,-0.105,216421
2004-12-21,0.140,216649
2004-12-20,0.117,216345
2004-12-17,-0.129,216092
2004-12-16,-0.767,216370
2004-12-15,0.361,218042
2004-12-14,0.175,217257
2004-12-13,0.070,216877
2004-12-10,0.152,216725
2004-12-09,-0.234,216396
2004-12-08,0.741,216902
2004-12-07,-0.012,215306
2004-12-06,0.189,215332
2004-12-03,1.000,214927
2004-12-02,-0.226,212799
2004-12-01,-0.033,213280
2004-11-30,-0.095,213350
2004-11-29,-0.599,213552
2004-11-26,-0.363,214840
2004-11-24,0.141,215622
2004-11-23,-0.094,215319
2004-11-22,0.070,215521
2004-11-19,-0.548,215370
2004-11-18,0.082,216557
2004-11-17,0.528,216380
2004-11-16,-0.105,215244
2004-11-15,0.047,215471
2004-11-12,0.377,215370
2004-11-11,-0.024,214562
2004-11-10,-0.200,214612
2004-11-09,0.023,215042
2004-11-08,-0.141,214991
2004-11-05,-0.745,215294
2004-11-04,-0.058,216910
2004-11-03,-0.035,217036
2004-11-02,0.245,217112
2004-11-01,-0.491,216582
2004-10-29,0.290,217651
2004-10-28,0.151,217022
2004-10-27,-0.612,216695
2004-10-26,-0.173,218029
2004-10-25,0.115,218406
2004-10-22,0.278,218154
2004-10-21,-0.139,217550
2004-10-20,0.453,217852
2004-10-19,-0.035,216871
2004-10-18,0.151,216946
2004-10-15,-0.336,216619
2004-10-14,0.349,217349
2004-10-13,0.362,216594
2004-10-12,0.000,215814
2004-10-11,0.164,215814
2004-10-08,0.848,215461
2004-10-07,-0.176,213649
2004-10-06,-0.328,214026
2004-10-05,0.000,214731
2004-10-04,0.035,214731
2004-10-01,-0.399,214656
2004-09-30,-0.105,215515
2004-09-29,-0.624,215741
2004-09-28,-0.104,217096
2004-09-27,0.278,217322
2004-09-24,-0.012,216720
2004-09-23,-0.346,216745
2004-09-22,0.405,217498
2004-09-21,0.070,216619
2004-09-20,0.571,216469
2004-09-17,-0.349,215239
2004-09-16,0.549,215992
2004-09-15,-0.105,214813
2004-09-14,0.023,215038
2004-09-13,0.246,214988
2004-09-10,0.199,214461
2004-09-09,-0.176,214035
2004-09-08,0.577,214411
2004-09-07,0.059,213181
2004-09-03,-0.270,213056
2004-09-02,-0.537,213633
2004-09-01,-0.016,214787
2004-08-31,0.433,214822
2004-08-30,0.352,213896
2004-08-27,-0.117,213146
2004-08-26,0.436,213396
2004-08-25,0.012,212470
2004-08-24,0.094,212445
2004-08-23,-0.341,212245
2004-08-20,-0.199,212970
2004-08-19,0.247,213396
2004-08-18,-0.328,212870
2004-08-17,0.471,213571
2004-08-16,-0.106,212570
2004-08-13,0.177,212795
2004-08-12,0.130,212420
2004-08-11,0.343,212145
2004-08-10,-0.412,211419
2004-08-09,-0.329,212295
2004-08-06,1.369,212996
2004-08-05,0.299,210119
2004-08-04,-0.060,209493
2004-08-03,0.239,209618
2004-08-02,0.099,209118
2004-07-30,0.685,208912
2004-07-29,0.096,207490
2004-07-28,0.157,207291
2004-07-27,-0.706,206967
2004-07-26,-0.346,208438
2004-07-23,0.239,209161
2004-07-22,0.120,208662
2004-07-21,-0.215,208413
2004-07-20,-0.652,208862
2004-07-19,-0.024,210233
2004-07-16,0.970,210283
2004-07-15,-0.048,208263
2004-07-14,-0.048,208363
2004-07-13,-0.215,208463
2004-07-12,0.120,208912
2004-07-09,0.168,208662
2004-07-08,0.012,208313
2004-07-07,0.048,208288
2004-07-06,-0.191,208189
2004-07-02,0.856,208587
2004-07-01,0.197,206817
2004-06-30,0.618,206411
2004-06-29,0.475,205143
2004-06-28,-0.737,204174
2004-06-25,0.048,205690
2004-06-24,0.388,205591
2004-06-23,0.146,204795
2004-06-22,-0.134,204497
2004-06-21,0.158,204770
2004-06-18,-0.206,204447
2004-06-17,0.280,204870
2004-06-16,-0.218,204298
2004-06-15,1.328,204745
2004-06-14,-0.490,202061
2004-06-10,0.110,203055
2004-06-09,-0.293,202832
2004-06-08,-0.024,203428
2004-06-07,0.147,203478
2004-06-04,-0.414,203180
2004-06-03,0.159,204025
2004-06-02,-0.171,203702
2004-06-01,-0.496,204050
2004-05-28,-0.277,205067
2004-05-27,0.545,205636
2004-05-26,0.499,204522
2004-05-25,0.037,203506
2004-05-24,0.073,203432
2004-05-21,-0.219,203283
2004-05-20,0.501,203729
2004-05-19,-0.462,202714
2004-05-18,-0.194,203655
2004-05-17,0.648,204051
2004-05-14,0.503,202738
2004-05-13,-0.306,201723
2004-05-12,-0.147,202342
2004-05-11,0.196,202639
2004-05-10,-0.024,202243
2004-05-07,-1.234,202292
2004-05-06,-0.097,204819
2004-05-05,-0.229,205017
2004-05-04,-0.288,205488
2004-05-03,-0.038,206082
2004-04-30,0.240,206161
2004-04-29,-0.228,205668
2004-04-28,-0.654,206137
2004-04-27,0.394,207495
2004-04-26,-0.012,206680
2004-04-23,-0.416,206705
2004-04-22,0.394,207569
2004-04-21,0.203,206754
2004-04-20,-0.725,206334
2004-04-19,-0.261,207840
2004-04-16,0.369,208384
2004-04-15,-0.143,207618
2004-04-14,-0.071,207914
2004-04-13,-0.777,208063
2004-04-12,-0.317,209692
2004-04-08,-0.187,210359
2004-04-07,0.012,210754
2004-04-06,0.353,210729
2004-04-05,-0.491,209988
2004-04-02,-1.849,211025
2004-04-01,-0.245,215000
2004-03-31,0.367,215528
2004-03-30,0.034,214741
2004-03-29,-0.423,214667
2004-03-26,-0.635,215578
2004-03-25,-0.136,216956
2004-03-24,-0.068,217252
2004-03-23,0.147,217399
2004-03-22,0.376,217079
2004-03-19,-0.136,216267
2004-03-18,-0.317,216562
2004-03-17,-0.068,217252
2004-03-16,0.489,217399
2004-03-15,0.057,216341
2004-03-12,-0.306,216218
2004-03-11,0.011,216882
2004-03-10,-0.011,216858
2004-03-09,0.376,216882
2004-03-08,0.561,216070
2004-03-05,1.241,214864
2004-03-04,0.314,212230
2004-03-03,-0.093,211565
2004-03-02,-0.578,211762
2004-03-01,0.105,212993
2004-02-27,0.394,212769
2004-02-26,-0.150,211935
2004-02-25,0.116,212254
2004-02-24,0.174,212008
2004-02-23,0.326,211640
2004-02-20,-0.336,210953
2004-02-19,0.070,211665
2004-02-18,-0.023,211517
2004-02-17,0.000,211566
2004-02-13,0.256,211566
2004-02-12,-0.058,211026
2004-02-11,0.526,211149
2004-02-10,-0.280,210045
2004-02-09,0.234,210634
2004-02-06,0.611,210143
2004-02-05,-0.375,208866
2004-02-04,-0.164,209652
2004-02-03,0.387,209995
2004-02-02,-0.099,209185
2004-01-30,0.458,209392
2004-01-29,-0.117,208438
2004-01-28,-0.722,208683
2004-01-27,0.397,210200
2004-01-26,-0.419,209368
2004-01-23,-0.751,210249
2004-01-22,0.429,211840
2004-01-21,0.291,210934
2004-01-20,-0.174,210322
2004-01-16,-0.416,210690
2004-01-15,0.058,211571
2004-01-14,0.197,211448
2004-01-13,0.536,211032
2004-01-12,0.000,209906
2004-01-09,1.180,209906
2004-01-08,0.000,207459
2004-01-07,0.225,207459
2004-01-06,0.750,206994
2004-01-05,-0.083,205452
2004-01-02,-0.803,205624
2003-12-31,0.175,207288
2003-12-30,-0.106,206925
2003-12-29,-0.609,207145
2003-12-26,0.317,208413
2003-12-24,0.626,207754
2003-12-23,-0.681,206462
2003-12-22,-0.269,207876
2003-12-19,0.012,208437
2003-12-18,0.341,208413
2003-12-17,0.259,207706
2003-12-16,0.201,207169
2003-12-15,-0.047,206754
2003-12-12,0.000,206852
2003-12-11,0.605,206852
2003-12-10,0.250,205608
2003-12-09,-0.497,205096
2003-12-08,-0.377,206120
2003-12-05,1.217,206901
2003-12-04,0.215,204413
2003-12-03,-0.262,203974
2003-12-02,0.287,204510
2003-12-01,-0.562,203925
2003-11-28,-0.660,205077
2003-11-26,-0.247,206438
2003-11-25,0.247,206949
2003-11-24,-0.527,206438
2003-11-21,-0.047,207533
2003-11-20,0.625,207630
2003-11-19,-0.679,206341
2003-11-18,0.411,207752
2003-11-17,0.118,206900
2003-11-14,0.544,206657
2003-11-13,0.871,205539
2003-11-12,0.323,203764
2003-11-11,0.156,203107
2003-11-10,-0.036,202791
2003-11-07,-0.168,202864
2003-11-06,-0.512,203205
2003-11-05,-0.356,204250
2003-11-04,0.357,204980
2003-11-03,-0.379,204250
2003-10-31,0.356,205027
2003-10-30,-0.366,204300
2003-10-29,-0.646,205052
2003-10-28,0.472,206384
2003-10-27,-0.271,205415
2003-10-24,0.699,205972
2003-10-23,-0.319,204543
2003-10-22,0.726,205197
2003-10-21,0.179,203719
2003-10-20,0.072,203355
2003-10-17,0.540,203210
2003-10-16,-0.549,202119
2003-10-15,-0.356,203234
2003-10-14,-0.402,203961
2003-10-13,-0.154,204785
2003-10-10,0.296,205100
2003-10-09,-0.319,204494
2003-10-08,0.178,205148
2003-10-07,-0.577,204785
2003-10-06,0.295,205972
2003-10-03,-1.385,205367
2003-10-02,-0.359,208251
2003-10-01,-0.088,209002
2003-09-30,0.968,209185
2003-09-29,-0.430,207180
2003-09-26,0.760,208074
2003-09-25,0.141,206504
2003-09-24,0.506,206214
2003-09-23,0.236,205175
2003-09-22,-0.435,204692
2003-09-19,0.000,205586
2003-09-18,-0.012,205586
2003-09-17,0.555,205610
2003-09-16,-0.083,204474
2003-09-15,0.177,204643
2003-09-12,0.404,204281
2003-09-11,-0.355,203460
2003-09-10,0.679,204184
2003-09-09,0.479,202807
2003-09-08,-0.465,201841
2003-09-05,1.267,202783
2003-09-04,0.644,200247
2003-09-03,0.256,198966
2003-09-02,-0.990,198459
2003-08-29,-0.276,200443
2003-08-28,0.700,200997
2003-08-27,-0.241,199601
2003-08-26,0.362,200082
2003-08-25,-0.433,199360
2003-08-22,0.072,200227
2003-08-21,-0.372,200082
2003-08-20,-0.477,200829
2003-08-19,0.794,201792
2003-08-18,0.302,200203
2003-08-15,-0.036,199601
2003-08-14,0.205,199673
2003-08-13,-1.111,199264
2003-08-12,-0.179,201503
2003-08-11,-0.416,201864
2003-08-08,-0.012,202707
2003-08-07,0.358,202731
2003-08-06,1.023,202008
2003-08-05,-0.670,199962
2003-08-04,0.735,201310
2003-08-01,-0.152,199841
2003-07-31,-0.667,200147
2003-07-30,0.805,201491
2003-07-29,-0.975,199883
2003-07-28,-0.732,201851
2003-07-25,-0.130,203339
2003-07-24,-0.388,203603
2003-07-23,0.306,204395
2003-07-22,0.355,203771
2003-07-21,-1.307,203051
2003-07-18,-0.256,205740
2003-07-17,-0.209,206268
2003-07-16,0.035,206700
2003-07-15,-1.364,206628
2003-07-14,-0.581,209484
2003-07-11,0.354,210708
2003-07-10,0.229,209964
2003-07-09,0.184,209484
2003-07-08,0.034,209100
2003-07-07,-0.537,209028
2003-07-03,-0.636,210156
2003-07-02,0.102,211501
2003-07-01,-0.214,211285
2003-06-30,0.238,211739
2003-06-27,-0.091,211236
2003-06-26,-0.987,211427
2003-06-25,-0.757,213534
2003-06-24,0.469,215162
2003-06-23,0.382,214156
2003-06-20,-0.157,213343
2003-06-19,0.146,213678
2003-06-18,-0.602,213366
2003-06-17,-0.543,214659
2003-06-16,-0.519,215832
2003-06-13,0.365,216957
2003-06-12,0.389,216167
2003-06-11,-0.211,215329
2003-06-10,0.558,215784
2003-06-09,0.550,214587
2003-06-06,-0.112,213414
2003-06-05,-0.357,213654
2003-06-04,0.291,214420
2003-06-03,0.665,213797
2003-06-02,-0.387,212385
2003-05-30,-0.056,213211
2003-05-29,0.529,213330
2003-05-28,0.023,212208
2003-05-27,-0.370,212160
2003-05-23,-0.112,212948
2003-05-22,0.473,213187
2003-05-21,-0.314,212184
2003-05-20,0.666,212852
2003-05-19,-0.023,211444
2003-05-16,0.533,211492
2003-05-15,-0.102,210370
2003-05-14,0.547,210584
2003-05-13,0.091,209439
2003-05-12,0.424,209248
2003-05-09,0.161,208364
2003-05-08,0.103,208030
2003-05-07,0.694,207815
2003-05-06,0.617,206383
2003-05-05,0.315,205118
2003-05-02,-0.546,204473
2003-05-01,0.083,205595
2003-04-30,0.606,205424
2003-04-29,-0.174,204188
2003-04-28,-0.105,204544
2003-04-25,0.163,204758
2003-04-24,0.585,204426
2003-04-23,-0.047,203237
2003-04-22,0.023,203332
2003-04-21,-0.187,203284
2003-04-17,-0.128,203665
2003-04-16,0.222,203926
2003-04-15,0.352,203474
2003-04-14,-0.281,202761
2003-04-11,-0.257,203332
2003-04-10,-0.268,203855
2003-04-09,0.339,204402
2003-04-08,0.375,203712
2003-04-07,-0.234,202951
2003-04-04,-0.175,203427
2003-04-03,0.175,203784
2003-04-02,-0.708,203427
2003-04-01,-0.129,204877
2003-03-31,0.722,205141
2003-03-28,0.163,203671
2003-03-27,0.187,203339
2003-03-26,0.234,202960
2003-03-25,0.012,202486
2003-03-24,0.970,202462
2003-03-21,-0.914,200518
2003-03-20,0.070,202367
2003-03-19,-0.478,202225
2003-03-18,-0.545,203197
2003-03-17,-0.783,204311
2003-03-14,0.335,205924
2003-03-13,-1.119,205236
2003-03-12,-0.228,207560
2003-03-11,-0.023,208034
2003-03-10,0.332,208081
2003-03-07,0.333,207394
2003-03-06,-0.206,206706
2003-03-05,0.183,207133
2003-03-04,0.195,206754
2003-03-03,0.207,206350
2003-02-28,0.334,205925
2003-02-27,0.092,205239
2003-02-26,0.301,205050
2003-02-25,0.139,204435
2003-02-24,0.395,204151
2003-02-21,-0.371,203347
2003-02-20,0.349,204104
2003-02-19,0.373,203395
2003-02-18,0.000,202638
2003-02-14,-0.349,202638
2003-02-13,0.362,203347
2003-02-12,0.434,202614
2003-02-11,0.094,201739
2003-02-10,-0.187,201550
2003-02-07,0.047,201929
2003-02-06,0.388,201834
2003-02-05,-0.387,201054
2003-02-04,0.329,201834
2003-02-03,-0.155,201172
2003-01-31,0.047,201484
2003-01-30,-0.047,201390
2003-01-29,0.000,201484
2003-01-28,0.012,201484
2003-01-27,-0.303,201460
2003-01-24,0.199,202073
2003-01-23,-0.210,201672
2003-01-22,0.410,202097
2003-01-21,0.341,201272
2003-01-17,0.413,200588
2003-01-16,-0.035,199763
2003-01-15,0.225,199834
2003-01-14,0.237,199386
2003-01-13,0.178,198915
2003-01-10,0.107,198561
2003-01-09,-1.209,198349
2003-01-08,0.235,200777
2003-01-07,0.319,200305
2003-01-06,-0.247,199669
2003-01-03,0.165,200164
2003-01-02,-1.579,199834
2002-12-31,-0.027,203039
2002-12-30,0.185,203095
2002-12-27,0.594,202719
2002-12-26,0.152,201523
2002-12-24,0.374,201218
2002-12-23,-0.058,200468
2002-12-20,0.000,200585
2002-12-19,0.517,200585
2002-12-18,0.615,199553
2002-12-17,0.237,198333
2002-12-16,-0.413,197864
2002-12-13,-0.365,198685
2002-12-12,0.082,199412
2002-12-11,0.331,199248
2002-12-10,-0.083,198591
2002-12-09,0.379,198755
2002-12-06,0.404,198005
2002-12-05,0.274,197207
2002-12-04,0.347,196668
2002-12-03,-0.012,195988
2002-12-02,-0.035,196011
2002-11-29,0.143,196080
2002-11-27,-1.142,195801
2002-11-26,0.903,198062
2002-11-25,-0.154,196290
2002-11-22,-0.118,196593
2002-11-21,-0.577,196826
2002-11-20,-0.550,197968
2002-11-19,0.082,199064
2002-11-18,0.094,198901
2002-11-15,0.070,198714
2002-11-14,-1.252,198574
2002-11-13,0.116,201092
2002-11-12,-0.312,200859
2002-11-11,0.255,201488
2002-11-08,0.244,200975
2002-11-07,0.974,200486
2002-11-06,0.330,198551
2002-11-05,-0.270,197898
2002-11-04,-0.316,198435
2002-11-01,-0.598,199064
2002-10-31,0.513,200261
2002-10-30,-0.012,199239
2002-10-29,0.906,199262
2002-10-28,0.118,197474
2002-10-25,0.438,197241
2002-10-24,0.475,196382
2002-10-23,0.214,195453
2002-10-22,-0.048,195035
2002-10-21,-0.768,195127
2002-10-18,0.296,196637
2002-10-17,-0.530,196057
2002-10-16,0.000,197102
2002-10-15,-1.680,197102
2002-10-14,-0.081,200470
2002-10-11,-0.713,200633
2002-10-10,-0.571,202073
2002-10-09,0.505,203235
2002-10-08,-0.183,202212
2002-10-07,0.391,202584
2002-10-04,0.104,201794
2002-10-03,-0.058,201585
2002-10-02,0.335,201701
2002-10-01,-0.870,201028
2002-09-30,0.586,202793
2002-09-27,0.659,201612
2002-09-26,-0.069,200291
2002-09-25,-0.757,200430
2002-09-24,0.357,201959
2002-09-23,0.567,201241
2002-09-20,-0.035,200106
2002-09-19,0.500,200176
2002-09-18,0.116,199180
2002-09-17,0.327,198948
2002-09-16,0.035,198300
2002-09-13,0.470,198230
2002-09-12,0.519,197304
2002-09-11,-0.364,196285
2002-09-10,0.354,197003
2002-09-09,-0.141,196308
2002-09-06,-0.772,196586
2002-09-05,0.399,198114
2002-09-04,-0.035,197327
2002-09-03,1.087,197396
2002-08-30,0.189,195273
2002-08-29,0.464,194904
2002-08-28,0.370,194003
2002-08-27,-0.298,193288
2002-08-26,0.048,193865
2002-08-23,0.455,193773
2002-08-22,-0.536,192895
2002-08-21,-0.249,193934
2002-08-20,0.923,194419
2002-08-19,0.096,192642
2002-08-16,-0.655,192457
2002-08-15,-0.580,193726
2002-08-14,-0.295,194857
2002-08-13,0.798,195434
2002-08-12,0.203,193888
2002-08-09,0.745,193496
2002-08-08,-0.347,192064
2002-08-07,0.312,192734
2002-08-06,-0.810,192134
2002-08-05,0.503,193703
2002-08-02,0.772,192734
2002-08-01,0.412,191257
2002-07-31,0.917,190472
2002-07-30,-0.061,188741
2002-07-29,-1.172,188856
2002-07-26,0.094,191095
2002-07-25,0.511,190916
2002-07-24,-0.118,189944
2002-07-23,0.298,190169
2002-07-22,0.714,189604
2002-07-19,0.330,188259
2002-07-18,0.438,187640
2002-07-17,0.369,186821
2002-07-16,-0.596,186135
2002-07-15,-0.186,187251
2002-07-12,0.228,187600
2002-07-11,0.021,187174
2002-07-10,0.920,187135
2002-07-09,0.432,185429
2002-07-08,0.467,184631
2002-07-05,-0.832,183773
2002-07-03,-0.083,185314
2002-07-02,0.606,185469
2002-07-01,-0.018,184352
2002-06-28,-0.079,184386
2002-06-27,-0.665,184531
2002-06-26,0.986,185767
2002-06-25,-0.011,183954
2002-06-24,-0.524,183973
2002-06-21,0.432,184943
2002-06-20,-0.629,184147
2002-06-19,0.844,185313
2002-06-18,0.126,183762
2002-06-17,-0.387,183531
2002-06-14,0.737,184244
2002-06-13,0.294,182896
2002-06-12,0.294,182359
2002-06-11,0.397,181825
2002-06-10,0.225,181106
2002-06-07,-0.383,180698
2002-06-06,0.293,181393
2002-06-05,-0.248,180863
2002-06-04,0.193,181312
2002-06-03,0.158,180962
2002-05-31,-0.148,180677
2002-05-30,0.432,180946
2002-05-29,0.396,180168
2002-05-28,0.023,179458
2002-05-24,0.023,179417
2002-05-23,-0.144,179377
2002-05-22,0.359,179636
2002-05-21,0.260,178992
2002-05-20,0.461,178529
2002-05-17,-0.446,177709
2002-05-16,0.560,178506
2002-05-15,0.291,177512
2002-05-14,-0.544,176998
2002-05-13,-0.550,177965
2002-05-10,0.430,178949
2002-05-09,0.256,178183
2002-05-08,-0.948,177729
2002-05-07,0.125,179431
2002-05-06,-0.113,179207
2002-05-03,0.395,179410
2002-05-02,-0.315,178705
2002-05-01,0.188,179269
2002-04-30,0.192,178932
2002-04-29,-0.315,178589
2002-04-26,0.192,179153
2002-04-25,0.089,178810
2002-04-24,0.529,178651
2002-04-23,0.054,177711
2002-04-22,0.156,177616
2002-04-19,0.156,177339
2002-04-18,0.089,177063
2002-04-17,-0.211,176905
2002-04-16,-0.314,177278
2002-04-15,0.259,177836
2002-04-12,0.290,177377
2002-04-11,0.156,176864
2002-04-10,-0.112,176588
2002-04-09,0.258,176786
2002-04-08,-0.179,176331
2002-04-05,0.494,176647
2002-04-04,0.120,175778
2002-04-03,0.493,175567
2002-04-02,0.555,174706
2002-04-01,-0.040,173742
2002-03-28,-0.443,173812
2002-03-27,0.057,174585
2002-03-26,0.386,174486
2002-03-25,-0.009,173815
2002-03-22,-0.079,173831
2002-03-21,0.018,173969
2002-03-20,-0.443,173937
2002-03-19,-0.045,174711
2002-03-18,0.222,174790
2002-03-15,0.320,174402
2002-03-14,-0.811,173846
2002-03-13,0.360,175267
2002-03-12,0.089,174639
2002-03-11,-0.013,174484
2002-03-08,-0.676,174507
2002-03-07,-1.121,175696
2002-03-06,-0.213,177687
2002-03-05,0.021,178067
2002-03-04,-0.249,178030
2002-03-01,-0.727,178475
2002-02-28,-0.216,179783
2002-02-27,0.669,180172
2002-02-26,-0.490,178975
2002-02-25,-0.116,179856
2002-02-22,0.328,180065
2002-02-21,-0.016,179475
2002-02-20,0.020,179503
2002-02-19,-0.223,179467
2002-02-15,0.669,179868
2002-02-14,0.356,178673
2002-02-13,-0.249,178038
2002-02-12,-0.386,178484
2002-02-11,-0.047,179175
2002-02-08,0.260,179259
2002-02-07,-0.083,178793
2002-02-06,-0.158,178942
2002-02-05,0.193,179225
2002-02-04,0.600,178880
2002-02-01,0.324,177812
2002-01-31,-0.316,177237
2002-01-30,-0.014,177799
2002-01-29,0.770,177824
2002-01-28,-0.113,176465
2002-01-25,-0.216,176664
2002-01-24,-0.078,177047
2002-01-23,-0.587,177185
2002-01-22,-0.150,178230
2002-01-18,0.293,178499
2002-01-17,-0.692,177977
2002-01-16,0.021,179218
2002-01-15,0.190,179180
2002-01-14,0.089,178841
2002-01-11,0.601,178681
2002-01-10,0.771,177613
2002-01-09,0.022,176255
2002-01-08,-0.010,176217
2002-01-07,0.700,176234
2002-01-04,-0.183,175010
2002-01-03,0.291,175331
2002-01-02,-0.851,174822
2001-12-31,0.597,176322
2001-12-28,-0.148,175275
2001-12-27,0.663,175535
2001-12-26,-0.282,174378
2001-12-24,-0.381,174871
2001-12-21,-0.212,175540
2001-12-20,-0.050,175913
2001-12-19,0.597,176000
2001-12-18,0.695,174955
2001-12-17,-0.112,173748
2001-12-14,-0.715,173943
2001-12-13,-0.755,175196
2001-12-12,0.766,176527
2001-12-11,0.362,175186
2001-12-10,0.224,174553
2001-12-07,-1.017,174164
2001-12-06,-0.825,175953
2001-12-05,-1.545,177417
2001-12-04,0.363,180201
2001-12-03,0.262,179549
2001-11-30,0.089,179080
2001-11-29,1.355,178921
2001-11-28,0.057,176530
2001-11-27,0.531,176430
2001-11-26,-0.082,175498
2001-11-23,-0.349,175642
2001-11-21,-0.728,176256
2001-11-20,-0.524,177548
2001-11-19,0.879,178483
2001-11-16,-0.866,176927
2001-11-15,-1.759,178472
2001-11-14,-0.915,181668
2001-11-13,-0.504,183345
2001-11-12,0.019,184273
2001-11-09,-0.194,184238
2001-11-08,-0.679,184596
2001-11-07,0.579,185858
2001-11-06,0.199,184787
2001-11-05,0.400,184420
2001-11-02,-0.812,183685
2001-11-01,0.291,185189
2001-10-31,0.886,184652
2001-10-30,0.510,183030
2001-10-29,0.264,182102
2001-10-26,0.227,181623
2001-10-25,0.365,181211
2001-10-24,0.401,180551
2001-10-23,-0.186,179830
2001-10-22,0.020,180165
2001-10-19,-0.324,180129
2001-10-18,0.053,180715
2001-10-17,0.020,180620
2001-10-16,0.263,180583
2001-10-15,0.397,180109
2001-10-12,0.125,179397
2001-10-11,-0.529,179172
2001-10-10,0.053,180125
2001-10-09,-0.632,180030
2001-10-08,0.020,181176
2001-10-05,0.162,181140
2001-10-04,-0.079,180848
2001-10-03,0.190,180990
2001-10-02,0.158,180647
2001-10-01,0.328,180362
2001-09-28,-0.191,179772
2001-09-27,0.466,180116
2001-09-26,0.465,179280
2001-09-25,0.125,178449
2001-09-24,-0.221,178226
2001-09-21,0.328,178621
2001-09-20,-0.390,178038
2001-09-19,0.299,178735
2001-09-18,-0.561,178203
2001-09-17,1.828,179207
2001-09-10,-0.181,175990
2001-09-07,0.429,176309
2001-09-06,0.839,175556
2001-09-05,0.155,174095
2001-09-04,-0.997,173825
2001-08-31,-0.317,175576
2001-08-30,-0.049,176133
2001-08-29,0.461,176219
2001-08-28,0.667,175411
2001-08-27,-0.048,174248
2001-08-24,-0.215,174331
2001-08-23,0.155,174708
2001-08-22,-0.180,174436
2001-08-21,0.219,174751
2001-08-20,-0.419,174368
2001-08-17,0.696,175102
2001-08-16,0.394,173893
2001-08-15,-0.182,173210
2001-08-14,-0.016,173526
2001-08-13,0.155,173553
2001-08-10,0.358,173284
2001-08-09,-0.352,172666
2001-08-08,1.155,173276
2001-08-07,-0.045,171298
2001-08-06,0.054,171376
2001-08-03,-0.144,171284
2001-08-02,-0.417,171531
2001-08-01,-0.248,172249
2001-07-31,0.327,172677
2001-07-30,0.156,172114
2001-07-27,0.425,171846
2001-07-26,0.124,171118
2001-07-25,-0.448,170906
2001-07-24,0.057,171675
2001-07-23,0.191,171577
2001-07-20,-0.113,171249
2001-07-19,-0.081,171443
2001-07-18,0.765,171583
2001-07-17,-0.045,170279
2001-07-16,0.424,170357
2001-07-13,-0.013,169638
2001-07-12,0.289,169661
2001-07-11,0.089,169171
2001-07-10,0.391,169021
2001-07-09,0.253,168363
2001-07-06,0.292,167938
2001-07-05,-0.212,167449
2001-07-03,-0.244,167804
2001-07-02,0.425,168214
2001-06-29,-0.373,167502
2001-06-28,-0.683,168128
2001-06-27,-0.147,169284
2001-06-26,-0.514,169534
2001-06-25,-0.113,170409
2001-06-22,0.524,170602
2001-06-21,0.120,169714
2001-06-20,0.156,169509
2001-06-19,0.124,169246
2001-06-18,0.092,169036
2001-06-15,-0.045,168880
2001-06-14,0.226,168957
2001-06-13,-0.045,168576
2001-06-12,0.356,168652
2001-06-11,0.422,168055
2001-06-08,-0.276,167349
2001-06-07,-0.378,167811
2001-06-06,0.085,168448
2001-06-05,0.457,168306
2001-06-04,0.218,167540
2001-06-01,0.253,167175
2001-05-31,0.788,166753
2001-05-30,0.058,165449
2001-05-29,-0.109,165354
2001-05-25,0.023,165536
2001-05-24,-0.635,165498
2001-05-23,0.053,166556
2001-05-22,-0.009,166467
2001-05-21,-0.013,166483
2001-05-18,0.214,166504
2001-05-17,0.120,166149
2001-05-16,0.190,165949
2001-05-15,-0.277,165634
2001-05-14,0.389,166094
2001-05-11,-1.336,165449
2001-05-10,-0.748,167690
2001-05-09,0.361,168953
2001-05-08,-0.109,168345
2001-05-07,0.021,168528
2001-05-04,0.159,168492
2001-05-03,0.624,168225
2001-05-02,-0.045,167182
2001-05-01,0.355,167257
2001-04-30,-0.080,166665
2001-04-27,-0.911,166798
2001-04-26,0.557,168332
2001-04-25,-0.414,167399
2001-04-24,-0.077,168095
2001-04-23,0.660,168225
2001-04-20,-0.077,167122
2001-04-19,-0.847,167251
2001-04-18,0.597,168679
2001-04-17,0.525,167678
2001-04-16,-0.713,166803
2001-04-12,-0.385,168000
2001-04-11,-0.181,168650
2001-04-10,-1.056,168955
2001-04-09,-0.215,170758
2001-04-06,0.702,171127
2001-04-05,-0.286,169935
2001-04-04,0.055,170422
2001-04-03,0.326,170328
2001-04-02,-0.353,169774
2001-03-30,0.429,170377
2001-03-29,0.023,169648
2001-03-28,0.222,169609
2001-03-27,-0.992,169233
2001-03-26,-0.285,170929
2001-03-23,-0.457,171417
2001-03-22,0.327,172204
2001-03-21,0.122,171643
2001-03-20,0.326,171433
2001-03-19,-0.253,170876
2001-03-16,0.222,171309
2001-03-15,0.258,170929
2001-03-14,0.764,170490
2001-03-13,-0.184,169196
2001-03-12,0.186,169508
2001-03-09,-0.386,169193
2001-03-08,0.257,169849
2001-03-07,0.456,169413
2001-03-06,-0.013,168643
2001-03-05,-0.148,168665
2001-03-02,-0.592,168915
2001-03-01,0.357,169921
2001-02-28,0.289,169316
2001-02-27,0.591,168827
2001-02-26,0.391,167836
2001-02-23,0.355,167182
2001-02-22,-0.012,166591
2001-02-21,-0.181,166611
2001-02-20,0.055,166913
2001-02-16,0.591,166822
2001-02-15,-0.416,165842
2001-02-14,-0.347,166535
2001-02-13,-0.150,167115
2001-02-12,-0.151,167367
2001-02-09,0.525,167619
2001-02-08,-0.016,166743
2001-02-07,0.436,166770
2001-02-06,-0.247,166046
2001-02-05,-0.011,166457
2001-02-02,-0.484,166475
2001-02-01,0.555,167284
2001-01-31,0.497,166361
2001-01-30,0.555,165538
2001-01-29,-0.144,164624
2001-01-26,0.021,164861
2001-01-25,0.288,164826
2001-01-24,-0.179,164354
2001-01-23,-0.312,164648
2001-01-22,-0.345,165163
2001-01-19,-0.483,165734
2001-01-18,0.526,166539
2001-01-17,0.461,165669
2001-01-16,0.122,164909
2001-01-12,-0.748,164707
2001-01-11,-0.213,165949
2001-01-10,-0.750,166303
2001-01-09,-0.251,167560
2001-01-08,-0.049,167981
2001-01-05,0.837,168063
2001-01-04,0.759,166667
2001-01-03,-1.418,165413
2001-01-02,1.334,167791
2000-12-29,0.227,165583
2000-12-28,-0.185,165208
2000-12-27,-0.485,165514
2000-12-26,-0.115,166321
2000-12-22,0.157,166513
2000-12-21,0.284,166252
2000-12-20,0.686,165781
2000-12-19,-0.149,164651
2000-12-18,0.291,164897
2000-12-15,0.255,164419
2000-12-14,0.385,164001
2000-12-13,0.556,163372
2000-12-12,0.052,162470
2000-12-11,-0.147,162386
2000-12-08,-0.249,162625
2000-12-07,-0.015,163031
2000-12-06,0.787,163055
2000-12-05,0.717,161782
2000-12-04,-0.010,160630
2000-12-01,-0.312,160647
2000-11-30,0.587,161149
2000-11-29,0.284,160208
2000-11-28,0.419,159754
2000-11-27,-0.044,159089
2000-11-24,-0.079,159159
2000-11-22,0.349,159285
2000-11-21,0.052,158731
2000-11-20,0.218,158648
2000-11-17,-0.140,158303
2000-11-16,0.283,158525
2000-11-15,0.248,158078
2000-11-14,0.156,157686
2000-11-13,0.279,157441
2000-11-10,0.091,157003
2000-11-09,0.381,156861
2000-11-08,0.056,156266
2000-11-07,0.022,156178
2000-11-06,-0.272,156144
2000-11-03,-0.563,156569
2000-11-02,0.056,157455
2000-11-01,0.251,157368
2000-10-31,-0.174,156973
2000-10-30,-0.109,157247
2000-10-27,-0.243,157418
2000-10-26,-0.075,157802
2000-10-25,-0.275,157921
2000-10-24,-0.241,158356
2000-10-23,0.384,158739
2000-10-20,0.186,158132
2000-10-19,0.021,157838
2000-10-18,0.117,157805
2000-10-17,0.448,157620
2000-10-16,-0.078,156917
2000-10-13,0.021,157040
2000-10-12,0.351,157007
2000-10-11,0.217,156458
2000-10-10,0.117,156120
2000-10-09,0.022,155937
2000-10-06,0.381,155903
2000-10-05,0.216,155312
2000-10-04,-0.138,154977
2000-10-03,-0.238,155192
2000-10-02,-0.139,155561
2000-09-29,0.185,155778
2000-09-28,0.052,155490
2000-09-27,-0.074,155409
2000-09-26,0.250,155524
2000-09-25,0.052,155136
2000-09-22,0.250,155056
2000-09-21,0.216,154669
2000-09-20,-0.302,154336
2000-09-19,0.151,154803
2000-09-18,-0.135,154570
2000-09-15,-0.235,154780
2000-09-14,-0.270,155144
2000-09-13,0.315,155564
2000-09-12,-0.010,155076
2000-09-11,-0.205,155092
2000-09-08,0.181,155411
2000-09-07,-0.205,155130
2000-09-06,-0.244,155450
2000-09-05,-0.011,155829
2000-09-01,0.414,155846
2000-08-31,0.574,155203
2000-08-30,0.020,154317
2000-08-29,-0.174,154286
2000-08-28,-0.338,154555
2000-08-25,0.020,155080
2000-08-24,0.054,155049
2000-08-23,0.379,154966
2000-08-22,0.085,154381
2000-08-21,-0.045,154250
2000-08-18,0.249,154319
2000-08-17,0.115,153937
2000-08-16,-0.109,153759
2000-08-15,-0.174,153928
2000-08-14,0.085,154196
2000-08-11,-0.277,154066
2000-08-10,0.276,154493
2000-08-09,0.423,154068
2000-08-08,0.315,153419
2000-08-07,-0.365,152938
2000-08-04,0.315,153498
2000-08-03,0.182,153017
2000-08-02,0.219,152740
2000-08-01,0.314,152406
2000-07-31,0.022,151929
2000-07-28,-0.107,151896
2000-07-27,0.151,152058
2000-07-26,0.056,151829
2000-07-25,0.056,151744
2000-07-24,-0.205,151660
2000-07-21,0.056,151971
2000-07-20,1.055,151887
2000-07-19,-0.012,150301
2000-07-18,0.086,150318
2000-07-17,-0.392,150189
2000-07-14,-0.656,150779
2000-07-13,0.571,151775
2000-07-12,-0.204,150914
2000-07-11,-0.073,151223
2000-07-10,-0.205,151333
2000-07-07,0.381,151643
2000-07-06,-0.364,151068
2000-07-05,0.086,151619
2000-07-03,0.316,151489
2000-06-30,0.119,151012
2000-06-29,0.437,150832
2000-06-28,-0.009,150175
2000-06-27,0.086,150188
2000-06-26,0.534,150060
2000-06-23,-0.425,149263
2000-06-22,-0.009,149900
2000-06-21,-0.524,149913
2000-06-20,-0.171,150703
2000-06-19,-0.077,150962
2000-06-16,0.407,151078
2000-06-15,0.086,150466
2000-06-14,0.410,150337
2000-06-13,-0.140,149723
2000-06-12,0.278,149933
2000-06-09,0.022,149518
2000-06-08,-0.012,149486
2000-06-07,0.119,149504
2000-06-06,-0.073,149325
2000-06-05,0.213,149434
2000-06-02,0.341,149116
2000-06-01,0.562,148609
2000-05-31,0.594,147778
2000-05-30,-0.261,146905
2000-05-26,0.403,147289
2000-05-25,0.562,146698
2000-05-24,-0.103,145878
2000-05-23,-0.040,146029
2000-05-22,0.465,146088
2000-05-19,0.404,145412
2000-05-18,-0.512,144827
2000-05-17,-0.292,145573
2000-05-16,0.242,146000
2000-05-15,0.308,145647
2000-05-12,-0.514,145200
2000-05-11,0.209,145950
2000-05-10,0.435,145646
2000-05-09,0.308,145015
2000-05-08,-0.387,144570
2000-05-05,-0.259,145131
2000-05-04,-0.322,145507
2000-05-03,-0.483,145978
2000-05-02,-0.168,146687
2000-05-01,-0.359,146934
2000-04-28,0.055,147464
2000-04-27,-0.585,147382
2000-04-26,0.021,148249
2000-04-25,-0.907,148217
2000-04-24,-0.009,149573
2000-04-20,0.055,149587
2000-04-19,0.440,149506
2000-04-18,-0.168,148850
2000-04-17,-0.973,149101
2000-04-14,0.601,150565
2000-04-13,0.247,149666
2000-04-12,-0.528,149297
2000-04-11,-0.662,150089
2000-04-10,0.374,151089
2000-04-07,0.439,150526
2000-04-06,-0.173,149868
2000-04-05,-0.014,150128
2000-04-04,0.666,150148
2000-04-03,0.214,149155
2000-03-31,0.214,148837
2000-03-30,0.858,148519
2000-03-29,-0.009,147256
2000-03-28,0.277,147268
2000-03-27,-0.009,146862
2000-03-24,-0.743,146875
2000-03-23,0.307,147974
2000-03-22,-0.046,147521
2000-03-21,0.341,147589
2000-03-20,0.048,147088
2000-03-17,0.371,147017
2000-03-16,0.247,146473
2000-03-15,0.183,146113
2000-03-14,0.340,145846
2000-03-13,0.213,145352
2000-03-10,-0.230,145044
2000-03-09,0.179,145379
2000-03-08,0.086,145119
2000-03-07,0.213,144995
2000-03-06,-0.167,144687
2000-03-03,0.119,144929
2000-03-02,-0.041,144756
2000-03-01,0.246,144815
2000-02-29,-0.293,144460
2000-02-28,-0.041,144885
2000-02-25,0.022,144944
2000-02-24,0.562,144912
2000-02-23,-0.549,144101
2000-02-22,0.813,144896
2000-02-18,0.590,143728
2000-02-17,-0.168,142885
2000-02-16,-0.010,143126
2000-02-15,-0.043,143140
2000-02-14,0.464,143201
2000-02-11,0.341,142539
2000-02-10,-0.599,142054
2000-02-09,-0.053,142910
2000-02-08,0.405,142985
2000-02-07,-0.699,142409
2000-02-04,-0.261,143411
2000-02-03,0.619,143787
2000-02-02,0.084,142903
2000-02-01,0.336,142782
2000-01-31,-0.133,142304
2000-01-28,0.085,142494
2000-01-27,0.055,142374
2000-01-26,0.055,142295
2000-01-25,-0.037,142216
2000-01-24,0.621,142269
2000-01-21,0.026,141391
2000-01-20,-0.316,141354
2000-01-19,0.184,141802
2000-01-18,-0.383,141541
2000-01-14,-0.285,142085
2000-01-13,0.592,142491
2000-01-12,-0.255,141653
2000-01-11,-0.603,142015
2000-01-10,-0.257,142876
2000-01-07,0.341,143244
2000-01-06,0.340,142758
2000-01-05,-0.760,142274
2000-01-04,0.594,143363
2000-01-03,-0.695,142517
1999-12-31,-0.389,143514
1999-12-30,0.121,144075
1999-12-29,0.281,143901
1999-12-28,-0.166,143497
1999-12-27,0.121,143736
1999-12-23,-0.103,143563
1999-12-22,-0.073,143711
1999-12-21,-0.070,143817
1999-12-20,-0.391,143917
1999-12-17,0.020,144482
1999-12-16,-0.392,144453
1999-12-15,-0.202,145022
1999-12-14,-0.714,145315
1999-12-13,-0.170,146359
1999-12-10,0.443,146608
1999-12-09,0.121,145962
1999-12-08,-0.233,145786
1999-12-07,0.310,146127
1999-12-06,0.155,145675
1999-12-03,0.505,145450
1999-12-02,-0.168,144719
1999-12-01,-0.202,144963
1999-11-30,0.249,145257
1999-11-29,-0.485,144897
1999-11-26,-0.170,145603
1999-11-24,0.026,145851
1999-11-23,0.053,145813
1999-11-22,-0.106,145736
1999-11-19,-0.042,145891
1999-11-18,-0.106,145952
1999-11-17,-0.462,146108
1999-11-16,-0.172,146786
1999-11-15,-0.043,147038
1999-11-12,0.508,147101
1999-11-11,0.022,146358
1999-11-10,-0.205,146325
1999-11-09,-0.107,146626
1999-11-08,-0.104,146784
1999-11-05,0.249,146936
1999-11-04,0.443,146571
1999-11-03,0.181,145925
1999-11-02,0.184,145661
1999-11-01,-0.235,145393
1999-10-29,0.699,145735
1999-10-28,0.538,144724
1999-10-27,0.409,143950
1999-10-26,-0.105,143364
1999-10-25,-0.042,143515
1999-10-22,-0.008,143574
1999-10-21,-0.075,143586
1999-10-20,-0.075,143695
1999-10-19,-0.327,143803
1999-10-18,-0.103,144276
1999-10-15,0.534,144424
1999-10-14,-0.331,143657
1999-10-13,-0.332,144134
1999-10-12,-0.137,144615
1999-10-11,0.021,144813
1999-10-08,0.085,144782
1999-10-07,-0.043,144659
1999-10-06,-0.141,144721
1999-10-05,-0.496,144925
1999-10-04,0.412,145648
1999-10-01,-0.690,145051
1999-09-30,0.507,146058
1999-09-29,-0.528,145321
1999-09-28,-0.435,146092
1999-09-27,-0.464,146731
1999-09-24,0.801,147414
1999-09-23,0.379,146243
1999-09-22,0.150,145691
1999-09-21,-0.172,145473
1999-09-20,-0.271,145724
1999-09-17,0.215,146120
1999-09-16,0.314,145807
1999-09-15,0.218,145351
1999-09-14,-0.304,145034
1999-09-13,-0.139,145477
1999-09-10,0.572,145679
1999-09-09,-0.236,144851
1999-09-08,0.150,145194
1999-09-07,-0.332,144977
1999-09-03,0.823,145459
1999-09-02,-0.202,144272
1999-09-01,-0.009,144564
1999-08-31,-0.206,144577
1999-08-30,-0.657,144875
1999-08-27,-0.593,145834
1999-08-26,-0.110,146703
1999-08-25,0.801,146864
1999-08-24,0.314,145697
1999-08-23,-0.044,145242
1999-08-20,0.150,145305
1999-08-19,-0.142,145088
1999-08-18,0.085,145295
1999-08-17,0.602,145171
1999-08-16,0.089,144301
1999-08-13,0.732,144173
1999-08-12,-0.103,143124
1999-08-11,0.524,143273
1999-08-10,-0.203,142526
1999-08-09,-0.615,142817
1999-08-06,-0.980,143700
1999-08-05,0.470,145122
1999-08-04,-0.009,144443
1999-08-03,-0.138,144456
1999-08-02,-0.013,144656
1999-07-30,-0.237,144674
1999-07-29,-0.500,145018
1999-07-28,0.086,145747
1999-07-27,0.281,145622
1999-07-26,-0.108,145214
1999-07-23,-0.368,145372
1999-07-22,-0.793,145908
1999-07-21,-0.045,147075
1999-07-20,0.120,147141
1999-07-19,0.117,146964
1999-07-16,0.316,146793
1999-07-15,0.117,146331
1999-07-14,-0.175,146160
1999-07-13,0.216,146416
1999-07-12,0.672,146100
1999-07-09,0.018,145124
1999-07-08,0.475,145099
1999-07-07,-0.203,144412
1999-07-06,-0.367,144706
1999-07-02,0.182,145239
1999-07-01,-0.272,144975
1999-06-30,0.904,145371
1999-06-29,0.215,144069
1999-06-28,0.443,143759
1999-06-25,0.181,143126
1999-06-24,-0.299,142867
1999-06-23,-0.399,143296
1999-06-22,-0.237,143869
1999-06-21,-0.469,144211
1999-06-18,-0.235,144890
1999-06-17,1.065,145231
1999-06-16,0.246,143701
1999-06-15,0.022,143348
1999-06-14,0.314,143317
1999-06-11,-0.622,142868
1999-06-10,-0.302,143762
1999-06-09,-0.272,144197
1999-06-08,-0.074,144590
1999-06-07,0.086,144698
1999-06-04,-0.109,144573
1999-06-03,0.124,144731
1999-06-02,-0.006,144552
1999-06-01,-0.957,144561
1999-05-28,-0.111,145958
1999-05-27,-0.507,146119
1999-05-26,-0.374,146863
1999-05-25,0.016,147414
1999-05-24,0.151,147390
1999-05-21,0.511,147167
1999-05-20,-0.049,146419
1999-05-19,0.510,146490
1999-05-18,-0.179,145747
1999-05-17,-0.241,146007
1999-05-14,-1.424,146359
1999-05-13,0.751,148474
1999-05-12,0.374,147367
1999-05-11,-0.307,146818
1999-05-10,0.090,147271
1999-05-07,-0.145,147138
1999-05-06,-0.735,147352
1999-05-05,0.153,148442
1999-05-04,-0.244,148216
1999-05-03,-0.112,148579
1999-04-30,-0.978,148746
1999-04-29,0.388,150214
1999-04-28,-0.243,149633
1999-04-27,0.121,149997
1999-04-26,0.219,149816
1999-04-23,-0.012,149488
1999-04-22,-0.583,149506
1999-04-21,0.023,150382
1999-04-20,0.153,150348
1999-04-19,0.353,150119
1999-04-16,-0.314,149591
1999-04-15,-0.244,150062
1999-04-14,-0.048,150429
1999-04-13,-0.383,150502
1999-04-12,-0.013,151079
1999-04-09,-0.080,151100
1999-04-08,0.721,151221
1999-04-07,-0.013,150139
1999-04-06,0.486,150158
1999-04-05,0.485,149431
1999-04-01,-0.114,148710
1999-03-31,-0.247,148879
1999-03-30,0.450,149248
1999-03-29,-0.376,148579
1999-03-26,0.019,149139
1999-03-25,-0.283,149111
1999-03-24,0.254,149534
1999-03-23,0.050,149155
1999-03-22,-0.212,149080
1999-03-19,-0.417,149397
1999-03-18,0.219,150022
1999-03-17,-0.182,149694
1999-03-16,0.321,149967
1999-03-15,0.120,149487
1999-03-12,0.317,149307
1999-03-11,-0.013,148835
1999-03-10,-0.115,148854
1999-03-09,0.682,149025
1999-03-08,0.246,148016
1999-03-05,0.519,147652
1999-03-04,-0.182,146891
1999-03-03,-0.245,147158
1999-03-02,0.351,147519
1999-03-01,-0.673,147003
1999-02-26,0.254,147998
1999-02-25,-0.909,147624
1999-02-24,-0.550,148978
1999-02-23,-0.415,149801
1999-02-22,0.322,150425
1999-02-19,-0.183,149942
1999-02-18,-0.420,150216
1999-02-17,0.355,150849
1999-02-16,0.255,150316
1999-02-12,-0.994,149934
1999-02-11,-0.149,151439
1999-02-10,0.050,151665
1999-02-09,0.256,151589
1999-02-08,0.054,151201
1999-02-05,-0.283,151120
1999-02-04,-0.494,151550
1999-02-03,-0.253,152302
1999-02-02,-0.289,152689
1999-02-01,-0.630,153132
1999-01-29,0.086,154103
1999-01-28,0.086,153971
1999-01-27,0.122,153839
1999-01-26,-0.119,153653
1999-01-25,-0.115,153835
1999-01-22,0.427,154013
1999-01-21,0.462,153359
1999-01-20,-0.286,152654
1999-01-19,-0.359,153093
1999-01-15,-0.188,153644
1999-01-14,0.768,153933
1999-01-13,0.454,152760
1999-01-12,0.489,152070
1999-01-11,-0.216,151330
1999-01-08,-0.627,151658
1999-01-07,-0.326,152615
1999-01-06,0.194,153113
1999-01-05,-0.322,152817
1999-01-04,-0.183,153312
1998-12-31,-0.055,153593
1998-12-30,0.355,153678
1998-12-29,0.495,153134
1998-12-28,0.526,152380
1998-12-24,-0.320,151583
1998-12-23,-0.764,152070
1998-12-22,-0.391,153241
1998-12-21,-0.465,153843
1998-12-18,-0.019,154561
1998-12-17,-0.091,154590
1998-12-16,0.437,154730
1998-12-15,-0.328,154057
1998-12-14,0.224,154564
1998-12-11,-0.530,154219
1998-12-10,0.296,155041
1998-12-09,0.328,154583
1998-12-08,0.634,154078
1998-12-07,-0.532,153107
1998-12-04,-0.364,153925
1998-12-03,0.050,154488
1998-12-02,0.603,154410
1998-12-01,0.497,153484
1998-11-30,0.604,152725
1998-11-27,0.119,151809
1998-11-25,0.083,151629
1998-11-24,-0.085,151503
1998-11-23,-0.117,151631
1998-11-20,0.259,151809
1998-11-19,-0.088,151417
1998-11-18,0.155,151551
1998-11-17,-0.081,151316
1998-11-16,-0.113,151438
1998-11-13,-0.285,151609
1998-11-12,0.291,152043
1998-11-11,0.019,151602
1998-11-10,0.459,151573
1998-11-09,0.465,150881
1998-11-06,-0.831,150183
1998-11-05,0.051,151441
1998-11-04,-0.678,151364
1998-11-03,-0.013,152398
1998-11-02,-0.975,152417
1998-10-30,-0.595,153919
1998-10-29,0.360,154840
1998-10-28,0.298,154285
1998-10-27,0.706,153827
1998-10-26,-0.006,152748
1998-10-23,-0.564,152757
1998-10-22,-0.151,153624
1998-10-21,-0.155,153856
1998-10-20,-0.597,154095
1998-10-19,0.029,155020
1998-10-16,1.020,154975
1998-10-15,0.090,153410
1998-10-14,1.083,153272
1998-10-13,0.291,151631
1998-10-12,0.018,151191
1998-10-09,-1.410,151164
1998-10-08,-1.529,153326
1998-10-07,-0.749,155706
1998-10-06,-0.577,156881
1998-10-05,0.880,157792
1998-10-02,0.193,156415
1998-10-01,0.818,156114
1998-09-30,1.018,154848
1998-09-29,0.119,153288
1998-09-28,-0.014,153106
1998-09-25,0.257,153127
1998-09-24,0.470,152735
1998-09-23,0.328,152021
1998-09-22,-0.290,151525
1998-09-21,0.051,151966
1998-09-18,0.702,151889
1998-09-17,0.563,150830
1998-09-16,0.155,149985
1998-09-15,-0.148,149753
1998-09-14,-0.081,149975
1998-09-11,-0.592,150096
1998-09-10,1.349,150990
1998-09-09,0.699,148980
1998-09-08,-0.115,147947
1998-09-04,0.087,148117
1998-09-03,0.455,147989
1998-09-02,-0.210,147318
1998-09-01,-0.087,147628
1998-08-31,0.360,147756
1998-08-28,0.186,147227
1998-08-27,0.888,146954
1998-08-26,0.024,145661
1998-08-25,0.389,145626
1998-08-24,0.189,145062
1998-08-21,0.419,144789
1998-08-20,0.251,144184
1998-08-19,-0.010,143823
1998-08-18,-0.045,143838
1998-08-17,0.056,143904
1998-08-14,0.286,143824
1998-08-13,-0.209,143414
1998-08-12,-0.178,143714
1998-08-11,0.286,143971
1998-08-10,-0.011,143560
1998-08-07,0.320,143576
1998-08-06,-0.046,143118
1998-08-05,0.055,143183
1998-08-04,0.184,143104
1998-08-03,0.319,142841
1998-07-31,0.021,142386
1998-07-30,0.187,142357
1998-07-29,-0.146,142091
1998-07-28,-0.142,142298
1998-07-27,-0.111,142501
1998-07-24,0.020,142660
1998-07-23,0.052,142631
1998-07-22,-0.011,142557
1998-07-21,0.149,142572
1998-07-20,0.253,142360
1998-07-17,-0.045,142001
1998-07-16,-0.146,142065
1998-07-15,0.087,142272
1998-07-14,-0.142,142149
1998-07-13,-0.278,142352
1998-07-10,-0.046,142749
1998-07-09,0.188,142814
1998-07-08,-0.046,142547
1998-07-07,-0.178,142612
1998-07-06,0.184,142866
1998-07-02,0.188,142604
1998-07-01,0.090,142337
1998-06-30,0.218,142209
1998-06-29,-0.080,141899
1998-06-26,0.055,142013
1998-06-25,0.020,141935
1998-06-24,-0.046,141906
1998-06-23,0.086,141971
1998-06-22,0.052,141848
1998-06-19,0.253,141775
1998-06-18,0.249,141417
1998-06-17,-0.571,141065
1998-06-16,-0.442,141876
1998-06-15,0.281,142505
1998-06-12,0.087,142105
1998-06-11,0.553,141982
1998-06-10,0.478,141202
1998-06-09,-0.045,140530
1998-06-08,0.021,140593
1998-06-05,0.121,140563
1998-06-04,-0.110,140393
1998-06-03,-0.045,140548
1998-06-02,-0.176,140611
1998-06-01,0.253,140859
1998-05-29,0.152,140503
1998-05-28,-0.076,140290
1998-05-27,0.218,140396
1998-05-26,0.349,140091
1998-05-22,0.087,139604
1998-05-21,-0.275,139483
1998-05-20,0.318,139868
1998-05-19,-0.044,139425
1998-05-18,0.283,139487
1998-05-15,-0.010,139093
1998-05-14,-0.210,139107
1998-05-13,0.276,139399
1998-05-12,0.576,139015
1998-05-11,-0.465,138219
1998-05-08,-0.205,138865
1998-05-07,0.021,139151
1998-05-06,0.252,139121
1998-05-05,-0.175,138771
1998-05-04,-0.013,139013
1998-05-01,0.121,139031
1998-04-30,0.872,138863
1998-04-29,-0.043,137663
1998-04-28,0.022,137722
1998-04-27,-0.858,137692
1998-04-24,0.152,138885
1998-04-23,-0.044,138673
1998-04-22,0.021,138734
1998-04-21,-0.175,138704
1998-04-20,-0.372,138947
1998-04-17,0.021,139465
1998-04-16,0.121,139436
1998-04-15,0.218,139267
1998-04-14,0.218,138964
1998-04-13,-0.471,138662
1998-04-09,-0.010,139319
1998-04-08,-0.307,139333
1998-04-07,-0.076,139762
1998-04-06,-0.243,139869
1998-04-03,0.649,140209
1998-04-02,0.346,139305
1998-04-01,0.384,138825
1998-03-31,0.348,138295
1998-03-30,-0.240,137815
1998-03-27,-0.013,138146
1998-03-26,-0.240,138164
1998-03-25,-0.406,138497
1998-03-24,-0.010,139062
1998-03-23,0.056,139075
1998-03-20,0.087,138998
1998-03-19,0.021,138878
1998-03-18,-0.110,138849
1998-03-17,-0.145,139002
1998-03-16,0.319,139205
1998-03-13,-0.145,138762
1998-03-12,0.481,138964
1998-03-11,0.283,138299
1998-03-10,0.056,137908
1998-03-09,0.345,137831
1998-03-06,0.382,137357
1998-03-05,-0.143,136834
1998-03-04,0.087,137030
1998-03-03,-0.304,136910
1998-03-02,-0.631,137328
1998-02-27,0.253,138201
1998-02-26,-0.075,137852
1998-02-25,0.380,137956
1998-02-24,-0.767,137434
1998-02-23,-0.242,138496
1998-02-20,-0.107,138831
1998-02-19,-0.146,138980
1998-02-18,-0.274,139183
1998-02-17,0.281,139566
1998-02-13,0.219,139174
1998-02-12,0.087,138871
1998-02-11,0.572,138750
1998-02-10,0.122,137961
1998-02-09,-0.209,137793
1998-02-06,0.022,138082
1998-02-05,-0.341,138052
1998-02-04,0.025,138525
1998-02-03,0.018,138490
1998-02-02,-0.242,138465
1998-01-30,0.316,138800
1998-01-29,0.780,138362
1998-01-28,0.088,137291
1998-01-27,-0.436,137171
1998-01-26,0.447,137772
1998-01-23,-0.894,137159
1998-01-22,-0.075,138396
1998-01-21,0.254,138501
1998-01-20,-0.176,138150
1998-01-16,-0.409,138393
1998-01-15,-0.107,138961
1998-01-14,-0.209,139110
1998-01-13,-0.181,139401
1998-01-12,0.017,139654
1998-01-09,0.618,139630
1998-01-08,0.522,138773
1998-01-07,-0.374,138052
1998-01-06,0.219,138570
1998-01-05,1.045,138266
1998-01-02,0.580,136837
1997-12-31,0.348,136047
1997-12-30,-0.307,135575
1997-12-29,-0.043,135992
1997-12-26,0.088,136051
1997-12-24,-0.139,135932
1997-12-23,-0.043,136121
1997-12-22,0.056,136180
1997-12-19,0.283,136103
1997-12-18,0.314,135719
1997-12-17,-0.170,135294
1997-12-16,0.053,135524
1997-12-15,-0.239,135452
1997-12-12,0.544,135776
1997-12-11,0.543,135041
1997-12-10,0.347,134312
1997-12-09,0.088,133847
1997-12-08,-0.236,133730
1997-12-05,-0.496,134047
1997-12-04,-0.043,134714
1997-12-03,0.218,134772
1997-12-02,0.022,134479
1997-12-01,0.057,134449
1997-11-28,0.022,134373
1997-11-26,-0.077,134343
1997-11-25,0.087,134446
1997-11-24,-0.237,134329
1997-11-21,0.187,134648
1997-11-20,-0.142,134397
1997-11-19,0.252,134588
1997-11-18,0.022,134250
1997-11-17,0.122,134220
1997-11-14,0.053,134057
1997-11-13,0.152,133986
1997-11-12,0.152,133783
1997-11-11,0.023,133579
1997-11-10,-0.076,133549
1997-11-07,0.023,133651
1997-11-06,0.347,133621
1997-11-05,0.057,133159
1997-11-04,-0.236,133083
1997-11-03,-0.431,133398
1997-10-31,0.057,133976
1997-10-30,0.477,133900
1997-10-29,0.408,133264
1997-10-28,-0.396,132723
1997-10-27,0.705,133250
1997-10-24,0.183,132317
1997-10-23,0.607,132076
1997-10-22,0.118,131279
1997-10-21,0.054,131125
1997-10-20,0.118,131054
1997-10-17,-0.456,130900
1997-10-16,0.088,131499
1997-10-15,-0.203,131384
1997-10-14,0.539,131652
1997-10-13,0.024,130946
1997-10-10,-0.395,130915
1997-10-09,-0.041,131435
1997-10-08,-0.878,131489
1997-10-07,0.152,132654
1997-10-06,0.347,132452
1997-10-03,0.023,131994
1997-10-02,0.217,131964
1997-10-01,0.471,131678
1997-09-30,-0.105,131060
1997-09-29,-0.071,131198
1997-09-26,0.346,131291
1997-09-25,-0.555,130839
1997-09-24,0.377,131569
1997-09-23,-0.234,131076
1997-09-22,0.217,131383
1997-09-19,0.152,131098
1997-09-18,-0.074,130899
1997-09-17,0.088,130996
1997-09-16,1.186,130881
1997-09-15,0.055,129347
1997-09-12,0.663,129277
1997-09-11,-0.102,128425
1997-09-10,-0.166,128556
1997-09-09,-0.006,128770
1997-09-08,0.246,128778
1997-09-05,-0.196,128462
1997-09-04,0.025,128714
1997-09-03,-0.137,128683
1997-09-02,0.216,128859
1997-08-29,-0.230,128581
1997-08-28,0.535,128878
1997-08-27,0.025,128192
1997-08-26,0.088,128160
1997-08-25,-0.072,128047
1997-08-22,-0.417,128139
1997-08-21,-0.359,128676
1997-08-20,-0.168,129139
1997-08-19,0.024,129356
1997-08-18,0.408,129325
1997-08-15,0.024,128799
1997-08-14,0.599,128768
1997-08-13,0.216,128000
1997-08-12,-0.200,127725
1997-08-11,0.152,127980
1997-08-08,-0.833,127786
1997-08-07,-0.202,128859
1997-08-06,0.152,129119
1997-08-05,-0.043,128923
1997-08-04,-0.168,128978
1997-08-01,-1.130,129195
1997-07-31,0.251,130672
1997-07-30,0.377,130344
1997-07-29,0.380,129855
1997-07-28,0.152,129364
1997-07-25,-0.138,129167
1997-07-24,-0.037,129346
1997-07-23,0.054,129393
1997-07-22,0.795,129323
1997-07-21,-0.134,128303
1997-07-18,-0.296,128474
1997-07-17,0.054,128856
1997-07-16,0.443,128786
1997-07-15,-0.009,128218
1997-07-14,-0.134,128230
1997-07-11,0.183,128402
1997-07-10,-0.040,128168
1997-07-09,0.186,128218
1997-07-08,0.024,127980
1997-07-07,0.246,127949
1997-07-03,0.727,127634
1997-07-02,0.182,126714
1997-07-01,0.440,126483
1997-06-30,-0.325,125929
1997-06-27,0.279,126339
1997-06-26,-0.225,125988
1997-06-25,-0.266,126271
1997-06-24,-0.068,126607
1997-06-23,-0.065,126694
1997-06-20,0.149,126777
1997-06-19,0.025,126589
1997-06-18,0.149,126557
1997-06-17,-0.098,126369
1997-06-16,0.149,126494
1997-06-13,0.343,126306
1997-06-12,0.533,125874
1997-06-11,0.122,125207
1997-06-10,-0.134,125054
1997-06-09,-0.261,125221
1997-06-06,0.723,125549
1997-06-05,-0.007,124648
1997-06-04,0.056,124657
1997-06-03,0.216,124587
1997-06-02,0.123,124319
1997-05-30,0.530,124167
1997-05-29,0.341,123512
1997-05-28,-0.036,123093
1997-05-27,-0.286,123137
1997-05-23,0.119,123490
1997-05-22,-0.099,123343
1997-05-21,-0.191,123465
1997-05-20,0.123,123702
1997-05-19,-0.069,123550
1997-05-16,-0.162,123636
1997-05-15,0.156,123837
1997-05-14,0.215,123644
1997-05-13,-0.384,123379
1997-05-12,0.152,123854
1997-05-09,0.374,123666
1997-05-08,0.278,123205
1997-05-07,-0.538,122864
1997-05-06,0.026,123528
1997-05-05,0.056,123496
1997-05-02,0.122,123427
1997-05-01,0.215,123276
1997-04-30,0.407,123011
1997-04-29,0.966,122513
1997-04-28,0.152,121341
1997-04-25,-0.002,121157
1997-04-24,-0.287,121160
1997-04-23,-0.285,121509
1997-04-22,0.247,121856
1997-04-21,-0.193,121556
1997-04-18,0.185,121791
1997-04-17,0.276,121567
1997-04-16,-0.065,121231
1997-04-15,0.585,121310
1997-04-14,0.027,120605
1997-04-11,-0.408,120572
1997-04-10,0.027,121065
1997-04-09,-0.006,121032
1997-04-08,-0.189,121039
1997-04-07,0.372,121269
1997-04-04,-0.347,120820
1997-04-03,0.119,121240
1997-04-02,0.152,121096
1997-04-01,0.152,120913
1997-03-31,-0.065,120729
1997-03-27,-0.662,120807
1997-03-26,-0.253,121612
1997-03-25,-0.162,121921
1997-03-24,0.119,122119
1997-03-21,0.056,121974
1997-03-20,-0.003,121905
1997-03-19,-0.099,121909
1997-03-18,-0.007,122030
1997-03-17,-0.036,122038
1997-03-14,0.122,122082
1997-03-13,-0.727,121933
1997-03-12,-0.163,122826
1997-03-11,-0.037,123027
1997-03-10,0.056,123073
1997-03-07,0.375,123004
1997-03-06,-0.133,122545
1997-03-05,0.026,122708
1997-03-04,-0.100,122676
1997-03-03,-0.134,122799
1997-02-28,0.086,122964
1997-02-27,-0.100,122858
1997-02-26,-1.019,122981
1997-02-25,-0.038,124248
1997-02-24,-0.166,124295
1997-02-21,0.187,124501
1997-02-20,-0.518,124269
1997-02-19,-0.103,124917
1997-02-18,-0.009,125045
1997-02-14,0.315,125056
1997-02-13,0.506,124663
1997-02-12,0.113,124035
1997-02-11,-0.007,123896
1997-02-10,0.127,123905
1997-02-07,0.341,123748
1997-02-06,-0.067,123328
1997-02-05,-0.134,123411
1997-02-04,0.153,123577
1997-02-03,0.408,123387
1997-01-31,0.567,122886
1997-01-30,0.186,122193
1997-01-29,0.090,121966
1997-01-28,0.309,121857
1997-01-27,-0.255,121481
1997-01-24,-0.226,121791
1997-01-23,-0.226,122067
1997-01-22,-0.227,122344
1997-01-21,0.313,122622
1997-01-20,0.026,122239
1997-01-17,0.090,122206
1997-01-16,-0.227,122097
1997-01-15,0.026,122374
1997-01-14,0.627,122342
1997-01-13,0.027,121581
1997-01-10,-0.668,121548
1997-01-09,0.534,122365
1997-01-08,-0.130,121716
1997-01-07,-0.163,121874
1997-01-06,-0.100,122073
1997-01-03,0.186,122196
1997-01-02,-0.670,121969
1996-12-31,-0.771,122792
1996-12-30,-0.005,123746
1996-12-27,0.311,123752
1996-12-26,0.056,123368
1996-12-24,-0.068,123300
1996-12-23,0.089,123384
1996-12-20,0.056,123274
1996-12-19,0.698,123205
1996-12-18,-0.262,122352
1996-12-17,-0.199,122673
1996-12-16,-0.323,122917
1996-12-13,0.507,123316
1996-12-12,-0.102,122694
1996-12-11,-0.964,122819
1996-12-10,-0.069,124015
1996-12-09,0.346,124101
1996-12-06,-0.231,123673
1996-12-05,-0.681,123960
1996-12-04,-0.332,124810
1996-12-03,0.154,125225
1996-12-02,-0.037,125033
1996-11-29,0.541,125079
1996-11-27,-0.040,124406
1996-11-26,0.025,124455
1996-11-25,0.119,124425
1996-11-22,0.025,124276
1996-11-21,-0.040,124246
1996-11-20,0.218,124295
1996-11-19,0.218,124025
1996-11-18,-0.039,123755
1996-11-15,-0.232,123804
1996-11-14,0.347,124092
1996-11-13,-0.039,123664
1996-11-12,0.566,123712
1996-11-11,0.026,123016
1996-11-08,-0.200,122985
1996-11-07,0.350,123231
1996-11-06,-0.103,122802
1996-11-05,0.504,122928
1996-11-04,0.187,122312
1996-11-01,-0.072,122083
1996-10-31,0.217,122171
1996-10-30,0.026,121906
1996-10-29,1.046,121874
1996-10-28,-0.067,120612
1996-10-25,0.217,120693
1996-10-24,-0.003,120432
1996-10-23,0.026,120436
1996-10-22,-0.227,120404
1996-10-21,-0.101,120678
1996-10-18,0.090,120799
1996-10-17,0.407,120691
1996-10-16,-0.003,120202
1996-10-15,-0.004,120206
1996-10-14,0.026,120211
1996-10-11,0.373,120179
1996-10-10,-0.319,119733
1996-10-09,-0.167,120116
1996-10-08,-0.007,120317
1996-10-07,-0.291,120326
1996-10-04,0.852,120677
1996-10-03,0.027,119657
1996-10-02,0.313,119625
1996-10-01,0.435,119252
1996-09-30,-0.191,118735
1996-09-27,-0.132,118963
1996-09-26,0.342,119121
1996-09-25,0.471,118714
1996-09-24,0.404,118158
1996-09-23,0.153,117683
1996-09-20,0.153,117503
1996-09-19,-0.222,117324
1996-09-18,-0.098,117586
1996-09-17,-0.474,117701
1996-09-16,0.090,118261
1996-09-13,0.940,118155
1996-09-12,0.369,117055
1996-09-11,0.028,116624
1996-09-10,-0.221,116592
1996-09-09,0.277,116851
1996-09-06,0.277,116527
1996-09-05,-0.188,116205
1996-09-04,-0.097,116424
1996-09-03,0.244,116537
1996-08-30,-0.660,116253
1996-08-29,-0.377,117026
1996-08-28,-0.035,117469
1996-08-27,0.153,117511
1996-08-26,-0.474,117331
1996-08-23,-0.602,117890
1996-08-22,-0.070,118604
1996-08-21,-0.100,118687
1996-08-20,0.027,118806
1996-08-19,-0.196,118774
1996-08-16,0.407,119008
1996-08-15,-0.193,118526
1996-08-14,-0.070,118754
1996-08-13,-0.446,118838
1996-08-12,0.056,119371
1996-08-09,0.407,119303
1996-08-08,-0.003,118819
1996-08-07,-0.037,118823
1996-08-06,-0.070,118867
1996-08-05,-0.100,118951
1996-08-02,0.915,119070
1996-08-01,1.007,117991
1996-07-31,0.592,116815
1996-07-30,0.278,116127
1996-07-29,-0.438,115806
1996-07-26,0.087,116315
1996-07-25,0.094,116215
1996-07-24,-0.377,116106
1996-07-23,0.245,116545
1996-07-22,-0.348,116260
1996-07-19,-0.349,116666
1996-07-18,0.818,117075
1996-07-17,0.024,116125
1996-07-16,0.340,116097
1996-07-15,-0.189,115703
1996-07-12,0.340,115923
1996-07-11,0.307,115530
1996-07-10,0.405,115176
1996-07-09,0.273,114712
1996-07-08,0.058,114399
1996-07-05,-1.709,114333
1996-07-03,0.087,116321
1996-07-02,-0.349,116220
1996-07-01,-0.002,116627
1996-06-28,0.689,116630
1996-06-27,0.528,115831
1996-06-26,0.094,115223
1996-06-25,0.248,115115
1996-06-24,0.119,114830
1996-06-21,0.152,114693
1996-06-20,-0.031,114519
1996-06-19,-0.126,114554
1996-06-18,-0.225,114699
1996-06-17,0.340,114958
1996-06-14,0.467,114569
1996-06-13,0.217,114037
1996-06-12,-0.253,113789
1996-06-11,-0.129,114078
1996-06-10,-0.221,114226
1996-06-07,-1.130,114479
1996-06-06,0.470,115787
1996-06-05,0.244,115246
1996-06-04,0.123,114965
1996-06-03,-0.098,114824
1996-05-31,-0.443,114936
1996-05-30,-0.036,115448
1996-05-29,-0.633,115489
1996-05-28,-0.033,116225
1996-05-24,0.182,116264
1996-05-23,-0.288,116052
1996-05-22,0.186,116387
1996-05-21,-0.196,116171
1996-05-20,0.249,116399
1996-05-17,0.342,116110
1996-05-16,-0.354,115715
1996-05-15,0.123,116126
1996-05-14,0.405,115984
1996-05-13,0.149,115516
1996-05-10,0.659,115344
1996-05-09,-0.216,114590
1996-05-08,0.492,114838
1996-05-07,-0.101,114276
1996-05-06,0.277,114392
1996-05-03,-0.317,114075
1996-05-02,-1.036,114438
1996-05-01,-0.033,115636
1996-04-30,-0.415,115674
1996-04-29,-0.256,116156
1996-04-26,0.153,116454
1996-04-25,0.123,116277
1996-04-24,-0.257,116135
1996-04-23,-0.194,116433
1996-04-22,0.309,116660
1996-04-19,0.442,116300
1996-04-18,-0.386,115788
1996-04-17,-0.194,116237
1996-04-16,-0.005,116464
1996-04-15,0.275,116469
1996-04-12,1.138,116149
1996-04-11,-0.288,114842
1996-04-10,-0.415,115174
1996-04-09,0.434,115654
1996-04-08,-1.864,115154
1996-04-04,-0.358,117341
1996-04-03,-0.137,117763
1996-04-02,0.375,117925
1996-04-01,0.183,117484
1996-03-29,0.505,117270
1996-03-28,-0.453,116681
1996-03-27,-0.616,117213
1996-03-26,0.089,117940
1996-03-25,0.409,117835
1996-03-22,-0.197,117355
1996-03-21,0.307,117586
1996-03-20,0.539,117226
1996-03-19,0.186,116597
1996-03-18,0.183,116380
1996-03-15,-0.676,116168
1996-03-14,-0.005,116959
1996-03-13,0.055,116965
1996-03-12,-0.200,116900
1996-03-11,0.402,117134
1996-03-08,-2.074,116665
1996-03-07,-0.139,119135
1996-03-06,-0.557,119301
1996-03-05,-0.304,119970
1996-03-04,0.514,120335
1996-03-01,0.898,119720
1996-02-29,-0.104,118655
1996-02-28,-0.366,118778
1996-02-27,-0.299,119214
1996-02-26,-0.200,119571
1996-02-23,-0.334,119812
1996-02-22,0.380,120213
1996-02-21,0.185,119758
1996-02-20,-1.596,119536
1996-02-16,-0.438,121476
1996-02-15,-0.467,122010
1996-02-14,-0.240,122583
1996-02-13,0.221,122879
1996-02-12,0.423,122607
1996-02-09,0.093,122091
1996-02-08,0.023,121978
1996-02-07,0.051,121950
1996-02-06,0.224,121888
1996-02-05,-0.274,121615
1996-02-02,-0.139,121949
1996-02-01,-0.105,122119
1996-01-31,0.290,122247
1996-01-30,0.383,121894
1996-01-29,-0.170,121429
1996-01-26,0.317,121636
1996-01-25,-0.502,121252
1996-01-24,0.321,121863
1996-01-23,-0.306,121473
1996-01-22,-0.438,121846
1996-01-19,-0.044,122382
1996-01-18,0.318,122436
1996-01-17,0.585,122048
1996-01-16,0.614,121338
1996-01-15,0.023,120597
1996-01-12,0.220,120569
1996-01-11,0.085,120305
1996-01-10,-0.595,120203
1996-01-09,-0.108,120923
1996-01-08,0.158,121054
1996-01-05,-0.240,120863
1996-01-04,-0.403,121153
1996-01-03,0.154,121643
1996-01-02,-0.109,121456
1995-12-29,0.421,121588
1995-12-28,0.185,121078
1995-12-27,0.254,120855
1995-12-26,0.085,120549
1995-12-22,0.416,120447
1995-12-21,-0.042,119948
1995-12-20,0.316,119998
1995-12-19,0.353,119621
1995-12-18,-0.662,119200
1995-12-15,-0.008,119994
1995-12-14,0.023,120004
1995-12-13,-0.074,119976
1995-12-12,-0.008,120065
1995-12-11,0.154,120075
1995-12-08,-0.077,119891
1995-12-07,-0.339,119983
1995-12-06,-0.109,120391
1995-12-05,-0.143,120522
1995-12-04,0.583,120695
1995-12-01,0.350,119996
1995-11-30,0.715,119577
1995-11-29,0.116,118728
1995-11-28,0.058,118591
1995-11-27,0.219,118523
1995-11-24,0.119,118264
1995-11-22,-0.007,118123
1995-11-21,-0.048,118132
1995-11-20,-0.041,118189
1995-11-17,0.123,118237
1995-11-16,0.479,118092
1995-11-15,-0.238,117530
1995-11-14,0.055,117810
1995-11-13,0.222,117746
1995-11-10,-0.204,117485
1995-11-09,-0.300,117725
1995-11-08,0.513,118080
1995-11-07,-0.204,117477
1995-11-06,-0.106,117717
1995-11-03,-0.106,117842
1995-11-02,0.414,117967
1995-11-01,0.383,117480
1995-10-31,0.123,117032
1995-10-30,0.089,116888
1995-10-27,-0.013,116785
1995-10-26,-0.261,116800
1995-10-25,0.256,117106
1995-10-24,0.381,116807
1995-10-23,-0.136,116363
1995-10-20,-0.398,116521
1995-10-19,0.054,116986
1995-10-18,-0.140,116923
1995-10-17,0.024,117086
1995-10-16,-0.010,117058
1995-10-13,0.706,117071
1995-10-12,0.187,116249
1995-10-11,-0.105,116032
1995-10-10,-0.006,116154
1995-10-09,0.024,116161
1995-10-06,0.024,116133
1995-10-05,0.343,116105
1995-10-04,0.157,115708
1995-10-03,0.187,115527
1995-10-02,0.119,115312
1995-09-29,0.731,115175
1995-09-28,0.186,114339
1995-09-27,-0.170,114126
1995-09-26,-0.069,114320
1995-09-25,-0.039,114400
1995-09-22,-0.231,114445
1995-09-21,-0.647,114710
1995-09-20,0.248,115457
1995-09-19,0.217,115172
1995-09-18,-0.361,114922
1995-09-15,-0.203,115339
1995-09-14,0.703,115573
1995-09-13,-0.138,114766
1995-09-12,0.471,114925
1995-09-11,0.093,114386
1995-09-08,-0.167,114280
1995-09-07,-0.232,114472
1995-09-06,0.021,114738
1995-09-05,0.316,114714
1995-09-01,0.444,114353
1995-08-31,0.311,113848
1995-08-30,0.250,113494
1995-08-29,-0.136,113211
1995-08-28,0.281,113365
1995-08-25,0.790,113048
1995-08-24,0.694,112161
1995-08-23,-0.130,111389
1995-08-22,-0.197,111534
1995-08-21,0.249,111754
1995-08-18,0.059,111476
1995-08-17,-0.164,111410
1995-08-16,0.216,111592
1995-08-15,0.152,111352
1995-08-14,0.026,111183
1995-08-11,-0.579,111154
1995-08-10,-0.194,111801
1995-08-09,-0.108,112019
1995-08-08,0.090,112140
1995-08-07,0.153,112040
1995-08-04,0.217,111868
1995-08-03,-0.511,111627
1995-08-02,0.408,112200
1995-08-01,-0.291,111744
1995-07-31,0.314,112071
1995-07-28,-0.288,111720
1995-07-27,0.377,112043
1995-07-26,-0.292,111622
1995-07-25,0.216,111948
1995-07-24,0.236,111707
1995-07-21,-0.374,111444
1995-07-20,0.025,111862
1995-07-19,-1.052,111834
1995-07-18,-0.269,113023
1995-07-17,-0.458,113327
1995-07-14,-0.395,113848
1995-07-13,0.055,114300
1995-07-12,-0.040,114238
1995-07-11,-0.332,114283
1995-07-10,0.058,114664
1995-07-07,0.157,114597
1995-07-06,0.963,114418
1995-07-05,0.221,113327
1995-07-03,-0.111,113077
1995-06-30,0.440,113202
1995-06-29,-1.161,112706
1995-06-28,0.347,114030
1995-06-27,-0.199,113635
1995-06-26,-0.366,113862
1995-06-23,-0.105,114280
1995-06-22,0.641,114399
1995-06-21,0.218,113671
1995-06-20,-0.202,113424
1995-06-19,0.540,113653
1995-06-16,-0.134,113043
1995-06-15,-0.270,113194
1995-06-14,-0.005,113500
1995-06-13,1.609,113506
1995-06-12,0.251,111709
1995-06-09,-1.154,111430
1995-06-08,-0.239,112731
1995-06-07,-0.746,113001
1995-06-06,-0.043,113850
1995-06-05,0.086,113900
1995-06-02,0.739,113802
1995-06-01,0.804,112966
1995-05-31,0.025,112065
1995-05-30,0.665,112037
1995-05-26,-0.038,111296
1995-05-25,0.345,111338
1995-05-24,0.887,110956
1995-05-23,0.373,109980
1995-05-22,-0.066,109572
1995-05-19,0.027,109644
1995-05-18,-0.545,109615
1995-05-17,0.247,110216
1995-05-16,0.377,109945
1995-05-15,0.376,109532
1995-05-12,0.024,109122
1995-05-11,-0.165,109096
1995-05-10,-0.322,109277
1995-05-09,0.663,109629
1995-05-08,-0.002,108907
1995-05-05,1.069,108910
1995-05-04,0.683,107758
1995-05-03,0.593,107027
1995-05-02,0.306,106397
1995-05-01,-0.063,106072
1995-04-28,-0.158,106138
1995-04-27,-0.191,106306
1995-04-26,-0.004,106509
1995-04-25,-0.004,106513
1995-04-24,0.061,106518
1995-04-21,0.058,106453
1995-04-20,0.343,106391
1995-04-19,-0.128,106027
1995-04-18,0.061,106163
1995-04-17,-0.001,106098
1995-04-13,0.346,106099
1995-04-12,0.181,105734
1995-04-11,0.214,105542
1995-04-10,-0.001,105317
1995-04-07,-0.095,105318
1995-04-06,0.247,105418
1995-04-05,-0.069,105159
1995-04-04,0.283,105232
1995-04-03,0.497,104935
1995-03-31,-0.127,104417
1995-03-30,-0.095,104550
1995-03-29,-0.037,104649
1995-03-28,-0.618,104688
1995-03-27,0.276,105339
1995-03-24,0.738,105049
1995-03-23,0.061,104280
1995-03-22,-0.312,104216
1995-03-21,-0.186,104542
1995-03-20,-0.004,104737
1995-03-17,-0.437,104742
1995-03-16,0.243,105202
1995-03-15,-0.004,104946
1995-03-14,0.648,104951
1995-03-13,0.308,104275
1995-03-10,0.460,103955
1995-03-09,0.430,103479
1995-03-08,0.519,103036
1995-03-07,-0.089,102504
1995-03-06,-0.341,102596
1995-03-03,-0.338,102946
1995-03-02,-0.368,103296
1995-03-01,-0.065,103678
1995-02-28,0.217,103745
1995-02-27,0.647,103521
1995-02-24,0.058,102856
1995-02-23,-0.003,102796
1995-02-22,0.738,102800
1995-02-21,-0.032,102046
1995-02-17,-0.122,102079
1995-02-16,0.302,102203
1995-02-15,0.427,101895
1995-02-14,0.637,101462
1995-02-13,0.090,100820
1995-02-10,-0.308,100729
1995-02-09,-0.242,101040
1995-02-08,-0.031,101285
1995-02-07,0.058,101316
1995-02-06,-0.246,101257
1995-02-03,1.315,101507
1995-02-02,-0.091,100189
1995-02-01,-0.365,100280
1995-01-31,0.301,100647
1995-01-30,0.091,100345
1995-01-27,0.698,100255
1995-01-26,0.334,99559
1995-01-25,0.391,99227
1995-01-24,-0.086,98841
1995-01-23,-0.061,98926
1995-01-20,-0.450,98987
1995-01-19,-0.182,99434
1995-01-18,0.001,99616
1995-01-17,-0.031,99615
1995-01-16,0.030,99645
1995-01-13,0.757,99616
1995-01-12,-0.062,98867
1995-01-11,0.330,98928
1995-01-10,0.330,98602
1995-01-09,-0.121,98278
1995-01-06,0.059,98397
1995-01-05,-0.360,98339
1995-01-04,0.486,98695
1995-01-03,-0.304,98218
1994-12-30,-0.089,98517
1994-12-29,-0.121,98605
1994-12-28,-0.147,98725
1994-12-27,0.572,98870
1994-12-23,-0.093,98308
1994-12-22,-0.178,98399
1994-12-21,0.059,98574
1994-12-20,0.030,98516
1994-12-19,0.030,98486
1994-12-16,-0.058,98456
1994-12-15,0.059,98513
1994-12-14,0.274,98456
1994-12-13,0.087,98187
1994-12-12,-0.361,98101
1994-12-09,0.030,98456
1994-12-08,0.119,98426
1994-12-07,-0.450,98309
1994-12-06,0.633,98754
1994-12-05,-0.121,98132
1994-12-02,0.660,98251
1994-12-01,-0.092,97607
1994-11-30,0.271,97696
1994-11-29,-0.419,97432
1994-11-28,-0.480,97842
1994-11-25,0.060,98314
1994-11-23,1.175,98255
1994-11-22,0.180,97114
1994-11-21,-0.056,96940
1994-11-18,0.057,96994
1994-11-17,-0.263,96938
1994-11-16,-0.362,97194
1994-11-15,0.152,97547
1994-11-14,0.272,97398
1994-11-11,0.032,97134
1994-11-10,-0.239,97103
1994-11-09,0.420,97335
1994-11-08,0.272,96928
1994-11-07,-0.027,96665
1994-11-04,-0.445,96691
1994-11-03,0.001,97123
1994-11-02,-0.236,97122
1994-11-01,-0.568,97352
1994-10-31,0.060,97908
1994-10-28,0.425,97849
1994-10-27,0.032,97434
1994-10-26,0.032,97403
1994-10-25,-0.151,97372
1994-10-24,-0.269,97519
1994-10-21,0.003,97782
1994-10-20,-0.660,97779
1994-10-19,-0.243,98428
1994-10-18,-0.026,98668
1994-10-17,-0.062,98694
1994-10-14,0.213,98755
1994-10-13,0.303,98544
1994-10-12,-0.211,98247
1994-10-11,0.367,98455
1994-10-10,0.031,98095
1994-10-07,0.516,98064
1994-10-06,-0.029,97561
1994-10-05,-0.359,97589
1994-10-04,-0.179,97941
1994-10-03,-0.275,98116
1994-09-30,0.153,98387
1994-09-29,-0.362,98237
1994-09-28,0.210,98594
1994-09-27,-0.180,98387
1994-09-26,-0.001,98564
1994-09-23,-0.030,98566
1994-09-22,0.063,98595
1994-09-21,-0.152,98533
1994-09-20,-0.245,98683
1994-09-19,0.182,98925
1994-09-16,-0.942,98746
1994-09-15,0.334,99685
1994-09-14,0.214,99353
1994-09-13,0.121,99141
1994-09-12,-0.059,99021
1994-09-09,-0.891,99080
1994-09-08,0.033,99970
1994-09-07,-0.126,99937
1994-09-06,-0.372,100062
1994-09-02,-0.029,100436
1994-09-01,-0.003,100465
1994-08-31,0.157,100468
1994-08-30,0.212,100311
1994-08-29,0.095,100099
1994-08-26,0.338,100004
1994-08-25,-0.433,99668
1994-08-24,0.465,100101
1994-08-23,0.182,99638
1994-08-22,-0.216,99457
1994-08-19,0.124,99672
1994-08-18,-0.770,99549
1994-08-17,0.244,100322
1994-08-16,0.742,100078
1994-08-15,-0.122,99341
1994-08-12,0.486,99462
1994-08-11,-0.273,98981
1994-08-10,0.117,99252
1994-08-09,-0.212,99136
1994-08-08,0.030,99347
1994-08-05,-1.020,99318
1994-08-04,-0.124,100341
1994-08-03,0.088,100466
1994-08-02,0.186,100377
1994-08-01,-0.065,100191
1994-07-29,1.214,100256
1994-07-28,0.337,99054
1994-07-27,-0.435,98720
1994-07-26,0.033,99152
1994-07-25,0.088,99119
1994-07-22,-0.061,99032
1994-07-21,-0.126,99092
1994-07-20,-0.619,99217
1994-07-19,0.372,99835
1994-07-18,0.339,99465
1994-07-15,0.030,99130
1994-07-14,1.049,99100
1994-07-13,0.185,98071
1994-07-12,0.372,97890
1994-07-11,-0.307,97527
1994-07-08,-0.769,97828
1994-07-07,0.185,98585
1994-07-06,0.033,98403
1994-07-05,0.182,98370
1994-07-01,-0.002,98192
1994-06-30,-0.584,98194
1994-06-29,0.120,98771
1994-06-28,-0.496,98652
1994-06-27,0.309,99144
1994-06-24,-0.809,98838
1994-06-23,0.248,99644
1994-06-22,0.554,99397
1994-06-21,-0.341,98849
1994-06-20,-0.127,99187
1994-06-17,-0.404,99313
1994-06-16,0.183,99716
1994-06-15,-0.559,99533
1994-06-14,0.498,100092
1994-06-13,-0.252,99596
1994-06-10,-0.315,99848
1994-06-09,-0.063,100163
1994-06-08,-0.001,100226
1994-06-07,-0.254,100227
1994-06-06,0.500,100482
1994-06-03,0.656,99982
1994-06-02,0.372,99331
1994-06-01,0.306,98963
1994-05-31,-0.345,98660
1994-05-27,-0.124,99002
1994-05-26,0.274,99125
1994-05-25,0.216,98853
1994-05-24,0.186,98641
1994-05-23,-1.021,98458
1994-05-20,-0.344,99474
1994-05-19,0.531,99817
1994-05-18,0.029,99290
1994-05-17,1.401,99261
1994-05-16,0.370,97890
1994-05-13,0.493,97529
1994-05-12,0.275,97050
1994-05-11,-0.560,96784
1994-05-10,1.111,97329
1994-05-09,-0.824,96260
1994-05-06,-1.475,97059
1994-05-05,0.215,98513
1994-05-04,-0.033,98302
1994-05-03,-0.186,98334
1994-05-02,-0.222,98517
1994-04-29,-0.095,98736
1994-04-28,-1.156,98831
1994-04-26,0.094,99986
1994-04-25,0.401,99892
1994-04-22,-0.096,99493
1994-04-21,1.003,99589
1994-04-20,0.307,98600
1994-04-19,0.375,98298
1994-04-18,-1.121,97931
1994-04-15,0.127,99041
1994-04-14,-0.188,98915
1994-04-13,-0.379,99101
1994-04-12,0.374,99479
1994-04-11,0.120,99108
1994-04-08,-0.438,98989
1994-04-07,0.367,99425
1994-04-06,0.245,99061
1994-04-05,1.312,98819
1994-04-04,-2.480,97539
1994-03-31,0.058,100020
1994-03-30,-0.412,99962
1994-03-29,-0.510,100375
1994-03-28,-0.066,100890
1994-03-25,-0.163,100956
1994-03-24,-0.960,101120
1994-03-23,0.094,102100
1994-03-22,0.762,102004
1994-03-21,-0.354,101234
1994-03-18,-0.613,101593
1994-03-17,-0.007,102219
1994-03-16,0.474,102226
1994-03-15,0.285,101744
1994-03-14,-0.261,101454
1994-03-11,0.188,101720
1994-03-10,-0.643,101529
1994-03-09,0.027,102186
1994-03-08,-0.323,102159
1994-03-07,0.343,102490
1994-03-04,-0.131,102139
1994-03-03,-0.293,102274
1994-03-02,-0.068,102575
1994-03-01,-0.842,102645
1994-02-28,0.413,103516
1994-02-25,0.090,103091
1994-02-24,-0.553,102998
1994-02-23,-0.491,103570
1994-02-22,0.250,104081
1994-02-18,-0.591,103821
1994-02-17,-0.655,104438
1994-02-16,-0.040,105127
1994-02-15,0.121,105170
1994-02-14,-0.071,105043
1994-02-11,0.186,105117
1994-02-10,0.021,104922
1994-02-09,0.406,104900
1994-02-08,-0.299,104476
1994-02-07,-0.139,104789
1994-02-04,-0.857,104935
1994-02-03,-0.272,105841
1994-02-02,0.025,106129
1994-02-01,-0.504,106103
1994-01-31,-0.176,106640
1994-01-28,0.425,106828
1994-01-27,0.289,106376
1994-01-26,0.126,106069
1994-01-25,-0.203,105936
1994-01-24,-0.041,106151
1994-01-21,-0.072,106194
1994-01-20,0.354,106271
1994-01-19,-0.037,105895
1994-01-18,0.253,105934
1994-01-17,0.025,105667
1994-01-14,-0.365,105640
1994-01-13,-0.734,106027
1994-01-12,0.418,106811
1994-01-11,0.094,106367
1994-01-10,0.223,106267
1994-01-07,1.086,106031
1994-01-06,0.452,104892
1994-01-05,-0.105,104420
1994-01-04,0.286,104530
1994-01-03,-0.699,104231
1993-12-31,-0.006,104965
1993-12-30,-0.534,104971
1993-12-29,-0.107,105534
1993-12-28,0.025,105647
1993-12-27,0.025,105620
1993-12-23,0.226,105594
1993-12-22,0.713,105356
1993-12-21,-0.106,104610
1993-12-20,-0.106,104721
1993-12-17,0.256,104832
1993-12-16,-0.040,104564
1993-12-15,-0.040,104606
1993-12-14,-0.237,104649
1993-12-13,-0.303,104897
1993-12-10,-0.373,105216
1993-12-09,0.222,105610
1993-12-08,0.094,105376
1993-12-07,0.056,105277
1993-12-06,0.586,105218
1993-12-03,0.056,104606
1993-12-02,0.056,104547
1993-12-01,0.091,104488
1993-11-30,-0.433,104394
1993-11-29,0.191,104848
1993-11-26,0.384,104648
1993-11-24,-0.106,104248
1993-11-23,0.518,104358
1993-11-22,-0.336,103820
1993-11-19,-0.726,104169
1993-11-18,-0.470,104931
1993-11-17,0.056,105427
1993-11-16,0.292,105368
1993-11-15,-0.104,105061
1993-11-12,0.420,105170
1993-11-11,0.025,104731
1993-11-10,-0.363,104705
1993-11-09,0.315,105086
1993-11-08,0.388,104756
1993-11-05,-0.501,104351
1993-11-04,-0.080,104876
1993-11-03,-0.031,104960
1993-11-02,-0.507,104993
1993-11-01,-0.836,105528
1993-10-29,-0.110,106418
1993-10-28,0.188,106535
1993-10-27,-0.078,106336
1993-10-26,0.290,106419
1993-10-25,-0.344,106112
1993-10-22,-0.478,106478
1993-10-21,-0.578,106989
1993-10-20,0.125,107611
1993-10-19,-0.013,107477
1993-10-18,-0.549,107490
1993-10-15,0.256,108083
1993-10-14,0.327,107807
1993-10-13,-0.012,107456
1993-10-12,-0.044,107469
1993-10-11,0.023,107516
1993-10-08,0.563,107492
1993-10-07,0.086,106889
1993-10-06,0.023,106797
1993-10-05,-0.043,106772
1993-10-04,-0.012,106819
1993-10-01,0.495,106831
1993-09-30,-0.415,106305
1993-09-29,-0.374,106748
1993-09-28,0.192,107149
1993-09-27,0.862,106943
1993-09-24,0.059,106030
1993-09-23,0.188,105968
1993-09-22,0.157,105769
1993-09-21,-0.344,105603
1993-09-20,-0.173,105968
1993-09-17,0.027,106151
1993-09-16,0.156,106123
1993-09-15,-0.110,105957
1993-09-14,-0.781,106074
1993-09-13,0.189,106909
1993-09-10,0.390,106708
1993-09-09,-0.708,106294
1993-09-08,0.023,107052
1993-09-07,0.454,107028
1993-09-03,0.622,106544
1993-09-02,0.287,105886
1993-09-01,-0.042,105583
1993-08-31,-0.043,105627
1993-08-30,0.256,105672
1993-08-27,-0.270,105403
1993-08-26,0.554,105688
1993-08-25,0.259,105106
1993-08-24,0.457,104835
1993-08-23,0.056,104358
1993-08-20,0.258,104299
1993-08-19,0.355,104031
1993-08-18,0.126,103663
1993-08-17,-0.142,103533
1993-08-16,0.323,103680
1993-08-13,0.389,103346
1993-08-12,-0.072,102946
1993-08-11,0.346,103020
1993-08-10,-0.009,102664
1993-08-09,0.288,102673
1993-08-06,0.026,102378
1993-08-05,0.126,102352
1993-08-04,-0.202,102224
1993-08-03,0.226,102430
1993-08-02,-0.209,102200
1993-07-30,-0.140,102414
1993-07-29,0.685,102557
1993-07-28,0.225,101859
1993-07-27,0.057,101630
1993-07-26,0.225,101573
1993-07-23,-0.335,101345
1993-07-22,-0.432,101685
1993-07-21,-0.602,102126
1993-07-20,-0.273,102745
1993-07-19,-0.010,103026
1993-07-16,0.091,103036
1993-07-15,0.025,102942
1993-07-14,0.421,102916
1993-07-13,-0.137,102485
1993-07-12,0.091,102625
1993-07-09,0.191,102532
1993-07-08,0.157,102336
1993-07-07,0.025,102176
1993-07-06,-0.272,102150
1993-07-02,0.288,102428
1993-07-01,0.025,102134
1993-06-30,-0.040,102108
1993-06-29,0.126,102149
1993-06-28,0.288,102020
1993-06-25,0.288,101727
1993-06-24,0.256,101436
1993-06-23,-0.009,101176
1993-06-22,0.022,101185
1993-06-21,0.353,101162
1993-06-18,-0.269,100807
1993-06-17,0.188,101079
1993-06-16,0.026,100889
1993-06-15,0.092,100863
1993-06-14,0.061,100770
1993-06-11,0.713,100709
1993-06-10,0.027,99996
1993-06-09,0.157,99969
1993-06-08,-0.038,99813
1993-06-07,0.187,99851
1993-06-04,-0.625,99665
1993-06-03,0.321,100291
1993-06-02,0.126,99970
1993-06-01,0.611,99844
1993-05-28,-0.262,99238
1993-05-27,0.058,99499
1993-05-26,0.351,99442
1993-05-25,-0.072,99094
1993-05-24,-0.007,99165
1993-05-21,-0.426,99172
1993-05-20,0.157,99596
1993-05-19,0.321,99440
1993-05-18,-0.423,99122
1993-05-17,-0.267,99542
1993-05-14,-0.141,99809
1993-05-13,-0.364,99950
1993-05-12,-0.396,100315
1993-05-11,0.095,100714
1993-05-10,0.257,100619
1993-05-07,-0.239,100361
1993-05-06,0.116,100601
1993-05-05,-0.073,100485
1993-05-04,0.323,100558
1993-05-03,0.615,100235
1993-04-30,-0.329,99622
1993-04-29,0.357,99951
1993-04-28,-0.073,99596
1993-04-27,-0.528,99668
1993-04-26,-0.266,100198
1993-04-23,-0.201,100465
1993-04-22,0.126,100667
1993-04-21,0.092,100540
1993-04-20,0.026,100448
1993-04-19,0.157,100422
1993-04-16,-0.074,100264
1993-04-15,0.157,100338
1993-04-14,0.257,100181
1993-04-13,0.064,99924
1993-04-12,0.353,99860
1993-04-08,0.678,99509
1993-04-07,0.092,98838
1993-04-06,0.385,98748
1993-04-05,0.255,98369
1993-04-02,-0.586,98118
1993-04-01,-0.134,98696
1993-03-31,-0.039,98829
1993-03-30,0.286,98867
1993-03-29,0.221,98585
1993-03-26,-0.687,98368
1993-03-25,-0.169,99048
1993-03-24,-0.235,99216
1993-03-23,0.352,99450
1993-03-22,-0.005,99101
1993-03-19,-0.105,99106
1993-03-18,0.613,99209
1993-03-17,0.286,98605
1993-03-16,0.740,98324
1993-03-15,-0.395,97602
1993-03-12,-0.945,97989
1993-03-11,0.057,98924
1993-03-10,-0.331,98868
1993-03-09,-0.366,99196
1993-03-08,0.249,99560
1993-03-05,-0.535,99313
1993-03-04,0.354,99847
1993-03-03,0.484,99495
1993-03-02,-0.005,99015
1993-03-01,0.614,99020
1993-02-26,0.061,98415
1993-02-25,-0.172,98356
1993-02-24,-0.628,98525
1993-02-23,1.138,99148
1993-02-22,0.417,98032
1993-02-19,0.055,97625
1993-02-18,0.877,97572
1993-02-17,0.482,96724
1993-02-16,0.126,96260
1993-02-12,0.156,96139
1993-02-11,0.254,95989
1993-02-10,-0.212,95746
1993-02-09,-0.262,95949
1993-02-08,-0.293,96201
1993-02-05,0.581,96483
1993-02-04,0.413,95926
1993-02-03,0.059,95531
1993-02-02,-0.449,95475
1993-02-01,0.160,95906
1993-01-29,0.349,95752
1993-01-28,0.318,95419
1993-01-27,0.190,95117
1993-01-26,-0.099,94936
1993-01-25,0.536,95030
1993-01-22,0.287,94524
1993-01-21,0.159,94253
1993-01-20,-0.132,94103
1993-01-19,0.092,94227
1993-01-18,0.029,94140
1993-01-15,0.380,94113
1993-01-14,0.409,93757
1993-01-13,0.226,93374
1993-01-12,-0.034,93164
1993-01-11,0.282,93196
1993-01-08,0.225,92934
1993-01-07,-0.790,92726
1993-01-06,-0.165,93465
1993-01-05,0.032,93619
1993-01-04,0.662,93590
1992-12-31,-0.164,92974
1992-12-30,0.158,93127
1992-12-29,0.151,92980
1992-12-28,-0.161,92839
1992-12-24,-0.035,92989
1992-12-23,-0.161,93021
1992-12-22,0.375,93171
1992-12-21,0.278,92823
1992-12-18,0.092,92566
1992-12-17,-0.004,92480
1992-12-16,0.408,92484
1992-12-15,0.096,92109
1992-12-14,-0.192,92020
1992-12-11,-0.259,92198
1992-12-10,-0.034,92437
1992-12-09,-0.127,92469
1992-12-08,0.378,92586
1992-12-07,0.408,92237
1992-12-04,0.503,91862
1992-12-03,0.155,91403
1992-12-02,0.059,91261
1992-12-01,0.060,91207
1992-11-30,-0.062,91153
1992-11-27,-0.567,91209
1992-11-25,-0.196,91730
1992-11-24,0.348,91909
1992-11-23,-0.129,91591
1992-11-20,-0.192,91709
1992-11-19,-0.159,91885
1992-11-18,0.601,92032
1992-11-17,0.248,91482
1992-11-16,-0.538,91256
1992-11-13,-0.259,91750
1992-11-12,0.788,91988
1992-11-11,0.031,91269
1992-11-10,0.596,91241
1992-11-09,-0.223,90701
1992-11-06,-0.596,90903
1992-11-05,0.156,91448
1992-11-04,-0.062,91305
1992-11-03,0.093,91362
1992-11-02,-0.539,91277
1992-10-30,-0.538,91771
1992-10-29,0.380,92268
1992-10-28,0.123,91918
1992-10-27,0.446,91805
1992-10-26,-0.003,91397
1992-10-23,-0.537,91400
1992-10-22,0.310,91893
1992-10-21,0.509,91610
1992-10-20,-1.172,91146
1992-10-19,-0.608,92227
1992-10-16,-0.315,92791
1992-10-15,-0.065,93085
1992-10-14,0.029,93145
1992-10-13,0.093,93118
1992-10-12,0.029,93031
1992-10-09,-0.606,93004
1992-10-08,0.315,93571
1992-10-07,-0.928,93276
1992-10-06,-0.426,94150
1992-10-05,0.191,94553
1992-10-02,-0.200,94372
1992-10-01,0.933,94561
1992-09-30,-0.039,93687
1992-09-29,-0.005,93724
1992-09-28,0.320,93729
1992-09-25,0.579,93430
1992-09-24,0.446,92892
1992-09-23,-0.293,92479
1992-09-22,-0.482,92751
1992-09-21,-0.069,93200
1992-09-18,-0.069,93265
1992-09-17,0.059,93329
1992-09-16,-0.035,93274
1992-09-15,-0.485,93307
1992-09-14,0.351,93761
1992-09-11,-0.391,93433
1992-09-10,-0.005,93800
1992-09-09,-0.134,93805
1992-09-08,0.705,93931
1992-09-04,1.031,93274
1992-09-03,0.030,92322
1992-09-02,0.225,92295
1992-09-01,0.412,92088
1992-08-31,0.093,91710
1992-08-28,0.127,91624
1992-08-27,0.317,91508
1992-08-26,0.314,91219
1992-08-25,-0.253,90934
1992-08-24,-0.989,91164
1992-08-21,-0.518,92075
1992-08-20,0.093,92554
1992-08-19,0.093,92468
1992-08-18,0.575,92382
1992-08-17,-0.162,91853
1992-08-14,0.191,92002
1992-08-13,-0.417,91827
1992-08-12,-0.011,92211
1992-08-11,0.158,92222
1992-08-10,0.417,92076
1992-08-07,0.608,91694
1992-08-06,-0.034,91140
1992-08-05,0.191,91171
1992-08-04,0.478,90997
1992-08-03,-0.003,90564
1992-07-31,-0.160,90567
1992-07-30,-0.741,90712
1992-07-29,0.188,91390
1992-07-28,0.379,91218
1992-07-27,0.285,90874
1992-07-24,-0.066,90616
1992-07-23,0.890,90676
1992-07-22,0.317,89876
1992-07-21,0.094,89592
1992-07-20,0.031,89507
1992-07-17,-0.157,89479
1992-07-16,0.187,89620
1992-07-15,0.506,89453
1992-07-14,0.065,89003
1992-07-13,-0.186,88945
1992-07-10,0.038,89111
1992-07-09,0.031,89077
1992-07-08,-0.088,89049
1992-07-07,0.252,89128
1992-07-06,0.252,88904
1992-07-02,1.196,88680
1992-07-01,0.247,87632
1992-06-30,-0.093,87415
1992-06-29,0.251,87497
1992-06-26,-0.096,87278
1992-06-25,0.470,87363
1992-06-24,0.341,86954
1992-06-23,-0.063,86658
1992-06-22,0.064,86713
1992-06-19,-0.311,86657
1992-06-18,0.312,86927
1992-06-17,0.126,86656
1992-06-16,0.312,86547
1992-06-15,0.093,86278
1992-06-12,0.279,86198
1992-06-11,0.188,85959
1992-06-10,-0.092,85798
1992-06-09,-0.092,85876
1992-06-08,-0.001,85955
1992-06-05,0.282,85956
1992-06-04,0.032,85715
1992-06-03,0.093,85688
1992-06-02,0.278,85608
1992-06-01,-0.337,85370
1992-05-29,0.249,85659
1992-05-28,0.492,85447
1992-05-27,0.187,85029
1992-05-26,-0.578,84870
1992-05-22,0.310,85363
1992-05-21,-0.926,85100
1992-05-20,-0.343,85895
1992-05-19,0.592,86191
1992-05-18,0.031,85683
1992-05-15,0.337,85657
1992-05-14,0.032,85369
1992-05-13,0.155,85342
1992-05-12,0.310,85210
1992-05-11,0.126,84947
1992-05-08,0.491,84840
1992-05-07,-0.087,84426
1992-05-06,0.419,84499
1992-05-05,0.187,84147
1992-05-04,-0.057,83989
1992-05-01,0.370,84037
1992-04-30,0.004,83727
1992-04-29,-0.150,83724
1992-04-28,0.184,83850
1992-04-27,-0.240,83696
1992-04-24,0.277,83898
1992-04-23,-0.089,83666
1992-04-22,0.094,83741
1992-04-21,0.094,83663
1992-04-20,-0.822,83585
1992-04-16,-0.491,84277
1992-04-15,-0.124,84693
1992-04-14,-0.059,84798
1992-04-13,0.311,84848
1992-04-10,-0.059,84585
1992-04-09,0.683,84635
1992-04-08,-0.120,84061
1992-04-07,0.031,84162
1992-04-06,0.093,84135
1992-04-03,0.403,84057
1992-04-02,-0.094,83720
1992-04-01,0.522,83799
1992-03-31,0.032,83364
1992-03-30,0.096,83337
1992-03-27,0.183,83257
1992-03-26,-0.212,83105
1992-03-25,0.096,83282
1992-03-24,0.613,83202
1992-03-23,0.122,82694
1992-03-20,-0.394,82594
1992-03-19,0.337,82920
1992-03-18,0.064,82642
1992-03-17,0.426,82589
1992-03-16,0.122,82239
1992-03-13,-0.577,82139
1992-03-12,-0.670,82616
1992-03-11,-0.522,83173
1992-03-10,-0.030,83609
1992-03-09,0.465,83634
1992-03-06,0.216,83247
1992-03-05,-0.554,83068
1992-03-04,0.064,83531
1992-03-03,-0.243,83477
1992-03-02,-0.677,83681
1992-02-28,0.493,84251
1992-02-27,-0.059,83838
1992-02-26,0.612,83888
1992-02-25,0.216,83377
1992-02-24,-0.090,83197
1992-02-21,-0.310,83273
1992-02-20,0.126,83532
1992-02-19,0.242,83427
1992-02-18,-0.303,83225
1992-02-14,-0.062,83478
1992-02-13,-0.648,83530
1992-02-12,-0.368,84075
1992-02-11,-0.125,84385
1992-02-10,0.035,84491
1992-02-07,0.064,84461
1992-02-06,0.126,84407
1992-02-05,0.528,84300
1992-02-04,0.464,83858
1992-02-03,-0.309,83470
1992-01-31,0.064,83729
1992-01-30,-0.274,83675
1992-01-29,-0.526,83904
1992-01-28,0.528,84348
1992-01-27,0.093,83905
1992-01-24,-0.278,83826
1992-01-23,-0.618,84060
1992-01-22,-0.245,84583
1992-01-21,0.536,84791
1992-01-20,0.030,84338
1992-01-17,0.246,84313
1992-01-16,-0.401,84106
1992-01-15,-0.062,84445
1992-01-14,-0.787,84497
1992-01-13,-0.442,85167
1992-01-10,-0.381,85546
1992-01-09,-0.196,85872
1992-01-08,0.066,86041
1992-01-07,0.441,85985
1992-01-06,0.218,85607
1992-01-03,-0.444,85421
1992-01-02,-0.445,85802
1991-12-31,0.378,86185
1991-12-30,0.408,85860
1991-12-27,0.152,85512
1991-12-26,0.185,85382
1991-12-24,-0.036,85224
1991-12-23,0.563,85255
1991-12-20,0.907,84778
1991-12-19,0.431,84016
1991-12-18,-0.096,83656
1991-12-17,0.218,83736
1991-12-16,0.094,83554
1991-12-13,-0.220,83475
1991-12-12,0.186,83659
1991-12-11,-0.030,83504
1991-12-10,0.062,83529
1991-12-09,0.346,83477
1991-12-06,-0.212,83189
1991-12-05,-0.216,83366
1991-12-04,0.749,83547
1991-12-03,0.312,82926
1991-12-02,0.468,82668
1991-11-29,0.279,82283
1991-11-27,0.065,82055
1991-11-26,0.184,82002
1991-11-25,-0.126,81851
1991-11-22,-0.210,81954
1991-11-21,0.068,82126
1991-11-20,-0.062,82070
1991-11-19,-0.117,82121
1991-11-18,0.064,82218
1991-11-15,0.187,82165
1991-11-14,0.401,82011
1991-11-13,-0.182,81684
1991-11-12,0.245,81832
1991-11-11,0.032,81632
1991-11-08,0.090,81606
1991-11-07,0.524,81533
1991-11-06,0.339,81108
1991-11-05,-0.238,80834
1991-11-04,-0.090,81027
1991-11-01,-0.029,81100
1991-10-31,0.158,81124
1991-10-30,0.151,80996
1991-10-29,0.857,80874
1991-10-28,0.247,80187
1991-10-25,-0.150,79989
1991-10-24,0.276,80109
1991-10-23,-0.089,79888
1991-10-22,-0.271,79959
1991-10-21,-0.484,80177
1991-10-18,0.154,80567
1991-10-17,-0.547,80442
1991-10-16,0.093,80884
1991-10-15,0.216,80809
1991-10-14,0.032,80635
1991-10-11,0.647,80610
1991-10-10,-0.363,80091
1991-10-09,-0.329,80383
1991-10-08,-0.121,80648
1991-10-07,0.002,80745
1991-10-04,0.521,80744
1991-10-03,0.095,80325
1991-10-02,-0.059,80248
1991-10-01,0.153,80296
1991-09-30,0.153,80174
1991-09-27,0.458,80051
1991-09-26,0.153,79686
1991-09-25,-0.091,79564
1991-09-24,0.002,79637
1991-09-23,0.153,79635
1991-09-20,0.242,79513
1991-09-19,0.060,79321
1991-09-18,0.031,79274
1991-09-17,0.092,79249
1991-09-16,0.246,79176
1991-09-13,0.188,78982
1991-09-12,0.360,78834
1991-09-11,-0.029,78551
1991-09-10,0.064,78574
1991-09-09,0.245,78524
1991-09-06,0.454,78332
1991-09-05,-0.057,77978
1991-09-04,0.032,78022
1991-09-03,0.092,77997
1991-08-30,-0.482,77926
1991-08-29,0.483,78303
1991-08-28,0.517,77926
1991-08-27,0.121,77525
1991-08-26,-0.179,77432
1991-08-23,-0.569,77571
1991-08-22,0.153,78015
1991-08-21,-0.003,77896
1991-08-20,0.216,77899
1991-08-19,0.092,77730
1991-08-16,0.096,77659
1991-08-15,-0.088,77584
1991-08-14,0.606,77653
1991-08-13,0.272,77186
1991-08-12,0.181,76976
1991-08-09,0.096,76837
1991-08-08,-0.235,76764
1991-08-07,0.209,76945
1991-08-06,0.451,76785
1991-08-05,0.121,76440
1991-08-02,0.900,76348
1991-08-01,-0.029,75667
1991-07-31,0.155,75689
1991-07-30,0.005,75572
1991-07-29,0.033,75568
1991-07-26,0.033,75542
1991-07-25,0.270,75517
1991-07-24,0.448,75314
1991-07-23,-0.112,74978
1991-07-22,0.033,75062
1991-07-19,0.180,75037
1991-07-18,0.006,74903
1991-07-17,-0.144,74898
1991-07-16,-0.026,75006
1991-07-15,0.033,75025
1991-07-12,0.270,75000
1991-07-11,0.360,74798
1991-07-10,0.186,74530
1991-07-09,-0.084,74392
1991-07-08,-0.029,74455
1991-07-05,-0.438,74476
1991-07-03,0.155,74804
1991-07-02,-0.026,74688
1991-07-01,-0.116,74708
1991-06-28,0.475,74795
1991-06-27,0.123,74441
1991-06-26,0.002,74349
1991-06-25,0.002,74348
1991-06-24,-0.025,74346
1991-06-21,-0.116,74365
1991-06-20,0.242,74451
1991-06-19,-0.025,74271
1991-06-18,-0.053,74290
1991-06-17,-0.057,74330
1991-06-14,0.391,74372
1991-06-13,0.120,74082
1991-06-12,-0.348,73993
1991-06-11,0.033,74252
1991-06-10,0.002,74227
1991-06-07,-0.321,74225
1991-06-06,-0.235,74465
1991-06-05,-0.264,74640
1991-06-04,0.001,74837
1991-06-03,-0.474,74836
1991-05-31,-0.175,75193
1991-05-30,0.268,75324
1991-05-29,0.064,75123
1991-05-28,0.243,75074
1991-05-24,0.001,74892
1991-05-23,-0.111,74891
1991-05-22,0.032,74975
1991-05-21,0.239,74951
1991-05-20,-0.024,74772
1991-05-17,0.176,74789
1991-05-16,0.155,74657
1991-05-15,0.061,74542
1991-05-14,-0.352,74497
1991-05-13,0.299,74760
1991-05-10,-0.499,74537
1991-05-09,0.089,74911
1991-05-08,0.089,74845
1991-05-07,-0.027,74778
1991-05-06,0.004,74798
1991-05-03,-0.385,74795
1991-05-02,0.240,75084
1991-05-01,0.092,74905
1991-04-30,0.331,74836
1991-04-29,0.004,74589
1991-04-26,0.124,74585
1991-04-25,-0.058,74493
1991-04-24,0.390,74537
1991-04-23,0.211,74247
1991-04-22,-0.202,74090
1991-04-19,-0.412,74240
1991-04-18,-0.449,74547
1991-04-17,0.152,74883
1991-04-16,-0.056,74770
1991-04-15,0.180,74812
1991-04-12,0.690,74677
1991-04-11,0.092,74165
1991-04-10,-0.321,74097
1991-04-09,-0.266,74336
1991-04-08,0.092,74534
1991-04-05,0.092,74466
1991-04-04,0.299,74398
1991-04-03,-0.087,74176
1991-04-02,0.302,74240
1991-04-01,-0.055,74017
1991-03-28,0.211,74058
1991-03-27,0.330,73902
1991-03-26,0.001,73659
1991-03-25,0.033,73658
1991-03-22,0.148,73634
1991-03-21,0.302,73525
1991-03-20,0.329,73304
1991-03-19,-0.559,73063
1991-03-18,-0.296,73473
1991-03-15,-0.444,73691
1991-03-14,0.064,74019
1991-03-13,0.450,73972
1991-03-12,-0.177,73641
1991-03-11,0.450,73772
1991-03-08,-0.261,73441
1991-03-07,0.271,73634
1991-03-06,-0.146,73435
1991-03-05,0.239,73542
1991-03-04,0.001,73367
1991-03-01,-0.593,73366
1991-02-28,-0.144,73804
1991-02-27,-0.088,73910
1991-02-26,-0.299,73975
1991-02-25,0.127,74196
1991-02-22,-0.211,74103
1991-02-21,-0.208,74260
1991-02-20,-0.177,74415
1991-02-19,-0.121,74547
1991-02-15,0.088,74637
1991-02-14,-0.057,74571
1991-02-13,0.031,74614
1991-02-12,-0.000,74591
1991-02-11,0.035,74591
1991-02-08,0.301,74565
1991-02-07,-0.117,74341
1991-02-06,0.202,74429
1991-02-05,0.244,74278
1991-02-04,0.212,74097
1991-02-01,0.816,73940
1991-01-31,0.121,73342
1991-01-30,-0.024,73254
1991-01-29,0.212,73271
1991-01-28,0.033,73116
1991-01-25,-0.294,73092
1991-01-24,0.240,73308
1991-01-23,0.212,73133
1991-01-22,-0.143,72978
1991-01-21,0.032,73083
1991-01-18,0.120,73059
1991-01-17,1.071,72971
1991-01-16,-0.085,72198
1991-01-15,0.124,72259
1991-01-14,-0.144,72170
1991-01-11,-0.204,72274
1991-01-10,0.599,72422
1991-01-09,-0.406,71991
1991-01-08,-0.114,72284
1991-01-07,-0.590,72367
1991-01-04,-0.474,72796
1991-01-03,0.271,73143
1991-01-02,0.658,72945
1990-12-31,0.452,72468
1990-12-28,-0.208,72142
1990-12-27,0.270,72293
1990-12-26,0.329,72098
1990-12-24,-0.501,71861
1990-12-21,-0.356,72223
1990-12-20,-0.234,72481
1990-12-19,0.035,72651
1990-12-18,0.211,72626
1990-12-17,0.148,72473
1990-12-14,-0.354,72366
1990-12-13,-0.387,72623
1990-12-12,0.211,72905
1990-12-11,0.271,72751
1990-12-10,0.330,72554
1990-12-07,0.926,72315
1990-12-06,-0.086,71652
1990-12-05,0.207,71713
1990-12-04,0.182,71565
1990-12-03,0.270,71435
1990-11-30,0.356,71243
1990-11-29,-0.054,70990
1990-11-28,-0.147,71028
1990-11-27,-0.026,71132
1990-11-26,0.030,71151
1990-11-23,0.005,71130
1990-11-21,0.301,71126
1990-11-20,0.238,70912
1990-11-19,-0.230,70744
1990-11-16,0.415,70907
1990-11-15,-0.025,70614
1990-11-14,0.092,70631
1990-11-13,0.678,70566
1990-11-12,0.034,70091
1990-11-09,0.531,70067
1990-11-08,0.007,69697
1990-11-07,-0.319,69692
1990-11-06,-0.052,69915
1990-11-05,0.414,69951
1990-11-02,0.035,69663
1990-11-01,0.503,69639
1990-10-31,0.357,69290
1990-10-30,-0.026,69044
1990-10-29,-0.341,69062
1990-10-26,-0.023,69298
1990-10-25,0.299,69314
1990-10-24,-0.023,69108
1990-10-23,-0.051,69124
1990-10-22,-0.023,69159
1990-10-19,0.591,69175
1990-10-18,0.295,68769
1990-10-17,0.209,68567
1990-10-16,0.093,68423
1990-10-15,0.237,68360
1990-10-12,0.529,68198
1990-10-11,-0.076,67839
1990-10-10,-0.311,67891
1990-10-09,-1.006,68103
1990-10-08,0.035,68794
1990-10-05,0.213,68770
1990-10-04,0.206,68625
1990-10-03,-0.020,68484
1990-10-02,0.182,68497
1990-10-01,0.643,68373
1990-09-28,0.525,67936
1990-09-27,0.554,67581
1990-09-26,0.121,67209
1990-09-25,0.121,67128
1990-09-24,-0.251,67047
1990-09-21,-0.393,67215
1990-09-20,-0.107,67481
1990-09-19,0.060,67553
1990-09-18,0.066,67512
1990-09-17,-0.137,67468
1990-09-14,-0.223,67560
1990-09-13,0.066,67711
1990-09-12,0.093,67667
1990-09-11,0.151,67604
1990-09-10,-0.165,67502
1990-09-07,0.209,67613
1990-09-06,0.090,67473
1990-09-05,0.297,67412
1990-09-04,-0.165,67212
1990-08-31,0.035,67323
1990-08-30,-0.080,67299
1990-08-29,0.613,67353
1990-08-28,-0.225,66943
1990-08-27,0.870,67094
1990-08-24,-0.281,66515
1990-08-23,-0.451,66702
1990-08-22,-0.337,67004
1990-08-21,-0.168,67231
1990-08-20,-0.053,67344
1990-08-17,-0.166,67380
1990-08-16,-0.630,67492
1990-08-15,0.120,67920
1990-08-14,0.295,67838
1990-08-13,-0.078,67639
1990-08-10,-0.112,67692
1990-08-09,0.645,67768
1990-08-08,0.063,67334
1990-08-07,-0.462,67291
1990-08-06,-1.440,67604
1990-08-03,-0.084,68591
1990-08-02,-0.610,68649
1990-08-01,0.478,69070
1990-07-31,-0.022,68742
1990-07-30,0.504,68757
1990-07-27,0.506,68412
1990-07-26,0.003,68068
1990-07-25,0.268,68066
1990-07-24,-0.259,67884
1990-07-23,0.034,68060
1990-07-20,0.240,68037
1990-07-19,0.006,67875
1990-07-18,-0.287,67871
1990-07-17,0.064,68066
1990-07-16,0.061,68022
1990-07-13,0.357,67981
1990-07-12,0.504,67739
1990-07-11,0.125,67399
1990-07-10,0.002,67315
1990-07-09,-0.255,67313
1990-07-06,-0.554,67485
1990-07-05,-0.054,67862
1990-07-03,0.177,67898
1990-07-02,0.033,67778
1990-06-29,0.298,67756
1990-06-28,0.325,67555
1990-06-27,0.236,67336
1990-06-26,0.180,67177
1990-06-25,-0.374,67057
1990-06-22,0.122,67309
1990-06-21,0.177,67227
1990-06-20,-0.200,67108
1990-06-19,-0.056,67242
1990-06-18,-0.201,67280
1990-06-15,-0.435,67416
1990-06-14,0.181,67710
1990-06-13,0.501,67588
1990-06-12,0.033,67251
1990-06-11,-0.053,67229
1990-06-08,-0.029,67265
1990-06-07,0.094,67285
1990-06-06,0.060,67221
1990-06-05,-0.174,67181
1990-06-04,0.033,67298
1990-06-01,1.000,67276
1990-05-31,0.119,66609
1990-05-30,0.235,66530
1990-05-29,0.208,66374
1990-05-25,-0.284,66236
1990-05-24,-0.052,66425
1990-05-23,0.266,66460
1990-05-22,0.525,66283
1990-05-21,0.122,65937
1990-05-18,-0.313,65856
1990-05-17,-0.055,66063
1990-05-16,-0.140,66100
1990-05-15,-0.199,66193
1990-05-14,0.238,66325
1990-05-11,1.079,66167
1990-05-10,0.380,65461
1990-05-09,-0.347,65213
1990-05-08,0.208,65440
1990-05-07,-0.138,65304
1990-05-04,1.249,65395
1990-05-03,0.382,64588
1990-05-02,-0.082,64342
1990-05-01,-0.163,64395
1990-04-30,0.180,64500
1990-04-27,0.092,64385
1990-04-26,-0.338,64325
1990-04-25,-0.052,64543
1990-04-24,-0.140,64577
1990-04-23,-0.107,64668
1990-04-20,-0.394,64737
1990-04-19,0.007,64993
1990-04-18,-0.515,64989
1990-04-17,-0.486,65325
1990-04-16,-0.198,65644
1990-04-12,-0.055,65774
1990-04-11,0.012,65811
1990-04-10,0.006,65803
1990-04-09,-0.172,65799
1990-04-06,0.122,65913
1990-04-05,-0.053,65832
1990-04-04,0.468,65867
1990-04-03,0.088,65560
1990-04-02,0.064,65503
1990-03-30,-0.226,65461
1990-03-29,-0.460,65609
1990-03-28,0.091,65912
1990-03-27,-0.026,65852
1990-03-26,0.091,65869
1990-03-23,0.122,65810
1990-03-22,0.149,65730
1990-03-21,-0.026,65632
1990-03-20,0.293,65649
1990-03-19,-0.028,65457
1990-03-16,0.502,65475
1990-03-15,-0.055,65148
1990-03-14,0.467,65185
1990-03-13,-0.484,64882
1990-03-12,0.119,65197
1990-03-09,-0.462,65120
1990-03-08,0.091,65422
1990-03-07,0.091,65363
1990-03-06,0.352,65303
1990-03-05,-0.636,65074
1990-03-02,0.325,65491
1990-03-01,-0.432,65279
1990-02-28,-0.582,65562
1990-02-27,0.357,65946
1990-02-26,0.442,65712
1990-02-23,0.091,65422
1990-02-22,0.438,65363
1990-02-21,0.034,65077
1990-02-20,-1.130,65056
1990-02-16,0.091,65799
1990-02-15,-0.408,65739
1990-02-14,0.005,66009
1990-02-13,0.326,66005
1990-02-12,-0.434,65791
1990-02-09,0.968,66077
1990-02-08,0.270,65444
1990-02-07,0.141,65268
1990-02-06,-0.200,65176
1990-02-05,-0.111,65306
1990-02-02,-0.435,65379
1990-02-01,0.092,65664
1990-01-31,0.503,65604
1990-01-30,-0.056,65276
1990-01-29,0.006,65312
1990-01-26,-0.345,65308
1990-01-25,-0.233,65535
1990-01-24,-0.641,65687
1990-01-23,0.123,66111
1990-01-22,-0.027,66031
1990-01-19,0.418,66048
1990-01-18,-0.764,65773
1990-01-17,0.091,66280
1990-01-16,-0.591,66219
1990-01-15,0.032,66613
1990-01-12,-0.325,66592
1990-01-11,-0.028,66809
1990-01-10,0.160,66827
1990-01-09,0.031,66720
1990-01-08,-0.116,66700
1990-01-05,-0.029,66777
1990-01-04,0.122,66797
1990-01-03,-0.299,66715
1990-01-02,-0.029,66915
1989-12-29,-0.057,66935
1989-12-28,0.210,66973
1989-12-27,0.153,66833
1989-12-26,-0.839,66731
1989-12-22,-0.301,67296
1989-12-21,-0.033,67499
1989-12-20,0.154,67522
1989-12-19,-0.062,67418
1989-12-18,0.210,67460
1989-12-15,-0.062,67318
1989-12-14,0.242,67360
1989-12-13,0.087,67197
1989-12-12,-0.029,67138
1989-12-11,0.002,67158
1989-12-08,0.359,67157
1989-12-07,-0.181,66917
1989-12-06,-0.212,67038
1989-12-05,0.031,67180
1989-12-04,0.002,67160
1989-12-01,0.242,67158
1989-11-30,0.271,66996
1989-11-29,-0.121,66815
1989-11-28,-0.029,66896
1989-11-27,-0.332,66915
1989-11-24,0.091,67138
1989-11-22,0.366,67078
1989-11-21,0.122,66833
1989-11-20,0.119,66751
1989-11-17,-0.392,66672
1989-11-16,0.062,66934
1989-11-15,0.363,66892
1989-11-14,0.151,66651
1989-11-13,0.116,66551
1989-11-10,-0.089,66474
1989-11-09,-0.117,66532
1989-11-08,0.211,66610
1989-11-07,0.756,66470
1989-11-06,-0.270,65972
1989-11-03,-0.506,66150
1989-11-02,0.334,66487
1989-11-01,0.059,66266
1989-10-31,0.031,66227
1989-10-30,0.182,66206
1989-10-27,-0.328,66086
1989-10-26,-0.121,66303
1989-10-25,0.059,66383
1989-10-24,0.362,66344
1989-10-23,0.390,66105
1989-10-20,-0.088,65849
1989-10-19,0.330,65907
1989-10-18,-0.091,65690
1989-10-17,-0.057,65750
1989-10-16,-0.657,65787
1989-10-13,1.145,66222
1989-10-12,0.272,65473
1989-10-11,-0.144,65295
1989-10-10,0.031,65389
1989-10-09,0.031,65369
1989-10-06,0.807,65349
1989-10-05,0.445,64825
1989-10-04,0.121,64538
1989-10-03,0.326,64460
1989-10-02,0.239,64250
1989-09-29,-0.089,64097
1989-09-28,0.001,64154
1989-09-27,-0.030,64154
1989-09-26,0.212,64173
1989-09-25,-0.618,64037
1989-09-22,-0.086,64436
1989-09-21,-0.295,64491
1989-09-20,-0.355,64682
1989-09-19,0.059,64913
1989-09-18,-0.059,64874
1989-09-15,0.238,64912
1989-09-14,0.360,64758
1989-09-13,-0.171,64526
1989-09-12,0.031,64637
1989-09-11,0.153,64616
1989-09-08,0.209,64518
1989-09-07,0.000,64383
1989-09-06,0.150,64383
1989-09-05,0.032,64287
1989-09-01,0.445,64266
1989-08-31,-0.027,63981
1989-08-30,0.150,63999
1989-08-29,0.001,63903
1989-08-28,-0.322,63903
1989-08-25,0.004,64109
1989-08-24,0.327,64106
1989-08-23,0.268,63897
1989-08-22,-0.498,63727
1989-08-21,-0.326,64046
1989-08-18,0.209,64255
1989-08-17,-0.354,64121
1989-08-16,0.597,64349
1989-08-15,0.271,63968
1989-08-14,-1.009,63795
1989-08-11,-0.478,64445
1989-08-10,0.116,64754
1989-08-09,-0.172,64679
1989-08-08,0.179,64790
1989-08-07,-0.147,64675
1989-08-04,-1.288,64770
1989-08-03,-0.273,65615
1989-08-02,-0.185,65794
1989-08-01,0.515,65916
1989-07-31,0.301,65579
1989-07-28,0.428,65382
1989-07-27,0.600,65103
1989-07-26,0.067,64715
1989-07-25,0.302,64672
1989-07-24,0.120,64477
1989-07-21,-0.325,64400
1989-07-20,0.573,64610
1989-07-19,0.239,64242
1989-07-18,-0.474,64089
1989-07-17,-0.090,64394
1989-07-14,-0.175,64452
1989-07-13,0.001,64565
1989-07-12,0.284,64565
1989-07-11,0.035,64382
1989-07-10,0.210,64359
1989-07-07,0.420,64224
1989-07-06,0.241,63955
1989-07-05,-0.087,63802
1989-07-03,0.091,63857
1989-06-30,0.182,63799
1989-06-29,0.391,63684
1989-06-28,-0.261,63436
1989-06-27,0.415,63602
1989-06-26,0.446,63339
1989-06-23,0.799,63058
1989-06-22,-0.057,62559
1989-06-21,-0.258,62594
1989-06-20,0.385,62756
1989-06-19,-0.147,62516
1989-06-16,-0.054,62608
1989-06-15,-0.701,62642
1989-06-14,0.358,63084
1989-06-13,-0.592,62859
1989-06-12,-0.059,63234
1989-06-09,0.742,63271
1989-06-08,0.094,62805
1989-06-07,0.500,62746
1989-06-06,0.032,62433
1989-06-05,0.444,62413
1989-06-02,1.149,62137
1989-06-01,-0.025,61432
1989-05-31,0.266,61447
1989-05-30,0.180,61284
1989-05-26,0.091,61174
1989-05-25,-0.229,61118
1989-05-24,-0.141,61258
1989-05-23,-0.083,61345
1989-05-22,0.790,61396
1989-05-19,0.439,60915
1989-05-18,0.119,60648
1989-05-17,0.119,60576
1989-05-16,0.004,60504
1989-05-15,-0.054,60502
1989-05-12,1.770,60534
1989-05-11,0.438,59482
1989-05-10,-0.141,59222
1989-05-09,-0.651,59306
1989-05-08,-0.281,59695
1989-05-05,0.558,59863
1989-05-04,0.035,59531
1989-05-03,0.180,59510
1989-05-02,0.378,59403
1989-05-01,-0.648,59179
1989-04-28,0.207,59566
1989-04-27,0.439,59443
1989-04-26,0.092,59183
1989-04-25,0.266,59129
1989-04-24,0.035,58972
1989-04-21,0.320,58951
1989-04-20,-0.676,58763
1989-04-19,-0.109,59163
1989-04-18,0.925,59228
1989-04-17,-0.078,58685
1989-04-14,0.945,58731
1989-04-13,-0.157,58181
1989-04-12,-0.048,58273
1989-04-11,0.035,58301
1989-04-10,0.035,58280
1989-04-07,-0.391,58260
1989-04-06,-0.225,58488
1989-04-05,0.035,58620
1989-04-04,0.293,58600
1989-04-03,0.606,58429
1989-03-31,0.262,58077
1989-03-30,0.178,57925
1989-03-29,0.318,57822
1989-03-28,0.175,57639
1989-03-27,-0.020,57538
1989-03-23,0.148,57550
1989-03-22,0.486,57465
1989-03-21,-0.023,57187
1989-03-20,-0.188,57200
1989-03-17,-1.060,57308
1989-03-16,0.092,57922
1989-03-15,0.062,57868
1989-03-14,0.176,57832
1989-03-13,0.009,57731
1989-03-10,-0.559,57725
1989-03-09,-0.021,58050
1989-03-08,0.176,58062
1989-03-07,0.066,57960
1989-03-06,0.289,57922
1989-03-03,0.096,57755
1989-03-02,0.289,57700
1989-03-01,-0.130,57534
1989-02-28,0.232,57609
1989-02-27,0.179,57475
1989-02-24,-0.047,57373
1989-02-23,-0.419,57400
1989-02-22,-0.361,57641
1989-02-21,-0.078,57850
1989-02-17,0.092,57895
1989-02-16,0.122,57842
1989-02-15,0.092,57771
1989-02-14,-0.165,57718
1989-02-13,-0.021,57813
1989-02-10,-0.276,57826
1989-02-09,-1.020,57986
1989-02-08,0.062,58583
1989-02-07,0.321,58547
1989-02-06,0.035,58360
1989-02-03,-0.167,58340
1989-02-02,0.092,58437
1989-02-01,0.089,58384
1989-01-31,0.068,58332
1989-01-30,-0.252,58292
1989-01-27,0.264,58439
1989-01-26,0.004,58285
1989-01-25,-0.309,58283
1989-01-24,0.467,58463
1989-01-23,0.176,58192
1989-01-20,-0.107,58089
1989-01-19,-0.023,58151
1989-01-18,0.406,58164
1989-01-17,0.035,57929
1989-01-16,0.035,57909
1989-01-13,0.552,57889
1989-01-12,0.605,57571
1989-01-11,0.065,57225
1989-01-10,0.038,57187
1989-01-09,0.089,57165
1989-01-06,0.149,57115
1989-01-05,-0.278,57030
1989-01-04,0.062,57189
1989-01-03,-0.505,57153
1988-12-30,0.263,57443
1988-12-29,0.266,57292
1988-12-28,-0.389,57140
1988-12-27,-0.451,57363
1988-12-23,0.089,57623
1988-12-22,0.005,57572
1988-12-21,0.092,57569
1988-12-20,0.435,57516
1988-12-19,0.149,57267
1988-12-16,0.149,57182
1988-12-15,0.036,57096
1988-12-14,-0.192,57076
1988-12-13,-0.363,57186
1988-12-12,-0.022,57394
1988-12-09,-0.281,57407
1988-12-08,-0.170,57568
1988-12-07,-0.252,57666
1988-12-06,1.069,57812
1988-12-05,0.321,57200
1988-12-02,-0.962,57017
1988-12-01,0.262,57571
1988-11-30,0.467,57421
1988-11-29,0.207,57154
1988-11-28,0.093,57036
1988-11-25,-0.507,56983
1988-11-23,0.063,57273
1988-11-22,-0.250,57237
1988-11-21,0.063,57381
1988-11-18,0.033,57345
1988-11-17,-0.277,57326
1988-11-16,-0.393,57486
1988-11-15,-0.053,57713
1988-11-14,0.008,57743
1988-11-11,0.035,57738
1988-11-10,0.032,57718
1988-11-09,-0.086,57699
1988-11-08,0.036,57749
1988-11-07,-0.371,57728
1988-11-04,-0.859,57943
1988-11-03,0.268,58445
1988-11-02,-0.255,58289
1988-11-01,-0.140,58438
1988-10-31,0.299,58520
1988-10-28,0.209,58346
1988-10-27,0.472,58224
1988-10-26,0.267,57950
1988-10-25,0.035,57796
1988-10-24,0.035,57775
1988-10-21,-0.165,57755
1988-10-20,0.178,57850
1988-10-19,-0.196,57747
1988-10-18,0.093,57861
1988-10-17,0.151,57807
1988-10-14,0.209,57720
1988-10-13,0.035,57599
1988-10-12,-0.394,57579
1988-10-11,-0.286,57806
1988-10-10,0.035,57972
1988-10-07,1.023,57952
1988-10-06,0.066,57365
1988-10-05,0.035,57327
1988-10-04,-0.138,57307
1988-10-03,0.178,57386
1988-09-30,0.670,57284
1988-09-29,0.496,56903
1988-09-28,-0.109,56622
1988-09-27,-0.193,56684
1988-09-26,-0.167,56793
1988-09-23,-0.049,56888
1988-09-22,-0.110,56916
1988-09-21,0.266,56978
1988-09-20,0.036,56827
1988-09-19,-0.194,56807
1988-09-16,-0.079,56917
1988-09-15,-0.137,56962
1988-09-14,0.382,57041
1988-09-13,0.178,56824
1988-09-12,-0.164,56722
1988-09-09,0.382,56815
1988-09-08,0.006,56599
1988-09-07,0.066,56596
1988-09-06,0.033,56559
1988-09-02,1.534,56540
1988-09-01,0.007,55686
1988-08-31,0.181,55682
1988-08-30,0.208,55581
1988-08-29,0.462,55466
1988-08-26,0.178,55211
1988-08-25,-0.358,55113
1988-08-24,-0.076,55311
1988-08-23,0.321,55353
1988-08-22,-0.105,55176
1988-08-19,0.038,55234
1988-08-18,0.208,55213
1988-08-17,-0.132,55099
1988-08-16,0.181,55171
1988-08-15,-0.019,55072
1988-08-12,-0.019,55082
1988-08-11,-0.216,55093
1988-08-10,-0.650,55212
1988-08-09,-0.419,55573
1988-08-08,0.097,55807
1988-08-05,-0.737,55753
1988-08-04,0.324,56167
1988-08-03,-0.133,55986
1988-08-02,0.439,56060
1988-08-01,0.293,55815
1988-07-29,0.266,55652
1988-07-28,-0.137,55504
1988-07-27,-0.219,55581
1988-07-26,-0.048,55703
1988-07-25,0.236,55729
1988-07-22,0.293,55598
1988-07-21,-0.219,55436
1988-07-20,-0.020,55557
1988-07-19,0.293,55568
1988-07-18,-0.363,55406
1988-07-15,0.296,55608
1988-07-14,0.037,55444
1988-07-13,-0.132,55423
1988-07-12,-0.277,55496
1988-07-11,0.151,55650
1988-07-08,-0.541,55566
1988-07-07,-0.225,55868
1988-07-06,-0.392,55994
1988-07-05,-0.254,56214
1988-07-01,0.325,56358
1988-06-30,0.352,56175
1988-06-29,0.008,55978
1988-06-28,0.410,55973
1988-06-27,-0.482,55745
1988-06-24,0.179,56015
1988-06-23,0.182,55915
1988-06-22,0.786,55813
1988-06-21,-0.051,55378
1988-06-20,0.036,55406
1988-06-17,-0.680,55386
1988-06-16,-1.003,55766
1988-06-15,-0.112,56331
1988-06-14,1.254,56394
1988-06-13,0.124,55695
1988-06-10,0.237,55626
1988-06-09,-0.164,55495
1988-06-08,0.552,55586
1988-06-07,-0.220,55281
1988-06-06,0.036,55403
1988-06-03,0.612,55382
1988-06-02,-0.162,55045
1988-06-01,0.953,55135
1988-05-31,0.236,54615
1988-05-27,-0.103,54486
1988-05-26,-0.020,54543
1988-05-25,0.091,54553
1988-05-24,0.125,54503
1988-05-23,-0.079,54436
1988-05-20,-0.160,54479
1988-05-19,0.095,54566
1988-05-18,-0.392,54515
1988-05-17,-0.533,54729
1988-05-16,-0.021,55022
1988-05-13,0.267,55034
1988-05-12,0.064,54887
1988-05-11,0.091,54852
1988-05-10,-0.223,54802
1988-05-09,-0.078,54924
1988-05-06,-0.481,54967
1988-05-05,-0.109,55233
1988-05-04,0.009,55293
1988-05-03,0.265,55288
1988-05-02,-0.306,55142
1988-04-29,-0.021,55311
1988-04-28,-0.341,55323
1988-04-27,0.036,55513
1988-04-26,-0.080,55492
1988-04-25,0.067,55537
1988-04-22,0.207,55500
1988-04-21,0.156,55385
1988-04-20,-0.080,55299
1988-04-19,0.067,55343
1988-04-18,-0.370,55306
1988-04-15,-0.310,55511
1988-04-14,-0.636,55683
1988-04-13,0.186,56040
1988-04-12,0.214,55936
1988-04-11,-0.374,55817
1988-04-08,0.534,56026
1988-04-07,0.093,55729
1988-04-06,0.354,55677
1988-04-05,0.093,55480
1988-04-04,-0.667,55428
1988-03-31,0.035,55800
1988-03-30,-0.024,55781
1988-03-29,0.183,55794
1988-03-28,-0.608,55692
1988-03-25,0.269,56033
1988-03-24,-0.169,55882
1988-03-23,-0.086,55977
1988-03-22,0.062,56025
1988-03-21,-0.318,55990
1988-03-18,-0.613,56169
1988-03-17,0.389,56516
1988-03-16,-0.351,56297
1988-03-15,0.006,56495
1988-03-14,0.034,56491
1988-03-11,0.327,56472
1988-03-10,-0.174,56288
1988-03-09,0.062,56386
1988-03-08,-0.143,56351
1988-03-07,-0.084,56432
1988-03-04,-0.913,56479
1988-03-03,0.125,57000
1988-03-02,0.184,56929
1988-03-01,0.062,56825
1988-02-29,0.153,56790
1988-02-26,0.300,56703
1988-02-25,-0.200,56534
1988-02-24,-0.026,56647
1988-02-23,0.481,56661
1988-02-22,0.184,56390
1988-02-19,0.121,56287
1988-02-18,0.240,56219
1988-02-17,0.006,56084
1988-02-16,-0.143,56081
1988-02-12,-0.676,56161
1988-02-11,-0.264,56544
1988-02-10,0.363,56693
1988-02-09,0.212,56488
1988-02-08,-0.351,56369
1988-02-05,0.748,56568
1988-02-04,-0.113,56148
1988-02-03,-0.269,56211
1988-02-02,0.540,56363
1988-02-01,0.003,56060
1988-01-29,0.418,56059
1988-01-28,0.361,55826
1988-01-27,1.009,55625
1988-01-26,-0.492,55069
1988-01-25,0.239,55342
1988-01-22,0.239,55210
1988-01-21,0.535,55078
1988-01-20,0.269,54785
1988-01-19,-0.195,54638
1988-01-18,0.035,54744
1988-01-15,1.524,54725
1988-01-14,0.064,53904
1988-01-13,0.384,53869
1988-01-12,0.094,53664
1988-01-11,0.301,53613
1988-01-08,-0.770,53452
1988-01-07,0.070,53867
1988-01-06,-0.312,53829
1988-01-05,0.442,53998
1988-01-04,-0.025,53760
1987-12-31,-0.284,53774
1987-12-30,0.503,53927
1987-12-29,0.468,53657
1987-12-28,-0.568,53407
1987-12-24,0.063,53712
1987-12-23,0.761,53678
1987-12-22,-0.337,53273
1987-12-21,0.063,53453
1987-12-18,0.753,53419
1987-12-17,-0.136,53019
1987-12-16,0.615,53091
1987-12-15,0.809,52767
1987-12-14,0.233,52343
1987-12-11,-0.187,52222
1987-12-10,-0.959,52319
1987-12-09,0.236,52826
1987-12-08,-0.047,52701
1987-12-07,-0.739,52726
1987-12-04,0.037,53119
1987-12-03,0.440,53100
1987-12-02,0.067,52867
1987-12-01,-0.078,52832
1987-11-30,0.727,52873
1987-11-27,-0.738,52491
1987-11-25,-0.451,52881
1987-11-24,-0.514,53121
1987-11-23,-0.022,53396
1987-11-20,0.268,53407
1987-11-19,0.182,53265
1987-11-18,0.124,53168
1987-11-17,-0.195,53102
1987-11-16,0.121,53206
1987-11-13,-0.165,53141
1987-11-12,-0.053,53229
1987-11-11,0.036,53257
1987-11-10,0.039,53238
1987-11-09,-0.050,53217
1987-11-06,-0.319,53244
1987-11-05,0.761,53414
1987-11-04,0.384,53011
1987-11-03,0.410,52808
1987-11-02,-0.509,52592
1987-10-30,0.033,52861
1987-10-29,0.700,52844
1987-10-28,-0.390,52476
1987-10-27,-0.535,52682
1987-10-26,1.231,52965
1987-10-23,-0.052,52321
1987-10-22,1.874,52348
1987-10-21,0.486,51385
1987-10-20,4.347,51136
1987-10-19,0.481,49006
1987-10-16,-0.175,48772
1987-10-15,-0.263,48857
1987-10-14,-1.226,48986
1987-10-13,0.291,49594
1987-10-12,0.040,49450
1987-10-09,-0.404,49430
1987-10-08,-0.882,49630
1987-10-07,0.213,50072
1987-10-06,-0.129,49965
1987-10-05,-0.465,50030
1987-10-02,0.346,50263
1987-10-01,-0.129,50090
1987-09-30,0.036,50155
1987-09-29,-0.605,50137
1987-09-28,0.035,50442
1987-09-25,-0.044,50424
1987-09-24,-0.611,50446
1987-09-23,-0.162,50757
1987-09-22,0.492,50839
1987-09-21,-0.328,50590
1987-09-18,0.605,50756
1987-09-17,0.235,50451
1987-09-16,-0.353,50333
1987-09-15,-0.587,50511
1987-09-14,0.071,50810
1987-09-11,0.489,50774
1987-09-10,0.467,50527
1987-09-09,0.062,50292
1987-09-08,-1.149,50261
1987-09-04,-0.049,50845
1987-09-03,0.011,50870
1987-09-02,-1.271,50864
1987-09-01,-0.220,51519
1987-08-31,0.121,51633
1987-08-28,-0.508,51570
1987-08-27,-0.744,51833
1987-08-26,-0.282,52222
1987-08-25,0.326,52369
1987-08-24,-0.022,52199
1987-08-21,-0.108,52211
1987-08-20,0.179,52267
1987-08-19,-0.166,52174
1987-08-18,-0.922,52260
1987-08-17,0.152,52747
1987-08-14,0.296,52667
1987-08-13,0.499,52511
1987-08-12,0.063,52250
1987-08-11,0.094,52217
1987-08-10,-0.166,52168
1987-08-07,0.180,52255
1987-08-06,-0.081,52162
1987-08-05,0.618,52204
1987-08-04,0.036,51883
1987-08-03,-0.803,51864
1987-07-31,-0.195,52284
1987-07-30,0.004,52386
1987-07-29,0.063,52384
1987-07-28,-0.082,52351
1987-07-27,-0.082,52394
1987-07-24,-0.113,52437
1987-07-23,-0.082,52496
1987-07-22,-0.258,52539
1987-07-21,-0.435,52675
1987-07-20,-0.291,52905
1987-07-17,0.329,53059
1987-07-16,0.214,52885
1987-07-15,-0.554,52772
1987-07-14,0.267,53066
1987-07-13,-0.288,52925
1987-07-10,0.361,53078
1987-07-09,-0.292,52887
1987-07-08,-0.171,53041
1987-07-07,0.155,53132
1987-07-06,0.093,53050
1987-07-02,0.451,53001
1987-07-01,0.152,52763
1987-06-30,-0.202,52683
1987-06-29,0.211,52789
1987-06-26,-0.704,52678
1987-06-25,0.482,53052
1987-06-24,-0.470,52797
1987-06-23,0.002,53047
1987-06-22,0.479,53046
1987-06-19,-0.175,52793
1987-06-18,-0.172,52885
1987-06-17,0.361,52976
1987-06-16,0.033,52786
1987-06-15,0.239,52768
1987-06-12,1.276,52642
1987-06-11,0.268,51979
1987-06-10,-0.027,51840
1987-06-09,-0.110,51854
1987-06-08,-0.203,51911
1987-06-05,0.534,52017
1987-06-04,0.354,51740
1987-06-03,0.501,51558
1987-06-02,-1.565,51300
1987-06-01,0.300,52116
1987-05-29,0.507,51960
1987-05-28,0.238,51698
1987-05-27,-0.319,51575
1987-05-26,1.473,51740
1987-05-22,0.526,50989
1987-05-21,0.325,50722
1987-05-20,-0.137,50558
1987-05-19,-0.888,50627
1987-05-18,0.442,51081
1987-05-15,-1.358,50856
1987-05-14,-0.021,51556
1987-05-13,0.004,51567
1987-05-12,0.152,51565
1987-05-11,-0.815,51487
1987-05-08,0.415,51910
1987-05-07,0.300,51695
1987-05-06,-0.492,51541
1987-05-05,0.384,51796
1987-05-04,-0.696,51598
1987-05-01,-0.964,51959
1987-04-30,0.770,52465
1987-04-29,-0.348,52064
1987-04-28,0.535,52246
1987-04-27,0.655,51968
1987-04-24,-0.621,51630
1987-04-23,-0.757,51953
1987-04-22,-0.294,52349
1987-04-21,0.093,52503
1987-04-20,-1.038,52454
1987-04-16,0.515,53005
1987-04-15,1.012,52733
1987-04-14,-1.023,52205
1987-04-13,-0.567,52744
1987-04-10,-1.197,53045
1987-04-09,-0.995,53687
1987-04-08,0.092,54226
1987-04-07,-0.455,54176
1987-04-06,0.336,54424
1987-04-03,0.031,54242
1987-04-02,0.031,54225
1987-04-01,-0.520,54208
1987-03-31,0.247,54491
1987-03-30,-1.249,54357
1987-03-27,-0.523,55044
1987-03-26,0.316,55334
1987-03-25,0.026,55160
1987-03-24,-0.093,55145
1987-03-23,-0.155,55197
1987-03-20,-0.065,55282
1987-03-19,0.095,55318
1987-03-18,-0.032,55266
1987-03-17,0.121,55283
1987-03-16,-0.156,55217
1987-03-13,0.248,55303
1987-03-12,0.059,55166
1987-03-11,0.030,55134
1987-03-10,-0.003,55118
1987-03-09,0.030,55119
1987-03-06,-0.402,55103
1987-03-05,-0.094,55325
1987-03-04,0.430,55377
1987-03-03,-0.217,55140
1987-03-02,0.186,55260
1987-02-27,0.121,55157
1987-02-26,0.030,55091
1987-02-25,-0.090,55075
1987-02-24,0.306,55124
1987-02-23,0.092,54956
1987-02-20,-0.032,54906
1987-02-19,0.462,54923
1987-02-18,0.215,54671
1987-02-17,-0.245,54554
1987-02-13,0.215,54688
1987-02-12,0.431,54570
1987-02-11,-0.215,54336
1987-02-10,-0.494,54453
1987-02-09,-0.340,54723
1987-02-06,0.059,54910
1987-02-05,0.248,54878
1987-02-04,0.121,54742
1987-02-03,-0.093,54676
1987-02-02,-0.279,54728
1987-01-30,-0.247,54881
1987-01-29,-0.036,55016
1987-01-28,0.248,55036
1987-01-27,0.059,54900
1987-01-26,-0.553,54868
1987-01-23,-0.190,55173
1987-01-22,-0.063,55278
1987-01-21,0.029,55313
1987-01-20,0.186,55297
1987-01-19,0.029,55194
1987-01-16,0.340,55178
1987-01-15,0.215,54992
1987-01-14,-0.033,54874
1987-01-13,-0.248,54892
1987-01-12,-0.220,55028
1987-01-09,0.215,55149
1987-01-08,0.091,55031
1987-01-07,0.215,54981
1987-01-06,0.094,54863
1987-01-05,0.583,54811
1987-01-02,0.371,54493
1986-12-31,0.029,54292
1986-12-30,-0.243,54276
1986-12-29,-0.560,54409
1986-12-26,-0.001,54715
1986-12-24,0.025,54715
1986-12-23,0.185,54701
1986-12-22,0.029,54600
1986-12-19,0.058,54584
1986-12-18,0.058,54553
1986-12-17,-0.004,54521
1986-12-16,0.215,54523
1986-12-15,-0.095,54406
1986-12-12,-0.098,54458
1986-12-11,-0.339,54511
1986-12-10,0.120,54697
1986-12-09,0.150,54631
1986-12-08,0.219,54549
1986-12-05,-0.652,54430
1986-12-04,0.307,54788
1986-12-03,0.153,54620
1986-12-02,0.682,54537
1986-12-01,-0.124,54167
1986-11-28,0.029,54234
1986-11-26,0.029,54218
1986-11-25,-0.251,54202
1986-11-24,0.401,54339
1986-11-21,0.186,54122
1986-11-20,-0.036,54022
1986-11-19,0.491,54041
1986-11-18,-0.213,53777
1986-11-17,0.461,53892
1986-11-14,0.276,53644
1986-11-13,0.185,53496
1986-11-12,0.214,53398
1986-11-11,0.030,53284
1986-11-10,0.120,53268
1986-11-07,-0.460,53204
1986-11-06,-0.429,53449
1986-11-05,0.169,53680
1986-11-04,-0.060,53589
1986-11-03,0.306,53622
1986-10-31,-0.121,53458
1986-10-30,0.679,53523
1986-10-29,0.211,53162
1986-10-28,0.105,53050
1986-10-27,0.240,52994
1986-10-24,-0.182,52867
1986-10-23,0.462,52964
1986-10-22,0.455,52720
1986-10-21,0.643,52481
1986-10-20,-0.610,52146
1986-10-17,-0.212,52466
1986-10-16,-0.091,52578
1986-10-15,-0.123,52626
1986-10-14,-0.699,52691
1986-10-13,0.030,53061
1986-10-10,-0.186,53045
1986-10-09,-0.093,53144
1986-10-08,-0.154,53194
1986-10-07,0.095,53276
1986-10-06,0.215,53226
1986-10-03,0.988,53112
1986-10-02,-0.246,52592
1986-10-01,0.307,52722
1986-09-30,0.548,52560
1986-09-29,-0.396,52274
1986-09-26,0.030,52481
1986-09-25,-0.037,52466
1986-09-24,0.674,52485
1986-09-23,0.274,52134
1986-09-22,0.367,51991
1986-09-19,-0.399,51801
1986-09-18,-0.845,52009
1986-09-17,0.459,52452
1986-09-16,0.063,52212
1986-09-15,0.705,52179
1986-09-12,-0.365,51814
1986-09-11,-1.276,52004
1986-09-10,0.030,52676
1986-09-09,0.214,52660
1986-09-08,-0.435,52548
1986-09-05,-0.983,52777
1986-09-04,0.274,53301
1986-09-03,-1.118,53156
1986-09-02,-0.403,53757
1986-08-29,0.558,53975
1986-08-28,0.154,53675
1986-08-27,-0.563,53593
1986-08-26,0.656,53896
1986-08-25,0.124,53545
1986-08-22,-0.621,53478
1986-08-21,0.311,53813
1986-08-20,0.284,53646
1986-08-19,0.774,53494
1986-08-18,0.061,53083
1986-08-15,0.087,53050
1986-08-14,0.032,53004
1986-08-13,0.458,52986
1986-08-12,0.185,52745
1986-08-11,0.305,52647
1986-08-08,0.952,52487
1986-08-07,0.217,51992
1986-08-06,-0.458,51880
1986-08-05,-0.305,52119
1986-08-04,0.059,52278
1986-08-01,0.030,52248
1986-07-31,0.491,52232
1986-07-30,0.062,51977
1986-07-29,0.731,51945
1986-07-28,-1.091,51567
1986-07-25,0.120,52136
1986-07-24,-0.306,52074
1986-07-23,-0.588,52234
1986-07-22,-0.309,52543
1986-07-21,0.152,52706
1986-07-18,0.217,52626
1986-07-17,0.087,52512
1986-07-16,-0.185,52466
1986-07-15,0.552,52563
1986-07-14,0.402,52275
1986-07-11,0.090,52066
1986-07-10,0.061,52019
1986-07-09,0.794,51987
1986-07-08,-0.764,51577
1986-07-07,-0.003,51975
1986-07-03,0.462,51976
1986-07-02,0.029,51737
1986-07-01,-0.093,51722
1986-06-30,0.310,51770
1986-06-27,0.209,51611
1986-06-26,-0.003,51503
1986-06-25,0.528,51504
1986-06-24,0.516,51234
1986-06-23,0.365,50971
1986-06-20,0.447,50786
1986-06-19,-0.694,50560
1986-06-18,0.266,50913
1986-06-17,0.094,50778
1986-06-16,0.572,50730
1986-06-13,1.539,50442
1986-06-12,0.368,49677
1986-06-11,0.295,49495
1986-06-10,0.326,49349
1986-06-09,-1.068,49189
1986-06-06,2.154,49720
1986-06-05,0.505,48672
1986-06-04,-0.988,48427
1986-06-03,0.802,48910
1986-06-02,-1.496,48521
1986-05-30,-0.294,49258
1986-05-29,-1.520,49403
1986-05-28,0.030,50166
1986-05-27,0.661,50150
1986-05-23,0.239,49821
1986-05-22,0.119,49702
1986-05-21,-0.057,49643
1986-05-20,0.693,49671
1986-05-19,0.122,49329
1986-05-16,-1.130,49269
1986-05-15,-0.909,49832
1986-05-14,-0.151,50289
1986-05-13,0.081,50366
1986-05-12,-1.024,50325
1986-05-09,-0.490,50845
1986-05-08,0.277,51096
1986-05-07,-0.109,50954
1986-05-06,-0.063,51010
1986-05-05,0.430,51042
1986-05-02,-0.303,50824
1986-05-01,-0.301,50978
1986-04-30,0.094,51132
1986-04-29,0.610,51084
1986-04-28,0.704,50774
1986-04-25,-0.427,50419
1986-04-24,-0.852,50635
1986-04-23,-0.741,51070
1986-04-22,-1.394,51452
1986-04-21,0.274,52179
1986-04-18,-0.310,52036
1986-04-17,-0.348,52198
1986-04-16,1.525,52380
1986-04-15,-0.090,51594
1986-04-14,0.680,51640
1986-04-11,-0.404,51291
1986-04-10,0.309,51500
1986-04-09,0.341,51341
1986-04-08,0.832,51166
1986-04-07,0.185,50744
1986-04-04,-0.118,50651
1986-04-03,-0.460,50710
1986-04-02,0.178,50945
1986-04-01,-0.041,50854
1986-03-31,0.773,50875
1986-03-27,0.849,50485
1986-03-26,0.683,50060
1986-03-25,0.031,49720
1986-03-24,0.571,49705
1986-03-21,-0.057,49423
1986-03-20,0.240,49451
1986-03-19,0.187,49333
1986-03-18,-0.393,49241
1986-03-17,-0.302,49435
1986-03-14,0.212,49585
1986-03-13,-0.423,49480
1986-03-12,0.120,49690
1986-03-11,0.362,49630
1986-03-10,1.143,49451
1986-03-07,0.575,48893
1986-03-06,0.636,48613
1986-03-05,-1.066,48306
1986-03-04,0.454,48826
1986-03-03,0.836,48606
1986-02-28,0.120,48202
1986-02-27,1.248,48145
1986-02-26,0.362,47551
1986-02-25,-0.056,47380
1986-02-24,0.563,47406
1986-02-21,1.085,47141
1986-02-20,0.148,46635
1986-02-19,-0.344,46566
1986-02-18,0.207,46727
1986-02-14,1.056,46631
1986-02-13,0.413,46143
1986-02-12,0.121,45954
1986-02-11,0.440,45898
1986-02-10,0.608,45697
1986-02-07,-0.391,45421
1986-02-06,-0.278,45599
1986-02-05,-0.203,45726
1986-02-04,0.413,45819
1986-02-03,0.352,45631
1986-01-31,0.212,45471
1986-01-30,-0.050,45374
1986-01-29,-0.192,45397
1986-01-28,0.527,45485
1986-01-27,0.640,45246
1986-01-24,0.068,44959
1986-01-23,0.232,44928
1986-01-22,-0.244,44824
1986-01-21,0.182,44934
1986-01-20,0.038,44852
1986-01-17,0.289,44835
1986-01-16,0.095,44706
1986-01-15,0.780,44664
1986-01-14,0.408,44318
1986-01-13,-0.496,44138
1986-01-10,-0.701,44358
1986-01-09,-0.729,44671
1986-01-08,-1.050,44999
1986-01-07,0.938,45477
1986-01-06,-0.078,45055
1986-01-03,-0.051,45090
1986-01-02,-0.223,45113
1985-12-31,0.064,45214
1985-12-30,-0.048,45185
1985-12-27,0.263,45207
1985-12-26,0.239,45088
1985-12-24,0.094,44981
1985-12-23,-0.223,44939
1985-12-20,0.381,45039
1985-12-19,0.064,44868
1985-12-18,-0.334,44839
1985-12-17,0.695,44989
1985-12-16,0.323,44679
1985-12-13,0.410,44535
1985-12-12,-0.451,44353
1985-12-11,1.011,44554
1985-12-10,0.805,44108
1985-12-09,0.971,43756
1985-12-06,-0.100,43335
1985-12-05,0.095,43378
1985-12-04,0.319,43337
1985-12-03,0.066,43199
1985-12-02,-0.462,43171
1985-11-29,0.290,43371
1985-11-27,0.263,43246
1985-11-26,0.039,43132
1985-11-25,-0.014,43115
1985-11-22,-0.380,43121
1985-11-21,0.559,43286
1985-11-20,0.096,43045
1985-11-19,0.013,43004
1985-11-18,1.100,42998
1985-11-15,-0.316,42531
1985-11-14,-0.294,42666
1985-11-13,-0.301,42791
1985-11-12,0.717,42921
1985-11-11,0.040,42615
1985-11-08,0.430,42598
1985-11-07,0.122,42416
1985-11-06,0.040,42364
1985-11-05,0.318,42347
1985-11-04,0.011,42212
1985-11-01,0.207,42208
1985-10-31,-0.151,42120
1985-10-30,1.050,42184
1985-10-29,0.918,41746
1985-10-28,-0.428,41366
1985-10-25,-0.259,41544
1985-10-24,0.015,41652
1985-10-23,-0.040,41646
1985-10-22,0.342,41662
1985-10-21,-0.014,41520
1985-10-18,0.261,41526
1985-10-17,0.290,41418
1985-10-16,0.373,41299
1985-10-15,0.289,41145
1985-10-14,0.041,41027
1985-10-11,0.096,41010
1985-10-10,0.122,40971
1985-10-09,-0.042,40921
1985-10-08,0.311,40938
1985-10-07,-0.371,40811
1985-10-04,-0.148,40963
1985-10-03,-0.068,41023
1985-10-02,-0.042,41051
1985-10-01,0.151,41068
1985-09-30,-0.479,41006
1985-09-26,0.287,41204
1985-09-25,0.428,41086
1985-09-24,0.370,40911
1985-09-23,-0.064,40760
1985-09-20,0.453,40786
1985-09-19,0.042,40602
1985-09-18,-0.067,40585
1985-09-17,-0.176,40612
1985-09-16,0.263,40684
1985-09-13,0.667,40577
1985-09-12,-0.012,40309
1985-09-11,-0.149,40313
1985-09-10,0.125,40374
1985-09-09,0.068,40323
1985-09-06,-1.178,40296
1985-09-05,-0.503,40776
1985-09-04,0.480,40982
1985-09-03,0.231,40786
1985-08-30,-0.863,40692
1985-08-29,0.232,41047
1985-08-28,-0.150,40952
1985-08-27,0.371,41013
1985-08-26,-0.179,40862
1985-08-23,-0.150,40935
1985-08-22,0.180,40997
1985-08-21,0.423,40923
1985-08-20,0.148,40751
1985-08-19,0.235,40691
1985-08-16,0.589,40595
1985-08-15,0.151,40358
1985-08-14,0.449,40297
1985-08-13,-0.364,40116
1985-08-12,-0.013,40263
1985-08-09,0.369,40268
1985-08-08,0.667,40120
1985-08-07,0.499,39855
1985-08-06,0.018,39657
1985-08-05,0.123,39650
1985-08-02,-0.710,39601
1985-08-01,0.340,39884
1985-07-31,0.530,39749
1985-07-30,0.069,39540
1985-07-29,-0.303,39512
1985-07-26,-0.336,39633
1985-07-25,-0.040,39766
1985-07-24,-0.175,39782
1985-07-23,-0.012,39852
1985-07-22,-0.639,39857
1985-07-19,-0.148,40113
1985-07-18,-0.943,40173
1985-07-17,0.235,40555
1985-07-16,0.484,40460
1985-07-15,0.125,40265
1985-07-12,-0.100,40215
1985-07-11,-0.840,40255
1985-07-10,-0.128,40596
1985-07-09,0.041,40648
1985-07-08,-0.593,40632
1985-07-05,1.735,40874
1985-07-03,-0.094,40177
1985-07-02,-0.014,40215
1985-07-01,0.313,40220
1985-06-28,0.896,40095
1985-06-27,0.946,39739
1985-06-26,-0.003,39366
1985-06-25,-0.315,39368
1985-06-24,-0.556,39492
1985-06-21,-1.050,39713
1985-06-20,-0.480,40134
1985-06-19,-0.674,40328
1985-06-18,0.427,40602
1985-06-17,0.007,40429
1985-06-14,1.341,40426
1985-06-13,-0.234,39891
1985-06-12,-0.312,39985
1985-06-11,0.509,40110
1985-06-10,0.262,39907
1985-06-07,-1.719,39802
1985-06-06,-0.381,40499
1985-06-05,1.146,40654
1985-06-04,0.040,40193
1985-06-03,1.281,40177
1985-05-31,0.615,39669
1985-05-30,0.395,39426
1985-05-29,-0.121,39271
1985-05-28,0.833,39319
1985-05-24,0.336,38994
1985-05-23,-0.065,38863
1985-05-22,-0.008,38889
1985-05-21,-0.060,38892
1985-05-20,1.530,38915
1985-05-17,-0.117,38329
1985-05-16,0.501,38374
1985-05-15,-0.007,38182
1985-05-14,0.897,38185
1985-05-13,0.044,37846
1985-05-10,0.867,37829
1985-05-09,0.446,37504
1985-05-08,-0.485,37337
1985-05-07,0.123,37519
1985-05-06,0.151,37473
1985-05-03,0.468,37417
1985-05-02,-0.060,37243
1985-05-01,0.839,37265
1985-04-30,0.305,36955
1985-04-29,-0.582,36843
1985-04-26,0.206,37058
1985-04-25,-0.585,36982
1985-04-24,-0.011,37200
1985-04-23,-0.533,37204
1985-04-22,0.203,37403
1985-04-19,-0.058,37327
1985-04-18,0.836,37349
1985-04-17,-0.193,37039
1985-04-16,0.762,37111
1985-04-15,0.305,36830
1985-04-12,-0.034,36718
1985-04-11,0.968,36731
1985-04-10,0.518,36379
1985-04-09,0.563,36192
1985-04-08,0.025,35989
1985-04-04,-0.139,35980
1985-04-03,-0.054,36030
1985-04-02,-0.243,36050
1985-04-01,0.077,36137
1985-03-29,0.566,36110
1985-03-28,0.622,35907
1985-03-27,-0.369,35685
1985-03-26,0.457,35817
1985-03-25,0.177,35654
1985-03-22,-0.235,35591
1985-03-21,0.593,35674
1985-03-20,0.431,35464
1985-03-19,0.201,35312
1985-03-18,-0.387,35241
1985-03-15,-0.005,35378
1985-03-14,-0.083,35380
1985-03-13,-0.571,35409
1985-03-12,-0.236,35612
1985-03-11,-0.033,35697
1985-03-08,1.210,35708
1985-03-07,-0.137,35281
1985-03-06,-0.261,35330
1985-03-05,0.408,35422
1985-03-04,-0.286,35278
1985-03-01,0.332,35380
1985-02-28,-0.002,35263
1985-02-27,-0.909,35263
1985-02-26,0.202,35587
1985-02-25,0.098,35515
1985-02-22,-0.602,35480
1985-02-21,-0.660,35695
1985-02-20,-0.765,35932
1985-02-19,0.209,36209
1985-02-15,-0.455,36134
1985-02-14,0.571,36299
1985-02-13,0.203,36093
1985-02-12,0.045,36020
1985-02-11,-0.217,36003
1985-02-08,0.255,36081
1985-02-07,-0.062,35990
1985-02-06,-0.479,36012
1985-02-05,0.281,36185
1985-02-04,-0.242,36084
1985-02-01,-0.615,36172
1985-01-31,-0.487,36396
1985-01-30,0.176,36574
1985-01-29,0.045,36510
1985-01-28,0.045,36493
1985-01-25,-0.277,36477
1985-01-24,0.843,36578
1985-01-23,0.390,36273
1985-01-22,0.679,36132
1985-01-21,0.046,35888
1985-01-18,0.519,35872
1985-01-17,0.203,35686
1985-01-16,-0.113,35614
1985-01-15,0.705,35654
1985-01-14,0.022,35405
1985-01-11,-0.500,35397
1985-01-10,-0.006,35575
1985-01-09,-0.004,35577
1985-01-08,0.308,35578
1985-01-07,1.017,35469
1985-01-04,-0.268,35112
1985-01-03,0.627,35206
1985-01-02,-0.759,34987
1984-12-31,-0.396,35255
1984-12-28,-0.007,35395
1984-12-27,0.017,35397
1984-12-26,-0.742,35391
1984-12-24,0.203,35656
1984-12-21,0.092,35584
1984-12-20,-0.029,35551
1984-12-19,-0.162,35562
1984-12-18,1.042,35619
1984-12-17,0.411,35252
1984-12-14,0.858,35108
1984-12-13,-0.783,34809
1984-12-12,0.174,35084
1984-12-11,0.487,35023
1984-12-10,0.226,34853
1984-12-07,-0.420,34774
1984-12-06,-0.422,34921
1984-12-05,0.018,35069
1984-12-04,0.310,35063
1984-12-03,0.232,34955
1984-11-30,-0.952,34874
1984-11-29,-0.137,35209
1984-11-28,-0.535,35257
1984-11-27,0.045,35446
1984-11-26,-0.166,35430
1984-11-23,0.809,35489
1984-11-21,0.863,35205
1984-11-20,0.463,34903
1984-11-19,0.380,34742
1984-11-16,0.309,34611
1984-11-15,0.434,34504
1984-11-14,-0.108,34355
1984-11-13,-0.288,34392
1984-11-12,0.047,34491
1984-11-09,0.593,34475
1984-11-08,-0.473,34272
1984-11-07,-0.548,34435
1984-11-06,0.046,34625
1984-11-05,0.359,34609
1984-11-02,0.019,34485
1984-11-01,0.722,34479
1984-10-31,-0.078,34231
1984-10-30,1.082,34258
1984-10-29,0.307,33892
1984-10-26,-0.827,33788
1984-10-25,-0.418,34070
1984-10-24,0.254,34213
1984-10-23,0.749,34126
1984-10-22,0.228,33872
1984-10-19,0.869,33795
1984-10-18,1.045,33504
1984-10-17,0.305,33157
1984-10-16,0.230,33057
1984-10-15,-0.255,32981
1984-10-12,0.253,33065
1984-10-11,0.354,32982
1984-10-10,0.021,32866
1984-10-09,0.146,32859
1984-10-08,0.048,32811
1984-10-05,0.704,32795
1984-10-04,0.149,32566
1984-10-03,0.102,32517
1984-10-02,0.022,32484
1984-10-01,-0.276,32477
1984-09-28,-0.757,32567
1984-09-27,0.833,32815
1984-09-26,0.472,32544
1984-09-25,-0.125,32391
1984-09-24,-0.303,32432
1984-09-21,-0.781,32530
1984-09-20,-0.078,32787
1984-09-19,0.554,32812
1984-09-18,0.327,32631
1984-09-17,0.096,32525
1984-09-14,0.175,32494
1984-09-13,0.655,32437
1984-09-12,-0.002,32226
1984-09-11,0.450,32226
1984-09-10,0.449,32082
1984-09-07,0.519,31939
1984-09-06,0.649,31774
1984-09-05,-0.226,31569
1984-09-04,-0.396,31641
1984-08-31,0.272,31767
1984-08-30,0.000,31681
1984-08-29,-0.102,31681
1984-08-28,0.050,31713
1984-08-27,-0.696,31697
1984-08-24,0.199,31919
1984-08-23,-0.124,31856
1984-08-22,-0.074,31895
1984-08-21,0.399,31919
1984-08-20,0.047,31792
1984-08-17,0.050,31777
1984-08-16,0.223,31761
1984-08-15,-0.326,31691
1984-08-14,0.505,31794
1984-08-13,-0.381,31635
1984-08-10,-0.195,31756
1984-08-09,0.273,31818
1984-08-08,0.173,31731
1984-08-07,0.223,31676
1984-08-06,-0.575,31606
1984-08-03,0.728,31788
1984-08-02,0.399,31559
1984-08-01,0.522,31433
1984-07-31,0.745,31270
1984-07-30,-0.442,31039
1984-07-27,-0.246,31177
1984-07-26,0.842,31254
1984-07-25,1.311,30993
1984-07-24,0.248,30592
1984-07-23,0.024,30516
1984-07-20,-0.433,30509
1984-07-19,0.421,30642
1984-07-18,0.323,30513
1984-07-17,-0.192,30415
1984-07-16,-0.045,30473
1984-07-13,0.665,30487
1984-07-12,0.660,30286
1984-07-11,-0.069,30087
1984-07-10,-0.164,30108
1984-07-09,1.340,30158
1984-07-06,0.074,29759
1984-07-05,0.275,29737
1984-07-03,0.315,29655
1984-07-02,-0.039,29562
1984-06-29,-0.138,29574
1984-06-28,-0.113,29614
1984-06-27,0.224,29648
1984-06-26,-0.214,29582
1984-06-25,0.057,29645
1984-06-22,-0.017,29628
1984-06-21,-0.258,29633
1984-06-20,-1.302,29710
1984-06-19,-0.484,30102
1984-06-18,-0.242,30248
1984-06-15,0.987,30321
1984-06-14,0.373,30025
1984-06-13,0.564,29913
1984-06-12,0.195,29746
1984-06-11,-0.604,29688
1984-06-08,0.493,29868
1984-06-07,-0.075,29721
1984-06-06,-0.772,29744
1984-06-05,0.297,29975
1984-06-04,1.102,29886
1984-06-01,1.357,29561
1984-05-31,0.438,29165
1984-05-30,-0.473,29037
1984-05-29,-0.667,29175
1984-05-25,-0.141,29371
1984-05-24,-0.840,29413
1984-05-23,0.008,29662
1984-05-22,-0.358,29659
1984-05-21,0.100,29766
1984-05-18,0.518,29736
1984-05-17,-0.526,29583
1984-05-16,0.395,29740
1984-05-15,0.489,29623
1984-05-14,-0.451,29479
1984-05-11,-1.020,29612
1984-05-10,-0.118,29918
1984-05-09,-0.460,29953
1984-05-08,0.223,30091
1984-05-07,-0.373,30024
1984-05-04,-0.785,30137
1984-05-03,-0.045,30375
1984-05-02,-0.148,30389
1984-05-01,0.025,30434
1984-04-30,-0.099,30427
1984-04-27,-0.548,30457
1984-04-26,0.203,30624
1984-04-25,0.245,30562
1984-04-24,0.248,30487
1984-04-23,-0.046,30412
1984-04-19,-0.272,30426
1984-04-18,-0.600,30509
1984-04-17,0.251,30693
1984-04-16,-0.124,30616
1984-04-13,-0.831,30654
1984-04-12,0.529,30911
1984-04-11,0.124,30749
1984-04-10,-0.149,30711
1984-04-09,0.225,30757
1984-04-06,0.808,30687
1984-04-05,0.150,30441
1984-04-04,-0.050,30396
1984-04-03,-0.374,30411
1984-04-02,-0.154,30525
1984-03-30,-0.475,30572
1984-03-29,0.126,30718
1984-03-28,0.198,30679
1984-03-27,-0.004,30619
1984-03-26,0.230,30620
1984-03-23,0.073,30550
1984-03-22,-0.179,30527
1984-03-21,0.026,30582
1984-03-20,0.047,30574
1984-03-19,-0.532,30560
1984-03-16,-0.076,30723
1984-03-15,0.129,30747
1984-03-14,-0.181,30707
1984-03-13,-0.184,30763
1984-03-12,0.279,30819
1984-03-09,-0.181,30734
1984-03-08,-0.080,30789
1984-03-07,-0.533,30814
1984-03-06,-0.108,30979
1984-03-05,-0.335,31013
1984-03-02,0.458,31117
1984-03-01,-0.079,30975
1984-02-29,0.250,30999
1984-02-28,-0.130,30922
1984-02-27,-0.286,30962
1984-02-24,0.302,31051
1984-02-23,-0.594,30957
1984-02-22,-0.001,31142
1984-02-21,0.072,31143
1984-02-17,-0.443,31120
1984-02-16,0.026,31259
1984-02-15,0.281,31251
1984-02-14,-0.056,31163
1984-02-13,0.047,31180
1984-02-10,-0.496,31166
1984-02-09,-0.005,31321
1984-02-08,-0.032,31323
1984-02-07,-0.005,31333
1984-02-06,-0.418,31335
1984-02-03,-0.036,31466
1984-02-02,0.255,31477
1984-02-01,0.203,31397
1984-01-31,-0.060,31334
1984-01-30,-0.054,31353
1984-01-27,0.047,31370
1984-01-26,0.099,31355
1984-01-25,0.022,31324
1984-01-24,0.019,31317
1984-01-23,0.099,31311
1984-01-20,-0.134,31281
1984-01-19,0.126,31323
1984-01-18,-0.135,31283
1984-01-17,-0.165,31325
1984-01-16,0.280,31377
1984-01-13,1.042,31290
1984-01-12,0.019,30967
1984-01-11,-0.212,30961
1984-01-10,0.309,31027
1984-01-09,-0.139,30931
1984-01-06,0.281,30974
1984-01-05,0.099,30887
1984-01-04,0.488,30857
1984-01-03,-0.105,30707
1983-12-30,-0.108,30739
1983-12-29,0.150,30773
1983-12-28,-0.263,30727
1983-12-27,0.226,30808
1983-12-23,-0.057,30738
1983-12-22,0.412,30755
1983-12-21,0.147,30629
1983-12-20,0.180,30584
1983-12-19,0.098,30529
1983-12-16,0.405,30499
1983-12-15,0.072,30377
1983-12-14,-0.028,30355
1983-12-13,-0.391,30363
1983-12-12,0.175,30483
1983-12-09,-0.031,30429
1983-12-08,-0.414,30439
1983-12-07,-0.081,30565
1983-12-06,0.123,30590
1983-12-05,-0.054,30553
1983-12-02,-0.602,30569
1983-12-01,0.019,30754
1983-11-30,-0.214,30749
1983-11-29,0.279,30815
1983-11-28,-0.370,30729
1983-11-25,0.282,30843
1983-11-23,-0.113,30756
1983-11-22,0.518,30791
1983-11-21,0.383,30632
1983-11-18,0.019,30516
1983-11-17,-0.084,30510
1983-11-16,0.019,30535
1983-11-15,-0.030,30530
1983-11-14,0.175,30539
1983-11-11,0.047,30485
1983-11-10,0.721,30471
1983-11-09,0.099,30253
1983-11-08,0.047,30223
1983-11-07,0.047,30209
1983-11-04,-0.442,30194
1983-11-03,-0.239,30328
1983-11-02,-0.087,30401
1983-11-01,0.334,30428
1983-10-31,-0.237,30326
1983-10-28,-0.057,30398
1983-10-27,0.331,30416
1983-10-26,-0.029,30315
1983-10-25,-0.079,30324
1983-10-24,-1.094,30348
1983-10-21,0.282,30684
1983-10-20,0.095,30597
1983-10-19,0.046,30568
1983-10-18,-0.086,30554
1983-10-17,0.676,30581
1983-10-14,0.438,30375
1983-10-13,-0.266,30243
1983-10-12,-0.058,30323
1983-10-11,-1.150,30341
1983-10-10,0.045,30694
1983-10-07,-0.088,30680
1983-10-06,0.144,30707
1983-10-05,0.734,30663
1983-10-04,0.070,30440
1983-10-03,-0.111,30418
1983-09-30,0.387,30452
1983-09-29,0.021,30335
1983-09-28,-0.164,30329
1983-09-27,-0.137,30378
1983-09-26,0.436,30420
1983-09-23,0.592,30288
1983-09-22,0.281,30110
1983-09-21,-0.400,30025
1983-09-20,0.433,30146
1983-09-19,0.287,30016
1983-09-16,0.772,29930
1983-09-15,-0.317,29700
1983-09-14,-0.626,29795
1983-09-13,-0.345,29983
1983-09-12,1.070,30087
1983-09-09,0.199,29768
1983-09-08,-0.261,29709
1983-09-07,0.714,29787
1983-09-06,0.927,29576
1983-09-02,-0.212,29304
1983-09-01,0.153,29366
1983-08-31,-0.444,29321
1983-08-30,-0.213,29452
1983-08-29,-1.009,29515
1983-08-26,-0.246,29816
1983-08-25,-0.288,29890
1983-08-24,0.175,29976
1983-08-23,-0.165,29923
1983-08-22,1.069,29973
1983-08-19,-0.112,29656
1983-08-18,-0.158,29689
1983-08-17,0.386,29736
1983-08-16,0.361,29622
1983-08-15,1.191,29515
1983-08-12,0.458,29168
1983-08-11,0.686,29035
1983-08-10,-0.156,28837
1983-08-09,0.351,28882
1983-08-08,-0.568,28781
1983-08-05,0.097,28945
1983-08-04,-0.893,28917
1983-08-03,-0.332,29178
1983-08-02,0.052,29275
1983-08-01,-0.215,29260
1983-07-29,-0.580,29323
1983-07-28,-0.706,29494
1983-07-27,-0.004,29703
1983-07-26,-0.345,29705
1983-07-25,0.012,29807
1983-07-22,-0.421,29804
1983-07-21,-0.166,29930
1983-07-20,0.493,29979
1983-07-19,0.279,29832
1983-07-18,0.541,29749
1983-07-15,-0.633,29589
1983-07-14,0.177,29778
1983-07-13,0.205,29725
1983-07-12,-0.743,29664
1983-07-11,0.335,29886
1983-07-08,-0.110,29786
1983-07-07,-0.639,29819
1983-07-06,0.308,30011
1983-07-05,-1.544,29919
1983-07-01,0.203,30388
1983-06-30,0.175,30327
1983-06-29,0.310,30274
1983-06-28,0.444,30180
1983-06-27,-0.377,30047
1983-06-24,-0.622,30161
1983-06-23,-0.303,30349
1983-06-22,-0.228,30442
1983-06-21,0.124,30511
1983-06-20,-0.572,30473
1983-06-17,-0.145,30649
1983-06-16,0.473,30693
1983-06-15,0.282,30549
1983-06-14,0.048,30463
1983-06-13,0.680,30448
1983-06-10,-0.067,30242
1983-06-09,0.341,30263
1983-06-08,-0.302,30160
1983-06-07,-0.306,30251
1983-06-06,0.042,30344
1983-06-03,-0.096,30331
1983-06-02,0.017,30360
1983-06-01,0.229,30355
1983-05-31,-0.975,30286
1983-05-27,0.153,30584
1983-05-26,-0.313,30538
1983-05-25,-0.066,30633
1983-05-24,0.096,30654
1983-05-23,-0.206,30624
1983-05-20,-0.200,30688
1983-05-19,-0.341,30749
1983-05-18,-0.039,30854
1983-05-17,-0.062,30866
1983-05-16,-0.919,30885
1983-05-13,0.067,31172
1983-05-12,-0.175,31151
1983-05-11,-0.040,31206
1983-05-10,0.506,31218
1983-05-09,-0.645,31061
1983-05-06,0.263,31263
1983-05-05,-0.266,31181
1983-05-04,0.666,31264
1983-05-03,0.013,31057
1983-05-02,0.212,31053
1983-04-29,0.203,30988
1983-04-28,-0.010,30925
1983-04-27,0.450,30928
1983-04-26,0.263,30790
1983-04-25,0.122,30709
1983-04-22,0.125,30671
1983-04-21,-0.090,30633
1983-04-20,0.013,30661
1983-04-19,-0.561,30657
1983-04-18,0.260,30830
1983-04-15,-0.206,30750
1983-04-14,0.646,30813
1983-04-13,0.176,30615
1983-04-12,-0.041,30561
1983-04-11,0.558,30574
1983-04-08,0.042,30405
1983-04-07,-0.038,30392
1983-04-06,0.071,30403
1983-04-05,0.639,30382
1983-04-04,0.179,30189
1983-03-31,-0.148,30135
1983-03-30,0.210,30179
1983-03-29,0.338,30116
1983-03-28,-0.037,30015
1983-03-25,-0.338,30026
1983-03-24,0.128,30128
1983-03-23,0.173,30089
1983-03-22,-0.208,30037
1983-03-21,-0.208,30100
1983-03-18,-0.065,30163
1983-03-17,-0.205,30182
1983-03-16,-0.480,30244
1983-03-15,0.210,30390
1983-03-14,0.642,30327
1983-03-11,-0.173,30133
1983-03-10,-0.394,30185
1983-03-09,0.204,30305
1983-03-08,-0.446,30243
1983-03-07,-0.802,30379
1983-03-04,-0.235,30624
1983-03-03,0.295,30696
1983-03-02,-0.235,30606
1983-03-01,0.405,30678
1983-02-28,0.017,30554
1983-02-25,0.892,30549
1983-02-24,0.239,30279
1983-02-23,0.353,30207
1983-02-22,0.833,30101
1983-02-18,0.581,29852
1983-02-17,0.583,29680
1983-02-16,0.262,29508
1983-02-15,-0.227,29431
1983-02-14,0.072,29498
1983-02-11,0.261,29477
1983-02-10,1.040,29400
1983-02-09,-0.121,29097
1983-02-08,-0.059,29133
1983-02-07,0.204,29150
1983-02-04,-0.388,29091
1983-02-03,-0.223,29204
1983-02-02,-0.266,29269
1983-02-01,0.094,29347
1983-01-31,-0.440,29320
1983-01-28,-0.144,29449
1983-01-27,0.179,29492
1983-01-26,-0.306,29439
1983-01-25,0.446,29529
1983-01-24,-0.470,29398
1983-01-21,-0.987,29537
1983-01-20,-0.067,29832
1983-01-19,-0.643,29852
1983-01-18,-0.039,30045
1983-01-17,0.013,30057
1983-01-14,0.160,30053
1983-01-13,0.343,30005
1983-01-12,0.150,29902
1983-01-11,0.288,29857
1983-01-10,-0.125,29772
1983-01-07,0.320,29809
1983-01-06,-0.177,29714
1983-01-05,0.093,29766
1983-01-04,-0.231,29739
1983-01-03,0.346,29808
1982-12-31,0.534,29705
1982-12-30,0.204,29547
1982-12-29,-0.179,29487
1982-12-28,0.013,29540
1982-12-27,0.290,29536
1982-12-23,0.424,29451
1982-12-22,0.067,29327
1982-12-21,0.907,29307
1982-12-20,-0.564,29044
1982-12-17,-0.085,29208
1982-12-16,-0.416,29233
1982-12-15,-0.175,29355
1982-12-14,0.884,29407
1982-12-13,0.198,29149
1982-12-10,-0.332,29092
1982-12-09,0.116,29189
1982-12-08,-0.543,29155
1982-12-07,-0.153,29314
1982-12-06,0.125,29359
1982-12-03,1.067,29322
1982-12-02,0.338,29013
1982-12-01,0.312,28915
1982-11-30,-0.010,28825
1982-11-29,-1.237,28828
1982-11-26,0.333,29189
1982-11-24,-0.140,29092
1982-11-23,-0.300,29133
1982-11-22,-0.042,29221
1982-11-19,0.229,29233
1982-11-18,0.775,29166
1982-11-17,0.473,28942
1982-11-16,-0.038,28806
1982-11-15,-0.364,28817
1982-11-12,-0.499,28922
1982-11-11,0.041,29067
1982-11-10,0.175,29055
1982-11-09,0.400,29004
1982-11-08,-0.337,28888
1982-11-05,-0.398,28986
1982-11-04,0.144,29102
1982-11-03,0.641,29060
1982-11-02,0.041,28875
1982-11-01,0.824,28863
1982-10-29,0.336,28627
1982-10-28,0.768,28531
1982-10-27,-0.173,28314
1982-10-26,1.411,28363
1982-10-25,-1.545,27968
1982-10-22,-0.628,28407
1982-10-21,-0.015,28587
1982-10-20,-0.629,28591
1982-10-19,0.150,28772
1982-10-18,1.017,28729
1982-10-15,-0.709,28440
1982-10-14,-1.174,28643
1982-10-13,0.803,28983
1982-10-12,1.580,28752
1982-10-11,0.043,28305
1982-10-08,0.528,28293
1982-10-07,3.304,28145
1982-10-06,1.091,27244
1982-10-05,0.174,26950
1982-10-04,-1.068,26903
1982-10-01,1.165,27194
1982-09-30,0.408,26881
1982-09-29,0.277,26771
1982-09-28,0.822,26697
1982-09-27,0.560,26480
1982-09-24,-0.719,26332
1982-09-23,0.560,26523
1982-09-22,0.656,26375
1982-09-21,1.579,26203
1982-09-20,0.251,25796
1982-09-17,0.582,25731
1982-09-16,0.076,25583
1982-09-15,-0.072,25563
1982-09-14,0.400,25582
1982-09-13,0.497,25480
1982-09-10,-0.896,25354
1982-09-09,0.001,25583
1982-09-08,0.122,25583
1982-09-07,-0.358,25551
1982-09-03,0.889,25643
1982-09-02,0.797,25417
1982-09-01,0.325,25216
1982-08-31,0.233,25135
1982-08-30,-0.333,25076
1982-08-27,-1.072,25160
1982-08-26,-0.421,25433
1982-08-25,-0.302,25540
1982-08-24,0.600,25618
1982-08-23,-1.452,25465
1982-08-20,1.618,25840
1982-08-19,0.444,25429
1982-08-18,0.370,25316
1982-08-17,2.222,25223
1982-08-16,0.748,24675
1982-08-13,1.662,24491
1982-08-12,0.776,24091
1982-08-11,0.008,23906
1982-08-10,0.127,23904
1982-08-09,0.775,23874
1982-08-06,-0.766,23690
1982-08-05,-0.170,23873
1982-08-04,-0.640,23913
1982-08-03,-0.330,24067
1982-08-02,1.314,24147
1982-07-30,0.878,23834
1982-07-29,0.699,23627
1982-07-28,-0.496,23463
1982-07-27,0.167,23580
1982-07-26,-1.595,23540
1982-07-23,-0.113,23922
1982-07-22,0.540,23949
1982-07-21,-0.260,23820
1982-07-20,0.804,23882
1982-07-19,0.149,23692
1982-07-16,1.431,23657
1982-07-15,0.645,23323
1982-07-14,-0.325,23174
1982-07-13,-0.760,23249
1982-07-12,0.920,23427
1982-07-09,0.815,23214
1982-07-08,1.573,23026
1982-07-07,0.082,22670
1982-07-06,0.124,22651
1982-07-02,-0.363,22623
1982-07-01,0.242,22705
1982-06-30,0.727,22650
1982-06-29,0.639,22487
1982-06-28,0.171,22344
1982-06-25,-0.078,22306
1982-06-24,0.195,22323
1982-06-23,-0.315,22280
1982-06-22,-0.059,22350
1982-06-21,-0.065,22363
1982-06-18,-0.719,22378
1982-06-17,-0.975,22540
1982-06-16,-0.156,22762
1982-06-15,0.054,22797
1982-06-14,-1.294,22785
1982-06-11,0.483,23083
1982-06-10,-0.064,22973
1982-06-09,-0.019,22987
1982-06-08,-0.162,22992
1982-06-07,0.270,23029
1982-06-04,-0.328,22967
1982-06-03,-0.062,23043
1982-06-02,0.312,23057
1982-06-01,-0.971,22985
1982-05-28,-0.001,23211
1982-05-27,-0.114,23211
1982-05-26,-0.236,23237
1982-05-25,-0.217,23292
1982-05-24,-0.187,23343
1982-05-21,0.075,23387
1982-05-20,0.712,23369
1982-05-19,-0.191,23204
1982-05-18,-0.194,23248
1982-05-17,-0.281,23294
1982-05-14,0.833,23359
1982-05-13,-0.169,23166
1982-05-12,-0.525,23206
1982-05-11,0.044,23328
1982-05-10,0.080,23318
1982-05-07,0.266,23299
1982-05-06,1.311,23237
1982-05-05,0.389,22937
1982-05-04,0.361,22848
1982-05-03,-0.479,22766
1982-04-30,0.155,22875
1982-04-29,-0.475,22840
1982-04-28,-0.258,22949
1982-04-27,0.079,23008
1982-04-26,0.031,22990
1982-04-23,0.226,22983
1982-04-22,-0.195,22931
1982-04-21,0.351,22976
1982-04-20,-0.286,22896
1982-04-19,0.066,22962
1982-04-16,1.069,22946
1982-04-15,0.498,22704
1982-04-14,-0.519,22591
1982-04-13,0.028,22709
1982-04-12,0.722,22703
1982-04-08,1.033,22540
1982-04-07,0.080,22309
1982-04-06,0.010,22291
1982-04-05,-0.180,22289
1982-04-02,0.104,22329
1982-04-01,0.533,22306
1982-03-31,0.002,22188
1982-03-30,-0.112,22187
1982-03-29,-0.756,22212
1982-03-26,-0.445,22381
1982-03-25,0.127,22481
1982-03-24,-0.930,22453
1982-03-23,0.124,22664
1982-03-22,0.749,22636
1982-03-19,-0.092,22467
1982-03-18,0.127,22488
1982-03-17,0.147,22460
1982-03-16,0.419,22427
1982-03-15,-0.049,22333
1982-03-12,-0.041,22344
1982-03-11,-1.047,22353
1982-03-10,-0.164,22590
1982-03-09,-0.195,22627
1982-03-08,-0.154,22671
1982-03-05,0.125,22706
1982-03-04,0.670,22678
1982-03-03,0.421,22527
1982-03-02,0.505,22432
1982-03-01,0.764,22320
1982-02-26,-0.542,22151
1982-02-25,-0.087,22271
1982-02-24,0.341,22291
1982-02-23,-0.333,22215
1982-02-22,1.929,22289
1982-02-19,0.195,21867
1982-02-18,1.045,21825
1982-02-17,0.173,21599
1982-02-16,0.950,21562
1982-02-12,0.058,21359
1982-02-11,0.548,21347
1982-02-10,0.683,21230
1982-02-09,-0.313,21087
1982-02-08,-1.031,21153
1982-02-05,0.595,21373
1982-02-04,-0.268,21247
1982-02-03,-0.869,21304
1982-02-02,0.671,21490
1982-02-01,-1.999,21347
1982-01-29,0.616,21782
1982-01-28,1.120,21649
1982-01-27,0.173,21409
1982-01-26,0.629,21373
1982-01-25,0.334,21239
1982-01-22,-0.220,21168
1982-01-21,0.795,21215
1982-01-20,-0.037,21048
1982-01-19,-0.076,21056
1982-01-18,0.334,21072
1982-01-15,-0.450,21002
1982-01-14,0.662,21096
1982-01-13,-0.769,20958
1982-01-12,0.893,21120
1982-01-11,-1.447,20933
1982-01-08,0.906,21241
1982-01-07,-0.228,21050
1982-01-06,-1.037,21098
1982-01-05,-1.144,21319
1982-01-04,-0.890,21566
1981-12-31,0.736,21759
1981-12-30,-0.006,21600
1981-12-29,-0.392,21602
1981-12-28,-0.020,21687
1981-12-24,0.751,21691
1981-12-23,-0.514,21529
1981-12-22,-0.851,21641
1981-12-21,-1.735,21826
1981-12-18,0.950,22212
1981-12-17,-0.739,22003
1981-12-16,-0.002,22167
1981-12-15,0.651,22167
1981-12-14,1.043,22024
1981-12-11,0.040,21796
1981-12-10,-1.145,21788
1981-12-09,-0.675,22040
1981-12-08,0.055,22190
1981-12-07,-1.780,22178
1981-12-04,1.745,22580
1981-12-03,0.250,22193
1981-12-02,-0.582,22137
1981-12-01,-1.302,22267
1981-11-30,-0.907,22560
1981-11-27,0.325,22767
1981-11-25,1.244,22693
1981-11-24,1.710,22414
1981-11-23,-1.408,22037
1981-11-20,-0.285,22352
1981-11-19,0.217,22416
1981-11-18,0.677,22367
1981-11-17,-0.204,22217
1981-11-16,0.564,22262
1981-11-13,-0.262,22138
1981-11-12,1.418,22196
1981-11-11,0.051,21885
1981-11-10,-0.074,21874
1981-11-09,2.803,21890
1981-11-06,1.246,21293
1981-11-05,-0.192,21031
1981-11-04,1.927,21072
1981-11-03,0.056,20674
1981-11-02,0.361,20662
1981-10-30,1.963,20588
1981-10-29,1.902,20191
1981-10-28,0.466,19814
1981-10-27,0.284,19722
1981-10-26,-1.151,19667
1981-10-23,0.447,19896
1981-10-22,-0.122,19807
1981-10-21,-0.958,19831
1981-10-20,-0.512,20023
1981-10-19,-0.013,20126
1981-10-16,-0.292,20129
1981-10-15,0.084,20188
1981-10-14,-0.079,20171
1981-10-13,-0.235,20187
1981-10-12,0.055,20234
1981-10-09,1.452,20223
1981-10-08,0.143,19934
1981-10-07,0.394,19906
1981-10-06,0.189,19827
1981-10-05,1.206,19790
1981-10-02,1.454,19554
1981-10-01,0.439,19274
1981-09-30,-0.109,19190
1981-09-29,-0.362,19211
1981-09-28,0.146,19280
1981-09-25,-1.694,19252
1981-09-24,-0.114,19584
1981-09-23,-0.877,19606
1981-09-22,-1.089,19780
1981-09-21,0.656,19998
1981-09-18,0.215,19867
1981-09-17,0.815,19825
1981-09-16,-0.081,19664
1981-09-15,0.773,19680
1981-09-14,-0.722,19529
1981-09-11,1.224,19671
1981-09-10,1.076,19434
1981-09-09,0.257,19227
1981-09-08,-0.254,19177
1981-09-04,-0.196,19226
1981-09-03,-0.184,19264
1981-09-02,-0.016,19300
1981-09-01,0.058,19303
1981-08-31,-0.428,19292
1981-08-28,0.484,19374
1981-08-27,-0.193,19281
1981-08-26,0.191,19318
1981-08-25,0.041,19282
1981-08-24,-1.672,19274
1981-08-21,-0.360,19602
1981-08-20,-0.569,19672
1981-08-19,0.172,19785
1981-08-18,-0.314,19751
1981-08-17,0.219,19813
1981-08-14,-0.434,19770
1981-08-13,-0.277,19856
1981-08-12,-1.020,19912
1981-08-11,1.204,20117
1981-08-10,1.041,19878
1981-08-07,0.171,19673
1981-08-06,0.385,19639
1981-08-05,0.362,19564
1981-08-04,0.008,19494
1981-08-03,-1.424,19492
1981-07-31,0.291,19774
1981-07-30,-0.335,19716
1981-07-29,-0.391,19783
1981-07-28,-0.510,19860
1981-07-27,0.011,19962
1981-07-24,0.854,19960
1981-07-23,0.237,19791
1981-07-22,0.110,19744
1981-07-21,0.060,19722
1981-07-20,-2.468,19711
1981-07-17,0.148,20209
1981-07-16,-0.136,20179
1981-07-15,0.308,20207
1981-07-14,-0.579,20145
1981-07-13,-0.135,20262
1981-07-10,0.935,20289
1981-07-09,-0.069,20101
1981-07-08,-0.253,20115
1981-07-07,-0.964,20166
1981-07-06,0.671,20362
1981-07-02,0.431,20227
1981-07-01,-0.576,20140
1981-06-30,-1.134,20257
1981-06-29,0.075,20489
1981-06-26,0.151,20474
1981-06-25,-0.140,20443
1981-06-24,-0.708,20471
1981-06-23,-0.197,20617
1981-06-22,0.301,20658
1981-06-19,0.405,20596
1981-06-18,-1.616,20513
1981-06-17,-0.631,20850
1981-06-16,0.228,20982
1981-06-15,1.376,20935
1981-06-12,-0.121,20650
1981-06-11,-0.127,20675
1981-06-10,0.394,20702
1981-06-09,-0.126,20620
1981-06-08,1.152,20646
1981-06-05,-0.114,20411
1981-06-04,0.015,20435
1981-06-03,0.222,20431
1981-06-02,-0.578,20386
1981-06-01,0.245,20505
1981-05-29,0.495,20455
1981-05-28,0.852,20354
1981-05-27,-0.241,20182
1981-05-26,0.951,20231
1981-05-22,1.076,20040
1981-05-21,-0.159,19827
1981-05-20,-0.285,19859
1981-05-19,-0.862,19915
1981-05-18,1.373,20089
1981-05-15,1.111,19816
1981-05-14,1.133,19599
1981-05-13,-0.061,19379
1981-05-12,-0.531,19391
1981-05-11,-0.537,19494
1981-05-08,0.551,19600
1981-05-07,1.087,19492
1981-05-06,1.007,19283
1981-05-05,-1.404,19090
1981-05-04,-1.838,19362
1981-05-01,0.339,19725
1981-04-30,-0.255,19658
1981-04-29,-0.466,19709
1981-04-28,0.131,19801
1981-04-27,-0.163,19775
1981-04-24,-0.355,19807
1981-04-23,-0.094,19878
1981-04-22,-0.187,19897
1981-04-21,-0.039,19934
1981-04-20,0.482,19942
1981-04-16,-0.212,19846
1981-04-15,-0.665,19888
1981-04-14,0.534,20021
1981-04-13,-0.533,19915
1981-04-10,-0.522,20022
1981-04-09,0.699,20127
1981-04-08,-0.761,19987
1981-04-07,1.653,20140
1981-04-06,-1.807,19813
1981-04-03,-0.601,20177
1981-04-02,-0.461,20299
1981-04-01,0.079,20393
1981-03-31,0.336,20377
1981-03-30,0.839,20309
1981-03-27,-0.021,20140
1981-03-26,-0.659,20144
1981-03-25,0.672,20278
1981-03-24,-1.009,20142
1981-03-23,-1.640,20348
1981-03-20,-0.448,20687
1981-03-19,-0.479,20780
1981-03-18,0.575,20880
1981-03-17,0.765,20761
1981-03-16,0.178,20603
1981-03-13,0.945,20567
1981-03-12,0.416,20374
1981-03-11,-0.146,20290
1981-03-10,0.152,20319
1981-03-09,0.617,20289
1981-03-06,1.203,20164
1981-03-05,0.174,19924
1981-03-04,-0.020,19890
1981-03-03,0.948,19894
1981-03-02,-0.839,19707
1981-02-27,0.322,19874
1981-02-26,-0.974,19810
1981-02-25,-0.417,20005
1981-02-24,-0.021,20088
1981-02-23,-1.396,20093
1981-02-20,0.965,20377
1981-02-19,1.084,20182
1981-02-18,0.172,19966
1981-02-17,1.716,19932
1981-02-13,-1.209,19595
1981-02-12,0.052,19835
1981-02-11,-0.601,19825
1981-02-10,-0.397,19945
1981-02-09,-0.434,20024
1981-02-06,-0.664,20111
1981-02-05,-0.343,20246
1981-02-04,0.593,20315
1981-02-03,-0.595,20196
1981-02-02,-0.791,20317
1981-01-30,0.517,20479
1981-01-29,0.032,20373
1981-01-28,-0.045,20367
1981-01-27,-0.205,20376
1981-01-26,0.853,20418
1981-01-23,0.198,20245
1981-01-22,-0.342,20205
1981-01-21,-1.215,20274
1981-01-20,0.724,20524
1981-01-19,-0.685,20376
1981-01-16,0.500,20517
1981-01-15,-0.481,20415
1981-01-14,0.154,20513
1981-01-13,-0.195,20481
1981-01-12,0.571,20521
1981-01-09,-0.975,20405
1981-01-08,0.039,20606
1981-01-07,-1.474,20598
1981-01-06,0.332,20906
1981-01-05,1.475,20837
1981-01-02,0.045,20534
1980-12-31,-0.206,20524
1980-12-30,-0.725,20567
1980-12-29,0.354,20717
1980-12-26,0.721,20644
1980-12-24,-0.305,20496
1980-12-23,-0.987,20559
1980-12-22,2.754,20764
1980-12-19,3.288,20207
1980-12-18,0.368,19564
1980-12-17,1.093,19492
1980-12-16,-1.308,19282
1980-12-15,-0.248,19537
1980-12-12,1.837,19586
1980-12-11,-1.951,19232
1980-12-10,-0.143,19615
1980-12-09,-0.754,19643
1980-12-08,-0.248,19792
1980-12-05,0.189,19842
1980-12-04,0.072,19804
1980-12-03,0.093,19790
1980-12-02,-0.073,19772
1980-12-01,-0.965,19786
1980-11-28,-0.379,19979
1980-11-26,0.498,20055
1980-11-25,0.017,19955
1980-11-24,0.301,19952
1980-11-21,-1.073,19892
1980-11-20,-0.352,20108
1980-11-19,0.549,20179
1980-11-18,1.623,20069
1980-11-17,-1.081,19748
1980-11-14,-1.604,19964
1980-11-13,0.003,20289
1980-11-12,1.990,20289
1980-11-11,0.050,19893
1980-11-10,-0.312,19883
1980-11-07,1.869,19945
1980-11-06,-1.863,19579
1980-11-05,-0.781,19951
1980-11-03,0.101,20108
1980-10-31,0.016,20087
1980-10-30,0.128,20084
1980-10-29,-0.809,20059
1980-10-28,-0.860,20222
1980-10-27,-1.993,20398
1980-10-24,0.432,20812
1980-10-23,0.328,20723
1980-10-22,-0.879,20655
1980-10-21,-0.292,20839
1980-10-20,-0.058,20900
1980-10-17,-0.761,20912
1980-10-16,-0.703,21072
1980-10-15,0.380,21221
1980-10-14,0.411,21141
1980-10-13,0.044,21055
1980-10-10,-0.299,21045
1980-10-09,0.645,21108
1980-10-08,-0.482,20973
1980-10-07,-0.319,21075
1980-10-06,0.224,21142
1980-10-03,2.381,21095
1980-10-02,-0.239,20604
1980-10-01,0.487,20653
1980-09-30,1.237,20553
1980-09-29,-0.281,20302
1980-09-26,-0.417,20360
1980-09-25,-0.640,20445
1980-09-24,0.097,20577
1980-09-23,-0.262,20557
1980-09-22,-1.844,20611
1980-09-19,1.091,20998
1980-09-18,0.115,20771
1980-09-17,-0.215,20747
1980-09-16,0.593,20792
1980-09-15,-1.389,20669
1980-09-12,-0.163,20961
1980-09-11,-0.901,20995
1980-09-10,0.363,21186
1980-09-09,0.459,21109
1980-09-08,-0.404,21012
1980-09-05,-0.248,21098
1980-09-04,-0.268,21150
1980-09-03,1.453,21207
1980-09-02,1.222,20903
1980-08-29,1.648,20651
1980-08-28,-1.004,20316
1980-08-27,-1.168,20522
1980-08-26,-0.033,20764
1980-08-25,-1.395,20771
1980-08-22,0.774,21065
1980-08-21,-0.376,20903
1980-08-20,-0.128,20982
1980-08-19,-0.536,21009
1980-08-18,-1.805,21122
1980-08-15,0.203,21511
1980-08-14,-0.009,21467
1980-08-13,0.415,21469
1980-08-12,0.229,21380
1980-08-11,-1.034,21332
1980-08-08,-0.645,21554
1980-08-07,0.503,21694
1980-08-06,-0.551,21586
1980-08-05,-0.037,21705
1980-08-04,0.482,21713
1980-08-01,-0.012,21609
1980-07-31,-1.254,21612
1980-07-30,-0.391,21886
1980-07-29,0.099,21972
1980-07-28,-0.672,21950
1980-07-25,-0.531,22099
1980-07-24,-0.618,22217
1980-07-23,0.318,22355
1980-07-22,-0.233,22284
1980-07-21,0.402,22336
1980-07-18,0.128,22247
1980-07-17,-0.642,22218
1980-07-16,0.657,22362
1980-07-15,0.811,22216
1980-07-14,-0.086,22037
1980-07-11,-0.399,22056
1980-07-10,-0.372,22144
1980-07-09,-0.204,22227
1980-07-08,0.741,22273
1980-07-07,-0.918,22109
1980-07-03,0.867,22314
1980-07-02,-0.055,22122
1980-07-01,-0.266,22134
1980-06-30,-0.176,22193
1980-06-27,-0.842,22232
1980-06-26,-0.434,22421
1980-06-25,-0.545,22519
1980-06-24,-0.359,22642
1980-06-23,-0.778,22724
1980-06-20,0.497,22902
1980-06-19,0.041,22789
1980-06-18,-0.415,22780
1980-06-17,-0.013,22874
1980-06-16,0.177,22877
1980-06-13,0.214,22837
1980-06-12,1.151,22788
1980-06-11,0.712,22529
1980-06-10,-0.547,22370
1980-06-09,0.520,22493
1980-06-06,1.216,22376
1980-06-05,0.407,22108
1980-06-04,0.511,22018
1980-06-03,1.452,21906
1980-06-02,-0.431,21592
1980-05-30,0.073,21686
1980-05-29,-0.842,21670
1980-05-28,-0.702,21854
1980-05-27,-0.365,22008
1980-05-23,1.341,22089
1980-05-22,0.192,21797
1980-05-21,0.665,21755
1980-05-20,1.798,21611
1980-05-19,-0.739,21230
1980-05-16,-0.601,21388
1980-05-15,-0.629,21517
1980-05-14,-0.102,21653
1980-05-13,0.773,21675
1980-05-12,0.359,21509
1980-05-09,-1.218,21432
1980-05-08,-0.561,21697
1980-05-07,-0.496,21819
1980-05-06,1.738,21928
1980-05-05,0.225,21553
1980-05-02,2.282,21505
1980-05-01,0.924,21025
1980-04-30,-0.554,20832
1980-04-29,-0.117,20948
1980-04-28,1.909,20973
1980-04-25,0.124,20580
1980-04-24,-0.386,20554
1980-04-23,-0.162,20634
1980-04-22,0.244,20668
1980-04-21,1.068,20617
1980-04-18,0.048,20399
1980-04-17,-0.839,20390
1980-04-16,3.333,20562
1980-04-15,0.499,19899
1980-04-14,0.819,19800
1980-04-11,1.469,19639
1980-04-10,0.101,19355
1980-04-09,0.680,19336
1980-04-08,-0.091,19205
1980-04-07,2.222,19222
1980-04-03,0.521,18805
1980-04-02,0.480,18707
1980-04-01,-0.253,18618
1980-03-31,0.764,18665
1980-03-28,1.369,18524
1980-03-27,0.240,18273
1980-03-26,0.704,18230
1980-03-25,0.339,18102
1980-03-24,-2.183,18041
1980-03-21,-0.728,18444
1980-03-20,-1.247,18579
1980-03-19,0.219,18814
1980-03-18,0.979,18772
1980-03-17,-0.121,18590
1980-03-14,-0.053,18613
1980-03-13,0.595,18623
1980-03-12,-1.132,18513
1980-03-11,1.101,18725
1980-03-10,1.459,18521
1980-03-07,1.383,18254
1980-03-06,-0.492,18005
1980-03-05,-0.360,18095
1980-03-04,-0.544,18160
1980-03-03,-0.143,18259
1980-02-29,0.568,18285
1980-02-28,3.340,18182
1980-02-27,0.457,17594
1980-02-26,-1.827,17514
1980-02-25,-0.846,17840
1980-02-22,0.601,17992
1980-02-21,-1.962,17885
1980-02-20,0.021,18243
1980-02-19,-3.306,18239
1980-02-15,-1.229,18863
1980-02-14,-0.490,19097
1980-02-13,0.710,19191
1980-02-12,0.047,19056
1980-02-11,-0.786,19047
1980-02-08,-0.418,19198
1980-02-07,0.859,19278
1980-02-06,-0.740,19114
1980-02-05,-1.770,19257
1980-02-04,-0.504,19604
1980-02-01,-0.825,19703
1980-01-31,0.175,19867
1980-01-30,0.252,19832
1980-01-29,-0.272,19782
1980-01-28,-0.137,19836
1980-01-25,-0.601,19864
1980-01-24,-0.855,19984
1980-01-23,0.203,20156
1980-01-22,0.575,20115
1980-01-21,-0.675,20000
1980-01-18,-0.575,20136
1980-01-17,-0.252,20252
1980-01-16,0.070,20304
1980-01-15,0.255,20289
1980-01-14,-0.065,20238
1980-01-11,-0.788,20251
1980-01-10,0.420,20412
1980-01-09,-0.012,20326
1980-01-08,0.337,20329
1980-01-07,0.204,20261
1980-01-04,-0.224,20219
1980-01-03,-0.441,20265
1980-01-02,-0.822,20355
1979-12-31,0.505,20523
1979-12-28,0.312,20420
1979-12-27,0.149,20357
1979-12-26,-0.122,20327
1979-12-24,-0.285,20352
1979-12-21,-0.014,20410
1979-12-20,-0.317,20413
1979-12-19,0.095,20477
1979-12-18,0.476,20458
1979-12-17,0.146,20361
1979-12-14,0.452,20331
1979-12-13,0.477,20240
1979-12-12,-0.606,20144
1979-12-11,-1.018,20267
1979-12-10,0.175,20475
1979-12-07,-0.743,20439
1979-12-06,0.749,20592
1979-12-05,0.399,20439
1979-12-04,0.635,20358
1979-12-03,-0.256,20230
1979-11-30,-0.206,20282
1979-11-29,0.232,20323
1979-11-28,-0.781,20276
1979-11-27,0.923,20436
1979-11-26,0.972,20249
1979-11-23,1.511,20054
1979-11-21,0.251,19756
1979-11-20,0.063,19706
1979-11-19,-0.204,19694
1979-11-16,-0.817,19734
1979-11-15,0.626,19897
1979-11-14,-0.573,19773
1979-11-13,0.394,19887
1979-11-12,0.040,19809
1979-11-09,1.514,19801
1979-11-08,0.310,19506
1979-11-07,-0.697,19445
1979-11-06,0.041,19582
1979-11-05,-0.012,19574
1979-11-02,-0.085,19576
1979-11-01,-0.333,19593
1979-10-31,0.285,19659
1979-10-30,0.116,19603
1979-10-29,-0.547,19580
1979-10-26,1.559,19688
1979-10-25,-0.698,19386
1979-10-24,0.969,19522
1979-10-23,-0.165,19335
1979-10-22,-1.471,19366
1979-10-19,-1.491,19656
1979-10-18,-1.070,19953
1979-10-17,0.420,20169
1979-10-16,0.285,20084
1979-10-15,-0.774,20027
1979-10-12,0.061,20184
1979-10-11,-0.255,20171
1979-10-10,-0.925,20223
1979-10-09,-2.159,20412
1979-10-08,0.037,20862
1979-10-05,-0.163,20854
1979-10-04,-0.411,20888
1979-10-03,-0.102,20975
1979-10-02,0.173,20996
1979-10-01,-0.356,20960
1979-09-28,0.037,21035
1979-09-27,-0.325,21027
1979-09-26,-0.190,21096
1979-09-25,0.089,21136
1979-09-24,-0.327,21117
1979-09-21,0.206,21186
1979-09-20,0.149,21143
1979-09-19,0.289,21111
1979-09-18,0.063,21051
1979-09-17,-0.445,21037
1979-09-14,0.289,21131
1979-09-13,-0.130,21070
1979-09-12,-0.366,21098
1979-09-11,0.810,21176
1979-09-10,-0.107,21005
1979-09-07,0.122,21028
1979-09-06,-0.104,21002
1979-09-05,0.006,21024
1979-09-04,-0.387,21023
1979-08-31,-0.165,21104
1979-08-30,-0.332,21139
1979-08-29,0.092,21210
1979-08-28,-0.196,21190
1979-08-27,0.119,21232
1979-08-24,-0.447,21206
1979-08-23,-0.022,21302
1979-08-22,0.005,21306
1979-08-21,-0.140,21305
1979-08-20,-0.022,21335
1979-08-17,-0.022,21340
1979-08-16,0.005,21345
1979-08-15,-0.110,21343
1979-08-14,0.180,21367
1979-08-13,0.035,21329
1979-08-10,-0.107,21321
1979-08-09,-0.195,21344
1979-08-08,-0.110,21385
1979-08-07,0.065,21409
1979-08-06,0.183,21395
1979-08-03,-0.114,21356
1979-08-02,0.465,21380
1979-08-01,0.180,21282
1979-07-31,0.150,21243
1979-07-30,-0.052,21212
1979-07-27,-0.251,21223
1979-07-26,0.180,21276
1979-07-25,0.316,21238
1979-07-24,-0.136,21171
1979-07-23,-0.221,21200
1979-07-20,0.289,21247
1979-07-19,-0.022,21186
1979-07-18,-0.019,21190
1979-07-17,-0.079,21194
1979-07-16,-0.282,21211
1979-07-13,0.062,21271
1979-07-12,0.090,21258
1979-07-11,-0.221,21239
1979-07-10,-0.280,21286
1979-07-09,-0.226,21345
1979-07-06,-0.081,21394
1979-07-05,-0.108,21411
1979-07-03,0.007,21434
1979-07-02,0.233,21433
1979-06-29,-0.023,21383
1979-06-28,0.065,21388
1979-06-27,0.211,21374
1979-06-26,0.701,21329
1979-06-25,0.232,21180
1979-06-22,-0.252,21131
1979-06-21,0.032,21185
1979-06-20,0.063,21178
1979-06-19,0.036,21164
1979-06-18,0.215,21157
1979-06-15,-0.542,21112
1979-06-14,-0.165,21227
1979-06-13,-0.166,21262
1979-06-12,0.933,21297
1979-06-11,-0.134,21100
1979-06-08,-0.023,21129
1979-06-07,0.496,21133
1979-06-06,0.322,21029
1979-06-05,0.204,20962
1979-06-04,0.009,20919
1979-06-01,0.063,20917
1979-05-31,-0.220,20904
1979-05-30,0.035,20950
1979-05-29,0.005,20943
1979-05-25,0.292,20942
1979-05-24,0.153,20881
1979-05-23,0.584,20849
1979-05-22,0.489,20728
1979-05-21,-0.021,20627
1979-05-18,0.093,20631
1979-05-17,0.434,20612
1979-05-16,0.123,20523
1979-05-15,-0.077,20498
1979-05-14,0.233,20513
1979-05-11,0.209,20466
1979-05-10,-0.023,20423
1979-05-09,0.120,20428
1979-05-08,0.064,20403
1979-05-07,0.097,20390
1979-05-04,-0.079,20370
1979-05-03,-0.130,20387
1979-05-02,0.120,20413
1979-05-01,0.010,20389
1979-04-30,-0.103,20387
1979-04-27,-0.247,20408
1979-04-26,-0.131,20458
1979-04-25,0.093,20485
1979-04-24,-0.104,20466
1979-04-23,-0.048,20487
1979-04-20,-0.252,20497
1979-04-19,0.096,20549
1979-04-18,0.122,20529
1979-04-17,0.236,20504
1979-04-16,0.092,20456
1979-04-12,0.035,20437
1979-04-11,-0.135,20430
1979-04-10,-0.165,20457
1979-04-09,-0.193,20491
1979-04-06,-0.196,20531
1979-04-05,0.180,20571
1979-04-04,0.092,20534
1979-04-03,0.092,20515
1979-04-02,0.035,20496
1979-03-30,-0.220,20489
1979-03-29,0.092,20534
1979-03-28,0.203,20515
1979-03-27,0.153,20474
1979-03-26,0.005,20443
1979-03-23,0.035,20442
1979-03-22,0.062,20434
1979-03-21,0.035,20422
1979-03-20,0.038,20414
1979-03-19,0.095,20407
1979-03-16,0.029,20387
1979-03-15,-0.018,20381
1979-03-14,-0.022,20385
1979-03-13,-0.025,20389
1979-03-12,0.095,20394
1979-03-09,-0.082,20375
1979-03-08,0.035,20392
1979-03-07,0.173,20385
1979-03-06,-0.015,20349
1979-03-05,0.351,20352
1979-03-02,0.122,20281
1979-03-01,0.035,20256
1979-02-28,0.149,20249
1979-02-27,0.032,20219
1979-02-26,0.152,20213
1979-02-23,-0.021,20182
1979-02-22,-0.338,20186
1979-02-21,-0.105,20255
1979-02-20,-0.082,20276
1979-02-16,0.062,20293
1979-02-15,0.036,20280
1979-02-14,-0.052,20273
1979-02-13,0.036,20283
1979-02-12,0.036,20276
1979-02-09,-0.048,20269
1979-02-08,0.035,20279
1979-02-07,-0.449,20271
1979-02-06,-0.312,20363
1979-02-05,-0.370,20426
1979-02-02,0.384,20502
1979-02-01,0.062,20424
1979-01-31,0.126,20411
1979-01-30,0.153,20386
1979-01-29,-0.137,20355
1979-01-26,0.231,20383
1979-01-25,0.669,20336
1979-01-24,0.150,20200
1979-01-23,0.210,20170
1979-01-22,0.206,20128
1979-01-19,0.206,20087
1979-01-18,0.035,20045
1979-01-17,-0.078,20038
1979-01-16,0.038,20054
1979-01-15,-0.022,20046
1979-01-12,0.122,20051
1979-01-11,0.092,20026
1979-01-10,0.005,20008
1979-01-09,-0.049,20007
1979-01-08,-0.163,20016
1979-01-05,0.062,20049
1979-01-04,0.320,20037
1979-01-03,0.119,19973
1979-01-02,-0.075,19949
1978-12-29,0.062,19964
1978-12-28,-0.163,19952
1978-12-27,0.092,19984
1978-12-26,-0.049,19966
1978-12-22,0.320,19976
1978-12-21,-0.085,19912
1978-12-20,-0.198,19929
1978-12-19,-0.021,19969
1978-12-18,-0.706,19973
1978-12-15,-0.224,20115
1978-12-14,0.120,20160
1978-12-13,-0.309,20136
1978-12-12,-0.050,20198
1978-12-11,0.035,20208
1978-12-08,-0.023,20201
1978-12-07,-0.196,20206
1978-12-06,0.004,20246
1978-12-05,-0.138,20245
1978-12-04,-0.051,20273
1978-12-01,0.503,20283
1978-11-30,0.004,20182
1978-11-29,0.065,20181
1978-11-28,0.034,20168
1978-11-27,-0.026,20161
1978-11-24,-0.545,20166
1978-11-22,0.004,20277
1978-11-21,-0.225,20276
1978-11-20,0.003,20322
1978-11-17,0.004,20321
1978-11-16,0.297,20320
1978-11-15,0.351,20260
1978-11-14,0.123,20189
1978-11-13,0.116,20165
1978-11-10,0.153,20141
1978-11-09,-0.023,20110
1978-11-08,0.007,20115
1978-11-07,0.035,20113
1978-11-06,-0.060,20106
1978-11-03,-0.563,20118
1978-11-02,-0.280,20232
1978-11-01,1.837,20289
1978-10-31,-0.455,19923
1978-10-30,-0.693,20014
1978-10-27,-0.282,20154
1978-10-26,-0.280,20211
1978-10-25,-0.086,20268
1978-10-24,0.150,20285
1978-10-23,0.064,20255
1978-10-20,-0.113,20242
1978-10-19,-0.021,20264
1978-10-18,-0.114,20269
1978-10-17,0.006,20292
1978-10-16,-0.497,20291
1978-10-13,-0.025,20392
1978-10-12,0.295,20397
1978-10-11,0.120,20337
1978-10-10,0.095,20313
1978-10-09,0.034,20293
1978-10-06,0.089,20287
1978-10-05,0.006,20269
1978-10-04,-0.052,20267
1978-10-03,0.123,20278
1978-10-02,-0.114,20253
1978-09-29,-0.052,20276
1978-09-28,0.064,20287
1978-09-27,-0.025,20274
1978-09-26,0.208,20279
1978-09-25,-0.089,20237
1978-09-22,-0.104,20255
1978-09-21,-0.259,20276
1978-09-20,-0.374,20329
1978-09-19,-0.026,20405
1978-09-18,-0.116,20410
1978-09-15,-0.175,20434
1978-09-14,-0.085,20470
1978-09-13,0.035,20487
1978-09-12,0.026,20480
1978-09-11,0.302,20475
1978-09-08,0.001,20413
1978-09-07,-0.002,20413
1978-09-06,0.067,20413
1978-09-05,0.330,20399
1978-09-01,0.091,20332
1978-08-31,0.116,20314
1978-08-30,-0.291,20290
1978-08-29,-0.116,20350
1978-08-28,0.005,20373
1978-08-25,0.122,20372
1978-08-24,-0.144,20347
1978-08-23,0.531,20377
1978-08-22,0.033,20269
1978-08-21,0.357,20262
1978-08-18,0.119,20190
1978-08-17,0.258,20166
1978-08-16,-0.492,20114
1978-08-15,-0.056,20214
1978-08-14,-0.025,20225
1978-08-11,0.092,20230
1978-08-10,-0.612,20212
1978-08-09,0.216,20336
1978-08-08,0.061,20292
1978-08-07,0.244,20280
1978-08-04,0.061,20230
1978-08-03,0.265,20218
1978-08-02,0.496,20165
1978-08-01,0.120,20065
1978-07-31,0.007,20041
1978-07-28,0.302,20040
1978-07-27,0.439,19979
1978-07-26,0.123,19892
1978-07-25,0.034,19868
1978-07-24,0.004,19861
1978-07-21,-0.024,19860
1978-07-20,-0.198,19865
1978-07-19,0.062,19904
1978-07-18,0.120,19892
1978-07-17,0.179,19868
1978-07-14,0.065,19832
1978-07-13,-0.054,19819
1978-07-12,0.062,19830
1978-07-11,0.096,19818
1978-07-10,-0.173,19799
1978-07-07,-0.106,19833
1978-07-06,0.035,19854
1978-07-05,-0.140,19847
1978-07-03,0.179,19875
1978-06-30,-0.226,19840
1978-06-29,0.065,19885
1978-06-28,0.154,19872
1978-06-27,0.092,19841
1978-06-26,-0.138,19823
1978-06-23,-0.166,19850
1978-06-22,0.064,19883
1978-06-21,-0.173,19871
1978-06-20,-0.238,19905
1978-06-19,-0.053,19953
1978-06-16,-0.084,19963
1978-06-15,0.033,19980
1978-06-14,0.033,19973
1978-06-13,-0.025,19967
1978-06-12,0.061,19972
1978-06-09,-0.174,19959
1978-06-08,-0.025,19994
1978-06-07,0.033,19999
1978-06-06,0.092,19993
1978-06-05,0.123,19974
1978-06-02,0.151,19950
1978-06-01,0.092,19920
1978-05-31,0.003,19901
1978-05-30,0.034,19901
1978-05-26,-0.084,19894
1978-05-25,-0.056,19911
1978-05-24,-0.084,19922
1978-05-23,0.061,19939
1978-05-22,0.034,19926
1978-05-19,0.006,19920
1978-05-18,-0.233,19919
1978-05-17,0.092,19965
1978-05-16,0.092,19947
1978-05-15,0.123,19928
1978-05-12,-0.115,19904
1978-05-11,0.033,19927
1978-05-10,0.033,19920
1978-05-09,0.092,19913
1978-05-08,-0.088,19895
1978-05-05,-0.410,19913
1978-05-04,0.093,19995
1978-05-03,-0.051,19976
1978-05-02,0.005,19986
1978-05-01,0.064,19985
1978-04-28,-0.029,19972
1978-04-27,-0.054,19978
1978-04-26,-0.173,19989
1978-04-25,0.033,20024
1978-04-24,-0.055,20017
1978-04-21,-0.055,20028
1978-04-20,-0.090,20039
1978-04-19,-0.296,20057
1978-04-18,0.032,20117
1978-04-17,0.208,20110
1978-04-14,0.242,20068
1978-04-13,0.061,20020
1978-04-12,0.064,20008
1978-04-11,-0.027,19995
1978-04-10,-0.027,20000
1978-04-07,0.151,20006
1978-04-06,-0.055,19975
1978-04-05,-0.086,19986
1978-04-04,0.092,20004
1978-04-03,0.120,19985
1978-03-31,-0.146,19961
1978-03-30,0.004,19990
1978-03-29,0.092,19990
1978-03-28,-0.061,19971
1978-03-27,-0.496,19983
1978-03-23,-0.147,20083
1978-03-22,-0.059,20113
1978-03-21,0.032,20125
1978-03-20,0.180,20118
1978-03-17,0.064,20082
1978-03-16,0.032,20069
1978-03-15,0.004,20063
1978-03-14,0.032,20062
1978-03-13,0.092,20056
1978-03-10,0.183,20038
1978-03-09,0.060,20001
1978-03-08,0.001,19989
1978-03-07,0.151,19989
1978-03-06,0.004,19959
1978-03-03,0.032,19958
1978-03-02,0.060,19951
1978-03-01,-0.027,19939
1978-02-28,-0.056,19945
1978-02-27,0.151,19956
1978-02-24,0.239,19926
1978-02-23,0.151,19878
1978-02-22,0.001,19848
1978-02-21,-0.027,19848
1978-02-17,0.123,19854
1978-02-16,-0.087,19829
1978-02-15,-0.146,19846
1978-02-14,-0.178,19875
1978-02-13,0.032,19911
1978-02-10,-0.028,19904
1978-02-09,0.004,19910
1978-02-08,-0.028,19909
1978-02-07,0.063,19915
1978-02-06,-0.182,19902
1978-02-03,0.067,19938
1978-02-02,-0.063,19925
1978-02-01,-0.088,19938
1978-01-31,0.152,19955
1978-01-30,0.155,19925
1978-01-27,0.092,19894
1978-01-26,0.151,19876
1978-01-25,-0.059,19846
1978-01-24,-0.056,19858
1978-01-23,0.032,19869
1978-01-20,0.032,19862
1978-01-19,0.123,19856
1978-01-18,0.000,19832
1978-01-17,0.095,19832
1978-01-16,-0.031,19813
1978-01-13,0.302,19819
1978-01-12,0.092,19759
1978-01-11,-0.028,19741
1978-01-10,-0.028,19747
1978-01-09,-1.017,19752
1978-01-06,-0.120,19955
1978-01-05,0.003,19979
1978-01-04,0.092,19978
1978-01-03,-0.301,19960
1977-12-30,0.495,20020
1977-12-29,-0.368,19922
1977-12-28,-0.029,19995
1977-12-27,-0.058,20001
1977-12-23,-0.033,20013
1977-12-22,-0.150,20019
1977-12-21,0.120,20049
1977-12-20,-0.175,20025
1977-12-19,-0.154,20060
1977-12-16,0.063,20091
1977-12-15,0.002,20079
1977-12-14,-0.030,20078
1977-12-13,0.002,20084
1977-12-12,-0.030,20084
1977-12-09,0.059,20090
1977-12-08,0.002,20078
1977-12-07,-0.002,20078
1977-12-06,-0.151,20078
1977-12-05,-0.030,20109
1977-12-02,-0.126,20115
1977-12-01,-0.088,20140
1977-11-30,-0.066,20158
1977-11-29,-0.027,20171
1977-11-28,0.001,20176
1977-11-25,-0.002,20176
1977-11-23,0.088,20177
1977-11-22,0.120,20159
1977-11-21,-0.027,20135
1977-11-18,0.030,20140
1977-11-17,0.059,20134
1977-11-16,0.027,20122
1977-11-15,-0.065,20117
1977-11-14,0.278,20130
1977-11-11,0.031,20074
1977-11-10,0.220,20068
1977-11-09,0.184,20024
1977-11-08,0.031,19987
1977-11-07,0.184,19981
1977-11-04,0.241,19944
1977-11-03,0.091,19896
1977-11-02,-0.173,19878
1977-11-01,-0.094,19912
1977-10-31,-0.333,19931
1977-10-28,0.062,19998
1977-10-27,0.091,19985
1977-10-26,0.091,19967
1977-10-25,-0.059,19949
1977-10-24,-0.063,19961
1977-10-21,-0.031,19974
1977-10-20,0.030,19980
1977-10-19,0.123,19974
1977-10-18,-0.098,19949
1977-10-17,0.034,19969
1977-10-14,0.094,19962
1977-10-13,0.030,19943
1977-10-12,-0.034,19937
1977-10-11,-0.399,19944
1977-10-10,0.030,20024
1977-10-07,-0.214,20018
1977-10-06,-0.247,20061
1977-10-05,0.062,20111
1977-10-04,0.026,20098
1977-10-03,-0.067,20093
1977-09-30,-0.060,20106
1977-09-29,-0.031,20118
1977-09-28,0.030,20125
1977-09-27,0.340,20119
1977-09-26,-0.186,20050
1977-09-23,-0.002,20088
1977-09-22,-0.186,20088
1977-09-21,-0.002,20126
1977-09-20,-0.183,20126
1977-09-19,0.062,20163
1977-09-16,0.124,20151
1977-09-15,0.091,20126
1977-09-14,0.214,20107
1977-09-13,0.091,20064
1977-09-12,0.004,20046
1977-09-09,-0.590,20045
1977-09-08,-0.093,20164
1977-09-07,-0.159,20183
1977-09-06,0.127,20215
1977-09-02,0.334,20190
1977-09-01,-0.158,20122
1977-08-31,-0.032,20154
1977-08-30,-0.093,20161
1977-08-29,0.218,20179
1977-08-26,0.305,20136
1977-08-25,0.247,20074
1977-08-24,0.059,20025
1977-08-23,0.246,20013
1977-08-22,0.091,19964
1977-08-19,0.120,19946
1977-08-18,0.120,19922
1977-08-17,0.307,19898
1977-08-16,0.063,19837
1977-08-15,-0.002,19824
1977-08-12,-0.031,19825
1977-08-11,-0.031,19831
1977-08-10,-0.031,19837
1977-08-09,-0.182,19843
1977-08-08,0.091,19879
1977-08-05,0.059,19861
1977-08-04,-0.063,19849
1977-08-03,0.217,19862
1977-08-02,-0.031,19819
1977-08-01,0.001,19825
1977-07-29,-0.063,19825
1977-07-28,-0.373,19837
1977-07-27,-0.461,19911
1977-07-26,0.030,20003
1977-07-25,0.182,19997
1977-07-22,0.092,19961
1977-07-21,-0.002,19943
1977-07-20,0.059,19943
1977-07-19,0.092,19931
1977-07-18,-0.154,19913
1977-07-15,-0.219,19944
1977-07-13,0.277,19988
1977-07-12,0.157,19932
1977-07-11,-0.060,19901
1977-07-08,-0.158,19913
1977-07-07,0.264,19945
1977-07-06,-0.059,19892
1977-07-05,-0.063,19904
1977-07-01,-0.507,19917
1977-06-30,-0.065,20018
1977-06-29,-0.221,20031
1977-06-28,0.245,20075
1977-06-27,0.063,20026
1977-06-24,0.336,20014
1977-06-23,-0.031,19947
1977-06-22,0.092,19953
1977-06-21,0.157,19934
1977-06-20,-0.122,19903
1977-06-17,0.030,19927
1977-06-16,-0.032,19921
1977-06-15,-0.097,19928
1977-06-14,0.307,19947
1977-06-13,0.281,19886
1977-06-10,0.403,19830
1977-06-09,0.027,19751
1977-06-08,0.063,19745
1977-06-07,0.092,19733
1977-06-06,0.034,19715
1977-06-03,0.182,19708
1977-06-02,0.002,19672
1977-06-01,-0.034,19672
1977-05-31,0.095,19679
1977-05-27,0.308,19660
1977-05-26,-0.218,19600
1977-05-25,0.186,19642
1977-05-24,0.337,19606
1977-05-23,0.214,19540
1977-05-20,-0.001,19498
1977-05-19,-0.336,19498
1977-05-18,0.153,19564
1977-05-17,0.060,19534
1977-05-16,0.153,19522
1977-05-13,0.250,19493
1977-05-12,0.217,19444
1977-05-11,-0.033,19402
1977-05-10,-0.091,19408
1977-05-09,0.063,19426
1977-05-06,-0.217,19414
1977-05-05,-0.091,19456
1977-05-04,0.034,19474
1977-05-03,0.027,19467
1977-05-02,0.031,19462
1977-04-29,-0.469,19456
1977-04-28,-0.189,19547
1977-04-27,-0.001,19584
1977-04-26,0.284,19585
1977-04-25,-0.214,19529
1977-04-22,-0.186,19571
1977-04-21,-0.031,19607
1977-04-20,-0.157,19614
1977-04-19,-0.277,19644
1977-04-18,0.031,19699
1977-04-15,-0.155,19693
1977-04-14,1.092,19723
1977-04-13,0.183,19510
1977-04-12,-0.001,19475
1977-04-11,0.374,19475
1977-04-07,0.150,19403
1977-04-06,0.092,19373
1977-04-05,-0.088,19356
1977-04-04,-0.030,19373
1977-04-01,0.002,19378
1977-03-31,0.121,19378
1977-03-30,0.118,19355
1977-03-29,0.031,19332
1977-03-28,0.093,19326
1977-03-25,-0.155,19308
1977-03-24,-0.059,19338
1977-03-23,-0.095,19349
1977-03-22,0.031,19368
1977-03-21,0.093,19362
1977-03-18,0.248,19344
1977-03-17,-0.152,19296
1977-03-16,-0.001,19325
1977-03-15,0.093,19325
1977-03-14,0.099,19308
1977-03-11,0.241,19288
1977-03-10,0.125,19242
1977-03-09,0.122,19218
1977-03-08,-0.058,19195
1977-03-07,-0.026,19206
1977-03-04,-0.339,19211
1977-03-03,0.154,19276
1977-03-02,0.373,19247
1977-03-01,-0.181,19175
1977-02-28,0.182,19210
1977-02-25,0.153,19175
1977-02-24,-0.123,19146
1977-02-23,-0.336,19169
1977-02-22,0.002,19234
1977-02-18,-0.824,19233
1977-02-17,0.426,19393
1977-02-16,0.219,19311
1977-02-15,0.153,19269
1977-02-14,-0.060,19239
1977-02-11,-0.028,19251
1977-02-10,-0.132,19256
1977-02-09,0.125,19282
1977-02-08,-0.063,19258
1977-02-07,-0.371,19270
1977-02-04,1.173,19341
1977-02-03,0.157,19117
1977-02-02,-0.368,19087
1977-02-01,-0.063,19158
1977-01-31,0.031,19170
1977-01-28,0.247,19164
1977-01-27,-0.840,19117
1977-01-26,-0.030,19279
1977-01-25,0.187,19284
1977-01-24,-0.273,19248
1977-01-21,-0.125,19301
1977-01-20,0.122,19325
1977-01-19,0.466,19302
1977-01-18,-0.468,19212
1977-01-17,0.031,19303
1977-01-14,-0.586,19297
1977-01-13,0.658,19410
1977-01-12,0.349,19284
1977-01-11,-0.430,19216
1977-01-10,-1.099,19299
1977-01-07,-0.940,19514
1977-01-06,-0.283,19699
1977-01-05,0.155,19755
1977-01-04,-0.347,19725
1977-01-03,-0.325,19793
1976-12-31,-0.066,19858
1976-12-30,0.216,19871
1976-12-29,0.123,19828
1976-12-28,-0.062,19804
1976-12-27,-0.036,19816
1976-12-23,0.090,19823
1976-12-22,0.067,19805
1976-12-21,-0.165,19792
1976-12-20,0.183,19825
1976-12-17,-0.002,19788
1976-12-16,0.031,19789
1976-12-15,0.094,19782
1976-12-14,0.128,19764
1976-12-13,-0.638,19739
1976-12-10,0.697,19865
1976-12-09,-0.098,19728
1976-12-08,-0.124,19747
1976-12-07,-0.098,19772
1976-12-06,-0.098,19791
1976-12-03,0.444,19810
1976-12-02,0.281,19723
1976-12-01,0.251,19668
1976-11-30,0.062,19618
1976-11-29,-0.089,19606
1976-11-26,1.141,19624
1976-11-24,0.256,19402
1976-11-23,0.062,19353
1976-11-22,0.699,19341
1976-11-19,0.754,19206
1976-11-18,-0.062,19063
1976-11-17,0.159,19075
1976-11-16,0.526,19044
1976-11-15,0.123,18945
1976-11-12,0.188,18921
1976-11-11,0.033,18886
1976-11-10,0.126,18880
1976-11-09,0.000,18856
1976-11-08,-0.274,18856
1976-11-05,0.302,18908
1976-11-04,0.464,18851
1976-11-03,-0.336,18764
1976-11-01,0.309,18827
1976-10-29,-0.063,18769
1976-10-28,0.212,18781
1976-10-27,0.247,18741
1976-10-26,0.305,18695
1976-10-25,-0.338,18638
1976-10-22,-0.519,18701
1976-10-21,-0.030,18799
1976-10-20,-0.250,18805
1976-10-19,-0.215,18852
1976-10-18,0.129,18892
1976-10-15,0.313,18868
1976-10-14,0.060,18809
1976-10-13,-0.001,18798
1976-10-12,0.183,18798
1976-10-11,0.031,18764
1976-10-08,0.500,18758
1976-10-07,0.092,18665
1976-10-06,0.279,18647
1976-10-05,0.002,18595
1976-10-04,0.214,18595
1976-10-01,0.430,18555
1976-09-30,0.124,18476
1976-09-29,0.063,18453
1976-09-28,0.210,18441
1976-09-27,0.070,18403
1976-09-24,-0.373,18390
1976-09-23,0.002,18459
1976-09-22,-0.059,18458
1976-09-21,0.092,18469
1976-09-20,-0.152,18452
1976-09-17,0.606,18480
1976-09-16,0.185,18369
1976-09-15,0.185,18335
1976-09-14,0.031,18301
1976-09-13,-0.033,18295
1976-09-10,0.185,18301
1976-09-09,-0.122,18268
1976-09-08,-0.000,18290
1976-09-07,0.124,18290
1976-09-03,0.153,18267
1976-09-02,-0.150,18239
1976-09-01,0.121,18267
1976-08-31,0.367,18245
1976-08-30,0.156,18178
1976-08-27,-0.274,18150
1976-08-26,0.092,18200
1976-08-25,0.214,18183
1976-08-24,0.092,18144
1976-08-23,0.277,18127
1976-08-20,0.000,18077
1976-08-19,0.000,18077
1976-08-18,0.003,18077
1976-08-17,-0.060,18077
1976-08-16,0.274,18087
1976-08-13,0.277,18038
1976-08-12,0.029,17988
1976-08-11,0.153,17983
1976-08-10,0.032,17956
1976-08-09,0.001,17950
1976-08-06,0.071,17950
1976-08-05,-0.028,17937
1976-08-04,0.060,17942
1976-08-03,0.276,17931
1976-08-02,0.060,17882
1976-07-30,0.067,17871
1976-07-29,0.000,17859
1976-07-28,-0.095,17859
1976-07-27,0.311,17876
1976-07-26,-0.180,17821
1976-07-23,0.215,17853
1976-07-22,-0.032,17814
1976-07-21,0.124,17820
1976-07-20,-0.028,17798
1976-07-19,-0.149,17803
1976-07-16,-0.361,17830
1976-07-15,0.184,17894
1976-07-14,-0.057,17861
1976-07-13,-0.061,17872
1976-07-12,0.184,17882
1976-07-09,0.336,17850
1976-07-08,0.152,17790
1976-07-07,-0.025,17763
1976-07-06,0.120,17767
1976-07-02,0.113,17746
1976-07-01,-0.025,17726
1976-06-30,0.032,17731
1976-06-29,0.032,17725
1976-06-28,-0.180,17719
1976-06-25,-0.057,17751
1976-06-24,-0.000,17761
1976-06-23,0.032,17761
1976-06-22,-0.060,17756
1976-06-21,0.219,17767
1976-06-18,0.304,17728
1976-06-17,0.152,17674
1976-06-16,-0.152,17647
1976-06-15,-0.029,17674
1976-06-14,0.120,17679
1976-06-11,0.063,17658
1976-06-10,0.304,17647
1976-06-09,0.063,17593
1976-06-08,-0.088,17582
1976-06-07,0.123,17598
1976-06-04,0.275,17576
1976-06-03,0.057,17528
1976-06-02,0.000,17518
1976-06-01,0.278,17518
1976-05-28,0.179,17470
1976-05-27,-0.207,17438
1976-05-26,-0.060,17475
1976-05-25,0.271,17485
1976-05-24,0.183,17438
1976-05-21,-0.298,17406
1976-05-20,-0.091,17458
1976-05-19,-0.031,17474
1976-05-18,0.064,17479
1976-05-17,-0.154,17468
1976-05-14,-0.122,17495
1976-05-13,0.153,17517
1976-05-12,-0.119,17490
1976-05-11,0.159,17511
1976-05-10,-0.268,17483
1976-05-07,-0.604,17530
1976-05-06,-0.381,17637
1976-05-05,-0.154,17704
1976-05-04,0.245,17731
1976-05-03,-0.122,17688
1976-04-30,-0.364,17710
1976-04-29,0.098,17774
1976-04-28,0.088,17757
1976-04-27,-0.030,17741
1976-04-26,-0.091,17747
1976-04-23,-0.427,17763
1976-04-22,-0.306,17839
1976-04-21,0.214,17894
1976-04-20,0.092,17855
1976-04-19,-0.181,17839
1976-04-15,-0.002,17871
1976-04-14,0.246,17872
1976-04-13,0.152,17828
1976-04-12,0.095,17801
1976-04-09,0.181,17784
1976-04-08,0.188,17752
1976-04-07,0.181,17719
1976-04-06,0.245,17687
1976-04-05,0.302,17644
1976-04-02,0.187,17590
1976-04-01,-0.122,17558
1976-03-31,-0.030,17579
1976-03-30,0.002,17584
1976-03-29,0.030,17584
1976-03-26,-0.001,17579
1976-03-25,0.091,17579
1976-03-24,0.152,17563
1976-03-23,0.091,17536
1976-03-22,0.362,17520
1976-03-19,-0.029,17457
1976-03-18,0.276,17462
1976-03-17,0.031,17414
1976-03-16,-0.058,17409
1976-03-15,-0.150,17419
1976-03-12,0.361,17445
1976-03-11,-0.029,17382
1976-03-10,0.151,17387
1976-03-09,-0.089,17361
1976-03-08,0.272,17377
1976-03-05,0.364,17330
1976-03-04,-0.149,17267
1976-03-03,-0.001,17293
1976-03-02,0.272,17293
1976-03-01,-0.541,17246
1976-02-27,-0.511,17340
1976-02-26,0.063,17429
1976-02-25,0.123,17418
1976-02-24,0.148,17396
1976-02-23,0.333,17371
1976-02-20,0.212,17313
1976-02-19,-0.029,17276
1976-02-18,-0.061,17281
1976-02-17,0.336,17292
1976-02-13,0.275,17234
1976-02-12,0.031,17187
1976-02-11,0.211,17182
1976-02-10,-0.057,17145
1976-02-09,0.119,17155
1976-02-06,-0.237,17135
1976-02-05,0.214,17175
1976-02-04,-0.212,17139
1976-02-03,-0.089,17175
1976-02-02,0.031,17190
1976-01-30,0.183,17185
1976-01-29,0.091,17154
1976-01-28,-0.213,17138
1976-01-27,-0.029,17175
1976-01-26,-0.093,17180
1976-01-23,0.215,17196
1976-01-22,-0.153,17159
1976-01-21,-0.073,17185
1976-01-20,0.045,17198
1976-01-19,0.275,17190
1976-01-16,-0.394,17143
1976-01-15,-0.185,17210
1976-01-14,-0.392,17242
1976-01-13,-0.030,17310
1976-01-12,0.059,17315
1976-01-09,0.669,17305
1976-01-08,-0.271,17190
1976-01-07,-0.208,17237
1976-01-06,0.572,17273
1976-01-05,0.244,17175
1976-01-02,0.003,17133
1975-12-31,-0.213,17132
1975-12-30,0.120,17169
1975-12-29,0.031,17148
1975-12-26,0.549,17143
1975-12-24,0.364,17049
1975-12-23,0.031,16988
1975-12-22,0.091,16982
1975-12-19,0.511,16967
1975-12-18,-0.060,16881
1975-12-17,0.362,16891
1975-12-16,0.359,16830
1975-12-15,0.452,16770
1975-12-12,0.270,16694
1975-12-11,0.510,16649
1975-12-10,0.032,16565
1975-12-09,-0.204,16559
1975-12-08,-0.385,16593
1975-12-05,0.182,16657
1975-12-04,-0.358,16627
1975-12-03,0.064,16687
1975-12-02,0.182,16676
1975-12-01,0.151,16646
1975-11-28,0.123,16621
1975-11-26,0.123,16600
1975-11-25,0.032,16580
1975-11-24,0.360,16575
1975-11-21,-0.594,16515
1975-11-20,0.151,16614
1975-11-19,-0.058,16589
1975-11-18,-0.202,16599
1975-11-17,-0.056,16632
1975-11-14,-0.661,16641
1975-11-13,-0.151,16752
1975-11-12,-0.299,16777
1975-11-11,0.032,16828
1975-11-10,0.123,16822
1975-11-07,0.306,16802
1975-11-06,-0.148,16750
1975-11-05,0.391,16775
1975-11-04,0.032,16710
1975-11-03,-0.358,16704
1975-10-31,0.028,16765
1975-10-30,0.486,16760
1975-10-29,0.092,16679
1975-10-28,0.060,16663
1975-10-27,-0.031,16653
1975-10-24,0.004,16659
1975-10-23,0.422,16658
1975-10-22,0.032,16588
1975-10-21,0.151,16583
1975-10-20,0.032,16558
1975-10-17,0.001,16552
1975-10-16,0.904,16552
1975-10-15,0.032,16404
1975-10-14,-0.267,16398
1975-10-13,0.032,16442
1975-10-10,0.570,16437
1975-10-09,0.415,16344
1975-10-08,0.148,16276
1975-10-07,-0.175,16252
1975-10-06,0.117,16281
1975-10-03,0.900,16262
1975-10-02,0.271,16117
1975-10-01,0.092,16073
1975-09-30,-0.084,16058
1975-09-29,-0.025,16072
1975-09-26,-0.408,16076
1975-09-25,-0.409,16142
1975-09-24,0.269,16208
1975-09-23,0.055,16165
1975-09-22,0.424,16156
1975-09-19,0.565,16088
1975-09-18,0.209,15997
1975-09-17,0.415,15964
1975-09-16,0.006,15898
1975-09-15,-0.055,15897
1975-09-12,-0.052,15906
1975-09-11,-0.553,15914
1975-09-10,-0.318,16003
1975-09-09,-0.171,16054
1975-09-08,0.005,16081
1975-09-05,-0.413,16080
1975-09-04,0.002,16147
1975-09-03,-0.113,16147
1975-09-02,-0.235,16165
1975-08-29,0.419,16203
1975-08-28,0.533,16136
1975-08-27,0.240,16050
1975-08-26,0.447,16012
1975-08-25,0.002,15940
1975-08-22,0.212,15940
1975-08-21,-0.349,15906
1975-08-20,0.002,15962
1975-08-19,0.268,15962
1975-08-18,0.181,15919
1975-08-15,-0.142,15890
1975-08-14,-0.318,15913
1975-08-13,0.092,15964
1975-08-12,-0.208,15949
1975-08-11,0.306,15982
1975-08-08,0.471,15934
1975-08-07,-0.466,15859
1975-08-06,-0.143,15933
1975-08-05,0.002,15956
1975-08-04,-0.614,15956
1975-08-01,-0.384,16054
1975-07-31,-0.204,16116
1975-07-30,-0.177,16149
1975-07-29,-0.058,16178
1975-07-28,0.064,16187
1975-07-25,-0.146,16177
1975-07-24,0.063,16200
1975-07-23,0.092,16190
1975-07-22,-0.084,16175
1975-07-21,-0.122,16189
1975-07-18,-0.118,16209
1975-07-17,0.004,16228
1975-07-16,-0.298,16227
1975-07-15,-0.034,16276
1975-07-14,0.127,16281
1975-07-11,0.306,16261
1975-07-10,0.032,16211
1975-07-09,-0.059,16206
1975-07-08,0.362,16216
1975-07-07,0.004,16157
1975-07-03,0.000,16157
1975-07-02,-0.476,16157
1975-07-01,-0.060,16234
1975-06-30,-0.091,16244
1975-06-27,0.274,16258
1975-06-26,0.302,16214
1975-06-25,-0.841,16165
1975-06-24,-0.031,16302
1975-06-23,0.304,16307
1975-06-20,-0.996,16258
1975-06-19,0.181,16421
1975-06-18,-0.694,16392
1975-06-17,-0.395,16506
1975-06-16,0.214,16572
1975-06-13,-0.057,16536
1975-06-12,0.006,16546
1975-06-11,0.792,16545
1975-06-10,0.092,16415
1975-06-09,0.668,16400
1975-06-06,0.542,16291
1975-06-05,0.153,16203
1975-06-04,0.156,16178
1975-06-03,0.121,16153
1975-06-02,0.089,16134
1975-05-30,0.807,16119
1975-05-29,-0.886,15990
1975-05-28,-0.206,16133
1975-05-27,0.210,16167
1975-05-23,0.222,16133
1975-05-22,-0.175,16097
1975-05-21,0.001,16125
1975-05-20,0.215,16125
1975-05-19,0.061,16090
1975-05-16,0.218,16081
1975-05-15,-0.093,16045
1975-05-14,0.272,16061
1975-05-13,0.155,16017
1975-05-12,0.124,15992
1975-05-09,0.061,15972
1975-05-08,-0.086,15963
1975-05-07,0.365,15976
1975-05-06,-0.209,15918
1975-05-05,0.180,15952
1975-05-02,1.380,15923
1975-05-01,0.033,15706
1975-04-30,0.179,15701
1975-04-29,0.092,15673
1975-04-28,-0.525,15658
1975-04-25,0.033,15741
1975-04-24,0.151,15736
1975-04-23,0.297,15712
1975-04-22,0.064,15665
1975-04-21,-0.324,15655
1975-04-18,-0.321,15706
1975-04-17,-0.385,15757
1975-04-16,0.061,15818
1975-04-15,0.033,15808
1975-04-14,0.452,15803
1975-04-11,-0.113,15732
1975-04-10,-0.148,15750
1975-04-09,0.302,15773
1975-04-08,0.361,15726
1975-04-07,-0.804,15669
1975-04-04,-0.054,15796
1975-04-03,0.475,15805
1975-04-02,-0.828,15730
1975-04-01,-0.510,15861
1975-03-31,0.169,15943
1975-03-27,-0.703,15916
1975-03-26,0.634,16028
1975-03-25,0.185,15928
1975-03-24,-0.813,15898
1975-03-21,0.282,16028
1975-03-20,-0.267,15983
1975-03-19,-0.571,16026
1975-03-18,0.031,16118
1975-03-17,-0.694,16113
1975-03-14,-0.091,16226
1975-03-13,0.152,16241
1975-03-12,0.094,16216
1975-03-11,-0.123,16201
1975-03-10,-0.213,16221
1975-03-07,-0.153,16255
1975-03-06,-0.063,16280
1975-03-05,0.335,16291
1975-03-04,-0.153,16236
1975-03-03,-0.214,16261
1975-02-28,0.123,16296
1975-02-27,0.180,16276
1975-02-26,-0.396,16247
1975-02-25,-0.462,16311
1975-02-24,-0.635,16387
1975-02-21,0.326,16492
1975-02-20,-0.216,16438
1975-02-19,0.120,16474
1975-02-18,0.492,16454
1975-02-14,0.646,16373
1975-02-13,-0.125,16268
1975-02-12,0.030,16289
1975-02-11,0.213,16284
1975-02-10,-0.430,16249
1975-02-07,0.110,16319
1975-02-06,-0.266,16301
1975-02-05,0.798,16345
1975-02-04,0.152,16216
1975-02-03,0.306,16191
1975-01-31,0.091,16142
1975-01-30,0.334,16127
1975-01-29,0.152,16073
1975-01-28,0.030,16049
1975-01-27,0.180,16044
1975-01-24,-0.170,16015
1975-01-23,-0.334,16042
1975-01-22,0.241,16096
1975-01-21,0.305,16057
1975-01-20,-0.366,16009
1975-01-17,0.154,16067
1975-01-16,-0.002,16043
1975-01-15,-0.274,16043
1975-01-14,-0.185,16087
1975-01-13,-0.455,16117
1975-01-10,-0.126,16191
1975-01-09,0.177,16211
1975-01-08,0.033,16182
1975-01-07,0.026,16177
1975-01-06,0.242,16173
1975-01-03,-0.064,16134
1975-01-02,-0.028,16144
1974-12-31,-0.064,16149
1974-12-30,-0.067,16159
1974-12-27,-0.028,16170
1974-12-26,0.397,16175
1974-12-24,-0.028,16111
1974-12-23,-0.858,16115
1974-12-20,-0.094,16255
1974-12-19,-0.036,16270
1974-12-18,0.278,16276
1974-12-17,0.430,16231
1974-12-16,0.274,16161
1974-12-13,0.187,16117
1974-12-12,-0.096,16087
1974-12-11,0.338,16103
1974-12-10,-0.125,16048
1974-12-09,1.254,16068
1974-12-06,0.365,15869
1974-12-05,0.240,15812
1974-12-04,0.456,15774
1974-12-03,-0.087,15702
1974-12-02,-0.583,15716
1974-11-29,0.030,15808
1974-11-27,0.001,15803
1974-11-26,-0.094,15803
1974-11-25,-0.027,15818
1974-11-22,0.062,15822
1974-11-21,-0.031,15812
1974-11-20,0.272,15817
1974-11-19,0.094,15774
1974-11-18,-0.091,15760
1974-11-15,0.632,15774
1974-11-14,0.275,15675
1974-11-13,0.147,15632
1974-11-12,-0.172,15609
1974-11-11,0.030,15636
1974-11-08,0.119,15631
1974-11-07,0.214,15613
1974-11-06,0.270,15580
1974-11-05,0.030,15538
1974-11-04,0.093,15533
1974-11-01,-0.062,15518
1974-10-31,0.118,15528
1974-10-30,0.147,15510
1974-10-29,0.239,15487
1974-10-28,-0.152,15450
1974-10-25,0.027,15474
1974-10-24,-0.089,15469
1974-10-23,-0.114,15483
1974-10-22,0.062,15501
1974-10-21,0.299,15491
1974-10-18,0.277,15445
1974-10-17,-0.030,15402
1974-10-16,-0.064,15407
1974-10-15,0.122,15417
1974-10-14,0.030,15398
1974-10-11,0.298,15393
1974-10-10,0.182,15348
1974-10-09,0.031,15320
1974-10-08,0.263,15315
1974-10-07,0.154,15275
1974-10-04,0.276,15251
1974-10-03,-0.169,15209
1974-10-02,-0.029,15235
1974-10-01,-0.180,15240
1974-09-30,-0.064,15267
1974-09-27,0.181,15277
1974-09-26,0.068,15249
1974-09-25,0.030,15239
1974-09-24,-0.118,15234
1974-09-23,0.780,15252
1974-09-20,0.242,15134
1974-09-19,0.236,15098
1974-09-18,0.183,15062
1974-09-17,0.089,15035
1974-09-16,0.269,15021
1974-09-13,0.123,14981
1974-09-12,-0.349,14963
1974-09-11,0.219,15015
1974-09-10,-0.121,14982
1974-09-09,0.349,15000
1974-09-06,0.088,14948
1974-09-05,0.209,14935
1974-09-04,-0.030,14904
1974-09-03,-0.003,14909
1974-08-30,0.264,14909
1974-08-29,0.060,14870
1974-08-28,0.060,14861
1974-08-27,0.180,14852
1974-08-26,0.062,14825
1974-08-23,-0.355,14816
1974-08-22,-0.208,14869
1974-08-21,-0.326,14900
1974-08-20,-0.094,14948
1974-08-19,0.177,14963
1974-08-16,-0.010,14936
1974-08-15,0.206,14938
1974-08-14,0.025,14907
1974-08-13,-0.031,14903
1974-08-12,0.035,14908
1974-08-09,-0.264,14903
1974-08-08,0.028,14942
1974-08-07,-0.066,14938
1974-08-06,0.271,14948
1974-08-05,0.037,14907
1974-08-02,-0.397,14902
1974-08-01,-0.213,14961
1974-07-31,0.059,14993
1974-07-30,-0.335,14984
1974-07-29,-0.393,15035
1974-07-26,-0.400,15094
1974-07-25,0.088,15155
1974-07-24,0.270,15141
1974-07-23,0.034,15101
1974-07-22,0.531,15095
1974-07-19,0.301,15016
1974-07-18,0.119,14971
1974-07-17,0.006,14953
1974-07-16,-0.123,14952
1974-07-15,0.062,14970
1974-07-12,0.124,14961
1974-07-11,-0.061,14943
1974-07-10,0.092,14952
1974-07-09,-0.149,14938
1974-07-08,-0.457,14960
1974-07-05,-0.128,15029
1974-07-03,-0.241,15048
1974-07-02,-0.006,15085
1974-07-01,-0.034,15086
1974-06-28,-0.037,15091
1974-06-27,-0.220,15097
1974-06-26,0.026,15130
1974-06-25,-0.182,15126
1974-06-24,-0.376,15154
1974-06-21,-0.037,15211
1974-06-20,-0.091,15216
1974-06-19,0.090,15230
1974-06-18,-0.123,15217
1974-06-17,0.086,15235
1974-06-14,0.058,15222
1974-06-13,-0.070,15213
1974-06-12,-0.190,15224
1974-06-11,-0.034,15253
1974-06-10,0.061,15258
1974-06-07,0.332,15249
1974-06-06,0.178,15198
1974-06-05,0.058,15171
1974-06-04,0.181,15163
1974-06-03,-0.066,15135
1974-05-31,-0.098,15145
1974-05-30,0.150,15160
1974-05-29,-0.063,15137
1974-05-28,-0.257,15147
1974-05-24,0.175,15186
1974-05-23,0.299,15159
1974-05-22,0.182,15114
1974-05-21,0.150,15087
1974-05-20,-0.034,15064
1974-05-17,-0.313,15069
1974-05-16,-0.072,15117
1974-05-15,0.147,15128
1974-05-14,-0.217,15105
1974-05-13,0.475,15138
1974-05-10,0.798,15067
1974-05-09,-0.178,14948
1974-05-08,0.216,14974
1974-05-07,-0.069,14942
1974-05-06,-0.069,14952
1974-05-03,-0.488,14963
1974-05-02,0.140,15036
1974-05-01,0.267,15015
1974-04-30,0.062,14975
1974-04-29,-0.160,14966
1974-04-26,-0.223,14990
1974-04-25,-0.369,15023
1974-04-24,-0.087,15079
1974-04-23,-0.094,15092
1974-04-22,-0.097,15106
1974-04-19,0.030,15121
1974-04-18,-0.276,15116
1974-04-17,-0.031,15158
1974-04-16,-0.226,15162
1974-04-15,0.241,15197
1974-04-11,0.088,15160
1974-04-10,0.400,15147
1974-04-09,0.055,15086
1974-04-08,0.300,15078
1974-04-05,-0.186,15033
1974-04-04,-0.520,15061
1974-04-03,-0.069,15140
1974-04-02,-0.130,15150
1974-04-01,-0.066,15170
1974-03-29,0.069,15180
1974-03-28,-0.284,15169
1974-03-27,0.209,15213
1974-03-26,0.280,15181
1974-03-25,-0.185,15138
1974-03-22,-0.438,15166
1974-03-21,-0.382,15233
1974-03-20,-0.157,15292
1974-03-19,-0.002,15316
1974-03-18,-0.538,15316
1974-03-15,-0.345,15399
1974-03-14,0.060,15452
1974-03-13,-0.187,15443
1974-03-12,-0.035,15472
1974-03-11,-0.162,15477
1974-03-08,-0.169,15502
1974-03-07,0.213,15528
1974-03-06,0.122,15495
1974-03-05,-0.002,15477
1974-03-04,-0.067,15477
1974-03-01,-0.405,15487
1974-02-28,-0.035,15550
1974-02-27,-0.130,15556
1974-02-26,-0.195,15576
1974-02-25,-0.009,15606
1974-02-22,0.024,15608
1974-02-21,-0.064,15604
1974-02-20,-0.094,15614
1974-02-19,-0.006,15629
1974-02-15,0.027,15629
1974-02-14,0.027,15625
1974-02-13,0.060,15621
1974-02-12,0.027,15612
1974-02-11,0.027,15607
1974-02-08,0.060,15603
1974-02-07,-0.071,15594
1974-02-06,0.119,15605
1974-02-05,0.149,15586
1974-02-04,0.152,15563
1974-02-01,0.192,15539
1974-01-31,0.090,15510
1974-01-30,0.090,15496
1974-01-29,-0.034,15482
1974-01-28,0.090,15487
1974-01-25,-0.005,15473
1974-01-24,-0.002,15474
1974-01-23,-0.067,15474
1974-01-22,-0.067,15485
1974-01-21,-0.165,15495
1974-01-18,-0.034,15521
1974-01-17,0.152,15526
1974-01-16,-0.005,15503
1974-01-15,0.087,15503
1974-01-14,-0.070,15490
1974-01-11,-0.034,15501
1974-01-10,-0.286,15506
1974-01-09,0.029,15550
1974-01-08,0.029,15546
1974-01-07,-0.129,15541
1974-01-04,0.088,15561
1974-01-03,0.003,15548
1974-01-02,-0.090,15547
1973-12-31,0.025,15561
1973-12-28,-0.028,15557
1973-12-27,-0.021,15562
1973-12-26,-0.286,15565
1973-12-24,0.027,15610
1973-12-21,-0.188,15606
1973-12-20,0.033,15635
1973-12-19,-0.129,15630
1973-12-18,-0.037,15650
1973-12-17,0.121,15656
1973-12-14,0.092,15637
1973-12-13,0.022,15622
1973-12-12,0.059,15619
1973-12-11,0.085,15610
1973-12-10,0.445,15597
1973-12-07,0.088,15528
1973-12-06,-0.097,15514
1973-12-05,-0.196,15529
1973-12-04,0.025,15559
1973-12-03,-0.107,15556
1973-11-30,0.121,15572
1973-11-29,0.058,15553
1973-11-28,0.025,15544
1973-11-27,-0.104,15540
1973-11-26,0.253,15557
1973-11-23,0.054,15517
1973-11-21,0.186,15509
1973-11-20,0.094,15480
1973-11-19,0.251,15465
1973-11-16,0.241,15427
1973-11-15,0.277,15390
1973-11-14,-0.130,15347
1973-11-13,-0.173,15367
1973-11-12,-0.107,15394
1973-11-09,0.021,15410
1973-11-08,0.127,15407
1973-11-07,-0.035,15387
1973-11-06,0.024,15393
1973-11-05,-0.265,15389
1973-11-02,-0.137,15430
1973-11-01,-0.008,15451
1973-10-31,-0.077,15452
1973-10-30,0.058,15464
1973-10-29,-0.074,15455
1973-10-26,0.055,15467
1973-10-25,0.184,15458
1973-10-24,0.207,15430
1973-10-23,-0.105,15398
1973-10-22,0.027,15414
1973-10-19,0.089,15410
1973-10-18,0.089,15396
1973-10-17,-0.003,15382
1973-10-16,-0.224,15383
1973-10-15,-0.165,15417
1973-10-12,0.248,15443
1973-10-11,-0.036,15405
1973-10-10,-0.109,15410
1973-10-09,0.463,15427
1973-10-08,0.028,15356
1973-10-05,0.416,15352
1973-10-04,0.119,15288
1973-10-03,0.030,15270
1973-10-02,-0.144,15265
1973-10-01,-0.035,15287
1973-09-28,0.278,15292
1973-09-27,0.281,15250
1973-09-26,0.031,15207
1973-09-25,0.211,15203
1973-09-24,0.218,15171
1973-09-21,0.528,15138
1973-09-20,0.253,15058
1973-09-19,-0.031,15020
1973-09-18,0.424,15025
1973-09-17,0.434,14961
1973-09-14,0.157,14897
1973-09-13,-0.002,14873
1973-09-12,-0.002,14874
1973-09-11,-0.287,14874
1973-09-10,-0.345,14917
1973-09-07,-0.002,14968
1973-09-06,0.057,14969
1973-09-05,0.547,14960
1973-09-04,0.209,14879
1973-08-31,-0.004,14848
1973-08-30,0.025,14848
1973-08-29,0.407,14845
1973-08-28,-0.091,14784
1973-08-27,-0.285,14798
1973-08-24,0.715,14840
1973-08-23,0.711,14735
1973-08-22,-0.123,14631
1973-08-21,-0.011,14649
1973-08-20,-0.518,14650
1973-08-17,0.514,14727
1973-08-16,0.806,14651
1973-08-15,0.248,14534
1973-08-14,0.216,14498
1973-08-13,0.394,14467
1973-08-10,0.116,14410
1973-08-09,-0.157,14394
1973-08-08,0.422,14416
1973-08-07,-0.246,14356
1973-08-06,-0.192,14391
1973-08-03,-0.192,14419
1973-08-02,0.306,14447
1973-08-01,-0.507,14403
1973-07-31,-0.273,14476
1973-07-30,-0.095,14516
1973-07-27,-0.400,14529
1973-07-26,-0.652,14588
1973-07-25,-0.038,14683
1973-07-24,-0.129,14689
1973-07-23,0.059,14708
1973-07-20,-0.407,14699
1973-07-19,-0.382,14759
1973-07-18,-0.133,14816
1973-07-17,-0.038,14836
1973-07-16,-0.100,14841
1973-07-13,-0.133,14856
1973-07-12,0.024,14876
1973-07-11,0.060,14872
1973-07-10,0.223,14864
1973-07-09,-0.260,14830
1973-07-06,-0.129,14869
1973-07-05,0.027,14888
1973-07-03,-0.038,14884
1973-07-02,-0.407,14890
1973-06-29,-0.163,14951
1973-06-28,-0.038,14975
1973-06-27,0.057,14981
1973-06-26,-0.038,14972
1973-06-25,-0.097,14978
1973-06-22,-0.130,14993
1973-06-21,0.028,15012
1973-06-20,-0.064,15008
1973-06-19,-0.005,15018
1973-06-18,-0.035,15018
1973-06-15,-0.002,15024
1973-06-14,-0.038,15024
1973-06-13,0.090,15030
1973-06-12,0.123,15016
1973-06-11,-0.038,14998
1973-06-08,0.153,15004
1973-06-07,-0.005,14981
1973-06-06,0.370,14981
1973-06-05,0.380,14926
1973-06-04,-0.064,14870
1973-06-01,-0.126,14879
1973-05-31,0.060,14898
1973-05-30,0.093,14889
1973-05-29,-0.097,14875
1973-05-25,-0.006,14890
1973-05-24,0.155,14891
1973-05-23,-0.065,14867
1973-05-22,-0.003,14877
1973-05-21,-0.193,14877
1973-05-18,-0.101,14906
1973-05-17,-0.101,14921
1973-05-16,0.086,14936
1973-05-15,0.004,14924
1973-05-14,-0.003,14923
1973-05-11,-0.069,14923
1973-05-10,-0.003,14934
1973-05-09,0.060,14934
1973-05-08,0.155,14925
1973-05-07,-0.033,14902
1973-05-04,-0.099,14907
1973-05-03,-0.037,14922
1973-05-02,-0.126,14927
1973-05-01,-0.133,14946
1973-04-30,-0.103,14966
1973-04-27,-0.070,14981
1973-04-26,-0.034,14992
1973-04-25,0.025,14997
1973-04-24,0.300,14993
1973-04-23,-0.314,14948
1973-04-19,-0.133,14995
1973-04-18,-0.041,15015
1973-04-17,-0.200,15021
1973-04-16,0.023,15051
1973-04-13,0.348,15048
1973-04-12,-0.070,14996
1973-04-11,-0.103,15006
1973-04-10,-0.100,15022
1973-04-09,0.219,15037
1973-04-06,0.378,15004
1973-04-05,0.119,14948
1973-04-04,0.248,14930
1973-04-03,0.188,14893
1973-04-02,-0.037,14865
1973-03-30,-0.420,14871
1973-03-29,0.029,14933
1973-03-28,0.307,14929
1973-03-27,0.122,14883
1973-03-26,0.313,14865
1973-03-23,0.059,14819
1973-03-22,0.059,14810
1973-03-21,0.026,14801
1973-03-20,0.029,14797
1973-03-19,0.184,14793
1973-03-16,-0.290,14766
1973-03-15,-0.067,14809
1973-03-14,-0.070,14819
1973-03-13,-0.034,14829
1973-03-12,-0.008,14834
1973-03-09,-0.038,14836
1973-03-08,-0.071,14841
1973-03-07,0.118,14852
1973-03-06,-0.041,14834
1973-03-05,-0.070,14840
1973-03-02,-0.166,14851
1973-03-01,0.062,14875
1973-02-28,-0.008,14866
1973-02-27,0.055,14867
1973-02-26,-0.325,14859
1973-02-23,0.245,14908
1973-02-22,0.089,14871
1973-02-21,0.026,14858
1973-02-20,-0.295,14854
1973-02-16,-0.103,14898
1973-02-15,0.093,14914
1973-02-14,-0.004,14900
1973-02-13,0.053,14900
1973-02-12,0.026,14892
1973-02-09,0.282,14888
1973-02-08,-0.000,14847
1973-02-07,-0.007,14847
1973-02-06,-0.007,14848
1973-02-05,-0.040,14849
1973-02-02,-0.259,14855
1973-02-01,-0.452,14893
1973-01-31,-0.067,14961
1973-01-30,0.216,14971
1973-01-29,-0.100,14939
1973-01-26,-0.194,14954
1973-01-24,-0.104,14983
1973-01-23,0.187,14998
1973-01-22,-0.071,14970
1973-01-19,-0.164,14981
1973-01-18,-0.071,15006
1973-01-17,0.063,15016
1973-01-16,-0.008,15007
1973-01-15,0.059,15008
1973-01-12,-0.038,14999
1973-01-11,0.026,15005
1973-01-10,-0.038,15001
1973-01-09,0.089,15007
1973-01-08,-0.105,14993
1973-01-05,-0.169,15009
1973-01-04,0.187,15034
1973-01-03,0.090,15006
1973-01-02,-0.101,14993
1972-12-29,-0.172,15008
1972-12-27,-0.038,15034
1972-12-26,0.056,15040
1972-12-22,-0.007,15031
1972-12-21,0.060,15032
1972-12-20,-0.007,15023
1972-12-19,-0.068,15024
1972-12-18,-0.199,15034
1972-12-15,0.060,15064
1972-12-14,0.026,15055
1972-12-13,0.026,15051
1972-12-12,0.030,15047
1972-12-11,-0.068,15043
1972-12-08,-0.038,15053
1972-12-07,0.026,15059
1972-12-06,0.093,15055
1972-12-05,-0.072,15041
1972-12-04,-0.005,15052
1972-12-01,-0.005,15053
1972-11-30,-0.039,15053
1972-11-29,0.153,15059
1972-11-28,0.089,15036
1972-11-27,-0.200,15023
1972-11-24,0.025,15053
1972-11-22,-0.005,15049
1972-11-21,-0.133,15050
1972-11-20,0.089,15070
1972-11-17,-0.009,15057
1972-11-16,-0.005,15058
1972-11-15,0.217,15059
1972-11-14,0.089,15026
1972-11-13,0.251,15013
1972-11-10,0.025,14975
1972-11-09,0.025,14971
1972-11-08,-0.167,14967
1972-11-06,0.251,14992
1972-11-03,0.247,14955
1972-11-02,0.378,14918
1972-11-01,0.119,14862
1972-10-31,0.089,14844
1972-10-30,-0.041,14831
1972-10-27,-0.008,14837
1972-10-26,0.120,14838
1972-10-25,0.090,14820
1972-10-24,0.220,14807
1972-10-23,0.026,14774
1972-10-20,0.090,14771
1972-10-19,0.090,14757
1972-10-18,-0.041,14744
1972-10-17,0.026,14750
1972-10-16,0.123,14746
1972-10-13,0.026,14728
1972-10-12,-0.198,14724
1972-10-11,0.023,14753
1972-10-10,0.247,14750
1972-10-09,0.027,14714
1972-10-06,0.124,14710
1972-10-05,0.027,14692
1972-10-04,0.090,14688
1972-10-03,-0.140,14674
1972-10-02,0.027,14695
1972-09-29,0.154,14691
1972-09-28,0.251,14668
1972-09-27,0.057,14632
1972-09-26,0.254,14623
1972-09-25,0.027,14586
1972-09-22,-0.129,14582
1972-09-21,-0.096,14601
1972-09-20,-0.070,14615
1972-09-19,0.060,14625
1972-09-18,0.224,14617
1972-09-15,0.190,14584
1972-09-14,-0.097,14556
1972-09-13,-0.041,14571
1972-09-12,0.059,14577
1972-09-11,0.152,14568
1972-09-08,-0.260,14546
1972-09-07,-0.164,14584
1972-09-06,-0.131,14608
1972-09-05,-0.198,14627
1972-09-01,-0.005,14656
1972-08-31,0.092,14657
1972-08-30,-0.316,14643
1972-08-29,-0.197,14689
1972-08-28,-0.231,14718
1972-08-25,-0.269,14753
1972-08-24,-0.074,14792
1972-08-23,-0.104,14803
1972-08-22,0.055,14819
1972-08-21,0.024,14810
1972-08-18,-0.040,14807
1972-08-17,-0.104,14813
1972-08-16,0.028,14828
1972-08-15,-0.006,14824
1972-08-14,-0.105,14825
1972-08-11,0.024,14841
1972-08-10,-0.010,14837
1972-08-09,0.088,14839
1972-08-08,0.088,14825
1972-08-07,-0.010,14812
1972-08-04,-0.074,14814
1972-08-03,-0.074,14825
1972-08-02,0.092,14836
1972-08-01,-0.071,14822
1972-07-31,0.058,14833
1972-07-28,0.122,14824
1972-07-27,-0.298,14806
1972-07-26,0.088,14850
1972-07-25,0.054,14837
1972-07-24,0.024,14829
1972-07-21,-0.041,14826
1972-07-20,-0.044,14832
1972-07-19,0.119,14838
1972-07-18,-0.010,14821
1972-07-17,-0.074,14822
1972-07-14,0.156,14833
1972-07-13,0.122,14810
1972-07-12,0.054,14792
1972-07-11,0.024,14784
1972-07-10,0.024,14780
1972-07-07,-0.078,14777
1972-07-06,0.092,14788
1972-07-05,0.190,14775
1972-07-03,0.054,14747
1972-06-30,-0.040,14739
1972-06-29,-0.172,14745
1972-06-28,0.024,14770
1972-06-27,0.058,14767
1972-06-26,-0.105,14758
1972-06-23,0.054,14774
1972-06-22,-0.139,14766
1972-06-21,-0.040,14786
1972-06-20,-0.010,14792
1972-06-19,0.153,14793
1972-06-16,-0.010,14771
1972-06-15,0.024,14772
1972-06-14,0.092,14769
1972-06-13,-0.010,14755
1972-06-12,0.089,14757
1972-06-09,0.055,14744
1972-06-08,0.024,14735
1972-06-07,0.123,14732
1972-06-06,-0.135,14714
1972-06-05,-0.074,14734
1972-06-02,-0.071,14745
1972-06-01,-0.105,14755
1972-05-31,0.024,14771
1972-05-30,0.027,14767
1972-05-26,0.024,14763
1972-05-25,0.119,14760
1972-05-24,-0.041,14742
1972-05-23,0.153,14748
1972-05-22,0.217,14726
1972-05-19,0.183,14694
1972-05-18,0.153,14667
1972-05-17,0.021,14644
1972-05-16,-0.009,14641
1972-05-15,0.058,14643
1972-05-12,0.184,14634
1972-05-11,0.092,14607
1972-05-10,0.123,14594
1972-05-09,-0.168,14576
1972-05-08,0.024,14601
1972-05-05,0.024,14597
1972-05-04,-0.009,14593
1972-05-03,-0.040,14595
1972-05-02,-0.138,14601
1972-05-01,0.058,14621
1972-04-28,-0.169,14612
1972-04-27,0.709,14637
1972-04-26,0.152,14534
1972-04-25,0.058,14512
1972-04-24,-0.006,14503
1972-04-21,0.088,14504
1972-04-20,0.088,14492
1972-04-19,0.186,14479
1972-04-18,0.024,14452
1972-04-17,0.155,14449
1972-04-14,0.058,14426
1972-04-13,-0.165,14418
1972-04-12,-0.169,14442
1972-04-11,-0.108,14466
1972-04-10,0.121,14482
1972-04-07,0.023,14464
1972-04-06,-0.010,14461
1972-04-05,0.091,14462
1972-04-04,-0.334,14449
1972-04-03,-0.105,14497
1972-03-30,-0.011,14513
1972-03-29,-0.075,14514
1972-03-28,-0.109,14525
1972-03-27,0.186,14541
1972-03-24,-0.105,14514
1972-03-23,-0.139,14529
1972-03-22,0.057,14549
1972-03-21,0.122,14541
1972-03-20,0.027,14523
1972-03-17,-0.180,14519
1972-03-16,0.319,14546
1972-03-15,-0.298,14499
1972-03-14,0.088,14543
1972-03-13,-0.302,14530
1972-03-10,-0.109,14574
1972-03-09,-0.044,14590
1972-03-08,-0.010,14596
1972-03-07,-0.075,14598
1972-03-06,0.020,14609
1972-03-03,0.055,14606
1972-03-02,0.089,14598
1972-03-01,0.058,14585
1972-02-29,0.024,14576
1972-02-28,0.085,14573
1972-02-25,0.055,14560
1972-02-24,0.059,14552
1972-02-23,-0.074,14544
1972-02-22,0.025,14555
1972-02-18,-0.010,14551
1972-02-17,0.120,14553
1972-02-16,0.188,14535
1972-02-15,0.059,14508
1972-02-14,0.188,14499
1972-02-11,-0.006,14472
1972-02-10,0.157,14473
1972-02-09,0.062,14450
1972-02-08,-0.105,14441
1972-02-07,-0.040,14457
1972-02-04,0.092,14462
1972-02-03,-0.044,14449
1972-02-02,0.122,14455
1972-02-01,0.024,14438
1972-01-31,-0.007,14434
1972-01-28,-0.136,14435
1972-01-27,-0.302,14455
1972-01-26,0.088,14499
1972-01-25,0.092,14486
1972-01-24,-0.170,14473
1972-01-21,-0.041,14497
1972-01-20,-0.072,14503
1972-01-19,-0.372,14514
1972-01-18,-0.206,14568
1972-01-17,-0.271,14598
1972-01-14,0.054,14638
1972-01-13,0.188,14630
1972-01-12,0.058,14602
1972-01-11,-0.107,14594
1972-01-10,0.222,14610
1972-01-07,0.187,14577
1972-01-06,0.122,14550
1972-01-05,0.119,14532
1972-01-04,0.054,14515
1972-01-03,-0.301,14507
1971-12-31,0.157,14551
1971-12-30,0.023,14528
1971-12-29,-0.271,14525
1971-12-28,0.348,14564
1971-12-27,0.413,14514
1971-12-23,0.351,14454
1971-12-22,0.061,14404
1971-12-21,-0.137,14395
1971-12-20,-0.168,14415
1971-12-17,0.186,14439
1971-12-16,0.155,14412
1971-12-15,-0.107,14390
1971-12-14,-0.236,14405
1971-12-13,0.285,14439
1971-12-10,0.087,14398
1971-12-09,-0.141,14386
1971-12-08,0.056,14406
1971-12-07,-0.271,14398
1971-12-06,-0.012,14437
1971-12-03,0.220,14439
1971-12-02,0.220,14407
1971-12-01,0.086,14376
1971-11-30,0.185,14363
1971-11-29,-0.077,14337
1971-11-26,0.257,14348
1971-11-24,-0.366,14311
1971-11-23,-0.466,14363
1971-11-22,-0.208,14431
1971-11-19,-0.177,14461
1971-11-18,-0.109,14486
1971-11-17,0.052,14502
1971-11-16,0.018,14495
1971-11-15,0.056,14492
1971-11-12,0.220,14484
1971-11-11,0.216,14452
1971-11-10,-0.303,14421
1971-11-09,-0.013,14465
1971-11-08,-0.304,14467
1971-11-05,0.021,14511
1971-11-04,-0.082,14508
1971-11-03,0.406,14520
1971-11-02,0.022,14461
1971-11-01,0.340,14458
1971-10-29,0.252,14409
1971-10-28,0.187,14373
1971-10-27,-0.172,14346
1971-10-26,0.019,14371
1971-10-25,0.023,14368
1971-10-22,-0.073,14365
1971-10-21,0.214,14375
1971-10-20,0.351,14344
1971-10-19,-0.042,14294
1971-10-18,-0.301,14300
1971-10-15,-0.073,14343
1971-10-14,-0.039,14354
1971-10-13,0.255,14359
1971-10-12,0.479,14323
1971-10-11,0.022,14255
1971-10-08,0.250,14252
1971-10-07,0.087,14216
1971-10-06,0.216,14204
1971-10-05,-0.239,14173
1971-10-04,0.151,14207
1971-10-01,0.056,14186
1971-09-30,0.504,14178
1971-09-29,0.280,14106
1971-09-28,0.053,14067
1971-09-27,0.216,14060
1971-09-24,0.279,14029
1971-09-23,-0.007,13990
1971-09-22,-0.105,13991
1971-09-21,-0.105,14006
1971-09-20,-0.240,14021
1971-09-17,0.121,14054
1971-09-16,0.216,14037
1971-09-15,0.121,14007
1971-09-14,0.185,13990
1971-09-13,-0.455,13964
1971-09-10,0.053,14028
1971-09-09,-0.399,14021
1971-09-08,-0.177,14077
1971-09-07,0.312,14102
1971-09-03,0.311,14058
1971-09-02,0.345,14014
1971-09-01,0.240,13966
1971-08-31,0.382,13933
1971-08-30,0.122,13880
1971-08-27,0.280,13863
1971-08-26,0.216,13824
1971-08-25,-0.102,13794
1971-08-24,0.728,13809
1971-08-23,-0.772,13709
1971-08-20,-0.200,13815
1971-08-19,0.223,13843
1971-08-18,-0.193,13812
1971-08-17,0.961,13839
1971-08-16,2.003,13707
1971-08-13,0.842,13438
1971-08-12,0.431,13326
1971-08-11,0.244,13269
1971-08-10,-0.070,13236
1971-08-09,-0.132,13246
1971-08-06,0.025,13263
1971-08-05,0.178,13260
1971-08-04,0.084,13236
1971-08-03,-0.383,13225
1971-08-02,-0.037,13276
1971-07-30,0.245,13281
1971-07-29,0.460,13248
1971-07-28,-0.190,13188
1971-07-27,-0.220,13213
1971-07-26,-0.165,13242
1971-07-23,-0.253,13264
1971-07-22,-0.438,13297
1971-07-21,0.024,13356
1971-07-20,0.153,13353
1971-07-19,-0.321,13332
1971-07-16,-0.447,13375
1971-07-15,0.087,13435
1971-07-14,0.054,13424
1971-07-13,-0.072,13417
1971-07-12,0.593,13426
1971-07-09,-0.038,13347
1971-07-08,-0.039,13352
1971-07-07,0.182,13357
1971-07-06,0.087,13333
1971-07-02,0.057,13322
1971-07-01,0.119,13314
1971-06-30,-0.196,13298
1971-06-29,-0.296,13324
1971-06-28,-0.200,13364
1971-06-25,-0.138,13391
1971-06-24,-0.042,13409
1971-06-23,0.154,13415
1971-06-22,-0.574,13394
1971-06-21,0.439,13471
1971-06-18,0.355,13412
1971-06-17,0.191,13365
1971-06-16,0.438,13340
1971-06-15,-0.568,13281
1971-06-14,-0.825,13357
1971-06-11,-0.136,13468
1971-06-10,-0.162,13487
1971-06-09,-0.423,13509
1971-06-08,-0.163,13566
1971-06-07,-0.619,13588
1971-06-04,-0.423,13673
1971-06-03,0.208,13731
1971-06-02,0.791,13702
1971-06-01,0.017,13595
1971-05-28,-0.267,13592
1971-05-27,0.186,13629
1971-05-26,0.571,13604
1971-05-25,0.409,13526
1971-05-24,0.244,13471
1971-05-21,-0.394,13438
1971-05-20,0.856,13492
1971-05-19,0.440,13377
1971-05-18,-0.511,13319
1971-05-17,-0.612,13387
1971-05-14,-0.102,13469
1971-05-13,-0.669,13483
1971-05-12,-0.549,13574
1971-05-11,-0.265,13649
1971-05-10,0.283,13685
1971-05-07,0.216,13646
1971-05-06,-0.036,13617
1971-05-05,-0.208,13622
1971-05-04,-0.481,13650
1971-05-03,-0.291,13716
1971-04-30,-0.008,13756
1971-04-29,-0.695,13757
1971-04-28,0.121,13854
1971-04-27,-0.045,13837
1971-04-26,0.019,13843
1971-04-23,0.088,13840
1971-04-22,0.254,13828
1971-04-21,-0.360,13793
1971-04-20,-0.559,13843
1971-04-19,-0.367,13921
1971-04-16,-0.108,13972
1971-04-15,-0.139,13987
1971-04-14,-0.338,14007
1971-04-13,0.259,14054
1971-04-12,-0.799,14018
1971-04-08,-0.517,14131
1971-04-07,0.049,14204
1971-04-06,0.254,14198
1971-04-05,-0.348,14162
1971-04-02,-0.283,14211
1971-04-01,-0.481,14251
1971-03-31,-0.141,14320
1971-03-30,0.288,14340
1971-03-29,-0.443,14299
1971-03-26,-0.413,14363
1971-03-25,-0.180,14422
1971-03-24,-0.177,14449
1971-03-23,0.149,14474
1971-03-22,0.588,14453
1971-03-19,0.149,14368
1971-03-18,0.457,14347
1971-03-17,0.418,14281
1971-03-16,0.192,14222
1971-03-15,0.226,14195
1971-03-12,-0.277,14163
1971-03-11,0.785,14202
1971-03-10,0.578,14091
1971-03-09,0.649,14010
1971-03-08,0.321,13920
1971-03-05,0.156,13876
1971-03-04,0.061,13854
1971-03-03,0.252,13846
1971-03-02,0.153,13811
1971-03-01,0.122,13790
1971-02-26,-0.167,13773
1971-02-25,0.283,13796
1971-02-24,0.191,13757
1971-02-23,-0.133,13731
1971-02-22,-0.167,13749
1971-02-19,0.167,13772
1971-02-18,0.333,13749
1971-02-17,0.264,13703
1971-02-16,0.035,13667
1971-02-12,0.024,13663
1971-02-11,0.092,13659
1971-02-10,-0.006,13647
1971-02-09,0.187,13648
1971-02-08,0.122,13622
1971-02-05,0.058,13605
1971-02-04,0.054,13598
1971-02-03,0.024,13590
1971-02-02,-0.037,13587
1971-02-01,-0.010,13592
1971-01-29,-0.041,13593
1971-01-28,0.088,13599
1971-01-27,-0.071,13587
1971-01-26,-0.139,13597
1971-01-25,0.054,13616
1971-01-22,0.115,13608
1971-01-21,0.445,13593
1971-01-20,0.119,13532
1971-01-19,-0.040,13516
1971-01-18,0.342,13522
1971-01-15,-0.009,13476
1971-01-14,0.440,13477
1971-01-13,0.376,13418
1971-01-12,0.281,13367
1971-01-11,0.345,13330
1971-01-08,0.056,13284
1971-01-07,0.086,13277
1971-01-06,0.026,13265
1971-01-05,-0.205,13262
1971-01-04,0.080,13289
1970-12-31,0.091,13278
1970-12-30,0.312,13266
1970-12-29,-0.099,13225
1970-12-28,-0.036,13238
1970-12-24,0.416,13243
1970-12-23,-0.123,13188
1970-12-22,-0.351,13204
1970-12-21,-0.637,13251
1970-12-18,-0.200,13336
1970-12-17,-0.038,13362
1970-12-16,0.059,13367
1970-12-15,-0.200,13360
1970-12-14,0.278,13386
1970-12-11,0.252,13349
1970-12-10,0.059,13316
1970-12-09,-0.260,13308
1970-12-08,-0.103,13342
1970-12-07,-0.325,13356
1970-12-04,0.633,13400
1970-12-03,0.699,13315
1970-12-02,0.472,13223
1970-12-01,0.090,13161
1970-11-30,-0.037,13149
1970-11-27,-0.007,13154
1970-11-25,-0.031,13155
1970-11-24,-0.800,13159
1970-11-23,0.980,13265
1970-11-20,1.550,13136
1970-11-19,0.907,12936
1970-11-18,0.498,12820
1970-11-17,0.280,12756
1970-11-16,0.375,12720
1970-11-13,0.214,12673
1970-11-12,0.214,12646
1970-11-11,0.028,12619
1970-11-10,-0.070,12615
1970-11-09,0.553,12624
1970-11-06,0.337,12555
1970-11-05,0.214,12513
1970-11-04,0.026,12486
1970-11-03,0.029,12483
1970-11-02,0.551,12479
1970-10-30,-0.061,12411
1970-10-29,0.524,12418
1970-10-28,0.274,12354
1970-10-27,0.216,12320
1970-10-26,0.094,12293
1970-10-23,0.183,12282
1970-10-22,-0.118,12259
1970-10-21,-0.244,12274
1970-10-20,-0.029,12304
1970-10-19,-0.184,12307
1970-10-16,-0.065,12330
1970-10-15,-0.004,12338
1970-10-14,-0.246,12339
1970-10-13,0.028,12369
1970-10-12,0.028,12366
1970-10-09,0.028,12362
1970-10-08,-0.095,12359
1970-10-07,0.122,12370
1970-10-06,0.151,12355
1970-10-05,0.028,12337
1970-10-02,0.180,12333
1970-10-01,0.028,12311
1970-09-30,0.057,12308
1970-09-29,0.057,12301
1970-09-28,-0.155,12294
1970-09-25,-0.094,12313
1970-09-24,-0.127,12325
1970-09-23,0.339,12340
1970-09-22,0.122,12299
1970-09-21,0.151,12284
1970-09-18,0.057,12265
1970-09-17,0.486,12258
1970-09-16,0.395,12199
1970-09-15,0.151,12151
1970-09-14,0.151,12133
1970-09-11,0.151,12114
1970-09-10,0.151,12096
1970-09-09,-0.246,12078
1970-09-08,-0.153,12108
1970-09-04,0.154,12126
1970-09-03,0.029,12108
1970-09-02,0.000,12104
1970-09-01,0.118,12104
1970-08-31,0.029,12090
1970-08-28,-0.032,12086
1970-08-27,-0.186,12090
1970-08-26,0.090,12113
1970-08-25,0.119,12102
1970-08-24,0.695,12087
1970-08-21,0.272,12004
1970-08-20,0.122,11971
1970-08-19,0.243,11957
1970-08-18,0.211,11928
1970-08-17,-0.148,11903
1970-08-14,-0.355,11920
1970-08-13,-0.028,11963
1970-08-12,-0.029,11966
1970-08-11,-0.054,11970
1970-08-10,-0.243,11976
1970-08-07,-0.062,12005
1970-08-06,-0.033,12013
1970-08-05,-0.062,12017
1970-08-04,-0.034,12024
1970-08-03,-0.034,12028
1970-07-31,0.027,12032
1970-07-30,0.152,12029
1970-07-29,0.116,12011
1970-07-28,-0.245,11997
1970-07-27,-0.159,12026
1970-07-24,-0.191,12046
1970-07-23,0.698,12069
1970-07-22,0.149,11985
1970-07-21,0.088,11967
1970-07-20,-0.097,11957
1970-07-17,-0.008,11968
1970-07-16,0.210,11969
1970-07-15,0.303,11944
1970-07-14,0.149,11908
1970-07-13,0.032,11890
1970-07-10,-0.211,11886
1970-07-09,0.028,11911
1970-07-08,-0.122,11908
1970-07-07,0.146,11923
1970-07-06,0.264,11905
1970-07-02,0.478,11874
1970-07-01,0.270,11818
1970-06-30,0.321,11786
1970-06-29,0.182,11748
1970-06-26,-0.090,11727
1970-06-25,0.036,11737
1970-06-24,0.235,11733
1970-06-23,0.355,11706
1970-06-22,0.302,11664
1970-06-19,0.062,11629
1970-06-18,0.062,11622
1970-06-17,-0.243,11615
1970-06-16,0.595,11643
1970-06-15,0.031,11574
1970-06-12,-0.390,11570
1970-06-11,-0.300,11616
1970-06-10,0.154,11651
1970-06-09,0.122,11633
1970-06-08,0.034,11618
1970-06-05,-0.575,11614
1970-06-04,-0.210,11682
1970-06-03,0.088,11706
1970-06-02,0.234,11696
1970-06-01,0.630,11669
1970-05-29,0.275,11596
1970-05-28,0.334,11564
1970-05-27,1.194,11525
1970-05-26,-0.163,11389
1970-05-25,-0.761,11408
1970-05-22,-0.443,11495
1970-05-21,-0.206,11547
1970-05-20,-0.301,11570
1970-05-19,0.062,11605
1970-05-18,0.210,11598
1970-05-15,0.241,11574
1970-05-14,-0.061,11546
1970-05-13,0.002,11553
1970-05-12,-0.090,11553
1970-05-11,-0.273,11563
1970-05-08,0.333,11595
1970-05-07,0.333,11556
1970-05-06,0.294,11518
1970-05-05,0.150,11484
1970-05-04,-0.381,11467
1970-05-01,-0.118,11511
1970-04-30,-0.336,11525
1970-04-29,0.058,11564
1970-04-28,-0.144,11557
1970-04-27,-0.249,11573
1970-04-24,-0.579,11602
1970-04-23,-0.120,11670
1970-04-22,-0.668,11684
1970-04-21,-0.304,11763
1970-04-20,-0.183,11798
1970-04-17,-0.209,11820
1970-04-16,-0.432,11845
1970-04-15,-0.279,11896
1970-04-14,-0.063,11929
1970-04-13,-0.222,11937
1970-04-10,0.057,11963
1970-04-09,-0.002,11957
1970-04-08,0.186,11957
1970-04-07,-0.002,11935
1970-04-06,-0.255,11935
1970-04-03,-0.310,11965
1970-04-02,-0.285,12003
1970-04-01,0.372,12037
1970-03-31,-0.158,11992
1970-03-30,-0.471,12011
1970-03-26,-0.228,12068
1970-03-25,0.334,12096
1970-03-24,0.279,12055
1970-03-23,0.154,12022
1970-03-20,0.154,12003
1970-03-19,1.324,11985
1970-03-18,0.453,11828
1970-03-17,-0.737,11775
1970-03-16,-0.066,11862
1970-03-13,-0.435,11870
1970-03-12,-0.313,11922
1970-03-11,-0.470,11959
1970-03-10,-0.152,12016
1970-03-09,-0.094,12034
1970-03-06,0.380,12045
1970-03-05,0.095,12000
1970-03-04,0.280,11989
1970-03-03,-0.157,11955
1970-03-02,-0.317,11974
1970-02-27,0.306,12012
1970-02-26,0.709,11975
1970-02-25,0.674,11891
1970-02-24,-0.097,11811
1970-02-20,-0.126,11823
1970-02-19,0.275,11838
1970-02-18,0.274,11805
1970-02-17,0.245,11773
1970-02-16,-0.033,11744
1970-02-13,1.159,11748
1970-02-12,0.025,11614
1970-02-11,-0.003,11611
1970-02-10,-0.218,11611
1970-02-09,0.480,11636
1970-02-06,0.476,11581
1970-02-05,0.137,11526
1970-02-04,0.320,11510
1970-02-03,0.355,11474
1970-02-02,0.567,11433
1970-01-30,0.086,11369
1970-01-29,-0.517,11359
1970-01-28,-0.066,11418
1970-01-27,0.026,11425
1970-01-26,-0.091,11422
1970-01-23,-0.186,11433
1970-01-22,0.087,11454
1970-01-21,0.116,11444
1970-01-20,-0.246,11431
1970-01-19,0.266,11459
1970-01-16,0.635,11429
1970-01-15,0.060,11357
1970-01-14,-0.269,11350
1970-01-13,0.092,11380
1970-01-12,0.209,11370
1970-01-09,0.506,11346
1970-01-08,0.244,11289
1970-01-07,-0.305,11262
1970-01-06,-0.510,11296
1970-01-05,-0.056,11354
1970-01-02,0.185,11360
1969-12-31,0.416,11339
1969-12-30,0.482,11292
1969-12-29,-0.917,11238
1969-12-26,0.217,11342
1969-12-24,-0.357,11318
1969-12-23,-0.266,11358
1969-12-22,0.245,11389
1969-12-19,0.184,11361
1969-12-18,-0.174,11340
1969-12-17,-0.146,11360
1969-12-16,-0.545,11376
1969-12-15,-0.087,11439
1969-12-12,0.216,11449
1969-12-11,-0.120,11424
1969-12-10,-0.452,11438
1969-12-09,-0.579,11489
1969-12-08,-0.244,11556
1969-12-05,-0.035,11585
1969-12-04,0.177,11589
1969-12-03,-0.280,11568
1969-12-02,-0.306,11601
1969-12-01,0.159,11636
1969-11-28,0.252,11618
1969-11-26,-0.094,11589
1969-11-25,0.064,11600
1969-11-24,0.186,11592
1969-11-21,0.180,11571
1969-11-20,-0.404,11550
1969-11-19,-0.027,11597
1969-11-18,-0.525,11600
1969-11-17,-0.378,11661
1969-11-14,0.340,11705
1969-11-13,-0.440,11666
1969-11-12,-0.308,11717
1969-11-11,0.027,11754
1969-11-10,0.092,11750
1969-11-07,0.151,11740
1969-11-06,-0.286,11722
1969-11-05,-0.342,11756
1969-11-04,0.026,11796
1969-11-03,0.242,11793
1969-10-31,0.053,11764
1969-10-30,0.243,11758
1969-10-29,0.060,11730
1969-10-28,-0.276,11723
1969-10-27,-0.095,11755
1969-10-24,0.026,11766
1969-10-23,-0.498,11763
1969-10-22,-0.195,11822
1969-10-21,0.433,11845
1969-10-20,1.056,11794
1969-10-17,0.466,11671
1969-10-16,0.617,11617
1969-10-15,-0.129,11545
1969-10-14,0.894,11560
1969-10-13,0.026,11458
1969-10-10,0.548,11455
1969-10-09,-0.035,11393
1969-10-08,0.245,11396
1969-10-07,0.174,11369
1969-10-06,0.241,11349
1969-10-03,0.420,11322
1969-10-02,0.483,11274
1969-10-01,-0.097,11220
1969-09-30,-0.304,11231
1969-09-29,-0.276,11265
1969-09-26,-0.549,11296
1969-09-25,-0.125,11359
1969-09-24,-0.067,11373
1969-09-23,0.058,11381
1969-09-22,0.084,11374
1969-09-19,-0.067,11364
1969-09-18,-0.832,11372
1969-09-17,-0.039,11468
1969-09-16,-0.249,11472
1969-09-15,-0.036,11501
1969-09-12,-0.191,11505
1969-09-11,-0.224,11527
1969-09-10,0.149,11553
1969-09-09,-0.003,11535
1969-09-08,-0.286,11536
1969-09-05,-0.192,11569
1969-09-04,-0.066,11591
1969-09-03,-0.408,11599
1969-09-02,-0.256,11646
1969-08-29,0.025,11676
1969-08-28,-0.257,11673
1969-08-27,-0.162,11703
1969-08-26,-0.258,11722
1969-08-25,-0.104,11753
1969-08-22,-0.163,11765
1969-08-21,-0.100,11784
1969-08-20,-0.038,11796
1969-08-19,0.088,11800
1969-08-18,0.184,11790
1969-08-15,-0.008,11768
1969-08-14,0.150,11769
1969-08-13,0.025,11752
1969-08-12,-0.071,11749
1969-08-11,-0.321,11757
1969-08-08,-0.104,11795
1969-08-07,-0.038,11807
1969-08-06,-0.134,11812
1969-08-05,0.181,11828
1969-08-04,0.247,11806
1969-08-01,0.025,11777
1969-07-31,0.469,11774
1969-07-30,0.058,11719
1969-07-29,0.121,11712
1969-07-28,-0.133,11698
1969-07-25,-0.037,11714
1969-07-24,-0.100,11718
1969-07-23,-0.100,11730
1969-07-22,0.210,11742
1969-07-18,-0.070,11717
1969-07-17,-0.001,11725
1969-07-16,0.339,11725
1969-07-15,-0.163,11686
1969-07-14,-0.321,11705
1969-07-11,0.938,11742
1969-07-10,0.276,11633
1969-07-09,-0.161,11601
1969-07-08,-0.096,11620
1969-07-07,-0.037,11631
1969-07-03,0.216,11636
1969-07-02,-0.067,11611
1969-07-01,-0.116,11618
1969-06-30,-0.462,11632
1969-06-27,-0.226,11686
1969-06-26,0.088,11712
1969-06-25,-0.025,11702
1969-06-24,-0.180,11705
1969-06-23,-0.055,11726
1969-06-20,-0.101,11733
1969-06-19,-0.261,11744
1969-06-18,-0.022,11775
1969-06-17,-0.182,11778
1969-06-16,0.151,11799
1969-06-13,0.231,11781
1969-06-12,0.167,11754
1969-06-11,0.008,11735
1969-06-10,0.230,11734
1969-06-09,-0.433,11707
1969-06-06,0.134,11758
1969-06-05,0.151,11742
1969-06-04,-0.055,11724
1969-06-03,0.071,11730
1969-06-02,0.025,11722
1969-05-29,0.008,11719
1969-05-28,-0.085,11718
1969-05-27,-0.523,11728
1969-05-26,-0.306,11790
1969-05-23,-0.120,11826
1969-05-22,0.007,11840
1969-05-21,0.057,11839
1969-05-20,0.040,11833
1969-05-19,-0.277,11828
1969-05-16,-0.295,11861
1969-05-15,-0.121,11896
1969-05-14,0.121,11910
1969-05-13,0.168,11896
1969-05-12,-0.232,11876
1969-05-09,-0.152,11904
1969-05-08,0.134,11922
1969-05-07,0.006,11906
1969-05-06,-0.135,11905
1969-05-05,0.211,11921
1969-05-02,0.134,11896
1969-05-01,-0.363,11880
1969-04-30,0.087,11923
1969-04-29,-0.138,11913
1969-04-28,-0.233,11929
1969-04-25,-0.041,11957
1969-04-24,-0.122,11962
1969-04-23,0.023,11977
1969-04-22,0.151,11974
1969-04-21,0.151,11956
1969-04-18,-0.169,11938
1969-04-17,-0.169,11958
1969-04-16,0.104,11978
1969-04-15,-0.315,11966
1969-04-14,0.551,12004
1969-04-11,0.182,11938
1969-04-10,0.054,11916
1969-04-09,0.425,11910
1969-04-08,0.232,11859
1969-04-07,-0.121,11832
1969-04-03,-0.057,11846
1969-04-02,0.024,11853
1969-04-01,0.327,11850
1969-03-28,0.199,11812
1969-03-27,-0.039,11788
1969-03-26,-0.053,11793
1969-03-25,-0.120,11799
1969-03-24,0.105,11813
1969-03-21,0.152,11801
1969-03-20,0.088,11783
1969-03-19,0.232,11773
1969-03-18,0.024,11745
1969-03-17,-0.247,11743
1969-03-14,0.121,11772
1969-03-13,-0.023,11757
1969-03-12,0.027,11760
1969-03-11,-0.117,11757
1969-03-10,0.023,11771
1969-03-07,-0.024,11768
1969-03-06,-0.104,11771
1969-03-05,0.006,11783
1969-03-04,0.121,11782
1969-03-03,0.054,11768
1969-02-28,0.087,11762
1969-02-27,-0.201,11751
1969-02-26,-0.010,11775
1969-02-25,-0.121,11776
1969-02-24,0.104,11791
1969-02-20,-0.135,11778
1969-02-19,-0.199,11794
1969-02-18,-0.105,11818
1969-02-17,-0.169,11830
1969-02-14,-0.106,11850
1969-02-13,0.070,11863
1969-02-12,0.023,11854
1969-02-11,0.263,11852
1969-02-07,0.374,11821
1969-02-06,-0.057,11777
1969-02-05,0.037,11783
1969-02-04,0.152,11779
1969-02-03,-0.151,11761
1969-01-31,-0.246,11779
1969-01-30,-0.281,11808
1969-01-29,-0.200,11841
1969-01-28,-0.106,11865
1969-01-27,-0.089,11878
1969-01-24,0.104,11888
1969-01-23,0.070,11876
1969-01-22,-0.364,11868
1969-01-21,-0.141,11911
1969-01-20,0.169,11928
1969-01-17,0.019,11908
1969-01-16,0.349,11906
1969-01-15,0.253,11864
1969-01-14,0.073,11834
1969-01-13,0.009,11826
1969-01-10,0.103,11825
1969-01-09,0.327,11812
1969-01-08,0.343,11774
1969-01-07,-0.601,11734
1969-01-06,-0.222,11805
1969-01-03,0.181,11831
1969-01-02,0.659,11809
1968-12-31,0.310,11732
1968-12-30,-0.091,11696
1968-12-27,-0.185,11707
1968-12-26,0.597,11728
1968-12-24,-0.198,11659
1968-12-23,-0.535,11682
1968-12-20,-0.426,11745
1968-12-19,-0.638,11795
1968-12-17,-0.042,11871
1968-12-16,-0.171,11876
1968-12-13,0.121,11896
1968-12-12,-0.042,11882
1968-12-10,-0.076,11887
1968-12-09,-0.093,11896
1968-12-06,0.135,11907
1968-12-05,0.132,11891
1968-12-03,-0.498,11875
1968-12-02,-0.726,11934
1968-11-29,-0.091,12022
1968-11-27,0.022,12033
1968-11-26,-0.043,12030
1968-11-25,-0.043,12035
1968-11-22,-0.043,12040
1968-11-21,0.105,12045
1968-11-19,-0.156,12033
1968-11-18,-0.157,12052
1968-11-15,-0.126,12071
1968-11-14,0.022,12086
1968-11-13,0.170,12083
1968-11-12,-0.157,12063
1968-11-08,-0.127,12082
1968-11-07,-0.061,12097
1968-11-06,0.088,12104
1968-11-04,-0.144,12094
1968-11-01,0.039,12111
1968-10-31,0.122,12106
1968-10-29,-0.061,12092
1968-10-28,-0.027,12099
1968-10-25,0.105,12102
1968-10-24,-0.193,12090
1968-10-22,0.022,12113
1968-10-21,-0.079,12110
1968-10-18,0.070,12120
1968-10-17,0.482,12111
1968-10-15,-0.175,12053
1968-10-14,-0.061,12074
1968-10-11,0.057,12082
1968-10-10,-0.189,12075
1968-10-08,-0.110,12098
1968-10-07,-0.193,12111
1968-10-04,-0.093,12135
1968-10-03,-0.045,12146
1968-10-01,0.021,12151
1968-09-30,-0.159,12149
1968-09-27,-0.045,12168
1968-09-26,-0.045,12174
1968-09-24,0.105,12179
1968-09-23,0.021,12166
1968-09-20,-0.129,12164
1968-09-19,0.237,12179
1968-09-17,0.038,12151
1968-09-16,0.136,12146
1968-09-13,0.122,12130
1968-09-12,0.153,12115
1968-09-10,-0.111,12096
1968-09-09,-0.045,12110
1968-09-06,-0.111,12115
1968-09-05,-0.177,12129
1968-09-04,-0.077,12150
1968-09-03,0.104,12159
1968-08-30,0.087,12147
1968-08-29,0.202,12136
1968-08-27,0.021,12112
1968-08-26,0.087,12109
1968-08-23,0.219,12099
1968-08-22,-0.406,12072
1968-08-20,0.003,12122
1968-08-19,-0.028,12121
1968-08-16,0.219,12125
1968-08-15,-0.077,12098
1968-08-13,-0.028,12107
1968-08-12,-0.213,12111
1968-08-09,-0.095,12137
1968-08-08,0.139,12148
1968-08-06,-0.063,12131
1968-08-05,-0.213,12139
1968-08-02,0.286,12165
1968-08-01,0.271,12130
1968-07-30,0.020,12097
1968-07-29,-0.129,12095
1968-07-26,-0.147,12111
1968-07-25,0.017,12128
1968-07-23,0.432,12126
1968-07-22,0.567,12074
1968-07-19,0.271,12006
1968-07-18,0.174,11974
1968-07-16,-0.027,11953
1968-07-15,-0.176,11956
1968-07-12,-0.028,11977
1968-07-11,-0.097,11981
1968-07-09,0.187,11992
1968-07-08,0.319,11970
1968-07-03,0.104,11932
1968-07-02,0.283,11919
1968-07-01,0.152,11886
1968-06-28,0.104,11868
1968-06-27,-0.027,11855
1968-06-25,-0.193,11859
1968-06-24,-0.079,11882
1968-06-21,0.100,11891
1968-06-20,0.611,11879
1968-06-18,0.004,11807
1968-06-17,0.087,11806
1968-06-14,0.317,11796
1968-06-13,0.217,11759
1968-06-11,0.087,11733
1968-06-10,0.135,11723
1968-06-07,0.104,11707
1968-06-06,-0.091,11695
1968-06-05,-0.190,11706
1968-06-04,0.087,11728
1968-06-03,0.460,11718
1968-05-31,0.641,11664
1968-05-29,-0.059,11590
1968-05-28,-0.141,11597
1968-05-27,0.316,11613
1968-05-24,0.203,11577
1968-05-23,0.332,11553
1968-05-22,0.039,11515
1968-05-21,-0.364,11510
1968-05-20,-0.236,11553
1968-05-17,-0.141,11580
1968-05-16,-0.302,11596
1968-05-15,-0.156,11631
1968-05-14,-0.173,11650
1968-05-13,0.022,11670
1968-05-10,0.022,11667
1968-05-09,0.104,11665
1968-05-08,-0.061,11653
1968-05-07,-0.009,11660
1968-05-06,0.169,11661
1968-05-03,-0.273,11641
1968-05-02,-0.174,11673
1968-05-01,0.138,11693
1968-04-30,-0.027,11677
1968-04-29,-0.281,11680
1968-04-26,0.087,11713
1968-04-25,0.004,11703
1968-04-24,0.070,11703
1968-04-23,0.417,11694
1968-04-22,-0.126,11646
1968-04-19,-0.863,11661
1968-04-18,-0.161,11762
1968-04-17,0.004,11781
1968-04-16,-0.144,11781
1968-04-15,-0.425,11798
1968-04-11,-0.114,11848
1968-04-10,0.088,11861
1968-04-08,-0.093,11851
1968-04-05,0.004,11862
1968-04-04,-0.194,11862
1968-04-03,0.915,11885
1968-04-02,0.222,11777
1968-04-01,0.809,11751
1968-03-29,0.170,11656
1968-03-28,-0.012,11637
1968-03-27,0.040,11638
1968-03-26,-0.239,11633
1968-03-25,0.022,11661
1968-03-22,0.187,11659
1968-03-21,-0.242,11637
1968-03-20,0.335,11665
1968-03-19,-0.026,11626
1968-03-18,0.579,11629
1968-03-15,0.755,11562
1968-03-14,-0.577,11476
1968-03-13,-0.449,11542
1968-03-12,-0.238,11594
1968-03-11,0.022,11622
1968-03-08,-0.483,11620
1968-03-07,-0.406,11676
1968-03-06,-0.110,11723
1968-03-05,-0.110,11736
1968-03-04,-0.062,11749
1968-03-01,0.021,11757
1968-02-29,0.087,11754
1968-02-28,0.105,11744
1968-02-27,0.039,11731
1968-02-26,-0.127,11727
1968-02-23,-0.128,11742
1968-02-21,0.021,11757
1968-02-20,-0.045,11754
1968-02-19,-0.211,11760
1968-02-16,0.139,11784
1968-02-15,0.219,11768
1968-02-14,0.104,11742
1968-02-13,0.302,11730
1968-02-09,0.104,11695
1968-02-08,-0.062,11683
1968-02-07,0.153,11690
1968-02-06,-0.044,11672
1968-02-05,-0.144,11677
1968-02-02,0.021,11694
1968-02-01,-0.259,11692
1968-01-31,-0.027,11722
1968-01-30,0.004,11725
1968-01-29,0.039,11725
1968-01-26,-0.079,11720
1968-01-25,0.320,11729
1968-01-24,-0.013,11692
1968-01-23,0.351,11694
1968-01-22,-0.110,11653
1968-01-19,-0.241,11665
1968-01-18,-0.474,11694
1968-01-17,0.303,11749
1968-01-16,-0.194,11714
1968-01-15,-0.357,11737
1968-01-12,0.185,11779
1968-01-11,0.056,11757
1968-01-10,0.470,11750
1968-01-09,-0.093,11696
1968-01-08,-0.128,11706
1968-01-05,0.237,11721
1968-01-04,0.830,11694
1968-01-03,0.039,11598
1968-01-02,0.532,11593
1967-12-29,0.039,11532
1967-12-28,-0.422,11527
1967-12-27,0.022,11576
1967-12-26,0.332,11574
1967-12-22,-0.288,11535
1967-12-21,-0.144,11569
1967-12-20,0.284,11585
1967-12-19,0.204,11553
1967-12-18,0.235,11529
1967-12-15,-0.061,11502
1967-12-14,0.018,11509
1967-12-13,0.335,11507
1967-12-12,-0.026,11468
1967-12-11,-0.126,11471
1967-12-08,-0.061,11486
1967-12-07,-0.143,11493
1967-12-06,0.349,11509
1967-12-05,0.170,11469
1967-12-04,0.153,11450
1967-12-01,-0.256,11432
1967-11-30,-0.452,11462
1967-11-29,-0.144,11514
1967-11-28,0.778,11530
1967-11-27,0.118,11441
1967-11-24,-0.534,11428
1967-11-22,0.139,11489
1967-11-21,0.955,11473
1967-11-20,-0.713,11365
1967-11-17,-0.191,11446
1967-11-16,0.484,11468
1967-11-15,0.218,11413
1967-11-14,0.482,11388
1967-11-13,-0.237,11334
1967-11-10,-0.286,11360
1967-11-09,-0.204,11393
1967-11-08,0.201,11416
1967-11-06,-0.126,11394
1967-11-03,-0.239,11408
1967-11-02,-0.026,11435
1967-11-01,-0.336,11438
1967-10-31,-0.258,11477
1967-10-30,-0.176,11506
1967-10-27,0.087,11527
1967-10-26,-0.062,11517
1967-10-25,-0.027,11524
1967-10-24,-0.013,11527
1967-10-23,-0.242,11529
1967-10-20,0.104,11556
1967-10-19,-0.010,11544
1967-10-18,-0.107,11546
1967-10-17,-0.094,11558
1967-10-16,-0.146,11569
1967-10-13,-0.178,11586
1967-10-12,0.020,11606
1967-10-11,0.003,11604
1967-10-10,-0.178,11604
1967-10-09,-0.095,11624
1967-10-06,0.003,11635
1967-10-05,0.020,11635
1967-10-04,-0.130,11633
1967-10-03,0.003,11648
1967-10-02,-0.263,11647
1967-09-29,0.370,11678
1967-09-28,0.122,11635
1967-09-27,0.020,11621
1967-09-26,0.087,11619
1967-09-25,-0.112,11609
1967-09-22,0.003,11622
1967-09-21,-0.112,11621
1967-09-20,0.139,11634
1967-09-19,-0.311,11618
1967-09-18,-0.064,11654
1967-09-15,-0.047,11662
1967-09-14,-0.064,11667
1967-09-13,0.170,11675
1967-09-12,-0.064,11655
1967-09-11,-0.096,11663
1967-09-08,-0.397,11674
1967-09-07,-0.016,11720
1967-09-06,0.136,11722
1967-09-05,0.220,11706
1967-09-01,0.153,11680
1967-08-31,0.069,11663
1967-08-30,-0.064,11655
1967-08-29,0.153,11662
1967-08-28,0.237,11644
1967-08-25,-0.046,11617
1967-08-24,0.073,11622
1967-08-23,-0.064,11614
1967-08-22,0.003,11621
1967-08-21,-0.130,11621
1967-08-18,-0.015,11636
1967-08-17,0.003,11638
1967-08-16,0.069,11637
1967-08-15,0.038,11629
1967-08-14,0.020,11625
1967-08-11,-0.064,11622
1967-08-10,-0.064,11630
1967-08-09,0.087,11637
1967-08-08,0.153,11627
1967-08-07,-0.281,11609
1967-08-04,-0.380,11642
1967-08-03,0.122,11686
1967-08-02,-0.198,11672
1967-08-01,-0.184,11695
1967-07-31,0.136,11717
1967-07-28,0.189,11701
1967-07-27,0.256,11679
1967-07-26,0.126,11649
1967-07-25,0.073,11634
1967-07-24,-0.233,11626
1967-07-21,0.020,11653
1967-07-20,-0.131,11651
1967-07-19,-0.114,11666
1967-07-18,-0.396,11679
1967-07-17,-0.030,11726
1967-07-14,0.019,11729
1967-07-13,-0.080,11727
1967-07-12,0.273,11736
1967-07-11,0.488,11704
1967-07-10,-0.012,11648
1967-07-07,-0.266,11649
1967-07-06,0.386,11680
1967-07-05,0.389,11635
1967-07-03,0.002,11590
1967-06-30,-0.219,11590
1967-06-29,-0.149,11615
1967-06-28,0.185,11633
1967-06-27,-0.331,11611
1967-06-26,-0.132,11650
1967-06-23,-0.082,11665
1967-06-22,0.104,11675
1967-06-21,0.073,11663
1967-06-20,-0.449,11654
1967-06-19,0.019,11707
1967-06-16,-0.369,11704
1967-06-15,0.019,11748
1967-06-14,-0.505,11746
1967-06-13,-0.084,11805
1967-06-12,-0.319,11815
1967-06-09,-0.202,11853
1967-06-08,-0.135,11877
1967-06-07,0.019,11893
1967-06-06,0.051,11891
1967-06-05,-0.185,11885
1967-06-02,-0.049,11907
1967-06-01,0.019,11912
1967-05-31,0.205,11910
1967-05-29,0.191,11886
1967-05-26,0.372,11863
1967-05-25,0.105,11819
1967-05-24,0.105,11807
1967-05-23,-0.034,11794
1967-05-22,-0.301,11798
1967-05-19,-0.084,11834
1967-05-18,0.037,11844
1967-05-17,-0.031,11840
1967-05-16,-0.102,11843
1967-05-15,-0.252,11855
1967-05-12,0.173,11885
1967-05-11,0.241,11865
1967-05-10,0.055,11836
1967-05-09,-0.199,11830
1967-05-08,-0.353,11853
1967-05-05,-0.085,11895
1967-05-04,-0.050,11905
1967-05-03,0.019,11911
1967-05-02,0.155,11909
1967-05-01,0.105,11891
1967-04-28,-0.322,11878
1967-04-27,-0.053,11917
1967-04-26,-0.118,11923
1967-04-25,-0.186,11937
1967-04-24,-0.154,11959
1967-04-21,-0.169,11978
1967-04-20,0.018,11998
1967-04-19,0.072,11996
1967-04-18,-0.101,11987
1967-04-17,-0.325,11999
1967-04-14,-0.101,12038
1967-04-13,-0.225,12051
1967-04-12,-0.019,12078
1967-04-11,-0.087,12080
1967-04-10,-0.084,12091
1967-04-07,0.105,12101
1967-04-06,0.123,12088
1967-04-05,-0.051,12073
1967-04-04,0.068,12079
1967-04-03,0.018,12071
1967-03-31,0.054,12069
1967-03-30,0.192,12063
1967-03-29,0.018,12039
1967-03-28,0.054,12037
1967-03-27,-0.138,12031
1967-03-23,0.173,12048
1967-03-22,-0.051,12027
1967-03-21,-0.377,12033
1967-03-20,0.173,12078
1967-03-17,-0.139,12058
1967-03-16,0.348,12074
1967-03-15,0.329,12033
1967-03-14,0.205,11993
1967-03-13,0.137,11969
1967-03-10,-0.033,11952
1967-03-09,0.274,11956
1967-03-08,-0.051,11924
1967-03-07,0.068,11930
1967-03-06,0.068,11921
1967-03-03,0.104,11913
1967-03-02,0.277,11901
1967-03-01,0.464,11868
1967-02-28,0.018,11813
1967-02-27,0.086,11811
1967-02-24,0.140,11801
1967-02-23,-0.168,11785
1967-02-21,-0.050,11804
1967-02-20,-0.101,11810
1967-02-17,-0.051,11822
1967-02-16,0.118,11828
1967-02-15,-0.305,11814
1967-02-14,-0.270,11851
1967-02-13,0.017,11883
1967-02-10,-0.394,11881
1967-02-09,0.085,11928
1967-02-08,0.035,11917
1967-02-07,-0.070,11913
1967-02-06,-0.034,11922
1967-02-03,-0.052,11926
1967-02-02,0.122,11932
1967-02-01,-0.001,11917
1967-01-31,-0.294,11918
1967-01-30,-0.034,11953
1967-01-27,0.205,11957
1967-01-26,0.823,11932
1967-01-25,0.186,11835
1967-01-24,-0.324,11813
1967-01-23,0.017,11851
1967-01-20,-0.102,11849
1967-01-19,-0.325,11861
1967-01-18,-0.138,11900
1967-01-17,-0.102,11917
1967-01-16,0.227,11929
1967-01-13,0.291,11902
1967-01-12,-0.052,11867
1967-01-11,0.991,11873
1967-01-10,0.136,11757
1967-01-09,-0.441,11741
1967-01-06,-0.051,11793
1967-01-05,0.208,11799
1967-01-04,0.290,11774
1967-01-03,-0.305,11740
1966-12-30,0.118,11776
1966-12-29,-0.155,11763
1966-12-28,0.567,11781
1966-12-27,-0.237,11714
1966-12-23,0.085,11742
1966-12-22,-0.101,11732
1966-12-21,0.186,11744
1966-12-20,0.186,11722
1966-12-19,0.426,11701
1966-12-16,-0.100,11651
1966-12-15,0.583,11663
1966-12-14,0.203,11595
1966-12-13,0.456,11572
1966-12-12,0.757,11519
1966-12-09,0.372,11433
1966-12-08,-0.164,11390
1966-12-07,0.072,11409
1966-12-06,-0.048,11401
1966-12-05,-0.165,11406
1966-12-02,0.368,11425
1966-12-01,0.220,11383
1966-11-30,0.220,11358
1966-11-29,0.286,11333
1966-11-28,0.286,11301
1966-11-25,-0.030,11269
1966-11-23,-0.096,11272
1966-11-22,-0.163,11283
1966-11-21,0.353,11301
1966-11-18,0.086,11262
1966-11-17,-0.030,11252
1966-11-16,-0.047,11255
1966-11-15,-0.079,11261
1966-11-14,-0.114,11269
1966-11-11,0.019,11282
1966-11-10,-0.297,11280
1966-11-09,-0.013,11314
1966-11-07,0.036,11315
1966-11-04,-0.298,11311
1966-11-03,-0.098,11345
1966-11-02,-0.335,11356
1966-11-01,-0.152,11394
1966-10-31,0.018,11412
1966-10-28,0.223,11410
1966-10-27,-0.148,11384
1966-10-26,-0.135,11401
1966-10-25,-0.000,11416
1966-10-24,0.018,11416
1966-10-21,0.503,11414
1966-10-20,-0.134,11357
1966-10-19,-0.049,11373
1966-10-18,0.301,11378
1966-10-17,0.170,11344
1966-10-14,0.068,11325
1966-10-13,-0.080,11317
1966-10-12,0.018,11326
1966-10-11,0.036,11324
1966-10-10,-0.200,11320
1966-10-07,0.032,11343
1966-10-06,0.170,11339
1966-10-05,0.156,11320
1966-10-04,0.205,11302
1966-10-03,-0.330,11279
1966-09-30,-0.289,11316
1966-09-29,0.690,11349
1966-09-28,0.286,11271
1966-09-27,0.303,11239
1966-09-26,0.071,11205
1966-09-23,-0.080,11197
1966-09-22,0.419,11206
1966-09-21,0.435,11159
1966-09-20,0.333,11111
1966-09-19,-0.528,11074
1966-09-16,0.085,11133
1966-09-15,-0.212,11123
1966-09-14,-0.332,11147
1966-09-13,0.169,11184
1966-09-12,-0.031,11165
1966-09-09,0.103,11169
1966-09-08,0.134,11157
1966-09-07,-0.048,11142
1966-09-06,0.250,11148
1966-09-02,0.502,11120
1966-09-01,0.399,11064
1966-08-31,0.900,11020
1966-08-30,0.234,10922
1966-08-29,-0.229,10897
1966-08-26,-0.590,10922
1966-08-25,-0.214,10986
1966-08-24,-0.214,11010
1966-08-23,-0.263,11034
1966-08-22,0.187,11063
1966-08-19,-0.113,11042
1966-08-18,-0.330,11055
1966-08-17,-0.363,11091
1966-08-16,-0.252,11132
1966-08-15,-0.266,11160
1966-08-12,-0.017,11189
1966-08-11,-0.066,11191
1966-08-10,0.001,11199
1966-08-09,-0.115,11199
1966-08-08,-0.031,11211
1966-08-05,-0.017,11215
1966-08-04,-0.031,11217
1966-08-03,-0.133,11220
1966-08-02,0.086,11235
1966-08-01,0.018,11226
1966-07-29,-0.116,11224
1966-07-28,-0.268,11237
1966-07-27,0.001,11267
1966-07-26,0.001,11267
1966-07-25,0.185,11267
1966-07-22,0.118,11246
1966-07-21,-0.116,11233
1966-07-20,0.051,11246
1966-07-19,0.086,11240
1966-07-18,0.355,11230
1966-07-15,0.086,11191
1966-07-14,-0.164,11181
1966-07-13,-0.098,11199
1966-07-12,-0.080,11210
1966-07-11,-0.384,11219
1966-07-08,-0.134,11263
1966-07-07,-0.017,11278
1966-07-06,0.086,11280
1966-07-05,0.203,11270
1966-07-01,-0.116,11247
1966-06-30,-0.471,11260
1966-06-29,-0.014,11313
1966-06-28,-0.352,11315
1966-06-27,-0.203,11355
1966-06-24,-0.239,11378
1966-06-23,-0.014,11405
1966-06-22,-0.050,11407
1966-06-21,0.068,11413
1966-06-20,0.254,11405
1966-06-17,0.068,11376
1966-06-16,-0.028,11368
1966-06-15,0.343,11372
1966-06-14,0.018,11333
1966-06-13,0.036,11331
1966-06-10,0.036,11327
1966-06-09,0.018,11323
1966-06-08,-0.100,11321
1966-06-07,-0.082,11332
1966-06-06,-0.033,11341
1966-06-03,-0.068,11345
1966-06-02,0.171,11353
1966-06-01,0.032,11333
1966-05-31,0.067,11330
1966-05-27,-0.050,11322
1966-05-26,-0.118,11328
1966-05-25,0.050,11341
1966-05-24,-0.154,11336
1966-05-23,-0.154,11353
1966-05-20,-0.018,11371
1966-05-19,-0.018,11373
1966-05-18,0.018,11375
1966-05-17,0.136,11373
1966-05-16,0.018,11357
1966-05-13,0.000,11355
1966-05-12,0.036,11355
1966-05-11,-0.136,11351
1966-05-10,0.018,11366
1966-05-09,0.290,11364
1966-05-06,0.136,11332
1966-05-05,0.000,11316
1966-05-04,0.018,11316
1966-05-03,-0.032,11314
1966-05-02,-0.050,11318
1966-04-29,-0.050,11323
1966-04-28,0.036,11329
1966-04-27,0.086,11325
1966-04-26,-0.068,11315
1966-04-25,-0.050,11323
1966-04-22,0.018,11328
1966-04-21,0.204,11326
1966-04-20,-0.218,11303
1966-04-19,0.036,11328
1966-04-18,0.104,11324
1966-04-15,-0.068,11312
1966-04-14,-0.082,11320
1966-04-13,-0.050,11329
1966-04-12,0.018,11335
1966-04-11,0.018,11333
1966-04-07,-0.154,11331
1966-04-06,-0.287,11348
1966-04-05,0.258,11381
1966-04-04,0.068,11352
1966-04-01,0.122,11344
1966-03-31,-0.086,11330
1966-03-30,0.699,11340
1966-03-29,0.104,11261
1966-03-28,0.104,11250
1966-03-25,-0.407,11238
1966-03-24,-0.258,11284
1966-03-23,0.322,11313
1966-03-22,0.168,11277
1966-03-21,0.240,11258
1966-03-18,0.118,11231
1966-03-17,0.272,11218
1966-03-16,0.069,11187
1966-03-15,0.240,11179
1966-03-14,0.190,11153
1966-03-11,-0.049,11132
1966-03-10,-0.116,11137
1966-03-09,0.001,11150
1966-03-08,0.204,11150
1966-03-07,0.118,11127
1966-03-04,0.154,11114
1966-03-03,0.037,11097
1966-03-02,0.104,11093
1966-03-01,0.087,11081
1966-02-28,-0.246,11072
1966-02-25,-0.233,11099
1966-02-24,-0.013,11125
1966-02-23,0.019,11126
1966-02-21,-0.117,11124
1966-02-18,-0.099,11137
1966-02-17,0.122,11148
1966-02-16,-0.031,11135
1966-02-15,-0.032,11138
1966-02-14,-0.014,11142
1966-02-11,-0.434,11143
1966-02-10,-0.200,11192
1966-02-09,-0.083,11214
1966-02-08,0.103,11224
1966-02-07,-0.155,11212
1966-02-04,-0.033,11230
1966-02-03,0.017,11233
1966-02-02,-0.051,11231
1966-02-01,0.089,11237
1966-01-31,-0.238,11227
1966-01-28,-0.138,11254
1966-01-27,-0.102,11269
1966-01-26,-0.002,11281
1966-01-25,-0.070,11281
1966-01-24,-0.088,11289
1966-01-21,0.049,11299
1966-01-20,0.049,11293
1966-01-19,0.017,11288
1966-01-18,0.035,11286
1966-01-17,-0.120,11282
1966-01-14,-0.088,11296
1966-01-13,-0.120,11306
1966-01-12,0.327,11319
1966-01-11,0.085,11282
1966-01-10,-0.052,11273
1966-01-07,0.035,11279
1966-01-06,0.222,11275
1966-01-05,0.153,11250
1966-01-04,-0.102,11233
1966-01-03,0.117,11244
1965-12-31,-0.156,11231
1965-12-30,-0.087,11248
1965-12-29,-0.069,11258
1965-12-28,0.031,11266
1965-12-27,0.186,11263
1965-12-23,-0.019,11242
1965-12-22,-0.069,11244
1965-12-21,-0.188,11251
1965-12-20,0.291,11273
1965-12-17,0.086,11240
1965-12-16,0.086,11230
1965-12-15,0.017,11221
1965-12-14,-0.137,11219
1965-12-13,-0.324,11234
1965-12-10,0.017,11271
1965-12-09,0.017,11269
1965-12-08,-0.069,11267
1965-12-07,0.154,11275
1965-12-06,-0.743,11257
1965-12-03,-0.001,11341
1965-12-02,0.035,11341
1965-12-01,-0.276,11337
1965-11-30,-0.121,11369
1965-11-29,-0.052,11383
1965-11-26,0.017,11388
1965-11-24,0.035,11387
1965-11-23,0.017,11382
1965-11-22,0.086,11381
1965-11-19,-0.052,11371
1965-11-18,0.035,11377
1965-11-17,-0.034,11373
1965-11-16,0.086,11376
1965-11-15,-0.034,11367
1965-11-12,0.155,11371
1965-11-11,0.017,11353
1965-11-10,0.086,11351
1965-11-09,-0.084,11341
1965-11-08,-0.121,11351
1965-11-05,-0.038,11365
1965-11-04,-0.001,11369
1965-11-03,-0.001,11369
1965-11-01,-0.139,11369
1965-10-29,-0.052,11385
1965-10-28,-0.070,11391
1965-10-27,-0.034,11399
1965-10-26,0.017,11403
1965-10-25,-0.140,11401
1965-10-22,0.086,11417
1965-10-21,-0.034,11407
1965-10-20,-0.052,11411
1965-10-19,-0.034,11417
1965-10-18,-0.002,11421
1965-10-15,-0.173,11421
1965-10-14,-0.053,11441
1965-10-13,0.086,11447
1965-10-12,0.017,11437
1965-10-11,0.068,11435
1965-10-08,-0.035,11428
1965-10-07,0.068,11432
1965-10-06,0.086,11424
1965-10-05,0.137,11414
1965-10-04,0.086,11398
1965-10-01,-0.052,11389
1965-09-30,0.086,11395
1965-09-29,-0.209,11385
1965-09-28,-0.140,11409
1965-09-27,0.017,11425
1965-09-24,-0.053,11423
1965-09-23,-0.053,11429
1965-09-22,-0.053,11435
1965-09-21,-0.053,11441
1965-09-20,0.017,11447
1965-09-17,0.017,11445
1965-09-16,0.086,11443
1965-09-15,-0.002,11433
1965-09-14,0.017,11433
1965-09-13,0.035,11432
1965-09-10,-0.035,11428
1965-09-09,-0.002,11432
1965-09-08,0.017,11432
1965-09-07,-0.002,11430
1965-09-03,0.086,11430
1965-09-02,0.017,11420
1965-09-01,-0.053,11418
1965-08-31,0.017,11424
1965-08-30,0.017,11422
1965-08-27,0.017,11421
1965-08-26,-0.053,11419
1965-08-25,0.086,11425
1965-08-24,-0.053,11415
1965-08-23,-0.002,11421
1965-08-20,0.035,11421
1965-08-19,0.035,11417
1965-08-18,0.068,11413
1965-08-17,-0.071,11405
1965-08-16,-0.035,11414
1965-08-13,0.016,11418
1965-08-12,0.016,11416
1965-08-11,-0.053,11414
1965-08-10,0.016,11420
1965-08-09,0.016,11418
1965-08-06,-0.035,11416
1965-08-05,-0.002,11420
1965-08-04,-0.035,11420
1965-08-03,0.016,11424
1965-08-02,0.016,11422
1965-07-30,-0.053,11421
1965-07-29,-0.072,11427
1965-07-28,0.016,11435
1965-07-27,0.016,11433
1965-07-26,0.016,11431
1965-07-23,0.016,11429
1965-07-22,-0.002,11427
1965-07-21,0.016,11428
1965-07-20,0.016,11426
1965-07-19,0.035,11424
1965-07-16,0.016,11420
1965-07-15,0.068,11418
1965-07-14,0.016,11410
1965-07-13,0.016,11409
1965-07-12,0.016,11407
1965-07-09,-0.053,11405
1965-07-08,0.068,11411
1965-07-07,0.053,11403
1965-07-06,0.016,11397
1965-07-02,-0.053,11395
1965-07-01,-0.002,11401
1965-06-30,0.016,11402
1965-06-29,-0.035,11400
1965-06-28,-0.002,11404
1965-06-25,0.016,11404
1965-06-24,0.068,11402
1965-06-23,0.053,11394
1965-06-22,0.016,11388
1965-06-21,0.068,11386
1965-06-18,0.016,11379
1965-06-17,0.016,11377
1965-06-16,0.016,11375
1965-06-15,0.016,11373
1965-06-14,0.137,11371
1965-06-11,0.017,11356
1965-06-10,0.017,11354
1965-06-09,0.017,11352
1965-06-08,-0.002,11350
1965-06-07,0.017,11350
1965-06-04,0.017,11348
1965-06-03,0.035,11347
1965-06-02,-0.002,11343
1965-06-01,0.017,11343
1965-05-28,-0.053,11341
1965-05-27,0.017,11347
1965-05-26,0.035,11345
1965-05-25,0.016,11341
1965-05-24,0.016,11339
1965-05-21,0.016,11337
1965-05-20,0.016,11335
1965-05-19,0.016,11334
1965-05-18,-0.035,11332
1965-05-17,0.016,11336
1965-05-14,0.035,11334
1965-05-13,-0.035,11330
1965-05-12,-0.002,11334
1965-05-11,0.016,11334
1965-05-10,-0.002,11332
1965-05-07,0.016,11333
1965-05-06,0.016,11331
1965-05-05,0.016,11329
1965-05-04,0.104,11327
1965-05-03,0.016,11315
1965-04-30,0.016,11313
1965-04-29,0.016,11311
1965-04-28,0.016,11310
1965-04-27,0.016,11308
1965-04-26,0.016,11306
1965-04-23,0.016,11304
1965-04-22,0.016,11302
1965-04-21,0.016,11300
1965-04-20,0.016,11299
1965-04-19,-0.053,11297
1965-04-15,-0.053,11303
1965-04-14,0.068,11309
1965-04-13,0.035,11301
1965-04-12,0.016,11297
1965-04-09,-0.072,11295
1965-04-08,0.086,11303
1965-04-07,0.016,11294
1965-04-06,0.035,11292
1965-04-05,0.016,11288
1965-04-02,-0.002,11286
1965-04-01,0.016,11286
1965-03-31,0.016,11285
1965-03-30,0.035,11283
1965-03-29,-0.002,11279
1965-03-26,-0.053,11279
1965-03-25,-0.053,11285
1965-03-24,0.086,11291
1965-03-23,0.016,11281
1965-03-22,0.068,11279
1965-03-19,0.016,11272
1965-03-18,-0.002,11270
1965-03-17,0.105,11270
1965-03-16,0.035,11258
1965-03-15,0.086,11255
1965-03-12,0.016,11245
1965-03-11,0.086,11243
1965-03-10,0.035,11233
1965-03-09,-0.002,11229
1965-03-08,0.016,11230
1965-03-05,-0.035,11228
1965-03-04,0.068,11232
1965-03-03,0.086,11224
1965-03-02,-0.123,11214
1965-03-01,0.016,11228
1965-02-26,-0.053,11226
1965-02-25,0.068,11232
1965-02-24,-0.035,11225
1965-02-23,0.086,11229
1965-02-19,-0.053,11219
1965-02-18,-0.002,11225
1965-02-17,0.035,11225
1965-02-16,0.068,11221
1965-02-15,-0.035,11214
1965-02-12,0.016,11218
1965-02-11,0.016,11216
1965-02-10,0.016,11214
1965-02-09,0.016,11212
1965-02-08,0.086,11210
1965-02-05,-0.053,11201
1965-02-04,-0.072,11207
1965-02-03,-0.002,11215
1965-02-02,0.016,11215
1965-02-01,-0.053,11213
1965-01-29,-0.002,11219
1965-01-28,-0.002,11219
1965-01-27,0.016,11219
1965-01-26,-0.053,11218
1965-01-25,-0.035,11224
1965-01-22,0.016,11228
1965-01-21,0.086,11226
1965-01-20,0.035,11216
1965-01-19,0.086,11212
1965-01-18,0.016,11202
1965-01-15,-0.002,11201
1965-01-14,0.016,11201
1965-01-13,0.035,11199
1965-01-12,0.086,11195
1965-01-11,0.016,11185
1965-01-08,0.016,11184
1965-01-07,-0.002,11182
1965-01-06,0.016,11182
1965-01-05,0.035,11180
1965-01-04,0.068,11176
1964-12-31,-0.090,11169
1964-12-30,-0.035,11179
1964-12-29,0.016,11183
1964-12-28,0.016,11181
1964-12-24,0.016,11179
1964-12-23,-0.035,11177
1964-12-22,0.016,11181
1964-12-21,0.068,11179
1964-12-18,-0.053,11172
1964-12-17,0.016,11178
1964-12-16,-0.035,11176
1964-12-15,-0.035,11180
1964-12-14,-0.054,11184
1964-12-11,-0.002,11190
1964-12-10,0.068,11190
1964-12-09,0.016,11182
1964-12-08,0.086,11180
1964-12-07,0.086,11171
1964-12-04,0.035,11161
1964-12-03,0.123,11157
1964-12-02,0.086,11144
1964-12-01,0.016,11134
1964-11-30,-0.072,11132
1964-11-27,-0.002,11140
1964-11-25,-0.053,11140
1964-11-24,-0.002,11146
1964-11-23,-0.370,11147
1964-11-20,0.016,11188
1964-11-19,0.068,11186
1964-11-18,0.016,11178
1964-11-17,-0.035,11177
1964-11-16,-0.002,11181
1964-11-13,-0.054,11181
1964-11-12,0.156,11187
1964-11-11,0.016,11169
1964-11-10,0.105,11167
1964-11-09,0.035,11156
1964-11-06,0.016,11152
1964-11-05,0.016,11150
1964-11-04,0.016,11148
1964-11-02,0.086,11146
1964-10-30,-0.002,11137
1964-10-29,0.086,11137
1964-10-28,0.086,11127
1964-10-27,0.086,11118
1964-10-26,0.017,11108
1964-10-23,0.017,11106
1964-10-22,0.017,11105
1964-10-21,0.086,11103
1964-10-20,0.086,11093
1964-10-19,0.017,11084
1964-10-16,-0.053,11082
1964-10-15,-0.035,11088
1964-10-14,0.017,11091
1964-10-13,0.017,11090
1964-10-12,0.017,11088
1964-10-09,-0.002,11086
1964-10-08,0.017,11086
1964-10-07,0.017,11084
1964-10-06,0.068,11082
1964-10-05,-0.086,11075
1964-10-02,-0.020,11085
1964-10-01,0.017,11087
1964-09-30,0.017,11085
1964-09-29,-0.053,11083
1964-09-28,0.156,11089
1964-09-25,0.017,11072
1964-09-24,0.017,11070
1964-09-23,0.017,11068
1964-09-22,0.017,11066
1964-09-21,0.086,11064
1964-09-18,0.035,11055
1964-09-17,0.086,11051
1964-09-16,0.086,11041
1964-09-15,-0.002,11032
1964-09-14,0.017,11032
1964-09-11,0.017,11030
1964-09-10,0.035,11028
1964-09-09,0.017,11024
1964-09-08,-0.002,11023
1964-09-04,0.017,11023
1964-09-03,0.017,11021
1964-09-02,-0.053,11019
1964-09-01,-0.002,11025
1964-08-31,0.017,11025
1964-08-28,-0.053,11023
1964-08-27,0.017,11029
1964-08-26,0.017,11027
1964-08-25,-0.035,11025
1964-08-24,-0.002,11029
1964-08-21,0.017,11029
1964-08-20,0.017,11028
1964-08-19,0.017,11026
1964-08-18,0.017,11024
1964-08-17,0.017,11022
1964-08-14,0.035,11020
1964-08-13,0.068,11016
1964-08-12,0.035,11009
1964-08-11,-0.053,11005
1964-08-10,-0.002,11011
1964-08-07,-0.053,11011
1964-08-06,0.068,11017
1964-08-05,0.017,11009
1964-08-04,0.017,11008
1964-08-03,0.017,11006
1964-07-31,0.035,11004
1964-07-30,0.068,11000
1964-07-29,-0.002,10993
1964-07-28,-0.002,10993
1964-07-27,0.017,10993
1964-07-24,0.017,10991
1964-07-23,0.087,10989
1964-07-22,-0.016,10980
1964-07-21,0.068,10982
1964-07-20,-0.053,10974
1964-07-17,-0.053,10980
1964-07-16,-0.002,10986
1964-07-15,0.017,10986
1964-07-14,0.017,10984
1964-07-13,-0.002,10982
1964-07-10,-0.035,10982
1964-07-09,-0.156,10986
1964-07-08,0.017,11003
1964-07-07,0.087,11002
1964-07-06,-0.035,10992
1964-07-02,0.017,10996
1964-07-01,0.017,10994
1964-06-30,0.017,10992
1964-06-29,0.017,10990
1964-06-26,0.035,10989
1964-06-25,0.035,10985
1964-06-24,-0.002,10981
1964-06-23,-0.020,10981
1964-06-22,0.087,10983
1964-06-19,0.068,10974
1964-06-18,0.087,10966
1964-06-17,0.017,10957
1964-06-16,0.017,10955
1964-06-15,0.017,10953
1964-06-12,0.017,10951
1964-06-11,-0.035,10950
1964-06-10,-0.002,10953
1964-06-09,0.087,10954
1964-06-08,0.017,10944
1964-06-05,0.087,10942
1964-06-04,0.017,10933
1964-06-03,0.017,10931
1964-06-02,0.017,10929
1964-06-01,0.017,10927
1964-05-28,0.068,10925
1964-05-27,-0.035,10918
1964-05-26,0.017,10922
1964-05-25,0.087,10920
1964-05-22,0.035,10911
1964-05-21,0.017,10907
1964-05-20,-0.090,10905
1964-05-19,0.017,10915
1964-05-18,0.017,10913
1964-05-15,-0.002,10911
1964-05-14,0.035,10911
1964-05-13,0.035,10907
1964-05-12,0.035,10904
1964-05-11,0.105,10900
1964-05-08,0.175,10888
1964-05-07,0.035,10869
1964-05-06,0.017,10865
1964-05-05,0.017,10864
1964-05-04,0.053,10862
1964-05-01,0.035,10856
1964-04-30,0.035,10852
1964-04-29,0.086,10848
1964-04-28,0.017,10839
1964-04-27,0.017,10837
1964-04-24,-0.002,10836
1964-04-23,0.017,10836
1964-04-22,0.017,10834
1964-04-21,0.068,10832
1964-04-20,0.017,10825
1964-04-17,-0.035,10823
1964-04-16,0.035,10827
1964-04-15,0.086,10823
1964-04-14,-0.035,10814
1964-04-13,-0.053,10817
1964-04-10,-0.002,10823
1964-04-09,0.053,10823
1964-04-08,0.207,10818
1964-04-07,0.035,10795
1964-04-06,0.035,10791
1964-04-03,-0.071,10788
1964-04-02,-0.053,10795
1964-04-01,-0.002,10801
1964-03-31,0.156,10801
1964-03-30,0.035,10785
1964-03-26,0.086,10781
1964-03-25,0.035,10771
1964-03-24,-0.071,10768
1964-03-23,-0.020,10775
1964-03-20,-0.053,10778
1964-03-19,-0.071,10783
1964-03-18,-0.071,10791
1964-03-17,-0.053,10799
1964-03-16,0.068,10804
1964-03-13,-0.016,10797
1964-03-12,0.017,10799
1964-03-11,-0.053,10797
1964-03-10,-0.002,10803
1964-03-09,-0.017,10803
1964-03-06,-0.002,10805
1964-03-05,0.035,10805
1964-03-04,-0.053,10801
1964-03-03,-0.035,10807
1964-03-02,0.068,10811
1964-02-28,-0.090,10804
1964-02-27,-0.123,10813
1964-02-26,0.035,10827
1964-02-25,-0.002,10823
1964-02-24,-0.054,10823
1964-02-20,-0.002,10829
1964-02-19,0.016,10829
1964-02-18,-0.054,10827
1964-02-17,0.016,10833
1964-02-14,0.016,10831
1964-02-13,0.068,10830
1964-02-12,0.016,10822
1964-02-11,0.016,10821
1964-02-10,-0.002,10819
1964-02-07,0.016,10819
1964-02-06,0.086,10817
1964-02-05,0.035,10808
1964-02-04,-0.002,10804
1964-02-03,0.035,10804
1964-01-31,0.105,10801
1964-01-30,0.086,10789
1964-01-29,0.016,10780
1964-01-28,0.068,10778
1964-01-27,0.017,10771
1964-01-24,-0.105,10769
1964-01-23,0.016,10780
1964-01-22,0.016,10779
1964-01-21,0.035,10777
1964-01-20,0.086,10773
1964-01-17,0.035,10764
1964-01-16,0.086,10760
1964-01-15,-0.002,10751
1964-01-14,0.016,10751
1964-01-13,0.053,10749
1964-01-10,-0.002,10744
1964-01-09,0.016,10744
1964-01-08,-0.156,10742
1964-01-07,0.068,10759
1964-01-06,-0.054,10752
1964-01-03,-0.035,10757
1964-01-02,-0.002,10761
1963-12-31,-0.002,10761
1963-12-30,0.068,10762
1963-12-27,0.035,10754
1963-12-26,0.035,10751
1963-12-24,0.016,10747
1963-12-23,0.016,10745
1963-12-20,-0.054,10743
1963-12-19,0.068,10749
1963-12-18,0.035,10742
1963-12-17,0.016,10738
1963-12-16,-0.124,10736
1963-12-13,-0.054,10750
1963-12-12,-0.002,10755
1963-12-11,-0.105,10756
1963-12-10,-0.002,10767
1963-12-09,0.068,10767
1963-12-06,0.016,10760
1963-12-05,-0.035,10758
1963-12-04,0.035,10762
1963-12-03,-0.054,10758
1963-12-02,-0.073,10764
1963-11-29,0.016,10772
1963-11-27,-0.002,10770
1963-11-26,0.105,10771
1963-11-22,0.068,10759
1963-11-21,-0.036,10752
1963-11-20,0.068,10756
1963-11-19,0.068,10749
1963-11-18,0.016,10741
1963-11-15,0.105,10740
1963-11-14,0.208,10728
1963-11-13,0.049,10706
1963-11-12,0.053,10701
1963-11-11,0.016,10695
1963-11-08,0.050,10693
1963-11-07,0.017,10688
1963-11-06,-0.123,10686
1963-11-04,-0.002,10699
1963-11-01,0.017,10700
1963-10-31,-0.053,10698
1963-10-30,-0.035,10704
1963-10-29,-0.072,10707
1963-10-28,0.016,10715
1963-10-25,-0.054,10713
1963-10-24,0.086,10719
1963-10-23,-0.035,10710
1963-10-22,0.086,10714
1963-10-21,0.016,10704
1963-10-18,-0.002,10703
1963-10-17,-0.054,10703
1963-10-16,0.016,10709
1963-10-15,-0.054,10707
1963-10-14,0.016,10713
1963-10-11,0.035,10711
1963-10-10,0.016,10707
1963-10-09,-0.054,10705
1963-10-08,-0.054,10711
1963-10-07,-0.002,10717
1963-10-04,-0.054,10717
1963-10-03,0.016,10723
1963-10-02,0.016,10721
1963-10-01,0.035,10719
1963-09-30,0.016,10716
1963-09-27,0.086,10714
1963-09-26,0.016,10705
1963-09-25,0.016,10703
1963-09-24,-0.054,10701
1963-09-23,0.016,10707
1963-09-20,0.086,10705
1963-09-19,0.035,10696
1963-09-18,0.086,10692
1963-09-17,0.016,10683
1963-09-16,0.016,10681
1963-09-13,0.016,10680
1963-09-12,-0.002,10678
1963-09-11,0.035,10678
1963-09-10,0.016,10675
1963-09-09,0.016,10673
1963-09-06,-0.035,10671
1963-09-05,-0.246,10675
1963-09-04,-0.036,10701
1963-09-03,-0.054,10705
1963-08-30,-0.073,10711
1963-08-29,-0.055,10719
1963-08-28,0.016,10725
1963-08-27,-0.003,10723
1963-08-26,0.016,10723
1963-08-23,0.016,10721
1963-08-22,0.016,10720
1963-08-21,-0.055,10718
1963-08-20,0.016,10724
1963-08-19,0.086,10722
1963-08-16,0.068,10713
1963-08-15,0.086,10706
1963-08-14,0.016,10697
1963-08-13,-0.036,10695
1963-08-12,-0.073,10699
1963-08-09,0.016,10707
1963-08-08,0.068,10705
1963-08-07,-0.054,10698
1963-08-06,-0.036,10703
1963-08-05,-0.003,10707
1963-08-02,0.034,10708
1963-08-01,0.086,10704
1963-07-31,0.016,10695
1963-07-30,-0.055,10693
1963-07-29,0.034,10699
1963-07-26,0.138,10695
1963-07-25,0.034,10680
1963-07-24,0.086,10677
1963-07-23,0.016,10668
1963-07-22,-0.003,10666
1963-07-19,0.034,10666
1963-07-18,0.086,10662
1963-07-17,-0.054,10653
1963-07-16,-0.003,10659
1963-07-15,0.068,10659
1963-07-12,0.086,10652
1963-07-11,-0.054,10643
1963-07-10,0.086,10649
1963-07-09,0.086,10640
1963-07-08,-0.091,10630
1963-07-05,-0.091,10640
1963-07-03,0.016,10650
1963-07-02,-0.162,10648
1963-07-01,-0.036,10665
1963-06-28,0.016,10669
1963-06-27,0.016,10667
1963-06-26,0.016,10666
1963-06-25,0.016,10664
1963-06-24,0.016,10662
1963-06-21,0.016,10661
1963-06-20,0.035,10659
1963-06-19,0.016,10655
1963-06-18,0.016,10653
1963-06-17,-0.054,10652
1963-06-14,-0.003,10658
1963-06-13,0.016,10658
1963-06-12,-0.073,10656
1963-06-11,0.087,10664
1963-06-10,0.035,10655
1963-06-07,-0.003,10651
1963-06-06,-0.036,10651
1963-06-05,0.016,10655
1963-06-04,0.035,10653
1963-06-03,-0.144,10650
1963-05-31,0.016,10665
1963-05-29,-0.003,10663
1963-05-28,-0.073,10664
1963-05-27,0.016,10671
1963-05-24,-0.162,10670
1963-05-23,-0.055,10687
1963-05-22,0.016,10693
1963-05-21,0.087,10691
1963-05-20,-0.073,10682
1963-05-17,-0.107,10690
1963-05-16,0.087,10701
1963-05-15,0.035,10692
1963-05-14,0.068,10688
1963-05-13,0.087,10681
1963-05-10,0.016,10672
1963-05-09,-0.055,10670
1963-05-08,-0.073,10676
1963-05-07,0.087,10684
1963-05-06,0.105,10674
1963-05-03,0.087,10663
1963-05-02,0.016,10654
1963-05-01,0.087,10652
1963-04-30,0.035,10643
1963-04-29,-0.003,10639
1963-04-26,0.053,10640
1963-04-25,0.087,10634
1963-04-24,0.068,10625
1963-04-23,0.016,10618
1963-04-22,-0.002,10616
1963-04-19,0.139,10616
1963-04-18,0.087,10601
1963-04-17,-0.002,10592
1963-04-16,0.087,10592
1963-04-15,-0.091,10583
1963-04-11,0.054,10593
1963-04-10,-0.143,10587
1963-04-09,-0.054,10602
1963-04-08,-0.125,10608
1963-04-05,0.016,10621
1963-04-04,0.087,10620
1963-04-03,-0.002,10610
1963-04-02,-0.036,10611
1963-04-01,0.035,10615
1963-03-29,0.068,10611
1963-03-28,0.035,10604
1963-03-27,-0.002,10600
1963-03-26,-0.125,10600
1963-03-25,-0.055,10613
1963-03-22,-0.036,10619
1963-03-21,0.016,10623
1963-03-20,0.016,10621
1963-03-19,0.016,10620
1963-03-18,0.016,10618
1963-03-15,0.016,10616
1963-03-14,0.016,10615
1963-03-13,0.016,10613
1963-03-12,0.016,10611
1963-03-11,-0.003,10609
1963-03-08,0.016,10610
1963-03-07,-0.036,10608
1963-03-06,0.068,10612
1963-03-05,0.016,10605
1963-03-04,0.068,10603
1963-03-01,0.087,10596
1963-02-28,0.068,10586
1963-02-27,0.016,10579
1963-02-26,0.016,10577
1963-02-25,0.016,10576
1963-02-21,-0.073,10574
1963-02-20,-0.036,10582
1963-02-19,-0.125,10586
1963-02-18,0.016,10599
1963-02-15,0.035,10597
1963-02-14,0.068,10593
1963-02-13,0.016,10586
1963-02-12,0.016,10584
1963-02-11,-0.036,10583
1963-02-08,0.016,10587
1963-02-07,0.016,10585
1963-02-06,-0.017,10583
1963-02-05,-0.036,10585
1963-02-04,-0.036,10589
1963-02-01,-0.055,10593
1963-01-31,-0.074,10599
1963-01-30,0.016,10606
1963-01-29,-0.003,10605
1963-01-28,-0.055,10605
1963-01-25,0.087,10611
1963-01-24,0.016,10602
1963-01-23,0.016,10600
1963-01-22,-0.074,10598
1963-01-21,-0.093,10606
1963-01-18,-0.107,10616
1963-01-17,-0.145,10627
1963-01-16,0.016,10643
1963-01-15,0.087,10641
1963-01-14,-0.037,10632
1963-01-11,0.087,10636
1963-01-10,0.087,10627
1963-01-09,-0.037,10617
1963-01-08,0.139,10621
1963-01-07,0.049,10607
1963-01-04,-0.197,10601
1963-01-03,0.068,10622
1963-01-02,0.229,10615
1962-12-31,-0.036,10591
1962-12-28,-0.216,10595
1962-12-27,-0.126,10617
1962-12-26,0.016,10631
1962-12-24,0.139,10629
1962-12-21,0.177,10614
1962-12-20,0.087,10596
1962-12-19,-0.036,10586
1962-12-18,0.139,10590
1962-12-17,0.139,10576
1962-12-14,0.068,10561
1962-12-13,0.016,10554
1962-12-12,0.068,10552
1962-12-11,0.087,10545
1962-12-10,0.087,10536
1962-12-07,0.087,10526
1962-12-06,0.087,10517
1962-12-05,0.069,10508
1962-12-04,-0.054,10501
1962-12-03,-0.054,10507
1962-11-30,0.016,10512
1962-11-29,0.016,10511
1962-11-28,0.035,10509
1962-11-27,0.069,10505
1962-11-26,-0.054,10498
1962-11-23,0.016,10504
1962-11-21,0.106,10502
1962-11-20,0.035,10491
1962-11-19,0.035,10487
1962-11-16,-0.162,10483
1962-11-15,0.016,10500
1962-11-14,-0.054,10499
1962-11-13,-0.055,10504
1962-11-12,0.016,10510
1962-11-09,0.106,10509
1962-11-08,0.087,10497
1962-11-07,0.035,10488
1962-11-05,0.035,10485
1962-11-02,0.087,10481
1962-11-01,0.035,10472
1962-10-31,-0.002,10468
1962-10-30,0.035,10468
1962-10-29,0.087,10465
1962-10-26,0.106,10456
1962-10-25,0.016,10445
1962-10-24,0.016,10443
1962-10-23,-0.196,10441
1962-10-22,-0.178,10462
1962-10-19,0.244,10480
1962-10-18,0.139,10455
1962-10-17,-0.002,10440
1962-10-16,0.016,10441
1962-10-15,0.016,10439
1962-10-12,0.016,10437
1962-10-11,-0.054,10435
1962-10-10,0.158,10441
1962-10-09,-0.088,10425
1962-10-08,-0.073,10434
1962-10-05,-0.125,10441
1962-10-04,0.016,10455
1962-10-03,0.158,10453
1962-10-02,0.106,10436
1962-10-01,0.106,10425
1962-09-28,0.087,10414
1962-09-27,0.016,10405
1962-09-26,0.087,10404
1962-09-25,0.087,10394
1962-09-24,0.106,10385
1962-09-21,0.016,10374
1962-09-20,0.068,10373
1962-09-19,-0.035,10366
1962-09-18,0.068,10369
1962-09-17,0.035,10362
1962-09-14,0.016,10359
1962-09-13,0.068,10357
1962-09-12,0.017,10350
1962-09-11,0.017,10348
1962-09-10,0.106,10346
1962-09-07,-0.124,10336
1962-09-06,-0.162,10348
1962-09-05,-0.054,10365
1962-09-04,-0.002,10371
1962-08-31,-0.036,10371
1962-08-30,0.087,10375
1962-08-29,0.016,10366
1962-08-28,-0.036,10364
1962-08-27,-0.002,10368
1962-08-24,0.016,10368
1962-08-23,0.016,10366
1962-08-22,-0.036,10364
1962-08-21,0.016,10368
1962-08-20,0.176,10367
1962-08-17,0.016,10348
1962-08-16,0.176,10347
1962-08-15,0.035,10328
1962-08-14,0.087,10325
1962-08-13,0.054,10316
1962-08-10,0.016,10310
1962-08-09,0.157,10309
1962-08-08,0.087,10292
1962-08-07,-0.091,10283
1962-08-06,0.035,10293
1962-08-03,-0.054,10289
1962-08-02,0.246,10295
1962-08-01,0.105,10270
1962-07-31,-0.054,10259
1962-07-30,-0.073,10264
1962-07-27,0.020,10272
1962-07-26,0.087,10270
1962-07-25,-0.054,10261
1962-07-24,-0.054,10266
1962-07-23,0.087,10272
1962-07-20,0.087,10263
1962-07-19,0.016,10254
1962-07-18,0.050,10252
1962-07-17,-0.124,10247
1962-07-16,-0.073,10260
1962-07-13,0.016,10268
1962-07-12,-0.054,10266
1962-07-11,0.246,10271
1962-07-10,0.209,10246
1962-07-09,-0.213,10225
1962-07-06,-0.106,10247
1962-07-05,-0.021,10258
1962-07-03,0.035,10260
1962-07-02,-0.002,10256
1962-06-29,-0.088,10256
1962-06-28,-0.236,10265
1962-06-27,0.124,10290
1962-06-26,-0.143,10277
1962-06-25,-0.374,10292
1962-06-22,0.016,10330
1962-06-21,0.158,10329
1962-06-20,0.087,10312
1962-06-19,-0.144,10303
1962-06-18,-0.107,10318
1962-06-15,0.068,10329
1962-06-14,-0.196,10322
1962-06-13,-0.036,10343
1962-06-12,0.106,10346
1962-06-11,-0.018,10335
1962-06-08,0.068,10337
1962-06-07,0.158,10330
1962-06-06,0.053,10314
1962-06-05,-0.055,10308
1962-06-04,0.087,10314
1962-06-01,0.105,10305
1962-05-31,-0.036,10294
1962-05-29,-0.107,10298
1962-05-28,0.087,10309
1962-05-25,0.158,10300
1962-05-24,0.087,10284
1962-05-23,0.157,10275
1962-05-22,0.124,10259
1962-05-21,-0.073,10246
1962-05-18,-0.390,10254
1962-05-17,-0.037,10294
1962-05-16,0.068,10297
1962-05-15,-0.163,10290
1962-05-14,-0.178,10307
1962-05-11,0.068,10326
1962-05-10,-0.055,10319
1962-05-09,0.210,10324
1962-05-08,0.105,10303
1962-05-07,0.068,10292
1962-05-04,-0.036,10285
1962-05-03,0.016,10289
1962-05-02,-0.055,10287
1962-05-01,0.087,10293
1962-04-30,0.016,10284
1962-04-27,0.210,10282
1962-04-26,-0.036,10261
1962-04-25,-0.055,10264
1962-04-24,-0.074,10270
1962-04-23,-0.249,10278
1962-04-19,-0.037,10303
1962-04-18,0.068,10307
1962-04-17,0.068,10300
1962-04-16,0.120,10293
1962-04-13,0.087,10281
1962-04-12,0.068,10272
1962-04-11,-0.268,10265
1962-04-10,0.016,10293
1962-04-09,-0.126,10291
1962-04-06,0.192,10304
1962-04-05,-0.392,10284
1962-04-04,0.353,10325
1962-04-03,0.229,10288
1962-04-02,0.072,10265
1962-03-30,0.281,10257
1962-03-29,0.016,10229
1962-03-28,0.035,10227
1962-03-27,-0.036,10223
1962-03-26,-0.144,10227
1962-03-23,-0.268,10242
1962-03-22,0.229,10269
1962-03-21,0.389,10246
1962-03-20,0.195,10206
1962-03-19,0.191,10186
1962-03-16,0.035,10167
1962-03-15,-0.159,10164
1962-03-14,-0.073,10180
1962-03-13,0.176,10187
1962-03-12,0.083,10169
1962-03-09,0.139,10161
1962-03-08,0.158,10147
1962-03-07,0.068,10131
1962-03-06,-0.035,10124
1962-03-05,-0.125,10127
1962-03-02,-0.002,10140
1962-03-01,0.232,10140
1962-02-28,0.124,10117
1962-02-27,-0.036,10104
1962-02-26,0.176,10108
1962-02-23,0.124,10090
1962-02-21,0.157,10078
1962-02-20,-0.228,10062
1962-02-19,0.105,10085
1962-02-16,0.053,10074
1962-02-15,0.068,10069
1962-02-14,0.035,10062
1962-02-13,0.120,10059
1962-02-12,0.016,10047
1962-02-09,0.157,10045
1962-02-08,0.053,10029
1962-02-07,-0.017,10024
1962-02-06,0.068,10026
1962-02-05,0.086,10019
1962-02-02,0.123,10010
1962-02-01,0.049,9998
1962-01-31,0.049,9993
1962-01-30,0.068,9988
1962-01-29,-0.054,9981
1962-01-26,-0.039,9987
1962-01-25,-0.054,9991
1962-01-24,0.087,9996
1962-01-23,-0.105,9987
1962-01-22,0.157,9998
1962-01-19,0.035,9982
1962-01-18,0.086,9979
1962-01-17,0.087,9970
1962-01-16,-0.175,9962
1962-01-15,-0.105,9979
1962-01-12,-0.002,9990
1962-01-11,-0.035,9990
1962-01-10,-0.106,9993
1962-01-09,-0.124,10004
1962-01-08,-0.073,10016
1962-01-05,-0.195,10024
1962-01-04,0.242,10043
1962-01-03,0.190,10019