date,return_pct,balance
2026-05-08,1.354,5859286
2026-05-07,-1.573,5781022
2026-05-06,3.029,5873432
2026-05-05,1.561,5700759
2026-05-04,-1.251,5613121
2026-05-01,-0.115,5684220
2026-04-30,2.547,5690757
2026-04-29,-0.561,5549423
2026-04-28,-0.832,5580710
2026-04-27,-0.133,5627542
2026-04-24,1.132,5635060
2026-04-23,-0.879,5572002
2026-04-22,0.931,5621436
2026-04-21,-1.799,5569610
2026-04-20,-0.299,5671629
2026-04-17,1.698,5688665
2026-04-16,-0.070,5593706
2026-04-15,0.762,5597615
2026-04-14,1.470,5555306
2026-04-13,1.317,5474807
2026-04-10,0.558,5403643
2026-04-09,0.285,5373664
2026-04-08,4.234,5358380
2026-04-07,-0.446,5140717
2026-04-06,0.928,5163728
2026-04-02,-0.491,5116255
2026-04-01,1.849,5141502
2026-03-31,4.406,5048138
2026-03-30,-0.213,4835104
2026-03-27,-2.008,4845432
2026-03-26,-3.038,4944732
2026-03-25,1.193,5099664
2026-03-24,-0.482,5039522
2026-03-23,2.507,5063919
2026-03-20,-3.141,4940052
2026-03-19,-0.338,5100265
2026-03-18,-2.291,5117555
2026-03-17,0.395,5237530
2026-03-16,2.047,5216906
2026-03-13,-1.237,5112272
2026-03-12,-2.306,5176317
2026-03-11,-0.246,5298522
2026-03-10,-0.013,5311614
2026-03-09,1.214,5312292
2026-03-06,-1.743,5248554
2026-03-05,-1.821,5341676
2026-03-04,1.409,5440768
2026-03-03,-2.665,5365185
2026-03-02,-1.187,5512093
2026-02-27,-0.536,5578280
2026-02-26,-0.542,5608334
2026-02-25,1.321,5638910
2026-02-24,0.740,5565385
2026-02-23,-1.151,5524483
2026-02-20,1.132,5588804
2026-02-19,-0.410,5526225
2026-02-18,0.505,5548978
2026-02-17,0.122,5521123
2026-02-13,0.108,5514416
2026-02-12,-1.818,5508465
2026-02-11,0.385,5610444
2026-02-10,-0.091,5588918
2026-02-09,1.241,5594019
2026-02-06,3.109,5525422
2026-02-05,-1.989,5358833
2026-02-04,-0.240,5467579
2026-02-03,-0.730,5480715
2026-02-02,0.834,5521028
2026-01-30,-0.839,5475376
2026-01-29,0.222,5521712
2026-01-28,-0.658,5509464
2026-01-27,1.324,5545950
2026-01-26,0.751,5473469
2026-01-23,0.360,5432662
2026-01-22,0.702,5413177
2026-01-21,1.667,5375430
2026-01-20,-2.753,5287284
2026-01-16,0.081,5436958
2026-01-15,0.213,5432563
2026-01-14,-0.172,5420996
2026-01-13,-0.531,5430343
2026-01-12,0.496,5459352
2026-01-09,1.109,5432393
2026-01-08,-0.010,5372800
2026-01-07,-0.516,5373322
2026-01-06,0.605,5401186
2026-01-05,1.273,5368683
2026-01-02,0.792,5301197
2025-12-31,-0.918,5259543
2025-12-30,-0.015,5308252
2025-12-29,-0.502,5309055
2025-12-26,0.083,5335840
2025-12-24,0.379,5331390
2025-12-23,0.769,5311281
2025-12-22,0.698,5270733
2025-12-19,1.207,5234220
2025-12-18,1.101,5171775
2025-12-17,-1.478,5115431
2025-12-16,-0.526,5192174
2025-12-15,0.227,5219610
2025-12-12,-1.278,5207775
2025-12-11,0.554,5275184
2025-12-10,1.254,5246109
2025-12-09,-0.166,5181136
2025-12-08,-0.464,5189773
2025-12-05,0.163,5213950
2025-12-04,0.221,5205489
2025-12-03,0.626,5194002
2025-12-02,0.362,5161715
2025-12-01,-0.713,5143107
2025-11-28,0.686,5180048
2025-11-26,1.252,5144758
2025-11-25,1.540,5081127
2025-11-24,1.358,5004042
2025-11-21,1.816,4936995
2025-11-20,-2.235,4848938
2025-11-19,0.163,4959792
2025-11-18,-1.551,4951717
2025-11-17,-1.628,5029714
2025-11-14,-0.192,5112953
2025-11-13,-2.127,5122798
2025-11-12,0.394,5234117
2025-11-11,0.634,5213565
2025-11-10,2.034,5180738
2025-11-07,0.304,5077472
2025-11-06,-1.114,5062078
2025-11-05,0.688,5119092
2025-11-04,-1.686,5084134
2025-11-03,0.187,5171306
2025-10-31,0.158,5161643
2025-10-30,-1.260,5153502
2025-10-29,-0.296,5219267
2025-10-28,0.207,5234782
2025-10-27,1.469,5223982
2025-10-24,0.824,5148333
2025-10-23,0.808,5106248
2025-10-22,-0.566,5065326
2025-10-21,-0.449,5094169
2025-10-20,1.429,5117168
2025-10-17,0.614,5045069
2025-10-16,-0.312,5014279
2025-10-15,0.685,5029984
2025-10-14,0.152,4995741
2025-10-13,1.882,4988183
2025-10-10,-3.556,4896040
2025-10-09,-0.760,5076556
2025-10-08,0.708,5115444
2025-10-07,-0.863,5079467
2025-10-06,0.454,5123667
2025-10-03,0.483,5100528
2025-10-02,0.188,5076003
2025-10-01,0.781,5066453
2025-09-30,0.570,5027182
2025-09-29,0.473,4998693
2025-09-26,0.964,4975151
2025-09-25,-0.842,4927662
2025-09-24,-0.634,4969489
2025-09-23,-0.607,5001180
2025-09-22,0.605,5031739
2025-09-19,0.205,5001461
2025-09-18,0.639,4991232
2025-09-17,-0.341,4959520
2025-09-16,-0.295,4976490
2025-09-15,0.864,4991220
2025-09-12,-0.274,4948464
2025-09-11,1.370,4962035
2025-09-10,0.238,4894983
2025-09-09,-0.002,4883362
2025-09-08,0.813,4883467
2025-09-05,-0.001,4844073
2025-09-04,1.184,4844144
2025-09-03,0.575,4787483
2025-09-02,-1.266,4760114
2025-08-29,-0.898,4821127
2025-08-28,0.534,4864831
2025-08-27,0.056,4838977
2025-08-26,0.306,4836291
2025-08-25,-1.196,4821535
2025-08-22,2.251,4879904
2025-08-21,-0.736,4772478
2025-08-20,-0.033,4807873
2025-08-19,-0.485,4809462
2025-08-18,-0.091,4832888
2025-08-15,0.127,4837301
2025-08-14,0.007,4831145
2025-08-13,0.652,4830828
2025-08-12,1.669,4799550
2025-08-11,-0.433,4720752
2025-08-08,1.056,4741288
2025-08-07,0.444,4691751
2025-08-06,1.075,4671027
2025-08-05,-0.476,4621367
2025-08-04,2.169,4643474
2025-08-01,-1.661,4544897
2025-07-31,-0.977,4621682
2025-07-30,-0.543,4667291
2025-07-29,-0.365,4692775
2025-07-28,-0.977,4709963
2025-07-25,0.298,4756445
2025-07-24,-0.419,4742311
2025-07-23,2.229,4762272
2025-07-22,0.330,4658448
2025-07-21,0.477,4643141
2025-07-18,-0.241,4621092
2025-07-17,0.701,4632277
2025-07-16,0.538,4600033
2025-07-15,-1.015,4575421
2025-07-14,0.164,4622354
2025-07-11,-0.894,4614796
2025-07-10,0.205,4656428
2025-07-09,0.981,4646904
2025-07-08,0.379,4601764
2025-07-07,-1.323,4584402
2025-07-03,0.714,4645884
2025-07-02,0.574,4612954
2025-07-01,-0.139,4586605
2025-06-30,0.451,4592968
2025-06-27,0.965,4572345
2025-06-26,1.352,4528659
2025-06-25,-0.278,4468250
2025-06-24,1.709,4480702
2025-06-23,1.334,4405425
2025-06-20,-0.752,4347434
2025-06-18,0.080,4380358
2025-06-17,-1.501,4376852
2025-06-16,1.066,4443558
2025-06-13,-1.767,4396682
2025-06-12,0.804,4475780
2025-06-11,-0.363,4440091
2025-06-10,0.579,4456257
2025-06-09,0.066,4430616
2025-06-06,1.126,4427715
2025-06-05,-0.482,4378400
2025-06-04,0.235,4399599
2025-06-03,0.046,4389295
2025-06-02,1.141,4387266
2025-05-30,-0.021,4337786
2025-05-29,0.614,4338716
2025-05-28,-1.225,4312240
2025-05-27,2.752,4365711
2025-05-23,-0.539,4248786
2025-05-22,-0.008,4271827
2025-05-21,-1.875,4272174
2025-05-20,-0.025,4353803
2025-05-19,0.640,4354901
2025-05-16,0.694,4327192
2025-05-15,1.067,4297355
2025-05-14,-0.176,4251970
2025-05-13,0.661,4259483
2025-05-12,3.276,4231512
2025-05-09,0.171,4097278
2025-05-08,0.408,4090289
2025-05-07,0.164,4073685
2025-05-06,-0.837,4066995
2025-05-05,-0.420,4101313
2025-05-02,2.435,4118621
2025-05-01,0.436,4020704
2025-04-30,-0.042,4003269
2025-04-29,0.671,4004962
2025-04-28,0.418,3978270
2025-04-25,0.893,3961707
2025-04-24,2.684,3926656
2025-04-23,1.579,3824012
2025-04-22,3.553,3764584
2025-04-21,-2.418,3635433
2025-04-17,0.777,3725514
2025-04-16,-2.192,3696788
2025-04-15,0.280,3779640
2025-04-14,1.496,3769087
2025-04-11,3.100,3713545
2025-04-10,-5.136,3601877
2025-04-09,14.241,3796874
2025-04-08,-1.642,3323555
2025-04-07,-1.616,3379047
2025-04-04,-9.237,3434566
2025-04-03,-5.713,3784087
2025-04-02,0.703,4013365
2025-04-01,0.335,3985354
2025-03-31,0.061,3972049
2025-03-28,-2.345,3969627
2025-03-27,-0.119,4064939
2025-03-26,-1.838,4069763
2025-03-25,0.531,4145987
2025-03-24,1.585,4124082
2025-03-21,-0.350,4059753
2025-03-20,-0.767,4074026
2025-03-19,1.136,4105530
2025-03-18,-0.974,4059423
2025-03-17,1.355,4099371
2025-03-14,2.969,4044553
2025-03-13,-1.606,3927950
2025-03-12,0.903,3992064
2025-03-11,-0.961,3956336
2025-03-10,-3.823,3994708
2025-03-07,1.138,4153489
2025-03-06,-2.208,4106742
2025-03-05,2.428,4199449
2025-03-04,-1.080,4099914
2025-03-03,-0.924,4144674
2025-02-28,1.521,4183307
2025-02-27,-2.112,4120625
2025-02-26,0.119,4209520
2025-02-25,0.117,4204507
2025-02-24,-0.447,4199610
2025-02-21,-1.892,4218486
2025-02-20,-0.093,4299842
2025-02-19,-0.431,4303857
2025-02-18,0.689,4322476
2025-02-14,0.077,4292886
2025-02-13,1.670,4289600
2025-02-12,-0.068,4219160
2025-02-11,0.348,4222016
2025-02-10,1.013,4207381
2025-02-07,-1.398,4165198
2025-02-06,0.591,4224254
2025-02-05,0.947,4199456
2025-02-04,1.305,4160080
2025-02-03,-1.326,4106499
2025-01-31,-1.053,4161694
2025-01-30,1.142,4205990
2025-01-29,-0.418,4158518
2025-01-28,0.684,4175994
2025-01-27,-1.277,4147638
2025-01-24,0.064,4201295
2025-01-23,0.958,4198621
2025-01-22,0.352,4158775
2025-01-21,2.007,4144190
2025-01-17,1.131,4062657
2025-01-16,0.124,4017202
2025-01-15,2.402,4012220
2025-01-14,0.333,3918124
2025-01-13,-0.038,3905131
2025-01-10,-2.286,3906604
2025-01-08,0.028,3998011
2025-01-07,-1.067,3996899
2025-01-06,1.075,4039986
2025-01-03,1.380,3997016
2025-01-02,-0.436,3942611
2024-12-31,-0.336,3959860
2024-12-30,-1.421,3973196
2024-12-27,-1.037,4030466
2024-12-26,0.276,4072695
2024-12-24,1.203,4061493
2024-12-23,0.919,4013226
2024-12-20,0.901,3976689
2024-12-19,-0.230,3941167
2024-12-18,-4.170,3950270
2024-12-17,-0.474,4122163
2024-12-16,0.179,4141801
2024-12-13,-0.193,4134406
2024-12-12,-0.995,4142409
2024-12-11,1.065,4184044
2024-12-10,-0.828,4139968
2024-12-09,-0.506,4174524
2024-12-06,0.153,4195767
2024-12-05,0.136,4189352
2024-12-04,0.593,4183650
2024-12-03,0.374,4159002
2024-12-02,0.319,4143522
2024-11-29,1.344,4130326
2024-11-27,0.032,4075550
2024-11-26,0.124,4074226
2024-11-25,0.605,4069161
2024-11-22,0.504,4044671
2024-11-21,0.496,4024384
2024-11-20,-0.140,4004502
2024-11-19,0.247,4010114
2024-11-18,0.691,4000252
2024-11-15,-1.392,3972790
2024-11-14,-0.475,4028877
2024-11-13,-0.314,4048092
2024-11-12,-1.391,4060863
2024-11-11,0.092,4118131
2024-11-08,-0.451,4114353
2024-11-07,1.597,4133006
2024-11-06,1.433,4068023
2024-11-05,1.688,4010562
2024-11-04,-0.164,3943983
2024-11-01,0.499,3950455
2024-10-31,-2.170,3930846
2024-10-30,-0.661,4018036
2024-10-29,-0.069,4044752
2024-10-28,0.738,4047549
2024-10-25,-0.236,4017890
2024-10-24,0.516,4027385
2024-10-23,-1.425,4006696
2024-10-22,-0.385,4064636
2024-10-21,-0.843,4080355
2024-10-18,0.732,4115046
2024-10-17,0.006,4085132
2024-10-16,0.537,4084895
2024-10-15,-1.674,4063073
2024-10-14,0.900,4132247
2024-10-11,0.834,4095380
2024-10-10,-0.239,4061518
2024-10-09,0.632,4071245
2024-10-08,0.751,4045688
2024-10-07,-1.152,4015550
2024-10-04,1.159,4062366
2024-10-03,-0.726,4015839
2024-10-02,-0.093,4045225
2024-10-01,-1.249,4049000
2024-09-30,0.142,4100208
2024-09-27,-0.498,4094384
2024-09-26,1.654,4114875
2024-09-25,-0.528,4047915
2024-09-24,0.600,4069409
2024-09-23,0.440,4045127
2024-09-20,-0.751,4027419
2024-09-19,2.719,4057892
2024-09-18,-0.468,3950486
2024-09-17,-0.309,3969053
2024-09-16,0.596,3981345
2024-09-13,0.594,3957766
2024-09-12,1.228,3934388
2024-09-11,1.267,3886676
2024-09-10,0.084,3838039
2024-09-09,1.599,3834804
2024-09-06,-2.677,3774444
2024-09-05,-0.217,3878277
2024-09-04,-0.462,3886697
2024-09-03,-2.802,3904725
2024-08-30,0.943,4017298
2024-08-29,0.225,3979764
2024-08-28,-0.733,3970846
2024-08-27,0.388,4000156
2024-08-26,-0.488,3984679
2024-08-23,2.039,4004238
2024-08-22,-1.059,3924223
2024-08-21,0.850,3966223
2024-08-20,-0.339,3932777
2024-08-19,1.580,3946154
2024-08-16,0.522,3884779
2024-08-15,2.239,3864611
2024-08-14,0.491,3779988
2024-08-13,2.501,3761524
2024-08-12,-0.018,3669743
2024-08-09,0.621,3670388
2024-08-08,3.109,3647743
2024-08-07,-0.329,3537765
2024-08-06,0.933,3549453
2024-08-05,-3.941,3516632
2024-08-02,-2.665,3660894
2024-08-01,-2.889,3761118
2024-07-31,2.325,3873018
2024-07-30,-0.332,3785035
2024-07-29,-0.226,3797638
2024-07-26,1.789,3806242
2024-07-25,-0.870,3739336
2024-07-24,-2.815,3772173
2024-07-23,-0.488,3881417
2024-07-22,1.560,3900467
2024-07-19,-0.978,3840572
2024-07-18,-1.294,3878494
2024-07-17,-1.579,3929325
2024-07-16,0.809,3992368
2024-07-15,-0.294,3960342
2024-07-12,1.194,3972038
2024-07-11,-0.615,3925153
2024-07-10,1.727,3949457
2024-07-09,-0.163,3882400
2024-07-08,-0.206,3888743
2024-07-05,0.893,3896789
2024-07-03,1.054,3862287
2024-07-02,0.739,3821989
2024-07-01,0.280,3793952
2024-06-28,-0.300,3783366
2024-06-27,0.177,3794763
2024-06-26,-0.326,3788059
2024-06-25,0.478,3800463
2024-06-24,0.156,3782367
2024-06-21,-0.538,3776489
2024-06-20,-0.219,3796914
2024-06-18,0.450,3805252
2024-06-17,0.944,3788220
2024-06-14,-0.603,3752806
2024-06-13,-0.673,3775564
2024-06-12,1.425,3801136
2024-06-11,-0.460,3747744
2024-06-10,0.221,3765080
2024-06-07,-0.767,3756778
2024-06-06,0.192,3785812
2024-06-05,1.470,3778541
2024-06-04,0.015,3723803
2024-06-03,0.233,3723254
2024-05-31,1.384,3714602
2024-05-30,-0.104,3663880
2024-05-29,-1.590,3667680
2024-05-28,0.030,3726946
2024-05-24,1.083,3725816
2024-05-23,-0.976,3685881
2024-05-22,-0.835,3722228
2024-05-21,0.115,3753568
2024-05-20,0.137,3749262
2024-05-17,0.325,3744126
2024-05-16,-0.519,3731979
2024-05-15,1.715,3751435
2024-05-14,0.841,3688194
2024-05-13,0.002,3657428
2024-05-10,0.215,3657371
2024-05-09,0.960,3649513
2024-05-08,-0.069,3614809
2024-05-07,0.246,3617319
2024-05-06,1.323,3608452
2024-05-03,1.705,3561352
2024-05-02,1.653,3501645
2024-05-01,-0.437,3444698
2024-04-30,-2.190,3459821
2024-04-29,0.539,3537296
2024-04-26,1.328,3518339
2024-04-25,-0.632,3472235
2024-04-24,-0.170,3494319
2024-04-23,1.723,3500260
2024-04-22,1.538,3440971
2024-04-19,-0.781,3388837
2024-04-18,-0.364,3415498
2024-04-17,-0.509,3427977
2024-04-16,-0.770,3445518
2024-04-15,-1.319,3472246
2024-04-12,-2.204,3518648
2024-04-11,0.825,3597950
2024-04-10,-1.686,3568506
2024-04-09,0.085,3629714
2024-04-08,0.332,3626631
2024-04-05,1.111,3614614
2024-04-04,-1.603,3574881
2024-04-03,0.418,3633128
2024-04-02,-0.991,3618012
2024-04-01,-0.416,3654229
2024-03-28,-0.160,3669492
2024-03-27,1.094,3675375
2024-03-26,-0.107,3635612
2024-03-25,-0.382,3639510
2024-03-22,-0.304,3653452
2024-03-21,0.253,3664597
2024-03-20,1.446,3655365
2024-03-19,0.590,3603277
2024-03-18,0.503,3582132
2024-03-15,-0.597,3564211
2024-03-14,-0.622,3585619
2024-03-13,-0.142,3608063
2024-03-12,1.427,3613186
2024-03-11,-0.428,3562366
2024-03-08,-0.738,3577685
2024-03-07,1.585,3604270
2024-03-06,1.156,3548030
2024-03-05,-1.013,3507494
2024-03-04,-0.259,3543403
2024-03-01,1.415,3552616
2024-02-29,0.469,3503057
2024-02-28,-0.477,3486719
2024-02-27,0.318,3503418
2024-02-26,-0.422,3492303
2024-02-23,0.128,3507105
2024-02-22,2.526,3502607
2024-02-21,0.118,3416305
2024-02-20,-0.260,3412274
2024-02-16,-0.364,3421161
2024-02-15,1.267,3433662
2024-02-14,1.463,3390694
2024-02-13,-2.137,3341812
2024-02-12,0.050,3414796
2024-02-09,0.711,3413093
2024-02-08,-0.071,3388989
2024-02-07,0.709,3391389
2024-02-06,0.611,3367529
2024-02-05,-0.648,3347080
2024-02-02,0.463,3368923
2024-02-01,1.752,3353395
2024-01-31,-1.770,3295645
2024-01-30,-0.157,3355033
2024-01-29,1.047,3360325
2024-01-26,0.135,3325500
2024-01-25,0.646,3321016
2024-01-24,0.535,3299685
2024-01-23,0.086,3282134
2024-01-22,0.365,3279329
2024-01-19,1.256,3267406
2024-01-18,1.332,3226889
2024-01-17,-1.082,3184485
2024-01-16,-1.349,3219326
2024-01-12,0.301,3263356
2024-01-11,-0.058,3253570
2024-01-10,0.888,3255465
2024-01-09,-0.686,3226825
2024-01-08,1.922,3249111
2024-01-05,0.154,3187838
2024-01-04,-0.162,3182953
2024-01-03,-1.198,3188110
2024-01-02,-1.183,3226770
2023-12-29,-0.205,3265396
2023-12-28,-0.137,3272108
2023-12-27,0.472,3276583
2023-12-26,0.642,3261193
2023-12-22,0.226,3240383
2023-12-21,1.827,3233073
2023-12-20,-1.856,3175066
2023-12-19,1.026,3235113
2023-12-18,0.633,3202253
2023-12-15,-0.728,3182105
2023-12-14,0.710,3205454
2023-12-13,2.088,3182858
2023-12-12,0.504,3117760
2023-12-11,0.485,3102122
2023-12-08,0.556,3087151
2023-12-07,0.965,3070090
2023-12-06,-0.192,3040732
2023-12-05,-0.243,3046593
2023-12-04,-0.946,3054002
2023-12-01,1.150,3083169
2023-11-30,0.294,3048127
2023-11-29,0.051,3039192
2023-11-28,0.095,3037657
2023-11-27,-0.379,3034777
2023-11-24,0.502,3046328
2023-11-22,0.480,3031109
2023-11-21,-0.440,3016644
2023-11-20,0.894,3029970
2023-11-17,0.895,3003110
2023-11-16,0.058,2976481
2023-11-15,0.088,2974766
2023-11-14,3.258,2972161
2023-11-13,0.057,2878397
2023-11-10,1.674,2876760
2023-11-09,-0.727,2829393
2023-11-08,-0.022,2850117
2023-11-07,-0.116,2850746
2023-11-06,-0.105,2854055
2023-11-03,1.429,2857061
2023-11-02,2.931,2816818
2023-11-01,1.516,2736605
2023-10-31,0.772,2695738
2023-10-30,1.850,2675084
2023-10-27,-0.605,2626492
2023-10-26,-1.525,2642478
2023-10-25,-1.727,2683397
2023-10-24,1.010,2730562
2023-10-23,-0.122,2703252
2023-10-20,-1.679,2706548
2023-10-19,-1.345,2752762
2023-10-18,-2.253,2790286
2023-10-17,0.019,2854607
2023-10-16,1.385,2854058
2023-10-13,-1.015,2815083
2023-10-12,-1.057,2843946
2023-10-11,0.609,2874315
2023-10-10,1.281,2856919
2023-10-09,0.485,2820788
2023-10-06,1.743,2807180
2023-10-05,0.481,2759096
2023-10-04,0.767,2745894
2023-10-03,-1.986,2724984
2023-10-02,-0.930,2780192
2023-09-29,-0.405,2806279
2023-09-28,1.008,2817684
2023-09-27,-0.089,2789557
2023-09-26,-2.110,2792043
2023-09-25,0.101,2852229
2023-09-22,-0.162,2849364
2023-09-21,-2.523,2853978
2023-09-20,-0.988,2927859
2023-09-19,-0.148,2957064
2023-09-18,-0.171,2961437
2023-09-15,-1.229,2966495
2023-09-14,1.566,3003410
2023-09-13,-0.093,2957110
2023-09-12,-0.753,2959853
2023-09-11,1.212,2982303
2023-09-08,0.040,2946584
2023-09-07,-0.486,2945398
2023-09-06,-0.748,2959771
2023-09-05,-0.920,2982063
2023-09-01,0.124,3009763
2023-08-31,-0.377,3006040
2023-08-30,0.325,3017400
2023-08-29,2.036,3007630
2023-08-28,1.197,2947626
2023-08-25,1.036,2912754
2023-08-24,-2.083,2882883
2023-08-23,1.654,2944217
2023-08-22,-0.368,2896315
2023-08-21,0.804,2907011
2023-08-18,0.033,2883816
2023-08-17,-1.128,2882875
2023-08-16,-1.162,2915754
2023-08-15,-1.826,2950031
2023-08-14,0.226,3004897
2023-08-11,-0.473,2998117
2023-08-10,0.281,3012369
2023-08-09,-0.639,3003927
2023-08-08,-0.770,3023251
2023-08-07,1.298,3046722
2023-08-04,-0.259,3007696
2023-08-03,-0.439,3015514
2023-08-02,-2.382,3028824
2023-08-01,-1.014,3102718
2023-07-31,0.177,3134498
2023-07-28,1.304,3128969
2023-07-27,-0.746,3088686
2023-07-26,0.165,3111904
2023-07-25,0.301,3106781
2023-07-24,0.246,3097464
2023-07-21,0.111,3089875
2023-07-20,-0.915,3086439
2023-07-19,0.157,3114934
2023-07-18,1.033,3110049
2023-07-17,0.227,3078243
2023-07-14,-0.398,3071259
2023-07-13,1.642,3083539
2023-07-12,1.841,3033719
2023-07-11,1.099,2978892
2023-07-10,0.386,2946525
2023-07-07,0.201,2935195
2023-07-06,-1.735,2929320
2023-07-05,-0.803,2981052
2023-07-03,0.028,3005169
2023-06-30,1.784,3004330
2023-06-29,0.262,2951662
2023-06-28,0.077,2943943
2023-06-27,1.506,2941691
2023-06-26,-0.306,2898054
2023-06-23,-1.616,2906946
2023-06-22,-0.059,2954709
2023-06-21,-0.379,2956448
2023-06-20,-1.261,2967710
2023-06-16,-0.441,3005597
2023-06-15,1.732,3018920
2023-06-14,0.319,2967530
2023-06-13,1.151,2958084
2023-06-12,1.052,2924426
2023-06-09,0.049,2893993
2023-06-08,1.158,2892562
2023-06-07,-0.830,2859461
2023-06-06,0.677,2883392
2023-06-05,-0.524,2864006
2023-06-02,2.057,2879087
2023-06-01,1.736,2821056
2023-05-31,-1.128,2772922
2023-05-30,-0.572,2804569
2023-05-26,1.760,2820700
2023-05-25,0.699,2771913
2023-05-24,-1.543,2752660
2023-05-23,-1.896,2795786
2023-05-22,0.042,2849808
2023-05-19,0.206,2848607
2023-05-18,0.770,2842748
2023-05-17,1.369,2821019
2023-05-16,-1.184,2782909
2023-05-15,0.763,2816265
2023-05-12,-0.236,2794945
2023-05-11,-0.315,2801547
2023-05-10,0.287,2810403
2023-05-09,-0.649,2802361
2023-05-08,0.030,2820679
2023-05-05,2.560,2819840
2023-05-04,-0.776,2749445
2023-05-03,-0.475,2770938
2023-05-02,-1.626,2784173
2023-05-01,-0.191,2830181
2023-04-28,0.733,2835587
2023-04-27,2.554,2814949
2023-04-26,-0.435,2744853
2023-04-25,-2.277,2756854
2023-04-24,0.239,2821079
2023-04-21,0.364,2814354
2023-04-20,-0.503,2804157
2023-04-19,-0.213,2818322
2023-04-18,0.376,2824337
2023-04-17,0.207,2813759
2023-04-14,-0.475,2807955
2023-04-13,1.928,2821352
2023-04-12,0.006,2767995
2023-04-11,0.211,2767840
2023-04-10,0.040,2761999
2023-04-06,0.619,2760882
2023-04-05,-0.653,2743885
2023-04-04,-0.494,2761910
2023-04-03,0.800,2775622
2023-03-31,1.551,2753584
2023-03-30,1.211,2711526
2023-03-29,2.030,2679075
2023-03-28,-0.187,2625759
2023-03-27,0.725,2630670
2023-03-24,0.402,2611735
2023-03-23,0.244,2601267
2023-03-22,-1.761,2594927
2023-03-21,2.093,2641430
2023-03-20,1.813,2587279
2023-03-17,-1.786,2541197
2023-03-16,2.544,2587398
2023-03-15,-2.453,2523212
2023-03-14,2.313,2586675
2023-03-13,-0.559,2528195
2023-03-10,-1.960,2542404
2023-03-09,-2.108,2593237
2023-03-08,0.464,2649075
2023-03-07,-2.374,2636829
2023-03-06,-0.099,2700939
2023-03-03,2.310,2703608
2023-03-02,0.814,2642572
2023-03-01,-0.037,2621228
2023-02-28,-0.782,2622196
2023-02-27,1.012,2642864
2023-02-24,-1.968,2616385
2023-02-23,0.780,2668914
2023-02-22,-0.467,2648268
2023-02-21,-2.499,2660689
2023-02-17,-0.082,2728887
2023-02-16,-1.554,2731139
2023-02-15,0.014,2774252
2023-02-14,0.058,2773873
2023-02-13,1.668,2772251
2023-02-10,-0.064,2726775
2023-02-09,-0.686,2728531
2023-02-08,-1.370,2747390
2023-02-07,1.693,2785557
2023-02-06,-1.179,2739186
2023-02-03,-1.524,2771869
2023-02-02,1.204,2814755
2023-02-01,1.470,2781280
2023-01-31,1.651,2740994
2023-01-30,-1.510,2696482
2023-01-27,0.079,2737814
2023-01-26,1.019,2735644
2023-01-25,0.420,2708045
2023-01-24,-0.181,2696719
2023-01-23,1.310,2701600
2023-01-20,2.200,2666672
2023-01-19,-0.757,2609261
2023-01-18,-1.636,2629162
2023-01-17,0.013,2672888
2023-01-13,0.656,2672535
2023-01-12,1.198,2655109
2023-01-11,1.565,2623669
2023-01-10,0.787,2583253
2023-01-09,0.200,2563076
2023-01-06,3.616,2557973
2023-01-05,-1.635,2468710
2023-01-04,1.496,2509755
2023-01-03,0.147,2472765
2022-12-30,-0.868,2469132
2022-12-29,2.586,2490761
2022-12-28,-1.773,2427968
2022-12-27,-0.272,2471789
2022-12-23,0.723,2478529
2022-12-22,-1.782,2460735
2022-12-21,1.972,2505387
2022-12-20,0.357,2456926
2022-12-19,-0.923,2448180
2022-12-16,-1.593,2470990
2022-12-15,-3.760,2511003
2022-12-14,-0.633,2609114
2022-12-13,1.537,2625735
2022-12-12,1.472,2586000
2022-12-09,-0.644,2548484
2022-12-08,1.014,2565010
2022-12-07,-0.162,2539273
2022-12-06,-1.581,2543403
2022-12-05,-2.412,2584266
2022-12-02,-0.156,2648135
2022-12-01,0.506,2652282
2022-11-30,3.859,2638924
2022-11-29,0.014,2540873
2022-11-28,-2.190,2540528
2022-11-25,0.278,2597421
2022-11-23,1.210,2590208
2022-11-22,2.036,2559245
2022-11-21,-0.786,2508178
2022-11-18,0.518,2528048
2022-11-17,-0.309,2515024
2022-11-16,-0.827,2522832
2022-11-15,1.155,2543872
2022-11-14,-1.398,2514836
2022-11-11,2.059,2550487
2022-11-10,8.342,2499025
2022-11-09,-2.676,2306609
2022-11-08,1.164,2370023
2022-11-07,1.032,2342752
2022-11-04,3.766,2318833
2022-11-03,-1.457,2234665
2022-11-02,-3.133,2267712
2022-11-01,0.072,2341067
2022-10-31,-1.214,2339383
2022-10-28,2.735,2368122
2022-10-27,-1.053,2305086
2022-10-26,-0.119,2329621
2022-10-25,2.705,2332405
2022-10-24,1.095,2270978
2022-10-21,3.259,2246389
2022-10-20,-0.897,2175496
2022-10-19,-1.368,2195191
2022-10-18,1.471,2225649
2022-10-17,3.812,2193379
2022-10-14,-2.950,2112837
2022-10-13,3.641,2177071
2022-10-12,-0.501,2100587
2022-10-11,-1.240,2111173
2022-10-10,-1.032,2137686
2022-10-07,-3.514,2159975
2022-10-06,-1.990,2238640
2022-10-05,-0.853,2284102
2022-10-04,5.162,2303745
2022-10-03,3.574,2190655
2022-09-30,-1.608,2115062
2022-09-29,-2.572,2149639
2022-09-28,3.218,2206388
2022-09-27,-0.644,2137600
2022-09-26,-1.811,2151460
2022-09-23,-3.442,2191135
2022-09-22,-0.936,2269245
2022-09-21,-2.401,2290687
2022-09-20,-2.075,2347029
2022-09-19,0.910,2396774
2022-09-16,-1.064,2375163
2022-09-15,-1.561,2400698
2022-09-14,0.535,2438759
2022-09-13,-5.913,2425770
2022-09-12,1.776,2578218
2022-09-09,2.907,2533217
2022-09-08,0.626,2461658
2022-09-07,2.159,2446333
2022-09-06,-0.498,2394633
2022-09-02,-1.354,2406628
2022-09-01,-0.531,2439663
2022-08-31,-1.104,2452680
2022-08-30,-1.429,2480070
2022-08-29,-0.735,2516012
2022-08-26,-4.665,2534643
2022-08-25,1.952,2658673
2022-08-24,0.364,2607763
2022-08-23,-0.201,2598293
2022-08-22,-2.915,2603515
2022-08-19,-2.031,2681673
2022-08-18,0.060,2737274
2022-08-17,-1.115,2735621
2022-08-16,0.153,2766472
2022-08-15,0.009,2762235
2022-08-12,1.980,2761979
2022-08-11,-0.023,2708340
2022-08-10,3.196,2708974
2022-08-09,-0.675,2625070
2022-08-08,0.027,2642897
2022-08-05,-0.568,2642193
2022-08-04,0.232,2657281
2022-08-03,1.740,2651139
2022-08-02,-1.534,2605794
2022-08-01,-0.186,2646402
2022-07-29,2.121,2651342
2022-07-28,1.422,2596273
2022-07-27,3.780,2559864
2022-07-26,-1.910,2466622
2022-07-25,0.571,2514643
2022-07-22,-0.991,2500361
2022-07-21,1.506,2525391
2022-07-20,0.185,2487927
2022-07-19,4.048,2483338
2022-07-18,-0.523,2386716
2022-07-15,2.683,2399267
2022-07-14,-1.051,2336573
2022-07-13,-0.513,2361396
2022-07-12,-0.822,2373569
2022-07-11,-1.976,2393246
2022-07-08,-0.014,2441481
2022-07-07,2.245,2441813
2022-07-06,0.352,2388197
2022-07-05,-1.095,2379820
2022-07-01,1.093,2406160
2022-06-30,-1.054,2380149
2022-06-29,-0.302,2405512
2022-06-28,-2.229,2412798
2022-06-27,-0.591,2467797
2022-06-24,4.645,2482478
2022-06-23,0.817,2372287
2022-06-22,-0.569,2353073
2022-06-21,3.200,2366532
2022-06-17,-0.056,2293158
2022-06-16,-4.282,2294441
2022-06-15,2.409,2397093
2022-06-14,-0.841,2340717
2022-06-13,-5.406,2360568
2022-06-10,-4.125,2495464
2022-06-09,-3.390,2602818
2022-06-08,-1.814,2694142
2022-06-07,1.041,2743919
2022-06-06,0.514,2715647
2022-06-03,-2.325,2701767
2022-06-02,2.972,2766071
2022-06-01,-1.365,2686231
2022-05-31,-0.857,2723397
2022-05-27,2.931,2746936
2022-05-26,2.416,2668709
2022-05-25,0.785,2605746
2022-05-24,-0.765,2585462
2022-05-23,2.693,2605388
2022-05-20,0.460,2537071
2022-05-19,0.044,2525465
2022-05-18,-4.969,2524358
2022-05-17,2.946,2656339
2022-05-16,-0.308,2580326
2022-05-13,3.835,2588305
2022-05-12,-0.245,2492701
2022-05-11,-1.782,2498817
2022-05-10,0.657,2544156
2022-05-09,-4.724,2527562
2022-05-06,-1.125,2652883
2022-05-05,-5.058,2683072
2022-05-04,3.777,2826020
2022-05-03,0.859,2723177
2022-05-02,0.387,2699996
2022-04-29,-3.989,2689600
2022-04-28,3.115,2801334
2022-04-27,0.524,2716702
2022-04-26,-4.333,2702541
2022-04-25,0.228,2824955
2022-04-22,-3.451,2818530
2022-04-21,-1.981,2919274
2022-04-20,0.327,2978283
2022-04-19,1.736,2968572
2022-04-18,-0.316,2917923
2022-04-14,-1.389,2927178
2022-04-13,1.674,2968400
2022-04-12,-0.799,2919514
2022-04-11,-2.188,2943017
2022-04-08,-0.218,3008845
2022-04-07,0.588,3015428
2022-04-06,-1.625,2997801
2022-04-05,-1.945,3047321
2022-04-04,1.009,3107753
2022-04-01,0.821,3076715
2022-03-31,-2.368,3051665
2022-03-30,-0.798,3125695
2022-03-29,2.442,3150823
2022-03-28,0.445,3075708
2022-03-25,0.467,3062075
2022-03-24,1.902,3047839
2022-03-23,-1.911,2990965
2022-03-22,1.603,3049241
2022-03-21,-0.397,3001139
2022-03-18,1.556,3013087
2022-03-17,1.630,2966908
2022-03-16,4.106,2919321
2022-03-15,2.517,2804175
2022-03-14,-0.093,2735328
2022-03-11,-1.772,2737868
2022-03-10,-1.116,2787244
2022-03-09,4.933,2818703
2022-03-08,-0.163,2686191
2022-03-07,-4.619,2690569
2022-03-04,-2.473,2820868
2022-03-03,-1.632,2892404
2022-03-02,2.419,2940398
2022-03-01,-2.650,2870936
2022-02-28,-1.340,2949080
2022-02-25,3.475,2989137
2022-02-24,0.549,2888751
2022-02-23,-2.115,2872987
2022-02-22,-1.677,2935055
2022-02-18,-0.840,2985115
2022-02-17,-2.873,3010414
2022-02-16,0.324,3099474
2022-02-15,2.556,3089476
2022-02-14,-0.682,3012474
2022-02-11,-2.661,3033170
2022-02-10,-2.347,3116087
2022-02-09,2.265,3190965
2022-02-08,1.043,3120284
2022-02-07,-0.191,3088071
2022-02-04,0.564,3093974
2022-02-03,-3.030,3076615
2022-02-02,1.309,3172739
2022-02-01,1.166,3131741
2022-01-31,2.503,3095644
2022-01-28,2.467,3020056
2022-01-27,-0.731,2947350
2022-01-26,-0.460,2969057
2022-01-25,-1.469,2982787
2022-01-24,-0.216,3027253
2022-01-21,-2.611,3033800
2022-01-20,-1.296,3115128
2022-01-19,-0.988,3156026
2022-01-18,-2.469,3187526
2022-01-14,-0.025,3268227
2022-01-13,-1.662,3269057
2022-01-12,0.826,3324310
2022-01-11,1.473,3297069
2022-01-10,-0.671,3249195
2022-01-07,-0.179,3271142
2022-01-06,-0.389,3276998
2022-01-05,-2.231,3289797
2022-01-04,0.306,3364866
2022-01-03,0.903,3354609
2021-12-31,-0.279,3324598
2021-12-30,-0.402,3333892
2021-12-29,0.092,3347357
2021-12-28,-0.051,3344295
2021-12-27,1.733,3346005
2021-12-23,0.913,3288991
2021-12-22,1.464,3259250
2021-12-21,2.290,3212218
2021-12-20,-1.100,3140294
2021-12-17,-1.716,3175232
2021-12-16,-0.789,3230668
2021-12-15,2.237,3256371
2021-12-14,-0.943,3185123
2021-12-13,-1.349,3215453
2021-12-10,0.979,3259416
2021-12-09,-1.104,3227810
2021-12-08,0.351,3263858
2021-12-07,3.099,3252434
2021-12-06,1.636,3154679
2021-12-03,-1.025,3103902
2021-12-02,2.124,3136049
2021-12-01,-1.363,3070820
2021-11-30,-2.300,3113251
2021-11-29,1.427,3186530
2021-11-26,-3.582,3141708
2021-11-24,-0.144,3258417
2021-11-23,0.062,3263100
2021-11-22,-0.595,3261092
2021-11-19,-0.657,3280596
2021-11-18,0.363,3302284
2021-11-17,-0.291,3290349
2021-11-16,0.225,3299940
2021-11-15,-0.078,3292529
2021-11-12,0.998,3295088
2021-11-11,0.240,3262541
2021-11-10,-1.431,3254728
2021-11-09,-0.425,3301990
2021-11-08,0.069,3316070
2021-11-05,0.396,3313793
2021-11-04,0.385,3300719
2021-11-03,1.028,3288073
2021-11-02,0.238,3254605
2021-11-01,0.728,3246891
2021-10-29,-0.164,3223410
2021-10-28,1.451,3228690
2021-10-27,-0.636,3182513
2021-10-26,0.199,3202887
2021-10-25,0.363,3196513
2021-10-22,0.264,3184958
2021-10-21,-0.049,3176558
2021-10-20,0.555,3178123
2021-10-19,1.044,3160597
2021-10-18,0.013,3127940
2021-10-15,1.175,3127531
2021-10-14,2.108,3091223
2021-10-13,0.917,3027416
2021-10-12,-0.193,2999903
2021-10-11,-0.845,3005692
2021-10-08,-0.173,3031317
2021-10-07,1.246,3036568
2021-10-06,-0.024,2999200
2021-10-05,1.356,2999934
2021-10-04,-1.791,2959796
2021-10-01,1.219,3013783
2021-09-30,-1.339,2977478
2021-09-29,0.014,3017887
2021-09-28,-3.142,3017479
2021-09-27,-0.296,3115360
2021-09-24,-0.424,3124605
2021-09-23,1.760,3137924
2021-09-22,1.190,3083662
2021-09-21,0.521,3047406
2021-09-20,-2.629,3031606
2021-09-17,-1.665,3113461
2021-09-16,-0.238,3166174
2021-09-15,0.926,3173742
2021-09-14,-0.735,3144635
2021-09-13,0.709,3167907
2021-09-10,-0.840,3145607
2021-09-09,-0.487,3172247
2021-09-08,-0.587,3187765
2021-09-07,-0.275,3206596
2021-09-03,0.250,3215434
2021-09-02,0.519,3207409
2021-09-01,0.591,3190845
2021-08-31,-0.162,3172110
2021-08-30,0.377,3177257
2021-08-27,1.345,3165310
2021-08-26,-0.839,3123301
2021-08-25,0.209,3149714
2021-08-24,0.268,3143130
2021-08-23,1.347,3134732
2021-08-20,0.952,3093055
2021-08-19,-0.459,3063890
2021-08-18,-1.211,3078013
2021-08-17,-1.145,3115738
2021-08-16,-0.101,3151820
2021-08-13,0.525,3155014
2021-08-12,0.214,3138544
2021-08-11,0.633,3131838
2021-08-10,0.246,3112152
2021-08-09,-0.103,3104525
2021-08-06,-0.077,3107727
2021-08-05,0.860,3110137
2021-08-04,-0.619,3083628
2021-08-03,1.160,3102843
2021-08-02,0.115,3067250
2021-07-30,-0.745,3063731
2021-07-29,0.790,3086714
2021-07-28,0.221,3062508
2021-07-27,-0.653,3055740
2021-07-26,0.302,3075813
2021-07-23,1.340,3066548
2021-07-22,0.213,3026005
2021-07-21,1.622,3019585
2021-07-20,1.745,2971396
2021-07-19,-2.399,2920423
2021-07-16,-1.138,2992199
2021-07-15,-0.860,3026648
2021-07-14,0.266,3052902
2021-07-13,-0.612,3044816
2021-07-12,0.571,3063557
2021-07-09,1.960,3046165
2021-07-08,-1.484,2987622
2021-07-07,0.637,3032620
2021-07-06,-0.545,3013430
2021-07-02,0.893,3029942
2021-07-01,0.644,3003127
2021-06-30,-0.374,2983913
2021-06-29,0.063,2995122
2021-06-28,-0.194,2993233
2021-06-25,0.446,2999062
2021-06-24,1.105,2985743
2021-06-23,-0.489,2953108
2021-06-22,0.490,2967623
2021-06-21,2.089,2953146
2021-06-18,-2.447,2892729
2021-06-17,-0.446,2965286
2021-06-16,-0.867,2978557
2021-06-15,-0.091,3004597
2021-06-14,0.303,3007327
2021-06-11,0.288,2998240
2021-06-10,0.579,2989627
2021-06-09,-0.295,2972413
2021-06-08,-0.011,2981202
2021-06-07,0.110,2981515
2021-06-04,1.335,2978230
2021-06-03,-0.629,2938988
2021-06-02,0.341,2957579
2021-06-01,0.136,2947530
2021-05-28,0.302,2943534
2021-05-27,0.159,2934673
2021-05-26,0.141,2930021
2021-05-25,-0.185,2925899
2021-05-24,1.267,2931325
2021-05-21,0.009,2894643
2021-05-20,1.747,2894387
2021-05-19,-0.759,2844696
2021-05-18,-0.641,2866442
2021-05-17,-0.338,2884927
2021-05-14,2.374,2894718
2021-05-13,1.529,2827593
2021-05-12,-2.898,2785014
2021-05-11,-1.598,2868120
2021-05-10,-1.212,2914710
2021-05-07,1.315,2950481
2021-05-06,1.202,2912184
2021-05-05,0.828,2877599
2021-05-04,-1.424,2853962
2021-05-03,0.839,2895183
2021-04-30,-1.322,2871081
2021-04-29,0.592,2909540
2021-04-28,0.123,2892406
2021-04-27,-0.213,2888850
2021-04-26,0.231,2895020
2021-04-23,1.581,2888342
2021-04-22,-1.016,2843391
2021-04-21,1.463,2872572
2021-04-20,-1.717,2831155
2021-04-19,-0.543,2880619
2021-04-16,0.727,2896360
2021-04-15,1.461,2875466
2021-04-14,-0.263,2834055
2021-04-13,0.611,2841517
2021-04-12,-0.295,2824263
2021-04-09,0.840,2832608
2021-04-08,0.769,2809024
2021-04-07,0.228,2787581
2021-04-06,-0.692,2781227
2021-04-05,2.132,2800610
2021-04-01,1.736,2742139
2021-03-31,0.107,2695359
2021-03-30,-0.315,2692469
2021-03-29,-0.276,2700980
2021-03-26,2.219,2708464
2021-03-25,0.952,2649669
2021-03-24,-0.757,2624684
2021-03-23,-1.526,2644713
2021-03-22,0.768,2685699
2021-03-19,-0.001,2665243
2021-03-18,-1.834,2665274
2021-03-17,0.652,2715082
2021-03-16,-0.013,2697488
2021-03-15,0.580,2697834
2021-03-12,0.268,2682278
2021-03-11,1.226,2675099
2021-03-10,0.814,2642709
2021-03-09,2.105,2621367
2021-03-08,-0.660,2567332
2021-03-05,2.062,2584397
2021-03-04,-1.691,2532183
2021-03-03,-1.559,2575747
2021-03-02,-0.771,2616537
2021-03-01,3.361,2636866
2021-02-26,-1.330,2551117
2021-02-25,-3.191,2585497
2021-02-24,1.183,2670723
2021-02-23,0.165,2639505
2021-02-22,-0.843,2635161
2021-02-19,0.015,2657559
2021-02-18,-0.682,2657172
2021-02-17,-0.332,2675413
2021-02-16,0.354,2684335
2021-02-12,0.763,2674862
2021-02-11,0.536,2654595
2021-02-10,-0.239,2640431
2021-02-09,0.254,2646747
2021-02-08,1.056,2640035
2021-02-05,0.716,2612437
2021-02-04,1.094,2593858
2021-02-03,0.214,2565785
2021-02-02,1.887,2560318
2021-02-01,2.237,2512896
2021-01-29,-3.042,2457921
2021-01-28,1.163,2535030
2021-01-27,-3.544,2505884
2021-01-26,-0.055,2597943
2021-01-25,0.284,2599385
2021-01-22,-0.598,2592013
2021-01-21,0.128,2607613
2021-01-20,1.650,2604275
2021-01-19,1.142,2562000
2021-01-15,-1.583,2533080
2021-01-14,0.157,2573834
2021-01-13,0.163,2569799
2021-01-12,0.288,2565617
2021-01-11,-1.378,2558252
2021-01-08,1.065,2593997
2021-01-07,1.401,2566652
2021-01-06,1.214,2531196
2021-01-05,1.232,2500843
2021-01-04,-0.902,2470417
2020-12-31,-0.006,2492892
2020-12-30,0.207,2493045
2020-12-29,0.213,2487891
2020-12-28,1.253,2482593
2020-12-24,0.371,2451876
2020-12-23,0.723,2442807
2020-12-22,-0.301,2425272
2020-12-21,-1.084,2432601
2020-12-18,-0.664,2459266
2020-12-17,0.918,2475704
2020-12-16,0.372,2453175
2020-12-15,1.827,2444094
2020-12-14,-0.365,2400234
2020-12-11,-0.288,2409030
2020-12-10,0.053,2415990
2020-12-09,-0.723,2414703
2020-12-08,0.470,2432299
2020-12-07,-0.670,2420924
2020-12-04,1.283,2437252
2020-12-03,0.075,2406383
2020-12-02,0.197,2404578
2020-12-01,2.401,2399845
2020-11-30,-1.704,2343575
2020-11-27,0.656,2384205
2020-11-25,-0.211,2368665
2020-11-24,2.326,2373682
2020-11-23,0.451,2319734
2020-11-20,-0.426,2309313
2020-11-19,0.798,2319202
2020-11-18,-1.384,2300848
2020-11-17,-0.537,2333132
2020-11-16,1.734,2345727
2020-11-13,2.169,2305751
2020-11-12,-1.741,2256793
2020-11-11,1.173,2296770
2020-11-10,0.405,2270139
2020-11-09,2.853,2260990
2020-11-06,0.105,2198281
2020-11-05,3.196,2195967
2020-11-04,2.623,2127954
2020-11-03,3.144,2073561
2020-11-02,1.791,2010360
2020-10-30,-1.246,1974997
2020-10-29,1.198,1999915
2020-10-28,-4.944,1976248
2020-10-27,-0.790,2079041
2020-10-26,-2.753,2095587
2020-10-23,0.698,2154903
2020-10-22,0.545,2139966
2020-10-21,-0.460,2128374
2020-10-20,0.663,2138211
2020-10-19,-1.602,2124133
2020-10-16,0.221,2158709
2020-10-15,-0.817,2153944
2020-10-14,-0.668,2171681
2020-10-13,-1.251,2186293
2020-10-12,1.795,2213988
2020-10-09,1.255,2174957
2020-10-08,1.202,2148008
2020-10-07,2.072,2122497
2020-10-06,-1.899,2079403
2020-10-05,2.501,2119656
2020-10-02,-0.974,2067938
2020-10-01,0.924,2088284
2020-09-30,0.390,2069165
2020-09-29,-0.555,2061134
2020-09-28,2.410,2072634
2020-09-25,1.667,2023863
2020-09-24,0.182,1990682
2020-09-23,-2.594,1987062
2020-09-22,0.898,2039986
2020-09-21,-2.527,2021835
2020-09-18,-1.502,2074250
2020-09-17,-0.698,2105872
2020-09-16,-0.352,2120673
2020-09-15,0.834,2128174
2020-09-14,1.499,2110576
2020-09-11,0.644,2079408
2020-09-10,-2.245,2066099
2020-09-09,2.897,2113539
2020-09-08,-3.211,2054032
2020-09-04,-0.654,2122175
2020-09-03,-4.414,2136142
2020-09-02,2.098,2234792
2020-09-01,0.912,2188877
2020-08-31,-0.772,2169099
2020-08-28,0.997,2185969
2020-08-27,-0.403,2164392
2020-08-26,1.247,2173160
2020-08-25,0.351,2146396
2020-08-24,1.705,2138886
2020-08-21,0.015,2103039
2020-08-20,0.086,2102722
2020-08-19,-0.642,2100915
2020-08-18,0.156,2114488
2020-08-17,0.725,2111187
2020-08-14,-0.357,2095987
2020-08-13,-0.421,2103492
2020-08-12,2.556,2112376
2020-08-11,-0.536,2059731
2020-08-10,0.462,2070832
2020-08-07,-0.173,2061307
2020-08-06,0.667,2064889
2020-08-05,0.755,2051209
2020-08-04,0.676,2035833
2020-08-03,1.786,2022160
2020-07-31,-0.562,1986681
2020-07-30,-1.207,1997911
2020-07-29,1.743,2022318
2020-07-28,-0.955,1987671
2020-07-27,1.451,2006843
2020-07-24,-0.912,1978147
2020-07-23,-1.547,1996354
2020-07-22,0.671,2027723
2020-07-21,0.313,2014216
2020-07-20,1.003,2007929
2020-07-17,0.603,1987980
2020-07-16,-0.673,1976057
2020-07-15,1.487,1989452
2020-07-14,2.038,1960298
2020-07-13,-1.155,1921152
2020-07-10,1.555,1943609
2020-07-09,-1.187,1913847
2020-07-08,1.188,1936841
2020-07-07,-1.792,1914101
2020-07-06,2.366,1949024
2020-07-02,1.155,1903978
2020-07-01,0.861,1882237
2020-06-30,1.045,1866174
2020-06-29,1.830,1846881
2020-06-26,-3.017,1813695
2020-06-25,1.837,1870115
2020-06-24,-3.822,1836378
2020-06-23,0.744,1909360
2020-06-22,1.300,1895257
2020-06-19,-0.807,1870928
2020-06-18,-0.289,1886153
2020-06-17,-0.150,1891616
2020-06-16,2.447,1894455
2020-06-15,1.074,1849196
2020-06-12,2.113,1829554
2020-06-11,-8.409,1791700
2020-06-10,-0.634,1956203
2020-06-09,-1.443,1968689
2020-06-08,1.868,1997506
2020-06-05,3.299,1960885
2020-06-04,-0.488,1898265
2020-06-03,2.619,1907584
2020-06-02,1.306,1858891
2020-06-01,1.678,1834935
2020-05-29,0.183,1804653
2020-05-28,0.396,1801365
2020-05-27,2.048,1794262
2020-05-26,2.823,1758247
2020-05-22,0.003,1709970
2020-05-21,-1.313,1709918
2020-05-20,2.795,1732674
2020-05-19,-1.751,1685558
2020-05-18,5.145,1715596
2020-05-15,0.468,1631643
2020-05-14,0.498,1624034
2020-05-13,-2.039,1615994
2020-05-12,-2.519,1649629
2020-05-11,-0.034,1692260
2020-05-08,2.491,1692837
2020-05-07,1.988,1651697
2020-05-06,-0.997,1619505
2020-05-05,0.940,1635808
2020-05-04,0.226,1620581
2020-05-01,-3.716,1616927
2020-04-30,-2.085,1679328
2020-04-29,3.816,1715084
2020-04-28,0.025,1652039
2020-04-27,2.083,1651624
2020-04-24,1.953,1617915
2020-04-23,-0.192,1586915
2020-04-22,3.050,1589963
2020-04-21,-3.907,1542899
2020-04-20,-2.459,1605627
2020-04-17,4.037,1646101
2020-04-16,0.473,1582225
2020-04-15,-3.755,1574782
2020-04-14,3.740,1636217
2020-04-13,-1.395,1577233
2020-04-09,2.687,1599543
2020-04-08,3.501,1557688
2020-04-07,0.427,1504997
2020-04-06,9.217,1498598
2020-04-03,-2.643,1372127
2020-04-02,3.251,1409377
2020-04-01,-6.762,1365005
2020-03-31,-1.870,1464001
2020-03-30,4.200,1491893
2020-03-27,-4.390,1431766
2020-03-26,7.846,1497511
2020-03-25,3.298,1388560
2020-03-24,13.238,1344228
2020-03-23,-3.016,1187084
2020-03-20,-4.568,1224004
2020-03-19,1.125,1282590
2020-03-18,-7.994,1268327
2020-03-17,7.780,1378523
2020-03-16,-16.041,1279020
2020-03-13,11.325,1523379
2020-03-12,-15.206,1368408
2020-03-11,-7.446,1613802
2020-03-10,6.868,1743640
2020-03-09,-11.872,1631583
2020-03-06,-2.406,1851384
2020-03-05,-4.549,1897031
2020-03-04,5.625,1987432
2020-03-03,-3.064,1881589
2020-03-02,4.680,1941073
2020-02-28,-0.745,1854290
2020-02-27,-5.891,1868208
2020-02-26,-0.261,1985151
2020-02-25,-3.719,1990339
2020-02-24,-5.366,2067226
2020-02-21,-1.215,2184440
2020-02-20,-0.720,2211307
2020-02-19,0.627,2227345
2020-02-18,-0.605,2213474
2020-02-14,0.042,2226944
2020-02-13,-0.507,2226000
2020-02-12,0.782,2237334
2020-02-11,0.550,2219970
2020-02-10,0.796,2207833
2020-02-07,-1.040,2190402
2020-02-06,0.462,2213425
2020-02-05,1.615,2203240
2020-02-04,2.389,2168221
2020-02-03,0.822,2117626
2020-01-31,-2.659,2100363
2020-01-30,0.241,2157731
2020-01-29,-0.070,2152546
2020-01-28,1.517,2154056
2020-01-27,-2.682,2121871
2020-01-24,-1.061,2180351
2020-01-23,-0.043,2203724
2020-01-22,0.126,2204668
2020-01-21,-0.649,2201901
2020-01-17,0.454,2216276
2020-01-16,0.994,2206259
2020-01-15,0.201,2184537
2020-01-14,-0.082,2180161
2020-01-13,0.929,2181940
2020-01-10,-0.486,2161864
2020-01-09,0.748,2172413
2020-01-08,0.653,2156289
2020-01-07,-0.422,2142307
2020-01-06,0.577,2151376
2020-01-03,-1.429,2139042
2020-01-02,1.424,2170051
2019-12-31,0.487,2139588
2019-12-30,-0.933,2129215
2019-12-27,0.077,2149275
2019-12-26,0.727,2147626
2019-12-24,-0.060,2132133
2019-12-23,0.227,2133421
2019-12-20,0.428,2128593
2019-12-19,0.361,2119530
2019-12-18,-0.075,2111907
2019-12-17,-0.328,2113501
2019-12-16,1.242,2120457
2019-12-13,0.466,2094447
2019-12-12,1.172,2084738
2019-12-11,0.569,2060593
2019-12-10,-0.077,2048938
2019-12-09,-0.600,2050520
2019-12-06,1.369,2062898
2019-12-05,0.043,2035041
2019-12-04,1.110,2034166
2019-12-03,-0.831,2011828
2019-12-02,-1.076,2028681
2019-11-29,-0.753,2050746
2019-11-27,0.554,2066297
2019-11-26,0.165,2054904
2019-11-25,1.173,2051511
2019-11-22,0.366,2027727
2019-11-21,-0.228,2020332
2019-11-20,-0.716,2024955
2019-11-19,-0.108,2039551
2019-11-18,0.133,2041761
2019-11-15,1.013,2039043
2019-11-14,-0.039,2018597
2019-11-13,-0.182,2019378
2019-11-12,0.209,2023062
2019-11-11,-0.250,2018834
2019-11-08,0.180,2023894
2019-11-07,0.491,2020252
2019-11-06,-0.009,2010380
2019-11-05,-0.214,2010564
2019-11-04,0.659,2014874
2019-11-01,1.353,2001682
2019-10-31,-0.381,1974953
2019-10-30,0.518,1982513
2019-10-29,-0.048,1972288
2019-10-28,0.768,1973227
2019-10-25,0.425,1958188
2019-10-24,0.251,1949899
2019-10-23,0.583,1945026
2019-10-22,-0.440,1933750
2019-10-21,0.932,1942300
2019-10-18,-0.424,1924355
2019-10-17,0.407,1932545
2019-10-16,-0.057,1924710
2019-10-15,1.564,1925812
2019-10-14,-0.346,1896147
2019-10-11,1.984,1902739
2019-10-10,1.022,1865727
2019-10-09,1.284,1846854
2019-10-08,-1.948,1823438
2019-10-07,-0.463,1859673
2019-10-04,1.680,1868328
2019-10-03,1.132,1837468
2019-10-02,-2.852,1816897
2019-10-01,-1.673,1870245
2019-09-30,0.640,1902060
2019-09-27,-0.695,1889964
2019-09-26,0.029,1903192
2019-09-25,0.355,1902643
2019-09-24,-0.943,1895905
2019-09-23,-0.181,1913960
2019-09-20,-0.565,1917434
2019-09-19,0.191,1928332
2019-09-18,-0.023,1924656
2019-09-17,0.427,1925102
2019-09-16,-0.819,1916923
2019-09-13,0.273,1932752
2019-09-12,0.649,1927491
2019-09-11,0.958,1915062
2019-09-10,0.077,1896892
2019-09-09,0.216,1895440
2019-09-06,0.259,1891349
2019-09-05,1.462,1886459
2019-09-04,1.868,1859276
2019-09-03,-0.643,1825190
2019-08-30,0.194,1837006
2019-08-29,1.657,1833447
2019-08-28,0.629,1803564
2019-08-27,-0.404,1792295
2019-08-26,1.485,1799569
2019-08-23,-3.040,1773230
2019-08-22,-0.144,1828819
2019-08-21,1.144,1831452
2019-08-20,-0.889,1810745
2019-08-19,1.442,1826989
2019-08-16,2.050,1801018
2019-08-15,0.440,1764842
2019-08-14,-4.263,1757108
2019-08-13,1.954,1835354
2019-08-12,-1.562,1800176
2019-08-09,-1.019,1828741
2019-08-08,2.331,1847575
2019-08-07,0.277,1805484
2019-08-06,1.664,1800498
2019-08-05,-4.223,1771037
2019-08-02,-1.211,1849127
2019-08-01,-0.956,1871800
2019-07-31,-1.378,1889875
2019-07-30,-0.902,1916287
2019-07-29,-0.043,1933730
2019-07-26,0.714,1934560
2019-07-25,-1.026,1920845
2019-07-24,0.460,1940761
2019-07-23,1.006,1931874
2019-07-22,0.279,1912637
2019-07-19,-0.672,1907314
2019-07-18,0.504,1920215
2019-07-17,-0.695,1910579
2019-07-16,-0.533,1923943
2019-07-15,0.079,1934261
2019-07-12,0.468,1932735
2019-07-11,0.187,1923734
2019-07-10,0.631,1920138
2019-07-09,-0.146,1908092
2019-07-08,-0.834,1910881
2019-07-05,-0.559,1926952
2019-07-03,1.112,1937789
2019-07-02,0.399,1916486
2019-07-01,1.089,1908867
2019-06-28,0.797,1888310
2019-06-27,0.461,1873385
2019-06-26,-0.020,1864785
2019-06-25,-1.237,1865156
2019-06-24,0.014,1888525
2019-06-21,-0.388,1888263
2019-06-20,1.378,1895626
2019-06-19,0.570,1869854
2019-06-18,1.711,1859262
2019-06-17,0.071,1827984
2019-06-14,-0.532,1826687
2019-06-13,0.417,1836453
2019-06-12,-0.598,1828830
2019-06-11,0.269,1839835
2019-06-10,0.566,1834896
2019-06-07,1.642,1824572
2019-06-06,0.818,1795103
2019-06-05,0.753,1780531
2019-06-04,2.646,1767225
2019-06-03,0.118,1721676
2019-05-31,-1.762,1719640
2019-05-30,0.469,1750475
2019-05-29,-0.992,1742308
2019-05-28,-1.419,1759772
2019-05-24,0.844,1785101
2019-05-23,-1.640,1770167
2019-05-22,-0.517,1799682
2019-05-21,1.200,1809029
2019-05-20,-0.834,1787575
2019-05-17,-0.971,1802615
2019-05-16,1.302,1820299
2019-05-15,0.733,1796905
2019-05-14,1.411,1783832
2019-05-13,-3.687,1759017
2019-05-10,0.898,1826352
2019-05-09,-0.557,1810088
2019-05-08,-0.058,1820231
2019-05-07,-2.555,1821287
2019-05-06,-1.050,1869037
2019-05-03,1.518,1888862
2019-05-02,-0.290,1860610
2019-05-01,-1.019,1866014
2019-04-30,0.077,1885225
2019-04-29,0.378,1883782
2019-04-26,0.659,1876693
2019-04-25,-0.106,1864414
2019-04-24,-0.616,1866384
2019-04-23,0.921,1877946
2019-04-22,-0.027,1860812
2019-04-18,0.136,1861310
2019-04-17,-0.054,1858789
2019-04-16,0.099,1859786
2019-04-15,-0.037,1857945
2019-04-12,1.007,1858630
2019-04-11,-0.154,1840099
2019-04-10,0.522,1842935
2019-04-09,-0.832,1833358
2019-04-08,0.098,1848738
2019-04-05,0.577,1846921
2019-04-04,0.106,1836323
2019-04-03,0.593,1834381
2019-04-02,0.057,1823562
2019-04-01,1.819,1822526
2019-03-29,0.811,1789975
2019-03-28,0.187,1775576
2019-03-27,-0.447,1772255
2019-03-26,0.963,1780213
2019-03-25,0.011,1763234
2019-03-22,-2.859,1763044
2019-03-21,0.965,1814928
2019-03-20,-0.246,1797586
2019-03-19,0.135,1802019
2019-03-18,0.529,1799582
2019-03-15,1.084,1790104
2019-03-14,-0.072,1770901
2019-03-13,1.106,1772172
2019-03-12,0.298,1752780
2019-03-11,1.833,1747578
2019-03-08,-0.177,1716123
2019-03-07,-1.527,1719163
2019-03-06,-0.698,1745815
2019-03-05,-0.072,1758094
2019-03-04,-0.554,1759353
2019-03-01,0.884,1769148
2019-02-28,-0.257,1753652
2019-02-27,-0.286,1758163
2019-02-26,0.220,1763200
2019-02-25,0.290,1759333
2019-02-22,0.742,1754254
2019-02-21,-0.441,1741342
2019-02-20,0.340,1749054
2019-02-19,0.371,1743125
2019-02-15,1.830,1736686
2019-02-14,-0.186,1705474
2019-02-13,0.297,1708659
2019-02-12,1.849,1703593
2019-02-11,-0.012,1672666
2019-02-08,-0.085,1672867
2019-02-07,-1.649,1674294
2019-02-06,-0.422,1702370
2019-02-05,0.834,1709582
2019-02-04,0.847,1695449
2019-02-01,0.019,1681205
2019-01-31,0.814,1680878
2019-01-30,2.055,1667303
2019-01-29,0.011,1633734
2019-01-28,-1.003,1633560
2019-01-25,1.424,1650104
2019-01-24,0.110,1626935
2019-01-23,0.453,1625146
2019-01-22,-2.115,1617814
2019-01-18,1.782,1652768
2019-01-17,0.888,1623835
2019-01-16,0.378,1609543
2019-01-15,1.340,1603487
2019-01-14,-0.826,1582277
2019-01-11,-0.380,1595456
2019-01-10,0.546,1601543
2019-01-09,1.090,1592848
2019-01-08,1.211,1575679
2019-01-07,0.923,1556832
2019-01-04,4.860,1542599
2019-01-03,-2.683,1471100
2019-01-02,-0.033,1511651
2018-12-31,0.872,1512150
2018-12-28,0.196,1499082
2018-12-27,0.861,1496151
2018-12-26,5.934,1483376
2018-12-24,-3.123,1400278
2018-12-21,-2.898,1445413
2018-12-20,-1.715,1488558
2018-12-19,-1.949,1514528
2018-12-18,-0.055,1544638
2018-12-17,-2.255,1545490
2018-12-14,-2.432,1581140
2018-12-13,-0.143,1620550
2018-12-12,1.329,1622865
2018-12-11,0.204,1601574
2018-12-10,-0.298,1598317
2018-12-07,-2.742,1603102
2018-12-06,-0.708,1648299
2018-12-04,-4.455,1660055
2018-12-03,1.982,1737466
2018-11-30,0.288,1703704
2018-11-29,-0.505,1698807
2018-11-28,2.898,1707422
2018-11-27,0.065,1659343
2018-11-26,2.350,1658260
2018-11-23,-0.998,1620188
2018-11-21,1.143,1636517
2018-11-20,-2.739,1618022
2018-11-19,-2.061,1663583
2018-11-16,0.298,1698591
2018-11-15,1.135,1693552
2018-11-14,-0.577,1674551
2018-11-13,0.085,1684276
2018-11-12,-2.666,1682852
2018-11-09,-1.272,1728945
2018-11-08,-0.746,1751229
2018-11-07,2.724,1764385
2018-11-06,0.798,1717603
2018-11-05,0.483,1704006
2018-11-02,-0.444,1695823
2018-11-01,1.705,1703390
2018-10-31,1.393,1674842
2018-10-30,2.055,1651828
2018-10-29,-0.668,1618563
2018-10-26,-1.982,1629452
2018-10-25,2.366,1662396
2018-10-24,-4.480,1623970
2018-10-23,-1.037,1700132
2018-10-22,-0.676,1717950
2018-10-19,0.286,1729639
2018-10-18,-2.268,1724700
2018-10-17,-0.330,1764733
2018-10-16,3.011,1770570
2018-10-15,-0.655,1718825
2018-10-12,1.473,1730151
2018-10-11,-2.824,1705033
2018-10-10,-4.189,1754583
2018-10-09,-0.292,1831297
2018-10-08,-0.293,1836669
2018-10-05,-0.873,1842061
2018-10-04,-1.409,1858288
2018-10-03,-0.060,1884855
2018-10-02,-0.364,1885993
2018-10-01,0.380,1892880
2018-09-28,-0.485,1885712
2018-09-27,0.124,1894905
2018-09-26,-0.248,1892556
2018-09-25,0.209,1897253
2018-09-24,-0.574,1893290
2018-09-21,-0.060,1904211
2018-09-20,1.472,1905362
2018-09-19,0.305,1877731
2018-09-18,1.118,1872026
2018-09-17,-0.435,1851332
2018-09-14,0.100,1859424
2018-09-13,0.980,1857560
2018-09-12,0.271,1839527
2018-09-11,0.354,1834562
2018-09-10,0.521,1828099
2018-09-07,-0.663,1818631
2018-09-06,-0.461,1830773
2018-09-05,-0.796,1839258
2018-09-04,-0.667,1854012
2018-08-31,-0.479,1866467
2018-08-30,-0.938,1875443
2018-08-29,0.797,1893198
2018-08-28,-0.014,1878227
2018-08-27,1.499,1878486
2018-08-24,0.884,1850736
2018-08-23,-0.550,1834514
2018-08-22,0.174,1844652
2018-08-21,0.574,1841447
2018-08-20,0.513,1830945
2018-08-17,0.667,1821607
2018-08-16,1.151,1809531
2018-08-15,-1.543,1788934
2018-08-14,0.572,1816964
2018-08-13,-0.552,1806622
2018-08-10,-1.753,1816655
2018-08-09,-0.295,1849078
2018-08-08,-0.092,1854553
2018-08-07,0.742,1856266
2018-08-06,0.083,1842588
2018-08-03,0.418,1841059
2018-08-02,0.105,1833404
2018-08-01,-0.450,1831480
2018-07-31,0.515,1839754
2018-07-30,-0.482,1830324
2018-07-27,-0.505,1839192
2018-07-26,-0.475,1848528
2018-07-25,1.196,1857354
2018-07-24,0.792,1835405
2018-07-23,0.164,1820982
2018-07-20,0.166,1818001
2018-07-19,-0.465,1814984
2018-07-18,0.195,1823462
2018-07-17,0.465,1819914
2018-07-16,-0.111,1811485
2018-07-13,0.248,1813495
2018-07-12,1.274,1809014
2018-07-11,-1.639,1786261
2018-07-10,0.295,1816030
2018-07-09,1.377,1810694
2018-07-06,1.081,1786097
2018-07-05,1.329,1767004
2018-07-03,-0.149,1743837
2018-07-02,-0.350,1746444
2018-06-29,0.457,1752585
2018-06-28,0.743,1744617
2018-06-27,-1.315,1731755
2018-06-26,0.304,1754835
2018-06-25,-2.052,1749517
2018-06-22,0.784,1786170
2018-06-21,-0.989,1772273
2018-06-20,0.194,1789969
2018-06-19,-0.879,1786502
2018-06-18,-0.609,1802344
2018-06-15,-0.419,1813381
2018-06-14,0.096,1821009
2018-06-13,-0.206,1819270
2018-06-12,-0.264,1823026
2018-06-11,0.492,1827844
2018-06-08,0.328,1818899
2018-06-07,-0.348,1812954
2018-06-06,1.279,1819293
2018-06-05,-0.032,1796313
2018-06-04,0.601,1796890
2018-06-01,1.398,1786157
2018-05-31,-0.931,1761526
2018-05-30,2.121,1778087
2018-05-29,-2.247,1741156
2018-05-25,-0.603,1781174
2018-05-24,-0.372,1791974
2018-05-23,-0.411,1798657
2018-05-22,-0.327,1806071
2018-05-21,1.046,1812002
2018-05-18,-0.444,1793236
2018-05-17,0.011,1801229
2018-05-16,0.457,1801024
2018-05-15,-1.049,1792830
2018-05-14,0.146,1811835
2018-05-11,0.427,1809193
2018-05-10,1.223,1801497
2018-05-09,1.010,1779728
2018-05-08,0.005,1761934
2018-05-07,0.309,1761854
2018-05-04,1.377,1756428
2018-05-03,-0.013,1732565
2018-05-02,-0.636,1732793
2018-05-01,-0.058,1743883
2018-04-30,-0.891,1744893
2018-04-27,0.140,1760576
2018-04-26,1.214,1758113
2018-04-25,0.115,1737032
2018-04-24,-1.461,1735031
2018-04-23,-0.094,1760759
2018-04-20,-0.991,1762411
2018-04-19,-0.726,1780056
2018-04-18,0.372,1793067
2018-04-17,1.230,1786421
2018-04-16,0.813,1764718
2018-04-13,-0.203,1750480
2018-04-12,0.952,1754049
2018-04-11,-0.693,1737511
2018-04-10,2.049,1749635
2018-04-09,0.929,1714508
2018-04-06,-2.372,1698727
2018-04-05,1.093,1740003
2018-04-04,1.158,1721188
2018-04-03,1.529,1701483
2018-04-02,-2.742,1675866
2018-03-29,1.684,1723113
2018-03-28,0.080,1694580
2018-03-27,-1.958,1693228
2018-03-26,3.536,1727041
2018-03-23,-2.618,1668060
2018-03-22,-3.373,1712910
2018-03-21,-0.083,1772704
2018-03-20,0.141,1774175
2018-03-19,-1.702,1771674
2018-03-16,0.051,1802344
2018-03-15,-0.135,1801422
2018-03-14,-0.323,1803864
2018-03-13,-0.974,1809716
2018-03-12,-0.050,1827525
2018-03-09,1.945,1828437
2018-03-08,0.560,1793560
2018-03-07,-0.054,1783567
2018-03-06,0.577,1784524
2018-03-05,1.364,1774295
2018-03-02,0.753,1750414
2018-03-01,-2.320,1737333
2018-02-28,-1.492,1778591
2018-02-27,-2.019,1805533
2018-02-26,1.580,1842735
2018-02-23,1.888,1814072
2018-02-22,0.423,1780460
2018-02-21,-0.731,1772956
2018-02-20,-1.112,1786014
2018-02-16,0.287,1806101
2018-02-15,1.506,1800928
2018-02-14,2.268,1774214
2018-02-13,0.040,1734859
2018-02-12,2.249,1734163
2018-02-09,1.618,1696019
2018-02-08,-4.918,1669006
2018-02-07,-1.116,1755330
2018-02-06,2.952,1775135
2018-02-05,-6.368,1724227
2018-02-02,-3.186,1841484
2018-02-01,0.065,1902091
2018-01-31,-0.039,1900864
2018-01-30,-1.423,1901613
2018-01-29,-1.143,1929056
2018-01-26,1.569,1951357
2018-01-25,-0.198,1921218
2018-01-24,0.066,1925020
2018-01-23,0.381,1923744
2018-01-22,1.021,1916439
2018-01-19,0.731,1897068
2018-01-18,-0.225,1883306
2018-01-17,1.154,1887544
2018-01-16,-0.364,1866011
2018-01-12,1.177,1872829
2018-01-11,1.065,1851049
2018-01-10,-0.256,1831543
2018-01-09,0.266,1836236
2018-01-08,0.145,1831361
2018-01-05,0.930,1828718
2018-01-04,1.017,1811862
2018-01-03,0.844,1793620
2018-01-02,1.076,1778602
2017-12-29,-0.298,1759675
2017-12-28,0.215,1764943
2017-12-27,0.150,1761157
2017-12-26,-0.127,1758515
2017-12-22,0.126,1760754
2017-12-21,0.394,1758547
2017-12-20,-0.151,1751645
2017-12-19,-0.562,1754302
2017-12-18,1.269,1764208
2017-12-15,0.727,1742107
2017-12-14,-0.699,1729529
2017-12-13,0.215,1741701
2017-12-12,0.232,1737962
2017-12-11,0.422,1733933
2017-12-08,0.808,1726645
2017-12-07,0.438,1712809
2017-12-06,-0.106,1705343
2017-12-05,-0.456,1707153
2017-12-04,-0.325,1714980
2017-12-01,-0.427,1720576
2017-11-30,0.845,1727963
2017-11-29,-0.292,1713481
2017-11-28,1.241,1718496
2017-11-27,-0.402,1697425
2017-11-24,0.689,1704283
2017-11-22,0.080,1692622
2017-11-21,1.032,1691266
2017-11-20,0.280,1673988
2017-11-17,-0.481,1669313
2017-11-16,1.241,1677384
2017-11-15,-0.737,1656822
2017-11-14,-0.254,1669127
2017-11-13,-0.169,1673382
2017-11-10,-0.193,1676213
2017-11-09,-0.667,1679463
2017-11-08,0.346,1690742
2017-11-07,-0.286,1684911
2017-11-06,0.221,1689751
2017-11-03,0.200,1686026
2017-11-02,0.212,1682654
2017-11-01,0.176,1679087
2017-10-31,0.387,1676143
2017-10-30,-0.198,1669677
2017-10-27,0.870,1672994
2017-10-26,0.105,1658572
2017-10-25,-0.679,1656838
2017-10-24,0.250,1668158
2017-10-23,-0.480,1663995
2017-10-20,0.381,1672014
2017-10-19,-0.073,1665676
2017-10-18,0.259,1666895
2017-10-17,-0.095,1662596
2017-10-16,0.073,1664185
2017-10-13,0.420,1662969
2017-10-12,-0.188,1656014
2017-10-11,0.286,1659129
2017-10-10,0.806,1654392
2017-10-09,-0.133,1641161
2017-10-06,-0.149,1643355
2017-10-05,0.489,1645801
2017-10-04,-0.009,1637799
2017-10-03,0.386,1637949
2017-10-02,0.330,1631645
2017-09-29,0.659,1626274
2017-09-28,0.262,1615621
2017-09-27,0.388,1611399
2017-09-26,-0.080,1605166
2017-09-25,-0.524,1606459
2017-09-22,0.199,1614922
2017-09-21,-0.362,1611709
2017-09-20,-0.101,1617564
2017-09-19,0.366,1619200
2017-09-18,0.266,1613289
2017-09-15,0.169,1609016
2017-09-14,0.075,1606296
2017-09-13,-0.284,1605097
2017-09-12,0.482,1609667
2017-09-11,1.422,1601946
2017-09-08,-0.098,1579492
2017-09-07,0.480,1581043
2017-09-06,0.674,1573493
2017-09-05,-1.048,1562952
2017-09-01,0.205,1579497
2017-08-31,1.000,1576265
2017-08-30,0.340,1560657
2017-08-29,-0.143,1555372
2017-08-28,0.001,1557601
2017-08-25,0.568,1557578
2017-08-24,-0.346,1548776
2017-08-23,-0.313,1554146
2017-08-22,1.225,1559033
2017-08-21,0.050,1540174
2017-08-18,0.021,1539410
2017-08-17,-2.061,1539080
2017-08-16,0.494,1571465
2017-08-15,-0.058,1563737
2017-08-14,1.322,1564644
2017-08-11,0.021,1544223
2017-08-10,-2.102,1543897
2017-08-09,-0.104,1577044
2017-08-08,-0.538,1578678
2017-08-07,0.189,1587219
2017-08-04,0.239,1584224
2017-08-03,-0.139,1580447
2017-08-02,0.067,1582647
2017-08-01,0.525,1581583
2017-07-31,0.072,1573315
2017-07-28,-0.045,1572185
2017-07-27,-0.219,1572887
2017-07-26,0.367,1576331
2017-07-25,0.295,1570569
2017-07-24,-0.185,1565943
2017-07-21,-0.313,1568845
2017-07-20,0.278,1573775
2017-07-19,0.743,1569407
2017-07-18,0.099,1557834
2017-07-17,-0.130,1556292
2017-07-14,0.833,1558320
2017-07-13,0.322,1545442
2017-07-12,1.154,1540489
2017-07-11,0.069,1522910
2017-07-10,0.242,1521866
2017-07-07,0.594,1518185
2017-07-06,-1.094,1509226
2017-07-05,0.206,1525924
2017-07-03,0.077,1522781
2017-06-30,0.203,1521611
2017-06-29,-1.382,1518532
2017-06-28,1.330,1539820
2017-06-27,-0.738,1519609
2017-06-26,0.158,1530908
2017-06-23,0.253,1528493
2017-06-22,-0.052,1524639
2017-06-21,-0.098,1525436
2017-06-20,-1.081,1526932
2017-06-19,0.991,1543614
2017-06-16,0.525,1528461
2017-06-15,-0.796,1520477
2017-06-14,-0.161,1532678
2017-06-13,0.902,1535153
2017-06-12,-0.247,1521435
2017-06-09,-0.364,1525197
2017-06-08,-0.066,1530768
2017-06-07,0.182,1531779
2017-06-06,-0.460,1528995
2017-06-05,-0.399,1536054
2017-06-02,0.956,1542205
2017-06-01,1.100,1527599
2017-05-31,0.048,1510973
2017-05-30,-0.143,1510248
2017-05-26,-0.192,1512416
2017-05-25,0.426,1515328
2017-05-24,0.243,1508904
2017-05-23,0.205,1505245
2017-05-22,0.526,1502164
2017-05-19,1.289,1494308
2017-05-18,0.464,1475298
2017-05-17,-2.276,1468491
2017-05-16,0.299,1502697
2017-05-15,0.800,1498218
2017-05-12,0.179,1486324
2017-05-11,-0.334,1483675
2017-05-10,0.253,1488645
2017-05-09,-0.232,1484893
2017-05-08,-0.465,1488348
2017-05-05,1.019,1495306
2017-05-04,0.681,1480221
2017-05-03,-0.231,1470211
2017-05-02,0.346,1473612
2017-05-01,0.467,1468538
2017-04-28,-0.259,1461711
2017-04-27,0.129,1465503
2017-04-26,-0.228,1463619
2017-04-25,0.940,1466969
2017-04-24,2.524,1453303
2017-04-21,-0.245,1417529
2017-04-20,1.212,1421014
2017-04-19,-0.414,1404000
2017-04-18,-0.543,1409830
2017-04-17,1.166,1417527
2017-04-13,-0.973,1401196
2017-04-12,-0.439,1414966
2017-04-11,0.178,1421212
2017-04-10,-0.018,1418680
2017-04-07,-0.132,1418937
2017-04-06,0.258,1420809
2017-04-05,-0.589,1417158
2017-04-04,0.035,1425555
2017-04-03,-0.244,1425057
2017-03-31,-0.295,1428540
2017-03-30,0.064,1432772
2017-03-29,0.081,1431857
2017-03-28,0.937,1430704
2017-03-27,0.065,1417419
2017-03-24,0.102,1416491
2017-03-23,0.042,1415049
2017-03-22,0.217,1414454
2017-03-21,-1.417,1411391
2017-03-20,-0.222,1431682
2017-03-17,-0.001,1434868
2017-03-16,0.116,1434878
2017-03-15,1.638,1433211
2017-03-14,-0.806,1410118
2017-03-13,0.360,1421579
2017-03-10,0.822,1416485
2017-03-09,0.343,1404941
2017-03-08,-0.388,1400145
2017-03-07,-0.478,1405597
2017-03-06,-0.456,1412351
2017-03-03,0.412,1418824
2017-03-02,-0.955,1413008
2017-03-01,1.883,1426628
2017-02-28,-0.333,1400256
2017-02-27,0.179,1404938
2017-02-24,-0.320,1402426
2017-02-23,0.188,1406925
2017-02-22,-0.081,1404291
2017-02-21,0.733,1405432
2017-02-17,-0.018,1395205
2017-02-16,0.061,1395459
2017-02-15,0.687,1394610
2017-02-14,0.264,1385094
2017-02-13,0.719,1381445
2017-02-10,0.488,1371581
2017-02-09,0.777,1364915
2017-02-08,0.216,1354391
2017-02-07,-0.058,1351474
2017-02-06,-0.589,1352254
2017-02-03,0.852,1360263
2017-02-02,0.087,1348769
2017-02-01,0.276,1347591
2017-01-31,0.082,1343877
2017-01-30,-0.982,1342778
2017-01-27,-0.240,1356098
2017-01-26,-0.333,1359365
2017-01-25,1.394,1363901
2017-01-24,0.722,1345146
2017-01-23,-0.081,1335503
2017-01-20,0.675,1336586
2017-01-19,-0.485,1327624
2017-01-18,0.023,1334094
2017-01-17,-0.538,1333790
2017-01-13,0.427,1341000
2017-01-12,-0.134,1335298
2017-01-11,0.568,1337090
2017-01-10,0.009,1329535
2017-01-09,-0.388,1329416
2017-01-06,0.115,1334599
2017-01-05,0.439,1333071
2017-01-04,1.219,1327249
2017-01-03,1.068,1311262
2016-12-30,-0.124,1297401
2016-12-29,0.125,1299015
2016-12-28,-0.980,1297394
2016-12-27,0.151,1310231
2016-12-23,0.288,1308253
2016-12-22,-0.293,1304499
2016-12-21,-0.237,1308331
2016-12-20,0.555,1311444
2016-12-19,0.104,1304200
2016-12-16,-0.137,1302849
2016-12-15,0.238,1304635
2016-12-14,-1.628,1301536
2016-12-13,1.230,1323071
2016-12-12,-0.366,1306998
2016-12-09,0.789,1311794
2016-12-08,0.165,1301527
2016-12-07,2.062,1299388
2016-12-06,0.691,1273140
2016-12-05,1.134,1264398
2016-12-02,0.193,1250225
2016-12-01,-0.564,1247820
2016-11-30,-0.280,1254904
2016-11-29,0.557,1258432
2016-11-28,-0.740,1251467
2016-11-25,0.514,1260795
2016-11-23,-0.164,1254351
2016-11-22,0.317,1256406
2016-11-21,1.174,1252441
2016-11-18,-0.831,1237906
2016-11-17,0.904,1248275
2016-11-16,-0.778,1237096
2016-11-15,0.958,1246801
2016-11-14,-0.247,1234968
2016-11-11,-0.563,1238028
2016-11-10,0.059,1245037
2016-11-09,0.998,1244298
2016-11-08,0.567,1232007
2016-11-07,2.811,1225063
2016-11-04,-0.693,1191564
2016-11-03,-0.481,1199877
2016-11-02,-0.959,1205677
2016-11-01,-0.918,1217356
2016-10-31,0.035,1228637
2016-10-28,-0.289,1228209
2016-10-27,-0.315,1231768
2016-10-26,-0.452,1235659
2016-10-25,-0.344,1241273
2016-10-24,0.372,1245561
2016-10-21,-0.094,1240950
2016-10-20,-0.076,1242117
2016-10-19,0.406,1243056
2016-10-18,1.168,1238026
2016-10-17,-0.494,1223734
2016-10-14,0.151,1229805
2016-10-13,-0.527,1227951
2016-10-12,-0.018,1234458
2016-10-11,-1.983,1234686
2016-10-10,0.642,1259671
2016-10-07,-0.615,1251638
2016-10-06,-0.266,1259388
2016-10-05,0.641,1262747
2016-10-04,-0.467,1254698
2016-10-03,-0.379,1260584
2016-09-30,1.150,1265377
2016-09-29,-1.558,1250988
2016-09-28,0.873,1270789
2016-09-27,0.845,1259788
2016-09-26,-1.284,1249237
2016-09-23,-0.992,1265488
2016-09-22,1.175,1278166
2016-09-21,2.076,1263325
2016-09-20,0.370,1237630
2016-09-19,0.331,1233070
2016-09-16,-1.126,1228999
2016-09-15,1.429,1242995
2016-09-14,-0.119,1225481
2016-09-13,-2.506,1226941
2016-09-12,1.787,1258480
2016-09-09,-3.298,1236392
2016-09-08,-0.374,1278562
2016-09-07,0.021,1283368
2016-09-06,0.673,1283096
2016-09-02,1.099,1274514
2016-09-01,0.415,1260653
2016-08-31,-0.379,1255449
2016-08-30,-0.230,1260225
2016-08-29,0.626,1263136
2016-08-26,-0.528,1255277
2016-08-25,-0.307,1261937
2016-08-24,-0.599,1265829
2016-08-23,0.434,1273453
2016-08-22,0.056,1267953
2016-08-19,-0.577,1267240
2016-08-18,0.505,1274597
2016-08-17,0.146,1268191
2016-08-16,-0.547,1266336
2016-08-15,0.486,1273300
2016-08-12,-0.231,1267139
2016-08-11,0.846,1270073
2016-08-10,-0.018,1259421
2016-08-09,0.527,1259644
2016-08-08,0.069,1253036
2016-08-05,1.010,1252169
2016-08-04,0.441,1239646
2016-08-03,0.054,1234198
2016-08-02,-0.881,1233529
2016-08-01,-0.463,1244492
2016-07-29,0.836,1250283
2016-07-28,0.040,1239912
2016-07-27,0.121,1239416
2016-07-26,0.288,1237920
2016-07-25,-0.315,1234364
2016-07-22,0.513,1238266
2016-07-21,-0.574,1231946
2016-07-20,0.901,1239056
2016-07-19,-0.556,1227993
2016-07-18,0.384,1234857
2016-07-15,-0.419,1230136
2016-07-14,1.008,1235317
2016-07-13,-0.076,1222984
2016-07-12,1.455,1223912
2016-07-11,1.185,1206358
2016-07-08,2.267,1192233
2016-07-07,-0.297,1165806
2016-07-06,0.435,1169281
2016-07-05,-1.809,1164211
2016-07-01,0.184,1185660
2016-06-30,2.102,1183478
2016-06-29,2.629,1159119
2016-06-28,3.226,1129431
2016-06-27,-2.764,1094139
2016-06-24,-8.355,1125245
2016-06-23,2.838,1227831
2016-06-22,-0.184,1193945
2016-06-21,0.744,1196145
2016-06-20,2.075,1187307
2016-06-17,0.248,1163168
2016-06-16,0.398,1160289
2016-06-15,0.266,1155695
2016-06-14,-1.134,1152626
2016-06-13,-1.568,1165852
2016-06-10,-2.586,1184429
2016-06-09,-0.857,1215871
2016-06-08,0.411,1226382
2016-06-07,0.576,1221365
2016-06-06,0.793,1214372
2016-06-03,0.120,1204813
2016-06-02,0.273,1203368
2016-06-01,0.132,1200091
2016-05-31,-0.451,1198505
2016-05-27,0.322,1203939
2016-05-26,0.186,1200069
2016-05-25,1.230,1197844
2016-05-24,2.035,1183288
2016-05-23,-0.321,1159686
2016-05-20,1.065,1163421
2016-05-19,-0.740,1151166
2016-05-18,0.046,1159752
2016-05-17,-1.273,1159214
2016-05-16,1.603,1174160
2016-05-13,-1.394,1155638
2016-05-12,0.005,1171970
2016-05-11,-1.348,1171913
2016-05-10,1.972,1187927
2016-05-09,-0.050,1164953
2016-05-06,0.496,1165539
2016-05-05,-0.143,1159781
2016-05-04,-1.188,1161441
2016-05-03,-1.752,1175410
2016-05-02,1.271,1196374
2016-04-29,-0.735,1181361
2016-04-28,-1.612,1190114
2016-04-27,0.221,1209609
2016-04-26,0.342,1206936
2016-04-25,-0.453,1202827
2016-04-22,0.029,1208296
2016-04-21,-0.832,1207943
2016-04-20,0.133,1218074
2016-04-19,1.305,1216457
2016-04-18,1.136,1200790
2016-04-15,-0.231,1187300
2016-04-14,0.196,1190053
2016-04-13,1.853,1187719
2016-04-12,1.731,1166113
2016-04-11,-0.183,1146272
2016-04-08,1.376,1148374
2016-04-07,-1.950,1132788
2016-04-06,1.964,1155322
2016-04-05,-2.069,1133068
2016-04-04,-0.420,1157002
2016-04-01,-0.017,1161886
2016-03-31,-0.806,1162086
2016-03-30,0.842,1171526
2016-03-29,1.482,1161744
2016-03-28,0.413,1144777
2016-03-24,-0.441,1140073
2016-03-23,-1.200,1145126
2016-03-22,-0.153,1159038
2016-03-21,0.033,1160817
2016-03-18,0.247,1160429
2016-03-17,1.017,1157574
2016-03-16,1.038,1145918
2016-03-15,-0.709,1134143
2016-03-14,-0.239,1142240
2016-03-11,3.007,1144975
2016-03-10,-0.026,1111550
2016-03-09,0.667,1111839
2016-03-08,-1.557,1104469
2016-03-07,-0.004,1121933
2016-03-04,0.729,1121983
2016-03-03,0.935,1113867
2016-03-02,0.818,1103552
2016-03-01,3.684,1094602
2016-02-29,-1.061,1055707
2016-02-26,-0.362,1067033
2016-02-25,1.812,1070909
2016-02-24,0.201,1051847
2016-02-23,-2.108,1049732
2016-02-22,1.986,1072337
2016-02-19,-0.110,1051451
2016-02-18,-0.679,1052608
2016-02-17,2.481,1059806
2016-02-16,2.734,1034151
2016-02-12,2.936,1006633
2016-02-11,-2.051,977923
2016-02-10,-0.148,998403
2016-02-09,-0.689,999880
2016-02-08,-2.364,1006818
2016-02-05,-2.655,1031194
2016-02-04,0.219,1059319
2016-02-03,1.048,1057006
2016-02-02,-3.020,1046044
2016-02-01,-0.098,1078623
2016-01-29,3.224,1079685
2016-01-28,0.640,1045964
2016-01-27,-1.350,1039313
2016-01-26,2.297,1053532
2016-01-25,-2.146,1029880
2016-01-22,3.625,1052467
2016-01-21,0.955,1015647
2016-01-20,-2.513,1006043
2016-01-19,0.671,1031979
2016-01-15,-4.126,1025100
2016-01-14,2.273,1069211
2016-01-13,-3.181,1045449
2016-01-12,1.013,1079796
2016-01-11,0.341,1068970
2016-01-08,-1.712,1065332
2016-01-07,-3.432,1083884
2016-01-06,-2.122,1122401
2016-01-05,0.058,1146740
2016-01-04,-2.198,1146074
2015-12-31,-1.713,1171836
2015-12-30,-0.999,1192263
2015-12-29,1.538,1204297
2015-12-28,-0.343,1186056
2015-12-24,-0.247,1190140
2015-12-23,2.103,1193082
2015-12-22,1.266,1168507
2015-12-21,1.017,1153895
2015-12-18,-2.210,1142276
2015-12-17,-2.106,1168093
2015-12-16,2.509,1193226
2015-12-15,1.241,1164024
2015-12-14,0.547,1149755
2015-12-11,-2.929,1143503
2015-12-10,0.246,1178002
2015-12-09,-0.985,1175113
2015-12-08,-1.497,1186806
2015-12-07,-0.934,1204847
2015-12-04,2.262,1216201
2015-12-03,-1.556,1189301
2015-12-02,-1.555,1208101
2015-12-01,1.474,1227190
2015-11-30,-0.424,1209360
2015-11-27,0.113,1214513
2015-11-25,0.120,1213145
2015-11-24,0.130,1211693
2015-11-23,-0.465,1210116
2015-11-20,0.195,1215773
2015-11-19,0.217,1213409
2015-11-18,1.976,1210778
2015-11-17,0.088,1187320
2015-11-16,2.138,1186275
2015-11-13,-1.514,1161441
2015-11-12,-2.023,1179297
2015-11-11,-0.060,1203652
2015-11-10,0.171,1204381
2015-11-09,-1.441,1202331
2015-11-06,-0.312,1219905
2015-11-05,-0.203,1223723
2015-11-04,-0.583,1226206
2015-11-03,0.241,1233394
2015-11-02,1.619,1230429
2015-10-30,-0.538,1210821
2015-10-29,-0.447,1217367
2015-10-28,1.415,1222835
2015-10-27,-0.696,1205778
2015-10-26,-0.446,1214227
2015-10-23,1.597,1219670
2015-10-22,2.169,1200500
2015-10-21,-0.589,1175009
2015-10-20,-0.359,1181973
2015-10-19,-0.160,1186231
2015-10-16,0.359,1188136
2015-10-15,2.419,1183888
2015-10-14,-0.315,1155927
2015-10-13,-1.325,1159583
2015-10-12,-0.033,1175151
2015-10-09,0.162,1175544
2015-10-08,1.271,1173647
2015-10-07,1.479,1158914
2015-10-06,-0.236,1142022
2015-10-05,2.791,1144720
2015-10-02,2.341,1113635
2015-10-01,0.438,1088156
2015-09-30,2.820,1083413
2015-09-29,0.017,1053694
2015-09-28,-3.571,1053513
2015-09-25,0.496,1092533
2015-09-24,-0.488,1087145
2015-09-23,-0.424,1092472
2015-09-22,-2.596,1097122
2015-09-21,0.472,1126358
2015-09-18,-2.977,1121064
2015-09-17,-0.168,1155467
2015-09-16,1.683,1157414
2015-09-15,1.551,1138260
2015-09-14,-0.804,1120872
2015-09-11,0.400,1129958
2015-09-10,0.906,1125453
2015-09-09,-1.481,1115345
2015-09-08,4.098,1132112
2015-09-04,-2.797,1087541
2015-09-03,0.254,1118840
2015-09-02,2.641,1116000
2015-09-01,-4.640,1087284
2015-08-31,-1.216,1140191
2015-08-28,-0.053,1154221
2015-08-27,2.761,1154839
2015-08-26,4.994,1123808
2015-08-25,-0.508,1070350
2015-08-24,-5.857,1075816
2015-08-21,-4.185,1142753
2015-08-20,-3.319,1192663
2015-08-19,-1.241,1233604
2015-08-18,-0.719,1249107
2015-08-17,0.405,1258152
2015-08-14,0.380,1253071
2015-08-13,-0.133,1248332
2015-08-12,-0.319,1249998
2015-08-11,-1.755,1253992
2015-08-10,1.910,1276390
2015-08-07,-0.298,1252463
2015-08-06,-0.996,1256203
2015-08-05,0.651,1268846
2015-08-04,-0.130,1260642
2015-08-03,-0.465,1262281
2015-07-31,0.193,1268177
2015-07-30,-0.025,1265729
2015-07-29,0.844,1266050
2015-07-28,1.890,1255455
2015-07-27,-0.966,1232165
2015-07-24,-1.601,1244178
2015-07-23,-0.646,1264419
2015-07-22,-0.657,1272643
2015-07-21,-0.535,1281056
2015-07-20,0.200,1287945
2015-07-17,0.002,1285378
2015-07-16,1.216,1285356
2015-07-15,-0.260,1269914
2015-07-14,0.914,1273220
2015-07-13,1.187,1261693
2015-07-10,3.143,1246891
2015-07-09,1.108,1208901
2015-07-08,-2.931,1195655
2015-07-07,0.616,1231757
2015-07-06,-1.502,1224216
2015-07-02,-0.035,1242885
2015-07-01,1.136,1243316
2015-06-30,-0.033,1229347
2015-06-29,-3.745,1229755
2015-06-26,0.002,1277606
2015-06-25,-0.307,1277580
2015-06-24,-1.173,1281510
2015-06-23,0.228,1296717
2015-06-22,1.594,1293773
2015-06-19,-0.513,1273477
2015-06-18,1.451,1280049
2015-06-17,0.009,1261741
2015-06-16,0.479,1261627
2015-06-15,-0.721,1255616
2015-06-12,-1.207,1264738
2015-06-11,0.457,1280191
2015-06-10,2.363,1274373
2015-06-09,-0.319,1244957
2015-06-08,-0.666,1248947
2015-06-05,-0.872,1257320
2015-06-04,-1.401,1268385
2015-06-03,0.571,1286408
2015-06-02,0.190,1279107
2015-06-01,0.019,1276678
2015-05-29,-1.132,1276438
2015-05-28,-0.207,1291053
2015-05-27,1.433,1293734
2015-05-26,-2.029,1275460
2015-05-22,-0.598,1301877
2015-05-21,0.575,1309703
2015-05-20,0.053,1302214
2015-05-19,-0.259,1301529
2015-05-18,0.069,1304908
2015-05-15,0.166,1304003
2015-05-14,1.651,1301845
2015-05-13,0.469,1280701
2015-05-12,-0.302,1274726
2015-05-11,-0.949,1278590
2015-05-08,2.580,1290842
2015-05-07,0.154,1258378
2015-05-06,-0.213,1256441
2015-05-05,-1.915,1259124
2015-05-04,0.189,1283707
2015-05-01,1.643,1281282
2015-04-30,-1.529,1260566
2015-04-29,-0.890,1280135
2015-04-28,0.352,1291633
2015-04-27,-0.074,1287101
2015-04-24,0.557,1288048
2015-04-23,0.450,1280914
2015-04-22,0.556,1275178
2015-04-21,0.431,1268128
2015-04-20,0.883,1262680
2015-04-17,-1.784,1251628
2015-04-16,0.137,1274369
2015-04-15,0.674,1272622
2015-04-14,0.621,1264097
2015-04-13,-0.787,1256295
2015-04-10,0.607,1266266
2015-04-09,0.479,1258621
2015-04-08,0.562,1252625
2015-04-07,-0.321,1245625
2015-04-06,1.223,1249634
2015-04-02,0.853,1234532
2015-04-01,0.111,1224088
2015-03-31,-1.725,1222729
2015-03-30,1.138,1244194
2015-03-27,0.366,1230195
2015-03-26,-0.746,1225704
2015-03-25,-1.601,1234922
2015-03-24,-0.632,1255010
2015-03-23,0.126,1262995
2015-03-20,2.095,1261407
2015-03-19,-1.099,1235529
2015-03-18,2.347,1249254
2015-03-17,-0.415,1220612
2015-03-16,1.871,1225693
2015-03-13,-0.897,1203179
2015-03-12,1.891,1214065
2015-03-11,-0.058,1191534
2015-03-10,-2.791,1192220
2015-03-09,0.472,1226445
2015-03-06,-2.090,1220685
2015-03-05,0.239,1246744
2015-03-04,-0.622,1243776
2015-03-03,-0.738,1251561
2015-03-02,0.649,1260863
2015-02-27,-0.275,1252729
2015-02-26,-0.268,1256179
2015-02-25,-0.030,1259553
2015-02-24,0.616,1259934
2015-02-23,-0.222,1252215
2015-02-20,1.085,1255003
2015-02-19,0.010,1241529
2015-02-18,0.359,1241409
2015-02-17,0.279,1236970
2015-02-13,0.761,1233526
2015-02-12,1.791,1224211
2015-02-11,-0.270,1202671
2015-02-10,1.513,1205925
2015-02-09,-0.691,1187951
2015-02-06,-0.995,1196220
2015-02-05,1.739,1208242
2015-02-04,-0.839,1187589
2015-02-03,2.241,1197633
2015-02-02,1.832,1171386
2015-01-30,-2.061,1150308
2015-01-29,1.652,1174519
2015-01-28,-2.030,1155435
2015-01-27,-1.067,1179373
2015-01-26,1.028,1192096
2015-01-23,-0.822,1179967
2015-01-22,1.535,1189748
2015-01-21,0.923,1171765
2015-01-20,0.398,1161050
2015-01-16,1.962,1156447
2015-01-15,-0.435,1134196
2015-01-14,-0.711,1139155
2015-01-13,0.049,1147315
2015-01-12,-0.843,1146750
2015-01-09,-1.004,1156494
2015-01-08,2.407,1168223
2015-01-07,1.797,1140765
2015-01-06,-1.528,1120623
2015-01-05,-3.065,1138008
2015-01-02,-0.306,1173990
2014-12-31,-1.271,1177592
2014-12-30,-1.035,1192757
2014-12-29,-0.313,1205232
2014-12-26,0.445,1209011
2014-12-24,0.273,1203661
2014-12-23,-0.069,1200381
2014-12-22,0.695,1201215
2014-12-19,0.463,1192919
2014-12-18,3.290,1187419
2014-12-17,2.489,1149593
2014-12-16,-0.299,1121674
2014-12-15,-1.612,1125036
2014-12-12,-2.631,1143473
2014-12-11,0.386,1174374
2014-12-10,-2.210,1169864
2014-12-09,-0.381,1196303
2014-12-08,-1.123,1200881
2014-12-05,0.278,1214515
2014-12-04,-0.295,1211151
2014-12-03,0.272,1214735
2014-12-02,0.750,1211434
2014-12-01,-0.681,1202412
2014-11-28,-0.671,1210658
2014-11-26,0.462,1218841
2014-11-25,0.037,1213240
2014-11-24,0.599,1212790
2014-11-21,1.004,1205572
2014-11-20,-0.201,1193591
2014-11-19,-0.323,1195992
2014-11-18,1.154,1199873
2014-11-17,-0.174,1186187
2014-11-14,0.105,1188252
2014-11-13,0.379,1187011
2014-11-12,-0.593,1182535
2014-11-11,0.439,1189594
2014-11-10,0.542,1184399
2014-11-07,0.112,1178009
2014-11-06,0.041,1176697
2014-11-05,0.677,1176210
2014-11-04,-0.645,1168294
2014-11-03,-0.462,1175880
2014-10-31,2.123,1181333
2014-10-30,1.007,1156779
2014-10-29,-0.592,1145251
2014-10-28,1.946,1152070
2014-10-27,-0.461,1130080
2014-10-24,1.006,1135319
2014-10-23,1.606,1124011
2014-10-22,-1.062,1106248
2014-10-21,2.484,1118118
2014-10-20,1.246,1091015
2014-10-17,2.189,1077588
2014-10-16,-0.639,1054501
2014-10-15,-0.966,1061280
2014-10-14,0.288,1071628
2014-10-13,-1.599,1068548
2014-10-10,-1.943,1085909
2014-10-09,-3.383,1107422
2014-10-08,2.538,1146194
2014-10-07,-2.402,1117822
2014-10-06,0.271,1145327
2014-10-03,0.997,1142232
2014-10-02,-0.630,1130957
2014-10-01,-1.956,1138131
2014-09-30,-0.289,1160842
2014-09-29,-0.721,1164207
2014-09-26,0.980,1172660
2014-09-25,-2.343,1161280
2014-09-24,1.017,1189140
2014-09-23,-1.021,1177165
2014-09-22,-0.962,1189307
2014-09-19,-0.288,1200856
2014-09-18,0.947,1204326
2014-09-17,-0.304,1193032
2014-09-16,0.938,1196668
2014-09-15,-0.196,1185543
2014-09-12,-0.610,1187873
2014-09-11,-0.231,1195167
2014-09-10,0.686,1197936
2014-09-09,-0.744,1189776
2014-09-08,-0.868,1198693
2014-09-05,0.412,1209192
2014-09-04,-0.416,1204230
2014-09-03,0.373,1209264
2014-09-02,0.072,1204773
2014-08-29,0.233,1203910
2014-08-28,-0.307,1201107
2014-08-27,0.075,1204811
2014-08-26,0.067,1203910
2014-08-25,0.835,1203101
2014-08-22,-0.418,1193142
2014-08-21,0.508,1198146
2014-08-20,-0.448,1192087
2014-08-19,1.129,1197454
2014-08-18,1.145,1184081
2014-08-15,-0.081,1170676
2014-08-14,0.743,1171621
2014-08-13,0.953,1162980
2014-08-12,-0.173,1151999
2014-08-11,0.491,1153997
2014-08-08,1.414,1148357
2014-08-07,-0.976,1132349
2014-08-06,-0.116,1143514
2014-08-05,-1.638,1144842
2014-08-04,0.937,1163906
2014-08-01,-0.687,1153107
2014-07-31,-2.760,1161088
2014-07-30,-0.073,1194038
2014-07-29,-0.508,1194911
2014-07-28,0.045,1201010
2014-07-25,-0.661,1200474
2014-07-24,0.141,1208457
2014-07-23,0.320,1206754
2014-07-22,0.652,1202906
2014-07-21,-0.384,1195109
2014-07-18,0.920,1199718
2014-07-17,-1.314,1188782
2014-07-16,0.696,1204605
2014-07-15,-0.315,1196279
2014-07-14,0.889,1200063
2014-07-11,0.159,1189488
2014-07-10,-1.002,1187602
2014-07-09,0.594,1199618
2014-07-08,-1.192,1192536
2014-07-07,1.594,1206923
2014-07-03,-1.781,1187985
2014-07-02,0.184,1209530
2014-07-01,1.119,1207305
2014-06-30,0.006,1193946
2014-06-27,0.209,1193878
2014-06-26,-0.021,1191390
2014-06-25,0.385,1191645
2014-06-24,-0.909,1187074
2014-06-23,-0.187,1197969
2014-06-20,0.079,1200216
2014-06-19,0.421,1199270
2014-06-18,1.172,1194246
2014-06-17,0.206,1180416
2014-06-16,0.091,1177984
2014-06-13,0.316,1176915
2014-06-12,-0.620,1173203
2014-06-11,-0.609,1180521
2014-06-10,-0.118,1187756
2014-06-09,0.032,1189163
2014-06-06,0.753,1188784
2014-06-05,1.001,1179894
2014-06-04,0.164,1168199
2014-06-03,-0.194,1166281
2014-06-02,0.223,1168543
2014-05-30,0.151,1165938
2014-05-29,0.819,1164177
2014-05-28,-0.261,1154720
2014-05-27,0.969,1157744
2014-05-23,0.513,1146629
2014-05-22,0.295,1140774
2014-05-21,1.220,1137418
2014-05-20,-0.938,1123704
2014-05-19,0.206,1134344
2014-05-16,0.441,1132017
2014-05-15,-1.044,1127048
2014-05-14,-0.535,1138934
2014-05-13,0.166,1145058
2014-05-12,1.264,1143163
2014-05-09,0.046,1128893
2014-05-08,-0.087,1128376
2014-05-07,0.597,1129357
2014-05-06,-0.883,1122658
2014-05-05,0.127,1132663
2014-05-02,-0.224,1131224
2014-05-01,0.175,1133764
2014-04-30,0.503,1131788
2014-04-29,0.807,1126120
2014-04-28,0.471,1117110
2014-04-25,-1.027,1111872
2014-04-24,0.173,1123409
2014-04-23,-0.351,1121468
2014-04-22,0.655,1125414
2014-04-21,0.393,1118088
2014-04-17,0.437,1113709
2014-04-16,1.693,1108866
2014-04-15,0.369,1090411
2014-04-14,1.063,1086397
2014-04-11,-1.179,1074965
2014-04-10,-2.941,1087785
2014-04-09,1.741,1120751
2014-04-08,0.336,1101577
2014-04-07,-1.280,1097888
2014-04-04,-1.249,1112125
2014-04-03,-0.285,1126193
2014-04-02,0.415,1129413
2014-04-01,0.979,1124747
2014-03-31,1.045,1113845
2014-03-28,0.899,1102323
2014-03-27,0.105,1092505
2014-03-26,-0.665,1091356
2014-03-25,1.079,1098666
2014-03-24,-0.227,1086941
2014-03-21,-0.472,1089413
2014-03-20,0.309,1094583
2014-03-19,-1.208,1091213
2014-03-18,1.021,1104555
2014-03-17,1.581,1093396
2014-03-14,-0.386,1076376
2014-03-13,-2.126,1080545
2014-03-12,-0.199,1104015
2014-03-11,-0.879,1106215
2014-03-10,-0.417,1116029
2014-03-07,-0.287,1120708
2014-03-06,0.825,1123930
2014-03-05,0.028,1114733
2014-03-04,2.467,1114419
2014-03-03,-1.904,1087588
2014-02-28,0.329,1108700
2014-02-27,0.668,1105069
2014-02-26,-0.198,1097741
2014-02-25,-0.174,1099920
2014-02-24,1.006,1101842
2014-02-21,0.014,1090862
2014-02-20,0.730,1090713
2014-02-19,-0.986,1082807
2014-02-18,0.614,1093589
2014-02-14,0.717,1086917
2014-02-13,0.642,1079184
2014-02-12,0.143,1072304
2014-02-11,1.936,1070769
2014-02-10,-0.038,1050432
2014-02-07,1.877,1050830
2014-02-06,2.242,1031464
2014-02-05,0.011,1008848
2014-02-04,1.323,1008738
2014-02-03,-3.285,995563
2014-01-31,-1.550,1029376
2014-01-30,1.273,1045582
2014-01-29,-1.542,1032440
2014-01-28,1.063,1048613
2014-01-27,-0.724,1037587
2014-01-24,-3.540,1045152
2014-01-23,-1.127,1083513
2014-01-22,0.058,1095866
2014-01-21,0.546,1095234
2014-01-17,-0.554,1089283
2014-01-16,-0.143,1095352
2014-01-15,0.730,1096917
2014-01-14,1.454,1088971
2014-01-13,-1.702,1073363
2014-01-10,0.789,1091951
2014-01-09,0.014,1083405
2014-01-08,0.001,1083257
2014-01-07,0.885,1083243
2014-01-06,-0.333,1073737
2014-01-03,0.048,1077321
2014-01-02,-1.899,1076808
2013-12-31,0.639,1097652
2013-12-30,0.234,1090679
2013-12-27,0.298,1088133
2013-12-26,0.781,1084901
2013-12-24,0.314,1076497
2013-12-23,1.094,1073125
2013-12-20,0.865,1061510
2013-12-19,-0.105,1052402
2013-12-18,2.498,1053513
2013-12-17,-0.551,1027841
2013-12-16,1.002,1033534
2013-12-13,-0.048,1023278
2013-12-12,-0.739,1023772
2013-12-11,-1.579,1031394
2013-12-10,-0.426,1047944
2013-12-09,0.166,1052428
2013-12-06,1.763,1050681
2013-12-05,-0.742,1032474
2013-12-04,-0.332,1040190
2013-12-03,-0.810,1043658
2013-12-02,-0.678,1052185
2013-11-29,0.054,1059367
2013-11-27,0.359,1058800
2013-11-26,0.025,1055007
2013-11-25,-0.265,1054749
2013-11-22,0.618,1057553
2013-11-21,1.094,1051061
2013-11-20,-0.689,1039690
2013-11-19,-0.346,1046901
2013-11-18,-0.314,1050532
2013-11-15,0.866,1053845
2013-11-14,0.714,1044800
2013-11-13,0.916,1037389
2013-11-12,-0.381,1027974
2013-11-11,0.141,1031911
2013-11-08,1.571,1030461
2013-11-07,-2.068,1014523
2013-11-06,0.980,1035947
2013-11-05,-0.800,1025890
2013-11-04,0.605,1034165
2013-11-01,-0.073,1027943
2013-10-31,-0.586,1028698
2013-10-30,-0.658,1034759
2013-10-29,0.603,1041618
2013-10-28,0.048,1035377
2013-10-25,0.233,1034878
2013-10-24,0.713,1032475
2013-10-23,-1.008,1025166
2013-10-22,1.115,1035610
2013-10-21,0.095,1024186
2013-10-18,0.964,1023212
2013-10-17,1.376,1013445
2013-10-16,1.691,999691
2013-10-15,-0.929,983069
2013-10-14,0.558,992290
2013-10-11,0.891,986782
2013-10-10,3.024,978066
2013-10-09,0.327,949356
2013-10-08,-1.511,946263
2013-10-07,-1.392,960783
2013-10-04,0.817,974346
2013-10-03,-1.214,966449
2013-10-02,-0.103,978322
2013-10-01,1.026,979331
2013-09-30,-0.904,969389
2013-09-27,-0.622,978231
2013-09-26,0.594,984353
2013-09-25,-0.191,978537
2013-09-24,-0.303,980415
2013-09-23,-0.425,983391
2013-09-20,-1.053,987590
2013-09-19,-0.432,998100
2013-09-18,2.625,1002433
2013-09-17,0.437,976794
2013-09-16,0.987,972545
2013-09-13,0.490,963038
2013-09-12,-0.582,958343
2013-09-11,0.493,963953
2013-09-10,1.328,959226
2013-09-09,1.675,946656
2013-09-06,0.367,931061
2013-09-05,0.064,927655
2013-09-04,1.279,927066
2013-09-03,1.563,915355
2013-08-30,-1.027,901268
2013-08-29,0.043,910615
2013-08-28,0.249,910224
2013-08-27,-2.491,907960
2013-08-26,-0.782,931154
2013-08-23,0.836,938496
2013-08-22,1.425,930713
2013-08-21,-1.279,917634
2013-08-20,0.359,929520
2013-08-19,-1.013,926193
2013-08-16,-0.180,935667
2013-08-15,-1.762,937354
2013-08-14,-0.428,954163
2013-08-13,0.658,958267
2013-08-12,-0.273,952005
2013-08-09,-0.156,954609
2013-08-08,0.878,956097
2013-08-07,-0.556,947778
2013-08-06,-0.598,953082
2013-08-05,-0.258,958814
2013-08-02,0.643,961295
2013-08-01,1.833,955154
2013-07-31,0.201,937962
2013-07-30,-0.010,936078
2013-07-29,-0.841,936174
2013-07-26,-0.279,944110
2013-07-25,0.331,946747
2013-07-24,-0.401,943620
2013-07-23,-0.060,947417
2013-07-22,0.506,947988
2013-07-19,0.107,943218
2013-07-18,0.881,942207
2013-07-17,0.406,933976
2013-07-16,-0.372,930194
2013-07-15,0.709,933670
2013-07-12,-0.362,927095
2013-07-11,2.779,930459
2013-07-10,0.207,905304
2013-07-09,0.963,903437
2013-07-08,0.875,894821
2013-07-05,1.242,887056
2013-07-03,0.059,876177
2013-07-02,-0.382,875660
2013-07-01,1.086,879016
2013-06-28,-0.481,869572
2013-06-27,1.119,873772
2013-06-26,1.124,864099
2013-06-25,1.642,854493
2013-06-24,-2.077,840693
2013-06-21,0.483,858522
2013-06-20,-4.467,854391
2013-06-19,-2.365,894342
2013-06-18,1.142,916004
2013-06-17,1.571,905665
2013-06-14,-1.226,891659
2013-06-13,2.316,902728
2013-06-12,-0.827,882294
2013-06-11,-1.672,889652
2013-06-10,0.059,904779
2013-06-07,1.974,904243
2013-06-06,1.168,886740
2013-06-05,-2.617,876502
2013-06-04,-0.217,900053
2013-06-03,0.731,902014
2013-05-31,-2.458,895466
2013-05-30,0.569,918027
2013-05-29,-1.154,912828
2013-05-28,0.701,923487
2013-05-24,-0.590,917058
2013-05-23,-1.107,922501
2013-05-22,-1.261,932824
2013-05-21,0.250,944735
2013-05-20,0.320,942380
2013-05-17,1.283,939370
2013-05-16,-0.827,927475
2013-05-15,0.742,935209
2013-05-14,1.049,928324
2013-05-13,0.043,918685
2013-05-10,0.361,918291
2013-05-09,-0.833,914987
2013-05-08,1.030,922669
2013-05-07,0.542,913264
2013-05-06,0.146,908340
2013-05-03,1.669,907012
2013-05-02,1.010,892121
2013-05-01,-1.136,883198
2013-04-30,0.289,893350
2013-04-29,1.369,890777
2013-04-26,-0.108,878743
2013-04-25,0.681,879695
2013-04-24,0.578,873746
2013-04-23,1.790,868725
2013-04-22,0.659,853447
2013-04-19,1.281,847859
2013-04-18,-0.755,837139
2013-04-17,-2.572,843509
2013-04-16,2.201,865779
2013-04-15,-3.263,847137
2013-04-12,-0.369,875712
2013-04-11,0.769,878951
2013-04-10,1.960,872245
2013-04-09,0.518,855479
2013-04-08,0.837,851072
2013-04-05,-0.676,844004
2013-04-04,0.892,849750
2013-04-03,-1.199,842241
2013-04-02,1.087,852460
2013-04-01,-1.158,843295
2013-03-28,0.555,853172
2013-03-27,-0.284,848465
2013-03-26,1.085,850878
2013-03-25,-1.108,841741
2013-03-22,1.232,851173
2013-03-21,-1.299,840811
2013-03-20,0.985,851873
2013-03-19,-0.388,843560
2013-03-18,-1.143,846843
2013-03-15,0.002,856633
2013-03-14,1.059,856617
2013-03-13,0.031,847642
2013-03-12,-0.498,847380
2013-03-11,0.523,851621
2013-03-08,0.506,847193
2013-03-07,0.333,842931
2013-03-06,0.273,840137
2013-03-05,1.399,837853
2013-03-04,0.737,826293
2013-03-01,0.178,820246
2013-02-28,-0.245,818791
2013-02-27,1.917,820803
2013-02-26,1.116,805362
2013-02-25,-3.164,796472
2013-02-22,1.760,822497
2013-02-21,-1.459,808267
2013-02-20,-1.711,820234
2013-02-19,1.358,834511
2013-02-15,-0.255,823326
2013-02-14,-0.235,825433
2013-02-13,0.215,827379
2013-02-12,0.436,825605
2013-02-11,-0.078,822019
2013-02-08,0.871,822660
2013-02-07,-0.598,815553
2013-02-06,0.055,820460
2013-02-05,1.177,820012
2013-02-04,-2.058,810469
2013-02-01,1.388,827495
2013-01-31,-0.440,816168
2013-01-30,-0.289,819771
2013-01-29,0.752,822149
2013-01-28,-0.397,816010
2013-01-25,1.140,819264
2013-01-24,0.308,810026
2013-01-23,0.083,807542
2013-01-22,0.514,806871
2013-01-18,0.138,802743
2013-01-17,1.067,801635
2013-01-16,-0.301,793173
2013-01-15,-0.032,795568
2013-01-14,0.011,795823
2013-01-11,0.117,795739
2013-01-10,1.483,794808
2013-01-09,0.535,783196
2013-01-08,-0.595,779025
2013-01-07,-0.507,783692
2013-01-04,0.701,787685
2013-01-03,-0.791,782204
2013-01-02,3.191,788439
2012-12-31,2.429,764061
2012-12-28,-1.594,745945
2012-12-27,0.161,758031
2012-12-26,-0.383,756813
2012-12-24,-0.432,759722
2012-12-21,-1.161,763017
2012-12-20,0.908,771982
2012-12-19,-0.442,765037
2012-12-18,1.600,768436
2012-12-17,1.303,756336
2012-12-14,-0.121,746610
2012-12-13,-0.728,747511
2012-12-12,0.236,752996
2012-12-11,0.956,751223
2012-12-10,0.096,744108
2012-12-07,0.298,743396
2012-12-06,0.423,741189
2012-12-05,0.251,738063
2012-12-04,0.020,736214
2012-12-03,-0.367,736065
2012-11-30,0.095,738777
2012-11-29,0.930,738076
2012-11-28,1.151,731273
2012-11-27,-0.752,722953
2012-11-26,-0.332,728433
2012-11-23,2.520,730858
2012-11-21,0.269,712896
2012-11-20,0.135,710983
2012-11-19,3.154,710027
2012-11-16,0.414,688315
2012-11-15,0.045,685481
2012-11-14,-1.857,685175
2012-11-13,-0.606,698141
2012-11-12,0.020,702398
2012-11-09,0.101,702257
2012-11-08,-1.623,701549
2012-11-07,-2.960,713125
2012-11-06,1.291,734875
2012-11-05,0.043,725509
2012-11-02,-1.393,725196
2012-11-01,1.676,735439
2012-10-31,-0.052,723318
2012-10-26,-0.143,723693
2012-10-25,0.631,724730
2012-10-24,-0.224,720183
2012-10-23,-2.555,721796
2012-10-22,0.438,740719
2012-10-19,-2.306,737487
2012-10-18,-0.462,754897
2012-10-17,0.969,758402
2012-10-16,1.918,751123
2012-10-15,1.351,736984
2012-10-12,-0.368,727160
2012-10-11,0.438,729843
2012-10-10,-0.754,726663
2012-10-09,-1.763,732181
2012-10-08,-0.663,745324
2012-10-05,0.083,750297
2012-10-04,1.380,749675
2012-10-03,0.124,739472
2012-10-02,0.330,738554
2012-10-01,0.728,736124
2012-09-28,-1.611,730806
2012-09-27,1.581,742772
2012-09-26,-1.119,731211
2012-09-25,-1.374,739485
2012-09-24,-0.351,749790
2012-09-21,0.001,752429
2012-09-20,-0.378,752424
2012-09-19,0.301,755275
2012-09-18,-0.326,753007
2012-09-17,-0.620,755467
2012-09-14,0.997,760180
2012-09-13,2.251,752673
2012-09-12,0.687,736106
2012-09-11,0.926,731086
2012-09-10,-0.975,724380
2012-09-07,1.237,731511
2012-09-06,3.332,722572
2012-09-05,-0.241,699270
2012-09-04,-0.386,700960
2012-08-31,0.960,703675
2012-08-30,-1.539,696981
2012-08-29,-0.115,707875
2012-08-28,-0.147,708688
2012-08-27,0.053,709729
2012-08-24,0.449,709353
2012-08-23,-1.074,706182
2012-08-22,-0.031,713852
2012-08-21,0.071,714075
2012-08-20,-0.063,713569
2012-08-17,0.200,714017
2012-08-16,1.408,712594
2012-08-15,-0.072,702700
2012-08-14,0.152,703206
2012-08-13,-0.334,702141
2012-08-10,0.247,704497
2012-08-09,0.109,702762
2012-08-08,0.072,701995
2012-08-07,0.941,701488
2012-08-06,0.590,694948
2012-08-03,3.825,690869
2012-08-02,-1.454,665414
2012-08-01,-0.067,675233
2012-07-31,-0.993,675687
2012-07-30,-0.071,682464
2012-07-27,2.929,682949
2012-07-26,3.346,663515
2012-07-25,0.340,642035
2012-07-24,-1.439,639859
2012-07-23,-2.136,649201
2012-07-20,-2.223,663369
2012-07-19,0.784,678451
2012-07-18,1.140,673171
2012-07-17,0.798,665581
2012-07-16,-0.232,660311
2012-07-13,2.388,661848
2012-07-12,-1.042,646415
2012-07-11,0.198,653223
2012-07-10,-1.192,651934
2012-07-09,-0.248,659800
2012-07-06,-1.419,661438
2012-07-05,-1.394,670958
2012-07-03,1.140,680443
2012-07-02,0.667,672777
2012-06-29,4.381,668319
2012-06-28,-0.131,640272
2012-06-27,1.380,641114
2012-06-26,0.838,632387
2012-06-25,-2.803,627130
2012-06-22,1.225,645217
2012-06-21,-3.559,637406
2012-06-20,0.200,660929
2012-06-19,1.842,659607
2012-06-18,0.002,647680
2012-06-15,1.743,647665
2012-06-14,1.405,636570
2012-06-13,-1.054,627751
2012-06-12,2.032,634437
2012-06-11,-1.713,621803
2012-06-08,0.509,632637
2012-06-07,0.140,629430
2012-06-06,3.733,628549
2012-06-05,1.122,605927
2012-06-04,0.466,599204
2012-06-01,-3.786,596424
2012-05-31,0.048,619896
2012-05-30,-2.698,619599
2012-05-29,1.848,636776
2012-05-25,-0.502,625224
2012-05-24,-0.215,628379
2012-05-23,-0.441,629736
2012-05-22,-0.064,632523
2012-05-21,2.880,632929
2012-05-18,-1.204,615209
2012-05-17,-2.103,622707
2012-05-16,-0.946,636087
2012-05-15,-1.278,642163
2012-05-14,-2.146,650478
2012-05-11,-0.644,664747
2012-05-10,0.466,669056
2012-05-09,-1.234,665951
2012-05-08,-1.277,674272
2012-05-07,0.494,682996
2012-05-04,-2.380,679637
2012-05-03,-1.210,696206
2012-05-02,-0.725,704734
2012-05-01,0.808,709882
2012-04-30,-0.673,704191
2012-04-27,0.388,708961
2012-04-26,0.989,706223
2012-04-25,2.068,699308
2012-04-24,0.824,685140
2012-04-23,-1.951,679537
2012-04-20,0.720,693061
2012-04-19,-0.943,688110
2012-04-18,-0.617,694663
2012-04-17,2.309,698972
2012-04-16,0.365,683195
2012-04-13,-2.208,680713
2012-04-12,2.285,696079
2012-04-11,1.578,680531
2012-04-10,-2.805,669961
2012-04-09,-1.290,689298
2012-04-05,-0.395,698303
2012-04-04,-2.201,701072
2012-04-03,-1.387,716850
2012-04-02,1.343,726935
2012-03-30,0.902,717299
2012-03-29,-0.529,710884
2012-03-28,-0.851,714667
2012-03-27,-0.649,720802
2012-03-26,2.023,725509
2012-03-23,0.704,711122
2012-03-22,-1.055,706147
2012-03-21,-0.537,713675
2012-03-20,-0.957,717526
2012-03-19,0.660,724461
2012-03-16,0.529,719712
2012-03-15,1.086,715923
2012-03-14,-0.619,708234
2012-03-13,2.605,712646
2012-03-12,-0.148,694555
2012-03-09,0.152,695582
2012-03-08,2.205,694523
2012-03-07,1.384,679542
2012-03-06,-3.245,670263
2012-03-05,-0.687,692742
2012-03-02,-0.828,697532
2012-03-01,1.139,703359
2012-02-29,-1.125,695439
2012-02-28,0.819,703349
2012-02-27,-0.160,697634
2012-02-24,0.555,698749
2012-02-23,0.896,694890
2012-02-22,-0.470,688719
2012-02-21,0.050,691973
2012-02-17,0.507,691628
2012-02-16,1.826,688138
2012-02-15,-0.356,675799
2012-02-14,-0.558,678214
2012-02-13,1.362,682019
2012-02-10,-1.802,672855
2012-02-09,0.268,685206
2012-02-08,0.471,683376
2012-02-07,0.590,680174
2012-02-06,-0.353,676185
2012-02-03,2.189,678582
2012-02-02,0.265,664049
2012-02-01,1.731,662292
2012-01-31,0.278,651022
2012-01-30,-1.016,649214
2012-01-27,0.062,655879
2012-01-26,-0.436,655471
2012-01-25,1.377,658340
2012-01-24,-0.437,649397
2012-01-23,-0.001,652248
2012-01-20,0.649,652253
2012-01-19,1.195,648050
2012-01-18,1.984,640397
2012-01-17,1.045,627938
2012-01-13,-1.099,621443
2012-01-12,0.463,628349
2012-01-11,-0.141,625451
2012-01-10,1.683,626333
2012-01-09,0.448,615967
2012-01-06,-1.043,613217
2012-01-05,-0.653,619681
2012-01-04,-0.222,623751
2012-01-03,3.085,625140
2011-12-30,-0.152,606433
2011-12-29,2.041,607354
2011-12-28,-2.253,595207
2011-12-27,-0.202,608929
2011-12-23,1.200,610160
2011-12-22,1.323,602923
2011-12-21,-0.137,595050
2011-12-20,4.824,595867
2011-12-19,-1.513,568444
2011-12-16,-0.121,577175
2011-12-15,0.623,577874
2011-12-14,-1.693,574296
2011-12-13,-1.662,584187
2011-12-12,-3.054,594062
2011-12-09,3.038,612775
2011-12-08,-3.920,594709
2011-12-07,0.754,618975
2011-12-06,-0.250,614345
2011-12-05,1.668,615884
2011-12-02,-0.092,605777
2011-12-01,-0.530,606333
2011-11-30,6.736,609563
2011-11-29,0.650,571096
2011-11-28,5.233,567406
2011-11-25,-0.484,539188
2011-11-23,-3.636,541810
2011-11-22,-0.537,562253
2011-11-21,-3.247,565290
2011-11-18,0.111,584259
2011-11-17,-2.079,583612
2011-11-16,-2.547,596004
2011-11-15,0.276,611582
2011-11-14,-1.892,609901
2011-11-11,3.174,621662
2011-11-10,1.556,602539
2011-11-09,-6.399,593307
2011-11-08,1.853,633869
2011-11-07,0.804,622335
2011-11-04,-1.283,617368
2011-11-03,3.130,625389
2011-11-02,1.976,606406
2011-11-01,-4.396,594654
2011-10-31,-5.223,621994
2011-10-28,-0.215,656272
2011-10-27,6.317,657686
2011-10-26,1.751,618606
2011-10-25,-2.783,607962
2011-10-24,1.970,625367
2011-10-21,3.140,613283
2011-10-20,0.546,594610
2011-10-19,-2.121,591379
2011-10-18,2.615,604195
2011-10-17,-3.063,588800
2011-10-14,2.225,607402
2011-10-13,-0.155,594182
2011-10-12,1.663,595104
2011-10-11,-0.016,585367
2011-10-10,5.240,585462
2011-10-07,-1.002,556309
2011-10-06,3.223,561938
2011-10-05,2.603,544390
2011-10-04,3.021,530578
2011-10-03,-4.144,515018
2011-09-30,-4.307,537281
2011-09-29,1.906,561462
2011-09-28,-2.859,550961
2011-09-27,2.453,567178
2011-09-26,3.359,553598
2011-09-23,1.223,535607
2011-09-22,-4.851,529133
2011-09-21,-4.466,556107
2011-09-20,0.134,582105
2011-09-19,-2.539,581327
2011-09-16,0.553,596469
2011-09-15,2.816,593187
2011-09-14,2.138,576939
2011-09-13,1.466,564864
2011-09-12,0.324,556704
2011-09-09,-4.436,554909
2011-09-08,-2.104,580666
2011-09-07,4.364,593145
2011-09-06,-2.630,568343
2011-09-02,-3.659,583694
2011-09-01,-1.682,605862
2011-08-31,1.455,616228
2011-08-30,-0.105,607390
2011-08-29,4.008,608028
2011-08-26,2.262,584595
2011-08-25,-2.806,571665
2011-08-24,1.290,588167
2011-08-23,4.903,580674
2011-08-22,0.454,553534
2011-08-19,-2.524,551031
2011-08-18,-6.728,565298
2011-08-17,0.405,606073
2011-08-16,-1.622,603629
2011-08-15,3.286,613580
2011-08-12,1.294,594060
2011-08-11,6.912,586471
2011-08-10,-7.560,548553
2011-08-09,8.226,593413
2011-08-08,-10.319,548307
2011-08-05,0.927,611394
2011-08-04,-8.378,605777
2011-08-03,0.838,661173
2011-08-02,-3.918,655677
2011-08-01,-1.146,682415
2011-07-29,-0.466,690324
2011-07-28,-0.406,693558
2011-07-27,-3.270,696389
2011-07-26,0.019,719929
2011-07-25,-0.870,719790
2011-07-22,0.118,726110
2011-07-21,2.509,725253
2011-07-20,0.641,707504
2011-07-19,2.379,702996
2011-07-18,-1.622,686663
2011-07-15,0.734,697981
2011-07-14,-1.143,692896
2011-07-13,1.187,700910
2011-07-12,-0.791,692685
2011-07-11,-3.400,698207
2011-07-08,-1.359,722783
2011-07-07,1.439,732742
2011-07-06,-0.266,722345
2011-07-05,-0.425,724272
2011-07-01,1.976,727360
2011-06-30,1.731,713265
2011-06-29,1.799,701131
2011-06-28,1.884,688742
2011-06-27,1.295,676005
2011-06-24,-1.609,667365
2011-06-23,-0.768,678275
2011-06-22,-1.100,683526
2011-06-21,2.522,691127
2011-06-20,0.387,674127
2011-06-17,0.854,671527
2011-06-16,-0.008,665841
2011-06-15,-3.605,665893
2011-06-14,2.239,690796
2011-06-13,0.164,675667
2011-06-10,-2.662,674560
2011-06-09,1.322,693005
2011-06-08,-1.163,683960
2011-06-07,0.502,692010
2011-06-06,-1.736,688556
2011-06-03,-0.863,700719
2011-06-02,0.211,706818
2011-06-01,-3.390,705330
2011-05-31,2.167,730079
2011-05-27,0.779,714593
2011-05-26,0.975,709070
2011-05-25,0.684,702225
2011-05-24,0.270,697458
2011-05-23,-2.455,695580
2011-05-20,-1.574,713085
2011-05-19,0.561,724490
2011-05-18,1.190,720450
2011-05-17,0.115,711980
2011-05-16,-0.694,711166
2011-05-13,-1.633,716134
2011-05-12,0.631,728025
2011-05-11,-2.154,723464
2011-05-10,1.346,739391
2011-05-09,0.782,729568
2011-05-06,0.433,723907
2011-05-05,-2.005,720789
2011-05-04,-1.108,735540
2011-05-03,-0.811,743784
2011-05-02,0.247,749865
2011-04-29,-0.072,748016
2011-04-28,0.699,748554
2011-04-27,1.320,743358
2011-04-26,1.223,733675
2011-04-25,-0.093,724813
2011-04-21,0.842,725484
2011-04-20,2.757,719428
2011-04-19,0.962,700125
2011-04-18,-2.236,693453
2011-04-15,0.234,709313
2011-04-14,0.337,707657
2011-04-13,0.173,705284
2011-04-12,-1.226,704068
2011-04-11,-0.385,712806
2011-04-08,0.185,715562
2011-04-07,-0.520,714244
2011-04-06,0.775,717980
2011-04-05,-0.162,712461
2011-04-04,0.152,713614
2011-04-01,0.946,712530
2011-03-31,-0.410,705850
2011-03-30,1.335,708752
2011-03-29,0.904,699417
2011-03-28,-0.245,693155
2011-03-25,-0.393,694860
2011-03-24,1.645,697601
2011-03-23,0.323,686311
2011-03-22,-0.473,684101
2011-03-21,2.870,687353
2011-03-18,1.158,668176
2011-03-17,3.217,660524
2011-03-16,-3.528,639937
2011-03-15,-2.302,663339
2011-03-14,-1.615,678972
2011-03-11,0.633,690120
2011-03-10,-3.145,685781
2011-03-09,-0.110,708052
2011-03-08,0.977,708834
2011-03-07,-1.280,701974
2011-03-04,-1.209,711078
2011-03-03,2.317,719781
2011-03-02,0.515,703483
2011-03-01,-2.346,699880
2011-02-28,1.106,716693
2011-02-25,1.700,708855
2011-02-24,-0.013,697009
2011-02-23,-0.481,697097
2011-02-22,-3.520,700465
2011-02-18,0.394,726022
2011-02-17,0.465,723174
2011-02-16,1.271,719823
2011-02-15,-0.455,710788
2011-02-14,0.330,714034
2011-02-11,0.560,711686
2011-02-10,-0.356,707722
2011-02-09,-0.375,710249
2011-02-08,0.794,712924
2011-02-07,0.742,707310
2011-02-04,0.231,702099
2011-02-03,0.207,700479
2011-02-02,-0.220,699033
2011-02-01,2.869,700573
2011-01-31,1.202,681034
2011-01-28,-2.895,672946
2011-01-27,0.360,693010
2011-01-26,0.729,690524
2011-01-25,-0.073,685524
2011-01-24,1.153,686023
2011-01-21,0.532,678202
2011-01-20,-0.638,674615
2011-01-19,-1.291,678950
2011-01-18,0.546,687832
2011-01-14,1.002,684096
2011-01-13,0.013,677308
2011-01-12,2.102,677222
2011-01-11,0.719,663277
2011-01-10,-0.216,658542
2011-01-07,-0.411,659971
2011-01-06,-0.851,662697
2011-01-05,0.212,668384
2011-01-04,-0.231,666968
2011-01-03,1.416,668512
2010-12-31,0.380,659176
2010-12-30,-0.429,656684
2010-12-29,0.577,659511
2010-12-28,0.180,655728
2010-12-27,-0.088,654550
2010-12-23,-0.160,655126
2010-12-22,0.393,656178
2010-12-21,1.066,653608
2010-12-20,0.353,646711
2010-12-17,-0.235,644438
2010-12-16,0.858,645954
2010-12-15,-1.203,640458
2010-12-14,0.172,648259
2010-12-13,0.694,647149
2010-12-10,0.650,642689
2010-12-09,0.501,638541
2010-12-08,0.503,635359
2010-12-07,0.081,632181
2010-12-06,-0.365,631666
2010-12-03,0.818,633983
2010-12-02,2.292,628842
2010-12-01,3.628,614752
2010-11-30,-1.180,593231
2010-11-29,-0.252,600318
2010-11-26,-2.036,601832
2010-11-24,2.284,614339
2010-11-23,-3.083,600619
2010-11-22,-0.716,619726
2010-11-19,0.243,624193
2010-11-18,2.826,622680
2010-11-17,0.374,605566
2010-11-16,-2.845,603308
2010-11-15,-0.172,620976
2010-11-12,-1.577,622047
2010-11-11,-0.854,632011
2010-11-10,0.539,637453
2010-11-09,-1.242,634037
2010-11-08,-0.538,642013
2010-11-05,0.076,645484
2010-11-04,3.049,644996
2010-11-03,0.766,625913
2010-11-02,1.689,621154
2010-11-01,-0.188,610839
2010-10-29,0.047,611987
2010-10-28,0.473,611699
2010-10-27,-0.825,608822
2010-10-26,-0.366,613889
2010-10-25,0.492,616143
2010-10-22,0.322,613128
2010-10-21,-0.124,611160
2010-10-20,2.001,611920
2010-10-19,-2.478,599915
2010-10-18,0.574,615161
2010-10-15,-0.015,611648
2010-10-14,0.065,611741
2010-10-13,1.372,611346
2010-10-12,0.151,603070
2010-10-11,0.011,602162
2010-10-08,0.898,602098
2010-10-07,-0.310,596739
2010-10-06,0.487,598596
2010-10-05,3.494,595694
2010-10-04,-1.525,575585
2010-10-01,0.970,584497
2010-09-30,-0.706,578884
2010-09-29,-0.252,583003
2010-09-28,0.658,584478
2010-09-27,-0.727,580659
2010-09-24,3.528,584914
2010-09-23,-1.375,564983
2010-09-22,-0.529,572861
2010-09-21,-0.192,575906
2010-09-20,2.420,577015
2010-09-17,-0.256,563382
2010-09-16,-0.313,564828
2010-09-15,0.358,566599
2010-09-14,0.341,564578
2010-09-13,2.073,562659
2010-09-10,0.632,551232
2010-09-09,0.975,547769
2010-09-08,1.096,542481
2010-09-07,-1.839,536603
2010-09-03,1.721,546654
2010-09-02,1.155,537408
2010-09-01,4.830,531270
2010-08-31,0.183,506792
2010-08-30,-2.175,505867
2010-08-27,2.594,517115
2010-08-26,-0.633,504041
2010-08-25,0.413,507250
2010-08-24,-2.164,505164
2010-08-23,-0.463,516339
2010-08-20,-0.935,518741
2010-08-19,-2.545,523636
2010-08-18,0.140,537308
2010-08-17,1.796,536555
2010-08-16,0.451,527090
2010-08-13,-0.484,524724
2010-08-12,-0.629,527276
2010-08-11,-5.172,530614
2010-08-10,-0.958,559556
2010-08-09,0.538,564967
2010-08-06,-0.182,561944
2010-08-05,-0.139,562966
2010-08-04,0.647,563751
2010-08-03,-0.514,560130
2010-08-02,4.074,563021
2010-07-30,-0.203,540983
2010-07-29,-0.160,542086
2010-07-28,-0.892,542955
2010-07-27,0.165,547841
2010-07-26,1.335,546941
2010-07-23,1.471,539734
2010-07-22,4.034,531907
2010-07-21,-2.246,511281
2010-07-20,1.407,523025
2010-07-19,0.921,515768
2010-07-16,-4.349,511061
2010-07-15,0.314,534300
2010-07-14,0.201,532626
2010-07-13,2.458,531558
2010-07-12,-0.169,518804
2010-07-09,0.731,519680
2010-07-08,1.454,515908
2010-07-07,4.695,508516
2010-07-06,1.808,485711
2010-07-02,-0.617,477086
2010-07-01,0.479,480049
2010-06-30,-1.266,477759
2010-06-29,-4.833,483883
2010-06-28,-0.725,508458
2010-06-25,0.722,512171
2010-06-24,-2.557,508498
2010-06-23,0.116,521840
2010-06-22,-2.248,521234
2010-06-21,-0.271,533222
2010-06-18,-0.009,534670
2010-06-17,0.334,534720
2010-06-16,-0.316,532938
2010-06-15,3.908,534629
2010-06-14,0.239,514523
2010-06-11,0.517,513298
2010-06-10,5.206,510656
2010-06-09,-0.703,485387
2010-06-08,1.944,488825
2010-06-07,-1.888,479502
2010-06-04,-5.647,488727
2010-06-03,0.124,517979
2010-06-02,3.948,517335
2010-06-01,-2.093,497685
2010-05-28,-2.253,508322
2010-05-27,6.442,520037
2010-05-26,-1.429,488562
2010-05-25,-0.148,495643
2010-05-24,-2.506,496380
2010-05-21,2.780,509139
2010-05-20,-5.490,495369
2010-05-19,-0.280,524142
2010-05-18,-2.550,525616
2010-05-17,0.132,539371
2010-05-14,-3.340,538660
2010-05-13,-1.897,557274
2010-05-12,1.943,568051
2010-05-11,-1.230,557227
2010-05-10,7.901,564164
2010-05-07,-1.473,522852
2010-05-06,-5.731,530669
2010-05-05,-1.692,562928
2010-05-04,-4.460,572617
2010-05-03,1.594,599347
2010-04-30,-2.259,589945
2010-04-29,2.038,603580
2010-04-28,0.694,591522
2010-04-27,-4.545,587444
2010-04-26,-0.284,615413
2010-04-23,1.043,617162
2010-04-22,-0.266,610791
2010-04-21,-0.554,612418
2010-04-20,1.186,615830
2010-04-19,0.184,608612
2010-04-16,-2.756,607497
2010-04-15,0.032,624716
2010-04-14,1.791,624514
2010-04-13,0.015,613528
2010-04-12,0.327,613437
2010-04-09,1.362,611440
2010-04-08,0.247,603226
2010-04-07,-0.926,601737
2010-04-06,0.044,607362
2010-04-05,0.789,607097
2010-04-01,1.668,602344
2010-03-31,-0.308,592463
2010-03-30,0.061,594291
2010-03-29,1.078,593930
2010-03-26,0.527,587598
2010-03-25,-0.181,584520
2010-03-24,-1.414,585579
2010-03-23,1.054,593977
2010-03-22,0.656,587783
2010-03-19,-1.065,583951
2010-03-18,-0.395,590239
2010-03-17,0.854,592578
2010-03-16,1.455,587557
2010-03-15,-0.394,579131
2010-03-12,0.404,581424
2010-03-11,0.596,579085
2010-03-10,0.645,575654
2010-03-09,0.006,571966
2010-03-08,0.015,571934
2010-03-05,2.448,571849
2010-03-04,0.114,558187
2010-03-03,0.798,557551
2010-03-02,0.694,553135
2010-03-01,1.401,549323
2010-02-26,0.419,541735
2010-02-25,-0.484,539472
2010-02-24,1.210,542095
2010-02-23,-1.933,535615
2010-02-22,0.128,546172
2010-02-19,-0.184,545475
2010-02-18,0.868,546478
2010-02-17,0.505,541773
2010-02-16,2.720,539049
2010-02-12,-0.589,524773
2010-02-11,1.486,527881
2010-02-10,-0.555,520153
2010-02-09,3.020,523054
2010-02-08,-1.854,507718
2010-02-05,0.084,517312
2010-02-04,-5.194,516880
2010-02-03,-1.070,545198
2010-02-02,2.084,551093
2010-02-01,2.512,539844
2010-01-29,-1.846,526616
2010-01-28,-2.056,536521
2010-01-27,0.371,547786
2010-01-26,-0.724,545760
2010-01-25,1.204,549740
2010-01-22,-3.186,543200
2010-01-21,-2.988,561079
2010-01-20,-2.400,578361
2010-01-19,1.697,592580
2010-01-15,-1.919,582690
2010-01-14,0.690,594093
2010-01-13,1.252,590025
2010-01-12,-1.522,582729
2010-01-11,0.605,591738
2010-01-08,0.762,588178
2010-01-07,0.151,583728
2010-01-06,0.311,582848
2010-01-05,0.289,581039
2010-01-04,3.097,579362
2009-12-31,-1.284,561959
2009-12-30,-0.275,569270
2009-12-29,-0.034,570839
2009-12-28,0.447,571036
2009-12-24,0.665,568493
2009-12-23,0.716,564736
2009-12-22,0.700,560720
2009-12-21,1.107,556824
2009-12-18,0.659,550725
2009-12-17,-2.494,547118
2009-12-16,0.836,561113
2009-12-15,-1.080,556464
2009-12-14,1.204,562539
2009-12-11,0.366,555848
2009-12-10,0.699,553820
2009-12-09,0.265,549975
2009-12-08,-2.048,548519
2009-12-07,-0.467,559986
2009-12-04,0.301,562613
2009-12-03,-0.841,560927
2009-12-02,0.054,565682
2009-12-01,2.776,565376
2009-11-30,0.505,550106
2009-11-27,-3.193,547341
2009-11-25,1.117,565393
2009-11-24,-0.105,559150
2009-11-23,2.239,559738
2009-11-20,-0.659,547479
2009-11-19,-2.307,551112
2009-11-18,-0.246,564127
2009-11-17,-0.293,565519
2009-11-16,2.235,567183
2009-11-13,1.313,554782
2009-11-12,-1.760,547593
2009-11-11,0.632,557400
2009-11-10,-0.298,553899
2009-11-09,3.726,555552
2009-11-06,0.411,535598
2009-11-05,2.454,533407
2009-11-04,0.843,520630
2009-11-03,0.052,516279
2009-11-02,1.265,516010
2009-10-30,-4.612,509561
2009-10-29,3.745,534197
2009-10-28,-3.149,514913
2009-10-27,-0.889,531654
2009-10-26,-1.870,536423
2009-10-23,-1.950,546643
2009-10-22,1.485,557515
2009-10-21,-0.997,549357
2009-10-20,-0.780,554888
2009-10-19,1.688,559251
2009-10-16,-1.557,549965
2009-10-15,0.597,558663
2009-10-14,2.980,555350
2009-10-13,-0.313,539277
2009-10-12,0.709,540969
2009-10-09,0.396,537159
2009-10-08,1.538,535038
2009-10-07,0.462,526936
2009-10-06,2.291,524510
2009-10-05,2.217,512765
2009-10-02,-1.085,501642
2009-10-01,-3.831,507144
2009-09-30,-0.331,527349
2009-09-29,-0.633,529099
2009-09-28,2.461,532471
2009-09-25,-0.741,519682
2009-09-24,-1.878,523564
2009-09-23,-1.264,533582
2009-09-22,1.355,540414
2009-09-21,-0.865,533191
2009-09-18,0.219,537843
2009-09-17,-0.522,536666
2009-09-16,2.505,539481
2009-09-15,0.379,526298
2009-09-14,0.549,524311
2009-09-11,-0.094,521446
2009-09-10,1.436,521935
2009-09-09,1.425,514545
2009-09-08,1.968,507315
2009-09-04,2.197,497524
2009-09-03,1.232,486829
2009-09-02,-0.417,480905
2009-09-01,-3.478,482919
2009-08-31,-1.237,500319
2009-08-28,0.016,506586
2009-08-27,0.656,506504
2009-08-26,-0.242,503206
2009-08-25,0.770,504427
2009-08-24,-0.021,500571
2009-08-21,3.037,500675
2009-08-20,1.338,485920
2009-08-19,1.295,479502
2009-08-18,1.757,473371
2009-08-17,-4.099,465196
2009-08-14,-1.184,485080
2009-08-13,1.590,490891
2009-08-12,1.635,483209
2009-08-11,-1.453,475436
2009-08-10,-0.546,482444
2009-08-07,1.104,485093
2009-08-06,-0.832,479796
2009-08-05,-0.499,483821
2009-08-04,0.134,486246
2009-08-03,2.870,485593
2009-07-31,1.045,472045
2009-07-30,2.083,467161
2009-07-29,-0.700,457626
2009-07-28,-0.666,460853
2009-07-27,0.321,463945
2009-07-24,0.726,462458
2009-07-23,2.986,459124
2009-07-22,0.130,445811
2009-07-21,0.793,445232
2009-07-20,2.088,441730
2009-07-17,0.749,432695
2009-07-16,0.380,429480
2009-07-15,4.695,427852
2009-07-14,0.835,408666
2009-07-13,3.289,405283
2009-07-10,-0.934,392378
2009-07-09,0.927,396076
2009-07-08,-0.312,392437
2009-07-07,-3.218,393667
2009-07-06,0.070,406755
2009-07-02,-4.144,406470
2009-07-01,1.361,424041
2009-06-30,-1.415,418346
2009-06-29,1.343,424349
2009-06-26,-0.350,418724
2009-06-25,3.233,420194
2009-06-24,0.829,407036
2009-06-23,0.853,403689
2009-06-22,-4.602,400275
2009-06-19,1.272,419583
2009-06-18,0.553,414311
2009-06-17,0.080,412032
2009-06-16,-1.944,411703
2009-06-15,-4.216,419867
2009-06-12,-0.062,438346
2009-06-11,1.429,438619
2009-06-10,-0.119,432441
2009-06-09,1.199,432956
2009-06-08,-0.504,427826
2009-06-05,-0.718,429992
2009-06-04,1.234,433102
2009-06-03,-2.925,427821
2009-06-02,0.594,440710
2009-06-01,3.658,438109
2009-05-29,2.768,422649
2009-05-28,1.851,411267
2009-05-27,-2.736,403794
2009-05-26,3.483,415152
2009-05-22,0.164,401181
2009-05-21,-1.724,400525
2009-05-20,-0.192,407551
2009-05-19,0.438,408337
2009-05-18,4.897,406554
2009-05-15,-1.286,387576
2009-05-14,1.375,392624
2009-05-13,-4.293,387300
2009-05-12,0.379,404673
2009-05-11,-3.171,403143
2009-05-08,4.703,416343
2009-05-07,-2.240,397644
2009-05-06,3.021,406756
2009-05-05,-0.905,394827
2009-05-04,5.525,398434
2009-05-01,1.184,377572
2009-04-30,0.405,373153
2009-04-29,3.416,371648
2009-04-28,-0.842,359372
2009-04-27,-1.534,362422
2009-04-24,2.263,368068
2009-04-23,2.371,359924
2009-04-22,-1.022,351590
2009-04-21,3.145,355219
2009-04-20,-6.137,344388
2009-04-17,0.399,366903
2009-04-16,1.688,365446
2009-04-15,1.742,359380
2009-04-14,-2.110,353228
2009-04-13,0.601,360843
2009-04-09,5.233,358688
2009-04-08,1.594,340851
2009-04-07,-3.364,335503
2009-04-06,-1.939,347182
2009-04-03,1.237,354047
2009-04-02,5.337,349721
2009-04-01,3.285,332001
2009-03-31,2.389,321443
2009-03-30,-5.442,313943
2009-03-27,-3.530,332013
2009-03-26,2.655,344161
2009-03-25,1.896,335259
2009-03-24,-3.658,329021
2009-03-23,10.789,341516
2009-03-20,-2.711,308258
2009-03-19,-1.131,316847
2009-03-18,3.731,320472
2009-03-17,4.305,308944
2009-03-16,0.376,296193
2009-03-13,1.099,295083
2009-03-12,4.886,291874
2009-03-11,0.922,278277
2009-03-10,9.396,275733
2009-03-09,-2.712,252052
2009-03-06,0.043,259078
2009-03-05,-6.018,258966
2009-03-04,4.821,275548
2009-03-03,-0.915,262876
2009-03-02,-7.498,265303
2009-02-27,-2.052,286807
2009-02-26,-1.983,292815
2009-02-25,-2.361,298741
2009-02-24,5.914,305966
2009-02-23,-5.570,288882
2009-02-20,-1.759,305920
2009-02-19,-1.052,311396
2009-02-18,-0.266,314706
2009-02-17,-7.110,315545
2009-02-13,-1.622,339697
2009-02-12,-0.122,345296
2009-02-11,1.191,345720
2009-02-10,-6.987,341650
2009-02-09,0.106,367314
2009-02-06,3.934,366925
2009-02-05,2.203,353037
2009-02-04,-0.747,345429
2009-02-03,3.021,348028
2009-02-02,-0.871,337821
2009-01-30,-2.400,340791
2009-01-29,-5.652,349171
2009-01-28,4.794,370089
2009-01-27,2.088,353159
2009-01-26,1.801,345936
2009-01-23,-0.027,339814
2009-01-22,-2.792,339904
2009-01-21,6.823,349667
2009-01-20,-9.100,327333
2009-01-16,1.058,360101
2009-01-15,0.572,356332
2009-01-14,-5.369,354306
2009-01-13,-0.949,374410
2009-01-12,-3.610,377996
2009-01-09,-4.043,392154
2009-01-08,1.275,408677
2009-01-07,-3.735,403532
2009-01-06,1.247,419190
2009-01-05,-1.071,414028
2009-01-02,3.418,418510
2008-12-31,2.078,404676
2008-12-30,3.953,396439
2008-12-29,-0.244,381366
2008-12-26,0.803,382297
2008-12-24,1.334,379250
2008-12-23,-1.382,374258
2008-12-22,-1.569,379502
2008-12-19,-1.274,385550
2008-12-18,-3.535,390526
2008-12-17,-1.175,404838
2008-12-16,7.753,409650
2008-12-15,-1.077,380176
2008-12-12,1.675,384315
2008-12-11,-2.411,377983
2008-12-10,2.213,387323
2008-12-09,-2.040,378936
2008-12-08,5.929,386826
2008-12-05,3.555,365173
2008-12-04,-3.888,352637
2008-12-03,2.965,366904
2008-12-02,6.720,356337
2008-12-01,-12.832,333899
2008-11-28,1.104,383051
2008-11-26,4.097,378869
2008-11-25,1.761,363959
2008-11-24,9.826,357660
2008-11-21,9.120,325661
2008-11-20,-9.982,298443
2008-11-19,-9.795,331538
2008-11-18,1.816,367538
2008-11-17,-2.288,360983
2008-11-14,-7.938,369434
2008-11-13,10.719,401287
2008-11-12,-7.188,362437
2008-11-11,-4.790,390508
2008-11-10,-2.080,410153
2008-11-07,6.361,418864
2008-11-06,-8.862,393815
2008-11-05,-7.046,432110
2008-11-04,7.163,464863
2008-11-03,0.501,433791
2008-10-31,0.874,431627
2008-10-30,5.225,427886
2008-10-29,-0.514,406638
2008-10-28,18.785,408738
2008-10-27,-6.349,344099
2008-10-24,-8.390,367428
2008-10-23,2.359,401080
2008-10-22,-9.281,391838
2008-10-21,-6.073,431925
2008-10-20,9.288,459851
2008-10-17,-1.819,420771
2008-10-16,7.282,428567
2008-10-15,-15.395,399476
2008-10-14,-2.567,472166
2008-10-13,22.941,484608
2008-10-10,-4.423,394178
2008-10-09,-9.996,412418
2008-10-08,-3.610,458224
2008-10-07,-6.840,475386
2008-10-06,-8.019,510292
2008-10-03,-1.452,554781
2008-10-02,-5.892,562956
2008-10-01,-0.395,598201
2008-09-30,7.363,600575
2008-09-29,-13.630,559388
2008-09-26,-0.590,647661
2008-09-25,2.784,651503
2008-09-24,0.460,633858
2008-09-23,-2.939,630952
2008-09-22,-4.089,650055
2008-09-19,7.803,677767
2008-09-18,5.397,628709
2008-09-17,-6.424,596512
2008-09-16,1.075,637461
2008-09-15,-6.790,630683
2008-09-12,1.574,676625
2008-09-11,1.171,666138
2008-09-10,0.946,658428
2008-09-09,-4.571,652256
2008-09-08,3.197,683501
2008-09-05,0.058,662327
2008-09-04,-5.310,661942
2008-09-03,-0.331,699065
2008-09-02,-1.488,701385
2008-08-29,-1.146,711976
2008-08-28,1.868,720228
2008-08-27,1.454,707018
2008-08-26,0.565,696888
2008-08-25,-2.776,692972
2008-08-22,1.583,712759
2008-08-21,0.396,701650
2008-08-20,0.781,698885
2008-08-19,-1.672,693471
2008-08-18,-1.539,705263
2008-08-15,0.071,716283
2008-08-14,0.471,715774
2008-08-13,-1.468,712419
2008-08-12,-1.372,723034
2008-08-11,0.892,733093
2008-08-08,1.945,726609
2008-08-07,-2.527,712744
2008-08-06,0.417,731224
2008-08-05,3.983,728186
2008-08-04,-1.414,700295
2008-08-01,-1.368,710340
2008-07-31,-1.777,720193
2008-07-30,2.167,733225
2008-07-29,2.537,717671
2008-07-28,-2.333,699915
2008-07-25,0.101,716632
2008-07-24,-2.943,715911
2008-07-23,0.702,737622
2008-07-22,1.219,732483
2008-07-21,0.395,723661
2008-07-18,0.929,720811
2008-07-17,1.790,714177
2008-07-16,3.313,701617
2008-07-15,-2.262,679117
2008-07-14,-0.954,694833
2008-07-11,-2.002,701524
2008-07-10,0.886,715854
2008-07-09,-2.509,709567
2008-07-08,1.912,727828
2008-07-07,-1.438,714172
2008-07-03,0.475,724590
2008-07-02,-2.526,721166
2008-07-01,-0.382,739853
2008-06-30,0.683,742689
2008-06-27,-0.337,737651
2008-06-26,-3.951,740148
2008-06-25,1.047,770596
2008-06-24,-0.460,762610
2008-06-23,-0.103,766135
2008-06-20,-2.784,766926
2008-06-19,-0.007,788887
2008-06-18,-1.374,788939
2008-06-17,-0.260,799930
2008-06-16,0.354,802016
2008-06-13,1.697,799189
2008-06-12,0.131,785852
2008-06-11,-2.093,784826
2008-06-10,-1.487,801600
2008-06-09,0.132,813700
2008-06-06,-4.597,812626
2008-06-05,2.817,851784
2008-06-04,-0.402,828448
2008-06-03,-0.659,831789
2008-06-02,-1.559,837305
2008-05-30,0.564,850569
2008-05-29,0.315,845802
2008-05-28,0.405,843148
2008-05-27,0.543,839748
2008-05-23,-1.899,835209
2008-05-22,0.716,851381
2008-05-21,-2.206,845330
2008-05-20,-1.281,864402
2008-05-19,-0.006,875616
2008-05-16,0.727,875665
2008-05-15,2.153,869347
2008-05-14,0.183,851023
2008-05-13,-0.196,849470
2008-05-12,1.624,851139
2008-05-09,-0.658,837534
2008-05-08,0.289,843082
2008-05-07,-2.656,840651
2008-05-06,1.205,863588
2008-05-05,-0.330,853302
2008-05-02,0.405,856127
2008-05-01,2.203,852673
2008-04-30,-0.207,834293
2008-04-29,-0.880,836024
2008-04-28,0.364,843449
2008-04-25,1.319,840386
2008-04-24,-0.003,829443
2008-04-23,0.166,829470
2008-04-22,-1.019,828091
2008-04-21,0.510,836614
2008-04-18,1.359,832372
2008-04-17,-0.539,821215
2008-04-16,4.372,825669
2008-04-15,0.637,791085
2008-04-14,-0.176,786076
2008-04-11,-2.566,787461
2008-04-10,-0.064,808201
2008-04-09,-1.145,808718
2008-04-08,-0.726,818084
2008-04-07,0.412,824070
2008-04-04,0.100,820686
2008-04-03,0.398,819869
2008-04-02,0.184,816615
2008-04-01,5.053,815119
2008-03-31,0.531,775915
2008-03-28,-0.909,771820
2008-03-27,-0.335,778901
2008-03-26,-1.099,781520
2008-03-25,0.947,790202
2008-03-24,2.913,782791
2008-03-20,2.601,760634
2008-03-19,-4.403,741350
2008-03-18,5.575,775493
2008-03-17,-1.843,734545
2008-03-14,-2.854,748335
2008-03-13,0.296,770321
2008-03-12,-0.839,768045
2008-03-11,5.204,774541
2008-03-10,-1.503,736229
2008-03-07,-1.645,747466
2008-03-06,-2.708,759966
2008-03-05,1.286,781120
2008-03-04,-1.275,771199
2008-03-03,-0.044,781157
2008-02-29,-3.513,781501
2008-02-28,-1.450,809951
2008-02-27,0.100,821865
2008-02-26,1.560,821041
2008-02-25,2.058,808427
2008-02-22,1.304,792129
2008-02-21,-0.848,781931
2008-02-20,-0.057,788616
2008-02-19,0.830,789062
2008-02-15,0.197,782566
2008-02-14,-1.053,781026
2008-02-13,1.312,789334
2008-02-12,2.117,779113
2008-02-11,0.771,762961
2008-02-08,-1.212,757122
2008-02-07,0.298,766407
2008-02-06,-0.795,764130
2008-02-05,-5.133,770255
2008-02-04,-1.730,811930
2008-02-01,2.437,826227
2008-01-31,2.280,806574
2008-01-30,-0.942,788591
2008-01-29,0.790,796091
2008-01-28,2.138,789850
2008-01-25,-2.142,773317
2008-01-24,2.814,790248
2008-01-23,1.804,768620
2008-01-22,-2.643,754997
2008-01-18,-0.585,775498
2008-01-17,-3.242,780061
2008-01-16,-2.016,806200
2008-01-15,-3.939,822783
2008-01-14,1.685,856522
2008-01-11,-1.930,842327
2008-01-10,0.519,858906
2008-01-09,1.379,854470
2008-01-08,-1.796,842844
2008-01-07,-0.020,858259
2008-01-04,-3.612,858433
2008-01-03,0.049,890604
2008-01-02,-1.020,890171
2007-12-31,-1.049,899341
2007-12-28,0.268,908878
2007-12-27,-1.511,906447
2007-12-26,0.353,920355
2007-12-24,0.908,917116
2007-12-21,2.163,908860
2007-12-20,1.001,889616
2007-12-19,-0.495,880797
2007-12-18,1.258,885176
2007-12-17,-2.577,874180
2007-12-14,-2.753,897299
2007-12-13,-1.407,922700
2007-12-12,2.083,935866
2007-12-11,-3.983,916771
2007-12-10,1.296,954800
2007-12-07,-0.256,942587
2007-12-06,1.845,945009
2007-12-05,2.200,927890
2007-12-04,-1.187,907916
2007-12-03,-0.821,918820
2007-11-30,1.226,926424
2007-11-29,-0.466,915206
2007-11-28,4.567,919492
2007-11-27,1.850,879335
2007-11-26,-2.911,863363
2007-11-23,3.077,889248
2007-11-21,-3.186,862700
2007-11-20,1.886,891092
2007-11-19,-2.863,874599
2007-11-16,0.342,900376
2007-11-15,-2.297,897305
2007-11-14,-0.351,918402
2007-11-13,4.415,921640
2007-11-12,-1.898,882673
2007-11-09,-2.408,899747
2007-11-08,-0.340,921949
2007-11-07,-3.467,925098
2007-11-06,2.114,958320
2007-11-05,-1.657,938483
2007-11-02,0.436,954297
2007-11-01,-3.320,950153
2007-10-31,1.765,982778
2007-10-30,-1.097,965731
2007-10-29,0.728,976439
2007-10-26,2.134,969384
2007-10-25,0.483,949129
2007-10-24,-0.303,944571
2007-10-23,1.579,947441
2007-10-22,0.433,932710
2007-10-19,-3.643,928690
2007-10-18,-0.182,963800
2007-10-17,0.904,965561
2007-10-16,-1.636,956914
2007-10-15,-1.235,972830
2007-10-12,0.740,984992
2007-10-11,-0.152,977754
2007-10-10,-0.267,979244
2007-10-09,1.494,981868
2007-10-08,-1.032,967420
2007-10-05,1.657,977504
2007-10-04,0.341,961573
2007-10-03,-0.460,958304
2007-10-02,-0.279,962735
2007-10-01,1.770,965430
2007-09-28,-0.208,948640
2007-09-27,1.323,950615
2007-09-26,0.765,938198
2007-09-25,-0.110,931073
2007-09-24,-0.039,932100
2007-09-21,0.497,932460
2007-09-20,-0.694,927849
2007-09-19,1.047,934330
2007-09-18,4.585,924645
2007-09-17,-1.325,884106
2007-09-14,-0.362,895978
2007-09-13,0.874,899230
2007-09-12,0.284,891442
2007-09-11,2.084,888917
2007-09-10,-0.430,870766
2007-09-07,-1.979,874524
2007-09-06,0.420,892180
2007-09-05,-1.645,888448
2007-09-04,1.445,903310
2007-08-31,1.933,890446
2007-08-30,-0.665,873561
2007-08-29,3.132,879407
2007-08-28,-3.161,852699
2007-08-27,-1.459,880537
2007-08-24,2.127,893574
2007-08-23,0.174,874962
2007-08-22,2.467,873443
2007-08-21,0.136,852416
2007-08-20,0.076,851261
2007-08-17,2.286,850617
2007-08-16,0.418,831606
2007-08-15,-2.653,828144
2007-08-14,-1.988,850711
2007-08-13,0.437,867970
2007-08-10,-1.477,864191
2007-08-09,-4.359,877149
2007-08-08,2.219,917129
2007-08-07,1.158,897220
2007-08-06,2.175,886948
2007-08-03,-3.406,868069
2007-08-02,0.891,898675
2007-08-01,0.528,890735
2007-07-31,-1.097,886058
2007-07-30,2.519,895890
2007-07-27,-2.640,873876
2007-07-26,-4.161,897574
2007-07-25,0.010,936539
2007-07-24,-2.464,936446
2007-07-23,0.630,960106
2007-07-20,-1.530,954098
2007-07-19,0.678,968921
2007-07-18,-0.380,962399
2007-07-17,-0.257,966074
2007-07-16,-0.158,968567
2007-07-13,0.211,970099
2007-07-12,2.247,968055
2007-07-11,1.200,946780
2007-07-10,-2.017,935550
2007-07-09,0.207,954811
2007-07-06,0.897,952841
2007-07-05,-0.406,944368
2007-07-03,0.603,948213
2007-07-02,1.687,942526
2007-06-29,0.406,926891
2007-06-28,0.084,923142
2007-06-27,1.722,922365
2007-06-26,-1.246,906747
2007-06-25,-0.459,918190
2007-06-22,-1.690,922423
2007-06-21,0.649,938280
2007-06-20,-1.584,932233
2007-06-19,0.273,947234
2007-06-18,0.218,944651
2007-06-15,0.990,942597
2007-06-14,1.018,933353
2007-06-13,2.148,923951
2007-06-12,-2.072,904518
2007-06-11,0.352,923655
2007-06-08,1.843,920419
2007-06-07,-2.673,903765
2007-06-06,-1.839,928588
2007-06-05,-0.672,945981
2007-06-04,0.164,952381
2007-06-01,0.829,950825
2007-05-31,0.190,943007
2007-05-30,0.979,941215
2007-05-29,0.392,932093
2007-05-25,0.751,928449
2007-05-24,-1.396,921528
2007-05-23,0.306,934578
2007-05-22,-0.029,931723
2007-05-21,-0.338,931994
2007-05-18,1.245,935155
2007-05-17,-0.494,923654
2007-05-16,0.699,928237
2007-05-15,0.119,921796
2007-05-14,-0.431,920696
2007-05-11,1.782,924686
2007-05-10,-2.136,908499
2007-05-09,0.566,928323
2007-05-08,-0.620,923103
2007-05-07,0.098,928862
2007-05-04,0.879,927957
2007-05-03,0.555,919873
2007-05-02,0.961,914798
2007-05-01,0.160,906089
2007-04-30,-0.964,904642
2007-04-27,-0.206,913449
2007-04-26,-0.181,915337
2007-04-25,1.362,916993
2007-04-24,-0.011,904667
2007-04-23,-0.920,904764
2007-04-20,1.516,913170
2007-04-19,-0.258,899533
2007-04-18,0.077,901863
2007-04-17,0.234,901171
2007-04-16,1.472,899063
2007-04-13,0.598,886021
2007-04-12,0.791,880753
2007-04-11,-0.667,873840
2007-04-10,0.543,879710
2007-04-09,0.068,874956
2007-04-05,0.445,874357
2007-04-04,0.337,870486
2007-04-03,1.443,867565
2007-04-02,0.279,855225
2007-03-30,0.072,852843
2007-03-29,0.609,852228
2007-03-28,-1.180,847067
2007-03-27,-0.485,857179
2007-03-26,-0.103,861356
2007-03-23,0.261,862244
2007-03-22,-0.304,860002
2007-03-21,2.739,862622
2007-03-20,0.992,839624
2007-03-19,2.010,831379
2007-03-16,-0.187,814994
2007-03-15,0.387,816523
2007-03-14,0.688,813378
2007-03-13,-3.174,807820
2007-03-12,0.505,834300
2007-03-09,0.113,830107
2007-03-08,1.461,829171
2007-03-07,-0.084,817227
2007-03-06,3.434,817916
2007-03-05,-2.206,790763
2007-03-02,-1.916,808600
2007-03-01,-0.933,824399
2007-02-28,1.380,832162
2007-02-27,-5.916,820832
2007-02-26,-0.058,872445
2007-02-23,-0.169,872953
2007-02-22,0.190,874435
2007-02-21,-0.353,872773
2007-02-20,0.266,875864
2007-02-16,-0.076,873541
2007-02-15,0.177,874209
2007-02-14,1.394,872664
2007-02-13,1.522,860664
2007-02-12,-0.551,847758
2007-02-09,-0.936,852457
2007-02-08,-0.367,860513
2007-02-07,0.356,863679
2007-02-06,0.480,860614
2007-02-05,-0.178,856499
2007-02-02,-0.006,858024
2007-02-01,1.017,858076
2007-01-31,0.810,849440
2007-01-30,0.861,842614
2007-01-29,0.006,835424
2007-01-26,0.024,835375
2007-01-25,-2.013,835174
2007-01-24,1.089,852334
2007-01-23,0.784,843150
2007-01-22,-0.583,836595
2007-01-19,0.896,841501
2007-01-18,-0.512,834029
2007-01-17,0.060,838320
2007-01-16,-0.257,837817
2007-01-12,1.346,839972
2007-01-11,0.765,828820
2007-01-10,-0.171,822527
2007-01-09,-0.027,823936
2007-01-08,0.486,824162
2007-01-05,-1.635,820179
2007-01-04,0.021,833812
2007-01-03,0.073,833636
2006-12-29,-0.442,833029
2006-12-28,-0.155,836726
2006-12-27,1.312,838023
2006-12-26,0.498,827169
2006-12-22,-0.696,823071
2006-12-21,-0.364,828840
2006-12-20,-0.164,831869
2006-12-19,0.426,833238
2006-12-18,-0.342,829699
2006-12-15,-0.243,832545
2006-12-14,1.016,834573
2006-12-13,0.313,826176
2006-12-12,0.166,823601
2006-12-11,0.496,822235
2006-12-08,0.007,818181
2006-12-07,-0.196,818125
2006-12-06,-0.216,819733
2006-12-05,0.714,821508
2006-12-04,1.066,815682
2006-12-01,-0.283,807075
2006-11-30,0.286,809363
2006-11-29,1.598,807052
2006-11-28,0.912,794355
2006-11-27,-1.725,787176
2006-11-24,-0.683,800996
2006-11-22,0.744,806508
2006-11-21,0.373,800552
2006-11-20,-0.410,797581
2006-11-17,-0.159,800862
2006-11-16,0.093,802142
2006-11-15,0.227,801395
2006-11-14,1.320,799577
2006-11-13,-0.172,789161
2006-11-10,0.266,790521
2006-11-09,-0.779,788424
2006-11-08,0.199,794615
2006-11-07,0.398,793037
2006-11-06,1.895,789889
2006-11-03,-0.399,775197
2006-11-02,0.135,778299
2006-11-01,-0.690,777245
2006-10-31,0.011,782647
2006-10-30,-0.203,782560
2006-10-27,-0.981,784149
2006-10-26,0.727,791921
2006-10-25,0.715,786207
2006-10-24,0.266,780624
2006-10-23,0.454,778554
2006-10-20,0.200,775032
2006-10-19,0.587,773487
2006-10-18,0.257,768973
2006-10-17,-0.665,767001
2006-10-16,0.347,772137
2006-10-13,0.305,769469
2006-10-12,1.412,767130
2006-10-11,-0.159,756448
2006-10-10,0.196,757652
2006-10-09,0.070,756170
2006-10-06,-0.641,755645
2006-10-05,0.197,760523
2006-10-04,1.642,759025
2006-10-03,0.232,746761
2006-10-02,-0.183,745032
2006-09-29,-0.188,746396
2006-09-28,0.095,747799
2006-09-27,0.543,747087
2006-09-26,0.813,743050
2006-09-25,0.936,737054
2006-09-22,-0.575,730217
2006-09-21,-0.307,734443
2006-09-20,1.052,736708
2006-09-19,-0.783,729041
2006-09-18,0.424,734791
2006-09-15,0.017,731689
2006-09-14,0.077,731567
2006-09-13,0.240,731006
2006-09-12,1.571,729257
2006-09-11,-0.279,717979
2006-09-08,0.240,719987
2006-09-07,-1.120,718265
2006-09-06,-1.718,726400
2006-09-05,0.389,739096
2006-09-01,0.971,736230
2006-08-31,-0.024,729148
2006-08-30,0.045,729322
2006-08-29,0.571,728993
2006-08-28,0.671,724851
2006-08-25,0.057,720022
2006-08-24,-0.255,719614
2006-08-23,-0.471,721456
2006-08-22,-0.185,724872
2006-08-21,-0.579,726213
2006-08-18,0.693,730439
2006-08-17,-0.021,725409
2006-08-16,1.303,725559
2006-08-15,2.355,716230
2006-08-14,0.264,699749
2006-08-11,-0.782,697908
2006-08-10,0.398,703412
2006-08-09,-0.010,700623
2006-08-08,-0.557,700695
2006-08-07,-0.589,704622
2006-08-04,-0.114,708799
2006-08-03,0.121,709607
2006-08-02,1.251,708746
2006-08-01,-0.863,699992
2006-07-31,-0.309,706088
2006-07-28,2.090,708276
2006-07-27,0.281,693779
2006-07-26,0.533,691835
2006-07-25,0.288,688164
2006-07-24,2.731,686189
2006-07-21,-0.643,667946
2006-07-20,-0.947,672267
2006-07-19,2.740,678695
2006-07-18,0.354,660597
2006-07-17,-0.999,658270
2006-07-14,-0.878,664914
2006-07-13,-2.514,670803
2006-07-12,-2.080,688104
2006-07-11,0.544,702719
2006-07-10,0.661,698914
2006-07-07,-0.860,694321
2006-07-06,0.883,700345
2006-07-05,-1.657,694215
2006-07-03,0.663,705915
2006-06-30,0.752,701266
2006-06-29,4.039,696034
2006-06-28,1.292,669010
2006-06-27,-1.902,660479
2006-06-26,0.864,673287
2006-06-23,-0.199,667520
2006-06-22,-0.722,668850
2006-06-21,1.441,673714
2006-06-20,0.661,664147
2006-06-19,-1.022,659784
2006-06-16,-1.143,666597
2006-06-15,3.952,674305
2006-06-14,1.556,648670
2006-06-13,-2.954,638733
2006-06-12,-1.702,658175
2006-06-09,-0.160,669573
2006-06-08,-1.423,670650
2006-06-07,-1.518,680333
2006-06-06,-0.964,690823
2006-06-05,-2.616,697550
2006-06-02,0.762,716289
2006-06-01,1.239,710870
2006-05-31,1.449,702171
2006-05-30,-2.511,692143
2006-05-26,0.933,709969
2006-05-25,1.923,703408
2006-05-24,0.680,690136
2006-05-23,-0.684,685476
2006-05-22,-2.013,690200
2006-05-19,0.928,704377
2006-05-18,-0.646,697898
2006-05-17,-3.660,702435
2006-05-16,-0.231,729119
2006-05-15,-0.354,730805
2006-05-12,-1.953,733401
2006-05-11,-1.684,748009
2006-05-10,-0.244,760820
2006-05-09,0.525,762681
2006-05-08,-0.168,758698
2006-05-05,1.702,759972
2006-05-04,0.778,747254
2006-05-03,-0.700,741488
2006-05-02,1.588,746716
2006-05-01,-0.769,735041
2006-04-28,0.302,740735
2006-04-27,0.516,738508
2006-04-26,0.392,734713
2006-04-25,-0.403,731845
2006-04-24,-0.105,734805
2006-04-21,0.412,735574
2006-04-20,-0.161,732555
2006-04-19,0.576,733738
2006-04-18,2.706,729533
2006-04-17,0.172,710310
2006-04-13,0.033,709092
2006-04-12,-0.144,708856
2006-04-11,-1.161,709879
2006-04-10,0.238,718218
2006-04-07,-1.591,716514
2006-04-06,-0.048,728097
2006-04-05,0.495,728446
2006-04-04,1.035,724860
2006-04-03,0.584,717434
2006-03-31,-0.415,713270
2006-03-30,0.561,716244
2006-03-29,1.345,712247
2006-03-28,-1.136,702792
2006-03-27,-0.241,710867
2006-03-24,0.537,712587
2006-03-23,-0.917,708778
2006-03-22,1.097,715337
2006-03-21,-1.188,707574
2006-03-20,-0.031,716079
2006-03-17,0.354,716302
2006-03-16,0.371,713778
2006-03-15,0.605,711139
2006-03-14,1.570,706865
2006-03-13,0.658,695936
2006-03-10,1.773,691383
2006-03-09,-0.687,679340
2006-03-08,0.387,684037
2006-03-07,-0.885,681397
2006-03-06,-0.653,687478
2006-03-03,-0.675,691996
2006-03-02,-0.130,696695
2006-03-01,1.401,697599
2006-02-28,-1.405,687959
2006-02-27,0.234,697760
2006-02-24,0.420,696130
2006-02-23,0.012,693220
2006-02-22,0.989,693138
2006-02-21,-0.223,686349
2006-02-17,-0.424,687882
2006-02-16,1.238,690814
2006-02-15,-0.234,682368
2006-02-14,1.614,683968
2006-02-13,-0.592,673102
2006-02-10,0.017,677109
2006-02-09,-0.041,676991
2006-02-08,1.024,677268
2006-02-07,-1.249,670401
2006-02-06,0.137,678880
2006-02-03,-0.608,677950
2006-02-02,-1.716,682094
2006-02-01,0.794,694002
2006-01-31,-0.603,688533
2006-01-30,-0.030,692712
2006-01-27,1.137,692923
2006-01-26,1.200,685136
2006-01-25,0.275,677011
2006-01-24,0.388,675155
2006-01-23,1.151,672543
2006-01-20,-2.556,664891
2006-01-19,0.837,682334
2006-01-18,-0.995,676670
2006-01-17,-0.999,683474
2006-01-13,0.138,690368
2006-01-12,-0.845,689417
2006-01-11,0.785,695295
2006-01-10,-0.452,689883
2006-01-09,0.250,693016
2006-01-06,1.545,691290
2006-01-05,-0.252,680772
2006-01-04,0.916,682493
2006-01-03,3.585,676298
2005-12-30,-0.758,652891
2005-12-29,-0.376,657881
2005-12-28,0.630,660364
2005-12-27,-1.453,656230
2005-12-23,0.010,665904
2005-12-22,0.801,665835
2005-12-21,0.424,660543
2005-12-20,0.086,657757
2005-12-19,-0.569,657192
2005-12-16,0.182,660950
2005-12-15,-0.819,659749
2005-12-14,0.306,665195
2005-12-13,0.881,663165
2005-12-12,0.838,657374
2005-12-09,0.829,651909
2005-12-08,-0.074,646547
2005-12-07,-0.920,647029
2005-12-06,0.343,653037
2005-12-05,0.068,650803
2005-12-02,0.329,650363
2005-12-01,2.037,648228
2005-11-30,-0.946,635289
2005-11-29,-0.198,641358
2005-11-28,-0.495,642630
2005-11-25,-0.495,645830
2005-11-23,0.792,649040
2005-11-22,0.570,643939
2005-11-21,0.526,640290
2005-11-18,0.756,636939
2005-11-17,1.850,632163
2005-11-16,0.072,620683
2005-11-15,-0.659,620235
2005-11-14,-0.409,624347
2005-11-11,0.612,626914
2005-11-10,0.621,623103
2005-11-09,0.069,619257
2005-11-08,-0.154,618832
2005-11-07,0.426,619786
2005-11-04,-0.677,617154
2005-11-03,0.345,621360
2005-11-02,1.736,619223
2005-11-01,0.767,608655
2005-10-31,0.343,604023
2005-10-28,1.795,601957
2005-10-27,-1.074,591345
2005-10-26,-0.375,597763
2005-10-25,-0.122,600010
2005-10-24,2.276,600744
2005-10-21,0.651,587375
2005-10-20,-2.992,583576
2005-10-19,1.996,601577
2005-10-18,-1.692,589803
2005-10-17,-0.300,599956
2005-10-14,1.526,601759
2005-10-13,-0.194,592715
2005-10-12,-1.124,593866
2005-10-11,-0.059,600615
2005-10-10,-1.062,600970
2005-10-07,0.517,607423
2005-10-06,-0.619,604300
2005-10-05,-1.701,608063
2005-10-04,-1.400,618585
2005-10-03,-0.531,627369
2005-09-30,-0.130,630719
2005-09-29,1.440,631541
2005-09-28,0.708,622573
2005-09-27,-0.262,618196
2005-09-26,0.758,619821
2005-09-23,-0.189,615158
2005-09-22,0.245,616326
2005-09-21,-0.776,614818
2005-09-20,-0.980,619623
2005-09-19,-0.698,625753
2005-09-16,1.300,630149
2005-09-15,-0.008,622060
2005-09-14,-0.290,622111
2005-09-13,-0.908,623918
2005-09-12,-0.651,629632
2005-09-09,1.577,633759
2005-09-08,-0.761,623919
2005-09-07,-0.024,628700
2005-09-06,1.780,628849
2005-09-02,0.045,617851
2005-09-01,0.644,617570
2005-08-31,2.234,613617
2005-08-30,-0.654,600210
2005-08-29,0.643,604161
2005-08-26,-0.814,600302
2005-08-25,0.551,605227
2005-08-24,-1.448,601908
2005-08-23,-0.437,610755
2005-08-22,0.670,613437
2005-08-19,0.498,609355
2005-08-18,-0.679,606336
2005-08-17,-0.169,610482
2005-08-16,-1.811,611516
2005-08-15,0.644,622794
2005-08-12,-0.923,618806
2005-08-11,1.332,624572
2005-08-10,0.368,616365
2005-08-09,1.313,614103
2005-08-08,-0.030,606145
2005-08-05,-0.835,606325
2005-08-04,-1.212,611430
2005-08-03,0.681,618932
2005-08-02,0.963,614745
2005-08-01,0.519,608882
2005-07-29,-0.894,605738
2005-07-28,0.959,611204
2005-07-27,0.998,605397
2005-07-26,-0.076,599417
2005-07-25,-0.425,599875
2005-07-22,0.530,602433
2005-07-21,-0.403,599254
2005-07-20,0.700,601679
2005-07-19,0.617,597496
2005-07-18,-0.530,593832
2005-07-15,-0.213,596994
2005-07-14,0.511,598270
2005-07-13,-0.363,595228
2005-07-12,0.847,597399
2005-07-11,0.883,592380
2005-07-08,1.833,587196
2005-07-07,0.011,576627
2005-07-06,-0.919,576563
2005-07-05,0.783,581910
2005-07-01,0.176,577388
2005-06-30,-0.573,576376
2005-06-29,-0.496,579697
2005-06-28,1.093,582588
2005-06-27,-0.018,576290
2005-06-24,-0.675,576391
2005-06-23,-1.935,580308
2005-06-22,-0.113,591757
2005-06-21,0.498,592427
2005-06-20,-0.540,589490
2005-06-17,1.224,592689
2005-06-16,0.418,585521
2005-06-15,0.522,583084
2005-06-14,0.133,580058
2005-06-13,0.070,579285
2005-06-10,-0.443,578882
2005-06-09,0.659,581461
2005-06-08,-0.343,577656
2005-06-07,0.319,579642
2005-06-06,0.309,577799
2005-06-03,-1.020,576019
2005-06-02,0.700,581957
2005-06-01,1.128,577911
2005-05-31,-1.349,571466
2005-05-27,0.388,579279
2005-05-26,0.519,577040
2005-05-25,-0.235,574063
2005-05-24,-0.371,575416
2005-05-23,0.984,577557
2005-05-20,-0.383,571930
2005-05-19,0.418,574128
2005-05-18,1.603,571740
2005-05-17,0.596,562718
2005-05-16,1.088,559387
2005-05-13,-0.535,553367
2005-05-12,-1.743,556343
2005-05-11,0.760,566211
2005-05-10,-1.766,561941
2005-05-09,0.692,572043
2005-05-06,-0.549,568112
2005-05-05,0.050,571247
2005-05-04,1.404,570959
2005-05-03,0.280,563055
2005-05-02,0.483,561483
2005-04-29,2.206,558784
2005-04-28,-1.953,546726
2005-04-27,0.185,557617
2005-04-26,-1.632,556589
2005-04-25,0.905,565824
2005-04-22,-0.527,560750
2005-04-21,2.824,563719
2005-04-20,-2.036,548237
2005-04-19,1.520,559634
2005-04-18,0.049,551255
2005-04-15,-2.004,550987
2005-04-14,-1.960,562255
2005-04-13,-1.682,573495
2005-04-12,0.603,583306
2005-04-11,0.286,579811
2005-04-08,-0.934,578158
2005-04-07,0.719,583609
2005-04-06,0.473,579445
2005-04-05,0.742,576716
2005-04-04,0.166,572471
2005-04-01,-0.547,571522
2005-03-31,-0.199,574667
2005-03-30,1.760,575812
2005-03-29,-1.245,565855
2005-03-28,0.127,572991
2005-03-24,0.092,572267
2005-03-23,-0.337,571742
2005-03-22,-1.624,573675
2005-03-21,-0.755,583148
2005-03-18,-0.395,587582
2005-03-17,0.105,589910
2005-03-16,-0.700,589293
2005-03-15,-1.120,593449
2005-03-14,0.358,600169
2005-03-11,-0.649,598028
2005-03-10,0.392,601932
2005-03-09,-1.273,599581
2005-03-08,-0.180,607310
2005-03-07,-0.213,608405
2005-03-04,2.167,609706
2005-03-03,0.061,596773
2005-03-02,-0.500,596409
2005-03-01,0.765,599406
2005-02-28,-0.723,594857
2005-02-25,1.570,599192
2005-02-24,0.672,589928
2005-02-23,0.657,585987
2005-02-22,-1.459,582162
2005-02-18,0.412,590783
2005-02-17,-0.599,588358
2005-02-16,-0.477,591906
2005-02-15,0.728,594741
2005-02-14,0.393,590443
2005-02-11,1.179,588131
2005-02-10,0.942,581277
2005-02-09,-0.828,575852
2005-02-08,0.099,580662
2005-02-07,-0.502,580085
2005-02-04,1.237,583012
2005-02-03,-0.541,575887
2005-02-02,0.349,579022
2005-02-01,0.941,577008
2005-01-31,0.844,571630
2005-01-28,-0.141,566845
2005-01-27,0.237,567645
2005-01-26,1.000,566301
2005-01-25,0.270,560693
2005-01-24,-0.077,559181
2005-01-21,-0.321,559611
2005-01-20,-0.956,561414
2005-01-19,-1.565,566830
2005-01-18,0.976,575843
2005-01-14,0.762,570278
2005-01-13,-1.242,565968
2005-01-12,0.777,573086
2005-01-11,-0.740,568670
2005-01-10,0.693,572911
2005-01-07,-0.404,568971
2005-01-06,0.452,571277
2005-01-05,-0.664,568705
2005-01-04,-2.240,572506
2005-01-03,-0.852,585623
2004-12-31,0.141,590654
2004-12-30,-0.166,589824
2004-12-29,-0.159,590803
2004-12-28,0.881,591746
2004-12-27,0.277,586578
2004-12-23,0.446,584956
2004-12-22,0.302,582358
2004-12-21,1.109,580607
2004-12-20,0.562,574238
2004-12-17,-0.775,571031
2004-12-16,-0.432,575493
2004-12-15,0.421,577991
2004-12-14,0.330,575568
2004-12-13,1.687,573674
2004-12-10,-0.499,564159
2004-12-09,0.066,566989
2004-12-08,0.481,566615
2004-12-07,-1.171,563904
2004-12-06,-0.402,570585
2004-12-03,0.292,572889
2004-12-02,-0.024,571221
2004-12-01,2.056,571358
2004-11-30,-0.351,559846
2004-11-29,-0.217,561818
2004-11-26,0.276,563038
2004-11-24,0.480,561486
2004-11-23,0.249,558804
2004-11-22,0.599,557416
2004-11-19,-1.385,554095
2004-11-18,-0.020,561875
2004-11-17,1.294,561985
2004-11-16,-1.148,554808
2004-11-15,0.273,561254
2004-11-12,1.415,559725
2004-11-11,1.319,551913
2004-11-10,-0.052,544727
2004-11-09,-0.327,545011
2004-11-08,-0.549,546801
2004-11-05,0.827,549822
2004-11-04,2.050,545310
2004-11-03,1.837,534358
2004-11-02,0.501,524717
2004-11-01,0.344,522100
2004-10-29,-0.020,520308
2004-10-28,0.433,520411
2004-10-27,1.714,518169
2004-10-26,1.718,509439
2004-10-25,-0.175,500835
2004-10-22,-1.391,501714
2004-10-21,0.944,508792
2004-10-20,0.054,504036
2004-10-19,-0.882,503764
2004-10-18,0.582,508247
2004-10-15,1.205,505307
2004-10-14,-1.058,499289
2004-10-13,-1.223,504627
2004-10-12,-1.047,510876
2004-10-11,0.512,516281
2004-10-08,-0.330,513654
2004-10-07,-1.380,515357
2004-10-06,0.824,522569
2004-10-05,0.076,518297
2004-10-04,0.235,517903
2004-10-01,2.436,516686
2004-09-30,0.145,504400
2004-09-29,0.677,503670
2004-09-28,1.014,500282
2004-09-27,-0.875,495259
2004-09-24,0.486,499629
2004-09-23,-0.648,497212
2004-09-22,-2.080,500455
2004-09-21,1.316,511083
2004-09-20,-0.910,504445
2004-09-17,0.570,509080
2004-09-16,0.659,506197
2004-09-15,-1.528,502884
2004-09-14,0.325,510689
2004-09-13,0.500,509037
2004-09-10,0.907,506503
2004-09-09,-0.274,501952
2004-09-08,-0.255,503333
2004-09-07,1.422,504621
2004-09-03,-1.160,497545
2004-09-02,1.642,503385
2004-09-01,0.219,495255
2004-08-31,1.019,494174
2004-08-30,-0.953,489189
2004-08-27,0.428,493896
2004-08-26,0.040,491788
2004-08-25,1.235,491592
2004-08-24,0.106,485596
2004-08-23,-0.711,485084
2004-08-20,0.905,488557
2004-08-19,-0.402,484177
2004-08-18,1.374,486133
2004-08-17,0.546,479545
2004-08-16,1.539,476940
2004-08-13,0.537,469713
2004-08-12,-1.653,467204
2004-08-11,-0.385,475055
2004-08-10,1.655,476892
2004-08-09,0.055,469129
2004-08-06,-1.379,468870
2004-08-05,-2.387,475427
2004-08-04,-0.020,487055
2004-08-03,-1.099,487154
2004-08-02,0.472,492566
2004-07-30,0.441,490251
2004-07-29,0.460,488100
2004-07-28,0.350,485865
2004-07-27,1.232,484168
2004-07-26,-0.179,478277
2004-07-23,-1.768,479133
2004-07-22,0.454,487758
2004-07-21,-2.970,485552
2004-07-20,1.161,500412
2004-07-19,-0.334,494669
2004-07-16,0.416,496327
2004-07-15,-1.337,494271
2004-07-14,-0.617,500967
2004-07-13,-0.240,504079
2004-07-12,0.213,505292
2004-07-09,0.745,504217
2004-07-08,-1.007,500487
2004-07-07,0.976,505577
2004-07-06,-1.777,500689
2004-07-02,0.287,509747
2004-07-01,-1.984,508287
2004-06-30,0.852,518574
2004-06-29,0.237,514192
2004-06-28,0.061,512976
2004-06-25,-0.648,512665
2004-06-24,-0.051,516010
2004-06-23,1.145,516273
2004-06-22,0.472,510430
2004-06-21,-0.552,508032
2004-06-18,0.271,510854
2004-06-17,0.248,509472
2004-06-16,-0.040,508211
2004-06-15,1.695,508414
2004-06-14,-2.322,499940
2004-06-10,1.147,511822
2004-06-09,-1.854,506021
2004-06-08,-0.215,515579
2004-06-07,2.690,516690
2004-06-04,1.435,503155
2004-06-03,-1.406,496035
2004-06-02,0.506,503107
2004-06-01,0.021,500576
2004-05-28,-0.369,500471
2004-05-27,1.634,502327
2004-05-26,0.203,494251
2004-05-25,2.192,493250
2004-05-24,0.765,482668
2004-05-21,0.598,479005
2004-05-20,0.368,476157
2004-05-19,0.269,474412
2004-05-18,1.098,473140
2004-05-17,-1.440,468002
2004-05-14,-0.010,474841
2004-05-13,-1.010,474890
2004-05-12,0.967,479736
2004-05-11,1.211,475140
2004-05-10,-2.475,469456
2004-05-07,-3.103,481368
2004-05-06,-2.033,496785
2004-05-05,1.229,507094
2004-05-04,0.686,500937
2004-05-03,1.577,497524
2004-04-30,-1.003,489800
2004-04-29,-1.447,494764
2004-04-28,-2.274,502029
2004-04-27,0.136,513711
2004-04-26,-0.146,513012
2004-04-23,0.001,513763
2004-04-22,1.701,513757
2004-04-21,1.020,505163
2004-04-20,-2.346,500064
2004-04-19,0.061,512077
2004-04-16,1.342,511764
2004-04-15,-0.762,504989
2004-04-14,-0.479,508869
2004-04-13,-2.026,511317
2004-04-12,0.740,521890
2004-04-08,-0.331,518058
2004-04-07,-0.123,519777
2004-04-06,-0.472,520415
2004-04-05,0.492,522886
2004-04-02,0.850,520326
2004-04-01,1.322,515942
2004-03-31,0.524,509210
2004-03-30,0.425,506555
2004-03-29,2.123,504410
2004-03-26,-0.239,493923
2004-03-25,2.340,495104
2004-03-24,-0.168,483786
2004-03-23,0.304,484599
2004-03-22,-1.921,483129
2004-03-19,-2.043,492590
2004-03-18,0.000,502866
2004-03-17,2.250,502865
2004-03-16,1.030,491799
2004-03-15,-2.112,486787
2004-03-12,1.708,497292
2004-03-11,-2.168,488942
2004-03-10,-2.480,499775
2004-03-09,-0.778,512483
2004-03-08,-1.478,516500
2004-03-05,0.999,524251
2004-03-04,0.423,519066
2004-03-03,0.034,516880
2004-03-02,-1.485,516705
2004-03-01,1.697,524496
2004-02-27,0.551,515742
2004-02-26,0.074,512915
2004-02-25,-0.071,512534
2004-02-24,-0.393,512901
2004-02-23,-0.060,514923
2004-02-20,-1.009,515232
2004-02-19,0.063,520486
2004-02-18,-1.224,520158
2004-02-17,1.968,526605
2004-02-13,-0.483,516440
2004-02-12,-0.849,518947
2004-02-11,1.635,523390
2004-02-10,0.550,514968
2004-02-09,0.399,512149
2004-02-06,2.161,510114
2004-02-05,0.517,499325
2004-02-04,-1.400,496755
2004-02-03,-0.046,503807
2004-02-02,0.253,504040
2004-01-30,-0.158,502769
2004-01-29,0.165,503567
2004-01-28,-1.806,502739
2004-01-27,-1.193,511985
2004-01-26,1.329,518164
2004-01-23,-0.936,511367
2004-01-22,-0.199,516198
2004-01-21,1.415,517224
2004-01-20,0.615,510009
2004-01-16,0.134,506889
2004-01-15,-0.147,506210
2004-01-14,1.256,506957
2004-01-13,-0.864,500667
2004-01-12,0.632,505030
2004-01-09,-1.149,501858
2004-01-08,1.210,507693
2004-01-07,-0.307,501622
2004-01-06,0.175,503167
2004-01-05,2.129,502289
2004-01-02,0.121,491817
2003-12-31,0.848,491223
2003-12-30,0.130,487093
2003-12-29,2.178,486462
2003-12-26,-0.045,476091
2003-12-24,0.053,476305
2003-12-23,0.181,476054
2003-12-22,1.009,475197
2003-12-19,-0.583,470450
2003-12-18,1.895,473208
2003-12-17,0.138,464408
2003-12-16,1.017,463769
2003-12-15,-0.850,459101
2003-12-12,0.369,463036
2003-12-11,1.681,461334
2003-12-10,-0.446,453707
2003-12-09,-0.945,455738
2003-12-08,1.110,460088
2003-12-05,-1.058,455040
2003-12-04,0.505,459906
2003-12-03,-0.025,457597
2003-12-02,-0.085,457709
2003-12-01,2.128,458100
2003-11-28,0.158,448555
2003-11-26,0.819,447849
2003-11-25,0.428,444212
2003-11-24,1.626,442319
2003-11-21,1.018,435243
2003-11-20,-1.185,430856
2003-11-19,0.899,436025
2003-11-18,-0.696,432142
2003-11-17,-1.474,435172
2003-11-14,-1.152,441683
2003-11-13,0.361,446829
2003-11-12,2.242,445222
2003-11-11,-0.253,435461
2003-11-10,-0.858,436564
2003-11-07,-0.122,440342
2003-11-06,-0.052,440879
2003-11-05,-0.275,441110
2003-11-04,0.131,442327
2003-11-03,0.883,441747
2003-10-31,-0.509,437879
2003-10-30,0.251,440120
2003-10-29,0.045,439020
2003-10-28,1.922,438823
2003-10-27,0.309,430548
2003-10-24,0.315,429223
2003-10-23,-0.930,427877
2003-10-22,-1.702,431893
2003-10-21,-0.357,439372
2003-10-20,1.306,440948
2003-10-17,-1.278,435262
2003-10-16,0.712,440897
2003-10-15,-0.806,437780
2003-10-14,0.626,441336
2003-10-13,0.871,438592
2003-10-10,0.498,434806
2003-10-09,0.653,432652
2003-10-08,-0.472,429845
2003-10-07,0.250,431884
2003-10-06,1.034,430806
2003-10-03,1.681,426395
2003-10-02,0.225,419347
2003-10-01,3.892,418404
2003-09-30,-1.630,402730
2003-09-29,1.652,409402
2003-09-26,-0.554,402747
2003-09-25,-1.534,404989
2003-09-24,-1.905,411298
2003-09-23,0.480,419287
2003-09-22,-1.654,417285
2003-09-19,-0.681,424305
2003-09-18,1.662,427214
2003-09-17,0.222,420229
2003-09-16,1.884,419299
2003-09-15,-0.138,411546
2003-09-12,0.420,412114
2003-09-11,0.596,410391
2003-09-10,-1.501,407961
2003-09-09,-0.465,414177
2003-09-08,0.997,416113
2003-09-05,-0.382,412005
2003-09-04,-0.031,413587
2003-09-03,1.266,413714
2003-09-02,2.113,408543
2003-08-29,0.664,400089
2003-08-28,0.905,397449
2003-08-27,0.131,393886
2003-08-26,-0.156,393369
2003-08-25,-0.104,393983
2003-08-22,-1.232,394395
2003-08-21,0.392,399314
2003-08-20,-0.474,397754
2003-08-19,0.202,399648
2003-08-18,1.610,398843
2003-08-15,0.137,392522
2003-08-14,1.105,391984
2003-08-13,-0.421,387700
2003-08-12,1.078,389337
2003-08-11,0.923,385186
2003-08-08,0.446,381663
2003-08-07,1.321,379970
2003-08-06,0.431,375018
2003-08-05,-2.491,373409
2003-08-04,0.174,382948
2003-08-01,-0.818,382285
2003-07-31,-0.293,385437
2003-07-30,-0.721,386567
2003-07-29,-0.668,389376
2003-07-28,-0.179,391994
2003-07-25,2.358,392697
2003-07-24,-0.589,383651
2003-07-23,0.947,385925
2003-07-22,0.680,382303
2003-07-21,-1.583,379721
2003-07-18,1.881,385830
2003-07-17,-2.227,378705
2003-07-16,-0.980,387333
2003-07-15,-0.759,391165
2003-07-14,1.082,394155
2003-07-11,0.724,389935
2003-07-10,-1.456,387134
2003-07-09,-0.817,392852
2003-07-08,0.117,396088
2003-07-07,2.905,395623
2003-07-03,-1.258,384456
2003-07-02,2.334,389356
2003-07-01,1.200,380474
2003-06-30,-0.013,375964
2003-06-27,-1.506,376015
2003-06-26,1.467,381765
2003-06-25,-1.515,376244
2003-06-24,-0.387,382033
2003-06-23,-1.593,383516
2003-06-20,-0.119,389725
2003-06-19,-2.075,390190
2003-06-18,-0.249,398458
2003-06-17,0.119,399455
2003-06-16,2.781,398979
2003-06-13,-1.287,388184
2003-06-12,0.437,393247
2003-06-11,1.914,391535
2003-06-10,1.384,384183
2003-06-09,-1.330,378938
2003-06-06,0.008,384047
2003-06-05,1.036,384016
2003-06-04,1.650,380079
2003-06-03,0.511,373911
2003-06-02,0.928,372010
2003-05-30,1.517,368590
2003-05-29,0.050,363082
2003-05-28,0.531,362899
2003-05-27,2.067,360981
2003-05-23,0.522,353669
2003-05-22,1.698,351833
2003-05-21,-0.452,345960
2003-05-20,0.419,347530
2003-05-19,-3.686,346079
2003-05-16,0.508,359323
2003-05-15,0.666,357506
2003-05-14,-0.173,355142
2003-05-13,-0.167,355756
2003-05-12,1.571,356353
2003-05-09,2.003,350841
2003-05-08,-1.806,343951
2003-05-07,-1.049,350277
2003-05-06,2.117,353990
2003-05-05,0.281,346650
2003-05-02,1.775,345680
2003-05-01,0.232,339650
2003-04-30,0.109,338863
2003-04-29,0.651,338495
2003-04-28,2.613,336306
2003-04-25,-2.160,327743
2003-04-24,-1.257,334978
2003-04-23,1.342,339241
2003-04-22,2.562,334748
2003-04-21,-0.123,326386
2003-04-17,2.215,326787
2003-04-16,-1.933,319706
2003-04-15,1.639,326008
2003-04-14,2.752,320752
2003-04-11,-0.711,312160
2003-04-10,0.174,314395
2003-04-09,-1.392,313847
2003-04-08,0.151,318277
2003-04-07,0.596,317798
2003-04-04,1.330,315915
2003-04-03,-0.760,311768
2003-04-02,3.175,314154
2003-04-01,2.338,304488
2003-03-31,-3.186,297531
2003-03-28,-0.842,307321
2003-03-27,-0.335,309931
2003-03-26,-0.421,310972
2003-03-25,1.527,312285
2003-03-24,-4.939,307588
2003-03-21,3.338,323569
2003-03-20,0.570,313117
2003-03-19,1.004,311344
2003-03-18,0.781,308248
2003-03-17,4.466,305858
2003-03-14,0.576,292783
2003-03-13,4.843,291105
2003-03-12,-0.097,277659
2003-03-11,-1.086,277928
2003-03-10,-3.868,280979
2003-03-07,0.181,292284
2003-03-06,-1.454,291756
2003-03-05,0.861,296060
2003-03-04,-2.310,293531
2003-03-03,-0.603,300473
2003-02-28,1.536,302294
2003-02-27,1.292,297721
2003-02-26,-2.042,293924
2003-02-25,-0.031,300052
2003-02-24,-2.187,300143
2003-02-21,1.290,306853
2003-02-20,-0.837,302944
2003-02-19,-1.881,305501
2003-02-18,2.463,311357
2003-02-14,2.545,303872
2003-02-13,1.180,296330
2003-02-12,-2.085,292874
2003-02-11,-0.334,299110
2003-02-10,0.848,300111
2003-02-07,-1.973,297589
2003-02-06,-1.010,303579
2003-02-05,-0.457,306675
2003-02-04,-1.744,308082
2003-02-03,1.113,313549
2003-01-31,2.222,310097
2003-01-30,-2.316,303358
2003-01-29,0.678,310551
2003-01-28,0.919,308461
2003-01-27,-2.877,305653
2003-01-24,-3.011,314707
2003-01-23,0.976,324477
2003-01-22,-1.935,321339
2003-01-21,-2.491,327680
2003-01-17,-1.975,336051
2003-01-16,-0.139,342823
2003-01-15,-1.462,343299
2003-01-14,0.734,348393
2003-01-13,0.086,345856
2003-01-10,0.183,345558
2003-01-09,2.157,344926
2003-01-08,-2.156,337642
2003-01-07,-1.162,345083
2003-01-06,2.320,349139
2003-01-03,0.328,341224
2003-01-02,4.153,340108
2002-12-31,0.372,326546
2002-12-30,1.660,325336
2002-12-27,-2.958,320024
2002-12-26,0.239,329779
2002-12-24,-0.779,328993
2002-12-23,0.106,331575
2002-12-20,1.667,331223
2002-12-19,-0.315,325793
2002-12-18,-2.271,326821
2002-12-17,-1.129,334416
2002-12-16,3.651,338235
2002-12-13,-2.005,326321
2002-12-12,-0.131,332997
2002-12-11,0.017,333433
2002-12-10,2.030,333376
2002-12-09,-4.088,326743
2002-12-06,1.077,340671
2002-12-05,-1.712,337042
2002-12-04,-0.705,342913
2002-12-03,-2.234,345348
2002-12-02,0.428,353240
2002-11-29,-0.007,351734
2002-11-27,4.205,351759
2002-11-26,-3.083,337564
2002-11-25,-0.398,348300
2002-11-22,-0.920,349693
2002-11-21,3.131,352942
2002-11-20,2.858,342226
2002-11-19,-0.714,332717
2002-11-18,-1.664,335110
2002-11-15,1.585,340782
2002-11-14,3.011,335463
2002-11-13,-0.629,325658
2002-11-12,1.848,327717
2002-11-11,-2.605,321772
2002-11-08,-1.647,330377
2002-11-07,-3.187,335910
2002-11-06,1.163,346968
2002-11-05,1.631,342978
2002-11-04,1.619,337473
2002-11-01,2.724,332095
2002-10-31,-0.535,323289
2002-10-30,1.839,325028
2002-10-29,-2.373,319160
2002-10-28,-0.328,326918
2002-10-25,2.917,327993
2002-10-24,-2.433,318696
2002-10-23,0.137,326643
2002-10-22,-1.329,326196
2002-10-21,2.411,330589
2002-10-18,-0.111,322805
2002-10-17,2.672,323164
2002-10-16,-3.240,314752
2002-10-15,8.523,325293
2002-10-14,-1.041,299744
2002-10-11,6.076,302897
2002-10-10,4.341,285546
2002-10-09,-3.478,273666
2002-10-08,1.565,283527
2002-10-07,-3.371,279159
2002-10-04,-2.683,288896
2002-10-03,-1.594,296860
2002-10-02,-3.526,301667
2002-10-01,5.790,312693
2002-09-30,-2.112,295580
2002-09-27,-3.150,301956
2002-09-26,3.542,311779
2002-09-25,3.739,301114
2002-09-24,-2.452,290263
2002-09-23,-2.870,297559
2002-09-20,-0.302,306350
2002-09-19,-3.417,307279
2002-09-18,-0.955,318151
2002-09-17,-2.402,321218
2002-09-16,-0.261,329125
2002-09-13,-1.221,329987
2002-09-12,-2.666,334066
2002-09-11,0.003,343215
2002-09-10,1.489,343206
2002-09-09,0.367,338170
2002-09-06,2.121,336932
2002-09-05,-1.233,329934
2002-09-04,1.281,334051
2002-09-03,-5.760,329826
2002-08-30,-0.412,349985
2002-08-29,-0.524,351432
2002-08-28,-3.638,353282
2002-08-27,-0.547,366621
2002-08-26,0.907,368638
2002-08-23,-2.648,365324
2002-08-22,1.022,375259
2002-08-21,2.777,371462
2002-08-20,-2.547,361426
2002-08-19,3.196,370870
2002-08-16,-0.272,359384
2002-08-15,1.693,360364
2002-08-14,4.691,354366
2002-08-13,-2.185,338489
2002-08-12,-1.314,346048
2002-08-09,0.884,350655
2002-08-08,4.238,347581
2002-08-07,2.706,333451
2002-08-06,4.352,324666
2002-08-05,-5.172,311127
2002-08-02,-2.306,328097
2002-08-01,-4.458,335840
2002-07-31,-0.004,351511
2002-07-30,0.782,351527
2002-07-29,7.203,348799
2002-07-26,1.719,325364
2002-07-25,-1.384,319864
2002-07-24,7.618,324354
2002-07-23,-4.200,301394
2002-07-22,-4.787,314606
2002-07-19,-5.320,330425
2002-07-18,-2.742,348990
2002-07-17,1.722,358828
2002-07-16,-2.894,352752
2002-07-15,-0.265,363264
2002-07-12,-1.781,364231
2002-07-11,0.466,370836
2002-07-10,-5.032,369117
2002-07-09,-2.984,388673
2002-07-08,-1.178,400629
2002-07-05,5.887,405404
2002-07-03,-0.063,382865
2002-07-02,-2.990,383108
2002-07-01,-2.232,394916
2002-06-28,0.685,403933
2002-06-27,3.086,401185
2002-06-26,0.143,389175
2002-06-25,-1.967,388618
2002-06-24,0.467,396417
2002-06-21,-1.353,394575
2002-06-20,-1.445,399986
2002-06-19,-3.734,405852
2002-06-18,0.892,421594
2002-06-17,3.400,417865
2002-06-14,-0.813,404124
2002-06-13,-1.928,407435
2002-06-12,0.187,415446
2002-06-11,-1.796,414671
2002-06-10,0.496,422257
2002-06-07,-0.568,420175
2002-06-06,-2.447,422576
2002-06-05,0.693,433175
2002-06-04,-0.129,430192
2002-06-03,-2.501,430749
2002-05-31,-0.111,441799
2002-05-30,-0.553,442289
2002-05-29,-0.719,444749
2002-05-28,-0.639,447971
2002-05-24,-1.538,450851
2002-05-23,0.999,457893
2002-05-22,0.341,453363
2002-05-21,-0.919,451822
2002-05-20,-1.260,456010
2002-05-17,0.968,461828
2002-05-16,0.744,457402
2002-05-15,-0.119,454024
2002-05-14,2.046,454564
2002-05-13,2.700,445449
2002-05-10,-2.210,433738
2002-05-09,-1.327,443540
2002-05-08,4.715,449507
2002-05-07,-1.108,429267
2002-05-06,-2.376,434075
2002-05-03,-0.500,444639
2002-05-02,-0.542,446874
2002-05-01,1.428,449310
2002-04-30,1.444,442983
2002-04-29,-0.593,436679
2002-04-26,-2.227,439285
2002-04-25,0.602,449290
2002-04-24,-1.189,446601
2002-04-23,-0.534,451977
2002-04-22,-1.897,454403
2002-04-19,0.553,463189
2002-04-18,-0.190,460641
2002-04-17,-0.093,461519
2002-04-16,3.228,461948
2002-04-15,-0.283,447503
2002-04-12,1.285,448774
2002-04-11,-3.559,443083
2002-04-10,1.796,459433
2002-04-09,-0.739,451325
2002-04-08,-0.528,454684
2002-04-05,0.012,457098
2002-04-04,-0.427,457042
2002-04-03,-0.634,459003
2002-04-02,-0.747,461932
2002-04-01,0.388,465410
2002-03-28,0.311,463610
2002-03-27,0.335,462175
2002-03-26,0.880,460634
2002-03-25,-1.875,456615
2002-03-22,-0.696,465340
2002-03-21,0.185,468604
2002-03-20,-2.460,467739
2002-03-19,0.888,479537
2002-03-18,-0.038,475315
2002-03-15,1.497,475494
2002-03-14,0.473,468481
2002-03-13,-1.511,466277
2002-03-12,-0.743,473432
2002-03-11,0.285,476974
2002-03-08,0.471,475618
2002-03-07,0.698,473390
2002-03-06,1.729,470111
2002-03-05,-0.992,462120
2002-03-04,3.624,466751
2002-03-01,3.201,450427
2002-02-28,-0.195,436454
2002-02-27,1.036,437308
2002-02-26,-0.507,432823
2002-02-25,2.241,435026
2002-02-22,1.554,425491
2002-02-21,-2.299,418982
2002-02-20,1.787,428841
2002-02-19,-2.991,421312
2002-02-15,-1.299,434304
2002-02-14,0.303,440021
2002-02-13,0.998,438694
2002-02-12,-0.284,434358
2002-02-11,1.854,435596
2002-02-08,2.503,427667
2002-02-07,0.091,417223
2002-02-06,-5.303,416844
2002-02-05,3.283,440190
2002-02-04,-2.761,426199
2002-02-01,-0.528,438303
2002-01-31,0.992,440631
2002-01-30,1.941,436302
2002-01-29,-4.555,427996
2002-01-28,0.826,448420
2002-01-25,-0.912,444748
2002-01-24,0.594,448843
2002-01-23,0.857,446194
2002-01-22,-1.310,442403
2002-01-18,-0.473,448273
2002-01-17,1.585,450401
2002-01-16,-2.921,443376
2002-01-15,0.738,456715
2002-01-14,-1.181,453370
2002-01-11,-1.242,458790
2002-01-10,0.547,464559
2002-01-09,-1.384,462032
2002-01-08,-0.852,468517
2002-01-07,-1.409,472545
2002-01-04,0.984,479298
2002-01-03,1.508,474628
2002-01-02,1.314,467576
2001-12-31,-1.317,461513
2001-12-28,0.401,467673
2001-12-27,1.308,465805
2001-12-26,0.443,459789
2001-12-24,-0.389,457763
2001-12-21,0.851,459550
2001-12-20,-1.197,455671
2001-12-19,0.022,461194
2001-12-18,0.684,461093
2001-12-17,1.657,457961
2001-12-14,1.229,450496
2001-12-13,-3.165,445026
2001-12-12,0.353,459572
2001-12-11,-0.082,457954
2001-12-10,-2.807,458331
2001-12-07,-1.516,471568
2001-12-06,0.146,478828
2001-12-05,3.094,478128
2001-12-04,2.346,463777
2001-12-03,-1.048,453144
2001-11-30,-0.392,457944
2001-11-29,1.323,459749
2001-11-28,-2.613,453746
2001-11-27,-0.876,465922
2001-11-26,0.777,470038
2001-11-23,1.492,466413
2001-11-21,-0.797,459556
2001-11-20,-1.146,463250
2001-11-19,1.401,468619
2001-11-16,-0.060,462143
2001-11-15,0.409,462421
2001-11-14,0.133,460536
2001-11-13,2.600,459926
2001-11-12,-1.358,448272
2001-11-09,-0.008,454445
2001-11-08,0.682,454482
2001-11-07,-0.626,451403
2001-11-06,1.969,454245
2001-11-05,1.769,445473
2001-11-02,0.600,437731
2001-11-01,3.563,435122
2001-10-31,-0.149,420154
2001-10-30,-1.752,420779
2001-10-29,-3.557,428283
2001-10-26,0.199,444080
2001-10-25,1.479,443199
2001-10-24,0.375,436741
2001-10-23,0.001,435108
2001-10-22,2.183,435104
2001-10-19,-0.688,425808
2001-10-18,-0.660,428758
2001-10-17,-1.843,431605
2001-10-16,1.385,439711
2001-10-15,-1.135,433704
2001-10-12,-0.458,438681
2001-10-11,1.786,440700
2001-10-10,3.219,432966
2001-10-09,-0.643,419464
2001-10-08,-0.955,422178
2001-10-05,-0.075,426248
2001-10-04,0.704,426566
2001-10-03,2.068,423583
2001-10-02,1.365,415003
2001-10-01,-0.465,409413
2001-09-28,3.042,411327
2001-09-27,1.686,399184
2001-09-26,0.007,392565
2001-09-25,1.588,392540
2001-09-24,6.016,386404
2001-09-21,-2.678,364477
2001-09-20,-5.532,374507
2001-09-19,-1.992,396436
2001-09-18,-0.705,404494
2001-09-17,-7.329,407367
2001-09-10,0.433,439583
2001-09-07,-2.056,437689
2001-09-06,-3.712,446878
2001-09-05,-0.129,464107
2001-09-04,-1.998,464705
2001-08-31,0.805,474179
2001-08-30,-2.599,470393
2001-08-29,-1.046,482943
2001-08-28,-2.010,488050
2001-08-27,-0.633,498063
2001-08-24,2.664,501234
2001-08-23,-0.615,488227
2001-08-22,1.656,491248
2001-08-21,-1.558,483246
2001-08-20,0.833,490892
2001-08-17,-2.368,486837
2001-08-16,0.217,498644
2001-08-15,-1.652,497566
2001-08-14,-0.118,505924
2001-08-13,-0.319,506523
2001-08-10,0.322,508145
2001-08-09,0.171,506516
2001-08-08,-2.536,505651
2001-08-07,0.684,518811
2001-08-06,-1.077,515286
2001-08-03,-0.879,520895
2001-08-02,1.145,525517
2001-08-01,0.959,519569
2001-07-31,0.824,514635
2001-07-30,-0.299,510427
2001-07-27,0.031,511956
2001-07-26,0.482,511796
2001-07-25,1.251,509342
2001-07-24,-1.032,503048
2001-07-23,-2.354,508295
2001-07-20,-1.240,520550
2001-07-19,1.394,527083
2001-07-18,-1.227,519835
2001-07-17,1.033,526294
2001-07-16,-1.263,520915
2001-07-13,1.627,527579
2001-07-12,3.119,519133
2001-07-11,-0.693,503434
2001-07-10,-1.185,506947
2001-07-09,-0.014,513025
2001-07-06,-1.906,513098
2001-07-05,-2.836,523066
2001-07-03,0.643,538331
2001-07-02,1.716,534890
2001-06-29,-0.011,525864
2001-06-28,0.844,525923
2001-06-27,0.102,521522
2001-06-26,-0.297,520989
2001-06-25,-1.258,522540
2001-06-22,-1.270,529195
2001-06-21,0.978,536005
2001-06-20,0.184,530814
2001-06-19,0.302,529842
2001-06-18,-0.294,528248
2001-06-15,0.852,529804
2001-06-14,-2.440,525329
2001-06-13,-0.887,538466
2001-06-12,0.299,543284
2001-06-11,-1.340,541663
2001-06-08,-2.203,549020
2001-06-07,0.252,561385
2001-06-06,-0.653,559973
2001-06-05,2.193,563652
2001-06-04,-0.791,551558
2001-06-01,0.692,555957
2001-05-31,0.292,552135
2001-05-30,-2.424,550529
2001-05-29,-0.512,564204
2001-05-25,-2.197,567109
2001-05-24,1.267,579847
2001-05-23,-2.154,572590
2001-05-22,-0.493,585196
2001-05-21,1.673,588098
2001-05-18,1.578,578422
2001-05-17,0.041,569438
2001-05-16,2.231,569205
2001-05-15,-0.555,556783
2001-05-14,-0.352,559890
2001-05-11,-0.855,561865
2001-05-10,0.073,566710
2001-05-09,-0.691,566299
2001-05-08,-0.068,570241
2001-05-07,0.041,570629
2001-05-04,1.501,570397
2001-05-03,-0.627,561963
2001-05-02,-0.701,565508
2001-05-01,0.342,569502
2001-04-30,-0.061,567562
2001-04-27,3.209,567906
2001-04-26,-0.147,550249
2001-04-25,1.331,551062
2001-04-24,-0.262,543822
2001-04-23,-1.349,545252
2001-04-20,-0.184,552708
2001-04-19,1.105,553728
2001-04-18,4.877,547678
2001-04-17,1.142,522208
2001-04-16,-0.803,516314
2001-04-12,1.681,520492
2001-04-11,0.854,511888
2001-04-10,1.690,507553
2001-04-09,1.137,499117
2001-04-06,-1.629,493504
2001-04-05,3.974,501678
2001-04-04,0.527,482503
2001-04-03,-3.972,479972
2001-04-02,-1.588,499825
2001-03-30,0.954,507890
2001-03-29,0.594,503088
2001-03-28,-2.615,500119
2001-03-27,2.364,513546
2001-03-26,1.393,501688
2001-03-23,3.266,494793
2001-03-22,-1.689,479143
2001-03-21,-2.267,487375
2001-03-20,-1.745,498678
2001-03-19,2.476,507532
2001-03-16,-2.245,495268
2001-03-15,-0.192,506641
2001-03-14,-1.576,507615
2001-03-13,0.824,515746
2001-03-12,-5.013,511528
2001-03-09,-2.990,538526
2001-03-08,-0.288,555127
2001-03-07,-0.032,556729
2001-03-06,0.481,556909
2001-03-05,0.306,554241
2001-03-02,-0.818,552550
2001-03-01,-0.537,557108
2001-02-28,-2.277,560118
2001-02-27,-1.109,573169
2001-02-26,2.398,579598
2001-02-23,0.010,566023
2001-02-22,0.377,565966
2001-02-21,-2.303,563841
2001-02-20,-1.801,577133
2001-02-16,-2.400,587719
2001-02-15,0.634,602173
2001-02-14,-0.635,598376
2001-02-13,-0.863,602201
2001-02-12,1.718,607442
2001-02-09,-1.578,597184
2001-02-08,-1.255,606760
2001-02-07,-0.824,614471
2001-02-06,-0.230,619574
2001-02-05,-0.515,621000
2001-02-02,-3.579,624212
2001-02-01,0.261,647382
2001-01-31,-0.538,645697
2001-01-30,0.033,649190
2001-01-29,0.501,648978
2001-01-26,-0.335,645745
2001-01-25,-0.760,647918
2001-01-24,0.715,652881
2001-01-23,0.494,648244
2001-01-22,0.535,645055
2001-01-19,-0.116,641621
2001-01-18,0.685,642367
2001-01-17,0.433,637996
2001-01-16,0.472,635246
2001-01-12,-0.368,632259
2001-01-11,0.197,634594
2001-01-10,2.567,633348
2001-01-09,0.082,617494
2001-01-08,0.852,616990
2001-01-05,-4.073,611775
2001-01-04,-0.902,637752
2001-01-03,5.302,643557
2001-01-02,-1.803,611154
2000-12-29,-1.460,622376
2000-12-28,0.388,631598
2000-12-27,0.365,629160
2000-12-26,1.532,626871
2000-12-22,3.517,617413
2000-12-21,0.330,596439
2000-12-20,-2.451,594477
2000-12-19,-1.587,609416
2000-12-18,1.659,619241
2000-12-15,-3.013,609137
2000-12-14,-2.440,628061
2000-12-13,-0.645,643766
2000-12-12,-0.455,647947
2000-12-11,3.459,650911
2000-12-08,0.542,629151
2000-12-07,-1.012,625756
2000-12-06,-1.730,632156
2000-12-05,3.907,643283
2000-12-04,0.787,619096
2000-12-01,-0.064,614262
2000-11-30,-0.267,614658
2000-11-29,0.011,616303
2000-11-28,-2.715,616234
2000-11-27,0.909,633434
2000-11-24,2.190,627729
2000-11-22,-3.261,614276
2000-11-21,-0.227,634985
2000-11-20,-1.644,636429
2000-11-17,-0.765,647064
2000-11-16,-2.070,652055
2000-11-15,1.155,665837
2000-11-14,3.851,658233
2000-11-13,-0.901,633827
2000-11-10,-3.257,639589
2000-11-09,-1.065,661124
2000-11-08,-2.013,668242
2000-11-07,0.114,681972
2000-11-06,0.373,681195
2000-11-03,0.019,678661
2000-11-02,0.246,678532
2000-11-01,-0.177,676865
2000-10-31,2.452,678067
2000-10-30,0.862,661837
2000-10-27,1.654,656180
2000-10-26,-0.492,645501
2000-10-25,-2.442,648695
2000-10-24,-1.357,664933
2000-10-23,0.684,674079
2000-10-20,-0.190,669501
2000-10-19,4.356,670775
2000-10-18,-0.409,642773
2000-10-17,-2.710,645412
2000-10-16,0.234,663391
2000-10-13,4.394,661840
2000-10-12,-3.337,633984
2000-10-11,-0.634,655870
2000-10-10,-1.637,660056
2000-10-09,-1.477,671039
2000-10-06,-2.732,681102
2000-10-05,0.274,700231
2000-10-04,1.725,698318
2000-10-03,-0.947,686478
2000-10-02,-0.273,693044
2000-09-29,-0.738,694938
2000-09-28,1.661,700103
2000-09-27,0.256,688665
2000-09-26,-1.539,686909
2000-09-25,-1.050,697646
2000-09-22,2.039,705051
2000-09-21,-2.077,690961
2000-09-20,-2.411,705616
2000-09-19,0.522,723045
2000-09-18,-2.004,719291
2000-09-15,-2.564,734002
2000-09-14,0.801,753315
2000-09-13,0.978,747332
2000-09-12,-0.242,740093
2000-09-11,-0.993,741888
2000-09-08,0.078,749327
2000-09-07,1.049,748743
2000-09-06,-1.666,740973
2000-09-05,-0.239,753526
2000-09-01,-0.235,755335
2000-08-31,2.047,757114
2000-08-30,-0.686,741929
2000-08-29,-0.781,747054
2000-08-28,0.958,752934
2000-08-25,-0.224,745786
2000-08-24,0.538,747461
2000-08-23,0.247,743462
2000-08-22,-0.692,741630
2000-08-21,-0.258,746798
2000-08-18,-1.467,748730
2000-08-17,0.484,759876
2000-08-16,0.004,756213
2000-08-15,0.283,756186
2000-08-14,2.039,754049
2000-08-11,0.909,738978
2000-08-10,-0.418,732319
2000-08-09,-1.954,735390
2000-08-08,0.816,750042
2000-08-07,1.534,743974
2000-08-04,0.854,732731
2000-08-03,1.217,726523
2000-08-02,0.352,717791
2000-08-01,0.547,715273
2000-07-31,0.346,711381
2000-07-28,-2.786,708929
2000-07-27,-0.803,729248
2000-07-26,-2.040,735155
2000-07-25,0.653,750468
2000-07-24,-0.865,745599
2000-07-21,-1.192,752104
2000-07-20,0.939,761176
2000-07-19,-1.393,754095
2000-07-18,-0.955,764747
2000-07-17,0.277,772124
2000-07-14,0.793,769992
2000-07-13,0.688,763934
2000-07-12,0.469,758714
2000-07-11,1.084,755175
2000-07-10,-0.501,747076
2000-07-07,2.530,750837
2000-07-06,0.590,732308
2000-07-05,-2.877,728012
2000-07-03,1.189,749576
2000-06-30,1.341,740771
2000-06-29,-0.179,730965
2000-06-28,0.922,732278
2000-06-27,-0.584,725586
2000-06-26,1.481,729849
2000-06-23,-1.586,719197
2000-06-22,-1.303,730790
2000-06-21,-0.206,740437
2000-06-20,-0.516,741968
2000-06-19,2.447,745818
2000-06-16,-1.198,728006
2000-06-15,-0.358,736832
2000-06-14,-0.392,739480
2000-06-13,1.645,742389
2000-06-12,-1.202,730373
2000-06-09,-0.748,739259
2000-06-08,-0.588,744833
2000-06-07,1.608,749238
2000-06-06,-0.000,737383
2000-06-05,-0.781,737385
2000-06-02,1.890,743192
2000-06-01,2.503,729408
2000-05-31,0.580,711594
2000-05-30,3.582,707487
2000-05-26,-0.554,683023
2000-05-25,-2.226,686828
2000-05-24,1.851,702464
2000-05-23,-1.622,689697
2000-05-22,-0.378,701068
2000-05-19,-1.917,703731
2000-05-18,-0.987,717482
2000-05-17,-1.652,724633
2000-05-16,1.752,736802
2000-05-15,1.210,724113
2000-05-12,1.278,715459
2000-05-11,2.671,706430
2000-05-10,-1.965,688052
2000-05-09,-1.424,701846
2000-05-08,-0.912,711982
2000-05-05,1.214,718536
2000-05-04,0.791,709921
2000-05-03,-3.109,704347
2000-05-02,-2.923,726951
2000-05-01,1.886,748838
2000-04-28,-1.596,734973
2000-04-27,0.166,746897
2000-04-26,-0.541,745663
2000-04-25,3.054,749720
2000-04-24,-1.644,727503
2000-04-20,0.628,739662
2000-04-19,-1.471,735050
2000-04-18,3.149,746025
2000-04-17,3.374,723247
2000-04-14,-6.198,699640
2000-04-13,-1.239,745871
2000-04-12,-2.158,755226
2000-04-11,0.131,771883
2000-04-10,-0.940,770875
2000-04-07,1.138,778189
2000-04-06,0.563,769431
2000-04-05,-1.031,765127
2000-04-04,-1.034,773095
2000-04-03,-0.614,781175
2000-03-31,1.356,786005
2000-03-30,-1.335,775486
2000-03-29,0.170,785980
2000-03-28,-0.341,784643
2000-03-27,-0.715,787325
2000-03-24,0.287,792993
2000-03-23,0.896,790726
2000-03-22,1.294,783703
2000-03-21,1.852,773693
2000-03-20,0.065,759624
2000-03-17,0.302,759131
2000-03-16,5.086,756845
2000-03-15,2.211,720214
2000-03-14,-1.299,704636
2000-03-13,-0.529,713907
2000-03-10,-1.935,717703
2000-03-09,3.903,731866
2000-03-08,-0.801,704372
2000-03-07,-1.737,710061
2000-03-06,-0.955,722609
2000-03-03,2.057,729576
2000-03-02,0.202,714870
2000-03-01,0.722,713432
2000-02-29,0.766,708320
2000-02-28,1.723,702933
2000-02-25,-0.570,691029
2000-02-24,-1.254,694993
2000-02-23,1.385,703817
2000-02-22,0.000,694205
2000-02-18,-2.646,694205
2000-02-17,-0.321,713074
2000-02-16,-1.212,715367
2000-02-15,1.537,724145
2000-02-14,1.473,713184
2000-02-11,-2.514,702829
2000-02-10,0.463,720958
2000-02-09,-3.209,717632
2000-02-08,1.430,741427
2000-02-07,-0.592,730972
2000-02-04,-0.009,735325
2000-02-03,2.059,735391
2000-02-02,0.287,720553
2000-02-01,1.560,718489
2000-01-31,2.952,707455
2000-01-28,-2.455,687172
2000-01-27,-0.858,704464
2000-01-26,-1.089,710560
2000-01-25,0.061,718383
2000-01-24,-3.159,717946
2000-01-21,0.077,741370
2000-01-20,-2.059,740802
2000-01-19,0.618,756375
2000-01-18,-1.152,751728
2000-01-14,1.349,760492
2000-01-13,1.931,750366
2000-01-12,-0.704,736150
2000-01-11,-1.417,741366
2000-01-10,0.365,752023
2000-01-07,5.709,749286
2000-01-06,-1.514,708822
2000-01-05,-0.554,719717
2000-01-04,-5.247,723725
2000-01-03,-0.991,763804
1999-12-31,0.437,771448
1999-12-30,0.375,768088
1999-12-29,0.120,765215
1999-12-28,0.191,764296
1999-12-27,0.305,762842
1999-12-23,1.962,760520
1999-12-22,0.848,745884
1999-12-21,1.860,739609
1999-12-20,-0.484,726105
1999-12-17,-0.126,729640
1999-12-16,0.927,730561
1999-12-15,1.315,723854
1999-12-14,-0.832,714456
1999-12-13,0.401,720452
1999-12-10,0.950,717576
1999-12-09,-0.429,710824
1999-12-08,0.217,713885
1999-12-07,-1.209,712342
1999-12-06,-1.195,721058
1999-12-03,2.275,729777
1999-12-02,1.143,713542
1999-12-01,1.035,705481
1999-11-30,-1.262,698252
1999-11-29,-0.380,707174
1999-11-26,-0.236,709872
1999-11-24,0.529,711551
1999-11-23,-0.130,707804
1999-11-22,-0.357,708727
1999-11-19,0.221,711264
1999-11-18,0.685,709696
1999-11-17,0.499,704870
1999-11-16,1.156,701367
1999-11-15,-0.156,693352
1999-11-12,1.274,694435
1999-11-11,0.838,685701
1999-11-10,0.927,680000
1999-11-09,-0.836,673753
1999-11-08,-0.028,679431
1999-11-05,1.484,679624
1999-11-04,0.956,669686
1999-11-03,0.660,663347
1999-11-02,-1.823,659001
1999-11-01,-0.656,671237
1999-10-29,2.867,675671
1999-10-28,3.848,656838
1999-10-27,1.583,632501
1999-10-26,-1.264,622647
1999-10-25,-0.345,630618
1999-10-22,0.999,632802
1999-10-21,0.572,626543
1999-10-20,0.668,622982
1999-10-19,0.879,618846
1999-10-18,1.088,613454
1999-10-15,-2.903,606852
1999-10-14,-0.256,624993
1999-10-13,-2.081,626595
1999-10-12,-1.819,639913
1999-10-11,0.028,651771
1999-10-08,1.139,651591
1999-10-07,0.009,644253
1999-10-06,1.601,644194
1999-10-05,-0.176,634040
1999-10-04,1.906,635159
1999-10-01,-0.491,623280
1999-09-30,1.766,626355
1999-09-29,-1.399,615484
1999-09-28,0.213,624217
1999-09-27,1.263,622888
1999-09-24,-0.242,615121
1999-09-23,-2.982,616613
1999-09-22,0.831,635563
1999-09-21,-3.003,630324
1999-09-20,-0.386,649838
1999-09-17,1.582,652354
1999-09-16,0.115,642194
1999-09-15,-1.692,641457
1999-09-14,-0.921,652496
1999-09-13,-0.481,658558
1999-09-10,0.784,661743
1999-09-09,0.135,656597
1999-09-08,0.072,655713
1999-09-07,-0.686,655239
1999-09-03,3.325,659768
1999-09-02,-0.767,638539
1999-09-01,1.107,643472
1999-08-31,0.299,636427
1999-08-30,-1.626,634531
1999-08-27,-0.602,645022
1999-08-26,-1.230,648927
1999-08-25,0.865,657008
1999-08-24,0.762,651371
1999-08-23,1.759,646442
1999-08-20,0.293,635268
1999-08-19,-1.228,633413
1999-08-18,-0.762,641285
1999-08-17,1.564,646212
1999-08-16,0.297,636263
1999-08-13,1.887,634376
1999-08-12,-0.100,622629
1999-08-11,1.364,623254
1999-08-10,-1.958,614867
1999-08-09,0.653,627147
1999-08-06,-0.688,623076
1999-08-05,1.579,627391
1999-08-04,-2.396,617641
1999-08-03,-1.165,632802
1999-08-02,0.074,640258
1999-07-30,-1.141,639787
1999-07-29,-1.498,647171
1999-07-28,1.378,657012
1999-07-27,0.102,648079
1999-07-26,-0.924,647421
1999-07-23,-0.875,653462
1999-07-22,-2.063,659230
1999-07-21,-0.079,673114
1999-07-20,-3.509,673645
1999-07-19,-1.175,698142
1999-07-16,-0.427,706444
1999-07-15,1.173,709474
1999-07-14,0.479,701246
1999-07-13,0.737,697901
1999-07-12,-0.039,692793
1999-07-09,1.377,693061
1999-07-08,-0.108,683650
1999-07-07,0.552,684390
1999-07-06,0.866,680635
1999-07-02,2.343,674793
1999-07-01,1.601,659346
1999-06-30,2.312,648960
1999-06-29,1.535,634292
1999-06-28,2.212,624706
1999-06-25,0.467,611185
1999-06-24,-0.034,608346
1999-06-23,0.770,608551
1999-06-22,-1.167,603903
1999-06-21,-0.920,611031
1999-06-18,-0.682,616707
1999-06-17,-0.091,620941
1999-06-16,1.826,621509
1999-06-15,1.228,610361
1999-06-14,1.288,602959
1999-06-11,-0.761,595294
1999-06-10,-1.528,599861
1999-06-09,-0.581,609171
1999-06-08,-0.919,612730
1999-06-07,-0.072,618410
1999-06-04,2.959,618853
1999-06-03,-0.424,601066
1999-06-02,0.687,603625
1999-06-01,-1.041,599503
1999-05-28,1.432,605813
1999-05-27,-2.132,597261
1999-05-26,1.494,610270
1999-05-25,-1.771,601284
1999-05-24,-2.325,612123
1999-05-21,0.406,626694
1999-05-20,-0.872,624161
1999-05-19,0.613,629654
1999-05-18,-2.004,625815
1999-05-17,0.261,638615
1999-05-14,-3.800,636955
1999-05-13,1.634,662114
1999-05-12,0.208,651466
1999-05-11,0.804,650117
1999-05-10,-0.319,644931
1999-05-07,1.184,646996
1999-05-06,-0.734,639426
1999-05-05,1.354,644152
1999-05-04,-2.475,635549
1999-05-03,1.857,651680
1999-04-30,-0.887,639796
1999-04-29,-0.971,645525
1999-04-28,-1.604,651855
1999-04-27,0.599,662478
1999-04-26,-0.447,658533
1999-04-23,-0.518,661487
1999-04-22,1.790,664930
1999-04-21,4.111,653238
1999-04-20,0.065,627446
1999-04-19,-2.861,627040
1999-04-16,0.018,645510
1999-04-15,-0.003,645391
1999-04-14,-1.164,645413
1999-04-13,-0.070,653015
1999-04-12,0.888,653470
1999-04-09,-0.324,647715
1999-04-08,1.913,649819
1999-04-07,0.450,637620
1999-04-06,0.036,634761
1999-04-05,3.391,634534
1999-04-01,1.474,613722
1999-03-31,-2.427,604810
1999-03-30,-0.796,619851
1999-03-29,2.938,624823
1999-03-26,-1.083,606991
1999-03-25,1.986,613635
1999-03-24,0.711,601684
1999-03-23,-3.357,597435
1999-03-22,0.601,618187
1999-03-19,-1.669,614497
1999-03-18,1.450,624926
1999-03-17,-1.927,615996
1999-03-16,0.333,628097
1999-03-15,1.754,626010
1999-03-12,-0.747,615221
1999-03-11,0.602,619851
1999-03-10,0.762,616139
1999-03-09,0.411,611478
1999-03-08,1.328,608976
1999-03-05,2.221,600996
1999-03-04,3.169,587938
1999-03-03,0.812,569876
1999-03-02,-0.652,565289
1999-03-01,-0.288,569000
1999-02-26,0.205,570641
1999-02-25,-1.002,569473
1999-02-24,-2.272,575234
1999-02-23,-0.019,588608
1999-02-22,3.581,588722
1999-02-19,0.280,568370
1999-02-18,1.581,566782
1999-02-17,-0.279,557963
1999-02-16,-0.695,559524
1999-02-12,-1.590,563440
1999-02-11,3.595,572543
1999-02-10,0.378,552675
1999-02-09,-3.328,550593
1999-02-08,0.003,569545
1999-02-05,-0.770,569531
1999-02-04,-2.703,573950
1999-02-03,0.527,589894
1999-02-02,-0.844,586805
1999-02-01,-1.103,591798
1999-01-29,2.141,598400
1999-01-28,0.852,585858
1999-01-27,-0.957,580908
1999-01-26,1.769,586518
1999-01-25,0.916,576323
1999-01-22,-0.624,571094
1999-01-21,-2.749,574678
1999-01-20,1.017,590921
1999-01-19,0.269,584971
1999-01-15,3.460,583402
1999-01-14,-1.974,563888
1999-01-13,-0.440,575242
1999-01-12,-1.890,577784
1999-01-11,-1.065,588915
1999-01-08,-0.942,595255
1999-01-07,-0.179,600914
1999-01-06,3.625,601994
1999-01-05,1.237,580936
1999-01-04,-1.266,573838
1998-12-31,0.880,581198
1998-12-30,-0.470,576127
1998-12-29,1.959,578850
1998-12-28,-0.663,567731
1998-12-24,-0.658,571523
1998-12-23,2.319,575309
1998-12-22,0.287,562273
1998-12-21,2.103,560665
1998-12-18,1.324,549119
1998-12-17,1.973,541942
1998-12-16,-0.659,531454
1998-12-15,3.172,534976
1998-12-14,-4.573,518531
1998-12-11,0.804,543378
1998-12-10,-1.613,539043
1998-12-09,0.045,547880
1998-12-08,-0.020,547637
1998-12-07,0.290,547745
1998-12-04,2.080,546159
1998-12-03,-2.759,535032
1998-12-02,1.069,550212
1998-12-01,1.124,544392
1998-11-30,-2.625,538338
1998-11-27,-0.018,552848
1998-11-25,-0.464,552947
1998-11-24,-1.336,555527
1998-11-23,2.858,563050
1998-11-20,1.265,547405
1998-11-19,2.208,540565
1998-11-18,0.342,528886
1998-11-17,-0.355,527081
1998-11-16,1.391,528961
1998-11-13,2.384,521703
1998-11-12,-0.096,509557
1998-11-11,-1.393,510046
1998-11-10,-0.327,517252
1998-11-09,-1.325,518950
1998-11-06,-0.563,525917
1998-11-05,2.199,528893
1998-11-04,1.327,517516
1998-11-03,-0.458,510741
1998-11-02,2.704,513088
1998-10-30,0.584,499578
1998-10-29,1.162,496678
1998-10-28,-0.439,490972
1998-10-27,-0.556,493136
1998-10-26,2.060,495893
1998-10-23,-0.230,485883
1998-10-22,1.172,487001
1998-10-21,-0.116,481358
1998-10-20,1.192,481917
1998-10-19,1.039,476241
1998-10-16,0.560,471342
1998-10-15,5.555,468718
1998-10-14,2.517,444051
1998-10-13,-0.897,433148
1998-10-12,2.191,437067
1998-10-09,2.364,427696
1998-10-08,-1.115,417819
1998-10-07,-1.353,422529
1998-10-06,0.501,428323
1998-10-05,-2.403,426189
1998-10-02,2.844,436684
1998-10-01,-3.618,424607
1998-09-30,-2.706,440548
1998-09-29,-0.332,452800
1998-09-28,0.080,454309
1998-09-25,0.530,453945
1998-09-24,-3.640,451553
1998-09-23,4.002,468609
1998-09-22,0.159,450575
1998-09-21,0.191,449859
1998-09-18,-0.084,449003
1998-09-17,-2.047,449380
1998-09-16,0.623,458771
1998-09-15,0.699,455931
1998-09-14,1.541,452768
1998-09-11,2.956,445897
1998-09-10,-3.656,433093
1998-09-09,-1.322,449526
1998-09-08,5.703,455548
1998-09-04,-0.578,430970
1998-09-03,-0.386,433475
1998-09-02,-1.480,435153
1998-09-01,3.878,441689
1998-08-31,-7.791,425200
1998-08-28,-0.962,461124
1998-08-27,-4.439,465603
1998-08-26,-0.269,487230
1998-08-25,-0.619,488543
1998-08-24,1.599,491584
1998-08-21,-0.874,483846
1998-08-20,-1.024,488110
1998-08-19,-0.775,493159
1998-08-18,0.167,497013
1998-08-17,1.844,496187
1998-08-14,-1.691,487201
1998-08-13,-1.460,495583
1998-08-12,1.278,502926
1998-08-11,-0.745,496579
1998-08-10,-2.081,500308
1998-08-07,0.694,510938
1998-08-06,1.070,507418
1998-08-05,0.542,502045
1998-08-04,-4.718,499340
1998-08-03,-1.229,524068
1998-07-31,-2.707,530586
1998-07-30,1.349,545352
1998-07-29,-0.222,538095
1998-07-28,-1.903,539295
1998-07-27,1.564,549756
1998-07-24,-0.237,541289
1998-07-23,-2.957,542575
1998-07-22,-0.510,559110
1998-07-21,-1.952,561975
1998-07-20,-0.128,573162
1998-07-17,0.595,573899
1998-07-16,1.031,570503
1998-07-15,-0.412,564683
1998-07-14,2.173,567020
1998-07-13,0.162,554960
1998-07-10,-0.071,554062
1998-07-09,-1.142,554458
1998-07-08,1.079,560865
1998-07-07,-0.503,554880
1998-07-06,1.308,557686
1998-07-02,0.547,550488
1998-07-01,1.975,547492
1998-06-30,-0.921,536887
1998-06-29,0.773,541879
1998-06-26,0.809,537724
1998-06-25,-1.259,533409
1998-06-24,1.525,540208
1998-06-23,2.422,532093
1998-06-22,0.235,519509
1998-06-19,-1.579,518289
1998-06-18,-0.207,526605
1998-06-17,2.538,527700
1998-06-16,1.647,514637
1998-06-15,-2.655,506296
1998-06-12,1.015,520106
1998-06-11,-2.280,514880
1998-06-10,-0.428,526892
1998-06-09,0.202,529158
1998-06-08,0.027,528094
1998-06-05,1.494,527951
1998-06-04,0.975,520179
1998-06-03,-1.839,515159
1998-06-02,0.600,524810
1998-06-01,0.993,521681
1998-05-29,-1.290,516551
1998-05-28,0.715,523302
1998-05-27,0.422,519585
1998-05-26,-2.602,517400
1998-05-22,-0.670,531225
1998-05-21,-1.330,534806
1998-05-20,1.570,542014
1998-05-19,0.960,533634
1998-05-18,0.301,528561
1998-05-15,-0.339,526975
1998-05-14,-2.138,528768
1998-05-13,0.008,540318
1998-05-12,0.930,540276
1998-05-11,-0.024,535299
1998-05-08,1.459,535428
1998-05-07,-0.170,527726
1998-05-06,-0.838,528622
1998-05-05,-0.683,533089
1998-05-04,-0.357,536756
1998-05-01,1.810,538681
1998-04-30,2.263,529105
1998-04-29,1.960,517397
1998-04-28,-0.485,507450
1998-04-27,-1.772,509924
1998-04-24,-2.001,519124
1998-04-23,-1.900,529724
1998-04-22,0.721,539985
1998-04-21,0.113,536120
1998-04-20,-0.124,535515
1998-04-17,2.447,536179
1998-04-16,-1.392,523370
1998-04-15,0.222,530758
1998-04-14,1.085,529584
1998-04-13,-0.729,523898
1998-04-09,0.694,527746
1998-04-08,-1.064,524110
1998-04-07,-0.737,529744
1998-04-06,-0.250,533680
1998-04-03,-0.131,535014
1998-04-02,1.916,535714
1998-04-01,0.717,525640
1998-03-31,0.804,521899
1998-03-30,-0.001,517737
1998-03-27,-0.818,517742
1998-03-26,0.184,522014
1998-03-25,0.608,521058
1998-03-24,1.536,517911
1998-03-23,-0.627,510077
1998-03-20,1.136,513297
1998-03-19,0.316,507532
1998-03-18,0.461,505936
1998-03-17,0.276,503612
1998-03-16,1.462,502223
1998-03-13,-0.403,494986
1998-03-12,0.101,496986
1998-03-11,0.862,496484
1998-03-10,1.466,492240
1998-03-09,-0.472,485130
1998-03-06,2.854,487430
1998-03-05,-2.319,473904
1998-03-04,-1.815,485157
1998-03-03,1.336,494124
1998-03-02,-0.831,487608
1998-02-27,-0.111,491696
1998-02-26,1.804,492241
1998-02-25,1.921,483519
1998-02-24,-1.737,474404
1998-02-23,0.044,482788
1998-02-20,1.001,482575
1998-02-19,-0.600,477794
1998-02-18,1.902,480678
1998-02-17,0.764,471708
1998-02-13,-1.198,468133
1998-02-12,1.028,473808
1998-02-11,0.476,468986
1998-02-10,1.974,466764
1998-02-09,-0.079,457729
1998-02-06,0.948,458090
1998-02-05,-0.590,453788
1998-02-04,-0.629,456481
1998-02-03,1.121,459371
1998-02-02,1.587,454281
1998-01-30,0.212,447185
1998-01-29,-0.031,446241
1998-01-28,0.964,446381
1998-01-27,1.021,442119
1998-01-26,-0.217,437650
1998-01-23,-0.129,438602
1998-01-22,-0.458,439167
1998-01-21,-0.096,441187
1998-01-20,2.447,441612
1998-01-16,1.949,431064
1998-01-15,-0.858,422825
1998-01-14,1.235,426484
1998-01-13,1.202,421280
1998-01-12,2.149,416276
1998-01-09,-4.794,407520
1998-01-08,-1.573,428039
1998-01-07,0.697,434878
1998-01-06,-1.389,431870
1998-01-05,0.051,437955
1998-01-02,1.149,437730
1997-12-31,0.386,432756
1997-12-30,2.473,431094
1997-12-29,1.844,420688
1997-12-26,1.309,413072
1997-12-24,0.354,407734
1997-12-23,-1.619,406294
1997-12-22,0.273,412980
1997-12-19,-0.439,411854
1997-12-18,-1.401,413669
1997-12-17,-0.061,419545
1997-12-16,-0.692,419800
1997-12-15,0.933,422726
1997-12-12,-0.148,418819
1997-12-11,-2.646,419440
1997-12-10,-0.647,430842
1997-12-09,-0.857,433647
1997-12-08,-1.246,437396
1997-12-05,1.403,442912
1997-12-04,0.666,436782
1997-12-03,0.232,433892
1997-12-02,-0.664,432886
1997-12-01,2.707,435780
1997-11-28,0.719,424293
1997-11-26,-0.291,421265
1997-11-25,-0.217,422494
1997-11-24,-2.223,423412
1997-11-21,0.659,433037
1997-11-20,1.906,430201
1997-11-19,0.637,422155
1997-11-18,0.140,419484
1997-11-17,2.003,418898
1997-11-14,1.654,410674
1997-11-13,1.482,403991
1997-11-12,-2.125,398091
1997-11-11,-0.685,406734
1997-11-10,-0.086,409539
1997-11-07,-2.120,409892
1997-11-06,-1.163,418769
1997-11-05,-0.195,423698
1997-11-04,-0.413,424526
1997-11-03,2.977,426288
1997-10-31,2.427,413965
1997-10-30,-2.125,404157
1997-10-29,-1.286,412931
1997-10-28,5.069,418311
1997-10-27,-8.467,398130
1997-10-24,-0.612,434959
1997-10-23,-2.754,437637
1997-10-22,-0.681,450031
1997-10-21,1.839,453115
1997-10-20,2.606,444934
1997-10-17,-0.997,433634
1997-10-16,-1.360,438000
1997-10-15,-0.039,444037
1997-10-14,-0.455,444211
1997-10-13,0.007,446244
1997-10-10,-1.382,446212
1997-10-09,-0.691,452464
1997-10-08,-1.035,455611
1997-10-07,0.358,460375
1997-10-06,0.439,458734
1997-10-03,0.597,456731
1997-10-02,0.710,454022
1997-10-01,1.206,450822
1997-09-30,-1.116,445451
1997-09-29,-0.110,450480
1997-09-26,0.227,450975
1997-09-25,0.251,449953
1997-09-24,-0.453,448825
1997-09-23,-0.515,450867
1997-09-22,1.277,453200
1997-09-19,1.003,447486
1997-09-18,0.793,443042
1997-09-17,-0.030,439555
1997-09-16,3.081,439687
1997-09-15,0.590,426545
1997-09-12,2.073,424044
1997-09-11,-1.051,415432
1997-09-10,-2.097,419843
1997-09-09,-0.350,428838
1997-09-08,0.221,430346
1997-09-05,0.172,429398
1997-09-04,0.317,428661
1997-09-03,0.003,427307
1997-09-02,3.123,427295
1997-08-29,0.361,414354
1997-08-28,-1.698,412862
1997-08-27,0.270,419993
1997-08-26,-1.978,418862
1997-08-25,-0.748,427314
1997-08-22,-0.461,430534
1997-08-21,-2.741,432530
1997-08-20,1.978,444719
1997-08-19,1.219,436093
1997-08-18,2.107,430840
1997-08-15,-3.377,421948
1997-08-14,-0.044,436695
1997-08-13,-0.943,436886
1997-08-12,-2.260,441043
1997-08-11,0.445,451242
1997-08-08,-2.195,449245
1997-08-07,-1.589,459325
1997-08-06,1.403,466743
1997-08-05,0.604,460284
1997-08-04,0.148,457521
1997-08-01,0.004,456844
1997-07-31,-0.542,456823
1997-07-30,0.876,459314
1997-07-29,0.177,455328
1997-07-28,0.226,454525
1997-07-25,-0.273,453499
1997-07-24,0.266,454740
1997-07-23,0.344,453535
1997-07-22,3.045,451981
1997-07-21,-0.254,438625
1997-07-18,-2.607,439741
1997-07-17,-0.708,451511
1997-07-16,2.029,454730
1997-07-15,0.527,445687
1997-07-14,0.516,443349
1997-07-11,0.438,441072
1997-07-10,0.374,439147
1997-07-09,-1.320,437509
1997-07-08,1.316,443361
1997-07-07,-0.443,437601
1997-07-03,1.325,439549
1997-07-02,1.666,433802
1997-07-01,0.823,426692
1997-06-30,-0.446,423209
1997-06-27,0.474,425106
1997-06-26,-0.138,423102
1997-06-25,-1.102,423685
1997-06-24,3.527,428408
1997-06-23,-2.443,413812
1997-06-20,-0.361,424175
1997-06-19,1.123,425712
1997-06-18,-0.084,420983
1997-06-17,0.798,421337
1997-06-16,-0.201,418002
1997-06-13,0.795,418846
1997-06-12,2.442,415541
1997-06-11,0.324,405637
1997-06-10,0.523,404327
1997-06-09,0.450,402221
1997-06-06,1.944,400420
1997-06-05,0.553,392785
1997-06-04,-0.285,390625
1997-06-03,-0.355,391743
1997-06-02,-0.828,393139
1997-05-30,0.320,396423
1997-05-29,0.410,395159
1997-05-28,-0.508,393544
1997-05-27,0.669,395552
1997-05-23,1.197,392923
1997-05-22,-0.516,388276
1997-05-21,-0.248,390290
1997-05-20,1.721,391259
1997-05-19,0.648,384638
1997-05-16,-1.564,382160
1997-05-15,0.558,388232
1997-05-14,0.044,386079
1997-05-13,-0.032,385910
1997-05-12,1.772,386033
1997-05-09,0.546,379310
1997-05-08,1.039,377249
1997-05-07,-2.051,373370
1997-05-06,0.465,381190
1997-05-05,2.185,379427
1997-05-02,2.294,371315
1997-05-01,0.235,362988
1997-04-30,0.779,362139
1997-04-29,3.190,359341
1997-04-28,1.313,348233
1997-04-25,-1.208,343721
1997-04-24,-0.606,347923
1997-04-23,0.068,350043
1997-04-22,2.131,349804
1997-04-21,-0.930,342506
1997-04-18,0.683,345721
1997-04-17,-0.462,343376
1997-04-16,1.388,344972
1997-04-15,2.019,340250
1997-04-14,1.159,333516
1997-04-11,-3.461,329693
1997-04-10,-0.108,341514
1997-04-09,-0.846,341883
1997-04-08,0.301,344799
1997-04-07,0.227,343766
1997-04-04,0.884,342986
1997-04-03,0.167,339981
1997-04-02,-1.540,339415
1997-04-01,0.667,344725
1997-03-31,-2.111,342440
1997-03-27,-2.647,349825
1997-03-26,-0.036,359338
1997-03-25,-0.695,359468
1997-03-24,1.443,361984
1997-03-21,0.083,356833
1997-03-20,-0.489,356539
1997-03-19,0.121,358291
1997-03-18,-0.961,357857
1997-03-17,0.355,361330
1997-03-14,0.781,360052
1997-03-13,-1.201,357263
1997-03-12,-1.406,361607
1997-03-11,-0.190,366762
1997-03-10,0.773,367459
1997-03-07,0.568,364642
1997-03-06,-0.223,362582
1997-03-05,1.933,363392
1997-03-04,-0.939,356501
1997-03-03,0.731,359881
1997-02-28,-0.615,357268
1997-02-27,-1.351,359479
1997-02-26,-0.356,364401
1997-02-25,0.052,365702
1997-02-24,1.143,365513
1997-02-21,-0.243,361381
1997-02-20,-0.835,362262
1997-02-19,-1.062,365311
1997-02-18,1.233,369232
1997-02-14,-0.615,364733
1997-02-13,1.404,366988
1997-02-12,1.950,361907
1997-02-11,0.896,354984
1997-02-10,-0.842,351831
1997-02-07,1.411,354818
1997-02-06,0.497,349880
1997-02-05,-1.842,348149
1997-02-04,0.602,354682
1997-02-03,0.258,352561
1997-01-31,-0.338,351652
1997-01-30,1.070,352844
1997-01-29,0.987,349109
1997-01-28,-0.156,345698
1997-01-27,-0.436,346238
1997-01-24,-1.283,347754
1997-01-23,-1.641,352274
1997-01-22,0.772,358151
1997-01-21,0.547,355406
1997-01-20,-0.098,353472
1997-01-17,0.253,353821
1997-01-16,0.343,352927
1997-01-15,-0.441,351722
1997-01-14,1.692,353278
1997-01-13,-0.539,347400
1997-01-10,0.932,349284
1997-01-09,0.961,346058
1997-01-08,-1.146,342765
1997-01-07,1.550,346738
1997-01-06,-0.992,341446
1997-01-03,1.776,344866
1997-01-02,-0.410,338849
1996-12-31,-1.967,340244
1996-12-30,-1.291,347073
1996-12-27,0.311,351611
1996-12-26,0.689,350520
1996-12-24,0.645,348122
1996-12-23,-0.138,345890
1996-12-20,0.711,346366
1996-12-19,1.960,343921
1996-12-18,1.246,337310
1996-12-17,0.437,333158
1996-12-16,-1.236,331708
1996-12-13,0.493,335859
1996-12-12,-2.039,334213
1996-12-11,-1.168,341169
1996-12-10,-0.401,345203
1996-12-09,1.303,346593
1996-12-06,-0.730,342134
1996-12-05,-0.426,344649
1996-12-04,0.280,346121
1996-12-03,-1.716,345156
1996-12-02,-0.066,351183
1996-11-29,0.526,351415
1996-11-27,-0.095,349577
1996-11-26,-0.080,349910
1996-11-25,1.217,350191
1996-11-22,0.872,345979
1996-11-21,-0.689,342987
1996-11-20,0.558,345367
1996-11-19,1.001,343449
1996-11-18,0.257,340044
1996-11-15,0.145,339174
1996-11-14,0.638,338683
1996-11-13,0.026,336536
1996-11-12,-0.183,336449
1996-11-11,-0.096,337065
1996-11-08,0.867,337388
1996-11-07,0.239,334489
1996-11-06,2.438,333690
1996-11-05,0.956,325748
1996-11-04,0.293,322665
1996-11-01,-0.328,321723
1996-10-31,0.671,322781
1996-10-30,-0.339,320629
1996-10-29,0.563,321718
1996-10-28,-0.472,319915
1996-10-25,-0.067,321433
1996-10-24,-1.009,321650
1996-10-23,0.058,324928
1996-10-22,-1.161,324741
1996-10-21,-0.071,328556
1996-10-18,0.760,328790
1996-10-17,0.211,326312
1996-10-16,0.284,325626
1996-10-15,-0.197,324703
1996-10-14,0.026,325345
1996-10-11,1.536,325259
1996-10-10,-0.280,320338
1996-10-09,-0.825,321237
1996-10-08,-0.785,323908
1996-10-07,0.545,326471
1996-10-04,1.795,324700
1996-10-03,0.023,318974
1996-10-02,0.789,318900
1996-10-01,0.223,316405
1996-09-30,0.141,315702
1996-09-27,0.043,315259
1996-09-26,0.118,315122
1996-09-25,-0.100,314750
1996-09-24,-0.198,315066
1996-09-23,-0.206,315691
1996-09-20,0.282,316342
1996-09-19,0.434,315451
1996-09-18,-0.369,314086
1996-09-17,-0.086,315249
1996-09-16,0.530,315521
1996-09-13,1.924,313858
1996-09-12,0.419,307935
1996-09-11,1.034,306649
1996-09-10,-0.481,303510
1996-09-09,1.557,304978
1996-09-06,1.739,300303
1996-09-05,-1.361,295169
1996-09-04,-0.117,299241
1996-09-03,1.014,299592
1996-08-30,-1.214,296584
1996-08-29,-1.370,300228
1996-08-28,-0.278,304398
1996-08-27,0.071,305247
1996-08-26,-0.630,305030
1996-08-23,-0.767,306964
1996-08-22,1.053,309336
1996-08-21,-0.394,306113
1996-08-20,0.352,307324
1996-08-19,0.066,306245
1996-08-16,0.930,306042
1996-08-15,-0.567,303222
1996-08-14,0.103,304952
1996-08-13,-0.995,304638
1996-08-12,0.550,307699
1996-08-09,-0.207,306017
1996-08-08,0.370,306651
1996-08-07,0.706,305522
1996-08-06,0.408,303381
1996-08-05,-0.564,302148
1996-08-02,2.350,303863
1996-08-01,1.816,296887
1996-07-31,0.908,291591
1996-07-30,1.430,288967
1996-07-29,-1.510,284893
1996-07-26,0.377,289262
1996-07-25,0.885,288177
1996-07-24,-0.058,285651
1996-07-23,-1.979,285817
1996-07-22,-0.896,291588
1996-07-19,-0.802,294223
1996-07-18,1.460,296603
1996-07-17,1.025,292334
1996-07-16,0.421,289369
1996-07-15,-3.460,288155
1996-07-12,-0.011,298483
1996-07-11,-2.086,298515
1996-07-10,0.513,304874
1996-07-09,0.171,303317
1996-07-08,-0.339,302800
1996-07-05,-2.786,303829
1996-07-03,-0.078,312536
1996-07-02,-0.072,312779
1996-07-01,0.865,313005
1996-06-28,0.462,310321
1996-06-27,1.346,308894
1996-06-26,-1.245,304790
1996-06-25,0.450,308632
1996-06-24,-0.137,307249
1996-06-21,1.149,307670
1996-06-20,0.220,304177
1996-06-19,0.304,303510
1996-06-18,-0.754,302589
1996-06-17,-0.387,304888
1996-06-14,-0.470,306071
1996-06-13,0.037,307516
1996-06-12,-0.374,307402
1996-06-11,-0.685,308555
1996-06-10,0.146,310682
1996-06-07,0.129,310229
1996-06-06,-0.706,309828
1996-06-05,1.201,312030
1996-06-04,0.245,308326
1996-06-03,-0.065,307573
1996-05-31,-1.143,307773
1996-05-30,0.545,311332
1996-05-29,-0.455,309645
1996-05-28,-1.268,311060
1996-05-24,0.667,315056
1996-05-23,-0.698,312968
1996-05-22,1.584,315167
1996-05-21,-0.490,310252
1996-05-20,0.700,311779
1996-05-17,0.532,309611
1996-05-16,0.057,307974
1996-05-15,-0.490,307798
1996-05-14,0.634,309314
1996-05-13,1.380,307367
1996-05-10,0.925,303182
1996-05-09,0.254,300404
1996-05-08,1.265,299642
1996-05-07,-0.943,295900
1996-05-06,-0.226,298718
1996-05-03,-0.119,299395
1996-05-02,-2.549,299753
1996-05-01,0.663,307594
1996-04-30,-0.294,305567
1996-04-29,0.003,306467
1996-04-26,0.779,306457
1996-04-25,0.664,304089
1996-04-24,-0.546,302082
1996-04-23,0.527,303740
1996-04-22,1.025,302149
1996-04-19,0.612,299085
1996-04-18,0.363,297266
1996-04-17,-0.444,296192
1996-04-16,0.236,297514
1996-04-15,1.421,296812
1996-04-12,1.149,292653
1996-04-11,0.197,289329
1996-04-10,-1.954,288761
1996-04-09,-0.621,294517
1996-04-08,-2.233,296356
1996-04-04,-0.412,303125
1996-04-03,0.158,304378
1996-04-02,0.096,303899
1996-04-01,1.851,303607
1996-03-29,-0.667,298090
1996-03-28,1.009,300092
1996-03-27,-1.129,297095
1996-03-26,1.278,300487
1996-03-25,0.050,296694
1996-03-22,0.276,296547
1996-03-21,-0.452,295731
1996-03-20,-0.058,297074
1996-03-19,0.380,297247
1996-03-18,1.797,296123
1996-03-15,0.247,290895
1996-03-14,0.118,290179
1996-03-13,0.410,289836
1996-03-12,-0.615,288651
1996-03-11,0.911,290437
1996-03-08,-3.263,287816
1996-03-07,-0.074,297525
1996-03-06,-1.308,297747
1996-03-05,1.113,301693
1996-03-04,0.832,298372
1996-03-01,1.841,295910
1996-02-29,-0.022,290562
1996-02-28,-0.357,290624
1996-02-27,-0.178,291664
1996-02-26,-1.894,292185
1996-02-23,-0.145,297827
1996-02-22,1.324,298259
1996-02-21,1.454,294360
1996-02-20,-0.544,290143
1996-02-16,-0.436,291729
1996-02-15,-0.398,293007
1996-02-14,-0.866,294179
1996-02-13,-0.648,296747
1996-02-12,0.756,298684
1996-02-09,-1.045,296442
1996-02-08,1.577,299573
1996-02-07,0.988,294921
1996-02-06,0.750,292037
1996-02-05,0.693,289863
1996-02-02,-0.932,287868
1996-02-01,0.290,290575
1996-01-31,1.365,289734
1996-01-30,0.909,285833
1996-01-29,0.642,283258
1996-01-26,0.200,281452
1996-01-25,0.517,280890
1996-01-24,0.660,279446
1996-01-23,0.479,277614
1996-01-22,0.163,276292
1996-01-19,0.959,275842
1996-01-18,0.136,273222
1996-01-17,0.074,272851
1996-01-16,0.980,272649
1996-01-15,-0.268,270004
1996-01-12,-0.453,270731
1996-01-11,1.093,271964
1996-01-10,-2.105,269023
1996-01-09,-1.597,274809
1996-01-08,0.092,279270
1996-01-05,-0.955,279014
1996-01-04,-0.914,281705
1996-01-03,-0.108,284304
1996-01-02,1.456,284612
1995-12-29,-0.102,280527
1995-12-28,-0.727,280814
1995-12-27,0.208,282871
1995-12-26,0.516,282283
1995-12-22,-0.036,280835
1995-12-21,0.676,280936
1995-12-20,-0.369,279050
1995-12-19,2.038,280083
1995-12-18,-2.322,274489
1995-12-15,0.599,281013
1995-12-14,-1.145,279339
1995-12-13,0.418,282576
1995-12-12,-0.262,281399
1995-12-11,0.642,282138
1995-12-08,1.163,280337
1995-12-07,-0.255,277113
1995-12-06,-0.077,277823
1995-12-05,0.467,278038
1995-12-04,1.876,276744
1995-12-01,0.246,271647
1995-11-30,-1.125,270980
1995-11-29,-0.340,274063
1995-11-28,1.037,274998
1995-11-27,-0.141,272176
1995-11-24,0.417,272559
1995-11-22,0.099,271428
1995-11-21,1.711,271161
1995-11-20,-0.548,266600
1995-11-17,0.276,268069
1995-11-16,0.919,267332
1995-11-15,1.386,264897
1995-11-14,-0.690,261276
1995-11-13,0.129,263091
1995-11-10,-0.366,262752
1995-11-09,0.533,263718
1995-11-08,1.207,262320
1995-11-07,-0.516,259191
1995-11-06,-1.037,260535
1995-11-03,-0.011,263266
1995-11-02,1.465,263295
1995-11-01,0.961,259493
1995-10-31,-0.416,257023
1995-10-30,1.039,258097
1995-10-27,1.047,255443
1995-10-26,-1.498,252795
1995-10-25,-1.285,256639
1995-10-24,-0.017,259979
1995-10-23,-0.454,260024
1995-10-20,-0.988,261211
1995-10-19,1.555,263817
1995-10-18,0.123,259778
1995-10-17,0.079,259460
1995-10-16,-1.125,259257
1995-10-13,0.332,262206
1995-10-12,1.473,261339
1995-10-11,0.735,257546
1995-10-10,0.010,255665
1995-10-09,-1.524,255639
1995-10-06,0.059,259595
1995-10-05,-0.302,259442
1995-10-04,-0.164,260227
1995-10-03,0.019,260655
1995-10-02,-0.742,260606
1995-09-29,-0.372,262556
1995-09-28,1.169,263535
1995-09-27,-0.058,260489
1995-09-26,-0.493,260640
1995-09-25,-0.028,261931
1995-09-22,0.496,262005
1995-09-21,-1.629,260712
1995-09-20,0.599,265029
1995-09-19,-0.104,263451
1995-09-18,-0.852,263725
1995-09-15,-0.361,265992
1995-09-14,1.166,266956
1995-09-13,1.159,263879
1995-09-12,1.451,260856
1995-09-11,0.527,257124
1995-09-08,0.452,255777
1995-09-07,-0.411,254625
1995-09-06,-0.049,255675
1995-09-05,0.880,255801
1995-09-01,1.079,253569
1995-08-31,0.179,250861
1995-08-30,0.109,250413
1995-08-29,0.379,250140
1995-08-28,-0.990,249195
1995-08-25,1.175,251687
1995-08-24,0.324,248765
1995-08-23,-0.944,247961
1995-08-22,0.151,250325
1995-08-21,-0.136,249947
1995-08-18,0.491,250287
1995-08-17,-0.916,249063
1995-08-16,0.024,251366
1995-08-15,0.118,251307
1995-08-14,1.031,251012
1995-08-11,-1.263,248450
1995-08-10,-1.337,251627
1995-08-09,-0.376,255037
1995-08-08,0.083,255999
1995-08-07,0.258,255786
1995-08-04,0.504,255127
1995-08-03,0.812,253849
1995-08-02,-0.717,251804
1995-08-01,-1.020,253623
1995-07-31,0.087,256237
1995-07-28,-0.975,256014
1995-07-27,1.127,258536
1995-07-26,1.150,255654
1995-07-25,1.029,252747
1995-07-24,0.728,250172
1995-07-21,-0.710,248364
1995-07-20,0.683,250140
1995-07-19,-1.145,248443
1995-07-18,-1.535,251320
1995-07-17,1.042,255236
1995-07-14,0.575,252603
1995-07-13,-0.518,251160
1995-07-12,1.817,252467
1995-07-11,-0.762,247962
1995-07-10,0.049,249865
1995-07-07,0.650,249742
1995-07-06,1.791,248130
1995-07-05,0.723,243764
1995-07-03,0.371,242013
1995-06-30,0.495,241120
1995-06-29,0.264,239932
1995-06-28,0.857,239299
1995-06-27,-1.032,237267
1995-06-26,-2.092,239742
1995-06-23,-0.144,244863
1995-06-22,1.176,245217
1995-06-21,-0.507,242366
1995-06-20,-0.139,243601
1995-06-19,1.252,243941
1995-06-16,0.554,240924
1995-06-15,0.110,239597
1995-06-14,-0.712,239334
1995-06-13,0.971,241050
1995-06-12,0.266,238733
1995-06-09,-0.760,238100
1995-06-08,-0.130,239923
1995-06-07,-0.367,240235
1995-06-06,0.164,241121
1995-06-05,0.823,240725
1995-06-02,-0.531,238761
1995-06-01,0.133,240035
1995-05-31,2.591,239716
1995-05-30,0.157,233662
1995-05-26,-1.829,233295
1995-05-25,-0.108,237642
1995-05-24,-0.062,237898
1995-05-23,1.507,238045
1995-05-22,1.437,234512
1995-05-19,-0.007,231190
1995-05-18,-1.771,231205
1995-05-17,-0.449,235374
1995-05-16,-0.122,236437
1995-05-15,0.361,236726
1995-05-12,0.298,235874
1995-05-11,-0.045,235173
1995-05-10,-0.165,235278
1995-05-09,-0.949,235666
1995-05-08,0.426,237924
1995-05-05,-0.010,236914
1995-05-04,0.483,236938
1995-05-03,1.795,235799
1995-05-02,-0.338,231642
1995-05-01,-0.465,232427
1995-04-28,-0.216,233513
1995-04-27,0.753,234018
1995-04-26,-0.039,232268
1995-04-25,-0.291,232358
1995-04-24,2.268,233037
1995-04-21,0.506,227869
1995-04-20,-0.167,226721
1995-04-19,0.109,227100
1995-04-18,-0.588,226853
1995-04-17,-0.843,228195
1995-04-13,1.201,230135
1995-04-12,0.549,227405
1995-04-11,-0.593,226164
1995-04-10,-0.129,227514
1995-04-07,0.348,227807
1995-04-06,0.212,227016
1995-04-05,0.491,226537
1995-04-04,0.983,225430
1995-04-03,0.045,223236
1995-03-31,-0.693,223135
1995-03-30,0.245,224692
1995-03-29,-0.429,224143
1995-03-28,0.346,225109
1995-03-27,0.155,224333
1995-03-24,2.243,223985
1995-03-23,0.549,219071
1995-03-22,0.199,217876
1995-03-21,0.177,217442
1995-03-20,0.062,217058
1995-03-17,0.097,216923
1995-03-16,1.408,216714
1995-03-15,-0.637,213704
1995-03-14,0.393,215074
1995-03-13,-0.113,214232
1995-03-10,1.307,214474
1995-03-09,0.548,211706
1995-03-08,0.459,210552
1995-03-07,-1.445,209591
1995-03-06,-0.008,212663
1995-03-03,0.368,212680
1995-03-02,0.489,211900
1995-03-01,0.059,210868
1995-02-28,0.427,210745
1995-02-27,-0.693,209848
1995-02-24,0.403,211312
1995-02-23,0.216,210463
1995-02-22,-0.116,210009
1995-02-21,0.700,210254
1995-02-17,-0.735,208793
1995-02-16,0.161,210339
1995-02-15,0.346,210001
1995-02-14,0.302,209278
1995-02-13,-0.024,208648
1995-02-10,0.431,208698
1995-02-09,-0.778,207803
1995-02-08,0.150,209433
1995-02-07,0.702,209118
1995-02-06,0.267,207661
1995-02-03,1.453,207108
1995-02-02,0.652,204141
1995-02-01,-0.477,202819
1995-01-31,0.069,203792
1995-01-30,-0.529,203652
1995-01-27,1.095,204735
1995-01-26,-0.596,202517
1995-01-25,-0.030,203731
1995-01-24,0.171,203792
1995-01-23,0.182,203444
1995-01-20,-0.878,203074
1995-01-19,-1.064,204872
1995-01-18,-0.424,207076
1995-01-17,-0.180,207958
1995-01-16,0.977,208333
1995-01-13,1.280,206317
1995-01-12,-0.722,203709
1995-01-11,-0.307,205190
1995-01-10,0.563,205822
1995-01-09,0.132,204670
1995-01-06,-0.175,204400
1995-01-05,0.273,204757
1995-01-04,0.019,204199
1995-01-03,0.578,204160
1994-12-30,-1.011,202986
1994-12-29,0.075,205059
1994-12-28,-1.077,204906
1994-12-27,0.977,207137
1994-12-23,-0.544,205132
1994-12-22,-0.911,206255
1994-12-21,2.179,208151
1994-12-20,-0.314,203712
1994-12-19,0.096,204354
1994-12-16,0.631,204159
1994-12-15,0.318,202879
1994-12-14,0.303,202236
1994-12-13,0.494,201625
1994-12-12,0.713,200633
1994-12-09,0.088,199213
1994-12-08,-1.697,199037
1994-12-07,-0.903,202473
1994-12-06,0.928,204317
1994-12-05,0.290,202438
1994-12-02,1.304,201852
1994-12-01,-1.052,199254
1994-11-30,0.570,201371
1994-11-29,-0.430,200230
1994-11-28,-0.016,201094
1994-11-25,0.868,201126
1994-11-23,0.620,199396
1994-11-22,-3.335,198168
1994-11-21,-1.384,205004
1994-11-18,-0.166,207882
1994-11-17,-0.135,208228
1994-11-16,-0.042,208510
1994-11-15,-0.125,208597
1994-11-14,1.320,208859
1994-11-11,-0.976,206138
1994-11-10,-0.893,208170
1994-11-09,0.222,210045
1994-11-08,0.942,209579
1994-11-07,0.919,207623
1994-11-04,-1.478,205731
1994-11-03,0.185,208817
1994-11-02,-1.534,208431
1994-11-01,-1.866,211679
1994-10-31,-0.353,215704
1994-10-28,1.834,216467
1994-10-27,1.478,212569
1994-10-26,-0.127,209474
1994-10-25,-0.830,209740
1994-10-24,-0.926,211495
1994-10-21,-0.091,213471
1994-10-20,-0.857,213666
1994-10-19,1.334,215513
1994-10-18,-1.272,212676
1994-10-17,0.214,215415
1994-10-14,0.764,214955
1994-10-13,1.142,213324
1994-10-12,0.849,210916
1994-10-11,1.738,209140
1994-10-10,0.695,205567
1994-10-07,0.922,204149
1994-10-06,0.639,202283
1994-10-05,-0.106,200999
1994-10-04,-2.478,201212
1994-10-03,-0.321,206324
1994-09-30,0.337,206988
1994-09-29,-1.237,206294
1994-09-28,1.925,208878
1994-09-27,0.351,204933
1994-09-26,-0.440,204216
1994-09-23,-0.023,205118
1994-09-22,-0.297,205165
1994-09-21,0.165,205777
1994-09-20,-2.209,205438
1994-09-19,-0.066,210078
1994-09-16,-1.329,210217
1994-09-15,2.078,213049
1994-09-14,0.340,208713
1994-09-13,-0.859,208006
1994-09-12,-0.214,209809
1994-09-09,-2.268,210259
1994-09-08,0.149,215138
1994-09-07,0.206,214817
1994-09-06,-0.157,214376
1994-09-02,-0.425,214714
1994-09-01,-0.238,215631
1994-08-31,-0.515,216145
1994-08-30,0.775,217264
1994-08-29,0.296,215592
1994-08-26,1.819,214956
1994-08-25,-0.897,211117
1994-08-24,1.984,213027
1994-08-23,1.277,208884
1994-08-22,0.213,206250
1994-08-19,0.170,205813
1994-08-18,-0.528,205464
1994-08-17,0.028,206555
1994-08-16,1.657,206497
1994-08-15,-1.378,203130
1994-08-12,0.923,205969
1994-08-11,-1.231,204085
1994-08-10,0.741,206629
1994-08-09,-0.439,205109
1994-08-08,0.460,206013
1994-08-05,-0.952,205071
1994-08-04,-0.637,207042
1994-08-03,0.039,208370
1994-08-02,0.942,208290
1994-08-01,-0.080,206347
1994-07-29,1.147,206513
1994-07-28,1.509,204171
1994-07-27,0.264,201136
1994-07-26,0.123,200606
1994-07-25,0.083,200359
1994-07-22,0.453,200193
1994-07-21,0.463,199290
1994-07-20,-0.346,198371
1994-07-19,-1.521,199060
1994-07-18,0.092,202135
1994-07-15,-0.459,201949
1994-07-14,1.851,202880
1994-07-13,-0.184,199194
1994-07-12,-1.025,199561
1994-07-11,-0.638,201628
1994-07-08,-0.028,202922
1994-07-07,1.387,202979
1994-07-06,-0.920,200203
1994-07-05,0.915,202063
1994-07-01,0.218,200230
1994-06-30,-0.870,199795
1994-06-29,0.442,201548
1994-06-28,-0.129,200662
1994-06-27,2.759,200920
1994-06-24,-2.505,195526
1994-06-23,-1.504,200550
1994-06-22,0.409,203612
1994-06-21,-1.107,202783
1994-06-20,-1.345,205052
1994-06-17,-0.833,207847
1994-06-16,-0.158,209593
1994-06-15,0.469,209924
1994-06-14,2.406,208945
1994-06-13,0.088,204035
1994-06-10,0.178,203855
1994-06-09,1.072,203494
1994-06-08,-1.684,201336
1994-06-07,0.161,204784
1994-06-06,0.311,204456
1994-06-03,0.828,203822
1994-06-02,-0.581,202147
1994-06-01,0.172,203329
1994-05-31,0.319,202980
1994-05-27,0.228,202335
1994-05-26,0.402,201874
1994-05-25,-0.288,201066
1994-05-24,-0.300,201646
1994-05-23,-0.688,202254
1994-05-20,-1.385,203655
1994-05-19,0.896,206515
1994-05-18,1.576,204681
1994-05-17,1.555,201505
1994-05-16,0.059,198419
1994-05-13,0.563,198302
1994-05-12,1.167,197193
1994-05-11,-0.956,194918
1994-05-10,1.461,196800
1994-05-09,-2.354,193965
1994-05-06,-1.047,198641
1994-05-05,-0.821,200742
1994-05-04,0.152,202405
1994-05-03,-0.770,202097
1994-05-02,1.225,203664
1994-04-29,1.344,201199
1994-04-28,-1.392,198532
1994-04-26,-0.616,201335
1994-04-25,0.968,202583
1994-04-22,-0.930,200640
1994-04-21,2.199,202523
1994-04-20,0.959,198165
1994-04-19,-0.317,196282
1994-04-18,-0.564,196907
1994-04-15,0.552,198024
1994-04-14,1.242,196936
1994-04-13,-0.139,194520
1994-04-12,-0.355,194792
1994-04-11,0.251,195486
1994-04-08,-0.933,194997
1994-04-07,0.629,196834
1994-04-06,-0.932,195604
1994-04-05,2.082,197444
1994-04-04,-0.694,193418
1994-03-31,1.144,194770
1994-03-30,-1.840,192567
1994-03-29,-2.900,196176
1994-03-28,1.566,202036
1994-03-25,-0.793,198922
1994-03-24,-1.308,200511
1994-03-23,-0.799,203170
1994-03-22,0.443,204806
1994-03-21,-0.564,203903
1994-03-18,-0.411,205060
1994-03-17,-0.228,205906
1994-03-16,1.670,206376
1994-03-15,-0.506,202987
1994-03-14,-0.811,204019
1994-03-11,0.737,205686
1994-03-10,-2.087,204181
1994-03-09,0.420,208534
1994-03-08,-0.222,207661
1994-03-07,0.816,208123
1994-03-04,1.031,206439
1994-03-03,-1.456,204331
1994-03-02,0.290,207350
1994-03-01,-0.758,206750
1994-02-28,-0.086,208330
1994-02-25,0.829,208510
1994-02-24,-1.556,206795
1994-02-23,-0.114,210065
1994-02-22,1.521,210305
1994-02-18,-1.747,207154
1994-02-17,-0.056,210838
1994-02-16,0.673,210956
1994-02-15,0.983,209546
1994-02-14,0.117,207506
1994-02-11,0.334,207263
1994-02-10,-1.358,206573
1994-02-09,-0.404,209416
1994-02-08,-0.074,210265
1994-02-07,1.381,210421
1994-02-04,-3.586,207556
1994-02-03,-1.243,215276
1994-02-02,1.747,217984
1994-02-01,-0.288,214242
1994-01-31,1.242,214861
1994-01-28,0.890,212226
1994-01-27,1.921,210354
1994-01-26,0.262,206389
1994-01-25,-0.562,205849
1994-01-24,-1.765,207013
1994-01-21,-0.123,210732
1994-01-20,0.990,210991
1994-01-19,-0.099,208922
1994-01-18,0.727,209130
1994-01-17,-0.283,207620
1994-01-14,0.788,208209
1994-01-13,-0.591,206580
1994-01-12,-0.693,207808
1994-01-11,-0.285,209259
1994-01-10,2.857,209856
1994-01-07,1.148,204026
1994-01-06,-0.575,201711
1994-01-05,1.038,202878
1994-01-04,1.024,200794
1994-01-03,-0.089,198758
1993-12-31,-1.001,198934
1993-12-30,-0.205,200947
1993-12-29,-0.009,201360
1993-12-28,0.352,201378
1993-12-27,0.583,200671
1993-12-23,-1.026,199509
1993-12-22,1.085,201578
1993-12-21,-0.900,199415
1993-12-20,-0.077,201225
1993-12-17,0.253,201380
1993-12-16,1.365,200872
1993-12-15,-0.361,198168
1993-12-14,-0.823,198886
1993-12-13,2.292,200537
1993-12-10,-0.864,196044
1993-12-09,-0.229,197752
1993-12-08,-0.063,198206
1993-12-07,0.777,198331
1993-12-06,0.779,196802
1993-12-03,1.556,195280
1993-12-02,0.372,192288
1993-12-01,1.273,191575
1993-11-30,0.007,189167
1993-11-29,-0.418,189154
1993-11-26,-0.462,189947
1993-11-24,0.932,190829
1993-11-23,0.664,189066
1993-11-22,-1.466,187819
1993-11-19,-1.759,190613
1993-11-18,-0.902,194025
1993-11-17,-1.294,195791
1993-11-16,1.255,198357
1993-11-15,0.218,195898
1993-11-12,0.564,195472
1993-11-11,-0.504,194376
1993-11-10,0.768,195360
1993-11-09,-1.071,193871
1993-11-08,-0.222,195970
1993-11-05,0.823,196407
1993-11-04,-1.526,194803
1993-11-03,-2.199,197822
1993-11-02,-0.629,202270
1993-11-01,0.936,203551
1993-10-29,-0.188,201664
1993-10-28,1.158,202044
1993-10-27,-0.244,199731
1993-10-26,1.124,200219
1993-10-25,0.117,197993
1993-10-22,-0.446,197762
1993-10-21,0.746,198648
1993-10-20,0.460,197176
1993-10-19,-0.978,196273
1993-10-18,-0.311,198211
1993-10-15,0.995,198829
1993-10-14,1.914,196870
1993-10-13,0.274,193173
1993-10-12,0.021,192645
1993-10-11,0.524,192605
1993-10-08,0.308,191601
1993-10-07,-0.514,191013
1993-10-06,-0.549,192001
1993-10-05,-0.885,193061
1993-10-04,-0.071,194784
1993-10-01,0.182,194922
1993-09-30,0.882,194569
1993-09-29,-0.960,192869
1993-09-28,-0.560,194737
1993-09-27,1.538,195835
1993-09-24,-0.386,192867
1993-09-23,-0.722,193615
1993-09-22,1.355,195023
1993-09-21,-0.686,192416
1993-09-20,-1.127,193746
1993-09-17,-0.063,195953
1993-09-16,-0.349,196077
1993-09-15,0.860,196764
1993-09-14,-0.906,195086
1993-09-13,-0.037,196870
1993-09-10,0.101,196942
1993-09-09,0.301,196744
1993-09-08,-0.170,196153
1993-09-07,-0.429,196487
1993-09-03,0.305,197334
1993-09-02,-1.302,196733
1993-09-01,0.187,199328
1993-08-31,0.208,198956
1993-08-30,0.812,198543
1993-08-27,0.366,196943
1993-08-26,0.902,196224
1993-08-25,0.060,194470
1993-08-24,2.448,194353
1993-08-23,0.399,189708
1993-08-20,-0.503,188955
1993-08-19,-0.427,189910
1993-08-18,0.660,190724
1993-08-17,0.187,189474
1993-08-16,1.601,189122
1993-08-13,-0.403,186141
1993-08-12,-0.051,186894
1993-08-11,0.568,186990
1993-08-10,0.007,185933
1993-08-09,0.295,185920
1993-08-06,0.003,185374
1993-08-05,-0.449,185369
1993-08-04,-0.934,186205
1993-08-03,0.285,187962
1993-08-02,0.216,187428
1993-07-30,-0.786,187023
1993-07-29,0.738,188505
1993-07-28,0.055,187124
1993-07-27,0.020,187021
1993-07-26,0.185,186983
1993-07-23,0.748,186639
1993-07-22,-0.890,185253
1993-07-21,0.201,186916
1993-07-20,0.955,186541
1993-07-19,-0.813,184777
1993-07-16,-0.179,186291
1993-07-15,0.525,186625
1993-07-14,0.423,185650
1993-07-13,-0.047,184869
1993-07-12,-0.351,184955
1993-07-09,0.101,185606
1993-07-08,2.519,185418
1993-07-07,1.102,180863
1993-07-06,-1.682,178892
1993-07-02,-1.267,181953
1993-07-01,-0.052,184288
1993-06-30,1.340,184384
1993-06-29,-1.084,181945
1993-06-28,1.207,183940
1993-06-25,0.053,181746
1993-06-24,1.471,181651
1993-06-23,-1.985,179017
1993-06-22,0.053,182641
1993-06-21,-0.051,182544
1993-06-18,-1.104,182637
1993-06-17,0.693,184676
1993-06-16,0.544,183404
1993-06-15,-1.041,182412
1993-06-14,0.520,184331
1993-06-11,0.279,183376
1993-06-10,0.354,182866
1993-06-09,1.027,182221
1993-06-08,-0.681,180368
1993-06-07,-0.715,181605
1993-06-04,-0.937,182914
1993-06-03,-1.131,184645
1993-06-02,-0.582,186757
1993-06-01,1.062,187850
1993-05-28,0.128,185876
1993-05-27,-0.466,185639
1993-05-26,2.419,186508
1993-05-25,-0.127,182103
1993-05-24,0.352,182335
1993-05-21,-1.381,181696
1993-05-20,0.744,184240
1993-05-19,2.130,182880
1993-05-18,0.462,179066
1993-05-17,0.568,178243
1993-05-14,-0.187,177236
1993-05-13,-1.934,177567
1993-05-12,-0.804,181069
1993-05-11,-0.235,182535
1993-05-10,1.343,182966
1993-05-07,0.137,180542
1993-05-06,-0.279,180294
1993-05-05,-0.091,180798
1993-05-04,-0.486,180962
1993-05-03,1.315,181847
1993-04-30,0.660,179487
1993-04-29,0.467,178311
1993-04-28,-0.113,177482
1993-04-27,1.944,177682
1993-04-26,-1.370,174294
1993-04-23,-0.087,176714
1993-04-22,-0.148,176867
1993-04-21,-0.478,177130
1993-04-20,-0.605,177980
1993-04-19,-0.318,179063
1993-04-16,0.943,179635
1993-04-15,-0.686,177956
1993-04-14,1.451,179185
1993-04-13,0.698,176623
1993-04-12,2.316,175399
1993-04-08,-0.645,171429
1993-04-07,0.860,172541
1993-04-06,0.215,171069
1993-04-05,1.280,170702
1993-04-02,-2.740,168544
1993-04-01,-0.501,173293
1993-03-31,-0.587,174166
1993-03-30,0.758,175194
1993-03-29,1.136,173877
1993-03-26,-1.065,171924
1993-03-25,1.258,173774
1993-03-24,0.020,171615
1993-03-23,0.204,171581
1993-03-22,0.975,171231
1993-03-19,-0.227,169578
1993-03-18,0.682,169964
1993-03-17,-0.330,168812
1993-03-16,1.058,169371
1993-03-15,-0.256,167598
1993-03-12,-0.944,168027
1993-03-11,0.368,169629
1993-03-10,0.095,169008
1993-03-09,0.152,168848
1993-03-08,2.878,168593
1993-03-05,-0.512,163877
1993-03-04,-0.066,164721
1993-03-03,-0.222,164830
1993-03-02,2.069,165196
1993-03-01,-0.563,161848
1993-02-26,0.262,162765
1993-02-25,0.737,162341
1993-02-24,1.781,161153
1993-02-23,-0.378,158333
1993-02-22,-0.554,158934
1993-02-19,0.869,159819
1993-02-18,0.221,158441
1993-02-17,-0.938,158092
1993-02-16,-2.449,159589
1993-02-12,-0.495,163596
1993-02-11,-0.183,164410
1993-02-10,0.146,164711
1993-02-09,-0.435,164470
1993-02-08,-0.057,165189
1993-02-05,0.285,165284
1993-02-04,0.365,164813
1993-02-03,1.820,164213
1993-02-02,-0.129,161278
1993-02-01,1.860,161486
1993-01-29,0.492,158537
1993-01-28,0.686,157760
1993-01-27,-0.954,156685
1993-01-26,-0.971,158195
1993-01-25,1.189,159746
1993-01-22,0.176,157868
1993-01-21,0.965,157591
1993-01-20,-0.473,156085
1993-01-19,-0.607,156828
1993-01-18,-0.267,157785
1993-01-15,0.958,158207
1993-01-14,0.077,156705
1993-01-13,0.609,156585
1993-01-12,0.146,155637
1993-01-11,1.054,155411
1993-01-08,0.339,153789
1993-01-07,-1.581,153269
1993-01-06,0.266,155732
1993-01-05,-0.635,155319
1993-01-04,-0.762,156312
1992-12-31,-0.812,157513
1992-12-30,0.853,158802
1992-12-29,-0.448,157458
1992-12-28,-0.379,158166
1992-12-24,-0.858,158768
1992-12-23,-1.038,160142
1992-12-22,0.095,161822
1992-12-21,0.219,161669
1992-12-18,1.897,161315
1992-12-17,1.623,158311
1992-12-16,-0.584,155782
1992-12-15,-0.061,156697
1992-12-14,0.571,156794
1992-12-11,-0.679,155903
1992-12-10,-0.746,156969
1992-12-09,-0.544,158149
1992-12-08,0.320,159014
1992-12-07,1.125,158507
1992-12-04,1.382,156743
1992-12-03,0.103,154607
1992-12-02,-0.543,154448
1992-12-01,-0.132,155292
1992-11-30,0.572,155496
1992-11-27,0.439,154613
1992-11-25,-0.259,153937
1992-11-24,0.658,154338
1992-11-23,-0.710,153329
1992-11-20,1.194,154425
1992-11-19,0.089,152604
1992-11-18,1.974,152468
1992-11-17,-0.356,149517
1992-11-16,-1.215,150051
1992-11-13,-0.507,151896
1992-11-12,0.581,152670
1992-11-11,1.360,151789
1992-11-10,-0.219,149752
1992-11-09,0.648,150081
1992-11-06,-0.713,149115
1992-11-05,-0.807,150185
1992-11-04,-0.306,151407
1992-11-03,-0.773,151871
1992-11-02,1.561,153054
1992-10-30,-1.182,150701
1992-10-29,0.053,152504
1992-10-28,0.727,152423
1992-10-27,0.012,151322
1992-10-26,1.897,151304
1992-10-23,0.074,148488
1992-10-22,-0.654,148378
1992-10-21,0.347,149355
1992-10-20,-0.373,148839
1992-10-19,0.741,149396
1992-10-16,0.218,148297
1992-10-15,0.869,147975
1992-10-14,0.005,146700
1992-10-13,0.270,146693
1992-10-12,1.322,146298
1992-10-09,-1.503,144389
1992-10-08,-0.170,146593
1992-10-07,-1.981,146843
1992-10-06,0.237,149810
1992-10-05,-0.609,149456
1992-10-02,-2.576,150372
1992-10-01,-0.424,154348
1992-09-30,0.046,155006
1992-09-29,-0.471,154935
1992-09-28,0.923,155668
1992-09-25,-1.600,154245
1992-09-24,0.990,156753
1992-09-23,0.221,155216
1992-09-22,-1.252,154874
1992-09-21,-0.571,156837
1992-09-18,0.996,157737
1992-09-17,-0.293,156181
1992-09-16,-0.057,156640
1992-09-15,-2.894,156729
1992-09-14,2.029,161400
1992-09-11,-0.489,158189
1992-09-10,1.429,158967
1992-09-09,0.482,156727
1992-09-08,-0.766,155976
1992-09-04,-0.238,157179
1992-09-03,0.543,157554
1992-09-02,0.426,156703
1992-09-01,0.197,156038
1992-08-31,0.131,155731
1992-08-28,-0.010,155528
1992-08-27,-0.175,155543
1992-08-26,0.877,155815
1992-08-25,0.889,154460
1992-08-24,-1.607,153099
1992-08-21,-1.523,155599
1992-08-20,0.549,158005
1992-08-19,-0.818,157142
1992-08-18,0.482,158438
1992-08-17,1.275,157678
1992-08-14,0.566,155693
1992-08-13,-0.606,154817
1992-08-12,0.453,155762
1992-08-11,0.091,155060
1992-08-10,1.051,154919
1992-08-07,-0.621,153307
1992-08-06,0.459,154265
1992-08-05,-1.427,153560
1992-08-04,0.135,155783
1992-08-03,1.094,155573
1992-07-31,0.100,153889
1992-07-30,0.055,153735
1992-07-29,1.705,153651
1992-07-28,1.680,151075
1992-07-27,-0.825,148580
1992-07-24,-0.333,149816
1992-07-23,-0.559,150316
1992-07-22,-1.183,151162
1992-07-21,0.447,152971
1992-07-20,-1.335,152290
1992-07-17,-0.271,154350
1992-07-16,0.562,154770
1992-07-15,-0.798,153906
1992-07-14,0.578,155144
1992-07-13,0.668,154253
1992-07-10,0.195,153229
1992-07-09,0.796,152930
1992-07-08,-0.057,151722
1992-07-07,-2.055,151809
1992-07-06,0.868,154993
1992-07-02,0.090,153659
1992-07-01,1.937,153522
1992-06-30,0.432,150605
1992-06-29,1.894,149957
1992-06-26,0.527,147169
1992-06-25,0.177,146397
1992-06-24,-1.001,146139
1992-06-23,0.992,147616
1992-06-22,-0.014,146165
1992-06-19,0.902,146185
1992-06-18,-0.160,144878
1992-06-17,-2.724,145111
1992-06-16,0.335,149174
1992-06-15,0.005,148675
1992-06-12,-0.447,148667
1992-06-11,-0.134,149334
1992-06-10,-0.875,149535
1992-06-09,-1.129,150856
1992-06-08,-0.472,152577
1992-06-05,-0.437,153301
1992-06-04,-1.243,153973
1992-06-03,0.268,155911
1992-06-02,-1.246,155493
1992-06-01,0.127,157455
1992-05-29,-0.703,157255
1992-05-28,2.013,158369
1992-05-27,-0.300,155243
1992-05-26,-1.167,155710
1992-05-22,1.374,157548
1992-05-21,-1.306,155412
1992-05-20,-0.142,157469
1992-05-19,1.742,157693
1992-05-18,1.865,154993
1992-05-15,-0.872,152155
1992-05-14,-0.750,153493
1992-05-13,0.635,154652
1992-05-12,-1.040,153676
1992-05-11,0.803,155291
1992-05-08,0.348,154053
1992-05-07,-0.078,153519
1992-05-06,0.325,153640
1992-05-05,0.071,153142
1992-05-04,2.059,153033
1992-05-01,-0.943,149946
1992-04-30,1.208,151374
1992-04-29,0.814,149566
1992-04-28,-0.704,148359
1992-04-27,0.295,149411
1992-04-24,0.068,148972
1992-04-23,0.490,148871
1992-04-22,-1.245,148144
1992-04-21,-0.345,150013
1992-04-20,-2.042,150532
1992-04-16,0.181,153670
1992-04-15,1.485,153393
1992-04-14,1.825,151148
1992-04-13,0.267,148440
1992-04-10,1.408,148044
1992-04-09,2.087,145989
1992-04-08,-0.701,143005
1992-04-07,-2.773,144015
1992-04-06,0.861,148123
1992-04-03,0.504,146859
1992-04-02,-1.121,146122
1992-04-01,0.339,147778
1992-03-31,0.184,147279
1992-03-30,-0.754,147009
1992-03-27,-1.005,148126
1992-03-26,-0.086,149629
1992-03-25,-0.200,149758
1992-03-24,-0.902,150059
1992-03-23,-1.803,151425
1992-03-20,0.714,154206
1992-03-19,-0.111,153113
1992-03-18,0.159,153283
1992-03-17,0.269,153039
1992-03-16,-0.448,152629
1992-03-13,0.815,153316
1992-03-12,-0.240,152076
1992-03-11,-0.651,152442
1992-03-10,1.193,153441
1992-03-09,-0.189,151631
1992-03-06,0.481,151918
1992-03-05,-0.364,151192
1992-03-04,-1.654,151743
1992-03-03,-0.275,154295
1992-03-02,-1.104,154720
1992-02-28,-0.714,156448
1992-02-27,-0.271,157573
1992-02-26,0.885,158002
1992-02-25,-0.367,156616
1992-02-24,-0.270,157194
1992-02-21,-1.013,157619
1992-02-20,1.468,159231
1992-02-19,-0.401,156927
1992-02-18,-1.288,157559
1992-02-14,0.306,159615
1992-02-13,-1.788,159128
1992-02-12,1.394,162024
1992-02-11,0.925,159797
1992-02-10,0.967,158332
1992-02-07,-1.640,156816
1992-02-06,-0.212,159431
1992-02-05,-0.860,159769
1992-02-04,1.118,161154
1992-02-03,0.637,159372
1992-01-31,-1.881,158364
1992-01-30,0.853,161400
1992-01-29,-0.789,160035
1992-01-28,0.012,161308
1992-01-27,-0.578,161288
1992-01-24,0.685,162226
1992-01-23,-2.031,161123
1992-01-22,2.081,164463
1992-01-21,-1.696,161111
1992-01-20,-0.440,163891
1992-01-17,0.736,164615
1992-01-16,-0.106,163413
1992-01-15,0.668,163586
1992-01-14,1.432,162500
1992-01-13,0.570,160207
1992-01-10,-0.935,159299
1992-01-09,-1.207,160803
1992-01-08,-0.643,162767
1992-01-07,0.434,163820
1992-01-06,-0.433,163113
1992-01-03,-0.043,163823
1992-01-02,0.444,163893
1991-12-31,-0.298,163168
1991-12-30,3.598,163655
1991-12-27,-0.208,157971
1991-12-26,2.194,158301
1991-12-24,-0.186,154903
1991-12-23,3.289,155192
1991-12-20,1.145,150250
1991-12-19,-0.464,148548
1991-12-18,0.183,149240
1991-12-17,0.345,148968
1991-12-16,0.910,148456
1991-12-13,0.661,147117
1991-12-12,1.175,146152
1991-12-11,0.497,144454
1991-12-10,0.067,143739
1991-12-09,-0.971,143643
1991-12-06,0.364,145052
1991-12-05,-1.271,144526
1991-12-04,-0.411,146386
1991-12-03,-0.386,146991
1991-12-02,2.265,147560
1991-11-29,-0.682,144292
1991-11-27,-1.257,145283
1991-11-26,0.707,147132
1991-11-25,-0.205,146099
1991-11-22,-0.406,146399
1991-11-21,0.197,146996
1991-11-20,-1.009,146706
1991-11-19,-1.577,148201
1991-11-18,1.195,150576
1991-11-15,-5.152,148797
1991-11-14,-0.593,156879
1991-11-13,0.214,157815
1991-11-12,1.657,157478
1991-11-11,0.558,154911
1991-11-08,-0.964,154051
1991-11-07,1.531,155551
1991-11-06,0.258,153205
1991-11-05,-0.859,152810
1991-11-04,0.406,154134
1991-11-01,-0.635,153511
1991-10-31,-0.334,154492
1991-10-30,-0.134,155010
1991-10-29,0.925,155218
1991-10-28,2.480,153795
1991-10-25,0.692,150073
1991-10-24,-1.706,149041
1991-10-23,-0.182,151627
1991-10-22,-0.826,151904
1991-10-21,-0.742,153169
1991-10-18,-0.032,154315
1991-10-17,0.460,154364
1991-10-16,0.623,153658
1991-10-15,2.116,152707
1991-10-14,1.689,149543
1991-10-11,0.820,147059
1991-10-10,1.425,145863
1991-10-09,-2.199,143814
1991-10-08,0.550,147047
1991-10-07,-1.232,146242
1991-10-04,-1.766,148066
1991-10-03,-0.995,150728
1991-10-02,-0.520,152243
1991-10-01,0.926,153039
1991-09-30,1.043,151634
1991-09-27,0.962,150069
1991-09-26,0.943,148638
1991-09-25,-1.178,147249
1991-09-24,2.966,149005
1991-09-23,-1.364,144713
1991-09-20,0.399,146714
1991-09-19,1.028,146130
1991-09-18,0.500,144643
1991-09-17,0.093,143924
1991-09-16,0.231,143789
1991-09-13,-1.038,143458
1991-09-12,0.586,144964
1991-09-11,0.630,144120
1991-09-10,-1.034,143218
1991-09-09,0.215,144714
1991-09-06,0.270,144403
1991-09-05,-0.375,144015
1991-09-04,-0.869,144558
1991-09-03,-2.454,145825
1991-08-30,-1.302,149494
1991-08-29,-0.115,151466
1991-08-28,0.169,151640
1991-08-27,0.799,151385
1991-08-26,-1.754,150185
1991-08-23,-0.173,152867
1991-08-22,-0.194,153131
1991-08-21,5.248,153428
1991-08-20,0.651,145777
1991-08-19,-2.790,144834
1991-08-16,-1.529,148990
1991-08-15,0.411,151303
1991-08-14,0.181,150684
1991-08-13,0.066,150413
1991-08-12,2.316,150314
1991-08-09,0.082,146912
1991-08-08,-0.764,146791
1991-08-07,-0.131,147921
1991-08-06,2.221,148115
1991-08-05,-1.097,144896
1991-08-02,0.233,146503
1991-08-01,-1.638,146163
1991-07-31,0.480,148597
1991-07-30,0.752,147887
1991-07-29,2.279,146783
1991-07-26,-0.468,143512
1991-07-25,1.172,144187
1991-07-24,-2.071,142517
1991-07-23,-2.351,145531
1991-07-22,-0.565,149035
1991-07-19,0.136,149882
1991-07-18,2.033,149678
1991-07-17,0.600,146696
1991-07-16,0.320,145821
1991-07-15,0.299,145356
1991-07-12,3.078,144922
1991-07-11,0.917,140594
1991-07-10,0.021,139316
1991-07-09,-2.124,139287
1991-07-08,1.362,142311
1991-07-05,0.883,140399
1991-07-03,-2.673,139170
1991-07-02,0.344,142993
1991-07-01,2.543,142502
1991-06-28,-1.497,138969
1991-06-27,0.694,141080
1991-06-26,-0.875,140109
1991-06-25,-1.497,141345
1991-06-24,-2.758,143493
1991-06-21,1.198,147562
1991-06-20,-0.557,145816
1991-06-19,-2.484,146633
1991-06-18,-1.246,150368
1991-06-17,-0.780,152266
1991-06-14,3.867,153463
1991-06-13,1.479,147750
1991-06-12,-2.721,145596
1991-06-11,1.154,149668
1991-06-10,-1.357,147961
1991-06-07,-1.384,149996
1991-06-06,-0.172,152101
1991-06-05,-0.282,152363
1991-06-04,0.620,152795
1991-06-03,-0.005,151854
1991-05-31,-0.186,151860
1991-05-30,3.489,152143
1991-05-29,-0.112,147014
1991-05-28,0.929,147178
1991-05-24,1.971,145823
1991-05-23,-1.306,143005
1991-05-22,0.515,144897
1991-05-21,2.922,144155
1991-05-20,-0.170,140062
1991-05-17,-0.013,140301
1991-05-16,0.525,140320
1991-05-15,-0.284,139587
1991-05-14,-2.089,139985
1991-05-13,-1.136,142971
1991-05-10,-3.038,144613
1991-05-09,1.291,149145
1991-05-08,-0.798,147243
1991-05-07,-1.383,148427
1991-05-06,0.043,150509
1991-05-03,-0.226,150445
1991-05-02,0.992,150786
1991-05-01,2.231,149304
1991-04-30,1.907,146046
1991-04-29,-1.299,143313
1991-04-26,-1.663,145199
1991-04-25,-0.277,147655
1991-04-24,1.112,148065
1991-04-23,0.830,146436
1991-04-22,-0.531,145230
1991-04-19,-1.528,146006
1991-04-18,-1.181,148272
1991-04-17,0.789,150043
1991-04-16,3.296,148869
1991-04-15,0.464,144119
1991-04-12,1.461,143454
1991-04-11,3.268,141389
1991-04-10,-0.046,136914
1991-04-09,-2.941,136978
1991-04-08,0.572,141128
1991-04-05,-2.137,140325
1991-04-04,0.238,143389
1991-04-03,0.275,143049
1991-04-02,1.868,142656
1991-04-01,-3.486,140041
1991-03-28,-1.677,145099
1991-03-27,-0.031,147574
1991-03-26,2.485,147620
1991-03-25,0.019,144040
1991-03-22,0.201,144013
1991-03-21,-2.049,143724
1991-03-20,3.107,146730
1991-03-19,-2.282,142309
1991-03-18,-0.349,145632
1991-03-15,1.060,146142
1991-03-14,-1.305,144608
1991-03-13,2.190,146520
1991-03-12,-1.975,143380
1991-03-11,-0.940,146270
1991-03-08,-1.392,147658
1991-03-07,-0.781,149742
1991-03-06,-0.630,150921
1991-03-05,3.077,151877
1991-03-04,-0.774,147344
1991-03-01,0.827,148494
1991-02-28,-1.034,147276
1991-02-27,3.298,148814
1991-02-26,-0.192,144063
1991-02-25,0.427,144341
1991-02-22,1.095,143727
1991-02-21,-0.734,142171
1991-02-20,-1.202,143222
1991-02-19,0.789,144964
1991-02-15,3.798,143830
1991-02-14,-1.810,138567
1991-02-13,0.557,141121
1991-02-12,-1.604,140340
1991-02-11,4.743,142627
1991-02-08,0.956,136168
1991-02-07,-1.619,134878
1991-02-06,3.196,137098
1991-02-05,0.734,132853
1991-02-04,2.166,131884
1991-02-01,-1.394,129088
1991-01-31,0.959,130913
1991-01-30,1.016,129669
1991-01-29,-0.446,128365
1991-01-28,2.254,128940
1991-01-25,-1.033,126097
1991-01-24,2.231,127413
1991-01-23,1.280,124632
1991-01-22,-1.289,123057
1991-01-21,1.306,124665
1991-01-18,2.188,123058
1991-01-17,5.238,120424
1991-01-16,-0.244,114430
1991-01-15,-0.595,114710
1991-01-14,0.480,115396
1991-01-11,-0.282,114845
1991-01-10,0.093,115170
1991-01-09,-1.202,115063
1991-01-08,-0.344,116463
1991-01-07,-3.453,116866
1991-01-04,1.036,121045
1991-01-03,-2.282,119804
1991-01-02,-1.213,122601
1990-12-31,0.166,124106
1990-12-28,-0.520,123900
1990-12-27,-1.558,124548
1990-12-26,0.574,126519
1990-12-24,-0.757,125796
1990-12-21,0.866,126756
1990-12-20,-0.153,125667
1990-12-19,0.059,125860
1990-12-18,3.967,125786
1990-12-17,1.157,120986
1990-12-14,-1.938,119602
1990-12-13,-1.010,121966
1990-12-12,0.345,123210
1990-12-11,-2.086,122786
1990-12-10,2.096,125402
1990-12-07,-1.355,122827
1990-12-06,-0.797,124515
1990-12-05,1.820,125515
1990-12-04,2.155,123272
1990-12-03,0.344,120672
1990-11-30,1.337,120257
1990-11-29,-0.919,118671
1990-11-28,-1.916,119772
1990-11-27,1.782,122112
1990-11-26,2.708,119974
1990-11-23,-1.529,116810
1990-11-21,0.666,118624
1990-11-20,-2.281,117839
1990-11-19,1.355,120589
1990-11-16,-0.896,118977
1990-11-15,-1.703,120053
1990-11-14,-0.175,122133
1990-11-13,0.104,122347
1990-11-12,0.250,122220
1990-11-09,2.733,121915
1990-11-08,1.279,118671
1990-11-07,-2.269,117172
1990-11-06,-1.829,119893
1990-11-05,-0.543,122127
1990-11-02,2.802,122793
1990-11-01,1.180,119447
1990-10-31,1.175,118053
1990-10-30,0.877,116683
1990-10-29,-0.777,115668
1990-10-26,0.075,116574
1990-10-25,-0.659,116486
1990-10-24,1.096,117259
1990-10-23,-0.941,115988
1990-10-22,2.127,117090
1990-10-19,3.232,114651
1990-10-18,2.961,111062
1990-10-17,0.523,107868
1990-10-16,-1.123,107306
1990-10-15,2.010,108525
1990-10-12,2.940,106387
1990-10-11,-2.113,103348
1990-10-10,-3.087,105579
1990-10-09,-4.736,108942
1990-10-08,1.133,114358
1990-10-05,0.681,113077
1990-10-04,-1.150,112312
1990-10-03,-1.886,113618
1990-10-02,1.621,115802
1990-10-01,4.164,113954
1990-09-28,0.900,109399
1990-09-27,-1.669,108422
1990-09-26,-2.033,110262
1990-09-25,0.487,112550
1990-09-24,-1.645,112004
1990-09-21,-0.366,113878
1990-09-20,-3.117,114296
1990-09-19,-2.133,117974
1990-09-18,-0.281,120545
1990-09-17,0.870,120884
1990-09-14,-2.048,119841
1990-09-13,-2.704,122347
1990-09-12,-0.084,125747
1990-09-11,1.627,125853
1990-09-10,-0.842,123838
1990-09-07,1.189,124890
1990-09-06,-2.605,123423
1990-09-05,1.280,126724
1990-09-04,-0.096,125122
1990-08-31,1.543,125243
1990-08-30,-1.393,123340
1990-08-29,1.036,125082
1990-08-28,-0.263,123800
1990-08-27,4.460,124126
1990-08-24,2.208,118826
1990-08-23,-3.735,116259
1990-08-22,-1.656,120770
1990-08-21,-2.892,122803
1990-08-20,-0.426,126461
1990-08-17,-0.723,127001
1990-08-16,-3.640,127926
1990-08-15,0.445,132759
1990-08-14,-0.078,132171
1990-08-13,1.270,132274
1990-08-10,-2.643,130615
1990-08-09,0.662,134161
1990-08-08,0.910,133278
1990-08-07,-0.270,132076
1990-08-06,-4.757,132434
1990-08-03,-2.272,139049
1990-08-02,-1.796,142282
1990-08-01,-0.707,144885
1990-07-31,-0.062,145916
1990-07-30,1.985,146007
1990-07-27,-1.403,143165
1990-07-26,-0.976,145202
1990-07-25,1.110,146634
1990-07-24,0.446,145023
1990-07-23,-1.856,144379
1990-07-20,-2.206,147110
1990-07-19,0.899,150429
1990-07-18,0.819,149088
1990-07-17,-0.712,147877
1990-07-16,1.489,148936
1990-07-13,0.532,146752
1990-07-12,1.234,145975
1990-07-11,0.573,144196
1990-07-10,-0.508,143374
1990-07-09,0.340,144106
1990-07-06,-0.594,143617
1990-07-05,-1.612,144475
1990-07-03,0.181,146842
1990-07-02,0.735,146576
1990-06-29,0.399,145506
1990-06-28,1.588,144927
1990-06-27,1.563,142662
1990-06-26,-1.379,140466
1990-06-25,-1.418,142430
1990-06-22,-3.144,144478
1990-06-21,-0.773,149169
1990-06-20,0.543,150331
1990-06-19,0.552,149519
1990-06-18,-2.248,148698
1990-06-15,0.152,152117
1990-06-14,-0.383,151886
1990-06-13,-0.741,152470
1990-06-12,2.729,153608
1990-06-11,1.718,149528
1990-06-08,-1.736,147003
1990-06-07,-1.951,149601
1990-06-06,0.036,152577
1990-06-05,0.058,152523
1990-06-04,1.724,152435
1990-06-01,1.437,149852
1990-05-31,-0.192,147729
1990-05-30,0.582,148013
1990-05-29,2.737,147157
1990-05-25,-2.596,143237
1990-05-24,-1.174,147054
1990-05-23,-0.092,148801
1990-05-22,0.672,148938
1990-05-21,1.266,147943
1990-05-18,-0.452,146093
1990-05-17,0.173,146757
1990-05-16,-0.784,146503
1990-05-15,-0.558,147660
1990-05-14,2.523,148489
1990-05-11,3.847,144835
1990-05-10,0.825,139469
1990-05-09,0.171,138328
1990-05-08,0.153,138091
1990-05-07,1.746,137880
1990-05-04,0.793,135515
1990-05-03,1.084,134448
1990-05-02,2.501,133007
1990-05-01,1.157,129762
1990-04-30,1.118,128278
1990-04-27,-2.359,126859
1990-04-26,0.349,129924
1990-04-25,-0.790,129472
1990-04-24,1.150,130503
1990-04-23,-1.135,129019
1990-04-20,-1.285,130500
1990-04-19,-0.996,132198
1990-04-18,-2.294,133529
1990-04-17,0.886,136664
1990-04-16,0.253,135464
1990-04-12,1.206,135122
1990-04-11,0.279,133511
1990-04-10,1.384,133140
1990-04-09,-0.947,131322
1990-04-06,-0.814,132578
1990-04-05,-0.362,133666
1990-04-04,0.035,134151
1990-04-03,1.809,134104
1990-04-02,-0.565,131722
1990-03-30,0.122,132470
1990-03-29,0.729,132308
1990-03-28,-0.855,131351
1990-03-27,0.362,132483
1990-03-26,0.172,132005
1990-03-23,-0.115,131777
1990-03-22,-1.471,131930
1990-03-21,-1.527,133900
1990-03-20,-0.604,135977
1990-03-19,0.375,136803
1990-03-16,1.408,136292
1990-03-15,-0.575,134400
1990-03-14,0.337,135177
1990-03-13,-1.049,134722
1990-03-12,0.935,136151
1990-03-09,-0.984,134889
1990-03-08,1.508,136229
1990-03-07,-2.121,134206
1990-03-06,1.647,137114
1990-03-05,-2.425,134892
1990-03-02,1.285,138245
1990-03-01,-1.104,136491
1990-02-28,1.151,138015
1990-02-27,-0.052,136445
1990-02-26,2.342,136516
1990-02-23,-1.011,133392
1990-02-22,-0.611,134754
1990-02-21,0.294,135582
1990-02-20,-3.196,135185
1990-02-16,-1.679,139648
1990-02-15,0.974,142034
1990-02-14,-0.144,140663
1990-02-13,0.383,140866
1990-02-12,-1.911,140328
1990-02-09,-0.887,143062
1990-02-08,0.026,144342
1990-02-07,1.525,144305
1990-02-06,-1.395,142137
1990-02-05,0.305,144148
1990-02-02,0.872,143709
1990-02-01,-0.245,142467
1990-01-31,1.978,142817
1990-01-30,-0.334,140047
1990-01-29,0.007,140516
1990-01-26,-0.843,140506
1990-01-25,-2.921,141701
1990-01-24,-0.272,145964
1990-01-23,-0.272,146363
1990-01-22,-3.502,146761
1990-01-19,0.828,152087
1990-01-18,0.453,150839
1990-01-17,-0.988,150159
1990-01-16,2.218,151657
1990-01-15,-1.202,148367
1990-01-12,-2.263,150172
1990-01-11,0.435,153649
1990-01-10,-0.230,152983
1990-01-09,-2.490,153336
1990-01-08,0.443,157251
1990-01-05,-0.501,156558
1990-01-04,-0.635,157346
1990-01-03,-0.476,158352
1990-01-02,1.847,159109
1989-12-29,1.216,156223
1989-12-28,1.005,154346
1989-12-27,1.082,152811
1989-12-26,0.289,151174
1989-12-22,1.019,150739
1989-12-21,1.119,149218
1989-12-20,0.156,147568
1989-12-19,-1.150,147337
1989-12-18,-2.758,149052
1989-12-15,-0.591,153279
1989-12-14,-0.315,154191
1989-12-13,0.639,154678
1989-12-12,0.018,153695
1989-12-11,-0.295,153667
1989-12-08,2.077,154122
1989-12-07,-0.222,150986
1989-12-06,-0.419,151323
1989-12-05,-1.043,151960
1989-12-04,0.737,153562
1989-12-01,1.473,152438
1989-11-30,0.616,150225
1989-11-29,-0.650,149306
1989-11-28,0.932,150283
1989-11-27,0.228,148895
1989-11-24,0.864,148556
1989-11-22,0.798,147283
1989-11-21,-0.767,146116
1989-11-20,-0.626,147245
1989-11-17,-0.119,148173
1989-11-16,0.653,148350
1989-11-15,0.637,147387
1989-11-14,-0.400,146454
1989-11-13,0.626,147042
1989-11-10,1.196,146127
1989-11-09,-0.115,144400
1989-11-08,1.309,144567
1989-11-07,2.258,142699
1989-11-06,-2.674,139548
1989-11-03,0.374,143382
1989-11-02,-1.506,142848
1989-11-01,0.682,145032
1989-10-31,1.813,144049
1989-10-30,0.145,141484
1989-10-27,-0.805,141278
1989-10-26,-1.195,142425
1989-10-25,-0.080,144147
1989-10-24,-0.613,144262
1989-10-23,0.022,145151
1989-10-20,0.713,145120
1989-10-19,2.147,144092
1989-10-18,-0.695,141063
1989-10-17,-1.587,142049
1989-10-16,3.082,144340
1989-10-13,-6.222,140024
1989-10-12,-1.030,149314
1989-10-11,-0.507,150868
1989-10-10,-1.674,151636
1989-10-09,0.502,154218
1989-10-06,-0.321,153447
1989-10-05,-0.463,153941
1989-10-04,1.460,154656
1989-10-03,0.694,152430
1989-10-02,0.098,151380
1989-09-29,0.781,151232
1989-09-28,1.974,150061
1989-09-27,0.504,147155
1989-09-26,-1.060,146418
1989-09-25,-1.217,147987
1989-09-22,1.454,149809
1989-09-21,-0.590,147662
1989-09-20,0.046,148539
1989-09-19,0.254,148470
1989-09-18,0.670,148093
1989-09-15,1.930,147108
1989-09-14,-1.345,144322
1989-09-13,-1.436,146290
1989-09-12,0.285,148422
1989-09-11,-0.080,148000
1989-09-08,0.869,148119
1989-09-07,-0.682,146842
1989-09-06,-1.649,147851
1989-09-05,0.318,150330
1989-09-01,0.931,149853
1989-08-31,-0.864,148470
1989-08-30,0.178,149764
1989-08-29,-1.196,149498
1989-08-28,-0.396,151308
1989-08-25,-0.900,151910
1989-08-24,3.065,153289
1989-08-23,1.067,148730
1989-08-22,0.528,147160
1989-08-21,-2.372,146387
1989-08-18,1.567,149944
1989-08-17,-0.595,147631
1989-08-16,0.524,148514
1989-08-15,-0.456,147739
1989-08-14,-1.156,148417
1989-08-11,-1.775,150152
1989-08-10,-0.062,152866
1989-08-09,0.010,152960
1989-08-08,-0.347,152945
1989-08-07,2.022,153477
1989-08-04,0.234,150435
1989-08-03,0.636,150083
1989-08-02,-0.083,149135
1989-08-01,-0.877,149258
1989-07-31,1.636,150579
1989-07-28,-0.396,148155
1989-07-27,1.297,148744
1989-07-26,2.547,146840
1989-07-25,-0.207,143193
1989-07-24,-1.455,143490
1989-07-21,2.200,145609
1989-07-20,-0.168,142475
1989-07-19,2.693,142715
1989-07-18,0.113,138973
1989-07-17,0.284,138816
1989-07-14,1.220,138422
1989-07-13,-0.373,136754
1989-07-12,0.352,137266
1989-07-11,-0.206,136784
1989-07-10,1.103,137065
1989-07-07,2.400,135570
1989-07-06,0.623,132392
1989-07-05,0.751,131572
1989-07-03,0.132,130592
1989-06-30,-0.464,130420
1989-06-29,-1.911,131029
1989-06-28,-1.413,133581
1989-06-27,1.153,135495
1989-06-26,-0.745,133951
1989-06-23,2.219,134956
1989-06-22,1.333,132026
1989-06-21,0.205,130289
1989-06-20,0.285,130023
1989-06-19,-0.253,129653
1989-06-16,-0.248,129982
1989-06-15,-1.367,130305
1989-06-14,0.089,132111
1989-06-13,-0.953,131993
1989-06-12,-0.371,133263
1989-06-09,-0.690,133759
1989-06-08,0.350,134688
1989-06-07,1.472,134218
1989-06-06,0.993,132271
1989-06-05,-2.287,130971
1989-06-02,1.221,134036
1989-06-01,-0.209,132419
1989-05-31,0.705,132697
1989-05-30,-2.132,131768
1989-05-26,0.569,134639
1989-05-25,-0.111,133877
1989-05-24,-0.240,134025
1989-05-23,-2.072,134348
1989-05-22,-0.334,137191
1989-05-19,1.113,137650
1989-05-18,-0.013,136136
1989-05-17,1.063,136154
1989-05-16,-0.616,134722
1989-05-15,0.126,135557
1989-05-12,2.874,135387
1989-05-11,0.653,131604
1989-05-10,0.869,130751
1989-05-09,-0.616,129624
1989-05-08,0.335,130428
1989-05-05,-0.432,129993
1989-05-04,-0.152,130557
1989-05-03,-0.256,130756
1989-05-02,-1.064,131091
1989-05-01,-0.251,132500
1989-04-28,0.335,132834
1989-04-27,0.679,132391
1989-04-26,-0.444,131498
1989-04-25,-1.256,132084
1989-04-24,-0.223,133765
1989-04-21,1.682,134063
1989-04-20,-0.552,131845
1989-04-19,0.118,132577
1989-04-18,2.121,132421
1989-04-17,0.543,129670
1989-04-14,2.709,128970
1989-04-13,-0.340,125568
1989-04-12,0.350,125997
1989-04-11,0.240,125557
1989-04-10,-0.093,125257
1989-04-07,0.852,125373
1989-04-06,-0.628,124314
1989-04-05,0.153,125100
1989-04-04,-1.412,124908
1989-04-03,0.129,126696
1989-03-31,0.904,126533
1989-03-30,-0.280,125399
1989-03-29,0.382,125751
1989-03-28,0.383,125273
1989-03-27,-0.292,124794
1989-03-23,-0.733,125160
1989-03-22,-0.646,126085
1989-03-21,0.887,126905
1989-03-20,-1.848,125789
1989-03-17,-3.271,128157
1989-03-16,1.864,132491
1989-03-15,0.036,130067
1989-03-14,0.330,130020
1989-03-13,1.098,129592
1989-03-10,-0.536,128184
1989-03-09,0.375,128874
1989-03-08,0.556,128393
1989-03-07,-0.894,127683
1989-03-06,1.135,128834
1989-03-03,0.367,127389
1989-03-02,1.366,126923
1989-03-01,-0.542,125212
1989-02-28,0.628,125895
1989-02-27,0.372,125109
1989-02-24,-1.768,124645
1989-02-23,0.707,126889
1989-02-22,-1.797,125998
1989-02-21,-1.260,128304
1989-02-17,0.214,129941
1989-02-16,0.243,129664
1989-02-15,0.645,129349
1989-02-14,0.326,128520
1989-02-13,0.400,128102
1989-02-10,-2.548,127592
1989-02-09,-1.096,130928
1989-02-08,-0.454,132380
1989-02-07,2.040,132983
1989-02-06,-0.214,130324
1989-02-03,0.800,130604
1989-02-02,0.383,129567
1989-02-01,-0.052,129073
1989-01-31,0.675,129140
1989-01-30,0.990,128274
1989-01-27,0.896,127017
1989-01-26,0.944,125889
1989-01-25,-1.036,124712
1989-01-24,1.755,126017
1989-01-23,-1.494,123844
1989-01-20,-0.256,125723
1989-01-19,-0.300,126045
1989-01-18,1.206,126424
1989-01-17,-0.531,124918
1989-01-16,0.401,125584
1989-01-13,1.262,125082
1989-01-12,0.740,123523
1989-01-11,1.511,122615
1989-01-10,-0.709,120790
1989-01-09,-0.192,121652
1989-01-06,0.154,121887
1989-01-05,0.174,121700
1989-01-04,2.295,121488
1989-01-03,-1.120,118763
1988-12-30,-0.551,120109
1988-12-29,1.339,120774
1988-12-28,-0.209,119179
1988-12-27,-1.072,119428
1988-12-23,1.773,120723
1988-12-22,-0.096,118620
1988-12-21,-0.267,118734
1988-12-20,-0.804,119052
1988-12-19,0.490,120017
1988-12-16,1.545,119432
1988-12-15,-0.248,117614
1988-12-14,-1.193,117906
1988-12-13,-0.151,119331
1988-12-12,-0.513,119511
1988-12-09,1.033,120126
1988-12-08,-1.005,118898
1988-12-07,0.110,120105
1988-12-06,1.137,119973
1988-12-05,1.696,118625
1988-12-02,-0.829,116646
1988-12-01,-0.516,117621
1988-11-30,2.464,118231
1988-11-29,1.137,115389
1988-11-28,0.863,114091
1988-11-25,-1.165,113114
1988-11-23,0.013,114448
1988-11-22,0.432,114433
1988-11-21,-0.177,113941
1988-11-18,1.067,114143
1988-11-17,0.111,112938
1988-11-16,-1.327,112813
1988-11-15,1.297,114330
1988-11-14,-0.646,112866
1988-11-11,-2.278,113600
1988-11-10,0.061,116247
1988-11-09,0.215,116177
1988-11-08,0.453,115928
1988-11-07,0.164,115406
1988-11-04,-1.098,115217
1988-11-03,0.416,116496
1988-11-02,0.382,116013
1988-11-01,-0.648,115572
1988-10-31,1.134,116325
1988-10-28,1.246,115021
1988-10-27,-0.850,113605
1988-10-26,0.374,114579
1988-10-25,0.508,114153
1988-10-24,-0.100,113575
1988-10-21,0.313,113690
1988-10-20,2.646,113335
1988-10-19,-0.227,110413
1988-10-18,1.413,110664
1988-10-17,1.094,109122
1988-10-14,-0.754,107942
1988-10-13,1.082,108761
1988-10-12,-2.194,107597
1988-10-11,-0.920,110010
1988-10-10,-0.103,111032
1988-10-07,2.350,111147
1988-10-06,-0.112,108594
1988-10-05,0.645,108716
1988-10-04,-0.127,108019
1988-10-03,-0.299,108156
1988-09-30,-0.432,108481
1988-09-29,1.108,108951
1988-09-28,0.425,107757
1988-09-27,-0.877,107302
1988-09-26,0.345,108252
1988-09-23,0.379,107879
1988-09-22,-1.766,107472
1988-09-21,1.329,109404
1988-09-20,1.386,107969
1988-09-19,-2.203,106494
1988-09-16,0.574,108893
1988-09-15,-0.178,108271
1988-09-14,0.984,108465
1988-09-13,1.248,107408
1988-09-12,0.573,106084
1988-09-09,-0.509,105480
1988-09-08,0.954,106020
1988-09-07,0.397,105019
1988-09-06,0.633,104603
1988-09-02,3.253,103946
1988-09-01,-1.581,100671
1988-08-31,0.153,102288
1988-08-30,0.207,102132
1988-08-29,0.529,101921
1988-08-26,0.579,101385
1988-08-25,-0.846,100801
1988-08-24,1.669,101661
1988-08-23,1.215,99993
1988-08-22,-1.594,98792
1988-08-19,-0.736,100392
1988-08-18,0.569,101136
1988-08-17,1.226,100564
1988-08-16,1.775,99347
1988-08-15,-2.225,97614
1988-08-12,-0.171,99836
1988-08-11,0.506,100007
1988-08-10,-2.500,99504
1988-08-09,-1.910,102055
1988-08-08,-0.952,104042
1988-08-05,-2.341,105042
1988-08-04,-0.765,107561
1988-08-03,-0.251,108390
1988-08-02,-0.967,108663
1988-08-01,-0.531,109724
1988-07-29,3.260,110310
1988-07-28,2.055,106827
1988-07-27,-1.102,104676
1988-07-26,0.795,105842
1988-07-25,1.031,105007
1988-07-22,-1.926,103935
1988-07-21,-1.574,105976
1988-07-20,1.600,107671
1988-07-19,-0.860,105975
1988-07-18,-0.960,106894
1988-07-15,0.445,107930
1988-07-14,-0.280,107452
1988-07-13,2.082,107754
1988-07-12,-1.476,105556
1988-07-11,-0.308,107138
1988-07-08,0.196,107469
1988-07-07,-1.478,107259
1988-07-06,-1.485,108868
1988-07-05,1.471,110509
1988-07-01,-0.194,108906
1988-06-30,0.599,109118
1988-06-29,-1.259,108468
1988-06-28,0.782,109851
1988-06-27,-1.732,108999
1988-06-24,-1.826,110920
1988-06-23,-0.949,112982
1988-06-22,1.982,114064
1988-06-21,0.345,111848
1988-06-20,-1.040,111463
1988-06-17,0.955,112634
1988-06-16,-2.962,111568
1988-06-15,0.835,114974
1988-06-14,1.236,114021
1988-06-13,0.561,112629
1988-06-10,0.311,112000
1988-06-09,-0.349,111653
1988-06-08,4.197,112044
1988-06-07,-1.314,107531
1988-06-06,0.295,108963
1988-06-03,0.637,108642
1988-06-02,-0.152,107955
1988-06-01,1.440,108119
1988-05-31,3.815,106584
1988-05-27,0.195,102668
1988-05-26,1.599,102468
1988-05-25,0.856,100856
1988-05-24,0.586,100000
1988-05-23,-0.434,99417
1988-05-20,1.085,99851
1988-05-19,-0.355,98779
1988-05-18,-2.310,99131
1988-05-17,-1.114,101475
1988-05-16,1.315,102618
1988-05-13,1.502,101286
1988-05-12,-0.876,99787
1988-05-11,-2.002,100669
1988-05-10,-0.340,102726
1988-05-09,-0.026,103076
1988-05-06,-0.650,103102
1988-05-05,-2.203,103776
1988-05-04,-1.380,106114
1988-05-03,-0.406,107598
1988-05-02,-0.478,108037
1988-04-29,-0.720,108555
1988-04-28,-1.343,109342
1988-04-27,0.168,110831
1988-04-26,1.487,110645
1988-04-25,0.891,109023
1988-04-22,2.155,108060
1988-04-21,-1.197,105781
1988-04-20,-0.754,107062
1988-04-19,0.194,107875
1988-04-18,-0.038,107667
1988-04-15,0.422,107708
1988-04-14,-4.727,107256
1988-04-13,0.744,112578
1988-04-12,0.054,111747
1988-04-11,-0.727,111686
1988-04-08,2.232,112505
1988-04-07,-0.044,110048
1988-04-06,3.910,110097
1988-04-05,1.027,105954
1988-04-04,-1.737,104876
1988-03-31,1.679,106730
1988-03-30,-0.799,104968
1988-03-29,2.036,105813
1988-03-28,-0.902,103702
1988-03-25,-2.025,104646
1988-03-24,-3.507,106809
1988-03-23,-0.101,110690
1988-03-22,-0.330,110802
1988-03-21,-0.942,111169
1988-03-18,-1.286,112226
1988-03-17,2.672,113688
1988-03-16,1.254,110729
1988-03-15,0.124,109357
1988-03-14,1.810,109222
1988-03-11,1.114,107280
1988-03-10,-1.171,106098
1988-03-09,-0.150,107355
1988-03-08,1.240,107517
1988-03-07,1.006,106200
1988-03-04,-0.194,105142
1988-03-03,-0.106,105346
1988-03-02,0.264,105458
1988-03-01,-0.905,105181
1988-02-29,3.484,106142
1988-02-26,1.032,102568
1988-02-25,-2.218,101521
1988-02-24,-0.668,103824
1988-02-23,-0.537,104523
1988-02-22,2.180,105087
1988-02-19,0.910,102845
1988-02-18,0.686,101917
1988-02-17,-0.732,101223
1988-02-16,2.163,101970
1988-02-12,1.089,99811
1988-02-11,-0.581,98736
1988-02-10,3.801,99313
1988-02-09,1.015,95676
1988-02-08,-1.223,94714
1988-02-05,0.123,95887
1988-02-04,-0.104,95770
1988-02-03,-1.867,95870
1988-02-02,0.251,97694
1988-02-01,-1.072,97449
1988-01-29,2.041,98505
1988-01-28,2.685,96534
1988-01-27,0.991,94010
1988-01-26,-0.614,93087
1988-01-25,1.043,93662
1988-01-22,1.016,92696
1988-01-21,1.830,91764
1988-01-20,-3.336,90114
1988-01-19,-0.922,93225
1988-01-18,-0.213,94093
1988-01-15,2.047,94294
1988-01-14,-0.537,92402
1988-01-13,-0.052,92901
1988-01-12,-2.611,92950
1988-01-11,1.738,95442
1988-01-08,-6.852,93811
1988-01-07,0.647,100712
1988-01-06,0.883,100064
1988-01-05,1.049,99188
1988-01-04,4.048,98158
1987-12-31,-0.829,94340
1987-12-30,2.633,95128
1987-12-29,0.937,92688
1987-12-28,-4.070,91828
1987-12-24,-0.297,95724
1987-12-23,0.455,96009
1987-12-22,0.060,95575
1987-12-21,-0.903,95518
1987-12-18,1.787,96388
1987-12-17,-2.236,94695
1987-12-16,2.558,96861
1987-12-15,1.987,94445
1987-12-14,3.524,92605
1987-12-11,0.617,89452
1987-12-10,-2.540,88904
1987-12-09,2.076,91221
1987-12-08,4.166,89366
1987-12-07,1.596,85792
1987-12-04,-0.422,84445
1987-12-03,-3.295,84802
1987-12-02,-0.268,87692
1987-12-01,1.094,87928
1987-11-30,-3.194,86976
1987-11-27,-2.150,89845
1987-11-25,-0.017,91820
1987-11-24,2.724,91835
1987-11-23,2.315,89400
1987-11-20,1.284,87378
1987-11-19,-3.451,86270
1987-11-18,1.007,89353
1987-11-17,-1.690,88462
1987-11-16,0.219,89983
1987-11-13,-2.390,89786
1987-11-12,3.024,91984
1987-11-11,1.366,89284
1987-11-10,-1.534,88081
1987-11-09,-3.225,89453
1987-11-06,-1.181,92434
1987-11-05,1.457,93539
1987-11-04,-0.491,92196
1987-11-03,-3.380,92651
1987-11-02,2.237,95892
1987-10-30,2.083,93794
1987-10-29,5.147,91880
1987-10-28,-0.678,87382
1987-10-27,1.575,87978
1987-10-26,-6.032,86615
1987-10-23,-0.971,92175
1987-10-22,-5.495,93078
1987-10-21,8.830,98491
1987-10-20,6.365,90499
1987-10-19,-19.400,85084
1987-10-16,-5.508,105562
1987-10-15,-1.929,111716
1987-10-14,-4.219,113913
1987-10-13,1.113,118931
1987-10-12,-1.996,117622
1987-10-09,-1.496,120018
1987-10-08,-1.773,121841
1987-10-07,-0.233,124040
1987-10-06,-4.243,124330
1987-10-05,-0.400,129839
1987-10-02,-0.088,130361
1987-10-01,1.495,130476
1987-09-30,-0.083,128553
1987-09-29,0.264,128660
1987-09-28,1.169,128321
1987-09-25,0.279,126838
1987-09-24,-0.855,126485
1987-09-23,0.443,127575
1987-09-22,3.103,127013
1987-09-21,-0.659,123191
1987-09-18,0.718,124007
1987-09-17,-0.284,123124
1987-09-16,-0.859,123474
1987-09-15,-2.013,124544
1987-09-14,-0.750,127103
1987-09-11,1.828,128063
1987-09-10,2.773,125764
1987-09-09,-0.561,122371
1987-09-08,-2.016,123062
1987-09-04,-1.270,125594
1987-09-03,-0.791,127210
1987-09-02,-0.468,128224
1987-09-01,-2.992,128826
1987-08-31,1.895,132800
1987-08-28,-0.879,130330
1987-08-27,-0.353,131486
1987-08-26,-0.316,131952
1987-08-25,2.309,132370
1987-08-24,-1.751,129382
1987-08-21,0.458,131688
1987-08-20,1.659,131088
1987-08-19,0.712,128948
1987-08-18,-2.203,128036
1987-08-17,1.063,130920
1987-08-14,-0.930,129543
1987-08-13,1.304,130760
1987-08-12,0.343,129077
1987-08-11,2.205,128636
1987-08-10,1.886,125861
1987-08-07,-0.762,123530
1987-08-06,1.303,124480
1987-08-05,-0.150,122878
1987-08-04,-0.344,123062
1987-08-03,-0.109,123487
1987-07-31,-0.338,123622
1987-07-30,1.731,124041
1987-07-29,0.518,121930
1987-07-28,0.943,121302
1987-07-27,0.032,120168
1987-07-24,0.508,120130
1987-07-23,-0.572,119523
1987-07-22,0.011,120211
1987-07-21,-2.320,120197
1987-07-20,-2.025,123052
1987-07-17,1.291,125595
1987-07-16,1.231,123994
1987-07-15,0.592,122487
1987-07-14,1.656,121766
1987-07-13,-0.683,119782
1987-07-10,-0.312,120606
1987-07-09,-0.667,120983
1987-07-08,1.539,121796
1987-07-07,1.034,119949
1987-07-06,0.847,118722
1987-07-02,0.163,117725
1987-07-01,-0.587,117532
1987-06-30,-1.972,118227
1987-06-29,0.682,120605
1987-06-26,0.283,119788
1987-06-25,0.613,119450
1987-06-24,-0.535,118722
1987-06-23,-1.664,119361
1987-06-22,0.557,121380
1987-06-19,-0.201,120708
1987-06-18,0.121,120952
1987-06-17,0.041,120805
1987-06-16,0.302,120755
1987-06-15,-0.719,120391
1987-06-12,1.562,121263
1987-06-11,-0.584,119398
1987-06-10,1.403,120099
1987-06-09,-0.339,118438
1987-06-08,2.337,118840
1987-06-05,-1.047,116127
1987-06-04,0.760,117356
1987-06-03,2.112,116471
1987-06-02,-0.932,114062
1987-06-01,-0.239,115135
1987-05-29,-0.694,115412
1987-05-28,0.224,116218
1987-05-27,0.788,115958
1987-05-26,3.299,115052
1987-05-22,1.371,111377
1987-05-21,1.285,109870
1987-05-20,-0.099,108476
1987-05-19,-3.580,108583
1987-05-18,-0.408,112616
1987-05-15,-2.730,113077
1987-05-14,0.076,116250
1987-05-13,-0.378,116162
1987-05-12,0.708,116603
1987-05-11,-0.935,115783
1987-05-08,-0.967,116875
1987-05-07,-0.489,118017
1987-05-06,-0.406,118597
1987-05-05,1.777,119081
1987-05-04,0.394,117002
1987-05-01,1.331,116543
1987-04-30,1.769,115013
1987-04-29,1.296,113014
1987-04-28,1.825,111568
1987-04-27,0.689,109568
1987-04-24,-2.030,108818
1987-04-23,0.437,111072
1987-04-22,-2.792,110589
1987-04-21,2.774,113765
1987-04-20,0.030,110694
1987-04-16,0.722,110661
1987-04-15,2.776,109868
1987-04-14,-3.211,106901
1987-04-13,-3.091,110447
1987-04-10,1.114,113970
1987-04-09,-1.098,112715
1987-04-08,0.966,113966
1987-04-07,-1.648,112876
1987-04-06,1.002,114767
1987-04-03,2.081,113629
1987-04-02,1.567,111313
1987-04-01,-0.068,109595
1987-03-31,-0.026,109669
1987-03-30,-2.851,109698
1987-03-27,-1.144,112918
1987-03-26,0.472,114225
1987-03-25,0.031,113689
1987-03-24,0.843,113654
1987-03-23,0.575,112704
1987-03-20,1.857,112060
1987-03-19,0.617,110017
1987-03-18,0.395,109343
1987-03-17,2.039,108913
1987-03-16,-0.356,106737
1987-03-13,-0.242,107118
1987-03-12,1.880,107378
1987-03-11,-1.090,105396
1987-03-10,0.187,106558
1987-03-09,-0.483,106359
1987-03-06,0.456,106876
1987-03-05,0.013,106390
1987-03-04,3.288,106376
1987-03-03,1.176,102990
1987-03-02,-0.416,101793
1987-02-27,0.223,102218
1987-02-26,-0.994,101990
1987-02-25,0.448,103014
1987-02-24,-0.176,102555
1987-02-23,-2.128,102735
1987-02-20,0.886,104969
1987-02-19,0.897,104047
1987-02-18,-0.274,103123
1987-02-17,3.187,103406
1987-02-13,1.303,100212
1987-02-12,-1.939,98923
1987-02-11,0.010,100879
1987-02-10,0.048,100868
1987-02-09,0.349,100820
1987-02-06,-0.699,100469
1987-02-05,0.754,101177
1987-02-04,2.332,100419
1987-02-03,-0.359,98131
1987-02-02,1.303,98484
1987-01-30,-0.356,97217
1987-01-29,0.001,97564
1987-01-28,0.967,97563
1987-01-27,3.057,96628
1987-01-26,-0.610,93762
1987-01-23,-2.316,94337
1987-01-22,3.737,96574
1987-01-21,-0.225,93095
1987-01-20,-0.971,93305
1987-01-19,0.522,94219
1987-01-16,1.324,93730
1987-01-15,1.993,92505
1987-01-14,1.824,90697
1987-01-13,0.095,89072
1987-01-12,1.359,88988
1987-01-09,0.037,87795
1987-01-08,0.964,87763
1987-01-07,1.452,86925
1987-01-06,-0.104,85681
1987-01-05,3.476,85770
1987-01-02,1.142,82888
1986-12-31,-0.887,81952
1986-12-30,0.134,82686
1986-12-29,-0.937,82575
1986-12-26,-0.083,83357
1986-12-24,1.657,83426
1986-12-23,-1.193,82067
1986-12-22,-0.708,83057
1986-12-19,1.310,83650
1986-12-18,-0.564,82568
1986-12-17,-2.089,83037
1986-12-16,0.712,84809
1986-12-15,0.147,84209
1986-12-12,1.104,84085
1986-12-11,-0.991,83167
1986-12-10,2.034,84000
1986-12-09,-0.985,82325
1986-12-08,0.377,83145
1986-12-05,-1.083,82833
1986-12-04,-1.416,83740
1986-12-03,-0.092,84942
1986-12-02,3.095,85020
1986-12-01,1.088,82468
1986-11-28,1.172,81581
1986-11-26,0.077,80635
1986-11-25,-0.488,80574
1986-11-24,0.512,80969
1986-11-21,2.549,80557
1986-11-20,3.130,78555
1986-11-19,-0.670,76171
1986-11-18,-2.577,76685
1986-11-17,0.068,78713
1986-11-14,0.618,78660
1986-11-13,-1.998,78177
1986-11-12,-1.470,79771
1986-11-11,1.530,80961
1986-11-10,0.202,79741
1986-11-07,1.009,79581
1986-11-06,-0.424,78786
1986-11-05,-0.032,79121
1986-11-04,0.774,79147
1986-11-03,1.334,78539
1986-10-31,-0.361,77505
1986-10-30,2.333,77787
1986-10-29,0.510,76013
1986-10-28,0.067,75628
1986-10-27,-0.996,75577
1986-10-24,-0.031,76338
1986-10-23,2.527,76361
1986-10-22,-0.737,74479
1986-10-21,-0.806,75032
1986-10-20,-1.872,75641
1986-10-17,-0.064,77085
1986-10-16,-0.788,77134
1986-10-15,1.590,77746
1986-10-14,-0.539,76530
1986-10-13,-0.187,76945
1986-10-10,-1.650,77089
1986-10-09,-0.179,78383
1986-10-08,0.386,78523
1986-10-07,0.404,78221
1986-10-06,0.726,77906
1986-10-03,-1.332,77345
1986-10-02,0.606,78389
1986-10-01,1.500,77917
1986-09-30,-0.772,76765
1986-09-29,-1.261,77362
1986-09-26,-0.197,78350
1986-09-25,-2.052,78505
1986-09-24,0.105,80150
1986-09-23,0.618,80066
1986-09-22,2.184,79574
1986-09-19,0.105,77873
1986-09-18,0.683,77792
1986-09-17,0.913,77264
1986-09-16,-0.093,76565
1986-09-15,1.472,76636
1986-09-12,-3.076,75525
1986-09-11,-4.912,77922
1986-09-10,-0.072,81947
1986-09-09,0.125,82006
1986-09-08,-1.032,81904
1986-09-05,-0.887,82757
1986-09-04,0.979,83498
1986-09-03,0.118,82689
1986-09-02,-1.212,82591
1986-08-29,0.189,83605
1986-08-28,-0.084,83447
1986-08-27,0.883,83517
1986-08-26,2.200,82785
1986-08-25,-1.456,81003
1986-08-22,-0.523,82200
1986-08-21,-0.290,82633
1986-08-20,1.725,82873
1986-08-19,0.377,81468
1986-08-18,0.397,81162
1986-08-15,0.587,80841
1986-08-14,1.428,80369
1986-08-13,0.814,79238
1986-08-12,1.625,78598
1986-08-11,2.245,77341
1986-08-08,0.113,75643
1986-08-07,-0.202,75558
1986-08-06,-0.226,75711
1986-08-05,2.173,75882
1986-08-04,0.140,74268
1986-08-01,-0.353,74164
1986-07-31,0.043,74427
1986-07-30,1.395,74394
1986-07-29,-0.199,73371
1986-07-28,-1.506,73517
1986-07-25,1.143,74641
1986-07-24,-0.761,73797
1986-07-23,0.930,74363
1986-07-22,1.181,73678
1986-07-21,-0.075,72818
1986-07-18,0.675,72873
1986-07-17,-0.471,72385
1986-07-16,1.355,72727
1986-07-15,-2.548,71755
1986-07-14,-1.028,73631
1986-07-11,-0.336,74396
1986-07-10,-0.283,74647
1986-07-09,1.017,74859
1986-07-08,-0.631,74105
1986-07-07,-3.627,74576
1986-07-03,-0.664,77382
1986-07-02,1.391,77900
1986-07-01,1.066,76831
1986-06-30,0.269,76020
1986-06-27,0.827,75816
1986-06-26,0.565,75194
1986-06-25,0.895,74772
1986-06-24,0.667,74109
1986-06-23,-0.794,73618
1986-06-20,2.144,74207
1986-06-19,-0.812,72650
1986-06-18,0.964,73245
1986-06-17,-0.823,72546
1986-06-16,0.263,73148
1986-06-13,3.077,72956
1986-06-12,0.074,70778
1986-06-11,1.032,70726
1986-06-10,0.023,70003
1986-06-09,-3.284,69987
1986-06-06,-0.000,72364
1986-06-05,0.910,72364
1986-06-04,-0.196,71711
1986-06-03,0.818,71852
1986-06-02,-1.569,71269
1986-05-30,-0.606,72404
1986-05-29,0.818,72846
1986-05-28,0.398,72254
1986-05-27,2.074,71968
1986-05-23,0.867,70506
1986-05-22,2.169,69900
1986-05-21,-0.625,68416
1986-05-20,1.375,68846
1986-05-19,-0.557,67912
1986-05-16,-0.882,68293
1986-05-15,-2.961,68901
1986-05-14,0.306,71003
1986-05-13,-0.723,70786
1986-05-12,-1.149,71302
1986-05-09,-0.046,72131
1986-05-08,0.424,72164
1986-05-07,0.046,71860
1986-05-06,-0.364,71827
1986-05-05,1.095,72089
1986-05-02,0.546,71309
1986-05-01,-0.392,70922
1986-04-30,-2.459,71201
1986-04-29,-0.680,72996
1986-04-28,0.225,73496
1986-04-25,0.487,73330
1986-04-24,0.986,72975
1986-04-23,-0.508,72263
1986-04-22,-1.152,72632
1986-04-21,1.076,73478
1986-04-18,0.387,72696
1986-04-17,1.016,72416
1986-04-16,2.460,71687
1986-04-15,-0.175,69966
1986-04-14,0.731,70089
1986-04-11,-0.159,69580
1986-04-10,0.697,69691
1986-04-09,0.311,69209
1986-04-08,2.580,68995
1986-04-07,0.678,67259
1986-04-04,-1.542,66806
1986-04-03,-0.775,67852
1986-04-02,0.237,68382
1986-04-01,-1.987,68221
1986-03-31,0.318,69604
1986-03-27,1.400,69383
1986-03-26,1.737,68425
1986-03-25,0.177,67256
1986-03-24,1.313,67138
1986-03-21,-1.684,66268
1986-03-20,0.947,67403
1986-03-19,-0.183,66770
1986-03-18,1.013,66893
1986-03-17,-1.036,66222
1986-03-14,2.639,66915
1986-03-13,0.265,65195
1986-03-12,0.919,65023
1986-03-11,3.252,64430
1986-03-10,0.770,62401
1986-03-07,1.092,61925
1986-03-06,0.125,61255
1986-03-05,0.017,61179
1986-03-04,-0.247,61168
1986-03-03,-0.560,61320
1986-02-28,0.513,61665
1986-02-27,2.261,61350
1986-02-26,0.382,59994
1986-02-25,0.469,59765
1986-02-24,0.438,59486
1986-02-21,1.505,59227
1986-02-20,1.202,58349
1986-02-19,-1.639,57656
1986-02-18,1.091,58617
1986-02-14,1.299,57985
1986-02-13,0.500,57241
1986-02-12,0.214,56956
1986-02-11,0.312,56834
1986-02-10,1.156,56658
1986-02-07,0.502,56010
1986-02-06,0.878,55731
1986-02-05,0.274,55245
1986-02-04,-0.310,55094
1986-02-03,1.014,55265
1986-01-31,1.558,54711
1986-01-30,-0.516,53871
1986-01-29,0.597,54151
1986-01-28,1.554,53829
1986-01-27,0.190,53006
1986-01-24,0.938,52905
1986-01-23,0.392,52414
1986-01-22,-1.203,52209
1986-01-21,-0.862,52844
1986-01-20,0.194,53304
1986-01-17,-0.322,53201
1986-01-16,0.649,53373
1986-01-15,0.668,53029
1986-01-14,0.046,52677
1986-01-13,0.939,52653
1986-01-10,-0.216,52163
1986-01-09,-1.414,52276
1986-01-08,-2.770,53026
1986-01-07,1.558,54536
1986-01-06,-0.484,53700
1986-01-03,0.639,53961
1986-01-02,-0.437,53618
1985-12-31,0.553,53854
1985-12-30,0.966,53558
1985-12-27,0.471,53045
1985-12-26,0.619,52796
1985-12-24,-0.693,52472
1985-12-23,-1.426,52838
1985-12-20,0.532,53602
1985-12-19,0.265,53318
1985-12-18,-0.531,53177
1985-12-17,-1.099,53461
1985-12-16,1.466,54055
1985-12-13,1.651,53274
1985-12-12,0.285,52409
1985-12-11,1.191,52260
1985-12-10,0.163,51645
1985-12-09,0.446,51560
1985-12-06,-0.075,51331
1985-12-05,0.255,51370
1985-12-04,2.061,51240
1985-12-03,0.197,50205
1985-12-02,-0.867,50106
1985-11-29,0.307,50545
1985-11-27,1.377,50390
1985-11-26,0.146,49706
1985-11-25,-0.823,49633
1985-11-22,0.136,50045
1985-11-21,1.509,49977
1985-11-20,-0.063,49234
1985-11-19,0.149,49265
1985-11-18,0.120,49192
1985-11-15,-0.013,49133
1985-11-14,1.267,49139
1985-11-13,-1.032,48524
1985-11-12,0.423,49030
1985-11-11,1.943,48823
1985-11-08,0.706,47893
1985-11-07,0.322,47557
1985-11-06,-0.156,47404
1985-11-05,0.462,47479
1985-11-04,-0.004,47260
1985-11-01,1.410,47262
1985-10-31,-0.895,46605
1985-10-30,0.307,47026
1985-10-29,1.413,46882
1985-10-28,0.240,46228
1985-10-25,-0.182,46118
1985-10-24,-0.311,46202
1985-10-23,0.522,46346
1985-10-22,0.925,46105
1985-10-21,0.257,45683
1985-10-18,-0.591,45566
1985-10-17,-0.095,45837
1985-10-16,1.206,45880
1985-10-15,0.326,45333
1985-10-14,1.701,45186
1985-10-11,1.324,44430
1985-10-10,0.169,43850
1985-10-09,0.690,43776
1985-10-08,-0.135,43476
1985-10-07,-1.205,43534
1985-10-04,-0.565,44066
1985-10-03,0.282,44316
1985-10-02,-0.169,44192
1985-10-01,1.926,44266
1985-09-30,0.729,43430
1985-09-26,-0.009,43115
1985-09-25,-1.074,43119
1985-09-24,-0.537,43588
1985-09-23,1.603,43823
1985-09-20,-0.458,43131
1985-09-19,1.290,43330
1985-09-18,0.902,42778
1985-09-17,-0.751,42395
1985-09-16,-0.021,42716
1985-09-13,-0.200,42725
1985-09-12,-0.754,42811
1985-09-11,-1.523,43136
1985-09-10,-0.032,43803
1985-09-09,0.081,43817
1985-09-06,0.971,43782
1985-09-05,-0.375,43361
1985-09-04,-0.014,43524
1985-09-03,0.007,43530
1985-08-30,-0.564,43527
1985-08-29,0.215,43773
1985-08-28,0.851,43680
1985-08-27,0.843,43311
1985-08-26,-0.202,42949
1985-08-23,0.134,43036
1985-08-22,-1.286,42978
1985-08-21,0.519,43538
1985-08-20,1.308,43313
1985-08-19,0.807,42754
1985-08-16,-0.782,42412
1985-08-15,0.606,42746
1985-08-14,-0.263,42488
1985-08-13,-0.224,42601
1985-08-12,-0.089,42696
1985-08-09,-0.082,42735
1985-08-08,0.983,42770
1985-08-07,-0.004,42353
1985-08-06,-1.597,42355
1985-08-05,-0.310,43042
1985-08-02,-0.769,43176
1985-08-01,0.534,43510
1985-07-31,1.062,43279
1985-07-30,0.013,42824
1985-07-29,-1.596,42819
1985-07-26,0.074,43513
1985-07-25,-0.106,43481
1985-07-24,0.230,43527
1985-07-23,-1.082,43427
1985-07-22,-1.022,43902
1985-07-19,0.995,44355
1985-07-18,-0.197,43918
1985-07-17,0.971,44005
1985-07-16,1.031,43582
1985-07-15,-0.852,43137
1985-07-12,-0.094,43508
1985-07-11,0.520,43549
1985-07-10,1.305,43323
1985-07-09,-0.591,42765
1985-07-08,-0.155,43019
1985-07-05,1.183,43086
1985-07-03,0.598,42582
1985-07-02,0.016,42329
1985-07-01,0.120,42322
1985-06-28,0.054,42272
1985-06-27,0.993,42249
1985-06-26,0.108,41833
1985-06-25,0.776,41788
1985-06-24,-0.100,41466
1985-06-21,2.420,41508
1985-06-20,-0.168,40527
1985-06-19,0.708,40595
1985-06-18,0.991,40309
1985-06-17,-1.067,39914
1985-06-14,1.199,40344
1985-06-13,-1.528,39866
1985-06-12,-1.141,40485
1985-06-11,-0.946,40952
1985-06-10,-0.498,41343
1985-06-07,-0.799,41550
1985-06-06,0.237,41885
1985-06-05,0.003,41786
1985-06-04,1.365,41785
1985-06-03,-0.152,41222
1985-05-31,1.554,41285
1985-05-30,0.439,40653
1985-05-29,-0.131,40476
1985-05-28,0.082,40529
1985-05-24,0.397,40496
1985-05-23,-0.885,40336
1985-05-22,-1.796,40696
1985-05-21,-0.474,41440
1985-05-20,1.796,41637
1985-05-17,1.653,40903
1985-05-16,1.477,40238
1985-05-15,0.411,39652
1985-05-14,-1.146,39490
1985-05-13,0.745,39948
1985-05-10,1.622,39652
1985-05-09,1.203,39020
1985-05-08,0.006,38556
1985-05-07,0.852,38553
1985-05-06,-0.372,38228
1985-05-03,0.438,38370
1985-05-02,0.361,38203
1985-05-01,-1.165,38066
1985-04-30,0.546,38514
1985-04-29,-1.607,38305
1985-04-26,-0.663,38930
1985-04-25,1.646,39190
1985-04-24,-0.368,38556
1985-04-23,1.452,38698
1985-04-22,-0.250,38144
1985-04-19,1.482,38240
1985-04-18,-0.039,37681
1985-04-17,-0.072,37696
1985-04-16,-0.209,37723
1985-04-15,0.283,37802
1985-04-12,0.496,37696
1985-04-11,-0.274,37510
1985-04-10,1.147,37613
1985-04-09,0.452,37187
1985-04-08,-1.456,37019
1985-04-04,-0.168,37566
1985-04-03,-1.736,37629
1985-04-02,-0.673,38294
1985-04-01,-0.527,38554
1985-03-29,1.070,38758
1985-03-28,0.025,38348
1985-03-27,-0.161,38338
1985-03-26,0.531,38400
1985-03-25,-1.342,38197
1985-03-22,0.752,38717
1985-03-21,-0.724,38428
1985-03-20,0.279,38709
1985-03-19,2.931,38601
1985-03-18,0.626,37502
1985-03-15,-0.967,37268
1985-03-14,-0.854,37632
1985-03-13,-0.939,37957
1985-03-12,1.729,38316
1985-03-11,0.531,37665
1985-03-08,0.237,37466
1985-03-07,-0.936,37378
1985-03-06,-0.966,37731
1985-03-05,0.132,38099
1985-03-04,0.135,38049
1985-03-01,2.145,37998
1985-02-28,0.910,37200
1985-02-27,-0.583,36864
1985-02-26,1.426,37080
1985-02-25,0.087,36559
1985-02-22,-0.324,36527
1985-02-21,-0.842,36646
1985-02-20,1.181,36957
1985-02-19,0.009,36526
1985-02-15,-1.982,36523
1985-02-14,-1.173,37262
1985-02-13,1.606,37704
1985-02-12,1.034,37108
1985-02-11,-1.569,36728
1985-02-08,0.683,37314
1985-02-07,0.915,37061
1985-02-06,-0.143,36725
1985-02-05,-0.314,36777
1985-02-04,0.604,36893
1985-02-01,-1.204,36672
1985-01-31,0.522,37119
1985-01-30,-0.281,36926
1985-01-29,0.951,37030
1985-01-28,-0.652,36681
1985-01-25,0.755,36922
1985-01-24,-1.528,36645
1985-01-23,1.651,37214
1985-01-22,1.054,36610
1985-01-21,3.340,36228
1985-01-18,1.312,35057
1985-01-17,-0.476,34603
1985-01-16,-0.548,34769
1985-01-15,-0.768,34960
1985-01-14,1.983,35231
1985-01-11,-0.716,34546
1985-01-10,1.722,34795
1985-01-09,1.212,34206
1985-01-08,-0.040,33796
1985-01-07,0.648,33809
1985-01-04,-0.474,33592
1985-01-03,0.273,33751
1985-01-02,-1.715,33660
1984-12-31,0.766,34247
1984-12-28,-0.288,33987
1984-12-27,-0.309,34085
1984-12-26,-0.326,34191
1984-12-24,0.906,34303
1984-12-21,-1.422,33995
1984-12-20,-0.753,34485
1984-12-19,-0.362,34747
1984-12-18,4.602,34873
1984-12-17,0.653,33339
1984-12-14,1.617,33123
1984-12-13,-0.574,32596
1984-12-12,-0.715,32784
1984-12-11,-0.070,33020
1984-12-10,0.456,33043
1984-12-07,-0.805,32893
1984-12-06,0.572,33160
1984-12-05,-1.419,32971
1984-12-04,1.209,33446
1984-12-03,-0.716,33047
1984-11-30,-0.093,33285
1984-11-29,-1.484,33316
1984-11-28,-0.550,33818
1984-11-27,-0.513,34005
1984-11-26,-2.042,34180
1984-11-23,2.722,34893
1984-11-21,0.746,33968
1984-11-20,0.940,33717
1984-11-19,0.077,33403
1984-11-16,-1.543,33377
1984-11-15,0.679,33900
1984-11-14,0.143,33672
1984-11-13,-1.204,33624
1984-11-12,0.267,34033
1984-11-09,-0.776,33943
1984-11-08,-1.075,34208
1984-11-07,-1.501,34580
1984-11-06,1.211,35107
1984-11-05,0.877,34687
1984-11-02,-0.710,34385
1984-11-01,1.617,34631
1984-10-31,-0.241,34080
1984-10-30,2.604,34163
1984-10-29,0.228,33296
1984-10-26,-0.948,33220
1984-10-25,-1.406,33538
1984-10-24,-0.457,34016
1984-10-23,-0.931,34172
1984-10-22,0.079,34493
1984-10-19,-0.057,34466
1984-10-18,3.093,34486
1984-10-17,0.589,33451
1984-10-16,-0.999,33255
1984-10-15,1.658,33591
1984-10-12,0.234,33043
1984-10-11,0.632,32966
1984-10-10,0.931,32759
1984-10-09,-0.200,32456
1984-10-08,-1.863,32521
1984-10-05,0.639,33139
1984-10-04,0.017,32928
1984-10-03,-1.181,32923
1984-10-02,-0.722,33316
1984-10-01,-0.550,33559
1984-09-28,-1.000,33744
1984-09-27,1.335,34085
1984-09-26,0.598,33636
1984-09-25,0.454,33436
1984-09-24,0.643,33285
1984-09-21,-0.513,33072
1984-09-20,-0.612,33243
1984-09-19,-0.148,33448
1984-09-18,-0.766,33497
1984-09-17,0.287,33756
1984-09-14,1.209,33659
1984-09-13,1.823,33257
1984-09-12,-0.180,32662
1984-09-11,-1.641,32720
1984-09-10,-1.357,33266
1984-09-07,-0.448,33724
1984-09-06,1.338,33876
1984-09-05,-0.479,33429
1984-09-04,-1.537,33590
1984-08-31,-0.697,34114
1984-08-30,0.037,34354
1984-08-29,-0.438,34341
1984-08-28,0.713,34492
1984-08-27,-0.876,34248
1984-08-24,0.759,34551
1984-08-23,0.733,34290
1984-08-22,-1.228,34041
1984-08-21,0.643,34464
1984-08-20,0.901,34244
1984-08-17,0.748,33938
1984-08-16,0.320,33686
1984-08-15,0.414,33578
1984-08-14,-0.574,33440
1984-08-13,0.521,33633
1984-08-10,-0.112,33459
1984-08-09,2.454,33496
1984-08-08,-0.117,32694
1984-08-07,-0.627,32732
1984-08-06,0.117,32939
1984-08-03,4.626,32900
1984-08-02,2.914,31446
1984-08-01,3.104,30555
1984-07-31,-0.093,29635
1984-07-30,-1.096,29663
1984-07-27,0.549,29992
1984-07-26,0.668,29828
1984-07-25,0.789,29630
1984-07-24,-1.480,29398
1984-07-23,-1.332,29839
1984-07-20,-1.352,30242
1984-07-19,-0.600,30657
1984-07-18,-0.511,30842
1984-07-17,0.713,31000
1984-07-16,0.748,30781
1984-07-13,0.565,30552
1984-07-12,0.396,30380
1984-07-11,-3.007,30261
1984-07-10,-1.685,31199
1984-07-09,1.105,31733
1984-07-06,0.041,31387
1984-07-05,-0.038,31374
1984-07-03,0.250,31386
1984-07-02,-0.181,31307
1984-06-29,0.082,31364
1984-06-28,-0.002,31339
1984-06-27,-0.998,31339
1984-06-26,-0.918,31655
1984-06-25,-0.342,31948
1984-06-22,0.431,32058
1984-06-21,0.253,31921
1984-06-20,1.504,31840
1984-06-19,1.051,31368
1984-06-18,1.135,31042
1984-06-15,-1.516,30694
1984-06-14,-1.520,31166
1984-06-13,-0.277,31647
1984-06-12,0.250,31735
1984-06-11,-1.574,31656
1984-06-08,-0.295,32162
1984-06-07,-0.498,32257
1984-06-06,0.906,32419
1984-06-05,0.720,32128
1984-06-04,0.178,31898
1984-06-01,2.746,31841
1984-05-31,0.300,30990
1984-05-30,-0.659,30898
1984-05-29,-1.738,31102
1984-05-25,-0.123,31653
1984-05-24,-1.318,31692
1984-05-23,-0.047,32115
1984-05-22,-0.763,32130
1984-05-21,-1.293,32377
1984-05-18,-1.135,32801
1984-05-17,-2.438,33178
1984-05-16,-0.004,34006
1984-05-15,0.880,34008
1984-05-14,-1.106,33711
1984-05-11,-1.312,34088
1984-05-10,0.213,34542
1984-05-09,-0.500,34468
1984-05-08,0.388,34641
1984-05-07,1.120,34507
1984-05-04,-1.181,34125
1984-05-03,-1.399,34533
1984-05-02,0.205,35023
1984-05-01,0.449,34951
1984-04-30,-0.035,34795
1984-04-27,-0.325,34807
1984-04-26,1.260,34921
1984-04-25,-0.174,34486
1984-04-24,0.775,34546
1984-04-23,-0.827,34281
1984-04-19,0.443,34567
1984-04-18,-1.320,34414
1984-04-17,0.500,34875
1984-04-16,0.900,34701
1984-04-13,-0.434,34392
1984-04-12,1.963,34541
1984-04-11,-1.055,33877
1984-04-10,0.030,34238
1984-04-09,0.245,34228
1984-04-06,0.531,34144
1984-04-05,-1.666,33963
1984-04-04,-0.191,34539
1984-04-03,0.219,34605
1984-04-02,-1.426,34529
1984-03-30,-0.216,35029
1984-03-29,-0.008,35105
1984-03-28,2.377,35107
1984-03-27,0.478,34292
1984-03-26,-0.039,34129
1984-03-23,0.066,34142
1984-03-22,-1.228,34120
1984-03-21,0.122,34544
1984-03-20,1.823,34502
1984-03-19,-0.827,33884
1984-03-16,1.393,34167
1984-03-15,0.560,33698
1984-03-14,-0.157,33510
1984-03-13,0.458,33562
1984-03-12,1.394,33409
1984-03-09,-1.108,32950
1984-03-08,0.290,33319
1984-03-07,-0.476,33223
1984-03-06,-0.367,33382
1984-03-05,-0.750,33505
1984-03-02,0.998,33758
1984-03-01,1.054,33424
1984-02-29,0.419,33076
1984-02-28,-1.601,32938
1984-02-27,1.467,33474
1984-02-24,2.311,32990
1984-02-23,-0.171,32245
1984-02-22,-0.591,32300
1984-02-21,-0.190,32492
1984-02-17,-0.500,32554
1984-02-16,-0.299,32717
1984-02-15,-0.120,32816
1984-02-14,0.968,32855
1984-02-13,-0.735,32540
1984-02-10,0.793,32781
1984-02-09,-0.122,32523
1984-02-08,-1.486,32563
1984-02-07,0.826,33054
1984-02-06,-2.224,32783
1984-02-03,-1.540,33529
1984-02-02,0.504,34053
1984-02-01,-0.324,33882
1984-01-31,0.141,33992
1984-01-30,-0.762,33945
1984-01-27,0.359,34205
1984-01-26,-0.265,34083
1984-01-25,-0.087,34174
1984-01-24,0.556,34203
1984-01-23,-1.163,34014
1984-01-20,-0.306,34415
1984-01-19,-0.091,34520
1984-01-18,-0.475,34551
1984-01-17,0.644,34717
1984-01-16,0.354,34495
1984-01-13,-0.093,34373
1984-01-12,0.131,34405
1984-01-11,-0.146,34360
1984-01-10,-0.840,34410
1984-01-09,-0.135,34702
1984-01-06,0.803,34749
1984-01-05,1.112,34472
1984-01-04,2.126,34093
1984-01-03,-0.673,33383
1983-12-30,0.393,33609
1983-12-29,-0.616,33477
1983-12-28,0.458,33685
1983-12-27,1.516,33531
1983-12-23,0.071,33030
1983-12-22,0.356,33007
1983-12-21,1.054,32890
1983-12-20,-0.183,32546
1983-12-19,0.129,32606
1983-12-16,1.183,32564
1983-12-15,-1.202,32183
1983-12-14,-1.338,32575
1983-12-13,-0.318,33017
1983-12-12,0.441,33122
1983-12-09,-0.275,32977
1983-12-08,-0.593,33068
1983-12-07,0.589,33265
1983-12-06,-0.012,33070
1983-12-05,0.375,33074
1983-12-02,-0.505,32951
1983-12-01,-0.123,33118
1983-11-30,-1.480,33159
1983-11-29,1.403,33657
1983-11-28,-0.307,33191
1983-11-25,0.155,33293
1983-11-23,-0.084,33242
1983-11-22,0.351,33270
1983-11-21,0.952,33154
1983-11-18,0.066,32841
1983-11-17,0.156,32819
1983-11-16,-0.064,32768
1983-11-15,-0.767,32789
1983-11-14,0.799,33042
1983-11-11,1.410,32781
1983-11-10,0.445,32325
1983-11-09,1.303,32182
1983-11-08,0.277,31768
1983-11-07,-0.901,31680
1983-11-04,-0.868,31968
1983-11-03,-0.934,32248
1983-11-02,1.241,32552
1983-11-01,0.317,32153
1983-10-31,0.016,32051
1983-10-28,-0.334,32046
1983-10-27,0.047,32153
1983-10-26,-0.708,32138
1983-10-25,0.112,32367
1983-10-24,-0.025,32331
1983-10-21,-0.802,32339
1983-10-20,0.012,32600
1983-10-19,-0.554,32596
1983-10-18,-2.537,32778
1983-10-17,0.458,33631
1983-10-14,-0.682,33478
1983-10-13,-0.568,33708
1983-10-12,-0.382,33901
1983-10-11,-1.226,34031
1983-10-10,1.701,34453
1983-10-07,0.688,33877
1983-10-06,1.757,33645
1983-10-05,0.356,33064
1983-10-04,0.705,32947
1983-10-03,-0.203,32716
1983-09-30,-0.902,32783
1983-09-29,-0.115,33081
1983-09-28,-0.352,33119
1983-09-27,-0.974,33236
1983-09-26,0.848,33563
1983-09-23,-0.411,33281
1983-09-22,0.975,33418
1983-09-21,-1.246,33096
1983-09-20,0.885,33513
1983-09-19,0.375,33219
1983-09-16,1.631,33095
1983-09-15,-0.287,32564
1983-09-14,0.256,32658
1983-09-13,-0.560,32574
1983-09-12,-0.141,32758
1983-09-09,-0.806,32804
1983-09-08,0.008,33070
1983-09-07,-0.095,33068
1983-09-06,2.430,33099
1983-09-02,0.691,32314
1983-09-01,0.505,32093
1983-08-31,0.918,31931
1983-08-30,0.669,31641
1983-08-29,0.085,31431
1983-08-26,1.088,31404
1983-08-25,0.443,31066
1983-08-24,-1.952,30929
1983-08-23,-0.988,31545
1983-08-22,0.039,31860
1983-08-19,-0.088,31848
1983-08-18,-1.187,31876
1983-08-17,1.325,32258
1983-08-16,-0.408,31837
1983-08-15,1.199,31967
1983-08-12,0.543,31588
1983-08-11,-0.021,31418
1983-08-10,0.493,31424
1983-08-09,0.748,31270
1983-08-08,-1.447,31038
1983-08-05,-0.370,31494
1983-08-04,-1.189,31611
1983-08-03,0.141,31991
1983-08-02,-0.376,31946
1983-08-01,0.519,32067
1983-07-29,-1.932,31901
1983-07-28,-1.448,32530
1983-07-27,-1.761,33008
1983-07-26,0.332,33599
1983-07-25,0.642,33488
1983-07-22,-0.272,33274
1983-07-21,-0.835,33365
1983-07-20,3.190,33646
1983-07-19,0.805,32606
1983-07-18,-0.083,32346
1983-07-15,-1.748,32372
1983-07-14,0.647,32948
1983-07-13,-0.306,32736
1983-07-12,-1.799,32837
1983-07-11,0.835,33439
1983-07-08,0.121,33162
1983-07-07,-0.155,33122
1983-07-06,1.229,33173
1983-07-05,-0.769,32770
1983-07-01,0.707,33024
1983-06-30,0.624,32792
1983-06-29,0.961,32589
1983-06-28,-1.438,32279
1983-06-27,-0.964,32749
1983-06-24,0.156,33068
1983-06-23,-0.359,33017
1983-06-22,-0.030,33136
1983-06-21,0.782,33146
1983-06-20,-0.412,32889
1983-06-17,0.143,33025
1983-06-16,1.889,32978
1983-06-15,1.371,32366
1983-06-14,0.860,31929
1983-06-13,1.450,31656
1983-06-10,0.594,31204
1983-06-09,0.348,31020
1983-06-08,-1.164,30912
1983-06-07,-1.834,31276
1983-06-06,-0.424,31860
1983-06-03,0.424,31996
1983-06-02,1.563,31861
1983-06-01,-0.396,31371
1983-05-31,-1.633,31496
1983-05-27,-1.056,32019
1983-05-26,-0.369,32360
1983-05-25,0.954,32480
1983-05-24,1.925,32173
1983-05-23,0.900,31566
1983-05-20,-0.074,31284
1983-05-19,-1.784,31307
1983-05-18,-0.316,31876
1983-05-17,0.592,31977
1983-05-16,-1.322,31789
1983-05-13,1.348,32215
1983-05-12,-0.833,31786
1983-05-11,-1.110,32053
1983-05-10,1.211,32413
1983-05-09,0.090,32025
1983-05-06,1.284,31997
1983-05-05,-0.251,31591
1983-05-04,0.808,31670
1983-05-03,0.276,31417
1983-05-02,-1.715,31330
1983-04-29,0.521,31877
1983-04-28,1.626,31711
1983-04-27,-0.500,31204
1983-04-26,1.846,31361
1983-04-25,-1.055,30792
1983-04-22,0.564,31121
1983-04-21,-1.148,30946
1983-04-20,2.286,31306
1983-04-19,-1.157,30606
1983-04-18,0.705,30964
1983-04-15,-0.235,30747
1983-04-14,1.384,30820
1983-04-13,0.958,30399
1983-04-12,0.207,30110
1983-04-11,2.179,30048
1983-04-08,1.903,29407
1983-04-07,0.665,28858
1983-04-06,-1.033,28667
1983-04-05,-0.129,28967
1983-04-04,0.623,29004
1983-03-31,-0.969,28825
1983-03-30,2.123,29107
1983-03-29,-0.222,28502
1983-03-28,-0.242,28565
1983-03-25,-0.487,28634
1983-03-24,0.168,28774
1983-03-23,2.200,28726
1983-03-22,-0.105,28108
1983-03-21,0.642,28137
1983-03-18,0.497,27957
1983-03-17,-0.521,27819
1983-03-16,-2.325,27965
1983-03-15,0.874,28631
1983-03-14,-0.567,28383
1983-03-11,-0.538,28545
1983-03-10,-0.159,28699
1983-03-09,1.465,28745
1983-03-08,-2.236,28329
1983-03-07,0.239,28977
1983-03-04,0.853,28908
1983-03-03,0.968,28664
1983-03-02,1.019,28389
1983-03-01,2.541,28103
1983-02-28,-0.528,27406
1983-02-25,0.463,27552
1983-02-24,3.244,27425
1983-02-23,0.981,26563
1983-02-22,-1.915,26305
1983-02-18,1.272,26819
1983-02-17,-0.637,26482
1983-02-16,-1.167,26652
1983-02-15,-0.640,26966
1983-02-14,0.759,27140
1983-02-11,0.188,26936
1983-02-10,1.708,26885
1983-02-09,-1.091,26434
1983-02-08,-1.634,26725
1983-02-07,0.436,27169
1983-02-04,1.530,27052
1983-02-03,1.460,26644
1983-02-02,-0.436,26260
1983-02-01,-0.898,26375
1983-01-31,0.588,26614
1983-01-28,-0.332,26459
1983-01-27,2.083,26547
1983-01-26,0.189,26005
1983-01-25,1.148,25956
1983-01-24,-2.964,25662
1983-01-21,-1.837,26446
1983-01-20,0.975,26941
1983-01-19,-0.158,26680
1983-01-18,-1.124,26723
1983-01-17,0.014,27026
1983-01-14,-0.108,27023
1983-01-13,-0.518,27052
1983-01-12,0.739,27193
1983-01-11,-2.019,26993
1983-01-10,2.090,27550
1983-01-07,0.598,26986
1983-01-06,3.602,26825
1983-01-05,0.401,25893
1983-01-04,2.196,25789
1983-01-03,-2.574,25235
1982-12-31,0.135,25902
1982-12-30,-0.782,25867
1982-12-29,0.770,26071
1982-12-28,-0.682,25872
1982-12-27,0.795,26049
1982-12-23,0.861,25844
1982-12-22,-0.106,25623
1982-12-21,2.550,25650
1982-12-20,-0.110,25012
1982-12-17,2.728,25040
1982-12-16,-1.028,24375
1982-12-15,-2.286,24628
1982-12-14,-1.037,25204
1982-12-13,0.872,25468
1982-12-10,-0.476,25248
1982-12-09,-1.451,25369
1982-12-08,-0.012,25742
1982-12-07,1.399,25745
1982-12-06,3.153,25390
1982-12-03,0.530,24614
1982-12-02,1.164,24484
1982-12-01,-0.661,24202
1982-11-30,2.711,24363
1982-11-29,0.613,23720
1982-11-26,1.627,23576
1982-11-24,1.120,23198
1982-11-23,-0.146,22941
1982-11-22,-2.171,22975
1982-11-19,-0.909,23485
1982-11-18,0.643,23700
1982-11-17,2.996,23549
1982-11-16,-1.322,22864
1982-11-15,-1.780,23170
1982-11-12,-0.509,23590
1982-11-11,0.896,23710
1982-11-10,-1.730,23500
1982-11-09,1.988,23914
1982-11-08,-0.598,23447
1982-11-05,-0.375,23588
1982-11-04,-1.606,23677
1982-11-03,3.881,24064
1982-11-02,1.654,23165
1982-11-01,0.808,22788
1982-10-29,0.350,22605
1982-10-28,-0.826,22526
1982-10-27,-0.022,22714
1982-10-26,1.217,22719
1982-10-25,-5.195,22446
1982-10-22,0.002,23676
1982-10-21,-0.079,23676
1982-10-20,1.975,23694
1982-10-19,0.300,23235
1982-10-18,1.819,23166
1982-10-15,-0.854,22752
1982-10-14,-0.845,22948
1982-10-13,0.321,23144
1982-10-12,-0.062,23070
1982-10-11,1.643,23084
1982-10-08,2.446,22711
1982-10-07,3.051,22169
1982-10-06,3.380,21512
1982-10-05,-0.248,20809
1982-10-04,0.199,20861
1982-10-01,2.082,20819
1982-09-30,-1.042,20395
1982-09-29,-1.005,20609
1982-09-28,-0.850,20818
1982-09-27,-0.073,20997
1982-09-24,-0.228,21012
1982-09-23,0.931,21060
1982-09-22,-1.393,20866
1982-09-21,2.632,21161
1982-09-20,1.284,20618
1982-09-17,-2.310,20357
1982-09-16,-0.962,20838
1982-09-15,0.185,21041
1982-09-14,0.544,21002
1982-09-13,0.807,20888
1982-09-10,-1.520,20721
1982-09-09,0.101,21041
1982-09-08,0.903,21020
1982-09-07,-0.343,20831
1982-09-03,2.177,20903
1982-09-02,2.023,20458
1982-09-01,-1.294,20052
1982-08-31,2.308,20315
1982-08-30,-0.313,19857
1982-08-27,-0.229,19919
1982-08-26,1.383,19965
1982-08-25,2.322,19692
1982-08-24,0.094,19245
1982-08-23,3.123,19227
1982-08-20,4.618,18645
1982-08-19,0.528,17822
1982-08-18,-1.328,17728
1982-08-17,4.291,17967
1982-08-16,0.574,17228
1982-08-13,0.061,17129
1982-08-12,0.847,17119
1982-08-11,-0.775,16975
1982-08-10,-1.060,17108
1982-08-09,-1.305,17291
1982-08-06,-2.052,17520
1982-08-05,-1.189,17887
1982-08-04,-2.126,18102
1982-08-03,0.019,18495
1982-08-02,1.223,18492
1982-07-30,0.690,18268
1982-07-29,0.155,18143
1982-07-28,-1.006,18115
1982-07-27,-1.032,18299
1982-07-26,-1.210,18490
1982-07-23,0.165,18716
1982-07-22,-0.632,18686
1982-07-21,0.247,18804
1982-07-20,0.564,18758
1982-07-19,-0.653,18653
1982-07-16,1.077,18775
1982-07-15,-0.995,18575
1982-07-14,0.953,18762
1982-07-13,0.609,18585
1982-07-12,1.676,18472
1982-07-09,2.105,18168
1982-07-08,0.376,17793
1982-07-07,0.422,17727
1982-07-06,-1.186,17652
1982-07-02,-2.640,17864
1982-07-01,-1.963,18348
1982-06-30,-0.795,18716
1982-06-29,-0.517,18866
1982-06-28,0.962,18964
1982-06-25,-1.039,18783
1982-06-24,-0.358,18980
1982-06-23,0.054,19049
1982-06-22,1.961,19038
1982-06-21,1.025,18672
1982-06-18,-1.349,18483
1982-06-17,-1.563,18736
1982-06-16,-0.704,19033
1982-06-15,-0.598,19168
1982-06-14,-2.824,19283
1982-06-11,1.412,19844
1982-06-10,0.196,19567
1982-06-09,-1.421,19529
1982-06-08,0.613,19811
1982-06-07,0.172,19690
1982-06-04,-2.167,19656
1982-06-03,-0.780,20091
1982-06-02,1.644,20249
1982-06-01,-0.674,19922
1982-05-28,-0.633,20057
1982-05-27,-1.745,20185
1982-05-26,-1.294,20543
1982-05-25,-0.440,20812
1982-05-24,0.110,20905
1982-05-21,1.295,20881
1982-05-20,-0.200,20614
1982-05-19,-0.556,20656
1982-05-18,-0.271,20771
1982-05-17,-1.717,20828
1982-05-14,-1.065,21192
1982-05-13,-1.293,21420
1982-05-12,-0.240,21700
1982-05-11,1.904,21752
1982-05-10,-1.928,21346
1982-05-07,0.815,21766
1982-05-06,1.858,21590
1982-05-05,-0.611,21196
1982-05-04,0.018,21326
1982-05-03,1.587,21323
1982-04-30,0.434,20990
1982-04-29,-1.127,20899
1982-04-28,-1.107,21137
1982-04-27,-1.793,21373
1982-04-26,0.909,21764
1982-04-23,2.111,21568
1982-04-22,2.703,21122
1982-04-21,0.865,20566
1982-04-20,-0.978,20390
1982-04-19,-1.000,20591
1982-04-16,0.470,20799
1982-04-15,0.426,20702
1982-04-14,0.905,20614
1982-04-13,-0.217,20429
1982-04-12,-0.566,20473
1982-04-08,-0.487,20590
1982-04-07,1.039,20691
1982-04-06,0.276,20478
1982-04-05,-0.423,20422
1982-04-02,2.617,20508
1982-04-01,1.701,19985
1982-03-31,0.240,19651
1982-03-30,-0.432,19604
1982-03-29,1.706,19689
1982-03-26,-1.367,19359
1982-03-25,-0.598,19627
1982-03-24,-0.610,19745
1982-03-23,1.322,19867
1982-03-22,2.262,19607
1982-03-19,0.862,19174
1982-03-18,1.437,19010
1982-03-17,-0.668,18741
1982-03-16,-0.220,18866
1982-03-15,0.442,18908
1982-03-12,-1.408,18825
1982-03-11,-0.528,19094
1982-03-10,0.712,19195
1982-03-09,1.723,19059
1982-03-08,-2.386,18737
1982-03-05,-1.843,19195
1982-03-04,-1.241,19555
1982-03-03,-2.741,19801
1982-03-02,0.180,20359
1982-03-01,-0.747,20322
1982-02-26,-0.525,20475
1982-02-25,-0.020,20583
1982-02-24,1.990,20588
1982-02-23,0.111,20186
1982-02-22,-1.690,20163
1982-02-19,-0.472,20510
1982-02-18,-0.017,20607
1982-02-17,-0.748,20611
1982-02-16,-1.224,20766
1982-02-12,-0.308,21023
1982-02-11,0.352,21088
1982-02-10,1.714,21014
1982-02-09,-0.519,20660
1982-02-08,-3.462,20768
1982-02-05,0.795,21513
1982-02-04,-0.572,21343
1982-02-03,-2.999,21466
1982-02-02,0.913,22129
1982-02-01,-3.095,21929
1982-01-29,1.485,22630
1982-01-28,3.527,22299
1982-01-27,0.777,21539
1982-01-26,0.388,21373
1982-01-25,-0.003,21290
1982-01-22,-0.063,21291
1982-01-21,1.309,21304
1982-01-20,-0.538,21029
1982-01-19,-1.948,21143
1982-01-18,1.233,21563
1982-01-15,0.215,21300
1982-01-14,0.113,21254
1982-01-13,-2.120,21230
1982-01-12,-0.950,21690
1982-01-11,-2.877,21898
1982-01-08,1.061,22547
1982-01-07,0.035,22310
1982-01-06,-2.001,22302
1982-01-05,-2.689,22758
1982-01-04,0.555,23386
1981-12-31,0.377,23257
1981-12-30,1.039,23170
1981-12-29,-0.441,22932
1981-12-28,-0.632,23033
1981-12-24,-0.994,23180
1981-12-23,0.178,23412
1981-12-22,0.462,23371
1981-12-21,-1.346,23263
1981-12-18,0.872,23581
1981-12-17,1.465,23377
1981-12-16,-0.783,23039
1981-12-15,1.250,23221
1981-12-14,-2.924,22934
1981-12-11,-0.295,23625
1981-12-10,-0.419,23695
1981-12-09,0.713,23795
1981-12-08,-0.373,23626
1981-12-07,-0.751,23715
1981-12-04,0.609,23894
1981-12-03,0.816,23749
1981-12-02,-2.177,23557
1981-12-01,-0.226,24081
1981-11-30,1.207,24136
1981-11-27,1.392,23848
1981-11-25,1.032,23521
1981-11-24,1.673,23280
1981-11-23,-1.046,22897
1981-11-20,1.597,23139
1981-11-19,1.600,22775
1981-11-18,-0.587,22417
1981-11-17,1.932,22549
1981-11-16,-0.815,22122
1981-11-13,-0.848,22303
1981-11-12,-0.097,22494
1981-11-11,-0.633,22516
1981-11-10,0.706,22660
1981-11-09,1.878,22501
1981-11-06,0.083,22086
1981-11-05,-1.316,22068
1981-11-04,-0.446,22362
1981-11-03,0.846,22462
1981-11-02,1.462,22274
1981-10-30,3.006,21953
1981-10-29,-0.689,21312
1981-10-28,0.293,21460
1981-10-27,1.179,21397
1981-10-26,0.253,21148
1981-10-23,-1.343,21095
1981-10-22,-0.392,21382
1981-10-21,-0.221,21466
1981-10-20,1.603,21513
1981-10-19,0.077,21174
1981-10-16,-0.438,21157
1981-10-15,1.411,21251
1981-10-14,-2.223,20955
1981-10-13,-0.646,21431
1981-10-12,-0.515,21571
1981-10-09,-0.502,21682
1981-10-08,0.771,21792
1981-10-07,2.228,21625
1981-10-06,-0.964,21154
1981-10-05,0.092,21360
1981-10-02,1.979,21340
1981-10-01,0.094,20926
1981-09-30,0.473,20907
1981-09-29,-0.363,20808
1981-09-28,2.433,20884
1981-09-25,-3.034,20388
1981-09-24,-0.601,21026
1981-09-23,-1.206,21153
1981-09-22,-0.761,21411
1981-09-21,0.959,21575
1981-09-18,-1.718,21370
1981-09-17,-1.840,21744
1981-09-16,-0.973,22151
1981-09-15,-1.188,22369
1981-09-14,-0.552,22638
1981-09-11,0.666,22764
1981-09-10,2.376,22613
1981-09-09,-0.257,22088
1981-09-08,-2.118,22145
1981-09-04,-1.789,22624
1981-09-03,-2.341,23036
1981-09-02,0.381,23588
1981-09-01,-0.081,23499
1981-08-31,-1.110,23518
1981-08-28,0.669,23782
1981-08-27,-0.948,23624
1981-08-26,-0.277,23850
1981-08-25,0.203,23916
1981-08-24,-3.370,23867
1981-08-21,-1.067,24700
1981-08-20,0.523,24966
1981-08-19,-0.034,24836
1981-08-18,-0.318,24845
1981-08-17,-0.785,24924
1981-08-14,-0.983,25121
1981-08-13,0.211,25371
1981-08-12,-0.107,25317
1981-08-11,1.697,25344
1981-08-10,0.520,24922
1981-08-07,-1.183,24793
1981-08-06,-0.272,25090
1981-08-05,1.300,25158
1981-08-04,0.782,24835
1981-08-03,-0.095,24642
1981-07-31,0.324,24666
1981-07-30,0.798,24586
1981-07-29,0.167,24391
1981-07-28,-1.025,24351
1981-07-27,1.242,24603
1981-07-24,1.099,24301
1981-07-23,0.127,24037
1981-07-22,-1.252,24007
1981-07-21,-0.522,24311
1981-07-20,-1.505,24439
1981-07-17,0.980,24812
1981-07-16,0.308,24571
1981-07-15,0.667,24496
1981-07-14,-0.401,24333
1981-07-13,-0.396,24431
1981-07-10,-0.419,24528
1981-07-09,0.758,24632
1981-07-08,-0.845,24446
1981-07-07,0.597,24655
1981-07-06,-1.247,24508
1981-07-02,-0.792,24818
1981-07-01,-1.569,25016
1981-06-30,-0.262,25415
1981-06-29,-0.447,25482
1981-06-26,-0.013,25596
1981-06-25,-0.421,25599
1981-06-24,-0.692,25708
1981-06-23,1.130,25887
1981-06-22,-0.817,25597
1981-06-19,0.782,25808
1981-06-18,-1.442,25608
1981-06-17,1.167,25983
1981-06-16,-0.829,25683
1981-06-15,0.755,25898
1981-06-12,-0.463,25703
1981-06-11,1.089,25823
1981-06-10,0.046,25545
1981-06-09,-0.252,25533
1981-06-08,-0.312,25598
1981-06-05,1.383,25678
1981-06-04,0.117,25328
1981-06-03,0.126,25298
1981-06-02,-1.159,25266
1981-06-01,-0.669,25563
1981-05-29,-1.018,25735
1981-05-28,-0.557,25999
1981-05-27,0.235,26145
1981-05-26,0.834,26084
1981-05-22,-0.314,25868
1981-05-21,-0.557,25950
1981-05-20,0.064,26095
1981-05-19,-0.990,26078
1981-05-18,0.822,26339
1981-05-15,0.894,26124
1981-05-14,1.080,25893
1981-05-13,-0.294,25616
1981-05-12,0.599,25692
1981-05-11,-1.719,25539
1981-05-08,-0.078,25985
1981-05-07,0.400,26006
1981-05-06,1.078,25902
1981-05-05,-0.925,25626
1981-05-04,-1.953,25865
1981-05-01,-0.154,26380
1981-04-30,0.467,26421
1981-04-29,-0.910,26298
1981-04-28,-0.877,26540
1981-04-27,0.307,26774
1981-04-24,1.381,26692
1981-04-23,-0.487,26329
1981-04-22,-0.054,26458
1981-04-21,-1.432,26472
1981-04-20,1.126,26857
1981-04-16,0.619,26558
1981-04-15,1.582,26394
1981-04-14,-0.468,25983
1981-04-13,-1.413,26105
1981-04-10,-0.364,26480
1981-04-09,0.871,26576
1981-04-08,0.434,26347
1981-04-07,-0.225,26233
1981-04-06,-1.174,26292
1981-04-03,-0.724,26605
1981-04-02,-0.020,26799
1981-04-01,0.350,26804
1981-03-31,1.071,26710
1981-03-30,-0.093,26427
1981-03-27,-1.549,26452
1981-03-26,-0.108,26868
1981-03-25,2.324,26897
1981-03-24,-0.927,26286
1981-03-23,1.025,26532
1981-03-20,0.346,26263
1981-03-19,-1.142,26172
1981-03-18,0.873,26474
1981-03-17,-0.720,26245
1981-03-16,1.104,26435
1981-03-13,0.896,26147
1981-03-12,3.110,25915
1981-03-11,-0.810,25133
1981-03-10,-0.654,25338
1981-03-09,0.971,25505
1981-03-06,-0.341,25260
1981-03-05,-0.165,25346
1981-03-04,-0.281,25388
1981-03-03,-0.474,25460
1981-03-02,0.903,25581
1981-02-27,0.620,25352
1981-02-26,2.077,25196
1981-02-25,0.331,24683
1981-02-24,0.282,24602
1981-02-23,-0.554,24533
1981-02-20,0.319,24669
1981-02-19,-2.970,24591
1981-02-18,1.729,25343
1981-02-17,-0.289,24913
1981-02-13,-1.004,24985
1981-02-12,-0.608,25238
1981-02-11,-0.645,25392
1981-02-10,0.280,25557
1981-02-09,-1.214,25486
1981-02-06,1.228,25799
1981-02-05,1.419,25486
1981-02-04,-0.051,25129
1981-02-03,1.894,25142
1981-02-02,-2.607,24675
1981-01-30,0.058,25335
1981-01-29,-0.419,25320
1981-01-28,-0.922,25427
1981-01-27,1.556,25664
1981-01-26,0.533,25270
1981-01-23,-0.063,25136
1981-01-22,-0.817,25152
1981-01-21,-1.642,25359
1981-01-20,-3.550,25783
1981-01-19,0.114,26732
1981-01-16,1.552,26701
1981-01-15,0.418,26293
1981-01-14,0.165,26184
1981-01-13,-1.078,26141
1981-01-12,-0.134,26426
1981-01-09,0.535,26461
1981-01-08,-1.803,26320
1981-01-07,-1.789,26803
1981-01-06,-0.787,27292
1981-01-05,1.908,27508
1981-01-02,0.610,26993
1980-12-31,-0.409,26829
1980-12-30,0.382,26940
1980-12-29,-0.745,26837
1980-12-26,0.131,27039
1980-12-24,0.607,27003
1980-12-23,0.844,26840
1980-12-22,2.515,26616
1980-12-19,0.173,25963
1980-12-18,0.495,25918
1980-12-17,2.587,25790
1980-12-16,0.756,25140
1980-12-15,-0.110,24951
1980-12-12,0.226,24979
1980-12-11,-0.636,24923
1980-12-10,-3.459,25082
1980-12-09,0.003,25981
1980-12-08,-2.764,25980
1980-12-05,-2.046,26718
1980-12-04,0.907,27277
1980-12-03,-0.387,27031
1980-12-02,-0.020,27136
1980-12-01,-2.777,27142
1980-11-28,-0.488,27917
1980-11-26,0.030,28054
1980-11-25,1.017,28046
1980-11-24,-0.995,27763
1980-11-21,-1.752,28042
1980-11-20,0.661,28542
1980-11-19,-0.679,28355
1980-11-18,0.861,28549
1980-11-17,0.285,28305
1980-11-14,-0.540,28224
1980-11-13,1.563,28378
1980-11-12,4.235,27941
1980-11-11,0.481,26806
1980-11-10,0.166,26677
1980-11-07,0.424,26633
1980-11-06,-1.696,26521
1980-11-05,2.449,26978
1980-11-03,1.808,26333
1980-10-31,1.734,25866
1980-10-30,-1.561,25425
1980-10-29,0.834,25828
1980-10-28,0.913,25614
1980-10-27,-1.615,25383
1980-10-24,-1.098,25799
1980-10-23,-2.356,26086
1980-10-22,0.895,26715
1980-10-21,-0.740,26478
1980-10-20,1.052,26675
1980-10-17,-0.926,26397
1980-10-16,-1.487,26644
1980-10-15,1.362,27046
1980-10-14,1.126,26683
1980-10-13,2.831,26386
1980-10-10,-0.911,25659
1980-10-09,-0.191,25895
1980-10-08,-0.383,25945
1980-10-07,-0.745,26045
1980-10-06,1.569,26240
1980-10-03,1.281,25835
1980-10-02,0.710,25508
1980-10-01,1.140,25328
1980-09-30,2.224,25042
1980-09-29,-2.853,24498
1980-09-26,-0.686,25217
1980-09-25,-1.927,25391
1980-09-24,0.356,25890
1980-09-23,-1.127,25798
1980-09-22,2.278,26092
1980-09-19,-1.048,25511
1980-09-18,-0.092,25781
1980-09-17,1.463,25805
1980-09-16,0.706,25433
1980-09-15,0.396,25255
1980-09-12,0.323,25155
1980-09-11,1.499,25074
1980-09-10,1.125,24704
1980-09-09,1.371,24429
1980-09-08,-2.040,24099
1980-09-05,-0.769,24600
1980-09-04,-1.219,24791
1980-09-03,2.967,25097
1980-09-02,1.440,24374
1980-08-29,-0.338,24028
1980-08-28,-1.081,24109
1980-08-27,-0.319,24373
1980-08-26,-0.560,24451
1980-08-25,-1.256,24589
1980-08-22,0.999,24901
1980-08-21,3.262,24655
1980-08-20,2.021,23876
1980-08-19,-1.176,23403
1980-08-18,-3.315,23682
1980-08-15,0.642,24494
1980-08-14,2.814,24337
1980-08-13,-0.035,23671
1980-08-12,-1.311,23680
1980-08-11,1.464,23994
1980-08-08,0.268,23648
1980-08-07,1.713,23585
1980-08-06,0.895,23188
1980-08-05,-0.867,22982
1980-08-04,-0.706,23183
1980-08-01,-0.504,23348
1980-07-31,-1.328,23466
1980-07-30,-0.482,23782
1980-07-29,1.066,23897
1980-07-28,0.208,23645
1980-07-25,-0.566,23596
1980-07-24,1.114,23731
1980-07-23,0.164,23469
1980-07-22,1.105,23431
1980-07-21,0.590,23175
1980-07-18,1.148,23039
1980-07-17,1.750,22777
1980-07-16,-0.608,22385
1980-07-15,-1.435,22522
1980-07-14,1.954,22850
1980-07-11,1.647,22412
1980-07-10,-2.207,22049
1980-07-09,1.360,22547
1980-07-08,-1.023,22245
1980-07-07,0.848,22475
1980-07-03,1.091,22285
1980-07-02,-0.956,22045
1980-07-01,0.497,22258
1980-06-30,-3.274,22148
1980-06-27,-0.184,22897
1980-06-26,-0.724,22939
1980-06-25,1.880,23107
1980-06-24,0.401,22680
1980-06-23,1.821,22590
1980-06-20,-0.765,22186
1980-06-19,-0.671,22357
1980-06-18,0.413,22508
1980-06-17,-0.319,22415
1980-06-16,0.397,22487
1980-06-13,1.001,22398
1980-06-12,-0.756,22176
1980-06-11,2.427,22345
1980-06-10,-0.013,21816
1980-06-09,0.073,21819
1980-06-06,1.106,21803
1980-06-05,0.509,21564
1980-06-04,3.539,21455
1980-06-03,0.197,20722
1980-06-02,-0.789,20681
1980-05-30,1.744,20846
1980-05-29,-2.433,20488
1980-05-28,0.703,20999
1980-05-27,0.144,20853
1980-05-23,2.272,20823
1980-05-22,1.955,20360
1980-05-21,0.691,19970
1980-05-20,-0.900,19833
1980-05-19,0.891,20013
1980-05-16,-0.028,19836
1980-05-15,2.290,19842
1980-05-14,1.363,19398
1980-05-13,2.112,19137
1980-05-12,-0.140,18741
1980-05-09,-2.269,18767
1980-05-08,-1.070,19203
1980-05-07,0.994,19411
1980-05-06,-0.164,19220
1980-05-05,0.330,19251
1980-05-02,-0.371,19188
1980-05-01,-0.859,19259
1980-04-30,-0.870,19426
1980-04-29,1.855,19597
1980-04-28,0.442,19240
1980-04-25,1.245,19155
1980-04-24,0.880,18919
1980-04-23,0.249,18754
1980-04-22,5.178,18708
1980-04-21,-1.688,17787
1980-04-18,-0.194,18092
1980-04-17,-0.422,18127
1980-04-16,-1.606,18204
1980-04-15,-0.690,18502
1980-04-14,-0.506,18630
1980-04-11,0.069,18725
1980-04-10,1.787,18712
1980-04-09,1.807,18384
1980-04-08,1.741,18057
1980-04-07,-1.637,17748
1980-04-03,0.947,18044
1980-04-02,0.452,17874
1980-04-01,-0.263,17794
1980-03-31,2.860,17841
1980-03-28,1.797,17345
1980-03-27,-0.028,17039
1980-03-26,-0.326,17043
1980-03-25,-0.526,17099
1980-03-24,-4.117,17189
1980-03-21,-1.340,17927
1980-03-20,-2.121,18171
1980-03-19,0.106,18565
1980-03-18,1.260,18545
1980-03-17,-4.060,18314
1980-03-14,-1.044,19089
1980-03-13,-1.886,19291
1980-03-12,-0.380,19661
1980-03-11,0.052,19736
1980-03-10,-0.420,19726
1980-03-07,-1.926,19809
1980-03-06,-1.989,20198
1980-03-05,-1.244,20608
1980-03-04,0.051,20868
1980-03-03,-2.338,20857
1980-02-29,1.105,21356
1980-02-28,0.310,21123
1980-02-27,-0.894,21058
1980-02-26,0.570,21248
1980-02-25,-2.105,21127
1980-02-22,-0.372,21582
1980-02-21,-0.821,21662
1980-02-20,2.052,21842
1980-02-19,-1.356,21402
1980-02-15,-1.494,21697
1980-02-14,-1.698,22026
1980-02-13,0.786,22406
1980-02-12,1.591,22232
1980-02-11,-1.009,21883
1980-02-08,1.917,22106
1980-02-07,0.430,21690
1980-02-06,0.778,21598
1980-02-05,0.145,21431
1980-02-04,-1.159,21400
1980-02-01,1.480,21651
1980-01-31,-0.687,21335
1980-01-30,0.653,21483
1980-01-29,-0.336,21344
1980-01-28,0.805,21415
1980-01-25,-0.395,21244
1980-01-24,0.596,21329
1980-01-23,1.208,21202
1980-01-22,-0.273,20949
1980-01-21,1.801,21006
1980-01-18,0.712,20635
1980-01-17,-0.310,20489
1980-01-16,-0.164,20552
1980-01-15,0.349,20586
1980-01-14,1.524,20514
1980-01-11,-0.013,20207
1980-01-10,1.079,20209
1980-01-09,0.458,19993
1980-01-08,2.749,19902
1980-01-07,0.993,19370
1980-01-04,0.830,19179
1980-01-03,-0.294,19021
1980-01-02,-2.711,19078
1979-12-31,-0.201,19609
1979-12-28,0.124,19649
1979-12-27,0.654,19624
1979-12-26,0.335,19497
1979-12-24,-0.358,19432
1979-12-21,-0.841,19502
1979-12-20,-0.095,19667
1979-12-19,0.322,19686
1979-12-18,-0.827,19623
1979-12-17,0.465,19786
1979-12-14,1.891,19695
1979-12-13,-0.613,19329
1979-12-12,0.312,19448
1979-12-11,-0.147,19388
1979-12-10,0.015,19416
1979-12-07,-0.657,19413
1979-12-06,1.314,19542
1979-12-05,0.178,19288
1979-12-04,1.983,19254
1979-12-03,-0.186,18880
1979-11-30,-0.653,18915
1979-11-29,-0.050,19039
1979-11-28,0.959,19049
1979-11-27,-0.354,18868
1979-11-26,2.464,18935
1979-11-23,0.492,18480
1979-11-21,0.201,18389
1979-11-20,-0.544,18352
1979-11-19,0.358,18453
1979-11-16,0.256,18387
1979-11-15,1.467,18340
1979-11-14,-0.218,18075
1979-11-13,0.035,18114
1979-11-12,1.405,18108
1979-11-09,1.320,17857
1979-11-08,0.296,17624
1979-11-07,-1.536,17572
1979-11-06,-1.001,17847
1979-11-05,-1.457,18027
1979-11-02,0.146,18294
1979-11-01,1.378,18267
1979-10-31,-0.838,18019
1979-10-30,2.164,18171
1979-10-29,0.270,17786
1979-10-26,1.478,17738
1979-10-25,-0.844,17480
1979-10-24,-0.244,17629
1979-10-23,-0.272,17672
1979-10-22,-1.494,17720
1979-10-19,-1.880,17989
1979-10-18,-0.718,18333
1979-10-17,-0.768,18466
1979-10-16,-0.650,18609
1979-10-15,-1.746,18730
1979-10-12,-2.111,19063
1979-10-11,0.120,19474
1979-10-10,-1.176,19451
1979-10-09,-2.861,19682
1979-10-08,-0.469,20262
1979-10-05,0.746,20358
1979-10-04,0.375,20207
1979-10-03,-0.466,20131
1979-10-02,1.225,20226
1979-10-01,-1.356,19981
1979-09-28,-0.179,20255
1979-09-27,0.240,20292
1979-09-26,1.231,20243
1979-09-25,0.629,19997
1979-09-24,-0.965,19872
1979-09-21,0.684,20065
1979-09-20,2.007,19929
1979-09-19,-0.167,19537
1979-09-18,-0.873,19570
1979-09-17,-0.095,19742
1979-09-14,1.392,19761
1979-09-13,0.184,19489
1979-09-12,0.916,19454
1979-09-11,-1.019,19277
1979-09-10,0.573,19475
1979-09-07,0.907,19365
1979-09-06,1.020,19190
1979-09-05,-1.586,18997
1979-09-04,-2.094,19303
1979-08-31,0.095,19716
1979-08-30,0.029,19697
1979-08-29,0.549,19691
1979-08-28,-0.668,19584
1979-08-27,1.009,19715
1979-08-24,-0.061,19518
1979-08-23,-0.300,19530
1979-08-22,0.273,19589
1979-08-21,-0.617,19536
1979-08-20,0.459,19657
1979-08-17,0.300,19567
1979-08-16,-1.078,19509
1979-08-15,1.144,19721
1979-08-14,0.002,19498
1979-08-13,1.526,19498
1979-08-10,1.151,19205
1979-08-09,-0.855,18986
1979-08-08,0.839,19150
1979-08-07,2.052,18991
1979-08-06,-0.017,18609
1979-08-03,-0.036,18612
1979-08-02,-0.128,18619
1979-08-01,0.861,18643
1979-07-31,0.608,18483
1979-07-30,0.043,18372
1979-07-27,0.163,18364
1979-07-26,-0.490,18334
1979-07-25,0.798,18424
1979-07-24,0.526,18278
1979-07-23,0.086,18183
1979-07-20,0.429,18167
1979-07-19,0.477,18089
1979-07-18,-1.035,18004
1979-07-17,-1.174,18192
1979-07-16,0.461,18408
1979-07-13,-0.501,18324
1979-07-12,-0.926,18416
1979-07-11,-1.245,18588
1979-07-10,0.217,18822
1979-07-09,0.545,18781
1979-07-06,1.641,18680
1979-07-05,1.047,18378
1979-07-03,0.809,18187
1979-07-02,-1.372,18041
1979-06-29,-0.023,18292
1979-06-28,0.687,18297
1979-06-27,0.706,18172
1979-06-26,-1.101,18044
1979-06-25,-1.691,18245
1979-06-22,0.988,18559
1979-06-21,0.788,18378
1979-06-20,-0.210,18234
1979-06-19,0.120,18272
1979-06-18,-0.094,18251
1979-06-15,-0.401,18268
1979-06-14,0.168,18341
1979-06-13,0.014,18310
1979-06-12,1.287,18308
1979-06-11,-0.548,18075
1979-06-08,-0.744,18175
1979-06-07,1.039,18311
1979-06-06,1.207,18123
1979-06-05,2.187,17907
1979-06-04,0.191,17523
1979-06-01,0.057,17490
1979-05-31,-0.265,17480
1979-05-30,-1.539,17527
1979-05-29,0.522,17800
1979-05-25,-0.253,17708
1979-05-24,0.036,17753
1979-05-23,-1.008,17747
1979-05-22,0.363,17927
1979-05-21,-0.101,17862
1979-05-18,0.573,17880
1979-05-17,1.420,17779
1979-05-16,0.495,17530
1979-05-15,0.275,17443
1979-05-14,-1.170,17396
1979-05-11,0.990,17601
1979-05-10,-1.728,17429
1979-05-09,-0.215,17735
1979-05-08,0.563,17773
1979-05-07,-2.151,17674
1979-05-04,-0.549,18063
1979-05-03,0.090,18162
1979-05-02,1.057,18146
1979-05-01,-0.629,17956
1979-04-30,-0.024,18070
1979-04-27,-0.258,18074
1979-04-26,-0.180,18121
1979-04-25,-0.287,18154
1979-04-24,1.548,18206
1979-04-23,0.227,17928
1979-04-20,-0.322,17888
1979-04-19,-0.651,17945
1979-04-18,0.432,18063
1979-04-17,-0.709,17985
1979-04-16,-1.754,18114
1979-04-12,-0.482,18437
1979-04-11,-1.677,18526
1979-04-10,1.129,18842
1979-04-09,-0.394,18632
1979-04-06,-0.163,18706
1979-04-05,0.945,18736
1979-04-04,1.148,18561
1979-04-03,1.817,18350
1979-04-02,-0.248,18023
1979-03-30,-0.940,18067
1979-03-29,0.173,18239
1979-03-28,-0.602,18207
1979-03-27,2.466,18317
1979-03-26,-0.863,17877
1979-03-23,0.003,18032
1979-03-22,0.678,18032
1979-03-21,0.369,17910
1979-03-20,-0.889,17844
1979-03-19,-0.246,18005
1979-03-16,1.001,18049
1979-03-15,0.116,17870
1979-03-14,-0.128,17849
1979-03-13,0.396,17872
1979-03-12,-0.875,17802
1979-03-09,0.593,17959
1979-03-08,2.194,17853
1979-03-07,0.726,17470
1979-03-06,-0.504,17344
1979-03-05,1.654,17432
1979-03-02,0.135,17148
1979-03-01,1.022,17125
1979-02-28,0.167,16952
1979-02-27,-1.421,16923
1979-02-26,0.268,17167
1979-02-23,-2.279,17122
1979-02-22,-0.613,17521
1979-02-21,-1.110,17629
1979-02-20,0.846,17827
1979-02-16,0.043,17677
1979-02-15,-0.117,17670
1979-02-14,0.745,17690
1979-02-13,1.404,17559
1979-02-12,0.524,17316
1979-02-09,0.359,17226
1979-02-08,0.098,17164
1979-02-07,-0.320,17148
1979-02-06,0.363,17203
1979-02-05,-1.685,17140
1979-02-02,-0.903,17434
1979-02-01,0.233,17593
1979-01-31,-1.762,17552
1979-01-30,-1.354,17867
1979-01-29,-0.334,18112
1979-01-26,0.498,18173
1979-01-25,2.363,18083
1979-01-24,-1.102,17665
1979-01-23,0.551,17862
1979-01-22,0.177,17764
1979-01-19,-0.003,17733
1979-01-18,-0.109,17733
1979-01-17,0.706,17753
1979-01-16,-1.838,17628
1979-01-15,0.770,17958
1979-01-12,1.377,17821
1979-01-11,0.147,17579
1979-01-10,-0.155,17553
1979-01-09,0.731,17580
1979-01-08,0.692,17453
1979-01-05,0.337,17333
1979-01-04,0.610,17275
1979-01-03,1.072,17170
1979-01-02,0.610,16988
1978-12-29,-0.667,16885
1978-12-28,0.028,16998
1978-12-27,-1.337,16993
1978-12-26,2.369,17224
1978-12-22,1.981,16825
1978-12-21,-0.238,16498
1978-12-20,0.185,16538
1978-12-19,0.717,16507
1978-12-18,-3.068,16390
1978-12-15,-0.267,16908
1978-12-14,0.049,16954
1978-12-13,-0.608,16945
1978-12-12,-0.180,17049
1978-12-11,0.537,17080
1978-12-08,-0.523,16989
1978-12-07,0.128,17078
1978-12-06,0.779,17056
1978-12-05,2.162,16924
1978-12-04,0.000,16566
1978-12-01,2.207,16566
1978-11-30,1.466,16208
1978-11-29,-2.170,15974
1978-11-28,-1.740,16329
1978-11-27,-0.311,16618
1978-11-24,0.191,16670
1978-11-22,0.860,16638
1978-11-21,-1.338,16496
1978-11-20,0.825,16720
1978-11-17,0.308,16583
1978-11-16,0.473,16532
1978-11-15,-0.153,16454
1978-11-14,-1.510,16479
1978-11-13,-1.828,16732
1978-11-10,-0.012,17044
1978-11-09,0.087,17046
1978-11-08,1.006,17031
1978-11-07,-1.919,16861
1978-11-06,-1.888,17191
1978-11-03,1.405,17522
1978-11-02,-0.717,17279
1978-11-01,3.509,17404
1978-10-31,-1.829,16814
1978-10-30,0.426,17127
1978-10-27,-0.838,17055
1978-10-26,-1.171,17199
1978-10-25,-0.597,17403
1978-10-24,-1.184,17507
1978-10-23,0.576,17717
1978-10-20,-1.818,17615
1978-10-19,-0.901,17941
1978-10-18,-0.227,18104
1978-10-17,-1.003,18146
1978-10-16,-2.137,18330
1978-10-13,-0.035,18730
1978-10-12,-0.426,18736
1978-10-11,1.210,18816
1978-10-10,0.326,18592
1978-10-09,1.183,18531
1978-10-06,1.219,18314
1978-10-05,0.401,18094
1978-10-04,0.662,18021
1978-10-03,0.048,17903
1978-10-02,0.445,17894
1978-09-29,0.585,17815
1978-09-28,1.117,17712
1978-09-27,-1.090,17516
1978-09-26,0.778,17709
1978-09-25,0.001,17572
1978-09-22,-0.288,17572
1978-09-21,-0.106,17623
1978-09-20,-0.850,17641
1978-09-19,-0.480,17792
1978-09-18,-0.856,17878
1978-09-15,-1.448,18033
1978-09-14,-1.277,18298
1978-09-13,-0.594,18534
1978-09-12,-0.232,18645
1978-09-11,0.296,18688
1978-09-08,1.673,18633
1978-09-07,0.612,18327
1978-09-06,1.281,18215
1978-09-05,0.996,17985
1978-09-01,0.909,17807
1978-08-31,0.184,17647
1978-08-30,-0.112,17615
1978-08-29,-0.502,17634
1978-08-28,-0.664,17723
1978-08-25,-0.024,17842
1978-08-24,0.045,17846
1978-08-23,0.473,17838
1978-08-22,-0.160,17754
1978-08-21,-1.164,17782
1978-08-18,-0.340,17992
1978-08-17,0.670,18053
1978-08-16,1.436,17933
1978-08-15,-0.069,17679
1978-08-14,0.134,17691
1978-08-11,-0.027,17668
1978-08-10,-1.179,17673
1978-08-09,0.514,17884
1978-08-08,0.601,17792
1978-08-07,0.019,17686
1978-08-04,0.118,17683
1978-08-03,0.690,17662
1978-08-02,3.042,17541
1978-08-01,-0.147,17023
1978-07-31,1.028,17048
1978-07-28,0.782,16874
1978-07-27,1.261,16744
1978-07-26,0.665,16535
1978-07-25,1.091,16426
1978-07-24,0.293,16249
1978-07-21,-0.476,16201
1978-07-20,-0.299,16279
1978-07-19,2.075,16328
1978-07-18,-1.111,15996
1978-07-17,0.387,16175
1978-07-14,1.588,16113
1978-07-13,-0.043,15861
1978-07-12,0.782,15868
1978-07-11,0.772,15745
1978-07-10,0.475,15624
1978-07-07,1.227,15550
1978-07-06,0.430,15362
1978-07-05,-1.268,15296
1978-07-03,0.045,15493
1978-06-30,-0.065,15486
1978-06-29,0.384,15496
1978-06-28,0.622,15436
1978-06-27,0.878,15341
1978-06-26,-1.259,15207
1978-06-23,-0.555,15401
1978-06-22,0.484,15487
1978-06-21,-0.592,15413
1978-06-20,-1.288,15504
1978-06-19,0.132,15707
1978-06-16,-0.878,15686
1978-06-15,-0.729,15825
1978-06-14,-0.215,15941
1978-06-13,0.507,15976
1978-06-12,-0.417,15895
1978-06-09,0.364,15962
1978-06-08,0.042,15904
1978-06-07,-0.680,15897
1978-06-06,0.577,16006
1978-06-05,2.197,15914
1978-06-02,0.699,15572
1978-06-01,0.700,15464
1978-05-31,0.206,15356
1978-05-30,0.431,15325
1978-05-26,0.044,15259
1978-05-25,-0.701,15252
1978-05-24,-0.572,15360
1978-05-23,-1.205,15448
1978-05-22,0.896,15637
1978-05-19,-0.253,15498
1978-05-18,-1.097,15537
1978-05-17,0.525,15710
1978-05-16,0.189,15628
1978-05-15,0.462,15598
1978-05-12,1.348,15526
1978-05-11,1.586,15320
1978-05-10,0.444,15081
1978-05-09,-0.259,15014
1978-05-08,-0.485,15053
1978-05-05,0.949,15126
1978-05-04,-0.246,14984
1978-05-03,-1.084,15021
1978-05-02,-0.636,15186
1978-05-01,1.372,15283
1978-04-28,1.001,15076
1978-04-27,-1.105,14927
1978-04-26,0.175,15094
1978-04-25,1.083,15067
1978-04-24,1.727,14906
1978-04-21,-0.406,14653
1978-04-20,1.054,14712
1978-04-19,-0.110,14559
1978-04-18,-0.716,14575
1978-04-17,1.357,14680
1978-04-14,2.617,14484
1978-04-13,1.065,14114
1978-04-12,-0.648,13966
1978-04-11,-0.262,14057
1978-04-10,0.301,14094
1978-04-07,0.356,14051
1978-04-06,-0.217,14001
1978-04-05,0.585,14032
1978-04-04,0.421,13950
1978-04-03,-1.149,13892
1978-03-31,-0.069,14053
1978-03-30,-0.427,14063
1978-03-29,0.313,14123
1978-03-28,0.853,14079
1978-03-27,-0.151,13960
1978-03-23,0.142,13981
1978-03-22,-0.083,13961
1978-03-21,-1.129,13973
1978-03-20,1.041,14133
1978-03-17,1.083,13987
1978-03-16,0.567,13837
1978-03-15,-0.503,13759
1978-03-14,0.159,13829
1978-03-13,0.128,13807
1978-03-10,1.544,13789
1978-03-09,0.770,13579
1978-03-08,0.411,13476
1978-03-07,0.908,13421
1978-03-06,-0.347,13300
1978-03-03,0.669,13346
1978-03-02,-0.270,13257
1978-03-01,0.756,13293
1978-02-28,-0.787,13193
1978-02-27,-0.380,13298
1978-02-24,1.361,13349
1978-02-23,0.083,13170
1978-02-22,-0.056,13159
1978-02-21,-0.393,13166
1978-02-17,-0.154,13218
1978-02-16,-1.372,13238
1978-02-15,-0.157,13423
1978-02-14,-0.733,13444
1978-02-13,-0.147,13543
1978-02-10,-0.320,13563
1978-02-09,-0.456,13606
1978-02-08,0.675,13669
1978-02-07,0.833,13577
1978-02-06,0.164,13465
1978-02-03,-0.322,13443
1978-02-02,0.118,13486
1978-02-01,0.578,13470
1978-01-31,0.097,13393
1978-01-30,1.098,13380
1978-01-27,0.217,13235
1978-01-26,-0.898,13206
1978-01-25,0.246,13326
1978-01-24,-0.062,13293
1978-01-23,-1.097,13301
1978-01-20,-0.032,13449
1978-01-19,-0.399,13453
1978-01-18,0.683,13507
1978-01-17,0.840,13415
1978-01-16,-0.170,13304
1978-01-13,-0.021,13326
1978-01-12,0.546,13329
1978-01-11,-0.702,13257
1978-01-10,-0.650,13350
1978-01-09,-1.156,13438
1978-01-06,-1.130,13595
1978-01-05,-0.822,13750
1978-01-04,-0.223,13864
1978-01-03,-1.424,13895
1977-12-30,0.036,14096
1977-12-29,0.083,14091
1977-12-28,0.404,14079
1977-12-27,-0.102,14022
1977-12-23,1.475,14037
1977-12-22,1.007,13833
1977-12-21,0.468,13695
1977-12-20,-0.227,13631
1977-12-19,-0.949,13662
1977-12-16,-0.208,13793
1977-12-15,-0.659,13821
1977-12-14,0.606,13913
1977-12-13,-0.009,13829
1977-12-12,0.452,13831
1977-12-09,0.980,13768
1977-12-08,0.242,13635
1977-12-07,0.213,13602
1977-12-06,-1.304,13573
1977-12-05,-0.438,13752
1977-12-02,0.352,13813
1977-12-01,0.256,13764
1977-11-30,0.365,13729
1977-11-29,-2.749,13679
1977-11-28,-1.019,14066
1977-11-25,0.261,14211
1977-11-23,0.175,14174
1977-11-22,1.325,14149
1977-11-21,-0.285,13964
1977-11-18,0.483,14004
1977-11-17,-0.671,13936
1977-11-16,-0.648,14030
1977-11-15,0.980,14122
1977-11-14,-0.738,13985
1977-11-11,1.478,14089
1977-11-10,2.116,13884
1977-11-09,0.987,13596
1977-11-08,0.736,13463
1977-11-07,0.674,13365
1977-11-04,0.943,13275
1977-11-03,-0.144,13151
1977-11-02,-0.624,13170
1977-11-01,-1.194,13253
1977-10-31,0.276,13413
1977-10-28,0.189,13376
1977-10-27,-0.601,13351
1977-10-26,1.496,13432
1977-10-25,-0.386,13234
1977-10-24,-1.034,13285
1977-10-21,-0.732,13424
1977-10-20,0.348,13523
1977-10-19,-0.838,13476
1977-10-18,0.531,13590
1977-10-17,-0.432,13518
1977-10-14,0.769,13577
1977-10-13,-0.212,13473
1977-10-12,-0.358,13502
1977-10-11,-1.361,13550
1977-10-10,-0.634,13737
1977-10-07,-0.244,13825
1977-10-06,1.200,13859
1977-10-05,-0.157,13694
1977-10-04,-1.007,13716
1977-10-03,0.399,13855
1977-09-30,1.213,13800
1977-09-29,-0.031,13635
1977-09-28,-0.293,13639
1977-09-27,-0.410,13679
1977-09-26,0.730,13735
1977-09-23,0.390,13636
1977-09-22,0.722,13583
1977-09-21,-0.466,13486
1977-09-20,0.777,13549
1977-09-19,-1.194,13444
1977-09-16,-0.215,13607
1977-09-15,0.656,13636
1977-09-14,1.523,13547
1977-09-13,-1.166,13344
1977-09-12,-0.546,13501
1977-09-09,-0.978,13575
1977-09-08,-0.798,13710
1977-09-07,0.608,13820
1977-09-06,0.772,13736
1977-09-02,0.638,13631
1977-09-01,-0.290,13545
1977-08-31,1.116,13584
1977-08-30,-0.245,13434
1977-08-29,0.988,13467
1977-08-26,-0.216,13336
1977-08-25,-1.738,13364
1977-08-24,-0.321,13601
1977-08-23,-0.110,13645
1977-08-22,0.248,13660
1977-08-19,-0.039,13626
1977-08-18,1.032,13631
1977-08-17,0.074,13492
1977-08-16,-0.915,13482
1977-08-15,0.831,13606
1977-08-12,-0.086,13494
1977-08-11,-1.028,13506
1977-08-10,1.700,13646
1977-08-09,0.682,13418
1977-08-08,-1.988,13327
1977-08-05,-0.246,13597
1977-08-04,0.171,13631
1977-08-03,-0.079,13608
1977-08-02,-0.544,13619
1977-08-01,1.147,13693
1977-07-29,-0.567,13538
1977-07-28,1.200,13615
1977-07-27,-2.465,13453
1977-07-26,-1.169,13794
1977-07-25,-0.944,13957
1977-07-22,0.355,14090
1977-07-21,0.655,14040
1977-07-20,0.066,13948
1977-07-19,1.150,13939
1977-07-18,0.863,13781
1977-07-15,0.274,13663
1977-07-13,0.037,13626
1977-07-12,-0.149,13621
1977-07-11,-0.453,13641
1977-07-08,0.171,13703
1977-07-07,0.631,13679
1977-07-06,-0.146,13594
1977-07-05,-0.519,13613
1977-07-01,-1.195,13684
1977-06-30,0.576,13850
1977-06-29,-0.072,13771
1977-06-28,-0.929,13780
1977-06-27,-1.322,13910
1977-06-24,0.101,14096
1977-06-23,1.161,14082
1977-06-22,-0.037,13920
1977-06-21,0.114,13925
1977-06-20,1.132,13909
1977-06-17,-0.572,13754
1977-06-16,0.303,13833
1977-06-15,-0.563,13791
1977-06-14,0.906,13869
1977-06-13,0.844,13745
1977-06-10,0.745,13630
1977-06-09,-0.257,13529
1977-06-08,1.530,13564
1977-06-07,0.726,13359
1977-06-06,-0.450,13263
1977-06-03,1.295,13323
1977-06-02,-0.670,13152
1977-06-01,0.899,13241
1977-05-31,-0.202,13123
1977-05-27,-1.344,13150
1977-05-26,0.802,13329
1977-05-25,-0.859,13223
1977-05-24,-0.578,13337
1977-05-23,-1.636,13415
1977-05-20,-0.522,13638
1977-05-19,-0.726,13709
1977-05-18,1.518,13810
1977-05-17,0.218,13603
1977-05-16,-0.003,13574
1977-05-13,-0.008,13574
1977-05-12,-0.670,13575
1977-05-11,-0.863,13667
1977-05-10,0.768,13786
1977-05-09,0.379,13681
1977-05-06,-1.649,13629
1977-05-05,0.127,13857
1977-05-04,1.101,13840
1977-05-03,1.264,13689
1977-05-02,0.594,13518
1977-04-29,0.523,13439
1977-04-28,0.344,13369
1977-04-27,1.102,13323
1977-04-26,-0.147,13178
1977-04-25,-2.524,13197
1977-04-22,-1.303,13539
1977-04-21,-0.253,13718
1977-04-20,0.527,13752
1977-04-19,-0.613,13680
1977-04-18,-0.539,13765
1977-04-15,-0.017,13839
1977-04-14,0.992,13841
1977-04-13,0.187,13706
1977-04-12,1.273,13680
1977-04-11,0.943,13508
1977-04-07,1.733,13382
1977-04-06,0.657,13154
1977-04-05,-0.697,13068
1977-04-04,-1.699,13160
1977-04-01,1.125,13387
1977-03-31,-0.333,13238
1977-03-30,-1.855,13282
1977-03-29,1.506,13534
1977-03-28,0.526,13333
1977-03-25,-0.467,13263
1977-03-24,-0.370,13325
1977-03-23,-0.237,13375
1977-03-22,0.047,13407
1977-03-21,-1.224,13400
1977-03-18,-0.422,13566
1977-03-17,-0.123,13624
1977-03-16,-0.485,13640
1977-03-15,0.613,13707
1977-03-14,0.813,13623
1977-03-11,0.149,13514
1977-03-10,0.728,13494
1977-03-09,-1.472,13396
1977-03-08,-1.225,13596
1977-03-07,-0.260,13765
1977-03-04,0.702,13801
1977-03-03,1.309,13705
1977-03-02,-0.410,13527
1977-03-01,1.518,13583
1977-02-28,-0.491,13380
1977-02-25,0.449,13446
1977-02-24,-0.814,13386
1977-02-23,-0.385,13496
1977-02-22,0.578,13548
1977-02-18,-0.228,13470
1977-02-17,-0.710,13501
1977-02-16,1.126,13597
1977-02-15,0.491,13446
1977-02-14,1.421,13380
1977-02-11,-1.155,13193
1977-02-10,-0.503,13347
1977-02-09,-1.266,13414
1977-02-08,0.201,13586
1977-02-07,-0.378,13559
1977-02-04,0.453,13611
1977-02-03,-0.386,13549
1977-02-02,-0.446,13602
1977-02-01,1.545,13663
1977-01-31,-0.249,13455
1977-01-28,0.444,13488
1977-01-27,-0.367,13429
1977-01-26,-1.233,13478
1977-01-25,0.800,13647
1977-01-24,-0.886,13538
1977-01-21,1.432,13659
1977-01-20,-0.639,13466
1977-01-19,0.414,13553
1977-01-18,-0.653,13497
1977-01-17,-0.542,13586
1977-01-14,0.089,13660
1977-01-13,1.101,13648
1977-01-12,-0.795,13499
1977-01-11,-1.421,13607
1977-01-10,0.734,13804
1977-01-07,0.349,13703
1977-01-06,-0.066,13655
1977-01-05,-1.513,13664
1977-01-04,-1.965,13874
1977-01-03,-0.096,14152
1976-12-31,0.398,14166
1976-12-30,0.235,14110
1976-12-29,-0.510,14076
1976-12-28,1.621,14149
1976-12-27,1.307,13923
1976-12-23,0.219,13743
1976-12-22,0.550,13713
1976-12-21,1.060,13638
1976-12-20,-0.736,13495
1976-12-17,-0.385,13595
1976-12-16,-0.126,13648
1976-12-15,-0.439,13665
1976-12-14,0.409,13725
1976-12-13,0.483,13669
1976-12-10,0.703,13604
1976-12-09,0.743,13509
1976-12-08,1.582,13409
1976-12-07,0.958,13200
1976-12-06,2.660,13075
1976-12-03,0.281,12736
1976-12-02,0.100,12701
1976-12-01,0.028,12688
1976-11-30,0.035,12684
1976-11-29,-0.980,12680
1976-11-26,1.262,12805
1976-11-24,0.026,12646
1976-11-23,-0.758,12642
1976-11-22,0.945,12739
1976-11-19,0.194,12620
1976-11-18,1.422,12595
1976-11-17,0.969,12419
1976-11-16,0.371,12299
1976-11-15,0.879,12254
1976-11-12,-0.474,12147
1976-11-11,0.766,12205
1976-11-10,-0.804,12112
1976-11-09,-0.346,12210
1976-11-08,-1.741,12253
1976-11-05,-1.826,12470
1976-11-04,0.602,12702
1976-11-03,-1.593,12626
1976-11-01,0.293,12830
1976-10-29,1.162,12793
1976-10-28,-0.423,12646
1976-10-27,1.043,12700
1976-10-26,0.897,12568
1976-10-25,-0.368,12457
1976-10-22,-0.906,12503
1976-10-21,-1.836,12617
1976-10-20,0.436,12853
1976-10-19,-0.216,12797
1976-10-18,0.535,12825
1976-10-15,-0.214,12757
1976-10-14,-1.164,12784
1976-10-13,1.173,12935
1976-10-12,-0.741,12785
1976-10-11,-1.234,12880
1976-10-08,-1.979,13041
1976-10-07,1.009,13304
1976-10-06,-0.295,13171
1976-10-05,-1.083,13210
1976-10-04,-0.223,13355
1976-10-01,-1.121,13385
1976-09-30,-0.115,13537
1976-09-29,-1.617,13552
1976-09-28,-1.294,13775
1976-09-27,0.721,13955
1976-09-24,-0.382,13855
1976-09-23,-0.831,13909
1976-09-22,-0.208,14025
1976-09-21,1.503,14055
1976-09-20,0.271,13847
1976-09-17,0.900,13809
1976-09-16,0.561,13686
1976-09-15,0.807,13610
1976-09-14,-0.396,13501
1976-09-13,-0.021,13554
1976-09-10,-0.143,13557
1976-09-09,-0.538,13577
1976-09-08,0.052,13650
1976-09-07,0.869,13643
1976-09-03,0.067,13525
1976-09-02,-0.566,13516
1976-09-01,1.506,13593
1976-08-31,1.169,13392
1976-08-30,0.702,13237
1976-08-27,0.390,13145
1976-08-26,-0.607,13094
1976-08-25,0.841,13173
1976-08-24,-0.237,13064
1976-08-23,-0.723,13095
1976-08-20,-2.312,13190
1976-08-19,-1.640,13502
1976-08-18,0.348,13727
1976-08-17,0.216,13680
1976-08-16,0.564,13650
1976-08-13,-0.092,13574
1976-08-12,0.187,13586
1976-08-11,-0.118,13561
1976-08-10,1.195,13577
1976-08-09,-0.303,13416
1976-08-06,-0.523,13457
1976-08-05,-0.965,13528
1976-08-04,0.304,13660
1976-08-03,1.018,13618
1976-08-02,-0.014,13481
1976-07-30,0.600,13483
1976-07-29,-0.684,13403
1976-07-28,-0.108,13495
1976-07-27,-0.762,13510
1976-07-26,-0.591,13613
1976-07-23,0.306,13694
1976-07-22,-0.363,13652
1976-07-21,0.358,13702
1976-07-20,-1.265,13653
1976-07-19,-0.760,13828
1976-07-16,-0.159,13934
1976-07-15,-0.243,13956
1976-07-14,0.763,13990
1976-07-13,0.283,13884
1976-07-12,0.805,13845
1976-07-09,1.464,13735
1976-07-08,-0.270,13537
1976-07-07,0.651,13573
1976-07-06,-0.679,13485
1976-07-02,0.532,13578
1976-07-01,-1.403,13506
1976-06-30,0.383,13698
1976-06-29,0.599,13646
1976-06-28,-0.160,13565
1976-06-25,0.431,13586
1976-06-24,0.261,13528
1976-06-23,-0.857,13493
1976-06-22,-0.762,13609
1976-06-21,0.411,13714
1976-06-18,0.796,13658
1976-06-17,1.526,13550
1976-06-16,1.402,13346
1976-06-15,-0.355,13162
1976-06-14,1.216,13209
1976-06-11,1.699,13050
1976-06-10,1.157,12832
1976-06-09,-0.425,12685
1976-06-08,0.651,12739
1976-06-07,-0.975,12657
1976-06-04,-1.576,12781
1976-06-03,-0.171,12986
1976-06-02,0.375,13008
1976-06-01,-1.272,12960
1976-05-28,1.113,13127
1976-05-27,0.391,12982
1976-05-26,-1.037,12931
1976-05-25,-0.156,13067
1976-05-24,-2.168,13087
1976-05-21,-0.112,13377
1976-05-20,1.333,13392
1976-05-19,-0.397,13216
1976-05-18,-0.114,13269
1976-05-17,-1.058,13284
1976-05-14,-1.141,13426
1976-05-13,-0.547,13581
1976-05-12,0.173,13656
1976-05-11,-0.465,13632
1976-05-10,1.550,13696
1976-05-07,0.797,13487
1976-05-06,-0.141,13380
1976-05-05,-1.125,13399
1976-05-04,1.163,13552
1976-05-03,-0.727,13396
1976-04-30,-0.286,13494
1976-04-29,-0.462,13533
1976-04-28,0.619,13596
1976-04-27,-0.814,13512
1976-04-26,-0.397,13623
1976-04-23,-0.148,13677
1976-04-22,-0.742,13697
1976-04-21,0.335,13800
1976-04-20,2.409,13754
1976-04-19,0.957,13430
1976-04-15,0.301,13303
1976-04-14,-1.494,13263
1976-04-13,0.844,13464
1976-04-12,-0.651,13352
1976-04-09,-0.710,13439
1976-04-08,-1.316,13535
1976-04-07,-1.054,13716
1976-04-06,-0.210,13862
1976-04-05,1.857,13891
1976-04-02,0.018,13638
1976-04-01,-0.018,13635
1976-03-31,1.675,13638
1976-03-30,-1.222,13413
1976-03-29,-0.576,13579
1976-03-26,-0.516,13658
1976-03-25,-1.087,13728
1976-03-24,1.087,13879
1976-03-23,1.891,13730
1976-03-22,0.613,13475
1976-03-19,0.301,13393
1976-03-18,-0.182,13353
1976-03-17,-0.701,13377
1976-03-16,1.450,13472
1976-03-15,-1.421,13279
1976-03-12,-0.879,13470
1976-03-11,1.445,13590
1976-03-10,0.169,13396
1976-03-09,0.197,13374
1976-03-08,1.462,13347
1976-03-05,0.068,13155
1976-03-04,-1.427,13146
1976-03-03,-1.236,13337
1976-03-02,0.775,13503
1976-03-01,-0.117,13400
1976-02-27,-0.226,13415
1976-02-26,-2.046,13446
1976-02-25,-0.041,13726
1976-02-24,1.132,13732
1976-02-23,-1.081,13578
1976-02-20,0.364,13727
1976-02-19,2.249,13677
1976-02-18,1.187,13376
1976-02-17,-0.325,13219
1976-02-13,-0.174,13262
1976-02-12,-0.562,13286
1976-02-11,0.355,13361
1976-02-10,1.036,13313
1976-02-09,0.348,13177
1976-02-06,-0.878,13131
1976-02-05,-2.057,13247
1976-02-04,0.408,13526
1976-02-03,0.241,13471
1976-02-02,-0.947,13438
1976-01-30,0.725,13567
1976-01-29,1.479,13469
1976-01-28,-0.731,13273
1976-01-27,-1.392,13370
1976-01-26,0.196,13559
1976-01-23,2.696,13533
1976-01-22,-0.110,13177
1976-01-21,-1.261,13192
1976-01-20,0.910,13360
1976-01-19,1.527,13240
1976-01-16,0.211,13041
1976-01-15,-1.353,13013
1976-01-14,2.137,13192
1976-01-13,-1.056,12916
1976-01-12,2.446,13053
1976-01-09,0.842,12742
1976-01-08,0.366,12635
1976-01-07,0.680,12589
1976-01-06,2.087,12504
1976-01-05,2.457,12249
1976-01-02,0.581,11955
1975-12-31,0.970,11886
1975-12-30,-0.179,11772
1975-12-29,-0.889,11793
1975-12-26,0.740,11899
1975-12-24,0.951,11811
1975-12-23,1.281,11700
1975-12-22,-1.134,11552
1975-12-19,-0.990,11684
1975-12-18,0.938,11801
1975-12-17,1.329,11692
1975-12-16,0.757,11538
1975-12-15,1.445,11451
1975-12-12,1.028,11288
1975-12-11,-0.403,11173
1975-12-10,1.837,11219
1975-12-09,1.215,11016
1975-12-08,-0.394,10884
1975-12-05,-3.237,10927
1975-12-04,0.375,11293
1975-12-03,-3.518,11250
1975-12-02,-1.518,11661
1975-12-01,-0.492,11840
1975-11-28,-0.163,11899
1975-11-26,0.329,11918
1975-11-25,3.156,11879
1975-11-24,0.403,11516
1975-11-21,-0.728,11470
1975-11-20,-0.007,11554
1975-11-19,-2.577,11554
1975-11-18,-0.794,11860
1975-11-17,-0.861,11955
1975-11-14,0.858,12059
1975-11-13,-1.077,11956
1975-11-12,1.618,12087
1975-11-11,1.075,11894
1975-11-10,1.289,11768
1975-11-07,0.205,11618
1975-11-06,0.655,11594
1975-11-05,1.344,11519
1975-11-04,0.024,11366
1975-11-03,-0.918,11363
1975-10-31,0.487,11468
1975-10-30,-0.135,11413
1975-10-29,-0.607,11428
1975-10-28,2.496,11498
1975-10-27,-1.236,11218
1975-10-24,-2.496,11359
1975-10-23,0.804,11649
1975-10-22,0.023,11556
1975-10-21,1.447,11554
1975-10-20,1.692,11389
1975-10-17,-0.129,11200
1975-10-16,-0.513,11214
1975-10-15,-1.267,11272
1975-10-14,-0.976,11416
1975-10-13,3.309,11529
1975-10-10,-0.111,11160
1975-10-09,0.415,11172
1975-10-08,1.919,11126
1975-10-07,0.395,10917
1975-10-06,0.815,10874
1975-10-03,3.330,10786
1975-10-02,1.949,10438
1975-10-01,-1.942,10239
1975-09-30,-2.931,10441
1975-09-29,-2.097,10757
1975-09-26,1.207,10987
1975-09-25,-0.225,10856
1975-09-24,0.573,10880
1975-09-23,-0.466,10818
1975-09-22,-1.663,10869
1975-09-19,2.187,11053
1975-09-18,3.154,10816
1975-09-17,0.175,10486
1975-09-16,-0.219,10467
1975-09-15,0.288,10490
1975-09-12,1.453,10460
1975-09-11,-1.316,10310
1975-09-10,-0.269,10448
1975-09-09,-2.580,10476
1975-09-08,0.009,10754
1975-09-05,0.039,10753
1975-09-04,-0.686,10748
1975-09-03,-0.312,10823
1975-09-02,-2.384,10857
1975-08-29,0.403,11122
1975-08-28,3.137,11077
1975-08-27,1.530,10740
1975-08-26,-1.350,10578
1975-08-25,1.865,10723
1975-08-22,2.360,10527
1975-08-21,-0.853,10284
1975-08-20,-2.940,10372
1975-08-19,-2.370,10687
1975-08-18,-0.110,10946
1975-08-15,1.182,10958
1975-08-14,-2.643,10830
1975-08-13,-1.879,11124
1975-08-12,1.152,11337
1975-08-11,1.693,11208
1975-08-08,-1.169,11021
1975-08-07,0.651,11152
1975-08-06,-0.179,11080
1975-08-05,-0.691,11100
1975-08-04,-0.827,11177
1975-08-01,-1.140,11270
1975-07-31,-1.991,11400
1975-07-30,1.764,11631
1975-07-29,-0.847,11430
1975-07-28,-0.410,11527
1975-07-25,-0.232,11575
1975-07-24,-1.223,11602
1975-07-23,-2.081,11746
1975-07-22,-1.593,11995
1975-07-21,-1.868,12189
1975-07-18,0.242,12421
1975-07-17,-2.273,12391
1975-07-16,-1.215,12680
1975-07-15,1.681,12836
1975-07-14,0.832,12623
1975-07-11,0.470,12519
1975-07-10,-0.184,12461
1975-07-09,3.485,12484
1975-07-08,0.174,12063
1975-07-07,-2.146,12042
1975-07-03,1.145,12306
1975-07-02,-1.353,12167
1975-07-01,-0.793,12334
1975-06-30,0.184,12432
1975-06-27,-0.451,12410
1975-06-26,0.514,12466
1975-06-25,1.010,12402
1975-06-24,2.161,12278
1975-06-23,1.190,12018
1975-06-20,-0.081,11877
1975-06-19,2.118,11887
1975-06-18,-0.413,11640
1975-06-17,-1.029,11688
1975-06-16,1.188,11810
1975-06-13,2.336,11671
1975-06-12,-1.960,11405
1975-06-11,-0.301,11633
1975-06-10,-0.547,11668
1975-06-09,-3.990,11732
1975-06-06,0.140,12220
1975-06-05,-0.384,12203
1975-06-04,-1.388,12250
1975-06-03,0.489,12422
1975-06-02,1.374,12362
1975-05-30,1.791,12194
1975-05-29,0.692,11980
1975-05-28,-0.427,11897
1975-05-27,-1.995,11948
1975-05-23,1.117,12192
1975-05-22,1.062,12057
1975-05-21,-1.240,11930
1975-05-20,1.381,12080
1975-05-19,0.617,11916
1975-05-16,-2.157,11843
1975-05-15,-2.848,12104
1975-05-14,0.843,12459
1975-05-13,0.728,12354
1975-05-12,0.192,12265
1975-05-09,2.469,12242
1975-05-08,0.564,11947
1975-05-07,1.507,11880
1975-05-06,-2.743,11703
1975-05-05,0.941,12033
1975-05-02,1.716,11921
1975-05-01,-0.217,11720
1975-04-30,2.739,11746
1975-04-29,-1.947,11432
1975-04-28,-1.094,11659
1975-04-25,1.243,11788
1975-04-24,1.931,11644
1975-04-23,-1.191,11423
1975-04-22,1.680,11561
1975-04-21,0.759,11370
1975-04-18,-1.419,11284
1975-04-17,2.383,11447
1975-04-16,-0.100,11180
1975-04-15,1.469,11191
1975-04-14,2.349,11029
1975-04-11,0.523,10776
1975-04-10,1.066,10720
1975-04-09,3.449,10607
1975-04-08,0.836,10253
1975-04-07,-1.907,10168
1975-04-04,-2.136,10366
1975-04-03,-1.301,10592
1975-04-02,-0.703,10732
1975-04-01,-1.838,10808
1975-03-31,-1.401,11010
1975-03-27,-0.304,11167
1975-03-26,2.520,11201
1975-03-25,0.353,10925
1975-03-24,-5.088,10887
1975-03-21,-0.937,11471
1975-03-20,-2.563,11579
1975-03-19,-1.040,11884
1975-03-18,-0.960,12009
1975-03-17,1.715,12125
1975-03-14,1.540,11921
1975-03-13,-0.125,11740
1975-03-12,0.017,11754
1975-03-11,-0.177,11753
1975-03-10,1.098,11773
1975-03-07,2.115,11645
1975-03-06,0.986,11404
1975-03-05,1.122,11293
1975-03-04,0.734,11168
1975-03-03,1.847,11086
1975-02-28,1.331,10885
1975-02-27,1.682,10742
1975-02-26,1.242,10564
1975-02-25,-3.430,10435
1975-02-24,-2.791,10805
1975-02-21,1.135,11116
1975-02-20,2.249,10991
1975-02-19,2.796,10749
1975-02-18,0.119,10457
1975-02-14,1.759,10444
1975-02-13,1.653,10264
1975-02-12,2.577,10097
1975-02-11,1.555,9843
1975-02-10,-1.258,9693
1975-02-07,-0.748,9816
1975-02-06,-0.996,9890
1975-02-05,2.492,9990
1975-02-04,0.356,9747
1975-02-03,0.721,9712
1975-01-31,1.830,9643
1975-01-30,-2.072,9469
1975-01-29,0.864,9670
1975-01-28,0.933,9587
1975-01-27,4.184,9498
1975-01-24,1.267,9117
1975-01-23,0.637,9003
1975-01-22,2.217,8946
1975-01-21,-0.694,8752
1975-01-20,-0.460,8813
1975-01-17,0.602,8854
1975-01-16,0.007,8801
1975-01-15,0.354,8800
1975-01-14,-1.916,8769
1975-01-13,0.326,8940
1975-01-10,3.954,8911
1975-01-09,3.136,8572
1975-01-08,-0.390,8312
1975-01-07,-0.608,8344
1975-01-06,0.751,8395
1975-01-03,1.903,8333
1975-01-02,3.249,8177
1974-12-31,2.288,7920
1974-12-30,-0.025,7743
1974-12-27,-0.335,7744
1974-12-26,1.107,7771
1974-12-24,0.853,7685
1974-12-23,-1.280,7620
1974-12-20,-1.615,7719
1974-12-19,0.011,7846
1974-12-18,0.686,7845
1974-12-17,2.563,7792
1974-12-16,-0.759,7597
1974-12-13,-0.859,7655
1974-12-12,0.623,7721
1974-12-11,1.610,7674
1974-12-10,2.576,7552
1974-12-09,0.171,7362
1974-12-06,-1.771,7350
1974-12-05,-2.341,7482
1974-12-04,-0.230,7662
1974-12-03,-1.758,7679
1974-12-02,-3.669,7817
1974-11-29,-0.535,8114
1974-11-27,0.690,8158
1974-11-26,1.272,8102
1974-11-25,-0.257,8000
1974-11-22,2.017,8021
1974-11-21,1.020,7863
1974-11-20,0.514,7783
1974-11-19,-1.964,7743
1974-11-18,-3.999,7898
1974-11-15,-1.461,8227
1974-11-14,-0.238,8349
1974-11-13,-0.068,8369
1974-11-12,-3.064,8375
1974-11-11,0.255,8640
1974-11-08,0.384,8618
1974-11-07,0.459,8585
1974-11-06,-0.051,8545
1974-11-05,3.246,8550
1974-11-04,-1.548,8281
1974-11-01,0.577,8411
1974-10-31,-1.913,8363
1974-10-30,1.634,8526
1974-10-29,3.530,8389
1974-10-28,-0.898,8103
1974-10-25,0.391,8176
1974-10-24,-0.229,8145
1974-10-23,-3.327,8163
1974-10-22,-0.337,8444
1974-10-21,2.165,8473
1974-10-18,2.490,8293
1974-10-17,0.497,8092
1974-10-16,-2.225,8052
1974-10-15,-1.881,8235
1974-10-14,2.680,8393
1974-10-11,2.207,8174
1974-10-10,3.374,7997
1974-10-09,5.032,7736
1974-10-08,-1.222,7366
1974-10-07,3.514,7457
1974-10-04,0.285,7204
1974-10-03,-2.520,7183
1974-10-02,1.511,7369
1974-10-01,-0.591,7259
1974-09-30,-2.171,7302
1974-09-27,-3.512,7464
1974-09-26,-2.549,7736
1974-09-25,-0.556,7938
1974-09-24,-2.932,7983
1974-09-23,-1.212,8224
1974-09-20,0.065,8325
1974-09-19,4.650,8319
1974-09-18,0.282,7950
1974-09-17,2.416,7927
1974-09-16,2.375,7740
1974-09-13,-2.545,7561
1974-09-12,-3.767,7758
1974-09-11,-0.561,8062
1974-09-10,-1.911,8107
1974-09-09,-1.645,8265
1974-09-06,0.495,8404
1974-09-05,2.709,8362
1974-09-04,-1.917,8142
1974-09-03,-2.435,8301
1974-08-30,3.431,8508
1974-08-29,-1.262,8226
1974-08-28,-0.360,8331
1974-08-27,-3.749,8361
1974-08-26,0.497,8687
1974-08-23,-2.952,8644
1974-08-22,-1.939,8907
1974-08-21,-2.651,9083
1974-08-20,0.245,9330
1974-08-19,-1.935,9307
1974-08-16,-0.390,9491
1974-08-15,-1.239,9528
1974-08-14,-2.404,9648
1974-08-13,-1.528,9885
1974-08-12,-1.620,10039
1974-08-09,-0.229,10204
1974-08-08,-1.550,10227
1974-08-07,3.858,10388
1974-08-06,2.447,10003
1974-08-05,0.590,9764
1974-08-02,-1.456,9706
1974-08-01,-0.693,9850
1974-07-31,-1.618,9919
1974-07-30,-0.870,10082
1974-07-29,-0.408,10170
1974-07-26,-1.675,10212
1974-07-25,-1.616,10386
1974-07-24,1.492,10557
1974-07-23,0.122,10401
1974-07-22,-0.422,10389
1974-07-19,-0.779,10433
1974-07-18,-1.041,10515
1974-07-17,1.289,10625
1974-07-16,-0.607,10490
1974-07-15,0.295,10554
1974-07-12,5.025,10523
1974-07-11,0.122,10020
1974-07-10,-0.486,10007
1974-07-09,0.828,10056
1974-07-08,-3.687,9974
1974-07-05,-1.180,10356
1974-07-03,-1.393,10479
1974-07-02,-2.362,10627
1974-07-01,0.203,10884
1974-06-28,-1.498,10862
1974-06-27,-1.464,11027
1974-06-26,-2.549,11191
1974-06-25,1.213,11484
1974-06-24,0.635,11346
1974-06-21,-2.334,11275
1974-06-20,-1.701,11544
1974-06-19,-0.956,11744
1974-06-18,-0.841,11857
1974-06-17,-1.299,11958
1974-06-14,-0.455,12115
1974-06-13,1.049,12171
1974-06-12,-0.119,12044
1974-06-11,-1.765,12059
1974-06-10,1.458,12275
1974-06-07,-0.635,12099
1974-06-06,1.941,12176
1974-06-05,0.803,11944
1974-06-04,1.313,11849
1974-06-03,2.668,11696
1974-05-31,0.191,11392
1974-05-30,1.210,11370
1974-05-29,-2.996,11234
1974-05-28,-1.518,11581
1974-05-24,2.070,11760
1974-05-23,0.328,11521
1974-05-22,-0.254,11484
1974-05-21,0.394,11513
1974-05-20,-0.580,11468
1974-05-17,-0.832,11535
1974-05-16,-0.710,11631
1974-05-15,-1.665,11715
1974-05-14,0.202,11913
1974-05-13,-1.395,11889
1974-05-10,-0.994,12057
1974-05-09,1.057,12178
1974-05-08,-0.872,12051
1974-05-07,-1.584,12157
1974-05-06,-0.133,12353
1974-05-03,-0.974,12369
1974-05-02,0.365,12491
1974-05-01,2.314,12445
1974-04-30,0.670,12164
1974-04-29,-0.909,12083
1974-04-26,2.389,12194
1974-04-25,-1.361,11909
1974-04-24,-1.840,12073
1974-04-23,-2.272,12300
1974-04-22,-1.243,12586
1974-04-19,-1.407,12744
1974-04-18,0.596,12926
1974-04-17,1.955,12849
1974-04-16,2.961,12603
1974-04-15,0.737,12241
1974-04-11,0.103,12151
1974-04-10,-0.732,12139
1974-04-09,0.731,12228
1974-04-08,-0.880,12139
1974-04-05,-1.512,12247
1974-04-04,0.670,12435
1974-04-03,0.953,12352
1974-04-02,-0.691,12236
1974-04-01,-1.417,12321
1974-03-29,-1.108,12498
1974-03-28,-2.551,12638
1974-03-27,-1.616,12969
1974-03-26,-0.620,13182
1974-03-25,1.570,13264
1974-03-22,0.094,13059
1974-03-21,-0.425,13047
1974-03-20,0.969,13103
1974-03-19,-0.769,12977
1974-03-18,-1.882,13077
1974-03-15,-0.328,13328
1974-03-14,-0.025,13372
1974-03-13,-0.963,13375
1974-03-12,0.964,13505
1974-03-11,1.568,13376
1974-03-08,1.933,13170
1974-03-07,-1.134,12920
1974-03-06,1.584,13068
1974-03-05,1.909,12865
1974-03-04,-0.784,12624
1974-03-01,-2.077,12723
1974-02-28,0.800,12993
1974-02-27,0.608,12890
1974-02-26,0.614,12812
1974-02-25,-0.292,12734
1974-02-22,0.691,12771
1974-02-21,0.942,12684
1974-02-20,2.137,12565
1974-02-19,1.675,12302
1974-02-15,1.895,12100
1974-02-14,0.013,11875
1974-02-13,0.730,11873
1974-02-12,-0.967,11787
1974-02-11,-1.433,11902
1974-02-08,0.249,12075
1974-02-07,0.523,12045
1974-02-06,0.159,11982
1974-02-05,-0.808,11963
1974-02-04,-2.840,12061
1974-02-01,-2.597,12413
1974-01-31,-0.124,12744
1974-01-30,1.142,12760
1974-01-29,0.835,12616
1974-01-28,-0.380,12512
1974-01-25,0.375,12559
1974-01-24,-0.830,12512
1974-01-23,0.835,12617
1974-01-22,1.290,12513
1974-01-21,-2.097,12353
1974-01-18,-1.526,12618
1974-01-17,2.697,12813
1974-01-16,2.535,12477
1974-01-15,1.588,12168
1974-01-14,-1.772,11978
1974-01-11,2.609,12194
1974-01-10,-0.150,11884
1974-01-09,-2.022,11902
1974-01-08,-2.089,12148
1974-01-07,-2.162,12407
1974-01-04,-1.355,12681
1974-01-03,2.820,12855
1974-01-02,-0.249,12503
1973-12-31,1.125,12534
1973-12-28,0.325,12394
1973-12-27,2.154,12354
1973-12-26,2.465,12094
1973-12-24,-1.447,11803
1973-12-21,-2.495,11976
1973-12-20,-0.387,12283
1973-12-19,1.116,12330
1973-12-18,1.570,12194
1973-12-17,0.574,12006
1973-12-14,1.438,11937
1973-12-13,-1.449,11768
1973-12-12,-4.198,11941
1973-12-11,-1.735,12464
1973-12-10,0.630,12684
1973-12-07,2.825,12605
1973-12-06,3.069,12258
1973-12-05,-2.420,11893
1973-12-04,-1.250,12188
1973-12-03,-2.762,12343
1973-11-30,-1.632,12693
1973-11-29,-0.776,12904
1973-11-28,1.862,13005
1973-11-27,-1.091,12767
1973-11-26,-4.060,12908
1973-11-23,-2.366,13454
1973-11-21,1.300,13780
1973-11-20,-2.724,13603
1973-11-19,-5.105,13984
1973-11-16,1.748,14737
1973-11-15,-0.427,14483
1973-11-14,-2.489,14546
1973-11-13,0.512,14917
1973-11-12,-0.352,14841
1973-11-09,-2.644,14893
1973-11-08,0.968,15298
1973-11-07,1.338,15151
1973-11-06,0.386,14951
1973-11-05,-2.741,14894
1973-11-02,-1.644,15314
1973-11-01,-1.477,15569
1973-10-31,-0.627,15803
1973-10-30,-2.611,15903
1973-10-29,-1.591,16329
1973-10-26,1.513,16593
1973-10-25,0.593,16346
1973-10-24,0.242,16249
1973-10-23,0.935,16210
1973-10-22,-0.419,16060
1973-10-19,0.083,16127
1973-10-18,0.372,16114
1973-10-17,-0.434,16054
1973-10-16,-0.299,16124
1973-10-15,-2.033,16173
1973-10-12,0.941,16508
1973-10-11,2.779,16354
1973-10-10,-1.008,15912
1973-10-09,0.387,16074
1973-10-08,0.268,16012
1973-10-05,1.658,15969
1973-10-04,0.002,15709
1973-10-03,0.131,15709
1973-10-02,0.965,15688
1973-10-01,-0.788,15538
1973-09-28,-0.664,15661
1973-09-27,0.021,15766
1973-09-26,1.222,15763
1973-09-25,1.220,15573
1973-09-24,-0.751,15385
1973-09-21,0.185,15501
1973-09-20,0.884,15473
1973-09-19,1.886,15337
1973-09-18,0.067,15053
1973-09-17,-0.421,15043
1973-09-14,2.204,15107
1973-09-13,0.087,14781
1973-09-12,-0.573,14768
1973-09-11,-1.792,14853
1973-09-10,-0.940,15124
1973-09-07,-0.044,15268
1973-09-06,1.147,15274
1973-09-05,1.249,15101
1973-09-04,-0.437,14915
1973-08-31,0.275,14980
1973-08-30,-0.090,14939
1973-08-29,1.039,14953
1973-08-28,0.884,14799
1973-08-27,1.482,14669
1973-08-24,0.424,14455
1973-08-23,1.773,14394
1973-08-22,-0.841,14143
1973-08-21,-1.185,14263
1973-08-20,-1.298,14434
1973-08-17,-0.112,14624
1973-08-16,-0.977,14640
1973-08-15,0.617,14785
1973-08-14,-1.153,14694
1973-08-13,-2.987,14866
1973-08-10,-1.835,15323
1973-08-09,0.993,15610
1973-08-08,-1.672,15456
1973-08-07,0.007,15719
1973-08-06,0.318,15718
1973-08-03,-1.112,15668
1973-08-02,-0.355,15844
1973-08-01,-1.072,15901
1973-07-31,-1.598,16073
1973-07-30,0.633,16334
1973-07-27,-0.622,16231
1973-07-26,0.572,16333
1973-07-25,1.484,16240
1973-07-24,0.459,16002
1973-07-23,-0.391,15929
1973-07-20,0.729,15992
1973-07-19,1.027,15876
1973-07-18,0.533,15715
1973-07-17,0.136,15632
1973-07-16,1.673,15610
1973-07-13,-0.978,15353
1973-07-12,-1.138,15505
1973-07-11,1.967,15683
1973-07-10,0.541,15381
1973-07-09,2.068,15298
1973-07-06,-0.176,14988
1973-07-05,0.153,15015
1973-07-03,-2.235,14992
1973-07-02,-1.485,15334
1973-06-29,-0.221,15565
1973-06-28,1.645,15600
1973-06-27,0.954,15347
1973-06-26,1.308,15202
1973-06-25,-2.148,15006
1973-06-22,-0.083,15336
1973-06-21,-1.409,15348
1973-06-20,1.130,15568
1973-06-19,1.608,15394
1973-06-18,-1.792,15150
1973-06-15,-1.940,15427
1973-06-14,-1.574,15732
1973-06-13,-1.499,15983
1973-06-12,1.971,16227
1973-06-11,-0.539,15913
1973-06-08,1.581,15999
1973-06-07,1.914,15750
1973-06-06,-0.988,15454
1973-06-05,1.973,15609
1973-06-04,-0.658,15307
1973-06-01,-0.911,15408
1973-05-31,-0.903,15550
1973-05-30,-2.071,15691
1973-05-29,-0.554,16023
1973-05-25,0.582,16112
1973-05-24,3.398,16019
1973-05-23,1.002,15493
1973-05-22,1.474,15339
1973-05-21,-1.215,15116
1973-05-18,-0.562,15302
1973-05-17,-1.816,15389
1973-05-16,0.022,15673
1973-05-15,1.175,15670
1973-05-14,-3.058,15488
1973-05-11,-1.410,15977
1973-05-10,-1.308,16205
1973-05-09,-1.608,16420
1973-05-08,1.071,16688
1973-05-07,-0.285,16512
1973-05-04,1.095,16559
1973-05-03,2.899,16379
1973-05-02,1.631,15918
1973-05-01,-0.098,15663
1973-04-30,-0.797,15678
1973-04-27,-1.965,15804
1973-04-26,1.717,16121
1973-04-25,-3.404,15849
1973-04-24,-1.935,16407
1973-04-23,-0.296,16731
1973-04-19,0.291,16780
1973-04-18,0.881,16732
1973-04-17,-0.481,16586
1973-04-16,-1.267,16666
1973-04-13,-0.976,16880
1973-04-12,0.416,17046
1973-04-11,0.325,16975
1973-04-10,2.190,16920
1973-04-09,1.483,16558
1973-04-06,0.324,16316
1973-04-05,-0.903,16263
1973-04-04,-0.805,16411
1973-04-03,-1.420,16545
1973-04-02,-1.301,16783
1973-03-30,-1.680,17004
1973-03-29,1.157,17295
1973-03-28,1.001,17097
1973-03-27,2.590,16928
1973-03-26,0.679,16500
1973-03-23,0.793,16389
1973-03-22,-0.838,16260
1973-03-21,-1.810,16397
1973-03-20,-0.960,16700
1973-03-19,-1.382,16862
1973-03-16,-0.335,17098
1973-03-15,-1.472,17155
1973-03-14,1.230,17412
1973-03-13,0.699,17200
1973-03-12,0.279,17081
1973-03-09,-0.050,17033
1973-03-08,-0.485,17042
1973-03-07,0.934,17125
1973-03-06,0.936,16966
1973-03-05,-0.295,16809
1973-03-02,1.262,16859
1973-03-01,-0.993,16649
1973-02-28,0.779,16815
1973-02-27,-1.540,16686
1973-02-26,-0.661,16947
1973-02-23,-0.526,17059
1973-02-22,0.425,17150
1973-02-21,-0.423,17077
1973-02-20,0.579,17149
1973-02-16,1.158,17051
1973-02-15,-1.376,16856
1973-02-14,-1.622,17091
1973-02-13,1.519,17372
1973-02-12,2.480,17112
1973-02-09,2.079,16698
1973-02-08,-0.157,16358
1973-02-07,-0.517,16384
1973-02-06,1.442,16469
1973-02-05,0.825,16235
1973-02-02,-0.550,16102
1973-02-01,-1.262,16191
1973-01-31,0.257,16398
1973-01-30,0.184,16356
1973-01-29,-1.247,16326
1973-01-26,-0.580,16532
1973-01-24,-1.525,16629
1973-01-23,0.815,16886
1973-01-22,-0.565,16750
1973-01-19,0.372,16845
1973-01-18,0.714,16783
1973-01-17,0.966,16664
1973-01-16,-0.168,16504
1973-01-15,-0.809,16532
1973-01-12,-0.737,16667
1973-01-11,1.982,16791
1973-01-10,-0.482,16465
1973-01-09,-0.862,16544
1973-01-08,-0.193,16688
1973-01-05,1.173,16721
1973-01-04,0.123,16527
1973-01-03,0.400,16506
1973-01-02,1.340,16441
1972-12-29,1.387,16223
1972-12-27,0.680,16001
1972-12-26,0.394,15893
1972-12-22,1.143,15831
1972-12-21,-1.179,15652
1972-12-20,-0.241,15839
1972-12-19,-1.200,15877
1972-12-18,-1.634,16070
1972-12-15,0.609,16337
1972-12-14,-0.489,16238
1972-12-13,-0.107,16318
1972-12-12,-0.146,16336
1972-12-11,0.532,16359
1972-12-08,-0.071,16273
1972-12-07,0.710,16285
1972-12-06,1.874,16170
1972-12-05,-1.058,15872
1972-12-04,0.654,16042
1972-12-01,0.533,15938
1972-11-30,-0.691,15853
1972-11-29,0.895,15964
1972-11-28,-1.157,15822
1972-11-27,-0.500,16007
1972-11-24,0.390,16088
1972-11-22,0.843,16025
1972-11-21,-0.181,15891
1972-11-20,0.497,15920
1972-11-17,0.220,15841
1972-11-16,1.467,15807
1972-11-15,-0.878,15578
1972-11-14,1.731,15716
1972-11-13,0.194,15449
1972-11-10,1.312,15419
1972-11-09,0.331,15219
1972-11-08,-1.430,15169
1972-11-06,0.204,15389
1972-11-03,1.569,15357
1972-11-02,1.790,15120
1972-11-01,2.189,14854
1972-10-31,0.209,14536
1972-10-30,0.938,14506
1972-10-27,-0.471,14371
1972-10-26,1.099,14439
1972-10-25,-0.279,14282
1972-10-24,0.782,14322
1972-10-23,1.926,14211
1972-10-20,1.370,13942
1972-10-19,-0.956,13754
1972-10-18,1.261,13887
1972-10-17,1.509,13714
1972-10-16,-1.320,13510
1972-10-13,-0.115,13691
1972-10-12,-1.634,13706
1972-10-11,-0.052,13934
1972-10-10,-0.559,13941
1972-10-09,0.728,14020
1972-10-06,0.271,13918
1972-10-05,-1.057,13881
1972-10-04,-0.237,14029
1972-10-03,-0.656,14062
1972-10-02,-2.006,14155
1972-09-29,1.093,14445
1972-09-28,0.278,14289
1972-09-27,2.277,14249
1972-09-26,0.535,13932
1972-09-25,-0.691,13858
1972-09-22,0.429,13954
1972-09-21,0.596,13895
1972-09-20,-0.156,13812
1972-09-19,-1.055,13834
1972-09-18,-0.563,13981
1972-09-15,0.121,14060
1972-09-14,-1.291,14043
1972-09-13,0.213,14227
1972-09-12,-0.385,14197
1972-09-11,-1.581,14252
1972-09-08,-1.088,14481
1972-09-07,-1.235,14640
1972-09-06,-1.782,14823
1972-09-05,-0.359,15092
1972-09-01,1.334,15146
1972-08-31,-0.246,14947
1972-08-30,0.164,14984
1972-08-29,0.682,14959
1972-08-28,-0.133,14858
1972-08-25,0.082,14878
1972-08-24,-2.311,14866
1972-08-23,0.046,15217
1972-08-22,0.691,15210
1972-08-21,-0.175,15106
1972-08-18,0.591,15133
1972-08-17,-1.063,15044
1972-08-16,0.068,15205
1972-08-15,-1.270,15195
1972-08-14,0.495,15390
1972-08-11,1.506,15315
1972-08-10,1.056,15087
1972-08-09,-0.687,14930
1972-08-08,0.516,15033
1972-08-07,-1.048,14956
1972-08-04,0.083,15114
1972-08-03,0.911,15102
1972-08-02,2.061,14965
1972-08-01,1.836,14663
1972-07-31,-0.284,14399
1972-07-28,-0.301,14440
1972-07-27,0.288,14483
1972-07-26,1.733,14442
1972-07-25,-1.024,14196
1972-07-24,1.312,14343
1972-07-21,1.269,14157
1972-07-20,-0.705,13980
1972-07-19,0.845,14079
1972-07-18,-0.759,13961
1972-07-17,-0.837,14068
1972-07-14,1.095,14186
1972-07-13,-1.087,14033
1972-07-12,-0.548,14187
1972-07-11,-0.029,14265
1972-07-10,-0.262,14269
1972-07-07,-1.344,14307
1972-07-06,1.570,14502
1972-07-05,1.483,14278
1972-07-03,1.579,14069
1972-06-30,1.511,13850
1972-06-29,-0.867,13644
1972-06-28,-0.394,13763
1972-06-27,-0.218,13818
1972-06-26,-0.492,13848
1972-06-23,-0.379,13917
1972-06-22,-0.847,13970
1972-06-21,0.214,14089
1972-06-20,-0.311,14059
1972-06-19,-0.636,14103
1972-06-16,-0.320,14193
1972-06-15,0.226,14239
1972-06-14,-0.176,14206
1972-06-13,1.618,14231
1972-06-12,0.181,14005
1972-06-09,-1.945,13979
1972-06-08,-0.355,14257
1972-06-07,0.178,14308
1972-06-06,-1.498,14282
1972-06-05,-1.214,14499
1972-06-02,1.316,14677
1972-06-01,0.408,14487
1972-05-31,-1.487,14428
1972-05-30,0.028,14646
1972-05-26,1.451,14642
1972-05-25,0.408,14432
1972-05-24,0.872,14373
1972-05-23,0.566,14249
1972-05-22,0.818,14169
1972-05-19,0.978,14054
1972-05-18,2.690,13918
1972-05-17,1.124,13553
1972-05-16,0.486,13403
1972-05-15,0.541,13338
1972-05-12,0.656,13266
1972-05-11,-0.409,13180
1972-05-10,0.684,13234
1972-05-09,-2.022,13144
1972-05-08,-0.146,13415
1972-05-05,0.366,13435
1972-05-04,0.379,13386
1972-05-03,-0.039,13335
1972-05-02,-0.325,13340
1972-05-01,-2.026,13384
1972-04-28,0.676,13661
1972-04-27,-0.026,13569
1972-04-26,0.097,13572
1972-04-25,-0.884,13559
1972-04-24,-1.221,13680
1972-04-21,-0.848,13849
1972-04-20,0.136,13968
1972-04-19,0.211,13949
1972-04-18,-0.053,13919
1972-04-17,-0.953,13927
1972-04-14,-0.600,14061
1972-04-13,-1.568,14146
1972-04-12,0.925,14371
1972-04-11,1.049,14239
1972-04-10,0.517,14092
1972-04-07,0.112,14019
1972-04-06,0.677,14003
1972-04-05,1.948,13909
1972-04-04,1.435,13644
1972-04-03,1.106,13451
1972-03-30,2.265,13303
1972-03-29,-0.945,13009
1972-03-28,-0.611,13133
1972-03-27,0.098,13214
1972-03-24,-0.817,13201
1972-03-23,1.219,13309
1972-03-22,0.296,13149
1972-03-21,-1.077,13110
1972-03-20,-0.393,13253
1972-03-17,1.021,13305
1972-03-16,0.622,13171
1972-03-15,0.857,13089
1972-03-14,-0.170,12978
1972-03-13,-1.528,13000
1972-03-10,-1.563,13202
1972-03-09,-0.533,13411
1972-03-08,-0.195,13483
1972-03-07,-0.530,13510
1972-03-06,1.632,13582
1972-03-03,0.469,13364
1972-03-02,0.203,13301
1972-03-01,0.958,13274
1972-02-29,0.110,13148
1972-02-28,0.587,13134
1972-02-25,1.925,13057
1972-02-24,0.999,12811
1972-02-23,-0.476,12684
1972-02-22,1.432,12745
1972-02-18,-0.151,12565
1972-02-17,-0.540,12584
1972-02-16,0.234,12652
1972-02-15,0.815,12623
1972-02-14,-1.090,12521
1972-02-11,0.048,12659
1972-02-10,-0.430,12652
1972-02-09,0.996,12707
1972-02-08,-0.004,12582
1972-02-07,-0.012,12582
1972-02-04,0.726,12584
1972-02-03,-1.081,12493
1972-02-02,1.540,12630
1972-02-01,0.264,12438
1972-01-31,0.664,12405
1972-01-28,1.451,12324
1972-01-27,2.428,12147
1972-01-26,0.086,11859
1972-01-25,-0.322,11849
1972-01-24,-1.247,11887
1972-01-21,-0.882,12037
1972-01-20,0.585,12145
1972-01-19,-0.616,12074
1972-01-18,0.408,12149
1972-01-17,0.944,12099
1972-01-14,0.656,11986
1972-01-13,-0.403,11908
1972-01-12,-0.893,11956
1972-01-11,1.116,12064
1972-01-10,-0.297,11931
1972-01-07,0.308,11966
1972-01-06,-0.085,11930
1972-01-05,1.964,11940
1972-01-04,1.078,11710
1972-01-03,-0.952,11585
1971-12-31,0.786,11696
1971-12-30,0.213,11605
1971-12-29,0.727,11580
1971-12-28,2.737,11497
1971-12-27,0.918,11190
1971-12-23,-0.185,11089
1971-12-22,-0.980,11109
1971-12-21,0.459,11219
1971-12-20,1.777,11168
1971-12-17,0.327,10973
1971-12-16,2.069,10937
1971-12-15,1.484,10716
1971-12-14,-0.885,10559
1971-12-13,0.683,10653
1971-12-10,1.346,10581
1971-12-09,1.113,10440
1971-12-08,-1.034,10325
1971-12-07,1.137,10433
1971-12-06,-0.570,10316
1971-12-03,1.960,10375
1971-12-02,0.287,10176
1971-12-01,1.630,10147
1971-11-30,1.033,9984
1971-11-29,1.865,9882
1971-11-26,1.792,9701
1971-11-24,0.380,9530
1971-11-23,-1.158,9494
1971-11-22,-0.827,9605
1971-11-19,-0.330,9685
1971-11-18,-0.909,9717
1971-11-17,-0.632,9807
1971-11-16,1.354,9869
1971-11-15,-0.139,9737
1971-11-12,0.027,9751
1971-11-11,-1.125,9748
1971-11-10,-0.903,9859
1971-11-09,0.643,9949
1971-11-08,-0.137,9885
1971-11-05,-0.676,9899
1971-11-04,-0.342,9966
1971-11-03,2.207,10000
1971-11-02,0.346,9784
1971-11-01,-1.506,9751
1971-10-29,0.573,9900
1971-10-28,0.140,9843
1971-10-27,-1.283,9830
1971-10-26,-0.667,9957
1971-10-25,-1.133,10024
1971-10-22,-0.941,10139
1971-10-21,-0.435,10236
1971-10-20,-1.803,10280
1971-10-19,-0.039,10469
1971-10-18,-0.119,10473
1971-10-15,0.005,10486
1971-10-14,-1.098,10485
1971-10-13,-0.683,10601
1971-10-12,0.087,10674
1971-10-11,-0.456,10665
1971-10-08,-1.263,10714
1971-10-07,0.544,10851
1971-10-06,0.677,10792
1971-10-05,0.026,10720
1971-10-04,0.535,10717
1971-10-01,0.946,10660
1971-09-30,0.723,10560
1971-09-29,-0.187,10484
1971-09-28,0.569,10504
1971-09-27,-0.528,10444
1971-09-24,0.436,10500
1971-09-23,-0.207,10454
1971-09-22,-0.983,10476
1971-09-21,-0.823,10580
1971-09-20,-0.581,10668
1971-09-17,0.249,10730
1971-09-16,0.226,10704
1971-09-15,0.139,10679
1971-09-14,-1.198,10664
1971-09-13,-0.169,10794
1971-09-10,-1.138,10812
1971-09-09,-0.576,10936
1971-09-08,0.701,11000
1971-09-07,0.603,10923
1971-09-03,1.559,10858
1971-09-02,0.281,10691
1971-09-01,0.135,10661
1971-08-31,-0.580,10647
1971-08-30,-1.004,10709
1971-08-27,-0.046,10818
1971-08-26,-0.447,10823
1971-08-25,-0.388,10871
1971-08-24,1.246,10914
1971-08-23,1.272,10779
1971-08-20,-0.024,10644
1971-08-19,-0.785,10646
1971-08-18,-1.874,10731
1971-08-17,1.555,10936
1971-08-16,3.378,10768
1971-08-13,-0.103,10416
1971-08-12,1.485,10427
1971-08-11,1.088,10274
1971-08-10,0.028,10164
1971-08-09,-0.644,10161
1971-08-06,-0.469,10227
1971-08-05,0.756,10275
1971-08-04,-0.755,10198
1971-08-03,-1.935,10276
1971-08-02,0.646,10478
1971-07-30,-0.367,10411
1971-07-29,-0.655,10449
1971-07-28,-1.044,10518
1971-07-27,-0.291,10629
1971-07-26,-1.039,10660
1971-07-23,-0.540,10772
1971-07-22,-0.131,10831
1971-07-21,-0.211,10845
1971-07-20,0.149,10868
1971-07-19,-0.221,10852
1971-07-16,0.467,10876
1971-07-15,-0.167,10825
1971-07-14,-0.157,10843
1971-07-13,-1.437,10860
1971-07-12,0.410,11019
1971-07-09,0.890,10974
1971-07-08,0.433,10877
1971-07-07,0.222,10830
1971-07-06,0.262,10806
1971-07-02,0.962,10778
1971-07-01,1.171,10675
1971-06-30,0.458,10552
1971-06-29,1.122,10504
1971-06-28,-0.036,10387
1971-06-25,0.019,10391
1971-06-24,-0.888,10389
1971-06-23,1.120,10482
1971-06-22,-0.891,10366
1971-06-21,-1.062,10459
1971-06-18,-1.746,10571
1971-06-17,-0.055,10759
1971-06-16,0.120,10765
1971-06-15,0.567,10752
1971-06-14,-1.038,10692
1971-06-11,1.130,10804
1971-06-10,0.489,10683
1971-06-09,-0.008,10631
1971-06-08,-1.087,10632
1971-06-07,-0.206,10749
1971-06-04,0.479,10771
1971-06-03,0.393,10720
1971-06-02,0.766,10678
1971-06-01,0.600,10596
1971-05-28,-0.362,10533
1971-05-27,0.323,10572
1971-05-26,0.021,10537
1971-05-25,-0.643,10535
1971-05-24,-1.043,10603
1971-05-21,-0.184,10715
1971-05-20,0.162,10735
1971-05-19,0.394,10717
1971-05-18,0.408,10675
1971-05-17,-2.070,10632
1971-05-14,-0.506,10857
1971-05-13,-0.079,10912
1971-05-12,0.852,10921
1971-05-11,0.458,10828
1971-05-10,-0.431,10779
1971-05-07,-0.203,10826
1971-05-06,-0.398,10848
1971-05-05,-0.471,10891
1971-05-04,1.121,10943
1971-05-03,-0.663,10821
1971-04-30,-1.062,10893
1971-04-29,0.212,11010
1971-04-28,-0.433,10987
1971-04-27,0.353,11035
1971-04-26,-0.837,10996
1971-04-23,0.528,11089
1971-04-22,0.249,11031
1971-04-21,-0.538,11003
1971-04-20,-0.632,11063
1971-04-19,0.858,11133
1971-04-16,0.078,11038
1971-04-15,0.958,11030
1971-04-14,-0.068,10925
1971-04-13,0.363,10933
1971-04-12,1.793,10893
1971-04-08,-0.336,10701
1971-04-07,0.759,10737
1971-04-06,1.143,10656
1971-04-05,0.404,10536
1971-04-02,-0.095,10493
1971-04-01,0.820,10503
1971-03-31,-0.900,10418
1971-03-30,0.324,10513
1971-03-29,0.250,10479
1971-03-26,0.463,10453
1971-03-25,0.031,10404
1971-03-24,-1.567,10401
1971-03-23,0.220,10567
1971-03-22,-0.595,10544
1971-03-19,-0.647,10607
1971-03-18,-1.052,10676
1971-03-17,-0.969,10789
1971-03-16,0.497,10895
1971-03-15,2.224,10841
1971-03-12,1.070,10605
1971-03-11,0.618,10493
1971-03-10,0.091,10428
1971-03-09,1.117,10419
1971-03-08,0.888,10304
1971-03-05,1.749,10213
1971-03-04,1.890,10038
1971-03-03,-0.052,9851
1971-03-02,0.314,9857
1971-03-01,0.387,9826
1971-02-26,-1.151,9788
1971-02-25,0.909,9902
1971-02-24,1.594,9812
1971-02-23,0.051,9659
1971-02-22,-1.315,9654
1971-02-19,-0.402,9782
1971-02-18,-0.517,9822
1971-02-17,-1.226,9873
1971-02-16,0.488,9995
1971-02-12,0.154,9947
1971-02-11,1.119,9932
1971-02-10,-0.024,9822
1971-02-09,-0.836,9824
1971-02-08,1.403,9907
1971-02-05,1.242,9770
1971-02-04,0.066,9650
1971-02-03,-0.236,9643
1971-02-02,-0.583,9666
1971-02-01,0.926,9723
1971-01-29,1.266,9634
1971-01-28,0.658,9513
1971-01-27,-0.078,9451
1971-01-26,0.125,9459
1971-01-25,1.250,9447
1971-01-22,1.364,9330
1971-01-21,0.232,9205
1971-01-20,-1.058,9183
1971-01-19,0.814,9282
1971-01-18,1.547,9207
1971-01-15,0.068,9066
1971-01-14,0.122,9060
1971-01-13,-0.915,9049
1971-01-12,0.787,9133
1971-01-11,-0.380,9061
1971-01-08,0.026,9096
1971-01-07,0.113,9094
1971-01-06,0.872,9083
1971-01-05,1.624,9005
1971-01-04,-2.058,8861
1970-12-31,-0.209,9047
1970-12-30,0.397,9066
1970-12-29,1.188,9030
1970-12-28,1.297,8924
1970-12-24,1.100,8810
1970-12-23,0.433,8714
1970-12-22,0.336,8676
1970-12-21,0.471,8647
1970-12-18,0.753,8607
1970-12-17,0.628,8542
1970-12-16,-0.887,8489
1970-12-15,-1.022,8565
1970-12-14,-1.669,8654
1970-12-11,0.437,8800
1970-12-10,0.457,8762
1970-12-09,-0.734,8722
1970-12-08,-0.583,8787
1970-12-07,0.788,8838
1970-12-04,0.757,8769
1970-12-03,0.510,8703
1970-12-02,1.523,8659
1970-12-01,1.113,8529
1970-11-30,1.821,8435
1970-11-27,1.266,8284
1970-11-25,0.522,8181
1970-11-24,0.232,8138
1970-11-23,-0.305,8120
1970-11-20,2.077,8144
1970-11-19,0.708,7979
1970-11-18,-1.338,7923
1970-11-17,0.444,8030
1970-11-16,-0.281,7995
1970-11-13,-2.256,8017
1970-11-12,-1.019,8202
1970-11-11,-0.059,8286
1970-11-10,-0.705,8291
1970-11-09,0.715,8350
1970-11-06,0.145,8291
1970-11-05,-0.235,8279
1970-11-04,0.408,8298
1970-11-03,0.450,8265
1970-11-02,-0.366,8228
1970-10-30,0.023,8258
1970-10-29,0.066,8256
1970-10-28,0.140,8251
1970-10-27,0.120,8239
1970-10-26,-1.216,8229
1970-10-23,0.919,8331
1970-10-22,-0.694,8255
1970-10-21,0.093,8312
1970-10-20,0.285,8305
1970-10-19,-1.058,8281
1970-10-16,-1.035,8370
1970-10-15,0.431,8457
1970-10-14,0.166,8421
1970-10-13,-0.716,8407
1970-10-12,-1.768,8467
1970-10-09,-1.270,8620
1970-10-08,-2.325,8731
1970-10-07,0.319,8939
1970-10-06,0.819,8910
1970-10-05,2.953,8838
1970-10-02,1.227,8584
1970-10-01,-0.209,8480
1970-09-30,1.275,8498
1970-09-29,-0.367,8391
1970-09-28,1.371,8422
1970-09-25,2.238,8308
1970-09-24,-0.760,8126
1970-09-23,0.670,8188
1970-09-22,-0.045,8134
1970-09-21,-1.120,8138
1970-09-18,1.130,8230
1970-09-17,0.700,8138
1970-09-16,0.806,8081
1970-09-15,-0.692,8017
1970-09-14,-0.644,8072
1970-09-11,-0.124,8125
1970-09-10,-0.524,8135
1970-09-09,0.265,8178
1970-09-08,-0.184,8156
1970-09-04,1.362,8171
1970-09-03,2.027,8061
1970-09-02,-0.341,7901
1970-09-01,-2.167,7928
1970-08-31,-0.118,8104
1970-08-28,1.098,8113
1970-08-27,-0.537,8025
1970-08-26,0.208,8069
1970-08-25,0.298,8052
1970-08-24,3.113,8028
1970-08-21,1.167,7785
1970-08-20,1.971,7696
1970-08-19,1.646,7547
1970-08-18,1.179,7425
1970-08-17,0.109,7338
1970-08-14,1.211,7330
1970-08-13,-0.414,7243
1970-08-12,-1.507,7273
1970-08-11,-0.608,7384
1970-08-10,-1.562,7429
1970-08-07,0.002,7547
1970-08-06,0.407,7547
1970-08-05,-0.105,7516
1970-08-04,-0.116,7524
1970-08-03,-2.405,7533
1970-07-31,-0.795,7718
1970-07-30,0.099,7780
1970-07-29,0.446,7773
1970-07-28,0.102,7738
1970-07-27,-0.473,7730
1970-07-24,-0.420,7767
1970-07-23,1.814,7800
1970-07-22,-0.912,7661
1970-07-21,-0.580,7731
1970-07-20,-0.105,7776
1970-07-17,2.621,7785
1970-07-16,1.664,7586
1970-07-15,1.817,7462
1970-07-14,-0.134,7328
1970-07-13,0.336,7338
1970-07-10,0.557,7314
1970-07-09,1.809,7273
1970-07-08,3.440,7144
1970-07-07,-1.305,6906
1970-07-06,-2.322,6998
1970-07-02,0.103,7164
1970-07-01,0.977,7157
1970-06-30,-0.264,7087
1970-06-29,-0.356,7106
1970-06-26,-0.470,7132
1970-06-25,0.295,7165
1970-06-24,-0.022,7144
1970-06-23,-2.929,7146
1970-06-22,-1.286,7361
1970-06-19,0.884,7457
1970-06-18,0.957,7392
1970-06-17,-0.402,7322
1970-06-16,2.552,7351
1970-06-15,0.536,7169
1970-06-12,-0.767,7130
1970-06-11,-1.895,7185
1970-06-10,-1.660,7324
1970-06-09,-0.085,7448
1970-06-08,-0.713,7454
1970-06-05,-0.342,7508
1970-06-04,-1.971,7534
1970-06-03,1.536,7685
1970-06-02,0.480,7569
1970-06-01,2.080,7533
1970-05-29,1.506,7379
1970-05-28,2.349,7270
1970-05-27,3.917,7103
1970-05-26,-1.266,6835
1970-05-25,-3.147,6923
1970-05-22,0.539,7148
1970-05-21,-2.091,7109
1970-05-20,-3.906,7261
1970-05-19,-1.464,7556
1970-05-18,-0.457,7669
1970-05-15,2.705,7704
1970-05-14,-2.572,7501
1970-05-13,-1.133,7699
1970-05-12,-0.676,7787
1970-05-11,-1.475,7840
1970-05-08,-0.994,7957
1970-05-07,0.205,8037
1970-05-06,0.936,8021
1970-05-05,-1.114,7946
1970-05-04,-1.981,8036
1970-05-01,0.176,8198
1970-04-30,-0.760,8184
1970-04-29,2.846,8247
1970-04-28,-2.437,8019
1970-04-27,-2.960,8219
1970-04-24,-0.586,8469
1970-04-23,-1.799,8519
1970-04-22,-1.885,8675
1970-04-21,-1.197,8842
1970-04-20,0.089,8949
1970-04-17,-0.190,8941
1970-04-16,-1.556,8958
1970-04-15,-0.572,9100
1970-04-14,-1.584,9152
1970-04-13,-1.153,9299
1970-04-10,-0.879,9408
1970-04-09,0.224,9491
1970-04-08,0.169,9470
1970-04-07,-0.552,9454
1970-04-06,-1.370,9507
1970-04-03,0.123,9639
1970-04-02,0.082,9627
1970-04-01,0.798,9619
1970-03-31,-0.224,9543
1970-03-30,-0.176,9564
1970-03-26,0.793,9581
1970-03-25,3.290,9506
1970-03-24,1.796,9203
1970-03-23,0.165,9040
1970-03-20,-0.674,9026
1970-03-19,-0.410,9087
1970-03-18,0.953,9124
1970-03-17,-0.288,9038
1970-03-16,-1.623,9064
1970-03-13,-0.480,9214
1970-03-12,-0.810,9258
1970-03-11,0.087,9334
1970-03-10,-0.231,9326
1970-03-09,-1.867,9347
1970-03-06,-0.397,9525
1970-03-05,-0.417,9563
1970-03-04,0.519,9603
1970-03-03,0.270,9554
1970-03-02,-0.179,9528
1970-02-27,0.528,9545
1970-02-26,0.377,9495
1970-02-25,1.227,9459
1970-02-24,0.035,9345
1970-02-20,-0.771,9341
1970-02-19,0.631,9414
1970-02-18,1.706,9355
1970-02-17,-1.042,9198
1970-02-16,-0.231,9295
1970-02-13,0.534,9316
1970-02-12,-1.028,9267
1970-02-11,0.666,9363
1970-02-10,-1.109,9301
1970-02-09,1.533,9405
1970-02-06,0.622,9263
1970-02-05,-0.679,9206
1970-02-04,0.124,9269
1970-02-03,0.467,9258
1970-02-02,0.349,9215
1970-01-30,-0.873,9182
1970-01-29,-1.894,9263
1970-01-28,-1.516,9442
1970-01-27,-0.833,9588
1970-01-26,-1.872,9668
1970-01-23,-1.168,9853
1970-01-22,1.119,9969
1970-01-21,-0.513,9859
1970-01-20,0.534,9910
1970-01-19,-1.482,9857
1970-01-16,-0.385,10005
1970-01-15,0.231,10044
1970-01-14,0.227,10021
1970-01-13,0.167,9998
1970-01-12,-1.255,9981
1970-01-09,-0.833,10108
1970-01-08,0.432,10193
1970-01-07,0.632,10149
1970-01-06,-1.691,10085
1970-01-05,0.929,10259
1970-01-02,1.645,10164