date,return_pct,balance
2026-05-08,2.344,2633077
2026-05-07,-0.119,2572769
2026-05-06,2.077,2575842
2026-05-05,1.297,2523420
2026-05-04,-0.188,2491100
2026-05-01,0.960,2495802
2026-04-30,0.933,2472071
2026-04-29,0.611,2449229
2026-04-28,-1.006,2434346
2026-04-27,0.053,2459076
2026-04-24,1.913,2457781
2026-04-23,-0.563,2411652
2026-04-22,1.673,2425313
2026-04-21,-0.380,2385404
2026-04-20,-0.317,2394511
2026-04-17,1.308,2402137
2026-04-16,0.482,2371113
2026-04-15,1.400,2359748
2026-04-14,1.816,2327169
2026-04-13,1.034,2285668
2026-04-10,0.144,2262270
2026-04-09,0.676,2259012
2026-04-08,2.973,2243834
2026-04-07,0.015,2179046
2026-04-06,0.602,2178713
2026-04-02,0.115,2165681
2026-04-01,1.235,2163201
2026-03-31,3.385,2136805
2026-03-30,-0.764,2066834
2026-03-27,-1.954,2082753
2026-03-26,-2.387,2124254
2026-03-25,0.658,2176195
2026-03-24,-0.684,2161979
2026-03-23,1.146,2176862
2026-03-20,-1.848,2152189
2026-03-19,-0.316,2192714
2026-03-18,-1.394,2199665
2026-03-17,0.488,2230761
2026-03-16,1.122,2219928
2026-03-13,-0.593,2195302
2026-03-12,-1.716,2208391
2026-03-11,-0.013,2246957
2026-03-10,0.002,2247252
2026-03-09,1.336,2247216
2026-03-06,-1.504,2217598
2026-03-05,-0.301,2251468
2026-03-04,1.524,2258271
2026-03-03,-1.071,2224365
2026-03-02,0.132,2248436
2026-02-27,-0.320,2245478
2026-02-26,-1.206,2252688
2026-02-25,1.449,2280198
2026-02-24,1.074,2247622
2026-02-23,-1.215,2223736
2026-02-20,0.885,2251098
2026-02-19,-0.383,2231353
2026-02-18,0.747,2239931
2026-02-17,-0.103,2223329
2026-02-13,0.213,2225622
2026-02-12,-2.034,2220889
2026-02-11,0.268,2266997
2026-02-10,-0.464,2260933
2026-02-09,0.766,2271471
2026-02-06,2.114,2254204
2026-02-05,-1.440,2207541
2026-02-04,-1.747,2239783
2026-02-03,-1.536,2279606
2026-02-02,0.687,2315176
2026-01-30,-1.201,2299388
2026-01-29,-0.599,2327341
2026-01-28,0.331,2341355
2026-01-27,0.907,2333627
2026-01-26,0.440,2312662
2026-01-23,0.316,2302531
2026-01-22,0.727,2295284
2026-01-21,1.352,2278719
2026-01-20,-2.125,2248325
2026-01-16,-0.084,2297132
2026-01-15,0.360,2299055
2026-01-14,-1.068,2290809
2026-01-13,-0.148,2315546
2026-01-12,0.083,2318985
2026-01-09,0.996,2317062
2026-01-08,-0.569,2294211
2026-01-07,0.096,2307337
2026-01-06,0.879,2305119
2026-01-05,0.794,2285041
2026-01-02,-0.194,2267034
2025-12-31,-0.827,2271434
2025-12-30,-0.232,2290366
2025-12-29,-0.484,2295690
2025-12-26,-0.006,2306857
2025-12-24,0.293,2307005
2025-12-23,0.468,2300275
2025-12-22,0.479,2289552
2025-12-19,1.304,2278643
2025-12-18,1.449,2249323
2025-12-17,-1.854,2217195
2025-12-16,0.198,2259072
2025-12-15,-0.502,2254603
2025-12-12,-1.912,2265977
2025-12-11,-0.323,2310143
2025-12-10,0.410,2317639
2025-12-09,0.123,2308186
2025-12-08,-0.192,2305342
2025-12-05,0.408,2309774
2025-12-04,-0.093,2300394
2025-12-03,0.244,2302536
2025-12-02,0.783,2296923
2025-12-01,-0.336,2279087
2025-11-28,0.811,2286768
2025-11-26,0.884,2268377
2025-11-25,0.616,2248510
2025-11-24,2.557,2234736
2025-11-21,0.751,2179012
2025-11-20,-2.367,2162763
2025-11-19,0.597,2215201
2025-11-18,-1.218,2202055
2025-11-17,-0.854,2229197
2025-11-14,0.076,2248399
2025-11-13,-2.042,2246701
2025-11-12,-0.079,2293525
2025-11-11,-0.266,2295335
2025-11-10,2.212,2301465
2025-11-07,-0.316,2251649
2025-11-06,-1.863,2258776
2025-11-05,0.651,2301650
2025-11-04,-2.030,2286768
2025-11-03,0.478,2334146
2025-10-31,0.482,2323031
2025-10-30,-1.529,2311879
2025-10-29,0.450,2347773
2025-10-28,0.769,2337248
2025-10-27,1.781,2319412
2025-10-24,1.068,2278828
2025-10-23,0.841,2254751
2025-10-22,-0.963,2235955
2025-10-21,-0.026,2257705
2025-10-20,1.260,2258296
2025-10-17,0.657,2230194
2025-10-16,-0.370,2215644
2025-10-15,0.706,2223879
2025-10-14,-0.666,2208296
2025-10-13,2.122,2223104
2025-10-10,-3.471,2176907
2025-10-09,-0.121,2255194
2025-10-08,1.146,2257927
2025-10-07,-0.527,2232336
2025-10-06,0.751,2244153
2025-10-03,-0.421,2227424
2025-10-02,0.411,2236841
2025-10-01,0.480,2227683
2025-09-30,0.274,2217048
2025-09-29,0.463,2210991
2025-09-26,0.411,2200799
2025-09-25,-0.431,2191789
2025-09-24,-0.351,2201279
2025-09-23,-0.664,2209034
2025-09-22,0.591,2223805
2025-09-19,0.677,2210733
2025-09-18,0.902,2195868
2025-09-17,-0.200,2176245
2025-09-16,-0.085,2180598
2025-09-15,0.856,2182442
2025-09-12,0.442,2163926
2025-09-11,0.582,2154409
2025-09-10,0.033,2141942
2025-09-09,0.283,2141241
2025-09-08,0.488,2135192
2025-09-05,0.144,2124827
2025-09-04,0.905,2121765
2025-09-03,0.787,2102733
2025-09-02,-0.838,2086318
2025-08-29,-1.158,2103950
2025-08-28,0.626,2128589
2025-08-27,0.154,2115347
2025-08-26,0.402,2112101
2025-08-25,-0.288,2103655
2025-08-22,1.543,2109741
2025-08-21,-0.463,2077687
2025-08-20,-0.594,2087351
2025-08-19,-1.357,2099819
2025-08-18,-0.040,2128700
2025-08-15,-0.440,2129548
2025-08-14,-0.078,2138954
2025-08-13,0.050,2140614
2025-08-12,1.257,2139544
2025-08-11,-0.296,2112987
2025-08-08,0.933,2119257
2025-08-07,0.338,2099671
2025-08-06,1.258,2092589
2025-08-05,-0.679,2066585
2025-08-04,1.845,2080712
2025-08-01,-1.970,2043015
2025-07-31,-0.530,2084068
2025-07-30,0.134,2095171
2025-07-29,-0.155,2092368
2025-07-28,0.313,2095614
2025-07-25,0.241,2089085
2025-07-24,0.213,2084068
2025-07-23,0.456,2079642
2025-07-22,-0.518,2070200
2025-07-21,0.518,2080970
2025-07-18,-0.096,2070236
2025-07-17,0.809,2072228
2025-07-16,0.102,2055593
2025-07-15,0.092,2053490
2025-07-14,0.363,2051609
2025-07-11,-0.225,2044195
2025-07-10,-0.144,2048806
2025-07-09,0.708,2051757
2025-07-08,0.056,2037335
2025-07-07,-0.753,2036191
2025-07-03,0.984,2051646
2025-07-02,0.697,2031654
2025-07-01,-0.843,2017601
2025-06-30,0.648,2034753
2025-06-27,0.342,2021658
2025-06-26,0.935,2014761
2025-06-25,0.256,1996097
2025-06-24,1.529,1991006
2025-06-23,1.027,1961018
2025-06-20,-0.408,1941081
2025-06-18,-0.017,1949040
2025-06-17,-0.975,1949371
2025-06-16,1.391,1968567
2025-06-13,-1.255,1941560
2025-06-12,0.235,1966246
2025-06-11,-0.337,1961641
2025-06-10,0.661,1968273
2025-06-09,0.147,1955340
2025-06-06,0.978,1952466
2025-06-05,-0.753,1933565
2025-06-04,0.279,1948229
2025-06-03,0.782,1942813
2025-06-02,0.790,1927744
2025-05-30,-0.158,1912637
2025-05-29,0.197,1915659
2025-05-28,-0.443,1911901
2025-05-27,2.353,1920412
2025-05-23,-0.926,1876272
2025-05-22,0.187,1893810
2025-05-21,-1.390,1890273
2025-05-20,-0.333,1916911
2025-05-19,0.096,1923322
2025-05-16,0.435,1921480
2025-05-15,0.110,1913153
2025-05-14,0.599,1911053
2025-05-13,1.524,1899668
2025-05-12,4.074,1871150
2025-05-09,-0.066,1797903
2025-05-08,1.032,1799083
2025-05-07,0.393,1780697
2025-05-06,-0.930,1773733
2025-05-05,-0.593,1790387
2025-05-02,1.484,1801072
2025-05-01,1.306,1774728
2025-04-30,-0.013,1751848
2025-04-29,0.660,1752069
2025-04-28,-0.032,1740573
2025-04-25,1.115,1741126
2025-04-24,2.814,1721930
2025-04-23,2.268,1674806
2025-04-22,2.625,1637667
2025-04-21,-2.475,1595774
2025-04-17,-0.018,1636266
2025-04-16,-3.015,1636561
2025-04-15,0.111,1687444
2025-04-14,0.678,1685564
2025-04-11,1.842,1674216
2025-04-10,-4.253,1643930
2025-04-09,12.003,1716956
2025-04-08,-1.801,1532954
2025-04-07,0.241,1561067
2025-04-04,-6.211,1557309
2025-04-03,-5.353,1660436
2025-04-02,0.730,1754353
2025-04-01,0.806,1741642
2025-03-31,-0.004,1727715
2025-03-28,-2.633,1727788
2025-03-27,-0.570,1774507
2025-03-26,-1.840,1784676
2025-03-25,0.571,1818131
2025-03-24,2.191,1807815
2025-03-21,0.330,1769053
2025-03-20,-0.339,1763240
2025-03-19,1.338,1769237
2025-03-18,-1.705,1745875
2025-03-17,0.648,1776154
2025-03-14,2.417,1764712
2025-03-13,-1.799,1723064
2025-03-12,1.128,1754631
2025-03-11,-0.239,1735058
2025-03-10,-3.876,1739215
2025-03-07,0.735,1809339
2025-03-06,-2.751,1796131
2025-03-05,1.304,1846939
2025-03-04,-0.302,1823172
2025-03-03,-2.188,1828691
2025-02-28,1.579,1869602
2025-02-27,-2.777,1840538
2025-02-26,0.242,1893112
2025-02-25,-1.260,1888550
2025-02-24,-1.180,1912648
2025-02-21,-2.075,1935495
2025-02-20,-0.424,1976517
2025-02-19,0.028,1984942
2025-02-18,0.227,1984390
2025-02-14,0.420,1979901
2025-02-13,1.439,1971623
2025-02-12,0.059,1943662
2025-02-11,-0.238,1942522
2025-02-10,1.211,1947158
2025-02-07,-1.261,1923869
2025-02-06,0.522,1948445
2025-02-05,0.454,1938328
2025-02-04,1.228,1929571
2025-02-03,-0.800,1906172
2025-01-31,-0.145,1921551
2025-01-30,0.426,1924347
2025-01-29,-0.188,1916180
2025-01-28,1.478,1919785
2025-01-27,-2.911,1891824
2025-01-24,-0.565,1948556
2025-01-23,0.213,1959630
2025-01-22,1.279,1955472
2025-01-21,0.586,1930786
2025-01-17,1.688,1919528
2025-01-16,-0.701,1887667
2025-01-15,2.301,1900985
2025-01-14,-0.095,1858234
2025-01-13,-0.321,1860000
2025-01-10,-1.568,1865997
2025-01-08,0.017,1895724
2025-01-07,-1.784,1895393
2025-01-06,1.149,1929829
2025-01-03,1.637,1907902
2025-01-02,-0.196,1877181
2024-12-31,-0.849,1880860
2024-12-30,-1.330,1896975
2024-12-27,-1.329,1922544
2024-12-26,-0.068,1948445
2024-12-24,1.356,1949770
2024-12-23,0.973,1923685
2024-12-20,0.873,1905155
2024-12-19,-0.445,1888662
2024-12-18,-3.608,1897110
2024-12-17,-0.440,1968114
2024-12-16,1.440,1976819
2024-12-13,0.765,1948756
2024-12-12,-0.645,1933953
2024-12-11,1.790,1946515
2024-12-10,-0.341,1912281
2024-12-09,-0.779,1918819
2024-12-06,0.895,1933879
2024-12-05,-0.277,1916725
2024-12-04,1.236,1922052
2024-12-03,0.307,1898580
2024-12-02,1.089,1892776
2024-11-29,0.879,1872390
2024-11-27,-0.787,1856080
2024-11-26,0.537,1870810
2024-11-25,0.158,1860819
2024-11-22,0.160,1857880
2024-11-21,0.360,1854905
2024-11-20,-0.058,1848257
2024-11-19,0.688,1849322
2024-11-18,0.695,1836686
2024-11-15,-2.383,1824013
2024-11-14,-0.695,1868533
2024-11-13,-0.129,1881609
2024-11-12,-0.181,1884034
2024-11-11,-0.058,1887450
2024-11-08,0.117,1888552
2024-11-07,1.574,1886348
2024-11-06,2.716,1857109
2024-11-05,1.276,1807998
2024-11-04,-0.291,1785224
2024-11-01,0.740,1790440
2024-10-31,-2.524,1777290
2024-10-30,-0.756,1823315
2024-10-29,0.961,1837200
2024-10-28,0.016,1819716
2024-10-25,0.609,1819422
2024-10-24,0.811,1808402
2024-10-23,-1.532,1793856
2024-10-22,0.109,1821773
2024-10-21,0.192,1819789
2024-10-18,0.655,1816299
2024-10-17,0.069,1804472
2024-10-16,0.012,1803223
2024-10-15,-1.337,1803002
2024-10-14,0.839,1827429
2024-10-11,0.156,1812222
2024-10-10,-0.114,1809394
2024-10-09,0.787,1811451
2024-10-08,1.493,1797309
2024-10-07,-1.071,1770862
2024-10-04,1.190,1790036
2024-10-03,-0.075,1768988
2024-10-02,0.141,1770311
2024-10-01,-1.393,1767813
2024-09-30,0.271,1792791
2024-09-27,-0.556,1787942
2024-09-26,0.751,1797933
2024-09-25,0.093,1784526
2024-09-24,0.482,1782873
2024-09-23,0.265,1774315
2024-09-20,-0.190,1769631
2024-09-19,2.528,1773006
2024-09-18,-0.433,1729282
2024-09-17,0.053,1736802
2024-09-16,-0.442,1735884
2024-09-13,0.448,1743587
2024-09-12,0.982,1735811
2024-09-11,2.172,1718938
2024-09-10,0.924,1682404
2024-09-09,1.286,1666998
2024-09-06,-2.679,1645833
2024-09-05,0.093,1691134
2024-09-04,-0.260,1689557
2024-09-03,-3.036,1693958
2024-08-30,1.192,1746999
2024-08-29,-0.146,1726421
2024-08-28,-1.135,1728952
2024-08-27,0.299,1748796
2024-08-26,-0.971,1743587
2024-08-23,1.085,1760681
2024-08-22,-1.585,1741790
2024-08-21,0.466,1769851
2024-08-20,-0.210,1761634
2024-08-19,1.314,1765339
2024-08-16,0.129,1742450
2024-08-15,2.526,1740213
2024-08-14,0.032,1697333
2024-08-13,2.481,1696783
2024-08-12,0.215,1655700
2024-08-09,0.522,1652142
2024-08-08,3.059,1643559
2024-08-07,-1.083,1594773
2024-08-06,0.956,1612233
2024-08-05,-2.982,1596974
2024-08-02,-2.373,1646053
2024-08-01,-2.422,1686072
2024-07-31,2.959,1727925
2024-07-30,-1.373,1678259
2024-07-29,0.201,1701625
2024-07-26,1.026,1698213
2024-07-25,-1.103,1680973
2024-07-24,-3.587,1699717
2024-07-23,-0.352,1762955
2024-07-22,1.490,1769191
2024-07-19,-0.886,1743221
2024-07-18,-0.473,1758810
2024-07-17,-2.935,1767173
2024-07-16,0.038,1820617
2024-07-15,0.269,1819920
2024-07-12,0.587,1815042
2024-07-11,-2.193,1804441
2024-07-10,1.043,1844900
2024-07-09,0.086,1825863
2024-07-08,0.238,1824285
2024-07-05,1.043,1819957
2024-07-03,0.834,1801176
2024-07-02,1.050,1786284
2024-07-01,0.587,1767723
2024-06-28,-0.519,1757416
2024-06-27,0.258,1766586
2024-06-26,0.207,1762038
2024-06-25,1.144,1758407
2024-06-24,-1.137,1738526
2024-06-21,-0.268,1758516
2024-06-20,-0.771,1763240
2024-06-18,0.031,1776937
2024-06-17,1.225,1776387
2024-06-14,0.518,1754890
2024-06-13,0.542,1745844
2024-06-12,1.310,1736433
2024-06-11,0.686,1713983
2024-06-10,0.404,1702301
2024-06-07,-0.088,1695453
2024-06-06,-0.035,1696954
2024-06-05,2.016,1697540
2024-06-04,0.274,1663994
2024-06-03,0.537,1659453
2024-05-31,-0.186,1650591
2024-05-30,-1.071,1653667
2024-05-29,-0.705,1671575
2024-05-28,0.378,1683441
2024-05-24,0.946,1677105
2024-05-23,-0.450,1661394
2024-05-22,-0.020,1668902
2024-05-21,0.196,1669231
2024-05-20,0.697,1665972
2024-05-17,-0.049,1654436
2024-05-16,-0.203,1655242
2024-05-15,1.563,1658611
2024-05-14,0.643,1633085
2024-05-13,0.231,1622648
2024-05-10,0.236,1618913
2024-05-09,0.218,1615104
2024-05-08,-0.059,1611588
2024-05-07,0.016,1612540
2024-05-06,1.095,1612284
2024-05-03,2.010,1594815
2024-05-02,1.276,1563394
2024-05-01,-0.723,1543691
2024-04-30,-1.886,1554934
2024-04-29,0.406,1584817
2024-04-26,1.543,1578409
2024-04-25,-0.483,1554421
2024-04-24,0.339,1561965
2024-04-23,1.492,1556692
2024-04-22,1.006,1533803
2024-04-19,-2.069,1518532
2024-04-18,-0.571,1550612
2024-04-17,-1.220,1559512
2024-04-16,0.009,1578775
2024-04-15,-1.645,1578628
2024-04-12,-1.594,1605033
2024-04-11,1.597,1631034
2024-04-10,-0.873,1605399
2024-04-09,0.370,1619535
2024-04-08,0.030,1613566
2024-04-05,1.178,1613090
2024-04-04,-1.529,1594303
2024-04-03,0.224,1619059
2024-04-02,-0.863,1615433
2024-04-01,0.212,1629496
2024-03-28,-0.184,1626054
2024-03-27,0.341,1629057
2024-03-26,-0.324,1623527
2024-03-25,-0.363,1628800
2024-03-22,0.114,1634733
2024-03-21,0.473,1632866
2024-03-20,1.186,1625175
2024-03-19,0.249,1606131
2024-03-18,0.953,1602140
2024-03-15,-1.189,1587022
2024-03-14,-0.252,1606114
2024-03-13,-0.769,1610173
2024-03-12,1.434,1622645
2024-03-11,-0.371,1599713
2024-03-08,-1.443,1605675
2024-03-07,1.518,1629192
2024-03-06,0.628,1604834
2024-03-05,-1.795,1594812
2024-03-04,-0.357,1623962
2024-03-01,1.506,1629777
2024-02-29,0.857,1605602
2024-02-28,-0.532,1591959
2024-02-27,0.241,1600481
2024-02-26,-0.053,1596641
2024-02-23,-0.294,1597482
2024-02-22,2.928,1602200
2024-02-21,-0.400,1556629
2024-02-20,-0.755,1562883
2024-02-16,-0.907,1574770
2024-02-15,0.298,1589180
2024-02-14,1.090,1584462
2024-02-13,-1.560,1567382
2024-02-12,-0.391,1592215
2024-02-09,0.984,1598470
2024-02-08,0.185,1582889
2024-02-07,1.029,1579963
2024-02-06,-0.201,1563871
2024-02-05,-0.131,1567016
2024-02-02,1.690,1569064
2024-02-01,1.178,1542987
2024-01-31,-1.959,1525029
2024-01-30,-0.666,1555495
2024-01-29,1.024,1565919
2024-01-26,-0.596,1550046
2024-01-25,0.122,1559335
2024-01-24,0.555,1557434
2024-01-23,0.415,1548839
2024-01-22,0.131,1542438
2024-01-19,1.983,1540427
2024-01-18,1.419,1510472
2024-01-17,-0.564,1489333
2024-01-16,-0.010,1497781
2024-01-12,0.051,1497928
2024-01-11,0.208,1497159
2024-01-10,0.678,1494051
2024-01-09,0.198,1483993
2024-01-08,2.067,1481067
2024-01-05,0.119,1451076
2024-01-04,-0.515,1449357
2024-01-03,-1.058,1456855
2024-01-02,-1.692,1472435
2023-12-29,-0.433,1497781
2023-12-28,-0.049,1504291
2023-12-27,0.203,1505023
2023-12-26,0.612,1501967
2023-12-22,0.150,1492829
2023-12-21,1.164,1490599
2023-12-20,-1.486,1473455
2023-12-19,0.511,1495680
2023-12-18,0.629,1488077
2023-12-15,0.483,1478780
2023-12-14,-0.087,1471666
2023-12-13,1.272,1472943
2023-12-12,0.796,1454446
2023-12-11,0.854,1442954
2023-12-08,0.446,1430733
2023-12-07,1.397,1424385
2023-12-06,-0.578,1404757
2023-12-05,0.251,1412929
2023-12-04,-0.928,1409390
2023-12-01,0.285,1422597
2023-11-30,-0.251,1418547
2023-11-29,-0.097,1422123
2023-11-28,0.262,1423509
2023-11-27,-0.087,1419788
2023-11-24,-0.141,1421028
2023-11-22,0.409,1423035
2023-11-21,-0.581,1417234
2023-11-20,1.217,1425516
2023-11-17,0.023,1408369
2023-11-16,0.086,1408040
2023-11-15,0.075,1406837
2023-11-14,2.153,1405779
2023-11-13,-0.312,1376155
2023-11-10,2.248,1380460
2023-11-09,-0.770,1350106
2023-11-08,0.064,1360577
2023-11-07,0.945,1359701
2023-11-06,0.408,1346969
2023-11-03,1.175,1341496
2023-11-02,1.815,1325918
2023-11-01,1.736,1302278
2023-10-31,0.478,1280060
2023-10-30,1.127,1273967
2023-10-27,0.480,1259776
2023-10-26,-1.907,1253756
2023-10-25,-2.448,1278126
2023-10-24,0.973,1310195
2023-10-23,0.302,1297572
2023-10-20,-1.492,1293668
2023-10-19,-0.936,1313259
2023-10-18,-1.312,1325663
2023-10-17,-0.328,1343284
2023-10-16,1.131,1347698
2023-10-13,-1.257,1332631
2023-10-12,-0.348,1349596
2023-10-11,0.714,1354302
2023-10-10,0.554,1344707
2023-10-09,0.510,1337301
2023-10-06,1.676,1330515
2023-10-05,-0.295,1308589
2023-10-04,1.361,1312456
2023-10-03,-1.755,1294835
2023-10-02,0.835,1317965
2023-09-29,0.073,1307057
2023-09-28,0.837,1306108
2023-09-27,0.234,1295273
2023-09-26,-1.502,1292245
2023-09-25,0.475,1311946
2023-09-22,0.014,1305744
2023-09-21,-1.832,1305561
2023-09-20,-1.441,1329932
2023-09-19,-0.213,1349377
2023-09-18,0.105,1352259
2023-09-15,-1.712,1350842
2023-09-14,0.818,1374376
2023-09-13,0.381,1363228
2023-09-12,-1.109,1358055
2023-09-11,1.178,1373283
2023-09-08,0.140,1357290
2023-09-07,-0.715,1355396
2023-09-06,-0.881,1365159
2023-09-05,0.127,1377290
2023-09-01,-0.106,1375541
2023-08-31,0.300,1376999
2023-08-30,0.558,1372882
2023-08-29,2.184,1365268
2023-08-28,0.753,1336088
2023-08-25,0.775,1326107
2023-08-24,-2.138,1315906
2023-08-23,1.577,1344649
2023-08-22,-0.143,1323775
2023-08-21,1.611,1325669
2023-08-18,-0.125,1304650
2023-08-17,-1.092,1306289
2023-08-16,-1.059,1320715
2023-08-15,-1.061,1334850
2023-08-14,1.122,1349166
2023-08-11,-0.638,1334194
2023-08-10,0.185,1342755
2023-08-09,-1.099,1340278
2023-08-08,-0.850,1355177
2023-08-07,0.847,1366798
2023-08-04,-0.468,1355323
2023-08-03,-0.160,1361698
2023-08-02,-2.194,1363884
2023-08-01,-0.232,1394485
2023-07-31,0.052,1397727
2023-07-28,1.821,1396998
2023-07-27,-0.238,1372008
2023-07-26,-0.333,1375286
2023-07-25,0.678,1379877
2023-07-24,0.160,1370587
2023-07-21,-0.300,1368401
2023-07-20,-2.305,1372518
2023-07-19,-0.023,1404904
2023-07-18,0.818,1405231
2023-07-17,0.934,1393829
2023-07-14,-0.021,1380933
2023-07-13,1.698,1381224
2023-07-12,1.263,1358165
2023-07-11,0.494,1341225
2023-07-10,0.033,1334631
2023-07-07,-0.332,1334194
2023-07-06,-0.762,1338638
2023-07-05,-0.003,1348911
2023-07-03,0.236,1348948
2023-06-30,1.542,1345779
2023-06-29,-0.200,1325342
2023-06-28,0.195,1328001
2023-06-27,1.719,1325414
2023-06-26,-1.341,1303010
2023-06-23,-0.991,1320715
2023-06-22,1.180,1333939
2023-06-21,-1.363,1318384
2023-06-20,-0.143,1336598
2023-06-16,-0.629,1338512
2023-06-15,1.192,1346988
2023-06-14,0.727,1331127
2023-06-13,0.768,1321523
2023-06-12,1.690,1311446
2023-06-09,0.382,1289654
2023-06-08,1.241,1284743
2023-06-07,-1.697,1268991
2023-06-06,-0.017,1290891
2023-06-05,0.070,1291110
2023-06-02,0.750,1290200
2023-06-01,1.155,1280596
2023-05-31,-0.569,1265971
2023-05-30,0.454,1273211
2023-05-26,2.555,1267463
2023-05-25,2.433,1235885
2023-05-24,-0.513,1206527
2023-05-23,-1.268,1212748
2023-05-22,0.336,1228318
2023-05-19,-0.225,1224208
2023-05-18,1.857,1226972
2023-05-17,1.210,1204599
2023-05-16,0.113,1190193
2023-05-15,0.541,1188847
2023-05-12,-0.359,1182444
2023-05-11,0.326,1186700
2023-05-10,1.088,1182844
2023-05-09,-0.633,1170111
2023-05-08,0.248,1177569
2023-05-05,2.125,1174659
2023-05-04,-0.353,1150212
2023-05-03,-0.654,1154286
2023-05-02,-0.872,1161889
2023-05-01,-0.115,1172112
2023-04-28,0.690,1173458
2023-04-27,2.719,1165418
2023-04-26,0.606,1134568
2023-04-25,-1.886,1127729
2023-04-24,-0.208,1149411
2023-04-21,0.104,1151812
2023-04-20,-0.762,1150612
2023-04-19,-0.047,1159452
2023-04-18,0.006,1159998
2023-04-17,0.085,1159925
2023-04-14,-0.188,1158943
2023-04-13,1.958,1161125
2023-04-12,-0.883,1138825
2023-04-11,-0.642,1148975
2023-04-10,-0.057,1156396
2023-04-06,0.674,1157051
2023-04-05,-0.987,1149302
2023-04-04,-0.337,1160762
2023-04-03,-0.243,1164691
2023-03-31,1.663,1167528
2023-03-30,0.947,1148429
2023-03-29,1.823,1137661
2023-03-28,-0.531,1117288
2023-03-27,-0.685,1123254
2023-03-24,0.368,1131003
2023-03-23,1.186,1126856
2023-03-22,-1.360,1113650
2023-03-21,1.428,1129002
2023-03-20,0.354,1113104
2023-03-17,-0.473,1109173
2023-03-16,2.636,1114440
2023-03-15,0.525,1085817
2023-03-14,2.298,1080151
2023-03-13,0.742,1055887
2023-03-10,-1.404,1048114
2023-03-09,-1.733,1063043
2023-03-08,0.499,1081786
2023-03-07,-1.227,1076410
2023-03-06,0.113,1089777
2023-03-03,2.067,1088542
2023-03-02,0.828,1066493
2023-03-01,-0.804,1057739
2023-02-28,-0.129,1066312
2023-02-27,0.716,1067692
2023-02-24,-1.674,1060100
2023-02-23,0.873,1078153
2023-02-22,0.075,1068818
2023-02-21,-2.368,1068019
2023-02-17,-0.706,1093918
2023-02-16,-1.876,1101691
2023-02-15,0.766,1122758
2023-02-14,0.739,1114222
2023-02-13,1.602,1106050
2023-02-10,-0.656,1088614
2023-02-09,-0.884,1095806
2023-02-08,-1.778,1105577
2023-02-07,2.072,1125592
2023-02-06,-0.846,1102744
2023-02-03,-1.777,1112152
2023-02-02,3.589,1132275
2023-02-01,2.138,1093046
2023-01-31,1.499,1070162
2023-01-30,-2.022,1054361
2023-01-27,0.995,1076119
2023-01-26,1.950,1065513
2023-01-25,-0.222,1045135
2023-01-24,-0.204,1047460
2023-01-23,2.222,1049603
2023-01-20,2.737,1026792
2023-01-19,-0.982,999440
2023-01-18,-1.300,1009357
2023-01-17,0.203,1022651
2023-01-13,0.688,1020580
2023-01-12,0.540,1013606
2023-01-11,1.730,1008158
2023-01-10,0.846,991013
2023-01-09,0.647,982695
2023-01-06,2.760,976375
2023-01-05,-1.565,950149
2023-01-04,0.476,965260
2023-01-03,-0.676,960683
2022-12-30,-0.060,967221
2022-12-29,2.438,967802
2022-12-28,-1.320,944773
2022-12-27,-1.414,957414
2022-12-23,0.225,971144
2022-12-22,-2.447,968965
2022-12-21,1.451,993265
2022-12-20,-0.078,979063
2022-12-19,-1.402,979826
2022-12-16,-0.953,993757
2022-12-15,-3.358,1003323
2022-12-14,-0.741,1038181
2022-12-13,1.075,1045936
2022-12-12,1.255,1034811
2022-12-09,-0.638,1021984
2022-12-08,1.183,1028543
2022-12-07,-0.408,1016512
2022-12-06,-2.072,1020680
2022-12-05,-1.678,1042276
2022-12-02,-0.398,1060067
2022-12-01,0.123,1064307
2022-11-30,4.559,1063003
2022-11-29,-0.757,1016657
2022-11-28,-1.467,1024412
2022-11-25,-0.658,1039667
2022-11-23,1.004,1046552
2022-11-22,1.440,1036152
2022-11-21,-1.029,1021440
2022-11-18,0.004,1032057
2022-11-17,-0.221,1032021
2022-11-16,-1.365,1034304
2022-11-15,1.384,1048617
2022-11-14,-0.875,1034304
2022-11-11,1.843,1043435
2022-11-10,7.379,1024557
2022-11-09,-2.308,954151
2022-11-08,0.729,976690
2022-11-07,1.099,969624
2022-11-04,1.609,959079
2022-11-03,-1.953,943897
2022-11-02,-3.428,962703
2022-11-01,-1.022,996873
2022-10-31,-1.163,1007164
2022-10-28,3.060,1019013
2022-10-27,-1.821,988756
2022-10-26,-2.210,1007091
2022-10-25,2.069,1029847
2022-10-24,1.100,1008975
2022-10-21,2.345,997996
2022-10-20,-0.510,975132
2022-10-19,-0.365,980132
2022-10-18,0.791,983719
2022-10-17,3.302,976001
2022-10-14,-3.006,944803
2022-10-13,2.345,974081
2022-10-12,-0.034,951760
2022-10-11,-1.374,952086
2022-10-10,-1.000,965348
2022-10-07,-3.810,975095
2022-10-06,-0.787,1013722
2022-10-05,-0.053,1021767
2022-10-04,3.144,1022310
2022-10-03,2.346,991148
2022-09-30,-1.696,968428
2022-09-29,-2.883,985133
2022-09-28,1.989,1014375
2022-09-27,0.040,994590
2022-09-26,-0.414,994191
2022-09-23,-1.628,998322
2022-09-22,-1.231,1014846
2022-09-21,-1.791,1027492
2022-09-20,-0.797,1046226
2022-09-19,0.777,1054632
2022-09-16,-0.611,1046499
2022-09-15,-1.665,1052937
2022-09-14,0.793,1070770
2022-09-13,-5.484,1062342
2022-09-12,1.189,1123977
2022-09-09,2.186,1110775
2022-09-08,0.518,1087010
2022-09-07,2.020,1081404
2022-09-06,-0.718,1059991
2022-09-02,-1.413,1067659
2022-09-01,0.043,1082959
2022-08-31,-0.581,1082489
2022-08-30,-1.114,1088819
2022-08-29,-0.986,1101081
2022-08-26,-4.099,1112041
2022-08-25,1.768,1159569
2022-08-24,0.290,1139422
2022-08-23,-0.083,1136131
2022-08-22,-2.633,1137071
2022-08-19,-1.950,1167816
2022-08-18,0.240,1191038
2022-08-17,-1.141,1188181
2022-08-16,-0.234,1201889
2022-08-15,0.808,1204711
2022-08-12,1.947,1195053
2022-08-11,-0.568,1172229
2022-08-10,2.791,1178921
2022-08-09,-1.132,1146910
2022-08-08,-0.323,1160040
2022-08-05,-0.817,1163801
2022-08-04,0.468,1173387
2022-08-03,2.723,1167925
2022-08-02,-0.298,1136962
2022-08-01,-0.060,1140363
2022-07-29,1.824,1141050
2022-07-28,0.978,1120613
2022-07-27,4.226,1109762
2022-07-26,-1.965,1064765
2022-07-25,-0.570,1086106
2022-07-22,-1.754,1092327
2022-07-21,1.436,1111824
2022-07-20,1.586,1096089
2022-07-19,3.075,1078980
2022-07-18,-0.846,1046788
2022-07-15,1.814,1055722
2022-07-14,0.357,1036914
2022-07-13,-0.206,1033224
2022-07-12,-0.969,1035358
2022-07-11,-2.136,1045486
2022-07-08,0.125,1068310
2022-07-07,2.140,1066972
2022-07-06,0.641,1044618
2022-07-05,1.712,1037963
2022-07-01,0.660,1020492
2022-06-30,-1.240,1013800
2022-06-29,0.092,1026532
2022-06-28,-3.047,1025592
2022-06-27,-0.733,1057820
2022-06-24,3.426,1065633
2022-06-23,1.489,1030330
2022-06-22,-0.146,1015211
2022-06-21,2.518,1016694
2022-06-17,1.216,991720
2022-06-16,-4.035,979806
2022-06-15,2.497,1021000
2022-06-14,0.182,996125
2022-06-13,-4.650,994319
2022-06-10,-3.527,1042806
2022-06-09,-2.678,1080931
2022-06-08,-0.720,1110680
2022-06-07,0.863,1118731
2022-06-06,0.333,1109164
2022-06-03,-2.602,1105481
2022-06-02,2.739,1135014
2022-06-01,-0.740,1104759
2022-05-31,-0.265,1112991
2022-05-27,3.264,1115951
2022-05-26,2.771,1080678
2022-05-25,1.400,1051543
2022-05-24,-2.126,1037029
2022-05-23,1.663,1059558
2022-05-20,-0.311,1042228
2022-05-19,-0.536,1045478
2022-05-18,-4.909,1051110
2022-05-17,2.590,1105373
2022-05-16,-1.159,1077465
2022-05-13,3.706,1090101
2022-05-12,-0.236,1051146
2022-05-11,-2.966,1053637
2022-05-10,1.215,1085841
2022-05-09,-3.913,1072808
2022-05-06,-1.198,1116493
2022-05-05,-5.036,1130031
2022-05-04,3.381,1189963
2022-05-03,0.107,1151044
2022-05-02,1.670,1149816
2022-04-29,-4.500,1130934
2022-04-28,3.552,1184222
2022-04-27,-0.120,1143606
2022-04-26,-3.775,1144978
2022-04-25,1.285,1189891
2022-04-22,-2.619,1174799
2022-04-21,-2.069,1206390
2022-04-20,-1.458,1231879
2022-04-19,2.235,1250111
2022-04-18,0.077,1222781
2022-04-14,-2.287,1221842
2022-04-13,2.033,1250436
2022-04-12,-0.422,1225524
2022-04-11,-2.366,1230723
2022-04-08,-1.398,1260545
2022-04-07,0.238,1278416
2022-04-06,-2.171,1275383
2022-04-05,-2.220,1303688
2022-04-04,2.059,1333293
2022-04-01,-0.190,1306396
2022-03-31,-1.239,1308887
2022-03-30,-1.105,1325314
2022-03-29,1.721,1340116
2022-03-28,1.547,1317443
2022-03-25,-0.083,1297370
2022-03-24,2.223,1298453
2022-03-23,-1.437,1270220
2022-03-22,1.965,1288741
2022-03-21,-0.278,1263902
2022-03-18,2.047,1267423
2022-03-17,1.211,1242001
2022-03-16,3.709,1227145
2022-03-15,3.137,1183262
2022-03-14,-1.920,1147276
2022-03-11,-2.074,1169740
2022-03-10,-1.110,1194512
2022-03-09,3.600,1207926
2022-03-08,-0.465,1165954
2022-03-07,-3.688,1171399
2022-03-04,-1.449,1216256
2022-03-03,-1.428,1234141
2022-03-02,1.678,1252026
2022-03-01,-1.531,1231364
2022-02-28,0.298,1250511
2022-02-25,1.551,1246797
2022-02-24,3.360,1227758
2022-02-23,-2.562,1187841
2022-02-22,-1.004,1219068
2022-02-18,-1.141,1231436
2022-02-17,-2.974,1245643
2022-02-16,-0.025,1283829
2022-02-15,2.486,1284154
2022-02-14,0.124,1252999
2022-02-11,-3.172,1251449
2022-02-10,-2.263,1292447
2022-02-09,2.119,1322376
2022-02-08,1.124,1294935
2022-02-07,-0.804,1280548
2022-02-04,1.261,1290933
2022-02-03,-4.054,1274851
2022-02-02,0.813,1328722
2022-02-01,0.680,1318013
2022-01-31,3.198,1309106
2022-01-28,3.137,1268540
2022-01-27,-1.007,1229958
2022-01-26,-0.156,1242470
2022-01-25,-2.318,1244417
2022-01-24,0.458,1273949
2022-01-21,-2.773,1268144
2022-01-20,-1.299,1304311
2022-01-19,-1.098,1321474
2022-01-18,-2.489,1336150
2022-01-14,0.622,1370262
2022-01-13,-2.502,1361788
2022-01-12,0.397,1396729
2022-01-11,1.502,1391212
2022-01-10,0.066,1370622
2022-01-07,-1.083,1369721
2022-01-06,-0.070,1384721
2022-01-05,-3.072,1385695
2022-01-04,-1.297,1429614
2022-01-03,0.963,1448401
2021-12-31,-0.624,1434590
2021-12-30,-0.299,1443605
2021-12-29,-0.015,1447932
2021-12-28,-0.463,1448148
2021-12-27,1.653,1454891
2021-12-23,0.754,1431237
2021-12-22,1.218,1420527
2021-12-21,2.238,1403436
2021-12-20,-0.969,1372714
2021-12-17,-0.499,1386141
2021-12-16,-2.571,1393091
2021-12-15,2.280,1429860
2021-12-14,-1.035,1397989
2021-12-13,-1.445,1412610
2021-12-10,1.087,1433317
2021-12-09,-1.471,1417904
2021-12-08,0.447,1439079
2021-12-07,3.011,1432669
2021-12-06,0.801,1390787
2021-12-03,-1.739,1379731
2021-12-02,0.721,1404147
2021-12-01,-1.701,1394100
2021-11-30,-1.469,1418228
2021-11-29,2.170,1439367
2021-11-26,-1.896,1408793
2021-11-24,0.322,1436018
2021-11-23,-0.456,1431408
2021-11-22,-1.161,1437963
2021-11-19,0.558,1454852
2021-11-18,1.036,1446785
2021-11-17,0.053,1431949
2021-11-16,0.712,1431192
2021-11-15,-0.023,1421073
2021-11-12,1.052,1421397
2021-11-11,0.277,1406596
2021-11-10,-1.470,1402707
2021-11-09,-0.688,1423630
2021-11-08,-0.135,1433497
2021-11-05,0.095,1435442
2021-11-04,1.282,1434073
2021-11-03,1.062,1415923
2021-11-02,0.418,1401050
2021-11-01,0.342,1395216
2021-10-29,0.492,1390463
2021-10-28,1.111,1383656
2021-10-27,0.232,1368459
2021-10-26,0.315,1365290
2021-10-25,1.024,1361005
2021-10-22,-0.840,1347212
2021-10-21,0.611,1358628
2021-10-20,-0.131,1350381
2021-10-19,0.757,1352146
2021-10-18,1.006,1341990
2021-10-15,0.630,1328630
2021-10-14,1.842,1320311
2021-10-13,0.801,1296435
2021-10-12,-0.349,1286136
2021-10-11,-0.767,1290637
2021-10-08,-0.499,1300612
2021-10-07,0.918,1307131
2021-10-06,0.641,1295247
2021-10-05,1.350,1287000
2021-10-04,-2.099,1269858
2021-10-01,0.620,1297083
2021-09-30,-0.367,1289089
2021-09-29,-0.164,1293842
2021-09-28,-2.830,1295967
2021-09-27,-0.798,1333708
2021-09-24,0.094,1344439
2021-09-23,0.923,1343179
2021-09-22,0.934,1330899
2021-09-21,0.123,1318582
2021-09-20,-2.064,1316962
2021-09-17,-1.184,1344718
2021-09-16,0.069,1360833
2021-09-15,0.743,1359898
2021-09-14,-0.284,1349862
2021-09-13,-0.069,1353711
2021-09-10,-0.759,1354646
2021-09-09,-0.344,1365006
2021-09-08,-0.348,1369718
2021-09-07,0.142,1374502
2021-09-03,0.308,1372560
2021-09-02,-0.047,1368351
2021-09-01,0.166,1368998
2021-08-31,-0.082,1366732
2021-08-30,1.122,1367847
2021-08-27,0.972,1352667
2021-08-26,-0.635,1339646
2021-08-25,0.115,1348207
2021-08-24,0.305,1346660
2021-08-23,1.496,1342559
2021-08-20,1.036,1322775
2021-08-19,0.483,1309214
2021-08-18,-0.962,1302919
2021-08-17,-0.881,1315581
2021-08-16,0.043,1327272
2021-08-13,0.351,1326696
2021-08-12,0.360,1322056
2021-08-11,-0.172,1317308
2021-08-10,-0.513,1319574
2021-08-09,0.185,1326372
2021-08-06,-0.438,1323926
2021-08-05,0.634,1329754
2021-08-04,0.144,1321372
2021-08-03,0.606,1319466
2021-08-02,0.008,1311516
2021-07-30,-0.521,1311408
2021-07-29,0.178,1318279
2021-07-28,0.384,1315941
2021-07-27,-1.102,1310905
2021-07-26,0.079,1325509
2021-07-23,1.168,1324466
2021-07-22,0.661,1309178
2021-07-21,0.772,1300581
2021-07-20,1.162,1290617
2021-07-19,-0.819,1275797
2021-07-16,-0.810,1286336
2021-07-15,-0.702,1296840
2021-07-14,0.179,1306013
2021-07-13,0.000,1303674
2021-07-12,0.391,1303674
2021-07-09,0.624,1298602
2021-07-08,-0.604,1290545
2021-07-07,0.211,1298387
2021-07-06,0.432,1295653
2021-07-02,1.148,1290077
2021-07-01,0.040,1275437
2021-06-30,-0.158,1274933
2021-06-29,0.362,1276948
2021-06-28,1.216,1272343
2021-06-25,-0.123,1257056
2021-06-24,0.618,1258602
2021-06-23,0.049,1250868
2021-06-22,0.932,1250257
2021-06-21,0.621,1238710
2021-06-18,-0.785,1231069
2021-06-17,1.270,1240806
2021-06-16,-0.365,1225248
2021-06-15,-0.653,1229739
2021-06-14,0.958,1237823
2021-06-11,0.261,1226074
2021-06-10,1.042,1222877
2021-06-09,0.024,1210265
2021-06-08,0.048,1209978
2021-06-07,0.298,1209403
2021-06-04,1.697,1205810
2021-06-03,-1.041,1185689
2021-06-02,0.195,1198157
2021-06-01,-0.332,1195821
2021-05-28,0.315,1199809
2021-05-27,-0.374,1196037
2021-05-26,0.348,1200528
2021-05-25,0.138,1196360
2021-05-24,1.682,1194707
2021-05-21,-0.553,1174946
2021-05-20,1.934,1181485
2021-05-19,0.115,1159065
2021-05-18,-0.675,1157736
2021-05-17,-0.607,1165604
2021-05-14,2.208,1172718
2021-05-13,0.773,1147388
2021-05-12,-2.588,1138585
2021-05-11,-0.138,1168838
2021-05-10,-2.525,1170455
2021-05-07,0.811,1200780
2021-05-06,0.754,1191114
2021-05-05,-0.336,1182204
2021-05-04,-1.800,1186192
2021-05-03,-0.533,1207930
2021-04-30,-0.655,1214397
2021-04-29,0.360,1222409
2021-04-28,-0.338,1218026
2021-04-27,-0.433,1222158
2021-04-26,0.651,1227476
2021-04-23,1.259,1219535
2021-04-22,-1.205,1204373
2021-04-21,0.856,1219068
2021-04-20,-0.729,1208720
2021-04-19,-0.915,1217595
2021-04-16,0.117,1228841
2021-04-15,1.516,1227404
2021-04-14,-1.201,1209079
2021-04-13,1.167,1223775
2021-04-12,-0.131,1209654
2021-04-09,0.606,1211235
2021-04-08,1.043,1203941
2021-04-07,0.242,1191510
2021-04-06,-0.069,1188635
2021-04-05,1.996,1189462
2021-04-01,1.705,1166179
2021-03-31,1.530,1146633
2021-03-30,-0.503,1129351
2021-03-29,-0.028,1135064
2021-03-26,1.500,1135387
2021-03-25,-0.173,1118608
2021-03-24,-1.687,1120548
2021-03-23,-0.436,1139771
2021-03-22,1.873,1144765
2021-03-19,0.353,1123719
2021-03-18,-3.063,1119772
2021-03-17,0.412,1155155
2021-03-16,0.549,1150418
2021-03-15,1.068,1144138
2021-03-12,-0.811,1132045
2021-03-11,2.303,1141303
2021-03-10,-0.285,1115609
2021-03-09,3.944,1118803
2021-03-08,-2.831,1076350
2021-03-05,1.506,1107714
2021-03-04,-1.637,1091279
2021-03-03,-2.902,1109437
2021-03-02,-1.604,1142595
2021-03-01,3.008,1161219
2021-02-26,0.419,1127308
2021-02-25,-3.486,1122607
2021-02-24,0.824,1163157
2021-02-23,-0.298,1153648
2021-02-22,-2.592,1157093
2021-02-19,-0.436,1187882
2021-02-18,-0.437,1193086
2021-02-17,-0.480,1198325
2021-02-16,-0.270,1204103
2021-02-12,0.559,1207368
2021-02-11,0.550,1200658
2021-02-10,-0.228,1194091
2021-02-09,-0.021,1196818
2021-02-08,0.670,1197069
2021-02-05,0.339,1189102
2021-02-04,1.183,1185083
2021-02-03,-0.397,1171231
2021-02-02,1.631,1175897
2021-02-01,2.499,1157021
2021-01-29,-2.104,1128815
2021-01-28,0.592,1153073
2021-01-27,-2.788,1146291
2021-01-26,0.146,1179162
2021-01-25,0.827,1177440
2021-01-22,-0.288,1167786
2021-01-21,0.800,1171160
2021-01-20,2.326,1161865
2021-01-19,1.459,1135454
2021-01-15,-0.792,1119126
2021-01-14,-0.535,1128061
2021-01-13,0.675,1134126
2021-01-12,-0.159,1126518
2021-01-11,-1.445,1128312
2021-01-08,1.286,1144856
2021-01-07,2.419,1130322
2021-01-06,-1.385,1103623
2021-01-05,0.824,1119126
2021-01-04,-1.412,1109975
2020-12-31,0.246,1125872
2020-12-30,0.003,1123109
2020-12-29,0.090,1123073
2020-12-28,1.008,1122068
2020-12-24,0.441,1110872
2020-12-23,-0.504,1105992
2020-12-22,0.272,1111590
2020-12-21,-0.187,1108575
2020-12-18,-0.302,1110648
2020-12-17,0.654,1114015
2020-12-16,0.550,1106780
2020-12-15,1.069,1100726
2020-12-14,0.726,1089084
2020-12-11,-0.221,1081240
2020-12-10,0.402,1083640
2020-12-09,-2.264,1079305
2020-12-08,0.338,1104308
2020-12-07,0.566,1100583
2020-12-04,0.408,1094386
2020-12-03,0.142,1089944
2020-12-02,0.129,1088404
2020-12-01,1.282,1087007
2020-11-30,0.204,1073252
2020-11-27,0.921,1071067
2020-11-25,0.615,1061288
2020-11-24,1.405,1054804
2020-11-23,0.003,1040189
2020-11-20,-0.684,1040154
2020-11-19,0.782,1047318
2020-11-18,-0.739,1039186
2020-11-17,-0.317,1046924
2020-11-16,0.780,1050255
2020-11-13,0.877,1042124
2020-11-12,-0.469,1033061
2020-11-11,2.237,1037933
2020-11-10,-1.791,1015223
2020-11-09,-2.043,1033742
2020-11-06,0.075,1055306
2020-11-05,2.607,1054518
2020-11-04,4.464,1027724
2020-11-03,1.730,983808
2020-11-02,0.223,967080
2020-10-30,-2.536,964931
2020-10-29,1.749,990041
2020-10-28,-3.899,973026
2020-10-27,0.781,1012500
2020-10-26,-1.500,1004656
2020-10-23,0.197,1019951
2020-10-22,-0.004,1017945
2020-10-21,-0.077,1017981
2020-10-20,0.215,1018769
2020-10-19,-1.633,1016584
2020-10-16,-0.548,1033455
2020-10-15,-0.671,1039151
2020-10-14,-0.835,1046171
2020-10-13,-0.003,1054983
2020-10-12,3.087,1055019
2020-10-09,1.528,1023425
2020-10-08,0.532,1008023
2020-10-07,1.730,1002685
2020-10-06,-1.785,985635
2020-10-05,2.133,1003545
2020-10-02,-2.813,982590
2020-10-01,1.587,1011032
2020-09-30,0.685,995235
2020-09-29,-0.451,988465
2020-09-28,2.077,992942
2020-09-25,2.325,972740
2020-09-24,0.466,950638
2020-09-23,-3.053,946232
2020-09-22,1.858,976035
2020-09-21,0.385,958232
2020-09-18,-1.276,954554
2020-09-17,-1.562,966895
2020-09-16,-1.595,982239
2020-09-15,1.417,998156
2020-09-14,1.742,984207
2020-09-11,-0.694,967360
2020-09-10,-1.994,974120
2020-09-09,2.938,993936
2020-09-08,-4.806,965571
2020-09-04,-1.333,1014324
2020-09-03,-5.070,1028023
2020-09-02,0.947,1082928
2020-09-01,1.709,1072769
2020-08-31,0.803,1054742
2020-08-28,0.509,1046336
2020-08-27,-0.312,1041043
2020-08-26,2.134,1044298
2020-08-25,0.786,1022479
2020-08-24,0.624,1014502
2020-08-21,0.693,1008207
2020-08-20,1.387,1001268
2020-08-19,-0.673,987569
2020-08-18,0.963,994257
2020-08-17,1.161,984779
2020-08-14,-0.117,973476
2020-08-13,0.228,974621
2020-08-12,2.515,972403
2020-08-11,-1.894,948545
2020-08-10,-0.427,966859
2020-08-07,-1.154,971008
2020-08-06,1.324,982347
2020-08-05,0.248,969506
2020-08-04,0.371,967109
2020-08-03,1.351,963532
2020-07-31,1.785,950691
2020-07-30,0.524,934023
2020-07-29,1.153,929159
2020-07-28,-1.272,918571
2020-07-27,1.784,930411
2020-07-24,-0.950,914100
2020-07-23,-2.612,922864
2020-07-22,0.352,947615
2020-07-21,-1.042,944289
2020-07-20,2.837,954233
2020-07-17,0.116,927907
2020-07-16,-0.682,926834
2020-07-15,0.204,933201
2020-07-14,0.708,931305
2020-07-13,-2.057,924759
2020-07-10,0.683,944182
2020-07-09,0.842,937779
2020-07-08,1.317,929946
2020-07-07,-0.689,917856
2020-07-06,2.458,924223
2020-07-02,0.679,902046
2020-07-01,1.167,895966
2020-06-30,1.960,885628
2020-06-29,1.091,868603
2020-06-26,-2.362,859231
2020-06-25,0.952,880013
2020-06-24,-2.062,871715
2020-06-23,0.851,890064
2020-06-22,1.197,882552
2020-06-19,-0.016,872111
2020-06-18,0.271,872254
2020-06-17,0.317,869897
2020-06-16,1.717,867147
2020-06-15,1.217,852507
2020-06-12,0.795,842260
2020-06-11,-4.955,835618
2020-06-10,1.200,879181
2020-06-09,0.724,868754
2020-06-08,0.776,862505
2020-06-05,1.983,855864
2020-06-04,-0.701,839224
2020-06-03,0.450,845152
2020-06-02,0.671,841367
2020-06-01,0.300,835761
2020-05-29,1.465,833261
2020-05-28,-0.130,821228
2020-05-27,0.546,822299
2020-05-26,-0.270,817836
2020-05-22,0.345,820050
2020-05-21,-1.089,817229
2020-05-20,1.997,826227
2020-05-19,-0.251,810052
2020-05-18,1.863,812087
2020-05-15,0.649,797233
2020-05-14,1.135,792091
2020-05-13,-1.252,783200
2020-05-12,-2.094,793127
2020-05-11,0.894,810087
2020-05-08,1.370,802910
2020-05-07,1.288,792055
2020-05-06,0.616,781986
2020-05-05,1.134,777201
2020-05-04,1.166,768489
2020-05-01,-2.819,759633
2020-04-30,-0.041,781665
2020-04-29,3.546,781986
2020-04-28,-1.883,755206
2020-04-27,0.804,769703
2020-04-24,1.577,763561
2020-04-23,-0.213,751706
2020-04-22,2.967,753313
2020-04-21,-3.690,731603
2020-04-20,-1.184,759633
2020-04-17,0.957,768739
2020-04-16,1.824,761454
2020-04-15,-1.147,747814
2020-04-14,4.349,756491
2020-04-13,1.080,724962
2020-04-09,0.145,717213
2020-04-08,2.123,716178
2020-04-07,-0.041,701288
2020-04-06,7.149,701573
2020-04-03,-1.419,654761
2020-04-02,2.030,664188
2020-04-01,-4.249,650977
2020-03-31,-0.854,679864
2020-03-30,3.637,685720
2020-03-27,-3.439,661653
2020-03-26,5.266,685220
2020-03-25,-0.740,650941
2020-03-24,7.744,655797
2020-03-23,0.072,608664
2020-03-20,-3.918,608226
2020-03-19,0.600,633026
2020-03-18,-3.042,629249
2020-03-17,7.584,648989
2020-03-16,-11.979,603238
2020-03-13,8.471,685333
2020-03-12,-9.169,631814
2020-03-11,-4.355,695594
2020-03-10,5.445,727271
2020-03-09,-6.946,689715
2020-03-06,-1.687,741202
2020-03-05,-3.038,753923
2020-03-04,4.172,777546
2020-03-03,-3.207,746405
2020-03-02,5.160,771133
2020-02-28,0.078,733292
2020-02-27,-5.007,732722
2020-02-26,0.515,771347
2020-02-25,-2.719,767391
2020-02-24,-3.856,788842
2020-02-21,-1.921,820482
2020-02-20,-0.928,836552
2020-02-19,0.959,844391
2020-02-18,0.038,836374
2020-02-14,0.286,836053
2020-02-13,-0.128,833666
2020-02-12,0.974,834735
2020-02-11,0.017,826682
2020-02-10,1.209,826539
2020-02-07,-0.430,816670
2020-02-06,0.863,820197
2020-02-05,0.330,813178
2020-02-04,2.289,810505
2020-02-03,1.511,792369
2020-01-31,-1.586,780575
2020-01-30,0.356,793153
2020-01-29,0.163,790338
2020-01-28,1.536,789055
2020-01-27,-2.066,777119
2020-01-24,-0.842,793509
2020-01-23,0.322,800244
2020-01-22,0.264,797678
2020-01-21,-0.045,795576
2020-01-17,0.495,795932
2020-01-16,0.958,792013
2020-01-15,0.041,784494
2020-01-14,-0.394,784174
2020-01-13,1.154,787274
2020-01-10,-0.256,778295
2020-01-09,0.847,780290
2020-01-08,0.752,773734
2020-01-07,-0.014,767962
2020-01-06,0.644,768068
2020-01-03,-0.916,763151
2020-01-02,1.670,770206
2019-12-31,0.188,757557
2019-12-30,-0.655,756132
2019-12-27,-0.084,761120
2019-12-26,0.882,761762
2019-12-24,0.052,755099
2019-12-23,0.263,754707
2019-12-20,0.403,752724
2019-12-19,0.625,749702
2019-12-18,0.076,745044
2019-12-17,0.057,744475
2019-12-16,1.004,744049
2019-12-13,0.329,736653
2019-12-12,0.746,734236
2019-12-11,0.530,728796
2019-12-10,-0.083,724956
2019-12-09,-0.454,725560
2019-12-06,1.070,728867
2019-12-05,0.198,721152
2019-12-04,0.506,719729
2019-12-03,-0.783,716103
2019-12-02,-1.024,721756
2019-11-29,-0.456,729223
2019-11-27,0.699,732565
2019-11-26,0.191,727480
2019-11-25,1.184,726094
2019-11-22,0.064,717596
2019-11-21,-0.223,717134
2019-11-20,-0.600,718734
2019-11-19,0.148,723072
2019-11-18,0.079,722005
2019-11-15,0.735,721436
2019-11-14,-0.079,716174
2019-11-13,0.025,716743
2019-11-12,0.289,716565
2019-11-11,-0.134,714503
2019-11-08,0.399,715463
2019-11-07,0.335,712619
2019-11-06,-0.225,710236
2019-11-05,0.055,711836
2019-11-04,0.618,711445
2019-11-01,0.908,707072
2019-10-31,0.046,700708
2019-10-30,0.485,700388
2019-10-29,-0.774,697010
2019-10-28,0.987,702450
2019-10-25,0.799,695588
2019-10-24,0.973,690077
2019-10-23,0.193,683428
2019-10-22,-0.796,682113
2019-10-21,0.887,687588
2019-10-18,-0.961,681544
2019-10-17,0.264,688157
2019-10-16,-0.248,686344
2019-10-15,1.272,688050
2019-10-14,-0.010,679411
2019-10-11,1.288,679482
2019-10-10,0.774,670842
2019-10-09,0.976,665687
2019-10-08,-1.498,659251
2019-10-07,-0.302,669278
2019-10-04,1.473,671304
2019-10-03,1.098,661562
2019-10-02,-1.719,654380
2019-10-01,-0.816,665829
2019-09-30,0.952,671304
2019-09-27,-1.241,664976
2019-09-26,-0.368,673331
2019-09-25,1.123,675820
2019-09-24,-1.328,668318
2019-09-23,0.044,677313
2019-09-20,-1.058,677014
2019-09-19,0.166,684253
2019-09-18,-0.042,683117
2019-09-17,0.480,683401
2019-09-16,-0.447,680137
2019-09-13,-0.357,683188
2019-09-12,0.416,685637
2019-09-11,0.939,682798
2019-09-10,-0.288,676447
2019-09-09,-0.209,678398
2019-09-06,-0.099,679818
2019-09-05,1.832,680492
2019-09-04,1.444,668250
2019-09-03,-0.971,658741
2019-08-30,-0.239,665199
2019-08-29,1.529,666795
2019-08-28,0.358,656754
2019-08-27,-0.211,654412
2019-08-26,1.510,655796
2019-08-23,-3.165,646038
2019-08-22,-0.323,667150
2019-08-21,0.888,669315
2019-08-20,-0.775,663424
2019-08-19,1.590,668605
2019-08-16,1.605,658137
2019-08-15,-0.115,647741
2019-08-14,-2.988,648486
2019-08-13,2.191,668463
2019-08-12,-1.148,654128
2019-08-09,-0.940,661721
2019-08-08,2.176,668002
2019-08-07,0.540,653773
2019-08-06,1.400,650260
2019-08-05,-3.533,641283
2019-08-02,-1.473,664773
2019-08-01,-0.497,674708
2019-07-31,-1.383,678079
2019-07-30,-0.432,687588
2019-07-29,-0.343,690569
2019-07-26,1.029,692946
2019-07-25,-0.948,685885
2019-07-24,0.702,692449
2019-07-23,0.654,687624
2019-07-22,0.796,683153
2019-07-19,-0.733,677760
2019-07-18,0.114,682763
2019-07-17,-0.492,681982
2019-07-16,-0.515,685353
2019-07-15,0.320,688901
2019-07-12,0.577,686701
2019-07-11,-0.073,682763
2019-07-10,0.997,683259
2019-07-09,0.501,676518
2019-07-08,-0.701,673147
2019-07-05,-0.204,677901
2019-07-03,0.753,679285
2019-07-02,0.396,674211
2019-07-01,1.349,671550
2019-06-28,0.129,662608
2019-06-27,0.382,661757
2019-06-26,0.465,659237
2019-06-25,-1.717,656186
2019-06-24,0.003,667647
2019-06-21,-0.148,667627
2019-06-20,0.930,668618
2019-06-19,0.376,662458
2019-06-18,1.453,659980
2019-06-17,0.602,650527
2019-06-14,-0.425,646632
2019-06-13,0.592,649394
2019-06-12,-0.578,645570
2019-06-11,0.137,649323
2019-06-10,1.165,648438
2019-06-07,1.931,640967
2019-06-06,0.795,628824
2019-06-05,0.743,623867
2019-06-04,2.816,619264
2019-06-03,-2.202,602305
2019-05-31,-1.595,615865
2019-05-30,0.420,625850
2019-05-29,-0.823,623230
2019-05-28,-0.376,628399
2019-05-24,-0.050,630771
2019-05-23,-1.530,631089
2019-05-22,-0.445,640897
2019-05-21,1.045,643764
2019-05-20,-1.688,637108
2019-05-17,-1.022,648048
2019-05-16,1.005,654740
2019-05-15,1.412,648225
2019-05-14,1.098,639197
2019-05-13,-3.470,632258
2019-05-10,0.124,654988
2019-05-09,-0.538,654173
2019-05-08,-0.252,657714
2019-05-07,-1.948,659378
2019-05-06,-0.612,672478
2019-05-03,1.595,676620
2019-05-02,-0.434,665998
2019-05-01,-0.322,668902
2019-04-30,-0.775,671061
2019-04-29,0.194,676301
2019-04-26,0.089,674991
2019-04-25,0.406,674389
2019-04-24,-0.315,671663
2019-04-23,1.272,673788
2019-04-22,0.283,665326
2019-04-18,0.128,663449
2019-04-17,0.349,662600
2019-04-16,0.344,660298
2019-04-15,0.016,658032
2019-04-12,0.432,657926
2019-04-11,-0.237,655094
2019-04-10,0.537,656652
2019-04-09,-0.351,653147
2019-04-08,0.255,655448
2019-04-05,0.517,653784
2019-04-04,-0.038,650420
2019-04-03,0.575,650668
2019-04-02,0.379,646951
2019-04-01,1.325,644508
2019-03-29,0.757,636081
2019-03-28,0.230,631302
2019-03-27,-0.642,629850
2019-03-26,0.466,633922
2019-03-25,-0.190,630983
2019-03-22,-2.196,632187
2019-03-21,1.563,646384
2019-03-20,0.397,636436
2019-03-19,0.336,633922
2019-03-18,0.238,631798
2019-03-15,0.928,630298
2019-03-14,-0.169,624502
2019-03-13,0.751,625563
2019-03-12,0.549,620898
2019-03-11,2.080,617505
2019-03-08,-0.152,604924
2019-03-07,-1.227,605843
2019-03-06,-0.567,613370
2019-03-05,0.075,616869
2019-03-04,0.017,616410
2019-03-01,0.693,616303
2019-02-28,-0.230,612063
2019-02-27,-0.063,613476
2019-02-26,0.104,613865
2019-02-25,0.364,613229
2019-02-22,0.740,611002
2019-02-21,-0.366,606514
2019-02-20,-0.017,608741
2019-02-19,0.198,608847
2019-02-15,0.421,607645
2019-02-14,0.123,605101
2019-02-13,0.070,604358
2019-02-12,1.479,603934
2019-02-11,-0.095,595135
2019-02-08,0.196,595700
2019-02-07,-1.343,594534
2019-02-06,-0.298,602627
2019-02-05,0.885,604429
2019-02-04,1.242,599128
2019-02-01,-0.422,591777
2019-01-31,1.497,594286
2019-01-30,2.544,585522
2019-01-29,-0.944,570997
2019-01-28,-1.235,576439
2019-01-25,1.195,583649
2019-01-24,0.648,576757
2019-01-23,0.130,573047
2019-01-22,-2.003,572305
2019-01-18,0.990,584002
2019-01-17,0.788,578277
2019-01-16,-0.018,573753
2019-01-15,1.953,573860
2019-01-14,-0.884,562869
2019-01-11,-0.366,567887
2019-01-10,0.286,569972
2019-01-09,0.815,568346
2019-01-08,0.905,563752
2019-01-07,1.191,558698
2019-01-04,4.278,552125
2019-01-03,-3.267,529472
2019-01-02,0.402,547354
2018-12-31,0.843,545163
2018-12-28,-0.052,540604
2018-12-27,0.387,540887
2018-12-26,6.244,538802
2018-12-24,-2.473,507137
2018-12-21,-3.099,519996
2018-12-20,-1.450,536628
2018-12-19,-2.455,544521
2018-12-18,0.629,558228
2018-12-17,-2.266,554740
2018-12-14,-2.435,567602
2018-12-13,0.030,581767
2018-12-12,0.880,581591
2018-12-11,0.331,576517
2018-12-10,1.047,574614
2018-12-07,-3.302,568659
2018-12-06,0.706,588074
2018-12-04,-3.836,583952
2018-12-03,1.748,607243
2018-11-30,0.726,596813
2018-11-29,-0.326,592514
2018-11-28,3.218,594452
2018-11-27,0.338,575918
2018-11-26,2.311,573980
2018-11-23,-0.723,561012
2018-11-21,0.760,565100
2018-11-20,-1.789,560836
2018-11-19,-3.248,571055
2018-11-16,-0.351,590224
2018-11-15,1.749,592303
2018-11-14,-0.763,582119
2018-11-13,0.084,586594
2018-11-12,-3.026,586101
2018-11-09,-1.685,604389
2018-11-08,-0.638,614749
2018-11-07,3.137,618696
2018-11-06,0.758,599879
2018-11-05,-0.248,595369
2018-11-02,-1.558,596848
2018-11-01,1.319,606292
2018-10-31,2.351,598399
2018-10-30,1.648,584656
2018-10-29,-2.058,575178
2018-10-26,-2.572,587264
2018-10-25,3.460,602768
2018-10-24,-4.577,582613
2018-10-23,-0.368,610556
2018-10-22,0.514,612811
2018-10-19,-0.092,609675
2018-10-18,-2.318,610239
2018-10-17,0.039,624721
2018-10-16,2.909,624474
2018-10-15,-1.210,606821
2018-10-12,2.783,614256
2018-10-11,-1.240,597624
2018-10-10,-4.398,605129
2018-10-09,0.324,632967
2018-10-08,-0.611,630923
2018-10-05,-1.223,634799
2018-10-04,-1.920,642657
2018-10-03,0.108,655237
2018-10-02,-0.226,654532
2018-10-01,0.205,656012
2018-09-28,-0.022,654673
2018-09-27,0.847,654814
2018-09-26,0.071,649317
2018-09-25,0.136,648859
2018-09-24,0.277,647978
2018-09-21,-0.547,646185
2018-09-20,1.106,649737
2018-09-19,-0.077,642632
2018-09-18,0.827,643125
2018-09-17,-1.440,637848
2018-09-14,-0.293,647170
2018-09-13,1.068,649069
2018-09-12,-0.295,642210
2018-09-11,0.770,644109
2018-09-10,0.337,639185
2018-09-07,-0.385,637039
2018-09-06,-0.894,639502
2018-09-05,-1.291,645270
2018-09-04,-0.429,653712
2018-08-31,0.129,656526
2018-08-30,-0.177,655682
2018-08-29,1.154,656842
2018-08-28,0.146,649350
2018-08-27,1.019,648401
2018-08-24,0.929,641858
2018-08-23,-0.144,635949
2018-08-22,0.388,636864
2018-08-21,0.367,634401
2018-08-20,-0.089,632080
2018-08-17,0.022,632643
2018-08-16,0.329,632502
2018-08-15,-1.223,630427
2018-08-14,0.627,638235
2018-08-13,-0.111,634261
2018-08-10,-0.764,634964
2018-08-09,-0.060,639853
2018-08-08,0.121,640240
2018-08-07,0.364,639466
2018-08-06,0.589,637145
2018-08-03,0.306,633416
2018-08-02,1.361,631482
2018-08-01,0.380,623005
2018-07-31,0.765,620648
2018-07-30,-1.413,615935
2018-07-27,-1.350,624764
2018-07-26,-1.515,633311
2018-07-25,1.398,643054
2018-07-24,0.412,634190
2018-07-23,0.318,631587
2018-07-20,-0.022,629583
2018-07-19,-0.500,629723
2018-07-18,-0.189,632889
2018-07-17,0.608,634085
2018-07-16,-0.239,630251
2018-07-13,0.084,631763
2018-07-12,1.723,631236
2018-07-11,-0.508,620543
2018-07-10,0.073,623708
2018-07-09,0.900,623251
2018-07-06,1.556,617694
2018-07-05,1.241,608232
2018-07-03,-1.157,600775
2018-07-02,0.670,607810
2018-06-29,0.269,603765
2018-06-28,0.860,602147
2018-06-27,-1.360,597011
2018-06-26,0.408,605242
2018-06-25,-2.253,602780
2018-06-22,-0.222,616674
2018-06-21,-0.869,618045
2018-06-20,0.710,623462
2018-06-19,-0.283,619065
2018-06-18,-0.057,620824
2018-06-15,-0.349,621181
2018-06-14,1.012,623357
2018-06-13,-0.006,617109
2018-06-12,0.526,617144
2018-06-11,0.269,613915
2018-06-08,0.006,612266
2018-06-07,-0.813,612231
2018-06-06,0.583,617250
2018-06-05,0.310,613670
2018-06-04,0.903,611774
2018-06-01,1.570,606299
2018-05-31,-0.065,596927
2018-05-30,0.716,597314
2018-05-29,-0.442,593067
2018-05-25,0.100,595699
2018-05-24,-0.029,595102
2018-05-23,0.844,595278
2018-05-22,-0.131,590294
2018-05-21,0.561,591066
2018-05-18,-0.517,587767
2018-05-17,-0.385,590820
2018-05-16,0.661,593102
2018-05-15,-1.108,589206
2018-05-14,0.171,595804
2018-05-11,-0.094,594786
2018-05-10,1.036,595348
2018-05-09,1.090,589241
2018-05-08,-0.102,582888
2018-05-07,0.831,583485
2018-05-04,1.897,578676
2018-05-03,-0.012,567901
2018-05-02,-0.590,567971
2018-05-01,1.143,571340
2018-04-30,-0.709,564882
2018-04-27,0.062,568919
2018-04-26,2.105,568568
2018-04-25,0.120,556845
2018-04-24,-2.119,556178
2018-04-23,-0.253,568217
2018-04-20,-1.583,569656
2018-04-19,-0.919,578816
2018-04-18,0.205,584187
2018-04-17,2.153,582993
2018-04-16,0.762,570709
2018-04-13,-0.518,566391
2018-04-12,1.204,569340
2018-04-11,-0.577,562566
2018-04-10,2.206,565830
2018-04-09,0.702,553615
2018-04-06,-2.502,549755
2018-04-05,0.570,563864
2018-04-04,1.577,560670
2018-04-03,1.125,551966
2018-04-02,-2.885,545823
2018-03-29,1.831,562039
2018-03-28,-1.150,551931
2018-03-27,-3.236,558354
2018-03-26,3.716,577026
2018-03-23,-2.635,556353
2018-03-22,-2.468,571411
2018-03-21,-0.435,585871
2018-03-20,0.329,588434
2018-03-19,-2.130,586503
2018-03-16,-0.297,599270
2018-03-15,-0.087,601057
2018-03-14,-0.017,601583
2018-03-13,-1.361,601688
2018-03-12,0.531,609993
2018-03-09,1.943,606769
2018-03-08,0.551,595205
2018-03-07,0.231,591947
2018-03-06,0.423,590580
2018-03-05,1.109,588092
2018-03-02,0.918,581645
2018-03-01,-1.633,576353
2018-02-28,-0.642,585920
2018-02-27,-1.238,589704
2018-02-26,1.326,597098
2018-02-23,2.045,589283
2018-02-22,-0.012,577475
2018-02-21,-0.284,577545
2018-02-20,0.200,579192
2018-02-16,-0.447,578035
2018-02-15,1.856,580628
2018-02-14,1.872,570046
2018-02-13,0.516,559569
2018-02-12,1.775,556695
2018-02-09,1.727,546989
2018-02-08,-4.219,537703
2018-02-07,-1.294,561391
2018-02-06,2.650,568749
2018-02-05,-3.943,554067
2018-02-02,-1.995,576809
2018-02-01,-0.850,588548
2018-01-31,0.415,593593
2018-01-30,-0.823,591141
2018-01-29,-0.486,596046
2018-01-26,1.533,598955
2018-01-25,-0.036,589914
2018-01-24,-0.649,590124
2018-01-23,0.827,593979
2018-01-22,1.070,589108
2018-01-19,0.314,582871
2018-01-18,0.018,581049
2018-01-17,1.079,580944
2018-01-16,-0.286,574741
2018-01-12,0.735,576388
2018-01-11,0.684,572183
2018-01-10,-0.234,568294
2018-01-09,0.006,569625
2018-01-08,0.389,569590
2018-01-05,1.004,567383
2018-01-04,0.175,561741
2018-01-03,0.972,560760
2018-01-02,1.753,555364
2017-12-29,-0.619,545798
2017-12-28,0.121,549197
2017-12-27,0.013,548531
2017-12-26,-0.540,548461
2017-12-22,-0.114,551439
2017-12-21,0.013,552070
2017-12-20,-0.108,552000
2017-12-19,-0.593,552596
2017-12-18,0.837,555889
2017-12-15,1.135,551276
2017-12-14,-0.071,545086
2017-12-13,0.193,545471
2017-12-12,-0.135,544422
2017-12-11,0.776,545156
2017-12-08,0.442,540960
2017-12-07,0.339,538582
2017-12-06,0.452,536764
2017-12-05,0.065,534351
2017-12-04,-1.152,534001
2017-12-01,-0.425,540226
2017-11-30,0.838,542534
2017-11-29,-1.743,538023
2017-11-28,0.256,547569
2017-11-27,-0.045,546170
2017-11-24,0.366,546415
2017-11-22,0.122,544422
2017-11-21,1.086,543757
2017-11-20,-0.078,537918
2017-11-17,-0.382,538337
2017-11-16,1.278,540401
2017-11-15,-0.470,533582
2017-11-14,-0.364,536099
2017-11-13,0.124,538058
2017-11-10,-0.007,537393
2017-11-09,-0.524,537428
2017-11-08,0.403,540261
2017-11-07,0.059,538093
2017-11-06,0.339,537778
2017-11-03,0.962,535960
2017-11-02,-0.191,530854
2017-11-01,-0.033,531868
2017-10-31,0.376,532043
2017-10-30,0.225,530050
2017-10-27,2.912,528861
2017-10-26,-0.319,513895
2017-10-25,-0.378,515538
2017-10-24,0.169,517496
2017-10-23,-0.652,516622
2017-10-20,0.270,520014
2017-10-19,-0.369,518615
2017-10-18,-0.121,520539
2017-10-17,0.128,521168
2017-10-16,0.344,520504
2017-10-13,0.386,518720
2017-10-12,-0.182,516727
2017-10-11,0.298,517671
2017-10-10,0.075,516132
2017-10-09,-0.115,515748
2017-10-06,0.136,516342
2017-10-05,0.979,515643
2017-10-04,0.096,510642
2017-10-03,0.213,510153
2017-10-02,0.089,509069
2017-09-29,0.720,508614
2017-09-28,-0.035,504978
2017-09-27,0.901,505152
2017-09-26,0.259,500642
2017-09-25,-1.053,499348
2017-09-22,-0.097,504663
2017-09-21,-0.612,505152
2017-09-20,-0.309,508265
2017-09-19,0.172,509838
2017-09-18,-0.131,508964
2017-09-15,0.344,509629
2017-09-14,-0.587,507885
2017-09-13,0.137,510885
2017-09-12,0.240,510187
2017-09-11,1.151,508966
2017-09-08,-0.866,503174
2017-09-07,0.234,507570
2017-09-06,0.304,506384
2017-09-05,-0.897,504849
2017-09-01,-0.137,509420
2017-08-31,1.072,510118
2017-08-30,1.175,504709
2017-08-29,0.393,498848
2017-08-28,0.310,496894
2017-08-25,-0.211,495358
2017-08-24,-0.294,496405
2017-08-23,-0.356,497871
2017-08-22,1.524,499650
2017-08-21,-0.127,492148
2017-08-18,-0.071,492776
2017-08-17,-2.045,493125
2017-08-16,0.174,503418
2017-08-15,0.069,502546
2017-08-14,1.288,502197
2017-08-11,0.759,495812
2017-08-10,-2.144,492079
2017-08-09,-0.132,502860
2017-08-08,-0.173,503523
2017-08-07,0.633,504395
2017-08-04,0.181,501220
2017-08-03,-0.389,500313
2017-08-02,0.272,502267
2017-08-01,0.230,500906
2017-07-31,-0.424,499755
2017-07-28,-0.083,501883
2017-07-27,-0.628,502302
2017-07-26,0.325,505477
2017-07-25,-0.256,503837
2017-07-24,0.458,505128
2017-07-21,-0.042,502825
2017-07-20,0.132,503035
2017-07-19,0.587,502372
2017-07-18,0.668,499441
2017-07-17,0.049,496126
2017-07-14,0.787,495882
2017-07-13,0.220,492009
2017-07-12,1.187,490927
2017-07-11,0.281,485170
2017-07-10,0.653,483809
2017-07-07,1.079,480669
2017-07-06,-0.902,475540
2017-07-05,0.984,479866
2017-07-03,-1.053,475191
2017-06-30,0.036,480250
2017-06-29,-1.735,480076
2017-06-28,1.442,488554
2017-06-27,-1.814,481611
2017-06-26,-0.467,490508
2017-06-23,0.384,492811
2017-06-22,-0.028,490927
2017-06-21,0.990,491067
2017-06-20,-0.783,486252
2017-06-19,1.672,490090
2017-06-16,-0.432,482030
2017-06-15,-0.444,484123
2017-06-14,-0.435,486280
2017-06-13,0.812,488403
2017-06-12,-0.536,484471
2017-06-09,-2.501,487081
2017-06-08,0.105,499573
2017-06-07,0.392,499051
2017-06-06,-0.397,497102
2017-06-05,-0.021,499085
2017-06-02,1.142,499190
2017-06-01,0.389,493553
2017-05-31,-0.035,491639
2017-05-30,0.085,491813
2017-05-26,0.177,491395
2017-05-25,0.851,490526
2017-05-24,0.460,486385
2017-05-23,0.101,484158
2017-05-22,0.842,483671
2017-05-19,0.423,479634
2017-05-18,0.875,477616
2017-05-17,-2.543,473475
2017-05-16,0.417,485828
2017-05-15,0.317,483810
2017-05-12,0.224,482279
2017-05-11,-0.079,481200
2017-05-10,0.058,481583
2017-05-09,0.348,481304
2017-05-08,0.218,479634
2017-05-05,0.365,478590
2017-05-04,0.036,476851
2017-05-03,-0.320,476677
2017-05-02,0.168,478208
2017-05-01,0.890,477407
2017-04-28,0.177,473197
2017-04-27,0.600,472362
2017-04-26,-0.141,469543
2017-04-25,0.723,470204
2017-04-24,1.207,466829
2017-04-21,-0.023,461262
2017-04-20,0.837,461366
2017-04-19,0.160,457539
2017-04-18,-0.152,456808
2017-04-17,0.828,457504
2017-04-13,-0.397,453746
2017-04-12,-0.403,455555
2017-04-11,-0.432,457399
2017-04-10,0.038,459383
2017-04-07,-0.053,459209
2017-04-06,0.053,459452
2017-04-05,-0.408,459209
2017-04-04,0.159,461088
2017-04-03,-0.060,460357
2017-03-31,-0.068,460635
2017-03-30,0.166,460949
2017-03-29,0.463,460183
2017-03-28,0.611,458060
2017-03-27,0.161,455277
2017-03-24,0.207,454546
2017-03-23,-0.253,453607
2017-03-22,0.678,454755
2017-03-21,-1.517,451693
2017-03-20,0.091,458652
2017-03-17,-0.035,458234
2017-03-16,-0.068,458394
2017-03-15,0.617,458706
2017-03-14,-0.243,455894
2017-03-13,0.167,457005
2017-03-10,0.420,456241
2017-03-09,0.076,454331
2017-03-08,0.176,453984
2017-03-07,-0.168,453185
2017-03-06,-0.221,453949
2017-03-03,0.184,454956
2017-03-02,-0.502,454123
2017-03-01,1.092,456414
2017-02-28,-0.307,451484
2017-02-27,0.123,452873
2017-02-24,0.192,452317
2017-02-23,-0.375,451449
2017-02-22,0.038,453150
2017-02-21,0.493,452977
2017-02-17,0.433,450754
2017-02-16,-0.031,448810
2017-02-15,0.591,448949
2017-02-14,0.336,446310
2017-02-13,0.565,444817
2017-02-10,0.331,442316
2017-02-09,0.364,440858
2017-02-08,0.166,439261
2017-02-07,0.366,438531
2017-02-06,0.119,436934
2017-02-03,0.287,436413
2017-02-02,-0.088,435163
2017-02-01,0.690,435545
2017-01-31,-0.200,432559
2017-01-30,-0.779,433427
2017-01-27,0.191,436830
2017-01-26,0.104,435997
2017-01-25,1.007,435545
2017-01-24,0.673,431205
2017-01-23,0.081,428323
2017-01-20,0.220,427975
2017-01-19,-0.049,427038
2017-01-18,0.204,427246
2017-01-17,-0.300,426378
2017-01-13,0.342,427663
2017-01-12,-0.155,426204
2017-01-11,0.269,426864
2017-01-10,0.221,425718
2017-01-09,0.328,424781
2017-01-06,0.877,423392
2017-01-05,0.566,419711
2017-01-04,0.544,417350
2017-01-03,0.895,415093
2016-12-30,-1.027,411412
2016-12-29,-0.142,415683
2016-12-28,-0.778,416273
2016-12-27,0.516,419537
2016-12-23,0.067,417384
2016-12-22,-0.282,417107
2016-12-21,-0.075,418287
2016-12-20,0.383,418600
2016-12-19,0.410,417002
2016-12-16,-0.370,415301
2016-12-15,0.158,416842
2016-12-14,-0.208,416184
2016-12-13,1.261,417050
2016-12-12,-0.452,411856
2016-12-09,0.784,413726
2016-12-08,0.177,410506
2016-12-07,1.266,409779
2016-12-06,0.240,404655
2016-12-05,0.778,403686
2016-12-02,0.199,400570
2016-12-01,-1.728,399773
2016-11-30,-1.211,406802
2016-11-29,0.346,411787
2016-11-28,-0.227,410368
2016-11-25,0.321,411302
2016-11-23,-0.404,409987
2016-11-22,0.304,411649
2016-11-21,1.040,410402
2016-11-18,-0.374,406178
2016-11-17,0.727,407702
2016-11-16,0.594,404759
2016-11-15,1.387,402370
2016-11-14,-1.010,396865
2016-11-11,0.043,400916
2016-11-10,-1.615,400743
2016-11-09,0.461,407321
2016-11-08,0.653,405451
2016-11-07,2.376,402820
2016-11-04,-0.351,393472
2016-11-03,-0.981,394857
2016-11-02,-0.801,398769
2016-11-01,-0.752,401989
2016-10-31,-0.094,405036
2016-10-28,-0.628,405417
2016-10-27,-0.456,407979
2016-10-26,-0.680,409848
2016-10-25,-0.318,412653
2016-10-24,1.202,413968
2016-10-21,0.374,409052
2016-10-20,-0.119,407529
2016-10-19,-0.008,408013
2016-10-18,0.890,408048
2016-10-17,-0.273,404447
2016-10-14,0.120,405555
2016-10-13,-0.358,405071
2016-10-12,-0.085,406525
2016-10-11,-1.426,406871
2016-10-10,0.633,412756
2016-10-07,-0.219,410160
2016-10-06,-0.051,411060
2016-10-05,0.355,411268
2016-10-04,-0.152,409814
2016-10-03,-0.143,410437
2016-09-30,0.747,411025
2016-09-29,-0.725,407979
2016-09-28,0.169,410956
2016-09-27,0.989,410264
2016-09-26,-0.837,406248
2016-09-23,-0.638,409675
2016-09-22,0.796,412306
2016-09-21,0.983,409052
2016-09-20,0.188,405071
2016-09-19,-0.435,404309
2016-09-16,-0.048,406075
2016-09-15,1.554,406268
2016-09-14,0.477,400052
2016-09-13,-0.894,398153
2016-09-12,1.794,401744
2016-09-09,-2.516,394665
2016-09-08,-0.585,404852
2016-09-07,0.059,407235
2016-09-06,0.623,406994
2016-09-02,0.326,404473
2016-09-01,0.258,403160
2016-08-31,-0.103,402124
2016-08-30,-0.325,402539
2016-08-29,0.137,403851
2016-08-26,0.146,403298
2016-08-25,-0.163,402711
2016-08-24,-0.646,403367
2016-08-23,0.179,405992
2016-08-22,0.077,405267
2016-08-19,-0.026,404956
2016-08-18,0.026,405060
2016-08-17,0.179,404956
2016-08-16,-0.552,404231
2016-08-15,0.427,406476
2016-08-12,0.068,404749
2016-08-11,0.429,404473
2016-08-10,-0.257,402746
2016-08-09,0.231,403782
2016-08-08,-0.111,402849
2016-08-05,0.960,403298
2016-08-04,0.286,399465
2016-08-03,0.331,398325
2016-08-02,-0.760,397013
2016-08-01,0.529,400052
2016-07-29,0.217,397946
2016-07-28,0.349,397082
2016-07-27,0.694,395701
2016-07-26,0.114,392972
2016-07-25,0.009,392524
2016-07-22,0.415,392489
2016-07-21,-0.229,390866
2016-07-20,1.168,391764
2016-07-19,-0.364,387240
2016-07-18,0.662,388656
2016-07-15,-0.161,386100
2016-07-14,0.683,386722
2016-07-13,-0.242,384097
2016-07-12,0.505,385029
2016-07-11,0.571,383095
2016-07-08,1.547,380920
2016-07-07,0.295,375118
2016-07-06,0.819,374013
2016-07-05,-0.611,370974
2016-07-01,0.502,373253
2016-06-30,1.157,371388
2016-06-29,1.771,367140
2016-06-28,2.191,360751
2016-06-27,-1.985,353016
2016-06-24,-4.119,360164
2016-06-23,1.427,375636
2016-06-22,-0.242,370352
2016-06-21,0.317,371250
2016-06-20,0.629,370076
2016-06-17,-1.169,367762
2016-06-16,0.297,372113
2016-06-15,-0.287,371011
2016-06-14,0.000,372079
2016-06-13,-0.835,372079
2016-06-10,-1.134,375213
2016-06-09,-0.163,379518
2016-06-08,0.172,380138
2016-06-07,-0.253,379484
2016-06-06,0.363,380448
2016-06-03,-0.470,379071
2016-06-02,0.208,380862
2016-06-01,0.009,380069
2016-05-31,0.191,380035
2016-05-27,0.520,379312
2016-05-26,0.293,377348
2016-05-25,0.719,376246
2016-05-24,2.003,373560
2016-05-23,-0.131,366224
2016-05-20,1.102,366706
2016-05-19,-0.520,362711
2016-05-18,0.360,364605
2016-05-17,-1.254,363296
2016-05-16,1.251,367911
2016-05-13,-0.368,363365
2016-05-12,-0.442,364708
2016-05-11,-0.904,366327
2016-05-10,1.369,369668
2016-05-09,0.284,364674
2016-05-06,0.533,363640
2016-05-05,-0.029,361712
2016-05-04,-0.643,361815
2016-05-03,-0.928,364157
2016-05-02,0.946,367567
2016-04-29,-0.527,364123
2016-04-28,-1.208,366051
2016-04-27,-0.802,370529
2016-04-26,-0.486,373525
2016-04-25,0.000,375351
2016-04-22,-1.509,375351
2016-04-21,0.009,381103
2016-04-20,0.081,381068
2016-04-19,-0.611,380758
2016-04-18,0.533,383100
2016-04-15,-0.252,381068
2016-04-14,0.009,382033
2016-04-13,1.278,381998
2016-04-12,0.838,377176
2016-04-11,-0.367,374042
2016-04-08,-0.073,375420
2016-04-07,-1.437,375695
2016-04-06,1.644,381172
2016-04-05,-0.964,375006
2016-04-04,-0.381,378657
2016-04-01,1.062,380104
2016-03-31,-0.146,376109
2016-03-30,0.487,376660
2016-03-29,1.606,374834
2016-03-28,-0.140,368910
2016-03-24,0.028,369427
2016-03-23,-0.823,369323
2016-03-22,0.306,372389
2016-03-21,0.391,371252
2016-03-18,0.156,369806
2016-03-17,-0.056,369229
2016-03-16,0.891,369435
2016-03-15,-0.037,366173
2016-03-14,0.169,366310
2016-03-11,1.749,365692
2016-03-10,-0.153,359408
2016-03-09,0.643,359957
2016-03-08,-0.828,357657
2016-03-07,-0.615,360644
2016-03-04,0.038,362876
2016-03-03,-0.189,362739
2016-03-02,0.038,363426
2016-03-01,3.210,363288
2016-02-29,-0.899,351990
2016-02-26,-0.126,355184
2016-02-25,0.985,355631
2016-02-24,0.955,352162
2016-02-23,-1.646,348831
2016-02-22,1.624,354669
2016-02-19,0.296,349003
2016-02-18,-1.141,347973
2016-02-17,2.265,351990
2016-02-16,2.255,344195
2016-02-12,1.523,336606
2016-02-11,-0.145,331558
2016-02-10,0.384,332039
2016-02-09,-0.310,330768
2016-02-08,-1.529,331798
2016-02-05,-3.473,336949
2016-02-04,-0.010,349072
2016-02-03,-0.480,349106
2016-02-02,-2.165,350789
2016-02-01,0.269,358549
2016-01-29,2.088,357588
2016-01-28,1.412,350273
2016-01-27,-2.492,345397
2016-01-26,0.900,354223
2016-01-25,-1.484,351063
2016-01-22,2.895,356352
2016-01-21,0.099,346324
2016-01-20,-0.307,345981
2016-01-19,0.218,347045
2016-01-15,-3.104,346290
2016-01-14,2.130,357382
2016-01-13,-3.449,349930
2016-01-12,1.160,362430
2016-01-11,0.308,358275
2016-01-08,-0.820,357176
2016-01-07,-3.131,360129
2016-01-06,-0.961,371771
2016-01-05,-0.174,375376
2016-01-04,-2.110,376029
2015-12-31,-1.245,384133
2015-12-30,-0.901,388975
2015-12-29,1.573,392512
2015-12-28,-0.053,386434
2015-12-24,-0.018,386640
2015-12-23,0.743,386709
2015-12-22,0.657,383858
2015-12-21,1.111,381352
2015-12-18,-1.912,377162
2015-12-17,-1.456,384514
2015-12-16,1.487,390197
2015-12-15,0.609,384480
2015-12-14,0.758,382152
2015-12-11,-2.302,379277
2015-12-10,0.452,388212
2015-12-09,-1.518,386466
2015-12-08,0.009,392422
2015-12-07,-0.452,392388
2015-12-04,2.338,394168
2015-12-03,-1.695,385165
2015-12-02,-0.617,391806
2015-12-01,1.000,394237
2015-11-30,-0.254,390334
2015-11-27,0.140,391327
2015-11-25,0.088,390779
2015-11-24,-0.088,390437
2015-11-23,-0.288,390779
2015-11-20,0.677,391909
2015-11-19,0.070,389273
2015-11-18,1.919,388999
2015-11-17,0.063,381673
2015-11-16,1.438,381433
2015-11-13,-1.964,376024
2015-11-12,-0.972,383556
2015-11-11,-0.124,387322
2015-11-10,-0.255,387801
2015-11-09,-1.063,388794
2015-11-06,0.070,392970
2015-11-05,-0.270,392696
2015-11-04,0.009,393757
2015-11-03,0.349,393723
2015-11-02,1.129,392354
2015-10-30,-0.448,387972
2015-10-29,-0.158,389718
2015-10-28,0.831,390334
2015-10-27,0.204,387116
2015-10-26,0.062,386329
2015-10-23,2.798,386089
2015-10-22,2.037,375579
2015-10-21,-0.610,368082
2015-10-20,-0.515,370342
2015-10-19,0.573,372259
2015-10-16,0.418,370136
2015-10-15,1.643,368596
2015-10-14,-0.160,362639
2015-10-13,-0.646,363221
2015-10-12,0.244,365583
2015-10-09,0.453,364693
2015-10-08,0.398,363050
2015-10-07,0.600,361612
2015-10-06,-0.474,359455
2015-10-05,1.433,361167
2015-10-02,1.751,356066
2015-10-01,0.472,349938
2015-09-30,2.282,348295
2015-09-29,-0.510,340524
2015-09-28,-2.857,342270
2015-09-25,-0.848,352335
2015-09-24,-0.365,355347
2015-09-23,0.077,356648
2015-09-22,-1.495,356374
2015-09-21,0.313,361783
2015-09-18,-1.419,360653
2015-09-17,0.037,365844
2015-09-16,0.563,365707
2015-09-15,1.178,363658
2015-09-14,-0.303,359424
2015-09-11,0.552,360517
2015-09-10,1.088,358536
2015-09-09,-1.123,354677
2015-09-08,2.819,358707
2015-09-04,-1.190,348872
2015-09-03,-0.491,353072
2015-09-02,2.820,354814
2015-09-01,-3.125,345081
2015-08-31,-1.240,356214
2015-08-28,-0.019,360687
2015-08-27,2.533,360756
2015-08-26,5.036,351843
2015-08-25,-0.376,334973
2015-08-24,-3.848,336236
2015-08-21,-4.371,349691
2015-08-20,-2.769,365673
2015-08-19,-0.658,376089
2015-08-18,-0.512,378582
2015-08-17,0.833,380528
2015-08-14,0.154,377387
2015-08-13,-0.163,376806
2015-08-12,0.345,377421
2015-08-11,-1.282,376123
2015-08-10,1.142,381006
2015-08-07,-0.127,376704
2015-08-06,-1.595,377182
2015-08-05,0.763,383294
2015-08-04,-0.188,380392
2015-08-03,-0.313,381109
2015-07-31,-0.116,382304
2015-07-30,0.475,382748
2015-07-29,0.378,380938
2015-07-28,0.862,379504
2015-07-27,-0.828,376260
2015-07-24,-0.980,379401
2015-07-23,-0.373,383158
2015-07-22,-1.132,384592
2015-07-21,-0.061,388997
2015-07-20,0.343,389236
2015-07-17,1.474,387905
2015-07-16,1.413,382270
2015-07-15,0.109,376943
2015-07-14,0.657,376533
2015-07-13,1.756,374074
2015-07-10,1.528,367620
2015-07-09,-0.057,362088
2015-07-08,-1.741,362292
2015-07-07,0.251,368713
2015-07-06,-0.232,367791
2015-07-02,0.028,368644
2015-07-01,0.794,368542
2015-06-30,0.356,365639
2015-06-29,-2.361,364341
2015-06-26,-0.664,373152
2015-06-25,-0.200,375645
2015-06-24,-0.514,376396
2015-06-23,0.081,378343
2015-06-22,0.737,378035
2015-06-19,-0.493,375269
2015-06-18,1.457,377129
2015-06-17,0.276,371712
2015-06-16,0.545,370690
2015-06-15,-0.497,368679
2015-06-12,-0.821,370519
2015-06-11,0.146,373586
2015-06-10,1.370,373041
2015-06-09,-0.166,367998
2015-06-08,-1.016,368611
2015-06-05,-0.237,372393
2015-06-04,-0.761,373279
2015-06-03,0.300,376141
2015-06-02,-0.317,375017
2015-06-01,0.336,376209
2015-05-29,-0.596,374949
2015-05-28,-0.225,377197
2015-05-27,1.612,378049
2015-05-26,-1.150,372052
2015-05-22,-0.099,376379
2015-05-21,0.518,376754
2015-05-20,0.064,374812
2015-05-19,-0.109,374574
2015-05-18,0.438,374983
2015-05-15,0.000,373347
2015-05-14,1.463,373347
2015-05-13,0.204,367964
2015-05-12,-0.453,367214
2015-05-11,-0.386,368884
2015-05-08,1.248,370315
2015-05-07,0.600,365749
2015-05-06,-0.689,363569
2015-05-05,-1.630,366090
2015-05-04,0.165,372155
2015-05-01,1.319,371541
2015-04-30,-1.573,366703
2015-04-29,-0.627,372564
2015-04-28,-0.200,374914
2015-04-27,-0.253,375664
2015-04-24,1.357,376618
2015-04-23,0.377,371576
2015-04-22,0.546,370179
2015-04-21,0.428,368168
2015-04-20,1.500,366601
2015-04-17,-1.560,361184
2015-04-16,-0.139,366908
2015-04-15,0.625,367419
2015-04-14,-0.288,365136
2015-04-13,-0.251,366192
2015-04-10,0.410,367112
2015-04-09,0.628,365613
2015-04-08,0.794,363330
2015-04-07,-0.170,360468
2015-04-06,0.818,361082
2015-04-02,0.067,358152
2015-04-01,-0.521,357913
2015-03-31,-1.059,359787
2015-03-30,1.147,363637
2015-03-27,0.400,359514
2015-03-26,-0.341,358083
2015-03-25,-2.289,359310
2015-03-24,-0.360,367726
2015-03-23,-0.193,369054
2015-03-20,0.646,369770
2015-03-19,0.148,367397
2015-03-18,0.983,366853
2015-03-17,0.159,363284
2015-03-16,1.291,362706
2015-03-13,-0.435,358083
2015-03-12,0.656,359646
2015-03-11,-0.577,357301
2015-03-10,-1.857,359374
2015-03-09,0.289,366173
2015-03-06,-1.132,365119
2015-03-05,0.175,369300
2015-03-04,-0.386,368655
2015-03-03,-0.466,370082
2015-03-02,0.904,371816
2015-02-27,-0.441,368485
2015-02-26,0.508,370116
2015-02-25,-0.249,368247
2015-02-24,0.074,369164
2015-02-23,0.101,368893
2015-02-20,0.669,368519
2015-02-19,0.495,366071
2015-02-18,0.140,364269
2015-02-17,0.094,363760
2015-02-13,0.858,363420
2015-02-12,1.164,360326
2015-02-11,0.364,356179
2015-02-10,1.556,354887
2015-02-09,-0.320,349449
2015-02-06,-0.607,350570
2015-02-05,0.865,352712
2015-02-04,-0.087,349686
2015-02-03,0.961,349992
2015-02-02,0.870,346661
2015-01-30,-0.775,343670
2015-01-29,0.961,346355
2015-01-28,-0.513,343058
2015-01-27,-2.593,344825
2015-01-26,-0.115,354004
2015-01-23,0.221,354411
2015-01-22,1.850,353630
2015-01-21,0.512,347205
2015-01-20,0.793,345437
2015-01-16,1.174,342718
2015-01-15,-1.298,338741
2015-01-14,-0.552,343194
2015-01-13,-0.030,345097
2015-01-12,-1.043,345199
2015-01-09,-0.658,348837
2015-01-08,1.914,351148
2015-01-07,1.289,344554
2015-01-06,-1.341,340168
2015-01-05,-1.467,344791
2015-01-02,-0.300,349924
2014-12-31,-1.026,350978
2014-12-30,-0.667,354615
2014-12-29,-0.019,356995
2014-12-26,0.709,357063
2014-12-24,0.086,354547
2014-12-23,-0.354,354242
2014-12-22,0.249,355499
2014-12-19,0.438,354615
2014-12-18,2.407,353068
2014-12-17,1.820,344771
2014-12-16,-1.604,338607
2014-12-15,-1.032,344127
2014-12-12,-1.089,347717
2014-12-11,0.474,351544
2014-12-10,-1.572,349885
2014-12-09,0.315,355473
2014-12-08,-0.712,354355
2014-12-05,0.009,356895
2014-12-04,-0.047,356862
2014-12-03,0.181,357031
2014-12-02,0.401,356387
2014-12-01,-1.132,354965
2014-11-28,0.464,359029
2014-11-26,0.649,357370
2014-11-25,0.153,355067
2014-11-24,0.780,354525
2014-11-21,0.193,351781
2014-11-20,0.446,351104
2014-11-19,-0.453,349546
2014-11-18,0.748,351138
2014-11-17,-0.300,348530
2014-11-14,0.311,349580
2014-11-13,0.429,348496
2014-11-12,0.176,347006
2014-11-11,0.314,346396
2014-11-10,0.354,345313
2014-11-07,-0.089,344093
2014-11-06,0.316,344398
2014-11-05,0.010,343315
2014-11-04,-0.334,343281
2014-11-03,0.296,344432
2014-10-31,1.380,343416
2014-10-30,0.210,338742
2014-10-29,-0.369,338031
2014-10-28,1.510,339284
2014-10-27,0.071,334238
2014-10-24,0.818,334001
2014-10-23,1.505,331292
2014-10-22,-0.516,326381
2014-10-21,2.627,328074
2014-10-20,1.495,319675
2014-10-17,1.318,314967
2014-10-16,-0.628,310869
2014-10-15,-0.645,312834
2014-10-14,0.011,314866
2014-10-13,-1.567,314832
2014-10-10,-2.498,319844
2014-10-09,-1.615,328040
2014-10-08,1.947,333425
2014-10-07,-1.419,327058
2014-10-06,-0.214,331766
2014-10-03,0.988,332477
2014-10-02,0.000,329226
2014-10-01,-1.599,329226
2014-09-30,0.142,334577
2014-09-29,-0.132,334103
2014-09-26,1.064,334543
2014-09-25,-2.103,331021
2014-09-24,1.073,338133
2014-09-23,-0.273,334543
2014-09-22,-0.930,335457
2014-09-19,-0.062,338607
2014-09-18,0.754,338817
2014-09-17,0.151,336283
2014-09-16,0.873,335776
2014-09-15,-0.965,332871
2014-09-12,-0.510,336114
2014-09-11,-0.080,337837
2014-09-10,0.826,338108
2014-09-09,-0.829,335337
2014-09-08,0.190,338141
2014-09-05,0.503,337499
2014-09-04,-0.090,335810
2014-09-03,-0.590,336114
2014-09-02,0.291,338108
2014-08-29,0.372,337128
2014-08-28,-0.111,335878
2014-08-27,0.020,336249
2014-08-26,0.101,336182
2014-08-25,0.353,335844
2014-08-22,0.152,334661
2014-08-21,0.203,334154
2014-08-20,0.000,333479
2014-08-19,0.560,333479
2014-08-18,0.770,331620
2014-08-15,0.485,329086
2014-08-14,0.519,327498
2014-08-13,1.058,325809
2014-08-12,-0.042,322397
2014-08-11,0.590,322532
2014-08-08,0.722,320640
2014-08-07,-0.317,318342
2014-08-06,-0.074,319356
2014-08-05,-0.766,319592
2014-08-04,0.687,322059
2014-08-01,-0.368,319863
2014-07-31,-2.021,321045
2014-07-30,0.393,327667
2014-07-29,-0.176,326383
2014-07-28,0.031,326958
2014-07-25,-0.391,326856
2014-07-24,-0.110,328140
2014-07-23,0.639,328502
2014-07-22,0.635,326417
2014-07-21,-0.125,324356
2014-07-18,1.586,324762
2014-07-17,-1.325,319690
2014-07-16,0.398,323985
2014-07-15,-0.344,322701
2014-07-14,0.598,323816
2014-07-11,0.644,321890
2014-07-10,-0.316,319829
2014-07-09,0.743,320842
2014-07-08,-1.205,318477
2014-07-07,-0.303,322363
2014-07-03,0.631,323343
2014-07-02,0.169,321315
2014-07-01,1.097,320775
2014-06-30,0.171,317295
2014-06-27,0.439,316754
2014-06-26,0.054,315369
2014-06-25,0.636,315200
2014-06-24,-0.097,313206
2014-06-23,0.022,313511
2014-06-20,0.117,313443
2014-06-19,-0.065,313075
2014-06-18,0.562,313278
2014-06-17,0.054,311525
2014-06-16,0.087,311357
2014-06-13,0.293,311087
2014-06-12,-0.904,310177
2014-06-11,-0.022,313008
2014-06-10,0.173,313075
2014-06-09,-0.075,312536
2014-06-06,0.574,312772
2014-06-05,0.841,310986
2014-06-04,0.373,308392
2014-06-03,-0.044,307246
2014-06-02,-0.099,307381
2014-05-30,0.011,307684
2014-05-29,0.639,307650
2014-05-28,-0.309,305696
2014-05-27,1.247,306643
2014-05-23,0.728,302865
2014-05-22,0.439,300675
2014-05-21,0.955,299361
2014-05-20,-0.362,296530
2014-05-19,0.695,297609
2014-05-16,0.660,295553
2014-05-15,-0.791,293616
2014-05-14,-0.521,295957
2014-05-13,0.068,297508
2014-05-12,1.647,297305
2014-05-09,0.370,292487
2014-05-08,-0.092,291408
2014-05-07,-0.288,291678
2014-05-06,-1.296,292520
2014-05-05,0.526,296362
2014-05-02,-0.183,294812
2014-05-01,0.298,295351
2014-04-30,0.264,294475
2014-04-29,0.798,293700
2014-04-28,0.325,291375
2014-04-25,-1.598,290431
2014-04-24,0.957,295149
2014-04-23,-0.880,292352
2014-04-22,0.795,294947
2014-04-21,0.742,292622
2014-04-17,0.023,290465
2014-04-16,1.329,290398
2014-04-15,0.330,286590
2014-04-14,0.785,285646
2014-04-11,-1.163,283422
2014-04-10,-3.097,286758
2014-04-09,1.714,295924
2014-04-08,0.923,290937
2014-04-07,-0.949,288275
2014-04-04,-2.660,291038
2014-04-03,-0.794,298990
2014-04-02,0.258,301383
2014-04-01,1.757,300608
2014-03-31,0.712,295418
2014-03-28,0.197,293329
2014-03-27,-0.562,292753
2014-03-26,-1.288,294407
2014-03-25,0.329,298249
2014-03-24,-0.876,297272
2014-03-21,-1.201,299900
2014-03-20,0.278,303544
2014-03-19,-0.541,302704
2014-03-18,1.207,304351
2014-03-17,0.880,300720
2014-03-14,-0.683,298098
2014-03-13,-1.413,300149
2014-03-12,0.377,304452
2014-03-11,-0.430,303309
2014-03-10,0.088,304620
2014-03-07,-0.495,304351
2014-03-06,-0.088,305864
2014-03-05,0.275,306133
2014-03-04,1.271,305292
2014-03-03,-0.742,301460
2014-02-28,-0.111,303712
2014-02-27,0.646,304048
2014-02-26,-0.089,302096
2014-02-25,-0.111,302364
2014-02-24,0.534,302699
2014-02-21,-0.133,301092
2014-02-20,0.469,301493
2014-02-19,-0.687,300087
2014-02-18,0.490,302163
2014-02-14,0.201,300690
2014-02-13,0.742,300087
2014-02-12,0.191,297877
2014-02-11,1.139,297308
2014-02-10,0.573,293960
2014-02-07,1.784,292286
2014-02-06,1.275,287164
2014-02-05,-0.259,283548
2014-02-04,0.736,284284
2014-02-03,-2.295,282208
2014-01-31,-0.266,288838
2014-01-30,1.849,289608
2014-01-29,-1.072,284351
2014-01-28,-0.058,287431
2014-01-27,-0.968,287599
2014-01-24,-1.967,290411
2014-01-23,-0.338,296237
2014-01-22,0.260,297241
2014-01-21,0.762,296471
2014-01-17,-0.566,294228
2014-01-16,0.011,295902
2014-01-15,0.821,295869
2014-01-14,1.907,293458
2014-01-13,-1.478,287967
2014-01-10,0.322,292286
2014-01-09,-0.332,291349
2014-01-08,0.218,292320
2014-01-07,0.927,291683
2014-01-06,-0.369,289005
2014-01-03,-0.722,290076
2014-01-02,-0.784,292186
2013-12-31,0.652,294496
2013-12-30,-0.149,292587
2013-12-27,-0.251,293023
2013-12-26,0.332,293759
2013-12-24,0.046,292788
2013-12-23,1.052,292654
2013-12-20,1.016,289608
2013-12-19,-0.279,286696
2013-12-18,1.163,287497
2013-12-17,-0.199,284193
2013-12-16,0.554,284760
2013-12-13,-0.129,283192
2013-12-12,-0.258,283559
2013-12-11,-1.286,284293
2013-12-10,-0.069,287998
2013-12-09,0.407,288198
2013-12-06,0.726,287030
2013-12-05,-0.129,284960
2013-12-04,0.094,285328
2013-12-03,-0.082,285061
2013-12-02,-0.292,285294
2013-11-29,0.598,286129
2013-11-27,0.697,284426
2013-11-26,0.523,282457
2013-11-25,0.238,280989
2013-11-22,0.539,280321
2013-11-21,1.016,278819
2013-11-20,-0.241,276016
2013-11-19,-0.289,276683
2013-11-18,-0.977,277484
2013-11-15,0.227,280221
2013-11-14,0.299,279587
2013-11-13,1.200,278753
2013-11-12,0.085,275448
2013-11-11,-0.121,275215
2013-11-08,1.363,275549
2013-11-07,-1.879,271844
2013-11-06,-0.024,277050
2013-11-05,0.145,277117
2013-11-04,0.157,276717
2013-11-01,0.048,276283
2013-10-31,-0.217,276149
2013-10-30,-0.193,276750
2013-10-29,0.278,277284
2013-10-28,-0.060,276516
2013-10-25,0.668,276683
2013-10-24,0.488,274848
2013-10-23,-0.618,273513
2013-10-22,0.170,275215
2013-10-21,0.219,274748
2013-10-18,1.583,274147
2013-10-17,0.597,269875
2013-10-16,1.145,268273
2013-10-15,-0.351,265235
2013-10-14,0.682,266170
2013-10-11,0.763,264368
2013-10-10,2.117,262365
2013-10-09,-0.311,256925
2013-10-08,-1.930,257726
2013-10-07,-0.831,262799
2013-10-04,0.864,265002
2013-10-03,-1.168,262732
2013-10-02,-0.038,265836
2013-10-01,1.014,265936
2013-09-30,-0.240,263266
2013-09-27,-0.126,263900
2013-09-26,0.776,264234
2013-09-25,-0.343,262198
2013-09-24,0.000,263099
2013-09-23,-0.196,263099
2013-09-20,-0.349,263617
2013-09-19,0.240,264539
2013-09-18,1.199,263907
2013-09-17,0.668,260779
2013-09-16,-0.269,259049
2013-09-13,0.064,259748
2013-09-12,-0.064,259581
2013-09-11,-0.192,259748
2013-09-10,0.488,260247
2013-09-09,1.170,258982
2013-09-06,0.117,255988
2013-09-05,0.169,255688
2013-09-04,1.067,255256
2013-09-03,0.570,252560
2013-08-30,-0.645,251129
2013-08-29,0.703,252760
2013-08-28,0.386,250996
2013-08-27,-2.047,250031
2013-08-26,0.052,255256
2013-08-23,0.670,255123
2013-08-22,0.981,253425
2013-08-21,-0.344,250963
2013-08-20,0.438,251828
2013-08-19,-0.179,250730
2013-08-16,-0.033,251179
2013-08-15,-1.692,251263
2013-08-14,-0.376,255588
2013-08-13,0.561,256553
2013-08-12,0.235,255123
2013-08-09,-0.404,254524
2013-08-08,0.497,255555
2013-08-07,-0.183,254291
2013-08-06,-0.597,254757
2013-08-05,0.065,256287
2013-08-02,0.562,256121
2013-08-01,1.016,254690
2013-07-31,0.185,252128
2013-07-30,0.532,251662
2013-07-29,-0.186,250331
2013-07-26,0.534,250797
2013-07-25,0.631,249466
2013-07-24,0.323,247902
2013-07-23,-0.735,247103
2013-07-22,0.295,248933
2013-07-19,-1.035,248201
2013-07-18,-0.251,250797
2013-07-17,0.252,251429
2013-07-16,-0.133,250797
2013-07-15,0.226,251129
2013-07-12,0.440,250564
2013-07-11,1.986,249466
2013-07-10,0.575,244608
2013-07-09,0.606,243210
2013-07-08,0.096,241746
2013-07-05,0.762,241513
2013-07-03,0.406,239686
2013-07-02,0.042,238718
2013-07-01,0.617,238618
2013-06-28,0.141,237154
2013-06-27,0.423,236821
2013-06-26,0.897,235823
2013-06-25,0.731,233726
2013-06-24,-0.994,232029
2013-06-21,-0.523,234359
2013-06-20,-2.385,235591
2013-06-19,-1.114,241346
2013-06-18,0.822,244066
2013-06-17,0.968,242075
2013-06-14,-0.660,239753
2013-06-13,1.267,241346
2013-06-12,-1.156,238327
2013-06-11,-0.994,241113
2013-06-10,0.041,243535
2013-06-07,1.367,243435
2013-06-06,0.486,240151
2013-06-05,-1.301,238991
2013-06-04,-0.518,242142
2013-06-03,0.177,243402
2013-05-31,-0.920,242971
2013-05-30,0.530,245226
2013-05-29,-0.474,243933
2013-05-28,0.654,245094
2013-05-24,-0.054,243502
2013-05-23,-0.230,243634
2013-05-22,-0.877,244195
2013-05-21,0.108,246354
2013-05-20,-0.148,246089
2013-05-17,0.965,246454
2013-05-16,-0.109,244099
2013-05-15,0.204,244364
2013-05-14,0.520,243867
2013-05-13,0.123,242606
2013-05-10,0.611,242308
2013-05-09,-0.142,240836
2013-05-08,0.484,241180
2013-05-07,-0.055,240019
2013-05-06,0.388,240151
2013-05-03,1.178,239223
2013-05-02,1.264,236436
2013-05-01,-0.467,233484
2013-04-30,0.726,234579
2013-04-29,0.920,232887
2013-04-26,-0.315,230764
2013-04-25,0.533,231494
2013-04-24,-0.043,230267
2013-04-23,0.959,230366
2013-04-22,1.028,228177
2013-04-19,1.371,225855
2013-04-18,-1.389,222800
2013-04-17,-1.950,225938
2013-04-16,1.327,230433
2013-04-15,-1.973,227414
2013-04-12,-0.071,231992
2013-04-11,-0.036,232157
2013-04-10,1.944,232240
2013-04-09,0.674,227812
2013-04-08,0.529,226286
2013-04-05,-0.832,225096
2013-04-04,0.029,226983
2013-04-03,-0.913,226917
2013-04-02,0.788,229006
2013-04-01,-0.681,227215
2013-03-28,0.246,228774
2013-03-27,0.132,228214
2013-03-26,0.541,227912
2013-03-25,-0.364,226684
2013-03-22,0.972,227514
2013-03-21,-1.134,225324
2013-03-20,0.702,227908
2013-03-19,-0.190,226320
2013-03-18,-0.219,226751
2013-03-15,-0.277,227248
2013-03-14,0.335,227879
2013-03-13,-0.131,227118
2013-03-12,-0.362,227416
2013-03-11,0.291,228243
2013-03-08,0.116,227582
2013-03-07,0.263,227317
2013-03-06,-0.248,226721
2013-03-05,1.478,227284
2013-03-04,0.445,223974
2013-03-01,0.417,222982
2013-02-28,-0.207,222055
2013-02-27,1.020,222515
2013-02-26,0.377,220268
2013-02-25,-1.235,219441
2013-02-22,1.006,222184
2013-02-21,-1.072,219970
2013-02-20,-1.539,222353
2013-02-19,0.723,225828
2013-02-15,-0.294,224206
2013-02-14,-0.029,224868
2013-02-13,0.354,224934
2013-02-12,-0.412,224140
2013-02-11,0.029,225066
2013-02-08,1.025,225000
2013-02-07,0.089,222717
2013-02-06,-0.326,222518
2013-02-05,1.474,223246
2013-02-04,-1.744,220003
2013-02-01,1.181,223908
2013-01-31,-0.224,221294
2013-01-30,-0.208,221790
2013-01-29,0.015,222254
2013-01-28,0.224,222220
2013-01-25,0.510,221724
2013-01-24,-1.376,220599
2013-01-23,0.610,223677
2013-01-22,0.164,222320
2013-01-18,-0.223,221956
2013-01-17,0.478,222452
2013-01-16,0.405,221393
2013-01-15,-0.493,220500
2013-01-14,-0.446,221592
2013-01-11,0.134,222584
2013-01-10,0.599,222287
2013-01-09,0.376,220963
2013-01-08,-0.196,220136
2013-01-07,0.031,220567
2013-01-04,-0.332,220500
2013-01-03,-0.518,221235
2013-01-02,3.178,222386
2012-12-31,2.117,215536
2012-12-28,-0.963,211068
2012-12-27,-0.155,213120
2012-12-26,-0.876,213451
2012-12-24,-0.199,215337
2012-12-21,-1.046,215767
2012-12-20,-0.001,218049
2012-12-19,-0.431,218051
2012-12-18,1.521,218994
2012-12-17,1.329,215713
2012-12-14,-0.951,212882
2012-12-13,-0.788,214926
2012-12-12,-0.212,216634
2012-12-11,1.305,217095
2012-12-10,0.293,214297
2012-12-07,-0.597,213672
2012-12-06,0.642,214956
2012-12-05,-1.107,213584
2012-12-04,-0.061,215976
2012-12-03,-0.198,216107
2012-11-30,-0.167,216535
2012-11-29,0.595,216897
2012-11-28,0.862,215614
2012-11-27,-0.339,213771
2012-11-26,0.433,214498
2012-11-23,1.517,213574
2012-11-21,0.204,210381
2012-11-20,0.030,209954
2012-11-19,2.377,209890
2012-11-16,0.435,205017
2012-11-15,-0.338,204129
2012-11-14,-1.175,204820
2012-11-13,-0.694,207255
2012-11-12,-0.016,208703
2012-11-09,0.427,208736
2012-11-08,-1.574,207848
2012-11-07,-2.358,211171
2012-11-06,0.183,216272
2012-11-05,0.660,215877
2012-11-02,-1.067,214462
2012-11-01,1.421,216775
2012-10-31,-0.612,213738
2012-10-26,0.292,215054
2012-10-25,-0.006,214429
2012-10-24,-0.346,214442
2012-10-23,-0.954,215186
2012-10-22,0.518,217259
2012-10-19,-2.393,216140
2012-10-18,-1.160,221439
2012-10-17,-0.059,224038
2012-10-16,1.414,224170
2012-10-15,0.735,221044
2012-10-12,-0.045,219431
2012-10-11,-0.314,219530
2012-10-10,-0.504,220221
2012-10-09,-1.596,221337
2012-10-08,-0.913,224927
2012-10-05,-0.534,227000
2012-10-04,0.347,228218
2012-10-03,0.641,227428
2012-10-02,0.292,225980
2012-10-01,-0.146,225322
2012-09-28,-0.824,225651
2012-09-27,1.378,227527
2012-09-26,-0.814,224433
2012-09-25,-1.398,226276
2012-09-24,-0.592,229485
2012-09-21,0.029,230850
2012-09-20,-0.099,230784
2012-09-19,0.185,231014
2012-09-18,0.085,230587
2012-09-17,0.043,230390
2012-09-14,0.891,230292
2012-09-13,1.352,228257
2012-09-12,0.295,225212
2012-09-11,-0.160,224549
2012-09-10,-1.282,224910
2012-09-07,-0.144,227831
2012-09-06,2.220,228159
2012-09-05,-0.103,223204
2012-09-04,-0.103,223434
2012-08-31,0.665,223663
2012-08-30,-1.009,222187
2012-08-29,0.000,224451
2012-08-28,0.000,224451
2012-08-27,0.161,224451
2012-08-24,0.619,224090
2012-08-23,-0.818,222712
2012-08-22,0.411,224549
2012-08-21,-0.395,223630
2012-08-20,0.146,224516
2012-08-17,0.441,224188
2012-08-16,1.190,223204
2012-08-15,0.254,220579
2012-08-14,0.045,220021
2012-08-13,0.239,219922
2012-08-10,0.060,219397
2012-08-09,0.300,219266
2012-08-08,-0.045,218610
2012-08-07,0.832,218708
2012-08-06,0.762,216903
2012-08-03,1.895,215263
2012-08-02,-0.356,211259
2012-08-01,-0.293,212014
2012-07-31,-0.031,212638
2012-07-30,-0.077,212703
2012-07-27,2.367,212867
2012-07-26,1.327,207945
2012-07-25,-0.667,205222
2012-07-24,-0.788,206600
2012-07-23,-1.207,208240
2012-07-20,-1.329,210784
2012-07-19,1.103,213622
2012-07-18,1.354,211292
2012-07-17,0.522,208470
2012-07-16,-0.284,207387
2012-07-13,1.522,207978
2012-07-12,-0.936,204861
2012-07-11,-0.552,206797
2012-07-10,-0.984,207945
2012-07-09,-0.187,210012
2012-07-06,-1.247,210406
2012-07-05,0.062,213064
2012-07-03,0.839,212933
2012-07-02,0.296,211161
2012-06-29,3.151,210537
2012-06-28,-1.113,204106
2012-06-27,0.608,206403
2012-06-26,0.628,205156
2012-06-25,-1.926,203876
2012-06-22,1.053,207879
2012-06-21,-2.489,205714
2012-06-20,0.079,210964
2012-06-19,1.036,210797
2012-06-18,0.937,208634
2012-06-15,1.240,206698
2012-06-14,0.370,204167
2012-06-13,-0.687,203414
2012-06-12,1.222,204822
2012-06-11,-1.694,202350
2012-06-08,0.964,205837
2012-06-07,-0.400,203872
2012-06-06,2.291,204691
2012-06-05,0.411,200107
2012-06-04,0.763,199289
2012-06-01,-2.660,197779
2012-05-31,-0.433,203185
2012-05-30,-0.843,204069
2012-05-29,1.273,205804
2012-05-25,-0.129,203218
2012-05-24,-0.655,203479
2012-05-23,0.192,204822
2012-05-22,-0.112,204429
2012-05-21,2.796,204658
2012-05-18,-1.298,199092
2012-05-17,-2.113,201711
2012-05-16,-0.679,206066
2012-05-15,-0.330,207474
2012-05-14,-0.935,208161
2012-05-11,-0.016,210126
2012-05-10,-0.204,210158
2012-05-09,-0.308,210587
2012-05-08,-0.371,211239
2012-05-07,0.093,212025
2012-05-04,-2.487,211828
2012-05-03,-1.059,217230
2012-05-02,0.284,219555
2012-05-01,0.165,218933
2012-04-30,-0.714,218573
2012-04-27,0.598,220144
2012-04-26,0.587,218835
2012-04-25,2.657,217558
2012-04-24,-0.538,211926
2012-04-23,-0.914,213072
2012-04-20,-0.273,215037
2012-04-19,-1.126,215626
2012-04-18,-0.255,218082
2012-04-17,2.032,218638
2012-04-16,-1.118,214284
2012-04-13,-1.510,216706
2012-04-12,1.136,220030
2012-04-11,0.484,217558
2012-04-10,-1.607,216510
2012-04-09,-0.753,220046
2012-04-05,0.624,221716
2012-04-04,-1.363,220341
2012-04-03,-0.029,223385
2012-04-02,1.036,223451
2012-03-30,-0.192,221159
2012-03-29,-0.380,221585
2012-03-28,-0.399,222429
2012-03-27,0.147,223320
2012-03-26,1.749,222993
2012-03-23,-0.061,219159
2012-03-22,-0.209,219293
2012-03-21,0.015,219751
2012-03-20,0.179,219719
2012-03-19,0.707,219326
2012-03-16,-0.071,217787
2012-03-15,0.286,217941
2012-03-14,0.347,217320
2012-03-13,1.860,216568
2012-03-12,0.046,212613
2012-03-09,0.417,212515
2012-03-08,1.077,211633
2012-03-07,0.771,209378
2012-03-06,-0.981,207776
2012-03-05,-1.033,209835
2012-03-02,-0.077,212025
2012-03-01,0.792,212189
2012-02-29,-0.448,210522
2012-02-28,1.015,211469
2012-02-27,0.141,209345
2012-02-24,0.345,209051
2012-02-23,0.663,208332
2012-02-22,-0.456,206959
2012-02-21,0.284,207907
2012-02-17,-0.314,207319
2012-02-16,1.370,207972
2012-02-15,-0.696,205161
2012-02-14,0.254,206599
2012-02-13,0.920,206076
2012-02-10,-0.691,204197
2012-02-09,0.720,205619
2012-02-08,0.531,204148
2012-02-07,0.210,203070
2012-02-06,-0.081,202645
2012-02-03,1.372,202808
2012-02-02,0.311,200063
2012-02-01,0.810,199442
2012-01-31,0.132,197840
2012-01-30,0.083,197578
2012-01-27,0.299,197415
2012-01-26,-0.348,196827
2012-01-25,1.257,197513
2012-01-24,-0.184,195062
2012-01-23,0.033,195421
2012-01-20,-0.150,195356
2012-01-19,0.622,195650
2012-01-18,1.329,194441
2012-01-17,0.911,191891
2012-01-13,-0.360,190159
2012-01-12,0.395,190845
2012-01-11,0.207,190094
2012-01-10,0.729,189702
2012-01-09,-0.329,188329
2012-01-06,0.347,188950
2012-01-05,0.823,188296
2012-01-04,0.422,186760
2012-01-03,1.917,185975
2011-12-30,-0.286,182478
2011-12-29,0.720,183001
2011-12-28,-1.156,181694
2011-12-27,0.285,183818
2011-12-23,0.863,183295
2011-12-22,0.853,181726
2011-12-21,-1.430,180190
2011-12-20,2.964,182805
2011-12-19,-0.984,177543
2011-12-16,0.512,179308
2011-12-15,-0.273,178394
2011-12-14,-1.560,178882
2011-12-13,-1.100,181718
2011-12-12,-1.122,183738
2011-12-09,1.604,185824
2011-12-08,-1.682,182891
2011-12-07,0.000,186019
2011-12-06,-0.280,186019
2011-12-05,1.095,186541
2011-12-02,-0.282,184520
2011-12-01,0.692,185042
2011-11-30,3.696,183771
2011-11-29,-0.621,177220
2011-11-28,3.480,178328
2011-11-25,-0.769,172332
2011-11-23,-2.256,173668
2011-11-22,0.331,177677
2011-11-21,-1.913,177090
2011-11-18,-0.770,180544
2011-11-17,-2.344,181946
2011-11-16,-1.651,186313
2011-11-15,1.113,189441
2011-11-14,-0.622,187356
2011-11-11,1.884,188529
2011-11-10,-0.053,185042
2011-11-09,-3.516,185140
2011-11-08,1.151,191886
2011-11-07,0.709,189702
2011-11-04,-0.516,188366
2011-11-03,2.073,189344
2011-11-02,0.850,185498
2011-11-01,-2.606,183934
2011-10-31,-1.680,188855
2011-10-28,0.153,192081
2011-10-27,2.759,191788
2011-10-26,-0.122,186639
2011-10-25,-1.966,186867
2011-10-24,2.077,190615
2011-10-21,1.255,186736
2011-10-20,-0.492,184423
2011-10-19,-1.931,185335
2011-10-18,1.240,188985
2011-10-17,-1.547,186671
2011-10-14,1.856,189604
2011-10-13,0.919,186150
2011-10-12,0.497,184455
2011-10-11,0.679,183543
2011-10-10,3.458,182304
2011-10-07,-0.661,176210
2011-10-06,1.681,177383
2011-10-05,2.568,174450
2011-10-04,2.053,170083
2011-10-03,-2.572,166661
2011-09-30,-2.580,171061
2011-09-29,-1.192,175591
2011-09-28,-1.481,177709
2011-09-27,1.041,180382
2011-09-26,1.163,178524
2011-09-23,1.064,176471
2011-09-22,-3.250,174613
2011-09-21,-1.739,180479
2011-09-20,-0.442,183673
2011-09-19,0.035,184488
2011-09-16,0.916,184423
2011-09-15,1.481,182750
2011-09-14,1.429,180082
2011-09-13,1.337,177545
2011-09-12,1.279,175203
2011-09-09,-2.225,172991
2011-09-08,-0.458,176927
2011-09-07,2.533,177740
2011-09-06,0.019,173349
2011-09-02,-2.346,173316
2011-09-01,-0.908,177480
2011-08-31,0.164,179106
2011-08-30,0.659,178813
2011-08-29,2.786,177642
2011-08-26,2.508,172828
2011-08-25,-1.632,168599
2011-08-24,0.784,171397
2011-08-23,4.123,170063
2011-08-22,0.360,163330
2011-08-19,-1.806,162744
2011-08-18,-4.909,165737
2011-08-17,-0.594,174292
2011-08-16,-0.846,175333
2011-08-15,1.475,176829
2011-08-12,0.885,174259
2011-08-11,4.404,172730
2011-08-10,-4.092,165444
2011-08-09,4.823,172503
2011-08-08,-6.019,164566
2011-08-05,-0.628,175105
2011-08-04,-4.647,176211
2011-08-03,0.960,184799
2011-08-02,-2.529,183042
2011-08-01,-0.466,187792
2011-07-29,-0.327,188670
2011-07-28,0.172,189288
2011-07-27,-2.574,188963
2011-07-26,0.244,193956
2011-07-25,-0.201,193484
2011-07-22,1.034,193875
2011-07-21,0.666,191890
2011-07-20,-0.425,190622
2011-07-19,2.277,191435
2011-07-18,-0.536,187173
2011-07-15,1.331,188182
2011-07-14,-1.160,185710
2011-07-13,0.417,187889
2011-07-12,-0.759,187108
2011-07-11,-1.813,188540
2011-07-08,-0.270,192020
2011-07-07,1.370,192541
2011-07-06,0.326,189938
2011-07-05,0.501,189320
2011-07-01,1.507,188377
2011-06-30,1.332,185580
2011-06-29,0.410,183140
2011-06-28,1.493,182392
2011-06-27,1.591,179708
2011-06-24,-1.735,176894
2011-06-23,0.928,180017
2011-06-22,-0.722,178361
2011-06-21,2.145,179659
2011-06-20,0.521,175886
2011-06-17,-0.313,174975
2011-06-16,-0.387,175524
2011-06-15,-1.897,176206
2011-06-14,1.281,179614
2011-06-13,0.000,177342
2011-06-10,-1.523,177342
2011-06-09,0.172,180084
2011-06-08,-0.717,179776
2011-06-07,-0.179,181074
2011-06-06,-0.816,181399
2011-06-03,-1.503,182892
2011-06-02,0.210,185683
2011-06-01,-2.176,185294
2011-05-31,1.619,189416
2011-05-27,0.505,186397
2011-05-26,0.619,185461
2011-05-25,0.389,184320
2011-05-24,-0.615,183606
2011-05-23,-1.463,184742
2011-05-20,-0.764,187484
2011-05-19,0.293,188929
2011-05-18,0.834,188377
2011-05-17,0.280,186819
2011-05-16,-1.731,186296
2011-05-13,-1.184,189578
2011-05-12,0.604,191850
2011-05-11,-0.735,190698
2011-05-10,0.852,192109
2011-05-09,0.376,190487
2011-05-06,0.326,189773
2011-05-05,-0.546,189156
2011-05-04,-0.153,190194
2011-05-03,-0.475,190487
2011-05-02,-0.186,191395
2011-04-29,-0.085,191752
2011-04-28,-0.152,191915
2011-04-27,0.680,192207
2011-04-26,0.564,190909
2011-04-25,0.257,189837
2011-04-21,0.803,189351
2011-04-20,2.253,187841
2011-04-19,0.622,183703
2011-04-18,-0.706,182567
2011-04-15,-0.176,183865
2011-04-14,-0.176,184190
2011-04-13,0.852,184515
2011-04-12,-0.687,182957
2011-04-11,-0.334,184223
2011-04-08,-0.472,184839
2011-04-07,-0.070,185716
2011-04-06,0.245,185845
2011-04-05,-0.262,185391
2011-04-04,-0.331,185878
2011-04-01,0.052,186494
2011-03-31,0.139,186397
2011-03-30,0.473,186137
2011-03-29,0.973,185261
2011-03-28,-0.545,183476
2011-03-25,0.247,184482
2011-03-24,1.777,184028
2011-03-23,0.569,180815
2011-03-22,-0.189,179792
2011-03-21,1.928,180133
2011-03-18,-0.225,176725
2011-03-17,0.923,177124
2011-03-16,-2.415,175504
2011-03-15,-1.421,179847
2011-03-14,-0.354,182440
2011-03-11,0.623,183088
2011-03-10,-1.561,181953
2011-03-09,-0.679,184838
2011-03-08,0.402,186102
2011-03-07,-1.341,185356
2011-03-04,-0.511,187876
2011-03-03,1.969,188841
2011-03-02,0.528,185194
2011-03-01,-1.608,184222
2011-02-28,0.206,187233
2011-02-25,1.398,186847
2011-02-24,0.522,184271
2011-02-23,-0.824,183315
2011-02-22,-2.895,184838
2011-02-18,-0.221,190348
2011-02-17,-0.036,190769
2011-02-16,0.651,190837
2011-02-15,-0.137,189602
2011-02-14,0.240,189862
2011-02-11,0.722,189408
2011-02-10,0.157,188050
2011-02-09,-0.164,187755
2011-02-08,0.650,188063
2011-02-07,0.479,186847
2011-02-04,0.556,185956
2011-02-03,0.180,184927
2011-02-02,-0.167,184595
2011-02-01,1.875,184903
2011-01-31,0.484,181500
2011-01-28,-2.536,180625
2011-01-27,0.616,185324
2011-01-26,0.526,184190
2011-01-25,0.146,183225
2011-01-24,1.383,182958
2011-01-21,-0.766,180462
2011-01-20,-0.708,181856
2011-01-19,-1.137,183153
2011-01-18,0.281,185259
2011-01-14,0.751,184741
2011-01-13,0.035,183363
2011-01-12,0.703,183298
2011-01-11,0.143,182018
2011-01-10,0.376,181759
2011-01-07,-0.089,181078
2011-01-06,0.323,181240
2011-01-05,0.859,180657
2011-01-04,-0.081,179117
2011-01-03,1.561,179263
2010-12-31,-0.366,176508
2010-12-30,-0.237,177157
2010-12-29,0.219,177578
2010-12-28,-0.183,177189
2010-12-27,0.051,177513
2010-12-23,-0.261,177422
2010-12-22,-0.009,177886
2010-12-21,0.605,177902
2010-12-20,0.073,176832
2010-12-17,0.089,176703
2010-12-16,0.775,176547
2010-12-15,-0.432,175188
2010-12-14,0.175,175948
2010-12-13,-0.358,175641
2010-12-10,0.665,176272
2010-12-09,0.102,175107
2010-12-08,0.371,174929
2010-12-07,0.065,174282
2010-12-06,-0.046,174169
2010-12-03,0.261,174250
2010-12-02,1.015,173797
2010-12-01,2.122,172050
2010-11-30,-1.223,168476
2010-11-29,-0.076,170562
2010-11-26,-0.659,170692
2010-11-24,2.017,171824
2010-11-23,-1.588,168428
2010-11-22,0.839,171145
2010-11-19,0.076,169721
2010-11-18,1.609,169592
2010-11-17,0.292,166907
2010-11-16,-1.653,166422
2010-11-15,-0.371,169220
2010-11-12,-1.639,169851
2010-11-11,-0.614,172681
2010-11-10,0.496,173749
2010-11-09,-0.535,172891
2010-11-08,0.126,173821
2010-11-05,0.000,173603
2010-11-04,1.226,173603
2010-11-03,0.455,171500
2010-11-02,1.072,170724
2010-11-01,0.077,168913
2010-10-29,-0.229,168783
2010-10-28,0.211,169172
2010-10-27,0.308,168816
2010-10-26,0.270,168298
2010-10-25,0.484,167845
2010-10-22,0.682,167037
2010-10-21,0.195,165905
2010-10-20,0.728,165581
2010-10-19,-0.936,164384
2010-10-18,-0.369,165937
2010-10-15,2.122,166551
2010-10-14,-0.198,163090
2010-10-13,0.818,163414
2010-10-12,0.683,162088
2010-10-11,0.040,160988
2010-10-08,0.688,160923
2010-10-07,0.366,159823
2010-10-06,-0.866,159241
2010-10-05,2.434,160632
2010-10-04,-1.081,156815
2010-10-01,-0.122,158530
2010-09-30,-0.446,158724
2010-09-29,-0.162,159435
2010-09-28,-0.040,159694
2010-09-27,-0.544,159759
2010-09-24,2.034,160632
2010-09-23,-0.041,157430
2010-09-22,-0.266,157495
2010-09-21,-0.020,157915
2010-09-20,1.740,157947
2010-09-17,0.347,155246
2010-09-16,0.398,154709
2010-09-15,0.632,154096
2010-09-14,0.423,153128
2010-09-13,1.395,152482
2010-09-10,0.366,150385
2010-09-09,0.389,149836
2010-09-08,1.204,149255
2010-09-07,-0.674,147480
2010-09-03,1.657,148481
2010-09-02,1.117,146060
2010-09-01,2.991,144447
2010-08-31,-0.344,140251
2010-08-30,-1.044,140735
2010-08-27,1.217,142220
2010-08-26,-1.203,140510
2010-08-25,0.962,142220
2010-08-24,-1.866,140865
2010-08-23,-0.980,143543
2010-08-20,0.134,144963
2010-08-19,-1.515,144769
2010-08-18,0.392,146996
2010-08-17,1.277,146422
2010-08-16,0.179,144576
2010-08-13,-0.710,144318
2010-08-12,-0.793,145350
2010-08-11,-2.726,146512
2010-08-10,-0.866,150619
2010-08-09,0.684,151934
2010-08-06,-0.149,150901
2010-08-05,-0.230,151127
2010-08-04,1.007,151475
2010-08-03,-0.429,149965
2010-08-02,1.877,150610
2010-07-30,0.219,147835
2010-07-29,-0.738,147512
2010-07-28,-0.797,148610
2010-07-27,-0.043,149804
2010-07-26,0.825,149868
2010-07-23,0.634,148642
2010-07-22,2.531,147706
2010-07-21,-1.370,144059
2010-07-20,1.208,146060
2010-07-19,0.857,144318
2010-07-16,-2.763,143091
2010-07-15,0.088,147157
2010-07-14,0.507,147028
2010-07-13,1.296,146286
2010-07-12,0.291,144414
2010-07-09,0.950,143995
2010-07-08,0.546,142639
2010-07-07,3.192,141865
2010-07-06,0.306,137476
2010-07-02,-0.282,137057
2010-07-01,-0.281,137444
2010-06-30,-1.522,137831
2010-06-29,-3.857,139961
2010-06-28,-0.353,145576
2010-06-25,-0.176,146093
2010-06-24,-1.520,146351
2010-06-23,-0.411,148610
2010-06-22,-0.773,149223
2010-06-21,-0.851,150385
2010-06-18,0.084,151675
2010-06-17,0.320,151549
2010-06-16,0.407,151066
2010-06-15,2.682,150454
2010-06-14,-0.022,146524
2010-06-11,0.954,146556
2010-06-10,2.853,145171
2010-06-09,-0.837,141145
2010-06-08,-0.181,142337
2010-06-07,-1.824,142594
2010-06-04,-3.422,145244
2010-06-03,0.951,150389
2010-06-02,2.368,148972
2010-06-01,-0.921,145526
2010-05-28,-0.589,146878
2010-05-27,3.778,147748
2010-05-26,-1.119,142369
2010-05-25,0.090,143979
2010-05-24,-0.401,143851
2010-05-21,1.105,144430
2010-05-20,-3.713,142852
2010-05-19,-0.797,148360
2010-05-18,-1.381,149552
2010-05-17,0.320,151645
2010-05-14,-1.923,151162
2010-05-13,-1.584,154126
2010-05-12,1.886,156606
2010-05-11,-0.105,153707
2010-05-10,5.197,153868
2010-05-07,-2.491,146266
2010-05-06,-3.342,150003
2010-05-05,-0.516,155189
2010-05-04,-3.004,155994
2010-05-03,1.406,160825
2010-04-30,-1.976,158595
2010-04-29,1.742,161792
2010-04-28,0.061,159022
2010-04-27,-2.123,158925
2010-04-26,-0.218,162371
2010-04-23,0.417,162726
2010-04-22,0.560,162049
2010-04-21,0.563,161147
2010-04-20,0.505,160246
2010-04-19,-0.061,159440
2010-04-16,-1.197,159537
2010-04-15,0.441,161470
2010-04-14,1.196,160761
2010-04-13,0.509,158861
2010-04-12,0.082,158055
2010-04-09,0.595,157926
2010-04-08,0.226,156992
2010-04-07,-0.246,156638
2010-04-06,0.288,157025
2010-04-05,0.934,156574
2010-04-01,0.000,155124
2010-03-31,-0.475,155124
2010-03-30,0.332,155865
2010-03-29,0.479,155350
2010-03-26,0.104,154609
2010-03-25,-0.146,154448
2010-03-24,-0.482,154673
2010-03-23,0.694,155422
2010-03-22,0.905,154351
2010-03-19,-0.603,152966
2010-03-18,0.336,153894
2010-03-17,0.273,153380
2010-03-16,0.635,152961
2010-03-15,-0.253,151996
2010-03-12,0.021,152382
2010-03-11,0.382,152350
2010-03-10,0.812,151771
2010-03-09,0.559,150548
2010-03-08,0.194,149712
2010-03-05,1.508,149422
2010-03-04,0.329,147202
2010-03-03,0.110,146719
2010-03-02,0.308,146559
2010-03-01,1.452,146108
2010-02-26,0.359,144017
2010-02-25,-0.022,143502
2010-02-24,1.019,143534
2010-02-23,-1.296,142086
2010-02-22,-0.201,143952
2010-02-19,-0.045,144242
2010-02-18,0.628,144306
2010-02-17,0.564,143405
2010-02-16,1.280,142601
2010-02-12,0.206,140799
2010-02-11,1.511,140510
2010-02-10,-0.209,138418
2010-02-09,1.031,138708
2010-02-08,-0.721,137292
2010-02-05,0.845,138289
2010-02-04,-2.894,137131
2010-02-03,0.550,141217
2010-02-02,0.902,140445
2010-02-01,1.098,139190
2010-01-29,-1.745,137678
2010-01-28,-2.573,140123
2010-01-27,0.789,143824
2010-01-26,0.090,142697
2010-01-25,0.340,142569
2010-01-22,-2.924,142086
2010-01-21,-0.936,146365
2010-01-20,-1.438,147749
2010-01-19,1.614,149905
2010-01-15,-1.164,147524
2010-01-14,0.086,149261
2010-01-13,1.245,149133
2010-01-12,-1.251,147299
2010-01-11,-0.408,149165
2010-01-08,0.823,149776
2010-01-07,0.065,148553
2010-01-06,-0.603,148457
2010-01-05,0.000,149358
2010-01-04,1.464,149358
2009-12-31,-0.910,147202
2009-12-30,0.304,148553
2009-12-29,-0.411,148103
2009-12-28,0.522,148714
2009-12-24,0.922,147942
2009-12-23,0.730,146591
2009-12-22,0.601,145529
2009-12-21,1.125,144660
2009-12-18,1.638,143051
2009-12-17,-1.217,140747
2009-12-16,0.135,142481
2009-12-15,-0.561,142288
2009-12-14,0.952,143091
2009-12-11,-0.384,141742
2009-12-10,0.499,142288
2009-12-09,1.004,141582
2009-12-08,-0.610,140175
2009-12-07,-0.476,141036
2009-12-04,0.524,141710
2009-12-03,-0.408,140971
2009-12-02,0.136,141550
2009-12-01,1.033,141357
2009-11-30,0.115,139911
2009-11-27,-1.517,139751
2009-11-25,0.432,141903
2009-11-24,-0.340,141293
2009-11-23,1.611,141774
2009-11-20,-0.504,139526
2009-11-19,-1.562,140233
2009-11-18,-0.554,142458
2009-11-17,0.315,143252
2009-11-16,1.022,142802
2009-11-13,0.825,141357
2009-11-12,-0.569,140201
2009-11-11,0.642,141003
2009-11-10,0.253,140104
2009-11-09,2.136,139751
2009-11-06,0.590,136828
2009-11-05,2.468,136025
2009-11-04,0.170,132749
2009-11-03,0.316,132524
2009-11-02,0.415,132106
2009-10-30,-2.685,131560
2009-10-29,1.691,135190
2009-10-28,-2.244,132942
2009-10-27,-1.512,135993
2009-10-26,-0.325,138081
2009-10-23,-0.416,138530
2009-10-22,0.394,139108
2009-10-21,-0.185,138562
2009-10-20,0.023,138819
2009-10-19,1.005,138787
2009-10-16,-0.650,137406
2009-10-15,-0.232,138305
2009-10-14,1.362,138627
2009-10-13,0.023,136764
2009-10-12,0.212,136732
2009-10-09,0.568,136443
2009-10-08,0.428,135672
2009-10-07,0.286,135094
2009-10-06,1.771,134708
2009-10-05,0.807,132363
2009-10-02,-0.293,131303
2009-10-01,-2.959,131689
2009-09-30,0.071,135704
2009-09-29,-0.448,135607
2009-09-28,1.703,136218
2009-09-25,-0.879,133937
2009-09-24,-0.895,135126
2009-09-23,-0.469,136346
2009-09-22,0.188,136989
2009-09-21,0.306,136732
2009-09-18,0.167,136314
2009-09-17,-0.024,136087
2009-09-16,1.459,136119
2009-09-15,0.312,134162
2009-09-14,0.385,133745
2009-09-11,0.096,133231
2009-09-10,0.949,133103
2009-09-09,0.859,131851
2009-09-08,0.942,130728
2009-09-04,2.151,129509
2009-09-03,0.662,126781
2009-09-02,-0.076,125947
2009-09-01,-1.874,126043
2009-08-31,-1.014,128450
2009-08-28,0.099,129766
2009-08-27,0.248,129637
2009-08-26,-0.173,129316
2009-08-25,0.298,129541
2009-08-24,-0.099,129156
2009-08-21,1.333,129284
2009-08-20,1.170,127584
2009-08-19,0.692,126108
2009-08-18,1.429,125241
2009-08-17,-2.902,123476
2009-08-14,-1.147,127166
2009-08-13,0.552,128643
2009-08-12,1.554,127937
2009-08-11,-0.859,125979
2009-08-10,-0.702,127070
2009-08-07,1.270,127969
2009-08-06,-0.881,126364
2009-08-05,-0.774,127487
2009-08-04,0.000,128482
2009-08-03,1.496,128482
2009-07-31,-0.303,126589
2009-07-30,0.585,126974
2009-07-29,0.665,126236
2009-07-28,-0.686,125402
2009-07-27,0.768,126268
2009-07-24,-0.762,125305
2009-07-23,2.208,126268
2009-07-22,0.838,123540
2009-07-21,0.686,122514
2009-07-20,0.958,121679
2009-07-17,1.486,120524
2009-07-16,0.244,118759
2009-07-15,3.359,118470
2009-07-14,0.365,114620
2009-07-13,1.919,114203
2009-07-10,0.431,112053
2009-07-09,0.173,111571
2009-07-08,0.521,111379
2009-07-07,-2.485,110801
2009-07-06,-0.534,113625
2009-07-02,-2.198,114235
2009-07-01,0.055,116802
2009-06-30,-0.192,116738
2009-06-29,0.220,116962
2009-06-26,0.220,116706
2009-06-25,1.967,116449
2009-06-24,1.686,114203
2009-06-23,-0.228,112310
2009-06-22,-2.987,112566
2009-06-19,1.072,116032
2009-06-18,-0.192,114801
2009-06-17,0.954,115022
2009-06-16,-0.975,113936
2009-06-15,-2.046,115058
2009-06-12,-0.462,117461
2009-06-11,0.000,118006
2009-06-10,-0.352,118006
2009-06-09,0.764,118423
2009-06-08,-0.299,117525
2009-06-05,0.109,117878
2009-06-04,1.129,117750
2009-06-03,-0.302,116436
2009-06-02,0.137,116788
2009-06-01,2.855,116628
2009-05-29,1.230,113391
2009-05-28,1.158,112013
2009-05-27,-0.690,110731
2009-05-26,3.727,111500
2009-05-22,-0.327,107494
2009-05-21,-1.838,107847
2009-05-20,-0.349,109866
2009-05-19,0.467,110250
2009-05-18,2.607,109737
2009-05-15,-0.060,106949
2009-05-14,1.121,107013
2009-05-13,-2.682,105827
2009-05-12,-1.223,108744
2009-05-11,0.351,110090
2009-05-08,0.058,109705
2009-05-07,-2.341,109641
2009-05-06,0.029,112269
2009-05-05,-0.086,112237
2009-05-04,1.978,112333
2009-05-01,0.263,110154
2009-04-30,1.002,109866
2009-04-29,1.374,108776
2009-04-28,-0.741,107302
2009-04-27,0.119,108103
2009-04-24,1.752,107975
2009-04-23,0.976,106116
2009-04-22,0.306,105090
2009-04-21,1.396,104770
2009-04-20,-3.212,103328
2009-04-17,0.211,106757
2009-04-16,2.593,106532
2009-04-15,-0.277,103840
2009-04-14,-1.216,104129
2009-04-13,-0.152,105411
2009-04-09,3.099,105571
2009-04-08,1.687,102398
2009-04-07,-2.634,100699
2009-04-06,-0.247,103424
2009-04-03,1.858,103680
2009-04-02,3.217,101789
2009-04-01,1.484,98616
2009-03-31,0.865,97174
2009-03-30,-2.466,96341
2009-03-27,-1.878,98777
2009-03-26,3.085,100667
2009-03-25,0.462,97655
2009-03-24,-1.845,97206
2009-03-23,5.894,99033
2009-03-20,-1.520,93520
2009-03-19,-0.067,94964
2009-03-18,1.262,95028
2009-03-17,3.786,93844
2009-03-16,-1.670,90420
2009-03-13,0.244,91956
2009-03-12,3.315,91732
2009-03-11,1.537,88789
2009-03-10,6.177,87445
2009-03-09,-2.129,82357
2009-03-06,-0.792,84149
2009-03-05,-3.000,84821
2009-03-04,2.667,87445
2009-03-03,-0.075,85173
2009-03-02,-3.233,85237
2009-02-27,-0.936,88085
2009-02-26,-2.798,88917
2009-02-25,-0.660,91476
2009-02-24,3.302,92084
2009-02-23,-3.498,89141
2009-02-20,0.278,92372
2009-02-19,-1.539,92116
2009-02-18,0.068,93556
2009-02-17,-3.976,93492
2009-02-13,-0.458,97363
2009-02-12,1.225,97811
2009-02-11,-0.461,96628
2009-02-10,-3.683,97076
2009-02-09,0.414,100787
2009-02-06,2.617,100371
2009-02-05,2.207,97811
2009-02-04,0.134,95700
2009-02-03,1.564,95572
2009-02-02,1.204,94100
2009-01-30,-1.758,92980
2009-01-29,-2.537,94644
2009-01-28,3.513,97108
2009-01-27,0.721,93812
2009-01-26,0.727,93140
2009-01-23,0.487,92468
2009-01-22,-1.338,92020
2009-01-21,4.256,93268
2009-01-20,-4.963,89461
2009-01-16,1.103,94132
2009-01-15,1.638,93105
2009-01-14,-3.048,91604
2009-01-13,0.034,94484
2009-01-12,-1.829,94452
2009-01-09,-2.243,96212
2009-01-08,1.051,98419
2009-01-07,-2.841,97395
2009-01-06,0.999,100243
2009-01-05,-0.032,99251
2009-01-02,4.338,99283
2008-12-31,0.848,95156
2008-12-30,2.077,94356
2008-12-29,-0.824,92436
2008-12-26,-0.034,93204
2008-12-24,0.275,93236
2008-12-23,-0.514,92980
2008-12-22,-2.177,93460
2008-12-19,0.821,95540
2008-12-18,-1.756,94762
2008-12-17,-1.211,96455
2008-12-16,4.801,97637
2008-12-15,-1.752,93164
2008-12-12,2.028,94826
2008-12-11,-2.742,92941
2008-12-10,-0.333,95561
2008-12-09,-0.233,95880
2008-12-08,3.939,96104
2008-12-05,4.063,92462
2008-12-04,-2.830,88851
2008-12-03,2.839,91439
2008-12-02,3.342,88915
2008-12-01,-7.521,86040
2008-11-28,-0.784,93037
2008-11-26,4.189,93771
2008-11-25,-0.459,90001
2008-11-24,6.112,90417
2008-11-21,4.343,85209
2008-11-20,-4.840,81663
2008-11-19,-5.222,85816
2008-11-18,-0.106,90545
2008-11-17,-2.105,90640
2008-11-14,-4.859,92589
2008-11-13,6.095,97318
2008-11-12,-4.618,91727
2008-11-11,-2.177,96168
2008-11-10,-1.347,98308
2008-11-07,2.062,99650
2008-11-06,-4.470,97637
2008-11-05,-5.215,102206
2008-11-04,2.834,107829
2008-11-03,-0.213,104858
2008-10-31,0.152,105082
2008-10-30,3.335,104922
2008-10-29,-0.251,101535
2008-10-28,11.049,101791
2008-10-27,-2.779,91663
2008-10-24,-3.214,94283
2008-10-23,-0.392,97414
2008-10-22,-2.764,97797
2008-10-21,-5.181,100577
2008-10-20,2.786,106072
2008-10-17,0.124,103197
2008-10-16,5.425,103069
2008-10-15,-8.956,97765
2008-10-14,-4.327,107382
2008-10-13,12.165,112238
2008-10-10,-0.635,100065
2008-10-09,-2.686,100704
2008-10-08,-0.796,103484
2008-10-07,-6.340,104315
2008-10-06,-3.648,111376
2008-10-03,-1.551,115593
2008-10-02,-4.545,117414
2008-10-01,-1.054,123005
2008-09-30,2.882,124315
2008-09-29,-7.936,120833
2008-09-26,-1.012,131248
2008-09-25,1.591,132590
2008-09-24,0.690,130513
2008-09-23,-0.758,129619
2008-09-22,-4.709,130609
2008-09-19,3.267,137063
2008-09-18,3.382,132727
2008-09-17,-5.187,128384
2008-09-16,0.784,135409
2008-09-15,-3.108,134355
2008-09-12,-0.390,138665
2008-09-11,1.869,139208
2008-09-10,0.824,136654
2008-09-09,-1.986,135536
2008-09-08,-0.322,138282
2008-09-05,-0.481,138729
2008-09-04,-3.236,139400
2008-09-03,-0.944,144061
2008-09-02,-1.236,145434
2008-08-29,-2.101,147254
2008-08-28,0.813,150415
2008-08-27,0.646,149202
2008-08-26,-0.129,148244
2008-08-25,-2.106,148436
2008-08-22,1.323,151628
2008-08-21,-0.467,149649
2008-08-20,0.170,150351
2008-08-19,-1.239,150096
2008-08-18,-1.163,151980
2008-08-15,-0.187,153768
2008-08-14,1.153,154055
2008-08-13,-0.209,152299
2008-08-12,0.105,152618
2008-08-11,0.909,152459
2008-08-08,2.269,151086
2008-08-07,-0.772,147733
2008-08-06,1.524,148883
2008-08-05,3.376,146648
2008-08-04,-1.003,141858
2008-08-01,-1.276,143295
2008-07-31,-0.241,145147
2008-07-30,0.507,145498
2008-07-29,2.071,144764
2008-07-28,-1.878,141826
2008-07-25,1.298,144540
2008-07-24,-1.499,142688
2008-07-23,1.318,144860
2008-07-22,0.000,142976
2008-07-21,0.426,142976
2008-07-18,-2.301,142369
2008-07-17,0.662,145722
2008-07-16,2.486,144764
2008-07-15,0.023,141252
2008-07-14,-0.741,141220
2008-07-11,-1.590,142273
2008-07-10,1.184,144572
2008-07-09,-2.654,142880
2008-07-08,2.383,146775
2008-07-07,0.605,143359
2008-07-03,-0.179,142497
2008-07-02,-2.401,142752
2008-07-01,1.417,146264
2008-06-30,-1.051,144221
2008-06-27,0.000,145754
2008-06-26,-4.036,145754
2008-06-25,1.624,151884
2008-06-24,-0.510,149457
2008-06-23,-0.780,150224
2008-06-20,-2.698,151405
2008-06-19,1.562,155602
2008-06-18,-1.071,153209
2008-06-17,-0.533,154869
2008-06-16,0.889,155698
2008-06-13,2.003,154326
2008-06-12,0.084,151295
2008-06-11,-2.390,151168
2008-06-10,-0.472,154869
2008-06-09,-0.530,155602
2008-06-06,-3.007,156432
2008-06-05,1.588,161282
2008-06-04,1.282,158761
2008-06-03,-0.547,156751
2008-06-02,-1.220,157612
2008-05-30,0.644,159559
2008-05-29,0.893,158538
2008-05-28,0.408,157134
2008-05-27,1.763,156496
2008-05-23,-0.310,153784
2008-05-22,0.353,154262
2008-05-21,-2.212,153720
2008-05-20,-0.765,157198
2008-05-19,-0.720,158410
2008-05-16,0.080,159558
2008-05-15,1.751,159431
2008-05-14,-0.223,156687
2008-05-13,0.265,157038
2008-05-12,1.825,156623
2008-05-09,-0.393,153816
2008-05-08,0.749,154422
2008-05-07,-1.819,153273
2008-05-06,0.617,156113
2008-05-05,-0.287,155156
2008-05-02,0.144,155602
2008-05-01,3.156,155379
2008-04-30,-0.819,150625
2008-04-29,0.762,151869
2008-04-28,0.191,150721
2008-04-25,-0.254,150434
2008-04-24,0.896,150817
2008-04-23,1.101,149477
2008-04-22,-1.488,147849
2008-04-21,0.706,150083
2008-04-18,3.181,149030
2008-04-17,-0.220,144435
2008-04-16,2.787,144755
2008-04-15,0.136,140830
2008-04-14,-0.452,140639
2008-04-11,-2.767,141277
2008-04-10,1.425,145297
2008-04-09,-1.123,143255
2008-04-08,-0.765,144882
2008-04-07,-0.218,145999
2008-04-04,0.592,146318
2008-04-03,0.220,145456
2008-04-02,-0.219,145137
2008-04-01,4.277,145456
2008-03-31,0.529,139490
2008-03-28,-0.503,138756
2008-03-27,-2.215,139458
2008-03-26,-0.290,142617
2008-03-25,0.561,143032
2008-03-24,3.458,142234
2008-03-20,2.041,137480
2008-03-19,-2.469,134730
2008-03-18,4.460,138142
2008-03-17,-1.822,132244
2008-03-14,-1.836,134698
2008-03-13,0.773,137217
2008-03-12,-0.280,136165
2008-03-11,3.805,136548
2008-03-10,-1.925,131542
2008-03-07,-0.237,134125
2008-03-06,-2.203,134443
2008-03-05,0.489,137472
2008-03-04,0.562,136803
2008-03-03,-0.652,136037
2008-02-29,-2.652,136930
2008-02-28,-0.384,140660
2008-02-27,0.499,141202
2008-02-26,0.387,140501
2008-02-25,0.504,139959
2008-02-22,0.368,139257
2008-02-21,-0.956,138747
2008-02-20,0.457,140086
2008-02-19,-0.183,139449
2008-02-15,-0.341,139704
2008-02-14,-1.809,140182
2008-02-13,2.191,142764
2008-02-12,-0.567,139704
2008-02-11,1.078,140501
2008-02-08,1.137,139002
2008-02-07,0.701,137440
2008-02-06,-1.969,136484
2008-02-05,-2.848,139225
2008-02-04,-1.404,143306
2008-02-01,1.019,145346
2008-01-31,1.713,143880
2008-01-30,-0.090,141457
2008-01-29,0.180,141585
2008-01-28,0.773,141330
2008-01-25,-2.049,140246
2008-01-24,2.022,143179
2008-01-23,-0.362,140341
2008-01-22,-2.580,140852
2008-01-18,-0.132,144582
2008-01-17,-1.390,144773
2008-01-16,-1.074,146813
2008-01-15,-2.757,148407
2008-01-14,1.743,152616
2008-01-11,-1.959,150001
2008-01-10,0.146,152998
2008-01-09,2.131,152775
2008-01-08,-2.595,149587
2008-01-07,-0.475,153572
2008-01-04,-4.386,154305
2008-01-03,0.337,161383
2008-01-02,-1.503,160841
2007-12-31,-1.234,163296
2007-12-28,-0.135,165336
2007-12-27,-1.086,165559
2007-12-26,0.498,167377
2007-12-24,0.752,166548
2007-12-21,1.971,165304
2007-12-20,1.922,162109
2007-12-19,0.000,159052
2007-12-18,0.422,159052
2007-12-17,-2.433,158383
2007-12-14,-1.029,162332
2007-12-13,-0.541,164020
2007-12-12,0.896,164912
2007-12-11,-2.322,163447
2007-12-10,0.401,167332
2007-12-07,0.019,166663
2007-12-06,1.454,166632
2007-12-05,1.776,164243
2007-12-04,-0.413,161377
2007-12-03,-0.838,162045
2007-11-30,-0.754,163415
2007-11-29,0.427,164657
2007-11-28,3.042,163956
2007-11-27,2.001,159115
2007-11-26,-1.726,155994
2007-11-23,1.075,158733
2007-11-21,-1.182,157045
2007-11-20,0.402,158924
2007-11-19,-1.154,158287
2007-11-16,0.923,160134
2007-11-15,-0.539,158669
2007-11-14,-1.281,159529
2007-11-13,4.125,161599
2007-11-12,-2.540,155198
2007-11-09,-3.344,159243
2007-11-08,-3.037,164752
2007-11-07,-2.432,169912
2007-11-06,1.128,174148
2007-11-05,-0.643,172205
2007-11-02,0.778,173320
2007-11-01,-1.872,171982
2007-10-31,1.419,175262
2007-10-30,0.185,172810
2007-10-29,0.426,172492
2007-10-26,1.659,171759
2007-10-25,-1.339,168956
2007-10-24,-0.757,171250
2007-10-23,2.092,172555
2007-10-22,1.201,169020
2007-10-19,-2.492,167014
2007-10-18,0.430,171281
2007-10-17,1.286,170549
2007-10-16,-0.471,168383
2007-10-15,-0.766,169179
2007-10-12,1.652,170485
2007-10-11,-1.588,167714
2007-10-10,0.243,170422
2007-10-09,0.433,170008
2007-10-08,0.629,169275
2007-10-05,2.024,168218
2007-10-04,0.232,164880
2007-10-03,-0.692,164498
2007-10-02,0.019,165644
2007-10-01,1.148,165612
2007-09-28,-0.330,163733
2007-09-27,0.507,164275
2007-09-26,0.490,163447
2007-09-25,0.949,162650
2007-09-24,0.457,161122
2007-09-21,0.712,160389
2007-09-20,-0.279,159256
2007-09-19,0.220,159702
2007-09-18,2.561,159352
2007-09-17,-0.833,155372
2007-09-14,0.081,156678
2007-09-13,0.490,156550
2007-09-12,0.020,155786
2007-09-11,1.515,155754
2007-09-10,-0.062,153431
2007-09-07,-1.852,153526
2007-09-06,-0.081,156423
2007-09-05,-1.006,156550
2007-09-04,1.657,158142
2007-08-31,1.117,155563
2007-08-30,0.520,153845
2007-08-29,2.867,153049
2007-08-28,-2.381,148783
2007-08-27,-0.664,152412
2007-08-24,1.410,153431
2007-08-23,-0.273,151298
2007-08-22,1.361,151712
2007-08-21,1.053,149675
2007-08-20,0.475,148115
2007-08-17,1.691,147414
2007-08-16,-0.784,144963
2007-08-15,-1.902,146109
2007-08-14,-1.702,148942
2007-08-13,0.677,151521
2007-08-10,-0.901,150502
2007-08-09,-2.314,151871
2007-08-08,1.097,155468
2007-08-07,0.709,153781
2007-08-06,1.160,152699
2007-08-03,-1.903,150948
2007-08-02,0.919,153876
2007-08-01,0.778,152476
2007-07-31,-2.101,151298
2007-07-30,1.167,154545
2007-07-27,-2.021,152762
2007-07-26,-0.850,155914
2007-07-25,0.142,157251
2007-07-24,-1.478,157028
2007-07-23,0.040,159383
2007-07-20,-0.537,159320
2007-07-19,0.299,160179
2007-07-18,-0.119,159702
2007-07-17,0.762,159893
2007-07-16,-0.100,158683
2007-07-13,0.686,158842
2007-07-12,1.537,157760
2007-07-11,0.681,155372
2007-07-10,-0.839,154322
2007-07-09,0.061,155627
2007-07-06,0.411,155532
2007-07-05,0.724,154895
2007-07-03,0.625,153781
2007-07-02,0.861,152826
2007-06-29,0.168,151521
2007-06-28,-0.042,151266
2007-06-27,1.538,151330
2007-06-26,-0.573,149038
2007-06-25,-0.423,149897
2007-06-22,-0.943,150534
2007-06-21,0.909,151966
2007-06-20,-0.942,150598
2007-06-19,-0.021,152030
2007-06-18,0.084,152062
2007-06-15,0.859,151935
2007-06-14,0.659,150640
2007-06-13,1.096,149654
2007-06-12,-0.598,148032
2007-06-11,-0.192,148923
2007-06-08,1.230,149209
2007-06-07,-1.551,147396
2007-06-06,-1.072,149718
2007-06-05,-0.000,151340
2007-06-04,0.295,151340
2007-06-01,0.063,150895
2007-05-31,0.466,150799
2007-05-30,0.812,150100
2007-05-29,0.775,148891
2007-05-25,0.628,147746
2007-05-24,-1.431,146823
2007-05-23,-0.468,148954
2007-05-22,0.085,149654
2007-05-21,0.642,149527
2007-05-18,0.820,148573
2007-05-17,-0.473,147364
2007-05-16,0.976,148064
2007-05-15,-0.775,146633
2007-05-14,-0.684,147778
2007-05-11,1.277,148795
2007-05-10,-1.367,146919
2007-05-09,0.214,148954
2007-05-08,0.214,148636
2007-05-07,0.000,148318
2007-05-04,0.086,148318
2007-05-03,0.366,148191
2007-05-02,1.100,147650
2007-05-01,-0.098,146044
2007-04-30,-1.310,146187
2007-04-27,0.043,148127
2007-04-26,0.518,148064
2007-04-25,1.335,147300
2007-04-24,0.506,145360
2007-04-23,0.154,144629
2007-04-20,0.554,144406
2007-04-19,0.311,143611
2007-04-18,-0.332,143166
2007-04-17,0.222,143643
2007-04-16,0.918,143325
2007-04-13,0.202,142020
2007-04-12,0.792,141734
2007-04-11,-1.052,140621
2007-04-10,0.517,142116
2007-04-09,-0.247,141384
2007-04-05,0.496,141734
2007-04-04,0.408,141034
2007-04-03,1.308,140462
2007-04-02,0.138,138649
2007-03-30,-0.092,138458
2007-03-29,0.115,138585
2007-03-28,-1.068,138426
2007-03-27,-0.700,139921
2007-03-26,0.408,140907
2007-03-23,-0.316,140335
2007-03-22,-0.360,140780
2007-03-21,1.927,141289
2007-03-20,0.716,138617
2007-03-19,1.027,137631
2007-03-16,-0.078,136231
2007-03-15,-0.233,136337
2007-03-14,1.463,136655
2007-03-13,-1.944,134684
2007-03-12,0.652,137355
2007-03-09,-0.093,136464
2007-03-08,0.679,136592
2007-03-07,-0.397,135670
2007-03-06,1.661,136210
2007-03-05,-0.777,133985
2007-03-02,-1.507,135034
2007-03-01,-0.462,137100
2007-02-28,0.324,137736
2007-02-27,-4.107,137291
2007-02-26,-0.486,143172
2007-02-23,-0.352,143871
2007-02-22,0.509,144380
2007-02-21,1.141,143649
2007-02-20,-0.067,142027
2007-02-16,-0.334,142123
2007-02-15,0.583,142600
2007-02-14,1.687,141773
2007-02-13,0.366,139421
2007-02-12,-0.319,138912
2007-02-09,-1.372,139357
2007-02-08,-0.022,141296
2007-02-07,0.931,141328
2007-02-06,-0.159,140025
2007-02-05,-0.091,140247
2007-02-02,0.318,140374
2007-02-01,-0.113,139929
2007-01-31,1.008,140088
2007-01-30,0.046,138690
2007-01-29,0.092,138626
2007-01-26,-0.366,138499
2007-01-25,-1.287,139008
2007-01-24,1.652,140819
2007-01-23,-0.252,138531
2007-01-22,-1.087,138880
2007-01-19,0.204,140406
2007-01-18,-1.848,140120
2007-01-17,-0.817,142758
2007-01-16,-0.066,143935
2007-01-12,0.510,144030
2007-01-11,1.031,143299
2007-01-10,1.179,141837
2007-01-09,0.501,140184
2007-01-08,0.068,139484
2007-01-05,-0.477,139389
2007-01-04,1.896,140056
2007-01-03,0.185,137450
2006-12-29,0.093,137196
2006-12-28,-0.485,137068
2006-12-27,0.510,137736
2006-12-26,0.419,137037
2006-12-22,-1.037,136464
2006-12-21,-0.710,137895
2006-12-20,-0.365,138880
2006-12-19,-0.318,139389
2006-12-18,-0.990,139834
2006-12-15,0.258,141233
2006-12-14,1.117,140869
2006-12-13,0.183,139313
2006-12-12,-0.590,139059
2006-12-11,0.364,139885
2006-12-08,0.458,139377
2006-12-07,-1.265,138742
2006-12-06,-0.360,140520
2006-12-05,0.362,141028
2006-12-04,1.374,140520
2006-12-01,-0.863,138615
2006-11-30,-0.068,139821
2006-11-29,0.685,139917
2006-11-28,0.252,138964
2006-11-27,-2.217,138615
2006-11-24,-0.179,141758
2006-11-22,0.630,142012
2006-11-21,0.135,141123
2006-11-20,0.203,140933
2006-11-17,0.000,140647
2006-11-16,0.431,140647
2006-11-15,0.410,140044
2006-11-14,1.081,139472
2006-11-13,0.999,137980
2006-11-10,0.537,136615
2006-11-09,-0.535,135885
2006-11-08,0.467,136615
2006-11-07,0.682,135980
2006-11-06,1.455,135059
2006-11-03,-0.262,133122
2006-11-02,0.095,133472
2006-11-01,-1.362,133345
2006-10-31,0.235,135186
2006-10-30,0.640,134869
2006-10-27,-1.425,134011
2006-10-26,0.919,135948
2006-10-25,0.712,134710
2006-10-24,-0.707,133757
2006-10-23,1.024,134710
2006-10-20,0.239,133345
2006-10-19,0.239,133027
2006-10-18,-0.476,132710
2006-10-17,-1.060,133345
2006-10-16,0.047,134773
2006-10-13,0.474,134710
2006-10-12,1.661,134075
2006-10-11,-0.192,131884
2006-10-10,0.168,132138
2006-10-09,0.338,131916
2006-10-06,-0.217,131472
2006-10-05,0.484,131757
2006-10-04,2.456,131122
2006-10-03,0.424,127979
2006-10-02,-1.255,127439
2006-09-29,-0.441,129059
2006-09-28,0.270,129630
2006-09-27,-0.123,129281
2006-09-26,0.493,129440
2006-09-25,1.756,128805
2006-09-22,-0.772,126582
2006-09-21,-0.618,127566
2006-09-20,1.455,128360
2006-09-19,-0.648,126519
2006-09-18,0.000,127345
2006-09-15,0.359,127344
2006-09-14,0.075,126889
2006-09-13,0.706,126794
2006-09-12,1.848,125906
2006-09-11,0.620,123621
2006-09-08,0.624,122859
2006-09-07,-0.492,122098
2006-09-06,-2.002,122701
2006-09-05,0.972,125207
2006-09-01,0.540,124002
2006-08-31,-0.103,123335
2006-08-30,0.465,123462
2006-08-29,0.311,122891
2006-08-28,0.757,122510
2006-08-25,0.183,121590
2006-08-24,0.288,121368
2006-08-23,-0.755,121019
2006-08-22,0.026,121939
2006-08-21,-0.954,121908
2006-08-18,0.155,123082
2006-08-17,0.389,122891
2006-08-16,2.334,122415
2006-08-15,2.529,119623
2006-08-14,0.657,116672
2006-08-11,-0.707,115911
2006-08-10,0.712,116736
2006-08-09,0.137,115911
2006-08-08,-0.627,115752
2006-08-07,-0.650,116482
2006-08-04,-0.458,117243
2006-08-03,0.623,117783
2006-08-02,1.124,117053
2006-08-01,-1.671,115752
2006-07-31,-0.027,117719
2006-07-28,2.091,117751
2006-07-27,-0.656,115339
2006-07-26,-0.082,116101
2006-07-25,0.577,116196
2006-07-24,1.989,115530
2006-07-21,-1.053,113277
2006-07-20,-1.475,114483
2006-07-19,1.300,116196
2006-07-18,0.333,114705
2006-07-17,0.250,114324
2006-07-14,-1.019,114038
2006-07-13,-1.679,115212
2006-07-12,-1.886,117180
2006-07-11,0.749,119433
2006-07-10,-0.876,118544
2006-07-07,-1.102,119591
2006-07-06,-0.105,120924
2006-07-05,-2.179,121051
2006-07-03,0.593,123748
2006-06-30,-0.488,123018
2006-06-29,3.042,123621
2006-06-28,0.746,119972
2006-06-27,-1.882,119084
2006-06-26,0.262,121368
2006-06-23,-0.105,121051
2006-06-22,-1.267,121178
2006-06-21,1.576,122733
2006-06-20,0.131,120829
2006-06-19,-0.809,120670
2006-06-16,-0.736,121654
2006-06-15,2.711,122555
2006-06-14,1.020,119321
2006-06-13,-0.401,118116
2006-06-12,-2.350,118592
2006-06-09,-0.260,121445
2006-06-08,-0.156,121762
2006-06-07,-0.748,121953
2006-06-06,-0.077,122872
2006-06-05,-2.174,122967
2006-06-02,-0.247,125701
2006-06-01,2.370,126011
2006-05-31,0.466,123094
2006-05-30,-2.152,122523
2006-05-26,0.330,125219
2006-05-25,1.313,124807
2006-05-24,0.674,123189
2006-05-23,-0.975,122365
2006-05-22,-0.966,123570
2006-05-19,0.768,124775
2006-05-18,-0.687,123824
2006-05-17,-1.355,124680
2006-05-16,-0.747,126392
2006-05-15,-0.075,127343
2006-05-12,-1.350,127438
2006-05-11,-2.232,129182
2006-05-10,-0.880,132131
2006-05-09,-0.379,133305
2006-05-08,0.095,133812
2006-05-05,0.789,133685
2006-05-04,0.819,132639
2006-05-03,-0.144,131561
2006-05-02,0.265,131751
2006-05-01,-0.980,131402
2006-04-28,-0.970,132702
2006-04-27,0.956,134002
2006-04-26,-0.024,132734
2006-04-25,-0.214,132765
2006-04-24,-0.095,133051
2006-04-21,-1.176,133178
2006-04-20,-0.352,134763
2006-04-19,0.447,135239
2006-04-18,1.920,134636
2006-04-17,-1.045,132100
2006-04-13,0.405,133495
2006-04-12,0.024,132956
2006-04-11,-0.805,132924
2006-04-10,-0.142,134002
2006-04-07,-0.960,134192
2006-04-06,0.282,135492
2006-04-05,0.948,135112
2006-04-04,0.548,133844
2006-04-03,0.119,133114
2006-03-31,-0.285,132956
2006-03-30,0.310,133336
2006-03-29,1.896,132924
2006-03-28,-0.412,130451
2006-03-27,0.024,130990
2006-03-24,0.511,130958
2006-03-23,-0.291,130292
2006-03-22,0.243,130673
2006-03-21,-1.059,130356
2006-03-20,0.241,131751
2006-03-17,0.264,131434
2006-03-16,-0.839,131088
2006-03-15,0.846,132197
2006-03-14,1.696,131088
2006-03-13,0.296,128902
2006-03-10,0.099,128521
2006-03-09,-0.856,128395
2006-03-08,0.049,129504
2006-03-07,-0.584,129440
2006-03-06,-0.869,130201
2006-03-03,-0.576,131341
2006-03-02,0.072,132102
2006-03-01,1.363,132007
2006-02-28,-1.486,130232
2006-02-27,1.115,132197
2006-02-24,0.267,130739
2006-02-23,-0.267,130391
2006-02-22,1.252,130739
2006-02-21,-1.116,129123
2006-02-17,-0.794,130581
2006-02-16,0.923,131627
2006-02-15,0.636,130423
2006-02-14,1.013,129599
2006-02-13,-1.147,128300
2006-02-10,0.614,129789
2006-02-09,-0.949,128997
2006-02-08,1.157,130232
2006-02-07,-0.441,128743
2006-02-06,-0.269,129314
2006-02-03,-1.231,129662
2006-02-02,-1.708,131278
2006-02-01,0.357,133560
2006-01-31,-0.450,133084
2006-01-30,0.190,133686
2006-01-27,1.348,133433
2006-01-26,0.703,131658
2006-01-25,-0.434,130739
2006-01-24,0.436,131310
2006-01-23,0.024,130739
2006-01-20,-2.987,130708
2006-01-19,0.734,134732
2006-01-18,-1.148,133750
2006-01-17,-0.651,135302
2006-01-13,-0.047,136190
2006-01-12,-0.486,136253
2006-01-11,0.770,136918
2006-01-10,0.070,135873
2006-01-09,0.398,135777
2006-01-06,1.813,135239
2006-01-05,0.431,132831
2006-01-04,1.041,132260
2006-01-03,2.222,130898
2005-12-30,-0.756,128052
2005-12-29,-0.659,129028
2005-12-28,-0.117,129884
2005-12-27,-0.882,130036
2005-12-23,0.014,131193
2005-12-22,0.649,131174
2005-12-21,0.440,130328
2005-12-20,0.073,129757
2005-12-19,-1.587,129662
2005-12-16,-0.688,131753
2005-12-15,0.169,132667
2005-12-14,-0.347,132442
2005-12-13,0.425,132904
2005-12-12,0.364,132341
2005-12-09,0.371,131861
2005-12-08,-0.714,131374
2005-12-07,-0.181,132319
2005-12-06,0.325,132559
2005-12-05,-0.729,132129
2005-12-02,0.238,133100
2005-12-01,1.860,132784
2005-11-30,-0.249,130359
2005-11-29,-0.474,130685
2005-11-28,-0.836,131307
2005-11-25,0.215,132414
2005-11-23,0.240,132129
2005-11-22,0.363,131813
2005-11-21,0.239,131336
2005-11-18,0.346,131023
2005-11-17,1.322,130571
2005-11-16,0.612,128867
2005-11-15,-0.476,128083
2005-11-14,0.010,128696
2005-11-11,0.271,128684
2005-11-10,1.098,128336
2005-11-09,0.047,126942
2005-11-08,0.025,126882
2005-11-07,0.125,126850
2005-11-04,0.351,126692
2005-11-03,1.507,126250
2005-11-02,1.305,124375
2005-11-01,-0.077,122773
2005-10-31,1.430,122868
2005-10-28,0.768,121135
2005-10-27,-2.010,120212
2005-10-26,-0.513,122678
2005-10-25,-0.383,123310
2005-10-24,1.582,123784
2005-10-21,0.637,121856
2005-10-20,-0.941,121085
2005-10-19,2.005,122235
2005-10-18,-0.707,119833
2005-10-17,0.315,120686
2005-10-14,0.741,120307
2005-10-13,0.782,119422
2005-10-12,-1.194,118496
2005-10-11,-0.498,119928
2005-10-10,-0.548,120528
2005-10-07,0.235,121192
2005-10-06,-1.316,120908
2005-10-05,-1.374,122520
2005-10-04,-0.657,124227
2005-10-03,0.253,125049
2005-09-30,0.663,124733
2005-09-29,1.344,123911
2005-09-28,0.026,122267
2005-09-27,-0.232,122235
2005-09-26,0.026,122520
2005-09-23,0.285,122488
2005-09-22,0.364,122141
2005-09-21,-1.105,121698
2005-09-20,-0.409,123057
2005-09-19,-0.787,123563
2005-09-16,0.613,124543
2005-09-15,-0.051,123784
2005-09-14,-1.136,123847
2005-09-13,-0.252,125270
2005-09-12,0.280,125586
2005-09-09,0.556,125235
2005-09-08,-0.023,124543
2005-09-07,0.175,124571
2005-09-06,1.470,124353
2005-09-02,-0.385,122551
2005-09-01,-0.154,123026
2005-08-31,0.932,123215
2005-08-30,-0.361,122077
2005-08-29,0.780,122520
2005-08-26,-0.332,121571
2005-08-25,0.229,121976
2005-08-24,-0.594,121698
2005-08-23,-0.283,122425
2005-08-22,0.052,122773
2005-08-19,-0.059,122710
2005-08-18,-0.505,122782
2005-08-17,0.593,123405
2005-08-16,-1.612,122678
2005-08-15,0.602,124688
2005-08-12,-0.563,123942
2005-08-11,0.823,124644
2005-08-10,-0.862,123626
2005-08-09,0.663,124701
2005-08-08,-0.735,123879
2005-08-05,-0.486,124796
2005-08-04,-0.966,125406
2005-08-03,-0.050,126629
2005-08-02,1.084,126692
2005-08-01,0.190,125333
2005-07-29,-0.839,125096
2005-07-28,0.478,126155
2005-07-27,0.761,125554
2005-07-26,0.382,124606
2005-07-25,-0.381,124132
2005-07-22,-0.127,124606
2005-07-21,0.025,124764
2005-07-20,0.715,124733
2005-07-19,1.154,123847
2005-07-18,-0.404,122435
2005-07-15,0.310,122931
2005-07-14,0.990,122551
2005-07-13,0.235,121350
2005-07-12,0.472,121066
2005-07-11,0.927,120497
2005-07-08,1.916,119390
2005-07-07,0.352,117146
2005-07-06,-0.485,116735
2005-07-05,1.048,117304
2005-07-01,-0.150,116087
2005-06-30,-0.777,116261
2005-06-29,-0.221,117171
2005-06-28,0.951,117431
2005-06-27,-0.460,116324
2005-06-24,-1.123,116862
2005-06-23,-1.111,118189
2005-06-22,-0.106,119517
2005-06-21,-0.053,119643
2005-06-20,0.000,119707
2005-06-17,0.013,119707
2005-06-16,0.531,119692
2005-06-15,0.319,119060
2005-06-14,-0.398,118681
2005-06-13,0.487,119155
2005-06-10,-1.062,118577
2005-06-09,0.636,119849
2005-06-08,-0.212,119092
2005-06-07,-0.840,119344
2005-06-06,0.026,120355
2005-06-03,-1.449,120323
2005-06-02,0.703,122092
2005-06-01,0.814,121239
2005-05-31,-0.340,120260
2005-05-27,0.052,120671
2005-05-26,1.005,120607
2005-05-25,-0.421,119407
2005-05-24,0.317,119913
2005-05-23,0.505,119534
2005-05-20,0.395,118934
2005-05-19,0.839,118466
2005-05-18,1.362,117481
2005-05-17,0.592,115902
2005-05-16,0.673,115220
2005-05-13,1.088,114449
2005-05-12,-0.278,113217
2005-05-11,0.514,113533
2005-05-10,-0.733,112952
2005-05-09,0.482,113786
2005-05-06,0.271,113240
2005-05-05,0.090,112933
2005-05-04,1.212,112832
2005-05-03,0.513,111481
2005-05-02,0.400,110912
2005-04-29,0.662,110470
2005-04-28,-0.997,109744
2005-04-27,0.143,110849
2005-04-26,-0.919,110691
2005-04-25,0.812,111717
2005-04-22,-1.615,110817
2005-04-21,2.772,112636
2005-04-20,-0.817,109598
2005-04-19,0.691,110502
2005-04-18,0.029,109744
2005-04-15,-2.278,109712
2005-04-14,-1.414,112270
2005-04-13,-1.637,113881
2005-04-12,0.493,115776
2005-04-11,-0.437,115207
2005-04-08,-0.812,115712
2005-04-07,1.205,116660
2005-04-06,-0.164,115270
2005-04-05,0.274,115460
2005-04-04,0.718,115144
2005-04-01,-1.012,114323
2005-03-31,-0.436,115491
2005-03-30,1.886,115997
2005-03-29,-0.798,113849
2005-03-28,0.193,114765
2005-03-24,0.028,114544
2005-03-23,0.360,114512
2005-03-22,-1.230,114102
2005-03-21,0.192,115523
2005-03-18,-0.545,115302
2005-03-17,0.259,115933
2005-03-16,-1.147,115633
2005-03-15,-0.803,116976
2005-03-14,0.457,117923
2005-03-11,-0.933,117386
2005-03-10,-0.133,118491
2005-03-09,-0.292,118649
2005-03-08,-0.998,118997
2005-03-07,1.439,120197
2005-03-04,0.590,118491
2005-03-03,-0.824,117797
2005-03-02,-0.053,118776
2005-03-01,1.102,118839
2005-02-28,-1.063,117544
2005-02-25,0.561,118807
2005-02-24,1.272,118144
2005-02-23,0.136,116660
2005-02-22,-1.232,116502
2005-02-18,-0.320,117955
2005-02-17,-1.343,118334
2005-02-16,-0.367,119944
2005-02-15,0.663,120386
2005-02-14,0.448,119594
2005-02-11,1.480,119060
2005-02-10,0.108,117323
2005-02-09,-1.669,117197
2005-02-08,0.175,119186
2005-02-07,-0.201,118978
2005-02-04,1.604,119218
2005-02-03,-1.134,117336
2005-02-02,0.160,118681
2005-02-01,0.321,118491
2005-01-31,1.300,118112
2005-01-28,-0.485,116597
2005-01-27,-0.135,117165
2005-01-26,1.199,117323
2005-01-25,0.493,115933
2005-01-24,-1.404,115365
2005-01-21,-0.803,117007
2005-01-20,-1.917,117955
2005-01-19,-1.653,120260
2005-01-18,0.755,122281
2005-01-14,0.946,121365
2005-01-13,-1.322,120228
2005-01-12,0.839,121839
2005-01-11,-0.703,120825
2005-01-10,-0.052,121681
2005-01-07,0.529,121744
2005-01-06,-0.501,121103
2005-01-05,-0.619,121713
2005-01-04,-1.820,122471
2005-01-03,-1.042,124741
2004-12-31,-0.188,126055
2004-12-30,-0.075,126292
2004-12-29,0.125,126387
2004-12-28,0.960,126229
2004-12-27,-0.423,125029
2004-12-23,0.070,125559
2004-12-22,0.126,125471
2004-12-21,1.224,125313
2004-12-20,-0.697,123797
2004-12-17,-0.241,124666
2004-12-16,-0.942,124967
2004-12-15,-0.363,126156
2004-12-14,0.489,126616
2004-12-13,0.877,125999
2004-12-10,-0.300,124905
2004-12-09,0.603,125280
2004-12-08,0.581,124529
2004-12-07,-1.713,123810
2004-12-06,0.349,125968
2004-12-03,0.150,125530
2004-12-02,0.376,125343
2004-12-01,2.045,124873
2004-11-30,-0.204,122371
2004-11-29,-0.026,122621
2004-11-26,-0.305,122652
2004-11-24,0.872,123028
2004-11-23,-0.154,121964
2004-11-22,0.957,122152
2004-11-19,-1.553,120994
2004-11-18,0.460,122903
2004-11-17,1.347,122340
2004-11-16,-0.618,120713
2004-11-15,0.440,121464
2004-11-12,0.966,120932
2004-11-11,1.323,119775
2004-11-10,-0.343,118210
2004-11-09,-0.211,118617
2004-11-08,0.105,118867
2004-11-05,0.904,118742
2004-11-04,0.561,117679
2004-11-03,0.673,117022
2004-11-02,0.324,116240
2004-11-01,0.379,115864
2004-10-29,-0.162,115426
2004-10-28,0.626,115614
2004-10-27,2.540,114895
2004-10-26,0.533,112048
2004-10-25,-0.475,111454
2004-10-22,-2.186,111986
2004-10-21,1.526,114488
2004-10-20,0.474,112768
2004-10-19,-0.719,112236
2004-10-18,1.431,113049
2004-10-15,0.508,111454
2004-10-14,-0.449,110891
2004-10-13,-0.224,111391
2004-10-12,-0.168,111641
2004-10-11,0.478,111829
2004-10-08,-1.821,111297
2004-10-07,-1.119,113362
2004-10-06,0.798,114644
2004-10-05,0.138,113737
2004-10-04,0.582,113581
2004-10-01,2.732,112924
2004-09-30,0.171,109921
2004-09-29,1.475,109733
2004-09-28,0.203,108138
2004-09-27,-0.862,107919
2004-09-24,-0.344,108857
2004-09-23,-0.086,109233
2004-09-22,-1.743,109327
2004-09-21,0.395,111266
2004-09-20,0.000,110828
2004-09-17,0.311,110828
2004-09-16,0.199,110484
2004-09-15,-1.067,110265
2004-09-14,0.141,111454
2004-09-13,1.310,111297
2004-09-10,1.532,109858
2004-09-09,0.845,108201
2004-09-08,-0.378,107293
2004-09-07,0.849,107700
2004-09-03,-1.840,106793
2004-09-02,1.488,108795
2004-09-01,0.735,107200
2004-08-31,0.118,106418
2004-08-30,-1.678,106292
2004-08-27,0.465,108107
2004-08-26,-0.434,107606
2004-08-25,1.379,108075
2004-08-24,-0.029,106605
2004-08-23,0.235,106637
2004-08-20,1.010,106386
2004-08-19,-0.532,105323
2004-08-18,1.774,105886
2004-08-17,1.125,104040
2004-08-16,1.138,102883
2004-08-13,0.154,101725
2004-08-12,-1.367,101569
2004-08-11,-0.873,102977
2004-08-10,1.250,103884
2004-08-09,0.244,102601
2004-08-06,-2.619,102351
2004-08-05,-1.869,105104
2004-08-04,0.029,107106
2004-08-03,-2.088,107074
2004-08-02,0.201,109358
2004-07-30,0.316,109139
2004-07-29,1.163,108795
2004-07-28,-0.434,107544
2004-07-27,1.380,108013
2004-07-26,-0.438,106543
2004-07-23,-1.893,107012
2004-07-22,1.366,109076
2004-07-21,-2.907,107606
2004-07-20,2.399,110828
2004-07-19,-0.202,108232
2004-07-16,-1.141,108451
2004-07-15,-0.341,109702
2004-07-14,-1.013,110077
2004-07-13,-0.140,111204
2004-07-12,-0.420,111360
2004-07-09,0.140,111829
2004-07-08,-1.108,111673
2004-07-07,0.194,112924
2004-07-06,-2.146,112705
2004-07-02,-0.594,115176
2004-07-01,-1.855,115864
2004-06-30,0.990,118054
2004-06-29,0.945,116897
2004-06-28,-0.830,115802
2004-06-25,0.756,116772
2004-06-24,-0.189,115896
2004-06-23,1.200,116115
2004-06-22,1.466,114738
2004-06-21,-0.796,113080
2004-06-18,0.137,113988
2004-06-17,-0.926,113831
2004-06-16,-0.163,114895
2004-06-15,1.294,115082
2004-06-14,-1.412,113612
2004-06-10,0.711,115239
2004-06-09,-1.402,114425
2004-06-08,0.135,116052
2004-06-07,2.376,115896
2004-06-04,0.584,113206
2004-06-03,-1.208,112549
2004-06-02,-0.219,113925
2004-06-01,-0.137,114175
2004-05-28,0.357,114332
2004-05-27,0.636,113925
2004-05-26,0.640,113206
2004-05-25,1.985,112486
2004-05-24,0.685,110296
2004-05-21,0.488,109546
2004-05-20,0.461,109014
2004-05-19,-0.115,108513
2004-05-18,0.901,108639
2004-05-17,-0.950,107669
2004-05-14,-0.743,108701
2004-05-13,-0.709,109514
2004-05-12,0.199,110296
2004-05-11,1.500,110077
2004-05-10,-0.858,108451
2004-05-07,-0.822,109389
2004-05-06,-0.760,110296
2004-05-05,0.794,111141
2004-05-04,0.427,110265
2004-05-03,0.949,109796
2004-04-30,-2.441,108764
2004-04-29,-1.547,111485
2004-04-28,-1.817,113237
2004-04-27,-0.189,115333
2004-04-26,-0.726,115552
2004-04-23,0.785,116396
2004-04-22,2.584,115489
2004-04-21,0.869,112580
2004-04-20,-2.327,111610
2004-04-19,1.219,114269
2004-04-16,-0.166,112893
2004-04-15,-1.793,113080
2004-04-14,0.491,115145
2004-04-13,-1.453,114582
2004-04-12,0.623,116271
2004-04-08,0.000,115552
2004-04-07,-0.108,115552
2004-04-06,-1.255,115677
2004-04-05,0.943,117147
2004-04-02,2.600,116052
2004-04-01,0.893,113112
2004-03-31,-0.195,112111
2004-03-30,0.335,112330
2004-03-29,1.618,111954
2004-03-26,-0.340,110171
2004-03-25,2.673,110547
2004-03-24,1.146,107669
2004-03-23,-0.816,106449
2004-03-22,-1.266,107325
2004-03-19,-1.669,108701
2004-03-18,-0.451,110547
2004-03-17,1.574,111047
2004-03-16,0.172,109327
2004-03-15,-1.746,109139
2004-03-12,1.835,111078
2004-03-11,-0.909,109076
2004-03-10,-1.318,110077
2004-03-09,-0.308,111548
2004-03-08,-2.348,111892
2004-03-05,-0.354,114582
2004-03-04,0.934,114989
2004-03-03,-0.546,113925
2004-03-02,-1.161,114551
2004-03-01,1.313,115896
2004-02-27,-0.273,114394
2004-02-26,0.246,114707
2004-02-25,0.605,114425
2004-02-24,-0.247,113737
2004-02-23,-1.112,114019
2004-02-20,-0.324,115301
2004-02-19,-1.518,115677
2004-02-18,0.294,117460
2004-02-17,1.354,117116
2004-02-13,-0.832,115552
2004-02-12,-0.878,116521
2004-02-11,1.076,117554
2004-02-10,0.162,116302
2004-02-09,-0.027,116115
2004-02-06,1.810,116146
2004-02-05,0.385,114081
2004-02-04,-1.625,113643
2004-02-03,-0.108,115520
2004-02-02,-0.270,115645
2004-01-30,-0.456,115958
2004-01-29,0.377,116490
2004-01-28,-1.696,116052
2004-01-27,-2.203,118054
2004-01-26,1.526,120713
2004-01-23,-0.367,118899
2004-01-22,-0.599,119337
2004-01-21,-0.415,120056
2004-01-20,-0.078,120557
2004-01-16,1.021,120650
2004-01-15,0.263,119430
2004-01-14,0.343,119118
2004-01-13,-0.991,118711
2004-01-12,1.590,119900
2004-01-09,-0.658,118023
2004-01-08,0.796,118805
2004-01-07,0.911,117866
2004-01-06,0.674,116803
2004-01-05,2.008,116021
2004-01-02,-0.274,113737
2003-12-31,-0.274,114050
2003-12-30,0.329,114363
2003-12-29,1.646,113988
2003-12-26,-0.139,112142
2003-12-24,0.205,112298
2003-12-23,0.759,112068
2003-12-22,0.310,111224
2003-12-19,-0.281,110880
2003-12-18,1.862,111193
2003-12-17,0.172,109160
2003-12-16,0.201,108973
2003-12-15,-1.305,108754
2003-12-12,-0.170,110192
2003-12-11,2.141,110380
2003-12-10,0.378,108066
2003-12-09,-2.299,107659
2003-12-08,0.571,110192
2003-12-05,-1.656,109567
2003-12-04,1.078,111412
2003-12-03,-1.261,110223
2003-12-02,-0.557,111631
2003-12-01,1.470,112256
2003-11-28,0.113,110630
2003-11-26,0.455,110505
2003-11-25,0.000,110005
2003-11-24,2.775,110005
2003-11-21,1.033,107034
2003-11-20,-0.965,105940
2003-11-19,0.974,106971
2003-11-18,-2.307,105940
2003-11-17,-1.027,108441
2003-11-14,-2.041,109567
2003-11-13,-0.112,111849
2003-11-12,2.139,111974
2003-11-11,-0.369,109629
2003-11-10,-1.235,110036
2003-11-07,-0.863,111412
2003-11-06,0.279,112381
2003-11-05,0.901,112068
2003-11-04,-0.671,111068
2003-11-03,1.649,111818
2003-10-31,-0.593,110005
2003-10-30,0.198,110661
2003-10-29,-0.113,110442
2003-10-28,3.362,110567
2003-10-27,0.029,106971
2003-10-24,0.088,106940
2003-10-23,-1.157,106846
2003-10-22,-1.929,108097
2003-10-21,0.599,110223
2003-10-20,1.242,109567
2003-10-17,-2.397,108222
2003-10-16,0.796,110880
2003-10-15,-0.425,110005
2003-10-14,0.255,110474
2003-10-13,0.657,110192
2003-10-10,0.922,109473
2003-10-09,0.755,108472
2003-10-08,-0.635,107659
2003-10-07,0.610,108347
2003-10-06,0.731,107691
2003-10-03,2.796,106909
2003-10-02,0.332,104001
2003-10-01,2.252,103657
2003-09-30,-2.173,101374
2003-09-29,1.719,103626
2003-09-26,-0.640,101875
2003-09-25,-1.294,102531
2003-09-24,-3.766,103876
2003-09-23,1.769,107941
2003-09-22,-1.909,106065
2003-09-19,-0.575,108128
2003-09-18,1.518,108754
2003-09-17,-0.407,107128
2003-09-16,2.717,107566
2003-09-15,-0.976,104720
2003-09-12,0.535,105752
2003-09-11,1.112,105189
2003-09-10,-2.405,104032
2003-09-09,-1.188,106596
2003-09-08,1.650,107878
2003-09-05,-0.644,106127
2003-09-04,0.916,106815
2003-09-03,-0.059,105846
2003-09-02,1.438,105908
2003-08-29,0.907,104407
2003-08-28,0.884,103469
2003-08-27,0.799,102563
2003-08-26,0.092,101750
2003-08-25,0.216,101656
2003-08-22,-0.613,101437
2003-08-21,1.084,102062
2003-08-20,-0.247,100968
2003-08-19,1.251,101218
2003-08-18,2.567,99967
2003-08-15,0.874,97466
2003-08-14,0.097,96621
2003-08-13,0.032,96528
2003-08-12,1.513,96496
2003-08-11,1.097,95058
2003-08-08,-0.792,94026
2003-08-07,0.397,94777
2003-08-06,-0.066,94401
2003-08-05,-3.943,94464
2003-08-04,-0.032,98341
2003-08-01,-1.069,98372
2003-07-31,1.209,99436
2003-07-30,-0.727,98247
2003-07-29,-0.753,98967
2003-07-28,0.283,99717
2003-07-25,1.988,99436
2003-07-24,-1.329,97497
2003-07-23,0.830,98810
2003-07-22,1.490,97997
2003-07-21,-1.279,96559
2003-07-18,0.321,97810
2003-07-17,-3.047,97497
2003-07-16,-0.310,100561
2003-07-15,0.124,100874
2003-07-14,1.193,100749
2003-07-11,0.759,99561
2003-07-10,-1.863,98810
2003-07-09,-0.248,100686
2003-07-08,1.223,100937
2003-07-07,4.284,99717
2003-07-03,-1.259,95621
2003-07-02,2.043,96840
2003-07-01,1.336,94902
2003-06-30,0.402,93651
2003-06-27,-1.291,93276
2003-06-26,2.371,94495
2003-06-25,-0.539,92306
2003-06-24,-0.769,92807
2003-06-23,-1.547,93526
2003-06-20,-0.131,94995
2003-06-19,-1.617,95120
2003-06-18,0.520,96684
2003-06-17,-0.389,96184
2003-06-16,3.071,96559
2003-06-13,-2.251,93682
2003-06-12,0.426,95840
2003-06-11,1.127,95433
2003-06-10,1.514,94370
2003-06-09,-1.328,92963
2003-06-06,-1.664,94214
2003-06-05,0.723,95808
2003-06-04,1.875,95120
2003-06-03,0.947,93369
2003-06-02,-0.705,92494
2003-05-30,1.638,93151
2003-05-29,0.411,91650
2003-05-28,0.309,91274
2003-05-27,3.559,90993
2003-05-23,0.036,87866
2003-05-22,1.445,87835
2003-05-21,-0.288,86584
2003-05-20,0.289,86834
2003-05-19,-3.519,86584
2003-05-16,-0.761,89742
2003-05-15,1.119,90430
2003-05-14,-0.209,89430
2003-05-13,-0.624,89617
2003-05-12,1.514,90180
2003-05-09,2.305,88835
2003-05-08,-1.838,86834
2003-05-07,-1.118,88460
2003-05-06,1.274,89461
2003-05-05,-0.106,88335
2003-05-02,2.131,88429
2003-05-01,0.874,86584
2003-04-30,-1.010,85834
2003-04-29,0.910,86709
2003-04-28,1.967,85927
2003-04-25,-1.929,84270
2003-04-24,-0.543,85927
2003-04-23,0.729,86396
2003-04-22,1.895,85771
2003-04-21,0.373,84176
2003-04-17,2.288,83864
2003-04-16,-0.228,81987
2003-04-15,0.960,82175
2003-04-14,2.038,81393
2003-04-11,-1.009,79767
2003-04-10,1.218,80580
2003-04-09,-2.302,79611
2003-04-08,-0.115,81487
2003-04-07,0.154,81581
2003-04-04,-1.624,81456
2003-04-03,1.262,82800
2003-04-02,2.750,81769
2003-04-01,0.792,79580
2003-03-31,-3.183,78954
2003-03-28,-1.100,81550
2003-03-27,-0.715,82457
2003-03-26,0.568,83051
2003-03-25,1.421,82582
2003-03-24,-4.159,81425
2003-03-21,1.381,84958
2003-03-20,0.375,83801
2003-03-19,-0.854,83488
2003-03-18,1.241,84208
2003-03-17,3.421,83176
2003-03-14,0.390,80424
2003-03-13,5.737,80111
2003-03-12,1.807,75765
2003-03-11,-0.875,74420
2003-03-10,-2.160,75077
2003-03-07,0.204,76734
2003-03-06,-0.244,76578
2003-03-05,0.204,76766
2003-03-04,-0.609,76609
2003-03-03,-2.027,77078
2003-02-28,1.574,78673
2003-02-27,2.271,77453
2003-02-26,-2.220,75734
2003-02-25,0.121,77453
2003-02-24,-1.708,77360
2003-02-21,0.761,78704
2003-02-20,-0.399,78110
2003-02-19,-0.673,78423
2003-02-18,3.103,78954
2003-02-14,2.297,76578
2003-02-13,0.504,74858
2003-02-12,-1.366,74483
2003-02-11,0.541,75515
2003-02-10,0.882,75108
2003-02-07,-1.652,74452
2003-02-06,0.540,75702
2003-02-05,-0.455,75296
2003-02-04,-1.225,75640
2003-02-03,0.205,76578
2003-01-31,-0.245,76422
2003-01-30,-2.584,76609
2003-01-29,1.493,78642
2003-01-28,1.019,77485
2003-01-27,-1.168,76703
2003-01-24,-2.705,77610
2003-01-23,2.327,79767
2003-01-22,-0.400,77954
2003-01-21,-1.106,78266
2003-01-17,-4.274,79142
2003-01-16,-1.122,82675
2003-01-15,-1.256,83613
2003-01-14,0.520,84677
2003-01-13,-0.590,84239
2003-01-10,1.498,84739
2003-01-09,3.089,83488
2003-01-08,-2.814,80987
2003-01-07,1.254,83332
2003-01-06,2.492,82300
2003-01-03,1.102,80299
2003-01-02,4.227,79423
2002-12-31,-1.056,76203
2002-12-30,-0.766,77016
2002-12-27,-1.820,77610
2002-12-26,-0.276,79048
2002-12-24,-1.247,79267
2002-12-23,1.382,80268
2002-12-20,1.038,79173
2002-12-19,-1.261,78360
2002-12-18,-2.121,79361
2002-12-17,0.309,81081
2002-12-16,3.235,80831
2002-12-13,-3.171,78298
2002-12-12,0.544,80862
2002-12-11,0.469,80424
2002-12-10,1.507,80049
2002-12-09,-4.722,78861
2002-12-06,1.031,82769
2002-12-05,-1.393,81925
2002-12-04,-2.208,83082
2002-12-03,-2.964,84958
2002-12-02,1.010,87553
2002-11-29,-0.681,86678
2002-11-27,3.179,87272
2002-11-26,-3.358,84583
2002-11-25,0.974,87522
2002-11-22,-0.036,86678
2002-11-21,3.702,86709
2002-11-20,4.250,83613
2002-11-19,-1.536,80205
2002-11-18,-1.475,81456
2002-11-15,1.303,82675
2002-11-14,3.448,81612
2002-11-13,1.203,78892
2002-11-12,2.550,77954
2002-11-11,-3.032,76015
2002-11-08,-1.840,78392
2002-11-07,-3.513,79861
2002-11-06,1.418,82769
2002-11-05,0.772,81612
2002-11-04,2.574,80987
2002-11-01,2.851,78954
2002-10-31,-0.041,76766
2002-10-30,2.676,76797
2002-10-29,-2.327,74796
2002-10-28,-0.850,76578
2002-10-25,3.003,77235
2002-10-24,-2.520,74983
2002-10-23,1.906,76922
2002-10-22,-0.618,75484
2002-10-21,2.016,75953
2002-10-18,1.104,74452
2002-10-17,3.380,73639
2002-10-16,-3.311,71231
2002-10-15,4.804,73670
2002-10-14,1.170,70293
2002-10-11,5.408,69480
2002-10-10,5.085,65915
2002-10-09,-0.693,62726
2002-10-08,0.198,63163
2002-10-07,-0.934,63038
2002-10-04,-1.880,63633
2002-10-03,-2.400,64852
2002-10-02,-3.321,66447
2002-10-01,6.081,68729
2002-09-30,-2.769,64789
2002-09-27,-1.343,66634
2002-09-26,-1.235,67541
2002-09-25,3.994,68385
2002-09-24,0.048,65759
2002-09-23,-3.000,65728
2002-09-20,0.417,67760
2002-09-19,-1.596,67479
2002-09-18,-1.127,68573
2002-09-17,-2.118,69355
2002-09-16,-1.435,70856
2002-09-13,0.789,71888
2002-09-12,-2.729,71325
2002-09-11,-0.846,73326
2002-09-10,2.470,73951
2002-09-09,1.007,72169
2002-09-06,3.067,71450
2002-09-05,-2.464,69324
2002-09-04,0.398,71075
2002-09-03,-3.619,70793
2002-08-30,-1.261,73451
2002-08-29,1.320,74389
2002-08-28,-3.652,73420
2002-08-27,-3.485,76203
2002-08-26,0.398,78954
2002-08-23,-3.861,78642
2002-08-22,1.592,81800
2002-08-21,2.223,80518
2002-08-20,-0.435,78767
2002-08-19,2.429,79111
2002-08-16,0.693,77235
2002-08-15,2.038,76703
2002-08-14,6.372,75171
2002-08-13,-3.419,70668
2002-08-12,0.300,73170
2002-08-09,-1.018,72951
2002-08-08,3.377,73701
2002-08-07,1.333,71293
2002-08-06,4.944,70355
2002-08-05,-3.640,67041
2002-08-02,-2.112,69574
2002-08-01,-4.696,71075
2002-07-31,-1.892,74577
2002-07-30,2.014,76015
2002-07-29,5.117,74514
2002-07-26,1.888,70887
2002-07-25,-5.800,69574
2002-07-24,5.446,73858
2002-07-23,-4.274,70043
2002-07-22,-2.459,73170
2002-07-19,-2.992,75014
2002-07-18,-3.587,77328
2002-07-17,1.826,80205
2002-07-16,-1.486,78767
2002-07-15,3.105,79955
2002-07-12,0.000,77547
2002-07-11,3.766,77547
2002-07-10,-3.082,74733
2002-07-09,-2.837,77109
2002-07-08,-3.645,79361
2002-07-05,6.424,82363
2002-07-03,3.340,77391
2002-07-02,-3.622,74889
2002-07-01,-4.789,77704
2002-06-28,-0.420,81612
2002-06-27,2.183,81956
2002-06-26,0.746,80205
2002-06-25,-3.304,79611
2002-06-24,1.975,82331
2002-06-21,-2.419,80737
2002-06-20,-3.219,82738
2002-06-19,-5.789,85490
2002-06-18,1.611,90743
2002-06-17,3.403,89304
2002-06-14,-0.217,86365
2002-06-13,-0.646,86553
2002-06-12,1.457,87116
2002-06-11,-2.796,85865
2002-06-10,-0.177,88335
2002-06-07,-2.008,88491
2002-06-06,-2.630,90305
2002-06-05,1.022,92744
2002-06-04,1.311,91806
2002-06-03,-3.529,90618
2002-05-31,-1.637,93932
2002-05-30,0.859,95496
2002-05-29,-2.637,94683
2002-05-28,-0.448,97247
2002-05-24,-2.466,97685
2002-05-23,2.006,100155
2002-05-22,0.223,98185
2002-05-21,-2.732,97966
2002-05-20,-2.186,100718
2002-05-17,0.213,102969
2002-05-16,0.152,102750
2002-05-15,0.737,102594
2002-05-14,5.884,101843
2002-05-13,4.060,96184
2002-05-10,-4.491,92431
2002-05-09,-2.581,96778
2002-05-08,10.697,99342
2002-05-07,-0.932,89742
2002-05-06,-2.589,90586
2002-05-03,-2.524,92994
2002-05-02,-3.327,95402
2002-05-01,-0.536,98685
2002-04-30,1.960,99217
2002-04-29,0.258,97309
2002-04-26,-4.257,97059
2002-04-25,-0.246,101374
2002-04-24,-1.545,101624
2002-04-23,-1.727,103219
2002-04-22,-2.525,105033
2002-04-19,0.320,107753
2002-04-18,-1.913,107409
2002-04-17,-0.511,109504
2002-04-16,4.173,110067
2002-04-15,0.805,105658
2002-04-12,1.576,104814
2002-04-11,-2.482,103188
2002-04-10,0.744,105814
2002-04-09,-3.477,105033
2002-04-08,1.251,108816
2002-04-05,-1.122,107472
2002-04-04,-0.771,108691
2002-04-03,-0.171,109536
2002-04-02,-4.517,109723
2002-04-01,1.913,114914
2002-03-28,1.264,112756
2002-03-27,-0.780,111349
2002-03-26,0.928,112225
2002-03-25,-3.053,111193
2002-03-22,-0.918,114695
2002-03-21,2.662,115758
2002-03-20,-3.531,112756
2002-03-19,-0.160,116884
2002-03-18,0.564,117071
2002-03-15,1.004,116415
2002-03-14,-0.593,115258
2002-03-13,-2.421,115946
2002-03-12,-1.376,118822
2002-03-11,-0.362,120480
2002-03-08,2.627,120917
2002-03-07,0.213,117822
2002-03-06,0.481,117572
2002-03-05,0.727,117009
2002-03-04,3.945,116165
2002-03-01,5.802,111756
2002-02-28,-1.802,105627
2002-02-27,-1.376,107566
2002-02-26,-0.371,109066
2002-02-25,4.042,109473
2002-02-22,0.508,105220
2002-02-21,-4.751,104689
2002-02-20,1.355,109911
2002-02-19,-3.074,108441
2002-02-15,-2.983,111881
2002-02-14,-0.189,115320
2002-02-13,1.707,115539
2002-02-12,-0.819,113600
2002-02-11,1.272,114539
2002-02-08,2.785,113100
2002-02-07,-2.413,110036
2002-02-06,-0.689,112756
2002-02-05,-1.652,113538
2002-02-04,-3.199,115445
2002-02-01,-0.961,119260
2002-01-31,0.627,120417
2002-01-30,0.764,119667
2002-01-29,-2.740,118760
2002-01-28,0.567,122106
2002-01-25,-0.282,121418
2002-01-24,1.327,121762
2002-01-23,2.754,120167
2002-01-22,-3.084,116946
2002-01-18,-2.673,120667
2002-01-17,2.243,123982
2002-01-16,-3.867,121261
2002-01-15,0.951,126139
2002-01-14,-2.179,124951
2002-01-11,-1.281,127734
2002-01-10,0.657,129391
2002-01-09,-0.916,128547
2002-01-08,0.679,129735
2002-01-07,-1.104,128860
2002-01-04,0.410,130298
2002-01-03,3.465,129767
2002-01-02,3.084,125420
2001-12-31,-3.521,121668
2001-12-28,0.800,126108
2001-12-27,0.806,125107
2001-12-26,0.941,124107
2001-12-24,-0.405,122950
2001-12-21,1.779,123450
2001-12-20,-4.246,121293
2001-12-19,-1.818,126671
2001-12-18,1.127,129016
2001-12-17,1.720,127578
2001-12-14,0.880,125420
2001-12-13,-4.331,124326
2001-12-12,0.800,129954
2001-12-11,0.561,128922
2001-12-10,-1.749,128203
2001-12-07,-2.750,130486
2001-12-06,0.140,134176
2001-12-05,4.947,133988
2001-12-04,4.773,127672
2001-12-03,-1.715,121856
2001-11-30,-0.751,123982
2001-11-29,3.097,124920
2001-11-28,-3.607,121168
2001-11-27,-0.124,125702
2001-11-26,2.469,125858
2001-11-23,1.656,122825
2001-11-21,0.052,120824
2001-11-20,-4.618,120761
2001-11-19,2.845,126608
2001-11-16,-0.279,123106
2001-11-15,-0.404,123450
2001-11-14,0.711,123951
2001-11-13,3.579,123075
2001-11-12,0.716,118822
2001-11-09,-0.053,117978
2001-11-08,-1.023,118041
2001-11-07,-0.131,119260
2001-11-06,3.890,119417
2001-11-05,3.258,114945
2001-11-02,0.736,111318
2001-11-01,4.248,110505
2001-10-31,1.558,106002
2001-10-30,-1.939,104376
2001-10-29,-5.471,106440
2001-10-26,-2.147,112600
2001-10-25,4.014,115070
2001-10-24,2.166,110630
2001-10-23,0.522,108285
2001-10-22,2.683,107722
2001-10-19,0.660,104908
2001-10-18,2.712,104220
2001-10-17,-7.180,101468
2001-10-16,1.628,109317
2001-10-15,-0.434,107566
2001-10-12,-0.432,108035
2001-10-11,6.769,108504
2001-10-10,4.535,101624
2001-10-09,-2.417,97215
2001-10-08,0.315,99623
2001-10-05,1.470,99311
2001-10-04,0.968,97872
2001-10-03,7.564,96934
2001-10-02,0.313,90117
2001-10-01,-0.863,89836
2001-09-28,1.756,90618
2001-09-27,-0.663,89054
2001-09-26,-3.468,89648
2001-09-25,0.304,92869
2001-09-24,5.037,92588
2001-09-21,-2.692,88147
2001-09-20,-3.337,90586
2001-09-19,-1.738,93713
2001-09-18,-2.244,95371
2001-09-17,-8.504,97559
2001-09-10,1.187,106627
2001-09-07,-0.590,105377
2001-09-06,-4.048,106002
2001-09-05,-0.395,110474
2001-09-04,-1.935,110911
2001-08-31,0.000,113100
2001-08-30,-3.701,113100
2001-08-29,-1.469,117447
2001-08-28,-3.126,119198
2001-08-27,0.127,123044
2001-08-24,5.305,122887
2001-08-23,-0.982,116696
2001-08-22,2.726,117853
2001-08-21,-4.154,114726
2001-08-20,1.377,119698
2001-08-17,-4.550,118072
2001-08-16,1.176,123700
2001-08-15,-3.695,122262
2001-08-14,-1.217,126952
2001-08-13,2.036,128516
2001-08-10,-0.959,125952
2001-08-09,0.420,127171
2001-08-08,-4.210,126640
2001-08-07,-0.518,132206
2001-08-06,-1.575,132893
2001-08-03,-1.662,135020
2001-08-02,1.879,137302
2001-08-01,3.209,134770
2001-07-31,0.144,130580
2001-07-30,-0.596,130392
2001-07-27,2.068,131174
2001-07-26,1.481,128516
2001-07-25,0.872,126640
2001-07-24,-1.133,125545
2001-07-23,-2.497,126984
2001-07-20,-2.322,130236
2001-07-19,2.377,133331
2001-07-18,-3.811,130236
2001-07-17,2.243,135395
2001-07-16,-1.854,132424
2001-07-13,-1.032,134926
2001-07-12,6.341,136333
2001-07-11,1.235,128203
2001-07-10,-3.594,126640
2001-07-09,0.864,131361
2001-07-06,-4.143,130236
2001-07-05,-4.798,135864
2001-07-03,0.418,142712
2001-07-02,-0.547,142118
2001-06-29,3.044,142900
2001-06-28,1.279,138678
2001-06-27,0.644,136927
2001-06-26,0.346,136052
2001-06-25,0.254,135583
2001-06-22,-0.231,135239
2001-06-21,1.356,135551
2001-06-20,2.272,133738
2001-06-19,-0.500,130767
2001-06-18,-1.338,131424
2001-06-15,0.828,133206
2001-06-14,-5.163,132112
2001-06-13,-2.729,139304
2001-06-12,-0.543,143212
2001-06-11,-2.746,143994
2001-06-08,-2.772,148059
2001-06-07,2.570,152280
2001-06-06,-0.773,148465
2001-06-05,4.408,149622
2001-06-04,-0.478,143306
2001-06-01,2.951,143994
2001-05-31,0.675,139866
2001-05-30,-3.664,138928
2001-05-29,-5.858,144213
2001-05-25,-1.824,153187
2001-05-24,2.569,156033
2001-05-23,-4.420,152124
2001-05-22,-0.294,159160
2001-05-21,6.266,159629
2001-05-18,0.292,150217
2001-05-17,1.591,149779
2001-05-16,4.430,147434
2001-05-15,0.736,141180
2001-05-14,-1.603,140148
2001-05-11,-0.481,142431
2001-05-10,-1.676,143118
2001-05-09,-3.423,145557
2001-05-08,2.119,150717
2001-05-07,-2.075,147590
2001-05-04,2.991,150717
2001-05-03,-4.451,146339
2001-05-02,1.935,153156
2001-05-01,4.117,150248
2001-04-30,2.215,144307
2001-04-27,2.730,141180
2001-04-26,-2.550,137428
2001-04-25,1.806,141023
2001-04-24,-1.883,138522
2001-04-23,-6.715,141180
2001-04-20,0.207,151342
2001-04-19,6.037,151030
2001-04-18,10.424,142431
2001-04-17,2.484,128985
2001-04-16,-5.958,125858
2001-04-12,4.390,133832
2001-04-11,3.015,128203
2001-04-10,7.422,124451
2001-04-09,2.066,115852
2001-04-06,-2.707,113507
2001-04-05,9.574,116665
2001-04-04,-1.760,106471
2001-04-03,-7.326,108379
2001-04-02,-4.470,116946
2001-03-30,0.513,122418
2001-03-29,-1.889,121793
2001-03-28,-8.208,124138
2001-03-27,3.444,135239
2001-03-26,-2.313,130736
2001-03-23,0.000,133832
2001-03-22,6.072,133832
2001-03-21,0.000,126171
2001-03-20,-6.727,126171
2001-03-19,5.000,135270
2001-03-16,-2.254,128829
2001-03-15,-3.657,131799
2001-03-14,-1.575,136802
2001-03-13,5.083,138991
2001-03-12,-6.208,132268
2001-03-09,-7.010,141023
2001-03-08,-1.862,151655
2001-03-07,0.040,154532
2001-03-06,3.891,154469
2001-03-05,1.820,148684
2001-03-02,-4.303,146026
2001-03-01,2.845,152593
2001-02-28,-3.163,148372
2001-02-27,-6.040,153218
2001-02-26,1.895,163068
2001-02-23,0.353,160035
2001-02-22,-0.971,159472
2001-02-21,-2.812,161036
2001-02-20,-3.882,165695
2001-02-16,-5.599,172386
2001-02-15,1.654,182611
2001-02-14,3.982,179641
2001-02-13,-3.206,172762
2001-02-12,1.206,178484
2001-02-09,-4.065,176357
2001-02-08,-2.987,183831
2001-02-07,-1.623,189490
2001-02-06,0.163,192617
2001-02-05,-0.081,192305
2001-02-02,-5.526,192461
2001-02-01,1.322,203718
2001-01-31,-3.670,201060
2001-01-30,-0.373,208721
2001-01-29,2.212,209503
2001-01-26,1.628,204969
2001-01-25,-3.918,201685
2001-01-24,-0.944,209909
2001-01-23,2.094,211910
2001-01-22,0.106,207564
2001-01-19,-0.376,207345
2001-01-18,4.195,208127
2001-01-17,3.066,199747
2001-01-16,-1.196,193806
2001-01-12,1.275,196151
2001-01-11,2.907,193681
2001-01-10,5.135,188208
2001-01-09,0.000,179015
2001-01-08,1.095,179015
2001-01-05,-7.633,177077
2001-01-04,-1.810,191711
2001-01-03,16.841,195244
2001-01-02,-8.462,167102
2000-12-29,-4.980,182549
2000-12-28,-0.195,192117
2000-12-27,1.117,192492
2000-12-26,0.628,190366
2000-12-22,7.920,189178
2000-12-21,0.592,175294
2000-12-20,-5.750,174262
2000-12-19,-7.609,184894
2000-12-18,0.188,200122
2000-12-15,-2.294,199747
2000-12-14,-4.874,204437
2000-12-13,-4.089,214912
2000-12-12,-3.657,224074
2000-12-11,9.382,232579
2000-12-08,2.256,212630
2000-12-07,-2.206,207939
2000-12-06,-3.805,212630
2000-12-05,8.754,221041
2000-12-04,1.563,203249
2000-12-01,1.620,200122
2000-11-30,0.064,196933
2000-11-29,-3.835,196807
2000-11-28,-5.909,204656
2000-11-27,-1.249,217508
2000-11-24,5.718,220259
2000-11-22,-4.473,208346
2000-11-21,-0.157,218102
2000-11-20,-4.078,218446
2000-11-17,-0.069,227733
2000-11-16,-5.815,227889
2000-11-15,2.031,241960
2000-11-14,5.539,237145
2000-11-13,0.153,224699
2000-11-10,-5.205,224355
2000-11-09,-0.013,236675
2000-11-08,-7.829,236707
2000-11-07,-0.376,256813
2000-11-06,-0.746,257782
2000-11-03,1.293,259721
2000-11-02,1.235,256406
2000-11-01,-0.857,253279
2000-10-31,6.422,255468
2000-10-30,-3.700,240053
2000-10-27,-0.200,249277
2000-10-26,2.568,249777
2000-10-25,-5.600,243523
2000-10-24,-4.281,257970
2000-10-23,-0.139,269508
2000-10-20,1.470,269883
2000-10-19,9.051,265975
2000-10-18,-0.319,243899
2000-10-17,-4.573,244680
2000-10-16,0.923,256406
2000-10-13,8.146,254061
2000-10-12,-2.505,234924
2000-10-11,-1.596,240959
2000-10-10,-5.228,244868
2000-10-09,-0.446,258376
2000-10-06,-3.354,259533
2000-10-05,0.292,268539
2000-10-04,1.940,267757
2000-10-03,-3.170,262660
2000-10-02,-2.254,271259
2000-09-29,-3.069,277513
2000-09-28,2.233,286299
2000-09-27,0.134,280046
2000-09-26,-1.138,279670
2000-09-25,-2.658,282891
2000-09-22,5.915,290615
2000-09-21,-7.270,274386
2000-09-20,1.545,295899
2000-09-19,3.683,291396
2000-09-18,-1.501,281046
2000-09-15,-1.882,285330
2000-09-14,-0.535,290802
2000-09-13,2.320,292366
2000-09-12,-1.541,285737
2000-09-11,-2.439,290208
2000-09-08,-3.057,297463
2000-09-07,2.219,306843
2000-09-06,-3.518,300183
2000-09-05,-3.021,311127
2000-09-01,0.588,320821
2000-08-31,3.155,318944
2000-08-30,-0.121,309188
2000-08-29,0.508,309564
2000-08-28,0.479,308000
2000-08-25,-0.538,306531
2000-08-24,1.545,308188
2000-08-23,1.634,303497
2000-08-22,0.000,298619
2000-08-21,0.262,298619
2000-08-18,-0.522,297838
2000-08-17,1.927,299401
2000-08-16,1.011,293742
2000-08-15,0.000,290802
2000-08-14,2.130,290802
2000-08-11,1.392,284736
2000-08-10,-1.986,280827
2000-08-09,-2.656,286518
2000-08-08,2.038,294336
2000-08-07,2.352,288457
2000-08-04,-0.343,281828
2000-08-03,4.326,282797
2000-08-02,-1.768,271071
2000-08-01,-1.331,275949
2000-07-31,2.947,279670
2000-07-28,-5.442,271666
2000-07-27,-3.921,287300
2000-07-26,-0.125,299026
2000-07-25,0.789,299401
2000-07-24,-2.062,297056
2000-07-21,-3.386,303310
2000-07-20,3.239,313941
2000-07-19,-2.261,304092
2000-07-18,-2.259,311127
2000-07-17,1.193,318319
2000-07-14,2.132,314567
2000-07-13,1.285,308000
2000-07-12,2.368,304092
2000-07-11,0.550,297056
2000-07-10,-1.522,295430
2000-07-07,2.064,299995
2000-07-06,2.665,293929
2000-07-05,-3.874,286299
2000-07-03,1.937,297838
2000-06-30,1.964,292178
2000-06-29,-2.511,286550
2000-06-28,1.206,293929
2000-06-27,-1.191,290427
2000-06-26,2.732,293929
2000-06-23,-3.937,286112
2000-06-22,-3.671,297838
2000-06-21,1.280,309188
2000-06-20,-0.378,305280
2000-06-19,3.979,306437
2000-06-16,0.533,294711
2000-06-15,1.758,293147
2000-06-14,-2.249,288082
2000-06-13,3.857,294711
2000-06-12,-3.200,283767
2000-06-09,0.536,293147
2000-06-08,-0.470,291584
2000-06-07,2.674,292960
2000-06-06,-2.781,285330
2000-06-05,0.246,293491
2000-06-02,7.153,292772
2000-06-01,4.647,273229
2000-05-31,-2.408,261097
2000-05-30,10.045,267538
2000-05-26,0.000,243117
2000-05-25,-2.201,243117
2000-05-24,6.269,248589
2000-05-23,-8.355,233924
2000-05-22,-0.073,255249
2000-05-19,-4.735,255437
2000-05-18,-3.587,268132
2000-05-17,-2.059,278107
2000-05-16,2.831,283954
2000-05-15,4.348,276137
2000-05-12,0.000,264630
2000-05-11,6.119,264630
2000-05-10,-7.267,249371
2000-05-09,-2.139,268914
2000-05-08,-3.893,274792
2000-05-05,2.385,285924
2000-05-04,0.202,279264
2000-05-03,-1.110,278701
2000-05-02,-5.751,281828
2000-05-01,0.929,299026
2000-04-28,3.836,296274
2000-04-27,4.429,285330
2000-04-26,-3.415,273229
2000-04-25,6.749,282891
2000-04-24,-2.865,265005
2000-04-20,-2.032,272823
2000-04-19,-3.196,278482
2000-04-18,2.644,287675
2000-04-17,11.508,280265
2000-04-14,-8.659,251341
2000-04-13,-4.348,275168
2000-04-12,-5.882,287675
2000-04-11,-1.759,305655
2000-04-10,-6.660,311127
2000-04-07,4.000,333328
2000-04-06,2.398,320508
2000-04-05,-1.766,313003
2000-04-04,-0.972,318632
2000-04-03,-6.027,321759
2000-03-31,2.050,342396
2000-03-30,-2.455,335517
2000-03-29,-4.181,343960
2000-03-28,-2.547,358969
2000-03-27,0.204,368349
2000-03-24,1.345,367599
2000-03-23,1.754,362721
2000-03-22,1.968,356467
2000-03-21,3.807,349588
2000-03-20,-2.798,336768
2000-03-17,1.885,346461
2000-03-16,5.685,340051
2000-03-15,-4.190,321759
2000-03-14,-3.677,335830
2000-03-13,-2.620,348650
2000-03-10,-0.435,358031
2000-03-09,3.371,359594
2000-03-08,0.907,347868
2000-03-07,-1.519,344741
2000-03-06,0.810,350057
2000-03-03,5.611,347243
2000-03-02,-2.322,328794
2000-03-01,0.843,336611
2000-02-29,2.644,333797
2000-02-28,-0.048,325198
2000-02-25,-2.300,325355
2000-02-24,2.158,333015
2000-02-23,5.570,325980
2000-02-22,0.305,308782
2000-02-18,-3.622,307844
2000-02-17,2.150,319413
2000-02-16,-0.448,312691
2000-02-15,0.702,314098
2000-02-14,-0.150,311909
2000-02-11,-2.298,312378
2000-02-10,3.283,319726
2000-02-09,-3.556,309564
2000-02-08,4.213,320977
2000-02-07,1.390,308000
2000-02-04,0.674,303779
2000-02-03,3.875,301746
2000-02-02,0.869,290490
2000-02-01,2.676,287988
2000-01-31,4.302,280483
2000-01-28,-5.025,268914
2000-01-27,1.457,283141
2000-01-26,-4.032,279076
2000-01-25,1.473,290802
2000-01-24,-4.779,286581
2000-01-21,1.262,300965
2000-01-20,-0.990,297212
2000-01-19,2.236,300183
2000-01-18,0.535,293616
2000-01-14,2.356,292053
2000-01-13,6.043,285330
2000-01-12,-2.658,269070
2000-01-11,-4.432,276418
2000-01-10,2.778,289239
2000-01-07,12.360,281422
2000-01-06,-9.287,250465
2000-01-05,0.057,276106
2000-01-04,-6.860,275949
2000-01-03,3.665,296274
1999-12-31,-0.109,285799
1999-12-30,-1.081,286112
1999-12-29,3.758,289239
1999-12-28,-0.613,278764
1999-12-27,-0.554,280483
1999-12-23,1.178,282047
1999-12-22,-0.335,278764
1999-12-21,5.359,279702
1999-12-20,1.337,265474
1999-12-17,0.879,261972
1999-12-16,2.468,259690
1999-12-15,1.886,253436
1999-12-14,-1.790,248745
1999-12-13,1.377,253279
1999-12-10,0.820,249840
1999-12-09,0.444,247807
1999-12-08,-1.190,246713
1999-12-07,0.000,249683
1999-12-06,0.884,249683
1999-12-03,2.129,247495
1999-12-02,3.196,242335
1999-12-01,1.486,234831
1999-11-30,-3.141,231391
1999-11-29,-1.673,238896
1999-11-26,0.323,242961
1999-11-24,3.336,242179
1999-11-23,0.402,234362
1999-11-22,-1.517,233424
1999-11-19,0.932,237019
1999-11-18,3.018,234831
1999-11-17,-1.353,227951
1999-11-16,2.568,231078
1999-11-15,-0.208,225294
1999-11-12,1.333,225763
1999-11-11,1.786,222792
1999-11-10,1.302,218883
1999-11-09,-0.647,216069
1999-11-08,1.979,217476
1999-11-05,1.037,213255
1999-11-04,1.124,211066
1999-11-03,1.986,208721
1999-11-02,0.076,204656
1999-11-01,-0.532,204500
1999-10-29,3.462,205594
1999-10-28,3.502,198715
1999-10-27,-0.163,191992
1999-10-26,-0.806,192305
1999-10-25,0.081,193868
1999-10-22,-0.482,193712
1999-10-21,1.633,194650
1999-10-20,3.028,191523
1999-10-19,0.592,185895
1999-10-18,-1.336,184800
1999-10-15,-2.917,187302
1999-10-14,0.653,192930
1999-10-13,-3.006,191679
1999-10-12,-2.243,197620
1999-10-11,1.412,202154
1999-10-08,1.030,199340
1999-10-07,-0.237,197308
1999-10-06,2.016,197777
1999-10-05,0.731,193868
1999-10-04,2.243,192461
1999-10-01,0.000,188240
1999-09-30,1.092,188240
1999-09-29,-2.056,186207
1999-09-28,0.496,190116
1999-09-27,0.666,189178
1999-09-24,0.167,187927
1999-09-23,-4.153,187614
1999-09-22,1.049,195744
1999-09-21,-2.364,193712
1999-09-20,0.237,198402
1999-09-17,3.011,197933
1999-09-16,-0.081,192148
1999-09-15,-1.914,192305
1999-09-14,0.561,196057
1999-09-13,-1.267,194963
1999-09-10,1.202,197464
1999-09-09,1.381,195119
1999-09-08,-1.362,192461
1999-09-07,-0.399,195119
1999-09-03,4.591,195901
1999-09-02,-0.333,187302
1999-09-01,0.670,187927
1999-08-31,1.101,186676
1999-08-30,-1.419,184644
1999-08-27,-0.992,187302
1999-08-26,-1.626,189178
1999-08-25,1.653,192305
1999-08-24,1.171,189178
1999-08-23,3.640,186989
1999-08-20,0.874,180422
1999-08-19,-0.952,178859
1999-08-18,-1.113,180579
1999-08-17,0.516,182611
1999-08-16,0.781,181673
1999-08-13,4.344,180266
1999-08-12,-1.163,172762
1999-08-11,3.232,174794
1999-08-10,-0.824,169322
1999-08-09,-1.355,170729
1999-08-06,-1.072,173074
1999-08-05,1.635,174950
1999-08-04,-1.784,172136
1999-08-03,-0.709,175263
1999-08-02,-0.265,176514
1999-07-30,-0.527,176983
1999-07-29,-2.065,177921
1999-07-28,1.930,181673
1999-07-27,1.968,178234
1999-07-26,-2.443,174794
1999-07-23,0.175,179172
1999-07-22,-2.555,178859
1999-07-21,0.514,183549
1999-07-20,-3.868,182611
1999-07-19,-1.059,189960
1999-07-16,0.987,191992
1999-07-15,0.913,190116
1999-07-14,1.688,188396
1999-07-13,-0.504,185269
1999-07-12,-0.501,186207
1999-07-09,1.013,187145
1999-07-08,1.369,185269
1999-07-07,0.086,182768
1999-07-06,-0.596,182611
1999-07-02,1.293,183706
1999-07-01,0.607,181361
1999-06-30,1.586,180266
1999-06-29,1.339,177452
1999-06-28,2.377,175107
1999-06-25,-0.091,171042
1999-06-24,-1.970,171198
1999-06-23,1.545,174638
1999-06-22,-2.998,171980
1999-06-21,2.997,177296
1999-06-18,0.456,172136
1999-06-17,1.107,171354
1999-06-16,5.141,169478
1999-06-15,1.476,161192
1999-06-14,-1.455,158847
1999-06-11,-1.996,161192
1999-06-10,-1.128,164475
1999-06-09,1.721,166351
1999-06-08,-2.516,163537
1999-06-07,2.093,167758
1999-06-04,3.039,164319
1999-06-03,-1.449,159472
1999-06-02,1.670,161817
1999-06-01,-2.209,159160
1999-05-28,1.660,162755
1999-05-27,-0.098,160098
1999-05-26,2.819,160254
1999-05-25,-3.307,155861
1999-05-24,-2.552,161192
1999-05-21,-0.843,165413
1999-05-20,-2.823,166820
1999-05-19,1.385,171667
1999-05-18,-0.368,169322
1999-05-17,1.779,169947
1999-05-14,-1.928,166977
1999-05-13,-1.803,170260
1999-05-12,2.024,173387
1999-05-11,1.589,169947
1999-05-10,1.039,167289
1999-05-07,1.437,165570
1999-05-06,-3.690,163224
1999-05-05,3.042,169478
1999-05-04,-1.590,164475
1999-05-03,-0.466,167133
1999-04-30,0.562,167915
1999-04-29,-0.743,166977
1999-04-28,-3.411,168228
1999-04-27,-1.590,174169
1999-04-26,2.351,176983
1999-04-23,1.282,172918
1999-04-22,2.728,170729
1999-04-21,4.936,166195
1999-04-20,2.261,158378
1999-04-19,-4.658,154876
1999-04-16,-2.988,162443
1999-04-15,1.420,167446
1999-04-14,-3.473,165101
1999-04-13,-1.353,171042
1999-04-12,-0.627,173387
1999-04-09,0.631,174481
1999-04-08,0.727,173387
1999-04-07,-0.989,172136
1999-04-06,0.180,173856
1999-04-05,3.641,173543
1999-04-01,2.097,167446
1999-03-31,-1.502,164006
1999-03-30,-0.746,166508
1999-03-29,3.671,167758
1999-03-26,-1.052,161817
1999-03-25,3.667,163537
1999-03-24,3.349,157752
1999-03-23,-3.528,152640
1999-03-22,-1.172,158221
1999-03-19,-2.569,160098
1999-03-18,1.940,164319
1999-03-17,-0.770,161192
1999-03-16,0.874,162443
1999-03-15,2.897,161036
1999-03-12,-2.437,156502
1999-03-11,0.490,160410
1999-03-10,0.505,159629
1999-03-09,-0.321,158826
1999-03-08,3.303,159338
1999-03-05,1.902,154244
1999-03-04,1.726,151365
1999-03-03,0.636,148797
1999-03-02,-2.527,147856
1999-03-01,0.601,151690
1999-02-26,-2.479,150785
1999-02-25,-0.706,154618
1999-02-24,-1.978,155718
1999-02-23,1.688,158859
1999-02-22,3.298,156223
1999-02-19,1.325,151235
1999-02-18,0.751,149256
1999-02-17,-3.270,148144
1999-02-16,-0.244,153152
1999-02-12,-4.244,153526
1999-02-11,5.177,160331
1999-02-10,0.483,152439
1999-02-09,-4.874,151706
1999-02-08,2.357,159480
1999-02-05,-1.890,155808
1999-02-04,-4.388,158809
1999-02-03,1.892,166096
1999-02-02,-2.457,163013
1999-02-01,0.212,167119
1999-01-29,1.158,166766
1999-01-28,3.701,164858
1999-01-27,-1.537,158974
1999-01-26,3.368,161455
1999-01-25,1.737,156194
1999-01-22,0.140,153527
1999-01-21,-3.560,153313
1999-01-20,0.091,158973
1999-01-19,2.571,158828
1999-01-15,4.044,154847
1999-01-14,-2.198,148828
1999-01-13,0.461,152173
1999-01-12,-3.112,151475
1999-01-11,1.461,156339
1999-01-08,0.387,154087
1999-01-07,0.185,153493
1999-01-06,3.264,153209
1999-01-05,2.682,148367
1999-01-04,1.140,144491
1998-12-31,0.956,142862
1998-12-30,-0.914,141509
1998-12-29,-0.068,142814
1998-12-28,0.906,142912
1998-12-24,-0.818,141628
1998-12-23,3.070,142795
1998-12-22,-1.081,138542
1998-12-21,3.079,140055
1998-12-18,2.639,135872
1998-12-17,2.027,132378
1998-12-16,-0.445,129749
1998-12-15,3.090,130329
1998-12-14,-3.627,126423
1998-12-11,1.365,131181
1998-12-10,-1.905,129415
1998-12-09,1.062,131929
1998-12-08,-0.548,130542
1998-12-07,2.900,131261
1998-12-04,3.621,127562
1998-12-03,-2.829,123105
1998-12-02,-0.859,126689
1998-12-01,4.935,127787
1998-11-30,-4.385,121777
1998-11-27,1.909,127361
1998-11-25,1.093,124975
1998-11-24,-0.551,123624
1998-11-23,2.947,124309
1998-11-20,0.464,120750
1998-11-19,1.519,120192
1998-11-18,1.094,118393
1998-11-17,1.591,117112
1998-11-16,0.728,115278
1998-11-13,-0.146,114446
1998-11-12,-1.008,114613
1998-11-11,0.424,115780
1998-11-10,0.485,115292
1998-11-09,0.670,114736
1998-11-06,0.890,113972
1998-11-05,0.708,112967
1998-11-04,2.351,112173
1998-11-03,-1.232,109596
1998-11-02,1.224,110963
1998-10-30,0.256,109621
1998-10-29,1.178,109342
1998-10-28,2.011,108069
1998-10-27,-1.178,105938
1998-10-26,2.161,107201
1998-10-23,-1.126,104934
1998-10-22,1.712,106130
1998-10-21,3.931,104343
1998-10-20,-2.135,100396
1998-10-19,1.257,102586
1998-10-16,-0.467,101312
1998-10-15,5.212,101788
1998-10-14,2.398,96746
1998-10-13,-2.986,94480
1998-10-12,3.689,97388
1998-10-09,6.245,93924
1998-10-08,-1.822,88403
1998-10-07,-2.842,90043
1998-10-06,-1.846,92678
1998-10-05,-5.482,94421
1998-10-02,0.141,99897
1998-10-01,-5.358,99756
1998-09-30,-2.806,105404
1998-09-29,0.099,108447
1998-09-28,-0.437,108339
1998-09-25,2.554,108814
1998-09-24,-2.788,106104
1998-09-23,4.428,109147
1998-09-22,0.631,104519
1998-09-21,2.195,103864
1998-09-18,0.648,101633
1998-09-17,-2.989,100978
1998-09-16,0.600,104089
1998-09-15,1.074,103468
1998-09-14,1.361,102369
1998-09-11,4.466,100994
1998-09-10,-2.144,96677
1998-09-09,-1.832,98795
1998-09-08,6.720,100639
1998-09-04,-0.358,94302
1998-09-03,-0.998,94641
1998-09-02,0.509,95594
1998-09-01,6.724,95111
1998-08-31,-9.923,89118
1998-08-28,-3.532,98936
1998-08-27,-4.489,102558
1998-08-26,0.324,107378
1998-08-25,0.004,107031
1998-08-24,-0.282,107027
1998-08-21,-1.688,107330
1998-08-20,0.036,109173
1998-08-19,-0.152,109133
1998-08-18,2.408,109299
1998-08-17,2.941,106729
1998-08-14,-0.684,103680
1998-08-13,-1.161,104393
1998-08-12,1.851,105620
1998-08-11,-2.377,103701
1998-08-10,-0.092,106226
1998-08-07,-0.221,106324
1998-08-06,2.775,106559
1998-08-05,1.071,103682
1998-08-04,-3.780,102583
1998-08-03,-0.570,106613
1998-07-31,-3.235,107223
1998-07-30,3.155,110808
1998-07-29,-0.941,107419
1998-07-28,-2.366,108440
1998-07-27,1.283,111068
1998-07-24,0.223,109661
1998-07-23,-1.655,109417
1998-07-22,-0.088,111258
1998-07-21,-2.363,111355
1998-07-20,0.154,114050
1998-07-17,0.821,113875
1998-07-16,0.186,112947
1998-07-15,2.236,112737
1998-07-14,-0.119,110272
1998-07-13,2.187,110403
1998-07-10,0.577,108041
1998-07-09,0.356,107421
1998-07-08,2.390,107040
1998-07-07,0.299,104542
1998-07-06,0.764,104230
1998-07-02,-1.748,103439
1998-07-01,1.386,105279
1998-06-30,-0.193,103840
1998-06-29,1.436,104040
1998-06-26,0.810,102567
1998-06-25,-1.549,101743
1998-06-24,2.200,103344
1998-06-23,3.067,101119
1998-06-22,2.029,98110
1998-06-19,1.045,96159
1998-06-18,0.256,95165
1998-06-17,1.133,94922
1998-06-16,3.273,93858
1998-06-15,-1.074,90884
1998-06-12,0.228,91870
1998-06-11,-1.174,91661
1998-06-10,-1.979,92750
1998-06-09,1.395,94623
1998-06-08,-0.033,93321
1998-06-05,0.965,93352
1998-06-04,2.813,92460
1998-06-03,-2.041,89930
1998-06-02,-0.329,91804
1998-06-01,0.004,92107
1998-05-29,-1.957,92103
1998-05-28,0.370,93941
1998-05-27,0.849,93595
1998-05-26,-1.122,92807
1998-05-22,-0.753,93860
1998-05-21,-1.172,94573
1998-05-20,-1.437,95694
1998-05-19,1.070,97089
1998-05-18,-0.525,96061
1998-05-15,-1.354,96568
1998-05-14,0.284,97894
1998-05-13,0.531,97617
1998-05-12,1.538,97101
1998-05-11,-1.263,95631
1998-05-08,2.606,96854
1998-05-07,-1.595,94394
1998-05-06,-0.420,95925
1998-05-05,-0.663,96330
1998-05-04,0.322,96973
1998-05-01,0.252,96662
1998-04-30,0.645,96419
1998-04-29,1.412,95801
1998-04-28,0.150,94467
1998-04-27,-2.360,94326
1998-04-24,-0.696,96606
1998-04-23,-2.556,97283
1998-04-22,1.740,99835
1998-04-21,1.378,98127
1998-04-20,1.797,96794
1998-04-17,0.256,95085
1998-04-16,-0.281,94843
1998-04-15,1.532,95110
1998-04-14,0.847,93675
1998-04-13,0.484,92888
1998-04-09,0.486,92440
1998-04-08,0.826,91993
1998-04-07,-1.972,91240
1998-04-06,-2.354,93076
1998-04-03,0.327,95320
1998-04-02,0.149,95009
1998-04-01,0.618,94868
1998-03-31,1.174,94285
1998-03-30,-0.432,93191
1998-03-27,-0.466,93596
1998-03-26,0.368,94034
1998-03-25,1.405,93689
1998-03-24,1.652,92391
1998-03-23,0.874,90889
1998-03-20,-1.412,90102
1998-03-19,0.756,91392
1998-03-18,0.799,90706
1998-03-17,-1.081,89987
1998-03-16,0.950,90971
1998-03-13,0.498,90115
1998-03-12,0.846,89669
1998-03-11,0.390,88917
1998-03-10,1.884,88572
1998-03-09,-3.107,86934
1998-03-06,3.256,89722
1998-03-05,-4.627,86892
1998-03-04,0.303,91108
1998-03-03,-0.145,90833
1998-03-02,-1.361,90964
1998-02-27,-1.090,92219
1998-02-26,0.591,93236
1998-02-25,2.487,92687
1998-02-24,-1.112,90438
1998-02-23,2.288,91454
1998-02-20,0.310,89409
1998-02-19,1.358,89133
1998-02-18,1.100,87939
1998-02-17,-0.618,86982
1998-02-13,-0.805,87523
1998-02-12,0.547,88233
1998-02-11,-0.034,87753
1998-02-10,1.539,87783
1998-02-09,-1.086,86452
1998-02-06,1.787,87401
1998-02-05,-0.897,85867
1998-02-04,1.155,86645
1998-02-03,0.966,85656
1998-02-02,2.765,84836
1998-01-30,0.252,82553
1998-01-29,0.544,82346
1998-01-28,2.690,81900
1998-01-27,2.004,79755
1998-01-26,-0.814,78188
1998-01-23,0.437,78830
1998-01-22,-0.513,78487
1998-01-21,-0.038,78892
1998-01-20,2.071,78922
1998-01-16,1.071,77321
1998-01-15,-0.085,76501
1998-01-14,0.094,76566
1998-01-13,2.462,76495
1998-01-12,1.622,74656
1998-01-09,-3.864,73465
1998-01-08,0.452,76417
1998-01-07,-1.535,76073
1998-01-06,-1.083,77259
1998-01-05,1.014,78105
1998-01-02,1.794,77321
1997-12-31,-0.794,75958
1997-12-30,1.994,76566
1997-12-29,2.652,75069
1997-12-26,1.610,73129
1997-12-24,-1.115,71971
1997-12-23,-2.808,72783
1997-12-22,0.597,74885
1997-12-19,0.279,74441
1997-12-18,-1.703,74234
1997-12-17,-1.458,75520
1997-12-16,1.352,76637
1997-12-15,0.636,75615
1997-12-12,-2.378,75137
1997-12-11,-3.074,76967
1997-12-10,-1.636,79408
1997-12-09,-3.013,80728
1997-12-08,1.200,83236
1997-12-05,1.599,82249
1997-12-04,-0.825,80955
1997-12-03,0.925,81628
1997-12-02,-2.564,80880
1997-12-01,2.856,83009
1997-11-28,0.595,80704
1997-11-26,0.598,80226
1997-11-25,0.818,79749
1997-11-24,-2.539,79102
1997-11-21,-0.534,81163
1997-11-20,2.295,81599
1997-11-19,0.302,79769
1997-11-18,-1.297,79529
1997-11-17,2.192,80573
1997-11-14,2.241,78845
1997-11-13,2.707,77116
1997-11-12,-3.137,75084
1997-11-11,-0.039,77515
1997-11-10,-1.711,77546
1997-11-07,-0.507,78895
1997-11-06,-1.300,79298
1997-11-05,-0.080,80342
1997-11-04,-0.373,80406
1997-11-03,3.071,80707
1997-10-31,2.076,78303
1997-10-30,-2.865,76710
1997-10-29,-1.720,78972
1997-10-28,7.269,80354
1997-10-27,-7.430,74909
1997-10-24,-1.599,80922
1997-10-23,-2.167,82236
1997-10-22,-1.108,84058
1997-10-21,2.074,85000
1997-10-20,1.195,83273
1997-10-17,-2.283,82290
1997-10-16,-1.808,84212
1997-10-15,-1.126,85762
1997-10-14,-0.768,86739
1997-10-13,0.237,87410
1997-10-10,-0.917,87203
1997-10-09,0.273,88010
1997-10-08,0.430,87770
1997-10-07,1.336,87394
1997-10-06,0.122,86242
1997-10-03,1.075,86137
1997-10-02,1.005,85221
1997-10-01,0.487,84374
1997-09-30,-2.006,83965
1997-09-29,1.080,85683
1997-09-26,0.045,84768
1997-09-25,-0.904,84729
1997-09-24,-1.742,85503
1997-09-23,1.102,87018
1997-09-22,0.399,86069
1997-09-19,0.918,85727
1997-09-18,-0.035,84948
1997-09-17,-0.784,84977
1997-09-16,3.472,85649
1997-09-15,-2.424,82775
1997-09-12,0.085,84831
1997-09-11,0.204,84760
1997-09-10,-2.258,84587
1997-09-09,0.830,86541
1997-09-08,0.638,85829
1997-09-05,0.441,85284
1997-09-04,0.444,84910
1997-09-03,-0.234,84534
1997-09-02,2.745,84733
1997-08-29,0.374,82469
1997-08-28,-2.007,82162
1997-08-27,-0.157,83844
1997-08-26,-1.381,83976
1997-08-25,-0.312,85153
1997-08-22,-0.663,85419
1997-08-21,-2.444,85989
1997-08-20,2.154,88144
1997-08-19,2.984,86285
1997-08-18,1.351,83785
1997-08-15,-2.540,82668
1997-08-14,0.443,84823
1997-08-13,0.810,84448
1997-08-12,-0.992,83770
1997-08-11,-1.255,84609
1997-08-08,-1.812,85684
1997-08-07,-0.495,87266
1997-08-06,0.430,87700
1997-08-05,1.136,87325
1997-08-04,1.390,86344
1997-08-01,0.123,85160
1997-07-31,0.603,85055
1997-07-30,1.215,84545
1997-07-29,1.230,83530
1997-07-28,-0.966,82516
1997-07-25,-0.238,83321
1997-07-24,-0.357,83519
1997-07-23,0.044,83819
1997-07-22,3.159,83782
1997-07-21,-1.145,81216
1997-07-18,-2.280,82157
1997-07-17,-0.751,84074
1997-07-16,4.450,84710
1997-07-15,1.694,81101
1997-07-14,2.695,79750
1997-07-11,0.571,77657
1997-07-10,0.004,77216
1997-07-09,0.442,77213
1997-07-08,1.472,76873
1997-07-07,0.496,75758
1997-07-03,1.088,75384
1997-07-02,2.457,74572
1997-07-01,-0.457,72783
1997-06-30,-0.635,73118
1997-06-27,-0.497,73585
1997-06-26,-1.210,73953
1997-06-25,-0.755,74859
1997-06-24,1.915,75428
1997-06-23,-1.209,74010
1997-06-20,-0.040,74916
1997-06-19,1.002,74946
1997-06-18,-1.909,74203
1997-06-17,1.450,75646
1997-06-16,1.146,74566
1997-06-13,1.581,73721
1997-06-12,0.052,72574
1997-06-11,0.893,72536
1997-06-10,-1.472,71894
1997-06-09,1.031,72968
1997-06-06,1.661,72224
1997-06-05,0.961,71043
1997-06-04,-0.849,70367
1997-06-03,-3.120,70969
1997-06-02,-0.041,73255
1997-05-30,-1.310,73285
1997-05-29,-1.204,74257
1997-05-28,-0.174,75162
1997-05-27,2.713,75293
1997-05-23,1.400,73305
1997-05-22,-0.460,72292
1997-05-21,0.940,72626
1997-05-20,3.139,71950
1997-05-19,-0.045,69760
1997-05-16,-1.840,69791
1997-05-15,2.427,71100
1997-05-14,-0.043,69415
1997-05-13,-1.381,69445
1997-05-12,0.533,70418
1997-05-09,0.004,70044
1997-05-08,1.170,70041
1997-05-07,-0.624,69231
1997-05-06,-1.982,69666
1997-05-05,2.477,71075
1997-05-02,3.207,69357
1997-05-01,0.861,67202
1997-04-30,2.117,66628
1997-04-29,3.305,65247
1997-04-28,1.298,63159
1997-04-25,-2.210,62350
1997-04-24,-0.049,63759
1997-04-23,2.544,63790
1997-04-22,1.988,62208
1997-04-21,-1.514,60995
1997-04-18,1.157,61933
1997-04-17,1.339,61224
1997-04-16,0.060,60415
1997-04-15,-1.097,60379
1997-04-14,2.141,61049
1997-04-11,-2.994,59769
1997-04-10,-1.763,61614
1997-04-09,-1.474,62720
1997-04-08,1.072,63658
1997-04-07,1.247,62983
1997-04-04,2.156,62208
1997-04-03,2.839,60895
1997-04-02,-1.669,59214
1997-04-01,0.004,60219
1997-03-31,-2.655,60216
1997-03-27,-1.861,61858
1997-03-26,3.536,63031
1997-03-25,0.614,60879
1997-03-24,-1.255,60507
1997-03-21,-1.188,61276
1997-03-20,1.211,62013
1997-03-19,-1.930,61271
1997-03-18,-0.531,62477
1997-03-17,-0.791,62810
1997-03-14,-0.207,63311
1997-03-13,0.270,63442
1997-03-12,-1.150,63271
1997-03-11,-0.827,64007
1997-03-10,1.804,64541
1997-03-07,-1.250,63398
1997-03-06,-2.493,64200
1997-03-05,1.348,65841
1997-03-04,0.680,64965
1997-03-03,0.632,64527
1997-02-28,0.319,64121
1997-02-27,-3.735,63917
1997-02-26,-0.096,66397
1997-02-25,0.104,66461
1997-02-24,1.857,66391
1997-02-21,-1.764,65181
1997-02-20,-1.979,66351
1997-02-19,0.055,67691
1997-02-18,-0.243,67653
1997-02-14,-0.878,67818
1997-02-13,0.696,68419
1997-02-12,3.318,67946
1997-02-11,0.107,65764
1997-02-10,-1.800,65694
1997-02-07,0.004,66898
1997-02-06,-0.146,66895
1997-02-05,-3.193,66993
1997-02-04,-0.238,69202
1997-02-03,-0.332,69367
1997-01-31,1.125,69599
1997-01-30,2.245,68824
1997-01-29,0.253,67313
1997-01-28,0.105,67143
1997-01-27,-0.936,67072
1997-01-24,-1.603,67706
1997-01-23,-1.436,68809
1997-01-22,1.318,69811
1997-01-21,1.485,68903
1997-01-20,1.967,67895
1997-01-17,1.174,66585
1997-01-16,1.190,65812
1997-01-15,-2.014,65038
1997-01-14,2.013,66375
1997-01-13,-0.099,65065
1997-01-10,1.097,65130
1997-01-09,0.317,64424
1997-01-08,-1.334,64220
1997-01-07,1.309,65088
1997-01-06,0.580,64247
1997-01-03,4.156,63877
1997-01-02,-0.647,61328
1996-12-31,-0.589,61727
1996-12-30,-1.221,62093
1996-12-27,-0.945,62861
1996-12-26,0.963,63460
1996-12-24,1.355,62855
1996-12-23,-1.171,62014
1996-12-20,-1.207,62749
1996-12-19,0.908,63516
1996-12-18,2.569,62944
1996-12-17,1.444,61368
1996-12-16,-2.897,60494
1996-12-13,-1.893,62299
1996-12-12,-1.451,63501
1996-12-11,1.002,64436
1996-12-10,-0.931,63797
1996-12-09,3.667,64397
1996-12-06,-0.956,62119
1996-12-05,-0.578,62718
1996-12-04,0.105,63083
1996-12-03,-0.890,63016
1996-12-02,1.229,63582
1996-11-29,0.217,62810
1996-11-27,0.811,62674
1996-11-26,0.544,62170
1996-11-25,0.276,61833
1996-11-22,2.278,61663
1996-11-21,-0.983,60290
1996-11-20,0.335,60889
1996-11-19,1.626,60686
1996-11-18,-0.772,59715
1996-11-15,-1.257,60179
1996-11-14,1.338,60945
1996-11-13,0.620,60141
1996-11-12,-1.375,59770
1996-11-11,0.783,60603
1996-11-08,0.394,60133
1996-11-07,1.077,59896
1996-11-06,2.192,59258
1996-11-05,1.763,57987
1996-11-04,0.181,56983
1996-11-01,0.418,56880
1996-10-31,2.173,56643
1996-10-30,0.733,55438
1996-10-29,-1.373,55035
1996-10-28,-0.175,55801
1996-10-25,-0.589,55899
1996-10-24,-0.173,56230
1996-10-23,1.876,56327
1996-10-22,-1.248,55290
1996-10-21,-1.464,55989
1996-10-18,0.121,56821
1996-10-17,-1.501,56752
1996-10-16,-0.971,57617
1996-10-15,0.466,58182
1996-10-14,0.817,57912
1996-10-11,1.959,57443
1996-10-10,-0.290,56339
1996-10-09,0.063,56503
1996-10-08,-0.817,56467
1996-10-07,0.004,56932
1996-10-04,2.160,56929
1996-10-03,-0.590,55726
1996-10-02,1.823,56057
1996-10-01,-0.358,55053
1996-09-30,-0.952,55251
1996-09-27,-0.057,55782
1996-09-26,-0.175,55813
1996-09-25,1.273,55911
1996-09-24,0.430,55208
1996-09-23,-1.373,54971
1996-09-20,0.910,55736
1996-09-19,1.289,55234
1996-09-18,0.869,54531
1996-09-17,1.890,54061
1996-09-16,0.067,53058
1996-09-13,3.385,53023
1996-09-12,1.590,51287
1996-09-11,0.536,50485
1996-09-10,0.004,50215
1996-09-09,1.214,50213
1996-09-06,1.784,49611
1996-09-05,-2.530,48741
1996-09-04,-0.062,50006
1996-09-03,0.945,50037
1996-08-30,-1.125,49569
1996-08-29,-1.309,50133
1996-08-28,0.004,50797
1996-08-27,0.932,50795
1996-08-26,-0.719,50326
1996-08-23,-0.648,50691
1996-08-22,2.207,51021
1996-08-21,0.676,49919
1996-08-20,-1.126,49584
1996-08-19,-0.260,50149
1996-08-16,-0.720,50279
1996-08-15,-0.061,50644
1996-08-14,1.269,50675
1996-08-13,-1.632,50040
1996-08-12,0.136,50870
1996-08-09,0.202,50801
1996-08-08,-0.714,50699
1996-08-07,1.595,51063
1996-08-06,1.758,50262
1996-08-05,-0.997,49393
1996-08-02,2.536,49890
1996-08-01,2.386,48656
1996-07-31,0.925,47522
1996-07-30,1.656,47087
1996-07-29,-1.968,46319
1996-07-26,2.091,47249
1996-07-25,2.511,46281
1996-07-24,1.198,45148
1996-07-23,-4.211,44613
1996-07-22,-1.474,46575
1996-07-19,-1.523,47272
1996-07-18,1.986,48003
1996-07-17,2.691,47068
1996-07-16,1.329,45835
1996-07-15,-4.492,45233
1996-07-12,-0.137,47361
1996-07-11,-3.386,47426
1996-07-10,-0.332,49088
1996-07-09,0.752,49252
1996-07-08,3.457,48884
1996-07-05,-5.894,47251
1996-07-03,-0.915,50210
1996-07-02,-1.035,50674
1996-07-01,1.454,51204
1996-06-28,0.802,50470
1996-06-27,1.902,50069
1996-06-26,-1.267,49134
1996-06-25,-1.380,49765
1996-06-24,0.802,50461
1996-06-21,1.352,50060
1996-06-20,-0.464,49392
1996-06-19,0.339,49622
1996-06-18,-1.843,49454
1996-06-17,-0.455,50383
1996-06-14,-1.613,50613
1996-06-13,-0.700,51443
1996-06-12,0.977,51806
1996-06-11,0.328,51305
1996-06-10,-0.384,51137
1996-06-07,0.723,51334
1996-06-06,-1.726,50966
1996-06-05,1.040,51861
1996-06-04,0.526,51327
1996-06-03,-0.514,51059
1996-05-31,1.317,51323
1996-05-30,1.065,50655
1996-05-29,-1.175,50122
1996-05-28,-0.516,50718
1996-05-24,-0.515,50981
1996-05-23,0.592,51244
1996-05-22,0.136,50943
1996-05-21,-0.773,50874
1996-05-20,0.395,51270
1996-05-17,-0.707,51069
1996-05-16,0.654,51432
1996-05-15,-0.896,51098
1996-05-14,0.980,51560
1996-05-13,2.470,51060
1996-05-10,1.562,49829
1996-05-09,-0.198,49062
1996-05-08,0.412,49160
1996-05-07,-0.334,48958
1996-05-06,0.344,49122
1996-05-03,0.755,48954
1996-05-02,-2.592,48587
1996-05-01,0.946,49880
1996-04-30,0.004,49413
1996-04-29,0.004,49410
1996-04-26,0.071,49408
1996-04-25,0.276,49373
1996-04-24,1.510,49237
1996-04-23,1.605,48505
1996-04-22,1.918,47739
1996-04-19,-0.068,46841
1996-04-18,2.102,46873
1996-04-17,-0.856,45908
1996-04-16,2.579,46304
1996-04-15,1.043,45140
1996-04-12,-0.585,44674
1996-04-11,0.004,44937
1996-04-10,-0.292,44935
1996-04-09,-0.068,45066
1996-04-08,-1.232,45097
1996-04-04,-0.213,45659
1996-04-03,0.441,45757
1996-04-02,0.443,45556
1996-04-01,0.521,45355
1996-03-29,0.226,45120
1996-03-28,0.004,45018
1996-03-27,1.122,45016
1996-03-26,0.754,44517
1996-03-25,-2.484,44183
1996-03-22,0.225,45309
1996-03-21,-0.652,45207
1996-03-20,-2.344,45504
1996-03-19,-0.493,46596
1996-03-18,1.808,46827
1996-03-15,1.839,45995
1996-03-14,-0.797,45164
1996-03-13,2.697,45527
1996-03-12,-1.105,44332
1996-03-11,2.429,44827
1996-03-08,-2.936,43764
1996-03-07,0.299,45088
1996-03-06,-1.450,44953
1996-03-05,2.462,45615
1996-03-04,-0.661,44519
1996-03-01,-3.077,44815
1996-02-29,-1.269,46238
1996-02-28,0.075,46833
1996-02-27,-1.115,46798
1996-02-26,-0.761,47325
1996-02-23,-0.064,47688
1996-02-22,2.569,47719
1996-02-21,1.744,46524
1996-02-20,-0.284,45727
1996-02-16,-0.285,45857
1996-02-15,0.439,45988
1996-02-14,-0.139,45787
1996-02-13,-1.068,45851
1996-02-12,0.362,46346
1996-02-09,-0.210,46179
1996-02-08,1.531,46276
1996-02-07,-0.787,45578
1996-02-06,0.583,45940
1996-02-05,2.381,45674
1996-02-02,-0.069,44611
1996-02-01,1.739,44642
1996-01-31,1.382,43879
1996-01-30,1.401,43281
1996-01-29,-0.149,42683
1996-01-26,0.943,42747
1996-01-25,-1.763,42348
1996-01-24,2.605,43108
1996-01-23,-0.623,42013
1996-01-22,1.114,42277
1996-01-19,2.023,41811
1996-01-18,1.647,40982
1996-01-17,-0.405,40318
1996-01-16,2.434,40482
1996-01-15,-3.394,39520
1996-01-12,-0.558,40908
1996-01-11,3.933,41138
1996-01-10,0.256,39581
1996-01-09,-5.463,39480
1996-01-08,0.004,41761
1996-01-05,0.004,41760
1996-01-04,-1.323,41758
1996-01-03,-2.511,42318
1996-01-02,1.868,43408
1995-12-29,0.628,42612
1995-12-28,-1.610,42346
1995-12-27,-0.909,43039
1995-12-26,0.004,43434
1995-12-22,0.927,43432
1995-12-21,2.850,43033
1995-12-20,-1.857,41840
1995-12-19,5.143,42632
1995-12-18,-2.770,40547
1995-12-15,-0.784,41702
1995-12-14,-3.635,42031
1995-12-13,0.310,43617
1995-12-12,-1.863,43482
1995-12-11,-0.514,44307
1995-12-08,2.282,44536
1995-12-07,-0.375,43542
1995-12-06,-0.070,43706
1995-12-05,-1.117,43737
1995-12-04,2.064,44231
1995-12-01,-1.201,43336
1995-11-30,-1.113,43863
1995-11-29,0.152,44357
1995-11-28,4.367,44289
1995-11-27,-0.846,42436
1995-11-24,1.813,42798
1995-11-22,-0.930,42036
1995-11-21,0.710,42431
1995-11-20,-3.037,42131
1995-11-17,-0.601,43451
1995-11-16,-0.447,43713
1995-11-15,0.383,43910
1995-11-14,-3.914,43742
1995-11-13,0.004,45524
1995-11-10,-0.502,45522
1995-11-09,3.132,45752
1995-11-08,0.604,44363
1995-11-07,-3.326,44096
1995-11-06,-1.070,45613
1995-11-03,1.163,46107
1995-11-02,2.302,45576
1995-11-01,0.377,44551
1995-10-31,-1.534,44384
1995-10-30,2.406,45075
1995-10-27,2.072,44016
1995-10-26,-0.149,43123
1995-10-25,-1.649,43187
1995-10-24,0.154,43911
1995-10-23,0.308,43844
1995-10-20,-1.631,43709
1995-10-19,0.754,44434
1995-10-18,1.446,44101
1995-10-17,3.868,43473
1995-10-16,-0.309,41854
1995-10-13,-0.621,41984
1995-10-12,1.513,42246
1995-10-11,2.524,41617
1995-10-10,0.823,40592
1995-10-09,-3.781,40261
1995-10-06,-0.933,41843
1995-10-05,2.488,42237
1995-10-04,-2.494,41211
1995-10-03,0.082,42266
1995-10-02,-1.911,42231
1995-09-29,-2.492,43054
1995-09-28,3.440,44154
1995-09-27,-0.752,42686
1995-09-26,-1.268,43009
1995-09-25,-0.737,43562
1995-09-22,-0.291,43885
1995-09-21,-1.526,44013
1995-09-20,0.296,44695
1995-09-19,1.715,44563
1995-09-18,0.527,43812
1995-09-15,-2.686,43582
1995-09-14,-0.719,44785
1995-09-13,0.296,45109
1995-09-12,0.366,44976
1995-09-11,0.004,44812
1995-09-08,0.884,44810
1995-09-07,0.892,44418
1995-09-06,-0.217,44025
1995-09-05,4.076,44121
1995-09-01,-0.757,42393
1995-08-31,1.787,42716
1995-08-30,0.004,41966
1995-08-29,0.238,41964
1995-08-28,-2.497,41865
1995-08-25,-0.597,42937
1995-08-24,-1.481,43195
1995-08-23,0.302,43844
1995-08-22,2.056,43712
1995-08-21,-2.874,42832
1995-08-18,-0.216,44099
1995-08-17,-0.068,44195
1995-08-16,2.186,44225
1995-08-15,-0.072,43279
1995-08-14,1.531,43310
1995-08-11,1.162,42657
1995-08-10,-0.988,42167
1995-08-09,1.791,42588
1995-08-08,0.396,41839
1995-08-07,0.553,41674
1995-08-04,1.438,41444
1995-08-03,0.326,40857
1995-08-02,-1.413,40725
1995-08-01,-1.850,41308
1995-07-31,-0.914,42087
1995-07-28,-1.875,42475
1995-07-27,1.223,43287
1995-07-26,0.846,42764
1995-07-25,1.961,42405
1995-07-24,2.816,41590
1995-07-21,-0.554,40451
1995-07-20,-5.152,40676
1995-07-19,0.004,42885
1995-07-18,-3.222,42884
1995-07-17,1.343,44311
1995-07-14,1.283,43724
1995-07-13,0.611,43170
1995-07-12,2.969,42908
1995-07-11,-1.759,41671
1995-07-10,1.090,42417
1995-07-07,2.545,41960
1995-07-06,2.032,40918
1995-07-05,0.821,40103
1995-07-03,0.250,39777
1995-06-30,0.332,39678
1995-06-29,1.169,39546
1995-06-28,0.675,39089
1995-06-27,-1.723,38827
1995-06-26,-1.454,39508
1995-06-23,-0.238,40091
1995-06-22,2.150,40187
1995-06-21,-2.592,39341
1995-06-20,1.834,40388
1995-06-19,2.703,39660
1995-06-16,1.163,38617
1995-06-15,1.177,38173
1995-06-14,0.256,37729
1995-06-13,0.765,37632
1995-06-12,0.259,37346
1995-06-09,-0.166,37250
1995-06-08,0.772,37312
1995-06-07,0.519,37026
1995-06-06,-1.265,36835
1995-06-05,1.726,37307
1995-06-02,0.435,36674
1995-06-01,0.702,36515
1995-05-31,1.416,36261
1995-05-30,-3.075,35754
1995-05-26,-1.262,36889
1995-05-25,0.175,37360
1995-05-24,-0.501,37295
1995-05-23,1.718,37483
1995-05-22,1.305,36850
1995-05-19,0.352,36375
1995-05-18,-1.454,36248
1995-05-17,0.871,36783
1995-05-16,0.963,36465
1995-05-15,0.531,36117
1995-05-12,0.801,35926
1995-05-11,1.533,35641
1995-05-10,-0.710,35103
1995-05-09,-0.262,35354
1995-05-08,1.632,35447
1995-05-05,-0.803,34878
1995-05-04,-0.173,35160
1995-05-03,2.200,35221
1995-05-02,-0.089,34462
1995-05-01,-0.900,34493
1995-04-28,0.826,34806
1995-04-27,0.555,34521
1995-04-26,0.930,34330
1995-04-25,0.752,34014
1995-04-24,1.138,33760
1995-04-21,0.480,33380
1995-04-20,0.384,33221
1995-04-19,-1.404,33094
1995-04-18,-0.834,33565
1995-04-17,-0.366,33847
1995-04-13,0.469,33971
1995-04-12,0.850,33813
1995-04-11,0.858,33528
1995-04-10,1.254,33243
1995-04-07,1.069,32831
1995-04-06,-1.240,32484
1995-04-05,-0.943,32891
1995-04-04,0.004,33205
1995-04-03,0.290,33203
1995-03-31,-0.280,33107
1995-03-30,-0.750,33200
1995-03-29,-2.024,33451
1995-03-28,0.842,34142
1995-03-27,3.270,33857
1995-03-24,-1.323,32785
1995-03-23,0.482,33225
1995-03-22,0.004,33066
1995-03-21,0.099,33064
1995-03-20,0.580,33032
1995-03-17,-0.090,32841
1995-03-16,0.293,32871
1995-03-15,-0.474,32775
1995-03-14,1.068,32931
1995-03-13,0.784,32583
1995-03-10,0.004,32330
1995-03-09,0.101,32328
1995-03-08,1.287,32296
1995-03-07,-1.262,31885
1995-03-06,0.004,32293
1995-03-03,1.389,32291
1995-03-02,0.499,31849
1995-03-01,-0.978,31691
1995-02-28,2.113,32004
1995-02-27,-0.989,31342
1995-02-24,-0.689,31655
1995-02-23,0.403,31874
1995-02-22,1.105,31746
1995-02-21,-0.095,31399
1995-02-17,-1.279,31429
1995-02-16,-0.488,31836
1995-02-15,0.697,31992
1995-02-14,0.204,31771
1995-02-13,-0.490,31707
1995-02-10,1.103,31863
1995-02-09,0.103,31515
1995-02-08,1.424,31482
1995-02-07,-0.096,31040
1995-02-06,1.128,31070
1995-02-03,1.248,30724
1995-02-02,1.054,30345
1995-02-01,0.212,30028
1995-01-31,1.173,29965
1995-01-30,-1.563,29617
1995-01-27,0.215,30088
1995-01-26,-1.237,30023
1995-01-25,-0.612,30399
1995-01-24,0.208,30586
1995-01-23,0.836,30523
1995-01-20,-2.130,30270
1995-01-19,-0.199,30928
1995-01-18,0.414,30990
1995-01-17,0.721,30862
1995-01-16,0.727,30641
1995-01-13,0.839,30420
1995-01-12,0.004,30167
1995-01-11,-0.204,30166
1995-01-10,1.162,30228
1995-01-09,0.534,29880
1995-01-06,0.855,29722
1995-01-05,-0.419,29470
1995-01-04,0.430,29594
1995-01-03,-1.570,29467
1994-12-30,-0.621,29937
1994-12-29,1.810,30124
1994-12-28,-1.253,29588
1994-12-27,0.637,29964
1994-12-23,-1.092,29774
1994-12-22,2.774,30103
1994-12-21,0.004,29290
1994-12-20,-0.101,29289
1994-12-19,-0.421,29319
1994-12-16,-0.312,29443
1994-12-15,0.217,29535
1994-12-14,1.183,29471
1994-12-13,-0.529,29126
1994-12-12,-0.209,29281
1994-12-09,0.863,29343
1994-12-08,-2.095,29092
1994-12-07,-2.049,29714
1994-12-06,0.004,30336
1994-12-05,0.208,30334
1994-12-02,1.151,30271
1994-12-01,-1.737,29927
1994-11-30,-1.209,30456
1994-11-29,1.338,30828
1994-11-28,0.415,30421
1994-11-25,1.150,30295
1994-11-23,0.108,29951
1994-11-22,-2.731,29919
1994-11-21,-0.998,30759
1994-11-18,0.203,31069
1994-11-17,-0.494,31006
1994-11-16,0.405,31160
1994-11-15,-0.296,31034
1994-11-14,2.152,31126
1994-11-11,-0.402,30470
1994-11-10,-0.503,30593
1994-11-09,0.208,30748
1994-11-08,2.075,30684
1994-11-07,-0.305,30060
1994-11-04,-1.821,30152
1994-11-03,-0.196,30712
1994-11-02,-1.196,30772
1994-11-01,0.004,31144
1994-10-31,0.305,31143
1994-10-28,1.427,31048
1994-10-27,0.415,30611
1994-10-26,1.560,30485
1994-10-25,0.107,30016
1994-10-24,-0.513,29984
1994-10-21,-0.200,30139
1994-10-20,-0.304,30199
1994-10-19,1.675,30291
1994-10-18,0.215,29792
1994-10-17,-0.620,29728
1994-10-14,-0.204,29914
1994-10-13,0.004,29975
1994-10-12,-0.306,29974
1994-10-11,2.010,30066
1994-10-10,1.181,29473
1994-10-07,1.303,29129
1994-10-06,-0.746,28755
1994-10-05,1.529,28971
1994-10-04,-2.957,28535
1994-10-03,-0.208,29404
1994-09-30,0.642,29465
1994-09-29,-0.206,29278
1994-09-28,0.535,29338
1994-09-27,0.219,29182
1994-09-26,-0.315,29118
1994-09-23,-0.945,29210
1994-09-22,-0.100,29488
1994-09-21,-0.730,29518
1994-09-20,-1.844,29735
1994-09-19,-0.911,30293
1994-09-16,0.004,30572
1994-09-15,2.187,30571
1994-09-14,0.214,29916
1994-09-13,1.485,29852
1994-09-12,-0.522,29415
1994-09-09,-1.649,29570
1994-09-08,0.837,30066
1994-09-07,0.952,29816
1994-09-06,0.855,29535
1994-09-02,-0.313,29285
1994-09-01,-2.674,29377
1994-08-31,0.004,30184
1994-08-30,1.047,30183
1994-08-29,-0.307,29870
1994-08-26,2.121,29962
1994-08-25,0.644,29340
1994-08-24,0.541,29152
1994-08-23,1.199,28995
1994-08-22,-0.320,28651
1994-08-19,-0.428,28743
1994-08-18,-0.529,28867
1994-08-17,1.746,29020
1994-08-16,0.995,28522
1994-08-15,-0.216,28241
1994-08-12,1.002,28303
1994-08-11,-0.105,28022
1994-08-10,1.011,28051
1994-08-09,0.230,27770
1994-08-08,0.566,27707
1994-08-05,0.004,27551
1994-08-04,-1.000,27550
1994-08-03,-0.439,27828
1994-08-02,-0.328,27951
1994-08-01,0.785,28043
1994-07-29,2.289,27824
1994-07-28,-0.449,27202
1994-07-27,0.004,27324
1994-07-26,-0.562,27323
1994-07-25,0.232,27477
1994-07-22,0.802,27414
1994-07-21,-2.009,27196
1994-07-20,0.004,27753
1994-07-19,0.004,27752
1994-07-18,0.792,27751
1994-07-15,-0.443,27533
1994-07-14,1.484,27655
1994-07-13,0.004,27251
1994-07-12,0.925,27250
1994-07-11,-0.452,27000
1994-07-08,0.118,27122
1994-07-07,1.635,27090
1994-07-06,-1.032,26655
1994-07-05,-0.910,26933
1994-07-01,0.004,27180
1994-06-30,-0.902,27179
1994-06-29,-0.219,27426
1994-06-28,2.312,27486
1994-06-27,0.004,26865
1994-06-24,-2.800,26864
1994-06-23,0.004,27638
1994-06-22,0.570,27637
1994-06-21,-1.332,27480
1994-06-20,-0.880,27851
1994-06-17,-1.944,28098
1994-06-16,0.330,28655
1994-06-15,-0.643,28561
1994-06-14,1.316,28746
1994-06-13,-0.970,28372
1994-06-10,1.320,28650
1994-06-09,0.334,28277
1994-06-08,-1.619,28183
1994-06-07,-0.641,28646
1994-06-06,-0.637,28831
1994-06-03,0.650,29016
1994-06-02,0.328,28828
1994-06-01,0.004,28734
1994-05-31,0.656,28733
1994-05-27,0.004,28546
1994-05-26,-0.320,28544
1994-05-25,-0.319,28636
1994-05-24,1.649,28728
1994-05-23,0.004,28262
1994-05-20,-0.649,28260
1994-05-19,0.662,28445
1994-05-18,2.018,28258
1994-05-17,0.680,27699
1994-05-16,-0.999,27512
1994-05-13,-0.329,27789
1994-05-12,0.676,27881
1994-05-11,-1.646,27694
1994-05-10,0.336,28157
1994-05-09,-0.979,28063
1994-05-06,-0.970,28341
1994-05-05,0.004,28618
1994-05-04,0.330,28617
1994-05-03,0.331,28523
1994-05-02,0.004,28429
1994-04-29,0.995,28427
1994-04-28,-0.976,28147
1994-04-26,0.332,28425
1994-04-25,1.671,28331
1994-04-22,0.004,27865
1994-04-21,2.394,27864
1994-04-20,-1.009,27212
1994-04-19,-0.999,27490
1994-04-18,-0.989,27767
1994-04-15,0.337,28045
1994-04-14,-0.327,27950
1994-04-13,-1.624,28042
1994-04-12,-1.913,28505
1994-04-11,0.325,29061
1994-04-08,-1.573,28967
1994-04-07,1.282,29430
1994-04-06,-0.630,29057
1994-04-05,3.623,29241
1994-04-04,-2.560,28219
1994-03-31,0.326,28960
1994-03-30,-0.951,28866
1994-03-29,-2.480,29143
1994-03-28,-0.919,29884
1994-03-25,-0.607,30162
1994-03-24,-1.797,30346
1994-03-23,0.306,30901
1994-03-22,0.004,30807
1994-03-21,-0.594,30806
1994-03-18,-0.294,30990
1994-03-17,0.304,31081
1994-03-16,0.911,30987
1994-03-15,0.004,30707
1994-03-14,0.307,30706
1994-03-11,0.614,30612
1994-03-10,-0.902,30425
1994-03-09,0.307,30702
1994-03-08,-0.598,30608
1994-03-07,0.611,30792
1994-03-04,0.922,30605
1994-03-03,0.311,30326
1994-03-02,-0.605,30232
1994-03-01,-1.200,30416
1994-02-28,1.224,30785
1994-02-25,0.004,30413
1994-02-24,-0.902,30412
1994-02-23,-0.297,30688
1994-02-22,0.307,30780
1994-02-18,0.307,30686
1994-02-17,-1.193,30592
1994-02-16,-0.294,30961
1994-02-15,0.605,31052
1994-02-14,0.816,30866
1994-02-11,0.130,30616
1994-02-10,-0.644,30576
1994-02-09,0.610,30774
1994-02-08,0.460,30587
1994-02-07,0.538,30447
1994-02-04,-3.065,30284
1994-02-03,-0.420,31242
1994-02-02,0.380,31374
1994-02-01,-0.911,31255
1994-01-31,0.356,31542
1994-01-28,0.632,31430
1994-01-27,0.673,31233
1994-01-26,0.175,31024
1994-01-25,-0.672,30970
1994-01-24,-0.573,31179
1994-01-21,0.015,31359
1994-01-20,1.267,31355
1994-01-19,-1.112,30962
1994-01-18,0.039,31310
1994-01-17,-0.233,31298
1994-01-14,0.919,31371
1994-01-13,-0.115,31086
1994-01-12,0.152,31122
1994-01-11,-0.259,31074
1994-01-10,1.020,31155
1994-01-07,0.141,30840
1994-01-06,0.783,30797
1994-01-05,0.723,30558
1994-01-04,0.673,30338
1994-01-03,-0.690,30136
1993-12-31,0.138,30345
1993-12-30,0.594,30303
1993-12-29,0.162,30124
1993-12-28,0.740,30075
1993-12-27,0.389,29854
1993-12-23,0.492,29739
1993-12-22,-0.026,29593
1993-12-21,-0.310,29601
1993-12-20,0.175,29693
1993-12-17,0.741,29641
1993-12-16,0.320,29423
1993-12-15,0.554,29330
1993-12-14,-1.276,29168
1993-12-13,0.212,29545
1993-12-10,-0.075,29483
1993-12-09,-1.915,29505
1993-12-08,-0.549,30081
1993-12-07,-0.506,30247
1993-12-06,-0.689,30401
1993-12-03,1.416,30612
1993-12-02,0.819,30184
1993-12-01,1.600,29939
1993-11-30,0.932,29467
1993-11-29,-0.810,29195
1993-11-26,0.332,29434
1993-11-24,1.002,29336
1993-11-23,2.102,29045
1993-11-22,-1.892,28447
1993-11-19,-0.306,28996
1993-11-18,-1.052,29085
1993-11-17,-1.927,29394
1993-11-16,0.578,29972
1993-11-15,-1.027,29800
1993-11-12,0.132,30109
1993-11-11,0.425,30069
1993-11-10,1.832,29942
1993-11-09,0.278,29403
1993-11-08,0.315,29322
1993-11-05,1.635,29230
1993-11-04,-2.696,28760
1993-11-03,-1.869,29557
1993-11-02,0.073,30120
1993-11-01,1.033,30098
1993-10-29,0.447,29790
1993-10-28,-0.256,29657
1993-10-27,1.469,29733
1993-10-26,-0.725,29303
1993-10-25,-0.201,29517
1993-10-22,0.214,29576
1993-10-21,0.893,29513
1993-10-20,0.314,29252
1993-10-19,-1.826,29160
1993-10-18,-0.663,29703
1993-10-15,0.117,29901
1993-10-14,1.473,29866
1993-10-13,0.975,29432
1993-10-12,0.502,29148
1993-10-11,-0.173,29003
1993-10-08,0.878,29053
1993-10-07,-0.636,28800
1993-10-06,-0.226,28984
1993-10-05,-0.786,29050
1993-10-04,0.389,29280
1993-10-01,0.024,29166
1993-09-30,-1.078,29160
1993-09-29,0.225,29477
1993-09-28,0.918,29411
1993-09-27,1.182,29144
1993-09-24,0.257,28803
1993-09-23,0.821,28729
1993-09-22,2.284,28495
1993-09-21,-0.493,27859
1993-09-20,0.347,27997
1993-09-17,0.123,27900
1993-09-16,-0.430,27866
1993-09-15,0.857,27986
1993-09-14,-0.922,27749
1993-09-13,-0.823,28007
1993-09-10,0.635,28239
1993-09-09,0.946,28061
1993-09-08,-0.499,27798
1993-09-07,-1.881,27938
1993-09-03,-0.230,28473
1993-09-02,0.110,28539
1993-09-01,0.405,28507
1993-08-31,0.904,28392
1993-08-30,0.767,28138
1993-08-27,0.502,27924
1993-08-26,-0.894,27784
1993-08-25,-0.819,28035
1993-08-24,0.138,28267
1993-08-23,-0.102,28228
1993-08-20,0.162,28257
1993-08-19,-1.477,28211
1993-08-18,0.444,28634
1993-08-17,0.961,28507
1993-08-16,2.813,28236
1993-08-13,0.292,27464
1993-08-12,-0.092,27384
1993-08-11,0.304,27409
1993-08-10,-1.007,27326
1993-08-09,-0.234,27604
1993-08-06,0.204,27669
1993-08-05,0.636,27612
1993-08-04,1.092,27438
1993-08-03,0.276,27141
1993-08-02,0.674,27067
1993-07-30,-1.248,26885
1993-07-29,0.146,27225
1993-07-28,1.361,27186
1993-07-27,-1.232,26821
1993-07-26,0.906,27155
1993-07-23,1.395,26911
1993-07-22,-1.217,26541
1993-07-21,-0.877,26868
1993-07-20,1.919,27106
1993-07-19,-0.573,26595
1993-07-16,-2.608,26748
1993-07-15,-0.899,27464
1993-07-14,0.486,27714
1993-07-13,-0.245,27579
1993-07-12,0.113,27647
1993-07-09,0.488,27616
1993-07-08,0.791,27482
1993-07-07,-0.812,27266
1993-07-06,-0.939,27490
1993-07-02,0.135,27750
1993-07-01,-0.656,27713
1993-06-30,0.046,27896
1993-06-29,-0.676,27883
1993-06-28,1.717,28072
1993-06-25,1.230,27598
1993-06-24,0.814,27263
1993-06-23,-0.354,27043
1993-06-22,-0.467,27139
1993-06-21,-0.025,27266
1993-06-18,-1.662,27273
1993-06-17,-0.277,27734
1993-06-16,-0.534,27811
1993-06-15,-0.046,27960
1993-06-14,1.121,27973
1993-06-11,0.982,27663
1993-06-10,-0.194,27394
1993-06-09,-0.136,27448
1993-06-08,-0.994,27485
1993-06-07,-1.158,27761
1993-06-04,-0.922,28086
1993-06-03,-0.169,28347
1993-06-02,0.043,28395
1993-06-01,1.201,28383
1993-05-28,-1.240,28046
1993-05-27,-0.433,28398
1993-05-26,2.220,28522
1993-05-25,-0.237,27902
1993-05-24,0.115,27969
1993-05-21,-1.023,27937
1993-05-20,1.585,28226
1993-05-19,2.438,27785
1993-05-18,0.944,27124
1993-05-17,0.820,26870
1993-05-14,0.601,26651
1993-05-13,-0.926,26492
1993-05-12,-0.581,26740
1993-05-11,-0.519,26896
1993-05-10,0.459,27036
1993-05-07,0.429,26913
1993-05-06,-1.022,26798
1993-05-05,0.586,27074
1993-05-04,2.409,26917
1993-05-03,1.477,26283
1993-04-30,0.286,25901
1993-04-29,-0.200,25827
1993-04-28,1.512,25879
1993-04-27,2.237,25493
1993-04-26,-1.912,24936
1993-04-23,-1.424,25422
1993-04-22,-0.506,25789
1993-04-21,0.336,25920
1993-04-20,0.474,25833
1993-04-19,-0.936,25711
1993-04-16,-0.945,25954
1993-04-15,-0.747,26202
1993-04-14,0.179,26399
1993-04-13,-0.900,26352
1993-04-12,2.181,26591
1993-04-08,-1.052,26024
1993-04-07,1.360,26300
1993-04-06,-1.204,25947
1993-04-05,1.035,26264
1993-04-02,-3.714,25995
1993-04-01,-1.413,26997
1993-03-31,0.475,27384
1993-03-30,1.796,27255
1993-03-29,-0.352,26774
1993-03-26,-0.488,26869
1993-03-25,1.684,27000
1993-03-24,0.106,26553
1993-03-23,-0.366,26525
1993-03-22,-0.609,26622
1993-03-19,-1.108,26786
1993-03-18,-0.045,27086
1993-03-17,-2.186,27098
1993-03-16,-0.195,27704
1993-03-15,0.460,27758
1993-03-12,0.252,27630
1993-03-11,0.133,27561
1993-03-10,0.518,27525
1993-03-09,-0.011,27383
1993-03-08,1.088,27386
1993-03-05,0.011,27091
1993-03-04,-1.231,27088
1993-03-03,1.053,27426
1993-03-02,2.037,27140
1993-03-01,-0.581,26598
1993-02-26,-0.151,26754
1993-02-25,0.440,26794
1993-02-24,2.605,26677
1993-02-23,0.261,25999
1993-02-22,-2.176,25931
1993-02-19,-0.103,26508
1993-02-18,0.685,26536
1993-02-17,-0.283,26355
1993-02-16,-3.959,26430
1993-02-12,-1.403,27519
1993-02-11,-0.264,27911
1993-02-10,1.199,27985
1993-02-09,-0.760,27653
1993-02-08,-0.886,27865
1993-02-05,-1.403,28114
1993-02-04,-0.608,28514
1993-02-03,-0.238,28689
1993-02-02,0.522,28757
1993-02-01,1.328,28608
1993-01-29,-0.030,28233
1993-01-28,-0.521,28242
1993-01-27,-1.784,28389
1993-01-26,-0.441,28905
1993-01-25,0.858,29033
1993-01-22,-0.401,28786
1993-01-21,0.961,28902
1993-01-20,-0.077,28627
1993-01-19,-0.723,28649
1993-01-18,-0.127,28858
1993-01-15,-0.551,28894
1993-01-14,1.461,29054
1993-01-13,2.158,28636
1993-01-12,-0.782,28031
1993-01-11,1.442,28252
1993-01-08,0.418,27851
1993-01-07,-0.804,27735
1993-01-06,1.868,27960
1993-01-05,1.086,27447
1993-01-04,-1.061,27152
1992-12-31,0.069,27443
1992-12-30,0.036,27424
1992-12-29,0.209,27414
1992-12-28,0.420,27357
1992-12-24,0.297,27243
1992-12-23,0.242,27162
1992-12-22,-1.027,27096
1992-12-21,0.402,27378
1992-12-18,0.291,27268
1992-12-17,2.264,27189
1992-12-16,0.579,26587
1992-12-15,-0.704,26434
1992-12-14,-0.425,26621
1992-12-11,-1.035,26734
1992-12-10,-0.908,27014
1992-12-09,-0.765,27262
1992-12-08,-0.348,27472
1992-12-07,0.957,27568
1992-12-04,1.018,27307
1992-12-03,0.916,27032
1992-12-02,-0.312,26786
1992-12-01,0.487,26870
1992-11-30,0.472,26740
1992-11-27,-0.100,26614
1992-11-25,-0.091,26641
1992-11-24,1.904,26665
1992-11-23,-1.540,26167
1992-11-20,0.594,26576
1992-11-19,0.709,26419
1992-11-18,1.798,26233
1992-11-17,-1.857,25770
1992-11-16,-1.108,26258
1992-11-13,0.487,26552
1992-11-12,-0.305,26423
1992-11-11,1.008,26504
1992-11-10,1.119,26239
1992-11-09,0.722,25949
1992-11-06,0.490,25763
1992-11-05,2.664,25637
1992-11-04,0.552,24972
1992-11-03,-1.323,24835
1992-11-02,0.358,25168
1992-10-30,-0.586,25078
1992-10-29,1.350,25226
1992-10-28,0.849,24890
1992-10-27,-0.990,24680
1992-10-26,0.532,24927
1992-10-23,-0.202,24795
1992-10-22,0.009,24846
1992-10-21,0.832,24843
1992-10-20,0.183,24638
1992-10-19,2.026,24594
1992-10-16,1.362,24105
1992-10-15,0.824,23781
1992-10-14,-0.177,23587
1992-10-13,0.656,23629
1992-10-12,0.811,23475
1992-10-09,-0.882,23286
1992-10-08,0.973,23493
1992-10-07,-0.838,23267
1992-10-06,1.406,23464
1992-10-05,-0.230,23138
1992-10-02,-1.505,23192
1992-10-01,-1.325,23546
1992-09-30,0.818,23862
1992-09-29,0.903,23669
1992-09-28,-0.761,23457
1992-09-25,-2.302,23637
1992-09-24,0.548,24194
1992-09-23,0.490,24062
1992-09-22,-1.560,23944
1992-09-21,-0.206,24324
1992-09-18,0.210,24374
1992-09-17,0.251,24323
1992-09-16,-0.450,24262
1992-09-15,-1.463,24372
1992-09-14,2.995,24734
1992-09-11,0.121,24014
1992-09-10,1.555,23986
1992-09-09,1.380,23618
1992-09-08,-0.202,23297
1992-09-04,-0.578,23344
1992-09-03,0.525,23480
1992-09-02,1.520,23357
1992-09-01,0.906,23007
1992-08-31,0.043,22801
1992-08-28,-0.110,22791
1992-08-27,1.101,22816
1992-08-26,1.411,22568
1992-08-25,0.471,22254
1992-08-24,-1.684,22149
1992-08-21,-1.249,22529
1992-08-20,0.375,22814
1992-08-19,-0.709,22728
1992-08-18,0.020,22891
1992-08-17,-0.612,22886
1992-08-14,0.319,23027
1992-08-13,0.106,22954
1992-08-12,-0.516,22930
1992-08-11,-0.565,23048
1992-08-10,0.303,23179
1992-08-07,-0.410,23109
1992-08-06,-0.659,23205
1992-08-05,-1.443,23358
1992-08-04,-0.537,23701
1992-08-03,0.598,23829
1992-07-31,-0.016,23687
1992-07-30,0.268,23691
1992-07-29,1.095,23627
1992-07-28,1.627,23371
1992-07-27,-0.524,22997
1992-07-24,0.307,23118
1992-07-23,0.442,23048
1992-07-22,-1.288,22946
1992-07-21,1.551,23246
1992-07-20,-1.669,22891
1992-07-17,-1.844,23279
1992-07-16,0.611,23717
1992-07-15,0.045,23573
1992-07-14,1.400,23562
1992-07-13,0.710,23237
1992-07-10,0.212,23073
1992-07-09,1.556,23024
1992-07-08,0.439,22671
1992-07-07,-2.030,22572
1992-07-06,0.505,23040
1992-07-02,-1.683,22924
1992-07-01,1.593,23317
1992-06-30,0.143,22951
1992-06-29,3.713,22918
1992-06-26,-0.419,22098
1992-06-25,-1.368,22190
1992-06-24,-0.723,22498
1992-06-23,0.742,22662
1992-06-22,-0.546,22495
1992-06-19,1.689,22619
1992-06-18,-0.498,22243
1992-06-17,-1.939,22354
1992-06-16,-1.537,22796
1992-06-15,-0.079,23152
1992-06-12,0.509,23170
1992-06-11,-0.010,23053
1992-06-10,-0.741,23055
1992-06-09,-1.731,23227
1992-06-08,-0.964,23637
1992-06-05,-0.851,23867
1992-06-04,-0.441,24072
1992-06-03,0.032,24178
1992-06-02,-0.545,24171
1992-06-01,1.167,24303
1992-05-29,1.064,24023
1992-05-28,1.269,23770
1992-05-27,0.713,23472
1992-05-26,-0.807,23306
1992-05-22,0.143,23496
1992-05-21,-0.520,23462
1992-05-20,1.025,23585
1992-05-19,0.604,23346
1992-05-18,0.515,23205
1992-05-15,-0.506,23086
1992-05-14,-1.360,23204
1992-05-13,-0.416,23524
1992-05-12,-0.596,23622
1992-05-11,0.206,23764
1992-05-08,-0.470,23715
1992-05-07,-0.755,23827
1992-05-06,0.108,24008
1992-05-05,1.307,23982
1992-05-04,1.050,23673
1992-05-01,-0.123,23427
1992-04-30,1.611,23456
1992-04-29,2.834,23084
1992-04-28,-1.675,22448
1992-04-27,-1.369,22830
1992-04-24,-1.206,23147
1992-04-23,-0.653,23430
1992-04-22,1.279,23584
1992-04-21,-0.731,23286
1992-04-20,-3.558,23458
1992-04-16,-2.095,24323
1992-04-15,1.722,24843
1992-04-14,1.072,24423
1992-04-13,1.329,24164
1992-04-10,-2.050,23847
1992-04-09,2.796,24346
1992-04-08,-0.671,23684
1992-04-07,-3.574,23844
1992-04-06,2.582,24728
1992-04-03,-0.406,24105
1992-04-02,-1.929,24203
1992-04-01,0.269,24680
1992-03-31,0.217,24613
1992-03-30,-0.577,24560
1992-03-27,-2.724,24702
1992-03-26,-1.288,25394
1992-03-25,-0.410,25726
1992-03-24,0.000,25832
1992-03-23,-0.537,25832
1992-03-20,-0.490,25971
1992-03-19,-0.023,26099
1992-03-18,-0.085,26105
1992-03-17,1.375,26127
1992-03-16,0.535,25773
1992-03-13,0.490,25636
1992-03-12,-0.066,25511
1992-03-11,-1.549,25528
1992-03-10,2.103,25929
1992-03-09,0.093,25395
1992-03-06,-1.339,25371
1992-03-05,-1.197,25716
1992-03-04,-1.183,26027
1992-03-03,-0.268,26339
1992-03-02,0.217,26410
1992-02-28,-0.435,26353
1992-02-27,-0.121,26468
1992-02-26,2.802,26500
1992-02-25,-0.186,25778
1992-02-24,-1.002,25826
1992-02-21,-0.851,26087
1992-02-20,2.151,26311
1992-02-19,-0.145,25757
1992-02-18,-2.348,25794
1992-02-14,-0.892,26414
1992-02-13,-1.733,26652
1992-02-12,3.362,27122
1992-02-11,-0.243,26240
1992-02-10,-0.453,26304
1992-02-07,-0.647,26424
1992-02-06,-0.510,26596
1992-02-05,1.136,26732
1992-02-04,1.623,26432
1992-02-03,0.907,26010
1992-01-31,-0.844,25776
1992-01-30,1.156,25995
1992-01-29,-1.044,25698
1992-01-28,0.109,25970
1992-01-27,-1.439,25941
1992-01-24,-0.179,26320
1992-01-23,-0.072,26367
1992-01-22,4.338,26386
1992-01-21,-2.893,25289
1992-01-20,-2.265,26043
1992-01-17,-0.625,26646
1992-01-16,-1.032,26814
1992-01-15,0.854,27093
1992-01-14,1.243,26864
1992-01-13,0.331,26534
1992-01-10,-0.916,26446
1992-01-09,1.751,26691
1992-01-08,1.369,26232
1992-01-07,0.816,25877
1992-01-06,0.618,25668
1992-01-03,0.435,25510
1992-01-02,0.759,25400
1991-12-31,1.261,25208
1991-12-30,3.147,24894
1991-12-27,0.985,24135
1991-12-26,2.149,23899
1991-12-24,1.246,23397
1991-12-23,2.529,23109
1991-12-20,0.438,22539
1991-12-19,-1.696,22440
1991-12-18,0.244,22827
1991-12-17,-1.366,22772
1991-12-16,0.561,23087
1991-12-13,1.124,22958
1991-12-12,1.065,22703
1991-12-11,-0.499,22464
1991-12-10,0.186,22577
1991-12-09,-0.125,22535
1991-12-06,0.615,22563
1991-12-05,-0.264,22425
1991-12-04,0.398,22485
1991-12-03,0.003,22395
1991-12-02,3.209,22395
1991-11-29,-0.154,21698
1991-11-27,0.387,21732
1991-11-26,0.396,21648
1991-11-25,-1.156,21563
1991-11-22,-0.793,21815
1991-11-21,1.196,21989
1991-11-20,0.285,21730
1991-11-19,-1.455,21668
1991-11-18,1.430,21988
1991-11-15,-5.491,21678
1991-11-14,-0.588,22937
1991-11-13,0.288,23073
1991-11-12,1.380,23006
1991-11-11,0.778,22693
1991-11-08,0.912,22518
1991-11-07,1.192,22315
1991-11-06,0.131,22052
1991-11-05,0.735,22023
1991-11-04,-1.055,21862
1991-11-01,-0.855,22095
1991-10-31,-0.753,22286
1991-10-30,1.600,22455
1991-10-29,1.292,22101
1991-10-28,1.216,21819
1991-10-25,-0.949,21557
1991-10-24,-1.279,21764
1991-10-23,-0.495,22046
1991-10-22,-0.024,22155
1991-10-21,-0.768,22161
1991-10-18,0.222,22332
1991-10-17,-1.744,22283
1991-10-16,1.480,22678
1991-10-15,2.138,22347
1991-10-14,2.014,21880
1991-10-11,0.853,21448
1991-10-10,0.944,21266
1991-10-09,-1.253,21067
1991-10-08,0.405,21335
1991-10-07,-0.578,21249
1991-10-04,0.036,21372
1991-10-03,-1.631,21365
1991-10-02,-1.148,21719
1991-10-01,0.289,21971
1991-09-30,0.560,21908
1991-09-27,-0.688,21786
1991-09-26,-0.370,21937
1991-09-25,0.571,22018
1991-09-24,0.871,21893
1991-09-23,-0.614,21704
1991-09-20,1.100,21838
1991-09-19,0.879,21601
1991-09-18,1.061,21413
1991-09-17,-0.172,21188
1991-09-16,-0.333,21224
1991-09-13,-2.119,21295
1991-09-12,2.110,21756
1991-09-11,1.183,21307
1991-09-10,-1.763,21058
1991-09-09,0.493,21435
1991-09-06,-0.278,21330
1991-09-05,-0.380,21390
1991-09-04,-0.886,21471
1991-09-03,-1.068,21663
1991-08-30,-0.412,21897
1991-08-29,-0.445,21988
1991-08-28,1.084,22086
1991-08-27,0.024,21849
1991-08-26,-0.024,21844
1991-08-23,0.777,21849
1991-08-22,-0.524,21681
1991-08-21,4.325,21795
1991-08-20,0.824,20891
1991-08-19,-2.701,20721
1991-08-16,-0.816,21296
1991-08-15,-1.026,21471
1991-08-14,0.800,21694
1991-08-13,0.792,21522
1991-08-12,0.755,21352
1991-08-09,-0.219,21192
1991-08-08,0.803,21239
1991-08-07,0.655,21070
1991-08-06,0.948,20933
1991-08-05,-1.202,20736
1991-08-02,0.449,20988
1991-08-01,0.768,20894
1991-07-31,1.055,20735
1991-07-30,1.769,20519
1991-07-29,0.155,20162
1991-07-26,1.156,20131
1991-07-25,1.295,19901
1991-07-24,-0.563,19646
1991-07-23,-1.899,19758
1991-07-22,-0.970,20140
1991-07-19,0.259,20338
1991-07-18,1.086,20285
1991-07-17,-0.416,20067
1991-07-16,-1.644,20151
1991-07-15,0.546,20488
1991-07-12,1.364,20376
1991-07-11,0.197,20102
1991-07-10,1.013,20062
1991-07-09,0.676,19861
1991-07-08,2.762,19728
1991-07-05,-0.182,19198
1991-07-03,-1.429,19233
1991-07-02,-1.169,19512
1991-07-01,1.939,19742
1991-06-28,-0.415,19367
1991-06-27,1.109,19448
1991-06-26,0.578,19234
1991-06-25,0.048,19124
1991-06-24,-3.611,19115
1991-06-21,-0.107,19831
1991-06-20,0.111,19852
1991-06-19,-1.962,19830
1991-06-18,-0.781,20227
1991-06-17,-0.086,20386
1991-06-14,1.137,20404
1991-06-13,-0.188,20174
1991-06-12,-1.471,20213
1991-06-11,0.324,20514
1991-06-10,-0.809,20448
1991-06-07,-1.327,20615
1991-06-06,-1.139,20892
1991-06-05,-1.337,21133
1991-06-04,0.068,21419
1991-06-03,0.695,21405
1991-05-31,0.635,21257
1991-05-30,1.050,21123
1991-05-29,0.358,20904
1991-05-28,1.440,20829
1991-05-24,0.868,20533
1991-05-23,0.561,20357
1991-05-22,1.700,20243
1991-05-21,1.017,19905
1991-05-20,-0.706,19704
1991-05-17,-0.088,19845
1991-05-16,1.000,19862
1991-05-15,-2.999,19666
1991-05-14,-1.078,20274
1991-05-13,0.104,20494
1991-05-10,-0.933,20473
1991-05-09,1.523,20666
1991-05-08,0.346,20356
1991-05-07,-0.404,20286
1991-05-06,0.082,20368
1991-05-03,0.225,20351
1991-05-02,0.867,20306
1991-05-01,0.216,20131
1991-04-30,-0.936,20088
1991-04-29,-1.902,20277
1991-04-26,-0.243,20670
1991-04-25,-0.940,20721
1991-04-24,0.882,20917
1991-04-23,0.302,20734
1991-04-22,-0.978,20672
1991-04-19,-1.361,20876
1991-04-18,-1.976,21164
1991-04-17,0.479,21591
1991-04-16,1.344,21488
1991-04-15,-0.326,21203
1991-04-12,0.269,21272
1991-04-11,2.726,21215
1991-04-10,-0.689,20652
1991-04-09,-0.983,20795
1991-04-08,0.076,21002
1991-04-05,-0.667,20986
1991-04-04,0.778,21127
1991-04-03,0.475,20964
1991-04-02,3.496,20865
1991-04-01,-0.113,20160
1991-03-28,-0.623,20183
1991-03-27,0.714,20309
1991-03-26,3.476,20165
1991-03-25,1.391,19488
1991-03-22,-0.277,19221
1991-03-21,-1.218,19274
1991-03-20,0.882,19512
1991-03-19,-0.696,19341
1991-03-18,0.393,19477
1991-03-15,-0.453,19400
1991-03-14,-0.498,19489
1991-03-13,2.553,19586
1991-03-12,-1.767,19099
1991-03-11,-2.922,19442
1991-03-08,-0.643,20027
1991-03-07,0.536,20157
1991-03-06,0.370,20050
1991-03-05,3.473,19976
1991-03-04,0.392,19305
1991-03-01,0.908,19230
1991-02-28,0.160,19057
1991-02-27,0.771,19026
1991-02-26,-0.892,18881
1991-02-25,0.567,19051
1991-02-22,0.721,18943
1991-02-21,-0.367,18808
1991-02-20,-1.216,18877
1991-02-19,0.995,19109
1991-02-15,1.120,18921
1991-02-14,-1.897,18712
1991-02-13,0.862,19074
1991-02-12,-0.445,18910
1991-02-11,1.980,18995
1991-02-08,0.427,18626
1991-02-07,-1.469,18547
1991-02-06,2.277,18824
1991-02-05,1.980,18405
1991-02-04,1.032,18047
1991-02-01,0.869,17863
1991-01-31,1.374,17709
1991-01-30,2.143,17469
1991-01-29,1.003,17102
1991-01-28,0.557,16933
1991-01-25,0.560,16839
1991-01-24,1.830,16745
1991-01-23,1.821,16444
1991-01-22,-1.120,16150
1991-01-21,1.357,16333
1991-01-18,1.070,16114
1991-01-17,3.104,15944
1991-01-16,3.901,15464
1991-01-15,0.810,14883
1991-01-14,-1.233,14763
1991-01-11,0.056,14948
1991-01-10,2.290,14939
1991-01-09,-0.208,14605
1991-01-08,-0.135,14635
1991-01-07,-2.271,14655
1991-01-04,0.214,14996
1991-01-03,-1.682,14964
1991-01-02,-0.384,15220
1990-12-31,0.557,15278
1990-12-28,0.131,15194
1990-12-27,-0.703,15174
1990-12-26,-0.323,15282
1990-12-24,-0.755,15331
1990-12-21,0.615,15448
1990-12-20,0.549,15353
1990-12-19,0.577,15269
1990-12-18,2.153,15182
1990-12-17,-0.546,14862
1990-12-14,-0.959,14943
1990-12-13,0.000,15088
1990-12-12,0.748,15088
1990-12-11,-1.444,14976
1990-12-10,0.050,15195
1990-12-07,-0.075,15188
1990-12-06,0.231,15199
1990-12-05,1.754,15164
1990-12-04,0.550,14903
1990-12-03,0.971,14821
1990-11-30,0.811,14679
1990-11-29,0.749,14561
1990-11-28,0.270,14453
1990-11-27,2.193,14414
1990-11-26,0.456,14104
1990-11-23,0.185,14040
1990-11-21,0.344,14014
1990-11-20,-1.994,13966
1990-11-19,1.125,14251
1990-11-16,-2.422,14092
1990-11-15,-1.507,14442
1990-11-14,1.353,14663
1990-11-13,0.641,14467
1990-11-12,3.528,14375
1990-11-09,2.549,13885
1990-11-08,0.356,13540
1990-11-07,-1.764,13492
1990-11-06,-0.111,13734
1990-11-05,2.030,13749
1990-11-02,2.308,13476
1990-11-01,0.185,13172
1990-10-31,-0.254,13147
1990-10-30,0.728,13181
1990-10-29,-1.412,13086
1990-10-26,-1.765,13273
1990-10-25,-0.633,13512
1990-10-24,0.039,13598
1990-10-23,-0.090,13592
1990-10-22,2.256,13605
1990-10-19,1.299,13304
1990-10-18,3.055,13134
1990-10-17,1.076,12744
1990-10-16,-2.279,12609
1990-10-15,1.577,12903
1990-10-12,0.926,12702
1990-10-11,-2.526,12586
1990-10-10,-2.396,12912
1990-10-09,-3.303,13229
1990-10-08,0.667,13681
1990-10-05,-0.630,13590
1990-10-04,-0.554,13676
1990-10-03,-2.390,13752
1990-10-02,0.097,14089
1990-10-01,4.338,14075
1990-09-28,1.648,13490
1990-09-27,-2.937,13272
1990-09-26,-0.692,13673
1990-09-25,1.751,13768
1990-09-24,-3.057,13531
1990-09-21,-0.424,13958
1990-09-20,-2.543,14018
1990-09-19,-0.343,14383
1990-09-18,-0.090,14433
1990-09-17,0.042,14446
1990-09-14,-0.105,14440
1990-09-13,-1.367,14455
1990-09-12,0.723,14655
1990-09-11,-0.872,14550
1990-09-10,0.443,14678
1990-09-07,0.593,14613
1990-09-06,-1.620,14527
1990-09-05,-0.483,14766
1990-09-04,0.584,14838
1990-08-31,1.521,14752
1990-08-30,-1.135,14531
1990-08-29,-1.026,14698
1990-08-28,0.485,14850
1990-08-27,4.866,14779
1990-08-24,3.747,14093
1990-08-23,-3.632,13584
1990-08-22,-1.721,14096
1990-08-21,-2.512,14343
1990-08-20,-1.900,14712
1990-08-17,-2.646,14997
1990-08-16,-3.012,15405
1990-08-15,0.086,15883
1990-08-14,0.419,15870
1990-08-13,0.577,15803
1990-08-10,-1.387,15713
1990-08-09,1.727,15934
1990-08-08,1.441,15663
1990-08-07,0.596,15441
1990-08-06,-5.240,15349
1990-08-03,-2.909,16198
1990-08-02,-1.860,16683
1990-08-01,-0.116,17000
1990-07-31,-0.241,17019
1990-07-30,-0.758,17061
1990-07-27,-0.691,17191
1990-07-26,-0.682,17310
1990-07-25,1.002,17429
1990-07-24,-0.391,17256
1990-07-23,-2.177,17324
1990-07-20,-1.675,17710
1990-07-19,-0.764,18011
1990-07-18,-1.370,18150
1990-07-17,-1.889,18402
1990-07-16,0.588,18757
1990-07-13,0.538,18647
1990-07-12,1.101,18547
1990-07-11,0.888,18345
1990-07-10,-0.392,18184
1990-07-09,0.474,18255
1990-07-06,0.493,18169
1990-07-05,-0.374,18080
1990-07-03,-0.096,18148
1990-07-02,-0.017,18165
1990-06-29,0.442,18168
1990-06-28,1.047,18088
1990-06-27,0.863,17901
1990-06-26,0.013,17748
1990-06-25,-1.200,17746
1990-06-22,-1.012,17961
1990-06-21,0.354,18145
1990-06-20,0.224,18081
1990-06-19,0.030,18040
1990-06-18,-1.690,18035
1990-06-15,0.112,18345
1990-06-14,-0.640,18325
1990-06-13,0.812,18443
1990-06-12,1.334,18294
1990-06-11,0.946,18053
1990-06-08,-1.116,17884
1990-06-07,-0.286,18086
1990-06-06,0.092,18138
1990-06-05,-0.945,18121
1990-06-04,0.937,18294
1990-06-01,0.733,18124
1990-05-31,-0.085,17992
1990-05-30,0.216,18008
1990-05-29,1.568,17969
1990-05-25,-2.038,17691
1990-05-24,0.411,18059
1990-05-23,1.383,17986
1990-05-22,0.267,17740
1990-05-21,1.624,17693
1990-05-18,0.825,17410
1990-05-17,0.671,17268
1990-05-16,0.285,17153
1990-05-15,0.281,17104
1990-05-14,1.345,17056
1990-05-11,1.882,16830
1990-05-10,0.641,16519
1990-05-09,0.121,16414
1990-05-08,0.065,16394
1990-05-07,1.091,16383
1990-05-04,1.247,16206
1990-05-03,0.763,16007
1990-05-02,0.705,15886
1990-05-01,0.598,15774
1990-04-30,1.051,15681
1990-04-27,-1.025,15518
1990-04-26,0.097,15678
1990-04-25,0.400,15663
1990-04-24,-0.423,15601
1990-04-23,-1.433,15667
1990-04-20,-1.067,15895
1990-04-19,-1.070,16066
1990-04-18,-1.547,16240
1990-04-17,-0.198,16495
1990-04-16,0.412,16528
1990-04-12,0.704,16460
1990-04-11,0.614,16345
1990-04-10,0.519,16245
1990-04-09,-0.165,16162
1990-04-06,-0.743,16188
1990-04-05,-0.659,16309
1990-04-04,-0.613,16418
1990-04-03,1.947,16519
1990-04-02,-0.225,16203
1990-03-30,0.019,16240
1990-03-29,-0.523,16237
1990-03-28,-1.490,16322
1990-03-27,0.476,16569
1990-03-26,0.909,16491
1990-03-23,0.917,16342
1990-03-22,-1.533,16194
1990-03-21,-0.498,16446
1990-03-20,-1.337,16528
1990-03-19,0.876,16752
1990-03-16,2.099,16606
1990-03-15,0.551,16265
1990-03-14,0.378,16176
1990-03-13,-0.946,16115
1990-03-12,-0.136,16269
1990-03-09,0.333,16291
1990-03-08,1.404,16237
1990-03-07,-0.379,16012
1990-03-06,0.271,16073
1990-03-05,-0.544,16030
1990-03-02,1.167,16117
1990-03-01,0.572,15931
1990-02-28,1.035,15841
1990-02-27,0.562,15678
1990-02-26,1.407,15591
1990-02-23,-1.175,15374
1990-02-22,-0.274,15557
1990-02-21,-0.151,15600
1990-02-20,-1.579,15624
1990-02-16,-0.753,15874
1990-02-15,0.899,15995
1990-02-14,0.415,15852
1990-02-13,0.155,15787
1990-02-12,-0.777,15762
1990-02-09,0.603,15886
1990-02-08,0.213,15790
1990-02-07,0.848,15757
1990-02-06,-0.688,15624
1990-02-05,0.423,15733
1990-02-02,1.271,15666
1990-02-01,0.545,15470
1990-01-31,2.165,15386
1990-01-30,-2.178,15060
1990-01-29,-0.585,15395
1990-01-26,-1.229,15486
1990-01-25,-0.469,15678
1990-01-24,-0.352,15752
1990-01-23,-0.279,15808
1990-01-22,-2.735,15852
1990-01-19,1.586,16298
1990-01-18,-0.014,16043
1990-01-17,-0.618,16046
1990-01-16,2.066,16146
1990-01-15,-0.560,15819
1990-01-12,-2.206,15908
1990-01-11,-1.413,16267
1990-01-10,-2.089,16500
1990-01-09,-1.056,16852
1990-01-08,0.179,17032
1990-01-05,-0.703,17001
1990-01-04,-0.610,17122
1990-01-03,-0.711,17227
1990-01-02,1.733,17350
1989-12-29,1.020,17054
1989-12-28,0.005,16882
1989-12-27,1.815,16882
1989-12-26,-0.005,16581
1989-12-22,0.647,16581
1989-12-21,1.402,16475
1989-12-20,0.971,16247
1989-12-19,0.161,16091
1989-12-18,-1.536,16065
1989-12-15,-1.021,16315
1989-12-14,-0.716,16484
1989-12-13,0.046,16603
1989-12-12,-1.112,16595
1989-12-11,-1.683,16782
1989-12-08,-0.325,17069
1989-12-07,0.268,17125
1989-12-06,-1.386,17079
1989-12-05,0.260,17319
1989-12-04,0.626,17274
1989-12-01,0.388,17166
1989-11-30,0.421,17100
1989-11-29,-0.040,17029
1989-11-28,-0.027,17035
1989-11-27,-0.529,17040
1989-11-24,0.541,17131
1989-11-22,0.391,17038
1989-11-21,-0.291,16972
1989-11-20,0.350,17022
1989-11-17,0.419,16962
1989-11-16,-0.288,16891
1989-11-15,0.438,16940
1989-11-14,-0.620,16866
1989-11-13,0.099,16971
1989-11-10,0.852,16955
1989-11-09,0.127,16811
1989-11-08,1.250,16790
1989-11-07,1.143,16583
1989-11-06,-1.767,16395
1989-11-03,-0.178,16690
1989-11-02,-1.729,16720
1989-11-01,0.310,17014
1989-10-31,1.620,16962
1989-10-30,0.105,16691
1989-10-27,-1.450,16674
1989-10-26,-1.796,16919
1989-10-25,-0.027,17228
1989-10-24,-1.128,17233
1989-10-23,-0.991,17429
1989-10-20,-0.207,17604
1989-10-19,2.207,17640
1989-10-18,1.017,17259
1989-10-17,-0.307,17086
1989-10-16,0.125,17138
1989-10-13,-4.213,17117
1989-10-12,-0.234,17870
1989-10-11,-0.424,17912
1989-10-10,-0.291,17988
1989-10-09,1.011,18040
1989-10-06,1.152,17860
1989-10-05,0.364,17656
1989-10-04,0.944,17592
1989-10-03,0.276,17428
1989-10-02,0.751,17380
1989-09-29,0.071,17250
1989-09-28,1.090,17238
1989-09-27,-0.027,17052
1989-09-26,-0.009,17057
1989-09-25,0.000,17058
1989-09-22,-0.784,17058
1989-09-21,1.507,17193
1989-09-20,0.167,16938
1989-09-19,0.086,16910
1989-09-18,-0.095,16895
1989-09-15,-0.202,16911
1989-09-14,-0.984,16946
1989-09-13,0.134,17114
1989-09-12,0.610,17091
1989-09-11,0.135,16987
1989-09-08,0.660,16965
1989-09-07,-0.212,16853
1989-09-06,-0.854,16889
1989-09-05,0.031,17035
1989-09-01,0.680,17029
1989-08-31,0.271,16914
1989-08-30,0.499,16869
1989-08-29,-0.524,16785
1989-08-28,0.290,16873
1989-08-25,0.191,16824
1989-08-24,1.338,16792
1989-08-23,0.980,16571
1989-08-22,0.556,16410
1989-08-21,-1.167,16319
1989-08-18,0.264,16512
1989-08-17,0.596,16469
1989-08-16,-0.463,16371
1989-08-15,0.493,16447
1989-08-14,-0.693,16366
1989-08-11,-0.511,16481
1989-08-10,-0.197,16565
1989-08-09,-0.856,16598
1989-08-08,0.443,16741
1989-08-07,1.683,16667
1989-08-04,0.270,16392
1989-08-03,0.808,16347
1989-08-02,-0.672,16216
1989-08-01,0.000,16326
1989-07-31,0.530,16326
1989-07-28,0.188,16240
1989-07-27,1.358,16210
1989-07-26,0.909,15992
1989-07-25,-0.053,15848
1989-07-24,-1.304,15857
1989-07-21,-0.104,16066
1989-07-20,-1.180,16083
1989-07-19,1.055,16275
1989-07-18,-1.104,16105
1989-07-17,0.409,16285
1989-07-14,0.657,16219
1989-07-13,0.289,16113
1989-07-12,0.443,16066
1989-07-11,0.291,15995
1989-07-10,-0.119,15949
1989-07-07,0.920,15968
1989-07-06,0.630,15822
1989-07-05,0.438,15723
1989-07-03,0.430,15655
1989-06-30,-1.054,15588
1989-06-29,-2.037,15754
1989-06-28,-1.341,16082
1989-06-27,0.150,16300
1989-06-26,-0.299,16276
1989-06-23,0.961,16325
1989-06-22,0.621,16169
1989-06-21,-0.062,16069
1989-06-20,-0.584,16079
1989-06-19,-0.249,16174
1989-06-16,-0.131,16214
1989-06-15,-1.648,16235
1989-06-14,0.055,16507
1989-06-13,-0.942,16498
1989-06-12,-0.087,16655
1989-06-09,-0.273,16670
1989-06-08,-0.223,16715
1989-06-07,2.556,16753
1989-06-06,0.469,16335
1989-06-05,-2.016,16259
1989-06-02,1.020,16594
1989-06-01,0.489,16426
1989-05-31,0.445,16346
1989-05-30,-0.396,16274
1989-05-26,0.752,16338
1989-05-25,0.401,16216
1989-05-24,0.646,16152
1989-05-23,-0.819,16048
1989-05-22,-0.113,16181
1989-05-19,0.734,16199
1989-05-18,0.157,16081
1989-05-17,1.191,16056
1989-05-16,-0.311,15867
1989-05-15,0.840,15916
1989-05-12,1.794,15784
1989-05-11,0.246,15506
1989-05-10,0.158,15467
1989-05-09,-0.172,15443
1989-05-08,-0.197,15470
1989-05-05,0.668,15500
1989-05-04,0.248,15397
1989-05-03,0.418,15359
1989-05-02,0.000,15295
1989-05-01,0.140,15295
1989-04-28,0.451,15274
1989-04-27,1.176,15205
1989-04-26,0.005,15029
1989-04-25,-0.540,15028
1989-04-24,-0.277,15109
1989-04-21,0.612,15151
1989-04-20,-0.212,15059
1989-04-19,0.630,15091
1989-04-18,1.151,14997
1989-04-17,-0.021,14826
1989-04-14,1.465,14829
1989-04-13,-0.369,14615
1989-04-12,0.849,14669
1989-04-11,0.861,14546
1989-04-10,0.467,14421
1989-04-07,1.182,14354
1989-04-06,0.059,14187
1989-04-05,0.302,14178
1989-04-04,-0.161,14136
1989-04-03,-0.022,14158
1989-03-31,0.814,14162
1989-03-30,0.562,14047
1989-03-29,0.731,13969
1989-03-28,0.475,13867
1989-03-27,0.061,13802
1989-03-23,0.249,13794
1989-03-22,-0.797,13759
1989-03-21,1.201,13870
1989-03-20,-1.170,13705
1989-03-17,-2.736,13867
1989-03-16,0.949,14258
1989-03-15,0.011,14123
1989-03-14,-0.285,14122
1989-03-13,0.476,14162
1989-03-10,-0.189,14095
1989-03-09,-0.483,14122
1989-03-08,-0.241,14190
1989-03-07,-0.427,14225
1989-03-06,0.910,14286
1989-03-03,0.189,14157
1989-03-02,0.909,14130
1989-03-01,0.000,14003
1989-02-28,-0.011,14003
1989-02-27,-0.423,14005
1989-02-24,-1.008,14064
1989-02-23,0.382,14207
1989-02-22,-1.281,14153
1989-02-21,-0.180,14337
1989-02-17,0.367,14363
1989-02-16,0.219,14310
1989-02-15,0.959,14279
1989-02-14,-0.151,14143
1989-02-13,0.108,14165
1989-02-10,-1.579,14149
1989-02-09,-0.716,14376
1989-02-08,-1.047,14480
1989-02-07,1.367,14633
1989-02-06,-0.263,14436
1989-02-03,0.053,14474
1989-02-02,0.796,14466
1989-02-01,1.019,14352
1989-01-31,0.915,14207
1989-01-30,0.676,14078
1989-01-27,-0.250,13984
1989-01-26,1.344,14019
1989-01-25,0.766,13833
1989-01-24,1.105,13728
1989-01-23,-1.170,13578
1989-01-20,-0.138,13739
1989-01-19,1.075,13758
1989-01-18,0.881,13611
1989-01-17,-1.177,13493
1989-01-16,0.056,13653
1989-01-13,0.056,13646
1989-01-12,0.794,13638
1989-01-11,0.299,13531
1989-01-10,-0.332,13490
1989-01-09,0.073,13535
1989-01-06,0.017,13525
1989-01-05,-0.039,13523
1989-01-04,1.678,13528
1989-01-03,-1.567,13305
1988-12-30,0.413,13517
1988-12-29,0.885,13461
1988-12-28,-0.051,13343
1988-12-27,-0.222,13350
1988-12-23,0.486,13380
1988-12-22,0.057,13315
1988-12-21,-0.234,13307
1988-12-20,-0.182,13339
1988-12-19,0.793,13363
1988-12-16,1.393,13258
1988-12-15,0.439,13076
1988-12-14,0.364,13019
1988-12-13,-0.503,12971
1988-12-12,-0.396,13037
1988-12-09,-0.052,13089
1988-12-08,-0.555,13096
1988-12-07,-0.672,13169
1988-12-06,0.671,13258
1988-12-05,0.717,13170
1988-12-02,0.169,13076
1988-12-01,1.265,13054
1988-11-30,1.208,12891
1988-11-29,0.705,12737
1988-11-28,0.169,12648
1988-11-25,-0.879,12626
1988-11-23,1.728,12738
1988-11-22,0.330,12522
1988-11-21,-1.633,12481
1988-11-18,0.193,12688
1988-11-17,0.411,12664
1988-11-16,-1.529,12612
1988-11-15,-0.509,12808
1988-11-14,-0.165,12873
1988-11-11,-2.331,12894
1988-11-10,-0.127,13202
1988-11-09,-0.144,13219
1988-11-08,1.407,13238
1988-11-07,-1.279,13054
1988-11-04,-0.396,13224
1988-11-03,0.138,13276
1988-11-02,-0.332,13258
1988-11-01,-0.109,13302
1988-10-31,-0.057,13317
1988-10-28,0.344,13324
1988-10-27,-1.174,13278
1988-10-26,-0.592,13436
1988-10-25,-0.566,13516
1988-10-24,-0.740,13593
1988-10-21,-0.349,13694
1988-10-20,1.910,13742
1988-10-19,0.000,13485
1988-10-18,0.688,13485
1988-10-17,0.234,13393
1988-10-14,0.303,13362
1988-10-13,0.894,13321
1988-10-12,-1.332,13203
1988-10-11,0.394,13381
1988-10-10,-0.602,13329
1988-10-07,-0.136,13410
1988-10-06,0.216,13428
1988-10-05,-0.244,13399
1988-10-04,-0.283,13432
1988-10-03,-1.438,13470
1988-09-30,0.308,13666
1988-09-29,0.994,13624
1988-09-28,0.717,13490
1988-09-27,-0.040,13394
1988-09-26,-0.902,13400
1988-09-23,-0.454,13522
1988-09-22,0.264,13583
1988-09-21,0.566,13547
1988-09-20,0.397,13471
1988-09-19,-0.306,13418
1988-09-16,0.707,13459
1988-09-15,-0.887,13365
1988-09-14,0.631,13484
1988-09-13,0.159,13400
1988-09-12,0.063,13378
1988-09-09,1.451,13370
1988-09-08,0.511,13179
1988-09-07,0.087,13112
1988-09-06,0.274,13100
1988-09-02,1.932,13064
1988-09-01,-1.626,12817
1988-08-31,-0.795,13029
1988-08-30,-0.226,13133
1988-08-29,1.041,13163
1988-08-26,0.264,13027
1988-08-25,-0.832,12993
1988-08-24,1.392,13102
1988-08-23,-0.177,12922
1988-08-22,-1.684,12945
1988-08-19,-0.426,13166
1988-08-18,0.370,13223
1988-08-17,0.151,13174
1988-08-16,1.505,13154
1988-08-15,-2.106,12959
1988-08-12,-0.504,13238
1988-08-11,1.129,13305
1988-08-10,-2.589,13157
1988-08-09,-1.413,13506
1988-08-08,-0.050,13700
1988-08-05,-0.706,13707
1988-08-04,0.061,13804
1988-08-03,0.299,13796
1988-08-02,-0.502,13755
1988-08-01,0.155,13824
1988-07-29,1.650,13803
1988-07-28,0.479,13579
1988-07-27,-1.302,13514
1988-07-26,-1.035,13692
1988-07-25,-0.148,13835
1988-07-22,-0.302,13856
1988-07-21,-1.533,13898
1988-07-20,-0.285,14114
1988-07-19,-1.594,14155
1988-07-18,0.149,14384
1988-07-15,-0.090,14363
1988-07-14,0.298,14376
1988-07-13,0.470,14333
1988-07-12,-0.240,14266
1988-07-11,-0.244,14300
1988-07-08,-0.649,14335
1988-07-07,-0.551,14429
1988-07-06,-0.771,14509
1988-07-05,1.027,14622
1988-07-01,0.492,14473
1988-06-30,0.666,14402
1988-06-29,-0.218,14307
1988-06-28,1.658,14338
1988-06-27,-1.190,14104
1988-06-24,0.091,14274
1988-06-23,0.107,14261
1988-06-22,1.185,14246
1988-06-21,0.873,14079
1988-06-20,-0.408,13957
1988-06-17,-0.304,14014
1988-06-16,-0.860,14057
1988-06-15,0.172,14179
1988-06-14,0.563,14155
1988-06-13,0.000,14075
1988-06-10,1.072,14075
1988-06-09,-0.126,13926
1988-06-08,1.808,13944
1988-06-07,0.006,13696
1988-06-06,0.983,13695
1988-06-03,0.878,13562
1988-06-02,-0.130,13444
1988-06-01,1.927,13461
1988-05-31,2.211,13207
1988-05-27,-0.153,12921
1988-05-26,0.497,12941
1988-05-25,-0.118,12877
1988-05-24,0.931,12892
1988-05-23,-1.313,12773
1988-05-20,-0.270,12943
1988-05-19,0.035,12978
1988-05-18,-2.177,12974
1988-05-17,-0.526,13262
1988-05-16,0.662,13333
1988-05-13,1.240,13245
1988-05-12,0.533,13083
1988-05-11,-2.019,13013
1988-05-10,-0.349,13282
1988-05-09,-1.270,13328
1988-05-06,-0.281,13499
1988-05-05,-0.532,13538
1988-05-04,-0.207,13610
1988-05-03,1.273,13638
1988-05-02,0.472,13467
1988-04-29,-0.458,13403
1988-04-28,-0.271,13465
1988-04-27,0.260,13502
1988-04-26,1.347,13467
1988-04-25,0.623,13288
1988-04-22,0.726,13205
1988-04-21,-0.503,13110
1988-04-20,-0.809,13176
1988-04-19,0.461,13284
1988-04-18,0.243,13223
1988-04-15,-0.081,13191
1988-04-14,-3.942,13202
1988-04-13,0.155,13743
1988-04-12,0.089,13722
1988-04-11,0.564,13710
1988-04-08,0.902,13633
1988-04-07,0.413,13511
1988-04-06,2.140,13455
1988-04-05,0.869,13173
1988-04-04,-1.068,13060
1988-03-31,0.656,13201
1988-03-30,-0.881,13115
1988-03-29,0.474,13231
1988-03-28,-0.023,13169
1988-03-25,-1.076,13172
1988-03-24,-2.505,13315
1988-03-23,-0.422,13657
1988-03-22,0.620,13715
1988-03-21,-1.177,13630
1988-03-18,-0.116,13793
1988-03-17,0.454,13809
1988-03-16,1.183,13746
1988-03-15,-0.502,13586
1988-03-14,0.742,13654
1988-03-11,-0.308,13554
1988-03-10,-1.545,13595
1988-03-09,0.896,13809
1988-03-08,0.650,13686
1988-03-07,0.609,13598
1988-03-04,0.504,13515
1988-03-03,0.788,13448
1988-03-02,1.442,13342
1988-03-01,-0.006,13153
1988-02-29,1.166,13154
1988-02-26,-0.076,13002
1988-02-25,-0.980,13012
1988-02-24,0.695,13141
1988-02-23,0.635,13050
1988-02-22,1.873,12968
1988-02-19,0.796,12729
1988-02-18,-0.036,12629
1988-02-17,0.163,12633
1988-02-16,0.976,12613
1988-02-12,0.601,12491
1988-02-11,0.444,12416
1988-02-10,2.083,12361
1988-02-09,0.665,12109
1988-02-08,-0.082,12029
1988-02-05,0.400,12039
1988-02-04,0.511,11991
1988-02-03,-1.503,11930
1988-02-02,0.221,12112
1988-02-01,-0.320,12085
1988-01-29,0.932,12124
1988-01-28,1.435,12012
1988-01-27,0.129,11842
1988-01-26,-1.165,11827
1988-01-25,1.756,11966
1988-01-22,0.915,11760
1988-01-21,0.315,11653
1988-01-20,-3.506,11617
1988-01-19,-0.641,12039
1988-01-18,-0.494,12117
1988-01-15,2.429,12177
1988-01-14,0.315,11888
1988-01-13,-0.116,11851
1988-01-12,-1.989,11864
1988-01-11,0.436,12105
1988-01-08,-6.230,12053
1988-01-07,1.516,12853
1988-01-06,1.157,12661
1988-01-05,1.526,12517
1988-01-04,3.558,12328
1987-12-31,-0.655,11905
1987-12-30,1.905,11983
1987-12-29,1.021,11759
1987-12-28,-3.420,11640
1987-12-24,0.082,12053
1987-12-23,1.607,12043
1987-12-22,-0.295,11852
1987-12-21,0.821,11887
1987-12-18,3.229,11790
1987-12-17,-0.761,11422
1987-12-16,2.839,11509
1987-12-15,0.554,11192
1987-12-14,4.477,11130
1987-12-11,0.583,10653
1987-12-10,-0.537,10591
1987-12-09,2.246,10648
1987-12-08,2.659,10414
1987-12-07,2.078,10145
1987-12-04,-1.888,9938
1987-12-03,-3.631,10130
1987-12-02,0.583,10511
1987-12-01,0.022,10450
1987-11-30,-4.339,10448
1987-11-27,-1.138,10922
1987-11-25,0.235,11048
1987-11-24,1.988,11022
1987-11-23,0.710,10807
1987-11-20,-0.156,10731
1987-11-19,-2.610,10747
1987-11-18,0.885,11035
1987-11-17,-2.638,10939
1987-11-16,-0.331,11235
1987-11-13,-1.261,11272
1987-11-12,2.997,11416
1987-11-11,1.422,11084
1987-11-10,-2.082,10929
1987-11-09,-2.781,11161
1987-11-06,-1.536,11480
1987-11-05,3.441,11659
1987-11-04,0.551,11272
1987-11-03,-3.325,11210
1987-11-02,1.413,11595
1987-10-30,4.215,11434
1987-10-29,9.748,10971
1987-10-28,1.032,9997
1987-10-27,1.121,9895
1987-10-26,-11.683,9785
1987-10-23,-3.047,11080
1987-10-22,-5.536,11428
1987-10-21,10.295,12098
1987-10-20,-7.510,10968
1987-10-19,-15.075,11859
1987-10-16,-5.066,13964
1987-10-15,-2.248,14709
1987-10-14,-1.854,15048
1987-10-13,0.801,15332
1987-10-12,-1.403,15210
1987-10-09,-0.570,15426
1987-10-08,-1.576,15515
1987-10-07,-0.567,15763
1987-10-06,-1.923,15853
1987-10-05,-0.776,16164
1987-10-02,1.955,16290
1987-10-01,2.049,15978
1987-09-30,0.661,15657
1987-09-29,-0.235,15554
1987-09-28,-0.239,15591
1987-09-25,0.235,15628
1987-09-24,0.279,15592
1987-09-23,1.311,15548
1987-09-22,2.114,15347
1987-09-21,-2.192,15029
1987-09-18,-0.188,15366
1987-09-17,0.378,15395
1987-09-16,-0.470,15337
1987-09-15,-1.418,15410
1987-09-14,-0.586,15631
1987-09-11,0.590,15723
1987-09-10,1.766,15631
1987-09-09,0.850,15360
1987-09-08,-2.039,15230
1987-09-04,-0.463,15547
1987-09-03,-0.350,15620
1987-09-02,-0.561,15675
1987-09-01,-1.279,15763
1987-08-31,0.350,15967
1987-08-28,-0.850,15912
1987-08-27,-0.251,16048
1987-08-26,0.209,16088
1987-08-25,0.592,16055
1987-08-24,-0.518,15960
1987-08-21,0.785,16043
1987-08-20,1.724,15918
1987-08-19,0.731,15649
1987-08-18,-1.417,15535
1987-08-17,0.174,15758
1987-08-14,0.000,15731
1987-08-13,-0.285,15731
1987-08-12,-0.638,15776
1987-08-11,1.145,15877
1987-08-10,1.129,15698
1987-08-07,0.921,15522
1987-08-06,1.826,15381
1987-08-05,1.210,15105
1987-08-04,0.328,14924
1987-08-03,-0.565,14875
1987-07-31,-0.107,14960
1987-07-30,0.945,14976
1987-07-29,0.501,14836
1987-07-28,0.290,14762
1987-07-27,0.083,14719
1987-07-24,0.799,14707
1987-07-23,-1.100,14590
1987-07-22,0.228,14753
1987-07-21,-0.346,14719
1987-07-20,-1.026,14770
1987-07-17,-0.087,14923
1987-07-16,0.600,14936
1987-07-15,-0.062,14847
1987-07-14,2.400,14856
1987-07-13,0.890,14508
1987-07-10,0.410,14380
1987-07-09,0.315,14322
1987-07-08,-0.197,14277
1987-07-07,-0.677,14305
1987-07-06,-0.709,14402
1987-07-02,0.480,14505
1987-07-01,0.122,14436
1987-06-30,-0.766,14418
1987-06-29,-0.188,14530
1987-06-26,-0.146,14557
1987-06-25,-0.297,14578
1987-06-24,0.036,14622
1987-06-23,-0.296,14616
1987-06-22,0.187,14660
1987-06-19,-0.166,14632
1987-06-18,0.701,14657
1987-06-17,0.973,14555
1987-06-16,-0.216,14414
1987-06-15,-0.399,14446
1987-06-12,0.369,14504
1987-06-11,-0.189,14450
1987-06-10,0.290,14478
1987-06-09,1.035,14436
1987-06-08,0.991,14288
1987-06-05,-0.301,14148
1987-06-04,0.264,14190
1987-06-03,0.683,14153
1987-06-02,-0.732,14057
1987-06-01,-1.542,14161
1987-05-29,0.351,14382
1987-05-28,1.156,14332
1987-05-27,0.427,14168
1987-05-26,1.943,14108
1987-05-22,-0.558,13839
1987-05-21,0.528,13917
1987-05-20,0.127,13844
1987-05-19,-2.151,13826
1987-05-18,-1.304,14130
1987-05-15,-1.484,14317
1987-05-14,0.236,14533
1987-05-13,0.699,14498
1987-05-12,-0.143,14398
1987-05-11,-0.588,14418
1987-05-08,0.184,14504
1987-05-07,0.380,14477
1987-05-06,-0.237,14422
1987-05-05,1.765,14456
1987-05-04,0.334,14206
1987-05-01,0.541,14158
1987-04-30,1.432,14082
1987-04-29,0.530,13883
1987-04-28,0.952,13810
1987-04-27,-0.460,13680
1987-04-24,-1.845,13743
1987-04-23,-0.103,14002
1987-04-22,-0.363,14016
1987-04-21,1.373,14067
1987-04-20,-0.882,13877
1987-04-16,0.707,14000
1987-04-15,1.525,13902
1987-04-14,-2.294,13693
1987-04-13,-2.305,14014
1987-04-10,-0.238,14345
1987-04-09,-0.291,14379
1987-04-08,0.982,14421
1987-04-07,-1.818,14281
1987-04-06,-0.235,14546
1987-04-03,1.972,14580
1987-04-02,0.855,14298
1987-04-01,0.016,14177
1987-03-31,1.197,14174
1987-03-30,-2.756,14007
1987-03-27,-0.870,14404
1987-03-26,0.273,14530
1987-03-25,0.005,14491
1987-03-24,0.412,14490
1987-03-23,-0.221,14430
1987-03-20,0.990,14462
1987-03-19,1.032,14321
1987-03-18,0.075,14174
1987-03-17,1.735,14164
1987-03-16,-0.235,13922
1987-03-13,-0.871,13955
1987-03-12,-0.291,14078
1987-03-11,0.455,14119
1987-03-10,1.096,14055
1987-03-09,-0.982,13902
1987-03-06,-0.211,14040
1987-03-05,0.758,14070
1987-03-04,1.506,13964
1987-03-03,-0.276,13757
1987-03-02,-0.925,13795
1987-02-27,0.307,13924
1987-02-26,0.674,13881
1987-02-25,1.134,13788
1987-02-24,0.692,13634
1987-02-23,-0.548,13540
1987-02-20,-0.656,13614
1987-02-19,-0.739,13704
1987-02-18,-1.329,13806
1987-02-17,2.563,13992
1987-02-13,1.589,13643
1987-02-12,0.159,13429
1987-02-11,2.124,13408
1987-02-10,-0.754,13129
1987-02-09,-0.573,13229
1987-02-06,0.000,13305
1987-02-05,0.651,13305
1987-02-04,1.131,13219
1987-02-03,0.734,13071
1987-02-02,2.178,12976
1987-01-30,0.567,12699
1987-01-29,-1.127,12628
1987-01-28,0.582,12772
1987-01-27,1.535,12698
1987-01-26,-1.571,12506
1987-01-23,-0.703,12706
1987-01-22,2.240,12795
1987-01-21,-1.357,12515
1987-01-20,0.036,12687
1987-01-19,2.431,12683
1987-01-16,-0.999,12382
1987-01-15,0.916,12507
1987-01-14,1.905,12393
1987-01-13,0.195,12162
1987-01-12,1.478,12138
1987-01-09,0.835,11961
1987-01-08,1.778,11862
1987-01-07,2.623,11655
1987-01-06,1.119,11357
1987-01-05,3.185,11231
1987-01-02,1.025,10885
1986-12-31,-0.085,10774
1986-12-30,-0.986,10783
1986-12-29,0.000,10891
1986-12-26,0.105,10891
1986-12-24,-0.014,10879
1986-12-23,-0.888,10881
1986-12-22,0.223,10978
1986-12-19,0.644,10954
1986-12-18,-0.133,10884
1986-12-17,-1.004,10898
1986-12-16,0.292,11009
1986-12-15,-0.628,10977
1986-12-12,-0.753,11046
1986-12-11,-0.599,11130
1986-12-10,0.061,11197
1986-12-09,-0.656,11190
1986-12-08,-0.805,11264
1986-12-05,-0.627,11355
1986-12-04,-0.067,11427
1986-12-03,0.826,11435
1986-12-02,1.362,11341
1986-12-01,-0.737,11189
1986-11-28,0.729,11272
1986-11-26,0.755,11190
1986-11-25,0.879,11106
1986-11-24,1.120,11010
1986-11-21,1.125,10888
1986-11-20,1.268,10766
1986-11-19,-0.796,10632
1986-11-18,-0.375,10717
1986-11-17,-1.610,10757
1986-11-14,0.063,10933
1986-11-13,-1.491,10926
1986-11-12,0.158,11092
1986-11-11,0.735,11074
1986-11-10,-0.428,10994
1986-11-07,-0.344,11041
1986-11-06,-0.527,11079
1986-11-05,0.144,11138
1986-11-04,0.801,11122
1986-11-03,0.228,11033
1986-10-31,-0.207,11008
1986-10-30,1.153,11031
1986-10-29,0.442,10905
1986-10-28,0.522,10857
1986-10-27,-0.148,10801
1986-10-24,-0.127,10817
1986-10-23,1.319,10830
1986-10-22,0.264,10690
1986-10-21,-0.121,10661
1986-10-20,-0.772,10674
1986-10-17,-0.486,10757
1986-10-16,-0.155,10810
1986-10-15,0.802,10827
1986-10-14,0.206,10741
1986-10-13,0.579,10718
1986-10-10,0.510,10657
1986-10-09,-0.072,10603
1986-10-08,0.731,10610
1986-10-07,-0.625,10533
1986-10-06,0.404,10600
1986-10-03,0.246,10557
1986-10-02,-0.029,10531
1986-10-01,0.553,10534
1986-09-30,1.454,10476
1986-09-29,-1.497,10326
1986-09-26,-0.022,10483
1986-09-25,-1.163,10485
1986-09-24,-0.229,10609
1986-09-23,-0.400,10633
1986-09-22,1.199,10676
1986-09-19,0.239,10549
1986-09-18,1.276,10524
1986-09-17,0.873,10392
1986-09-16,0.200,10302
1986-09-15,-0.067,10281
1986-09-12,-2.477,10288
1986-09-11,-4.339,10549
1986-09-10,-0.700,11028
1986-09-09,-0.539,11106
1986-09-08,-2.085,11166
1986-09-05,-1.143,11403
1986-09-04,1.055,11535
1986-09-03,0.321,11415
1986-09-02,-1.556,11378
1986-08-29,-0.224,11558
1986-08-28,0.013,11584
1986-08-27,0.569,11582
1986-08-26,0.834,11517
1986-08-25,-0.682,11422
1986-08-22,0.620,11500
1986-08-21,0.174,11429
1986-08-20,0.781,11410
1986-08-19,-0.322,11321
1986-08-18,-0.334,11358
1986-08-15,-0.287,11396
1986-08-14,0.779,11429
1986-08-13,1.210,11340
1986-08-12,1.114,11205
1986-08-11,2.214,11081
1986-08-08,1.137,10841
1986-08-07,0.107,10719
1986-08-06,-0.930,10708
1986-08-05,-0.470,10808
1986-08-04,-1.151,10859
1986-08-01,-0.228,10986
1986-07-31,0.000,11011
1986-07-30,0.215,11011
1986-07-29,-0.887,10987
1986-07-28,-1.862,11086
1986-07-25,0.665,11296
1986-07-24,0.068,11221
1986-07-23,-0.156,11214
1986-07-22,0.231,11231
1986-07-21,-0.467,11205
1986-07-18,-0.478,11258
1986-07-17,0.726,11312
1986-07-16,0.786,11230
1986-07-15,-2.030,11143
1986-07-14,-2.336,11374
1986-07-11,-0.933,11646
1986-07-10,-0.721,11755
1986-07-09,1.403,11841
1986-07-08,-2.772,11677
1986-07-07,-4.182,12010
1986-07-03,0.335,12534
1986-07-02,0.392,12492
1986-07-01,0.430,12443
1986-06-30,0.619,12390
1986-06-27,-0.062,12314
1986-06-26,-0.173,12322
1986-06-25,0.746,12343
1986-06-24,0.777,12251
1986-06-23,-0.019,12157
1986-06-20,0.195,12159
1986-06-19,0.505,12136
1986-06-18,-0.057,12075
1986-06-17,-1.387,12082
1986-06-16,-0.955,12251
1986-06-13,1.235,12370
1986-06-12,0.212,12219
1986-06-11,1.221,12193
1986-06-10,-0.322,12046
1986-06-09,-2.020,12085
1986-06-06,-0.296,12334
1986-06-05,0.334,12370
1986-06-04,-0.179,12329
1986-06-03,0.049,12351
1986-06-02,-0.693,12345
1986-05-30,0.953,12431
1986-05-29,0.192,12314
1986-05-28,0.081,12290
1986-05-27,0.637,12280
1986-05-23,0.332,12203
1986-05-22,1.391,12162
1986-05-21,0.274,11995
1986-05-20,1.095,11963
1986-05-19,0.200,11833
1986-05-16,-0.488,11810
1986-05-15,-0.790,11867
1986-05-14,-0.032,11962
1986-05-13,-0.444,11966
1986-05-12,-0.101,12019
1986-05-09,0.477,12031
1986-05-08,0.582,11974
1986-05-07,-0.560,11905
1986-05-06,-0.006,11972
1986-05-05,1.374,11973
1986-05-02,0.519,11810
1986-05-01,-0.452,11749
1986-04-30,-2.111,11803
1986-04-29,-1.032,12057
1986-04-28,-0.349,12183
1986-04-25,0.382,12226
1986-04-24,1.518,12179
1986-04-23,-0.253,11997
1986-04-22,-0.423,12027
1986-04-21,0.552,12078
1986-04-18,-0.880,12012
1986-04-17,0.101,12119
1986-04-16,2.569,12107
1986-04-15,0.643,11803
1986-04-14,0.832,11728
1986-04-11,0.593,11631
1986-04-10,1.811,11563
1986-04-09,0.087,11357
1986-04-08,1.965,11347
1986-04-07,-0.660,11128
1986-04-04,-1.130,11202
1986-04-03,-0.141,11330
1986-04-02,0.317,11346
1986-04-01,-0.275,11310
1986-03-31,0.323,11342
1986-03-27,0.767,11305
1986-03-26,-0.163,11219
1986-03-25,0.272,11237
1986-03-24,-0.615,11207
1986-03-21,0.135,11276
1986-03-20,0.224,11261
1986-03-19,-0.108,11236
1986-03-18,0.861,11248
1986-03-17,-0.429,11152
1986-03-14,-0.007,11200
1986-03-13,0.266,11201
1986-03-12,0.881,11171
1986-03-11,2.036,11074
1986-03-10,1.359,10853
1986-03-07,-0.192,10707
1986-03-06,0.392,10728
1986-03-05,-0.206,10686
1986-03-04,0.572,10708
1986-03-03,-0.491,10647
1986-02-28,-0.071,10699
1986-02-27,1.188,10707
1986-02-26,-0.373,10581
1986-02-25,-0.571,10621
1986-02-24,-0.673,10682
1986-02-21,0.865,10754
1986-02-20,0.215,10662
1986-02-19,-0.782,10639
1986-02-18,0.414,10723
1986-02-14,0.719,10679
1986-02-13,0.361,10603
1986-02-12,0.289,10565
1986-02-11,0.094,10534
1986-02-10,0.517,10524
1986-02-07,0.571,10470
1986-02-06,0.678,10411
1986-02-05,0.832,10341
1986-02-04,0.268,10255
1986-02-03,0.985,10228
1986-01-31,0.560,10128
1986-01-30,-0.654,10072
1986-01-29,0.811,10138
1986-01-28,0.918,10056
1986-01-27,0.453,9965
1986-01-24,0.719,9920
1986-01-23,-0.270,9849
1986-01-22,-1.121,9876
1986-01-21,-0.388,9988
1986-01-20,-0.881,10027
1986-01-17,-0.218,10116
1986-01-16,1.163,10138
1986-01-15,1.819,10021
1986-01-14,0.070,9842
1986-01-13,-0.363,9835
1986-01-10,0.590,9871
1986-01-09,-1.799,9813
1986-01-08,-1.228,9993
1986-01-07,1.872,10117
1986-01-06,-0.153,9931
1986-01-03,-0.533,9947