date,return_pct,balance
2026-05-08,1.971,337513
2026-05-07,2.098,330988
2026-05-06,6.405,324186
2026-05-05,-0.044,304673
2026-05-04,-3.439,304806
2026-05-01,2.447,315662
2026-04-30,2.809,308122
2026-04-29,-2.052,299703
2026-04-28,-3.115,305983
2026-04-27,-0.667,315822
2026-04-24,0.602,317942
2026-04-23,-2.826,316040
2026-04-22,2.747,325231
2026-04-21,-5.071,316536
2026-04-20,-2.008,333444
2026-04-17,3.357,340277
2026-04-16,-0.833,329226
2026-04-15,-0.276,331992
2026-04-14,5.509,332910
2026-04-13,-1.156,315528
2026-04-10,1.011,319218
2026-04-09,1.366,316024
2026-04-08,2.322,311766
2026-04-07,-0.225,304691
2026-04-06,0.458,305378
2026-04-02,-3.447,303986
2026-04-01,0.002,314837
2026-03-31,7.275,314831
2026-03-30,0.128,293480
2026-03-27,4.396,293104
2026-03-26,-6.807,280763
2026-03-25,3.592,301270
2026-03-24,0.770,290823
2026-03-23,1.546,288600
2026-03-20,-6.332,284205
2026-03-19,-4.394,303417
2026-03-18,-4.129,317362
2026-03-17,-2.129,331029
2026-03-16,0.731,338228
2026-03-13,-4.954,335773
2026-03-12,-1.833,353273
2026-03-11,-2.720,359871
2026-03-10,2.340,369933
2026-03-09,3.057,361473
2026-03-06,2.251,350751
2026-03-05,-1.418,343031
2026-03-04,0.886,347966
2026-03-03,-8.445,344911
2026-03-02,-4.022,376724
2026-02-27,5.645,392511
2026-02-26,0.514,371537
2026-02-25,1.216,369636
2026-02-24,-1.847,365195
2026-02-23,5.157,372069
2026-02-20,7.902,353821
2026-02-19,1.315,327909
2026-02-18,5.607,323654
2026-02-17,-4.803,306471
2026-02-13,2.940,321933
2026-02-12,-11.531,312738
2026-02-11,4.293,353502
2026-02-10,-3.457,338951
2026-02-09,8.337,351087
2026-02-06,5.250,324071
2026-02-05,-15.772,307905
2026-02-04,2.887,365563
2026-02-03,6.242,355306
2026-02-02,-3.975,334432
2026-01-30,-28.538,348275
2026-01-29,-0.026,487359
2026-01-28,3.949,487488
2026-01-27,3.307,468968
2026-01-26,5.846,453956
2026-01-23,6.636,428882
2026-01-22,3.778,402193
2026-01-21,-1.673,387553
2026-01-20,5.396,394146
2026-01-16,-2.758,373968
2026-01-15,-1.464,384576
2026-01-14,7.585,390292
2026-01-13,1.776,362776
2026-01-12,6.703,356446
2026-01-09,3.832,334055
2026-01-08,-1.760,321726
2026-01-07,-3.729,327489
2026-01-06,6.704,340173
2026-01-05,5.067,318800
2026-01-02,2.067,303426
2025-12-31,-6.609,297283
2025-12-30,4.501,318319
2025-12-29,-7.183,304608
2025-12-26,9.048,328182
2025-12-24,0.588,300951
2025-12-23,3.796,299191
2025-12-22,2.529,288250
2025-12-19,2.716,281139
2025-12-18,-1.558,273705
2025-12-17,4.384,278036
2025-12-16,-0.652,266358
2025-12-15,3.585,268106
2025-12-12,-2.636,258827
2025-12-11,2.766,265834
2025-12-10,1.633,258678
2025-12-09,4.669,254521
2025-12-08,-0.451,243168
2025-12-05,2.301,244270
2025-12-04,-2.466,238776
2025-12-03,-0.111,244814
2025-12-02,1.163,245086
2025-12-01,2.560,242267
2025-11-28,5.808,236220
2025-11-26,3.709,223254
2025-11-25,0.088,215270
2025-11-24,2.938,215081
2025-11-21,-1.047,208942
2025-11-20,-1.440,211152
2025-11-19,0.761,214238
2025-11-18,1.388,212619
2025-11-17,-1.064,209710
2025-11-14,-3.077,211965
2025-11-13,-1.861,218694
2025-11-12,4.028,222840
2025-11-11,1.443,214212
2025-11-10,4.260,211165
2025-11-07,0.852,202537
2025-11-06,-0.227,200827
2025-11-05,2.131,201284
2025-11-04,-2.329,197084
2025-11-03,-0.566,201783
2025-10-31,-0.742,202932
2025-10-30,2.570,204449
2025-10-29,1.243,199327
2025-10-28,0.710,196880
2025-10-27,-3.612,195493
2025-10-24,-0.428,202820
2025-10-23,0.686,203692
2025-10-22,0.208,202304
2025-10-21,-8.234,201885
2025-10-20,1.556,219999
2025-10-17,-4.432,216630
2025-10-16,1.740,226675
2025-10-15,3.271,222798
2025-10-14,-0.971,215741
2025-10-13,4.030,217857
2025-10-10,1.612,209417
2025-10-09,0.339,206094
2025-10-08,2.698,205399
2025-10-07,-1.519,200002
2025-10-06,1.243,203086
2025-10-03,2.330,200593
2025-10-02,-0.884,196026
2025-10-01,1.276,197773
2025-09-30,-0.304,195281
2025-09-29,1.531,195876
2025-09-26,2.025,192923
2025-09-25,3.041,189094
2025-09-24,-0.348,183514
2025-09-23,-0.198,184155
2025-09-22,2.563,184520
2025-09-19,2.766,179908
2025-09-18,0.531,175066
2025-09-17,-2.096,174141
2025-09-16,-0.411,177870
2025-09-15,1.097,178604
2025-09-12,1.457,176665
2025-09-11,1.018,174127
2025-09-10,0.621,172373
2025-09-09,-0.878,171310
2025-09-08,0.808,172827
2025-09-05,0.760,171441
2025-09-04,-1.096,170148
2025-09-03,0.513,172033
2025-09-02,2.655,171155
2025-08-29,1.888,166729
2025-08-28,1.517,163639
2025-08-27,-0.084,161194
2025-08-26,0.002,161329
2025-08-25,-0.904,161326
2025-08-22,2.111,162797
2025-08-21,0.525,159431
2025-08-20,1.655,158598
2025-08-19,-1.966,156016
2025-08-18,0.147,159145
2025-08-15,0.002,158911
2025-08-14,-1.427,158908
2025-08-13,1.717,161208
2025-08-12,0.675,158487
2025-08-11,-2.005,157425
2025-08-08,0.347,160646
2025-08-07,1.196,160090
2025-08-06,0.002,158198
2025-08-05,1.091,158195
2025-08-04,1.163,156488
2025-08-01,0.812,154689
2025-07-31,-0.565,153443
2025-07-30,-3.316,154315
2025-07-29,0.060,159607
2025-07-28,-0.056,159512
2025-07-25,-2.337,159601
2025-07-24,-0.558,163419
2025-07-23,-0.082,164337
2025-07-22,1.049,164472
2025-07-21,2.140,162765
2025-07-18,-0.113,159355
2025-07-17,0.699,159536
2025-07-16,0.440,158428
2025-07-15,-1.066,157734
2025-07-14,-1.140,159434
2025-07-11,3.795,161272
2025-07-10,2.275,155377
2025-07-09,-0.869,151921
2025-07-08,-0.417,153253
2025-07-07,-0.237,153894
2025-07-03,0.814,154259
2025-07-02,1.560,153014
2025-07-01,-0.242,150663
2025-06-30,0.584,151028
2025-06-27,-2.158,150151
2025-06-26,1.002,153462
2025-06-25,1.229,151940
2025-06-24,-1.060,150096
2025-06-23,0.735,151704
2025-06-20,-1.651,150596
2025-06-18,-1.391,153124
2025-06-17,2.152,155284
2025-06-16,0.184,152014
2025-06-13,-0.270,151735
2025-06-12,0.336,152146
2025-06-11,-0.841,151636
2025-06-10,-0.477,152922
2025-06-09,2.143,153655
2025-06-06,0.742,150431
2025-06-05,3.544,149324
2025-06-04,-0.316,144213
2025-06-03,-0.473,144670
2025-06-02,5.302,145358
2025-05-30,-0.988,138039
2025-05-29,1.069,139416
2025-05-28,-0.825,137941
2025-05-27,-0.721,139089
2025-05-23,1.401,140098
2025-05-22,-1.571,138163
2025-05-21,1.263,140369
2025-05-20,2.415,138618
2025-05-19,0.412,135349
2025-05-16,-1.045,134794
2025-05-15,1.233,136217
2025-05-14,-2.270,134559
2025-05-13,1.014,137684
2025-05-12,-0.568,136301
2025-05-09,1.156,137081
2025-05-08,-0.100,135514
2025-05-07,-2.414,135649
2025-05-06,2.512,139004
2025-05-05,1.238,135598
2025-05-02,-0.917,133939
2025-05-01,-0.707,135178
2025-04-30,-0.769,136142
2025-04-29,-1.190,137197
2025-04-28,0.468,138850
2025-04-25,-1.667,138203
2025-04-24,0.002,140546
2025-04-23,3.595,140543
2025-04-22,-0.971,135666
2025-04-21,0.814,136996
2025-04-17,-0.704,135890
2025-04-16,1.192,136853
2025-04-15,0.104,135241
2025-04-14,0.653,135100
2025-04-11,3.220,134224
2025-04-10,0.786,130037
2025-04-09,3.392,129023
2025-04-08,0.002,124790
2025-04-07,0.224,124788
2025-04-04,-6.263,124509
2025-04-03,-6.077,132829
2025-04-02,0.426,141423
2025-04-01,-1.160,140823
2025-03-31,-0.030,142475
2025-03-28,-1.020,142518
2025-03-27,2.590,143987
2025-03-26,-0.162,140352
2025-03-25,2.071,140579
2025-03-24,-0.198,137726
2025-03-21,-1.572,137999
2025-03-20,-0.811,140203
2025-03-19,-0.322,141349
2025-03-18,0.132,141806
2025-03-17,0.328,141620
2025-03-14,-0.096,141157
2025-03-13,1.723,141292
2025-03-12,0.870,138899
2025-03-11,2.922,137702
2025-03-10,-1.620,133792
2025-03-07,-0.335,135996
2025-03-06,-0.267,136453
2025-03-05,2.657,136818
2025-03-04,0.872,133276
2025-03-03,1.556,132125
2025-02-28,-0.315,130100
2025-02-27,-1.864,130511
2025-02-26,0.384,132990
2025-02-25,-2.070,132482
2025-02-24,-0.505,135282
2025-02-21,-1.200,135969
2025-02-20,0.472,137620
2025-02-19,-0.332,136974
2025-02-18,2.049,137431
2025-02-14,-0.507,134671
2025-02-13,0.411,135358
2025-02-12,1.174,134804
2025-02-11,-0.683,133239
2025-02-10,0.588,134155
2025-02-07,-1.189,133372
2025-02-06,0.104,134977
2025-02-05,0.447,134837
2025-02-04,1.920,134237
2025-02-03,0.563,131707
2025-01-31,-0.729,130970
2025-01-30,2.573,131932
2025-01-29,1.341,128622
2025-01-28,0.621,126920
2025-01-27,-1.610,126136
2025-01-24,0.506,128201
2025-01-23,-0.996,127555
2025-01-22,0.038,128839
2025-01-21,1.559,128790
2025-01-17,-1.532,126813
2025-01-16,0.288,128785
2025-01-15,2.796,128415
2025-01-14,0.892,124922
2025-01-13,-2.352,123818
2025-01-10,0.768,126800
2025-01-08,0.258,125833
2025-01-07,0.332,125509
2025-01-06,0.966,125094
2025-01-03,0.188,123897
2025-01-02,2.281,123665
2024-12-31,-0.376,120907
2024-12-30,-1.231,121364
2024-12-27,-1.398,122877
2024-12-26,0.446,124619
2024-12-24,0.113,124066
2024-12-23,0.262,123926
2024-12-20,1.510,123602
2024-12-19,-1.227,121763
2024-12-18,-3.450,123276
2024-12-17,0.038,127681
2024-12-16,0.182,127632
2024-12-13,-1.594,127400
2024-12-12,-2.891,129463
2024-12-11,0.174,133317
2024-12-10,0.036,133085
2024-12-09,2.586,133036
2024-12-06,-1.083,129683
2024-12-05,0.107,131103
2024-12-04,0.886,130963
2024-12-03,1.765,129813
2024-12-02,-0.464,127561
2024-11-29,1.714,128155
2024-11-27,-1.257,125995
2024-11-26,0.617,127599
2024-11-25,-2.948,126817
2024-11-22,1.536,130669
2024-11-21,-0.212,128693
2024-11-20,-1.402,128966
2024-11-19,0.425,130799
2024-11-18,2.940,130246
2024-11-15,-0.861,126526
2024-11-14,0.726,127625
2024-11-13,-1.637,126705
2024-11-12,0.360,128813
2024-11-11,-1.789,128352
2024-11-08,-2.162,130689
2024-11-07,2.394,133577
2024-11-06,-4.435,130455
2024-11-05,0.407,136509
2024-11-04,0.307,135955
2024-11-01,-0.904,135540
2024-10-31,-3.244,136776
2024-10-30,-1.846,141361
2024-10-29,2.150,144020
2024-10-28,0.328,140989
2024-10-25,-0.194,140527
2024-10-24,-0.063,140800
2024-10-23,-3.243,140889
2024-10-22,2.887,145611
2024-10-21,0.687,141525
2024-10-18,6.059,140559
2024-10-17,-0.067,132529
2024-10-16,0.699,132618
2024-10-15,0.598,131698
2024-10-14,-0.901,130915
2024-10-11,1.482,132105
2024-10-10,1.868,130176
2024-10-09,-0.534,127788
2024-10-08,-3.178,128474
2024-10-07,-1.463,132691
2024-10-04,0.447,134660
2024-10-03,0.795,134062
2024-10-02,1.472,133004
2024-10-01,0.600,131075
2024-09-30,-1.557,130293
2024-09-27,-1.365,132354
2024-09-26,0.690,134186
2024-09-25,-1.087,133266
2024-09-24,5.006,134731
2024-09-23,-1.512,128308
2024-09-20,1.141,130278
2024-09-19,3.122,128808
2024-09-18,-2.573,124907
2024-09-17,-0.390,128206
2024-09-16,0.180,128708
2024-09-13,2.752,128476
2024-09-12,4.405,125035
2024-09-11,0.696,119760
2024-09-10,0.350,118932
2024-09-09,1.454,118517
2024-09-06,-2.857,116819
2024-09-05,2.144,120255
2024-09-04,0.393,117731
2024-09-03,-2.920,117270
2024-08-30,-1.714,120798
2024-08-29,0.452,122904
2024-08-28,-2.447,122352
2024-08-27,0.148,125420
2024-08-26,0.443,125235
2024-08-23,3.071,124682
2024-08-22,-2.076,120967
2024-08-21,0.300,123531
2024-08-20,0.151,123162
2024-08-19,1.515,122976
2024-08-16,2.206,121140
2024-08-15,2.907,118526
2024-08-14,-1.139,115178
2024-08-13,-0.273,116504
2024-08-12,1.962,116823
2024-08-09,-0.038,114575
2024-08-08,2.797,114618
2024-08-07,-1.256,111500
2024-08-06,-0.883,112918
2024-08-05,-4.530,113924
2024-08-02,0.040,119329
2024-08-01,-1.362,119281
2024-07-31,2.170,120928
2024-07-30,1.535,118360
2024-07-29,-0.155,116571
2024-07-26,0.277,116752
2024-07-25,-3.857,116428
2024-07-24,-0.935,121100
2024-07-23,0.190,122243
2024-07-22,-0.223,122011
2024-07-19,-1.873,122284
2024-07-18,-1.697,124618
2024-07-17,-3.284,126768
2024-07-16,2.071,131072
2024-07-15,-0.318,128413
2024-07-12,-1.951,128822
2024-07-11,1.849,131385
2024-07-10,0.144,129001
2024-07-09,-0.034,128815
2024-07-08,-1.227,128858
2024-07-05,2.301,130459
2024-07-03,3.228,127525
2024-07-02,0.449,123537
2024-07-01,1.056,122985
2024-06-28,0.456,121700
2024-06-27,0.534,121148
2024-06-26,-0.339,120504
2024-06-25,-2.220,120914
2024-06-24,0.076,123660
2024-06-21,-3.641,123566
2024-06-20,3.860,128234
2024-06-18,0.151,123469
2024-06-17,-0.331,123283
2024-06-14,2.196,123693
2024-06-13,-2.218,121035
2024-06-12,1.200,123780
2024-06-11,-1.510,122312
2024-06-10,1.689,124187
2024-06-07,-6.517,122124
2024-06-06,4.126,130638
2024-06-05,1.408,125462
2024-06-04,-3.117,123719
2024-06-03,0.470,127700
2024-05-31,-2.320,127103
2024-05-30,-2.569,130122
2024-05-29,-0.237,133553
2024-05-28,5.409,133871
2024-05-24,0.692,127001
2024-05-23,-2.372,126129
2024-05-22,-3.585,129193
2024-05-21,1.003,133998
2024-05-20,0.662,132667
2024-05-17,6.395,131795
2024-05-16,-0.219,123873
2024-05-15,3.791,124145
2024-05-14,1.281,119611
2024-05-13,0.118,118098
2024-05-10,-0.346,117958
2024-05-09,3.649,118368
2024-05-08,0.122,114201
2024-05-07,-0.596,114061
2024-05-06,3.511,114745
2024-05-03,-0.573,110853
2024-05-02,0.373,111491
2024-05-01,0.917,111077
2024-04-30,-3.139,110068
2024-04-29,-0.239,113636
2024-04-26,-0.676,113908
2024-04-25,0.645,114684
2024-04-24,-0.358,113949
2024-04-23,0.243,114359
2024-04-22,-4.845,114082
2024-04-19,1.317,119891
2024-04-18,0.041,118333
2024-04-17,0.196,118285
2024-04-16,-2.308,118054
2024-04-15,3.045,120842
2024-04-12,-1.459,117271
2024-04-11,2.202,119007
2024-04-10,-1.048,116443
2024-04-09,1.262,117676
2024-04-08,1.480,116210
2024-04-05,2.207,114514
2024-04-04,-0.968,112042
2024-04-03,3.735,113137
2024-04-02,4.289,109064
2024-04-01,0.486,104578
2024-03-28,1.068,104073
2024-03-27,0.763,102973
2024-03-26,-1.061,102194
2024-03-25,0.091,103289
2024-03-22,-0.395,103196
2024-03-21,-2.746,103605
2024-03-20,2.196,106531
2024-03-19,-0.522,104242
2024-03-18,-0.519,104788
2024-03-15,1.322,105335
2024-03-14,-0.261,103961
2024-03-13,3.171,104233
2024-03-12,-1.161,101030
2024-03-11,0.542,102217
2024-03-08,-0.043,101666
2024-03-07,0.635,101710
2024-03-06,1.986,101068
2024-03-05,-0.867,99099
2024-03-04,3.261,99966
2024-03-01,2.125,96809
2024-02-29,0.878,94795
2024-02-28,-0.095,93970
2024-02-27,-0.240,94060
2024-02-26,-1.761,94286
2024-02-23,0.819,95976
2024-02-22,-0.666,95197
2024-02-21,-0.520,95835
2024-02-20,-1.494,96336
2024-02-16,2.151,97797
2024-02-15,2.448,95738
2024-02-14,1.190,93450
2024-02-13,-2.696,92351
2024-02-12,0.389,94909
2024-02-09,0.147,94542
2024-02-08,1.576,94403
2024-02-07,-0.876,92938
2024-02-06,0.197,93759
2024-02-05,-1.347,93574
2024-02-02,-2.167,94852
2024-02-01,1.437,96953
2024-01-31,-1.319,95580
2024-01-30,-0.092,96858
2024-01-29,1.680,96947
2024-01-26,-0.380,95346
2024-01-25,1.113,95710
2024-01-24,0.879,94656
2024-01-23,1.535,93832
2024-01-22,-2.175,92413
2024-01-19,-0.671,94468
2024-01-18,0.777,95106
2024-01-17,-1.477,94373
2024-01-16,-1.083,95788
2024-01-12,1.779,96837
2024-01-11,-0.571,95144
2024-01-10,-0.284,95691
2024-01-09,-0.613,95963
2024-01-08,-0.375,96555
2024-01-05,0.619,96919
2024-01-04,0.097,96323
2024-01-03,-2.723,96229
2024-01-02,-0.595,98923
2023-12-29,-0.953,99515
2023-12-28,-1.078,100473
2023-12-27,0.137,101567
2023-12-26,0.364,101428
2023-12-22,-0.850,101061
2023-12-21,1.227,101927
2023-12-20,0.047,100691
2023-12-19,1.057,100644
2023-12-18,-0.135,99591
2023-12-15,-1.443,99726
2023-12-14,1.748,101186
2023-12-13,4.465,99448
2023-12-12,-0.333,95198
2023-12-11,-0.898,95516
2023-12-08,-3.165,96382
2023-12-07,-0.636,99531
2023-12-06,-0.857,100169
2023-12-05,-1.512,101035
2023-12-04,-3.727,102586
2023-12-01,0.867,106557
2023-11-30,1.095,105642
2023-11-29,-0.173,104498
2023-11-28,1.598,104678
2023-11-27,1.304,103032
2023-11-24,2.771,101706
2023-11-22,-0.457,98964
2023-11-21,1.352,99418
2023-11-20,-1.239,98092
2023-11-17,-0.044,99323
2023-11-16,1.447,99367
2023-11-15,1.325,97949
2023-11-14,3.624,96669
2023-11-13,0.444,93288
2023-11-10,-1.690,92875
2023-11-09,0.196,94471
2023-11-08,-0.384,94287
2023-11-07,-1.658,94650
2023-11-06,-0.658,96246
2023-11-03,1.679,96884
2023-11-02,-0.475,95284
2023-11-01,-0.046,95738
2023-10-31,-1.685,95782
2023-10-30,0.757,97424
2023-10-27,1.585,96691
2023-10-26,-0.428,95183
2023-10-25,-0.379,95592
2023-10-24,-0.141,95955
2023-10-23,-1.634,96090
2023-10-20,1.376,97686
2023-10-19,0.766,96360
2023-10-18,0.145,95628
2023-10-17,1.163,95489
2023-10-16,-0.479,94392
2023-10-13,4.110,94846
2023-10-12,-1.088,91102
2023-10-11,1.003,92104
2023-10-10,-0.397,91190
2023-10-09,1.675,91553
2023-10-06,2.495,90045
2023-10-05,-0.309,87853
2023-10-04,-0.667,88125
2023-10-03,0.105,88716
2023-10-02,-4.521,88623
2023-09-29,-1.927,92820
2023-09-28,0.195,94643
2023-09-27,-1.238,94459
2023-09-26,-1.130,95643
2023-09-25,-1.759,96737
2023-09-22,0.655,98469
2023-09-21,0.471,97828
2023-09-20,0.331,97370
2023-09-19,-0.139,97048
2023-09-18,0.902,97183
2023-09-15,1.835,96314
2023-09-14,-0.954,94579
2023-09-13,-0.945,95489
2023-09-12,-0.140,96400
2023-09-11,0.716,96535
2023-09-08,-0.188,95849
2023-09-07,-0.893,96029
2023-09-06,-1.619,96894
2023-09-05,-2.614,98489
2023-09-01,-0.981,101133
2023-08-31,-0.796,102134
2023-08-30,-0.614,102953
2023-08-29,2.207,103590
2023-08-28,0.002,101353
2023-08-25,0.499,101351
2023-08-24,-0.806,100847
2023-08-23,3.870,101666
2023-08-22,0.470,97878
2023-08-21,2.350,97420
2023-08-18,0.339,95184
2023-08-17,1.169,94862
2023-08-16,-0.530,93766
2023-08-15,-0.239,94266
2023-08-14,-0.383,94492
2023-08-11,-0.142,94855
2023-08-10,0.146,94990
2023-08-09,-0.476,94851
2023-08-08,-1.460,95305
2023-08-07,-2.076,96717
2023-08-04,0.141,98767
2023-08-03,-0.550,98628
2023-08-02,-2.421,99173
2023-08-01,-1.761,101634
2023-07-31,1.660,103455
2023-07-28,0.952,101766
2023-07-27,-3.490,100807
2023-07-26,1.284,104452
2023-07-25,1.301,103128
2023-07-24,-1.061,101804
2023-07-21,-0.483,102896
2023-07-20,-1.816,103395
2023-07-19,0.480,105308
2023-07-18,0.880,104804
2023-07-17,-0.304,103891
2023-07-14,0.353,104208
2023-07-13,2.846,103841
2023-07-12,4.483,100967
2023-07-11,-0.186,96635
2023-07-10,0.285,96815
2023-07-07,1.682,96540
2023-07-06,-1.790,94943
2023-07-05,0.954,96673
2023-07-03,0.576,95759
2023-06-30,0.822,95211
2023-06-29,-0.574,94434
2023-06-28,-0.665,94979
2023-06-27,0.385,95615
2023-06-26,1.557,95249
2023-06-23,0.246,93788
2023-06-22,-1.486,93559
2023-06-21,-1.974,94969
2023-06-20,-4.146,96881
2023-06-16,1.096,101072
2023-06-15,-0.135,99976
2023-06-14,1.060,100111
2023-06-13,-1.538,99061
2023-06-12,-0.851,100608
2023-06-09,-0.133,101472
2023-06-08,3.675,101607
2023-06-07,-0.645,98005
2023-06-06,0.048,98641
2023-06-05,-0.229,98594
2023-06-02,-1.183,98819
2023-06-01,1.575,100002
2023-05-31,1.457,98451
2023-05-30,-0.372,97037
2023-05-26,2.495,97399
2023-05-25,-1.416,95029
2023-05-24,-1.625,96393
2023-05-23,-0.736,97986
2023-05-22,-0.867,98713
2023-05-19,1.393,99576
2023-05-18,-1.190,98208
2023-05-17,0.048,99390
2023-05-16,-1.310,99342
2023-05-15,0.365,100661
2023-05-12,-0.809,100295
2023-05-11,-4.760,101113
2023-05-10,-0.722,106166
2023-05-09,-0.041,106938
2023-05-08,-0.337,106982
2023-05-05,-1.544,107344
2023-05-04,2.179,109027
2023-05-03,0.345,106702
2023-05-02,2.012,106336
2023-05-01,-0.476,104239
2023-04-28,0.483,104738
2023-04-27,0.265,104235
2023-04-26,-0.694,103959
2023-04-25,-0.388,104686
2023-04-24,0.437,105094
2023-04-21,-0.818,104636
2023-04-20,-0.256,105499
2023-04-19,0.348,105770
2023-04-18,0.567,105404
2023-04-17,-1.242,104810
2023-04-14,-1.809,106128
2023-04-13,1.325,108084
2023-04-12,1.695,106670
2023-04-11,0.701,104893
2023-04-10,-0.042,104162
2023-04-06,-0.216,104206
2023-04-05,-0.129,104431
2023-04-04,4.127,104566
2023-04-03,-0.269,100421
2023-03-31,0.822,100692
2023-03-30,2.334,99871
2023-03-29,0.049,97593
2023-03-28,0.992,97546
2023-03-27,0.002,96588
2023-03-24,-0.280,96586
2023-03-23,0.855,96857
2023-03-22,2.728,96036
2023-03-21,-0.723,93485
2023-03-20,0.293,94166
2023-03-17,3.566,93891
2023-03-16,-0.398,90658
2023-03-15,0.555,91020
2023-03-14,-0.548,90518
2023-03-13,6.047,91017
2023-03-10,2.280,85827
2023-03-09,0.219,83914
2023-03-08,-0.269,83731
2023-03-07,-4.501,83957
2023-03-06,-1.174,87914
2023-03-03,1.613,88958
2023-03-02,-0.257,87546
2023-03-01,0.366,87772
2023-02-28,1.534,87452
2023-02-27,-0.836,86130
2023-02-24,-2.749,86857
2023-02-23,-0.606,89312
2023-02-22,-1.592,89856
2023-02-21,0.302,91310
2023-02-17,0.859,91035
2023-02-16,-0.249,90260
2023-02-15,-1.141,90486
2023-02-14,-0.394,91530
2023-02-13,-0.196,91892
2023-02-10,0.299,92072
2023-02-09,-1.463,91798
2023-02-08,0.493,93161
2023-02-07,-0.486,92704
2023-02-06,-0.436,93157
2023-02-03,-4.634,93564
2023-02-02,-2.308,98111
2023-02-01,1.147,100429
2023-01-31,0.787,99290
2023-01-30,-0.090,98514
2023-01-27,-1.408,98603
2023-01-26,0.093,100011
2023-01-25,0.967,99918
2023-01-24,0.836,98961
2023-01-23,-1.996,98141
2023-01-20,0.275,100140
2023-01-19,1.810,99865
2023-01-18,-1.997,98089
2023-01-17,-1.431,100088
2023-01-13,2.059,101541
2023-01-12,1.533,99493
2023-01-11,-0.826,97991
2023-01-10,-0.044,98807
2023-01-09,-0.819,98851
2023-01-06,2.480,99667
2023-01-05,-2.282,97256
2023-01-04,-0.724,99527
2023-01-03,0.138,100252
2022-12-30,0.230,100114
2022-12-29,1.715,99885
2022-12-28,-2.305,98201
2022-12-27,1.192,100517
2022-12-23,0.740,99333
2022-12-22,-1.720,98604
2022-12-21,-0.718,100329
2022-12-20,5.258,101055
2022-12-19,-1.168,96007
2022-12-16,0.614,97141
2022-12-15,-3.409,96549
2022-12-14,0.735,99956
2022-12-13,1.726,99227
2022-12-12,-0.462,97543
2022-12-09,1.652,97995
2022-12-08,1.388,96403
2022-12-07,2.350,95083
2022-12-06,0.002,92899
2022-12-05,-3.991,92897
2022-12-02,1.480,96759
2022-12-01,2.694,95348
2022-11-30,4.450,92846
2022-11-29,1.560,88891
2022-11-28,-2.331,87526
2022-11-25,-0.452,89615
2022-11-23,1.958,90022
2022-11-22,1.200,88293
2022-11-21,-0.258,87246
2022-11-18,-0.205,87472
2022-11-17,-2.278,87652
2022-11-16,-0.702,89695
2022-11-15,-1.777,90329
2022-11-14,1.456,91963
2022-11-11,-0.098,90644
2022-11-10,3.153,90733
2022-11-09,-1.724,87959
2022-11-08,2.874,89502
2022-11-07,-0.569,87002
2022-11-04,7.360,87500
2022-11-03,1.186,81501
2022-11-02,-1.771,80546
2022-11-01,2.442,81998
2022-10-31,-0.674,80043
2022-10-28,-1.333,80586
2022-10-27,0.002,81675
2022-10-26,0.674,81673
2022-10-25,1.020,81127
2022-10-24,-0.448,80308
2022-10-21,3.438,80669
2022-10-20,0.943,77988
2022-10-19,-1.275,77260
2022-10-18,0.645,78257
2022-10-17,1.846,77756
2022-10-14,-3.333,76347
2022-10-13,-1.135,78979
2022-10-12,-0.507,79886
2022-10-11,-2.264,80293
2022-10-10,-2.214,82154
2022-10-07,-2.834,84014
2022-10-06,0.265,86464
2022-10-05,-1.909,86236
2022-10-04,1.363,87914
2022-10-03,9.145,86732
2022-09-30,0.750,79465
2022-09-29,-0.456,78873
2022-09-28,3.256,79235
2022-09-27,-0.116,76736
2022-09-26,-2.533,76825
2022-09-23,-4.033,78821
2022-09-22,0.168,82134
2022-09-21,1.863,81996
2022-09-20,-1.443,80496
2022-09-19,0.002,81675
2022-09-16,2.044,81673
2022-09-15,-2.054,80038
2022-09-14,0.955,81716
2022-09-13,-1.869,80942
2022-09-12,4.910,82484
2022-09-09,1.705,78624
2022-09-08,0.178,77306
2022-09-07,2.783,77168
2022-09-06,-0.179,75079
2022-09-02,1.162,75213
2022-09-01,-1.204,74350
2022-08-31,-2.239,75256
2022-08-30,-1.907,76979
2022-08-29,-0.401,78475
2022-08-26,-2.085,78791
2022-08-25,0.569,80469
2022-08-24,0.059,80014
2022-08-23,0.688,79967
2022-08-22,-0.283,79421
2022-08-19,-2.714,79646
2022-08-18,-1.149,81868
2022-08-17,-1.721,82819
2022-08-16,-0.587,84270
2022-08-15,-2.554,84767
2022-08-12,2.680,86989
2022-08-11,-1.476,84719
2022-08-10,0.108,85987
2022-08-09,-0.524,85895
2022-08-08,3.821,86347
2022-08-05,-1.661,83169
2022-08-04,0.813,84574
2022-08-03,0.437,83892
2022-08-02,-2.020,83527
2022-08-01,0.483,85250
2022-07-29,1.467,84840
2022-07-28,4.718,83613
2022-07-27,2.566,79846
2022-07-26,1.062,77848
2022-07-25,-0.932,77030
2022-07-22,-1.492,77754
2022-07-21,1.224,78932
2022-07-20,-0.576,77978
2022-07-19,0.408,78430
2022-07-18,0.177,78111
2022-07-15,1.120,77973
2022-07-14,-3.899,77110
2022-07-13,1.435,80238
2022-07-12,-0.794,79103
2022-07-11,-1.178,79736
2022-07-08,0.227,80687
2022-07-07,0.341,80504
2022-07-06,-0.224,80230
2022-07-05,-3.166,80410
2022-07-01,-1.768,83039
2022-06-30,-2.610,84534
2022-06-29,-0.259,86800
2022-06-28,-1.537,87025
2022-06-27,-0.101,88383
2022-06-24,0.725,88472
2022-06-23,-1.972,87836
2022-06-22,-1.099,89602
2022-06-21,0.002,90598
2022-06-17,-1.283,90596
2022-06-16,1.405,91773
2022-06-15,3.048,90502
2022-06-14,-0.665,87825
2022-06-13,-3.416,88413
2022-06-10,1.104,91539
2022-06-09,-1.865,90540
2022-06-08,-0.826,92261
2022-06-07,0.738,93030
2022-06-06,0.694,92348
2022-06-03,-1.746,91712
2022-06-02,2.287,93342
2022-06-01,1.464,91255
2022-05-31,-2.552,89938
2022-05-27,0.248,92294
2022-05-26,-0.146,92065
2022-05-25,-0.243,92199
2022-05-24,1.445,92424
2022-05-23,0.151,91108
2022-05-20,-0.985,90970
2022-05-19,2.739,91875
2022-05-18,-0.952,89425
2022-05-17,-0.048,90285
2022-05-16,2.628,90328
2022-05-13,1.571,88015
2022-05-12,-3.773,86654
2022-05-11,1.639,90051
2022-05-10,-2.394,88599
2022-05-09,-3.047,90773
2022-05-06,-0.575,93626
2022-05-05,-2.348,94168
2022-05-04,2.162,96431
2022-05-03,-0.190,94390
2022-05-02,-0.806,94570
2022-04-29,-1.772,95338
2022-04-28,-0.324,97058
2022-04-27,-0.737,97373
2022-04-26,-0.823,98096
2022-04-25,-2.150,98910
2022-04-22,-2.104,101083
2022-04-21,-2.103,103255
2022-04-20,0.174,105473
2022-04-19,-2.637,105290
2022-04-18,0.975,108142
2022-04-14,-0.461,107098
2022-04-13,1.195,107594
2022-04-12,1.384,106324
2022-04-11,1.448,104872
2022-04-08,0.531,103375
2022-04-07,0.578,102829
2022-04-06,0.941,102238
2022-04-05,-1.191,101285
2022-04-04,-0.482,102506
2022-04-01,-0.610,103002
2022-03-31,-0.260,103634
2022-03-30,0.133,103904
2022-03-29,-0.085,103766
2022-03-28,-2.340,103855
2022-03-25,-0.549,106344
2022-03-24,1.594,106930
2022-03-23,1.575,105253
2022-03-22,-1.716,103620
2022-03-21,1.131,105429
2022-03-18,-1.327,104250
2022-03-17,0.954,105652
2022-03-16,0.480,104653
2022-03-15,-0.689,104153
2022-03-14,-2.972,104876
2022-03-11,-0.581,108089
2022-03-10,0.884,108720
2022-03-09,-2.657,107767
2022-03-08,3.167,110708
2022-03-07,0.256,107310
2022-03-04,1.505,107036
2022-03-03,-0.340,105450
2022-03-02,-0.720,105810
2022-03-01,4.069,106577
2022-02-28,0.984,102410
2022-02-25,0.405,101412
2022-02-24,-1.846,101003
2022-02-23,1.885,102902
2022-02-22,0.861,100999
2022-02-18,0.365,100136
2022-02-17,0.779,99772
2022-02-16,1.205,99001
2022-02-15,-1.993,97822
2022-02-14,1.010,99812
2022-02-11,1.916,98814
2022-02-10,-0.509,96956
2022-02-09,0.375,97452
2022-02-08,0.848,97088
2022-02-07,2.311,96271
2022-02-04,0.388,94097
2022-02-03,-1.049,93733
2022-02-02,-0.046,94727
2022-02-01,0.675,94770
2022-01-31,0.437,94135
2022-01-28,-1.473,93726
2022-01-27,-3.221,95127
2022-01-26,-1.360,98293
2022-01-25,-0.405,99648
2022-01-24,-1.204,100053
2022-01-21,-1.059,101273
2022-01-20,1.120,102357
2022-01-19,3.137,101224
2022-01-18,2.313,98145
2022-01-14,-0.607,95926
2022-01-13,-0.557,96512
2022-01-12,1.902,97053
2022-01-11,1.399,95242
2022-01-10,0.681,93928
2022-01-07,0.538,93292
2022-01-06,-2.331,92793
2022-01-05,-1.499,95008
2022-01-04,0.663,96454
2022-01-03,-1.532,95818
2021-12-31,0.799,97309
2021-12-30,1.092,96538
2021-12-29,-0.750,95496
2021-12-28,-0.279,96218
2021-12-27,0.805,96487
2021-12-23,0.286,95717
2021-12-22,1.591,95443
2021-12-21,0.974,93949
2021-12-20,-0.530,93042
2021-12-17,-0.527,93538
2021-12-16,1.864,94034
2021-12-15,0.494,92313
2021-12-14,-1.454,91859
2021-12-13,0.539,93214
2021-12-10,0.987,92715
2021-12-09,-2.214,91808
2021-12-08,-0.238,93887
2021-12-07,0.485,94111
2021-12-06,-0.669,93657
2021-12-03,0.775,94288
2021-12-02,0.585,93563
2021-12-01,-2.325,93018
2021-11-30,-0.471,95232
2021-11-29,-0.981,95682
2021-11-26,-1.926,96630
2021-11-24,-0.591,98527
2021-11-23,-1.878,99113
2021-11-22,-1.800,101010
2021-11-19,-0.913,102862
2021-11-18,-0.904,103809
2021-11-17,0.917,104757
2021-11-16,-1.203,103805
2021-11-15,-0.767,105069
2021-11-12,0.302,105881
2021-11-11,2.101,105562
2021-11-10,1.511,103390
2021-11-09,-0.528,101851
2021-11-08,1.344,102391
2021-11-05,1.593,101033
2021-11-04,0.873,99449
2021-11-03,0.048,98588
2021-11-02,-1.932,98541
2021-11-01,0.636,100483
2021-10-29,-0.806,99848
2021-10-28,-0.088,100660
2021-10-27,-0.356,100748
2021-10-26,-1.625,101108
2021-10-25,0.889,102778
2021-10-22,0.852,101872
2021-10-21,-0.797,101011
2021-10-20,2.926,101823
2021-10-19,1.863,98928
2021-10-18,-0.415,97119
2021-10-15,-1.007,97523
2021-10-14,2.205,98516
2021-10-13,1.913,96390
2021-10-12,0.241,94580
2021-10-11,-0.332,94353
2021-10-08,0.241,94667
2021-10-07,-0.284,94439
2021-10-06,0.193,94708
2021-10-05,-0.284,94526
2021-10-04,0.722,94795
2021-10-01,1.513,94115
2021-09-30,2.859,92713
2021-09-29,-3.992,90136
2021-09-28,-0.762,93884
2021-09-27,1.113,94605
2021-09-24,-0.954,93564
2021-09-23,-0.379,94466
2021-09-22,0.722,94825
2021-09-21,1.216,94146
2021-09-20,-0.721,93014
2021-09-17,-2.398,93690
2021-09-16,-3.713,95992
2021-09-15,-0.134,99694
2021-09-14,0.502,99828
2021-09-13,0.002,99329
2021-09-10,-1.255,99327
2021-09-09,0.453,100590
2021-09-08,-1.508,100136
2021-09-07,-1.615,101670
2021-09-03,3.344,103339
2021-09-02,-1.026,99995
2021-09-01,1.041,101031
2021-08-31,-0.537,99991
2021-08-30,-0.311,100531
2021-08-27,2.199,100845
2021-08-26,-1.084,98675
2021-08-25,0.047,99757
2021-08-24,0.916,99710
2021-08-23,2.484,98805
2021-08-20,-0.742,96409
2021-08-19,-1.147,97130
2021-08-18,-0.637,98257
2021-08-17,-0.903,98887
2021-08-16,0.594,99788
2021-08-13,2.188,99199
2021-08-12,-1.555,97075
2021-08-11,1.020,98608
2021-08-10,-0.596,97613
2021-08-09,-3.417,98198
2021-08-06,-3.346,101672
2021-08-05,-1.018,105192
2021-08-04,-0.589,106273
2021-08-03,0.639,106903
2021-08-02,-0.421,106224
2021-07-30,-0.377,106673
2021-07-29,2.376,107077
2021-07-28,0.917,104592
2021-07-27,-1.710,103642
2021-07-26,0.045,105446
2021-07-23,-0.889,105399
2021-07-22,0.600,106345
2021-07-21,1.212,105710
2021-07-20,-0.642,104445
2021-07-19,-2.017,105120
2021-07-16,-2.500,107284
2021-07-15,0.207,110035
2021-07-14,1.040,109807
2021-07-13,-0.822,108677
2021-07-12,0.374,109577
2021-07-09,0.752,109169
2021-07-08,-0.947,108354
2021-07-07,0.043,109390
2021-07-06,-1.301,109343
2021-07-02,1.827,110784
2021-07-01,-0.452,108797
2021-06-30,1.383,109291
2021-06-29,-1.320,107800
2021-06-28,0.126,109242
2021-06-25,0.584,109104
2021-06-24,0.462,108470
2021-06-23,0.337,107972
2021-06-22,-0.953,107609
2021-06-21,0.840,108644
2021-06-18,-0.705,107740
2021-06-17,-4.788,108505
2021-06-16,-1.518,113961
2021-06-15,-0.733,115718
2021-06-14,-0.114,116573
2021-06-11,-0.383,116706
2021-06-10,0.739,117155
2021-06-09,0.666,116296
2021-06-08,-1.118,115526
2021-06-07,0.467,116832
2021-06-04,1.259,116289
2021-06-03,-2.637,114843
2021-06-02,1.202,117953
2021-06-01,-0.230,116552
2021-05-28,0.195,116821
2021-05-27,0.703,116593
2021-05-26,-1.229,115779
2021-05-25,0.934,117220
2021-05-24,0.864,116135
2021-05-21,-1.006,115140
2021-05-20,0.235,116311
2021-05-19,-1.604,116038
2021-05-18,-0.151,117930
2021-05-17,2.869,118108
2021-05-14,1.194,114813
2021-05-13,0.281,113458
2021-05-12,-2.257,113140
2021-05-11,1.264,115753
2021-05-10,-0.469,114308
2021-05-07,0.396,114847
2021-05-06,3.258,114394
2021-05-05,0.002,110785
2021-05-04,-1.561,110782
2021-05-03,3.959,112539
2021-04-30,-0.988,108253
2021-04-29,-0.613,109333
2021-04-28,0.043,110007
2021-04-27,0.372,109960
2021-04-26,0.665,109552
2021-04-23,-0.287,108828
2021-04-22,-1.982,109142
2021-04-21,3.090,111349
2021-04-20,-0.081,108011
2021-04-19,-0.455,108099
2021-04-16,0.252,108592
2021-04-15,1.867,108320
2021-04-14,0.342,106334
2021-04-13,2.042,105972
2021-04-12,-1.579,103851
2021-04-09,-0.887,105517
2021-04-08,1.245,106461
2021-04-07,-0.041,105152
2021-04-06,1.085,105195
2021-04-05,-0.257,104066
2021-04-01,1.984,104334
2021-03-31,1.979,102304
2021-03-30,-2.835,100319
2021-03-29,-1.376,103247
2021-03-26,-0.256,104687
2021-03-25,0.217,104955
2021-03-24,0.088,104728
2021-03-23,-3.006,104635
2021-03-22,-1.520,107878
2021-03-19,0.873,109543
2021-03-18,-1.308,108594
2021-03-17,1.330,110034
2021-03-16,-0.943,108590
2021-03-15,1.250,109624
2021-03-12,-0.905,108270
2021-03-11,-0.286,109259
2021-03-10,1.125,109573
2021-03-09,3.132,108354
2021-03-08,-0.169,105063
2021-03-05,-0.847,105241
2021-03-04,-2.963,106140
2021-03-03,-2.095,109381
2021-03-02,0.815,111722
2021-03-01,-0.241,110819
2021-02-26,-2.911,111087
2021-02-25,-2.080,114418
2021-02-24,0.897,116848
2021-02-23,-2.130,115810
2021-02-22,4.000,118330
2021-02-19,0.800,113778
2021-02-18,-1.337,112875
2021-02-17,0.556,114404
2021-02-16,-0.196,113771
2021-02-12,0.879,113994
2021-02-11,0.082,113001
2021-02-10,-0.829,112909
2021-02-09,-0.431,113852
2021-02-08,1.766,114346
2021-02-05,1.922,112362
2021-02-04,-1.803,110243
2021-02-03,1.591,112267
2021-02-02,-8.294,110509
2021-02-01,7.085,120503
2021-01-29,1.094,112531
2021-01-28,5.553,111313
2021-01-27,-0.971,105457
2021-01-26,0.427,106490
2021-01-25,-0.463,106038
2021-01-22,-2.027,106531
2021-01-21,0.585,108735
2021-01-20,2.697,108103
2021-01-19,1.876,105264
2021-01-15,-3.203,103326
2021-01-14,1.154,106746
2021-01-13,-1.178,105528
2021-01-12,2.199,106787
2021-01-11,-1.274,104489
2021-01-08,-6.926,105837
2021-01-07,-0.314,113713
2021-01-06,-1.284,114071
2021-01-05,1.264,115554
2021-01-04,3.177,114111
2020-12-31,-0.765,110598
2020-12-30,1.519,111451
2020-12-29,-0.162,109783
2020-12-28,1.964,109961
2020-12-24,0.674,107844
2020-12-23,1.581,107121
2020-12-22,-3.895,105454
2020-12-21,1.755,109727
2020-12-18,-0.785,107835
2020-12-17,2.246,108688
2020-12-16,3.598,106301
2020-12-15,2.890,102608
2020-12-14,-0.447,99726
2020-12-11,-0.267,100174
2020-12-10,0.407,100442
2020-12-09,-2.583,100035
2020-12-08,0.002,102688
2020-12-07,1.514,102686
2020-12-04,0.225,101154
2020-12-03,0.450,100927
2020-12-02,0.137,100475
2020-12-01,5.940,100338
2020-11-30,0.002,94712
2020-11-27,-3.083,94710
2020-11-25,0.418,97723
2020-11-24,-1.366,97316
2020-11-23,-2.488,98664
2020-11-20,0.314,101181
2020-11-19,-0.575,100864
2020-11-18,-0.834,101447
2020-11-17,-1.214,102300
2020-11-16,0.526,103557
2020-11-13,1.554,103015
2020-11-12,0.135,101439
2020-11-11,0.403,101302
2020-11-10,-0.309,100895
2020-11-09,-5.420,101208
2020-11-06,0.764,107008
2020-11-05,6.162,106197
2020-11-04,-0.889,100032
2020-11-03,0.136,100930
2020-11-02,1.912,100793
2020-10-30,1.292,98902
2020-10-29,-0.319,97641
2020-10-28,-4.178,97954
2020-10-27,0.533,102224
2020-10-26,-1.437,101683
2020-10-23,-0.085,103165
2020-10-22,-1.415,103252
2020-10-21,1.175,104734
2020-10-20,1.951,103518
2020-10-19,0.716,101538
2020-10-16,-0.751,100816
2020-10-15,0.224,101578
2020-10-14,0.224,101352
2020-10-13,-3.599,101125
2020-10-12,-0.340,104900
2020-10-09,5.548,105257
2020-10-08,0.409,99725
2020-10-07,1.659,99318
2020-10-06,-3.933,97698
2020-10-05,2.216,101697
2020-10-02,0.183,99492
2020-10-01,2.081,99310
2020-09-30,-3.820,97286
2020-09-29,2.182,101150
2020-09-28,3.382,98990
2020-09-25,-1.204,95751
2020-09-24,1.844,96918
2020-09-23,-7.106,95163
2020-09-22,-1.040,102443
2020-09-21,-7.619,103520
2020-09-18,-1.187,112058
2020-09-17,0.002,113404
2020-09-16,0.002,113402
2020-09-15,-0.235,113400
2020-09-14,1.568,113667
2020-09-11,0.163,111912
2020-09-10,-1.269,111730
2020-09-09,1.739,113166
2020-09-08,-1.235,111231
2020-09-04,1.295,112622
2020-09-03,-3.168,111182
2020-09-02,-2.255,114820
2020-09-01,-0.341,117469
2020-08-31,2.423,117871
2020-08-28,1.791,115083
2020-08-27,-1.601,113058
2020-08-26,3.273,114898
2020-08-25,0.652,111256
2020-08-24,-1.203,110535
2020-08-21,-2.770,111881
2020-08-20,2.936,115069
2020-08-19,-3.862,111787
2020-08-18,1.017,116277
2020-08-17,4.233,115107
2020-08-14,-3.416,110432
2020-08-13,8.670,114339
2020-08-12,0.388,105217
2020-08-11,-13.591,104810
2020-08-10,3.095,121295
2020-08-07,-2.565,117654
2020-08-06,7.307,120751
2020-08-05,3.301,112528
2020-08-04,6.642,108932
2020-08-03,0.399,102147
2020-07-31,4.092,101741
2020-07-30,-3.587,97741
2020-07-29,-0.876,101378
2020-07-28,-0.261,102274
2020-07-27,7.640,102542
2020-07-24,0.858,95263
2020-07-23,-1.910,94453
2020-07-22,9.000,96293
2020-07-21,6.154,88342
2020-07-20,2.889,83220
2020-07-17,1.296,80883
2020-07-16,-2.144,79849
2020-07-15,1.115,81598
2020-07-14,1.356,80699
2020-07-13,1.723,79619
2020-07-10,0.290,78271
2020-07-09,-0.627,78045
2020-07-08,2.824,78537
2020-07-07,-0.233,76380
2020-07-06,2.037,76558
2020-07-02,-0.652,75030
2020-07-01,-1.115,75522
2020-06-30,2.164,76374
2020-06-29,0.122,74756
2020-06-26,0.243,74665
2020-06-25,1.906,74484
2020-06-24,-2.862,73091
2020-06-23,1.578,75244
2020-06-22,0.063,74075
2020-06-19,1.729,74029
2020-06-18,-0.733,72771
2020-06-17,0.432,73308
2020-06-16,0.187,72992
2020-06-15,-0.305,72856
2020-06-12,-0.971,73079
2020-06-11,-3.064,73796
2020-06-10,3.291,76128
2020-06-09,-1.023,73703
2020-06-08,2.409,74465
2020-06-05,-2.054,72713
2020-06-04,0.366,74237
2020-06-03,-2.136,73966
2020-06-02,-1.518,75581
2020-06-01,2.643,76746
2020-05-29,2.905,74770
2020-05-28,0.250,72659
2020-05-27,1.129,72478
2020-05-26,-0.434,71669
2020-05-22,0.503,71982
2020-05-21,-2.443,71621
2020-05-20,1.177,73415
2020-05-19,2.409,72561
2020-05-18,1.807,70854
2020-05-15,4.729,69596
2020-05-14,1.789,66454
2020-05-13,0.904,65286
2020-05-12,-0.137,64702
2020-05-11,0.002,64790
2020-05-08,1.264,64789
2020-05-07,2.445,63980
2020-05-06,-0.070,62453
2020-05-05,1.164,62497
2020-05-04,-1.076,61778
2020-05-01,-0.427,62449
2020-04-30,-2.099,62717
2020-04-29,1.279,64062
2020-04-28,-0.772,63253
2020-04-27,0.002,63745
2020-04-24,0.002,63744
2020-04-23,0.854,63743
2020-04-22,1.515,63203
2020-04-21,-2.663,62260
2020-04-20,0.779,63963
2020-04-17,-2.479,63469
2020-04-16,0.140,65082
2020-04-15,-1.090,64991
2020-04-14,1.738,65707
2020-04-13,0.420,64585
2020-04-09,2.871,64315
2020-04-08,-0.355,62519
2020-04-07,-0.283,62742
2020-04-06,4.237,62920
2020-04-03,-0.515,60363
2020-04-02,3.919,60676
2020-04-01,-0.228,58388
2020-03-31,-0.834,58521
2020-03-30,-2.081,59013
2020-03-27,-0.663,60267
2020-03-26,0.150,60670
2020-03-25,1.657,60579
2020-03-24,7.963,59591
2020-03-23,5.940,55196
2020-03-20,2.652,52101
2020-03-19,0.983,50755
2020-03-18,-5.638,50261
2020-03-17,-0.998,53264
2020-03-16,-12.343,53801
2020-03-13,-6.359,61376
2020-03-12,-6.460,65544
2020-03-11,-0.634,70071
2020-03-10,-0.943,70518
2020-03-09,-1.852,71189
2020-03-06,-0.734,72532
2020-03-05,1.307,73069
2020-03-04,0.439,72126
2020-03-03,2.958,71811
2020-03-02,0.195,69747
2020-02-28,-5.705,69611
2020-02-27,-1.257,73823
2020-02-26,-0.178,74763
2020-02-25,-3.964,74896
2020-02-24,0.696,77987
2020-02-21,0.819,77448
2020-02-20,-0.520,76819
2020-02-19,1.295,77221
2020-02-18,2.719,76233
2020-02-14,0.610,74215
2020-02-13,0.798,73765
2020-02-12,-0.908,73181
2020-02-11,-0.781,73852
2020-02-10,0.425,74433
2020-02-07,-0.539,74118
2020-02-06,1.035,74520
2020-02-05,0.063,73757
2020-02-04,-0.301,73710
2020-02-03,-1.901,73933
2020-01-31,0.841,75365
2020-01-30,1.647,74736
2020-01-29,0.553,73525
2020-01-28,-3.373,73121
2020-01-27,-0.116,75673
2020-01-24,1.808,75761
2020-01-23,-0.298,74415
2020-01-22,0.122,74638
2020-01-21,-1.068,74547
2020-01-17,0.300,75352
2020-01-16,-0.236,75126
2020-01-15,1.145,75304
2020-01-14,-0.952,74451
2020-01-13,-0.649,75167
2020-01-10,1.019,75658
2020-01-09,-1.238,74895
2020-01-08,-1.396,75834
2020-01-07,1.360,76907
2020-01-06,0.596,75876
2020-01-03,0.180,75426
2020-01-02,0.781,75290
2019-12-31,-0.356,74707
2019-12-30,0.967,74974
2019-12-27,-0.895,74256
2019-12-26,0.907,74926
2019-12-24,1.845,74253
2019-12-23,1.498,72908
2019-12-20,0.629,71832
2019-12-19,0.254,71383
2019-12-18,0.128,71202
2019-12-17,-0.187,71111
2019-12-16,0.444,71244
2019-12-13,-0.061,70929
2019-12-12,0.637,70973
2019-12-11,1.158,70523
2019-12-10,0.454,69716
2019-12-09,0.131,69401
2019-12-06,-2.332,69310
2019-12-05,0.573,70965
2019-12-04,-1.805,70561
2019-12-03,1.584,71858
2019-12-02,-0.752,70737
2019-11-29,0.507,71273
2019-11-27,-0.936,70914
2019-11-26,1.333,71584
2019-11-25,-0.753,70642
2019-11-22,-0.561,71178
2019-11-21,-0.310,71580
2019-11-20,0.127,71802
2019-11-19,0.630,71711
2019-11-18,0.444,71262
2019-11-15,-0.312,70947
2019-11-14,0.444,71170
2019-11-13,0.702,70855
2019-11-12,-0.188,70361
2019-11-11,0.320,70494
2019-11-08,-1.873,70269
2019-11-07,-2.852,71610
2019-11-06,0.184,73712
2019-11-05,-2.431,73576
2019-11-04,-0.412,75410
2019-11-01,0.002,75722
2019-10-31,1.138,75720
2019-10-30,0.482,74868
2019-10-29,-0.178,74509
2019-10-28,-1.241,74642
2019-10-25,1.443,75580
2019-10-24,1.588,74504
2019-10-23,0.124,73340
2019-10-22,-0.242,73249
2019-10-21,0.002,73426
2019-10-18,0.063,73425
2019-10-17,0.863,73378
2019-10-16,-0.059,72751
2019-10-15,-1.332,72794
2019-10-14,0.735,73777
2019-10-11,0.002,73238
2019-10-10,-1.384,73237
2019-10-09,-0.058,74264
2019-10-08,1.904,74308
2019-10-07,-0.668,72919
2019-10-04,-0.120,73410
2019-10-03,0.002,73498
2019-10-02,1.736,73497
2019-10-01,1.447,72243
2019-09-30,-2.688,71212
2019-09-27,-1.858,73179
2019-09-26,-0.237,74564
2019-09-25,-4.184,74742
2019-09-24,-0.398,78005
2019-09-23,4.228,78317
2019-09-20,1.085,75140
2019-09-19,0.425,74333
2019-09-18,-1.837,74019
2019-09-17,0.719,75404
2019-09-16,2.638,74865
2019-09-13,-3.603,72941
2019-09-12,-0.175,75667
2019-09-11,0.595,75800
2019-09-10,0.121,75351
2019-09-09,-0.235,75261
2019-09-06,-3.100,75438
2019-09-05,-5.069,77851
2019-09-04,2.517,82008
2019-09-03,4.317,79994
2019-08-30,0.471,76684
2019-08-29,-0.580,76325
2019-08-28,0.824,76770
2019-08-27,3.089,76143
2019-08-26,1.042,73861
2019-08-23,2.381,73100
2019-08-22,-0.496,71399
2019-08-21,0.002,71755
2019-08-20,1.649,71754
2019-08-19,-1.434,70590
2019-08-16,-0.680,71617
2019-08-15,0.313,72107
2019-08-14,1.325,71882
2019-08-13,-0.686,70942
2019-08-12,0.568,71433
2019-08-09,0.002,71029
2019-08-08,-0.499,71027
2019-08-07,3.838,71384
2019-08-06,0.328,68745
2019-08-05,0.924,68520
2019-08-02,-0.976,67893
2019-08-01,0.857,68562
2019-07-31,-1.869,67980
2019-07-30,0.651,69275
2019-07-29,0.590,68826
2019-07-26,-0.324,68423
2019-07-25,-1.029,68645
2019-07-24,1.175,69358
2019-07-23,-0.063,68553
2019-07-22,1.189,68596
2019-07-19,-0.783,67790
2019-07-18,2.345,68325
2019-07-17,2.753,66760
2019-07-16,0.834,64971
2019-07-15,1.124,64434
2019-07-12,0.637,63718
2019-07-11,-0.629,63314
2019-07-10,0.851,63715
2019-07-09,0.643,63178
2019-07-08,-0.069,62774
2019-07-05,-1.814,62818
2019-07-03,0.212,63978
2019-07-02,0.778,63843
2019-07-01,-1.045,63350
2019-06-28,0.352,64019
2019-06-27,-0.277,63794
2019-06-26,-0.415,63972
2019-06-25,-0.551,64238
2019-06-24,0.698,64595
2019-06-21,-0.621,64147
2019-06-20,1.978,64547
2019-06-19,0.856,63295
2019-06-18,1.081,62758
2019-06-17,-0.070,62087
2019-06-14,-0.356,62130
2019-06-13,0.869,62352
2019-06-12,0.219,61815
2019-06-11,0.220,61680
2019-06-10,-1.989,61545
2019-06-07,1.008,62794
2019-06-06,0.290,62168
2019-06-05,-0.070,61988
2019-06-04,0.146,62031
2019-06-03,1.614,61941
2019-05-31,0.370,60957
2019-05-30,0.594,60732
2019-05-29,0.448,60374
2019-05-28,-1.390,60105
2019-05-24,-0.217,60952
2019-05-23,1.036,61085
2019-05-22,0.076,60458
2019-05-21,-0.146,60413
2019-05-20,0.224,60501
2019-05-17,-0.950,60366
2019-05-16,-1.442,60945
2019-05-15,-0.070,61837
2019-05-14,0.146,61880
2019-05-13,0.002,61789
2019-05-10,0.074,61788
2019-05-09,-0.430,61742
2019-05-08,-0.642,62009
2019-05-07,0.002,62409
2019-05-06,0.145,62408
2019-05-03,1.825,62318
2019-05-02,-0.289,61201
2019-05-01,-1.924,61378
2019-04-30,0.216,62582
2019-04-29,-0.778,62447
2019-04-26,0.716,62936
2019-04-25,0.002,62489
2019-04-24,0.649,62488
2019-04-23,-1.205,62085
2019-04-22,0.144,62842
2019-04-18,0.073,62752
2019-04-17,-0.140,62706
2019-04-16,0.073,62794
2019-04-15,0.073,62748
2019-04-12,0.216,62702
2019-04-11,-1.819,62567
2019-04-10,0.002,63726
2019-04-09,-0.208,63725
2019-04-08,0.990,63857
2019-04-05,-0.350,63231
2019-04-04,0.143,63453
2019-04-03,0.284,63363
2019-04-02,0.073,63183
2019-04-01,-0.210,63137
2019-03-29,0.784,63270
2019-03-28,-1.744,62778
2019-03-27,-1.035,63892
2019-03-26,-0.616,64560
2019-03-25,0.763,64960
2019-03-22,-0.343,64468
2019-03-21,-0.273,64690
2019-03-20,0.974,64867
2019-03-19,0.071,64241
2019-03-18,0.421,64195
2019-03-15,0.634,63926
2019-03-14,-1.859,63524
2019-03-13,0.209,64727
2019-03-12,0.767,64592
2019-03-11,-0.276,64100
2019-03-08,2.273,64277
2019-03-07,-0.422,62848
2019-03-06,-0.350,63115
2019-03-05,0.355,63336
2019-03-04,-0.350,63112
2019-03-01,-2.937,63334
2019-02-28,-0.812,65250
2019-02-27,-1.270,65784
2019-02-26,0.270,66630
2019-02-25,-0.332,66451
2019-02-22,0.811,66672
2019-02-21,-1.591,66136
2019-02-20,0.335,67205
2019-02-19,1.352,66980
2019-02-15,1.162,66087
2019-02-14,0.413,65328
2019-02-13,-0.948,65059
2019-02-12,0.070,65682
2019-02-11,-0.740,65636
2019-02-08,0.408,66125
2019-02-07,0.615,65856
2019-02-06,-1.276,65454
2019-02-05,-0.065,66300
2019-02-04,-0.266,66343
2019-02-01,-0.862,66520
2019-01-31,0.002,67098
2019-01-30,1.144,67097
2019-01-29,0.611,66338
2019-01-28,0.341,65935
2019-01-25,2.648,65711
2019-01-24,-0.414,64016
2019-01-23,0.210,64282
2019-01-22,0.141,64147
2019-01-18,-1.371,64056
2019-01-17,-0.408,64947
2019-01-16,0.207,65213
2019-01-15,-0.407,65078
2019-01-14,0.139,65344
2019-01-11,0.276,65253
2019-01-10,-1.216,65074
2019-01-09,0.615,65875
2019-01-08,0.138,65472
2019-01-07,-0.405,65382
2019-01-04,-0.134,65648
2019-01-03,1.307,65736
2019-01-02,0.277,64888
2018-12-31,0.695,64708
2018-12-28,0.841,64261
2018-12-27,1.349,63725
2018-12-26,1.732,62877
2018-12-24,0.948,61807
2018-12-21,-0.792,61226
2018-12-20,1.171,61715
2018-12-19,-0.434,61001
2018-12-18,-0.143,61267
2018-12-17,0.513,61355
2018-12-14,-1.152,61042
2018-12-13,0.291,61754
2018-12-12,1.173,61574
2018-12-11,0.075,60860
2018-12-10,-0.581,60814
2018-12-07,0.958,61170
2018-12-06,-0.145,60589
2018-12-04,0.966,60677
2018-12-03,1.278,60097
2018-11-30,-0.817,59338
2018-11-29,0.002,59827
2018-11-28,1.055,59826
2018-11-27,-0.745,59201
2018-11-26,-0.222,59645
2018-11-23,-1.322,59778
2018-11-21,1.117,60578
2018-11-20,-0.736,59909
2018-11-19,0.150,60353
2018-11-16,0.822,60263
2018-11-15,1.056,59772
2018-11-14,0.991,59147
2018-11-13,-0.150,58567
2018-11-12,-1.124,58655
2018-11-09,-1.768,59322
2018-11-08,-0.803,60389
2018-11-07,0.149,60878
2018-11-06,-0.797,60788
2018-11-05,-0.720,61276
2018-11-02,0.219,61721
2018-11-01,3.134,61586
2018-10-31,-1.468,59714
2018-10-30,0.149,60604
2018-10-29,-1.591,60513
2018-10-26,0.511,61492
2018-10-25,-0.361,61179
2018-10-24,-0.287,61400
2018-10-23,1.098,61577
2018-10-22,-0.435,60908
2018-10-19,0.294,61174
2018-10-18,-0.289,60995
2018-10-17,-0.288,61172
2018-10-16,-0.143,61348
2018-10-15,0.439,61436
2018-10-12,0.514,61168
2018-10-11,1.638,60855
2018-10-10,-0.589,59875
2018-10-09,0.002,60230
2018-10-08,-1.598,60228
2018-10-05,0.294,61206
2018-10-04,-0.506,61027
2018-10-03,-0.071,61338
2018-10-02,1.250,61381
2018-10-01,-0.799,60623
2018-09-28,2.388,61111
2018-09-27,-0.591,59686
2018-09-26,-0.734,60041
2018-09-25,1.344,60485
2018-09-24,-0.221,59682
2018-09-21,-0.072,59815
2018-09-20,0.375,59858
2018-09-19,0.678,59634
2018-09-18,0.002,59233
2018-09-17,0.607,59231
2018-09-14,-0.897,58874
2018-09-13,-0.297,59407
2018-09-12,0.830,59584
2018-09-11,-0.223,59093
2018-09-10,-0.073,59226
2018-09-07,0.077,59269
2018-09-06,-0.298,59223
2018-09-05,0.303,59400
2018-09-04,-2.489,59221
2018-08-31,-0.363,60732
2018-08-30,-1.224,60954
2018-08-29,0.219,61709
2018-08-28,-1.070,61574
2018-08-27,0.505,62240
2018-08-24,1.980,61927
2018-08-23,-1.655,60725
2018-08-22,-0.070,61747
2018-08-21,0.074,61790
2018-08-20,-0.285,61745
2018-08-17,1.091,61921
2018-08-16,1.476,61253
2018-08-15,-4.232,60362
2018-08-14,0.498,63030
2018-08-13,-2.149,62717
2018-08-10,-0.756,64095
2018-08-09,0.140,64583
2018-08-08,0.487,64492
2018-08-07,0.210,64180
2018-08-06,-0.688,64045
2018-08-03,0.487,64489
2018-08-02,-0.343,64176
2018-08-01,-0.888,64397
2018-07-31,0.208,64974
2018-07-30,0.071,64839
2018-07-27,0.554,64793
2018-07-26,-1.292,64436
2018-07-25,0.688,65280
2018-07-24,0.762,64834
2018-07-23,-0.820,64344
2018-07-20,1.181,64876
2018-07-19,-1.433,64119
2018-07-18,-0.271,65051
2018-07-17,-1.210,65228
2018-07-16,-0.200,66027
2018-07-13,-0.798,66159
2018-07-12,0.944,66691
2018-07-11,-1.718,66067
2018-07-10,-0.328,67222
2018-07-09,0.599,67443
2018-07-06,-0.130,67041
2018-07-05,0.468,67129
2018-07-03,0.807,66816
2018-07-02,-1.582,66282
2018-06-29,0.533,67347
2018-06-28,-0.329,66990
2018-06-27,-1.368,67211
2018-06-26,-0.258,68143
2018-06-25,-0.837,68320
2018-06-22,0.913,68896
2018-06-21,0.132,68273
2018-06-20,-0.128,68182
2018-06-19,-0.965,68270
2018-06-18,-0.575,68935
2018-06-15,-3.523,69334
2018-06-14,0.562,71866
2018-06-13,1.325,71464
2018-06-12,-0.437,70530
2018-06-11,1.016,70839
2018-06-08,0.384,70127
2018-06-07,0.129,69859
2018-06-06,1.162,69769
2018-06-05,0.455,68967
2018-06-04,0.067,68655
2018-06-01,-0.127,68609
2018-05-31,-0.577,68697
2018-05-30,0.714,69095
2018-05-29,-0.578,68605
2018-05-25,-1.018,69004
2018-05-24,1.228,69713
2018-05-23,-0.511,68868
2018-05-22,0.259,69222
2018-05-21,0.390,69043
2018-05-18,0.067,68775
2018-05-17,0.391,68729
2018-05-16,0.524,68461
2018-05-15,-1.476,68104
2018-05-14,-0.890,69125
2018-05-11,-0.252,69745
2018-05-10,1.354,69921
2018-05-09,0.131,68987
2018-05-08,-0.062,68897
2018-05-07,-0.127,68940
2018-05-04,0.519,69027
2018-05-03,0.261,68671
2018-05-02,1.183,68492
2018-05-01,-0.908,67691
2018-04-30,-1.218,68311
2018-04-27,-0.062,69154
2018-04-26,-0.190,69197
2018-04-25,-0.950,69329
2018-04-24,0.576,69994
2018-04-23,-2.850,69592
2018-04-20,-0.798,71634
2018-04-19,0.496,72210
2018-04-18,2.407,71853
2018-04-17,0.511,70164
2018-04-16,0.257,69808
2018-04-13,1.033,69629
2018-04-12,-1.082,68917
2018-04-11,0.450,69670
2018-04-10,0.388,69358
2018-04-09,0.844,69090
2018-04-06,-0.127,68512
2018-04-05,0.457,68599
2018-04-04,-0.515,68287
2018-04-03,-1.212,68641
2018-04-02,1.559,69483
2018-03-29,0.328,68416
2018-03-28,-1.347,68193
2018-03-27,-0.952,69124
2018-03-26,0.901,69788
2018-03-23,0.909,69165
2018-03-22,-1.340,68542
2018-03-21,2.423,69473
2018-03-20,-0.713,67830
2018-03-19,0.002,68316
2018-03-16,-0.386,68315
2018-03-15,-1.023,68580
2018-03-14,0.002,69289
2018-03-13,0.002,69288
2018-03-12,-0.126,69286
2018-03-09,0.516,69374
2018-03-08,0.131,69017
2018-03-07,-1.582,68927
2018-03-06,1.874,70035
2018-03-05,-0.448,68747
2018-03-02,0.131,69056
2018-03-01,0.519,68966
2018-02-28,-0.127,68609
2018-02-27,-1.274,68697
2018-02-26,0.579,69583
2018-02-23,-0.445,69182
2018-02-22,0.774,69492
2018-02-21,0.002,68958
2018-02-20,-1.206,68956
2018-02-16,-1.129,69798
2018-02-15,0.002,70595
2018-02-14,1.859,70594
2018-02-13,0.323,69306
2018-02-12,1.172,69083
2018-02-09,-0.451,68283
2018-02-08,0.326,68592
2018-02-07,-1.532,68369
2018-02-06,-0.570,69432
2018-02-05,0.513,69830
2018-02-02,-3.629,69474
2018-02-01,-0.610,72090
2018-01-31,1.240,72532
2018-01-30,-0.368,71643
2018-01-29,-1.217,71908
2018-01-26,0.615,72794
2018-01-25,-1.508,72349
2018-01-24,2.987,73456
2018-01-23,0.251,71326
2018-01-22,-0.060,71147
2018-01-19,0.503,71190
2018-01-18,-0.558,70833
2018-01-17,-1.167,71231
2018-01-16,-0.121,72072
2018-01-12,1.626,72160
2018-01-11,-0.060,71005
2018-01-10,-0.060,71048
2018-01-09,-0.741,71091
2018-01-08,-0.430,71622
2018-01-05,-0.060,71931
2018-01-04,0.373,71974
2018-01-03,-0.245,71706
2018-01-02,1.378,71882
2017-12-29,0.695,70905
2017-12-28,0.956,70416
2017-12-27,0.900,69750
2017-12-26,1.236,69127
2017-12-22,1.185,68284
2017-12-21,-0.195,67484
2017-12-20,0.199,67616
2017-12-19,0.002,67481
2017-12-18,0.464,67480
2017-12-15,0.867,67168
2017-12-14,-0.856,66591
2017-12-13,1.954,67166
2017-12-12,0.069,65879
2017-12-11,-0.733,65833
2017-12-08,0.607,66319
2017-12-07,-1.521,65919
2017-12-06,-0.852,66937
2017-12-05,-1.358,67512
2017-12-04,-0.578,68442
2017-12-01,0.131,68839
2017-11-30,-0.829,68749
2017-11-29,-1.695,69324
2017-11-28,-1.178,70520
2017-11-27,0.126,71360
2017-11-24,-0.555,71270
2017-11-22,1.001,71668
2017-11-21,0.190,70957
2017-11-20,-2.021,70823
2017-11-17,1.181,72284
2017-11-16,0.563,71441
2017-11-15,-0.309,71040
2017-11-14,-0.060,71260
2017-11-13,0.880,71303
2017-11-10,-0.745,70682
2017-11-09,0.064,71212
2017-11-08,0.314,71166
2017-11-07,-1.596,70943
2017-11-06,2.200,72094
2017-11-03,-1.544,70542
2017-11-02,-0.060,71648
2017-11-01,2.472,71691
2017-10-31,-0.752,69961
2017-10-30,0.002,70492
2017-10-27,0.381,70490
2017-10-26,-0.997,70223
2017-10-25,-0.060,70931
2017-10-24,-0.742,70973
2017-10-23,0.375,71504
2017-10-20,-1.166,71236
2017-10-19,1.310,72077
2017-10-18,-0.184,71145
2017-10-17,-0.983,71276
2017-10-16,-0.973,71984
2017-10-13,0.924,72691
2017-10-12,0.064,72025
2017-10-11,0.621,71980
2017-10-10,0.813,71535
2017-10-09,1.075,70958
2017-10-06,1.022,70204
2017-10-05,0.002,69494
2017-10-04,-0.125,69492
2017-10-03,0.257,69579
2017-10-02,-0.443,69401
2017-09-29,-1.129,69709
2017-09-28,0.571,70505
2017-09-27,-0.501,70105
2017-09-26,-1.849,70458
2017-09-25,0.999,71785
2017-09-22,0.127,71075
2017-09-21,-0.986,70985
2017-09-20,-1.037,71692
2017-09-19,0.555,72444
2017-09-18,-2.104,72044
2017-09-15,-0.892,73592
2017-09-14,0.062,74255
2017-09-13,-0.768,74209
2017-09-12,0.718,74783
2017-09-11,-1.467,74250
2017-09-08,-0.466,75356
2017-09-07,1.365,75708
2017-09-06,-0.235,74689
2017-09-05,1.078,74864
2017-09-01,0.482,74066
2017-08-31,1.156,73710
2017-08-30,0.246,72868
2017-08-29,-0.483,72689
2017-08-28,2.423,73042
2017-08-25,0.501,71314
2017-08-24,-0.741,70959
2017-08-23,0.500,71488
2017-08-22,0.002,71133
2017-08-21,-0.184,71131
2017-08-18,-0.122,71263
2017-08-17,-0.184,71350
2017-08-16,2.607,71481
2017-08-15,-2.416,69665
2017-08-14,-0.245,71390
2017-08-11,-0.060,71566
2017-08-10,1.254,71608
2017-08-09,2.701,70722
2017-08-08,1.502,68862
2017-08-07,-0.323,67843
2017-08-04,-2.161,68062
2017-08-03,0.321,69566
2017-08-02,-0.758,69343
2017-08-01,-0.690,69873
2017-07-31,0.571,70358
2017-07-28,0.831,69958
2017-07-27,-0.442,69382
2017-07-26,1.028,69690
2017-07-25,0.066,68981
2017-07-24,-0.126,68935
2017-07-21,1.169,69022
2017-07-20,0.132,68225
2017-07-19,0.132,68135
2017-07-18,1.053,68045
2017-07-17,0.930,67336
2017-07-14,1.414,66715
2017-07-13,-1.194,65785
2017-07-12,0.402,66580
2017-07-11,1.081,66313
2017-07-10,0.681,65604
2017-07-07,-2.770,65160
2017-07-06,-0.196,67017
2017-07-05,-0.782,67148
2017-07-03,-2.608,67678
2017-06-30,-0.125,69490
2017-06-29,-1.191,69577
2017-06-28,0.825,70416
2017-06-27,0.704,69839
2017-06-26,-0.695,69351
2017-06-23,0.704,69837
2017-06-22,0.903,69349
2017-06-21,-0.319,68728
2017-06-20,-0.126,68948
2017-06-19,-1.138,69035
2017-06-16,-0.565,69830
2017-06-15,-0.437,70226
2017-06-14,0.002,70534
2017-06-13,-0.559,70533
2017-06-12,-1.472,70930
2017-06-09,-1.272,71989
2017-06-08,-0.959,72917
2017-06-07,-0.654,73623
2017-06-06,0.784,74108
2017-06-05,0.243,73531
2017-06-02,1.284,73353
2017-06-01,-0.059,72423
2017-05-31,-0.484,72466
2017-05-30,0.429,72818
2017-05-26,1.049,72507
2017-05-25,-0.305,71754
2017-05-24,0.807,71974
2017-05-23,-0.491,71398
2017-05-22,1.821,71750
2017-05-19,1.466,70466
2017-05-18,-1.811,69448
2017-05-17,0.441,70729
2017-05-16,1.145,70418
2017-05-15,1.158,69621
2017-05-12,0.779,68824
2017-05-11,0.653,68292
2017-05-10,0.329,67849
2017-05-09,-0.712,67626
2017-05-08,-0.579,68111
2017-05-05,0.456,68508
2017-05-04,-1.024,68197
2017-05-03,-2.132,68903
2017-05-02,-0.373,70404
2017-05-01,-1.900,70668
2017-04-28,-0.426,72036
2017-04-27,-1.205,72344
2017-04-26,-0.657,73227
2017-04-25,-1.765,73711
2017-04-24,-0.233,75036
2017-04-21,-0.232,75211
2017-04-20,-0.697,75386
2017-04-19,-0.921,75915
2017-04-18,-0.514,76620
2017-04-17,-0.568,77017
2017-04-13,0.403,77457
2017-04-12,0.869,77146
2017-04-11,1.826,76482
2017-04-10,-0.174,75111
2017-04-07,-1.331,75242
2017-04-06,-0.344,76256
2017-04-05,-0.056,76520
2017-04-04,0.524,76563
2017-04-03,-0.056,76163
2017-03-31,0.585,76206
2017-03-30,-0.578,75763
2017-03-29,0.409,76203
2017-03-28,0.177,75892
2017-03-27,2.025,75758
2017-03-24,0.842,74255
2017-03-23,0.303,73635
2017-03-22,0.062,73413
2017-03-21,0.669,73367
2017-03-20,0.184,72880
2017-03-17,0.429,72746
2017-03-16,-0.181,72435
2017-03-15,2.754,72566
2017-03-14,-0.496,70622
2017-03-13,-0.493,70974
2017-03-10,0.562,71325
2017-03-09,-1.591,70927
2017-03-08,-1.388,72073
2017-03-07,-1.662,73088
2017-03-06,-0.881,74323
2017-03-03,1.073,74984
2017-03-02,-3.668,74187
2017-03-01,0.405,77012
2017-02-28,0.581,76701
2017-02-27,-0.745,76258
2017-02-24,0.930,76831
2017-02-23,0.762,76123
2017-02-22,0.472,75547
2017-02-21,-0.174,75192
2017-02-17,-0.523,75323
2017-02-16,0.648,75719
2017-02-15,0.178,75232
2017-02-14,0.712,75098
2017-02-13,-0.762,74567
2017-02-10,1.614,75139
2017-02-09,-0.532,73946
2017-02-08,0.300,74342
2017-02-07,-0.176,74119
2017-02-06,1.511,74250
2017-02-03,0.062,73145
2017-02-02,-0.299,73100
2017-02-01,-0.118,73319
2017-01-31,2.467,73406
2017-01-30,0.064,71639
2017-01-27,1.822,71593
2017-01-26,-1.054,70312
2017-01-25,-0.738,71061
2017-01-24,-0.428,71589
2017-01-23,0.620,71897
2017-01-20,0.436,71454
2017-01-19,-0.430,71143
2017-01-18,-0.551,71451
2017-01-17,2.135,71847
2017-01-13,0.191,70345
2017-01-12,0.254,70211
2017-01-11,-0.249,70033
2017-01-10,1.340,70208
2017-01-09,0.386,69280
2017-01-06,-0.759,69014
2017-01-05,1.157,69542
2017-01-04,0.909,68747
2017-01-03,2.186,68128
2016-12-30,-1.369,66670
2016-12-29,0.791,67595
2016-12-28,0.465,67065
2016-12-27,1.478,66754
2016-12-23,-0.465,65783
2016-12-22,-0.924,66090
2016-12-21,-0.785,66706
2016-12-20,0.463,67234
2016-12-19,-0.653,66924
2016-12-16,0.595,67364
2016-12-15,-4.706,66966
2016-12-14,-0.684,70273
2016-12-13,-0.925,70757
2016-12-12,1.380,71417
2016-12-09,-1.051,70445
2016-12-08,-0.553,71194
2016-12-07,2.399,71589
2016-12-06,-0.187,69912
2016-12-05,0.318,70043
2016-12-02,1.088,69821
2016-12-01,0.002,69070
2016-11-30,-0.758,69068
2016-11-29,0.065,69596
2016-11-28,0.898,69551
2016-11-25,0.711,68932
2016-11-23,-1.770,68445
2016-11-22,0.511,69679
2016-11-21,-0.062,69325
2016-11-18,-0.692,69367
2016-11-17,-1.552,69851
2016-11-16,-0.616,70952
2016-11-15,1.189,71391
2016-11-14,-2.852,70552
2016-11-11,-6.205,72623
2016-11-10,0.632,77428
2016-11-09,0.289,76941
2016-11-08,0.638,76719
2016-11-07,-0.972,76233
2016-11-04,0.232,76981
2016-11-03,-0.795,76803
2016-11-02,0.864,77419
2016-11-01,2.595,76756
2016-10-31,0.595,74815
2016-10-28,0.839,74372
2016-10-27,0.122,73754
2016-10-26,-0.888,73664
2016-10-25,0.960,74324
2016-10-24,0.302,73617
2016-10-21,0.062,73395
2016-10-20,-0.891,73350
2016-10-19,0.421,74009
2016-10-18,0.907,73699
2016-10-17,0.062,73037
2016-10-14,-0.299,72991
2016-10-13,-0.238,73210
2016-10-12,0.545,73385
2016-10-11,-1.014,72987
2016-10-10,0.785,73735
2016-10-07,0.975,73160
2016-10-06,-2.431,72454
2016-10-05,-0.529,74259
2016-10-04,-5.202,74654
2016-10-03,-1.811,78751
2016-09-30,0.499,80204
2016-09-29,-0.547,79805
2016-09-28,0.222,80245
2016-09-27,-1.302,80067
2016-09-26,-1.443,81123
2016-09-23,-1.162,82311
2016-09-22,0.267,83278
2016-09-21,3.177,83056
2016-09-20,0.387,80499
2016-09-19,1.906,80189
2016-09-16,-0.996,78690
2016-09-15,0.113,79481
2016-09-14,0.504,79392
2016-09-13,-1.319,78993
2016-09-12,0.333,80049
2016-09-09,-2.737,79783
2016-09-08,-0.850,82028
2016-09-07,-1.415,82732
2016-09-06,3.310,83919
2016-09-02,2.789,81231
2016-09-01,1.244,79027
2016-08-31,0.285,78056
2016-08-30,-1.283,77834
2016-08-29,1.018,78846
2016-08-26,0.512,78051
2016-08-25,0.059,77653
2016-08-24,-1.727,77608
2016-08-23,-0.221,78972
2016-08-22,-2.069,79146
2016-08-19,-2.236,80818
2016-08-18,0.484,82666
2016-08-17,-0.742,82268
2016-08-16,-0.051,82883
2016-08-15,0.590,82926
2016-08-12,-1.264,82439
2016-08-11,-1.042,83495
2016-08-10,1.539,84374
2016-08-09,0.696,83095
2016-08-08,0.162,82521
2016-08-05,-3.306,82387
2016-08-04,-0.153,85204
2016-08-03,-1.120,85334
2016-08-02,0.877,86301
2016-08-01,0.415,85551
2016-07-29,0.731,85197
2016-07-28,-0.824,84579
2016-07-27,3.807,85282
2016-07-26,0.649,82154
2016-07-25,-0.694,81624
2016-07-22,-1.110,82195
2016-07-21,2.499,83118
2016-07-20,-2.641,81091
2016-07-19,-0.940,83290
2016-07-18,0.107,84081
2016-07-15,-0.881,83991
2016-07-14,-0.720,84738
2016-07-13,1.573,85353
2016-07-12,-1.086,84031
2016-07-11,0.418,84953
2016-07-08,2.728,84599
2016-07-07,-2.040,82353
2016-07-06,0.634,84068
2016-07-05,1.283,83538
2016-07-01,4.900,82480
2016-06-30,2.852,78627
2016-06-29,2.722,76447
2016-06-28,0.239,74421
2016-06-27,-0.116,74244
2016-06-24,2.428,74330
2016-06-23,0.428,72569
2016-06-22,0.246,72259
2016-06-21,-1.620,72082
2016-06-20,0.303,73268
2016-06-17,1.780,73047
2016-06-16,-2.275,71769
2016-06-15,0.909,73440
2016-06-14,-0.239,72779
2016-06-13,0.548,72953
2016-06-10,0.123,72556
2016-06-09,1.606,72466
2016-06-08,3.912,71321
2016-06-07,-0.508,68636
2016-06-06,0.450,68986
2016-06-03,2.564,68677
2016-06-02,0.332,66960
2016-06-01,-0.130,66739
2016-05-31,-1.298,66825
2016-05-27,-0.899,67704
2016-05-26,0.196,68318
2016-05-25,0.521,68185
2016-05-24,-1.088,67832
2016-05-23,-0.635,68578
2016-05-20,0.130,69017
2016-05-19,-2.061,68927
2016-05-18,-2.496,70377
2016-05-17,0.553,72179
2016-05-16,0.248,71782
2016-05-13,0.372,71605
2016-05-12,-2.051,71339
2016-05-11,1.722,72833
2016-05-10,0.995,71601
2016-05-09,-3.065,70895
2016-05-06,0.729,73137
2016-05-05,0.123,72608
2016-05-04,-0.481,72518
2016-05-03,-0.419,72869
2016-05-02,-2.000,73175
2016-04-29,1.254,74669
2016-04-28,2.383,73744
2016-04-27,0.554,72027
2016-04-26,0.744,71630
2016-04-25,0.250,71101
2016-04-22,-0.492,70924
2016-04-21,0.436,71274
2016-04-20,0.126,70965
2016-04-19,4.542,70876
2016-04-18,-0.257,67797
2016-04-15,0.784,67971
2016-04-14,-0.646,67442
2016-04-13,0.197,67881
2016-04-12,1.785,67747
2016-04-11,3.559,66559
2016-04-08,0.969,64272
2016-04-07,0.978,63655
2016-04-06,-0.553,63038
2016-04-05,1.551,63389
2016-04-04,-0.974,62421
2016-04-01,-2.314,63035
2016-03-31,1.313,64528
2016-03-30,-0.751,63691
2016-03-29,0.970,64174
2016-03-28,0.210,63557
2016-03-24,-0.549,63424
2016-03-23,-4.032,63774
2016-03-22,0.400,66454
2016-03-21,0.202,66189
2016-03-18,-0.856,66056
2016-03-17,1.952,66626
2016-03-16,2.272,65350
2016-03-15,-0.272,63899
2016-03-14,-0.949,64073
2016-03-11,-0.673,64687
2016-03-10,1.998,65125
2016-03-09,-0.614,63850
2016-03-08,-1.877,64244
2016-03-07,0.950,65473
2016-03-04,1.795,64856
2016-03-03,1.756,63713
2016-03-02,0.567,62613
2016-03-01,-0.209,62260
2016-02-29,1.286,62391
2016-02-26,-2.704,61599
2016-02-25,-0.756,63311
2016-02-24,-0.136,63793
2016-02-23,0.764,63880
2016-02-22,-1.432,63395
2016-02-19,-0.811,64316
2016-02-18,1.515,64842
2016-02-17,0.209,63874
2016-02-16,-3.200,63741
2016-02-12,0.270,65849
2016-02-11,2.751,65672
2016-02-10,0.278,63913
2016-02-09,-0.546,63736
2016-02-08,1.745,64087
2016-02-05,1.202,62987
2016-02-04,1.579,62239
2016-02-03,2.425,61272
2016-02-02,-0.364,59821
2016-02-01,0.591,60040
2016-01-29,0.149,59687
2016-01-28,-1.736,59598
2016-01-27,-0.070,60651
2016-01-26,1.769,60694
2016-01-25,1.497,59638
2016-01-22,-0.592,58759
2016-01-21,-0.146,59109
2016-01-20,0.900,59196
2016-01-19,0.908,58668
2016-01-15,0.381,58139
2016-01-14,-2.222,57919
2016-01-13,2.432,59235
2016-01-12,-0.376,57829
2016-01-11,-0.600,58047
2016-01-08,-2.348,58397
2016-01-07,1.948,59801
2016-01-06,0.370,58658
2016-01-05,0.919,58442
2016-01-04,0.002,57910
2015-12-31,-0.149,57908
2015-12-30,-0.450,57995
2015-12-29,-0.149,58257
2015-12-28,-2.920,58344
2015-12-24,0.516,60099
2015-12-23,0.223,59790
2015-12-22,0.002,59657
2015-12-21,1.231,59656
2015-12-18,2.640,58931
2015-12-17,-3.037,57415
2015-12-16,2.901,59214
2015-12-15,0.385,57545
2015-12-14,-1.803,57324
2015-12-11,-1.113,58376
2015-12-10,-0.295,59033
2015-12-09,-0.146,59208
2015-12-08,-0.806,59294
2015-12-07,-1.800,59776
2015-12-04,3.048,60872
2015-12-03,0.675,59071
2015-12-02,-1.034,58675
2015-12-01,0.523,59289
2015-11-30,-0.147,58980
2015-11-27,-0.442,59067
2015-11-25,0.076,59329
2015-11-24,0.448,59284
2015-11-23,-0.368,59019
2015-11-20,-0.879,59238
2015-11-19,0.742,59763
2015-11-18,-0.219,59323
2015-11-17,-0.366,59453
2015-11-16,0.076,59672
2015-11-13,-0.365,59627
2015-11-12,0.002,59845
2015-11-11,-0.870,59844
2015-11-10,-0.934,60369
2015-11-09,-1.347,60938
2015-11-06,-1.536,61770
2015-11-05,-0.554,62734
2015-11-04,-1.370,63084
2015-11-03,-0.949,63960
2015-11-02,-0.539,64573
2015-10-30,-0.536,64923
2015-10-29,-2.488,65272
2015-10-28,0.861,66938
2015-10-27,0.134,66366
2015-10-26,-0.064,66277
2015-10-23,0.068,66320
2015-10-22,0.803,66274
2015-10-21,-1.315,65747
2015-10-20,0.531,66623
2015-10-19,-1.111,66271
2015-10-16,-0.713,67015
2015-10-15,-0.193,67496
2015-10-14,1.717,67626
2015-10-13,0.200,66485
2015-10-12,0.068,66352
2015-10-09,0.869,66307
2015-10-08,-1.960,65735
2015-10-07,1.462,67049
2015-10-06,1.211,66083
2015-10-05,2.339,65293
2015-10-02,4.678,63801
2015-10-01,0.218,60949
2015-09-30,-0.714,60816
2015-09-29,0.217,61254
2015-09-28,-3.192,61121
2015-09-25,-0.206,63137
2015-09-24,2.197,63267
2015-09-23,-0.139,61906
2015-09-22,-2.413,61993
2015-09-21,0.140,63526
2015-09-18,0.349,63437
2015-09-17,1.408,63217
2015-09-16,3.270,62339
2015-09-15,-0.143,60365
2015-09-14,-1.145,60451
2015-09-11,-0.284,61151
2015-09-10,0.433,61326
2015-09-09,-1.344,61061
2015-09-08,1.439,61893
2015-09-04,-0.711,61015
2015-09-03,0.002,61452
2015-09-02,0.576,61451
2015-09-01,-0.355,61099
2015-08-31,0.505,61317
2015-08-28,0.872,61009
2015-08-27,1.772,60482
2015-08-26,-3.072,59429
2015-08-25,-0.989,61312
2015-08-24,-3.283,61925
2015-08-21,-1.148,64027
2015-08-20,1.443,64771
2015-08-19,2.463,63849
2015-08-18,-2.800,62314
2015-08-17,0.552,64109
2015-08-14,-1.086,63758
2015-08-13,-0.740,64457
2015-08-12,1.231,64938
2015-08-11,0.690,64148
2015-08-10,3.049,63709
2015-08-07,0.860,61823
2015-08-06,0.289,61296
2015-08-05,0.218,61120
2015-08-04,0.362,60987
2015-08-03,-1.489,60767
2015-07-31,-0.069,61686
2015-07-30,-0.422,61728
2015-07-29,0.929,61990
2015-07-28,0.720,61419
2015-07-27,-0.711,60980
2015-07-24,0.145,61417
2015-07-23,-0.988,61328
2015-07-22,0.002,61940
2015-07-21,0.643,61939
2015-07-20,-1.263,61543
2015-07-17,-0.834,62331
2015-07-16,-0.552,62855
2015-07-15,-1.768,63204
2015-07-14,-0.808,64342
2015-07-13,-0.468,64866
2015-07-10,0.815,65171
2015-07-09,2.077,64644
2015-07-08,0.210,63329
2015-07-07,-3.734,63197
2015-07-06,0.270,65648
2015-07-02,0.338,65471
2015-07-01,-0.863,65251
2015-06-30,0.002,65819
2015-06-29,-0.527,65818
2015-06-26,-0.394,66167
2015-06-25,-0.130,66428
2015-06-24,0.332,66514
2015-06-23,-2.258,66294
2015-06-22,0.456,67825
2015-06-19,-0.257,67517
2015-06-18,0.067,67691
2015-06-17,0.851,67646
2015-06-16,-0.517,67076
2015-06-15,0.986,67425
2015-06-12,-0.520,66767
2015-06-11,0.067,67115
2015-06-10,0.198,67070
2015-06-09,-0.194,66938
2015-06-08,-0.453,67068
2015-06-05,-0.579,67373
2015-06-04,-2.209,67765
2015-06-03,-1.491,69296
2015-06-02,0.439,70345
2015-06-01,0.065,70038
2015-05-29,0.127,69992
2015-05-28,0.065,69903
2015-05-27,-0.373,69858
2015-05-26,-1.956,70120
2015-05-22,-0.303,71519
2015-05-21,0.124,71736
2015-05-20,-0.059,71647
2015-05-19,-3.018,71690
2015-05-18,0.838,73920
2015-05-15,0.603,73306
2015-05-14,1.837,72867
2015-05-13,3.418,71553
2015-05-12,1.543,69188
2015-05-11,-1.204,68136
2015-05-08,1.028,68966
2015-05-07,-1.076,68265
2015-05-06,-0.251,69008
2015-05-05,0.703,69181
2015-05-04,1.489,68698
2015-05-01,0.261,67691
2015-04-30,-2.402,67514
2015-04-29,-0.376,69176
2015-04-28,1.343,69437
2015-04-27,3.986,68517
2015-04-24,-0.984,65890
2015-04-23,0.664,66545
2015-04-22,-1.369,66106
2015-04-21,0.198,67024
2015-04-20,-1.733,66891
2015-04-17,-0.062,68071
2015-04-16,-0.382,68113
2015-04-15,0.776,68375
2015-04-14,-0.575,67848
2015-04-13,-1.076,68241
2015-04-10,1.678,68983
2015-04-09,-1.896,67844
2015-04-08,-2.103,69155
2015-04-07,-0.736,70641
2015-04-06,1.563,71164
2015-04-02,-1.292,70069
2015-04-01,1.885,70987
2015-03-31,-0.311,69673
2015-03-30,-1.478,69890
2015-03-27,-0.489,70939
2015-03-26,0.371,71287
2015-03-25,-0.244,71023
2015-03-24,-0.121,71197
2015-03-23,1.877,71283
2015-03-20,3.629,69969
2015-03-19,0.523,67519
2015-03-18,3.089,67168
2015-03-17,-0.598,65155
2015-03-16,0.605,65547
2015-03-13,-0.132,65153
2015-03-12,0.541,65239
2015-03-11,-1.196,64888
2015-03-10,-0.528,65674
2015-03-09,-0.591,66022
2015-03-06,-2.187,66414
2015-03-05,0.260,67899
2015-03-04,-0.575,67723
2015-03-03,-0.510,68115
2015-03-02,-1.321,68464
2015-02-27,0.191,69380
2015-02-26,0.065,69248
2015-02-25,1.737,69203
2015-02-24,-0.446,68021
2015-02-23,0.581,68326
2015-02-20,-1.017,67931
2015-02-19,-0.315,68629
2015-02-18,-0.503,68846
2015-02-17,-4.291,69194
2015-02-13,2.417,72296
2015-02-12,0.437,70590
2015-02-11,-0.677,70283
2015-02-10,-0.795,70762
2015-02-09,1.811,71329
2015-02-06,-3.315,70060
2015-02-05,-0.299,72463
2015-02-04,0.485,72680
2015-02-03,0.488,72329
2015-02-02,-0.421,71978
2015-01-30,1.849,72282
2015-01-29,-5.744,70970
2015-01-28,-0.575,75294
2015-01-27,1.170,75730
2015-01-26,-2.168,74855
2015-01-23,-0.566,76513
2015-01-22,1.384,76949
2015-01-21,1.108,75899
2015-01-20,1.359,75067
2015-01-16,4.956,74061
2015-01-15,0.126,70564
2015-01-14,-0.980,70475
2015-01-13,2.648,71173
2015-01-12,0.636,69336
2015-01-09,0.833,68898
2015-01-08,-1.323,68329
2015-01-07,0.128,69245
2015-01-06,2.131,69156
2015-01-05,2.583,67713
2015-01-02,0.334,66008
2014-12-31,-3.336,65788
2014-12-30,3.113,68059
2014-12-29,-1.562,66004
2014-12-26,1.725,67051
2014-12-24,0.334,65914
2014-12-23,0.336,65694
2014-12-22,-2.597,65475
2014-12-19,0.921,67221
2014-12-18,0.995,66607
2014-12-17,0.135,65951
2014-12-16,-2.519,65863
2014-12-15,-5.090,67565
2014-12-12,-0.182,71188
2014-12-11,-0.242,71318
2014-12-10,0.308,71491
2014-12-09,3.885,71271
2014-12-08,0.643,68606
2014-12-05,-1.013,68168
2014-12-04,0.256,68865
2014-12-03,-0.125,68689
2014-12-02,-0.188,68775
2014-12-01,6.408,68905
2014-11-28,-6.551,64755
2014-11-26,-0.686,69295
2014-11-25,1.269,69774
2014-11-24,-0.061,68899
2014-11-21,1.220,68942
2014-11-20,0.777,68111
2014-11-19,-0.448,67585
2014-11-18,0.325,67890
2014-11-17,-0.830,67670
2014-11-14,4.411,68236
2014-11-13,-0.397,65354
2014-11-12,-0.527,65614
2014-11-11,1.275,65962
2014-11-10,-1.190,65132
2014-11-07,1.891,65916
2014-11-06,1.093,64692
2014-11-05,-4.555,63993
2014-11-04,-0.773,67047
2014-11-03,-0.127,67569
2014-10-31,-2.021,67655
2014-10-30,-3.417,69051
2014-10-29,-0.665,71493
2014-10-28,0.428,71972
2014-10-27,-0.483,71665
2014-10-24,0.002,72013
2014-10-23,0.245,72012
2014-10-22,-2.080,71836
2014-10-21,0.480,73362
2014-10-20,0.907,73011
2014-10-17,-0.538,72355
2014-10-16,-0.237,72746
2014-10-15,0.182,72919
2014-10-14,-0.297,72787
2014-10-13,0.543,73004
2014-10-10,0.122,72610
2014-10-09,-0.358,72521
2014-10-08,1.216,72781
2014-10-07,-0.721,71907
2014-10-06,2.980,72429
2014-10-03,-1.765,70334
2014-10-02,-0.423,71597
2014-10-01,0.797,71901
2014-09-30,-2.561,71333
2014-09-29,-0.708,73207
2014-09-26,0.418,73729
2014-09-25,-0.940,73423
2014-09-24,-0.467,74119
2014-09-23,-0.057,74467
2014-09-22,-0.638,74509
2014-09-19,-3.262,74987
2014-09-18,0.002,77516
2014-09-17,-1.001,77514
2014-09-16,0.169,78298
2014-09-15,0.170,78165
2014-09-12,-0.382,78033
2014-09-11,-1.539,78332
2014-09-10,-0.380,79556
2014-09-09,0.276,79860
2014-09-08,-0.867,79640
2014-09-05,0.548,80337
2014-09-04,-0.595,79899
2014-09-03,0.111,80377
2014-09-02,-1.601,80288
2014-08-29,-0.158,81595
2014-08-28,0.431,81724
2014-08-27,0.163,81374
2014-08-26,0.163,81241
2014-08-25,-0.480,81109
2014-08-22,0.002,81500
2014-08-21,-0.158,81498
2014-08-20,0.109,81627
2014-08-19,-0.899,81538
2014-08-18,0.055,82278
2014-08-15,-1.255,82233
2014-08-14,0.317,83278
2014-08-13,-0.676,83014
2014-08-12,-0.310,83579
2014-08-11,0.210,83839
2014-08-08,0.106,83663
2014-08-07,-0.310,83574
2014-08-06,0.947,83834
2014-08-05,-1.802,83048
2014-08-04,-0.613,84572
2014-08-01,-0.304,85094
2014-07-31,-1.009,85353
2014-07-30,0.002,86224
2014-07-29,-0.149,86222
2014-07-28,-0.300,86351
2014-07-25,1.483,86611
2014-07-24,-2.488,85345
2014-07-23,-0.098,87523
2014-07-22,0.002,87608
2014-07-21,0.402,87606
2014-07-18,-1.329,87256
2014-07-17,1.911,88431
2014-07-16,0.153,86773
2014-07-15,-1.093,86640
2014-07-14,-2.283,87598
2014-07-11,0.246,89644
2014-07-10,1.235,89424
2014-07-09,0.299,88333
2014-07-08,0.200,88070
2014-07-07,-0.589,87894
2014-07-03,-0.047,88415
2014-07-02,0.447,88457
2014-07-01,-0.196,88063
2014-06-30,0.399,88235
2014-06-27,-0.344,87885
2014-06-26,0.250,88188
2014-06-25,0.550,87969
2014-06-24,0.152,87488
2014-06-23,0.102,87355
2014-06-20,0.554,87267
2014-06-19,4.569,86786
2014-06-18,0.583,82994
2014-06-17,0.479,82513
2014-06-16,-0.368,82119
2014-06-13,0.855,82422
2014-06-12,1.627,81724
2014-06-11,0.002,80415
2014-06-10,0.766,80414
2014-06-09,0.221,79802
2014-06-06,0.112,79626
2014-06-05,1.109,79538
2014-06-04,-0.219,78665
2014-06-03,0.446,78838
2014-06-02,-0.324,78488
2014-05-30,-1.206,78743
2014-05-29,0.111,79704
2014-05-28,-0.434,79615
2014-05-27,-1.606,79962
2014-05-23,-0.372,81267
2014-05-22,0.485,81570
2014-05-21,-0.052,81177
2014-05-20,0.109,81219
2014-05-19,0.109,81130
2014-05-16,-0.692,81041
2014-05-15,-1.366,81606
2014-05-14,1.227,82736
2014-05-13,-0.051,81733
2014-05-12,1.956,81775
2014-05-09,-0.106,80206
2014-05-08,-0.698,80292
2014-05-07,-1.221,80856
2014-05-06,-0.210,81856
2014-05-05,0.805,82028
2014-05-02,1.855,81374
2014-05-01,-0.594,79892
2014-04-30,-1.597,80369
2014-04-29,-0.475,81674
2014-04-28,-0.473,82064
2014-04-25,0.108,82454
2014-04-24,1.233,82365
2014-04-23,-0.105,81362
2014-04-22,0.216,81448
2014-04-21,-1.110,81272
2014-04-17,0.002,82185
2014-04-16,0.002,82183
2014-04-15,-1.716,82181
2014-04-14,0.106,83616
2014-04-11,-0.413,83527
2014-04-10,0.839,83874
2014-04-09,-0.622,83176
2014-04-08,0.525,83696
2014-04-07,-0.155,83260
2014-04-04,0.527,83388
2014-04-03,-0.665,82952
2014-04-02,0.674,83507
2014-04-01,0.107,82948
2014-03-31,-0.103,82860
2014-03-28,0.318,82945
2014-03-27,-0.103,82682
2014-03-26,-1.039,82768
2014-03-25,0.054,83636
2014-03-24,-1.586,83591
2014-03-21,0.002,84938
2014-03-20,-1.362,84937
2014-03-19,-1.097,86110
2014-03-18,-1.572,87065
2014-03-17,-1.404,88456
2014-03-14,1.279,89716
2014-03-13,-0.535,88583
2014-03-12,2.148,89060
2014-03-11,0.152,87187
2014-03-10,-0.347,87055
2014-03-07,-2.805,87358
2014-03-06,1.475,89879
2014-03-05,-0.047,88572
2014-03-04,-1.210,88614
2014-03-03,1.329,89700
2014-02-28,-0.536,88524
2014-02-27,0.198,89000
2014-02-26,-2.852,88825
2014-02-25,-0.753,91433
2014-02-24,1.003,92127
2014-02-21,-0.141,91211
2014-02-20,1.795,91340
2014-02-19,-2.364,89729
2014-02-18,2.326,91902
2014-02-14,4.612,89812
2014-02-13,1.597,85853
2014-02-12,-0.101,84503
2014-02-11,0.831,84588
2014-02-10,0.106,83891
2014-02-07,0.524,83802
2014-02-06,0.526,83366
2014-02-05,1.709,82929
2014-02-04,0.754,81536
2014-02-03,0.869,80926
2014-01-31,-0.214,80228
2014-01-30,-2.785,80401
2014-01-29,0.904,82704
2014-01-28,-0.210,81963
2014-01-27,-1.407,82135
2014-01-24,-0.517,83307
2014-01-23,1.211,83741
2014-01-22,-0.728,82739
2014-01-21,-1.741,83346
2014-01-17,0.829,84822
2014-01-16,-0.256,84125
2014-01-15,-0.101,84341
2014-01-14,-1.319,84426
2014-01-13,1.550,85555
2014-01-10,2.868,84249
2014-01-09,0.055,81900
2014-01-08,-1.540,81855
2014-01-07,-1.517,83135
2014-01-06,0.002,84416
2014-01-03,0.990,84414
2014-01-02,2.781,83587
2013-12-31,-0.741,81325
2013-12-30,-2.178,81932
2013-12-27,1.316,83756
2013-12-26,1.388,82668
2013-12-24,0.216,81536
2013-12-23,0.539,81360
2013-12-20,0.705,80924
2013-12-19,-3.141,80358
2013-12-18,-0.259,82964
2013-12-17,-0.414,83179
2013-12-16,1.427,83525
2013-12-13,0.746,82350
2013-12-12,-3.783,81740
2013-12-11,-0.558,84954
2013-12-10,2.826,85430
2013-12-09,1.921,83082
2013-12-06,0.377,81516
2013-12-05,-1.630,81211
2013-12-04,3.151,82556
2013-12-03,-0.215,80034
2013-12-02,-4.052,80207
2013-11-29,1.479,83594
2013-11-27,-0.887,82376
2013-11-26,-0.725,83113
2013-11-25,0.734,83719
2013-11-22,-0.570,83109
2013-11-21,0.524,83586
2013-11-20,-2.395,83149
2013-11-19,-0.278,85190
2013-11-18,-1.673,85427
2013-11-15,-0.247,86880
2013-11-14,1.367,87096
2013-11-13,-1.098,85921
2013-11-12,-2.911,86875
2013-11-11,-0.433,89480
2013-11-08,-0.670,89869
2013-11-07,-0.808,90475
2013-11-06,0.480,91212
2013-11-05,0.242,90775
2013-11-04,-1.089,90556
2013-11-01,-0.069,91554
2013-10-31,-3.586,91617
2013-10-30,0.878,95024
2013-10-29,0.048,94197
2013-10-28,-0.136,94152
2013-10-25,-0.730,94280
2013-10-24,0.554,94973
2013-10-23,-0.547,94450
2013-10-22,2.151,94969
2013-10-21,1.423,92970
2013-10-18,0.311,91666
2013-10-17,2.661,91382
2013-10-16,-0.290,89013
2013-10-15,0.295,89272
2013-10-14,-0.095,89010
2013-10-11,-1.463,89095
2013-10-10,-1.067,90417
2013-10-09,-2.045,91392
2013-10-08,-0.184,93301
2013-10-07,2.869,93473
2013-10-04,0.050,90866
2013-10-03,0.002,90821
2013-10-02,2.476,90819
2013-10-01,-2.319,88625
2013-09-30,-0.284,90729
2013-09-27,0.193,90987
2013-09-26,-0.284,90812
2013-09-25,0.433,91070
2013-09-24,0.531,90678
2013-09-23,-1.041,90199
2013-09-20,-5.408,91147
2013-09-19,-0.491,96358
2013-09-18,6.443,96834
2013-09-17,0.097,90973
2013-09-16,-2.239,90884
2013-09-13,1.711,92966
2013-09-12,-5.516,91401
2013-09-11,0.748,96738
2013-09-10,-3.107,96020
2013-09-09,-0.586,99099
2013-09-06,2.638,99683
2013-09-05,-1.364,97120
2013-09-04,-2.991,98464
2013-09-03,3.498,101499
2013-08-30,-1.737,98069
2013-08-29,-1.833,99803
2013-08-28,-0.676,101667
2013-08-27,0.556,102359
2013-08-26,1.341,101793
2013-08-23,3.953,100446
2013-08-22,0.589,96626
2013-08-21,-0.223,96060
2013-08-20,-0.677,96275
2013-08-19,0.009,96931
2013-08-16,0.860,96922
2013-08-15,5.028,96096
2013-08-14,1.837,91495
2013-08-13,0.438,89845
2013-08-12,4.354,89453
2013-08-09,0.818,85720
2013-08-08,4.091,85025
2013-08-07,0.002,81683
2013-08-06,-0.940,81681
2013-08-05,-0.579,82456
2013-08-02,0.793,82936
2013-08-01,-0.886,82283
2013-07-31,0.580,83019
2013-07-30,-0.573,82540
2013-07-29,-0.930,83016
2013-07-26,-0.921,83795
2013-07-25,0.166,84574
2013-07-24,-1.525,84434
2013-07-23,0.002,85742
2013-07-22,4.716,85740
2013-07-19,0.857,81878
2013-07-18,0.324,81183
2013-07-17,-3.464,80921
2013-07-16,0.261,83825
2013-07-15,0.366,83607
2013-07-12,-1.435,83301
2013-07-11,5.467,84514
2013-07-10,-0.483,80133
2013-07-09,0.816,80521
2013-07-08,1.155,79869
2013-07-05,-4.257,78957
2013-07-03,1.833,82468
2013-07-02,-1.329,80983
2013-07-01,-0.209,82074
2013-06-28,6.039,82246
2013-06-27,0.013,77562
2013-06-26,-5.402,77552
2013-06-25,-0.314,81981
2013-06-24,-2.159,82239
2013-06-21,2.238,84054
2013-06-20,-7.935,82214
2013-06-19,-1.339,89300
2013-06-18,-1.041,90512
2013-06-17,-1.076,91464
2013-06-14,1.380,92459
2013-06-13,0.097,91200
2013-06-12,0.528,91112
2013-06-11,-1.179,90633
2013-06-10,1.440,91715
2013-06-07,-4.877,90413
2013-06-06,0.691,95049
2013-06-05,0.048,94397
2013-06-04,-0.945,94352
2013-06-03,2.536,95252
2013-05-31,-2.478,92896
2013-05-30,1.246,95256
2013-05-29,0.838,94084
2013-05-28,-0.368,93302
2013-05-24,-1.232,93647
2013-05-23,1.722,94815
2013-05-22,-0.507,93210
2013-05-21,-2.960,93685
2013-05-20,4.114,96543
2013-05-17,-2.504,92728
2013-05-16,0.875,95109
2013-05-15,-3.587,94284
2013-05-14,-1.137,97792
2013-05-13,-0.651,98916
2013-05-10,0.395,99564
2013-05-09,-0.993,99172
2013-05-08,0.089,100167
2013-05-07,-0.343,100078
2013-05-06,-0.470,100423
2013-05-03,1.175,100897
2013-05-02,0.702,99725
2013-05-01,-2.556,99030
2013-04-30,-0.338,101627
2013-04-29,1.907,101972
2013-04-26,-1.658,100064
2013-04-25,4.775,101751
2013-04-24,1.084,97115
2013-04-23,-1.943,96073
2013-04-22,0.984,97977
2013-04-19,0.002,97022
2013-04-18,-0.176,97020
2013-04-17,-0.991,97192
2013-04-16,2.605,98164
2013-04-15,-12.617,95672
2013-04-12,-5.316,109485
2013-04-11,0.077,115633
2013-04-10,-1.293,115544
2013-04-09,2.700,117057
2013-04-08,-0.263,113980
2013-04-05,1.541,114281
2013-04-04,-0.381,112547
2013-04-03,-0.985,112978
2013-04-02,-2.730,114101
2013-04-01,-1.238,117303
2013-03-28,-1.080,118773
2013-03-27,-0.070,120070
2013-03-26,-0.321,120154
2013-03-25,0.326,120541
2013-03-22,-1.524,120149
2013-03-21,1.332,122008
2013-03-20,-0.428,120404
2013-03-19,-0.070,120921
2013-03-18,0.545,121005
2013-03-15,-0.002,120349
2013-03-14,-0.499,120351
2013-03-13,-0.920,120955
2013-03-12,0.644,122078
2013-03-11,0.056,121296
2013-03-08,0.342,121229
2013-03-07,-0.674,120815
2013-03-06,1.263,121636
2013-03-05,0.545,120118
2013-03-04,-0.070,119466
2013-03-01,0.292,119551
2013-02-28,-1.676,119202
2013-02-27,-1.406,121234
2013-02-26,1.213,122963
2013-02-25,0.864,121489
2013-02-22,0.363,120448
2013-02-21,0.509,120013
2013-02-20,-3.004,119404
2013-02-19,-1.345,123102
2013-02-15,-2.125,124780
2013-02-14,-1.039,127489
2013-02-13,-1.061,128828
2013-02-12,0.302,130211
2013-02-11,-1.411,129819
2013-02-08,-0.097,131677
2013-02-07,-1.134,131804
2013-02-06,0.165,133316
2013-02-05,0.230,133097
2013-02-04,-0.290,132791
2013-02-01,1.119,133178
2013-01-31,-1.550,131704
2013-01-30,1.981,133778
2013-01-29,1.577,131180
2013-01-28,-1.190,129144
2013-01-25,-1.434,130699
2013-01-24,-1.729,132600
2013-01-23,0.227,134933
2013-01-22,1.008,134628
2013-01-18,0.458,133284
2013-01-17,0.724,132676
2013-01-16,0.298,131721
2013-01-15,1.067,131329
2013-01-14,1.902,129943
2013-01-11,-1.005,127518
2013-01-10,1.467,128813
2013-01-09,-0.100,126950
2013-01-08,0.687,127078
2013-01-07,-0.195,126210
2013-01-04,0.203,126457
2013-01-03,-2.475,126201
2013-01-02,1.875,129403
2012-12-31,0.930,127022
2012-12-28,-0.477,125852
2012-12-27,0.795,126455
2012-12-26,0.244,125457
2012-12-24,-0.205,125152
2012-12-21,0.009,125409
2012-12-20,-3.691,125398
2012-12-19,-1.760,130204
2012-12-18,-1.761,132537
2012-12-17,0.098,134912
2012-12-14,-1.140,134780
2012-12-13,-2.593,136334
2012-12-12,1.444,139963
2012-12-11,-0.715,137971
2012-12-10,0.346,138964
2012-12-07,0.315,138485
2012-12-06,0.348,138050
2012-12-05,-0.249,137571
2012-12-04,-1.905,137914
2012-12-03,0.496,140592
2012-11-30,-2.322,139897
2012-11-29,1.565,143223
2012-11-28,-0.939,141016
2012-11-27,-0.271,142353
2012-11-26,0.123,142739
2012-11-23,2.139,142564
2012-11-21,0.578,139578
2012-11-20,0.174,138776
2012-11-19,2.693,138535
2012-11-16,-1.013,134902
2012-11-15,-0.346,136282
2012-11-14,0.766,136755
2012-11-13,0.098,135715
2012-11-12,-0.537,135583
2012-11-09,0.512,136315
2012-11-08,1.786,135621
2012-11-07,-0.578,133241
2012-11-06,2.786,134016
2012-11-05,0.737,130383
2012-11-02,-4.066,129430
2012-11-01,-0.158,134916
2012-10-31,0.613,135129
2012-10-26,-0.127,134305
2012-10-25,1.337,134475
2012-10-24,0.100,132701
2012-10-23,-2.260,132569
2012-10-22,0.952,135634
2012-10-19,-2.001,134355
2012-10-18,-1.212,137098
2012-10-17,0.597,138780
2012-10-16,0.855,137956
2012-10-15,-2.433,136787
2012-10-12,-1.366,140197
2012-10-11,-0.150,142139
2012-10-10,0.368,142352
2012-10-09,-0.423,141831
2012-10-08,-1.433,142433
2012-10-05,-1.413,144503
2012-10-04,1.255,146574
2012-10-03,0.032,144757
2012-10-02,-0.444,144711
2012-10-01,0.510,145356
2012-09-28,-0.296,144619
2012-09-27,2.162,145048
2012-09-26,0.583,141978
2012-09-25,-0.757,141155
2012-09-24,-1.641,142232
2012-09-21,-0.296,144604
2012-09-20,0.032,145033
2012-09-19,-0.413,144987
2012-09-18,2.184,145589
2012-09-17,-1.813,142477
2012-09-14,-0.037,145108
2012-09-13,4.358,145162
2012-09-12,-0.615,139100
2012-09-11,0.374,139961
2012-09-10,-1.070,139440
2012-09-07,3.065,140948
2012-09-06,1.281,136757
2012-09-05,-0.285,135027
2012-09-04,1.853,135413
2012-08-31,4.588,132949
2012-08-30,-1.040,127118
2012-08-29,-0.599,128454
2012-08-28,0.641,129228
2012-08-27,0.002,128405
2012-08-24,0.475,128403
2012-08-23,2.353,127796
2012-08-22,1.941,124857
2012-08-21,1.505,122481
2012-08-20,2.646,120665
2012-08-17,-0.510,117554
2012-08-16,1.485,118156
2012-08-15,0.039,116427
2012-08-14,0.151,116382
2012-08-13,-1.245,116207
2012-08-10,-0.108,117672
2012-08-09,0.296,117799
2012-08-08,-0.218,117452
2012-08-07,0.592,117708
2012-08-06,0.558,117015
2012-08-03,2.473,116366
2012-08-02,-0.865,113558
2012-08-01,-2.137,114548
2012-07-31,-0.875,117049
2012-07-30,1.504,118083
2012-07-27,0.919,116333
2012-07-26,0.680,115273
2012-07-25,1.184,114494
2012-07-24,0.040,113154
2012-07-23,-1.018,113108
2012-07-20,0.229,114271
2012-07-19,0.002,114010
2012-07-18,-0.187,114008
2012-07-17,-0.074,114221
2012-07-16,0.191,114305
2012-07-13,0.344,114087
2012-07-12,0.383,113697
2012-07-11,0.731,113263
2012-07-10,-1.807,112441
2012-07-09,0.915,114510
2012-07-06,-2.156,113472
2012-07-05,-2.217,115972
2012-07-03,2.845,118601
2012-07-02,0.302,115320
2012-06-29,3.982,114973
2012-06-28,-1.912,110570
2012-06-27,-0.644,112725
2012-06-26,-1.533,113456
2012-06-25,2.143,115223
2012-06-22,0.117,112805
2012-06-21,-4.180,112673
2012-06-20,-1.373,117588
2012-06-19,-0.823,119225
2012-06-18,0.218,120215
2012-06-15,-0.034,119953
2012-06-14,-0.676,119994
2012-06-13,-0.389,120811
2012-06-12,1.189,121283
2012-06-11,0.146,119858
2012-06-08,-0.142,119683
2012-06-07,-2.523,119853
2012-06-06,2.852,122956
2012-06-05,0.949,119546
2012-06-04,-0.577,118423
2012-06-01,2.450,119110
2012-05-31,-0.588,116262
2012-05-30,0.076,116949
2012-05-29,-1.881,116861
2012-05-25,0.658,119101
2012-05-24,1.444,118322
2012-05-23,-1.059,116638
2012-05-22,-1.226,117886
2012-05-21,-0.394,119350
2012-05-18,2.021,119822
2012-05-17,3.309,117448
2012-05-16,-1.830,113686
2012-05-15,-2.040,115805
2012-05-14,-2.348,118217
2012-05-11,-0.600,121060
2012-05-10,-0.456,121791
2012-05-09,-0.947,122349
2012-05-08,-1.908,123519
2012-05-07,-0.685,125922
2012-05-04,0.419,126790
2012-05-03,-1.643,126262
2012-05-02,-0.929,128371
2012-05-01,-0.164,129576
2012-04-30,-0.854,129789
2012-04-27,0.632,130907
2012-04-26,1.074,130085
2012-04-25,-0.232,128704
2012-04-24,-0.131,129003
2012-04-23,-2.535,129173
2012-04-20,-0.160,132532
2012-04-19,0.524,132745
2012-04-18,-0.517,132052
2012-04-17,0.787,132739
2012-04-16,0.035,131702
2012-04-13,-2.767,131657
2012-04-12,2.514,135403
2012-04-11,-0.453,132082
2012-04-10,0.656,132683
2012-04-09,-0.421,131819
2012-04-05,1.305,132376
2012-04-04,-4.184,130671
2012-04-03,-1.246,136378
2012-04-02,2.137,138099
2012-03-30,0.098,135209
2012-03-29,0.644,135077
2012-03-28,-1.375,134213
2012-03-27,-1.094,136085
2012-03-26,2.227,137590
2012-03-23,2.294,134593
2012-03-22,-2.145,131574
2012-03-21,0.195,134458
2012-03-20,-2.593,134197
2012-03-19,1.237,137770
2012-03-16,0.192,136087
2012-03-15,0.850,135826
2012-03-14,-3.067,134682
2012-03-13,-1.147,138944
2012-03-12,-1.774,140556
2012-03-09,1.128,143095
2012-03-08,1.360,141498
2012-03-07,1.252,139600
2012-03-06,-3.092,137875
2012-03-05,-2.154,142274
2012-03-02,-1.972,145406
2012-03-01,2.655,148332
2012-02-29,-6.361,144496
2012-02-28,4.280,154313
2012-02-27,-0.027,147979
2012-02-24,-0.085,148019
2012-02-23,2.873,148145
2012-02-22,0.182,144008
2012-02-21,3.416,143747
2012-02-17,-0.895,138999
2012-02-16,0.372,140253
2012-02-15,-0.275,139734
2012-02-14,-0.639,140118
2012-02-13,0.740,141020
2012-02-10,-1.183,139984
2012-02-09,-0.422,141660
2012-02-08,-0.659,142260
2012-02-07,1.777,143204
2012-02-06,-0.029,140705
2012-02-03,-2.006,140745
2012-02-02,1.802,143626
2012-02-01,1.520,141084
2012-01-31,-0.767,138971
2012-01-30,-1.303,140045
2012-01-27,1.636,141893
2012-01-26,0.187,139609
2012-01-25,4.153,139348
2012-01-24,-0.986,133792
2012-01-23,0.547,135124
2012-01-20,4.978,134389
2012-01-19,0.306,128016
2012-01-18,1.578,127626
2012-01-17,1.286,125644
2012-01-13,-1.670,124049
2012-01-12,0.585,126155
2012-01-11,0.312,125421
2012-01-10,3.273,125031
2012-01-09,0.790,121069
2012-01-06,-2.103,120120
2012-01-05,0.425,122700
2012-01-04,-1.524,122181
2012-01-03,7.018,124072
2011-12-30,-0.471,115936
2011-12-29,3.040,116485
2011-12-28,-5.739,113048
2011-12-27,-1.448,119931
2011-12-23,-0.280,121693
2011-12-22,-0.837,122035
2011-12-21,-0.589,123065
2011-12-20,2.899,123794
2011-12-19,-3.083,120306
2011-12-16,2.234,124133
2011-12-15,0.536,121420
2011-12-14,-5.867,120772
2011-12-13,-2.195,128299
2011-12-12,-2.679,131179
2011-12-09,2.061,134790
2011-12-08,-2.883,132069
2011-12-07,-1.000,135990
2011-12-06,2.836,137364
2011-12-05,-1.894,133575
2011-12-02,-0.651,136154
2011-12-01,-0.442,137046
2011-11-30,3.128,137654
2011-11-29,-0.766,133479
2011-11-28,3.545,134508
2011-11-25,-2.358,129903
2011-11-23,-3.008,133041
2011-11-22,3.676,137167
2011-11-21,-2.036,132304
2011-11-18,2.482,135054
2011-11-17,-6.640,131783
2011-11-16,-2.494,141156
2011-11-15,0.992,144766
2011-11-14,-1.213,143344
2011-11-11,1.812,145104
2011-11-10,0.123,142521
2011-11-09,-2.645,142346
2011-11-08,-0.233,146213
2011-11-07,2.653,146555
2011-11-04,-1.241,142768
2011-11-03,1.109,144562
2011-11-02,2.848,142977
2011-11-01,-3.317,139018
2011-10-31,-2.420,143788
2011-10-28,4.103,147354
2011-10-27,1.294,141547
2011-10-26,0.218,139738
2011-10-25,5.055,139434
2011-10-24,1.282,132724
2011-10-21,2.525,131045
2011-10-20,-1.652,127818
2011-10-19,-3.509,129965
2011-10-18,0.936,134692
2011-10-17,-0.955,133442
2011-10-14,1.295,134729
2011-10-13,-2.611,133007
2011-10-12,1.245,136572
2011-10-11,0.392,134893
2011-10-10,3.403,134366
2011-10-07,-3.107,129945
2011-10-06,5.194,134111
2011-10-05,1.961,127489
2011-10-04,-1.354,125037
2011-10-03,2.008,126754
2011-09-30,-3.503,124258
2011-09-29,3.778,128769
2011-09-28,-7.377,124081
2011-09-27,4.712,133964
2011-09-26,-0.705,127936
2011-09-23,-14.145,128844
2011-09-22,-9.438,150071
2011-09-21,-0.693,165711
2011-09-20,0.468,166868
2011-09-19,-1.877,166091
2011-09-16,1.549,169268
2011-09-15,-2.043,166686
2011-09-14,-0.675,170163
2011-09-13,1.867,171320
2011-09-12,-3.404,168180
2011-09-09,-1.696,174106
2011-09-08,1.704,177110
2011-09-07,-1.265,174142
2011-09-06,-2.677,176373
2011-09-02,4.099,181224
2011-09-01,0.175,174089
2011-08-31,0.126,173785
2011-08-30,1.714,173566
2011-08-29,-1.706,170642
2011-08-26,1.027,173603
2011-08-25,3.015,171838
2011-08-24,-4.428,166808
2011-08-23,-4.690,174537
2011-08-22,2.281,183125
2011-08-19,5.095,179041
2011-08-18,0.841,170360
2011-08-17,0.771,168939
2011-08-16,0.933,167647
2011-08-15,1.445,166098
2011-08-12,0.849,163732
2011-08-11,-1.673,162355
2011-08-10,5.850,165117
2011-08-09,-4.344,155992
2011-08-08,1.744,163075
2011-08-05,-0.769,160280
2011-08-04,-7.248,161523
2011-08-03,1.835,174145
2011-08-02,3.998,171007
2011-08-01,-1.439,164433
2011-07-29,0.234,166835
2011-07-28,-1.045,166445
2011-07-27,-1.803,168202
2011-07-26,1.477,171290
2011-07-25,0.616,168797
2011-07-22,1.986,167763
2011-07-21,-2.069,164496
2011-07-20,2.922,167971
2011-07-19,-3.697,163202
2011-07-18,3.219,169467
2011-07-15,2.221,164183
2011-07-14,0.485,160616
2011-07-13,5.769,159840
2011-07-12,0.862,151122
2011-07-11,-2.378,149831
2011-07-08,0.709,153481
2011-07-07,1.142,152400
2011-07-06,1.359,150680
2011-07-05,4.941,148660
2011-07-01,-2.480,141660
2011-06-30,-0.498,145263
2011-06-29,3.063,145990
2011-06-28,1.136,141651
2011-06-27,-2.186,140060
2011-06-24,-2.937,143191
2011-06-23,-3.181,147523
2011-06-22,-0.026,152370
2011-06-21,1.199,152410
2011-06-20,0.403,150605
2011-06-17,0.868,150001
2011-06-16,-0.657,148710
2011-06-15,0.608,149694
2011-06-14,2.364,148790
2011-06-13,-3.913,145354
2011-06-10,-3.870,151273
2011-06-09,1.778,157364
2011-06-08,-0.247,154614
2011-06-07,1.150,154997
2011-06-06,1.049,153235
2011-06-03,0.144,151644
2011-06-02,-1.285,151427
2011-06-01,-4.918,153398
2011-05-31,1.541,161332
2011-05-27,1.426,158883
2011-05-26,-1.109,156649
2011-05-25,3.217,158405
2011-05-24,4.379,153468
2011-05-23,0.265,147030
2011-05-20,-0.232,146641
2011-05-19,0.090,146981
2011-05-18,3.447,146849
2011-05-17,0.733,141956
2011-05-16,-4.479,140924
2011-05-13,3.216,147531
2011-05-12,-3.109,142934
2011-05-11,-8.340,147521
2011-05-10,1.462,160944
2011-05-09,7.253,158625
2011-05-06,2.253,147898
2011-05-05,-11.887,144640
2011-05-04,-5.688,164153
2011-05-03,-5.251,174053
2011-05-02,-8.637,183699
2011-04-29,-0.802,201066
2011-04-28,0.555,202691
2011-04-27,6.747,201572
2011-04-26,-3.926,188831
2011-04-25,0.650,196547
2011-04-21,3.207,195278
2011-04-20,2.609,189210
2011-04-19,1.372,184399
2011-04-18,1.386,181904
2011-04-15,1.877,179418
2011-04-14,3.793,176112
2011-04-13,1.230,169677
2011-04-12,-0.304,167615
2011-04-11,-1.629,168127
2011-04-08,2.920,170910
2011-04-07,0.287,166062
2011-04-06,0.732,165587
2011-04-05,2.024,164383
2011-04-04,1.955,161122
2011-04-01,0.247,158032
2011-03-31,0.659,157643
2011-03-30,0.997,156611
2011-03-29,-0.053,155064
2011-03-28,-0.548,155147
2011-03-25,0.749,156001
2011-03-24,-0.958,154841
2011-03-23,2.626,156338
2011-03-22,0.675,152337
2011-03-21,3.008,151316
2011-03-18,2.267,146898
2011-03-17,0.425,143642
2011-03-16,-0.712,143035
2011-03-15,-3.997,144061
2011-03-14,-0.052,150058
2011-03-11,1.949,150137
2011-03-10,-2.578,147267
2011-03-09,0.258,151164
2011-03-08,-0.140,150775
2011-03-07,1.551,150986
2011-03-04,3.825,148680
2011-03-03,-1.254,143202
2011-03-02,-0.094,145021
2011-03-01,2.305,145157
2011-02-28,1.691,141887
2011-02-25,4.378,139527
2011-02-24,-4.630,133675
2011-02-23,1.397,140164
2011-02-22,1.488,138233
2011-02-18,2.443,136206
2011-02-17,3.573,132958
2011-02-16,-0.131,128370
2011-02-15,0.135,128539
2011-02-14,2.570,128365
2011-02-11,-0.847,125149
2011-02-10,-0.195,126218
2011-02-09,-0.410,126464
2011-02-08,3.421,126984
2011-02-07,0.917,122783
2011-02-04,0.409,121667
2011-02-03,2.151,121172
2011-02-02,-0.644,118621
2011-02-01,1.747,119389
2011-01-31,0.339,117340
2011-01-28,3.844,116943
2011-01-27,-2.229,112614
2011-01-26,2.518,115182
2011-01-25,-0.491,112353
2011-01-24,-1.750,112908
2011-01-21,-0.073,114918
2011-01-20,-4.378,115002
2011-01-19,-0.256,120268
2011-01-18,1.489,120576
2011-01-14,-0.927,118807
2011-01-13,-3.446,119918
2011-01-12,0.374,124198
2011-01-11,2.132,123735
2011-01-10,0.678,121153
2011-01-07,-1.124,120336
2011-01-06,-0.662,121704
2011-01-05,-1.614,122516
2011-01-04,-3.000,124526
2011-01-03,-0.661,128377
2010-12-31,1.413,129231
2010-12-30,-0.366,127430
2010-12-29,1.153,127898
2010-12-28,3.290,126440
2010-12-27,-0.068,122413
2010-12-23,0.142,122496
2010-12-22,-0.242,122322
2010-12-21,-0.242,122620
2010-12-20,0.712,122917
2010-12-17,0.806,122048
2010-12-16,0.714,121071
2010-12-15,-2.532,120213
2010-12-14,-0.206,123335
2010-12-13,3.183,123590
2010-12-10,-0.176,119777
2010-12-09,1.193,119989
2010-12-08,-1.351,118574
2010-12-07,-4.844,120198
2010-12-06,3.193,126317
2010-12-03,2.392,122409
2010-12-02,0.433,119549
2010-12-01,1.350,119033
2010-11-30,3.354,117447
2010-11-29,1.609,113636
2010-11-26,-3.005,111836
2010-11-24,0.281,115300
2010-11-23,-1.121,114977
2010-11-22,1.610,116280
2010-11-19,1.482,114438
2010-11-18,5.402,112766
2010-11-17,0.283,106987
2010-11-16,0.002,106685
2010-11-15,-2.302,106683
2010-11-12,-5.870,109197
2010-11-11,1.462,116007
2010-11-10,2.065,114336
2010-11-09,-3.571,112023
2010-11-08,3.628,116171
2010-11-05,2.226,112104
2010-11-04,5.697,109663
2010-11-03,-0.249,103752
2010-11-02,0.999,104011
2010-11-01,-0.412,102982
2010-10-29,3.160,103408
2010-10-28,1.571,100240
2010-10-27,-0.909,98690
2010-10-26,0.781,99595
2010-10-25,1.496,98823
2010-10-22,0.755,97366
2010-10-21,-3.170,96637
2010-10-20,2.147,99801
2010-10-19,-4.672,97703
2010-10-18,0.886,102492
2010-10-15,-1.155,101591
2010-10-14,2.292,102778
2010-10-13,2.848,100475
2010-10-12,0.265,97693
2010-10-11,0.222,97434
2010-10-08,3.226,97219
2010-10-07,-2.951,94180
2010-10-06,1.569,97044
2010-10-05,3.861,95545
2010-10-04,-0.645,91993
2010-10-01,1.597,92590
2010-09-30,-0.419,91134
2010-09-29,0.519,91517
2010-09-28,1.431,91045
2010-09-27,-0.093,89761
2010-09-24,1.696,89844
2010-09-23,-0.249,88346
2010-09-22,0.595,88566
2010-09-21,1.481,88043
2010-09-20,0.002,86759
2010-09-17,-0.293,86757
2010-09-16,0.894,87012
2010-09-15,0.600,86240
2010-09-14,2.612,85726
2010-09-13,0.620,83543
2010-09-10,0.520,83029
2010-09-09,-0.921,82599
2010-09-08,0.725,83367
2010-09-07,-0.307,82767
2010-09-03,0.728,83022
2010-09-02,1.690,82422
2010-09-01,0.160,81052
2010-08-31,1.612,80923
2010-08-30,-0.372,79639
2010-08-27,0.594,79936
2010-08-26,0.272,79464
2010-08-25,3.059,79249
2010-08-24,2.160,76897
2010-08-23,0.116,75271
2010-08-20,-1.840,75184
2010-08-19,-0.553,76593
2010-08-18,-0.550,77019
2010-08-17,0.669,77445
2010-08-16,1.468,76930
2010-08-13,0.285,75818
2010-08-12,0.915,75602
2010-08-11,-2.447,74917
2010-08-10,0.058,76796
2010-08-09,-0.607,76752
2010-08-06,0.614,77220
2010-08-05,0.169,76749
2010-08-04,-0.497,76619
2010-08-03,0.336,77002
2010-08-02,2.164,76744
2010-07-30,1.974,75119
2010-07-29,0.468,73665
2010-07-28,-0.807,73321
2010-07-27,-2.698,73918
2010-07-26,0.341,75967
2010-07-23,0.058,75709
2010-07-22,2.313,75665
2010-07-21,-0.113,73955
2010-07-20,0.349,74039
2010-07-19,-1.256,73781
2010-07-16,-2.561,74719
2010-07-15,-0.054,76683
2010-07-14,0.788,76724
2010-07-13,1.137,76125
2010-07-12,-0.618,75269
2010-07-09,0.683,75737
2010-07-08,-0.225,75223
2010-07-07,1.439,75392
2010-07-06,-0.342,74323
2010-07-02,0.117,74578
2010-07-01,-4.226,74491
2010-06-30,0.443,77778
2010-06-29,-1.358,77435
2010-06-28,-1.551,78501
2010-06-25,2.247,79738
2010-06-24,0.442,77986
2010-06-23,-1.301,77642
2010-06-22,0.493,78666
2010-06-21,-2.238,78280
2010-06-18,2.293,80072
2010-06-17,1.385,78277
2010-06-16,-0.603,77208
2010-06-15,1.850,77676
2010-06-14,0.058,76265
2010-06-11,-0.054,76221
2010-06-10,0.565,76262
2010-06-09,-0.725,75834
2010-06-08,0.451,76387
2010-06-07,4.459,76044
2010-06-04,-3.343,72798
2010-06-03,-1.878,75315
2010-06-02,-0.231,76757
2010-06-01,-0.053,76935
2010-05-28,-0.495,76976
2010-05-27,2.144,77359
2010-05-26,1.142,75735
2010-05-25,-0.112,74880
2010-05-24,1.564,74963
2010-05-21,-0.344,73809
2010-05-20,-2.908,74064
2010-05-19,-3.768,76282
2010-05-18,0.218,79269
2010-05-17,-2.111,79096
2010-05-14,-0.314,80802
2010-05-13,-0.678,81057
2010-05-12,0.899,81610
2010-05-11,4.640,80883
2010-05-10,0.613,77296
2010-05-07,3.928,76825
2010-05-06,1.229,73921
2010-05-05,-2.727,73024
2010-05-04,-4.504,75071
2010-05-03,0.878,78611
2010-04-30,0.664,77927
2010-04-29,2.199,77413
2010-04-28,-0.725,75747
2010-04-27,-0.277,76301
2010-04-26,0.114,76513
2010-04-23,1.533,76426
2010-04-22,-0.730,75272
2010-04-21,1.661,75825
2010-04-20,0.577,74586
2010-04-19,-0.170,74158
2010-04-16,-3.650,74285
2010-04-15,0.002,77099
2010-04-14,1.291,77098
2010-04-13,0.227,76115
2010-04-12,-1.164,75943
2010-04-09,1.639,76837
2010-04-08,-0.279,75598
2010-04-07,0.911,75810
2010-04-06,-0.787,75126
2010-04-05,1.199,75722
2010-04-01,2.336,74825
2010-03-31,1.123,73117
2010-03-30,-0.526,72305
2010-03-29,2.591,72687
2010-03-26,1.779,70852
2010-03-25,0.186,69613
2010-03-24,-2.570,69484
2010-03-23,0.725,71317
2010-03-22,-0.298,70803
2010-03-19,-2.516,71015
2010-03-18,0.002,72848
2010-03-17,0.178,72846
2010-03-16,1.854,72717
2010-03-15,-0.117,71393
2010-03-12,-0.295,71477
2010-03-11,0.902,71689
2010-03-10,-1.535,71048
2010-03-09,0.180,72155
2010-03-08,-0.703,72026
2010-03-05,1.312,72536
2010-03-04,-0.176,71597
2010-03-03,1.572,71723
2010-03-02,2.795,70613
2010-03-01,0.251,68693
2010-02-26,1.904,68521
2010-02-25,0.962,67241
2010-02-24,0.323,66600
2010-02-23,-2.073,66385
2010-02-22,-0.436,67791
2010-02-19,0.569,68088
2010-02-18,0.891,67703
2010-02-17,-0.504,67105
2010-02-16,3.808,67444
2010-02-12,-0.844,64971
2010-02-11,2.811,65523
2010-02-10,-1.122,63732
2010-02-09,2.510,64455
2010-02-08,-1.005,62877
2010-02-05,-0.929,63515
2010-02-04,-6.407,64110
2010-02-03,-1.711,68499
2010-02-02,-0.059,69691
2010-02-01,2.895,69733
2010-01-29,-0.124,67771
2010-01-28,-2.089,67855
2010-01-27,-1.033,69302
2010-01-26,-2.375,70025
2010-01-25,0.300,71729
2010-01-22,-1.697,71514
2010-01-21,-2.844,72749
2010-01-20,-4.768,74878
2010-01-19,2.218,78627
2010-01-15,-1.418,76921
2010-01-14,0.221,78027
2010-01-13,2.012,77855
2010-01-12,-1.645,76320
2010-01-11,0.333,77596
2010-01-08,1.455,77339
2010-01-07,0.170,76230
2010-01-06,2.001,76100
2010-01-05,1.627,74608
2010-01-04,4.180,73413
2009-12-31,0.056,70468
2009-12-30,-1.664,70428
2009-12-29,-2.368,71619
2009-12-28,0.282,73356
2009-12-24,2.144,73150
2009-12-23,1.024,71615
2009-12-22,-0.298,70890
2009-12-21,-1.532,71101
2009-12-18,0.955,72207
2009-12-17,-3.281,71524
2009-12-16,1.582,73951
2009-12-15,0.061,72799
2009-12-14,1.247,72755
2009-12-11,-1.285,71859
2009-12-10,-0.348,72795
2009-12-09,-0.865,73049
2009-12-08,-2.916,73687
2009-12-07,-1.816,75900
2009-12-04,-2.522,77304
2009-12-03,-1.427,79304
2009-12-02,0.588,80452
2009-12-01,3.473,79982
2009-11-30,1.116,77298
2009-11-27,-3.076,76444
2009-11-25,1.481,78870
2009-11-24,-0.107,77719
2009-11-23,0.276,77803
2009-11-20,-0.217,77588
2009-11-19,0.167,77757
2009-11-18,0.554,77628
2009-11-17,0.668,77200
2009-11-16,5.017,76688
2009-11-13,1.361,73025
2009-11-12,-2.138,72044
2009-11-11,1.529,73618
2009-11-10,-1.490,72509
2009-11-09,1.161,73606
2009-11-06,-0.173,72762
2009-11-05,-0.115,72888
2009-11-04,0.826,72972
2009-11-03,5.200,72374
2009-11-02,0.562,68797
2009-10-30,-2.070,68412
2009-10-29,3.470,69858
2009-10-28,-2.936,67516
2009-10-27,-2.678,69558
2009-10-26,-3.504,71472
2009-10-23,0.464,74067
2009-10-22,-0.228,73725
2009-10-21,0.932,73894
2009-10-20,-1.374,73211
2009-10-19,1.515,74231
2009-10-16,0.705,73123
2009-10-15,-2.845,72611
2009-10-14,0.460,74738
2009-10-13,0.002,74396
2009-10-12,0.231,74394
2009-10-09,-0.455,74222
2009-10-08,1.567,74561
2009-10-07,0.997,73411
2009-10-06,4.275,72686
2009-10-05,3.542,69706
2009-10-02,-1.382,67321
2009-10-01,-2.062,68265
2009-09-30,3.086,69702
2009-09-29,-0.124,67615
2009-09-28,1.082,67699
2009-09-25,-1.561,66974
2009-09-24,-3.347,68037
2009-09-23,-1.989,70393
2009-09-22,2.058,71821
2009-09-21,-0.956,70373
2009-09-18,-1.473,71052
2009-09-17,-1.107,72114
2009-09-16,2.147,72921
2009-09-15,2.884,71388
2009-09-14,-1.150,69387
2009-09-11,0.550,70194
2009-09-10,2.181,69810
2009-09-09,-0.555,68320
2009-09-08,1.129,68701
2009-09-04,0.632,67934
2009-09-03,4.273,67507
2009-09-02,3.119,64741
2009-09-01,0.960,62783
2009-08-31,0.830,62187
2009-08-28,2.985,61675
2009-08-27,-0.069,59887
2009-08-26,0.358,59929
2009-08-25,1.009,59715
2009-08-24,-0.142,59118
2009-08-21,1.608,59202
2009-08-20,0.960,58265
2009-08-19,-1.091,57711
2009-08-18,-0.216,58348
2009-08-17,-4.704,58474
2009-08-14,-2.439,61361
2009-08-13,3.140,62895
2009-08-12,1.776,60980
2009-08-11,-0.422,59916
2009-08-10,-1.666,60170
2009-08-07,0.491,61189
2009-08-06,-1.375,60890
2009-08-05,1.187,61739
2009-08-04,2.283,61015
2009-08-03,2.411,59653
2009-07-31,3.398,58249
2009-07-30,0.993,56335
2009-07-29,-2.957,55781
2009-07-28,-2.310,57480
2009-07-27,1.320,58840
2009-07-24,1.037,58073
2009-07-23,0.522,57477
2009-07-22,0.902,57178
2009-07-21,-0.890,56667
2009-07-20,2.128,57176
2009-07-17,0.613,55985
2009-07-16,0.232,55643
2009-07-15,2.691,55515
2009-07-14,0.460,54060
2009-07-13,1.282,53812
2009-07-10,-1.340,53131
2009-07-09,-0.156,53853
2009-07-08,-1.550,53937
2009-07-07,-1.601,54786
2009-07-06,-0.454,55677
2009-07-02,-2.876,55931
2009-07-01,1.273,57587
2009-06-30,-2.048,56864
2009-06-29,-1.725,58053
2009-06-26,0.654,59071
2009-06-25,0.952,58688
2009-06-24,0.443,58134
2009-06-23,0.593,57878
2009-06-22,-3.215,57537
2009-06-19,0.145,59448
2009-06-18,-1.060,59362
2009-06-17,0.931,59998
2009-06-16,1.159,59444
2009-06-15,-5.466,58763
2009-06-12,-3.303,62161
2009-06-11,0.801,64284
2009-06-10,-0.131,63773
2009-06-09,1.831,63857
2009-06-08,-1.664,62709
2009-06-05,-3.952,63769
2009-06-04,3.225,66394
2009-06-03,-3.871,64319
2009-06-02,2.608,66909
2009-06-01,-0.774,65209
2009-05-29,3.619,65717
2009-05-28,2.403,63422
2009-05-27,1.112,61934
2009-05-26,-0.550,61253
2009-05-22,1.132,61592
2009-05-21,1.690,60902
2009-05-20,0.860,59890
2009-05-19,2.947,59379
2009-05-18,-1.378,57679
2009-05-15,-0.576,58485
2009-05-14,0.292,58824
2009-05-13,-1.496,58653
2009-05-12,2.040,59543
2009-05-11,-0.361,58353
2009-05-08,1.399,58564
2009-05-07,0.594,57756
2009-05-06,2.894,57415
2009-05-05,2.417,55801
2009-05-04,4.227,54483
2009-05-01,0.821,52274
2009-04-30,-2.707,51848
2009-04-29,2.035,53291
2009-04-28,-2.842,52228
2009-04-27,-0.077,53756
2009-04-24,1.039,53797
2009-04-23,3.382,53244
2009-04-22,2.279,51502
2009-04-21,-0.250,50355
2009-04-20,1.800,50481
2009-04-17,-3.149,49589
2009-04-16,-3.902,51201
2009-04-15,0.082,53280
2009-04-14,-0.237,53237
2009-04-13,3.289,53363
2009-04-09,0.266,51664
2009-04-08,0.565,51527
2009-04-07,1.091,51237
2009-04-06,-5.236,50685
2009-04-03,-1.329,53485
2009-04-02,-0.543,54206
2009-04-01,0.393,54502
2009-03-31,-0.465,54288
2009-03-30,-2.279,54542
2009-03-27,-1.496,55814
2009-03-26,0.002,56662
2009-03-25,0.453,56661
2009-03-24,-1.261,56405
2009-03-23,-1.100,57125
2009-03-20,1.418,57761
2009-03-19,5.092,56953
2009-03-18,1.351,54194
2009-03-17,-1.484,53471
2009-03-16,-1.990,54277
2009-03-13,2.035,55379
2009-03-12,1.591,54274
2009-03-11,1.126,53425
2009-03-10,-2.504,52830
2009-03-09,-3.109,54186
2009-03-06,0.230,55925
2009-03-05,2.897,55797
2009-03-04,1.030,54226
2009-03-03,-0.938,53673
2009-03-02,-0.852,54181
2009-02-27,-0.692,54647
2009-02-26,-3.853,55027
2009-02-25,-0.894,57232
2009-02-24,-5.075,57749
2009-02-23,0.634,60836
2009-02-20,2.609,60453
2009-02-19,-1.981,58916
2009-02-18,1.281,60107
2009-02-17,3.325,59346
2009-02-13,1.577,57436
2009-02-12,-0.073,56545
2009-02-11,2.775,56586
2009-02-10,2.047,55058
2009-02-09,-1.471,53953
2009-02-06,1.257,54759
2009-02-05,2.659,54079
2009-02-04,0.814,52678
2009-02-03,0.903,52253
2009-02-02,-2.474,51785
2009-01-30,2.123,53099
2009-01-29,3.375,51995
2009-01-28,0.086,50298
2009-01-27,-0.418,50255
2009-01-26,0.424,50466
2009-01-23,4.592,50253
2009-01-22,1.351,48047
2009-01-21,0.806,47406
2009-01-20,-0.178,47027
2009-01-16,5.912,47111
2009-01-15,0.385,44481
2009-01-14,-1.413,44310
2009-01-13,0.954,44946
2009-01-12,-5.378,44521
2009-01-09,0.976,47051
2009-01-08,1.236,46596
2009-01-07,-4.266,46027
2009-01-06,2.072,48078
2009-01-05,-2.627,47102
2009-01-02,1.877,48373
2008-12-31,3.514,47482
2008-12-30,0.466,45870
2008-12-29,1.224,45657
2008-12-26,3.504,45105
2008-12-24,1.183,43578
2008-12-23,-5.310,43069
2008-12-22,0.564,45484
2008-12-19,-1.565,45229
2008-12-18,-3.985,45948
2008-12-17,2.328,47855
2008-12-16,4.584,46767
2008-12-15,4.045,44717
2008-12-12,-0.586,42978
2008-12-11,0.792,43232
2008-12-10,4.332,42892
2008-12-09,-1.919,41111
2008-12-08,5.215,41915
2008-12-05,0.216,39838
2008-12-04,-1.366,39752
2008-12-03,0.213,40302
2008-12-02,3.379,40217
2008-12-01,-10.262,38902
2008-11-28,0.395,43351
2008-11-26,0.002,43181
2008-11-25,-2.299,43180
2008-11-24,9.561,44196
2008-11-21,7.451,40339
2008-11-20,-2.635,37542
2008-11-19,-3.968,38558
2008-11-18,3.229,40151
2008-11-17,-1.921,38895
2008-11-14,0.646,39657
2008-11-13,1.421,39403
2008-11-12,-4.874,38851
2008-11-11,-4.173,40841
2008-11-10,1.209,42620
2008-11-07,0.406,42110
2008-11-06,-3.034,41940
2008-11-05,0.891,43252
2008-11-04,5.199,42870
2008-11-03,0.420,40751
2008-10-31,-1.031,40581
2008-10-30,0.105,41004
2008-10-29,6.853,40961
2008-10-28,2.262,38334
2008-10-27,-3.065,37486
2008-10-24,-2.663,38671
2008-10-23,-0.739,39729
2008-10-22,-5.309,40025
2008-10-21,2.151,42269
2008-10-20,5.852,41379
2008-10-17,-3.852,39091
2008-10-16,-6.522,40657
2008-10-15,-5.431,43494
2008-10-14,2.552,45991
2008-10-13,8.063,44847
2008-10-10,-17.990,41501
2008-10-09,3.825,50604
2008-10-08,1.145,48740
2008-10-07,5.862,48188
2008-10-06,-2.182,45520
2008-10-03,1.761,46535
2008-10-02,-12.407,45730
2008-10-01,4.053,52207
2008-09-30,-8.492,50174
2008-09-29,-1.519,54830
2008-09-26,0.923,55676
2008-09-25,-0.456,55167
2008-09-24,-0.681,55420
2008-09-23,-2.224,55800
2008-09-22,8.188,57069
2008-09-19,4.796,52749
2008-09-18,-0.082,50335
2008-09-17,14.425,50377
2008-09-16,-5.021,44026
2008-09-15,1.862,46353
2008-09-12,4.169,45506
2008-09-11,-2.640,43685
2008-09-10,-5.186,44869
2008-09-09,-6.442,47323
2008-09-08,-0.663,50581
2008-09-05,-4.749,50919
2008-09-04,-0.947,53457
2008-09-03,-1.459,53968
2008-09-02,-3.214,54767
2008-08-29,-1.326,56586
2008-08-28,1.500,57347
2008-08-27,-0.742,56499
2008-08-26,0.902,56921
2008-08-25,0.530,56412
2008-08-22,-3.139,56115
2008-08-21,3.871,57933
2008-08-20,0.690,55774
2008-08-19,1.239,55392
2008-08-18,1.813,54714
2008-08-15,-9.671,53740
2008-08-14,-4.934,59493
2008-08-13,2.710,62581
2008-08-12,0.002,60929
2008-08-11,-5.198,60928
2008-08-08,-5.475,64269
2008-08-07,-1.831,67991
2008-08-06,0.927,69259
2008-08-05,-3.104,68623
2008-08-04,-3.123,70822
2008-08-01,-1.424,73105
2008-07-31,0.982,74161
2008-07-30,0.990,73440
2008-07-29,-0.977,72720
2008-07-28,0.640,73437
2008-07-25,-0.056,72971
2008-07-24,0.409,73012
2008-07-23,-3.202,72714
2008-07-22,-2.571,75119
2008-07-21,1.449,77102
2008-07-18,-1.919,76000
2008-07-17,-1.211,77488
2008-07-16,-0.826,78438
2008-07-15,-1.240,79091
2008-07-14,1.590,80084
2008-07-11,2.866,78831
2008-07-10,0.949,76634
2008-07-09,1.621,75914
2008-07-08,0.366,74703
2008-07-07,-2.226,74431
2008-07-03,-1.173,76125
2008-07-02,1.762,77028
2008-07-01,3.692,75695
2008-06-30,-0.385,73000
2008-06-27,1.793,73281
2008-06-26,2.402,71990
2008-06-25,0.814,70302
2008-06-24,-0.828,69734
2008-06-23,-3.292,70316
2008-06-20,0.255,72709
2008-06-19,-0.207,72524
2008-06-18,1.700,72675
2008-06-17,-0.281,71460
2008-06-16,3.792,71662
2008-06-13,-0.114,69044
2008-06-12,-2.094,69122
2008-06-11,1.583,70601
2008-06-10,-2.973,69500
2008-06-09,-2.619,71629
2008-06-06,2.524,73556
2008-06-05,1.991,71745
2008-06-04,0.327,70344
2008-06-03,-0.329,70115
2008-06-02,-0.184,70346
2008-05-30,1.185,70475
2008-05-29,-4.556,69650
2008-05-28,0.054,72975
2008-05-27,-4.243,72935
2008-05-23,1.357,76167
2008-05-22,-0.446,75147
2008-05-21,2.059,75484
2008-05-20,4.051,73961
2008-05-19,0.414,71081
2008-05-16,1.182,70788
2008-05-15,1.155,69961
2008-05-14,-1.132,69163
2008-05-13,-2.606,69954
2008-05-12,1.994,71826
2008-05-09,-0.208,70422
2008-05-08,1.196,70568
2008-05-07,-1.355,69735
2008-05-06,0.942,70692
2008-05-05,1.954,70033
2008-05-02,1.646,68691
2008-05-01,-4.340,67579
2008-04-30,2.065,70645
2008-04-29,-2.718,69215
2008-04-28,0.931,71149
2008-04-25,0.803,70493
2008-04-24,-2.637,69931
2008-04-23,-2.722,71825
2008-04-22,1.218,73834
2008-04-21,-2.284,72946
2008-04-18,-1.880,74651
2008-04-17,-0.791,76081
2008-04-16,2.671,76688
2008-04-15,0.955,74693
2008-04-14,-0.355,73986
2008-04-11,-1.313,74250
2008-04-10,-1.125,75237
2008-04-09,2.904,76093
2008-04-08,-2.466,73946
2008-04-07,1.904,75816
2008-04-04,2.236,74399
2008-04-03,-0.091,72772
2008-04-02,3.894,72838
2008-04-01,-2.586,70108
2008-03-31,-3.992,71969
2008-03-28,-3.109,74962
2008-03-27,0.523,77368
2008-03-26,2.534,76965
2008-03-25,5.888,75063
2008-03-24,0.517,70890
2008-03-20,-8.491,70525
2008-03-19,-5.819,77069
2008-03-18,-3.006,81830
2008-03-17,-2.158,84366
2008-03-14,0.075,86227
2008-03-13,2.185,86162
2008-03-12,2.307,84319
2008-03-11,0.233,82418
2008-03-10,-2.817,82226
2008-03-07,-0.172,84610
2008-03-06,-2.648,84756
2008-03-05,5.106,87061
2008-03-04,-2.689,82831
2008-03-03,2.517,85120
2008-02-29,0.012,83031
2008-02-28,2.788,83021
2008-02-27,2.868,80769
2008-02-26,3.393,78518
2008-02-25,0.415,75941
2008-02-22,1.245,75627
2008-02-21,-0.021,74697
2008-02-20,1.855,74712
2008-02-19,2.515,73352
2008-02-15,-0.788,71552
2008-02-14,-0.261,72121
2008-02-13,0.583,72309
2008-02-12,-2.107,71890
2008-02-11,2.199,73437
2008-02-08,2.138,71858
2008-02-07,1.804,70354
2008-02-06,1.288,69107
2008-02-05,-2.105,68228
2008-02-04,-0.622,69695
2008-02-01,-1.183,70132
2008-01-31,0.860,70971
2008-01-30,0.855,70366
2008-01-29,-0.095,69770
2008-01-28,1.548,69836
2008-01-25,-0.010,68771
2008-01-24,2.518,68779
2008-01-23,-0.011,67089
2008-01-22,-0.797,67097
2008-01-18,1.993,67635
2008-01-17,0.404,66313
2008-01-16,-1.135,66046
2008-01-15,-2.738,66804
2008-01-14,1.265,68685
2008-01-11,0.102,67827
2008-01-10,3.488,67758
2008-01-09,-0.447,65474
2008-01-08,3.569,65768
2008-01-07,-0.750,63502
2008-01-04,-0.770,63981
2008-01-03,0.694,64478
2008-01-02,3.288,64034
2007-12-31,0.309,61995
2007-12-28,0.869,61804
2007-12-27,-0.484,61271
2007-12-26,0.928,61570
2007-12-24,1.747,61003
2007-12-21,0.889,59956
2007-12-20,0.753,59428
2007-12-19,0.606,58984
2007-12-18,1.373,58628
2007-12-17,-0.187,57834
2007-12-14,-1.960,57943
2007-12-13,-3.671,59101
2007-12-12,1.384,61353
2007-12-11,-1.454,60516
2007-12-10,2.005,61409
2007-12-07,-0.694,60201
2007-12-06,1.743,60622
2007-12-05,-0.540,59583
2007-12-04,1.430,59907
2007-12-03,0.772,59062
2007-11-30,-1.423,58610
2007-11-29,-1.369,59456
2007-11-28,-0.333,60281
2007-11-27,-1.939,60483
2007-11-26,-0.230,61679
2007-11-23,2.219,61821
2007-11-21,-2.147,60479
2007-11-20,4.188,61806
2007-11-19,-1.874,59322
2007-11-16,-0.033,60454
2007-11-15,-3.509,60474
2007-11-14,2.817,62674
2007-11-13,1.015,60957
2007-11-12,-6.375,60344
2007-11-09,-0.252,64453
2007-11-08,1.043,64616
2007-11-07,-1.325,63949
2007-11-06,5.181,64807
2007-11-05,0.608,61615
2007-11-02,3.765,61243
2007-11-01,-2.484,59021
2007-10-31,1.752,60524
2007-10-30,-1.916,59482
2007-10-29,1.813,60644
2007-10-26,2.698,59564
2007-10-25,2.124,57999
2007-10-24,0.106,56793
2007-10-23,0.859,56733
2007-10-22,-0.788,56250
2007-10-19,-1.794,56697
2007-10-18,1.318,57732
2007-10-17,0.172,56981
2007-10-16,-1.393,56883
2007-10-15,-0.362,57687
2007-10-12,0.735,57896
2007-10-11,1.144,57474
2007-10-10,0.681,56824
2007-10-09,1.572,56439
2007-10-08,-0.803,55566
2007-10-05,0.077,56016
2007-10-04,0.516,55972
2007-10-03,-0.104,55685
2007-10-02,-3.039,55743
2007-10-01,-0.064,57490
2007-09-28,1.715,57527
2007-09-27,0.715,56557
2007-09-26,-0.275,56155
2007-09-25,-0.445,56310
2007-09-24,0.062,56562
2007-09-21,0.745,56527
2007-09-20,3.515,56109
2007-09-19,0.002,54204
2007-09-18,1.269,54203
2007-09-17,1.723,53523
2007-09-14,0.186,52617
2007-09-13,-0.817,52519
2007-09-12,-0.536,52952
2007-09-11,1.260,53237
2007-09-10,0.332,52575
2007-09-07,0.631,52401
2007-09-06,1.765,52072
2007-09-05,-0.300,51169
2007-09-04,1.575,51323
2007-08-31,2.549,50527
2007-08-30,-0.971,49271
2007-08-29,1.479,49754
2007-08-28,-0.417,49029
2007-08-27,-1.746,49234
2007-08-24,2.385,50109
2007-08-23,0.451,48942
2007-08-22,0.532,48722
2007-08-21,-1.865,48464
2007-08-20,0.559,49385
2007-08-17,-0.983,49111
2007-08-16,-4.883,49598
2007-08-15,-1.883,52144
2007-08-14,-0.714,53145
2007-08-13,-0.398,53527
2007-08-10,1.360,53741
2007-08-09,-3.522,53020
2007-08-08,0.155,54956
2007-08-07,1.174,54870
2007-08-06,-1.103,54233
2007-08-03,0.994,54839
2007-08-02,0.072,54299
2007-08-01,0.689,54260
2007-07-31,0.096,53888
2007-07-30,1.341,53837
2007-07-27,-0.659,53124
2007-07-26,-2.477,53477
2007-07-25,-1.338,54835
2007-07-24,-0.074,55579
2007-07-23,-0.134,55620
2007-07-20,0.488,55695
2007-07-19,0.414,55424
2007-07-18,2.343,55196
2007-07-17,-0.611,53932
2007-07-16,-0.530,54264
2007-07-13,-0.306,54553
2007-07-12,1.232,54720
2007-07-11,-0.192,54054
2007-07-10,1.500,54158
2007-07-09,0.002,53358
2007-07-06,1.727,53357
2007-07-05,-0.533,52451
2007-07-03,-0.443,52732
2007-07-02,1.929,52966
2007-06-29,-0.401,51964
2007-06-28,1.558,52173
2007-06-27,0.537,51373
2007-06-26,-5.300,51098
2007-06-25,-1.390,53958
2007-06-22,-0.044,54719
2007-06-21,-1.062,54743
2007-06-20,-0.850,55331
2007-06-19,0.777,55805
2007-06-18,0.017,55375
2007-06-15,0.688,55365
2007-06-14,0.050,54987
2007-06-13,1.038,54959
2007-06-12,-1.693,54395
2007-06-11,0.954,55331
2007-06-08,-2.490,54809
2007-06-07,-2.015,56208
2007-06-06,-0.450,57364
2007-06-05,0.383,57624
2007-06-04,0.083,57404
2007-06-01,1.900,57356
2007-05-31,2.154,56287
2007-05-30,0.040,55100
2007-05-29,1.679,55078
2007-05-25,0.879,54168
2007-05-24,-1.411,53696
2007-05-23,0.475,54465
2007-05-22,-0.837,54207
2007-05-21,0.738,54664
2007-05-18,1.051,54264
2007-05-17,-0.698,53699
2007-05-16,-2.002,54077
2007-05-15,0.561,55181
2007-05-14,-0.736,54873
2007-05-11,1.500,55280
2007-05-10,-2.782,54463
2007-05-09,-0.565,56022
2007-05-08,-0.414,56340
2007-05-07,0.547,56575
2007-05-04,0.498,56267
2007-05-03,1.118,55988
2007-05-02,-0.135,55369
2007-05-01,-1.100,55444
2007-04-30,-1.140,56061
2007-04-27,1.729,56707
2007-04-26,-3.534,55743
2007-04-25,0.265,57785
2007-04-24,-1.577,57632
2007-04-23,0.427,58556
2007-04-20,2.303,58307
2007-04-19,-2.311,56994
2007-04-18,0.305,58342
2007-04-17,-1.014,58165
2007-04-16,-0.069,58760
2007-04-13,1.298,58801
2007-04-12,0.271,58048
2007-04-11,-0.532,57891
2007-04-10,1.082,58201
2007-04-09,0.295,57578
2007-04-05,0.628,57409
2007-04-04,1.779,57050
2007-04-03,0.727,56053
2007-04-02,-0.822,55649
2007-03-30,0.741,56110
2007-03-29,-0.553,55697
2007-03-28,1.079,56007
2007-03-27,-1.093,55409
2007-03-26,1.602,56021
2007-03-23,-1.992,55138
2007-03-22,0.520,56259
2007-03-21,0.477,55967
2007-03-20,1.177,55702
2007-03-19,0.086,55054
2007-03-16,1.247,55006
2007-03-15,1.018,54329
2007-03-14,0.877,53781
2007-03-13,-1.975,53314
2007-03-12,0.710,54388
2007-03-09,-0.463,54005
2007-03-08,0.118,54256
2007-03-07,0.033,54192
2007-03-06,2.767,54174
2007-03-05,-2.553,52715
2007-03-02,-4.887,54096
2007-03-01,-4.140,56876
2007-02-28,0.615,59332
2007-02-27,-4.488,58970
2007-02-26,1.179,61741
2007-02-23,2.420,61021
2007-02-22,0.009,59579
2007-02-21,2.859,59574
2007-02-20,-0.797,57918
2007-02-16,-0.363,58383
2007-02-15,-0.497,58596
2007-02-14,1.603,58889
2007-02-13,1.517,57960
2007-02-12,-1.526,57093
2007-02-09,0.417,57978
2007-02-08,1.179,57738
2007-02-07,-0.152,57065
2007-02-06,1.282,57152
2007-02-05,0.345,56429
2007-02-02,-1.564,56234
2007-02-01,0.660,57128
2007-01-31,1.413,56753
2007-01-30,1.525,55962
2007-01-29,-1.698,55121
2007-01-26,0.802,56073
2007-01-25,0.335,55627
2007-01-24,-0.330,55441
2007-01-23,2.915,55625
2007-01-22,0.572,54050
2007-01-19,1.581,53742
2007-01-18,-1.058,52906
2007-01-17,1.557,53471
2007-01-16,-1.860,52652
2007-01-12,3.989,53650
2007-01-11,-0.669,51592
2007-01-10,-0.417,51939
2007-01-09,1.696,52156
2007-01-08,0.314,51286
2007-01-05,-3.178,51126
2007-01-04,0.177,52804
2007-01-03,-2.377,52710
2006-12-29,0.486,53994
2006-12-28,0.174,53732
2006-12-27,1.246,53639
2006-12-26,0.272,52979
2006-12-22,1.937,52835
2006-12-21,-0.881,51831
2006-12-20,-1.500,52292
2006-12-19,1.633,53088
2006-12-18,-2.870,52235
2006-12-15,-6.574,53778
2006-12-14,-0.238,57562
2006-12-13,-0.454,57700
2006-12-12,-0.012,57963
2006-12-11,0.989,57970
2006-12-08,-1.482,57403
2006-12-07,2.331,58266
2006-12-06,-1.779,56939
2006-12-05,-1.908,57970
2006-12-04,0.912,59097
2006-12-01,-0.070,58563
2006-11-30,2.950,58604
2006-11-29,-1.207,56925
2006-11-28,1.773,57620
2006-11-27,0.628,56616
2006-11-24,2.902,56263
2006-11-22,0.025,54676
2006-11-21,2.560,54662
2006-11-20,-0.460,53298
2006-11-17,0.073,53544
2006-11-16,-0.838,53505
2006-11-15,0.683,53957
2006-11-14,-0.651,53591
2006-11-13,-0.823,53943
2006-11-10,-0.466,54390
2006-11-09,4.923,54645
2006-11-08,-1.411,52081
2006-11-07,-0.117,52827
2006-11-06,0.464,52889
2006-11-03,0.298,52644
2006-11-02,0.573,52488
2006-11-01,1.437,52189
2006-10-31,1.340,51450
2006-10-30,0.793,50770
2006-10-27,-0.783,50370
2006-10-26,1.776,50768
2006-10-25,0.901,49882
2006-10-24,1.291,49436
2006-10-23,-2.002,48807
2006-10-20,-1.597,49804
2006-10-19,2.971,50612
2006-10-18,0.293,49152
2006-10-17,-1.323,49008
2006-10-16,1.763,49665
2006-10-13,3.093,48805
2006-10-12,1.058,47341
2006-10-11,0.497,46845
2006-10-10,-1.417,46613
2006-10-09,1.651,47283
2006-10-06,0.155,46515
2006-10-05,2.576,46443
2006-10-04,-0.091,45277
2006-10-03,-5.464,45318
2006-10-02,-0.138,47937
2006-09-29,-0.778,48003
2006-09-28,-0.695,48379
2006-09-27,2.048,48718
2006-09-26,1.799,47740
2006-09-25,0.334,46897
2006-09-22,-0.302,46741
2006-09-21,2.749,46882
2006-09-20,0.910,45628
2006-09-19,-3.418,45217
2006-09-18,3.437,46817
2006-09-15,0.927,45261
2006-09-14,-4.334,44845
2006-09-13,1.508,46877
2006-09-12,-0.504,46180
2006-09-11,-8.695,46414
2006-09-08,-3.498,50834
2006-09-07,-3.216,52677
2006-09-06,0.102,54428
2006-09-05,0.118,54372
2006-09-01,0.405,54308
2006-08-31,3.175,54089
2006-08-30,1.925,52425
2006-08-29,2.022,51435
2006-08-28,-3.122,50415
2006-08-25,0.487,52040
2006-08-24,-1.118,51788
2006-08-23,1.852,52373
2006-08-22,-1.118,51421
2006-08-21,2.921,52002
2006-08-18,0.779,50527
2006-08-17,-2.895,50136
2006-08-16,1.811,51631
2006-08-15,0.475,50712
2006-08-14,1.084,50472
2006-08-11,-1.665,49931
2006-08-10,-3.169,50776
2006-08-09,2.106,52438
2006-08-08,-0.404,51356
2006-08-07,-0.588,51565
2006-08-04,2.510,51870
2006-08-03,-0.738,50599
2006-08-02,3.488,50975
2006-08-01,3.024,49257
2006-07-31,0.134,47811
2006-07-28,0.222,47747
2006-07-27,2.415,47642
2006-07-26,1.039,46518
2006-07-25,0.689,46040
2006-07-24,0.740,45725
2006-07-21,-0.567,45389
2006-07-20,-2.144,45648
2006-07-19,5.136,46648
2006-07-18,-2.769,44369
2006-07-17,-5.233,45633
2006-07-14,-1.294,48153
2006-07-13,0.502,48784
2006-07-12,0.192,48540
2006-07-11,4.387,48447
2006-07-10,-2.126,46411
2006-07-07,-2.360,47419
2006-07-06,1.127,48565
2006-07-05,0.793,48024
2006-07-03,2.166,47647
2006-06-30,3.313,46637
2006-06-29,5.244,45141
2006-06-28,0.305,42892
2006-06-27,-0.996,42761
2006-06-26,-0.346,43192
2006-06-23,0.938,43342
2006-06-22,-2.312,42939
2006-06-21,2.082,43955
2006-06-20,3.410,43059
2006-06-19,-3.331,41639
2006-06-16,0.255,43074
2006-06-15,6.145,42964
2006-06-14,0.470,40477
2006-06-13,-11.938,40288
2006-06-12,-1.662,45749
2006-06-09,-1.066,46522
2006-06-08,-5.348,47024
2006-06-07,0.298,49680
2006-06-06,-2.123,49533
2006-06-05,-0.680,50608
2006-06-02,1.123,50954
2006-06-01,-4.654,50388
2006-05-31,-3.579,52848
2006-05-30,3.372,54809
2006-05-26,-0.116,53021
2006-05-25,1.118,53083
2006-05-24,-3.831,52496
2006-05-23,4.237,54587
2006-05-22,-0.673,52368
2006-05-19,-0.014,52723
2006-05-18,-3.726,52730
2006-05-17,-3.606,54771
2006-05-16,2.338,56820
2006-05-15,-8.253,55522
2006-05-12,-2.663,60517
2006-05-11,2.301,62172
2006-05-10,0.181,60774
2006-05-09,3.573,60664
2006-05-08,0.038,58571
2006-05-05,-0.034,58549
2006-05-04,0.541,58568
2006-05-03,-3.061,58253
2006-05-02,3.571,60093
2006-05-01,0.422,58021
2006-04-28,0.280,57777
2006-04-27,-1.572,57616
2006-04-26,2.046,58537
2006-04-25,-2.465,57363
2006-04-24,4.883,58813
2006-04-21,-14.850,56075
2006-04-20,0.280,65854
2006-04-19,4.657,65670
2006-04-18,8.128,62747
2006-04-17,0.000,58030
2006-04-13,-1.098,58030
2006-04-12,0.631,58675
2006-04-11,2.029,58306
2006-04-10,2.080,57147
2006-04-07,1.122,55983
2006-04-06,3.218,55361
2006-04-05,-0.766,53636
2006-04-04,1.381,54050
2006-04-03,-1.446,53313
2006-03-31,2.664,54096
2006-03-30,5.287,52692
2006-03-29,0.601,50046
2006-03-28,-0.780,49747
2006-03-27,2.013,50138
2006-03-24,1.714,49149
2006-03-23,-0.285,48320
2006-03-22,2.432,48458
2006-03-21,-0.580,47308
2006-03-20,-0.241,47584
2006-03-17,0.876,47699
2006-03-16,0.244,47285
2006-03-15,1.838,47170
2006-03-14,0.499,46318
2006-03-13,1.624,46088
2006-03-10,-0.203,45352
2006-03-09,-0.754,45444
2006-03-08,-0.450,45789
2006-03-07,-2.202,45996
2006-03-06,-0.390,47032
2006-03-03,4.822,47216
2006-03-02,-0.122,45044
2006-03-01,1.083,45099
2006-02-28,0.310,44616
2006-02-27,1.310,44478
2006-02-24,-0.345,43902
2006-02-23,0.451,44054
2006-02-22,0.421,43856
2006-02-21,0.317,43672
2006-02-17,2.826,43534
2006-02-16,-1.288,42338
2006-02-15,1.085,42890
2006-02-14,-0.432,42430
2006-02-13,-3.037,42614
2006-02-10,0.526,43948
2006-02-09,2.426,43718
2006-02-08,-4.578,42683
2006-02-07,-0.410,44731
2006-02-06,-0.510,44915
2006-02-03,-0.102,45145
2006-02-02,0.512,45191
2006-02-01,-1.413,44961
2006-01-31,2.641,45605
2006-01-30,-0.361,44432
2006-01-27,2.107,44593
2006-01-26,0.690,43672
2006-01-25,4.722,43373
2006-01-24,0.840,41417
2006-01-23,-1.707,41072
2006-01-20,1.965,41786
2006-01-19,0.338,40980
2006-01-18,-1.771,40842
2006-01-17,0.277,41578
2006-01-13,0.111,41463
2006-01-12,1.124,41417
2006-01-11,-1.549,40957
2006-01-10,-0.659,41601
2006-01-09,3.058,41878
2006-01-06,-1.780,40635
2006-01-05,-1.641,41371
2006-01-04,1.106,42062
2006-01-03,2.378,41601
2005-12-30,-0.842,40635
2005-12-29,1.655,40980
2005-12-28,3.059,40313
2005-12-27,0.000,39116
2005-12-23,1.371,39116
2005-12-22,1.329,38587
2005-12-21,-3.216,38081
2005-12-20,-0.754,39347
2005-12-19,0.058,39646
2005-12-16,2.622,39623
2005-12-15,0.000,38610
2005-12-14,-4.005,38610
2005-12-13,-5.257,40221
2005-12-12,2.843,42453
2005-12-09,2.048,41279
2005-12-08,-0.340,40451
2005-12-07,2.558,40589
2005-12-06,0.116,39577
2005-12-05,0.644,39531
2005-12-02,2.646,39277
2005-12-01,1.279,38265
2005-11-30,-0.965,37782
2005-11-29,0.266,38150
2005-11-28,0.829,38049
2005-11-25,1.863,37736
2005-11-23,-1.408,37046
2005-11-22,0.678,37575
2005-11-21,0.000,37322
2005-11-18,0.185,37322
2005-11-17,3.982,37253
2005-11-16,0.193,35826
2005-11-15,-0.741,35757
2005-11-14,1.689,36024
2005-11-11,-0.543,35426
2005-11-10,1.176,35619
2005-11-09,1.688,35205
2005-11-08,0.508,34620
2005-11-07,-0.927,34445
2005-11-04,-0.264,34768
2005-11-03,2.089,34860
2005-11-02,-1.526,34146
2005-11-01,-2.962,34676
2005-10-31,-0.321,35734
2005-10-28,-0.256,35849
2005-10-27,-0.255,35941
2005-10-26,1.425,36033
2005-10-25,1.379,35527
2005-10-24,0.197,35044
2005-10-21,0.000,34975
2005-10-20,-1.682,34975
2005-10-19,-0.579,35573
2005-10-18,-1.081,35780
2005-10-17,2.477,36171
2005-10-14,-0.840,35297
2005-10-13,-1.402,35596
2005-10-12,1.095,36102
2005-10-11,-0.193,35711
2005-10-10,2.034,35780
2005-10-07,2.557,35067
2005-10-06,1.157,34192
2005-10-05,-1.144,33801
2005-10-04,0.746,34192
2005-10-03,-2.058,33939
2005-09-30,1.757,34653
2005-09-29,1.788,34054
2005-09-28,-0.343,33456
2005-09-27,0.969,33571
2005-09-26,-0.892,33249
2005-09-23,-1.792,33548
2005-09-22,1.894,34160
2005-09-21,-0.614,33525
2005-09-20,0.274,33732
2005-09-19,3.249,33640
2005-09-16,0.740,32582
2005-09-15,1.050,32342
2005-09-14,-0.429,32006
2005-09-13,0.143,32145
2005-09-12,-0.143,32098
2005-09-09,-0.781,32145
2005-09-08,0.285,32398
2005-09-07,-0.071,32306
2005-09-06,0.071,32329
2005-09-02,2.407,32306
2005-09-01,1.706,31546
2005-08-31,-0.222,31017
2005-08-30,-1.315,31086
2005-08-29,0.000,31500
2005-08-26,-1.440,31500
2005-08-25,-0.287,31960
2005-08-24,-1.276,32052
2005-08-23,0.930,32467
2005-08-22,-0.071,32168
2005-08-19,0.503,32191
2005-08-18,-0.571,32029
2005-08-17,0.287,32214
2005-08-16,-1.203,32121
2005-08-15,-1.533,32513
2005-08-12,1.270,33019
2005-08-11,0.212,32605
2005-08-10,1.072,32536
2005-08-09,-1.893,32191
2005-08-08,-1.013,32812
2005-08-05,-0.304,33148
2005-08-04,-0.414,33249
2005-08-03,0.207,33387
2005-08-02,-0.138,33318
2005-08-01,1.470,33364
2005-07-29,1.132,32881
2005-07-28,1.073,32513
2005-07-27,-1.201,32168
2005-07-26,-0.492,32559
2005-07-25,-0.070,32720
2005-07-22,0.282,32743
2005-07-21,1.866,32651
2005-07-20,0.288,32052
2005-07-19,-0.715,31960
2005-07-18,0.431,32191
2005-07-15,-0.286,32052
2005-07-14,-0.711,32145
2005-07-13,-0.957,32375
2005-07-12,0.895,32688
2005-07-11,1.397,32398
2005-07-08,-1.238,31951
2005-07-07,2.106,32352
2005-07-06,-0.073,31684
2005-07-05,-1.852,31707
2005-07-01,-1.127,32306
2005-06-30,0.424,32674
2005-06-29,-2.010,32536
2005-06-28,-0.345,33203
2005-06-27,-0.618,33318
2005-06-24,0.900,33525
2005-06-23,-0.276,33226
2005-06-22,0.347,33318
2005-06-21,-2.103,33203
2005-06-20,-0.338,33916
2005-06-17,0.271,34031
2005-06-16,1.654,33939
2005-06-15,0.000,33387
2005-06-14,0.764,33387
2005-06-13,-0.552,33134
2005-06-10,-1.897,33318
2005-06-09,-0.270,33962
2005-06-08,-1.661,34054
2005-06-07,0.871,34630
2005-06-06,-0.930,34330
2005-06-03,0.668,34653
2005-06-02,1.355,34422
2005-06-01,3.506,33962
2005-05-31,-0.558,32812
2005-05-27,1.271,32996
2005-05-26,0.999,32582
2005-05-25,0.029,32260
2005-05-24,0.401,32250
2005-05-23,-1.690,32121
2005-05-20,-1.114,32674
2005-05-19,2.279,33042
2005-05-18,0.717,32306
2005-05-17,1.235,32075
2005-05-16,0.073,31684
2005-05-13,-1.784,31661
2005-05-12,-1.059,32237
2005-05-11,0.283,32582
2005-05-10,1.510,32490
2005-05-09,-1.137,32006
2005-05-06,-0.213,32375
2005-05-05,2.248,32444
2005-05-04,0.657,31730
2005-05-03,-1.862,31523
2005-05-02,0.000,32121
2005-04-29,-1.621,32121
2005-04-28,-1.663,32651
2005-04-27,-0.688,33203
2005-04-26,0.693,33433
2005-04-25,-0.276,33203
2005-04-22,-0.686,33295
2005-04-21,1.110,33525
2005-04-20,2.126,33157
2005-04-19,0.142,32467
2005-04-18,0.499,32421
2005-04-15,-1.337,32260
2005-04-14,-0.768,32697
2005-04-13,-1.037,32950
2005-04-12,0.696,33295
2005-04-11,2.205,33065
2005-04-08,-1.264,32352
2005-04-07,0.993,32766
2005-04-06,1.585,32444
2005-04-05,-0.287,31937
2005-04-04,-2.041,32029
2005-04-01,-1.155,32697
2005-03-31,3.276,33079
2005-03-30,0.578,32029
2005-03-29,-0.216,31845
2005-03-28,0.000,31914
2005-03-24,0.289,31914
2005-03-23,-2.743,31822
2005-03-22,-1.931,32720
2005-03-21,-1.159,33364
2005-03-18,-0.340,33755
2005-03-17,-0.675,33870
2005-03-16,-0.067,34100
2005-03-15,-0.803,34123
2005-03-14,0.809,34399
2005-03-11,-1.396,34123
2005-03-10,-0.661,34607
2005-03-09,2.297,34837
2005-03-08,0.680,34054
2005-03-07,2.510,33824
2005-03-04,-1.646,32996
2005-03-03,2.244,33548
2005-03-02,-1.791,32812
2005-03-01,-1.224,33410
2005-02-28,1.477,33824
2005-02-25,-3.039,33332
2005-02-24,0.268,34376
2005-02-23,-1.325,34284
2005-02-22,3.142,34745
2005-02-18,0.896,33686
2005-02-17,1.753,33387
2005-02-16,-1.587,32812
2005-02-15,0.000,33341
2005-02-14,3.797,33341
2005-02-11,6.111,32121
2005-02-10,0.427,30272
2005-02-09,1.002,30143
2005-02-08,-1.668,29844
2005-02-07,-0.902,30350
2005-02-04,-0.746,30626
2005-02-03,-0.371,30856
2005-02-02,0.448,30971
2005-02-01,-0.298,30833
2005-01-31,-0.739,30925
2005-01-28,-0.221,31155
2005-01-27,0.967,31224
2005-01-26,-1.031,30925
2005-01-25,-0.294,31247
2005-01-24,3.495,31339
2005-01-21,0.920,30281
2005-01-20,-2.395,30005
2005-01-19,1.520,30741
2005-01-18,-0.754,30281
2005-01-14,-1.163,30511
2005-01-13,1.945,30870
2005-01-12,0.874,30281
2005-01-11,0.819,30018
2005-01-10,0.155,29775
2005-01-07,0.623,29728
2005-01-06,-0.542,29544
2005-01-05,1.017,29705
2005-01-04,-6.236,29406
2005-01-03,0.000,31362
2004-12-31,0.665,31362
2004-12-30,-2.869,31155
2004-12-29,1.308,32075
2004-12-28,0.000,31661
2004-12-27,0.000,31661
2004-12-23,0.511,31661
2004-12-22,-0.073,31500
2004-12-21,0.587,31523
2004-12-20,1.870,31339
2004-12-17,-1.474,30764
2004-12-16,0.074,31224
2004-12-15,0.222,31201
2004-12-14,-0.923,31132
2004-12-13,1.759,31422
2004-12-10,-2.754,30879
2004-12-09,-7.754,31753
2004-12-08,-4.628,34422
2004-12-07,-1.963,36093
2004-12-06,2.171,36815
2004-12-03,-2.612,36033
2004-12-02,4.213,37000
2004-12-01,-0.516,35504
2004-11-30,1.373,35688
2004-11-29,-0.261,35205
2004-11-26,1.455,35297
2004-11-24,-0.066,34791
2004-11-23,-0.657,34814
2004-11-22,0.396,35044
2004-11-19,-0.979,34906
2004-11-18,0.485,35251
2004-11-17,1.572,35081
2004-11-16,-1.120,34538
2004-11-15,1.403,34929
2004-11-12,0.944,34445
2004-11-11,-1.133,34123
2004-11-10,0.942,34514
2004-11-09,-0.201,34192
2004-11-08,1.155,34261
2004-11-05,1.447,33870
2004-11-04,2.981,33387
2004-11-03,-2.085,32421
2004-11-02,-0.622,33111
2004-11-01,1.117,33318
2004-10-29,1.416,32950
2004-10-28,-3.552,32490
2004-10-27,0.137,33686
2004-10-26,-1.747,33640
2004-10-25,3.262,34238
2004-10-22,-1.638,33157
2004-10-21,1.174,33709
2004-10-20,4.023,33318
2004-10-19,-1.136,32029
2004-10-18,-0.283,32398
2004-10-15,0.929,32490
2004-10-14,3.095,32191
2004-10-13,-3.416,31224
2004-10-12,-2.903,32329
2004-10-11,1.189,33295
2004-10-08,0.281,32904
2004-10-07,-0.280,32812
2004-10-06,6.162,32904
2004-10-05,-1.391,30994
2004-10-04,-0.146,31431
2004-10-01,2.626,31477
2004-09-30,2.067,30672
2004-09-29,-0.910,30051
2004-09-28,3.130,30327
2004-09-27,-0.467,29406
2004-09-24,0.469,29544
2004-09-23,1.429,29406
2004-09-22,0.318,28992
2004-09-21,1.209,28900
2004-09-20,-0.958,28555
2004-09-17,-0.048,28831
2004-09-16,1.342,28845
2004-09-15,-0.081,28463
2004-09-14,0.979,28486
2004-09-13,-0.163,28210
2004-09-10,0.163,28256
2004-09-09,-0.809,28210
2004-09-08,-5.142,28440
2004-09-07,-2.950,29982
2004-09-03,-0.695,30893
2004-09-02,0.446,31109
2004-09-01,-0.148,30971
2004-08-31,0.974,31017
2004-08-30,0.000,30718
2004-08-27,1.136,30718
2004-08-26,0.457,30373
2004-08-25,-1.203,30235
2004-08-24,-1.773,30603
2004-08-23,-0.514,31155
2004-08-20,-0.220,31316
2004-08-19,1.867,31385
2004-08-18,-0.224,30810
2004-08-17,0.299,30879
2004-08-16,3.241,30787
2004-08-13,-1.520,29821
2004-08-12,-0.303,30281
2004-08-11,-1.198,30373
2004-08-10,-0.299,30741
2004-08-09,0.299,30833
2004-08-06,0.602,30741
2004-08-05,0.302,30557
2004-08-04,1.846,30465
2004-08-03,-2.108,29913
2004-08-02,3.427,30557
2004-07-30,1.582,29544
2004-07-29,2.100,29084
2004-07-28,-0.801,28486
2004-07-27,-0.874,28716
2004-07-26,-0.238,28969
2004-07-23,-0.552,29038
2004-07-22,-1.932,29199
2004-07-21,-1.597,29775
2004-07-20,-1.939,30258
2004-07-19,1.284,30856
2004-07-16,1.223,30465
2004-07-15,1.949,30097
2004-07-14,0.549,29521
2004-07-13,-2.297,29360
2004-07-12,0.462,30051
2004-07-09,4.839,29913
2004-07-08,2.734,28532
2004-07-07,0.166,27773
2004-07-06,2.379,27727
2004-07-02,0.170,27082
2004-07-01,-0.592,27036
2004-06-30,0.340,27197
2004-06-29,-4.662,27105
2004-06-28,0.455,28431
2004-06-25,4.681,28302
2004-06-24,-0.085,27036
2004-06-23,1.379,27059
2004-06-22,-2.357,26691
2004-06-21,-0.168,27335
2004-06-18,3.388,27382
2004-06-17,1.858,26484
2004-06-16,0.355,26001
2004-06-15,-0.530,25909
2004-06-14,0.035,26047
2004-06-10,-1.429,26038
2004-06-09,-2.712,26415
2004-06-08,0.597,27151
2004-06-07,1.823,26990
2004-06-04,-1.031,26507
2004-06-03,-4.433,26783
2004-06-02,-1.297,28026
2004-06-01,0.081,28394
2004-05-28,1.565,28371
2004-05-27,-0.655,27934
2004-05-26,1.327,28118
2004-05-25,3.342,27750
2004-05-24,-0.427,26852
2004-05-21,0.428,26967
2004-05-20,2.010,26852
2004-05-19,-0.348,26323
2004-05-18,-1.205,26415
2004-05-17,4.496,26737
2004-05-14,0.180,25587
2004-05-13,-1.508,25541
2004-05-12,-0.617,25932
2004-05-11,3.185,26093
2004-05-10,-5.259,25288
2004-05-07,-3.814,26691
2004-05-06,-0.904,27750
2004-05-05,-0.246,28003
2004-05-04,2.521,28072
2004-05-03,0.000,27382
2004-04-30,6.822,27382
2004-04-29,-10.594,25633
2004-04-28,-0.717,28670
2004-04-27,0.803,28877
2004-04-26,0.565,28647
2004-04-23,0.814,28486
2004-04-22,-4.361,28256
2004-04-21,-8.742,29544
2004-04-20,-3.299,32375
2004-04-19,2.249,33479
2004-04-16,3.717,32743
2004-04-15,-4.123,31569
2004-04-14,-8.912,32927
2004-04-13,-2.845,36148
2004-04-12,0.000,37207
2004-04-08,-0.858,37207
2004-04-07,0.184,37529
2004-04-06,-0.671,37460
2004-04-05,-1.146,37713
2004-04-02,4.408,38150
2004-04-01,1.470,36539
2004-03-31,2.825,36010
2004-03-30,-0.782,35021
2004-03-29,2.403,35297
2004-03-26,-0.663,34468
2004-03-25,-1.759,34699
2004-03-24,1.790,35320
2004-03-23,-1.438,34699
2004-03-22,3.030,35205
2004-03-19,2.626,34169
2004-03-18,1.118,33295
2004-03-17,0.000,32927
2004-03-16,0.704,32927
2004-03-15,-1.388,32697
2004-03-12,1.550,33157
2004-03-11,-1.046,32651
2004-03-10,3.613,32996
2004-03-09,0.000,31845
2004-03-08,1.840,31845
2004-03-05,-0.367,31270
2004-03-04,3.412,31385
2004-03-03,-3.863,30350
2004-03-02,1.932,31569
2004-03-01,2.280,30971
2004-02-27,3.410,30281
2004-02-26,-5.845,29282
2004-02-25,3.365,31100
2004-02-24,0.740,30087
2004-02-23,-1.786,29867
2004-02-20,-0.151,30410
2004-02-19,-2.962,30456
2004-02-18,2.711,31385
2004-02-17,1.173,30557
2004-02-13,0.352,30202
2004-02-12,4.057,30097
2004-02-11,-2.331,28923
2004-02-10,1.418,29613
2004-02-09,4.102,29199
2004-02-06,-0.733,28049
2004-02-05,0.987,28256
2004-02-04,-1.538,27980
2004-02-03,-0.483,28417
2004-02-02,-0.321,28555
2004-01-30,-4.744,28647
2004-01-29,-0.076,30074
2004-01-28,4.808,30097
2004-01-27,-0.080,28716
2004-01-26,-1.576,28739
2004-01-23,1.358,29199
2004-01-22,-0.635,28808
2004-01-21,-1.408,28992
2004-01-20,2.981,29406
2004-01-16,-1.742,28555
2004-01-15,-3.514,29061
2004-01-14,-1.058,30120
2004-01-13,-0.526,30442
2004-01-12,6.485,30603
2004-01-09,0.726,28739
2004-01-08,-0.241,28532
2004-01-07,-1.035,28601
2004-01-06,5.105,28900
2004-01-05,-0.167,27497
2004-01-02,0.335,27543
2003-12-31,0.931,27451
2003-12-30,0.853,27197
2003-12-29,2.448,26967
2003-12-26,0.000,26323
2003-12-24,0.616,26323
2003-12-23,-0.699,26162
2003-12-22,1.059,26346
2003-12-19,-0.614,26070
2003-12-18,1.243,26231
2003-12-17,-0.530,25909
2003-12-16,1.890,26047
2003-12-15,-1.157,25564
2003-12-12,1.444,25863
2003-12-11,-1.160,25495
2003-12-10,1.173,25794
2003-12-09,0.636,25495
2003-12-08,1.662,25334
2003-12-05,-0.460,24919
2003-12-04,-0.548,25035
2003-12-03,0.183,25173
2003-12-02,1.866,25127
2003-12-01,0.187,24666
2003-11-28,0.943,24620
2003-11-26,1.727,24390
2003-11-25,-0.573,23976
2003-11-24,0.096,24114
2003-11-21,-0.570,24091
2003-11-20,-1.034,24229
2003-11-19,2.209,24482
2003-11-18,-3.343,23953
2003-11-17,1.604,24781
2003-11-14,-0.376,24390
2003-11-13,4.828,24482
2003-11-12,0.296,23355
2003-11-11,0.596,23286
2003-11-10,1.309,23148
2003-11-07,0.202,22849
2003-11-06,-1.058,22803
2003-11-05,1.520,23046
2003-11-04,-2.510,22701
2003-11-03,-1.461,23286
2003-10-31,-0.964,23631
2003-10-30,1.806,23861
2003-10-29,-1.107,23438
2003-10-28,0.488,23700
2003-10-27,-0.447,23585
2003-10-24,0.058,23691
2003-10-23,1.280,23677
2003-10-22,1.600,23378
2003-10-21,1.729,23010
2003-10-20,-0.102,22619
2003-10-17,0.204,22642
2003-10-16,0.102,22595
2003-10-15,-0.709,22572
2003-10-14,1.126,22734
2003-10-13,0.618,22480
2003-10-10,0.831,22342
2003-10-09,-1.534,22158
2003-10-08,1.033,22503
2003-10-07,0.103,22273
2003-10-06,-4.823,22250
2003-10-03,0.099,23378
2003-10-02,-0.976,23355
2003-10-01,0.196,23585
2003-09-30,-0.195,23539
2003-09-29,-1.252,23585
2003-09-26,-2.407,23884
2003-09-25,1.780,24473
2003-09-24,-0.571,24045
2003-09-23,-1.036,24183
2003-09-22,2.115,24436
2003-09-19,-1.887,23930
2003-09-18,2.713,24390
2003-09-17,-0.097,23746
2003-09-16,0.194,23769
2003-09-15,-3.010,23723
2003-09-12,1.722,24459
2003-09-11,0.288,24045
2003-09-10,1.461,23976
2003-09-09,0.785,23631
2003-09-08,1.900,23447
2003-09-05,-0.299,23010
2003-09-04,0.804,23079
2003-09-03,-2.642,22895
2003-09-02,0.098,23516
2003-08-29,0.295,23493
2003-08-28,1.902,23424
2003-08-27,0.909,22987
2003-08-26,0.406,22780
2003-08-25,0.000,22688
2003-08-22,-1.103,22688
2003-08-21,-0.200,22941
2003-08-20,1.524,22987
2003-08-19,0.102,22642
2003-08-18,-1.994,22619
2003-08-15,-0.496,23079
2003-08-14,3.491,23194
2003-08-13,-2.209,22411
2003-08-12,0.000,22918
2003-08-11,-1.386,22918
2003-08-08,2.330,23240
2003-08-07,0.101,22711
2003-08-06,-1.004,22688
2003-08-05,-1.092,22918
2003-08-04,-1.660,23171
2003-08-01,0.787,23562
2003-07-31,-0.392,23378
2003-07-30,1.594,23470
2003-07-29,-1.181,23102
2003-07-28,1.296,23378
2003-07-25,-0.889,23079
2003-07-24,4.697,23286
2003-07-23,1.683,22241
2003-07-22,0.486,21873
2003-07-21,1.502,21767
2003-07-18,-0.427,21445
2003-07-17,0.214,21537
2003-07-16,-2.301,21491
2003-07-15,-0.313,21997
2003-07-14,0.841,22066
2003-07-11,-1.451,21882
2003-07-10,1.793,22204
2003-07-09,1.066,21813
2003-07-08,0.752,21583
2003-07-07,0.649,21422
2003-07-03,1.093,21284
2003-07-02,0.439,21054
2003-07-01,1.110,20962
2003-06-30,-0.442,20732
2003-06-27,-0.110,20824
2003-06-26,0.555,20847
2003-06-25,-0.771,20732
2003-06-24,0.221,20893
2003-06-23,-0.549,20847
2003-06-20,0.707,20962
2003-06-19,-1.028,20815
2003-06-18,-0.975,21031
2003-06-17,0.545,21238
2003-06-16,1.774,21123
2003-06-13,0.334,20755
2003-06-12,0.268,20686
2003-06-11,-0.599,20630
2003-06-10,-0.221,20755
2003-06-09,-0.221,20801
2003-06-06,1.116,20847
2003-06-05,-0.885,20617
2003-06-04,0.111,20801
2003-06-03,0.333,20778
2003-06-02,-1.316,20709
2003-05-30,-1.085,20985
2003-05-29,0.436,21215
2003-05-28,-1.986,21123
2003-05-27,0.171,21551
2003-05-23,-0.848,21514
2003-05-22,-0.527,21698
2003-05-21,-2.066,21813
2003-05-20,0.207,22273
2003-05-19,0.835,22227
2003-05-16,-1.542,22043
2003-05-15,1.038,22388
2003-05-14,-0.414,22158
2003-05-13,0.939,22250
2003-05-12,0.209,22043
2003-05-09,1.164,21997
2003-05-08,-0.735,21744
2003-05-07,-0.730,21905
2003-05-06,0.947,22066
2003-05-05,0.000,21859
2003-05-02,1.931,21859
2003-05-01,1.194,21445
2003-04-30,1.098,21192
2003-04-29,-1.514,20962
2003-04-28,0.108,21284
2003-04-25,0.326,21261
2003-04-24,0.876,21192
2003-04-23,0.484,21008
2003-04-22,1.406,20907
2003-04-21,0.000,20617
2003-04-17,-0.223,20617
2003-04-16,-0.554,20663
2003-04-15,0.781,20778
2003-04-14,0.336,20617
2003-04-11,-0.112,20548
2003-04-10,-0.112,20571
2003-04-09,1.244,20594
2003-04-08,0.798,20341
2003-04-07,-0.114,20179
2003-04-04,0.458,20202
2003-04-03,-0.569,20110
2003-04-02,-0.969,20225
2003-04-01,-0.493,20423
2003-03-31,1.710,20525
2003-03-28,-0.522,20179
2003-03-27,0.639,20285
2003-03-26,-0.341,20156
2003-03-25,0.388,20225
2003-03-24,-0.568,20147
2003-03-21,-0.045,20262
2003-03-20,-1.674,20272
2003-03-19,0.224,20617
2003-03-18,-2.188,20571
2003-03-17,0.661,21031
2003-03-14,-0.981,20893
2003-03-13,-1.715,21100
2003-03-12,0.215,21468
2003-03-11,-0.428,21422
2003-03-10,0.150,21514
2003-03-07,0.821,21482
2003-03-06,-0.601,21307
2003-03-05,-0.428,21436
2003-03-04,1.475,21528
2003-03-03,0.326,21215
2003-02-28,-1.183,21146
2003-02-27,0.541,21399
2003-02-26,-1.554,21284
2003-02-25,0.492,21620
2003-02-24,0.798,21514
2003-02-21,-0.043,21344
2003-02-20,1.354,21353
2003-02-19,1.508,21068
2003-02-18,-0.442,20755
2003-02-14,0.155,20847
2003-02-13,-0.920,20815
2003-02-12,-0.175,21008
2003-02-11,-1.656,21045
2003-02-10,-1.274,21399
2003-02-07,-1.361,21675
2003-02-06,-3.105,21974
2003-02-05,1.608,22678
2003-02-04,0.103,22319
2003-02-03,-0.575,22296
2003-01-31,1.839,22425
2003-01-30,-1.340,22020
2003-01-29,1.042,22319
2003-01-28,-2.141,22089
2003-01-27,2.615,22572
2003-01-24,-1.443,21997
2003-01-23,0.518,22319
2003-01-22,1.366,22204
2003-01-21,-1.101,21905
2003-01-17,0.901,22149
2003-01-16,0.782,21951
2003-01-15,-1.601,21781
2003-01-14,-0.207,22135
2003-01-13,-0.413,22181
2003-01-10,0.145,22273
2003-01-09,1.215,22241
2003-01-08,-1.343,21974
2003-01-07,-1.426,22273
2003-01-06,2.612,22595
2003-01-03,0.949,22020
2003-01-02,1.608,21813
2002-12-31,-1.165,21468
2002-12-30,1.071,21721
2002-12-27,1.192,21491
2002-12-26,0.000,21238
2002-12-24,-0.216,21238
2002-12-23,-0.857,21284
2002-12-20,-1.165,21468
2002-12-19,2.165,21721
2002-12-18,-2.222,21261
2002-12-17,0.532,21744
2002-12-16,-0.907,21629
2002-12-13,2.000,21827
2002-12-12,0.541,21399
2002-12-11,0.983,21284
2002-12-10,-0.973,21077
2002-12-09,-0.602,21284
2002-12-06,0.823,21413
2002-12-05,0.985,21238
2002-12-04,2.858,21031
2002-12-03,0.293,20446
2002-12-02,0.000,20387
2002-11-29,-0.225,20387
2002-11-27,-0.671,20433
2002-11-26,-0.667,20571
2002-11-25,0.897,20709
2002-11-22,-1.654,20525
2002-11-21,-0.220,20870
2002-11-20,-0.110,20916
2002-11-19,0.220,20939
2002-11-18,-0.220,20893
2002-11-15,-0.110,20939
2002-11-14,-0.394,20962
2002-11-13,0.175,21045
2002-11-12,0.773,21008
2002-11-11,-1.264,20847
2002-11-08,1.888,21114
2002-11-07,0.738,20723
2002-11-06,-0.667,20571
2002-11-05,1.124,20709
2002-11-04,-2.090,20479
2002-11-01,1.564,20916
2002-10-31,-0.067,20594
2002-10-30,1.084,20607
2002-10-29,0.226,20387
2002-10-28,1.029,20341
2002-10-25,-0.342,20133
2002-10-24,-0.454,20202
2002-10-23,0.731,20295
2002-10-22,0.069,20147
2002-10-21,0.806,20133
2002-10-18,-0.344,19972
2002-10-17,0.927,20041
2002-10-16,0.232,19857
2002-10-15,-0.646,19811
2002-10-14,0.885,19940
2002-10-11,-1.151,19765
2002-10-10,-0.230,19995
2002-10-09,-1.914,20041
2002-10-08,-1.003,20433
2002-10-07,0.223,20640
2002-10-04,-0.290,20594
2002-10-03,0.067,20653
2002-10-02,-0.840,20640
2002-10-01,-0.221,20815
2002-09-30,0.510,20861
2002-09-27,-0.988,20755
2002-09-26,-1.407,20962
2002-09-25,-0.108,21261
2002-09-24,-0.280,21284
2002-09-23,0.390,21344
2002-09-20,-0.602,21261
2002-09-19,1.485,21390
2002-09-18,0.659,21077
2002-09-17,0.110,20939
2002-09-16,-0.980,20916
2002-09-13,0.923,21123
2002-09-12,0.397,20930
2002-09-11,-0.220,20847
2002-09-10,0.110,20893
2002-09-09,0.110,20870
2002-09-06,0.555,20847
2002-09-05,0.896,20732
2002-09-04,-0.446,20548
2002-09-03,-1.752,20640
2002-08-30,1.557,21008
2002-08-29,-0.111,20686
2002-08-28,1.351,20709
2002-08-27,0.000,20433
2002-08-26,0.000,20433
2002-08-23,0.452,20433
2002-08-22,-0.450,20341
2002-08-21,0.113,20433
2002-08-20,-1.401,20410
2002-08-19,-0.155,20699
2002-08-16,0.446,20732
2002-08-15,-3.132,20640
2002-08-14,0.652,21307
2002-08-13,-2.232,21169
2002-08-12,1.620,21652
2002-08-09,-1.068,21307
2002-08-08,0.862,21537
2002-08-07,0.760,21353
2002-08-06,-0.325,21192
2002-08-05,-0.108,21261
2002-08-02,1.872,21284
2002-08-01,-2.575,20893
2002-07-31,0.000,21445
2002-07-30,0.215,21445
2002-07-29,-3.627,21399
2002-07-26,-0.720,22204
2002-07-25,0.000,22365
2002-07-24,-2.566,22365
2002-07-23,-1.228,22954
2002-07-22,0.798,23240
2002-07-19,0.300,23056
2002-07-18,-0.100,22987
2002-07-17,-1.922,23010
2002-07-16,1.051,23461
2002-07-15,-0.296,23217
2002-07-12,0.797,23286
2002-07-11,-0.456,23102
2002-07-10,1.571,23208
2002-07-09,0.506,22849
2002-07-08,0.611,22734
2002-07-05,-0.102,22595
2002-07-03,1.028,22619
2002-07-02,1.354,22388
2002-07-01,-1.437,22089
2002-06-28,1.037,22411
2002-06-27,-1.230,22181
2002-06-26,0.619,22457
2002-06-25,-1.121,22319
2002-06-24,0.512,22572
2002-06-21,0.412,22457
2002-06-20,-0.715,22365
2002-06-19,1.032,22526
2002-06-18,0.519,22296
2002-06-17,-1.431,22181
2002-06-14,0.514,22503
2002-06-13,-0.307,22388
2002-06-12,-0.204,22457
2002-06-11,-1.012,22503
2002-06-10,-1.358,22734
2002-06-07,1.479,23046
2002-06-06,-2.277,22711
2002-06-05,0.099,23240
2002-06-04,0.000,23217
2002-06-03,0.000,23217
2002-05-31,2.854,23217
2002-05-30,-0.102,22572
2002-05-29,1.867,22595
2002-05-28,-0.721,22181
2002-05-24,1.675,22342
2002-05-23,-0.934,21974
2002-05-22,0.731,22181
2002-05-21,2.682,22020
2002-05-20,0.431,21445
2002-05-17,0.108,21353
2002-05-16,0.761,21330
2002-05-15,-0.325,21169
2002-05-14,-1.599,21238
2002-05-13,1.449,21583
2002-05-10,1.382,21275
2002-05-09,-1.299,20985
2002-05-08,0.000,21261
2002-05-07,1.205,21261
2002-05-06,0.000,21008
2002-05-03,0.996,21008
2002-05-02,-0.441,20801
2002-05-01,-1.304,20893
2002-04-30,-0.755,21169
2002-04-29,0.325,21330
2002-04-26,0.654,21261
2002-04-25,0.153,21123
2002-04-24,1.282,21091
2002-04-23,-0.330,20824
2002-04-22,0.822,20893
2002-04-19,0.964,20723
2002-04-18,0.337,20525
2002-04-17,-0.336,20456
2002-04-16,-2.620,20525
2002-04-15,0.329,21077
2002-04-12,-1.083,21008
2002-04-11,1.317,21238
2002-04-10,-0.219,20962
2002-04-09,0.154,21008
2002-04-08,-1.235,20976
2002-04-05,0.043,21238
2002-04-04,-1.851,21229
2002-04-03,0.750,21629
2002-04-02,-0.214,21468
2002-04-01,0.000,21514
2002-03-28,0.711,21514
2002-03-27,1.731,21362
2002-03-26,0.617,20999
2002-03-25,0.666,20870
2002-03-22,-0.177,20732
2002-03-21,-0.044,20769
2002-03-20,0.155,20778
2002-03-19,0.513,20746
2002-03-18,0.000,20640
2002-03-15,-1.277,20640
2002-03-14,0.888,20907
2002-03-13,0.223,20723
2002-03-12,-0.817,20676
2002-03-11,1.003,20847
2002-03-08,0.112,20640
2002-03-07,-0.994,20617
2002-03-06,-0.985,20824
2002-03-05,-0.609,21031
2002-03-04,2.291,21160
2002-03-01,1.353,20686
2002-02-28,-0.337,20410
2002-02-27,1.714,20479
2002-02-26,-0.455,20133
2002-02-25,-1.125,20225
2002-02-22,0.908,20456
2002-02-21,-2.002,20272
2002-02-20,-0.443,20686
2002-02-19,-1.419,20778
2002-02-15,1.552,21077
2002-02-14,1.577,20755
2002-02-13,1.185,20433
2002-02-12,-0.273,20193
2002-02-11,0.457,20249
2002-02-08,0.344,20156
2002-02-07,-2.458,20087
2002-02-06,4.070,20594
2002-02-05,0.000,19788
2002-02-04,1.224,19788
2002-02-01,-0.632,19549
2002-01-31,-0.466,19673
2002-01-30,1.417,19765
2002-01-29,-1.167,19489
2002-01-28,-1.108,19719
2002-01-25,0.932,19940
2002-01-24,-0.116,19756
2002-01-23,-0.968,19779
2002-01-22,-1.654,19972
2002-01-18,-3.330,20308
2002-01-17,-2.248,21008
2002-01-16,2.525,21491
2002-01-15,-2.421,20962
2002-01-14,-1.933,21482
2002-01-11,-1.754,21905
2002-01-10,2.000,22296
2002-01-09,-0.419,21859
2002-01-08,1.166,21951
2002-01-07,0.748,21698
2002-01-04,1.080,21537
2002-01-03,0.871,21307
2002-01-02,1.549,21123
2001-12-31,0.444,20801
2001-12-28,-0.881,20709
2001-12-27,0.000,20893
2001-12-26,0.000,20893
2001-12-24,0.442,20893
2001-12-21,3.079,20801
2001-12-20,-2.339,20179
2001-12-19,1.126,20663
2001-12-18,1.254,20433
2001-12-17,0.573,20179
2001-12-14,2.108,20064
2001-12-13,-0.466,19650
2001-12-12,1.060,19742
2001-12-11,0.236,19535
2001-12-10,-0.820,19489
2001-12-07,1.185,19650
2001-12-06,1.809,19420
2001-12-05,-1.497,19075
2001-12-04,0.670,19365
2001-12-03,0.966,19236
2001-11-30,0.048,19052
2001-11-29,1.174,19043
2001-11-28,0.491,18822
2001-11-27,0.000,18730
2001-11-26,-0.611,18730
2001-11-23,0.738,18845
2001-11-21,-0.368,18707
2001-11-20,-0.730,18776
2001-11-19,-0.194,18914
2001-11-16,0.195,18951
2001-11-15,-1.675,18914
2001-11-14,1.629,19236
2001-11-13,-0.892,18928
2001-11-12,1.096,19098
2001-11-09,-0.605,18891
2001-11-08,-0.362,19006
2001-11-07,0.485,19075
2001-11-06,0.000,18983
2001-11-05,-2.251,18983
2001-11-02,-0.354,19420
2001-11-01,-0.936,19489
2001-10-31,-0.303,19673
2001-10-30,1.732,19733
2001-10-29,0.238,19397
2001-10-26,0.358,19351
2001-10-25,-1.296,19282
2001-10-24,0.473,19535
2001-10-23,-0.236,19443
2001-10-22,-0.118,19489
2001-10-19,-2.417,19512
2001-10-18,-0.686,19995
2001-10-17,0.459,20133
2001-10-16,-1.471,20041
2001-10-15,0.000,20341
2001-10-12,0.113,20341
2001-10-11,-1.627,20318
2001-10-10,-3.067,20653
2001-10-09,-0.323,21307
2001-10-08,0.000,21376
2001-10-05,0.759,21376
2001-10-04,0.480,21215
2001-10-03,-0.152,21114
2001-10-02,0.328,21146
2001-10-01,-0.109,21077
2001-09-28,0.880,21100
2001-09-27,-0.176,20916
2001-09-26,0.730,20953
2001-09-25,0.266,20801
2001-09-24,-2.000,20746
2001-09-21,-0.433,21169
2001-09-20,3.471,21261
2001-09-19,2.291,20548
2001-09-18,1.748,20087
2001-09-17,2.632,19742
2001-09-10,-0.119,19236
2001-09-07,0.120,19259
2001-09-06,-0.239,19236
2001-09-05,0.359,19282
2001-09-04,-0.595,19213
2001-08-31,-0.071,19328
2001-08-30,-0.166,19342
2001-08-29,0.000,19374
2001-08-28,-0.237,19374
2001-08-27,0.000,19420
2001-08-24,0.596,19420
2001-08-23,-0.238,19305
2001-08-22,0.960,19351
2001-08-21,-1.769,19167
2001-08-20,0.593,19512
2001-08-17,1.079,19397
2001-08-16,-1.418,19190
2001-08-15,1.683,19466
2001-08-14,-0.359,19144
2001-08-13,-1.066,19213
2001-08-10,1.564,19420
2001-08-09,0.000,19121
2001-08-08,0.362,19121
2001-08-07,-1.896,19052
2001-08-06,-0.472,19420
2001-08-03,0.165,19512
2001-08-02,-0.165,19480
2001-08-01,0.593,19512
2001-07-31,-0.237,19397
2001-07-30,-0.588,19443
2001-07-27,0.236,19558
2001-07-26,0.000,19512
2001-07-25,-0.469,19512
2001-07-24,0.047,19604
2001-07-23,0.900,19595
2001-07-20,-1.171,19420
2001-07-19,0.708,19650
2001-07-18,0.474,19512
2001-07-17,-2.088,19420
2001-07-16,1.340,19834
2001-07-13,-0.164,19572
2001-07-12,0.118,19604
2001-07-11,-0.234,19581
2001-07-10,0.000,19627
2001-07-09,0.947,19627
2001-07-06,-0.822,19443
2001-07-05,-0.699,19604
2001-07-03,-0.348,19742
2001-07-02,-0.692,19811
2001-06-29,0.697,19949
2001-06-28,-1.103,19811
2001-06-27,1.233,20032
2001-06-26,-0.463,19788
2001-06-25,-0.346,19880
2001-06-22,-0.345,19949
2001-06-21,-1.136,20018
2001-06-20,-0.677,20249
2001-06-19,1.257,20387
2001-06-18,-1.685,20133
2001-06-15,1.182,20479
2001-06-14,0.296,20239
2001-06-13,1.200,20179
2001-06-12,-0.619,19940
2001-06-11,0.345,20064
2001-06-08,0.231,19995
2001-06-07,-0.573,19949
2001-06-06,0.276,20064
2001-06-05,-1.294,20009
2001-06-04,0.228,20272
2001-06-01,-0.678,20225
2001-05-31,-1.950,20364
2001-05-30,-0.155,20769
2001-05-29,-1.051,20801
2001-05-25,-1.232,21022
2001-05-24,2.323,21284
2001-05-23,0.111,20801
2001-05-22,-1.527,20778
2001-05-21,3.034,21100
2001-05-18,0.679,20479
2001-05-17,1.961,20341
2001-05-16,-0.115,19949
2001-05-15,0.000,19972
2001-05-14,-0.115,19972
2001-05-11,-1.138,19995
2001-05-10,1.666,20225
2001-05-09,-0.046,19894
2001-05-08,-0.803,19903
2001-05-07,0.000,20064
2001-05-04,-0.570,20064
2001-05-03,0.000,20179
2001-05-02,1.083,20179
2001-05-01,-0.619,19963
2001-04-30,-0.795,20087
2001-04-27,0.457,20249
2001-04-26,-1.240,20156
2001-04-25,0.113,20410
2001-04-24,0.226,20387
2001-04-23,-0.226,20341
2001-04-20,1.257,20387
2001-04-19,1.156,20133
2001-04-18,-1.816,19903
2001-04-17,0.916,20272
2001-04-16,0.000,20087
2001-04-12,0.808,20087
2001-04-11,0.116,19926
2001-04-10,-0.575,19903
2001-04-09,0.000,20018
2001-04-06,0.115,20018
2001-04-05,0.462,19995
2001-04-04,0.000,19903
2001-04-03,0.698,19903
2001-04-02,-0.808,19765
2001-03-30,-0.688,19926
2001-03-29,-1.536,20064
2001-03-28,1.443,20377
2001-03-27,0.345,20087
2001-03-26,0.115,20018
2001-03-23,0.115,19995
2001-03-22,0.115,19972
2001-03-21,0.000,19949
2001-03-20,0.231,19949
2001-03-19,-0.575,19903
2001-03-16,-1.584,20018
2001-03-15,-0.674,20341
2001-03-14,0.793,20479
2001-03-13,-2.106,20318
2001-03-12,0.111,20755
2001-03-09,1.009,20732
2001-03-08,0.905,20525
2001-03-07,0.000,20341
2001-03-06,0.455,20341
2001-03-05,-0.452,20249
2001-03-02,-1.996,20341
2001-03-01,1.806,20755
2001-02-28,-0.739,20387
2001-02-27,0.631,20538
2001-02-26,-0.337,20410
2001-02-23,0.565,20479
2001-02-22,0.113,20364
2001-02-21,-1.734,20341
2001-02-20,-0.044,20699
2001-02-16,-0.332,20709
2001-02-15,-0.769,20778
2001-02-14,-0.438,20939
2001-02-13,0.329,21031
2001-02-12,-0.328,20962
2001-02-09,-0.218,21031
2001-02-08,-1.080,21077
2001-02-07,-0.644,21307
2001-02-06,-1.271,21445
2001-02-05,-0.527,21721
2001-02-02,-1.105,21836
2001-02-01,0.167,22080
2001-01-31,-0.167,22043
2001-01-30,0.272,22080
2001-01-29,0.000,22020
2001-01-26,0.147,22020
2001-01-25,0.273,21988
2001-01-24,-0.832,21928
2001-01-23,0.628,22112
2001-01-22,-0.934,21974
2001-01-19,2.011,22181
2001-01-18,1.221,21744
2001-01-17,1.368,21482
2001-01-16,0.987,21192
2001-01-12,0.330,20985
2001-01-11,0.331,20916
2001-01-10,-0.440,20847
2001-01-09,-0.438,20939
2001-01-08,1.106,21031
2001-01-05,0.556,20801
2001-01-04,-0.663,20686
2001-01-03,-1.416,20824
2001-01-02,0.328,21123
2000-12-29,-0.435,21054
2000-12-28,-0.756,21146
2000-12-27,0.652,21307
2000-12-26,0.000,21169
2000-12-22,-0.109,21169
2000-12-21,-0.108,21192
2000-12-20,0.875,21215
2000-12-19,-0.109,21031
2000-12-18,-0.759,21054
2000-12-15,-0.604,21215
2000-12-14,-0.258,21344
2000-12-13,-0.215,21399
2000-12-12,0.000,21445
2000-12-11,-1.062,21445
2000-12-08,-0.738,21675
2000-12-07,0.743,21836
2000-12-06,0.362,21675
2000-12-05,0.600,21597
2000-12-04,-0.427,21468
2000-12-01,1.188,21560
2000-11-30,-1.384,21307
2000-11-29,0.043,21606
2000-11-28,1.580,21597
2000-11-27,0.108,21261
2000-11-24,-0.108,21238
2000-11-22,-0.602,21261
2000-11-21,0.065,21390
2000-11-20,-0.172,21376
2000-11-17,-0.364,21413
2000-11-16,0.215,21491
2000-11-15,-0.064,21445
2000-11-14,-0.150,21459
2000-11-13,-1.164,21491
2000-11-10,0.042,21744
2000-11-09,0.170,21735
2000-11-08,-0.527,21698
2000-11-07,0.211,21813
2000-11-06,0.425,21767
2000-11-03,-0.842,21675
2000-11-02,0.000,21859
2000-11-01,0.211,21859
2000-10-31,-0.315,21813
2000-10-30,0.784,21882
2000-10-27,-0.674,21712
2000-10-26,-0.628,21859
2000-10-25,0.000,21997
2000-10-24,-1.035,21997
2000-10-23,0.312,22227
2000-10-20,-0.311,22158
2000-10-19,-0.207,22227
2000-10-18,-0.103,22273
2000-10-17,-0.309,22296
2000-10-16,-0.471,22365
2000-10-13,0.618,22471
2000-10-12,-0.655,22333
2000-10-11,0.411,22480
2000-10-10,0.103,22388
2000-10-09,0.103,22365
2000-10-06,-0.410,22342
2000-10-05,-0.205,22434
2000-10-04,0.102,22480
2000-10-03,-0.061,22457
2000-10-02,-0.102,22471
2000-09-29,-1.013,22494
2000-09-28,0.776,22724
2000-09-27,0.041,22549
2000-09-26,0.102,22540
2000-09-25,0.205,22517
2000-09-22,1.307,22471
2000-09-21,-0.721,22181
2000-09-20,0.144,22342
2000-09-19,-0.144,22310
2000-09-18,-0.267,22342
2000-09-15,0.062,22402
2000-09-14,-0.307,22388
2000-09-13,0.515,22457
2000-09-12,-0.206,22342
2000-09-11,-0.511,22388
2000-09-08,-0.407,22503
2000-09-07,-0.808,22595
2000-09-06,0.142,22780
2000-09-05,0.061,22747
2000-09-01,0.611,22734
2000-08-31,0.347,22595
2000-08-30,0.164,22517
2000-08-29,0.514,22480
2000-08-28,0.000,22365
2000-08-25,2.101,22365
2000-08-24,-1.040,21905
2000-08-23,-0.373,22135
2000-08-22,-0.145,22218
2000-08-21,-0.371,22250
2000-08-18,-0.349,22333
2000-08-17,0.516,22411
2000-08-16,-0.411,22296
2000-08-15,-0.916,22388
2000-08-14,0.204,22595
2000-08-11,0.513,22549
2000-08-10,0.103,22434
2000-08-09,-1.117,22411
2000-08-08,0.102,22665
2000-08-07,-0.566,22642
2000-08-04,-0.202,22770
2000-08-03,-0.040,22816
2000-08-02,-0.362,22826
2000-08-01,0.566,22908
2000-07-31,0.000,22780
2000-07-28,0.304,22780
2000-07-27,-0.604,22711
2000-07-26,0.915,22849
2000-07-25,-0.102,22642
2000-07-24,-1.263,22665
2000-07-21,0.565,22954
2000-07-20,-0.601,22826
2000-07-19,-0.499,22964
2000-07-18,0.200,23079
2000-07-17,0.907,23033
2000-07-14,0.101,22826
2000-07-13,0.000,22803
2000-07-12,-0.402,22803
2000-07-11,0.000,22895
2000-07-10,-0.201,22895
2000-07-07,0.302,22941
2000-07-06,-0.401,22872
2000-07-05,-0.100,22964
2000-07-03,-0.458,22987
2000-06-30,0.804,23092
2000-06-29,0.871,22908
2000-06-28,-0.404,22711
2000-06-27,0.304,22803
2000-06-26,-0.303,22734
2000-06-23,0.507,22803
2000-06-22,-1.793,22688
2000-06-21,0.601,23102
2000-06-20,-0.992,22964
2000-06-19,-0.198,23194
2000-06-16,-0.198,23240
2000-06-15,1.301,23286
2000-06-14,-1.828,22987
2000-06-13,1.557,23415
2000-06-12,-0.497,23056
2000-06-09,-0.396,23171
2000-06-08,0.198,23263
2000-06-07,0.799,23217
2000-06-06,-0.497,23033
2000-06-05,2.444,23148
2000-06-02,0.306,22595
2000-06-01,-0.102,22526
2000-05-31,-0.810,22549
2000-05-30,0.509,22734
2000-05-26,-1.067,22619
2000-05-25,-0.241,22862
2000-05-24,-0.300,22918
2000-05-23,0.342,22987
2000-05-22,-0.040,22908
2000-05-19,0.302,22918
2000-05-18,-1.488,22849
2000-05-17,0.699,23194
2000-05-16,0.502,23033
2000-05-15,0.201,22918
2000-05-12,-0.600,22872
2000-05-11,-0.498,23010
2000-05-10,0.701,23125
2000-05-09,0.100,22964
2000-05-08,-1.773,22941
2000-05-05,1.500,23355
2000-05-04,0.000,23010
2000-05-03,-0.100,23010
2000-05-02,1.357,23033
2000-05-01,0.000,22724
2000-04-28,-0.744,22724
2000-04-27,0.101,22895
2000-04-26,0.202,22872
2000-04-25,-2.650,22826
2000-04-24,0.000,23447
2000-04-20,-0.157,23447
2000-04-19,0.354,23484
2000-04-18,-0.974,23401
2000-04-17,0.097,23631
2000-04-14,0.588,23608
2000-04-13,0.098,23470
2000-04-12,-0.449,23447
2000-04-11,0.748,23553
2000-04-10,-0.098,23378
2000-04-07,-0.196,23401
2000-04-06,-0.294,23447
2000-04-05,2.405,23516
2000-04-04,-0.992,22964
2000-04-03,2.128,23194
2000-03-31,-0.101,22711
2000-03-30,-2.178,22734
2000-03-29,-0.296,23240
2000-03-28,-0.491,23309
2000-03-27,0.197,23424
2000-03-24,-0.490,23378
2000-03-23,-0.487,23493
2000-03-22,1.887,23608
2000-03-21,-0.592,23171
2000-03-20,0.099,23309
2000-03-17,-1.075,23286
2000-03-16,0.689,23539
2000-03-15,0.000,23378
2000-03-14,-0.255,23378
2000-03-13,-0.333,23438
2000-03-10,1.188,23516
2000-03-09,-0.296,23240
2000-03-08,0.297,23309
2000-03-07,-0.786,23240
2000-03-06,1.394,23424
2000-03-03,-0.298,23102
2000-03-02,-1.756,23171
2000-03-01,0.589,23585
2000-02-29,0.335,23447
2000-02-28,-1.398,23369
2000-02-25,-1.341,23700
2000-02-24,-0.666,24022
2000-02-23,0.286,24183
2000-02-22,0.191,24114
2000-02-18,-1.041,24068
2000-02-17,1.052,24321
2000-02-16,-0.191,24068
2000-02-15,0.096,24114
2000-02-14,-2.332,24091
2000-02-11,0.000,24666
2000-02-10,-0.056,24666
2000-02-09,1.765,24680
2000-02-08,-3.267,24252
2000-02-07,4.168,25071
2000-02-04,0.577,24068
2000-02-03,-0.154,23930
2000-02-02,-0.668,23967
2000-02-01,-0.323,24128
2000-01-31,-2.048,24206
2000-01-28,1.416,24712
2000-01-27,1.827,24367
2000-01-26,-1.291,23930
2000-01-25,1.113,24243
2000-01-24,0.579,23976
2000-01-21,0.975,23838
2000-01-20,0.529,23608
2000-01-19,-0.526,23484
2000-01-18,0.687,23608
2000-01-14,0.098,23447
2000-01-13,-1.069,23424
2000-01-12,-0.194,23677
2000-01-11,0.194,23723
2000-01-10,0.195,23677
2000-01-07,-0.097,23631
2000-01-06,-2.744,23654
2000-01-05,-0.339,24321
2000-01-04,-0.507,24404
2000-01-03,0.000,24528
1999-12-31,0.000,24528
1999-12-30,2.697,24528
1999-12-29,-0.154,23884
1999-12-28,0.000,23921
1999-12-27,0.000,23921
1999-12-23,0.639,23921
1999-12-22,-0.193,23769
1999-12-21,-0.481,23815
1999-12-20,0.000,23930
1999-12-17,0.775,23930
1999-12-16,-0.482,23746
1999-12-15,1.607,23861
1999-12-14,-0.235,23484
1999-12-13,0.137,23539
1999-12-10,0.354,23507
1999-12-09,-0.973,23424
1999-12-08,0.097,23654
1999-12-07,1.282,23631
1999-12-06,-0.295,23332
1999-12-03,-1.453,23401
1999-12-02,-0.578,23746
1999-12-01,0.193,23884
1999-11-30,-0.766,23838
1999-11-29,0.423,24022
1999-11-26,-0.990,23921
1999-11-24,1.488,24160
1999-11-23,0.740,23806
1999-11-22,0.097,23631
1999-11-19,0.588,23608
1999-11-18,-1.316,23470
1999-11-17,1.433,23783
1999-11-16,0.493,23447
1999-11-15,-0.099,23332
1999-11-12,-0.976,23355
1999-11-11,0.294,23585
1999-11-10,0.630,23516
1999-11-09,0.455,23369
1999-11-08,-2.975,23263
1999-11-05,-0.192,23976
1999-11-04,0.000,24022
1999-11-03,0.192,24022
1999-11-02,0.289,23976
1999-11-01,-1.796,23907
1999-10-29,1.536,24344
1999-10-28,0.482,23976
1999-10-27,-1.482,23861
1999-10-26,0.439,24220
1999-10-25,0.576,24114
1999-10-22,0.715,23976
1999-10-21,-1.279,23806
1999-10-20,0.191,24114
1999-10-19,-2.152,24068
1999-10-18,-0.651,24597
1999-10-15,-4.779,24758
1999-10-14,1.802,26001
1999-10-13,-0.270,25541
1999-10-12,0.815,25610
1999-10-11,-0.630,25403
1999-10-08,-0.412,25564
1999-10-07,1.919,25670
1999-10-06,-4.151,25186
1999-10-05,1.873,26277
1999-10-04,-1.199,25794
1999-10-01,1.758,26107
1999-09-30,-2.364,25656
1999-09-29,4.963,26277
1999-09-28,2.294,25035
1999-09-27,1.295,24473
1999-09-24,-0.190,24160
1999-09-23,0.095,24206
1999-09-22,2.237,24183
1999-09-21,0.489,23654
1999-09-20,0.333,23539
1999-09-17,-0.039,23461
1999-09-16,-0.585,23470
1999-09-15,-0.097,23608
1999-09-14,-1.060,23631
1999-09-13,-0.192,23884
1999-09-10,0.231,23930
1999-09-09,0.445,23875
1999-09-08,0.097,23769
1999-09-07,-0.578,23746
1999-09-03,0.914,23884
1999-09-02,-1.001,23668
1999-09-01,2.304,23907
1999-08-31,-0.820,23369
1999-08-30,0.000,23562
1999-08-27,0.887,23562
1999-08-26,-0.685,23355
1999-08-25,-0.390,23516
1999-08-24,-2.193,23608
1999-08-23,1.099,24137
1999-08-20,-0.327,23875
1999-08-19,-0.668,23953
1999-08-18,0.096,24114
1999-08-17,-0.437,24091
1999-08-16,-1.536,24197
1999-08-13,-1.019,24574
1999-08-12,1.030,24827
1999-08-11,1.136,24574
1999-08-10,-1.456,24298
1999-08-09,-0.501,24657
1999-08-06,-1.283,24781
1999-08-05,-1.178,25104
1999-08-04,2.033,25403
1999-08-03,0.933,24896
1999-08-02,-1.615,24666
1999-07-30,2.348,25071
1999-07-29,3.359,24496
1999-07-28,-0.194,23700
1999-07-27,0.880,23746
1999-07-26,-0.292,23539
1999-07-23,0.293,23608
1999-07-22,1.791,23539
1999-07-21,-0.495,23125
1999-07-20,0.000,23240
1999-07-19,-1.174,23240
1999-07-16,1.188,23516
1999-07-15,-1.367,23240
1999-07-14,0.609,23562
1999-07-13,-2.659,23419
1999-07-12,0.249,24059
1999-07-09,-0.191,23999
1999-07-08,0.966,24045
1999-07-07,-1.579,23815
1999-07-06,0.344,24197
1999-07-02,-1.318,24114
1999-07-01,1.763,24436
1999-06-30,1.320,24013
1999-06-29,1.518,23700
1999-06-28,-1.015,23346
1999-06-25,0.490,23585
1999-06-24,0.592,23470
1999-06-23,0.996,23332
1999-06-22,1.006,23102
1999-06-21,-1.876,22872
1999-06-18,0.337,23309
1999-06-17,0.758,23231
1999-06-16,-1.242,23056
1999-06-15,-0.821,23346
1999-06-14,0.491,23539
1999-06-11,1.394,23424
1999-06-10,1.867,23102
1999-06-09,-1.044,22678
1999-06-08,0.000,22918
1999-06-07,1.570,22918
1999-06-04,-1.149,22563
1999-06-03,-0.402,22826
1999-06-02,2.049,22918
1999-06-01,-1.114,22457
1999-05-28,-0.404,22711
1999-05-27,-1.881,22803
1999-05-26,-0.688,23240
1999-05-25,-1.166,23401
1999-05-24,-3.016,23677
1999-05-21,-0.188,24413
1999-05-20,0.568,24459
1999-05-19,-1.674,24321
1999-05-18,0.280,24735
1999-05-17,-2.011,24666
1999-05-14,1.957,25173
1999-05-13,-0.648,24689
1999-05-12,0.316,24850
1999-05-11,0.149,24772
1999-05-10,1.934,24735
1999-05-07,-2.891,24266
1999-05-06,2.550,24988
1999-05-05,-0.563,24367
1999-05-04,-2.114,24505
1999-05-03,0.000,25035
1999-04-30,3.128,25035
1999-04-29,1.345,24275
1999-04-28,2.099,23953
1999-04-27,-0.914,23461
1999-04-26,-0.733,23677
1999-04-23,0.582,23852
1999-04-22,0.743,23714
1999-04-21,-0.583,23539
1999-04-20,1.579,23677
1999-04-19,0.896,23309
1999-04-16,2.869,23102
1999-04-15,-1.215,22457
1999-04-14,1.022,22734
1999-04-13,-1.807,22503
1999-04-12,1.322,22918
1999-04-09,-1.266,22619
1999-04-08,0.403,22908
1999-04-07,0.263,22816
1999-04-06,-1.297,22757
1999-04-05,0.000,23056
1999-04-01,-0.299,23056
1999-03-31,-1.760,23125
1999-03-30,0.432,23539
1999-03-29,0.692,23438
1999-03-26,0.059,23277
1999-03-25,-0.785,23263
1999-03-24,-0.682,23447
1999-03-23,1.183,23608
1999-03-22,0.695,23332
1999-03-19,-0.099,23171
1999-03-18,-0.059,23194
1999-03-17,-0.237,23208
1999-03-16,-2.882,23263
1999-03-15,-1.940,23953
1999-03-12,0.435,24427
1999-03-11,0.859,24321
1999-03-10,-1.411,24114
1999-03-09,1.335,24459
1999-03-08,-0.944,24137
1999-03-05,1.379,24367
1999-03-04,-2.283,24036
1999-03-03,-2.552,24597
1999-03-02,-2.402,25242
1999-03-01,0.717,25863
1999-02-26,2.952,25679
1999-02-25,-1.455,24942
1999-02-24,-0.091,25311
1999-02-23,-1.256,25334
1999-02-22,-0.446,25656
1999-02-19,2.508,25771
1999-02-18,1.448,25140
1999-02-17,-4.943,24781
1999-02-16,0.443,26070
1999-02-12,2.639,25955
1999-02-11,-0.543,25288
1999-02-10,-0.090,25426
1999-02-09,-0.807,25449
1999-02-08,-2.021,25656
1999-02-05,1.246,26185
1999-02-04,1.444,25863
1999-02-03,4.924,25495
1999-02-02,0.095,24298
1999-02-01,0.706,24275
1999-01-29,2.948,24105
1999-01-28,0.157,23415
1999-01-27,-1.359,23378
1999-01-26,1.079,23700
1999-01-25,-0.779,23447
1999-01-22,-0.349,23631
1999-01-21,0.448,23714
1999-01-20,0.098,23608
1999-01-19,0.392,23585
1999-01-15,-0.681,23493
1999-01-14,-0.868,23654
1999-01-13,-3.175,23861
1999-01-12,1.903,24643
1999-01-11,0.864,24183
1999-01-08,-1.512,23976
1999-01-07,2.659,24344
1999-01-06,4.949,23714
1999-01-05,-1.702,22595
1999-01-04,-0.200,22987
1998-12-31,-0.497,23033
1998-12-30,2.340,23148
1998-12-29,0.204,22619
1998-12-28,0.000,22572
1998-12-24,0.307,22572
1998-12-23,0.000,22503
1998-12-22,-1.212,22503
1998-12-21,0.304,22780
1998-12-18,-1.654,22711
1998-12-17,1.517,23092
1998-12-16,1.499,22747
1998-12-15,1.776,22411
1998-12-14,-1.034,22020
1998-12-11,0.000,22250
1998-12-10,0.311,22250
1998-12-09,0.837,22181
1998-12-08,0.420,21997
1998-12-07,-0.481,21905
1998-12-04,1.983,22011
1998-12-03,-3.795,21583
1998-12-02,0.000,22434
1998-12-01,-1.015,22434
1998-11-30,-0.203,22665
1998-11-27,0.407,22711
1998-11-25,-0.061,22619
1998-11-24,0.061,22632
1998-11-23,-0.907,22619
1998-11-20,-0.998,22826
1998-11-19,1.110,23056
1998-11-18,0.101,22803
1998-11-17,-1.688,22780
1998-11-16,-1.814,23171
1998-11-13,2.869,23599
1998-11-12,-0.060,22941
1998-11-11,-0.240,22954
1998-11-10,0.100,23010
1998-11-09,-0.794,22987
1998-11-06,1.717,23171
1998-11-05,0.508,22780
1998-11-04,-0.706,22665
1998-11-03,-1.490,22826
1998-11-02,-0.396,23171
1998-10-30,0.198,23263
1998-10-29,-0.296,23217
1998-10-28,1.200,23286
1998-10-27,2.881,23010
1998-10-26,-0.103,22365
1998-10-23,-0.307,22388
1998-10-22,-0.204,22457
1998-10-21,0.721,22503
1998-10-20,-0.918,22342
1998-10-19,-1.210,22549
1998-10-16,2.905,22826
1998-10-15,0.354,22181
1998-10-14,-1.274,22103
1998-10-13,0.413,22388
1998-10-12,-3.351,22296
1998-10-09,-3.966,23069
1998-10-08,1.754,24022
1998-10-07,0.825,23608
1998-10-06,-1.300,23415
1998-10-05,-2.828,23723
1998-10-02,-1.026,24413
1998-10-01,-0.464,24666
1998-09-30,0.560,24781
1998-09-29,4.183,24643
1998-09-28,-0.868,23654
1998-09-25,2.470,23861
1998-09-24,3.689,23286
1998-09-23,-0.306,22457
1998-09-22,-2.198,22526
1998-09-21,0.200,23033
1998-09-18,1.052,22987
1998-09-17,-0.141,22747
1998-09-16,0.406,22780
1998-09-15,-0.605,22688
1998-09-14,-1.840,22826
1998-09-11,1.466,23254
1998-09-10,2.680,22918
1998-09-09,-3.194,22319
1998-09-08,0.602,23056
1998-09-04,3.534,22918
1998-09-03,-0.784,22135
1998-09-02,2.495,22310
1998-09-01,-1.149,21767
1998-08-31,0.000,22020
1998-08-28,-3.819,22020
1998-08-27,0.201,22895
1998-08-26,-2.129,22849
1998-08-25,-1.686,23346
1998-08-24,0.000,23746
1998-08-21,1.117,23746
1998-08-20,0.059,23484
1998-08-19,-0.391,23470
1998-08-18,-0.195,23562
1998-08-17,-0.195,23608
1998-08-14,0.686,23654
1998-08-13,-2.669,23493
1998-08-12,0.865,24137
1998-08-11,-1.608,23930
1998-08-10,-2.311,24321
1998-08-07,-0.185,24896
1998-08-06,-0.968,24942
1998-08-05,1.634,25186
1998-08-04,-0.425,24781
1998-08-03,-2.118,24887
1998-07-31,-0.271,25426
1998-07-30,-2.293,25495
1998-07-29,0.532,26093
1998-07-28,0.267,25955
1998-07-27,-3.566,25886
1998-07-24,2.820,26843
1998-07-23,0.407,26107
1998-07-22,4.186,26001
1998-07-21,0.612,24956
1998-07-20,1.987,24804
1998-07-17,-1.454,24321
1998-07-16,0.808,24680
1998-07-15,-0.188,24482
1998-07-14,1.177,24528
1998-07-13,-0.510,24243
1998-07-10,-0.750,24367
1998-07-09,0.094,24551
1998-07-08,-0.281,24528
1998-07-07,0.470,24597
1998-07-06,-2.296,24482
1998-07-02,-1.448,25058
1998-07-01,3.117,25426
1998-06-30,0.999,24657
1998-06-29,-1.577,24413
1998-06-26,1.833,24804
1998-06-25,-0.787,24358
1998-06-24,-0.466,24551
1998-06-23,0.942,24666
1998-06-22,0.283,24436
1998-06-19,-0.432,24367
1998-06-18,0.720,24473
1998-06-17,2.824,24298
1998-06-16,0.825,23631
1998-06-15,-1.394,23438
1998-06-12,-2.694,23769
1998-06-11,-0.878,24427
1998-06-10,-1.923,24643
1998-06-09,3.901,25127
1998-06-08,0.478,24183
1998-06-05,1.063,24068
1998-06-04,-0.289,23815
1998-06-03,1.407,23884
1998-06-02,-0.486,23553
1998-06-01,3.752,23668
1998-05-29,-4.213,22812
1998-05-28,1.770,23815
1998-05-27,-3.693,23401
1998-05-26,-0.565,24298
1998-05-22,-0.562,24436
1998-05-21,2.495,24574
1998-05-20,-0.819,23976
1998-05-19,-3.081,24174
1998-05-18,-4.291,24942
1998-05-15,1.853,26061
1998-05-14,1.832,25587
1998-05-13,-5.667,25127
1998-05-12,-0.035,26636
1998-05-11,-3.628,26645
1998-05-08,2.177,27648
1998-05-07,-3.258,27059
1998-05-06,-2.518,27971
1998-05-05,1.053,28693
1998-05-04,0.000,28394
1998-05-01,-0.724,28394
1998-04-30,1.802,28601
1998-04-29,-0.489,28095
1998-04-28,-1.287,28233
1998-04-27,-1.584,28601
1998-04-24,-0.079,29061
1998-04-23,0.158,29084
1998-04-22,1.284,29038
1998-04-21,-0.701,28670
1998-04-20,-0.016,28873
1998-04-17,3.377,28877
1998-04-16,-2.724,27934
1998-04-15,-2.652,28716
1998-04-14,0.000,29498
1998-04-13,0.000,29498
1998-04-09,-0.774,29498
1998-04-08,1.175,29728
1998-04-07,-3.768,29383
1998-04-06,-1.412,30534
1998-04-03,4.276,30971
1998-04-02,-0.170,29701
1998-04-01,1.891,29751
1998-03-31,-0.079,29199
1998-03-30,-0.392,29222
1998-03-27,0.236,29337
1998-03-26,0.347,29268
1998-03-25,-1.889,29167
1998-03-24,2.167,29728
1998-03-23,6.573,29098
1998-03-20,1.506,27303
1998-03-19,0.776,26898
1998-03-18,-4.495,26691
1998-03-17,-0.736,27948
1998-03-16,-1.877,28155
1998-03-13,0.972,28693
1998-03-12,-2.186,28417
1998-03-11,3.187,29052
1998-03-10,0.891,28155
1998-03-09,-3.899,27906
1998-03-06,-0.158,29038
1998-03-05,-1.095,29084
1998-03-04,-1.662,29406
1998-03-03,-1.620,29903
1998-03-02,3.689,30396
1998-02-27,5.324,29314
1998-02-26,-4.606,27832
1998-02-25,-0.782,29176
1998-02-24,-1.313,29406
1998-02-23,-4.287,29798
1998-02-20,1.121,31132
1998-02-19,-0.372,30787
1998-02-18,-6.930,30902
1998-02-17,1.907,33203
1998-02-13,1.143,32582
1998-02-12,-1.269,32214
1998-02-11,-0.631,32628
1998-02-10,-0.765,32835
1998-02-09,-7.939,33088
1998-02-06,3.499,35941
1998-02-05,7.035,34726
1998-02-04,10.415,32444
1998-02-03,2.160,29383
1998-02-02,3.340,28762
1998-01-30,-1.786,27832
1998-01-29,2.326,28339
1998-01-28,-0.496,27694
1998-01-27,1.852,27832
1998-01-26,1.940,27326
1998-01-23,-0.935,26806
1998-01-22,1.467,27059
1998-01-21,-0.086,26668
1998-01-20,-1.578,26691
1998-01-16,1.691,27119
1998-01-15,1.667,26668
1998-01-14,1.968,26231
1998-01-13,1.030,25725
1998-01-12,-3.606,25462
1998-01-09,-5.343,26415
1998-01-08,-0.509,27906
1998-01-07,1.246,28049
1998-01-06,2.381,27704
1998-01-05,-1.010,27059
1998-01-02,-0.917,27335
1997-12-31,-3.353,27589
1997-12-30,-0.593,28546
1997-12-29,-0.447,28716
1997-12-26,0.000,28845
1997-12-24,3.947,28845
1997-12-23,-0.413,27750
1997-12-22,-0.493,27865
1997-12-19,1.248,28003
1997-12-18,-0.661,27658
1997-12-17,3.631,27842
1997-12-16,-2.047,26866
1997-12-15,3.025,27428
1997-12-12,-4.380,26622
1997-12-11,3.685,27842
1997-12-10,8.397,26852
1997-12-09,-0.866,24772
1997-12-08,2.260,24988
1997-12-05,0.283,24436
1997-12-04,-0.376,24367
1997-12-03,0.000,24459
1997-12-02,1.528,24459
1997-12-01,-1.189,24091
1997-11-28,1.203,24381
1997-11-26,-1.801,24091
1997-11-25,-2.630,24533
1997-11-24,4.286,25196
1997-11-21,0.382,24160
1997-11-20,2.089,24068
1997-11-19,0.294,23576
1997-11-18,-0.526,23507
1997-11-17,1.522,23631
1997-11-14,0.697,23277
1997-11-13,1.577,23116
1997-11-12,0.142,22757
1997-11-11,1.396,22724
1997-11-10,-1.616,22411
1997-11-07,2.062,22780
1997-11-06,0.000,22319
1997-11-05,0.145,22319
1997-11-04,1.254,22287
1997-11-03,-0.665,22011
1997-10-31,0.187,22158
1997-10-30,0.250,22117
1997-10-29,-0.642,22062
1997-10-28,-0.062,22204
1997-10-27,-1.530,22218
1997-10-24,-3.389,22563
1997-10-23,2.113,23355
1997-10-22,0.303,22872
1997-10-21,0.324,22803
1997-10-20,0.488,22729
1997-10-17,-3.684,22619
1997-10-16,2.265,23484
1997-10-15,-2.634,22964
1997-10-14,-1.157,23585
1997-10-13,0.817,23861
1997-10-10,-1.814,23668
1997-10-09,-0.248,24105
1997-10-08,1.351,24165
1997-10-07,-1.875,23843
1997-10-06,2.465,24298
1997-10-03,0.155,23714
1997-10-02,-0.771,23677
1997-10-01,0.329,23861
1997-09-30,6.119,23783
1997-09-29,2.204,22411
1997-09-26,0.295,21928
1997-09-25,0.593,21864
1997-09-24,0.811,21735
1997-09-23,-0.594,21560
1997-09-22,-0.169,21689
1997-09-19,1.921,21726
1997-09-18,0.981,21316
1997-09-17,-2.673,21109
1997-09-16,-0.946,21689
1997-09-15,-0.523,21896
1997-09-12,0.950,22011
1997-09-11,0.063,21804
1997-09-10,1.283,21790
1997-09-09,-0.848,21514
1997-09-08,0.213,21698
1997-09-05,0.685,21652
1997-09-04,0.863,21505
1997-09-03,-1.488,21321
1997-09-02,-0.466,21643
1997-08-29,1.417,21744
1997-08-28,0.086,21440
1997-08-27,-0.086,21422
1997-08-26,3.579,21440
1997-08-25,0.000,20699
1997-08-22,-0.443,20699
1997-08-21,0.177,20792
1997-08-20,-0.089,20755
1997-08-19,-0.243,20773
1997-08-18,2.608,20824
1997-08-15,-1.541,20295
1997-08-14,0.426,20612
1997-08-13,0.632,20525
1997-08-12,0.888,20396
1997-08-11,0.228,20216
1997-08-08,1.341,20170
1997-08-07,-0.346,19903
1997-08-06,-3.727,19972
1997-08-05,1.076,20746
1997-08-04,-0.313,20525
1997-08-01,2.076,20589
1997-07-31,0.435,20170
1997-07-30,0.023,20083
1997-07-29,0.414,20078
1997-07-28,0.742,19995
1997-07-25,0.700,19848
1997-07-24,-0.279,19710
1997-07-23,0.350,19765
1997-07-22,-0.926,19696
1997-07-21,1.290,19880
1997-07-18,0.971,19627
1997-07-17,-2.177,19439
1997-07-16,0.935,19871
1997-07-15,-1.497,19687
1997-07-14,-0.367,19986
1997-07-11,0.322,20060
1997-07-10,1.566,19995
1997-07-09,0.659,19687
1997-07-08,-5.007,19558
1997-07-07,-3.868,20589
1997-07-03,0.194,21417
1997-07-02,0.000,21376
1997-07-01,-1.485,21376
1997-06-30,-0.737,21698
1997-06-27,-0.419,21859
1997-06-26,-0.063,21951
1997-06-25,-0.562,21965
1997-06-24,1.630,22089
1997-06-23,-0.568,21735
1997-06-20,0.529,21859
1997-06-19,-1.521,21744
1997-06-18,1.653,22080
1997-06-17,0.319,21721
1997-06-16,-0.106,21652
1997-06-13,-0.738,21675
1997-06-12,-0.524,21836
1997-06-11,0.231,21951
1997-06-10,-1.143,21901
1997-06-09,-1.755,22154
1997-06-06,3.528,22549
1997-06-05,0.169,21781
1997-06-04,-0.421,21744
1997-06-03,0.254,21836
1997-06-02,-2.553,21781
1997-05-30,2.837,22352
1997-05-29,-0.777,21735
1997-05-28,0.253,21905
1997-05-27,1.932,21850
1997-05-23,-0.364,21436
1997-05-22,0.064,21514
1997-05-21,-0.975,21500
1997-05-20,0.812,21712
1997-05-19,-3.266,21537
1997-05-16,0.062,22264
1997-05-15,-0.800,22250
1997-05-14,1.016,22430
1997-05-13,-0.720,22204
1997-05-12,0.559,22365
1997-05-09,1.683,22241
1997-05-08,0.678,21873
1997-05-07,-0.652,21726
1997-05-06,0.359,21868
1997-05-05,0.000,21790
1997-05-02,1.283,21790
1997-05-01,0.257,21514
1997-04-30,0.431,21459
1997-04-29,-1.715,21367
1997-04-28,-0.401,21740
1997-04-25,0.637,21827
1997-04-24,-0.212,21689
1997-04-23,-0.840,21735
1997-04-22,0.274,21919
1997-04-21,0.529,21859
1997-04-18,-2.275,21744
1997-04-17,2.263,22250
1997-04-16,0.169,21758
1997-04-15,-0.106,21721
1997-04-14,-1.419,21744
1997-04-11,0.419,22057
1997-04-10,0.063,21965
1997-04-09,-1.304,21951
1997-04-08,1.470,22241
1997-04-07,0.422,21919
1997-04-04,-2.448,21827
1997-04-03,-2.291,22375
1997-04-02,-1.172,22899
1997-04-01,-1.852,23171
1997-03-31,0.000,23608
1997-03-27,0.726,23608
1997-03-26,-1.451,23438
1997-03-25,0.760,23783
1997-03-24,-1.099,23603
1997-03-21,-1.031,23866
1997-03-20,1.374,24114
1997-03-19,-0.787,23787
1997-03-18,-0.856,23976
1997-03-17,-0.341,24183
1997-03-14,0.822,24266
1997-03-13,0.038,24068
1997-03-12,-0.419,24059
1997-03-11,2.180,24160
1997-03-10,-0.715,23645
1997-03-07,-0.193,23815
1997-03-06,-0.556,23861
1997-03-05,-1.306,23994
1997-03-04,-0.471,24312
1997-03-03,1.047,24427
1997-02-28,0.000,24174
1997-02-27,0.459,24174
1997-02-26,0.810,24064
1997-02-25,-0.537,23870
1997-02-24,-0.477,23999
1997-02-21,1.452,24114
1997-02-20,-0.730,23769
1997-02-19,-0.554,23944
1997-02-18,1.731,24077
1997-02-14,0.390,23668
1997-02-13,6.286,23576
1997-02-12,-2.330,22181
1997-02-11,0.346,22711
1997-02-10,2.458,22632
1997-02-07,-1.538,22089
1997-02-06,0.412,22434
1997-02-05,-1.019,22342
1997-02-04,0.533,22572
1997-02-03,-1.593,22453
1997-01-31,1.640,22816
1997-01-30,-0.813,22448
1997-01-29,-2.227,22632
1997-01-28,1.801,23148
1997-01-27,-0.643,22738
1997-01-24,5.137,22885
1997-01-23,0.681,21767
1997-01-22,-0.677,21620
1997-01-21,-0.316,21767
1997-01-20,-0.084,21836
1997-01-17,1.518,21855
1997-01-16,0.516,21528
1997-01-15,-0.831,21417
1997-01-14,-1.408,21597
1997-01-13,0.211,21905
1997-01-10,1.866,21859
1997-01-09,0.172,21459
1997-01-08,-0.598,21422
1997-01-07,0.386,21551
1997-01-06,-0.808,21468
1997-01-03,-1.405,21643
1997-01-02,-0.584,21951
1996-12-31,-1.680,22080
1996-12-30,-0.082,22457
1996-12-27,0.805,22476
1996-12-26,0.000,22296
1996-12-24,0.415,22296
1996-12-23,-1.026,22204
1996-12-20,0.226,22434
1996-12-19,0.289,22384
1996-12-18,0.937,22319
1996-12-17,-0.104,22112
1996-12-16,-0.476,22135
1996-12-13,0.062,22241
1996-12-12,-0.719,22227
1996-12-11,1.059,22388
1996-12-10,1.028,22154
1996-12-09,-2.516,21928
1996-12-06,2.819,22494
1996-12-05,-1.472,21878
1996-12-04,2.442,22204
1996-12-03,-0.486,21675
1996-12-02,-0.211,21781
1996-11-29,0.063,21827
1996-11-27,-0.441,21813
1996-11-26,-1.531,21910
1996-11-25,-0.514,22250
1996-11-22,-1.420,22365
1996-11-21,0.633,22688
1996-11-20,0.513,22545
1996-11-19,-0.693,22430
1996-11-18,1.300,22586
1996-11-15,-0.981,22296
1996-11-14,-0.143,22517
1996-11-13,-0.102,22549
1996-11-12,1.448,22572
1996-11-11,0.145,22250
1996-11-08,1.792,22218
1996-11-07,-0.981,21827
1996-11-06,-0.869,22043
1996-11-05,0.374,22237
1996-11-04,0.271,22154
1996-11-01,-0.497,22094
1996-10-31,-0.021,22204
1996-10-30,-1.410,22209
1996-10-29,-0.488,22526
1996-10-28,0.326,22637
1996-10-25,-1.625,22563
1996-10-24,0.020,22936
1996-10-23,0.606,22931
1996-10-22,1.123,22793
1996-10-21,0.205,22540
1996-10-18,-1.749,22494
1996-10-17,-0.857,22895
1996-10-16,-0.040,23092
1996-10-15,-0.397,23102
1996-10-14,0.139,23194
1996-10-11,1.166,23162
1996-10-10,1.947,22895
1996-10-09,-0.266,22457
1996-10-08,0.679,22517
1996-10-07,-0.796,22365
1996-10-04,-0.285,22545
1996-10-03,0.000,22609
1996-10-02,1.341,22609
1996-10-01,-0.676,22310
1996-09-30,0.681,22462
1996-09-27,-0.513,22310
1996-09-26,-1.256,22425
1996-09-25,0.509,22711
1996-09-24,0.718,22595
1996-09-23,-1.416,22434
1996-09-20,-2.234,22757
1996-09-19,0.238,23277
1996-09-18,-0.316,23221
1996-09-17,0.337,23295
1996-09-16,-0.020,23217
1996-09-13,-0.728,23221
1996-09-12,-0.138,23392
1996-09-11,0.098,23424
1996-09-10,-0.645,23401
1996-09-09,-0.428,23553
1996-09-06,-1.116,23654
1996-09-05,0.873,23921
1996-09-04,-0.866,23714
1996-09-03,0.058,23921
1996-08-30,0.290,23907
1996-08-29,-0.614,23838
1996-08-28,-0.818,23985
1996-08-27,0.806,24183
1996-08-26,0.000,23990
1996-08-23,0.482,23990
1996-08-22,-0.384,23875
1996-08-21,0.096,23967
1996-08-20,2.361,23944
1996-08-19,0.000,23392
1996-08-16,0.833,23392
1996-08-15,-0.924,23198
1996-08-14,0.236,23415
1996-08-13,0.614,23359
1996-08-12,-1.465,23217
1996-08-09,1.587,23562
1996-08-08,-0.198,23194
1996-08-07,-0.394,23240
1996-08-06,-0.647,23332
1996-08-05,-0.429,23484
1996-08-02,-0.485,23585
1996-08-01,0.724,23700
1996-07-31,0.868,23530
1996-07-30,-0.373,23327
1996-07-29,2.005,23415
1996-07-26,0.020,22954
1996-07-25,0.080,22950
1996-07-24,-0.934,22931
1996-07-23,1.146,23148
1996-07-22,-0.837,22885
1996-07-19,0.300,23079
1996-07-18,0.100,23010
1996-07-17,-3.047,22987
1996-07-16,0.331,23709
1996-07-15,0.019,23631
1996-07-12,0.706,23626
1996-07-11,-0.430,23461
1996-07-10,0.887,23562
1996-07-09,-0.879,23355
1996-07-08,0.907,23562
1996-07-05,-1.246,23350
1996-07-03,1.381,23645
1996-07-02,0.396,23323
1996-07-01,0.438,23231
1996-06-28,-1.548,23129
1996-06-27,-0.835,23493
1996-06-26,-0.579,23691
1996-06-25,1.410,23829
1996-06-24,-0.059,23497
1996-06-21,-0.059,23511
1996-06-20,-1.900,23525
1996-06-19,0.598,23981
1996-06-18,0.271,23838
1996-06-17,3.777,23774
1996-06-14,-2.640,22908
1996-06-13,-0.195,23530
1996-06-12,-0.909,23576
1996-06-11,-0.577,23792
1996-06-10,0.000,23930
1996-06-07,0.873,23930
1996-06-06,-0.961,23723
1996-06-05,-2.928,23953
1996-06-04,-0.409,24676
1996-06-03,0.918,24777
1996-05-31,-0.056,24551
1996-05-30,-0.559,24565
1996-05-29,0.524,24703
1996-05-28,0.546,24574
1996-05-24,-0.469,24441
1996-05-23,0.812,24556
1996-05-22,0.151,24358
1996-05-21,-0.095,24321
1996-05-20,-1.380,24344
1996-05-17,-0.205,24685
1996-05-16,-0.463,24735
1996-05-15,0.690,24850
1996-05-14,-0.223,24680
1996-05-13,-0.830,24735
1996-05-10,-0.239,24942
1996-05-09,-0.912,25002
1996-05-08,0.458,25232
1996-05-07,0.887,25117
1996-05-06,0.000,24896
1996-05-03,0.464,24896
1996-05-02,1.127,24781
1996-05-01,0.890,24505
1996-04-30,-0.227,24289
1996-04-29,-1.490,24344
1996-04-26,0.940,24712
1996-04-25,0.038,24482
1996-04-24,-0.188,24473
1996-04-23,0.814,24519
1996-04-22,0.590,24321
1996-04-19,-1.500,24179
1996-04-18,0.414,24547
1996-04-17,-2.888,24445
1996-04-16,-0.509,25173
1996-04-15,-0.704,25301
1996-04-12,0.090,25481
1996-04-11,1.263,25458
1996-04-10,-1.479,25140
1996-04-09,0.362,25518
1996-04-08,0.000,25426
1996-04-04,0.272,25426
1996-04-03,-0.326,25357
1996-04-02,0.181,25439
1996-04-01,0.000,25393
1996-03-29,-2.146,25393
1996-03-28,-0.861,25950
1996-03-27,0.851,26176
1996-03-26,0.178,25955
1996-03-25,0.482,25909
1996-03-22,0.683,25785
1996-03-21,1.127,25610
1996-03-20,-0.811,25324
1996-03-19,-0.036,25532
1996-03-18,-0.359,25541
1996-03-15,-0.286,25633
1996-03-14,0.197,25706
1996-03-13,1.401,25656
1996-03-12,0.182,25301
1996-03-11,1.068,25255
1996-03-08,1.061,24988
1996-03-07,0.243,24726
1996-03-06,0.187,24666
1996-03-05,-2.603,24620
1996-03-04,-0.579,25278
1996-03-01,0.036,25426
1996-02-29,1.098,25416
1996-02-28,-0.401,25140
1996-02-27,-0.146,25242
1996-02-26,-0.381,25278
1996-02-23,-1.412,25375
1996-02-22,0.775,25739
1996-02-21,-2.460,25541
1996-02-20,0.194,26185
1996-02-16,-1.200,26134
1996-02-15,1.019,26452
1996-02-14,-0.315,26185
1996-02-13,1.242,26268
1996-02-12,-1.520,25946
1996-02-09,1.238,26346
1996-02-08,-2.885,26024
1996-02-07,1.217,26797
1996-02-06,-0.776,26475
1996-02-05,-0.515,26682
1996-02-02,4.164,26820
1996-02-01,1.359,25748
1996-01-31,-0.987,25403
1996-01-30,1.216,25656
1996-01-29,-1.923,25347
1996-01-26,1.776,25844
1996-01-25,-0.397,25393
1996-01-24,-0.894,25495
1996-01-23,1.562,25725
1996-01-22,1.681,25329
1996-01-19,-0.952,24910
1996-01-18,-0.510,25150
1996-01-17,0.641,25278
1996-01-16,1.074,25117
1996-01-15,-1.153,24850
1996-01-12,-1.692,25140
1996-01-11,0.343,25573
1996-01-10,0.526,25486
1996-01-09,-0.380,25352
1996-01-08,0.545,25449
1996-01-05,2.842,25311
1996-01-04,-0.037,24611
1996-01-03,3.582,24620
1996-01-02,0.447,23769
1995-12-29,0.175,23663
1995-12-28,-0.485,23622
1995-12-27,0.703,23737
1995-12-26,0.000,23571
1995-12-22,-0.698,23571
1995-12-21,0.683,23737
1995-12-20,-1.005,23576
1995-12-19,0.485,23815
1995-12-18,0.136,23700
1995-12-15,0.744,23668
1995-12-14,-1.028,23493
1995-12-13,-1.339,23737
1995-12-12,-0.476,24059
1995-12-11,0.095,24174
1995-12-08,0.057,24151
1995-12-07,-0.209,24137
1995-12-06,0.690,24188
1995-12-05,0.675,24022
1995-12-04,-0.632,23861
1995-12-01,0.734,24013
1995-11-30,-0.785,23838
1995-11-29,-1.024,24027
1995-11-28,0.000,24275
1995-11-27,0.745,24275
1995-11-24,-1.263,24096
1995-11-22,-1.340,24404
1995-11-21,0.411,24735
1995-11-20,-0.131,24634
1995-11-17,0.601,24666
1995-11-16,-0.187,24519
1995-11-15,0.282,24565
1995-11-14,-1.844,24496
1995-11-13,-0.111,24956
1995-11-10,1.325,24984
1995-11-09,-0.409,24657
1995-11-08,1.836,24758
1995-11-07,-0.095,24312
1995-11-06,-1.306,24335
1995-11-03,0.904,24657
1995-11-02,-0.431,24436
1995-11-01,-0.504,24542
1995-10-31,0.563,24666
1995-10-30,-1.296,24528
1995-10-27,-0.717,24850
1995-10-26,1.759,25030
1995-10-25,-0.149,24597
1995-10-24,-0.317,24634
1995-10-23,0.788,24712
1995-10-20,-0.393,24519
1995-10-19,-0.075,24616
1995-10-18,0.056,24634
1995-10-17,-0.632,24620
1995-10-16,0.019,24777
1995-10-13,-0.738,24772
1995-10-12,0.092,24956
1995-10-11,-0.313,24933
1995-10-10,-0.147,25012
1995-10-09,2.254,25048
1995-10-06,-0.505,24496
1995-10-05,0.281,24620
1995-10-04,-0.094,24551
1995-10-03,-1.567,24574
1995-10-02,-1.863,24965
1995-09-29,0.858,25439
1995-09-28,0.477,25223
1995-09-27,-0.601,25104
1995-09-26,1.536,25255
1995-09-25,-1.044,24873
1995-09-22,1.846,25136
1995-09-21,-2.117,24680
1995-09-20,-1.492,25214
1995-09-19,1.404,25596
1995-09-18,-0.091,25242
1995-09-15,0.771,25265
1995-09-14,-1.714,25071
1995-09-13,0.362,25509
1995-09-12,2.316,25416
1995-09-11,-1.801,24841
1995-09-08,2.118,25297
1995-09-07,3.261,24772
1995-09-06,-1.362,23990
1995-09-05,-1.123,24321
1995-09-01,0.413,24597
1995-08-31,-2.420,24496
1995-08-30,-2.328,25104
1995-08-29,0.090,25702
1995-08-28,0.000,25679
1995-08-25,-1.674,25679
1995-08-24,2.068,26116
1995-08-23,-2.542,25587
1995-08-22,-1.621,26254
1995-08-21,2.456,26687
1995-08-18,2.984,26047
1995-08-17,2.537,25292
1995-08-16,-0.427,24666
1995-08-15,2.965,24772
1995-08-14,-1.600,24059
1995-08-11,1.104,24450
1995-08-10,-0.680,24183
1995-08-09,1.263,24349
1995-08-08,1.162,24045
1995-08-07,-0.730,23769
1995-08-04,1.226,23944
1995-08-03,-0.194,23654
1995-08-02,2.386,23700
1995-08-01,-1.334,23148
1995-07-31,0.354,23461
1995-07-28,-1.987,23378
1995-07-27,0.602,23852
1995-07-26,-0.425,23709
1995-07-25,-0.938,23810
1995-07-24,1.162,24036
1995-07-21,0.136,23760
1995-07-20,-3.410,23728
1995-07-19,-0.317,24565
1995-07-18,2.468,24643
1995-07-17,0.732,24050
1995-07-14,-1.462,23875
1995-07-13,2.074,24229
1995-07-12,0.683,23737
1995-07-11,-0.871,23576
1995-07-10,0.977,23783
1995-07-07,0.887,23553
1995-07-06,0.039,23346
1995-07-05,-0.256,23336
1995-07-03,-4.580,23396
1995-06-30,1.254,24519
1995-06-29,-1.239,24215
1995-06-28,-0.131,24519
1995-06-27,0.094,24551
1995-06-26,-0.430,24528
1995-06-23,-1.382,24634
1995-06-22,-1.129,24979
1995-06-21,-0.327,25265
1995-06-20,1.380,25347
1995-06-19,-0.403,25002
1995-06-16,2.345,25104
1995-06-15,-0.652,24528
1995-06-14,-0.427,24689
1995-06-13,-0.810,24795
1995-06-12,1.628,24998
1995-06-09,-0.521,24597
1995-06-08,0.712,24726
1995-06-07,-0.150,24551
1995-06-06,2.161,24588
1995-06-05,-2.298,24068
1995-06-02,1.710,24634
1995-06-01,-0.604,24220
1995-05-31,-3.022,24367
1995-05-30,-0.510,25127
1995-05-26,0.036,25255
1995-05-25,1.630,25246
1995-05-24,2.332,24841
1995-05-23,-1.732,24275
1995-05-22,-1.414,24703
1995-05-19,1.567,25058
1995-05-18,-0.409,24671
1995-05-17,-0.259,24772
1995-05-16,1.295,24837
1995-05-15,-1.150,24519
1995-05-12,-0.645,24804
1995-05-11,-0.913,24965
1995-05-10,-7.517,25196
1995-05-09,-1.954,27243
1995-05-08,0.000,27786
1995-05-05,1.054,27786
1995-05-04,1.564,27497
1995-05-03,0.256,27073
1995-05-02,2.984,27004
1995-05-01,-2.247,26222
1995-04-28,4.556,26825
1995-04-27,-1.935,25656
1995-04-26,1.013,26162
1995-04-25,-1.315,25900
1995-04-24,1.063,26245
1995-04-21,-0.124,25969
1995-04-20,-4.480,26001
1995-04-19,4.598,27220
1995-04-18,7.714,26024
1995-04-17,0.000,24160
1995-04-13,-1.630,24160
1995-04-12,2.438,24561
1995-04-11,-2.251,23976
1995-04-10,-1.424,24528
1995-04-07,0.783,24883
1995-04-06,0.037,24689
1995-04-05,2.937,24680
1995-04-04,-1.735,23976
1995-04-03,2.752,24399
1995-03-31,8.335,23746
1995-03-30,0.676,21919
1995-03-29,1.611,21772
1995-03-28,0.562,21427
1995-03-27,-1.405,21307
1995-03-24,0.064,21611
1995-03-23,2.400,21597
1995-03-22,-2.240,21091
1995-03-21,0.171,21574
1995-03-20,0.150,21537
1995-03-17,-0.574,21505
1995-03-16,-0.634,21629
1995-03-15,0.254,21767
1995-03-14,2.055,21712
1995-03-13,0.326,21275
1995-03-10,-0.497,21206
1995-03-09,-0.962,21312
1995-03-08,3.132,21519
1995-03-07,2.602,20865
1995-03-06,-0.338,20336
1995-03-03,0.408,20405
1995-03-02,-1.274,20322
1995-03-01,-0.379,20584
1995-02-28,-3.441,20663
1995-02-27,-3.326,21399
1995-02-24,-0.290,22135
1995-02-23,1.451,22200
1995-02-22,-0.481,21882
1995-02-21,1.058,21988
1995-02-17,-0.148,21758
1995-02-16,-0.588,21790
1995-02-15,0.379,21919
1995-02-14,0.169,21836
1995-02-13,-0.504,21799
1995-02-10,0.655,21910
1995-02-09,1.350,21767
1995-02-08,-0.702,21477
1995-02-07,0.106,21629
1995-02-06,-0.845,21606
1995-02-03,1.283,21790
1995-02-02,-0.064,21514
1995-02-01,-0.426,21528
1995-01-31,0.492,21620
1995-01-30,-1.868,21514
1995-01-27,-0.335,21924
1995-01-26,-0.686,21997
1995-01-25,-0.042,22149
1995-01-24,-2.035,22158
1995-01-23,1.445,22619
1995-01-20,-1.584,22296
1995-01-19,0.469,22655
1995-01-18,2.083,22549
1995-01-17,0.650,22089
1995-01-16,-1.467,21947
1995-01-13,2.153,22273
1995-01-12,1.283,21804
1995-01-11,-0.107,21528
1995-01-10,0.818,21551
1995-01-09,-1.233,21376
1995-01-06,1.730,21643
1995-01-05,-1.951,21275
1995-01-04,-2.623,21698
1995-01-03,-0.165,22283
1994-12-30,-1.081,22319
1994-12-29,1.933,22563
1994-12-28,1.199,22135
1994-12-27,0.000,21873
1994-12-23,-0.731,21873
1994-12-22,-0.870,22034
1994-12-21,0.332,22227
1994-12-20,0.922,22154
1994-12-19,-1.099,21951
1994-12-16,1.217,22195
1994-12-15,0.000,21928
1994-12-14,-0.997,21928
1994-12-13,1.798,22149
1994-12-12,1.242,21758
1994-12-09,0.647,21491
1994-12-08,-1.024,21353
1994-12-07,0.861,21574
1994-12-06,-1.941,21390
1994-12-05,-3.893,21813
1994-12-02,0.285,22697
1994-12-01,-3.094,22632
1994-11-30,-1.265,23355
1994-11-29,-0.619,23654
1994-11-28,-0.019,23801
1994-11-25,0.058,23806
1994-11-23,0.388,23792
1994-11-22,0.019,23700
1994-11-21,-1.511,23695
1994-11-18,-0.134,24059
1994-11-17,0.867,24091
1994-11-16,-0.460,23884
1994-11-15,1.086,23994
1994-11-14,-0.386,23737
1994-11-11,0.837,23829
1994-11-10,-1.250,23631
1994-11-09,-0.134,23930
1994-11-08,-0.402,23962
1994-11-07,-0.703,24059
1994-11-04,-1.034,24229
1994-11-03,0.796,24482
1994-11-02,1.053,24289
1994-11-01,-2.283,24036
1994-10-31,-0.428,24597
1994-10-28,-0.371,24703
1994-10-27,1.507,24795
1994-10-26,-0.413,24427
1994-10-25,0.282,24528
1994-10-24,-1.574,24459
1994-10-21,-0.185,24850
1994-10-20,1.027,24896
1994-10-19,-1.090,24643
1994-10-18,0.389,24915
1994-10-17,0.428,24818
1994-10-14,-2.505,24712
1994-10-13,0.000,25347
1994-10-12,-0.900,25347
1994-10-11,-0.998,25578
1994-10-10,-0.725,25835
1994-10-07,1.054,26024
1994-10-06,-0.018,25752
1994-10-05,-0.143,25757
1994-10-04,1.448,25794
1994-10-03,-1.690,25426
1994-09-30,-0.053,25863
1994-09-29,-1.351,25877
1994-09-28,0.618,26231
1994-09-27,0.141,26070
1994-09-26,-0.928,26033
1994-09-23,1.910,26277
1994-09-22,-1.217,25785
1994-09-21,3.504,26102
1994-09-20,0.921,25219
1994-09-19,0.836,24988
1994-09-16,-0.185,24781
1994-09-15,-1.245,24827
1994-09-14,0.128,25140
1994-09-13,-0.980,25108
1994-09-12,1.101,25357
1994-09-09,-1.089,25081
1994-09-08,0.000,25357
1994-09-07,1.324,25357
1994-09-06,0.000,25025
1994-09-02,0.666,25025
1994-09-01,0.821,24860
1994-08-31,-0.446,24657
1994-08-30,2.417,24768
1994-08-29,0.000,24183
1994-08-26,0.038,24183
1994-08-25,0.748,24174
1994-08-24,0.019,23994
1994-08-23,-0.268,23990
1994-08-22,1.044,24054
1994-08-19,1.273,23806
1994-08-18,-0.390,23507
1994-08-17,1.084,23599
1994-08-16,0.455,23346
1994-08-15,-2.754,23240
1994-08-12,1.525,23898
1994-08-11,-0.853,23539
1994-08-10,0.900,23741
1994-08-09,0.000,23530
1994-08-08,-1.198,23530
1994-08-05,0.388,23815
1994-08-04,-1.113,23723
1994-08-03,-1.362,23990
1994-08-02,-0.844,24321
1994-08-01,0.699,24528
1994-07-29,-0.750,24358
1994-07-28,0.188,24542
1994-07-27,0.056,24496
1994-07-26,1.141,24482
1994-07-25,0.133,24206
1994-07-22,-0.133,24174
1994-07-21,-1.165,24206
1994-07-20,2.111,24491
1994-07-19,-0.818,23985
1994-07-18,0.613,24183
1994-07-15,1.162,24036
1994-07-14,-0.997,23760
1994-07-13,-1.881,23999
1994-07-12,1.277,24459
1994-07-11,0.191,24151
1994-07-08,-0.038,24105
1994-07-07,-1.467,24114
1994-07-06,-1.664,24473
1994-07-05,0.990,24887
1994-07-01,1.981,24643
1994-06-30,-0.361,24165
1994-06-29,0.095,24252
1994-06-28,-2.319,24229
1994-06-27,-0.314,24804
1994-06-24,0.783,24883
1994-06-23,-3.229,24689
1994-06-22,1.113,25513
1994-06-21,-2.177,25232
1994-06-20,2.468,25794
1994-06-17,-1.085,25173
1994-06-16,3.268,25449
1994-06-15,-1.163,24643
1994-06-14,1.746,24933
1994-06-13,-1.151,24505
1994-06-10,0.598,24791
1994-06-09,0.488,24643
1994-06-08,0.928,24524
1994-06-07,0.133,24298
1994-06-06,-1.218,24266
1994-06-03,-0.187,24565
1994-06-02,-3.518,24611
1994-06-01,0.874,25509
1994-05-31,0.826,25288
1994-05-27,-1.125,25081
1994-05-26,-1.006,25366
1994-05-25,-2.827,25624
1994-05-24,0.262,26369
1994-05-23,3.289,26300
1994-05-20,-0.664,25462
1994-05-19,2.314,25633
1994-05-18,-1.555,25053
1994-05-17,2.540,25449
1994-05-16,-0.553,24818
1994-05-13,0.370,24956
1994-05-12,2.621,24864
1994-05-11,-2.355,24229
1994-05-10,-0.056,24814
1994-05-09,6.452,24827
1994-05-06,-0.977,23323
1994-05-05,-1.822,23553
1994-05-04,-1.418,23990
1994-05-03,0.152,24335
1994-05-02,0.000,24298
1994-04-29,2.227,24298
1994-04-28,0.859,23769
1994-04-26,0.530,23566
1994-04-25,-2.038,23442
1994-04-22,-1.235,23930
1994-04-21,0.400,24229
1994-04-20,0.115,24133
1994-04-19,-0.152,24105
1994-04-18,-0.925,24142
1994-04-15,-0.843,24367
1994-04-14,0.075,24574
1994-04-13,1.022,24556
1994-04-12,-3.171,24307
1994-04-11,-0.165,25104
1994-04-08,-0.618,25145
1994-04-07,-0.489,25301
1994-04-06,-2.126,25426
1994-04-05,-1.569,25978
1994-04-04,0.000,26392
1994-03-31,2.228,26392
1994-03-30,-0.178,25817
1994-03-29,-1.404,25863
1994-03-28,-0.524,26231
1994-03-25,-0.313,26369
1994-03-24,2.826,26452
1994-03-23,2.606,25725
1994-03-22,0.740,25071
1994-03-21,-0.497,24887
1994-03-18,1.399,25012
1994-03-17,-1.162,24666
1994-03-16,-0.495,24956
1994-03-15,1.528,25081
1994-03-14,-1.414,24703
1994-03-11,2.775,25058
1994-03-10,1.592,24381
1994-03-09,0.676,23999
1994-03-08,-1.013,23838
1994-03-07,0.906,24082
1994-03-04,-1.463,23866
1994-03-03,0.535,24220
1994-03-02,-1.745,24091
1994-03-01,1.621,24519
1994-02-28,1.158,24128
1994-02-25,-0.575,23852
1994-02-24,0.579,23990
1994-02-23,0.446,23852
1994-02-22,-1.338,23746
1994-02-18,-1.284,24068
1994-02-17,0.914,24381
1994-02-16,-1.408,24160
1994-02-15,1.236,24505
1994-02-14,0.902,24206
1994-02-11,-1.549,23990
1994-02-10,0.953,24367
1994-02-09,0.383,24137
1994-02-08,-1.564,24045
1994-02-07,-2.695,24427
1994-02-04,3.256,25104
1994-02-03,0.057,24312
1994-02-02,3.125,24298
1994-02-01,1.226,23562
1994-01-31,1.689,23277
1994-01-28,-2.757,22890
1994-01-27,0.788,23539
1994-01-26,-1.130,23355
1994-01-25,1.845,23622
1994-01-24,-2.797,23194
1994-01-21,-2.538,23861
1994-01-20,-0.056,24482
1994-01-19,-0.094,24496
1994-01-18,-0.299,24519
1994-01-17,2.611,24593
1994-01-14,3.006,23967
1994-01-13,-0.960,23267
1994-01-12,1.229,23493
1994-01-11,2.667,23208
1994-01-10,-3.875,22605
1994-01-07,1.793,23516
1994-01-06,-4.070,23102
1994-01-05,-0.834,24082
1994-01-04,3.167,24284
1994-01-03,0.000,23539
1993-12-31,0.137,23539
1993-12-30,0.354,23507
1993-12-29,1.092,23424
1993-12-28,0.000,23171
1993-12-27,0.000,23171
1993-12-23,0.740,23171
1993-12-22,-2.153,23000
1993-12-21,-0.293,23507
1993-12-20,2.092,23576
1993-12-17,-1.511,23092
1993-12-16,0.000,23447
1993-12-15,-0.837,23447
1993-12-14,0.745,23645
1993-12-13,2.266,23470
1993-12-10,0.181,22950
1993-12-09,0.363,22908
1993-12-08,2.585,22826
1993-12-07,-0.103,22250
1993-12-06,5.035,22273
1993-12-03,-1.116,21206
1993-12-02,5.216,21445
1993-12-01,-0.851,20382
1993-11-30,-3.562,20557
1993-11-29,-0.856,21316
1993-11-26,0.581,21500
1993-11-24,-0.811,21376
1993-11-23,-1.056,21551
1993-11-22,0.852,21781
1993-11-19,1.756,21597
1993-11-18,1.363,21224
1993-11-17,-0.612,20939
1993-11-16,1.328,21068
1993-11-15,-1.354,20792
1993-11-12,0.263,21077
1993-11-11,0.772,21022
1993-11-10,-0.220,20861
1993-11-09,0.553,20907
1993-11-08,0.893,20792
1993-11-05,2.191,20607
1993-11-04,4.011,20166
1993-11-03,0.024,19388
1993-11-02,-1.704,19383
1993-11-01,-2.680,19719
1993-10-29,-0.385,20262
1993-10-28,0.729,20341
1993-10-27,-0.114,20193
1993-10-26,-0.902,20216
1993-10-25,-0.068,20400
1993-10-22,-1.684,20414
1993-10-21,0.423,20764
1993-10-20,0.876,20676
1993-10-19,2.273,20497
1993-10-18,0.508,20041
1993-10-15,-2.278,19940
1993-10-14,-0.315,20405
1993-10-13,3.756,20469
1993-10-12,-2.079,19728
1993-10-11,0.298,20147
1993-10-08,0.808,20087
1993-10-07,4.262,19926
1993-10-06,2.543,19112
1993-10-05,-0.930,18638
1993-10-04,0.739,18813
1993-10-01,0.695,18675
1993-09-30,-0.812,18546
1993-09-29,0.445,18698
1993-09-28,-1.534,18615
1993-09-27,-0.821,18905
1993-09-24,2.550,19061
1993-09-23,-0.859,18587
1993-09-22,-0.828,18748
1993-09-21,-0.073,18905
1993-09-20,0.317,18919
1993-09-17,1.011,18859
1993-09-16,0.471,18670
1993-09-15,2.905,18583
1993-09-14,-3.445,18058
1993-09-13,-5.002,18702
1993-09-10,0.825,19687
1993-09-09,-0.282,19526
1993-09-08,-5.507,19581
1993-09-07,-1.142,20723
1993-09-03,-3.496,20962
1993-09-02,-2.338,21721
1993-09-01,-0.206,22241
1993-08-31,3.306,22287
1993-08-30,0.000,21574
1993-08-27,-0.783,21574
1993-08-26,-0.484,21744
1993-08-25,-0.336,21850
1993-08-24,-0.397,21924
1993-08-23,2.684,22011
1993-08-20,-1.418,21436
1993-08-19,0.682,21744
1993-08-18,-0.887,21597
1993-08-17,-0.775,21790
1993-08-16,3.897,21960
1993-08-13,-1.985,21137
1993-08-12,-2.069,21565
1993-08-11,-0.229,22020
1993-08-10,2.588,22071
1993-08-09,-3.008,21514
1993-08-06,-6.770,22181
1993-08-05,-2.268,23792
1993-08-04,-1.618,24344
1993-08-03,-0.793,24745
1993-08-02,2.264,24942
1993-07-30,3.013,24390
1993-07-29,1.579,23677
1993-07-28,-0.784,23309
1993-07-27,2.778,23493
1993-07-26,-1.213,22858
1993-07-23,1.823,23139
1993-07-22,-2.218,22724
1993-07-21,0.099,23240
1993-07-20,-0.473,23217
1993-07-19,0.476,23327
1993-07-16,2.437,23217
1993-07-15,-3.337,22665
1993-07-14,2.350,23447
1993-07-13,-1.718,22908
1993-07-12,1.503,23309
1993-07-09,-2.444,22964
1993-07-08,-1.026,23539
1993-07-07,1.933,23783
1993-07-06,4.860,23332
1993-07-02,6.310,22250
1993-07-01,-0.590,20930
1993-06-30,2.694,21054
1993-06-29,-1.110,20502
1993-06-28,2.317,20732
1993-06-25,-0.609,20262
1993-06-24,3.844,20387
1993-06-23,-0.721,19632
1993-06-22,0.163,19775
1993-06-21,-1.220,19742
1993-06-18,0.393,19986
1993-06-17,0.185,19908
1993-06-16,2.201,19871
1993-06-15,0.118,19443
1993-06-14,-2.088,19420
1993-06-11,0.116,19834
1993-06-10,-1.442,19811
1993-06-09,-0.569,20101
1993-06-08,0.873,20216
1993-06-07,-3.222,20041
1993-06-04,2.623,20709
1993-06-03,0.458,20179
1993-06-02,-5.417,20087
1993-06-01,-2.100,21238
1993-05-28,2.679,21694
1993-05-27,0.790,21127
1993-05-26,0.730,20962
1993-05-25,-4.256,20810
1993-05-24,4.422,21735
1993-05-21,0.222,20815
1993-05-20,-4.869,20769
1993-05-19,7.745,21832
1993-05-18,-1.322,20262
1993-05-17,0.609,20534
1993-05-14,-1.881,20410
1993-05-13,6.780,20801
1993-05-12,-0.259,19480
1993-05-11,-0.795,19531
1993-05-10,-1.948,19687
1993-05-07,1.394,20078
1993-05-06,1.199,19802
1993-05-05,-0.515,19567
1993-05-04,-0.582,19669
1993-05-03,0.000,19784
1993-04-30,-1.399,19784
1993-04-29,7.787,20064
1993-04-28,-1.414,18615
1993-04-27,2.090,18882
1993-04-26,2.187,18495
1993-04-23,1.418,18099
1993-04-22,-0.869,17846
1993-04-21,-1.037,18003
1993-04-20,-0.553,18191
1993-04-19,2.713,18293
1993-04-16,-1.602,17809
1993-04-15,0.794,18099
1993-04-14,0.749,17957
1993-04-13,-0.129,17823
1993-04-12,0.000,17846
1993-04-08,2.268,17846
1993-04-07,-2.142,17451
1993-04-06,0.441,17832
1993-04-05,-2.870,17754
1993-04-02,2.955,18279
1993-04-01,-0.823,17754
1993-03-31,2.965,17902
1993-03-30,1.998,17386
1993-03-29,-0.377,17046
1993-03-26,0.950,17110
1993-03-25,0.794,16949
1993-03-24,-0.300,16815
1993-03-23,-0.489,16866
1993-03-22,0.136,16949
1993-03-19,0.988,16926
1993-03-18,-0.465,16760
1993-03-17,0.247,16838
1993-03-16,0.690,16797
1993-03-15,-0.412,16682
1993-03-12,1.111,16751
1993-03-11,0.840,16567
1993-03-10,0.281,16429
1993-03-09,-0.420,16383
1993-03-08,-0.335,16452
1993-03-05,0.392,16507
1993-03-04,-0.307,16443
1993-03-03,-0.028,16493
1993-03-02,0.056,16498
1993-03-01,0.449,16489
1993-02-26,-0.641,16415
1993-02-25,-0.333,16521
1993-02-24,0.615,16576
1993-02-23,-0.056,16475
1993-02-22,-1.593,16484
1993-02-19,-0.438,16751
1993-02-18,-1.323,16825
1993-02-17,0.488,17050
1993-02-16,-1.470,16967
1993-02-12,-0.690,17220
1993-02-11,1.481,17340
1993-02-10,0.815,17087
1993-02-09,0.683,16949
1993-02-08,-0.327,16834
1993-02-05,0.000,16889
1993-02-04,-0.109,16889
1993-02-03,0.136,16908
1993-02-02,0.246,16884
1993-02-01,-1.294,16843
1993-01-29,0.488,17064
1993-01-28,0.408,16981
1993-01-27,-0.729,16912
1993-01-26,0.189,17036
1993-01-25,-0.485,17004
1993-01-22,-0.081,17087
1993-01-21,0.841,17101
1993-01-20,-0.054,16958
1993-01-19,0.381,16967
1993-01-18,0.164,16903
1993-01-15,-0.677,16875
1993-01-14,0.627,16990
1993-01-13,-0.245,16884
1993-01-12,0.327,16926
1993-01-11,0.164,16871
1993-01-08,-1.054,16843
1993-01-07,-0.027,17023
1993-01-06,1.259,17027
1993-01-05,-0.164,16815
1993-01-04,-0.272,16843
1992-12-31,0.191,16889
1992-12-30,-0.327,16857
1992-12-29,-0.271,16912
1992-12-28,0.000,16958
1992-12-24,-0.352,16958
1992-12-23,-0.964,17018
1992-12-22,-0.427,17184
1992-12-21,-0.662,17257
1992-12-18,0.667,17372
1992-12-17,0.969,17257
1992-12-16,-0.081,17092
1992-12-15,-0.295,17105
1992-12-14,0.107,17156
1992-12-11,0.513,17138
1992-12-10,-0.242,17050
1992-12-09,-1.197,17092
1992-12-08,0.000,17299
1992-12-07,-0.106,17299
1992-12-04,0.106,17317
1992-12-03,0.027,17299
1992-12-02,-0.053,17294
1992-12-01,0.723,17303
1992-11-30,-0.453,17179
1992-11-27,-0.266,17257
1992-11-25,0.053,17303
1992-11-24,0.160,17294
1992-11-23,-0.557,17266
1992-11-20,0.640,17363
1992-11-19,-0.504,17253
1992-11-18,0.293,17340
1992-11-17,-0.133,17289
1992-11-16,-0.974,17312
1992-11-13,3.010,17483
1992-11-12,0.000,16972
1992-11-11,-0.673,16972
1992-11-10,-3.783,17087
1992-11-09,-1.254,17759
1992-11-06,0.904,17984
1992-11-05,2.055,17823
1992-11-04,0.053,17464
1992-11-03,0.958,17455
1992-11-02,-0.186,17289
1992-10-30,-0.080,17322
1992-10-29,0.053,17335
1992-10-28,0.400,17326
1992-10-27,-0.080,17257
1992-10-26,-1.211,17271
1992-10-23,-0.026,17483
1992-10-22,-0.367,17487
1992-10-21,1.979,17552
1992-10-20,0.457,17211
1992-10-19,0.350,17133
1992-10-16,-0.403,17073
1992-10-15,0.540,17142
1992-10-14,-0.350,17050
1992-10-13,-0.694,17110
1992-10-12,-0.053,17230
1992-10-09,0.321,17239
1992-10-08,-0.480,17184
1992-10-07,-0.186,17266
1992-10-06,0.320,17299
1992-10-05,0.375,17243
1992-10-02,-0.533,17179
1992-10-01,-0.345,17271
1992-09-30,1.101,17331
1992-09-29,-2.205,17142
1992-09-28,-0.340,17529
1992-09-25,0.052,17589
1992-09-24,-0.391,17579
1992-09-23,1.161,17648
1992-09-22,-0.837,17446
1992-09-21,0.394,17593
1992-09-18,-0.522,17524
1992-09-17,-0.261,17616
1992-09-16,1.400,17662
1992-09-15,0.987,17418
1992-09-14,1.627,17248
1992-09-11,-1.126,16972
1992-09-10,-0.480,17165
1992-09-09,0.617,17248
1992-09-08,-0.454,17142
1992-09-04,0.673,17220
1992-09-03,-0.081,17105
1992-09-02,-0.853,17119
1992-09-01,0.887,17266
1992-08-31,0.000,17115
1992-08-28,0.650,17115
1992-08-27,1.288,17004
1992-08-26,-1.592,16788
1992-08-25,-1.462,17059
1992-08-24,0.723,17312
1992-08-21,0.161,17188
1992-08-20,-1.972,17161
1992-08-19,0.369,17506
1992-08-18,-0.785,17441
1992-08-17,0.157,17579
1992-08-14,0.131,17552
1992-08-13,-2.183,17529
1992-08-12,-1.243,17920
1992-08-11,-0.830,18145
1992-08-10,1.222,18297
1992-08-07,0.666,18076
1992-08-06,0.567,17957
1992-08-05,0.103,17855
1992-08-04,-1.674,17837
1992-08-03,-0.278,18141
1992-07-31,0.971,18191
1992-07-30,-0.635,18017
1992-07-29,-0.831,18132
1992-07-28,0.000,18283
1992-07-27,-0.176,18283
1992-07-24,-0.822,18316
1992-07-23,1.262,18468
1992-07-22,0.253,18237
1992-07-21,-1.051,18191
1992-07-20,1.887,18385
1992-07-17,-0.432,18044
1992-07-16,-0.329,18122
1992-07-15,0.025,18182
1992-07-14,0.356,18178
1992-07-13,-0.731,18113
1992-07-10,1.433,18247
1992-07-09,0.077,17989
1992-07-08,-0.306,17975
1992-07-07,-3.331,18030
1992-07-06,-0.295,18652
1992-07-02,0.395,18707
1992-07-01,0.571,18633
1992-06-30,0.826,18527
1992-06-29,-0.721,18376
1992-06-26,-0.322,18509
1992-06-25,-0.099,18569
1992-06-24,-0.419,18587
1992-06-23,0.198,18665
1992-06-22,-1.532,18629
1992-06-19,0.563,18919
1992-06-18,-0.463,18813
1992-06-17,0.073,18900
1992-06-16,-0.437,18886
1992-06-15,0.365,18969
1992-06-12,1.232,18900
1992-06-11,0.025,18670
1992-06-10,0.025,18665
1992-06-09,0.025,18661
1992-06-08,-0.710,18656
1992-06-05,0.542,18790
1992-06-04,-0.709,18688
1992-06-03,0.442,18822
1992-06-02,1.092,18739
1992-06-01,-0.739,18537
1992-05-29,-0.417,18675
1992-05-28,-0.682,18753
1992-05-27,0.367,18882
1992-05-26,0.442,18813
1992-05-22,-0.123,18730
1992-05-21,-0.049,18753
1992-05-20,-0.923,18762
1992-05-19,0.415,18937
1992-05-18,-0.486,18859
1992-05-15,0.537,18951
1992-05-14,0.318,18850
1992-05-13,0.000,18790
1992-05-12,-0.657,18790
1992-05-11,1.833,18914
1992-05-08,-0.222,18573
1992-05-07,-0.492,18615
1992-05-06,1.296,18707
1992-05-05,-0.025,18468
1992-05-04,0.000,18472
1992-05-01,0.804,18472
1992-04-30,1.194,18325
1992-04-29,-1.081,18109
1992-04-28,-0.301,18306
1992-04-27,0.000,18362
1992-04-24,-0.746,18362
1992-04-23,0.752,18500
1992-04-22,0.125,18362
1992-04-21,-1.141,18339
1992-04-20,0.000,18550
1992-04-16,-1.755,18550
1992-04-15,0.441,18882
1992-04-14,-0.970,18799
1992-04-13,-0.169,18983
1992-04-10,0.879,19015
1992-04-09,0.098,18850
1992-04-08,-0.073,18831
1992-04-07,0.024,18845
1992-04-06,0.147,18840
1992-04-03,-0.049,18813
1992-04-02,-1.493,18822
1992-04-01,0.777,19107
1992-03-31,-0.818,18960
1992-03-30,1.490,19116
1992-03-27,0.073,18836
1992-03-26,-0.462,18822
1992-03-25,0.024,18909
1992-03-24,0.000,18905
1992-03-23,0.195,18905
1992-03-20,2.092,18868
1992-03-19,-1.375,18481
1992-03-18,0.717,18739
1992-03-17,-1.558,18606
1992-03-16,0.024,18900
1992-03-13,-0.893,18896
1992-03-12,-0.241,19066
1992-03-11,-0.360,19112
1992-03-10,0.241,19181
1992-03-09,0.096,19135
1992-03-06,1.071,19116
1992-03-05,0.097,18914
1992-03-04,-0.364,18896
1992-03-03,0.635,18965
1992-03-02,-0.583,18845
1992-02-28,0.463,18955
1992-02-27,0.861,18868
1992-02-26,-1.455,18707
1992-02-25,1.177,18983
1992-02-24,-0.634,18762
1992-02-21,0.171,18882
1992-02-20,0.936,18850
1992-02-19,-1.791,18675
1992-02-18,-1.455,19015
1992-02-14,-0.404,19296
1992-02-13,0.358,19374
1992-02-12,0.383,19305
1992-02-11,-0.191,19231
1992-02-10,-0.191,19268
1992-02-07,-0.569,19305
1992-02-06,1.224,19416
1992-02-05,0.048,19181
1992-02-04,-0.287,19172
1992-02-03,1.138,19227
1992-01-31,-2.456,19011
1992-01-30,1.778,19489
1992-01-29,-1.023,19149
1992-01-28,0.815,19347
1992-01-27,-0.714,19190
1992-01-24,-2.189,19328
1992-01-23,0.917,19761
1992-01-22,-0.094,19581
1992-01-21,0.686,19600
1992-01-20,-2.422,19466
1992-01-17,4.811,19949
1992-01-16,-0.097,19034
1992-01-15,2.273,19052
1992-01-14,-0.589,18629
1992-01-13,-1.595,18739
1992-01-10,3.970,19043
1992-01-09,0.887,18316
1992-01-08,-0.101,18155
1992-01-07,0.254,18173
1992-01-06,-1.154,18127
1992-01-03,3.025,18339
1992-01-02,0.207,17800
1991-12-31,0.000,17763
1991-12-30,-1.102,17763
1991-12-27,0.077,17961
1991-12-26,0.000,17948
1991-12-24,0.257,17948
1991-12-23,1.753,17902
1991-12-20,-0.804,17593
1991-12-19,-0.798,17736
1991-12-18,0.804,17879
1991-12-17,-0.439,17736
1991-12-16,0.415,17814
1991-12-13,-2.356,17740
1991-12-12,-1.423,18168
1991-12-11,-0.964,18431
1991-12-10,-0.614,18610
1991-12-09,0.098,18725
1991-12-06,0.420,18707
1991-12-05,-0.123,18629
1991-12-04,-0.295,18652
1991-12-03,-0.684,18707
1991-12-02,0.689,18836
1991-11-29,-0.805,18707
1991-11-27,0.220,18859
1991-11-26,-1.184,18817
1991-11-25,0.121,19043
1991-11-22,0.903,19020
1991-11-21,0.441,18850
1991-11-20,0.841,18767
1991-11-19,-0.197,18610
1991-11-18,1.047,18647
1991-11-15,-0.841,18454
1991-11-14,-0.123,18610
1991-11-13,0.347,18633
1991-11-12,-0.074,18569
1991-11-11,0.323,18583
1991-11-08,-1.106,18523
1991-11-07,-0.074,18730
1991-11-06,-0.780,18744
1991-11-05,0.637,18891
1991-11-04,-0.561,18771
1991-11-01,0.293,18877
1991-10-31,-0.559,18822
1991-10-30,1.480,18928
1991-10-29,-0.759,18652
1991-10-28,-0.922,18794
1991-10-25,0.856,18969
1991-10-24,-1.399,18808
1991-10-23,-0.313,19075
1991-10-22,-0.359,19135
1991-10-21,1.286,19204
1991-10-18,-0.121,18960
1991-10-17,1.776,18983
1991-10-16,-0.589,18652
1991-10-15,-0.537,18762
1991-10-14,1.210,18863
1991-10-11,-1.651,18638
1991-10-10,0.857,18951
1991-10-09,0.295,18790
1991-10-08,-1.429,18734
1991-10-07,-1.030,19006
1991-10-04,-0.024,19204
1991-10-03,-0.996,19208
1991-10-02,1.664,19402
1991-10-01,0.290,19084
1991-09-30,1.100,19029
1991-09-27,-3.126,18822
1991-09-26,-0.307,19429
1991-09-25,-0.236,19489
1991-09-24,2.959,19535
1991-09-23,1.228,18974
1991-09-20,-0.537,18744
1991-09-19,0.024,18845
1991-09-18,0.392,18840
1991-09-17,0.443,18767
1991-09-16,2.396,18684
1991-09-13,-0.176,18247
1991-09-12,0.050,18279
1991-09-11,-2.313,18270
1991-09-10,1.524,18702
1991-09-09,3.410,18422
1991-09-06,0.207,17814
1991-09-05,-1.655,17777
1991-09-04,1.394,18076
1991-09-03,1.547,17828
1991-08-30,-3.197,17556
1991-08-29,-0.228,18136
1991-08-28,-0.101,18178
1991-08-27,1.907,18196
1991-08-26,0.000,17855
1991-08-23,-1.598,17855
1991-08-22,0.331,18145
1991-08-21,-1.824,18086
1991-08-20,-1.112,18422
1991-08-19,2.171,18629
1991-08-16,-0.202,18233
1991-08-15,0.608,18270
1991-08-14,-0.202,18159
1991-08-13,-0.952,18196
1991-08-12,0.630,18371
1991-08-09,-0.151,18256
1991-08-08,0.202,18283
1991-08-07,0.152,18247
1991-08-06,0.610,18219
1991-08-05,-0.932,18109
1991-08-02,-2.023,18279
1991-08-01,-0.344,18656
1991-07-31,0.494,18721
1991-07-30,-1.485,18629
1991-07-29,0.195,18909
1991-07-26,-0.654,18873
1991-07-25,-2.434,18997
1991-07-24,-2.173,19471
1991-07-23,-1.749,19903
1991-07-22,0.159,20258
1991-07-19,-1.192,20225
1991-07-18,1.022,20469
1991-07-17,0.686,20262
1991-07-16,-0.387,20124
1991-07-15,0.228,20202
1991-07-12,-0.905,20156
1991-07-11,-1.273,20341
1991-07-10,0.336,20603
1991-07-09,-0.954,20534
1991-07-08,-0.640,20732
1991-07-05,2.394,20865
1991-07-03,0.090,20377
1991-07-02,-0.651,20359
1991-07-01,-0.022,20492
1991-06-28,2.273,20497
1991-06-27,-1.426,20041
1991-06-26,1.330,20331
1991-06-25,0.438,20064
1991-06-24,-2.296,19977
1991-06-21,0.000,20446
1991-06-20,0.248,20446
1991-06-19,-1.027,20396
1991-06-18,2.028,20607
1991-06-17,-2.683,20198
1991-06-14,1.008,20755
1991-06-13,-1.086,20548
1991-06-12,0.736,20773
1991-06-11,-1.969,20621
1991-06-10,1.759,21035
1991-06-07,5.893,20672
1991-06-06,1.824,19521
1991-06-05,0.313,19172
1991-06-04,-0.072,19112
1991-06-03,0.556,19126
1991-05-31,0.364,19020
1991-05-30,-0.579,18951
1991-05-29,2.045,19061
1991-05-28,0.222,18679
1991-05-24,0.297,18638
1991-05-23,-1.271,18583
1991-05-22,1.238,18822
1991-05-21,0.874,18592
1991-05-20,-0.299,18431
1991-05-17,-2.024,18486
1991-05-16,-0.413,18868
1991-05-15,2.848,18946
1991-05-14,-0.818,18422
1991-05-13,0.074,18573
1991-05-10,-0.738,18560
1991-05-09,0.944,18698
1991-05-08,0.000,18523
1991-05-07,0.174,18523
1991-05-06,0.000,18491
1991-05-03,2.135,18491
1991-05-02,-0.982,18104
1991-05-01,0.991,18283
1991-04-30,1.183,18104
1991-04-29,-0.308,17892
1991-04-26,0.671,17948
1991-04-25,-1.625,17828
1991-04-24,-0.177,18122
1991-04-23,0.638,18155
1991-04-22,-0.835,18040
1991-04-19,-4.077,18191
1991-04-18,1.253,18965
1991-04-17,1.143,18730
1991-04-16,1.156,18518
1991-04-15,-0.996,18306
1991-04-12,0.778,18491
1991-04-11,-0.919,18348
1991-04-10,0.600,18518
1991-04-09,1.010,18408
1991-04-08,-1.932,18224
1991-04-05,-0.493,18583
1991-04-04,-0.172,18675
1991-04-03,3.304,18707
1991-04-02,2.581,18109
1991-04-01,0.000,17653
1991-03-28,-1.616,17653
1991-03-27,-0.485,17943
1991-03-26,-0.885,18030
1991-03-25,-1.372,18191
1991-03-22,0.805,18445
1991-03-21,-1.535,18297
1991-03-20,2.383,18583
1991-03-19,-2.689,18150
1991-03-18,0.496,18652
1991-03-15,0.074,18560
1991-03-14,-0.714,18546
1991-03-13,2.011,18679
1991-03-12,-4.580,18311
1991-03-11,4.224,19190
1991-03-08,2.380,18412
1991-03-07,2.010,17984
1991-03-06,0.288,17630
1991-03-05,1.731,17579
1991-03-04,0.000,17280
1991-03-01,2.066,17280
1991-02-28,1.799,16931
1991-02-27,-0.358,16631
1991-02-26,2.227,16691
1991-02-25,-1.989,16328
1991-02-22,-1.174,16659
1991-02-21,-0.973,16857
1991-02-20,-1.096,17023
1991-02-19,-2.069,17211
1991-02-15,1.327,17575
1991-02-14,1.317,17345
1991-02-13,1.639,17119
1991-02-12,-4.088,16843
1991-02-11,-0.444,17561
1991-02-08,0.868,17639
1991-02-07,-0.262,17487
1991-02-06,-0.314,17533
1991-02-05,-1.061,17589
1991-02-04,-0.412,17777
1991-02-01,1.385,17851
1991-01-31,0.446,17607
1991-01-30,-1.270,17529
1991-01-29,1.366,17754
1991-01-28,-0.756,17515
1991-01-25,-0.981,17648
1991-01-24,-2.640,17823
1991-01-23,-1.266,18306
1991-01-22,-0.223,18541
1991-01-21,-0.074,18583
1991-01-18,-1.391,18596
1991-01-17,-2.983,18859
1991-01-16,0.452,19439
1991-01-15,0.238,19351
1991-01-14,1.060,19305
1991-01-11,0.290,19103
1991-01-10,1.322,19047
1991-01-09,-3.882,18799
1991-01-08,1.118,19558
1991-01-07,-0.166,19342
1991-01-04,2.758,19374
1991-01-03,-1.609,18854
1991-01-02,-0.692,19162
1990-12-31,2.393,19296
1990-12-28,-0.073,18845
1990-12-27,1.385,18859
1990-12-26,0.000,18601
1990-12-24,-2.579,18601
1990-12-21,1.096,19093
1990-12-20,3.349,18886
1990-12-19,0.151,18274
1990-12-18,0.380,18247
1990-12-17,-0.353,18178
1990-12-14,-1.221,18242
1990-12-13,-1.255,18468
1990-12-12,-0.465,18702
1990-12-11,-0.366,18790
1990-12-10,-1.205,18859
1990-12-07,0.655,19089
1990-12-06,-0.747,18965
1990-12-05,-0.288,19107
1990-12-04,0.848,19162
1990-12-03,1.028,19001
1990-11-30,-1.065,18808
1990-11-29,0.413,19011
1990-11-28,-0.218,18932
1990-11-27,-1.599,18974
1990-11-26,1.086,19282
1990-11-23,0.852,19075
1990-11-21,-0.820,18914
1990-11-20,0.339,19070
1990-11-19,-0.242,19006
1990-11-16,-0.838,19052
1990-11-15,-0.595,19213
1990-11-14,-0.238,19328
1990-11-13,-0.047,19374
1990-11-12,-0.754,19383
1990-11-09,-0.446,19531
1990-11-08,0.852,19618
1990-11-07,0.095,19452
1990-11-06,1.150,19434
1990-11-05,-1.300,19213
1990-11-02,1.172,19466
1990-11-01,-0.995,19241
1990-10-31,2.079,19434
1990-10-30,1.646,19038
1990-10-29,-3.555,18730
1990-10-26,-0.236,19420
1990-10-25,0.071,19466
1990-10-24,-0.071,19452
1990-10-23,-0.024,19466
1990-10-22,-0.283,19471
1990-10-19,-0.118,19526
1990-10-18,0.687,19549
1990-10-17,0.381,19416
1990-10-16,-1.315,19342
1990-10-15,0.259,19600
1990-10-12,-3.124,19549
1990-10-11,-5.251,20179
1990-10-10,-1.385,21298
1990-10-09,0.536,21597
1990-10-08,-0.997,21482
1990-10-05,0.106,21698
1990-10-04,0.384,21675
1990-10-03,0.043,21592
1990-10-02,-2.006,21583
1990-10-01,-0.188,22025
1990-09-28,0.356,22066
1990-09-27,-0.974,21988
1990-09-26,-2.090,22204
1990-09-25,2.050,22678
1990-09-24,0.395,22223
1990-09-21,0.313,22135
1990-09-20,-0.104,22066
1990-09-19,0.313,22089
1990-09-18,-0.042,22020
1990-09-17,-0.395,22029
1990-09-14,-0.249,22117
1990-09-13,0.480,22172
1990-09-12,0.947,22066
1990-09-11,-0.419,21859
1990-09-10,-0.272,21951
1990-09-07,-0.354,22011
1990-09-06,0.883,22089
1990-09-05,-1.225,21896
1990-09-04,-0.269,22168
1990-08-31,-0.165,22227
1990-08-30,-0.453,22264
1990-08-29,-1.220,22365
1990-08-28,-4.168,22642
1990-08-27,0.000,23626
1990-08-24,-1.572,23626
1990-08-23,1.935,24004
1990-08-22,-0.833,23548
1990-08-21,-0.788,23746
1990-08-20,-0.173,23935
1990-08-17,2.863,23976
1990-08-16,-1.325,23309
1990-08-15,-1.326,23622
1990-08-14,2.301,23939
1990-08-13,2.935,23401
1990-08-10,1.167,22734
1990-08-09,0.226,22471
1990-08-08,-1.197,22421
1990-08-07,1.149,22692
1990-08-06,1.015,22434
1990-08-03,-2.169,22209
1990-08-02,2.493,22701
1990-08-01,-0.865,22149
1990-07-31,0.518,22342
1990-07-30,-0.145,22227
1990-07-27,-0.330,22260
1990-07-26,-0.431,22333
1990-07-25,-0.531,22430
1990-07-24,0.369,22549
1990-07-23,0.349,22467
1990-07-20,-0.328,22388
1990-07-19,1.119,22462
1990-07-18,-0.474,22214
1990-07-17,-1.343,22319
1990-07-16,0.408,22623
1990-07-13,1.450,22531
1990-07-12,0.270,22209
1990-07-11,0.271,22149
1990-07-10,-1.639,22089
1990-07-09,0.000,22457
1990-07-06,-0.388,22457
1990-07-05,-1.190,22545
1990-07-03,1.019,22816
1990-07-02,1.405,22586
1990-06-29,0.311,22273
1990-06-28,0.291,22204
1990-06-27,0.146,22140
1990-06-26,-0.805,22108
1990-06-25,0.436,22287
1990-06-22,-0.331,22191
1990-06-21,0.311,22264
1990-06-20,-0.331,22195
1990-06-19,0.083,22269
1990-06-18,-0.062,22250
1990-06-15,-1.466,22264
1990-06-14,-1.603,22595
1990-06-13,-0.399,22964
1990-06-12,0.300,23056
1990-06-11,-0.359,22987
1990-06-08,0.542,23069
1990-06-07,-2.062,22945
1990-06-06,0.812,23428
1990-06-05,0.000,23240
1990-06-04,-0.473,23240
1990-06-01,0.079,23350
1990-05-31,-1.170,23332
1990-05-30,-2.024,23608
1990-05-29,0.211,24096
1990-05-25,0.115,24045
1990-05-24,2.434,24017
1990-05-23,-0.585,23447
1990-05-22,-0.175,23585
1990-05-21,1.865,23626
1990-05-18,0.239,23194
1990-05-17,0.159,23139
1990-05-16,-0.238,23102
1990-05-15,-0.396,23157
1990-05-14,0.059,23249
1990-05-11,0.318,23235
1990-05-10,0.700,23162
1990-05-09,-0.695,23000
1990-05-08,-0.534,23162
1990-05-07,0.000,23286
1990-05-04,0.998,23286
1990-05-03,0.280,23056
1990-05-02,0.868,22991
1990-05-01,0.344,22793
1990-04-30,-0.484,22715
1990-04-27,0.000,22826
1990-04-26,-1.254,22826
1990-04-25,-1.510,23116
1990-04-24,0.394,23470
1990-04-23,0.039,23378
1990-04-20,-0.255,23369
1990-04-19,-0.039,23428
1990-04-18,0.752,23438
1990-04-17,-1.424,23263
1990-04-16,0.000,23599
1990-04-12,0.846,23599
1990-04-11,-0.587,23401
1990-04-10,-0.564,23539
1990-04-09,-0.676,23672
1990-04-06,0.602,23833
1990-04-05,2.754,23691
1990-04-04,0.180,23056
1990-04-03,1.276,23014
1990-04-02,-0.564,22724
1990-03-30,0.000,22853
1990-03-29,-0.700,22853
1990-03-28,0.928,23014
1990-03-27,-0.101,22803
1990-03-26,-2.592,22826
1990-03-23,0.553,23433
1990-03-22,0.297,23304
1990-03-21,-1.367,23235
1990-03-20,-0.117,23557
1990-03-19,0.235,23585
1990-03-16,0.393,23530
1990-03-15,0.157,23438
1990-03-14,0.574,23401
1990-03-13,-1.346,23267
1990-03-12,0.313,23585
1990-03-09,-0.603,23511
1990-03-08,-0.058,23654
1990-03-07,0.195,23668
1990-03-06,0.215,23622
1990-03-05,-0.350,23571
1990-03-02,0.000,23654
1990-03-01,0.391,23654
1990-02-28,-1.025,23562
1990-02-27,-1.222,23806
1990-02-26,-0.286,24100
1990-02-23,-0.624,24169
1990-02-22,-0.993,24321
1990-02-21,-0.336,24565
1990-02-20,0.582,24648
1990-02-16,-0.281,24505
1990-02-15,1.022,24574
1990-02-14,-0.881,24326
1990-02-13,0.623,24542
1990-02-12,-0.301,24390
1990-02-09,-0.169,24464
1990-02-08,0.415,24505
1990-02-07,-0.282,24404
1990-02-06,-0.150,24473
1990-02-05,0.207,24510
1990-02-02,1.957,24459
1990-02-01,0.154,23990
1990-01-31,0.096,23953
1990-01-30,-1.065,23930
1990-01-29,-0.379,24188
1990-01-26,0.918,24280
1990-01-25,-1.022,24059
1990-01-24,0.418,24307
1990-01-23,1.134,24206
1990-01-22,-0.077,23935
1990-01-19,-1.233,23953
1990-01-18,0.842,24252
1990-01-17,0.077,24050
1990-01-16,-2.063,24031
1990-01-15,-0.019,24538
1990-01-12,0.376,24542
1990-01-11,0.912,24450
1990-01-10,0.324,24229
1990-01-09,-0.606,24151
1990-01-08,0.000,24298
1990-01-05,1.617,24298
1990-01-04,0.698,23912
1990-01-03,-0.960,23746
1990-01-02,-0.134,23976
1989-12-29,-1.399,24008
1989-12-28,-4.374,24349
1989-12-27,-1.126,25462
1989-12-26,0.000,25752
1989-12-22,-0.125,25752
1989-12-21,0.448,25785
1989-12-20,0.360,25670
1989-12-19,-0.501,25578
1989-12-18,-0.250,25706
1989-12-15,0.901,25771
1989-12-14,-2.047,25541
1989-12-13,-0.509,26075
1989-12-12,0.636,26208
1989-12-11,0.873,26042
1989-12-08,0.430,25817
1989-12-07,0.867,25706
1989-12-06,0.163,25486
1989-12-05,-2.159,25444
1989-12-04,-1.033,26006
1989-12-01,2.587,26277
1989-11-30,-0.820,25614
1989-11-29,0.196,25826
1989-11-28,-4.027,25775
1989-11-27,-0.833,26857
1989-11-24,1.466,27082
1989-11-22,0.729,26691
1989-11-21,1.195,26498
1989-11-20,0.530,26185
1989-11-17,2.947,26047
1989-11-16,2.345,25301
1989-11-15,0.543,24722
1989-11-14,0.811,24588
1989-11-13,0.379,24390
1989-11-10,0.000,24298
1989-11-09,0.285,24298
1989-11-08,-0.529,24229
1989-11-07,1.166,24358
1989-11-06,-0.191,24077
1989-11-03,1.629,24123
1989-11-02,-0.193,23737
1989-11-01,-1.242,23783
1989-10-31,-0.305,24082
1989-10-30,1.528,24156
1989-10-27,0.957,23792
1989-10-26,-0.234,23566
1989-10-25,0.706,23622
1989-10-24,0.295,23456
1989-10-23,-0.138,23387
1989-10-20,-0.780,23419
1989-10-19,0.020,23603
1989-10-18,0.786,23599
1989-10-17,-1.567,23415
1989-10-16,1.732,23787
1989-10-13,-0.216,23382
1989-10-12,0.932,23433
1989-10-11,-0.513,23217
1989-10-10,-1.150,23336
1989-10-09,-0.388,23608
1989-10-06,-1.961,23700
1989-10-05,0.478,24174
1989-10-04,0.057,24059
1989-10-03,-0.057,24045
1989-10-02,-0.985,24059
1989-09-29,0.457,24298
1989-09-28,-0.699,24188
1989-09-27,0.570,24358
1989-09-26,-0.978,24220
1989-09-25,1.918,24459
1989-09-22,1.995,23999
1989-09-21,0.828,23530
1989-09-20,0.059,23336
1989-09-19,0.000,23323
1989-09-18,0.099,23323
1989-09-15,-0.491,23300
1989-09-14,0.177,23415
1989-09-13,-0.059,23373
1989-09-12,0.237,23387
1989-09-11,-0.957,23332
1989-09-08,0.373,23557
1989-09-07,0.137,23470
1989-09-06,0.632,23438
1989-09-05,0.218,23290
1989-09-01,-0.375,23240
1989-08-31,-1.151,23327
1989-08-30,0.195,23599
1989-08-29,-0.098,23553
1989-08-28,0.000,23576
1989-08-25,-0.909,23576
1989-08-24,-1.109,23792
1989-08-23,0.096,24059
1989-08-22,0.173,24036
1989-08-21,-0.439,23994
1989-08-18,1.100,24100
1989-08-17,-1.145,23838
1989-08-16,0.944,24114
1989-08-15,0.426,23889
1989-08-14,0.741,23787
1989-08-11,-0.754,23613
1989-08-10,0.213,23792
1989-08-09,-0.077,23741
1989-08-08,0.000,23760
1989-08-07,-2.419,23760
1989-08-04,1.399,24349
1989-08-03,-0.458,24013
1989-08-02,-0.114,24123
1989-08-01,1.982,24151
1989-07-31,-1.134,23682
1989-07-28,-0.554,23953
1989-07-27,0.480,24087
1989-07-26,-0.096,23971
1989-07-25,0.154,23994
1989-07-24,-0.440,23958
1989-07-21,0.946,24064
1989-07-20,-0.842,23838
1989-07-19,-0.400,24040
1989-07-18,0.287,24137
1989-07-17,0.965,24068
1989-07-14,-0.404,23838
1989-07-13,-0.933,23935
1989-07-12,0.478,24160
1989-07-11,-0.665,24045
1989-07-10,-1.553,24206
1989-07-07,-0.317,24588
1989-07-06,1.901,24666
1989-07-05,1.290,24206
1989-07-03,0.367,23898
1989-06-30,-1.970,23810
1989-06-29,-0.415,24289
1989-06-28,0.227,24390
1989-06-27,-0.471,24335
1989-06-26,0.113,24450
1989-06-23,-0.375,24422
1989-06-22,1.660,24514
1989-06-21,-1.873,24114
1989-06-20,0.301,24574
1989-06-19,0.283,24501
1989-06-16,1.998,24432
1989-06-15,-0.535,23953
1989-06-14,0.191,24082
1989-06-13,0.597,24036
1989-06-12,-3.727,23893
1989-06-09,-0.553,24818
1989-06-08,0.370,24956
1989-06-07,3.130,24864
1989-06-06,-1.356,24110
1989-06-05,1.743,24441
1989-06-02,1.182,24022
1989-06-01,-1.169,23741
1989-05-31,0.019,24022
1989-05-30,-2.083,24017
1989-05-26,2.284,24528
1989-05-25,0.813,23981
1989-05-24,1.353,23787
1989-05-23,0.275,23470
1989-05-22,-5.236,23405
1989-05-19,-1.124,24699
1989-05-18,-1.363,24979
1989-05-17,-0.091,25324
1989-05-16,0.073,25347
1989-05-15,-2.739,25329
1989-05-12,0.337,26042
1989-05-11,-0.529,25955
1989-05-10,1.359,26093
1989-05-09,-0.125,25743
1989-05-08,-0.303,25775
1989-05-05,-0.266,25854
1989-05-04,-0.089,25923
1989-05-03,-0.212,25946
1989-05-02,0.195,26001
1989-05-01,0.000,25950
1989-04-28,-2.152,25950
1989-04-27,-0.260,26521
1989-04-26,-0.602,26590
1989-04-25,0.920,26751
1989-04-24,-0.346,26507
1989-04-21,0.087,26599
1989-04-20,0.208,26576
1989-04-19,-0.894,26521
1989-04-18,0.293,26760
1989-04-17,-1.109,26682
1989-04-14,-0.255,26981
1989-04-13,0.997,27050
1989-04-12,-0.069,26783
1989-04-11,1.146,26802
1989-04-10,-0.946,26498
1989-04-07,0.052,26751
1989-04-06,0.121,26737
1989-04-05,-0.412,26705
1989-04-04,0.622,26815
1989-04-03,0.434,26650
1989-03-31,-0.860,26535
1989-03-30,-0.172,26765
1989-03-29,-2.396,26811
1989-03-28,-2.035,27469
1989-03-27,0.000,28040
1989-03-23,0.594,28040
1989-03-22,-0.395,27874
1989-03-21,-1.154,27984
1989-03-20,1.636,28311
1989-03-17,-0.148,27855
1989-03-16,-1.158,27897
1989-03-15,1.205,28224
1989-03-14,0.331,27888
1989-03-13,0.033,27796
1989-03-10,2.880,27786
1989-03-09,-0.441,27009
1989-03-08,1.655,27128
1989-03-07,-0.498,26687
1989-03-06,0.344,26820
1989-03-03,0.868,26728
1989-03-02,-1.370,26498
1989-03-01,-0.341,26866
1989-02-28,-1.596,26958
1989-02-27,0.168,27395
1989-02-24,-0.502,27349
1989-02-23,0.437,27487
1989-02-22,0.270,27368
1989-02-21,1.663,27294
1989-02-17,-0.833,26848
1989-02-16,1.466,27073
1989-02-15,-0.549,26682
1989-02-14,0.691,26829
1989-02-13,-1.864,26645
1989-02-10,-0.573,27151
1989-02-09,0.953,27308
1989-02-08,-0.407,27050
1989-02-07,1.426,27161
1989-02-06,0.103,26779
1989-02-03,-0.189,26751
1989-02-02,0.052,26802
1989-02-01,-0.462,26788
1989-01-31,-0.307,26912
1989-01-30,-3.551,26995
1989-01-27,-1.745,27989
1989-01-26,1.144,28486
1989-01-25,-1.449,28164
1989-01-24,0.763,28578
1989-01-23,2.888,28362
1989-01-20,1.131,27566
1989-01-19,-0.202,27257
1989-01-18,0.491,27312
1989-01-17,0.545,27179
1989-01-16,-0.643,27032
1989-01-13,-0.739,27207
1989-01-12,0.795,27409
1989-01-11,-0.856,27193
1989-01-10,0.506,27428
1989-01-09,-0.720,27289
1989-01-06,0.252,27487
1989-01-05,-1.161,27418
1989-01-04,-0.692,27740
1989-01-03,0.331,27934
1988-12-30,-0.329,27842
1988-12-29,-0.394,27934
1988-12-28,-0.474,28044
1988-12-27,0.000,28178
1988-12-23,0.213,28178
1988-12-22,-0.098,28118
1988-12-21,0.576,28145
1988-12-20,-0.164,27984
1988-12-19,0.181,28030
1988-12-16,-1.825,27980
1988-12-15,0.945,28500
1988-12-14,-0.098,28233
1988-12-13,0.000,28260
1988-12-12,0.310,28260
1988-12-09,-0.826,28173
1988-12-08,1.097,28408
1988-12-07,-0.780,28099
1988-12-06,-0.566,28320
1988-12-05,1.326,28481
1988-12-02,-0.892,28109
1988-12-01,1.549,28362
1988-11-30,-1.108,27929
1988-11-29,-0.454,28242
1988-11-28,0.456,28371
1988-11-25,0.524,28242
1988-11-23,0.660,28095
1988-11-22,-1.205,27911
1988-11-21,-1.111,28251
1988-11-18,-1.865,28569
1988-11-17,-0.846,29112
1988-11-16,-0.778,29360
1988-11-15,0.705,29590
1988-11-14,-0.839,29383
1988-11-11,-1.212,29632
1988-11-10,1.717,29995
1988-11-09,-1.096,29489
1988-11-08,0.840,29816
1988-11-07,0.375,29567
1988-11-04,-1.569,29457
1988-11-03,2.442,29926
1988-11-02,1.163,29213
1988-11-01,-0.523,28877
1988-10-31,1.513,29029
1988-10-28,-0.257,28596
1988-10-27,-0.320,28670
1988-10-26,0.241,28762
1988-10-25,0.241,28693
1988-10-24,-1.893,28624
1988-10-21,0.000,29176
1988-10-20,0.285,29176
1988-10-19,-1.434,29093
1988-10-18,1.119,29517
1988-10-17,1.019,29190
1988-10-14,-0.853,28896
1988-10-13,1.247,29144
1988-10-12,-1.263,28785
1988-10-11,-0.221,29153
1988-10-10,0.618,29218
1988-10-07,-0.206,29038
1988-10-06,1.607,29098
1988-10-05,0.258,28638
1988-10-04,1.355,28564
1988-10-03,-0.729,28182
1988-09-30,-0.708,28389
1988-09-29,0.615,28592
1988-09-28,0.488,28417
1988-09-27,0.754,28279
1988-09-26,-2.228,28067
1988-09-23,1.151,28707
1988-09-22,-0.355,28380
1988-09-21,-2.474,28481
1988-09-20,0.890,29204
1988-09-19,-2.223,28946
1988-09-16,-0.848,29604
1988-09-15,-0.338,29857
1988-09-14,1.040,29959
1988-09-13,0.327,29650
1988-09-12,-3.181,29554
1988-09-09,0.959,30525
1988-09-08,0.937,30235
1988-09-07,-0.444,29954
1988-09-06,-0.472,30087
1988-09-02,0.321,30230
1988-09-01,1.378,30133
1988-08-31,-0.783,29724
1988-08-30,-2.908,29959
1988-08-29,0.000,30856
1988-08-26,-1.092,30856
1988-08-25,0.758,31197
1988-08-24,-0.134,30962
1988-08-23,1.767,31003
1988-08-22,-0.824,30465
1988-08-19,0.391,30718
1988-08-18,0.438,30598
1988-08-17,-1.969,30465
1988-08-16,0.866,31077
1988-08-15,-0.328,30810
1988-08-12,0.284,30911
1988-08-11,1.454,30824
1988-08-10,-1.448,30382
1988-08-09,-1.456,30828
1988-08-08,-0.541,31284
1988-08-05,-0.248,31454
1988-08-04,1.361,31532
1988-08-03,-0.923,31109
1988-08-02,-0.583,31399
1988-08-01,0.926,31583
1988-07-29,0.325,31293
1988-07-28,-2.165,31192
1988-07-27,-0.844,31882
1988-07-26,-7.835,32154
1988-07-25,-1.648,34887
1988-07-22,-0.670,35472
1988-07-21,-0.793,35711
1988-07-20,9.383,35996
1988-07-19,-1.229,32908
1988-07-18,-1.133,33318
1988-07-15,1.118,33700
1988-07-14,3.902,33327
1988-07-13,1.161,32075
1988-07-12,-2.889,31707
1988-07-11,2.145,32651
1988-07-08,0.014,31965
1988-07-07,2.509,31960
1988-07-06,0.743,31178
1988-07-05,0.583,30948
1988-07-01,0.541,30769
1988-06-30,-0.879,30603
1988-06-29,-3.648,30874
1988-06-28,1.754,32043
1988-06-27,-1.027,31491
1988-06-24,-1.144,31818
1988-06-23,-1.479,32186
1988-06-22,-1.197,32669
1988-06-21,-0.554,33065
1988-06-20,1.560,33249
1988-06-17,-0.656,32738
1988-06-16,1.892,32954
1988-06-15,0.688,32342
1988-06-14,0.000,32121
1988-06-13,-2.104,32121
1988-06-10,2.105,32812
1988-06-09,-2.893,32135
1988-06-08,-1.223,33092
1988-06-07,0.650,33502
1988-06-06,0.180,33286
1988-06-03,6.805,33226
1988-06-02,0.760,31109
1988-06-01,1.652,30874
1988-05-31,0.228,30373
1988-05-27,0.228,30304
1988-05-26,-1.054,30235
1988-05-25,-0.807,30557
1988-05-24,-0.976,30805
1988-05-23,2.115,31109
1988-05-20,-1.561,30465
1988-05-19,2.515,30948
1988-05-18,-0.380,30189
1988-05-17,-1.200,30304
1988-05-16,1.756,30672
1988-05-13,0.306,30143
1988-05-12,-0.199,30051
1988-05-11,1.442,30110
1988-05-10,1.176,29682
1988-05-09,0.157,29337
1988-05-06,0.189,29291
1988-05-05,0.554,29236
1988-05-04,-0.629,29075
1988-05-03,-1.625,29259
1988-05-02,0.000,29742
1988-04-29,-0.493,29742
1988-04-28,1.962,29890
1988-04-27,-0.204,29314
1988-04-26,-0.421,29374
1988-04-25,-0.031,29498
1988-04-22,-0.264,29508
1988-04-21,-0.664,29586
1988-04-20,0.810,29784
1988-04-19,-1.155,29544
1988-04-18,0.542,29890
1988-04-15,1.636,29728
1988-04-14,-0.267,29250
1988-04-13,-1.040,29328
1988-04-12,0.546,29636
1988-04-11,-0.156,29475
1988-04-08,-0.697,29521
1988-04-07,-2.166,29728
1988-04-06,-1.887,30387
1988-04-05,-0.326,30971
1988-04-04,0.000,31072
1988-03-31,0.927,31072
1988-03-30,0.768,30787
1988-03-29,-0.165,30552
1988-03-28,0.484,30603
1988-03-25,-0.780,30456
1988-03-24,2.996,30695
1988-03-23,0.668,29802
1988-03-22,1.100,29604
1988-03-21,0.696,29282
1988-03-18,0.159,29080
1988-03-17,-0.942,29034
1988-03-16,1.611,29310
1988-03-15,0.610,28845
1988-03-14,-1.580,28670
1988-03-11,-0.908,29130
1988-03-10,1.510,29397
1988-03-09,-1.348,28960
1988-03-08,0.299,29356
1988-03-07,1.484,29268
1988-03-04,1.081,28840
1988-03-03,-0.657,28532
1988-03-02,0.532,28721
1988-03-01,1.140,28569
1988-02-29,-1.080,28247
1988-02-26,0.065,28555
1988-02-25,-0.689,28537
1988-02-24,-2.055,28734
1988-02-23,-0.157,29337
1988-02-22,0.535,29383
1988-02-19,-1.290,29227
1988-02-18,1.164,29609
1988-02-17,0.157,29268
1988-02-16,1.066,29222
1988-02-12,0.207,28914
1988-02-11,-0.838,28854
1988-02-10,0.477,29098
1988-02-09,-0.506,28960
1988-02-08,-0.986,29107
1988-02-05,0.694,29397
1988-02-04,-0.968,29195
1988-02-03,-3.159,29480
1988-02-02,1.224,30442
1988-02-01,-0.229,30074
1988-01-29,-1.281,30143
1988-01-28,0.318,30534
1988-01-27,-0.136,30437
1988-01-26,-1.911,30479
1988-01-25,0.671,31072
1988-01-22,0.510,30865
1988-01-21,-0.847,30709
1988-01-20,0.433,30971
1988-01-19,0.015,30838
1988-01-18,-1.774,30833
1988-01-15,0.531,31390
1988-01-14,0.310,31224
1988-01-13,-1.356,31127
1988-01-12,-1.903,31555
1988-01-11,2.044,32168
1988-01-08,-2.115,31523
1988-01-07,3.674,32204
1988-01-06,3.846,31063
1988-01-05,-2.035,29913
1988-01-04,-1.000,30534
1987-12-31,0.030,30842
1987-12-30,-1.615,30833
1987-12-29,1.189,31339
1987-12-28,0.000,30971
1987-12-24,-0.459,30971
1987-12-23,-0.324,31114
1987-12-22,0.148,31215
1987-12-21,-0.309,31169
1987-12-18,0.340,31266
1987-12-17,0.834,31160
1987-12-16,-2.822,30902
1987-12-15,-1.847,31799
1987-12-14,0.428,32398
1987-12-11,4.238,32260
1987-12-10,-0.518,30948
1987-12-09,0.820,31109
1987-12-08,1.131,30856
1987-12-07,-3.028,30511
1987-12-04,-1.697,31463
1987-12-03,0.317,32006
1987-12-02,-0.815,31905
1987-12-01,-3.639,32168
1987-11-30,3.569,33382
1987-11-27,1.728,32232
1987-11-25,-0.549,31684
1987-11-24,4.356,31859
1987-11-23,0.515,30529
1987-11-20,-0.677,30373
1987-11-19,-0.270,30580
1987-11-18,-0.937,30663
1987-11-17,2.562,30953
1987-11-16,-2.265,30179
1987-11-13,1.039,30879
1987-11-12,2.327,30561
1987-11-11,1.232,29867
1987-11-10,-3.753,29503
1987-11-09,4.519,30653
1987-11-06,1.400,29328
1987-11-05,-6.751,28923
1987-11-04,-3.091,31017
1987-11-03,-0.643,32006
1987-11-02,1.744,32214
1987-10-30,-3.641,31661
1987-10-29,-4.238,32858
1987-10-28,1.442,34312
1987-10-27,-2.957,33824
1987-10-26,0.638,34855
1987-10-23,0.320,34634
1987-10-22,-0.027,34524
1987-10-21,-4.225,34533
1987-10-20,-5.693,36056
1987-10-19,6.308,38233
1987-10-16,0.000,35964
1987-10-15,1.467,35964
1987-10-14,-0.362,35444
1987-10-13,-1.302,35573
1987-10-12,0.153,36042
1987-10-09,2.169,35987
1987-10-08,0.013,35223
1987-10-07,0.433,35219
1987-10-06,0.687,35067
1987-10-05,0.451,34827
1987-10-02,-0.212,34671
1987-10-01,-1.217,34745
1987-09-30,1.232,35173
1987-09-29,-1.048,34745
1987-09-28,0.793,35113
1987-09-25,-0.864,34837
1987-09-24,1.246,35140
1987-09-23,-1.515,34708
1987-09-22,4.049,35242
1987-09-21,-3.551,33870
1987-09-18,1.625,35117
1987-09-17,-1.470,34556
1987-09-16,-1.154,35071
1987-09-15,2.052,35481
1987-09-14,-3.401,34768
1987-09-11,2.976,35992
1987-09-10,1.038,34952
1987-09-09,-1.636,34593
1987-09-08,-0.495,35168
1987-09-04,0.261,35343
1987-09-03,0.789,35251
1987-09-02,2.013,34975
1987-09-01,-1.285,34284
1987-08-31,0.000,34731
1987-08-28,-2.342,34731
1987-08-27,0.364,35564
1987-08-26,-0.645,35435
1987-08-25,1.773,35665
1987-08-24,0.000,35044
1987-08-21,-1.843,35044
1987-08-20,1.266,35702
1987-08-19,0.538,35255
1987-08-18,1.195,35067
1987-08-17,-1.285,34653
1987-08-14,-2.952,35104
1987-08-13,1.289,36171
1987-08-12,-0.704,35711
1987-08-11,1.047,35964
1987-08-10,-3.143,35591
1987-08-07,-3.714,36746
1987-08-06,-1.625,38164
1987-08-05,-3.436,38794
1987-08-04,1.512,40175
1987-08-03,3.365,39577
1987-07-31,3.935,38288
1987-07-30,-0.262,36838
1987-07-29,3.762,36935
1987-07-28,0.664,35596
1987-07-27,0.013,35361
1987-07-24,-0.801,35357
1987-07-23,0.259,35642
1987-07-22,0.717,35550
1987-07-21,1.913,35297
1987-07-20,-2.387,34634
1987-07-17,-1.002,35481
1987-07-16,1.871,35840
1987-07-15,-0.663,35182
1987-07-14,1.866,35416
1987-07-13,-1.306,34768
1987-07-10,0.301,35228
1987-07-09,3.696,35122
1987-07-08,-1.473,33870
1987-07-07,3.707,34376
1987-07-06,-2.398,33148
1987-07-02,1.096,33962
1987-07-01,2.212,33594
1987-06-30,2.718,32867
1987-06-29,2.100,31997
1987-06-26,-0.307,31339
1987-06-25,-1.712,31436
1987-06-24,2.811,31983
1987-06-23,-3.429,31109
1987-06-22,-6.692,32214
1987-06-19,0.160,34524
1987-06-18,0.201,34468
1987-06-17,-2.530,34399
1987-06-16,2.267,35292
1987-06-15,-5.172,34510
1987-06-12,1.515,36392
1987-06-11,-1.765,35849
1987-06-10,2.787,36493
1987-06-09,-1.845,35504
1987-06-08,-0.254,36171
1987-06-05,3.277,36263
1987-06-04,-0.534,35113
1987-06-03,1.267,35301
1987-06-02,3.216,34860
1987-06-01,-4.502,33774
1987-05-29,2.672,35366
1987-05-28,2.590,34445
1987-05-27,-9.107,33576
1987-05-26,-10.742,36940
1987-05-22,0.201,41385
1987-05-21,-4.318,41302
1987-05-20,3.304,43166
1987-05-19,-3.844,41786
1987-05-18,6.532,43456
1987-05-15,2.474,40792
1987-05-14,-0.518,39807
1987-05-13,0.058,40014
1987-05-12,4.762,39991
1987-05-11,1.282,38173
1987-05-08,1.174,37690
1987-05-07,-1.196,37253
1987-05-06,-8.458,37704
1987-05-05,12.791,41187
1987-05-04,0.000,36516
1987-05-01,-2.338,36516
1987-04-30,-1.539,37391
1987-04-29,-2.285,37975
1987-04-28,-22.700,38863
1987-04-27,19.556,50276
1987-04-24,10.070,42052
1987-04-23,5.879,38205
1987-04-22,-0.026,36084
1987-04-21,9.082,36093
1987-04-20,0.000,33088
1987-04-16,-0.718,33088
1987-04-15,5.415,33327
1987-04-14,-0.290,31615
1987-04-13,-0.145,31707
1987-04-10,3.713,31753
1987-04-09,-0.538,30617
1987-04-08,-0.830,30782
1987-04-07,3.785,31040
1987-04-06,2.298,29908
1987-04-03,0.857,29236
1987-04-02,0.687,28988
1987-04-01,-0.777,28790
1987-03-31,1.220,29015
1987-03-30,4.513,28665
1987-03-27,2.037,27428
1987-03-26,-1.218,26880
1987-03-25,3.519,27211
1987-03-24,2.678,26286
1987-03-23,0.144,25601
1987-03-20,-0.180,25564
1987-03-19,-0.197,25610
1987-03-18,-0.286,25660
1987-03-17,0.576,25734
1987-03-16,-1.767,25587
1987-03-13,1.707,26047
1987-03-12,0.343,25610
1987-03-11,0.380,25522
1987-03-10,-0.450,25426
1987-03-09,0.307,25541
1987-03-06,0.454,25462
1987-03-05,0.603,25347
1987-03-04,0.588,25196
1987-03-03,0.258,25048
1987-03-02,-0.713,24984
1987-02-27,-0.091,25163
1987-02-26,-0.545,25186
1987-02-25,0.972,25324
1987-02-24,-0.511,25081
1987-02-23,0.699,25209
1987-02-20,0.778,25035
1987-02-19,0.148,24841
1987-02-18,-1.119,24804
1987-02-17,0.424,25085
1987-02-13,-1.506,24979
1987-02-12,-0.577,25361
1987-02-11,0.054,25509
1987-02-10,0.181,25495
1987-02-09,-0.611,25449
1987-02-06,1.256,25605
1987-02-05,-0.145,25288
1987-02-04,0.328,25324
1987-02-03,-0.796,25242
1987-02-02,-0.378,25444
1987-01-30,-1.017,25541
1987-01-29,-2.147,25803
1987-01-28,1.867,26369
1987-01-27,1.333,25886
1987-01-26,0.653,25545
1987-01-23,-0.469,25380
1987-01-22,1.205,25499
1987-01-21,-2.197,25196
1987-01-20,-0.920,25762
1987-01-19,1.582,26001
1987-01-16,-0.090,25596
1987-01-15,-0.215,25619
1987-01-14,0.649,25674
1987-01-13,0.635,25509
1987-01-12,2.227,25347
1987-01-09,-0.517,24795
1987-01-08,1.045,24924
1987-01-07,-0.741,24666
1987-01-06,0.596,24850
1987-01-05,0.093,24703
1987-01-02,1.534,24680
1986-12-31,0.133,24307
1986-12-30,-0.809,24275
1986-12-29,0.321,24473
1986-12-26,0.000,24395
1986-12-24,-1.285,24395
1986-12-23,-0.703,24712
1986-12-22,0.614,24887
1986-12-19,0.224,24735
1986-12-18,-0.130,24680
1986-12-17,-1.196,24712
1986-12-16,-0.202,25012
1986-12-15,1.359,25062
1986-12-12,0.374,24726
1986-12-11,0.620,24634
1986-12-10,-0.579,24482
1986-12-09,-0.409,24625
1986-12-08,0.430,24726
1986-12-05,-0.558,24620
1986-12-04,1.261,24758
1986-12-03,-2.209,24450
1986-12-02,-1.128,25002
1986-12-01,2.081,25288
1986-11-28,1.951,24772
1986-11-26,0.667,24298
1986-11-25,-0.285,24137
1986-11-24,-3.398,24206
1986-11-21,-0.256,25058
1986-11-20,-1.693,25122
1986-11-19,-0.305,25555
1986-11-18,-1.538,25633
1986-11-17,-3.100,26033
1986-11-14,1.003,26866
1986-11-13,0.609,26599
1986-11-12,0.122,26438
1986-11-11,-0.830,26406
1986-11-10,1.384,26627
1986-11-07,1.675,26263
1986-11-06,-2.127,25831
1986-11-05,0.052,26392
1986-11-04,1.902,26378
1986-11-03,0.321,25886
1986-10-31,0.179,25803
1986-10-30,0.036,25757
1986-10-29,-1.113,25748
1986-10-28,0.444,26038
1986-10-27,0.213,25923
1986-10-24,-2.919,25867
1986-10-23,-0.498,26645
1986-10-22,0.536,26779
1986-10-21,4.288,26636
1986-10-20,0.817,25541
1986-10-17,-1.149,25334
1986-10-16,-0.197,25628
1986-10-15,-1.064,25679
1986-10-14,-0.230,25955
1986-10-13,0.874,26015
1986-10-10,-2.028,25789
1986-10-09,0.651,26323
1986-10-08,-0.820,26153
1986-10-07,-0.174,26369
1986-10-06,-0.434,26415
1986-10-03,3.687,26530
1986-10-02,-0.197,25587
1986-10-01,0.924,25637
1986-09-30,-2.110,25403
1986-09-29,-2.101,25950
1986-09-26,-2.422,26507
1986-09-25,-0.757,27165
1986-09-24,-0.034,27372
1986-09-23,-1.327,27382
1986-09-22,2.377,27750
1986-09-19,2.292,27105
1986-09-18,-0.724,26498
1986-09-17,-0.566,26691
1986-09-16,0.569,26843
1986-09-15,0.416,26691
1986-09-12,2.230,26581
1986-09-11,-2.249,26001
1986-09-10,1.940,26599
1986-09-09,2.421,26093
1986-09-08,1.299,25476
1986-09-05,3.191,25150
1986-09-04,-2.107,24372
1986-09-03,3.939,24896
1986-09-02,0.677,23953
1986-08-29,0.486,23792
1986-08-28,0.823,23677
1986-08-27,-0.390,23484
1986-08-26,-2.530,23576
1986-08-25,0.000,24188
1986-08-22,2.058,24188
1986-08-21,-0.019,23700
1986-08-20,1.398,23705
1986-08-19,-2.402,23378
1986-08-18,-2.528,23953
1986-08-15,1.136,24574
1986-08-14,-2.852,24298
1986-08-13,0.184,25012
1986-08-12,-1.202,24965
1986-08-11,5.616,25269
1986-08-08,0.561,23925
1986-08-07,-0.251,23792
1986-08-06,0.817,23852
1986-08-05,0.078,23659
1986-08-04,1.723,23640
1986-08-01,0.099,23240
1986-07-31,1.346,23217
1986-07-30,-0.698,22908
1986-07-29,-0.060,23069
1986-07-28,0.120,23083
1986-07-25,0.100,23056
1986-07-24,0.765,23033
1986-07-23,-1.154,22858
1986-07-22,-0.080,23125
1986-07-21,-0.079,23143
1986-07-18,0.020,23162
1986-07-17,-1.042,23157
1986-07-16,1.093,23401
1986-07-15,-0.139,23148
1986-07-14,-0.514,23180
1986-07-11,0.040,23300
1986-07-10,-0.959,23290
1986-07-09,0.137,23516
1986-07-08,0.890,23484
1986-07-07,-0.158,23277
1986-07-03,-0.764,23313
1986-07-02,0.196,23493
1986-07-01,0.991,23447
1986-06-30,0.099,23217
1986-06-27,-0.690,23194
1986-06-26,-0.704,23355
1986-06-25,1.068,23520
1986-06-24,-0.940,23272
1986-06-23,0.118,23493
1986-06-20,0.651,23465
1986-06-19,-0.491,23313
1986-06-18,0.315,23428
1986-06-17,-3.444,23355
1986-06-16,-0.793,24188
1986-06-13,-2.341,24381
1986-06-12,1.821,24965
1986-06-11,0.756,24519
1986-06-10,2.759,24335
1986-06-09,0.019,23682
1986-06-06,-0.039,23677
1986-06-05,0.882,23686
1986-06-04,-0.429,23479
1986-06-03,-1.556,23580
1986-06-02,0.000,23953
1986-05-30,2.259,23953
1986-05-29,-0.489,23424
1986-05-28,0.452,23539
1986-05-27,1.799,23433
1986-05-23,1.481,23019
1986-05-22,0.163,22683
1986-05-21,1.401,22646
1986-05-20,-3.901,22333
1986-05-19,-0.237,23240
1986-05-16,0.040,23295
1986-05-15,-0.472,23286
1986-05-14,-1.435,23396
1986-05-13,-1.207,23737
1986-05-12,0.173,24027
1986-05-09,-0.344,23985
1986-05-08,1.337,24068
1986-05-07,0.311,23751
1986-05-06,0.449,23677
1986-05-05,0.000,23571
1986-05-02,0.235,23571
1986-05-01,0.039,23516
1986-04-30,1.652,23507
1986-04-29,-1.393,23125
1986-04-28,0.473,23451
1986-04-25,-0.666,23341
1986-04-24,-0.293,23497
1986-04-23,-0.078,23566
1986-04-22,-0.698,23585
1986-04-21,-0.940,23751
1986-04-18,-3.519,23976
1986-04-17,0.446,24850
1986-04-16,0.112,24740
1986-04-15,-1.954,24712
1986-04-14,1.238,25205
1986-04-11,1.673,24896
1986-04-10,-0.094,24487
1986-04-09,-0.075,24510
1986-04-08,1.640,24528
1986-04-07,2.662,24133
1986-04-04,-1.295,23507
1986-04-03,1.431,23815
1986-04-02,-1.601,23479
1986-04-01,-7.707,23861
1986-03-31,0.000,25854
1986-03-27,0.862,25854
1986-03-26,-2.741,25633
1986-03-25,0.456,26355
1986-03-24,-0.731,26236
1986-03-21,0.525,26429
1986-03-20,0.387,26291
1986-03-19,-1.061,26190
1986-03-18,1.643,26470
1986-03-17,-0.824,26042
1986-03-14,-1.434,26259
1986-03-13,2.099,26641
1986-03-12,1.070,26093
1986-03-11,1.099,25817
1986-03-10,-1.034,25536
1986-03-07,0.394,25803
1986-03-06,-1.983,25702
1986-03-05,2.353,26222
1986-03-04,-1.469,25619
1986-03-03,-0.300,26001
1986-02-28,-0.404,26079
1986-02-27,-3.330,26185
1986-02-26,-2.646,27087
1986-02-25,2.301,27823
1986-02-24,0.510,27197
1986-02-21,-0.390,27059
1986-02-20,-1.387,27165
1986-02-19,1.959,27547
1986-02-18,1.399,27018
1986-02-14,-1.110,26645
1986-02-13,-0.780,26944
1986-02-12,0.803,27156
1986-02-11,-1.348,26940
1986-02-10,0.953,27308
1986-02-07,-0.373,27050
1986-02-06,0.340,27151
1986-02-05,0.427,27059
1986-02-04,-2.983,26944
1986-02-03,-1.114,27773
1986-01-31,-1.086,28086
1986-01-30,0.390,28394
1986-01-29,0.098,28283
1986-01-28,-1.839,28256
1986-01-27,0.920,28785
1986-01-24,1.440,28523
1986-01-23,-0.521,28118
1986-01-22,-0.840,28265
1986-01-21,1.624,28504
1986-01-20,-1.503,28049
1986-01-17,-1.933,28477
1986-01-16,3.409,29038
1986-01-15,1.581,28081
1986-01-14,-0.825,27644
1986-01-13,-0.867,27874
1986-01-10,3.437,28118
1986-01-09,0.204,27184
1986-01-08,0.855,27128
1986-01-07,0.950,26898
1986-01-06,0.783,26645
1986-01-03,-1.119,26438
1986-01-02,0.172,26737
1985-12-31,-1.142,26691
1985-12-30,1.540,27000
1985-12-27,-0.035,26590
1985-12-26,0.000,26599
1985-12-24,-1.332,26599
1985-12-23,0.515,26958
1985-12-20,0.137,26820
1985-12-19,1.042,26783
1985-12-18,-2.422,26507
1985-12-17,1.027,27165
1985-12-16,-0.528,26889
1985-12-13,1.714,27032
1985-12-12,-0.345,26576
1985-12-11,-0.258,26668
1985-12-10,-2.924,26737
1985-12-09,-1.172,27543
1985-12-06,-0.033,27869
1985-12-05,-0.362,27879
1985-12-04,0.082,27980
1985-12-03,-0.442,27957
1985-12-02,-0.780,28081
1985-11-29,-1.014,28302
1985-11-27,-0.528,28592
1985-11-26,-0.064,28744
1985-11-25,1.576,28762
1985-11-22,-0.276,28316
1985-11-21,-0.065,28394
1985-11-20,1.363,28412
1985-11-19,0.016,28030
1985-11-18,-0.409,28026
1985-11-15,-0.569,28141
1985-11-14,0.408,28302
1985-11-13,0.690,28187
1985-11-12,0.082,27994
1985-11-11,0.629,27971
1985-11-08,-0.330,27796
1985-11-07,-0.247,27888
1985-11-06,0.066,27957
1985-11-05,-0.132,27938
1985-11-04,0.181,27975
1985-11-01,-1.253,27925
1985-10-31,0.163,28279
1985-10-30,-0.648,28233
1985-10-29,0.325,28417
1985-10-28,-0.114,28325
1985-10-25,-0.162,28357
1985-10-24,-0.532,28403
1985-10-23,1.223,28555
1985-10-22,-0.552,28210
1985-10-21,0.114,28366
1985-10-18,0.506,28334
1985-10-17,-1.590,28191
1985-10-16,-0.511,28647
1985-10-15,0.563,28794
1985-10-14,0.000,28633
1985-10-11,-0.128,28633
1985-10-10,-0.844,28670
1985-10-09,0.367,28914
1985-10-08,0.160,28808
1985-10-07,-1.730,28762
1985-10-04,4.485,29268
1985-10-03,0.828,28012
1985-10-02,0.617,27782
1985-10-01,-0.892,27612
1985-09-30,-1.673,27860
1985-09-26,0.277,28334
1985-09-25,-0.535,28256
1985-09-24,0.130,28408
1985-09-23,2.750,28371
1985-09-20,1.146,27612
1985-09-19,0.782,27299
1985-09-18,-2.014,27087
1985-09-17,0.167,27644
1985-09-16,-0.925,27598
1985-09-13,1.305,27855
1985-09-12,-1.158,27497
1985-09-11,0.265,27819
1985-09-10,-0.512,27745
1985-09-09,0.966,27888
1985-09-06,-1.283,27621
1985-09-05,-0.295,27980
1985-09-04,-1.534,28063
1985-09-03,-0.864,28500
1985-08-30,-0.841,28748
1985-08-29,-1.532,28992
1985-08-28,1.491,29443
1985-08-27,1.432,29011
1985-08-26,0.000,28601
1985-08-23,-1.349,28601
1985-08-22,0.881,28992
1985-08-21,-0.240,28739
1985-08-20,-1.988,28808
1985-08-19,0.614,29393
1985-08-16,0.714,29213
1985-08-15,0.687,29006
1985-08-14,-1.106,28808
1985-08-13,0.957,29130
1985-08-12,2.367,28854
1985-08-09,-0.342,28187
1985-08-08,0.589,28283
1985-08-07,-0.456,28118
1985-08-06,-0.712,28247
1985-08-05,0.848,28449
1985-08-02,-1.920,28210
1985-08-01,-1.342,28762
1985-07-31,1.279,29153
1985-07-30,0.337,28785
1985-07-29,2.617,28688
1985-07-26,-0.377,27957
1985-07-25,0.098,28063
1985-07-24,-1.072,28035
1985-07-23,0.539,28339
1985-07-22,0.033,28187
1985-07-19,-1.369,28178
1985-07-18,-0.592,28569
1985-07-17,2.377,28739
1985-07-16,0.329,28072
1985-07-15,0.662,27980
1985-07-12,0.919,27796
1985-07-11,-0.993,27543
1985-07-10,-0.017,27819
1985-07-09,1.939,27823
1985-07-08,0.406,27294
1985-07-05,0.323,27184
1985-07-03,-0.859,27096
1985-07-02,-2.559,27331
1985-07-01,-0.245,28049
1985-06-28,-0.326,28118
1985-06-27,0.163,28210
1985-06-26,-0.455,28164
1985-06-25,0.638,28293
1985-06-24,-0.065,28113
1985-06-21,-2.799,28132
1985-06-20,-2.040,28942
1985-06-19,1.840,29544
1985-06-18,1.514,29011
1985-06-17,-0.433,28578
1985-06-14,1.250,28702
1985-06-13,0.277,28348
1985-06-12,0.081,28270
1985-06-11,0.888,28247
1985-06-10,-0.311,27998
1985-06-07,-0.261,28086
1985-06-06,0.974,28159
1985-06-05,-0.786,27888
1985-06-04,-1.627,28109
1985-06-03,2.038,28573
1985-05-31,-1.201,28003
1985-05-30,2.633,28343
1985-05-29,-1.623,27616
1985-05-28,-0.765,28072
1985-05-24,-0.130,28288
1985-05-23,-0.726,28325
1985-05-22,-0.241,28532
1985-05-21,-5.230,28601
1985-05-20,1.674,30179
1985-05-17,-0.540,29682
1985-05-16,-0.092,29844
1985-05-15,-0.673,29871
1985-05-14,2.832,30074
1985-05-13,1.001,29245
1985-05-10,-0.913,28955
1985-05-09,1.584,29222
1985-05-08,1.725,28767
1985-05-07,-0.244,28279
1985-05-06,0.000,28348
1985-05-03,0.163,28348
1985-05-02,0.000,28302
1985-05-01,-2.721,28302
1985-04-30,1.282,29093
1985-04-29,0.032,28725
1985-04-26,0.889,28716
1985-04-25,0.996,28463
1985-04-24,-3.650,28182
1985-04-23,-1.320,29250
1985-04-22,0.609,29641
1985-04-19,-0.559,29462
1985-04-18,-0.202,29627
1985-04-17,-2.773,29687
1985-04-16,-1.704,30534
1985-04-15,1.275,31063
1985-04-12,-0.195,30672
1985-04-11,0.648,30732
1985-04-10,0.106,30534
1985-04-09,3.725,30502
1985-04-08,0.000,29406
1985-04-04,-1.647,29406
1985-04-03,1.199,29899
1985-04-02,-1.534,29544
1985-04-01,-2.102,30005
1985-03-29,1.447,30649
1985-03-28,-0.364,30212
1985-03-27,5.172,30322
1985-03-26,-0.634,28831
1985-03-25,-1.330,29015
1985-03-22,4.600,29406
1985-03-21,-5.433,28113
1985-03-20,6.918,29728
1985-03-19,5.814,27805
1985-03-18,1.331,26277
1985-03-15,-0.389,25932
1985-03-14,1.562,26033
1985-03-13,0.979,25633
1985-03-12,-2.251,25384
1985-03-11,-0.564,25969
1985-03-08,-0.088,26116
1985-03-07,1.032,26139
1985-03-06,-0.689,25872
1985-03-05,0.372,26052
1985-03-04,0.624,25955
1985-03-01,-1.925,25794
1985-02-28,-0.970,26300
1985-02-27,3.423,26558
1985-02-26,2.385,25679
1985-02-25,-9.167,25081
1985-02-22,-2.692,27612
1985-02-21,-1.027,28376
1985-02-20,0.193,28670
1985-02-19,-1.614,28615
1985-02-15,0.365,29084
1985-02-14,1.466,28978
1985-02-13,-0.177,28560
1985-02-12,2.253,28610
1985-02-11,-0.896,27980
1985-02-08,-0.260,28233
1985-02-07,-0.790,28306
1985-02-06,0.895,28532
1985-02-05,0.098,28279
1985-02-04,-2.478,28251
1985-02-01,-0.553,28969
1985-01-31,2.643,29130
1985-01-30,-1.154,28380
1985-01-29,4.928,28711
1985-01-28,0.000,27363
1985-01-25,-0.735,27363
1985-01-24,-0.910,27566
1985-01-23,-3.280,27819
1985-01-22,0.709,28762
1985-01-21,-0.847,28560
1985-01-18,1.278,28803
1985-01-17,2.743,28440
1985-01-16,0.434,27681
1985-01-15,-0.250,27561
1985-01-14,-1.735,27630
1985-01-11,0.328,28118
1985-01-10,3.607,28026
1985-01-09,-3.243,27050
1985-01-08,4.202,27957
1985-01-07,-4.222,26829
1985-01-04,1.163,28012
1985-01-03,-3.728,27690
1985-01-02,-0.604,28762
1984-12-31,-1.519,28937
1984-12-28,1.672,29383
1984-12-27,-2.028,28900
1984-12-26,0.000,29498
1984-12-24,0.000,29498
1984-12-21,3.055,29498
1984-12-20,-2.630,28624
1984-12-19,1.076,29397
1984-12-18,-3.732,29084
1984-12-17,-1.648,30212
1984-12-14,-2.126,30718
1984-12-13,0.457,31385
1984-12-12,-0.644,31243
1984-12-11,-0.248,31445
1984-12-10,-1.961,31523
1984-12-07,-1.258,32154
1984-12-06,-0.282,32563
1984-12-05,0.396,32655
1984-12-04,1.000,32526
1984-12-03,-0.752,32204
1984-11-30,-1.011,32448
1984-11-29,-0.070,32780
1984-11-28,-3.349,32803
1984-11-27,-1.007,33939
1984-11-26,-0.970,34284
1984-11-23,0.146,34620
1984-11-21,0.428,34570
1984-11-20,-0.690,34422
1984-11-19,-0.999,34662
1984-11-16,0.171,35012
1984-11-15,-0.810,34952
1984-11-14,-2.184,35237
1984-11-13,2.060,36024
1984-11-12,0.722,35297
1984-11-09,-0.975,35044
1984-11-08,-2.038,35389
1984-11-07,3.658,36125
1984-11-06,0.920,34850
1984-11-05,1.200,34533
1984-11-02,3.331,34123
1984-11-01,-0.264,33023
1984-10-31,0.000,33111
1984-10-30,-0.139,33111
1984-10-29,-0.785,33157
1984-10-26,-0.589,33419
1984-10-25,-0.273,33617
1984-10-24,0.965,33709
1984-10-23,1.002,33387
1984-10-22,-0.374,33056
1984-10-19,0.769,33180
1984-10-18,-1.690,32927
1984-10-17,0.165,33493
1984-10-16,0.707,33438
1984-10-15,1.249,33203
1984-10-12,0.155,32793
1984-10-11,0.141,32743
1984-10-10,-1.865,32697
1984-10-09,-0.549,33318
1984-10-08,-3.869,33502
1984-10-05,-0.092,34850
1984-10-04,-0.394,34883
1984-10-03,1.372,35021
1984-10-02,0.725,34547
1984-10-01,0.242,34298
1984-09-28,-0.067,34215
1984-09-27,-1.873,34238
1984-09-26,0.757,34892
1984-09-25,-1.660,34630
1984-09-24,7.141,35214
1984-09-21,0.309,32867
1984-09-20,-0.070,32766
1984-09-19,2.092,32789
1984-09-18,-1.718,32117
1984-09-17,-1.059,32678
1984-09-14,1.299,33028
1984-09-13,-1.419,32605
1984-09-12,-0.042,33074
1984-09-11,0.447,33088
1984-09-10,-0.028,32941
1984-09-07,-0.251,32950
1984-09-06,0.956,33033
1984-09-05,-1.373,32720
1984-09-04,-3.170,33175
1984-08-31,-1.586,34261
1984-08-30,-0.591,34814
1984-08-29,0.000,35021
1984-08-28,0.264,35021
1984-08-27,0.000,34929
1984-08-24,-0.784,34929
1984-08-23,2.000,35205
1984-08-22,0.227,34514
1984-08-21,-3.879,34436
1984-08-20,-0.841,35826
1984-08-17,-0.520,36130
1984-08-16,-0.366,36318
1984-08-15,0.635,36452
1984-08-14,3.757,36222
1984-08-13,-3.792,34910
1984-08-10,5.414,36286
1984-08-09,-0.769,34422
1984-08-08,2.488,34689
1984-08-07,-4.481,33847
1984-08-06,2.122,35435
1984-08-03,2.655,34699
1984-08-02,4.704,33801
1984-08-01,-1.336,32283
1984-07-31,2.775,32720
1984-07-30,-0.959,31836
1984-07-27,-3.562,32145
1984-07-26,0.625,33332
1984-07-25,0.629,33125
1984-07-24,-0.598,32918
1984-07-23,-2.625,33116
1984-07-20,-2.326,34008
1984-07-19,1.830,34818
1984-07-18,-0.375,34192
1984-07-17,-1.804,34321
1984-07-16,2.913,34952
1984-07-13,1.625,33962
1984-07-12,0.875,33419
1984-07-11,-4.523,33129
1984-07-10,4.086,34699
1984-07-09,-4.684,33336
1984-07-06,-2.664,34975
1984-07-05,-4.896,35932
1984-07-03,-1.025,37782
1984-07-02,-1.156,38173
1984-06-29,0.383,38619
1984-06-28,0.060,38472
1984-06-27,-0.120,38449
1984-06-26,-1.842,38495
1984-06-25,-1.446,39218
1984-06-22,1.969,39793
1984-06-21,-1.027,39024
1984-06-20,0.035,39429
1984-06-19,1.481,39416
1984-06-18,-2.428,38840
1984-06-15,-0.518,39807
1984-06-14,-0.115,40014
1984-06-13,0.369,40060
1984-06-12,-3.719,39913
1984-06-11,-1.239,41454
1984-06-08,-1.127,41974
1984-06-07,-0.828,42453
1984-06-06,-0.481,42807
1984-06-05,-0.299,43014
1984-06-04,0.128,43143
1984-06-01,2.664,43088
1984-05-31,-0.437,41970
1984-05-30,-0.456,42154
1984-05-29,0.459,42347
1984-05-25,2.691,42154
1984-05-24,-2.032,41049
1984-05-23,0.187,41901
1984-05-22,-0.699,41822
1984-05-21,2.889,42117
1984-05-18,-1.821,40934
1984-05-17,1.342,41694
1984-05-16,1.188,41141
1984-05-15,0.057,40658
1984-05-14,0.914,40635
1984-05-11,1.685,40267
1984-05-10,-0.520,39600
1984-05-09,0.757,39807
1984-05-08,-5.117,39508
1984-05-07,0.000,41638
1984-05-04,-0.044,41638
1984-05-03,1.027,41657
1984-05-02,0.358,41233
1984-05-01,-0.379,41086
1984-04-30,-1.430,41243
1984-04-27,-1.388,41841
1984-04-26,-0.270,42430
1984-04-25,-1.102,42545
1984-04-24,0.247,43019
1984-04-23,0.000,42913
1984-04-19,1.282,42913
1984-04-18,0.349,42370
1984-04-17,0.328,42223
1984-04-16,0.164,42085
1984-04-13,-1.190,42016
1984-04-12,-0.560,42522
1984-04-11,1.419,42761
1984-04-10,-0.305,42163
1984-04-09,0.934,42292
1984-04-06,-2.828,41901
1984-04-05,0.107,43120
1984-04-04,0.053,43074
1984-04-03,-3.972,43051
1984-04-02,0.953,44832
1984-03-30,-1.581,44409
1984-03-29,4.087,45122
1984-03-28,-0.811,43350
1984-03-27,1.086,43705
1984-03-26,0.053,43235
1984-03-23,-1.417,43212
1984-03-22,-0.314,43833
1984-03-21,0.220,43971
1984-03-20,0.782,43875
1984-03-19,0.350,43534
1984-03-16,0.096,43382
1984-03-15,-4.599,43341
1984-03-14,1.262,45430
1984-03-13,0.588,44864
1984-03-12,-1.823,44602
1984-03-09,2.195,45430
1984-03-08,-2.748,44455
1984-03-07,-1.016,45711
1984-03-06,-0.742,46180
1984-03-05,4.583,46526
1984-03-02,0.436,44487
1984-03-01,-0.156,44294
1984-02-29,-2.281,44363
1984-02-28,3.570,45398
1984-02-27,-1.029,43833
1984-02-24,-1.292,44289
1984-02-23,3.481,44869
1984-02-22,1.749,43359
1984-02-21,2.434,42614
1984-02-17,-1.235,41601
1984-02-16,1.621,42121
1984-02-15,4.187,41450
1984-02-14,-0.655,39784
1984-02-13,-0.344,40046
1984-02-10,-3.514,40184
1984-02-09,0.188,41647
1984-02-08,4.609,41569
1984-02-07,-1.111,39738
1984-02-06,-1.556,40184
1984-02-03,0.453,40819
1984-02-02,1.471,40635
1984-02-01,3.227,40046
1984-01-31,1.750,38794
1984-01-30,1.969,38127
1984-01-27,-0.086,37391
1984-01-26,0.656,37423
1984-01-25,1.279,37179
1984-01-24,-3.403,36710
1984-01-23,-0.446,38003
1984-01-20,0.619,38173
1984-01-19,2.883,37938
1984-01-18,-0.050,36875
1984-01-17,-0.496,36894
1984-01-16,-0.408,37078
1984-01-13,1.506,37230
1984-01-12,-0.623,36677
1984-01-11,-1.110,36908
1984-01-10,2.658,37322
1984-01-09,-6.098,36355
1984-01-06,-0.273,38716
1984-01-05,-0.519,38822
1984-01-04,-5.357,39024
1984-01-03,0.561,41233
1983-12-30,1.193,41003
1983-12-29,0.148,40520
1983-12-28,-0.487,40460
1983-12-27,0.000,40658
1983-12-23,1.052,40658
1983-12-22,-0.478,40235
1983-12-21,1.619,40428
1983-12-20,0.023,39784
1983-12-19,-2.317,39775
1983-12-16,-4.655,40718
1983-12-15,-0.568,42706
1983-12-14,-0.501,42950
1983-12-13,-0.950,43166
1983-12-12,2.378,43580
1983-12-09,-5.718,42568
1983-12-08,2.561,45150
1983-12-07,0.674,44022
1983-12-06,-1.717,43728
1983-12-05,-0.658,44491
1983-12-02,1.587,44786
1983-12-01,-2.345,44087
1983-11-30,8.758,45145
1983-11-29,3.559,41509
1983-11-28,1.812,40083
1983-11-25,0.035,39370
1983-11-23,-0.697,39356
1983-11-22,2.646,39632
1983-11-21,-2.555,38610
1983-11-18,0.291,39623
1983-11-17,-5.033,39508
1983-11-16,-0.254,41601
1983-11-15,1.206,41707
1983-11-14,0.449,41210
1983-11-11,-1.054,41026
1983-11-10,0.727,41463
1983-11-09,-0.974,41164
1983-11-08,2.415,41569
1983-11-07,-0.955,40589
1983-11-04,2.415,40980
1983-11-03,-0.742,40014
1983-11-02,4.659,40313
1983-11-01,-4.233,38518
1983-10-31,-2.910,40221
1983-10-28,4.821,41427
1983-10-27,-9.428,39521
1983-10-26,-1.023,43636
1983-10-25,-0.416,44087
1983-10-24,0.976,44271
1983-10-21,0.179,43843
1983-10-20,-3.939,43764
1983-10-19,-2.126,45559
1983-10-18,-2.740,46549
1983-10-17,-0.307,47860
1983-10-14,1.746,48007
1983-10-13,0.500,47184
1983-10-12,-3.408,46949
1983-10-11,1.227,48606
1983-10-10,1.075,48017
1983-10-07,-0.261,47506
1983-10-06,6.263,47630
1983-10-05,-6.544,44823
1983-10-04,0.212,47961
1983-10-03,-7.473,47860
1983-09-30,-4.030,51726
1983-09-29,-1.621,53898
1983-09-28,0.253,54786
1983-09-27,-1.656,54648
1983-09-26,1.131,55568
1983-09-23,1.315,54947
1983-09-22,-0.775,54234
1983-09-21,0.017,54657
1983-09-20,-0.553,54648
1983-09-19,2.217,54952
1983-09-16,0.447,53760
1983-09-15,-0.979,53520
1983-09-14,-0.886,54050
1983-09-13,-3.423,54533
1983-09-12,0.204,56466
1983-09-09,0.575,56351
1983-09-08,0.222,56029
1983-09-07,-1.874,55904
1983-09-06,1.559,56972
1983-09-02,0.247,56098
1983-09-01,1.418,55960
1983-08-31,-2.266,55177
1983-08-30,0.475,56457
1983-08-29,0.000,56190
1983-08-26,-2.375,56190
1983-08-25,-0.144,57556
1983-08-24,-1.896,57639
1983-08-23,3.126,58753
1983-08-22,1.293,56972
1983-08-19,-1.808,56245
1983-08-18,-0.264,57280
1983-08-17,0.483,57432
1983-08-16,3.457,57156
1983-08-15,2.397,55246
1983-08-12,0.808,53953
1983-08-11,1.307,53520
1983-08-10,-1.230,52830
1983-08-09,0.415,53488
1983-08-08,-0.086,53267
1983-08-05,-2.892,53313
1983-08-04,0.718,54901
1983-08-03,-0.211,54510
1983-08-02,0.551,54625
1983-08-01,-2.800,54326
1983-07-29,-1.660,55890
1983-07-28,-0.081,56834
1983-07-27,-0.571,56880
1983-07-26,2.693,57207
1983-07-25,-1.425,55706
1983-07-22,-2.128,56512
1983-07-21,2.358,57740
1983-07-20,1.030,56410
1983-07-19,1.531,55835
1983-07-18,-0.150,54993
1983-07-15,-1.821,55076
1983-07-14,0.329,56098
1983-07-13,-1.874,55913
1983-07-12,2.500,56981
1983-07-11,0.391,55591
1983-07-08,3.643,55375
1983-07-07,1.664,53428
1983-07-06,-0.523,52554
1983-07-05,-0.735,52830
1983-07-01,-0.285,53221
1983-06-30,-0.275,53373
1983-06-29,0.362,53520
1983-06-28,-5.497,53327
1983-06-27,-0.349,56429
1983-06-24,1.694,56627
1983-06-23,-0.469,55683
1983-06-22,3.552,55946
1983-06-21,1.557,54027
1983-06-20,-1.365,53198
1983-06-17,1.472,53935
1983-06-16,1.334,53152
1983-06-15,-2.681,52453
1983-06-14,-0.136,53898
1983-06-13,-0.043,53971
1983-06-10,4.293,53994
1983-06-09,1.351,51772
1983-06-08,0.090,51081
1983-06-07,-5.416,51035
1983-06-06,-3.854,53958
1983-06-03,-0.449,56121
1983-06-02,-3.884,56374
1983-06-01,-5.906,58652
1983-05-31,2.420,62333
1983-05-27,-0.951,60861
1983-05-26,0.580,61445
1983-05-25,0.264,61091
1983-05-24,4.014,60930
1983-05-23,-4.221,58578
1983-05-20,-0.895,61160
1983-05-19,0.374,61712
1983-05-18,3.055,61482
1983-05-17,-0.015,59659
1983-05-16,0.512,59669
1983-05-13,0.000,59365
1983-05-12,-2.013,59365
1983-05-11,2.189,60584
1983-05-10,2.165,59287
1983-05-09,1.677,58030
1983-05-06,-0.321,57073
1983-05-05,0.761,57257
1983-05-04,1.906,56825
1983-05-03,1.338,55762
1983-05-02,0.000,55025
1983-04-29,1.288,55025
1983-04-28,-4.102,54326
1983-04-27,0.918,56650
1983-04-26,-0.603,56134
1983-04-25,2.105,56475
1983-04-22,-3.244,55311
1983-04-21,4.299,57165
1983-04-20,-2.886,54809
1983-04-19,-0.252,56438
1983-04-18,4.656,56581
1983-04-15,0.945,54064
1983-04-14,3.716,53557
1983-04-13,-1.137,51638
1983-04-12,2.151,52232
1983-04-11,0.826,51132
1983-04-08,-1.095,50713
1983-04-07,-0.340,51275
1983-04-06,1.868,51450
1983-04-05,4.524,50506
1983-04-04,0.000,48320
1983-03-31,-1.427,48320
1983-03-30,2.670,49020
1983-03-29,0.611,47745
1983-03-28,-0.751,47455
1983-03-25,-1.749,47814
1983-03-24,3.322,48665
1983-03-23,-3.443,47101
1983-03-22,3.516,48780
1983-03-21,-3.533,47124
1983-03-18,-0.254,48850
1983-03-17,-1.736,48974
1983-03-16,-3.733,49839
1983-03-15,2.805,51772
1983-03-14,0.672,50359
1983-03-11,-1.002,50023
1983-03-10,3.585,50529
1983-03-09,0.019,48780
1983-03-08,1.145,48771
1983-03-07,-1.114,48219
1983-03-04,-3.162,48762
1983-03-03,-0.500,50354
1983-03-02,2.968,50607
1983-03-01,-8.718,49149
1983-02-28,-11.731,53843
1983-02-25,-2.069,60999
1983-02-24,1.729,62287
1983-02-23,-7.649,61229
1983-02-22,-0.298,66300
1983-02-18,-1.453,66498
1983-02-17,0.418,67478
1983-02-16,-0.450,67197
1983-02-15,3.500,67501
1983-02-14,-0.631,65219
1983-02-11,2.604,65633
1983-02-10,0.506,63967
1983-02-09,-1.915,63645
1983-02-08,2.995,64887
1983-02-07,-3.265,63000
1983-02-04,-1.448,65127
1983-02-03,4.703,66084
1983-02-02,-4.104,63116
1983-02-01,3.488,65817
1983-01-31,3.521,63599
1983-01-28,1.351,61436
1983-01-27,1.401,60617
1983-01-26,1.699,59779
1983-01-25,4.697,58780
1983-01-24,-4.910,56144
1983-01-21,0.250,59043
1983-01-20,-2.365,58896
1983-01-19,3.294,60322
1983-01-18,-2.181,58399
1983-01-17,5.472,59701
1983-01-14,-1.086,56604
1983-01-13,2.811,57225
1983-01-12,-1.039,55660
1983-01-11,1.681,56245
1983-01-10,7.035,55315
1983-01-07,-0.540,51680
1983-01-06,1.730,51960
1983-01-05,0.307,51077
1983-01-04,1.794,50920
1983-01-03,0.000,50023
1982-12-31,-1.673,50023
1982-12-30,-0.495,50874
1982-12-29,4.535,51127
1982-12-28,0.000,48909
1982-12-27,0.000,48909
1982-12-23,-0.766,48909
1982-12-22,2.097,49287
1982-12-21,1.099,48274
1982-12-20,0.738,47750
1982-12-17,-1.905,47400
1982-12-16,1.764,48320
1982-12-15,-4.657,47483
1982-12-14,5.068,49802
1982-12-13,-1.294,47400
1982-12-10,-0.163,48021
1982-12-09,-3.061,48099
1982-12-08,-2.514,49618
1982-12-07,6.705,50897
1982-12-06,-0.576,47699
1982-12-03,2.902,47975
1982-12-02,-0.089,46622
1982-12-01,6.289,46664
1982-11-30,0.084,43902
1982-11-29,3.418,43866
1982-11-26,2.252,42416
1982-11-24,-3.075,41482
1982-11-23,-3.427,42798
1982-11-22,-2.035,44317
1982-11-19,2.524,45237
1982-11-18,-1.459,44123
1982-11-17,2.637,44777
1982-11-16,1.380,43626
1982-11-15,-0.203,43033
1982-11-12,-3.996,43120
1982-11-11,-4.079,44915
1982-11-10,0.325,46825
1982-11-09,-0.812,46673
1982-11-08,-3.374,47055
1982-11-05,0.019,48698
1982-11-04,1.244,48688
1982-11-03,0.966,48090
1982-11-02,1.670,47630
1982-11-01,3.141,46848
1982-10-29,1.127,45421
1982-10-28,-1.414,44915
1982-10-27,-0.503,45559
1982-10-26,-1.211,45789
1982-10-25,-1.832,46351
1982-10-22,-1.940,47216
1982-10-21,5.527,48150
1982-10-20,-3.174,45628
1982-10-19,6.867,47124
1982-10-18,-1.521,44096
1982-10-15,-0.735,44777
1982-10-14,4.666,45108
1982-10-13,-0.794,43097
1982-10-12,3.736,43442
1982-10-11,2.190,41878
1982-10-08,5.161,40980
1982-10-07,2.967,38969
1982-10-06,3.122,37846
1982-10-05,-1.882,36700
1982-10-04,-1.263,37405
1982-10-01,0.476,37883
1982-09-30,-2.927,37704
1982-09-29,2.142,38840
1982-09-28,-2.616,38026
1982-09-27,-4.781,39047
1982-09-24,0.236,41008
1982-09-23,-2.318,40911
1982-09-22,4.453,41882
1982-09-21,0.380,40097
1982-09-20,-3.341,39945
1982-09-17,-1.965,41325
1982-09-16,3.188,42154
1982-09-15,-0.849,40851
1982-09-14,1.970,41201
1982-09-13,0.320,40405
1982-09-10,-6.185,40276
1982-09-09,5.056,42931
1982-09-08,-6.062,40865
1982-09-07,7.420,43502
1982-09-03,13.695,40497
1982-09-02,0.650,35619
1982-09-01,-0.517,35389
1982-08-31,-6.303,35573
1982-08-30,0.000,37966
1982-08-27,2.230,37966
1982-08-26,2.698,37138
1982-08-25,-3.618,36162
1982-08-24,3.860,37520
1982-08-23,5.341,36125
1982-08-20,7.038,34294
1982-08-19,0.029,32039
1982-08-18,9.745,32029
1982-08-17,0.987,29185
1982-08-16,-1.598,28900
1982-08-13,2.161,29370
1982-08-12,0.112,28748
1982-08-11,-3.822,28716
1982-08-10,-1.323,29857
1982-08-09,-3.592,30258
1982-08-06,-1.658,31385
1982-08-05,1.836,31914
1982-08-04,-3.881,31339
1982-08-03,2.860,32605
1982-08-02,3.813,31698
1982-07-30,-0.970,30534
1982-07-29,-4.149,30833
1982-07-28,-3.051,32168
1982-07-27,1.264,33180
1982-07-26,-0.350,32766
1982-07-23,2.584,32881
1982-07-22,-1.178,32052
1982-07-21,9.867,32434
1982-07-20,-2.091,29521
1982-07-19,2.616,30152
1982-07-16,-1.496,29383
1982-07-15,-2.085,29830
1982-07-14,6.090,30465
1982-07-13,-1.047,28716
1982-07-12,1.106,29020
1982-07-09,8.753,28702
1982-07-08,3.688,26392
1982-07-07,-5.614,25453
1982-07-06,-0.255,26967
1982-07-02,2.854,27036
1982-07-01,-0.314,26286
1982-06-30,6.903,26369
1982-06-29,5.098,24666
1982-06-28,-0.449,23470
1982-06-25,-1.952,23576
1982-06-24,3.568,24045
1982-06-23,0.779,23217
1982-06-22,2.142,23037
1982-06-21,-4.650,22554
1982-06-18,-3.347,23654
1982-06-17,-2.332,24473
1982-06-16,-1.180,25058
1982-06-15,-5.245,25357
1982-06-14,-2.220,26760
1982-06-11,1.105,27368
1982-06-10,-0.608,27069
1982-06-09,-2.744,27234
1982-06-08,2.787,28003
1982-06-07,-0.068,27243
1982-06-04,-2.325,27262
1982-06-03,1.591,27911
1982-06-02,-2.067,27474
1982-06-01,-4.091,28053
1982-05-28,-0.610,29250
1982-05-27,-3.077,29429
1982-05-26,1.727,30364
1982-05-25,-1.248,29848
1982-05-24,-1.970,30225
1982-05-21,-0.149,30833
1982-05-20,-0.740,30879
1982-05-19,1.001,31109
1982-05-18,-0.991,30801
1982-05-17,1.654,31109
1982-05-14,0.000,30603
1982-05-13,-0.598,30603
1982-05-12,0.210,30787
1982-05-11,-0.314,30723
1982-05-10,-2.376,30819
1982-05-07,0.882,31569
1982-05-06,-0.293,31293
1982-05-05,-1.131,31385
1982-05-04,-2.295,31744
1982-05-03,0.000,32490
1982-04-30,0.641,32490
1982-04-29,-2.732,32283
1982-04-28,0.600,33189
1982-04-27,-3.004,32991
1982-04-26,2.582,34013
1982-04-23,0.348,33157
1982-04-22,-0.305,33042
1982-04-21,0.153,33143
1982-04-20,-3.799,33092
1982-04-19,-0.532,34399
1982-04-16,0.401,34584
1982-04-15,-1.617,34445
1982-04-14,2.950,35012
1982-04-13,-0.270,34008
1982-04-12,0.000,34100
1982-04-08,-0.870,34100
1982-04-07,1.342,34399
1982-04-06,1.319,33944
1982-04-05,2.391,33502
1982-04-02,0.000,32720
1982-04-01,0.708,32720
1982-03-31,-0.325,32490
1982-03-30,1.041,32595
1982-03-29,-0.694,32260
1982-03-26,-0.014,32485
1982-03-25,-3.089,32490
1982-03-24,1.026,33525
1982-03-23,2.067,33185
1982-03-22,0.929,32513
1982-03-19,-1.823,32214
1982-03-18,0.720,32812
1982-03-17,-0.993,32577
1982-03-16,2.730,32904
1982-03-15,-1.136,32029
1982-03-12,-2.154,32398
1982-03-11,-0.139,33111
1982-03-10,2.855,33157
1982-03-09,-4.564,32237
1982-03-08,-2.497,33778
1982-03-05,0.000,34643
1982-03-04,-3.239,34643
1982-03-03,-1.854,35803
1982-03-02,2.403,36480
1982-03-01,-1.263,35624
1982-02-26,-2.403,36079
1982-02-25,0.917,36967
1982-02-24,1.531,36631
1982-02-23,-3.006,36079
1982-02-22,-2.497,37197
1982-02-19,0.448,38150
1982-02-18,-2.216,37980
1982-02-17,-1.482,38840
1982-02-16,0.575,39425
1982-02-12,-0.491,39199
1982-02-11,-1.155,39393
1982-02-10,3.341,39853
1982-02-09,-1.179,38564
1982-02-08,-0.423,39024
1982-02-05,1.260,39190
1982-02-04,3.089,38702
1982-02-03,1.342,37543
1982-02-02,-0.862,37046
1982-02-01,-1.932,37368
1982-01-29,3.268,38104
1982-01-28,-0.274,36898
1982-01-27,3.196,37000
1982-01-26,0.815,35854
1982-01-25,-2.363,35564
1982-01-22,0.725,36424
1982-01-21,0.537,36162
1982-01-20,-1.076,35969
1982-01-19,1.425,36360
1982-01-18,-1.666,35849
1982-01-15,2.617,36457
1982-01-14,-2.538,35527
1982-01-13,-2.028,36452
1982-01-12,0.999,37207
1982-01-11,-2.616,36838
1982-01-08,1.419,37828
1982-01-07,-1.900,37299
1982-01-06,1.312,38021
1982-01-05,1.154,37529
1982-01-04,-1.128,37101
1981-12-31,1.267,37524
1981-12-30,0.025,37055
1981-12-29,-2.930,37046
1981-12-28,0.000,38164
1981-12-24,-0.084,38164
1981-12-23,-0.456,38196
1981-12-22,-3.495,38371
1981-12-21,-1.482,39761
1981-12-18,-0.623,40359
1981-12-17,1.460,40612
1981-12-16,2.089,40028
1981-12-15,-2.069,39208
1981-12-14,2.317,40037
1981-12-11,0.271,39130
1981-12-10,-1.795,39024
1981-12-09,-1.651,39738
1981-12-08,1.129,40405
1981-12-07,-0.777,39954
1981-12-04,3.099,40267
1981-12-03,4.907,39057
1981-12-02,0.273,37230
1981-12-01,-2.395,37128
1981-11-30,0.413,38040
1981-11-27,0.759,37883
1981-11-25,0.765,37598
1981-11-24,0.971,37312
1981-11-23,-1.954,36954
1981-11-20,-0.073,37690
1981-11-19,0.318,37717
1981-11-18,1.617,37598
1981-11-17,-3.016,37000
1981-11-16,-4.383,38150
1981-11-13,1.073,39899
1981-11-12,-0.545,39475
1981-11-11,-2.981,39692
1981-11-10,-2.426,40911
1981-11-09,0.719,41928
1981-11-06,-0.254,41629
1981-11-05,-0.864,41735
1981-11-04,1.543,42098
1981-11-03,-1.734,41459
1981-11-02,0.526,42191
1981-10-30,2.116,41970
1981-10-29,-2.404,41100
1981-10-28,2.440,42112
1981-10-27,-0.190,41109
1981-10-26,-1.432,41187
1981-10-23,-0.110,41786
1981-10-22,-0.055,41832
1981-10-21,-1.463,41855
1981-10-20,-1.420,42476
1981-10-19,-1.452,43088
1981-10-16,-1.961,43723
1981-10-15,3.925,44597
1981-10-14,0.247,42913
1981-10-13,-1.909,42807
1981-10-12,-0.095,43640
1981-10-09,2.839,43682
1981-10-08,-0.539,42476
1981-10-07,2.666,42706
1981-10-06,-4.299,41597
1981-10-05,1.211,43465
1981-10-02,0.129,42945
1981-10-01,4.134,42890
1981-09-30,-0.776,41187
1981-09-29,2.862,41509
1981-09-28,-8.082,40354
1981-09-25,-2.504,43902
1981-09-24,-3.805,45030
1981-09-23,-1.434,46811
1981-09-22,0.595,47492
1981-09-21,1.978,47211
1981-09-18,-8.959,46295
1981-09-17,1.330,50851
1981-09-16,-1.133,50184
1981-09-15,-1.895,50759
1981-09-14,4.266,51740
1981-09-11,-1.282,49623
1981-09-10,7.193,50267
1981-09-09,1.615,46894
1981-09-08,0.784,46148
1981-09-04,3.732,45789
1981-09-03,2.075,44142
1981-09-02,2.699,43244
1981-09-01,-0.044,42108
1981-08-31,0.000,42126
1981-08-28,3.028,42126
1981-08-27,0.737,40888
1981-08-26,1.379,40589
1981-08-25,-8.325,40037
1981-08-24,0.053,43672
1981-08-21,0.063,43649
1981-08-20,-2.479,43622
1981-08-19,3.130,44731
1981-08-18,5.072,43373
1981-08-17,-3.652,41279
1981-08-14,4.489,42844
1981-08-13,-0.780,41003
1981-08-12,5.005,41325
1981-08-11,2.481,39356
1981-08-10,-1.962,38403
1981-08-07,1.081,39172
1981-08-06,1.703,38753
1981-08-05,0.242,38104
1981-08-04,0.243,38012
1981-08-03,-3.173,37920
1981-07-31,1.165,39162
1981-07-30,0.803,38711
1981-07-29,0.000,38403
1981-07-28,-1.939,38403
1981-07-27,0.591,39162
1981-07-24,-1.799,38932
1981-07-23,-0.977,39646
1981-07-22,1.850,40037
1981-07-21,-3.752,39310
1981-07-20,-0.056,40842
1981-07-17,-1.169,40865
1981-07-16,3.514,41348
1981-07-15,0.000,39945
1981-07-14,-3.769,39945
1981-07-13,1.121,41509
1981-07-10,2.411,41049
1981-07-09,4.599,40083
1981-07-08,-1.723,38320
1981-07-07,3.342,38992
1981-07-06,-1.348,37731
1981-07-02,-1.645,38247
1981-07-01,1.807,38886
1981-06-30,-3.331,38196
1981-06-29,-6.674,39512
1981-06-26,-7.080,42338
1981-06-25,-2.067,45564
1981-06-24,-1.289,46526
1981-06-23,1.688,47133
1981-06-22,1.635,46351
1981-06-19,-0.652,45605
1981-06-18,-0.845,45904
1981-06-17,-0.887,46295
1981-06-16,-3.700,46710
1981-06-15,0.669,48504
1981-06-12,3.153,48182
1981-06-11,-0.480,46710
1981-06-10,-0.498,46935
1981-06-09,1.475,47170
1981-06-08,1.071,46484
1981-06-05,-0.359,45992
1981-06-04,-4.467,46157
1981-06-03,0.181,48316
1981-06-02,-1.808,48228
1981-06-01,0.831,49116
1981-05-29,0.227,48711
1981-05-28,3.135,48601
1981-05-27,-0.919,47124
1981-05-26,-2.967,47561
1981-05-22,-1.671,49015
1981-05-21,-1.078,49848
1981-05-20,0.119,50391
1981-05-19,-0.073,50331
1981-05-18,0.367,50368
1981-05-15,0.331,50184
1981-05-14,-1.343,50018
1981-05-13,-0.748,50699
1981-05-12,-2.802,51081
1981-05-11,2.837,52554
1981-05-08,1.787,51104
1981-05-07,-0.719,50207
1981-05-06,1.002,50571
1981-05-05,-2.246,50069
1981-05-04,0.000,51220
1981-05-01,0.587,51220
1981-04-30,0.308,50920
1981-04-29,-1.324,50764
1981-04-28,-0.463,51445
1981-04-27,-1.439,51684
1981-04-24,0.396,52439
1981-04-23,-1.732,52232
1981-04-22,3.774,53152
1981-04-21,0.180,51220
1981-04-20,0.000,51127
1981-04-16,-0.980,51127
1981-04-15,-0.532,51634
1981-04-14,3.014,51910
1981-04-13,-3.947,50391
1981-04-10,-1.851,52462
1981-04-09,-2.885,53451
1981-04-08,0.000,55039
1981-04-07,-3.001,55039
1981-04-06,1.232,56742
1981-04-03,-0.164,56052
1981-04-02,1.413,56144
1981-04-01,-2.433,55361
1981-03-31,-1.565,56742
1981-03-30,-4.745,57644
1981-03-27,2.057,60515
1981-03-26,-1.491,59296
1981-03-25,2.992,60193
1981-03-24,-4.597,58445
1981-03-23,3.186,61261
1981-03-20,-0.609,59370
1981-03-19,0.972,59733
1981-03-18,3.502,59158
1981-03-17,-0.401,57156
1981-03-16,2.693,57386
1981-03-13,3.433,55881
1981-03-12,-0.085,54027
1981-03-11,-3.173,54073
1981-03-10,2.813,55844
1981-03-09,2.190,54317
1981-03-06,2.575,53152
1981-03-05,-5.931,51818
1981-03-04,3.457,55085
1981-03-03,-0.259,53244
1981-03-02,-7.422,53382
1981-02-27,-0.634,57662
1981-02-26,-3.000,58030
1981-02-25,-0.146,59825
1981-02-24,0.146,59913
1981-02-23,-1.879,59825
1981-02-20,1.994,60971
1981-02-19,-1.359,59779
1981-02-18,-0.992,60603
1981-02-17,4.856,61210
1981-02-13,-2.498,58376
1981-02-12,-2.532,59871
1981-02-11,-3.729,61427
1981-02-10,-0.252,63806
1981-02-09,4.120,63967
1981-02-06,1.121,61436
1981-02-05,-0.960,60755
1981-02-04,6.897,61344
1981-02-03,-2.995,57386
1981-02-02,-2.243,59158
1981-01-30,0.766,60515
1981-01-29,-3.154,60055
1981-01-28,-0.370,62011
1981-01-27,0.933,62241
1981-01-26,-5.700,61666
1981-01-23,-5.013,65393
1981-01-22,-2.560,68845
1981-01-21,2.558,70653
1981-01-20,0.747,68891
1981-01-19,-0.275,68380
1981-01-16,-1.637,68569
1981-01-15,0.987,69710
1981-01-14,0.254,69029
1981-01-13,0.965,68854
1981-01-12,-5.189,68196
1981-01-09,1.494,71928
1981-01-08,-2.532,70870
1981-01-07,-3.085,72711
1981-01-06,3.184,75025
1981-01-05,1.935,72711
1981-01-02,0.000,71330
1980-12-31,-0.577,71330
1980-12-30,-3.813,71744
1980-12-29,-1.770,74588
1980-12-26,0.000,75932
1980-12-24,2.180,75932
1980-12-23,1.496,74312
1980-12-22,3.987,73217
1980-12-19,-1.923,70410
1980-12-18,3.243,71790
1980-12-17,4.567,69535
1980-12-16,-9.676,66498
1980-12-15,11.874,73622
1980-12-12,-3.891,65808
1980-12-11,-7.670,68472
1980-12-10,-6.308,74160
1980-12-09,-1.314,79153
1980-12-08,-3.440,80207
1980-12-05,-3.072,83065
1980-12-04,0.823,85697
1980-12-03,-0.806,84998
1980-12-02,-1.492,85688
1980-12-01,2.606,86986
1980-11-28,-0.792,84777
1980-11-26,3.506,85453
1980-11-25,-5.604,82559
1980-11-24,-1.324,87460
1980-11-21,-0.176,88633
1980-11-20,2.085,88790
1980-11-19,2.689,86977
1980-11-18,1.422,84699
1980-11-17,-2.114,83511
1980-11-14,1.195,85315
1980-11-13,1.048,84307
1980-11-12,3.011,83433
1980-11-11,-5.126,80994
1980-11-10,6.006,85370
1980-11-07,-7.162,80534
1980-11-06,-6.219,86746
1980-11-05,6.745,92499
1980-11-03,-0.238,86654
1980-10-31,-2.971,86861
1980-10-30,1.715,89521
1980-10-29,2.602,88012
1980-10-28,-1.376,85780
1980-10-27,-0.158,86977
1980-10-24,-0.368,87115
1980-10-23,-4.523,87437
1980-10-22,1.067,91578
1980-10-21,-2.283,90612
1980-10-20,-2.184,92729
1980-10-17,-1.905,94800
1980-10-16,-0.143,96641
1980-10-15,1.756,96779
1980-10-14,-2.789,95108
1980-10-13,-0.978,97837
1980-10-10,0.459,98803
1980-10-09,3.246,98353
1980-10-08,-0.719,95260
1980-10-07,1.707,95950
1980-10-06,2.963,94340
1980-10-03,-6.085,91624
1980-10-02,-2.538,97561
1980-10-01,6.102,100101
1980-09-30,-3.796,94344
1980-09-29,-4.182,98067
1980-09-26,3.925,102347
1980-09-25,-9.091,98481
1980-09-24,1.247,108329
1980-09-23,1.440,106995
1980-09-22,9.403,105476
1980-09-19,0.096,96410
1980-09-18,-3.770,96318
1980-09-17,9.960,100092
1980-09-16,0.274,91026
1980-09-15,-8.887,90778
1980-09-12,11.483,99632
1980-09-11,-1.511,89370
1980-09-10,5.163,90741
1980-09-09,3.591,86286
1980-09-08,6.289,83295
1980-09-05,4.588,78366
1980-09-04,0.475,74929
1980-09-03,0.117,74574
1980-09-02,0.785,74487
1980-08-29,-0.619,73907
1980-08-28,0.591,74367
1980-08-27,-0.217,73930
1980-08-26,-0.556,74091
1980-08-25,0.000,74505
1980-08-22,-0.216,74505
1980-08-21,1.845,74666
1980-08-20,0.753,73313
1980-08-19,2.138,72766
1980-08-18,-2.390,71243
1980-08-15,0.183,72987
1980-08-14,0.196,72853
1980-08-13,0.958,72711
1980-08-12,-0.064,72020
1980-08-11,-3.106,72066
1980-08-08,0.074,74376
1980-08-07,1.572,74321
1980-08-06,-1.058,73171
1980-08-05,2.520,73953
1980-08-04,0.416,72135
1980-08-01,-1.077,71836
1980-07-31,-3.071,72619
1980-07-30,-0.550,74919
1980-07-29,0.000,75334
1980-07-28,-1.682,75334
1980-07-25,2.949,76622
1980-07-24,1.335,74427
1980-07-23,3.281,73447
1980-07-22,-0.720,71114
1980-07-21,1.328,71629
1980-07-18,-3.916,70690
1980-07-17,0.232,73571
1980-07-16,2.903,73401
1980-07-15,-2.510,71330
1980-07-14,-1.858,73166
1980-07-11,-1.759,74551
1980-07-10,-3.023,75886
1980-07-09,-2.612,78251
1980-07-08,3.929,80350
1980-07-07,0.197,77312
1980-07-03,-3.047,77161
1980-07-02,1.129,79586
1980-07-01,2.096,78698
1980-06-30,3.014,77082
1980-06-27,1.000,74827
1980-06-26,0.180,74087
1980-06-25,3.878,73953
1980-06-24,0.032,71192
1980-06-23,-1.560,71169
1980-06-20,1.355,72296
1980-06-19,-1.818,71330
1980-06-18,1.852,72651
1980-06-17,-3.125,71330
1980-06-16,-0.929,73631
1980-06-13,5.556,74321
1980-06-12,-1.035,70410
1980-06-11,-0.897,71146
1980-06-10,-12.605,71790
1980-06-09,4.846,82145
1980-06-06,6.406,78348
1980-06-05,5.611,73631
1980-06-04,6.939,69719
1980-06-03,-3.297,65196
1980-06-02,6.934,67418
1980-05-30,4.820,63046
1980-05-29,-6.509,60147
1980-05-28,13.659,64335
1980-05-27,8.141,56604
1980-05-23,4.444,52342
1980-05-22,-9.258,50115
1980-05-21,0.008,55228
1980-05-20,-3.226,55223
1980-05-19,-3.087,57064
1980-05-16,0.180,58882
1980-05-15,-2.243,58776
1980-05-14,2.390,60124
1980-05-13,0.157,58721
1980-05-12,-2.075,58629
1980-05-09,-1.663,59871
1980-05-08,4.173,60884
1980-05-07,-5.224,58445
1980-05-06,2.290,61666
1980-05-05,0.000,60285
1980-05-02,9.167,60285
1980-05-01,-13.257,55223
1980-04-30,-0.260,63663
1980-04-29,0.873,63829
1980-04-28,-11.405,63277
1980-04-25,8.905,71422
1980-04-24,1.793,65582
1980-04-23,3.245,64427
1980-04-22,-4.507,62402
1980-04-21,-2.600,65347
1980-04-18,-1.159,67092
1980-04-17,0.000,67879
1980-04-16,1.368,67879
1980-04-15,-8.138,66963
1980-04-14,1.408,72895
1980-04-11,0.515,71882
1980-04-10,-11.705,71514
1980-04-09,5.897,80994
1980-04-08,12.678,76484
1980-04-07,0.000,67879
1980-04-03,-1.601,67879
1980-04-02,-11.772,68983
1980-04-01,25.908,78187
1980-03-31,-3.545,62098
1980-03-28,-12.562,64381
1980-03-27,-18.575,73631
1980-03-26,-7.551,90428
1980-03-25,-7.787,97814
1980-03-24,9.605,106075
1980-03-21,-6.947,96779
1980-03-20,9.443,104004
1980-03-19,24.398,95030
1980-03-18,-12.678,76392
1980-03-17,-17.384,87483
1980-03-14,-14.778,105890
1980-03-13,-8.938,124252
1980-03-12,5.329,136447
1980-03-11,-8.061,129544
1980-03-10,-5.646,140902
1980-03-07,-8.689,149333
1980-03-06,-2.126,163543
1980-03-05,4.821,167096
1980-03-04,-0.317,159411
1980-03-03,-2.168,159917
1980-02-29,1.457,163461
1980-02-28,6.091,161114
1980-02-27,-1.493,151864
1980-02-26,2.134,154165
1980-02-25,-1.205,150943
1980-02-22,-0.896,152784
1980-02-21,11.667,154165
1980-02-20,-15.134,138058
1980-02-19,-2.099,162678
1980-02-15,-3.540,166167
1980-02-14,-3.672,172264
1980-02-13,-1.595,178831
1980-02-12,-1.888,181730
1980-02-11,9.375,185228
1980-02-08,-3.916,169351
1980-02-07,-2.096,176254
1980-02-06,15.894,180028
1980-02-05,-2.159,155338
1980-02-04,-2.305,158767
1980-02-01,0.096,162513
1980-01-31,-5.542,162356
1980-01-30,0.946,171882
1980-01-29,4.816,170272
1980-01-28,-7.833,162448
1980-01-25,-7.711,176254
1980-01-24,7.854,190980
1980-01-23,-7.394,177073
1980-01-22,-15.204,191210
1980-01-21,-0.910,225495
1980-01-18,14.072,227566
1980-01-17,-9.710,199494
1980-01-16,9.118,220948
1980-01-15,10.692,202485
1980-01-14,8.577,182927
1980-01-11,7.819,168477
1980-01-10,2.428,156259
1980-01-09,-1.104,152554
1980-01-08,-14.051,154257
1980-01-07,19.084,179475
1980-01-04,-11.486,150713
1980-01-03,-7.384,170272
1980-01-02,24.068,183847
1979-12-31,15.619,148182
1979-12-28,1.236,128164
1979-12-27,11.829,126599
1979-12-26,0.000,113208
1979-12-24,4.949,113208
1979-12-21,-0.255,107869
1979-12-20,-1.550,108145
1979-12-19,2.861,109848
1979-12-18,7.435,106792
1979-12-17,3.349,99402
1979-12-14,1.862,96180
1979-12-13,1.877,94422
1979-12-12,1.461,92683
1979-12-11,4.424,91348
1979-12-10,-0.502,87478
1979-12-07,-2.426,87920
1979-12-06,2.513,90106
1979-12-05,-2.127,87897
1979-12-04,-1.836,89807
1979-12-03,4.632,91486
1979-11-30,1.822,87437
1979-11-29,3.840,85872
1979-11-28,7.528,82697
1979-11-27,2.654,76908
1979-11-26,1.244,74919
1979-11-23,-2.249,73999
1979-11-21,1.356,75702
1979-11-20,-0.916,74689
1979-11-19,1.111,75380
1979-11-16,0.621,74551
1979-11-15,0.249,74091
1979-11-14,-0.925,73907
1979-11-13,-1.459,74597
1979-11-12,0.274,75702
1979-11-09,0.030,75495
1979-11-08,-2.031,75472
1979-11-07,1.270,77036
1979-11-06,2.037,76070
1979-11-05,1.155,74551
1979-11-02,-1.869,73700
1979-11-01,-1.687,75104
1979-10-31,3.679,76392
1979-10-30,1.387,73682
1979-10-29,-4.233,72674
1979-10-26,-3.691,75886
1979-10-25,-0.511,78794
1979-10-24,1.140,79199
1979-10-23,-2.487,78306
1979-10-22,0.791,80304
1979-10-19,6.804,79673
1979-10-18,-3.512,74597
1979-10-17,-3.802,77312
1979-10-16,-1.556,80368
1979-10-15,4.507,81638
1979-10-12,1.374,78118
1979-10-11,-0.917,77059
1979-10-10,4.321,77773
1979-10-09,5.882,74551
1979-10-08,0.000,70410
1979-10-05,2.685,70410
1979-10-04,-12.353,68569
1979-10-03,-6.077,78233
1979-10-02,5.910,83295
1979-10-01,5.169,78647
1979-09-28,-0.368,74781
1979-09-27,10.802,75058
1979-09-26,-0.203,67740
1979-09-25,-7.812,67879
1979-09-24,13.968,73631
1979-09-21,-14.915,64607
1979-09-20,6.589,75932
1979-09-19,-15.424,71238
1979-09-18,36.590,84229
1979-09-17,3.077,61666
1979-09-14,8.869,59825
1979-09-13,-2.800,54952
1979-09-12,0.614,56535
1979-09-11,0.082,56190
1979-09-10,4.078,56144
1979-09-07,-6.583,53944
1979-09-06,9.303,57745
1979-09-05,4.859,52830
1979-09-04,6.085,50382
1979-08-31,-0.635,47492
1979-08-30,3.015,47796
1979-08-29,1.337,46397
1979-08-28,1.978,45785
1979-08-27,0.000,44896
1979-08-24,2.738,44896
1979-08-23,-0.189,43700
1979-08-22,3.876,43783
1979-08-21,0.109,42149
1979-08-20,-1.060,42103
1979-08-17,2.008,42554
1979-08-16,-0.253,41717
1979-08-15,2.840,41822
1979-08-14,-2.773,40667
1979-08-13,-0.460,41827
1979-08-10,1.388,42020
1979-08-09,2.399,41445
1979-08-08,0.148,40474
1979-08-07,-0.880,40414
1979-08-06,-1.577,40773
1979-08-03,-1.348,41427
1979-08-02,0.330,41993
1979-08-01,0.132,41855
1979-07-31,-2.668,41799
1979-07-30,-1.779,42945
1979-07-27,0.169,43723
1979-07-26,1.281,43649
1979-07-25,-2.265,43097
1979-07-24,0.220,44096
1979-07-23,2.773,43999
1979-07-20,-0.524,42812
1979-07-19,-2.217,43037
1979-07-18,1.734,44013
1979-07-17,3.661,43263
1979-07-16,1.648,41735
1979-07-13,-2.863,41058
1979-07-12,0.713,42269
1979-07-11,0.863,41970
1979-07-10,1.687,41611
1979-07-09,-0.437,40920
1979-07-06,1.052,41100
1979-07-05,2.744,40672
1979-07-03,-1.092,39586
1979-07-02,1.886,40023
1979-06-29,0.094,39282
1979-06-28,-1.205,39245
1979-06-27,-0.081,39724
1979-06-26,-2.085,39756
1979-06-25,0.777,40603
1979-06-22,0.945,40290
1979-06-21,0.266,39913
1979-06-20,2.367,39807
1979-06-19,-0.366,38886
1979-06-18,0.012,39029
1979-06-15,0.713,39024
1979-06-14,1.519,38748
1979-06-13,-1.823,38168
1979-06-12,-2.041,38877
1979-06-11,1.566,39687
1979-06-08,0.533,39075
1979-06-07,-2.223,38868
1979-06-06,1.695,39751
1979-06-05,0.759,39089
1979-06-04,-2.363,38794
1979-06-01,-1.573,39733
1979-05-31,1.176,40368
1979-05-30,-3.085,39899
1979-05-29,2.345,41169
1979-05-25,1.782,40225
1979-05-24,-0.140,39521
1979-05-23,0.703,39577
1979-05-22,1.293,39301
1979-05-21,1.200,38799
1979-05-18,-0.703,38339
1979-05-17,-0.415,38610
1979-05-16,-0.508,38771
1979-05-15,2.419,38969
1979-05-14,-1.006,38049
1979-05-11,-0.275,38435
1979-05-10,3.166,38541
1979-05-09,-2.004,37358
1979-05-08,3.434,38122
1979-05-07,0.000,36857
1979-05-04,1.047,36857
1979-05-03,0.507,36475
1979-05-02,-1.671,36291
1979-05-01,4.823,36908
1979-04-30,1.070,35209
1979-04-27,0.812,34837
1979-04-26,0.887,34556
1979-04-25,-0.040,34252
1979-04-24,1.237,34266
1979-04-23,-0.217,33847
1979-04-20,-1.981,33921
1979-04-19,1.745,34607
1979-04-18,0.695,34013
1979-04-17,-0.623,33778
1979-04-16,0.000,33990
1979-04-12,-1.782,33990
1979-04-11,-0.765,34607
1979-04-10,1.161,34873
1979-04-09,1.326,34473
1979-04-06,0.027,34022
1979-04-05,0.818,34013
1979-04-04,-1.332,33737
1979-04-03,-0.415,34192
1979-04-02,0.107,34335
1979-03-30,-0.693,34298
1979-03-29,-1.754,34538
1979-03-28,-1.126,35154
1979-03-27,0.743,35555
1979-03-26,1.509,35292
1979-03-23,-0.343,34768
1979-03-22,2.793,34887
1979-03-21,0.696,33939
1979-03-20,-0.408,33705
1979-03-19,0.123,33843
1979-03-16,2.857,33801
1979-03-15,-0.307,32862
1979-03-14,0.519,32964
1979-03-13,-1.900,32793
1979-03-12,0.235,33428
1979-03-09,0.291,33350
1979-03-08,-2.047,33254
1979-03-07,-0.203,33948
1979-03-06,0.326,34017
1979-03-05,-4.137,33907
1979-03-02,0.813,35370
1979-03-01,-0.845,35085
1979-02-28,2.479,35384
1979-02-27,-3.200,34528
1979-02-26,0.428,35670
1979-02-23,-1.064,35518
1979-02-22,-0.624,35900
1979-02-21,2.120,36125
1979-02-20,4.585,35375
1979-02-16,1.170,33824
1979-02-15,4.517,33433
1979-02-14,-2.346,31988
1979-02-13,-3.354,32757
1979-02-12,5.154,33893
1979-02-09,-6.800,32232
1979-02-08,2.847,34584
1979-02-07,3.469,33626
1979-02-06,-0.226,32499
1979-02-05,6.999,32572
1979-02-02,-0.436,30442
1979-02-01,-0.998,30575
1979-01-31,1.759,30884
1979-01-30,-0.182,30350
1979-01-29,0.901,30405
1979-01-26,0.245,30133
1979-01-25,1.903,30060
1979-01-24,2.135,29498
1979-01-23,-0.869,28882
1979-01-22,1.426,29135
1979-01-19,0.531,28725
1979-01-18,0.210,28573
1979-01-17,2.549,28514
1979-01-16,1.683,27805
1979-01-15,0.118,27345
1979-01-12,-0.968,27312
1979-01-11,0.217,27579
1979-01-10,-0.648,27520
1979-01-09,0.166,27699
1979-01-08,0.418,27653
1979-01-05,0.033,27538
1979-01-04,-0.117,27529
1979-01-03,-1.545,27561
1979-01-02,1.030,27994
1978-12-29,-0.116,27708
1978-12-28,0.651,27740
1978-12-27,0.605,27561
1978-12-26,0.000,27395
1978-12-22,0.168,27395
1978-12-21,-0.635,27349
1978-12-20,-0.730,27524
1978-12-19,0.753,27727
1978-12-18,1.701,27520
1978-12-15,0.187,27059
1978-12-14,0.256,27009
1978-12-13,0.171,26940
1978-12-12,-0.932,26894
1978-12-11,0.700,27147
1978-12-08,0.017,26958
1978-12-07,0.274,26954
1978-12-06,-0.409,26880
1978-12-05,-1.296,26990
1978-12-04,-0.118,27345
1978-12-01,0.694,27377
1978-11-30,0.187,27188
1978-11-29,-1.223,27138
1978-11-28,-0.765,27474
1978-11-27,-0.348,27685
1978-11-24,1.513,27782
1978-11-22,0.321,27368
1978-11-21,0.051,27280
1978-11-20,2.597,27266
1978-11-17,1.834,26576
1978-11-16,-1.767,26098
1978-11-15,-1.451,26567
1978-11-14,2.413,26958
1978-11-13,-0.122,26323
1978-11-10,-1.513,26355
1978-11-09,-1.223,26760
1978-11-08,0.529,27092
1978-11-07,1.403,26949
1978-11-06,-0.534,26576
1978-11-03,-0.820,26719
1978-11-02,-4.565,26940
1978-11-01,-2.075,28228
1978-10-31,0.240,28827
1978-10-30,2.191,28757
1978-10-27,0.065,28141
1978-10-26,2.948,28122
1978-10-25,1.836,27317
1978-10-24,-1.437,26825
1978-10-23,-0.186,27216
1978-10-20,0.101,27266
1978-10-19,-1.169,27239
1978-10-18,0.352,27561
1978-10-17,1.290,27464
1978-10-16,-0.658,27115
1978-10-13,-1.364,27294
1978-10-12,0.636,27671
1978-10-11,-0.234,27497
1978-10-10,3.330,27561
1978-10-09,-0.702,26673
1978-10-06,-0.120,26861
1978-10-05,-0.154,26894
1978-10-04,1.491,26935
1978-10-03,1.657,26539
1978-10-02,0.088,26107
1978-09-29,-0.141,26084
1978-09-28,0.318,26121
1978-09-27,-1.257,26038
1978-09-26,0.650,26369
1978-09-25,1.299,26199
1978-09-22,-1.021,25863
1978-09-21,0.531,26130
1978-09-20,0.857,25992
1978-09-19,0.883,25771
1978-09-18,-0.359,25545
1978-09-15,-0.536,25637
1978-09-14,1.486,25775
1978-09-13,0.364,25398
1978-09-12,0.512,25306
1978-09-11,-0.455,25177
1978-09-08,-0.471,25292
1978-09-07,-0.701,25412
1978-09-06,-0.018,25591
1978-09-05,0.779,25596
1978-09-01,-0.217,25398
1978-08-31,0.018,25453
1978-08-30,1.748,25449
1978-08-29,0.704,25012
1978-08-28,0.000,24837
1978-08-25,-0.991,24837
1978-08-24,1.831,25085
1978-08-23,-1.906,24634
1978-08-22,0.925,25113
1978-08-21,-2.436,24883
1978-08-18,0.308,25504
1978-08-17,-2.385,25426
1978-08-16,-1.445,26047
1978-08-15,1.198,26429
1978-08-14,0.817,26116
1978-08-11,2.513,25904
1978-08-10,-1.613,25269
1978-08-09,0.000,25683
1978-08-08,0.090,25683
1978-08-07,1.014,25660
1978-08-04,-0.576,25403
1978-08-03,-0.839,25550
1978-08-02,-2.047,25766
1978-08-01,2.566,26305
1978-07-31,-0.447,25647
1978-07-28,2.640,25762
1978-07-27,-0.836,25099
1978-07-26,0.806,25311
1978-07-25,-1.445,25108
1978-07-24,2.272,25476
1978-07-21,2.074,24910
1978-07-20,1.164,24404
1978-07-19,0.095,24123
1978-07-18,-0.267,24100
1978-07-17,-0.662,24165
1978-07-14,-0.714,24326
1978-07-13,0.605,24501
1978-07-12,0.095,24353
1978-07-11,0.095,24330
1978-07-10,0.879,24307
1978-07-07,-0.589,24096
1978-07-06,-0.604,24238
1978-07-05,0.512,24386
1978-07-03,-0.095,24261
1978-06-30,-1.235,24284
1978-06-29,-0.558,24588
1978-06-28,0.599,24726
1978-06-27,0.206,24579
1978-06-26,0.000,24528
1978-06-23,0.169,24528
1978-06-22,-0.949,24487
1978-06-21,-0.611,24722
1978-06-20,1.617,24873
1978-06-19,-0.225,24478
1978-06-16,1.388,24533
1978-06-15,-1.332,24197
1978-06-14,1.216,24524
1978-06-13,0.381,24229
1978-06-12,-0.304,24137
1978-06-09,-0.811,24211
1978-06-08,-0.915,24409
1978-06-07,0.981,24634
1978-06-06,-0.768,24395
1978-06-05,-1.982,24584
1978-06-02,0.907,25081
1978-06-01,-1.189,24855
1978-05-31,1.978,25154
1978-05-30,2.859,24666
1978-05-26,0.852,23981
1978-05-25,-0.270,23778
1978-05-24,-0.193,23843
1978-05-23,-0.326,23889
1978-05-22,0.135,23967
1978-05-19,1.128,23935
1978-05-18,0.547,23668
1978-05-17,0.294,23539
1978-05-16,0.592,23470
1978-05-15,-0.354,23332
1978-05-12,-0.664,23415
1978-05-11,1.205,23571
1978-05-10,0.297,23290
1978-05-09,-0.099,23221
1978-05-08,-0.708,23244
1978-05-05,0.118,23410
1978-05-04,0.694,23382
1978-05-03,1.386,23221
1978-05-02,-0.420,22904
1978-05-01,0.000,23000
1978-04-28,0.000,23000
1978-04-27,0.563,23000
1978-04-26,1.098,22872
1978-04-25,-1.285,22623
1978-04-24,-1.092,22918
1978-04-21,0.983,23171
1978-04-20,-2.503,22945
1978-04-19,0.788,23534
1978-04-18,-1.303,23350
1978-04-17,-1.495,23659
1978-04-14,-0.798,24017
1978-04-13,-0.979,24211
1978-04-12,0.720,24450
1978-04-11,0.438,24275
1978-04-10,0.095,24169
1978-04-07,-1.631,24146
1978-04-06,1.176,24547
1978-04-05,-1.532,24261
1978-04-04,-1.163,24639
1978-04-03,1.347,24929
1978-03-31,1.002,24597
1978-03-30,-1.508,24353
1978-03-29,-0.629,24726
1978-03-28,2.483,24883
1978-03-27,0.000,24280
1978-03-23,0.553,24280
1978-03-22,1.489,24146
1978-03-21,-2.342,23792
1978-03-20,-2.934,24363
1978-03-17,0.683,25099
1978-03-16,-0.221,24929
1978-03-15,-0.913,24984
1978-03-14,3.222,25214
1978-03-13,1.394,24427
1978-03-10,-1.077,24091
1978-03-09,-0.545,24353
1978-03-08,4.827,24487
1978-03-07,1.500,23359
1978-03-06,-0.060,23014
1978-03-03,0.381,23028
1978-03-02,-0.439,22941
1978-03-01,0.765,23042
1978-02-28,0.364,22867
1978-02-27,-1.571,22784
1978-02-24,-0.119,23148
1978-02-23,0.040,23175
1978-02-22,-0.139,23166
1978-02-21,0.418,23198
1978-02-17,0.480,23102
1978-02-16,1.011,22991
1978-02-15,-0.141,22761
1978-02-14,0.446,22793
1978-02-13,0.715,22692
1978-02-10,0.928,22531
1978-02-09,-0.655,22324
1978-02-08,-0.449,22471
1978-02-07,-0.264,22572
1978-02-06,0.347,22632
1978-02-03,-0.729,22554
1978-02-02,-1.260,22720
1978-02-01,1.010,23010
1978-01-31,-0.121,22780
1978-01-30,-0.741,22807
1978-01-27,-0.060,22977
1978-01-26,-0.557,22991
1978-01-25,-0.554,23120
1978-01-24,2.329,23249
1978-01-23,0.305,22720
1978-01-20,-0.061,22651
1978-01-19,-0.020,22665
1978-01-18,-0.845,22669
1978-01-17,-0.441,22862
1978-01-16,1.526,22964
1978-01-13,-1.246,22619
1978-01-12,0.708,22904
1978-01-11,-0.443,22743
1978-01-10,2.014,22844
1978-01-09,0.103,22393
1978-01-06,0.892,22370
1978-01-05,-3.058,22172
1978-01-04,2.053,22872
1978-01-03,2.397,22411
1977-12-30,-0.875,21887
1977-12-29,0.883,22080
1977-12-28,1.191,21887
1977-12-27,0.000,21629
1977-12-23,0.815,21629
1977-12-22,-1.250,21454
1977-12-21,1.114,21726
1977-12-20,-0.278,21486
1977-12-19,0.150,21546
1977-12-16,-0.064,21514
1977-12-15,-0.869,21528
1977-12-14,1.201,21717
1977-12-13,-1.624,21459
1977-12-12,-0.420,21813
1977-12-09,-0.126,21905
1977-12-08,0.549,21933
1977-12-07,-0.837,21813
1977-12-06,1.400,21997
1977-12-05,0.298,21694
1977-12-02,-1.653,21629
1977-12-01,0.780,21993
1977-11-30,0.296,21822
1977-11-29,-1.315,21758
1977-11-28,1.612,22048
1977-11-25,-0.611,21698
1977-11-23,0.872,21832
1977-11-22,-1.878,21643
1977-11-21,-1.032,22057
1977-11-18,0.561,22287
1977-11-17,0.208,22163
1977-11-16,0.188,22117
1977-11-15,-2.262,22075
1977-11-14,-1.208,22586
1977-11-11,0.546,22862
1977-11-10,-0.483,22738
1977-11-09,1.867,22849
1977-11-08,-1.116,22430
1977-11-07,0.880,22683
1977-11-04,1.034,22485
1977-11-03,0.000,22255
1977-11-02,-0.800,22255
1977-11-01,0.474,22434
1977-10-31,0.831,22329
1977-10-28,0.167,22145
1977-10-27,-1.497,22108
1977-10-26,0.267,22444
1977-10-25,0.767,22384
1977-10-24,0.437,22214
1977-10-21,0.734,22117
1977-10-20,-1.426,21956
1977-10-19,0.645,22273
1977-10-18,-0.290,22131
1977-10-17,1.473,22195
1977-10-14,-0.084,21873
1977-10-13,0.084,21891
1977-10-12,0.806,21873
1977-10-11,1.093,21698
1977-10-10,0.539,21463
1977-10-07,0.086,21348
1977-10-06,-0.664,21330
1977-10-05,0.517,21473
1977-10-04,-0.301,21362
1977-10-03,0.237,21427
1977-09-30,0.585,21376
1977-09-29,-0.043,21252
1977-09-28,0.217,21261
1977-09-27,0.326,21215
1977-09-26,0.196,21146
1977-09-23,-0.757,21104
1977-09-22,0.326,21266
1977-09-21,1.320,21197
1977-09-20,-0.373,20920
1977-09-19,1.603,20999
1977-09-16,0.380,20667
1977-09-15,0.585,20589
1977-09-14,-0.269,20469
1977-09-13,-0.779,20525
1977-09-12,1.079,20686
1977-09-09,-1.397,20465
1977-09-08,0.715,20755
1977-09-07,-0.754,20607
1977-09-06,1.007,20764
1977-09-02,-0.067,20557
1977-09-01,0.495,20571
1977-08-31,0.656,20469
1977-08-30,0.500,20336
1977-08-29,0.000,20235
1977-08-26,-0.045,20235
1977-08-25,-0.182,20244
1977-08-24,0.985,20281
1977-08-23,-0.908,20083
1977-08-22,-0.564,20267
1977-08-19,1.142,20382
1977-08-18,-0.725,20152
1977-08-17,0.984,20299
1977-08-16,-1.243,20101
1977-08-15,-1.994,20354
1977-08-12,-0.944,20769
1977-08-11,0.022,20966
1977-08-10,-0.350,20962
1977-08-09,0.131,21035
1977-08-08,0.330,21008
1977-08-05,-0.698,20939
1977-08-04,0.615,21086
1977-08-03,0.596,20957
1977-08-02,0.288,20833
1977-08-01,-0.133,20773
1977-07-29,-1.353,20801
1977-07-28,-0.391,21086
1977-07-27,-0.562,21169
1977-07-26,0.043,21289
1977-07-25,1.226,21279
1977-07-22,-0.044,21022
1977-07-21,-0.327,21031
1977-07-20,0.109,21100
1977-07-19,0.770,21077
1977-07-18,-0.373,20916
1977-07-15,1.378,20994
1977-07-13,0.357,20709
1977-07-12,0.381,20635
1977-07-11,0.405,20557
1977-07-08,-0.269,20474
1977-07-07,0.564,20529
1977-07-06,-0.404,20414
1977-07-05,-1.526,20497
1977-07-01,0.355,20815
1977-06-30,-0.067,20741
1977-06-29,0.000,20755
1977-06-28,0.222,20755
1977-06-27,0.874,20709
1977-06-24,0.247,20529
1977-06-23,0.656,20479
1977-06-22,-1.756,20345
1977-06-21,0.739,20709
1977-06-20,1.638,20557
1977-06-17,-0.924,20225
1977-06-16,1.534,20414
1977-06-15,0.831,20106
1977-06-14,-1.924,19940
1977-06-13,0.730,20331
1977-06-10,-1.060,20184
1977-06-09,-2.357,20400
1977-06-08,-0.198,20893
1977-06-07,0.000,20934
1977-06-06,0.000,20934
1977-06-03,-0.612,20934
1977-06-02,-0.174,21063
1977-06-01,0.526,21100
1977-05-31,-0.977,20989
1977-05-27,1.543,21197
1977-05-26,-1.818,20874
1977-05-25,0.217,21261
1977-05-24,-0.839,21215
1977-05-23,-1.608,21394
1977-05-20,0.682,21744
1977-05-19,-0.719,21597
1977-05-18,-0.860,21753
1977-05-17,0.000,21942
1977-05-16,-0.459,21942
1977-05-13,1.140,22043
1977-05-12,-0.650,21795
1977-05-11,0.591,21937
1977-05-10,-0.105,21809
1977-05-09,0.084,21832
1977-05-06,0.445,21813
1977-05-05,-1.255,21717
1977-05-04,-0.084,21993
1977-05-03,0.189,22011
1977-05-02,1.294,21970
1977-04-29,-0.275,21689
1977-04-28,-1.068,21749
1977-04-27,1.015,21983
1977-04-26,-1.929,21763
1977-04-25,-0.700,22191
1977-04-22,1.209,22347
1977-04-21,-0.062,22080
1977-04-20,-1.031,22094
1977-04-19,0.476,22324
1977-04-18,0.899,22218
1977-04-15,-0.313,22020
1977-04-14,-0.021,22089
1977-04-13,0.587,22094
1977-04-12,0.484,21965
1977-04-11,0.000,21859
1977-04-07,0.999,21859
1977-04-06,-2.407,21643
1977-04-05,-1.412,22177
1977-04-04,1.075,22494
1977-04-01,0.145,22255
1977-03-31,-0.021,22223
1977-03-30,1.407,22227
1977-03-29,-2.257,21919
1977-03-28,-2.050,22425
1977-03-25,0.464,22895
1977-03-24,-0.422,22789
1977-03-23,0.343,22885
1977-03-22,0.222,22807
1977-03-21,0.529,22757
1977-03-18,0.696,22637
1977-03-17,-0.082,22480
1977-03-16,1.474,22499
1977-03-15,-0.062,22172
1977-03-14,0.270,22186
1977-03-11,-0.538,22126
1977-03-10,0.541,22246
1977-03-09,-1.273,22126
1977-03-08,-0.307,22411
1977-03-07,2.389,22480
1977-03-04,-0.583,21956
1977-03-03,-0.021,22085
1977-03-02,1.738,22089
1977-03-01,-0.317,21712
1977-02-28,3.003,21781
1977-02-25,-1.247,21146
1977-02-24,2.354,21413
1977-02-23,-0.329,20920
1977-02-22,0.596,20989
1977-02-18,0.288,20865
1977-02-17,0.467,20805
1977-02-16,0.111,20709
1977-02-15,-0.044,20686
1977-02-14,0.537,20695
1977-02-11,-0.798,20584
1977-02-10,-0.770,20750
1977-02-09,0.866,20911
1977-02-08,-0.596,20732
1977-02-07,1.251,20856
1977-02-04,-0.533,20598
1977-02-03,1.215,20709
1977-02-02,-0.515,20460
1977-02-01,0.517,20566
1977-01-31,-0.403,20460
1977-01-28,-1.544,20543
1977-01-27,1.205,20865
1977-01-26,0.000,20617
1977-01-25,1.037,20617
1977-01-24,0.796,20405
1977-01-21,-0.362,20244
1977-01-20,1.238,20318
1977-01-19,-0.457,20069
1977-01-18,0.736,20161
1977-01-17,0.392,20014
1977-01-14,-0.253,19936
1977-01-13,0.277,19986
1977-01-12,0.417,19931
1977-01-11,-1.575,19848
1977-01-10,-0.364,20166
1977-01-07,0.274,20239
1977-01-06,-0.114,20184
1977-01-05,-0.791,20207
1977-01-04,1.630,20368
1977-01-03,0.000,20041
1976-12-31,-0.298,20041
1976-12-30,0.368,20101
1976-12-29,0.904,20028
1976-12-28,0.000,19848
1976-12-27,0.000,19848
1976-12-23,-0.851,19848
1976-12-22,0.578,20018
1976-12-21,0.232,19903
1976-12-20,-0.438,19857
1976-12-17,-0.184,19945
1976-12-16,-0.800,19982
1976-12-15,1.039,20143
1976-12-14,-0.207,19936
1976-12-13,-0.550,19977
1976-12-10,-0.547,20087
1976-12-09,1.036,20198
1976-12-08,-0.458,19991
1976-12-07,-0.160,20083
1976-12-06,1.510,20115
1976-12-03,-0.577,19816
1976-12-02,2.098,19931
1976-12-01,-0.888,19521
1976-11-30,0.659,19696
1976-11-29,-1.528,19567
1976-11-26,-0.690,19871
1976-11-24,-0.957,20009
1976-11-23,0.251,20202
1976-11-22,0.992,20152
1976-11-19,0.627,19954
1976-11-18,-0.760,19830
1976-11-17,-0.550,19982
1976-11-16,-4.464,20092
1976-11-15,2.766,21031
1976-11-12,-0.336,20465
1976-11-11,0.405,20534
1976-11-10,2.751,20451
1976-11-09,-1.413,19903
1976-11-08,0.573,20189
1976-11-05,1.584,20074
1976-11-04,-1.401,19761
1976-11-03,1.303,20041
1976-11-01,0.656,19784
1976-10-29,-0.210,19655
1976-10-28,3.108,19696
1976-10-27,-0.096,19103
1976-10-26,0.193,19121
1976-10-25,-1.379,19084
1976-10-22,0.119,19351
1976-10-21,0.454,19328
1976-10-20,-0.334,19241
1976-10-19,-0.167,19305
1976-10-18,0.961,19337
1976-10-15,-1.093,19153
1976-10-14,-0.095,19365
1976-10-13,0.838,19383
1976-10-12,1.114,19222
1976-10-11,-2.663,19011
1976-10-08,-1.187,19531
1976-10-07,-0.279,19765
1976-10-06,-0.829,19821
1976-10-05,0.789,19986
1976-10-04,-1.170,19830
1976-10-01,-0.683,20064
1976-09-30,0.458,20202
1976-09-29,0.000,20110
1976-09-28,-1.332,20110
1976-09-27,1.188,20382
1976-09-24,-0.023,20143
1976-09-23,0.945,20147
1976-09-22,-0.046,19959
1976-09-21,2.504,19968
1976-09-20,-0.540,19480
1976-09-17,-0.654,19586
1976-09-16,2.635,19715
1976-09-15,0.554,19208
1976-09-14,-0.765,19103
1976-09-13,-2.494,19250
1976-09-10,0.374,19742
1976-09-09,-3.847,19669
1976-09-08,1.950,20456
1976-09-07,1.750,20064
1976-09-03,-0.140,19719
1976-09-02,4.966,19747
1976-09-01,-0.414,18813
1976-08-31,-2.494,18891
1976-08-30,0.000,19374
1976-08-27,0.381,19374
1976-08-26,2.168,19301
1976-08-25,-2.909,18891
1976-08-24,-0.937,19457
1976-08-23,-1.885,19641
1976-08-20,1.826,20018
1976-08-19,1.860,19659
1976-08-18,-2.488,19301
1976-08-17,-0.647,19793
1976-08-16,0.232,19922
1976-08-13,1.053,19876
1976-08-12,-0.373,19669
1976-08-11,2.143,19742
1976-08-10,0.913,19328
1976-08-09,-1.608,19153
1976-08-06,-2.579,19466
1976-08-05,-1.026,19982
1976-08-04,3.224,20189
1976-08-03,-4.943,19558
1976-08-02,-1.585,20575
1976-07-30,-0.373,20907
1976-07-29,-0.913,20985
1976-07-28,1.477,21178
1976-07-27,-0.022,20870
1976-07-26,0.822,20874
1976-07-23,-0.222,20704
1976-07-22,-0.705,20750
1976-07-21,2.321,20897
1976-07-20,-5.875,20423
1976-07-19,-2.199,21698
1976-07-16,-2.724,22186
1976-07-15,1.578,22807
1976-07-14,1.329,22453
1976-07-13,-3.197,22158
1976-07-12,-1.015,22890
1976-07-09,0.460,23125
1976-07-08,-1.613,23019
1976-07-07,0.813,23396
1976-07-06,1.632,23208
1976-07-02,2.989,22835
1976-07-01,-0.310,22172
1976-06-30,2.830,22241
1976-06-29,-0.149,21629
1976-06-28,-1.383,21661
1976-06-25,-0.084,21965
1976-06-24,-2.231,21983
1976-06-23,0.618,22485
1976-06-22,1.484,22347
1976-06-21,-1.279,22020
1976-06-18,0.290,22306
1976-06-17,0.562,22241
1976-06-16,-2.198,22117
1976-06-15,-0.546,22614
1976-06-14,0.345,22738
1976-06-11,1.484,22660
1976-06-10,1.847,22329
1976-06-09,-0.895,21924
1976-06-08,3.823,22121
1976-06-07,-0.580,21307
1976-06-04,0.431,21431
1976-06-03,-0.258,21339
1976-06-02,-0.599,21394
1976-06-01,1.234,21523
1976-05-28,-1.049,21261
1976-05-27,3.571,21486
1976-05-26,0.089,20746
1976-05-25,2.784,20727
1976-05-24,-1.661,20166
1976-05-21,1.782,20506
1976-05-20,-1.352,20147
1976-05-19,0.430,20423
1976-05-18,-1.974,20336
1976-05-17,0.828,20746
1976-05-14,-1.693,20575
1976-05-13,0.375,20930
1976-05-12,1.274,20851
1976-05-11,-1.950,20589
1976-05-10,2.081,20999
1976-05-07,2.078,20571
1976-05-06,0.459,20152
1976-05-05,-0.570,20060
1976-05-04,-0.680,20175
1976-05-03,-0.361,20313
1976-04-30,-0.045,20387
1976-04-29,-1.708,20396
1976-04-28,-1.227,20750
1976-04-27,3.797,21008
1976-04-26,-0.362,20239
1976-04-23,-0.675,20313
1976-04-22,-0.359,20451
1976-04-21,-1.978,20525
1976-04-20,3.409,20939
1976-04-19,0.000,20249
1976-04-15,0.342,20249
1976-04-14,-1.350,20179
1976-04-13,4.147,20456
1976-04-12,-0.280,19641
1976-04-09,0.328,19696
1976-04-08,2.302,19632
1976-04-07,0.798,19190
1976-04-06,1.248,19038
1976-04-05,-1.637,18803
1976-04-02,0.801,19116
1976-04-01,0.365,18965
1976-03-31,1.911,18896
1976-03-30,-0.910,18541
1976-03-29,-1.550,18711
1976-03-26,-0.935,19006
1976-03-25,-0.809,19185
1976-03-24,0.048,19342
1976-03-23,-0.615,19333
1976-03-22,0.071,19452
1976-03-19,-0.775,19439
1976-03-18,1.405,19590
1976-03-17,-0.474,19319
1976-03-16,-1.495,19411
1976-03-15,0.564,19705
1976-03-12,-0.537,19595
1976-03-11,-0.419,19701
1976-03-10,1.679,19784
1976-03-09,-0.821,19457
1976-03-08,0.804,19618
1976-03-05,1.708,19462
1976-03-04,-0.096,19135
1976-03-03,0.410,19153
1976-03-02,-1.145,19075
1976-03-01,0.745,19296
1976-02-27,-0.048,19153
1976-02-26,-2.208,19162
1976-02-25,0.425,19595
1976-02-24,1.630,19512
1976-02-23,-1.348,19199
1976-02-20,2.671,19462
1976-02-19,-0.073,18955
1976-02-18,1.552,18969
1976-02-17,-0.903,18679
1976-02-13,0.196,18850
1976-02-12,0.245,18813
1976-02-11,3.136,18767
1976-02-10,-1.076,18196
1976-02-09,0.201,18394
1976-02-06,1.167,18357
1976-02-05,-0.177,18145
1976-02-04,-2.058,18178
1976-02-03,0.976,18560
1976-02-02,-0.399,18380
1976-01-30,0.250,18454
1976-01-29,1.549,18408
1976-01-28,1.130,18127
1976-01-27,-0.077,17925
1976-01-26,-2.060,17938
1976-01-23,2.182,18316
1976-01-22,1.697,17925
1976-01-21,-0.649,17625
1976-01-20,-4.319,17740
1976-01-19,1.180,18541
1976-01-16,-3.747,18325
1976-01-15,0.952,19038
1976-01-14,-3.303,18859
1976-01-13,0.237,19503
1976-01-12,-0.047,19457
1976-01-09,-1.006,19466
1976-01-08,0.047,19664
1976-01-07,0.565,19655
1976-01-06,1.119,19544
1976-01-05,0.865,19328
1976-01-02,-0.359,19162
1975-12-31,0.120,19231
1975-12-30,-1.696,19208
1975-12-29,0.473,19540
1975-12-26,0.000,19448
1975-12-24,-0.401,19448
1975-12-23,1.024,19526
1975-12-22,3.704,19328
1975-12-19,-0.246,18638
1975-12-18,0.744,18684
1975-12-17,0.876,18546
1975-12-16,0.884,18385
1975-12-15,-1.419,18224
1975-12-12,0.375,18486
1975-12-11,-0.200,18417
1975-12-10,2.088,18454
1975-12-09,-2.531,18076
1975-12-08,-0.050,18546
1975-12-05,-1.659,18555
1975-12-04,-1.110,18868
1975-12-03,0.631,19080
1975-12-02,-0.073,18960
1975-12-01,-2.437,18974
1975-11-28,-0.401,19448
1975-11-26,-1.600,19526
1975-11-25,1.387,19844
1975-11-24,-0.538,19572
1975-11-21,-0.973,19678
1975-11-20,-0.254,19871
1975-11-19,0.534,19922
1975-11-18,-0.623,19816
1975-11-17,-0.688,19940
1975-11-14,-0.411,20078
1975-11-13,-0.273,20161
1975-11-12,-1.370,20216
1975-11-11,0.678,20497
1975-11-10,0.843,20359
1975-11-07,-1.149,20189
1975-11-06,3.089,20423
1975-11-05,1.151,19811
1975-11-04,1.309,19586
1975-11-03,0.358,19333
1975-10-31,-1.250,19264
1975-10-30,0.833,19508
1975-10-29,0.478,19347
1975-10-28,-0.547,19254
1975-10-27,-1.406,19360
1975-10-24,-1.569,19636
1975-10-23,0.301,19949
1975-10-22,-1.817,19890
1975-10-21,1.195,20258
1975-10-20,-0.069,20018
1975-10-17,1.374,20032
1975-10-16,-0.533,19761
1975-10-15,1.053,19867
1975-10-14,-0.790,19659
1975-10-13,-0.646,19816
1975-10-10,0.885,19945
1975-10-09,-2.849,19770
1975-10-08,-0.293,20350
1975-10-07,-0.650,20410
1975-10-06,0.045,20543
1975-10-03,-1.826,20534
1975-10-02,0.910,20916
1975-10-01,1.419,20727
1975-09-30,-0.760,20437
1975-09-29,0.089,20594
1975-09-26,-0.268,20575
1975-09-25,0.493,20630
1975-09-24,1.340,20529
1975-09-23,-1.145,20258
1975-09-22,-0.580,20492
1975-09-19,-1.755,20612
1975-09-18,1.605,20980
1975-09-17,-1.579,20649
1975-09-16,-0.502,20980
1975-09-15,1.619,21086
1975-09-12,-0.464,20750
1975-09-11,-0.875,20847
1975-09-10,4.005,21031
1975-09-09,-2.507,20221
1975-09-08,0.670,20741
1975-09-05,-1.691,20603
1975-09-04,1.290,20957
1975-09-03,1.789,20690
1975-09-02,-4.683,20327
1975-08-29,-2.278,21325
1975-08-28,1.629,21822
1975-08-27,-3.675,21473
1975-08-26,-0.103,22292
1975-08-25,0.000,22315
1975-08-22,0.000,22315
1975-08-21,0.000,22315
1975-08-20,1.699,22315
1975-08-19,-2.654,21942
1975-08-18,1.830,22540
1975-08-15,-2.651,22135
1975-08-14,-2.352,22738
1975-08-13,1.893,23286
1975-08-12,-0.181,22853
1975-08-11,-4.529,22895
1975-08-08,0.949,23981
1975-08-07,2.218,23755
1975-08-06,-1.367,23240
1975-08-05,-0.467,23562
1975-08-04,2.880,23672
1975-08-01,-0.060,23010
1975-07-31,-2.646,23023
1975-07-30,0.097,23649
1975-07-29,5.660,23626
1975-07-28,0.914,22361
1975-07-25,2.534,22158
1975-07-24,0.837,21611
1975-07-23,-1.813,21431
1975-07-22,2.507,21827
1975-07-21,0.653,21293
1975-07-18,-0.670,21155
1975-07-17,-0.280,21298
1975-07-16,0.324,21358
1975-07-15,-1.386,21289
1975-07-14,2.603,21588
1975-07-11,-1.550,21040
1975-07-10,0.108,21371
1975-07-09,2.746,21348
1975-07-08,-0.155,20778
1975-07-07,0.266,20810
1975-07-03,-0.617,20755
1975-07-02,-0.982,20884
1975-07-01,0.263,21091
1975-06-30,1.195,21035
1975-06-27,-0.331,20787
1975-06-26,0.133,20856
1975-06-25,1.434,20828
1975-06-24,-0.424,20534
1975-06-23,0.629,20621
1975-06-20,-0.157,20492
1975-06-19,-0.646,20525
1975-06-18,0.515,20658
1975-06-17,-0.446,20552
1975-06-16,0.112,20644
1975-06-13,-1.603,20621
1975-06-12,0.353,20957
1975-06-11,-0.852,20884
1975-06-10,2.692,21063
1975-06-09,0.974,20511
1975-06-06,-0.294,20313
1975-06-05,-0.851,20373
1975-06-04,0.045,20548
1975-06-03,0.745,20538
1975-06-02,-2.208,20387
1975-05-30,-0.875,20847
1975-05-29,-0.825,21031
1975-05-28,-2.186,21206
1975-05-27,-0.191,21680
1975-05-23,-0.464,21721
1975-05-22,4.014,21822
1975-05-21,-0.913,20980
1975-05-20,-0.454,21173
1975-05-19,3.795,21270
1975-05-16,-1.808,20492
1975-05-15,-2.242,20870
1975-05-14,2.023,21348
1975-05-13,-0.503,20925
1975-05-12,1.443,21031
1975-05-09,-0.199,20732
1975-05-08,1.667,20773
1975-05-07,1.742,20433
1975-05-06,1.394,20083
1975-05-05,-1.488,19807
1975-05-02,1.605,20106
1975-05-01,-2.847,19788
1975-04-30,1.050,20368
1975-04-29,1.295,20156
1975-04-28,0.395,19899
1975-04-25,-0.324,19821
1975-04-24,1.599,19885
1975-04-23,-0.258,19572
1975-04-22,-0.537,19623
1975-04-21,-0.947,19728
1975-04-18,2.172,19917
1975-04-17,1.315,19494
1975-04-16,2.350,19241
1975-04-15,-0.342,18799
1975-04-14,-1.985,18863
1975-04-11,1.382,19245
1975-04-10,0.487,18983
1975-04-09,-1.060,18891
1975-04-08,1.047,19093
1975-04-07,-0.821,18896
1975-04-04,-2.243,19052
1975-04-03,-2.284,19489
1975-04-02,1.333,19945
1975-04-01,-0.023,19682
1975-03-31,0.000,19687
1975-03-27,-0.349,19687
1975-03-26,1.250,19756
1975-03-25,-1.670,19512
1975-03-24,-0.208,19844
1975-03-21,-2.085,19885
1975-03-20,1.030,20308
1975-03-19,-2.544,20101
1975-03-18,1.403,20626
1975-03-17,-1.734,20341
1975-03-14,0.492,20699
1975-03-13,0.629,20598
1975-03-12,0.158,20469
1975-03-11,3.279,20437
1975-03-10,-0.578,19788
1975-03-07,-0.848,19903
1975-03-06,0.437,20074
1975-03-05,-3.101,19986
1975-03-04,-0.311,20626
1975-03-03,1.627,20690
1975-02-28,-1.294,20359
1975-02-27,-0.178,20626
1975-02-26,-2.772,20663
1975-02-25,0.852,21252
1975-02-24,-2.074,21072
1975-02-21,3.155,21519
1975-02-20,-1.606,20861
1975-02-19,5.207,21201
1975-02-18,-3.843,20152
1975-02-14,2.892,20957
1975-02-13,1.281,20368
1975-02-12,3.653,20110
1975-02-11,-1.953,19402
1975-02-10,1.248,19788
1975-02-07,3.208,19544
1975-02-06,-0.387,18937
1975-02-05,0.535,19011
1975-02-04,-0.581,18909
1975-02-03,-0.410,19020
1975-01-31,-3.891,19098
1975-01-30,2.201,19871
1975-01-29,0.980,19443
1975-01-28,-2.991,19254
1975-01-27,1.054,19848
1975-01-24,7.021,19641
1975-01-23,-0.722,18353
1975-01-22,-1.254,18486
1975-01-21,1.929,18721
1975-01-20,-3.901,18366
1975-01-17,-3.329,19112
1975-01-16,-3.547,19770
1975-01-15,3.944,20497
1975-01-14,-3.054,19719
1975-01-13,5.590,20341
1975-01-10,-0.759,19264
1975-01-09,-0.448,19411
1975-01-08,-0.773,19498
1975-01-07,1.089,19650
1975-01-06,-2.874,19439
1975-01-03,-1.961,20014
1975-01-02,-0.827,20414
1974-12-31,-5.871,20584
1974-12-30,-0.482,21868
1974-12-27,2.622,21974
1974-12-26,0.000,21413
1974-12-24,2.151,21413
1974-12-23,1.583,20962
1974-12-20,-2.606,20635
1974-12-19,3.298,21187
1974-12-18,-1.000,20511
1974-12-17,2.295,20718
1974-12-16,4.462,20253
1974-12-13,1.080,19388
1974-12-12,-0.287,19181
1974-12-11,0.288,19236
1974-12-10,-1.906,19181
1974-12-09,-0.398,19554
1974-12-06,-0.629,19632
1974-12-05,2.556,19756
1974-12-04,-3.326,19264
1974-12-03,-6.114,19926
1974-12-02,3.524,21224
1974-11-29,-2.602,20502
1974-11-27,4.096,21049
1974-11-26,0.343,20221
1974-11-25,4.014,20152
1974-11-22,-6.610,19374
1974-11-21,3.300,20746
1974-11-20,-0.388,20083
1974-11-19,-6.628,20161
1974-11-18,-1.200,21592
1974-11-15,-3.944,21855
1974-11-14,0.508,22752
1974-11-13,0.470,22637
1974-11-12,-3.260,22531
1974-11-11,3.476,23290
1974-11-08,-1.984,22508
1974-11-07,0.828,22964
1974-11-06,0.897,22775
1974-11-05,4.162,22572
1974-11-04,-3.721,21671
1974-11-01,0.659,22508
1974-10-31,-4.143,22361
1974-10-30,-1.343,23327
1974-10-29,-0.214,23645
1974-10-28,1.119,23695
1974-10-25,2.744,23433
1974-10-24,2.354,22807
1974-10-23,-2.221,22283
1974-10-22,3.339,22789
1974-10-21,3.700,22052
1974-10-18,3.170,21266
1974-10-17,-3.740,20612
1974-10-16,0.453,21413
1974-10-15,0.281,21316
1974-10-14,-2.737,21256
1974-10-11,-4.524,21855
1974-10-10,7.453,22890
1974-10-09,-0.387,21302
1974-10-08,-3.988,21385
1974-10-07,0.290,22273
1974-10-04,3.098,22209
1974-10-03,5.761,21542
1974-10-02,-0.090,20368
1974-10-01,4.358,20387
1974-09-30,1.458,19535
1974-09-27,3.080,19254
1974-09-26,-2.872,18679
1974-09-25,3.569,19231
1974-09-24,1.407,18569
1974-09-23,2.950,18311
1974-09-20,-2.645,17786
1974-09-19,3.737,18270
1974-09-18,0.026,17612
1974-09-17,-3.262,17607
1974-09-16,0.381,18201
1974-09-13,-4.276,18132
1974-09-12,4.494,18942
1974-09-11,-4.044,18127
1974-09-10,0.910,18891
1974-09-09,-1.739,18721
1974-09-06,1.996,19052
1974-09-05,1.424,18679
1974-09-04,-5.323,18417
1974-09-03,2.697,19452
1974-08-30,-3.629,18942
1974-08-29,2.373,19655
1974-08-28,-4.705,19199
1974-08-27,-0.523,20147
1974-08-26,0.000,20253
1974-08-23,-0.811,20253
1974-08-22,2.899,20419
1974-08-21,-2.111,19844
1974-08-20,0.433,20272
1974-08-19,-0.522,20184
1974-08-16,1.450,20290
1974-08-15,-5.624,20000
1974-08-14,5.329,21192
1974-08-13,0.854,20120
1974-08-12,-3.064,19949
1974-08-09,-1.994,20580
1974-08-08,-0.567,20999
1974-08-07,-0.585,21118
1974-08-06,2.806,21243
1974-08-05,-3.586,20663
1974-08-02,-5.919,21431
1974-08-01,3.362,22780
1974-07-31,-4.848,22039
1974-07-30,1.105,23162
1974-07-29,5.960,22908
1974-07-26,-0.487,21620
1974-07-25,5.781,21726
1974-07-24,1.779,20538
1974-07-23,4.804,20179
1974-07-22,-4.278,19254
1974-07-19,4.996,20115
1974-07-18,4.336,19158
1974-07-17,-3.763,18362
1974-07-16,2.295,19080
1974-07-15,7.024,18652
1974-07-12,-3.516,17428
1974-07-11,-6.968,18063
1974-07-10,-3.234,19416
1974-07-09,0.670,20064
1974-07-08,5.583,19931
1974-07-05,-2.124,18877
1974-07-03,-2.986,19287
1974-07-02,-7.850,19880
1974-07-01,1.626,21574
1974-06-28,2.877,21229
1974-06-27,-1.968,20635
1974-06-26,1.172,21049
1974-06-25,-4.439,20805
1974-06-24,-1.948,21772
1974-06-21,3.186,22204
1974-06-20,-2.217,21519
1974-06-19,-1.888,22006
1974-06-18,-0.327,22430
1974-06-17,-2.531,22503
1974-06-14,-0.614,23088
1974-06-13,5.298,23231
1974-06-12,-6.000,22062
1974-06-11,-1.980,23470
1974-06-10,3.749,23944
1974-06-07,1.395,23079
1974-06-06,-1.533,22761
1974-06-05,6.986,23116
1974-06-04,-0.908,21606
1974-06-03,-3.699,21804
1974-05-31,-3.207,22642
1974-05-30,10.069,23392
1974-05-29,-5.097,21252
1974-05-28,-6.692,22393
1974-05-24,4.656,23999
1974-05-23,-8.215,22931
1974-05-22,0.203,24984
1974-05-21,-3.388,24933
1974-05-20,-2.740,25808
1974-05-17,-0.035,26535
1974-05-16,1.854,26544
1974-05-15,-5.915,26061
1974-05-14,7.887,27699
1974-05-13,2.179,25674
1974-05-10,0.275,25127
1974-05-09,3.873,25058
1974-05-08,0.692,24123
1974-05-07,-4.530,23958
1974-05-06,-0.873,25094
1974-05-03,1.345,25315
1974-05-02,0.537,24979
1974-05-01,-3.881,24846
1974-04-30,5.266,25849
1974-04-29,-1.695,24556
1974-04-26,-2.776,24979
1974-04-25,5.759,25693
1974-04-24,-3.244,24294
1974-04-23,6.521,25108
1974-04-22,7.155,23571
1974-04-19,2.421,21997
1974-04-18,6.286,21477
1974-04-17,-4.148,20207
1974-04-16,5.480,21081
1974-04-15,0.000,19986
1974-04-11,-8.065,19986
1974-04-10,-0.338,21740
1974-04-09,7.556,21813
1974-04-08,-12.281,20281
1974-04-05,-2.899,23120
1974-04-04,0.232,23810
1974-04-03,0.233,23755
1974-04-02,-3.177,23700
1974-04-01,-0.542,24478
1974-03-29,2.985,24611
1974-03-28,0.503,23898
1974-03-27,-0.443,23778
1974-03-26,-7.338,23884
1974-03-25,3.130,25775
1974-03-22,-2.109,24993
1974-03-21,-0.964,25532
1974-03-20,-0.373,25780
1974-03-19,8.783,25877
1974-03-18,-2.065,23787
1974-03-15,-2.223,24289
1974-03-14,1.849,24841
1974-03-13,1.474,24390
1974-03-12,4.085,24036
1974-03-11,-7.383,23092
1974-03-08,2.342,24933
1974-03-07,5.605,24363
1974-03-06,-3.707,23069
1974-03-05,-7.548,23958
1974-03-04,-1.796,25913
1974-03-01,0.862,26387
1974-02-28,-12.024,26162
1974-02-27,-4.422,29738
1974-02-26,13.421,31114
1974-02-25,2.405,27432
1974-02-22,1.288,26788
1974-02-21,8.948,26447
1974-02-20,2.746,24275
1974-02-19,-8.125,23626
1974-02-15,5.873,25716
1974-02-14,1.735,24289
1974-02-13,-6.354,23875
1974-02-12,7.573,25495
1974-02-11,8.490,23700
1974-02-08,3.850,21845
1974-02-07,4.147,21035
1974-02-06,0.873,20198
1974-02-05,3.300,20023
1974-02-04,4.206,19383
1974-02-01,4.525,18601
1974-01-31,-1.024,17796
1974-01-30,-1.612,17980
1974-01-29,-1.096,18274
1974-01-28,2.607,18477
1974-01-25,3.082,18007
1974-01-24,2.153,17469
1974-01-23,-4.767,17101
1974-01-22,-0.662,17957
1974-01-21,8.239,18076
1974-01-18,-0.275,16700
1974-01-17,5.417,16746
1974-01-16,-1.540,15886
1974-01-15,4.876,16134
1974-01-14,0.030,15384
1974-01-11,1.181,15380
1974-01-10,-0.841,15200
1974-01-09,-0.269,15329
1974-01-08,2.109,15370
1974-01-07,-0.031,15053
1974-01-04,-1.653,15058
1974-01-03,1.402,15311
1974-01-02,0.768,15099
1973-12-31,1.024,14984
1973-12-28,-0.494,14832
1973-12-27,2.273,14906
1973-12-26,0.000,14574
1973-12-24,0.000,14574
1973-12-21,-1.062,14574
1973-12-20,2.992,14731
1973-12-19,-2.326,14303
1973-12-18,4.534,14643
1973-12-17,2.423,14008
1973-12-14,-2.205,13677
1973-12-13,-0.328,13985
1973-12-12,-1.263,14031
1973-12-11,1.646,14211
1973-12-10,-1.010,13981
1973-12-07,3.090,14123
1973-12-06,-1.587,13700
1973-12-05,-0.657,13921
1973-12-04,4.388,14013
1973-12-03,-0.239,13424
1973-11-30,-1.049,13456
1973-11-29,2.497,13599
1973-11-28,4.570,13267
1973-11-27,-1.254,12688
1973-11-26,-0.286,12849
1973-11-23,-0.071,12885
1973-11-21,-0.954,12895
1973-11-20,1.108,13019
1973-11-19,0.720,12876
1973-11-16,-0.144,12784
1973-11-15,0.469,12803
1973-11-14,-0.895,12743
1973-11-13,-0.852,12858
1973-11-12,-1.434,12968
1973-11-09,0.704,13157
1973-11-08,-0.804,13065
1973-11-07,-0.348,13171
1973-11-06,0.070,13217
1973-11-05,0.105,13208
1973-11-02,1.129,13194
1973-11-01,0.000,13046
1973-10-31,0.248,13046
1973-10-30,0.284,13014
1973-10-29,-1.708,12977
1973-10-26,-2.647,13203
1973-10-25,2.362,13562
1973-10-24,-1.065,13249
1973-10-23,0.588,13392
1973-10-22,-1.026,13313
1973-10-19,0.000,13451
1973-10-18,-2.534,13451
1973-10-17,3.271,13801
1973-10-16,-1.626,13364
1973-10-15,2.893,13585
1973-10-12,0.879,13203
1973-10-11,-1.044,13088
1973-10-10,2.974,13226
1973-10-09,-0.711,12844
1973-10-08,4.073,12936
1973-10-05,-1.746,12430
1973-10-04,-0.651,12651
1973-10-03,1.765,12734
1973-10-02,0.369,12513
1973-10-01,0.445,12467
1973-09-28,-1.999,12411
1973-09-27,-0.900,12665
1973-09-26,1.350,12780
1973-09-25,0.219,12609
1973-09-24,0.220,12582
1973-09-21,0.962,12554
1973-09-20,4.324,12434
1973-09-19,-1.745,11919
1973-09-18,2.409,12131
1973-09-17,1.179,11845
1973-09-14,0.872,11707
1973-09-13,-1.020,11606
1973-09-12,0.315,11726
1973-09-11,-2.232,11689
1973-09-10,0.386,11956
1973-09-07,-0.347,11910
1973-09-06,1.208,11951
1973-09-05,-1.911,11809
1973-09-04,0.770,12039
1973-08-31,-1.218,11947
1973-08-30,1.900,12094
1973-08-29,0.311,11868
1973-08-28,-0.618,11832
1973-08-27,0.000,11905
1973-08-24,1.213,11905
1973-08-23,-1.313,11763
1973-08-22,-3.860,11919
1973-08-21,0.786,12398
1973-08-20,0.944,12301
1973-08-17,1.417,12186
1973-08-16,1.873,12016
1973-08-15,-0.350,11795
1973-08-14,-2.943,11836
1973-08-13,-0.675,12195
1973-08-10,1.445,12278
1973-08-09,-3.415,12103
1973-08-08,-2.331,12531
1973-08-07,-1.831,12830
1973-08-06,-0.803,13069
1973-08-03,-1.344,13175
1973-08-02,-0.480,13355
1973-08-01,5.652,13419
1973-07-31,-0.361,12701
1973-07-30,-4.942,12747
1973-07-27,0.448,13410
1973-07-26,-0.719,13350
1973-07-25,-1.384,13447
1973-07-24,2.067,13636
1973-07-23,2.362,13359
1973-07-20,-1.494,13051
1973-07-19,-0.035,13249
1973-07-18,-1.031,13254
1973-07-17,3.706,13392
1973-07-16,0.071,12913
1973-07-13,0.718,12904
1973-07-12,4.348,12812
1973-07-11,-3.088,12278
1973-07-10,-1.749,12669
1973-07-09,0.215,12895
1973-07-06,3.594,12867
1973-07-05,0.559,12421
1973-07-03,-0.445,12352
1973-07-02,1.125,12407
1973-06-29,0.339,12269
1973-06-28,-0.710,12227
1973-06-27,1.595,12315
1973-06-26,2.014,12121
1973-06-25,-0.769,11882
1973-06-22,0.115,11974
1973-06-21,1.523,11960
1973-06-20,-1.082,11781
1973-06-19,-0.462,11910
1973-06-18,2.645,11965
1973-06-15,0.997,11657
1973-06-14,-0.159,11542
1973-06-13,2.031,11560
1973-06-12,-1.677,11330
1973-06-11,0.160,11523
1973-06-08,-1.730,11505
1973-06-07,-0.313,11707
1973-06-06,-6.657,11744
1973-06-05,3.365,12582
1973-06-04,1.458,12172
1973-06-01,2.195,11997
1973-05-31,0.552,11740
1973-05-30,3.636,11675
1973-05-29,2.513,11266
1973-05-25,0.000,10989
1973-05-24,-1.526,10989
1973-05-23,-0.899,11160
1973-05-22,-1.687,11261
1973-05-21,4.668,11454
1973-05-18,1.494,10943
1973-05-17,-1.720,10782
1973-05-16,-3.325,10971
1973-05-15,3.875,11348
1973-05-14,0.508,10925
1973-05-11,0.983,10870
1973-05-10,2.768,10764
1973-05-09,2.430,10474
1973-05-08,1.369,10225
1973-05-07,0.229,10087
1973-05-04,3.209,10064
1973-05-03,0.189,9751
1973-05-02,-1.490,9733
1973-05-01,0.000,9880
1973-04-30,0.893,9880
1973-04-27,0.094,9793
1973-04-26,-0.468,9784
1973-04-25,1.957,9830
1973-04-24,-1.133,9641
1973-04-23,0.000,9751
1973-04-19,0.427,9751
1973-04-18,-2.495,9710
1973-04-17,-2.126,9959
1973-04-16,0.227,10175
1973-04-13,-1.032,10152
1973-04-12,-0.801,10258
1973-04-11,0.045,10341
1973-04-10,1.721,10336
1973-04-09,0.045,10161
1973-04-06,-1.385,10156
1973-04-05,1.820,10299
1973-04-04,-1.302,10115
1973-04-03,2.579,10249
1973-04-02,-1.183,9991
1973-03-30,1.291,10110
1973-03-29,-1.230,9982
1973-03-28,-3.430,10106
1973-03-27,-0.612,10465
1973-03-26,3.529,10529
1973-03-23,-0.585,10170
1973-03-22,0.316,10230
1973-03-21,3.214,10198
1973-03-20,-0.877,9880
1973-03-19,0.557,9968
1973-03-16,-1.957,9913
1973-03-15,-1.568,10110
1973-03-14,-0.179,10272
1973-03-13,-3.704,10290
1973-03-12,-6.822,10686
1973-03-09,0.000,11468
1973-03-08,0.000,11468
1973-03-07,0.000,11468
1973-03-06,0.000,11468
1973-03-05,0.000,11468
1973-03-02,0.000,11468
1973-03-01,2.551,11468
1973-02-28,2.058,11183
1973-02-27,1.147,10957
1973-02-26,-4.270,10833
1973-02-23,1.277,11316
1973-02-22,8.055,11173
1973-02-21,2.322,10341
1973-02-20,0.182,10106
1973-02-16,-1.306,10087
1973-02-15,-1.113,10221
1973-02-14,5.150,10336
1973-02-13,0.000,9830
1973-02-12,0.000,9830
1973-02-09,0.470,9830
1973-02-08,1.674,9784
1973-02-07,-0.900,9623
1973-02-06,3.686,9710
1973-02-05,0.246,9365
1973-02-02,-0.098,9342
1973-02-01,1.044,9351
1973-01-31,1.463,9254
1973-01-30,1.122,9121
1973-01-29,-1.010,9020
1973-01-26,0.101,9112
1973-01-24,1.125,9103
1973-01-23,-1.511,9001
1973-01-22,-0.948,9139
1973-01-19,-0.050,9227
1973-01-18,-0.644,9231
1973-01-17,0.799,9291
1973-01-16,-1.621,9218
1973-01-15,1.294,9370
1973-01-12,-0.050,9250
1973-01-11,1.361,9254
1973-01-10,-1.392,9130
1973-01-09,1.411,9259
1973-01-08,-2.073,9130
1973-01-05,-0.978,9324
1973-01-04,1.892,9416
1973-01-03,-1.424,9241
1973-01-02,0.295,9374
1972-12-29,2.060,9347
1972-12-27,-0.550,9158
1972-12-26,0.000,9208
1972-12-22,0.351,9208
1972-12-21,2.943,9176
1972-12-20,-0.819,8914
1972-12-19,-0.963,8988
1972-12-18,-0.303,9075
1972-12-15,1.540,9103
1972-12-14,0.000,8965
1972-12-13,-1.217,8965
1972-12-12,0.973,9075
1972-12-11,1.560,8988
1972-12-08,0.681,8850
1972-12-07,-1.139,8790
1972-12-06,3.316,8891
1972-12-05,-1.163,8606
1972-12-04,1.285,8707
1972-12-01,0.864,8596
1972-11-30,0.054,8523
1972-11-29,2.209,8518
1972-11-28,0.111,8334
1972-11-27,-0.714,8325
1972-11-24,0.552,8385
1972-11-22,0.443,8339
1972-11-21,0.838,8302
1972-11-20,-0.556,8233
1972-11-17,-0.663,8279
1972-11-16,-0.165,8334
1972-11-15,-0.055,8348
1972-11-14,-0.493,8353
1972-11-13,1.053,8394
1972-11-10,-0.987,8306
1972-11-09,-1.831,8389
1972-11-08,0.054,8546
1972-11-06,1.476,8541
1972-11-03,-0.706,8417
1972-11-02,0.876,8477
1972-11-01,1.557,8403
1972-10-31,-0.991,8274
1972-10-30,0.554,8357
1972-10-27,-0.276,8311
1972-10-26,-1.308,8334
1972-10-25,-0.703,8445
1972-10-24,-0.270,8504
1972-10-23,1.036,8527
1972-10-20,-0.434,8440
1972-10-19,1.600,8477
1972-10-18,1.626,8343
1972-10-17,-0.834,8210
1972-10-16,1.124,8279
1972-10-13,0.169,8187
1972-10-12,-1.058,8173
1972-10-11,-0.333,8260
1972-10-10,0.278,8288
1972-10-09,2.278,8265
1972-10-06,-0.903,8081
1972-10-05,-0.673,8155
1972-10-04,1.134,8210
1972-10-03,1.321,8118
1972-10-02,0.115,8012
1972-09-29,-0.685,8003
1972-09-28,3.426,8058
1972-09-27,0.356,7791
1972-09-26,-0.178,7763
1972-09-25,-1.573,7777
1972-09-22,0.234,7902
1972-09-21,0.528,7883
1972-09-20,0.948,7842
1972-09-19,-0.881,7768
1972-09-18,-4.164,7837
1972-09-15,-1.442,8178
1972-09-14,1.122,8297
1972-09-13,-0.558,8205
1972-09-12,-2.129,8251
1972-09-11,-1.769,8431
1972-09-08,0.323,8583
1972-09-07,-2.055,8555
1972-09-06,-0.732,8734
1972-09-05,0.791,8799
1972-09-01,-0.577,8730
1972-08-31,0.210,8780
1972-08-30,1.277,8762
1972-08-29,0.053,8652
1972-08-28,0.000,8647
1972-08-25,-1.157,8647
1972-08-24,1.010,8748
1972-08-23,2.450,8661
1972-08-22,-0.326,8454
1972-08-21,0.272,8481
1972-08-18,1.156,8458
1972-08-17,0.000,8362
1972-08-16,0.331,8362
1972-08-15,1.004,8334
1972-08-14,-1.321,8251
1972-08-11,-0.165,8362
1972-08-10,1.733,8376
1972-08-09,-1.378,8233
1972-08-08,-0.384,8348
1972-08-07,0.552,8380
1972-08-04,0.055,8334
1972-08-03,-1.309,8329
1972-08-02,2.230,8440
1972-08-01,-1.860,8256
1972-07-31,-0.598,8412
1972-07-28,5.387,8463
1972-07-27,-1.077,8030
1972-07-26,-0.843,8118
1972-07-25,1.137,8187
1972-07-24,1.034,8095
1972-07-21,-2.301,8012
1972-07-20,1.829,8201
1972-07-19,-1.796,8053
1972-07-18,0.906,8201
1972-07-17,0.341,8127
1972-07-14,0.571,8099
1972-07-13,3.184,8053
1972-07-12,0.832,7805
1972-07-11,-0.767,7740
1972-07-10,0.893,7800
1972-07-07,4.608,7731
1972-07-06,3.147,7391
1972-07-05,-0.448,7165
1972-07-03,0.128,7197
1972-06-30,0.709,7188
1972-06-29,-1.399,7138
1972-06-28,-0.127,7239
1972-06-27,0.639,7248
1972-06-26,0.000,7202
1972-06-23,0.000,7202
1972-06-22,0.449,7202
1972-06-21,-0.891,7170
1972-06-20,-0.569,7234
1972-06-19,-0.441,7276
1972-06-16,-0.126,7308
1972-06-15,0.760,7317
1972-06-14,0.000,7262
1972-06-13,0.766,7262
1972-06-12,-0.382,7207
1972-06-09,0.127,7234
1972-06-08,-0.381,7225
1972-06-07,0.832,7253
1972-06-06,0.774,7193
1972-06-05,-0.321,7138
1972-06-02,1.236,7161
1972-06-01,-0.839,7073
1972-05-31,-1.211,7133
1972-05-30,-0.191,7220
1972-05-26,0.705,7234
1972-05-25,-0.192,7184
1972-05-24,-1.200,7197
1972-05-23,-0.690,7285
1972-05-22,0.822,7335
1972-05-19,-0.753,7276
1972-05-18,-0.375,7331
1972-05-17,0.566,7358
1972-05-16,0.442,7317
1972-05-15,0.317,7285
1972-05-12,-0.253,7262
1972-05-11,-0.691,7280
1972-05-10,-0.686,7331
1972-05-09,0.817,7382
1972-05-08,0.252,7322
1972-05-05,0.443,7303
1972-05-04,0.190,7271
1972-05-03,-0.818,7257
1972-05-02,-0.687,7317
1972-05-01,1.910,7368
1972-04-28,0.319,7230
1972-04-27,1.163,7207
1972-04-26,-0.193,7124
1972-04-25,-0.257,7138
1972-04-24,0.258,7156
1972-04-21,0.584,7138
1972-04-20,-0.388,7096
1972-04-19,-0.896,7124
1972-04-18,0.321,7188
1972-04-17,0.516,7165
1972-04-14,-1.900,7128
1972-04-13,-0.127,7266
1972-04-12,0.254,7276
1972-04-11,-0.880,7257
1972-04-10,0.505,7322
1972-04-07,0.636,7285
1972-04-06,-0.945,7239
1972-04-05,-0.626,7308
1972-04-04,2.305,7354
1972-04-03,0.000,7188
1972-03-30,-0.064,7188
1972-03-29,1.428,7193
1972-03-28,1.382,7092
1972-03-27,-0.524,6995
1972-03-24,-0.326,7032
1972-03-23,-0.969,7055
1972-03-22,0.716,7124
1972-03-21,0.919,7073
1972-03-20,0.661,7009
1972-03-17,-0.722,6963
1972-03-16,0.131,7013
1972-03-15,-0.976,7004
1972-03-14,-0.324,7073
1972-03-13,0.391,7096
1972-03-10,-0.195,7069
1972-03-09,0.918,7082
1972-03-08,-0.845,7018
1972-03-07,1.118,7078
1972-03-06,1.468,7000
1972-03-03,-0.133,6898
1972-03-02,1.763,6908
1972-03-01,0.340,6788
1972-02-29,0.136,6765
1972-02-28,-1.344,6756
1972-02-25,0.337,6848
1972-02-24,0.000,6825
1972-02-23,-0.803,6825
1972-02-22,-0.200,6880
1972-02-18,0.134,6894
1972-02-17,0.403,6884
1972-02-16,-0.201,6857
1972-02-15,0.471,6871
1972-02-14,-2.812,6838
1972-02-11,-0.261,7036
1972-02-10,1.188,7055
1972-02-09,-1.110,6972
1972-02-08,-0.390,7050
1972-02-07,0.985,7078
1972-02-04,0.528,7009
1972-02-03,-2.132,6972
1972-02-02,0.978,7124
1972-02-01,2.268,7055
1972-01-31,-1.446,6898
1972-01-28,3.399,7000
1972-01-27,0.478,6769
1972-01-26,0.068,6737
1972-01-25,-1.614,6733
1972-01-24,-0.201,6843
1972-01-21,0.134,6857
1972-01-20,-1.261,6848
1972-01-19,0.534,6935
1972-01-18,-0.332,6898
1972-01-17,3.510,6921
1972-01-14,-1.156,6687
1972-01-13,0.962,6765
1972-01-12,-1.555,6700
1972-01-11,2.851,6806
1972-01-10,-0.069,6618
1972-01-07,2.347,6622
1972-01-06,-0.846,6470
1972-01-05,1.795,6526
1972-01-04,1.383,6410
1972-01-03,0.219,6323
1971-12-31,-0.868,6309
1971-12-30,1.841,6364
1971-12-29,-0.513,6249
1971-12-28,-1.869,6282
1971-12-27,0.000,6401
1971-12-23,-0.144,6401
1971-12-22,0.072,6410
1971-12-21,-2.384,6406
1971-12-20,0.000,6562
1971-12-17,1.063,6562
1971-12-16,1.220,6493
1971-12-15,0.288,6415
1971-12-14,-0.714,6397
1971-12-13,-1.060,6443
1971-12-10,1.434,6512
1971-12-09,1.087,6420
1971-12-08,0.656,6351
1971-12-07,-2.071,6309
1971-12-06,3.781,6443
1971-12-03,-0.222,6208
1971-12-02,2.115,6222
1971-12-01,-0.601,6093
1971-11-30,0.377,6130
1971-11-29,0.989,6107
1971-11-26,0.000,6047
1971-11-24,-0.980,6047
1971-11-23,1.143,6107
1971-11-22,-0.380,6038
1971-11-19,-0.754,6061
1971-11-18,0.227,6107
1971-11-17,-0.898,6093
1971-11-16,1.443,6148
1971-11-15,-0.903,6061
1971-11-12,1.528,6116
1971-11-11,0.230,6024
1971-11-10,-0.760,6010
1971-11-09,1.309,6056
1971-11-08,1.168,5978
1971-11-05,-0.773,5909
1971-11-04,1.730,5955
1971-11-03,0.000,5854
1971-11-02,-1.624,5854
1971-11-01,-1.071,5950
1971-10-29,1.005,6015
1971-10-28,-2.707,5955
1971-10-27,0.834,6121
1971-10-26,0.764,6070
1971-10-25,0.230,6024
1971-10-22,1.005,6010
1971-10-21,-1.147,5950
1971-10-20,-2.169,6019
1971-10-19,-0.521,6153
1971-10-18,1.895,6185
1971-10-15,0.000,6070
1971-10-14,1.073,6070
1971-10-13,-0.760,6006
1971-10-12,1.466,6052
1971-10-11,-3.356,5964
1971-10-08,-0.593,6171
1971-10-07,0.447,6208
1971-10-06,0.675,6180
1971-10-05,-3.193,6139
1971-10-04,-0.145,6341
1971-10-01,0.291,6351
1971-09-30,-1.149,6332
1971-09-29,0.360,6406
1971-09-28,-0.929,6383
1971-09-27,-0.356,6443
1971-09-24,0.501,6466
1971-09-23,-0.214,6434
1971-09-22,-1.546,6447
1971-09-21,0.494,6549
1971-09-20,-0.141,6516
1971-09-17,1.431,6526
1971-09-16,-0.921,6434
1971-09-15,1.365,6493
1971-09-14,1.384,6406
1971-09-13,-0.866,6318
1971-09-10,-2.396,6374
1971-09-09,3.426,6530
1971-09-08,-4.854,6314
1971-09-07,-3.286,6636
1971-09-03,-0.732,6861
1971-09-02,1.213,6912
1971-09-01,-1.198,6829
1971-08-31,-3.964,6912
1971-08-30,0.000,7197
1971-08-27,-0.191,7197
1971-08-26,-0.697,7211
1971-08-25,0.382,7262
1971-08-24,-1.318,7234
1971-08-23,0.063,7331
1971-08-20,0.000,7326
1971-08-19,0.000,7326
1971-08-18,0.000,7326
1971-08-17,0.000,7326
1971-08-16,0.000,7326
1971-08-13,0.000,7326
1971-08-12,1.079,7326
1971-08-11,-2.113,7248
1971-08-10,0.000,7405
1971-08-09,0.625,7405
1971-08-06,-1.357,7358
1971-08-05,-0.308,7460
1971-08-04,1.119,7483
1971-08-03,1.643,7400
1971-08-02,-0.628,7280
1971-07-30,-0.251,7326
1971-07-29,2.505,7345
1971-07-28,0.452,7165
1971-07-27,-0.513,7133
1971-07-26,-0.447,7170
1971-07-23,0.449,7202
1971-07-22,0.972,7170
1971-07-21,0.000,7101
1971-07-20,-1.090,7101
1971-07-19,0.322,7179
1971-07-16,-0.448,7156
1971-07-15,-0.951,7188
1971-07-14,1.090,7257
1971-07-13,-1.701,7179
1971-07-12,-0.314,7303
1971-07-09,0.189,7326
1971-07-08,0.633,7312
1971-07-07,-0.629,7266
1971-07-06,-0.811,7312
1971-07-02,0.062,7372
1971-07-01,1.651,7368
1971-06-30,-0.442,7248
1971-06-29,-1.063,7280
1971-06-28,0.000,7358
1971-06-25,0.629,7358
1971-06-24,-0.935,7312
1971-06-23,1.263,7382
1971-06-22,-1.554,7289
1971-06-21,-1.167,7405
1971-06-18,-0.913,7492
1971-06-17,0.798,7561
1971-06-16,0.929,7501
1971-06-15,-0.493,7432
1971-06-14,0.558,7469
1971-06-11,0.311,7428
1971-06-10,-1.349,7405
1971-06-09,3.097,7506
1971-06-08,-0.189,7280
1971-06-07,-0.126,7294
1971-06-04,0.000,7303
1971-06-03,-0.189,7303
1971-06-02,-1.426,7317
1971-06-01,0.750,7423
1971-05-28,-0.187,7368
1971-05-27,-0.311,7382
1971-05-26,-1.590,7405
1971-05-25,1.806,7524
1971-05-24,-3.078,7391
1971-05-21,-0.897,7625
1971-05-20,-0.298,7694
1971-05-19,-0.416,7717
1971-05-18,0.477,7750
1971-05-17,-1.412,7713
1971-05-14,1.130,7823
1971-05-13,0.719,7736
1971-05-12,-0.477,7681
1971-05-11,0.359,7717
1971-05-10,-0.890,7690
1971-05-07,-0.237,7759
1971-05-06,-0.236,7777
1971-05-05,2.295,7796
1971-05-04,-1.370,7621
1971-05-03,-0.592,7727
1971-04-30,-0.822,7773
1971-04-29,0.829,7837
1971-04-28,1.017,7773
1971-04-27,-2.904,7694
1971-04-26,0.000,7925
1971-04-23,-0.864,7925
1971-04-22,-0.172,7994
1971-04-21,0.870,8007
1971-04-20,0.877,7938
1971-04-19,0.000,7869
1971-04-16,-1.384,7869
1971-04-15,0.347,7980
1971-04-14,-1.088,7952
1971-04-13,-0.399,8040
1971-04-12,0.000,8072
1971-04-08,1.095,8072
1971-04-07,0.463,7984
1971-04-06,-0.690,7948
1971-04-05,1.636,8003
1971-04-02,-0.117,7874
1971-04-01,1.601,7883
1971-03-31,-0.237,7759
1971-03-30,-0.059,7777
1971-03-29,0.178,7782
1971-03-26,1.442,7768
1971-03-25,0.000,7658
1971-03-24,-0.893,7658
1971-03-23,0.419,7727
1971-03-22,0.180,7694
1971-03-19,-0.179,7681
1971-03-18,-0.239,7694
1971-03-17,-0.119,7713
1971-03-16,1.267,7722
1971-03-15,0.000,7625
1971-03-12,-0.241,7625
1971-03-11,-0.360,7644
1971-03-10,0.301,7671
1971-03-09,0.302,7648
1971-03-08,1.222,7625
1971-03-05,1.362,7533
1971-03-04,0.062,7432
1971-03-03,-0.860,7428
1971-03-02,1.814,7492
1971-03-01,0.756,7358
1971-02-26,0.762,7303
1971-02-25,-0.819,7248
1971-02-24,-0.564,7308
1971-02-23,-0.436,7349
1971-02-22,0.187,7382
1971-02-19,0.313,7368
1971-02-18,0.251,7345
1971-02-17,0.505,7326
1971-02-16,-0.377,7289
1971-02-12,-0.251,7317
1971-02-11,1.014,7335
1971-02-10,-0.190,7262
1971-02-09,-1.984,7276
1971-02-08,0.498,7423
1971-02-05,-0.742,7386
1971-02-04,-0.185,7441
1971-02-03,0.684,7455
1971-02-02,0.941,7405
1971-02-01,0.063,7335
1971-01-29,0.441,7331
1971-01-28,1.472,7299
1971-01-27,-3.160,7193
1971-01-26,1.765,7428
1971-01-25,1.536,7299
1971-01-22,-0.888,7188
1971-01-21,-0.253,7253
1971-01-20,-0.691,7271
1971-01-19,-2.333,7322
1971-01-18,-3.093,7497
1971-01-15,-0.178,7736
1971-01-14,-0.999,7750
1971-01-13,0.236,7828
1971-01-12,-0.702,7809
1971-01-11,1.064,7865
1971-01-08,0.059,7782
1971-01-07,2.611,7777
1971-01-06,-0.303,7579
1971-01-05,-0.060,7602
1971-01-04,1.225,7607
1970-12-31,-0.183,7515
1970-12-30,-0.909,7529
1970-12-29,0.671,7598
1970-12-28,-0.061,7547
1970-12-24,0.675,7552
1970-12-23,-2.220,7501
1970-12-22,0.969,7671
1970-12-21,0.182,7598
1970-12-18,3.453,7584
1970-12-17,-1.240,7331
1970-12-16,-1.526,7423
1970-12-15,0.614,7538
1970-12-14,1.496,7492
1970-12-11,1.583,7382
1970-12-10,-1.065,7266
1970-12-09,-1.966,7345
1970-12-08,-0.732,7492
1970-12-07,-0.666,7547
1970-12-04,0.609,7598
1970-12-03,-0.606,7552
1970-12-02,2.738,7598
1970-12-01,-2.783,7395
1970-11-30,-0.482,7607
1970-11-27,-0.120,7644
1970-11-25,-3.482,7653
1970-11-24,-1.823,7929
1970-11-23,0.631,8076
1970-11-20,-0.909,8026
1970-11-19,-0.621,8099
1970-11-18,-1.117,8150
1970-11-17,0.788,8242
1970-11-16,-0.112,8178
1970-11-13,-1.550,8187
1970-11-12,0.950,8316
1970-11-11,-1.864,8237
1970-11-10,2.128,8394
1970-11-09,-0.168,8219
1970-11-06,-1.378,8233
1970-11-05,1.228,8348
1970-11-04,0.618,8247
1970-11-03,-0.780,8196
1970-11-02,0.673,8260
1970-10-30,0.905,8205
1970-10-29,-1.395,8132
1970-10-28,-0.389,8247
1970-10-27,0.447,8279
1970-10-26,3.466,8242
1970-10-23,0.174,7966
1970-10-22,-0.231,7952
1970-10-21,0.874,7971
1970-10-20,-1.208,7902
1970-10-19,-0.515,7998
1970-10-16,0.172,8040
1970-10-15,1.513,8026
1970-10-14,-1.547,7906
1970-10-13,0.000,8030
1970-10-12,0.000,8030
1970-10-09,-1.133,8030
1970-10-08,0.973,8122
1970-10-07,2.462,8044
1970-10-06,-1.387,7851
1970-10-05,0.000,7961
1970-10-02,0.581,7961
1970-10-01,1.117,7915
1970-09-30,-2.521,7828
1970-09-29,-0.739,8030
1970-09-28,1.618,8090
1970-09-25,-2.205,7961
1970-09-24,-0.618,8141
1970-09-23,0.000,8191
1970-09-22,0.451,8191
1970-09-21,-0.393,8155
1970-09-18,-1.550,8187
1970-09-17,0.950,8316
1970-09-16,-1.269,8237
1970-09-15,-1.628,8343
1970-09-14,0.000,8481
1970-09-11,-0.486,8481
1970-09-10,-0.857,8523
1970-09-09,1.192,8596
1970-09-08,-0.162,8495
1970-09-04,0.380,8509
1970-09-03,0.163,8477
1970-09-02,-0.433,8463
1970-09-01,0.544,8500
1970-08-31,0.000,8454
1970-08-28,-0.326,8454
1970-08-27,-1.180,8481
1970-08-26,0.539,8583
1970-08-25,0.760,8537
1970-08-24,1.713,8472
1970-08-21,-0.440,8329
1970-08-20,-1.142,8366
1970-08-19,1.378,8463
1970-08-18,1.568,8348
1970-08-17,1.651,8219
1970-08-14,-0.453,8086
1970-08-13,1.262,8122
1970-08-12,0.926,8021
1970-08-11,-1.763,7948
1970-08-10,1.267,8090
1970-08-07,-0.686,7989
1970-08-06,-1.577,8044
1970-08-05,0.852,8173
1970-08-04,-1.234,8104
1970-08-03,0.848,8205
1970-07-31,0.000,8136
1970-07-30,-0.841,8136
1970-07-29,0.338,8205
1970-07-28,2.480,8178
1970-07-27,0.697,7980
1970-07-24,-0.405,7925
1970-07-23,-0.575,7957
1970-07-22,0.870,8003
1970-07-21,1.891,7934
1970-07-20,2.051,7786
1970-07-17,-1.602,7630
1970-07-16,1.751,7754
1970-07-15,1.099,7621
1970-07-14,1.174,7538
1970-07-13,-0.308,7451
1970-07-10,0.123,7474
1970-07-09,0.000,7464
1970-07-08,1.629,7464
1970-07-07,-1.724,7345
1970-07-06,-0.915,7474
1970-07-02,0.924,7543
1970-07-01,1.058,7474
1970-06-30,-1.108,7395
1970-06-29,-0.123,7478
1970-06-26,-0.123,7487
1970-06-25,-0.428,7497
1970-06-24,-0.848,7529
1970-06-23,0.548,7593
1970-06-22,-0.726,7552
1970-06-19,1.225,7607
1970-06-18,-1.508,7515
1970-06-17,1.159,7630
1970-06-16,0.552,7543
1970-06-15,0.061,7501
1970-06-12,-1.033,7497
1970-06-11,-2.315,7575
1970-06-10,0.898,7754
1970-06-09,1.520,7685
1970-06-08,0.061,7570
1970-06-05,0.000,7566
1970-06-04,1.356,7566
1970-06-03,0.808,7464
1970-06-02,-2.603,7405
1970-06-01,1.288,7602
1970-05-29,0.246,7506
1970-05-28,1.942,7487
1970-05-27,1.786,7345
1970-05-26,-3.389,7216
1970-05-25,0.000,7469
1970-05-22,-1.097,7469
1970-05-21,-2.205,7552
1970-05-20,-0.710,7722
1970-05-19,-0.763,7777
1970-05-18,1.128,7837
1970-05-15,0.298,7750
1970-05-14,-2.327,7727
1970-05-13,-1.995,7911
1970-05-12,0.286,8072
1970-05-11,1.157,8049
1970-05-08,1.766,7957
1970-05-07,-1.735,7819
1970-05-06,4.598,7957
1970-05-05,-4.671,7607
1970-05-04,0.000,7980
1970-05-01,0.580,7980
1970-04-30,-1.429,7934
1970-04-29,-3.049,8049
1970-04-28,-1.796,8302
1970-04-27,-0.703,8454
1970-04-24,-0.270,8514
1970-04-23,-0.429,8537
1970-04-22,0.161,8573
1970-04-21,-0.268,8560
1970-04-20,0.000,8583
1970-04-17,0.539,8583
1970-04-16,0.000,8537
1970-04-15,-0.536,8537
1970-04-14,0.539,8583
1970-04-13,0.597,8537
1970-04-10,-0.700,8486
1970-04-09,-0.054,8546
1970-04-08,-0.054,8550
1970-04-07,-0.694,8555
1970-04-06,-0.319,8615
1970-04-03,-0.635,8642
1970-04-02,0.746,8698
1970-04-01,-0.106,8633
1970-03-31,0.160,8642
1970-03-30,0.000,8629
1970-03-26,0.861,8629
1970-03-25,0.162,8555
1970-03-24,-0.429,8541
1970-03-23,-0.268,8578
1970-03-20,-0.638,8601
1970-03-19,1.292,8656
1970-03-18,-0.376,8546
1970-03-17,-0.534,8578
1970-03-16,0.214,8624
1970-03-13,-0.532,8606
1970-03-12,-0.529,8652
1970-03-11,0.265,8698
1970-03-10,-0.159,8675
1970-03-09,-0.736,8688
1970-03-06,-1.349,8753
1970-03-05,1.634,8873
1970-03-04,-0.210,8730
1970-03-03,0.529,8748
1970-03-02,-0.421,8702
1970-02-27,1.280,8739
1970-02-26,0.267,8629
1970-02-25,-0.638,8606
1970-02-24,0.266,8661
1970-02-20,-0.424,8638
1970-02-19,1.018,8675
1970-02-18,-1.008,8587
1970-02-17,-0.842,8675
1970-02-16,0.211,8748
1970-02-13,0.370,8730
1970-02-12,-0.158,8698
1970-02-11,-0.786,8711
1970-02-10,0.052,8780
1970-02-09,0.474,8776
1970-02-06,-0.210,8734
1970-02-05,-1.092,8753
1970-02-04,1.211,8850
1970-02-03,0.317,8744
1970-02-02,-0.941,8716
1970-01-30,-0.469,8799
1970-01-29,2.782,8840
1970-01-28,-0.638,8601
1970-01-27,-0.791,8656
1970-01-26,0.958,8725
1970-01-23,0.482,8642
1970-01-22,0.161,8601
1970-01-21,-1.113,8587
1970-01-20,0.909,8684
1970-01-19,0.754,8606
1970-01-16,-1.013,8541
1970-01-15,1.902,8629
1970-01-14,0.601,8468
1970-01-13,0.827,8417
1970-01-12,-1.252,8348
1970-01-09,-0.054,8454
1970-01-08,0.712,8458
1970-01-07,-1.351,8399
1970-01-06,1.038,8514
1970-01-05,1.722,8426
1970-01-02,0.503,8283
1969-12-31,-0.500,8242
1969-12-30,-1.316,8283
1969-12-29,1.390,8394
1969-12-26,0.000,8279
1969-12-24,1.409,8279
1969-12-23,1.025,8164
1969-12-22,1.036,8081
1969-12-19,0.929,7998
1969-12-18,-0.635,7925
1969-12-17,-1.422,7975
1969-12-16,0.000,8090
1969-12-15,0.572,8090
1969-12-12,-1.075,8044
1969-12-11,0.512,8132
1969-12-10,-2.980,8090
1969-12-09,-2.685,8339
1969-12-08,0.540,8569
1969-12-05,-1.332,8523
1969-12-04,-1.625,8638
1969-12-03,-0.728,8780
1969-12-02,0.787,8845
1969-12-01,1.060,8776
1969-11-28,1.017,8684
1969-11-26,0.000,8596
1969-11-25,-1.529,8596
1969-11-24,0.053,8730
1969-11-21,-0.315,8725
1969-11-20,1.332,8753
1969-11-19,-1.054,8638
1969-11-18,-1.249,8730
1969-11-17,-0.052,8840
1969-11-14,-0.518,8845
1969-11-13,-1.479,8891
1969-11-12,0.204,9024
1969-11-11,0.721,9006
1969-11-10,-1.069,8942
1969-11-07,-1.257,9038
1969-11-06,-0.201,9153
1969-11-05,1.270,9172
1969-11-04,-1.403,9057
1969-11-03,2.517,9185
1969-10-31,1.038,8960
1969-10-30,1.635,8868
1969-10-29,0.584,8725
1969-10-28,-1.102,8675
1969-10-27,2.860,8771
1969-10-24,-0.537,8527
1969-10-23,0.921,8573
1969-10-22,-1.494,8495
1969-10-21,1.079,8624
1969-10-20,2.261,8532
1969-10-17,-1.628,8343
1969-10-16,1.936,8481
1969-10-15,-0.932,8320
1969-10-14,-0.055,8399
1969-10-13,-0.761,8403
1969-10-10,-0.217,8468
1969-10-09,1.152,8486
1969-10-08,-2.200,8389
1969-10-07,2.137,8578
1969-10-06,-2.406,8399
1969-10-03,-1.267,8606
1969-10-02,1.664,8716
1969-10-01,-0.693,8573
1969-09-30,2.012,8633
1969-09-29,0.437,8463
1969-09-26,-0.759,8426
1969-09-25,-2.433,8491
1969-09-24,1.231,8702
1969-09-23,2.750,8596
1969-09-22,1.056,8366
1969-09-19,0.503,8279
1969-09-18,-1.105,8237
1969-09-17,2.376,8329
1969-09-16,-0.730,8136
1969-09-15,-1.275,8196
1969-09-12,1.979,8302
1969-09-11,0.855,8141
1969-09-10,-0.228,8072
1969-09-09,1.736,8090
1969-09-08,1.528,7952
1969-09-05,-0.176,7832
1969-09-04,0.000,7846
1969-09-03,1.007,7846
1969-09-02,0.836,7768
1969-08-29,0.601,7704
1969-08-28,-0.538,7658
1969-08-27,0.601,7699
1969-08-26,-0.657,7653
1969-08-25,-0.535,7704
1969-08-22,0.538,7745
1969-08-21,-0.712,7704
1969-08-20,1.627,7759
1969-08-19,-1.250,7635
1969-08-18,-0.943,7731
1969-08-15,-0.644,7805
1969-08-14,1.910,7855
1969-08-13,1.270,7708
1969-08-12,-2.130,7612
1969-08-11,4.064,7777
1969-08-08,0.620,7474
1969-08-07,0.000,7428
1969-08-06,0.938,7428
1969-08-05,-1.113,7358
1969-08-04,0.186,7441
1969-08-01,-0.921,7428
1969-07-31,0.432,7497
1969-07-30,0.062,7464
1969-07-29,-1.936,7460
1969-07-28,0.486,7607
1969-07-25,0.122,7570
1969-07-24,-1.024,7561
1969-07-23,-0.896,7639
1969-07-22,1.331,7708
1969-07-18,1.039,7607
1969-07-17,-1.977,7529
1969-07-16,-0.832,7681
1969-07-15,1.877,7745
1969-07-14,1.288,7602
1969-07-11,-1.924,7506
1969-07-10,2.781,7653
1969-07-09,0.310,7446
1969-07-08,1.192,7423
1969-07-07,1.335,7335
1969-07-03,0.191,7239
1969-07-02,-1.567,7225
1969-07-01,1.982,7340
1969-06-30,0.321,7197
1969-06-27,-1.267,7174
1969-06-26,-0.504,7266
1969-06-25,0.189,7303
1969-06-24,1.149,7289
1969-06-23,-3.808,7207
1969-06-20,1.560,7492
1969-06-19,1.584,7377
1969-06-18,-0.942,7262
1969-06-17,-5.122,7331
1969-06-16,-0.415,7727
1969-06-13,0.059,7759
1969-06-12,0.059,7754
1969-06-11,-0.178,7750
1969-06-10,-2.033,7763
1969-06-09,-1.544,7925
1969-06-06,-0.963,8049
1969-06-05,0.455,8127
1969-06-04,-0.846,8090
1969-06-03,0.000,8159
1969-06-02,0.113,8159
1969-05-29,0.226,8150
1969-05-28,-0.897,8132
1969-05-27,1.422,8205
1969-05-26,0.000,8090
1969-05-23,0.400,8090
1969-05-22,-0.455,8058
1969-05-21,0.572,8095
1969-05-20,-0.681,8049
1969-05-19,-1.123,8104
1969-05-16,1.136,8196
1969-05-15,-0.845,8104
1969-05-14,1.544,8173
1969-05-13,-2.563,8049
1969-05-12,-1.211,8260
1969-05-09,-1.571,8362
1969-05-08,2.158,8495
1969-05-07,2.787,8316
1969-05-06,-0.622,8090
1969-05-05,-0.450,8141
1969-05-02,-0.056,8178
1969-05-01,0.113,8182
1969-04-30,-1.003,8173
1969-04-29,-0.884,8256
1969-04-28,1.571,8329
1969-04-25,-0.558,8201
1969-04-24,0.392,8247
1969-04-23,0.847,8214
1969-04-22,-1.667,8145
1969-04-21,-0.111,8283
1969-04-18,-0.277,8293
1969-04-17,0.556,8316
1969-04-16,0.000,8270
1969-04-15,-0.167,8270
1969-04-14,-0.056,8283
1969-04-11,-0.717,8288
1969-04-10,0.666,8348
1969-04-09,-1.314,8293
1969-04-08,-0.490,8403
1969-04-07,0.000,8445
1969-04-03,2.001,8445
1969-04-02,-0.827,8279
1969-04-01,-0.874,8348
1969-03-28,0.882,8422
1969-03-27,-0.330,8348
1969-03-26,-0.655,8376
1969-03-25,-0.758,8431
1969-03-24,0.709,8495
1969-03-21,1.103,8435
1969-03-20,-0.603,8343
1969-03-19,0.607,8394
1969-03-18,-0.983,8343
1969-03-17,-0.272,8426
1969-03-14,-1.871,8449
1969-03-13,2.073,8610
1969-03-12,-2.448,8435
1969-03-11,-1.157,8647
1969-03-10,-1.247,8748
1969-03-07,2.068,8859
1969-03-06,1.289,8679
1969-03-05,3.617,8569
1969-03-04,-0.992,8270
1969-03-03,-0.548,8353
1969-02-28,-0.491,8399
1969-02-27,1.946,8440
1969-02-26,-0.222,8279
1969-02-25,-1.637,8297
1969-02-24,-0.543,8435
1969-02-20,0.765,8481
1969-02-19,1.386,8417
1969-02-18,-2.749,8302
1969-02-17,4.802,8537
1969-02-14,-3.437,8145
1969-02-13,-2.136,8435
1969-02-12,-0.531,8619
1969-02-11,-0.106,8665
1969-02-07,-1.925,8675
1969-02-06,-3.076,8845
1969-02-05,-0.402,9126
1969-02-04,0.201,9162
1969-02-03,-0.700,9144
1969-01-31,0.000,9208
1969-01-30,1.010,9208
1969-01-29,-0.302,9116
1969-01-28,-0.600,9144
1969-01-27,0.553,9199
1969-01-24,0.303,9149
1969-01-23,-0.999,9121
1969-01-22,-0.645,9213
1969-01-21,1.053,9273
1969-01-20,0.000,9176
1969-01-17,-1.140,9176
1969-01-16,-1.030,9282
1969-01-15,0.543,9379
1969-01-14,0.546,9328
1969-01-13,-1.273,9277
1969-01-10,1.744,9397
1969-01-09,-0.496,9236
1969-01-08,2.023,9282
1969-01-07,0.254,9098
1969-01-06,0.254,9075
1969-01-03,0.460,9052
1969-01-02,0.565,9011
1968-12-31,-1.017,8960
1968-12-30,1.549,9052
1968-12-27,-1.022,8914
1968-12-26,0.000,9006
1968-12-24,-0.458,9006
1968-12-23,-0.254,9047
1968-12-20,-1.647,9070
1968-12-19,2.141,9222
1968-12-17,0.204,9029
1968-12-16,-1.459,9011
1968-12-13,0.151,9144
1968-12-12,0.405,9130
1968-12-10,-2.947,9093
1968-12-09,0.049,9370
1968-12-06,1.699,9365
1968-12-05,2.773,9208
1968-12-03,0.206,8960
1968-12-02,-1.270,8942
1968-11-29,2.500,9057
1968-11-27,-3.421,8836
1968-11-26,-5.558,9149
1968-11-25,0.959,9687
1968-11-22,0.000,9595
1968-11-21,0.000,9595
1968-11-19,-0.856,9595
1968-11-18,0.815,9678
1968-11-15,0.822,9600
1968-11-14,0.388,9521
1968-11-13,2.486,9485
1968-11-12,2.237,9254
1968-11-08,0.511,9052
1968-11-07,-1.757,9006
1968-11-06,1.477,9167
1968-11-04,3.153,9034
1968-11-01,-1.552,8757
1968-10-31,-1.978,8896
1968-10-29,3.084,9075
1968-10-28,0.000,8803
1968-10-25,0.790,8803
1968-10-24,1.119,8734
1968-10-22,-4.817,8638
1968-10-21,5.342,9075
1968-10-18,1.629,8615
1968-10-17,-7.484,8477
1968-10-15,-1.921,9162
1968-10-14,-0.976,9342
1968-10-11,1.939,9434
1968-10-10,-3.595,9254
1968-10-08,-0.714,9600
1968-10-07,0.767,9669
1968-10-04,-0.762,9595
1968-10-03,-1.822,9669
1968-10-01,-1.428,9848
1968-09-30,-1.318,9991
1968-09-27,0.457,10124
1968-09-26,-1.351,10078
1968-09-24,-0.493,10216
1968-09-23,-0.402,10267
1968-09-20,0.448,10308
1968-09-19,0.090,10262
1968-09-17,0.952,10253
1968-09-16,-0.898,10156
1968-09-13,1.319,10249
1968-09-12,1.384,10115
1968-09-10,-3.344,9977
1968-09-09,-0.928,10322
1968-09-06,-0.440,10419
1968-09-05,0.843,10465
1968-09-04,0.670,10377
1968-09-03,0.045,10308
1968-08-30,-0.134,10304
1968-08-29,0.134,10318
1968-08-27,0.000,10304
1968-08-26,-1.539,10304
1968-08-23,1.518,10465
1968-08-22,-0.134,10308
1968-08-20,2.984,10322
1968-08-19,-1.135,10023
1968-08-16,-0.226,10138
1968-08-15,6.977,10161
1968-08-13,-2.871,9498
1968-08-12,-1.346,9779
1968-08-09,-0.508,9913
1968-08-08,-0.915,9963
1968-08-06,-0.456,10055
1968-08-05,-2.227,10101
1968-08-02,0.899,10331
1968-08-01,-0.447,10239
1968-07-30,-1.801,10285
1968-07-29,-0.350,10474
1968-07-26,0.044,10511
1968-07-25,-0.393,10506
1968-07-23,0.000,10548
1968-07-22,-1.673,10548
1968-07-19,3.970,10727
1968-07-18,-4.636,10318
1968-07-16,-1.714,10819
1968-07-15,1.787,11008
1968-07-12,-0.802,10815
1968-07-11,2.156,10902
1968-07-09,-4.803,10672
1968-07-08,-2.129,11210
1968-07-03,1.056,11454
1968-07-02,-1.951,11335
1968-07-01,0.400,11560
1968-06-28,0.401,11514
1968-06-27,-0.796,11468
1968-06-25,1.168,11560
1968-06-24,1.388,11427
1968-06-21,-0.770,11270
1968-06-20,1.522,11358
1968-06-18,-0.041,11187
1968-06-17,-1.339,11192
1968-06-14,-2.183,11344
1968-06-13,0.559,11597
1968-06-11,2.453,11532
1968-06-10,-1.291,11256
1968-06-07,0.978,11404
1968-06-06,1.363,11293
1968-06-05,-0.206,11141
1968-06-04,-2.296,11164
1968-06-03,0.000,11427
1968-05-31,2.773,11427
1968-05-29,-2.972,11118
1968-05-28,-0.994,11459
1968-05-27,0.479,11574
1968-05-24,0.927,11519
1968-05-23,0.527,11413
1968-05-22,-3.406,11353
1968-05-21,1.915,11753
1968-05-20,0.040,11532
1968-05-17,1.871,11528
1968-05-16,2.416,11316
1968-05-15,0.925,11049
1968-05-14,0.848,10948
1968-05-13,-0.085,10856
1968-05-10,1.811,10865
1968-05-09,-0.086,10672
1968-05-08,3.385,10681
1968-05-07,-3.854,10331
1968-05-06,0.864,10746
1968-05-03,0.784,10653
1968-05-02,-2.546,10571
1968-05-01,-1.669,10847
1968-04-30,0.042,11031
1968-04-29,2.965,11026
1968-04-26,0.823,10709
1968-04-25,0.391,10621
1968-04-24,-2.585,10580
1968-04-23,0.000,10861
1968-04-22,3.463,10861
1968-04-19,2.195,10497
1968-04-18,-3.083,10272
1968-04-17,2.219,10598
1968-04-16,4.257,10368
1968-04-15,0.000,9945
1968-04-11,-1.906,9945
1968-04-10,3.233,10138
1968-04-08,1.426,9821
1968-04-05,-0.988,9682
1968-04-04,-3.189,9779
1968-04-03,-0.318,10101
1968-04-02,-2.523,10133
1968-04-01,-0.834,10396
1968-03-29,1.289,10483
1968-03-28,-2.302,10350
1968-03-27,2.630,10594
1968-03-26,0.089,10322
1968-03-25,1.037,10313
1968-03-22,-3.691,10207
1968-03-21,2.950,10598
1968-03-20,-6.947,10295
1968-03-19,13.450,11063
1968-03-18,-14.900,9751
1968-03-15,0.000,11459
1968-03-14,5.063,11459
1968-03-13,6.661,10907
1968-03-12,1.138,10225
1968-03-11,-1.391,10110
1968-03-08,1.782,10253
1968-03-07,2.577,10074
1968-03-06,-2.468,9821
1968-03-05,-0.091,10069
1968-03-04,-0.455,10078
1968-03-01,5.566,10124
1968-02-29,-0.998,9590
1968-02-28,0.000,9687
1968-02-27,1.937,9687
1968-02-26,2.380,9503
1968-02-23,-0.640,9282
1968-02-21,2.525,9342
1968-02-20,0.559,9112
1968-02-19,-1.501,9061
1968-02-16,3.094,9199
1968-02-15,1.042,8923
1968-02-14,-0.208,8831
1968-02-13,-0.774,8850
1968-02-09,-2.072,8919
1968-02-08,0.712,9107
1968-02-07,0.873,9043
1968-02-06,-2.600,8965
1968-02-05,-0.990,9204
1968-02-02,1.253,9296
1968-02-01,1.786,9181
1968-01-31,-2.922,9020
1968-01-30,-0.981,9291
1968-01-29,-1.450,9383
1968-01-26,2.527,9521
1968-01-25,-2.229,9287
1968-01-24,-0.769,9498
1968-01-23,-0.383,9572
1968-01-22,0.481,9609
1968-01-19,0.972,9563
1968-01-18,-0.435,9471
1968-01-17,-0.097,9512
1968-01-16,-2.129,9521
1968-01-15,-0.611,9728
1968-01-12,1.576,9788
1968-01-11,0.432,9636
1968-01-10,-1.138,9595
1968-01-09,-2.497,9705
1968-01-08,0.278,9954
1968-01-05,-0.645,9926
1968-01-04,-2.427,9991
1968-01-03,2.393,10239