date,return_pct,balance
2026-05-08,0.826,4381038705
2026-05-07,-0.306,4345148417
2026-05-06,1.390,4358495679
2026-05-05,0.803,4298729610
2026-05-04,-0.366,4264503040
2026-05-01,0.277,4280166779
2026-04-30,0.995,4268331581
2026-04-29,-0.015,4226265702
2026-04-28,-0.486,4226903168
2026-04-27,0.173,4247555744
2026-04-24,0.775,4240234623
2026-04-23,-0.388,4207612741
2026-04-22,1.013,4223988979
2026-04-21,-0.654,4181627254
2026-04-20,-0.200,4209168959
2026-04-17,1.209,4217586654
2026-04-16,0.246,4167207715
2026-04-15,0.789,4156976964
2026-04-14,1.219,4124415638
2026-04-13,0.978,4074750289
2026-04-10,-0.066,4035300320
2026-04-09,0.577,4037957709
2026-04-08,2.547,4014780799
2026-04-07,0.044,3915051730
2026-04-06,0.473,3913314776
2026-04-02,0.090,3894889671
2026-04-01,0.754,3891371158
2026-03-31,2.907,3862256424
2026-03-30,-0.334,3753146505
2026-03-27,-1.705,3765722602
2026-03-26,-1.786,3831034594
2026-03-25,0.558,3900681354
2026-03-24,-0.335,3879049885
2026-03-23,1.050,3892100413
2026-03-20,-1.429,3851643622
2026-03-19,-0.246,3907493458
2026-03-18,-1.395,3917131983
2026-03-17,0.263,3972548826
2026-03-16,1.018,3962110945
2026-03-13,-0.566,3922180943
2026-03-12,-1.518,3944492574
2026-03-11,-0.125,4005297577
2026-03-10,-0.160,4010316309
2026-03-09,0.876,4016756293
2026-03-06,-1.310,3981860551
2026-03-05,-0.557,4034729028
2026-03-04,0.706,4057335830
2026-03-03,-0.881,4028895256
2026-03-02,0.057,4064707809
2026-02-27,-0.480,4062383023
2026-02-26,-0.555,4081969222
2026-02-25,0.844,4104753078
2026-02-24,0.727,4070391021
2026-02-23,-1.021,4041003547
2026-02-20,0.724,4082677824
2026-02-19,-0.263,4053349742
2026-02-18,0.504,4064052910
2026-02-17,0.162,4043666926
2026-02-13,0.071,4037137886
2026-02-12,-1.545,4034280339
2026-02-11,-0.023,4097567765
2026-02-10,-0.263,4098499861
2026-02-09,0.483,4109321049
2026-02-06,1.919,4089586731
2026-02-05,-1.249,4012590953
2026-02-04,-0.484,4063323589
2026-02-03,-0.845,4083086254
2026-02-02,0.498,4117889393
2026-01-30,-0.298,4097504049
2026-01-29,-0.198,4109746108
2026-01-28,-0.010,4117902281
2026-01-27,0.399,4118301339
2026-01-26,0.508,4101942847
2026-01-23,0.037,4081202662
2026-01-22,0.523,4079707020
2026-01-21,1.154,4058493367
2026-01-20,-2.035,4012173535
2026-01-16,-0.083,4095530158
2026-01-15,0.273,4098949132
2026-01-14,-0.491,4087801831
2026-01-13,-0.200,4107977851
2026-01-12,0.157,4116192906
2026-01-09,0.662,4109723393
2026-01-08,-0.010,4082707537
2026-01-07,-0.322,4083106706
2026-01-06,0.595,4096295460
2026-01-05,0.666,4072062867
2026-01-02,0.184,4045106767
2025-12-31,-0.741,4037690298
2025-12-30,-0.122,4067813134
2025-12-29,-0.356,4072771515
2025-12-26,-0.010,4087321834
2025-12-24,0.352,4087720974
2025-12-23,0.457,4073376999
2025-12-22,0.623,4054829288
2025-12-19,0.904,4029709534
2025-12-18,0.756,3993603720
2025-12-17,-1.100,3963657750
2025-12-16,-0.273,4007742231
2025-12-15,-0.151,4018707720
2025-12-12,-1.075,4024773237
2025-12-11,0.233,4068502783
2025-12-10,0.664,4059042025
2025-12-09,-0.086,4032284330
2025-12-08,-0.300,4035752211
2025-12-05,0.190,4047898023
2025-12-04,0.073,4040208489
2025-12-03,0.347,4037241674
2025-12-02,0.186,4023294734
2025-12-01,-0.456,4015841510
2025-11-28,0.546,4034244625
2025-11-26,0.691,4012328480
2025-11-25,0.941,3984804443
2025-11-24,1.472,3947658404
2025-11-21,0.996,3890382820
2025-11-20,-1.524,3851997748
2025-11-19,0.387,3911604904
2025-11-18,-0.839,3896537313
2025-11-17,-0.931,3929520943
2025-11-14,-0.016,3966459376
2025-11-13,-1.659,3967093836
2025-11-12,0.056,4034019177
2025-11-11,0.229,4031760911
2025-11-10,1.561,4022537154
2025-11-07,0.099,3960718168
2025-11-06,-1.073,3956807382
2025-11-05,0.347,3999706678
2025-11-04,-1.185,3985878928
2025-11-03,0.188,4033677167
2025-10-31,0.328,4026106405
2025-10-30,-1.099,4012928023
2025-10-29,0.048,4057538112
2025-10-28,0.266,4055574981
2025-10-27,1.180,4044816764
2025-10-24,0.818,3997638785
2025-10-23,0.593,3965217927
2025-10-22,-0.520,3941828421
2025-10-21,-0.001,3962413936
2025-10-20,1.040,3962458103
2025-10-17,0.568,3921656143
2025-10-16,-0.681,3899506695
2025-10-15,0.444,3926230738
2025-10-14,-0.122,3908862509
2025-10-13,1.535,3913628901
2025-10-10,-2.702,3854471081
2025-10-09,-0.289,3961527733
2025-10-08,0.597,3973022683
2025-10-07,-0.370,3949457039
2025-10-06,0.359,3964139255
2025-10-03,-0.001,3949958634
2025-10-02,0.116,3950002846
2025-10-01,0.341,3945443221
2025-09-30,0.377,3932030132
2025-09-29,0.281,3917259613
2025-09-26,0.573,3906266668
2025-09-25,-0.461,3884000478
2025-09-24,-0.318,3901987756
2025-09-23,-0.544,3914426810
2025-09-22,0.473,3935837113
2025-09-19,0.494,3917289518
2025-09-18,0.468,3898021326
2025-09-17,-0.124,3879878155
2025-09-16,-0.137,3884690021
2025-09-15,0.533,3890031577
2025-09-12,-0.033,3869416592
2025-09-11,0.831,3870696959
2025-09-10,0.289,3838781495
2025-09-09,0.232,3827701867
2025-09-08,0.246,3818858904
2025-09-05,-0.289,3809486292
2025-09-04,0.836,3820537114
2025-09-03,0.542,3788857862
2025-09-02,-0.741,3768420442
2025-08-29,-0.596,3796539620
2025-08-28,0.355,3819302684
2025-08-27,0.228,3805810371
2025-08-26,0.419,3797144321
2025-08-25,-0.440,3781297975
2025-08-22,1.536,3797998670
2025-08-21,-0.401,3740541972
2025-08-20,-0.265,3755594762
2025-08-19,-0.542,3765585949
2025-08-18,-0.021,3786111982
2025-08-15,-0.234,3786921742
2025-08-14,0.010,3795794475
2025-08-13,0.343,3795427119
2025-08-12,1.065,3782465132
2025-08-11,-0.197,3742607325
2025-08-08,0.780,3750008767
2025-08-07,-0.083,3720980289
2025-08-06,0.766,3724085520
2025-08-05,-0.507,3695763585
2025-08-04,1.520,3714582400
2025-08-01,-1.639,3658953434
2025-07-31,-0.375,3719910039
2025-07-30,-0.126,3733902733
2025-07-29,-0.263,3738596829
2025-07-28,-0.025,3748469778
2025-07-25,0.423,3749397333
2025-07-24,0.033,3733611323
2025-07-23,0.851,3732361464
2025-07-22,0.015,3700862653
2025-07-21,0.190,3700319126
2025-07-18,-0.073,3693302137
2025-07-17,0.612,3695995363
2025-07-16,0.335,3673501093
2025-07-15,-0.427,3661246721
2025-07-14,0.191,3676945621
2025-07-11,-0.351,3669928851
2025-07-10,0.282,3682861728
2025-07-09,0.600,3672490645
2025-07-08,-0.054,3650585447
2025-07-07,-0.745,3652572580
2025-07-03,0.789,3679981806
2025-07-02,0.454,3651191698
2025-07-01,-0.032,3634700836
2025-06-30,0.478,3635864142
2025-06-27,0.497,3618549608
2025-06-26,0.783,3600646740
2025-06-25,0.056,3572681313
2025-06-24,1.105,3570667154
2025-06-23,0.988,3531639052
2025-06-20,-0.234,3497083500
2025-06-18,-0.015,3505277830
2025-06-17,-0.854,3505792726
2025-06-16,0.952,3535995127
2025-06-13,-1.118,3502656882
2025-06-12,0.398,3542246352
2025-06-11,-0.285,3528210865
2025-06-10,0.567,3538288890
2025-06-09,0.091,3518327866
2025-06-06,1.027,3515146511
2025-06-05,-0.483,3479403646
2025-06-04,-0.026,3496287331
2025-06-03,0.571,3497212923
2025-06-02,0.564,3477369764
2025-05-30,-0.111,3457878765
2025-05-29,0.395,3461737908
2025-05-28,-0.578,3448113924
2025-05-27,2.079,3468165413
2025-05-23,-0.682,3397516525
2025-05-22,0.040,3420853432
2025-05-21,-1.685,3419491257
2025-05-20,-0.336,3478086778
2025-05-19,0.110,3489807093
2025-05-16,0.634,3485980679
2025-05-15,0.489,3464026391
2025-05-14,0.128,3447176221
2025-05-13,0.661,3442763351
2025-05-12,3.305,3420164148
2025-05-09,-0.127,3310740199
2025-05-08,0.697,3314951683
2025-05-07,0.421,3292001220
2025-05-06,-0.835,3278202642
2025-05-05,-0.573,3305821376
2025-05-02,1.485,3324874903
2025-05-01,0.709,3276229843
2025-04-30,0.040,3253162627
2025-04-29,0.630,3251859825
2025-04-28,0.039,3231491394
2025-04-25,0.723,3230247347
2025-04-24,2.105,3207063321
2025-04-23,1.550,3140938260
2025-04-22,2.602,3092999107
2025-04-21,-2.380,3014555850
2025-04-17,0.143,3088048278
2025-04-16,-2.222,3083637050
2025-04-15,-0.280,3153726280
2025-04-14,0.971,3162572345
2025-04-11,1.785,3132173925
2025-04-10,-4.382,3077255392
2025-04-09,10.502,3218264577
2025-04-08,-1.566,2912395784
2025-04-07,-0.178,2958726614
2025-04-04,-5.854,2963994939
2025-04-03,-4.928,3148293515
2025-04-02,0.633,3311473160
2025-04-01,0.283,3290636605
2025-03-31,0.672,3281356093
2025-03-28,-2.013,3259463942
2025-03-27,-0.265,3326440158
2025-03-26,-1.193,3335285142
2025-03-25,0.241,3375570980
2025-03-24,1.791,3367463487
2025-03-21,0.033,3308206280
2025-03-20,-0.289,3307108870
2025-03-19,1.089,3316687474
2025-03-18,-1.080,3280942824
2025-03-17,0.772,3316779560
2025-03-14,2.066,3291386331
2025-03-13,-1.333,3224764276
2025-03-12,0.531,3268320267
2025-03-11,-0.831,3251056284
2025-03-10,-2.663,3278295870
2025-03-07,0.561,3367991872
2025-03-06,-1.775,3349207237
2025-03-05,1.075,3409721004
2025-03-04,-1.183,3373451036
2025-03-03,-1.752,3413847446
2025-02-28,1.561,3474711159
2025-02-27,-1.596,3421307108
2025-02-26,0.051,3476790319
2025-02-25,-0.497,3475022935
2025-02-24,-0.455,3492377870
2025-02-21,-1.710,3508329208
2025-02-20,-0.416,3569366624
2025-02-19,0.236,3584264960
2025-02-18,0.294,3575830814
2025-02-14,-0.005,3565350039
2025-02-13,1.056,3565512099
2025-02-12,-0.322,3528249220
2025-02-11,0.076,3539638857
2025-02-10,0.680,3536935686
2025-02-07,-0.915,3513064293
2025-02-06,0.348,3545505070
2025-02-05,0.406,3533211947
2025-02-04,0.671,3518930761
2025-02-03,-0.673,3495469117
2025-01-31,-0.532,3519138267
2025-01-30,0.537,3537953857
2025-01-29,-0.448,3519053399
2025-01-28,0.860,3534886671
2025-01-27,-1.414,3504759390
2025-01-24,-0.292,3555033554
2025-01-23,0.546,3565428487
2025-01-22,0.563,3546060496
2025-01-21,0.916,3526224866
2025-01-17,1.004,3494227054
2025-01-16,-0.192,3459481273
2025-01-15,1.819,3466134142
2025-01-14,0.138,3404199204
2025-01-13,0.155,3399508689
2025-01-10,-1.526,3394233492
2025-01-08,0.146,3446845048
2025-01-07,-1.130,3441803598
2025-01-06,0.576,3481141665
2025-01-03,1.251,3461190079
2025-01-02,-0.245,3418435127
2024-12-31,-0.363,3426842035
2024-12-30,-1.141,3439341789
2024-12-27,-1.052,3479029946
2024-12-26,0.007,3516028200
2024-12-24,1.112,3515781137
2024-12-23,0.599,3477119790
2024-12-20,1.197,3456408720
2024-12-19,-0.030,3415512628
2024-12-18,-2.980,3416548767
2024-12-17,-0.412,3521488494
2024-12-16,0.427,3536043881
2024-12-13,-0.019,3520995889
2024-12-12,-0.515,3521681973
2024-12-11,0.773,3539908440
2024-12-10,-0.311,3512739715
2024-12-09,-0.515,3523681919
2024-12-06,0.190,3541908173
2024-12-05,-0.164,3535193514
2024-12-04,0.621,3541007519
2024-12-03,0.047,3519142088
2024-12-02,0.180,3517497270
2024-11-29,0.622,3511190707
2024-11-27,-0.303,3489500448
2024-11-26,0.523,3500092781
2024-11-25,0.340,3481899005
2024-11-22,0.310,3470115187
2024-11-21,0.537,3459380332
2024-11-20,0.034,3440895559
2024-11-19,0.366,3439717247
2024-11-18,0.410,3427176249
2024-11-15,-1.280,3413178595
2024-11-14,-0.643,3457450834
2024-11-13,0.049,3479813383
2024-11-12,-0.310,3478110523
2024-11-11,0.096,3488935538
2024-11-08,0.434,3485601127
2024-11-07,0.774,3470554732
2024-11-06,2.487,3443913024
2024-11-05,1.210,3360343418
2024-11-04,-0.215,3320184131
2024-11-01,0.422,3327338623
2024-10-31,-1.960,3313341919
2024-10-30,-0.302,3379579515
2024-10-29,0.162,3389821864
2024-10-28,0.310,3384332059
2024-10-25,-0.034,3373889622
2024-10-24,0.217,3375042300
2024-10-23,-0.913,3367746357
2024-10-22,-0.053,3398789547
2024-10-21,-0.164,3400583043
2024-10-18,0.385,3406163792
2024-10-17,0.009,3393099565
2024-10-16,0.435,3392795515
2024-10-15,-0.777,3378100015
2024-10-14,0.818,3404539551
2024-10-11,0.599,3376909388
2024-10-10,-0.175,3356795530
2024-10-09,0.693,3362667618
2024-10-08,0.946,3339524241
2024-10-07,-0.904,3308224122
2024-10-04,0.909,3338392188
2024-10-03,-0.182,3308315836
2024-10-02,0.043,3314362784
2024-10-01,-0.895,3312952048
2024-09-30,0.401,3342886593
2024-09-27,-0.145,3329531975
2024-09-26,0.397,3334355248
2024-09-25,-0.220,3321175548
2024-09-24,0.287,3328504069
2024-09-23,0.250,3318994964
2024-09-20,-0.172,3310709416
2024-09-19,1.707,3316415057
2024-09-18,-0.296,3260759656
2024-09-17,0.041,3270447157
2024-09-16,0.148,3269099007
2024-09-13,0.523,3264265961
2024-09-12,0.843,3247293905
2024-09-11,1.026,3220157742
2024-09-10,0.436,3187445993
2024-09-09,1.120,3173610785
2024-09-06,-1.683,3138460065
2024-09-05,-0.243,3192172731
2024-09-04,-0.204,3199943514
2024-09-03,-2.058,3206494558
2024-08-30,0.955,3273855116
2024-08-29,0.009,3242886414
2024-08-28,-0.580,3242583857
2024-08-27,0.138,3261505503
2024-08-26,-0.238,3257021194
2024-08-23,1.063,3264791529
2024-08-22,-0.784,3230454888
2024-08-21,0.344,3255997221
2024-08-20,-0.162,3244834021
2024-08-19,0.957,3250106937
2024-08-16,0.225,3219313602
2024-08-15,1.714,3212099929
2024-08-14,0.316,3157959928
2024-08-13,1.645,3148016920
2024-08-12,0.053,3097071784
2024-08-09,0.441,3095434026
2024-08-08,2.312,3081832555
2024-08-07,-0.668,3012187721
2024-08-06,0.922,3032444917
2024-08-05,-2.912,3004731440
2024-08-02,-1.861,3094853299
2024-08-01,-1.416,3153555767
2024-07-31,1.626,3198842461
2024-07-30,-0.506,3147666557
2024-07-29,0.059,3163683341
2024-07-26,1.120,3161813097
2024-07-25,-0.521,3126782523
2024-07-24,-2.266,3143147648
2024-07-23,-0.156,3216018377
2024-07-22,1.031,3221058711
2024-07-19,-0.664,3188177154
2024-07-18,-0.768,3209478013
2024-07-17,-1.402,3234321155
2024-07-16,0.593,3280302544
2024-07-15,0.275,3260952132
2024-07-12,0.631,3251996786
2024-07-11,-0.862,3231601328
2024-07-10,0.990,3259695939
2024-07-09,0.098,3227744369
2024-07-08,0.116,3224596413
2024-07-05,0.577,3220867770
2024-07-03,0.447,3202389150
2024-07-02,0.673,3188149827
2024-07-01,0.206,3166826015
2024-06-28,-0.393,3160310273
2024-06-27,0.158,3172783475
2024-06-26,0.125,3167777575
2024-06-25,0.385,3163816964
2024-06-24,-0.325,3151668602
2024-06-21,-0.133,3161935023
2024-06-20,-0.271,3166154197
2024-06-18,0.254,3174766701
2024-06-17,0.796,3166709266
2024-06-14,0.061,3141692671
2024-06-13,0.202,3139770814
2024-06-12,0.822,3133450027
2024-06-11,0.241,3107912911
2024-06-10,0.309,3100434682
2024-06-07,-0.121,3090872820
2024-06-06,-0.001,3094623429
2024-06-05,1.189,3094669704
2024-06-04,0.112,3058309733
2024-06-03,0.082,3054883383
2024-05-31,0.911,3052383124
2024-05-30,-0.663,3024821315
2024-05-29,-0.700,3045009637
2024-05-28,0.070,3066471133
2024-05-24,0.662,3064318138
2024-05-23,-0.730,3044165087
2024-05-22,-0.288,3066552391
2024-05-21,0.246,3075396165
2024-05-20,0.116,3067860572
2024-05-17,0.144,3064318559
2024-05-16,-0.205,3059908419
2024-05-15,1.239,3066205510
2024-05-14,0.459,3028690022
2024-05-13,0.014,3014846226
2024-05-10,0.129,3014429788
2024-05-09,0.577,3010540800
2024-05-08,0.010,2993282563
2024-05-07,0.111,2992981961
2024-05-06,1.033,2989671850
2024-05-03,1.240,2959102631
2024-05-02,0.936,2922861911
2024-05-01,-0.324,2895765645
2024-04-30,-1.584,2905188308
2024-04-29,0.355,2951939723
2024-04-26,0.948,2941511346
2024-04-25,-0.380,2913894554
2024-04-24,-0.047,2924995338
2024-04-23,1.187,2926373328
2024-04-22,0.921,2892043627
2024-04-19,-0.872,2865642762
2024-04-18,-0.205,2890864483
2024-04-17,-0.591,2896814501
2024-04-16,-0.182,2914049552
2024-04-15,-1.252,2919362846
2024-04-12,-1.380,2956389823
2024-04-11,0.755,2997756886
2024-04-10,-1.001,2975291572
2024-04-09,0.116,3005373388
2024-04-08,0.056,3001889865
2024-04-05,1.045,3000200358
2024-04-04,-1.220,2969170544
2024-04-03,0.110,3005849138
2024-04-02,-0.635,3002539276
2024-04-01,-0.174,3021740790
2024-03-28,-0.019,3026995590
2024-03-27,0.841,3027562932
2024-03-26,-0.184,3002320630
2024-03-25,-0.276,3007864789
2024-03-22,-0.189,3016186604
2024-03-21,0.331,3021904275
2024-03-20,0.925,3011939598
2024-03-19,0.556,2984325236
2024-03-18,0.595,2967821707
2024-03-15,-0.684,2950276685
2024-03-14,-0.197,2970600635
2024-03-13,-0.156,2976473542
2024-03-12,1.076,2981134988
2024-03-11,-0.086,2949396342
2024-03-08,-0.600,2951923470
2024-03-07,0.993,2969737333
2024-03-06,0.507,2940537256
2024-03-05,-0.999,2925701071
2024-03-04,-0.107,2955224933
2024-03-01,0.939,2958386526
2024-02-29,0.360,2930859787
2024-02-28,-0.132,2920350204
2024-02-27,0.186,2924204105
2024-02-26,-0.366,2918770830
2024-02-23,0.069,2929489094
2024-02-22,2.070,2927459179
2024-02-21,0.091,2868091883
2024-02-20,-0.550,2865485380
2024-02-16,-0.498,2881337477
2024-02-15,0.690,2895747383
2024-02-14,0.909,2875893699
2024-02-13,-1.377,2849983510
2024-02-12,-0.044,2889773538
2024-02-09,0.578,2891031705
2024-02-08,0.045,2874408516
2024-02-07,0.834,2873128743
2024-02-06,0.291,2849353258
2024-02-05,-0.364,2841094173
2024-02-02,1.053,2851466082
2024-02-01,1.309,2821749834
2024-01-31,-1.631,2785285193
2024-01-30,-0.077,2831476632
2024-01-29,0.792,2833657856
2024-01-26,-0.127,2811382818
2024-01-25,0.544,2814948411
2024-01-24,0.110,2799710495
2024-01-23,0.292,2796643000
2024-01-22,0.212,2788499779
2024-01-19,1.247,2782606091
2024-01-18,0.890,2748334609
2024-01-17,-0.555,2724099410
2024-01-16,-0.367,2739316212
2024-01-12,0.070,2749399569
2024-01-11,-0.044,2747485896
2024-01-10,0.566,2748686819
2024-01-09,-0.151,2733219013
2024-01-08,1.428,2737361509
2024-01-05,0.137,2698823139
2024-01-04,-0.322,2695121717
2024-01-03,-0.816,2703820742
2024-01-02,-0.559,2726073598
2023-12-29,-0.289,2741405174
2023-12-28,0.038,2749354143
2023-12-27,0.181,2748305674
2023-12-26,0.423,2743335293
2023-12-22,0.201,2731789991
2023-12-21,0.949,2726300636
2023-12-20,-1.385,2700682872
2023-12-19,0.608,2738622514
2023-12-18,0.563,2722059746
2023-12-15,-0.164,2706823605
2023-12-14,0.321,2711258929
2023-12-13,1.379,2702575280
2023-12-12,0.457,2665803502
2023-12-11,0.389,2653673697
2023-12-08,0.430,2643382050
2023-12-07,0.763,2632056571
2023-12-06,-0.403,2612115295
2023-12-05,-0.019,2622674275
2023-12-04,-0.525,2623181389
2023-12-01,0.592,2637014245
2023-11-30,0.394,2621496003
2023-11-29,-0.070,2611204746
2023-11-28,0.099,2613032968
2023-11-27,-0.180,2610438472
2023-11-24,0.062,2615138557
2023-11-22,0.386,2613520507
2023-11-21,-0.218,2603459221
2023-11-20,0.770,2609135705
2023-11-17,0.125,2589195412
2023-11-16,0.123,2585969263
2023-11-15,0.212,2582800575
2023-11-14,1.940,2577334471
2023-11-13,-0.095,2528274658
2023-11-10,1.561,2530677471
2023-11-09,-0.779,2491784254
2023-11-08,0.074,2511360287
2023-11-07,0.285,2509512953
2023-11-06,0.230,2502381640
2023-11-03,0.913,2496628808
2023-11-02,1.917,2474047778
2023-11-01,1.067,2427516915
2023-10-31,0.628,2401892318
2023-10-30,1.196,2386893134
2023-10-27,-0.453,2358684376
2023-10-26,-1.197,2369415539
2023-10-25,-1.435,2398123145
2023-10-24,0.754,2433033272
2023-10-23,-0.173,2414818030
2023-10-20,-1.228,2419001535
2023-10-19,-0.878,2449086892
2023-10-18,-1.332,2470786966
2023-10-17,-0.004,2504145506
2023-10-16,1.053,2504250979
2023-10-13,-0.498,2478167800
2023-10-12,-0.609,2490563610
2023-10-11,0.410,2505830868
2023-10-10,0.521,2495598824
2023-10-09,0.641,2482667628
2023-10-06,1.188,2466865020
2023-10-05,-0.037,2437911068
2023-10-04,0.729,2438820801
2023-10-03,-1.338,2421180789
2023-10-02,-0.039,2454021278
2023-09-29,-0.242,2454988370
2023-09-28,0.580,2460951768
2023-09-27,0.040,2446757658
2023-09-26,-1.469,2445772199
2023-09-25,0.421,2482229957
2023-09-22,-0.224,2471826177
2023-09-21,-1.652,2477387405
2023-09-20,-0.919,2519013115
2023-09-19,-0.207,2542376608
2023-09-18,0.059,2547650372
2023-09-15,-1.200,2546147718
2023-09-14,0.863,2577077351
2023-09-13,0.117,2555037148
2023-09-12,-0.548,2552052024
2023-09-11,0.658,2566119005
2023-09-08,0.151,2549343471
2023-09-07,-0.307,2545500083
2023-09-06,-0.672,2553329829
2023-09-05,-0.432,2570600963
2023-09-01,0.187,2581749355
2023-08-31,-0.146,2576933155
2023-08-30,0.412,2580700028
2023-08-29,1.446,2570104644
2023-08-28,0.635,2533474320
2023-08-25,0.705,2517500549
2023-08-24,-1.386,2499867535
2023-08-23,1.114,2534990735
2023-08-22,-0.270,2507058374
2023-08-21,0.651,2513858004
2023-08-18,0.049,2497598512
2023-08-17,-0.762,2496387562
2023-08-16,-0.733,2515546266
2023-08-15,-1.165,2534132647
2023-08-14,0.552,2563990770
2023-08-11,-0.058,2549905659
2023-08-10,0.036,2551383746
2023-08-09,-0.668,2550458706
2023-08-08,-0.434,2567614186
2023-08-07,0.873,2578819011
2023-08-04,-0.452,2556494949
2023-08-03,-0.286,2568100245
2023-08-02,-1.391,2575471473
2023-08-01,-0.286,2611793809
2023-07-31,0.191,2619279248
2023-07-28,0.979,2614291694
2023-07-27,-0.663,2588935603
2023-07-26,0.016,2606204788
2023-07-25,0.273,2605794513
2023-07-24,0.447,2598690149
2023-07-21,0.000,2587123128
2023-07-20,-0.663,2587113426
2023-07-19,0.223,2604382294
2023-07-18,0.743,2598593955
2023-07-17,0.348,2579417728
2023-07-14,-0.062,2570482801
2023-07-13,0.794,2572075124
2023-07-12,0.805,2551812169
2023-07-11,0.637,2531434941
2023-07-10,0.253,2515406000
2023-07-07,-0.252,2509046024
2023-07-06,-0.783,2515387134
2023-07-05,-0.148,2535230151
2023-07-03,0.115,2538996599
2023-06-30,1.180,2536069305
2023-06-29,0.395,2506481694
2023-06-28,0.051,2496632035
2023-06-27,1.097,2495364039
2023-06-26,-0.408,2468294169
2023-06-23,-0.756,2478411113
2023-06-22,0.361,2497281104
2023-06-21,-0.512,2488289810
2023-06-20,-0.518,2501095413
2023-06-16,-0.339,2514129756
2023-06-15,1.240,2522679126
2023-06-14,0.119,2491777622
2023-06-13,0.660,2488804476
2023-06-12,0.908,2472494297
2023-06-09,0.180,2450256681
2023-06-08,0.605,2445858836
2023-06-07,-0.345,2431144869
2023-06-06,0.218,2439571029
2023-06-05,-0.191,2434261355
2023-06-02,1.446,2438925791
2023-06-01,0.950,2404150014
2023-05-31,-0.554,2381514276
2023-05-30,0.038,2394784959
2023-05-26,1.295,2393864077
2023-05-25,0.866,2363249523
2023-05-24,-0.724,2342951006
2023-05-23,-1.122,2360040180
2023-05-22,0.041,2386818031
2023-05-19,-0.145,2385840203
2023-05-18,0.964,2389307802
2023-05-17,1.214,2366501905
2023-05-16,-0.668,2338110950
2023-05-15,0.345,2353831951
2023-05-12,-0.131,2345730302
2023-05-11,-0.174,2348799046
2023-05-10,0.468,2352893610
2023-05-09,-0.438,2341942502
2023-05-08,0.027,2352249064
2023-05-05,1.852,2351613346
2023-05-04,-0.708,2308861709
2023-05-03,-0.686,2325323221
2023-05-02,-1.124,2341385680
2023-05-01,-0.101,2367991126
2023-04-28,0.854,2370375807
2023-04-27,1.991,2350306667
2023-04-26,-0.423,2304421594
2023-04-25,-1.587,2314215048
2023-04-24,0.105,2351533975
2023-04-21,0.078,2349074651
2023-04-20,-0.545,2347242217
2023-04-19,-0.017,2360112718
2023-04-18,0.066,2360502783
2023-04-17,0.359,2358955265
2023-04-14,-0.244,2350512279
2023-04-13,1.329,2356259173
2023-04-12,-0.407,2325363382
2023-04-11,0.027,2334871455
2023-04-10,0.103,2334235847
2023-04-06,0.390,2331833667
2023-04-05,-0.261,2322764125
2023-04-04,-0.554,2328852910
2023-04-03,0.381,2341836920
2023-03-31,1.410,2332938400
2023-03-30,0.586,2300505018
2023-03-29,1.454,2287104896
2023-03-28,-0.224,2254330018
2023-03-27,0.187,2259393199
2023-03-24,0.657,2255167877
2023-03-23,0.271,2240457488
2023-03-22,-1.704,2234408780
2023-03-21,1.313,2273149387
2023-03-20,0.962,2243680346
2023-03-17,-1.164,2222303165
2023-03-16,1.755,2248484551
2023-03-15,-0.625,2209706497
2023-03-14,1.653,2223605270
2023-03-13,-0.142,2187438710
2023-03-10,-1.443,2190552477
2023-03-09,-1.845,2222615284
2023-03-08,0.164,2264384262
2023-03-07,-1.532,2260686212
2023-03-06,0.070,2295870314
2023-03-03,1.604,2294272368
2023-03-02,0.778,2258049735
2023-03-01,-0.383,2240615458
2023-02-28,-0.369,2249234785
2023-02-27,0.341,2257570242
2023-02-24,-1.068,2249899048
2023-02-23,0.532,2274184206
2023-02-22,-0.137,2262142446
2023-02-21,-2.006,2265255781
2023-02-17,-0.249,2311620283
2023-02-16,-1.377,2317401123
2023-02-15,0.325,2349745442
2023-02-14,-0.046,2342130863
2023-02-13,1.174,2343200506
2023-02-10,0.234,2316004144
2023-02-09,-0.867,2310603371
2023-02-08,-1.093,2330800769
2023-02-07,1.308,2356560336
2023-02-06,-0.611,2326129116
2023-02-03,-1.063,2340423400
2023-02-02,1.456,2365558306
2023-02-01,1.063,2331608427
2023-01-31,1.471,2307080518
2023-01-30,-1.254,2273641924
2023-01-27,0.230,2302522661
2023-01-26,1.099,2297235655
2023-01-25,0.038,2272254189
2023-01-24,-0.107,2271394324
2023-01-23,1.200,2273826317
2023-01-20,1.863,2246858764
2023-01-19,-0.728,2205759259
2023-01-18,-1.578,2221926282
2023-01-17,-0.183,2257560218
2023-01-13,0.388,2261694866
2023-01-12,0.364,2252946149
2023-01-11,1.265,2244765043
2023-01-10,0.702,2216719973
2023-01-09,-0.056,2201274533
2023-01-06,2.294,2202514865
2023-01-05,-1.141,2153130865
2023-01-04,0.772,2177980828
2023-01-03,-0.421,2161287191
2022-12-30,-0.263,2170416333
2022-12-29,1.800,2176140234
2022-12-28,-1.242,2137653768
2022-12-27,-0.394,2164546412
2022-12-23,0.576,2173107882
2022-12-22,-1.426,2160671040
2022-12-21,1.496,2191933182
2022-12-20,0.137,2159633305
2022-12-19,-0.848,2156674134
2022-12-16,-1.175,2175110176
2022-12-15,-2.446,2200965799
2022-12-14,-0.639,2256146500
2022-12-13,0.757,2270655448
2022-12-12,1.442,2253587630
2022-12-09,-0.747,2221550737
2022-12-08,0.784,2238262658
2022-12-07,-0.170,2220856230
2022-12-06,-1.441,2224632525
2022-12-05,-1.799,2257160522
2022-12-02,-0.115,2298500164
2022-12-01,-0.073,2301146400
2022-11-30,3.150,2302832352
2022-11-29,-0.171,2232498827
2022-11-28,-1.595,2236331479
2022-11-25,-0.022,2272586737
2022-11-23,0.631,2273086582
2022-11-22,1.346,2258843837
2022-11-21,-0.363,2228841939
2022-11-18,0.454,2236967361
2022-11-17,-0.306,2226848270
2022-11-16,-0.763,2233674503
2022-11-15,0.853,2250837246
2022-11-14,-0.850,2231793786
2022-11-11,0.968,2250933331
2022-11-10,5.496,2229348265
2022-11-09,-2.060,2113210625
2022-11-08,0.540,2157654740
2022-11-07,0.957,2146067698
2022-11-04,1.440,2125725959
2022-11-03,-1.029,2095556457
2022-11-02,-2.509,2117350671
2022-11-01,-0.437,2171847703
2022-10-31,-0.722,2181384953
2022-10-28,2.379,2197248049
2022-10-27,-0.534,2146180801
2022-10-26,-0.753,2157694875
2022-10-25,1.597,2174066209
2022-10-24,1.224,2139887313
2022-10-21,2.431,2114011284
2022-10-20,-0.838,2063848981
2022-10-19,-0.708,2081293543
2022-10-18,1.175,2096139906
2022-10-17,2.570,2071789374
2022-10-14,-2.279,2019877119
2022-10-13,2.639,2066973108
2022-10-12,-0.329,2013818725
2022-10-11,-0.633,2020475656
2022-10-10,-0.763,2033345169
2022-10-07,-2.789,2048982018
2022-10-06,-1.031,2107767963
2022-10-05,-0.232,2129729929
2022-10-04,3.099,2134691972
2022-10-03,2.641,2070525643
2022-09-30,-1.546,2017259887
2022-09-29,-2.089,2048935906
2022-09-28,1.968,2092641235
2022-09-27,-0.255,2052252653
2022-09-26,-0.989,2057497256
2022-09-23,-1.675,2078046851
2022-09-22,-0.840,2113449454
2022-09-21,-1.744,2131344325
2022-09-20,-1.147,2169174905
2022-09-19,0.776,2194354740
2022-09-16,-0.759,2177460469
2022-09-15,-1.135,2194120186
2022-09-14,0.382,2219308268
2022-09-13,-4.348,2210863713
2022-09-12,1.075,2311358682
2022-09-09,1.554,2286772644
2022-09-08,0.654,2251782219
2022-09-07,1.797,2237151191
2022-09-06,-0.377,2197661972
2022-09-02,-1.054,2205977293
2022-09-01,0.314,2229477372
2022-08-31,-0.761,2222495268
2022-08-30,-1.097,2239527548
2022-08-29,-0.661,2264376981
2022-08-26,-3.385,2279440602
2022-08-25,1.412,2359291445
2022-08-24,0.320,2326439139
2022-08-23,-0.242,2319006921
2022-08-22,-2.082,2324622062
2022-08-19,-1.343,2374046690
2022-08-18,0.291,2406374608
2022-08-17,-0.709,2399392104
2022-08-16,0.196,2416535552
2022-08-15,0.412,2411802556
2022-08-12,1.693,2401895781
2022-08-11,0.000,2361902339
2022-08-10,2.101,2361893482
2022-08-09,-0.397,2313296306
2022-08-08,-0.116,2322510379
2022-08-05,-0.169,2325201000
2022-08-04,-0.067,2329128790
2022-08-03,1.566,2330694654
2022-08-02,-0.659,2294751475
2022-08-01,-0.296,2309982613
2022-07-29,1.458,2316834622
2022-07-28,1.255,2283534934
2022-07-27,2.597,2255240373
2022-07-26,-1.183,2198154018
2022-07-25,0.122,2224463366
2022-07-22,-0.927,2221755794
2022-07-21,1.019,2242553948
2022-07-20,0.638,2219939657
2022-07-19,2.702,2205873001
2022-07-18,-0.825,2147832147
2022-07-15,1.911,2165706158
2022-07-14,-0.242,2125098025
2022-07-13,-0.525,2130263445
2022-07-12,-0.885,2141501912
2022-07-11,-1.142,2160612784
2022-07-08,-0.082,2185571625
2022-07-07,1.498,2187362842
2022-07-06,0.338,2155077796
2022-07-05,0.189,2147815886
2022-07-01,1.058,2143759199
2022-06-30,-0.812,2121315069
2022-06-29,-0.081,2138682367
2022-06-28,-2.043,2140417489
2022-06-27,-0.382,2185056214
2022-06-24,3.180,2193426283
2022-06-23,0.981,2125829899
2022-06-22,-0.181,2105185685
2022-06-21,2.518,2109001385
2022-06-17,0.215,2057206453
2022-06-16,-3.309,2052793236
2022-06-15,1.426,2123049710
2022-06-14,-0.301,2093200581
2022-06-13,-3.796,2099519259
2022-06-10,-2.899,2182371779
2022-06-09,-2.378,2247531923
2022-06-08,-1.087,2302278117
2022-06-07,0.960,2327575204
2022-06-06,0.305,2305452045
2022-06-03,-1.641,2298445188
2022-06-02,1.905,2336786621
2022-06-01,-0.808,2293109347
2022-05-31,-0.561,2311799758
2022-05-27,2.455,2324835558
2022-05-26,1.999,2269122119
2022-05-25,0.884,2224661966
2022-05-24,-0.763,2205171111
2022-05-23,1.871,2222126000
2022-05-20,0.044,2181305467
2022-05-19,-0.612,2180345566
2022-05-18,-4.031,2193773404
2022-05-17,2.057,2285913480
2022-05-16,-0.405,2239830926
2022-05-13,2.391,2248947716
2022-05-12,-0.104,2196427649
2022-05-11,-1.588,2198714688
2022-05-10,0.231,2234199112
2022-05-09,-3.201,2229040398
2022-05-06,-0.597,2302759939
2022-05-05,-3.554,2316578732
2022-05-04,3.046,2401941486
2022-05-03,0.459,2330948483
2022-05-02,0.602,2320303379
2022-04-29,-3.695,2306411476
2022-04-28,2.526,2394907892
2022-04-27,0.282,2335895750
2022-04-26,-2.896,2329337329
2022-04-25,0.580,2398799529
2022-04-22,-2.744,2384963574
2022-04-21,-1.495,2452241843
2022-04-20,-0.074,2489458792
2022-04-19,1.615,2491296762
2022-04-18,0.041,2451710444
2022-04-14,-1.245,2450693637
2022-04-13,1.146,2481584483
2022-04-12,-0.370,2453474161
2022-04-11,-1.709,2462589360
2022-04-08,-0.267,2505403061
2022-04-07,0.504,2512110964
2022-04-06,-1.000,2499506657
2022-04-05,-1.263,2524742939
2022-04-04,0.857,2557032114
2022-04-01,0.284,2535303588
2022-03-31,-1.539,2528129097
2022-03-30,-0.617,2567638828
2022-03-29,1.237,2583582362
2022-03-28,0.712,2552002322
2022-03-25,0.489,2533968611
2022-03-24,1.508,2521644524
2022-03-23,-1.287,2484187674
2022-03-22,1.171,2516587863
2022-03-21,-0.029,2487471552
2022-03-18,1.092,2488189893
2022-03-17,1.251,2461305857
2022-03-16,2.218,2430884182
2022-03-15,2.199,2378141755
2022-03-14,-0.730,2326962182
2022-03-11,-1.271,2344084679
2022-03-10,-0.451,2374264672
2022-03-09,2.681,2385025479
2022-03-08,-0.758,2322742168
2022-03-07,-2.948,2340478238
2022-03-04,-0.812,2411559907
2022-03-03,-0.497,2431304335
2022-03-02,1.840,2443459739
2022-03-01,-1.523,2399312498
2022-02-28,-0.255,2436410593
2022-02-25,2.207,2442651049
2022-02-24,1.505,2389911149
2022-02-23,-1.773,2354469493
2022-02-22,-1.073,2396979734
2022-02-18,-0.647,2422973123
2022-02-17,-2.136,2438755121
2022-02-16,0.112,2491977906
2022-02-15,1.613,2489178638
2022-02-14,-0.327,2449664140
2022-02-11,-1.971,2457689872
2022-02-10,-1.796,2507117534
2022-02-09,1.464,2552973774
2022-02-08,0.823,2516137909
2022-02-07,-0.321,2495595102
2022-02-04,0.471,2503620511
2022-02-03,-2.350,2491893797
2022-02-02,0.972,2551865767
2022-02-01,0.676,2527305797
2022-01-31,1.801,2510334288
2022-01-28,2.484,2465911298
2022-01-27,-0.493,2406144806
2022-01-26,-0.251,2418076028
2022-01-25,-1.221,2424148651
2022-01-24,0.425,2454101537
2022-01-21,-1.963,2443714481
2022-01-20,-1.106,2492637263
2022-01-19,-1.038,2520525157
2022-01-18,-1.771,2546962189
2022-01-14,0.041,2592871147
2022-01-13,-1.377,2591801340
2022-01-12,0.271,2628001691
2022-01-11,0.911,2620906071
2022-01-10,-0.124,2597239917
2022-01-07,-0.395,2600466172
2022-01-06,-0.094,2610778088
2022-01-05,-1.920,2613223172
2022-01-04,-0.033,2664374983
2022-01-03,0.579,2665257666
2021-12-31,-0.252,2649904882
2021-12-30,-0.276,2656589955
2021-12-29,0.128,2663944476
2021-12-28,-0.081,2660531215
2021-12-27,1.416,2662697092
2021-12-23,0.623,2625530357
2021-12-22,1.000,2609285415
2021-12-21,1.776,2583444629
2021-12-20,-1.063,2538356382
2021-12-17,-1.060,2565628214
2021-12-16,-0.881,2593117460
2021-12-15,1.563,2616178496
2021-12-14,-0.688,2575920085
2021-12-13,-0.885,2593755387
2021-12-10,0.942,2616927345
2021-12-09,-0.675,2592512923
2021-12-08,0.265,2610125597
2021-12-07,2.069,2603222532
2021-12-06,1.185,2550457157
2021-12-03,-0.870,2520595475
2021-12-02,1.532,2542710972
2021-12-01,-1.110,2504344255
2021-11-30,-1.945,2532463357
2021-11-29,1.227,2582706945
2021-11-26,-2.230,2551400378
2021-11-24,0.267,2609592782
2021-11-23,0.133,2602634363
2021-11-22,-0.281,2599178094
2021-11-19,-0.178,2606506049
2021-11-18,0.340,2611165704
2021-11-17,-0.243,2602317382
2021-11-16,0.396,2608644659
2021-11-15,0.035,2598351130
2021-11-12,0.755,2597451984
2021-11-11,0.033,2577986653
2021-11-10,-0.804,2577143178
2021-11-09,-0.330,2598034219
2021-11-08,0.086,2606640427
2021-11-05,0.347,2604407190
2021-11-04,0.472,2595392433
2021-11-03,0.611,2583209333
2021-11-02,0.405,2567524410
2021-11-01,0.172,2557175834
2021-10-29,0.203,2552774988
2021-10-28,0.965,2547595980
2021-10-27,-0.443,2523240147
2021-10-26,0.090,2534458836
2021-10-25,0.537,2532170359
2021-10-22,-0.103,2518653832
2021-10-21,0.261,2521256849
2021-10-20,0.393,2514688473
2021-10-19,0.772,2504840699
2021-10-18,0.296,2485654944
2021-10-15,0.762,2478308607
2021-10-14,1.682,2459567760
2021-10-13,0.360,2418871753
2021-10-12,-0.246,2410191760
2021-10-11,-0.724,2416130063
2021-10-08,-0.182,2433740627
2021-10-07,0.865,2438178077
2021-10-06,0.416,2417270103
2021-10-05,1.041,2407256316
2021-10-04,-1.289,2382457903
2021-10-01,1.189,2413574537
2021-09-30,-1.222,2385219091
2021-09-29,0.169,2414723634
2021-09-28,-2.015,2410657184
2021-09-27,-0.286,2460225980
2021-09-24,0.165,2467275456
2021-09-23,1.215,2463208855
2021-09-22,0.976,2433631105
2021-09-21,-0.094,2410111764
2021-09-20,-1.667,2412381486
2021-09-17,-0.971,2453278792
2021-09-16,-0.158,2477323551
2021-09-15,0.836,2481247635
2021-09-14,-0.539,2460685146
2021-09-13,0.256,2474027128
2021-09-10,-0.788,2467702364
2021-09-09,-0.428,2487304283
2021-09-08,-0.121,2497986882
2021-09-07,-0.357,2501024425
2021-09-03,-0.024,2509989549
2021-09-02,0.308,2510589514
2021-09-01,0.054,2502879812
2021-08-31,-0.148,2501540885
2021-08-30,0.440,2505243126
2021-08-27,0.894,2494265100
2021-08-26,-0.590,2472152374
2021-08-25,0.210,2486823233
2021-08-24,0.159,2481606636
2021-08-23,0.880,2477664192
2021-08-20,0.796,2456050424
2021-08-19,0.155,2436652654
2021-08-18,-1.094,2432876610
2021-08-17,-0.655,2459789685
2021-08-16,0.236,2476011273
2021-08-13,0.182,2470185507
2021-08-12,0.300,2465689261
2021-08-11,0.249,2458312528
2021-08-10,0.125,2452209922
2021-08-09,-0.081,2449154044
2021-08-06,0.166,2451139044
2021-08-05,0.634,2447086104
2021-08-04,-0.492,2431677506
2021-08-03,0.814,2443688754
2021-08-02,-0.209,2423959615
2021-07-30,-0.485,2429046679
2021-07-29,0.415,2440891623
2021-07-28,-0.041,2430801023
2021-07-27,-0.455,2431788970
2021-07-26,0.246,2442913673
2021-07-23,1.029,2436922182
2021-07-22,0.210,2412097547
2021-07-21,0.810,2407047872
2021-07-20,1.433,2387707274
2021-07-19,-1.476,2353965130
2021-07-16,-0.784,2389240310
2021-07-15,-0.341,2408119578
2021-07-14,0.150,2416363731
2021-07-13,-0.341,2412754301
2021-07-12,0.359,2420998374
2021-07-09,1.068,2412348476
2021-07-08,-0.814,2386860186
2021-07-07,0.354,2406459101
2021-07-06,-0.182,2397975523
2021-07-02,0.765,2402342264
2021-07-01,0.554,2384110331
2021-06-30,0.085,2370974286
2021-06-29,0.054,2368971412
2021-06-28,0.202,2367688600
2021-06-25,0.356,2362916353
2021-06-24,0.592,2354543935
2021-06-23,-0.120,2340688209
2021-06-22,0.535,2343504188
2021-06-21,1.432,2331033286
2021-06-18,-1.344,2298124686
2021-06-17,-0.033,2329439338
2021-06-16,-0.558,2330203452
2021-06-15,-0.183,2343277893
2021-06-14,0.224,2347574945
2021-06-11,0.166,2342321869
2021-06-10,0.465,2338448899
2021-06-09,-0.149,2327620448
2021-06-08,0.022,2331089461
2021-06-07,-0.097,2330583901
2021-06-04,0.915,2332838437
2021-06-03,-0.371,2311687463
2021-06-02,0.158,2320290217
2021-06-01,-0.088,2316638235
2021-05-28,0.179,2318671985
2021-05-27,0.053,2314523230
2021-05-26,0.199,2313300137
2021-05-25,-0.221,2308709830
2021-05-24,1.020,2313834789
2021-05-21,-0.081,2290476521
2021-05-20,1.076,2292344724
2021-05-19,-0.262,2267937919
2021-05-18,-0.861,2273890946
2021-05-17,-0.254,2293643715
2021-05-14,1.536,2299486201
2021-05-13,1.202,2264702373
2021-05-12,-2.124,2237812193
2021-05-11,-0.892,2286378326
2021-05-10,-0.990,2306958649
2021-05-07,0.728,2330022722
2021-05-06,0.799,2313178686
2021-05-05,0.032,2294844444
2021-05-04,-0.617,2294118273
2021-05-03,0.216,2308350517
2021-04-30,-0.657,2303374142
2021-04-29,0.638,2318599784
2021-04-28,-0.028,2303908831
2021-04-27,-0.021,2304562547
2021-04-26,0.209,2305050669
2021-04-23,1.085,2300239987
2021-04-22,-0.913,2275558913
2021-04-21,0.947,2296524641
2021-04-20,-0.732,2274989894
2021-04-19,-0.491,2291760646
2021-04-16,0.335,2303066986
2021-04-15,1.075,2295386301
2021-04-14,-0.341,2270981772
2021-04-13,0.297,2278755636
2021-04-12,0.037,2272013425
2021-04-09,0.727,2271176999
2021-04-08,0.475,2254775993
2021-04-07,0.116,2244115219
2021-04-06,-0.059,2241512725
2021-04-05,1.436,2242828950
2021-04-01,1.080,2211084713
2021-03-31,0.406,2187454016
2021-03-30,-0.265,2178615040
2021-03-29,-0.050,2184402043
2021-03-26,1.612,2185497690
2021-03-25,0.563,2150829099
2021-03-24,-0.508,2138789285
2021-03-23,-0.787,2149709142
2021-03-22,0.799,2166755127
2021-03-19,-0.184,2149582637
2021-03-18,-1.455,2153547479
2021-03-17,0.341,2185335179
2021-03-16,-0.126,2177900663
2021-03-15,0.597,2180642975
2021-03-12,0.135,2167707594
2021-03-11,1.014,2164783979
2021-03-10,0.623,2143047320
2021-03-09,1.428,2129782172
2021-03-08,-0.498,2099794522
2021-03-05,1.840,2110293242
2021-03-04,-1.237,2072164683
2021-03-03,-1.324,2098120659
2021-03-02,-0.780,2126276749
2021-03-01,2.424,2142991062
2021-02-26,-0.515,2092266276
2021-02-25,-2.409,2103094832
2021-02-24,1.102,2155013460
2021-02-23,0.122,2131517519
2021-02-22,-0.769,2128924221
2021-02-19,-0.176,2145418122
2021-02-18,-0.425,2149205496
2021-02-17,0.023,2158383417
2021-02-16,-0.086,2157880272
2021-02-12,0.494,2159742366
2021-02-11,0.162,2149118253
2021-02-10,-0.043,2145644876
2021-02-09,-0.066,2146571912
2021-02-08,0.723,2147993983
2021-02-05,0.394,2132584688
2021-02-04,1.137,2124216049
2021-02-03,0.079,2100336339
2021-02-02,1.414,2098678349
2021-02-01,1.665,2069408558
2021-01-29,-2.002,2035518700
2021-01-28,0.860,2077093483
2021-01-27,-2.444,2059374730
2021-01-26,-0.156,2110959615
2021-01-25,0.395,2114251854
2021-01-22,-0.354,2105938568
2021-01-21,0.092,2113410964
2021-01-20,1.384,2111477971
2021-01-19,0.786,2082649135
2021-01-15,-0.729,2066415869
2021-01-14,-0.350,2081588489
2021-01-13,0.270,2088895834
2021-01-12,0.022,2083277906
2021-01-11,-0.674,2082830088
2021-01-08,0.570,2096957409
2021-01-07,1.486,2085069479
2021-01-06,0.598,2054536602
2021-01-05,0.689,2042318920
2021-01-04,-1.361,2028341339
2020-12-31,0.508,2056328471
2020-12-30,0.143,2045925896
2020-12-29,-0.190,2043003273
2020-12-28,0.859,2046900531
2020-12-24,0.389,2029458279
2020-12-23,0.090,2021585889
2020-12-22,-0.168,2019763366
2020-12-21,-0.357,2023165671
2020-12-18,-0.397,2030417798
2020-12-17,0.560,2038515146
2020-12-16,0.157,2027171550
2020-12-15,1.352,2023987703
2020-12-14,-0.447,1996982129
2020-12-11,-0.117,2005955680
2020-12-10,-0.032,2008302934
2020-12-09,-0.897,2008952547
2020-12-08,0.293,2027125938
2020-12-07,-0.205,2021204082
2020-12-04,0.862,2025358370
2020-12-03,-0.027,2008046233
2020-12-02,0.211,2008586313
2020-12-01,1.094,2004362199
2020-11-30,-0.442,1982669488
2020-11-27,0.279,1991478475
2020-11-25,-0.154,1985940229
2020-11-24,1.612,1988999340
2020-11-23,0.600,1957450251
2020-11-20,-0.684,1945779122
2020-11-19,0.421,1959187870
2020-11-18,-1.203,1950966649
2020-11-17,-0.537,1974724718
2020-11-16,1.249,1985395268
2020-11-13,1.385,1960910754
2020-11-12,-0.970,1934126573
2020-11-11,0.743,1953065634
2020-11-10,-0.146,1938656975
2020-11-09,1.257,1941497106
2020-11-06,-0.022,1917396517
2020-11-05,1.951,1917827385
2020-11-04,2.235,1881132927
2020-11-03,1.766,1840003432
2020-11-02,1.121,1808073369
2020-10-30,-1.042,1788025707
2020-10-29,1.017,1806855170
2020-10-28,-3.418,1788669370
2020-10-27,-0.344,1851960465
2020-10-26,-1.848,1858359934
2020-10-23,0.340,1893341710
2020-10-22,0.549,1886928244
2020-10-21,-0.189,1876627217
2020-10-20,0.401,1880179245
2020-10-19,-1.520,1872670807
2020-10-16,-0.060,1901574130
2020-10-15,-0.123,1902716838
2020-10-14,-0.628,1905064126
2020-10-13,-0.652,1917102823
2020-10-12,1.609,1929688966
2020-10-09,0.893,1899129324
2020-10-08,0.887,1882312967
2020-10-07,1.741,1865770500
2020-10-06,-1.421,1833842617
2020-10-05,1.774,1860281245
2020-10-02,-0.949,1827860850
2020-10-01,0.642,1845374696
2020-09-30,0.759,1833596099
2020-09-29,-0.544,1819791775
2020-09-28,1.661,1829749737
2020-09-25,1.617,1799848626
2020-09-24,0.267,1771207014
2020-09-23,-2.319,1766491789
2020-09-22,1.019,1808424244
2020-09-21,-1.113,1790185528
2020-09-18,-1.146,1810326942
2020-09-17,-0.879,1831318157
2020-09-16,-0.396,1847560953
2020-09-15,0.506,1854915422
2020-09-14,1.318,1845584064
2020-09-11,0.051,1821584620
2020-09-10,-1.736,1820650809
2020-09-09,1.975,1852815531
2020-09-08,-2.732,1816929258
2020-09-04,-0.816,1867960314
2020-09-03,-3.441,1883330045
2020-09-02,1.447,1950445991
2020-09-01,0.942,1922629898
2020-08-31,-0.362,1904683365
2020-08-28,0.646,1911601102
2020-08-27,0.219,1899325492
2020-08-26,1.003,1895174378
2020-08-25,0.350,1876355801
2020-08-24,1.014,1869805669
2020-08-21,0.355,1851041852
2020-08-20,0.312,1844491864
2020-08-19,-0.416,1838759802
2020-08-18,0.216,1846440929
2020-08-17,0.318,1842453696
2020-08-14,0.003,1836612658
2020-08-13,-0.180,1836551246
2020-08-12,1.395,1839870333
2020-08-11,-0.825,1814564314
2020-08-10,0.299,1829660591
2020-08-07,0.072,1824201374
2020-08-06,0.669,1822885973
2020-08-05,0.621,1810774999
2020-08-04,0.387,1799591005
2020-08-03,0.696,1792659869
2020-07-31,0.791,1780276531
2020-07-30,-0.356,1766312137
2020-07-29,1.230,1772630080
2020-07-28,-0.634,1751087272
2020-07-27,0.730,1762257658
2020-07-24,-0.644,1749493015
2020-07-23,-1.193,1760826887
2020-07-22,0.570,1782083515
2020-07-21,0.213,1771990465
2020-07-20,0.809,1768221892
2020-07-17,0.290,1754039933
2020-07-16,-0.329,1748962968
2020-07-15,0.919,1754735539
2020-07-14,1.296,1738754633
2020-07-13,-0.866,1716504082
2020-07-10,1.021,1731490501
2020-07-09,-0.569,1713983322
2020-07-08,0.765,1723790326
2020-07-07,-1.031,1710699335
2020-07-06,1.544,1728520521
2020-07-02,0.551,1702236143
2020-07-01,0.701,1692907138
2020-06-30,1.281,1681124891
2020-06-29,1.470,1659856626
2020-06-26,-2.375,1635808119
2020-06-25,1.072,1675599714
2020-06-24,-2.550,1657820812
2020-06-23,0.461,1701210147
2020-06-22,0.642,1693407862
2020-06-19,-0.569,1682607222
2020-06-18,0.039,1692228188
2020-06-17,-0.415,1691570530
2020-06-16,1.925,1698620034
2020-06-15,0.934,1666536818
2020-06-12,1.198,1651116371
2020-06-11,-5.765,1631571129
2020-06-10,-0.558,1731376597
2020-06-09,-0.745,1741085279
2020-06-08,1.209,1754158909
2020-06-05,2.563,1733202445
2020-06-04,-0.262,1689885202
2020-06-03,1.331,1694329325
2020-06-02,0.828,1672070750
2020-06-01,0.405,1658333282
2020-05-29,0.446,1651651447
2020-05-28,-0.184,1644318384
2020-05-27,1.488,1647351500
2020-05-26,1.232,1623193972
2020-05-22,0.190,1603432695
2020-05-21,-0.690,1600387434
2020-05-20,1.699,1611507211
2020-05-19,-1.027,1584582311
2020-05-18,3.046,1601020689
2020-05-15,0.460,1553689948
2020-05-14,1.197,1546574584
2020-05-13,-1.768,1528279429
2020-05-12,-1.993,1555789032
2020-05-11,0.021,1587422998
2020-05-08,1.655,1587091422
2020-05-07,1.207,1561252825
2020-05-06,-0.677,1542632338
2020-05-05,0.924,1553154906
2020-05-04,0.276,1538930432
2020-05-01,-2.647,1534691643
2020-04-30,-0.931,1576418937
2020-04-29,2.618,1591228474
2020-04-28,-0.459,1550629413
2020-04-27,1.442,1557787059
2020-04-24,1.394,1535639695
2020-04-23,-0.007,1514523593
2020-04-22,2.220,1514626449
2020-04-21,-3.036,1481734463
2020-04-20,-1.761,1528127724
2020-04-17,2.702,1555527038
2020-04-16,0.483,1514603723
2020-04-15,-2.124,1507326263
2020-04-14,2.950,1540043496
2020-04-13,-0.913,1495918967
2020-04-09,1.522,1509697024
2020-04-08,3.357,1487062356
2020-04-07,0.102,1438760033
2020-04-06,6.717,1437289461
2020-04-03,-1.445,1346823295
2020-04-02,2.308,1366570852
2020-04-01,-4.500,1335743090
2020-03-31,-1.490,1398685474
2020-03-30,3.248,1419843496
2020-03-27,-2.978,1375178414
2020-03-26,5.839,1417390945
2020-03-25,1.497,1339190934
2020-03-24,9.061,1319433821
2020-03-23,-2.556,1209815993
2020-03-20,-4.284,1241555658
2020-03-19,0.213,1297124982
2020-03-18,-5.063,1294369593
2020-03-17,5.400,1363397252
2020-03-16,-10.942,1293550900
2020-03-13,8.549,1452481390
2020-03-12,-9.567,1338088195
2020-03-11,-4.874,1479651585
2020-03-10,5.175,1555472474
2020-03-09,-7.809,1478939379
2020-03-06,-1.653,1604213682
2020-03-05,-3.324,1631172663
2020-03-04,4.204,1687253520
2020-03-03,-2.863,1619188052
2020-03-02,4.331,1666909482
2020-02-28,-0.420,1597712084
2020-02-27,-4.491,1604447216
2020-02-26,-0.367,1679887551
2020-02-25,-3.030,1686083037
2020-02-24,-3.316,1738764722
2020-02-21,-1.029,1798402738
2020-02-20,-0.410,1817108991
2020-02-19,0.479,1824598134
2020-02-18,-0.257,1815908957
2020-02-14,0.161,1820593826
2020-02-13,-0.106,1817674933
2020-02-12,0.645,1819609487
2020-02-11,0.174,1807954488
2020-02-10,0.747,1804819970
2020-02-07,-0.533,1791439471
2020-02-06,0.337,1801031604
2020-02-05,1.155,1794985147
2020-02-04,1.525,1774486639
2020-02-03,0.743,1747840774
2020-01-31,-1.815,1734946066
2020-01-30,0.325,1767025008
2020-01-29,-0.082,1761302340
2020-01-28,1.048,1762751702
2020-01-27,-1.603,1744464681
2020-01-24,-0.889,1772876251
2020-01-23,0.115,1788777215
2020-01-22,0.012,1786721398
2020-01-21,-0.195,1786499003
2020-01-17,0.312,1789997332
2020-01-16,0.832,1784436519
2020-01-15,0.226,1769708822
2020-01-14,-0.152,1765711891
2020-01-13,0.688,1768401404
2020-01-10,-0.287,1756316134
2020-01-09,0.678,1761378243
2020-01-08,0.533,1749508778
2020-01-07,-0.281,1740227653
2020-01-06,0.382,1745128000
2020-01-03,-0.757,1738489114
2020-01-02,0.936,1751747229
2019-12-31,0.243,1735510415
2019-12-30,-0.551,1731298078
2019-12-27,-0.024,1740889466
2019-12-26,0.533,1741314302
2019-12-24,0.003,1732087405
2019-12-23,0.153,1732026990
2019-12-20,0.437,1729378421
2019-12-19,0.410,1721859955
2019-12-18,0.007,1714824455
2019-12-17,0.022,1714710712
2019-12-16,0.687,1714328687
2019-12-13,0.060,1702625204
2019-12-12,0.862,1701599355
2019-12-11,0.284,1687052250
2019-12-10,-0.111,1682270575
2019-12-09,-0.314,1684142206
2019-12-06,0.914,1689447755
2019-12-05,0.180,1674149743
2019-12-04,0.617,1671138796
2019-12-03,-0.670,1660884500
2019-12-02,-0.849,1672092042
2019-11-29,-0.370,1686411443
2019-11-27,0.446,1692682636
2019-11-26,0.227,1685164757
2019-11-25,0.775,1681349033
2019-11-22,0.223,1668412259
2019-11-21,-0.161,1664703932
2019-11-20,-0.372,1667380339
2019-11-19,-0.028,1673597810
2019-11-18,0.074,1674074408
2019-11-15,0.724,1672834125
2019-11-14,0.146,1660809761
2019-11-13,0.033,1658389194
2019-11-12,0.211,1657846457
2019-11-11,-0.191,1654352887
2019-11-08,0.247,1657512115
2019-11-07,0.352,1653428409
2019-11-06,0.023,1647627903
2019-11-05,-0.110,1647246169
2019-11-04,0.402,1649064111
2019-11-01,0.927,1642458930
2019-10-31,-0.266,1627377070
2019-10-30,0.307,1631716616
2019-10-29,-0.029,1626721067
2019-10-28,0.564,1627197813
2019-10-25,0.410,1618071317
2019-10-24,0.164,1611466400
2019-10-23,0.291,1608831558
2019-10-22,-0.326,1604158081
2019-10-21,0.678,1609409626
2019-10-18,-0.437,1598566619
2019-10-17,0.295,1605588535
2019-10-16,-0.160,1600861492
2019-10-15,0.990,1603430582
2019-10-14,-0.111,1587705831
2019-10-11,1.037,1589470240
2019-10-10,0.677,1573155540
2019-10-09,0.950,1562581187
2019-10-08,-1.552,1547876112
2019-10-07,-0.431,1572279496
2019-10-04,1.354,1579086688
2019-10-03,0.820,1557997823
2019-10-02,-1.766,1545331532
2019-10-01,-1.189,1573114242
2019-09-30,0.464,1592045225
2019-09-27,-0.538,1584689841
2019-09-26,-0.208,1593267123
2019-09-25,0.592,1596587136
2019-09-24,-0.784,1587193317
2019-09-23,-0.023,1599740190
2019-09-20,-0.470,1600109701
2019-09-19,-0.006,1607666674
2019-09-18,0.060,1607767438
2019-09-17,0.254,1606800280
2019-09-16,-0.309,1602736169
2019-09-13,-0.066,1607695955
2019-09-12,0.347,1608757835
2019-09-11,0.711,1603198696
2019-09-10,-0.023,1591872931
2019-09-09,0.051,1592240725
2019-09-06,0.078,1591433834
2019-09-05,1.286,1590199794
2019-09-04,1.135,1570010799
2019-09-03,-0.584,1552384870
2019-08-30,-0.044,1561509400
2019-08-29,1.278,1562197661
2019-08-28,0.705,1542489614
2019-08-27,-0.392,1531698390
2019-08-26,1.106,1537726063
2019-08-23,-2.568,1520901543
2019-08-22,-0.030,1560993729
2019-08-21,0.814,1561468407
2019-08-20,-0.766,1548861978
2019-08-19,1.205,1560815991
2019-08-16,1.476,1542229770
2019-08-15,0.265,1519799487
2019-08-14,-2.956,1515789427
2019-08-13,1.556,1561967183
2019-08-12,-1.217,1538042130
2019-08-09,-0.681,1556990118
2019-08-08,1.962,1567662411
2019-08-07,0.059,1537490921
2019-08-06,1.403,1536577521
2019-08-05,-3.007,1515322512
2019-08-02,-0.753,1562299906
2019-08-01,-0.870,1574146551
2019-07-31,-1.094,1587968517
2019-07-30,-0.245,1605527626
2019-07-29,-0.182,1609472395
2019-07-26,0.670,1612402747
2019-07-25,-0.477,1601665581
2019-07-24,0.470,1609347512
2019-07-23,0.715,1601813733
2019-07-22,0.246,1590436071
2019-07-19,-0.555,1586532794
2019-07-18,0.366,1595389194
2019-07-17,-0.680,1589563979
2019-07-16,-0.322,1600449018
2019-07-15,0.034,1605621560
2019-07-12,0.448,1605081670
2019-07-11,0.235,1597921840
2019-07-10,0.478,1594178796
2019-07-09,0.125,1586591970
2019-07-08,-0.549,1584610737
2019-07-05,-0.113,1593360074
2019-07-03,0.800,1595169211
2019-07-02,0.261,1582510877
2019-07-01,0.908,1578394278
2019-06-28,0.515,1564187935
2019-06-27,0.355,1556174341
2019-06-26,-0.099,1550669886
2019-06-25,-0.980,1552212220
2019-06-24,-0.122,1567581064
2019-06-21,-0.144,1569497012
2019-06-20,0.956,1571767008
2019-06-19,0.226,1556886123
2019-06-18,1.047,1553374050
2019-06-17,0.038,1537271480
2019-06-14,-0.110,1536681347
2019-06-13,0.413,1538375558
2019-06-12,-0.176,1532048036
2019-06-11,-0.024,1534751604
2019-06-10,0.459,1535117714
2019-06-07,1.001,1528099671
2019-06-06,0.651,1512953835
2019-06-05,0.867,1503173532
2019-06-04,2.171,1490259059
2019-06-03,-0.254,1458592407
2019-05-31,-1.347,1462305505
2019-05-30,0.273,1482273964
2019-05-29,-0.671,1478231134
2019-05-28,-0.930,1488212487
2019-05-24,0.227,1502177884
2019-05-23,-1.221,1498772482
2019-05-22,-0.307,1517306155
2019-05-21,0.902,1521975112
2019-05-20,-0.661,1508370483
2019-05-17,-0.646,1518404618
2019-05-16,0.926,1528279316
2019-05-15,0.586,1514249855
2019-05-14,0.905,1505426257
2019-05-13,-2.513,1491928184
2019-05-10,0.503,1530381173
2019-05-09,-0.302,1522726242
2019-05-08,-0.139,1527341902
2019-05-07,-1.670,1529460934
2019-05-06,-0.411,1555430287
2019-05-03,0.979,1561851804
2019-05-02,-0.216,1546707205
2019-05-01,-0.751,1550047851
2019-04-30,0.051,1561781115
2019-04-29,0.157,1560978491
2019-04-26,0.466,1558529228
2019-04-25,-0.061,1551299418
2019-04-24,-0.222,1552249710
2019-04-23,0.900,1555696494
2019-04-22,0.087,1541827175
2019-04-18,0.197,1540493478
2019-04-17,-0.244,1537460066
2019-04-16,0.066,1541225551
2019-04-15,-0.065,1540210568
2019-04-12,0.677,1541213992
2019-04-11,-0.027,1530850669
2019-04-10,0.341,1531269852
2019-04-09,-0.512,1526058819
2019-04-08,0.077,1533914118
2019-04-05,0.484,1532739840
2019-04-04,0.266,1525351161
2019-04-03,0.158,1521308745
2019-04-02,0.049,1518912901
2019-04-01,1.186,1518163609
2019-03-29,0.631,1500364786
2019-03-28,0.379,1490958049
2019-03-27,-0.523,1485322435
2019-03-26,0.746,1493124509
2019-03-25,-0.075,1482071400
2019-03-22,-1.924,1483181212
2019-03-21,1.130,1512281367
2019-03-20,-0.301,1495385945
2019-03-19,0.025,1499894876
2019-03-18,0.363,1499517468
2019-03-15,0.492,1494094438
2019-03-14,-0.064,1486775025
2019-03-13,0.662,1487721283
2019-03-12,0.377,1477933008
2019-03-11,1.450,1472375145
2019-03-08,-0.200,1451323763
2019-03-07,-0.836,1454226657
2019-03-06,-0.605,1466489050
2019-03-05,-0.136,1475420009
2019-03-04,-0.363,1477423850
2019-03-01,0.625,1482811871
2019-02-28,-0.186,1473605563
2019-02-27,-0.043,1476349675
2019-02-26,-0.071,1476978669
2019-02-25,0.137,1478030675
2019-02-22,0.620,1476015804
2019-02-21,-0.355,1466915449
2019-02-20,0.202,1472144738
2019-02-19,0.173,1469178135
2019-02-15,1.090,1466634565
2019-02-14,-0.221,1450819119
2019-02-13,0.325,1454039107
2019-02-12,1.286,1449327719
2019-02-11,0.056,1430921617
2019-02-08,0.123,1430123122
2019-02-07,-0.953,1428372881
2019-02-06,-0.131,1442114994
2019-02-05,0.420,1444013075
2019-02-04,0.704,1437979969
2019-02-01,0.049,1427928461
2019-01-31,0.879,1427235743
2019-01-30,1.583,1414805025
2019-01-29,-0.132,1392751386
2019-01-28,-0.760,1394596736
2019-01-25,0.847,1405271914
2019-01-24,0.054,1393475941
2019-01-23,0.210,1392730495
2019-01-22,-1.351,1389817273
2019-01-18,1.331,1408846165
2019-01-17,0.759,1390335572
2019-01-16,0.242,1379861679
2019-01-15,1.146,1376525573
2019-01-14,-0.610,1360923253
2019-01-11,0.039,1369271851
2019-01-10,0.353,1368738003
2019-01-09,0.468,1363921597
2019-01-08,0.940,1357571971
2019-01-07,0.789,1344930775
2019-01-04,3.350,1334404494
2019-01-03,-2.386,1291151548
2019-01-02,0.104,1322710181
2018-12-31,0.876,1321330602
2018-12-28,-0.129,1309852912
2018-12-27,0.768,1311539825
2018-12-26,5.053,1301542600
2018-12-24,-2.642,1238940629
2018-12-21,-2.037,1272560642
2018-12-20,-1.627,1299015385
2018-12-19,-1.497,1320505568
2018-12-18,-0.109,1340576606
2018-12-17,-1.961,1342043112
2018-12-14,-1.846,1368893453
2018-12-13,-0.034,1394639950
2018-12-12,0.504,1395107708
2018-12-11,0.023,1388112800
2018-12-10,0.190,1387792272
2018-12-07,-2.323,1385159390
2018-12-06,-0.151,1418105152
2018-12-04,-3.240,1420254513
2018-12-03,1.325,1467809614
2018-11-30,0.610,1448622351
2018-11-29,-0.218,1439840640
2018-11-28,2.303,1442988383
2018-11-27,0.337,1410505726
2018-11-26,1.615,1405770759
2018-11-23,-0.667,1383430978
2018-11-21,0.341,1392727421
2018-11-20,-1.850,1387992573
2018-11-19,-1.691,1414157861
2018-11-16,0.260,1438483667
2018-11-15,1.044,1434747166
2018-11-14,-0.683,1419922517
2018-11-13,-0.187,1429691567
2018-11-12,-1.868,1432366266
2018-11-09,-0.976,1459634346
2018-11-08,-0.181,1474027519
2018-11-07,2.141,1476702021
2018-11-06,0.633,1445744879
2018-11-05,0.552,1436648443
2018-11-02,-0.592,1428760702
2018-11-01,1.065,1437268254
2018-10-31,1.068,1422128859
2018-10-30,1.482,1407094674
2018-10-29,-0.554,1386543036
2018-10-26,-1.758,1394262399
2018-10-25,1.794,1419217394
2018-10-24,-3.029,1394199392
2018-10-23,-0.509,1437755995
2018-10-22,-0.448,1445107218
2018-10-19,-0.054,1451617632
2018-10-18,-1.444,1452400392
2018-10-17,0.018,1473676339
2018-10-16,2.187,1473408080
2018-10-15,-0.561,1441874798
2018-10-12,1.389,1450014031
2018-10-11,-2.202,1430146255
2018-10-10,-3.166,1462351386
2018-10-09,-0.146,1510162274
2018-10-08,0.000,1512363512
2018-10-05,-0.559,1512357840
2018-10-04,-0.781,1520864438
2018-10-03,0.055,1532838920
2018-10-02,-0.058,1531992460
2018-10-01,0.348,1532879968
2018-09-28,0.011,1527567268
2018-09-27,0.280,1527403908
2018-09-26,-0.299,1523142141
2018-09-25,-0.092,1527707713
2018-09-24,-0.332,1529120653
2018-09-21,-0.091,1534211599
2018-09-20,0.811,1535604508
2018-09-19,0.107,1523254586
2018-09-18,0.543,1521627400
2018-09-17,-0.529,1513409748
2018-09-14,0.018,1521459072
2018-09-13,0.592,1521191842
2018-09-12,0.025,1512242017
2018-09-11,0.330,1511870214
2018-09-10,0.174,1506895626
2018-09-07,-0.194,1504274764
2018-09-06,-0.301,1507198148
2018-09-05,-0.269,1511742928
2018-09-04,-0.172,1515816942
2018-08-31,0.004,1518426429
2018-08-30,-0.404,1518368431
2018-08-29,0.538,1524534495
2018-08-28,0.049,1516369536
2018-08-27,0.790,1515631612
2018-08-24,0.602,1503753274
2018-08-23,-0.132,1494751647
2018-08-22,-0.059,1496733520
2018-08-21,0.235,1497617039
2018-08-20,0.214,1494107211
2018-08-17,0.352,1490911219
2018-08-16,0.810,1485675501
2018-08-15,-0.746,1473745284
2018-08-14,0.638,1484827544
2018-08-13,-0.374,1475407853
2018-08-10,-0.670,1480946172
2018-08-09,-0.136,1490929974
2018-08-08,-0.042,1492964086
2018-08-07,0.331,1493586086
2018-08-06,0.367,1488664314
2018-08-03,0.429,1483219582
2018-08-02,0.545,1476885804
2018-08-01,-0.167,1468878500
2018-07-31,0.493,1471331041
2018-07-30,-0.522,1464108300
2018-07-27,-0.677,1471790693
2018-07-26,-0.236,1481826453
2018-07-25,0.853,1485324871
2018-07-24,0.504,1472767796
2018-07-23,0.186,1465388291
2018-07-20,-0.114,1462663324
2018-07-19,-0.377,1464331354
2018-07-18,0.211,1469869361
2018-07-17,0.405,1466778328
2018-07-16,-0.089,1460863294
2018-07-13,0.079,1462165230
2018-07-12,0.907,1461009226
2018-07-11,-0.731,1447877407
2018-07-10,0.360,1458540357
2018-07-09,0.901,1453305309
2018-07-06,0.846,1440330553
2018-07-05,0.816,1428244915
2018-07-03,-0.353,1416682320
2018-07-02,0.214,1421697328
2018-06-29,0.144,1418658898
2018-06-28,0.572,1416614088
2018-06-27,-0.828,1408555435
2018-06-26,0.222,1420316353
2018-06-25,-1.361,1417173385
2018-06-22,0.183,1436725962
2018-06-21,-0.627,1434105892
2018-06-20,0.171,1443147278
2018-06-19,-0.383,1440684084
2018-06-18,-0.205,1446221744
2018-06-15,-0.127,1449197013
2018-06-14,0.252,1451036537
2018-06-13,-0.319,1447387003
2018-06-12,0.130,1452014762
2018-06-11,0.133,1450135226
2018-06-08,0.296,1448203646
2018-06-07,-0.010,1443929485
2018-06-06,0.836,1444080243
2018-06-05,0.073,1432101649
2018-06-04,0.476,1431055137
2018-06-01,0.982,1424282372
2018-05-31,-0.612,1410429945
2018-05-30,1.335,1419118094
2018-05-29,-1.150,1400424551
2018-05-25,-0.238,1416712868
2018-05-24,-0.204,1420091191
2018-05-23,0.275,1423000987
2018-05-22,-0.278,1419091485
2018-05-21,0.752,1423042370
2018-05-18,-0.250,1412417782
2018-05-17,-0.084,1415952223
2018-05-16,0.421,1417144173
2018-05-15,-0.688,1411204638
2018-05-14,0.048,1420985568
2018-05-11,0.305,1420303535
2018-05-10,0.935,1415977728
2018-05-09,0.967,1402854863
2018-05-08,0.000,1389419775
2018-05-07,0.339,1389414565
2018-05-04,1.295,1384724566
2018-05-03,-0.220,1367021349
2018-05-02,-0.671,1370035286
2018-05-01,0.178,1379295515
2018-04-30,-0.769,1376843879
2018-04-27,0.094,1387509422
2018-04-26,1.017,1386202918
2018-04-25,0.248,1372247827
2018-04-24,-1.346,1368859324
2018-04-23,-0.015,1387540661
2018-04-20,-0.848,1387743662
2018-04-19,-0.554,1399606099
2018-04-18,0.074,1407408480
2018-04-17,1.070,1406362189
2018-04-16,0.823,1391470480
2018-04-13,-0.293,1380118301
2018-04-12,0.823,1384173032
2018-04-11,-0.524,1372873016
2018-04-10,1.590,1380102775
2018-04-09,0.493,1358497057
2018-04-06,-2.228,1351829651
2018-04-05,0.790,1382637653
2018-04-04,1.070,1371806294
2018-04-03,1.282,1357279557
2018-04-02,-2.158,1340098453
2018-03-29,1.278,1369656878
2018-03-28,-0.295,1352371761
2018-03-27,-1.701,1356374381
2018-03-26,2.736,1379842826
2018-03-23,-2.131,1343092080
2018-03-22,-2.499,1372337655
2018-03-21,-0.192,1407516383
2018-03-20,0.170,1410217547
2018-03-19,-1.353,1407818107
2018-03-16,0.108,1427122103
2018-03-15,-0.109,1425578273
2018-03-14,-0.513,1427128092
2018-03-13,-0.646,1434483825
2018-03-12,-0.125,1443809363
2018-03-09,1.741,1445618287
2018-03-08,0.484,1420886119
2018-03-07,-0.036,1414038194
2018-03-06,0.254,1414551268
2018-03-05,1.156,1410969179
2018-03-02,0.516,1394842496
2018-03-01,-1.454,1387683749
2018-02-28,-1.013,1408154113
2018-02-27,-1.248,1422559430
2018-02-26,1.162,1440541356
2018-02-23,1.594,1424000176
2018-02-22,0.130,1401653476
2018-02-21,-0.497,1399833963
2018-02-20,-0.626,1406826535
2018-02-16,0.030,1415685133
2018-02-15,1.276,1415265142
2018-02-14,1.350,1397428549
2018-02-13,0.249,1378814566
2018-02-12,1.469,1375388302
2018-02-09,1.503,1355478675
2018-02-08,-3.751,1335413694
2018-02-07,-0.542,1387450184
2018-02-06,1.971,1395012740
2018-02-05,-4.182,1368053945
2018-02-02,-2.177,1427761090
2018-02-01,-0.113,1459529594
2018-01-31,0.050,1461182782
2018-01-30,-1.025,1460451641
2018-01-29,-0.663,1475581338
2018-01-26,1.158,1485423997
2018-01-25,0.043,1468417400
2018-01-24,-0.038,1467789907
2018-01-23,0.213,1468354555
2018-01-22,0.813,1465239139
2018-01-19,0.455,1453416034
2018-01-18,-0.168,1446827992
2018-01-17,0.954,1449258635
2018-01-16,-0.341,1435569805
2018-01-12,0.652,1440488352
2018-01-11,0.730,1431153432
2018-01-10,-0.153,1420781973
2018-01-09,0.227,1422953516
2018-01-08,0.183,1419734715
2018-01-05,0.667,1417137897
2018-01-04,0.422,1407751410
2018-01-03,0.633,1401837569
2018-01-02,0.716,1393021331
2017-12-29,-0.377,1383116747
2017-12-28,0.206,1388346281
2017-12-27,0.049,1385490495
2017-12-26,-0.119,1384811529
2017-12-22,-0.026,1386464842
2017-12-21,0.206,1386822440
2017-12-20,-0.052,1383966702
2017-12-19,-0.384,1384687101
2017-12-18,0.634,1390020146
2017-12-15,0.829,1381256110
2017-12-14,-0.408,1369899602
2017-12-13,-0.011,1375515105
2017-12-12,0.177,1375664643
2017-12-11,0.302,1373235924
2017-12-08,0.546,1369105580
2017-12-07,0.316,1361675124
2017-12-06,0.019,1357390160
2017-12-05,-0.359,1357127248
2017-12-04,-0.121,1362020754
2017-12-01,-0.207,1363665693
2017-11-30,0.876,1366496587
2017-11-29,-0.060,1354631839
2017-11-28,1.015,1355451774
2017-11-27,-0.050,1341834008
2017-11-24,0.231,1342499295
2017-11-22,-0.088,1339400492
2017-11-21,0.655,1340581410
2017-11-20,0.171,1331862333
2017-11-17,-0.293,1329588601
2017-11-16,0.850,1333502329
2017-11-15,-0.500,1322256847
2017-11-14,-0.232,1328903341
2017-11-13,0.093,1331992045
2017-11-10,-0.031,1330749580
2017-11-09,-0.362,1331157078
2017-11-08,0.170,1335998808
2017-11-07,-0.069,1333725129
2017-11-06,0.155,1334648216
2017-11-03,0.334,1332580799
2017-11-02,0.039,1328141633
2017-11-01,0.133,1327621054
2017-10-31,0.156,1325863045
2017-10-30,-0.372,1323795692
2017-10-27,0.818,1328740423
2017-10-26,0.130,1317959581
2017-10-25,-0.495,1316253194
2017-10-24,0.176,1322796219
2017-10-23,-0.389,1320471123
2017-10-20,0.516,1325622008
2017-10-19,0.028,1318811358
2017-10-18,0.098,1318445507
2017-10-17,0.071,1317151618
2017-10-16,0.134,1316218642
2017-10-13,0.122,1314460755
2017-10-12,-0.149,1312857552
2017-10-11,0.157,1314811796
2017-10-10,0.264,1312744592
2017-10-09,-0.165,1309285376
2017-10-06,-0.114,1311445836
2017-10-05,0.593,1312936049
2017-10-04,0.119,1305197719
2017-10-03,0.214,1303646149
2017-10-02,0.434,1300857255
2017-09-29,0.352,1295232831
2017-09-28,0.120,1290691110
2017-09-27,0.390,1289139617
2017-09-26,0.061,1284133959
2017-09-25,-0.204,1283355823
2017-09-22,0.020,1285980290
2017-09-21,-0.268,1285717696
2017-09-20,0.036,1289167000
2017-09-19,0.100,1288698180
2017-09-18,0.213,1287404505
2017-09-15,0.134,1284667340
2017-09-14,-0.032,1282946185
2017-09-13,0.048,1283351766
2017-09-12,0.337,1282731367
2017-09-11,1.067,1278417474
2017-09-08,-0.117,1264921195
2017-09-07,-0.012,1266404100
2017-09-06,0.342,1266553245
2017-09-05,-0.718,1262239477
2017-09-01,0.142,1271365725
2017-08-31,0.602,1269565547
2017-08-30,0.474,1261968790
2017-08-29,0.115,1256013597
2017-08-28,0.004,1254572575
2017-08-25,0.234,1254516573
2017-08-24,-0.233,1251587968
2017-08-23,-0.358,1254507164
2017-08-22,1.046,1259016518
2017-08-21,0.079,1245982632
2017-08-18,-0.156,1245003341
2017-08-17,-1.559,1246947903
2017-08-16,0.175,1266691933
2017-08-15,-0.012,1264481492
2017-08-14,0.992,1264630635
2017-08-11,0.148,1252212559
2017-08-10,-1.411,1250361258
2017-08-09,-0.004,1268258308
2017-08-08,-0.246,1268304847
2017-08-07,0.186,1271429024
2017-08-04,0.183,1269064741
2017-08-03,-0.194,1266751770
2017-08-02,0.049,1269209104
2017-08-01,0.223,1268588825
2017-07-31,-0.056,1265762951
2017-07-28,-0.117,1266476305
2017-07-27,-0.093,1267959042
2017-07-26,0.004,1269134014
2017-07-25,0.243,1269077962
2017-07-24,-0.024,1265995679
2017-07-21,-0.089,1266298683
2017-07-20,0.045,1267422351
2017-07-19,0.542,1266853392
2017-07-18,0.053,1260026898
2017-07-17,-0.012,1259355388
2017-07-14,0.467,1259504539
2017-07-13,0.168,1253652672
2017-07-12,0.752,1251545059
2017-07-11,-0.074,1242205523
2017-07-10,0.108,1243124088
2017-07-07,0.649,1241785892
2017-07-06,-0.914,1233780042
2017-07-05,0.232,1245161706
2017-07-03,0.170,1242284846
2017-06-30,0.187,1240177311
2017-06-29,-0.879,1237864670
2017-06-28,0.895,1248835828
2017-06-27,-0.805,1237752788
2017-06-26,0.066,1247800631
2017-06-23,0.120,1246975402
2017-06-22,-0.045,1245483326
2017-06-21,-0.024,1246042827
2017-06-20,-0.674,1246345870
2017-06-19,0.833,1254803673
2017-06-16,0.022,1244438914
2017-06-15,-0.192,1244163219
2017-06-14,-0.126,1246557346
2017-06-13,0.489,1248134834
2017-06-12,-0.020,1242056664
2017-06-09,-0.151,1242307209
2017-06-08,0.050,1244190903
2017-06-07,0.185,1243573818
2017-06-06,-0.319,1241272511
2017-06-05,-0.073,1245248707
2017-06-02,0.333,1246162658
2017-06-01,0.796,1242024060
2017-05-31,-0.024,1232220475
2017-05-30,-0.087,1232522059
2017-05-26,-0.020,1233589223
2017-05-25,0.478,1233839714
2017-05-24,0.234,1227966053
2017-05-23,0.222,1225103489
2017-05-22,0.508,1222394047
2017-05-19,0.651,1216214225
2017-05-18,0.403,1208350369
2017-05-17,-1.774,1203497586
2017-05-16,-0.091,1225233616
2017-05-15,0.553,1226351774
2017-05-12,-0.167,1219610676
2017-05-11,-0.204,1221647493
2017-05-10,0.180,1224143499
2017-05-09,-0.091,1221944515
2017-05-08,-0.016,1223062670
2017-05-05,0.394,1223262179
2017-05-04,0.118,1218460511
2017-05-03,-0.121,1217027038
2017-05-02,0.038,1218502451
2017-05-01,0.252,1218038537
2017-04-28,-0.218,1214972101
2017-04-27,0.084,1217621214
2017-04-26,-0.063,1216595956
2017-04-25,0.582,1217356910
2017-04-24,1.100,1210310023
2017-04-21,-0.318,1197139489
2017-04-20,0.814,1200962306
2017-04-19,-0.183,1191262026
2017-04-18,-0.298,1193451829
2017-04-17,0.886,1197019528
2017-04-13,-0.649,1186502799
2017-04-12,-0.438,1194254900
2017-04-11,-0.119,1199506466
2017-04-10,0.060,1200930781
2017-04-07,-0.102,1200211874
2017-04-06,0.281,1201432095
2017-04-05,-0.297,1198059671
2017-04-04,0.064,1201627168
2017-04-03,-0.174,1200857266
2017-03-31,-0.232,1202944937
2017-03-30,0.319,1205746909
2017-03-29,0.094,1201915296
2017-03-28,0.728,1200788251
2017-03-27,-0.102,1192109011
2017-03-24,-0.072,1193329227
2017-03-23,-0.106,1194192203
2017-03-22,0.236,1195463398
2017-03-21,-1.284,1192652429
2017-03-20,-0.109,1208160067
2017-03-17,-0.174,1209482196
2017-03-16,-0.196,1211595603
2017-03-15,0.866,1213978878
2017-03-14,-0.382,1203559419
2017-03-13,0.051,1208178104
2017-03-10,0.351,1207563946
2017-03-09,0.127,1203342700
2017-03-08,-0.185,1201814065
2017-03-07,-0.298,1204044917
2017-03-06,-0.297,1207647465
2017-03-03,0.063,1211249904
2017-03-02,-0.629,1210483350
2017-03-01,1.400,1218149982
2017-02-28,-0.270,1201329817
2017-02-27,0.157,1204576656
2017-02-24,0.127,1202692483
2017-02-23,0.068,1201163901
2017-02-22,-0.088,1200346555
2017-02-21,0.596,1201408915
2017-02-17,0.158,1194292183
2017-02-16,-0.085,1192408088
2017-02-15,0.522,1193419620
2017-02-14,0.400,1187217451
2017-02-13,0.545,1182488584
2017-02-10,0.395,1176083260
2017-02-09,0.594,1171456091
2017-02-08,0.131,1164542897
2017-02-07,0.005,1163014522
2017-02-06,-0.178,1162959315
2017-02-03,0.690,1165037745
2017-02-02,0.066,1157057941
2017-02-01,0.040,1156291571
2017-01-31,-0.008,1155830066
2017-01-30,-0.620,1155927349
2017-01-27,-0.157,1163136383
2017-01-26,-0.104,1164960764
2017-01-25,0.866,1166175574
2017-01-24,0.642,1156164014
2017-01-23,-0.260,1148793953
2017-01-20,0.368,1151786753
2017-01-19,-0.370,1147566253
2017-01-18,0.221,1151828887
2017-01-17,-0.352,1149284721
2017-01-13,0.230,1153344165
2017-01-12,-0.251,1150698400
2017-01-11,0.283,1153589512
2017-01-10,0.000,1150334237
2017-01-09,-0.330,1150329923
2017-01-06,0.358,1154135293
2017-01-05,-0.079,1150016456
2017-01-04,0.595,1150926501
2017-01-03,0.765,1144115643
2016-12-30,-0.365,1135425373
2016-12-29,-0.022,1139586327
2016-12-28,-0.826,1139835966
2016-12-27,0.248,1149330304
2016-12-23,0.147,1146481531
2016-12-22,-0.172,1144801017
2016-12-21,-0.278,1146777680
2016-12-20,0.386,1149973331
2016-12-19,0.218,1145550010
2016-12-16,-0.194,1143056812
2016-12-15,0.412,1145279730
2016-12-14,-0.825,1140579460
2016-12-13,0.668,1150068107
2016-12-12,-0.114,1142439172
2016-12-09,0.604,1143747711
2016-12-08,0.245,1136876235
2016-12-07,1.308,1134094874
2016-12-06,0.317,1119447430
2016-12-05,0.601,1115908708
2016-12-02,0.050,1109239381
2016-12-01,-0.367,1108679869
2016-11-30,-0.240,1112765622
2016-11-29,0.195,1115437555
2016-11-28,-0.469,1113262156
2016-11-25,0.372,1118509219
2016-11-23,0.055,1114364637
2016-11-22,0.196,1113754581
2016-11-21,0.756,1111579220
2016-11-18,-0.223,1103243980
2016-11-17,0.514,1105713944
2016-11-16,-0.187,1100054738
2016-11-15,0.781,1102120763
2016-11-14,0.079,1093583675
2016-11-11,-0.230,1092721244
2016-11-10,0.250,1095241666
2016-11-09,1.061,1092511123
2016-11-08,0.451,1081045772
2016-11-07,2.206,1076194660
2016-11-04,-0.110,1052965435
2016-11-03,-0.457,1054122723
2016-11-02,-0.601,1058965770
2016-11-01,-0.724,1065373860
2016-10-31,0.005,1073145193
2016-10-28,-0.295,1073090629
2016-10-27,-0.266,1076267406
2016-10-26,-0.200,1079141239
2016-10-25,-0.335,1081308146
2016-10-24,0.426,1084939228
2016-10-21,0.047,1080340759
2016-10-20,-0.186,1079831878
2016-10-19,0.267,1081847293
2016-10-18,0.627,1078965507
2016-10-17,-0.347,1072246682
2016-10-14,0.052,1075978633
2016-10-13,-0.327,1075419246
2016-10-12,0.132,1078949323
2016-10-11,-1.263,1077531592
2016-10-10,0.521,1091310295
2016-10-07,-0.343,1085651732
2016-10-06,0.070,1089383630
2016-10-05,0.443,1088622293
2016-10-04,-0.509,1083822048
2016-10-03,-0.240,1089371374
2016-09-30,0.755,1091992524
2016-09-29,-0.904,1083809855
2016-09-28,0.497,1093700787
2016-09-27,0.621,1088294903
2016-09-26,-0.810,1081576420
2016-09-23,-0.548,1090407056
2016-09-22,0.631,1096410475
2016-09-21,1.125,1089540667
2016-09-20,0.005,1077420523
2016-09-19,0.019,1077366030
2016-09-16,-0.384,1077160012
2016-09-15,1.000,1081314538
2016-09-14,-0.037,1070611913
2016-09-13,-1.437,1071009730
2016-09-12,1.435,1086626476
2016-09-09,-2.393,1071252848
2016-09-08,-0.228,1097517612
2016-09-07,-0.009,1100024844
2016-09-06,0.303,1100121193
2016-09-02,0.451,1096802093
2016-09-01,0.005,1091875812
2016-08-31,-0.284,1091821522
2016-08-30,-0.164,1094931416
2016-08-29,0.493,1096735445
2016-08-26,-0.188,1091357148
2016-08-25,-0.068,1093412319
2016-08-24,-0.511,1094161643
2016-08-23,0.202,1099782724
2016-08-22,-0.004,1097568694
2016-08-19,-0.146,1097614773
2016-08-18,0.225,1099217882
2016-08-17,0.188,1096752738
2016-08-16,-0.515,1094689495
2016-08-15,0.289,1100360641
2016-08-12,-0.087,1097192473
2016-08-11,0.464,1098142541
2016-08-10,-0.247,1093065886
2016-08-09,0.060,1095773810
2016-08-08,-0.059,1095116852
2016-08-05,0.818,1095765592
2016-08-04,0.107,1086872132
2016-08-03,0.293,1085712884
2016-08-02,-0.640,1082544861
2016-08-01,-0.083,1089521664
2016-07-29,0.162,1090421537
2016-07-28,0.116,1088659734
2016-07-27,-0.106,1087400114
2016-07-26,0.047,1088551106
2016-07-25,-0.271,1088044783
2016-07-22,0.449,1091003793
2016-07-21,-0.377,1086128284
2016-07-20,0.417,1090242257
2016-07-19,-0.101,1085718365
2016-07-18,0.269,1086819148
2016-07-15,-0.134,1083902302
2016-07-14,0.559,1085354577
2016-07-13,-0.014,1079324167
2016-07-12,0.727,1079470773
2016-07-11,0.353,1071682727
2016-07-08,1.489,1067912278
2016-07-07,-0.062,1052240010
2016-07-06,0.600,1052888932
2016-07-05,-0.719,1046607672
2016-07-01,0.210,1054186681
2016-06-30,1.365,1051973121
2016-06-29,1.703,1037807758
2016-06-28,1.804,1020428490
2016-06-27,-1.791,1002346385
2016-06-24,-3.591,1020621745
2016-06-23,1.303,1058632286
2016-06-22,-0.163,1045019552
2016-06-21,0.284,1046722984
2016-06-20,0.644,1043756299
2016-06-17,-0.370,1037073590
2016-06-16,0.299,1040924003
2016-06-15,-0.139,1037822903
2016-06-14,-0.196,1039267671
2016-06-13,-0.771,1041311941
2016-06-10,-0.947,1049400735
2016-06-09,-0.136,1059437616
2016-06-08,0.326,1060882281
2016-06-07,0.157,1057431463
2016-06-06,0.509,1055779084
2016-06-03,-0.298,1050430046
2016-06-02,0.305,1053573202
2016-06-01,0.205,1050372239
2016-05-31,-0.190,1048220276
2016-05-27,0.430,1050214508
2016-05-26,0.029,1045714777
2016-05-25,0.679,1045411155
2016-05-24,1.297,1038363930
2016-05-23,-0.136,1025072813
2016-05-20,0.632,1026467615
2016-05-19,-0.346,1020019941
2016-05-18,0.030,1023562717
2016-05-17,-0.933,1023259180
2016-05-16,0.987,1032895900
2016-05-13,-0.871,1022801890
2016-05-12,0.029,1031789228
2016-05-11,-0.935,1031485665
2016-05-10,1.244,1041222130
2016-05-09,0.083,1028430954
2016-05-06,0.366,1027577955
2016-05-05,-0.019,1023827856
2016-05-04,-0.557,1024023786
2016-05-03,-0.870,1029764191
2016-05-02,0.795,1038801152
2016-04-29,-0.540,1030605594
2016-04-28,-0.907,1036195993
2016-04-27,0.206,1045682427
2016-04-26,0.149,1043530675
2016-04-25,-0.172,1041978375
2016-04-22,0.000,1043772605
2016-04-21,-0.537,1043768690
2016-04-20,0.096,1049408912
2016-04-19,0.316,1048405963
2016-04-18,0.703,1045105551
2016-04-15,-0.110,1037809293
2016-04-14,0.005,1038954165
2016-04-13,1.010,1038900347
2016-04-12,0.932,1028507515
2016-04-11,-0.234,1019013839
2016-04-08,0.270,1021407425
2016-04-07,-1.196,1018656538
2016-04-06,1.092,1030989388
2016-04-05,-0.998,1019847623
2016-04-04,-0.323,1030132589
2016-04-01,0.682,1033475061
2016-03-31,-0.242,1026478879
2016-03-30,0.439,1028972284
2016-03-29,0.925,1024473340
2016-03-28,0.059,1015079944
2016-03-24,-0.044,1014476754
2016-03-23,-0.660,1014922508
2016-03-22,-0.053,1021661116
2016-03-21,0.142,1022206668
2016-03-18,0.391,1020754501
2016-03-17,0.635,1016777569
2016-03-16,0.579,1010363931
2016-03-15,-0.163,1004546653
2016-03-14,-0.128,1006182595
2016-03-11,1.614,1007470676
2016-03-10,0.081,991467522
2016-03-09,0.494,990668867
2016-03-08,-1.091,985795761
2016-03-07,0.080,996673508
2016-03-04,0.326,995874768
2016-03-03,0.392,992641438
2016-03-02,0.450,988762185
2016-03-01,2.351,984336413
2016-02-29,-0.784,961725582
2016-02-26,-0.230,969323893
2016-02-25,1.212,971556096
2016-02-24,0.458,959926082
2016-02-23,-1.263,955550231
2016-02-22,1.448,967769131
2016-02-19,-0.046,953953113
2016-02-18,-0.409,954396678
2016-02-17,1.634,958318219
2016-02-16,1.688,942912458
2016-02-12,2.062,927258450
2016-02-11,-1.300,908524104
2016-02-10,-0.086,920494499
2016-02-09,0.006,921285929
2016-02-08,-1.346,921232816
2016-02-05,-1.905,933799206
2016-02-04,0.157,951930047
2016-02-03,0.600,950435977
2016-02-02,-1.802,944768598
2016-02-01,-0.036,962104179
2016-01-29,2.438,962448382
2016-01-28,0.521,939541334
2016-01-27,-1.088,934669005
2016-01-26,1.365,944949574
2016-01-25,-1.511,932227570
2016-01-22,2.052,946532323
2016-01-21,0.561,927500883
2016-01-20,-1.281,922330545
2016-01-19,0.133,934300173
2016-01-15,-2.146,933054655
2016-01-14,1.642,953519456
2016-01-13,-2.494,938115058
2016-01-12,0.807,962107002
2016-01-11,0.099,954403004
2016-01-08,-1.097,953455497
2016-01-07,-2.399,964033672
2016-01-06,-1.261,987727091
2016-01-05,0.170,1000341846
2016-01-04,-1.398,998649027
2015-12-31,-1.000,1012803695
2015-12-30,-0.708,1023033673
2015-12-29,1.068,1030332552
2015-12-28,-0.228,1019449173
2015-12-24,-0.165,1021780214
2015-12-23,1.239,1023465427
2015-12-22,0.908,1010942835
2015-12-21,0.825,1001848078
2015-12-18,-1.771,993647579
2015-12-17,-1.523,1011560394
2015-12-16,1.464,1027209350
2015-12-15,1.050,1012392225
2015-12-14,0.506,1001871044
2015-12-11,-1.938,996830812
2015-12-10,0.258,1016528504
2015-12-09,-0.778,1013907720
2015-12-08,-0.672,1021853558
2015-12-07,-0.605,1028762431
2015-12-04,1.951,1035029360
2015-12-03,-1.400,1015225665
2015-12-02,-1.020,1029639623
2015-12-01,0.954,1040251541
2015-11-30,-0.415,1030421909
2015-11-27,0.115,1034713700
2015-11-25,-0.014,1033524816
2015-11-24,0.134,1033669065
2015-11-23,-0.114,1032282695
2015-11-20,0.365,1033463814
2015-11-19,-0.086,1029707482
2015-11-18,1.587,1030592357
2015-11-17,-0.073,1014492550
2015-11-16,1.521,1015229354
2015-11-13,-1.122,1000018450
2015-11-12,-1.396,1011370606
2015-11-11,-0.393,1025685074
2015-11-10,0.231,1029729824
2015-11-09,-0.933,1027356062
2015-11-06,-0.052,1037029269
2015-11-05,-0.109,1037568479
2015-11-04,-0.293,1038700153
2015-11-03,0.290,1041757334
2015-11-02,1.183,1038741735
2015-10-30,-0.459,1026592369
2015-10-29,-0.024,1031328197
2015-10-28,1.148,1031571187
2015-10-27,-0.203,1019866325
2015-10-26,-0.255,1021936087
2015-10-23,1.126,1024548913
2015-10-22,1.665,1013140433
2015-10-21,-0.620,996548132
2015-10-20,-0.127,1002765060
2015-10-19,0.050,1004044924
2015-10-16,0.455,1003547459
2015-10-15,1.536,999001674
2015-10-14,-0.479,983890824
2015-10-13,-0.630,988626600
2015-10-12,0.095,994892787
2015-10-09,0.060,993951044
2015-10-08,0.903,993354890
2015-10-07,0.819,984464800
2015-10-06,-0.342,976463410
2015-10-05,1.780,979816794
2015-10-02,1.494,962682375
2015-10-01,0.282,948510161
2015-09-30,1.867,945840744
2015-09-29,0.091,928509172
2015-09-28,-2.571,927666444
2015-09-25,-0.031,952149105
2015-09-24,-0.346,952441737
2015-09-23,-0.154,955745744
2015-09-22,-1.293,957223160
2015-09-21,0.553,969758655
2015-09-18,-1.655,964423459
2015-09-17,-0.219,980657196
2015-09-16,0.852,982814189
2015-09-15,1.261,974511595
2015-09-14,-0.386,962378811
2015-09-11,0.455,966107228
2015-09-10,0.560,961733223
2015-09-09,-1.367,956377146
2015-09-08,2.529,969631922
2015-09-04,-1.564,945714215
2015-09-03,0.123,960736701
2015-09-02,1.898,959554591
2015-09-01,-2.921,941677021
2015-08-31,-0.853,970006571
2015-08-28,0.041,978350604
2015-08-27,2.302,977954105
2015-08-26,3.979,955952035
2015-08-25,-1.198,919366417
2015-08-24,-4.113,930509399
2015-08-21,-3.127,970426666
2015-08-20,-2.050,1001750634
2015-08-19,-0.786,1022713707
2015-08-18,-0.299,1030811777
2015-08-17,0.574,1033901355
2015-08-14,0.317,1028005227
2015-08-13,-0.105,1024760646
2015-08-12,0.125,1025837041
2015-08-11,-0.935,1024556554
2015-08-10,1.304,1034225679
2015-08-07,-0.206,1020915383
2015-08-06,-0.833,1023022897
2015-08-05,0.373,1031611701
2015-08-04,-0.195,1027777984
2015-08-03,-0.342,1029787248
2015-07-31,-0.175,1033318604
2015-07-30,0.024,1035131431
2015-07-29,0.698,1034882050
2015-07-28,1.243,1027709614
2015-07-27,-0.577,1015087184
2015-07-24,-1.047,1020975297
2015-07-23,-0.544,1031773280
2015-07-22,-0.222,1037415791
2015-07-21,-0.404,1039719544
2015-07-20,0.071,1043938123
2015-07-17,0.095,1043197732
2015-07-16,0.779,1042211856
2015-07-15,-0.042,1034155869
2015-07-14,0.458,1034593872
2015-07-13,1.099,1029876616
2015-07-10,1.309,1018678526
2015-07-09,0.132,1005516628
2015-07-08,-1.673,1004187235
2015-07-07,0.649,1021269203
2015-07-06,-0.313,1014686408
2015-07-02,-0.120,1017873880
2015-07-01,0.816,1019097473
2015-06-30,0.205,1010845489
2015-06-29,-2.110,1008779666
2015-06-26,0.034,1030525336
2015-06-25,-0.323,1030177802
2015-06-24,-0.726,1033512430
2015-06-23,0.076,1041069227
2015-06-22,0.513,1040279801
2015-06-19,-0.409,1034973650
2015-06-18,1.007,1039219899
2015-06-17,0.162,1028858568
2015-06-16,0.550,1027193618
2015-06-15,-0.395,1021571389
2015-06-12,-0.812,1025622546
2015-06-11,0.327,1034021774
2015-06-10,1.205,1030646908
2015-06-09,0.015,1018380508
2015-06-08,-0.643,1018230126
2015-06-05,-0.171,1024821645
2015-06-04,-0.844,1026576552
2015-06-03,0.265,1035317566
2015-06-02,-0.099,1032577871
2015-06-01,0.204,1033599925
2015-05-29,-0.621,1031495351
2015-05-28,-0.112,1037940112
2015-05-27,0.950,1039108694
2015-05-26,-1.075,1029334219
2015-05-22,-0.239,1040517628
2015-05-21,0.292,1043005205
2015-05-20,-0.070,1039972449
2015-05-19,-0.032,1040701331
2015-05-18,0.311,1041039392
2015-05-15,0.109,1037811271
2015-05-14,1.043,1036683792
2015-05-13,0.019,1025981443
2015-05-12,-0.299,1025782190
2015-05-11,-0.477,1028855960
2015-05-08,1.317,1033786040
2015-05-07,0.399,1020348223
2015-05-06,-0.411,1016289805
2015-05-05,-1.145,1020487122
2015-05-04,0.285,1032305029
2015-05-01,1.085,1029370160
2015-04-30,-1.002,1018326250
2015-04-29,-0.411,1028629695
2015-04-28,0.318,1032875737
2015-04-27,-0.415,1029598965
2015-04-24,0.232,1033893820
2015-04-23,0.252,1031496349
2015-04-22,0.492,1028903501
2015-04-21,-0.119,1023868248
2015-04-20,0.914,1025085616
2015-04-17,-1.150,1015800628
2015-04-16,-0.028,1027618020
2015-04-15,0.449,1027907253
2015-04-14,0.192,1023311727
2015-04-13,-0.452,1021353993
2015-04-10,0.546,1025990648
2015-04-09,0.443,1020418240
2015-04-08,0.338,1015920503
2015-04-07,-0.264,1012497427
2015-04-06,0.674,1015180187
2015-04-02,0.360,1008386745
2015-04-01,-0.353,1004768351
2015-03-31,-0.874,1008330336
2015-03-30,1.220,1017216480
2015-03-27,0.229,1004952429
2015-03-26,-0.238,1002652927
2015-03-25,-1.465,1005042582
2015-03-24,-0.562,1019985387
2015-03-23,-0.194,1025745252
2015-03-20,0.879,1027744036
2015-03-19,-0.456,1018788445
2015-03-18,1.203,1023453023
2015-03-17,-0.297,1011291942
2015-03-16,1.336,1014303134
2015-03-13,-0.613,1000926463
2015-03-12,1.272,1007098520
2015-03-11,-0.234,994451399
2015-03-10,-1.622,996781817
2015-03-09,0.415,1013214302
2015-03-06,-1.406,1009028520
2015-03-05,0.110,1023418514
2015-03-04,-0.421,1022296214
2015-03-03,-0.410,1026620197
2015-03-02,0.632,1030846893
2015-02-27,-0.340,1024375665
2015-02-26,-0.118,1027872939
2015-02-25,-0.085,1029084745
2015-02-24,0.284,1029956158
2015-02-23,-0.014,1027034732
2015-02-20,0.600,1027176759
2015-02-19,-0.071,1021046070
2015-02-18,0.010,1021771623
2015-02-17,0.158,1021670541
2015-02-13,0.412,1020062080
2015-02-12,0.962,1015876508
2015-02-11,0.058,1006196367
2015-02-10,1.066,1005609099
2015-02-09,-0.447,995005205
2015-02-06,-0.276,999474903
2015-02-05,1.010,1002242726
2015-02-04,-0.380,992222450
2015-02-03,1.446,996011377
2015-02-02,1.239,981809577
2015-01-30,-1.257,969795933
2015-01-29,0.925,982142575
2015-01-28,-1.282,973143644
2015-01-27,-1.319,985781917
2015-01-26,0.235,998954943
2015-01-23,-0.548,996617322
2015-01-22,1.487,1002107896
2015-01-21,0.505,987420279
2015-01-20,0.214,982457146
2015-01-16,1.312,980362729
2015-01-15,-0.916,967668840
2015-01-14,-0.603,976611534
2015-01-13,-0.281,982539651
2015-01-12,-0.783,985307361
2015-01-09,-0.801,993082990
2015-01-08,1.775,1001101663
2015-01-07,1.246,983643182
2015-01-06,-0.942,971533056
2015-01-05,-1.806,980767221
2015-01-02,-0.053,998801511
2014-12-31,-0.992,999332582
2014-12-30,-0.536,1009344450
2014-12-29,0.135,1014786028
2014-12-26,0.323,1013420887
2014-12-24,0.010,1010159617
2014-12-23,0.135,1010058591
2014-12-22,0.460,1008693483
2014-12-19,0.423,1004070953
2014-12-18,2.473,999836726
2014-12-17,1.961,975705173
2014-12-16,-0.802,956940882
2014-12-15,-0.687,964673607
2014-12-12,-1.616,971342535
2014-12-11,0.507,987294919
2014-12-10,-1.603,982311021
2014-12-09,-0.067,998311594
2014-12-08,-0.668,998984765
2014-12-05,0.164,1005701790
2014-12-04,-0.110,1004054095
2014-12-03,0.387,1005162391
2014-12-02,0.647,1001290596
2014-12-01,-0.695,994856272
2014-11-28,-0.212,1001814936
2014-11-26,0.256,1003938569
2014-11-25,-0.072,1001372276
2014-11-24,0.281,1002093762
2014-11-21,0.535,999285748
2014-11-20,0.176,993963605
2014-11-19,-0.160,992219318
2014-11-18,0.578,993811104
2014-11-17,0.064,988102253
2014-11-14,0.025,987470019
2014-11-13,0.113,987224576
2014-11-12,-0.107,986108870
2014-11-11,0.098,987168824
2014-11-10,0.315,986198170
2014-11-07,0.094,983100236
2014-11-06,0.401,982177952
2014-11-05,0.632,978258157
2014-11-04,-0.347,972114434
2014-11-03,0.055,975495058
2014-10-31,1.144,974959588
2014-10-30,0.641,963932966
2014-10-29,-0.151,957789389
2014-10-28,1.147,959236177
2014-10-27,-0.137,948354774
2014-10-24,0.770,949656550
2014-10-23,1.163,942401173
2014-10-22,-0.711,931568301
2014-10-21,1.981,938236428
2014-10-20,0.971,920006882
2014-10-17,1.181,911156349
2014-10-16,-0.085,900517133
2014-10-15,-0.676,901287266
2014-10-14,0.155,907423596
2014-10-13,-1.642,906018218
2014-10-10,-1.141,921146433
2014-10-09,-1.983,931778577
2014-10-08,1.749,950629025
2014-10-07,-1.543,934285437
2014-10-06,-0.117,948929887
2014-10-03,1.101,950038215
2014-10-02,0.016,939689311
2014-10-01,-1.355,939540759
2014-09-30,-0.263,952444645
2014-09-29,-0.182,954954866
2014-09-26,0.795,956691597
2014-09-25,-1.613,949146686
2014-09-24,0.783,964709131
2014-09-23,-0.572,957212589
2014-09-22,-0.772,962719904
2014-09-19,-0.089,970209161
2014-09-18,0.533,971075504
2014-09-17,0.135,965923497
2014-09-16,0.754,964620760
2014-09-15,-0.075,957399862
2014-09-12,-0.584,958117997
2014-09-11,0.115,963743841
2014-09-10,0.377,962633589
2014-09-09,-0.633,959021394
2014-09-08,-0.258,965128313
2014-09-05,0.450,967626628
2014-09-04,-0.144,963292745
2014-09-03,-0.054,964684432
2014-09-02,-0.049,965210063
2014-08-29,0.285,965687578
2014-08-28,-0.055,962941503
2014-08-27,-0.040,963467136
2014-08-26,0.065,963848425
2014-08-25,0.507,963219346
2014-08-22,-0.155,958356372
2014-08-21,0.292,959844260
2014-08-20,0.268,957050157
2014-08-19,0.522,954496635
2014-08-18,0.838,949537542
2014-08-15,-0.020,941643680
2014-08-14,0.473,941832594
2014-08-13,0.677,937402829
2014-08-12,-0.139,931096765
2014-08-11,0.290,932392267
2014-08-08,1.157,929694572
2014-08-07,-0.541,919058661
2014-08-06,0.032,924058690
2014-08-05,-0.969,923766564
2014-08-04,0.722,932807775
2014-08-01,-0.305,926117015
2014-07-31,-1.974,928952009
2014-07-30,0.016,947663094
2014-07-29,-0.429,947515212
2014-07-28,0.041,951600930
2014-07-25,-0.468,951212490
2014-07-24,0.005,955683033
2014-07-23,0.222,955631341
2014-07-22,0.436,953510990
2014-07-21,-0.187,949370112
2014-07-18,1.022,951146547
2014-07-17,-1.136,941521419
2014-07-16,0.371,952342104
2014-07-15,-0.187,948826689
2014-07-14,0.504,950603100
2014-07-11,0.138,945836934
2014-07-10,-0.395,944534500
2014-07-09,0.449,948283283
2014-07-08,-0.643,944046351
2014-07-07,-0.348,950152319
2014-07-03,0.492,953468082
2014-07-02,0.102,948798225
2014-07-01,0.670,947832550
2014-06-30,-0.051,941527157
2014-06-27,0.195,942004681
2014-06-26,-0.071,940173147
2014-06-25,0.452,940843093
2014-06-24,-0.602,936606332
2014-06-23,-0.030,942279179
2014-06-20,0.202,942564273
2014-06-19,0.112,940661565
2014-06-18,0.734,939604780
2014-06-17,0.278,932755109
2014-06-16,0.083,930166363
2014-06-13,0.305,929396878
2014-06-12,-0.708,926568791
2014-06-11,-0.347,933171988
2014-06-10,0.011,936423938
2014-06-09,0.103,936324678
2014-06-06,0.479,935363689
2014-06-05,0.653,930907926
2014-06-04,0.203,924872369
2014-06-03,-0.051,923001840
2014-06-02,0.115,923477110
2014-05-30,0.162,922420441
2014-05-29,0.518,920932925
2014-05-28,-0.073,916190079
2014-05-27,0.615,916856858
2014-05-23,0.401,911252363
2014-05-22,0.244,907610665
2014-05-21,0.843,905405153
2014-05-20,-0.630,897838022
2014-05-19,0.367,903531371
2014-05-16,0.347,900224857
2014-05-15,-0.878,897109853
2014-05-14,-0.473,905053080
2014-05-13,0.090,909358062
2014-05-12,0.974,908540851
2014-05-09,0.150,899777144
2014-05-08,-0.106,898433401
2014-05-07,0.589,899387434
2014-05-06,-0.870,894118366
2014-05-05,0.192,901965656
2014-05-02,-0.143,900238969
2014-05-01,0.011,901528067
2014-04-30,0.299,901428948
2014-04-29,0.466,898744900
2014-04-28,0.317,894576938
2014-04-25,-0.820,891749330
2014-04-24,0.203,899117737
2014-04-23,-0.234,897295369
2014-04-22,0.455,899398203
2014-04-21,0.349,895326052
2014-04-17,0.140,892211288
2014-04-16,1.048,890963384
2014-04-15,0.689,881721626
2014-04-14,0.788,875687044
2014-04-11,-0.900,868838766
2014-04-10,-2.100,876733548
2014-04-09,1.075,895541882
2014-04-08,0.413,886013082
2014-04-07,-1.105,882371915
2014-04-04,-1.182,892229040
2014-04-03,-0.132,902899813
2014-04-02,0.335,904093073
2014-04-01,0.663,901074147
2014-03-31,0.820,895135450
2014-03-28,0.493,887856570
2014-03-27,-0.210,883497515
2014-03-26,-0.719,885360934
2014-03-25,0.475,891771491
2014-03-24,-0.413,887556064
2014-03-21,-0.386,891238294
2014-03-20,0.584,894691665
2014-03-19,-0.533,889494134
2014-03-18,0.714,894256080
2014-03-17,0.905,887914926
2014-03-14,-0.280,879953635
2014-03-13,-1.121,882428254
2014-03-12,0.027,892431886
2014-03-11,-0.494,892190280
2014-03-10,-0.053,896618546
2014-03-07,0.043,897091699
2014-03-06,0.229,896707124
2014-03-05,0.091,894654760
2014-03-04,1.406,893841337
2014-03-03,-0.703,881448764
2014-02-28,0.253,887687696
2014-02-27,0.525,885444794
2014-02-26,0.006,880819393
2014-02-25,-0.037,880768440
2014-02-24,0.555,881098687
2014-02-21,-0.114,876235105
2014-02-20,0.590,877232461
2014-02-19,-0.662,872083034
2014-02-18,0.120,877892971
2014-02-14,0.552,876841400
2014-02-13,0.517,872025574
2014-02-12,0.050,867543325
2014-02-11,1.095,867111235
2014-02-10,0.184,857721257
2014-02-07,1.240,856145651
2014-02-06,1.319,845659880
2014-02-05,-0.125,834650062
2014-02-04,0.701,835695180
2014-02-03,-2.250,829879055
2014-01-31,-0.585,848982504
2014-01-30,1.060,853982267
2014-01-29,-0.960,845021442
2014-01-28,0.596,853213514
2014-01-27,-0.492,848159778
2014-01-24,-2.133,852349479
2014-01-23,-0.819,870928304
2014-01-22,0.066,878119588
2014-01-21,0.294,877544545
2014-01-17,-0.423,874968388
2014-01-16,-0.130,878681456
2014-01-15,0.539,879821648
2014-01-14,1.090,875101480
2014-01-13,-1.330,865664497
2014-01-10,0.273,877334221
2014-01-09,0.066,874948701
2014-01-08,0.022,874373687
2014-01-07,0.615,874179831
2014-01-06,-0.289,868840418
2014-01-03,-0.016,871362286
2014-01-02,-0.958,871501949
2013-12-31,0.474,879931585
2013-12-30,-0.016,875783314
2013-12-27,-0.005,875922959
2013-12-26,0.509,875967318
2013-12-24,0.220,871533251
2013-12-23,0.535,869624278
2013-12-20,0.579,864999698
2013-12-19,-0.115,860019694
2013-12-18,1.708,861011580
2013-12-17,-0.318,846555595
2013-12-16,0.624,849253417
2013-12-13,-0.011,843990417
2013-12-12,-0.330,844082023
2013-12-11,-1.123,846874595
2013-12-10,-0.358,856490613
2013-12-09,0.255,859567428
2013-12-06,1.118,857384502
2013-12-05,-0.439,847904354
2013-12-04,-0.011,851644548
2013-12-03,-0.432,851736123
2013-12-02,-0.259,855428892
2013-11-29,-0.066,857652729
2013-11-27,0.244,858218118
2013-11-26,0.028,856130022
2013-11-25,-0.099,855889894
2013-11-22,0.501,856739583
2013-11-21,0.807,852471895
2013-11-20,-0.312,845645562
2013-11-19,-0.217,848295823
2013-11-18,-0.350,850140560
2013-11-15,0.435,853122460
2013-11-14,0.499,849423452
2013-11-13,0.803,845203268
2013-11-12,-0.203,838471880
2013-11-11,0.017,840174475
2013-11-08,1.349,840029180
2013-11-07,-1.264,828844045
2013-11-06,0.511,839454306
2013-11-05,-0.316,835186874
2013-11-04,0.352,837837064
2013-11-01,0.239,834896326
2013-10-31,-0.283,832903219
2013-10-30,-0.496,835269106
2013-10-29,0.534,839435418
2013-10-28,0.160,834978563
2013-10-25,0.457,833648800
2013-10-24,0.333,829855313
2013-10-23,-0.479,827104199
2013-10-22,0.580,831080947
2013-10-21,0.006,826292553
2013-10-18,0.676,826242076
2013-10-17,0.669,820695678
2013-10-16,1.397,815244078
2013-10-15,-0.725,804012370
2013-10-14,0.400,809884239
2013-10-11,0.645,806659503
2013-10-10,2.156,801492304
2013-10-09,0.073,784575506
2013-10-08,-1.164,784004035
2013-10-07,-0.864,793239651
2013-10-04,0.758,800153724
2013-10-03,-0.922,794133862
2013-10-02,-0.094,801521646
2013-10-01,0.792,802276664
2013-09-30,-0.532,795972605
2013-09-27,-0.459,800233473
2013-09-26,0.385,803925798
2013-09-25,-0.289,800843356
2013-09-24,-0.235,803161758
2013-09-23,-0.462,805053764
2013-09-20,-0.695,808793390
2013-09-19,-0.167,814457263
2013-09-18,1.158,815821370
2013-09-17,0.447,806483932
2013-09-16,0.579,802898028
2013-09-13,0.225,798275006
2013-09-12,-0.265,796480586
2013-09-11,0.314,798599017
2013-09-10,0.740,796097473
2013-09-09,0.958,790248846
2013-09-06,0.049,782750289
2013-09-05,0.127,782370219
2013-09-04,0.828,781377308
2013-09-03,0.453,774963125
2013-08-30,-0.316,771471756
2013-08-29,0.159,773920206
2013-08-28,0.355,772691637
2013-08-27,-1.608,769954569
2013-08-26,-0.372,782538244
2013-08-23,0.338,785458021
2013-08-22,0.912,782815217
2013-08-21,-0.616,775741258
2013-08-20,0.492,780546627
2013-08-19,-0.639,776725376
2013-08-16,-0.330,781719263
2013-08-15,-1.398,784309001
2013-08-14,-0.513,795430926
2013-08-13,0.296,799529044
2013-08-12,-0.118,797169100
2013-08-09,-0.288,798108886
2013-08-08,0.367,800415682
2013-08-07,-0.324,797490101
2013-08-06,-0.568,800079711
2013-08-05,-0.146,804649099
2013-08-02,0.170,805824528
2013-08-01,1.156,804454514
2013-07-31,0.072,795259685
2013-07-30,0.000,794691055
2013-07-29,-0.307,794688075
2013-07-26,0.107,797136217
2013-07-25,0.244,796284766
2013-07-24,-0.366,794349179
2013-07-23,-0.212,797268659
2013-07-22,0.195,798962575
2013-07-19,0.178,797404088
2013-07-18,0.548,795987020
2013-07-17,0.257,791647548
2013-07-16,-0.374,789617751
2013-07-15,0.382,792584318
2013-07-12,0.042,789564693
2013-07-11,1.362,789231787
2013-07-10,0.037,778623487
2013-07-09,0.720,778337759
2013-07-08,0.571,772772970
2013-07-05,1.079,768386580
2013-07-03,0.044,760182357
2013-07-02,-0.093,759849569
2013-07-01,0.586,760553726
2013-06-28,-0.409,756120314
2013-06-27,0.587,759228286
2013-06-26,0.990,754794912
2013-06-25,0.962,747392186
2013-06-24,-1.263,740272314
2013-06-21,0.320,749743217
2013-06-20,-2.477,747353385
2013-06-19,-1.381,766339028
2013-06-18,0.791,777072790
2013-06-17,0.773,770974865
2013-06-14,-0.627,765064524
2013-06-13,1.521,769890743
2013-06-12,-0.827,758354349
2013-06-11,-1.031,764680845
2013-06-10,0.000,772648226
2013-06-07,1.272,772645329
2013-06-06,0.906,762937553
2013-06-05,-1.400,756089731
2013-06-04,-0.480,766823130
2013-06-03,0.551,770524006
2013-05-31,-1.435,766301668
2013-05-30,0.370,777456850
2013-05-29,-0.649,774594108
2013-05-28,0.599,779654484
2013-05-24,-0.084,775010237
2013-05-23,-0.289,775663677
2013-05-22,-0.741,777911090
2013-05-21,0.144,783721482
2013-05-20,-0.006,782593391
2013-05-17,0.968,782637337
2013-05-16,-0.469,775133442
2013-05-15,0.539,778787240
2013-05-14,1.034,774611941
2013-05-13,0.080,766686235
2013-05-10,0.326,766073916
2013-05-09,-0.281,763586397
2013-05-08,0.455,765740011
2013-05-07,0.507,762268036
2013-05-06,0.254,758421050
2013-05-03,1.014,756496150
2013-05-02,0.929,748898874
2013-05-01,-0.876,742004841
2013-04-30,0.239,748565104
2013-04-29,0.670,746780906
2013-04-26,-0.176,741808979
2013-04-25,0.406,743118792
2013-04-24,0.064,740115800
2013-04-23,1.031,739644244
2013-04-22,0.444,732094137
2013-04-19,0.870,728856832
2013-04-18,-0.625,722572514
2013-04-17,-1.461,727116904
2013-04-16,1.477,737895921
2013-04-15,-2.317,727158327
2013-04-12,-0.245,744406260
2013-04-11,0.328,746231657
2013-04-10,1.225,743791284
2013-04-09,0.346,734788251
2013-04-08,0.677,732254187
2013-04-05,-0.449,727329469
2013-04-04,0.406,730608044
2013-04-03,-1.014,727652143
2013-04-02,0.494,735102601
2013-04-01,-0.395,731490453
2013-03-28,0.308,734393962
2013-03-27,0.000,732141215
2013-03-26,0.801,732138470
2013-03-25,-0.417,726323285
2013-03-22,0.804,729367393
2013-03-21,-0.854,723552262
2013-03-20,0.699,729783788
2013-03-19,-0.232,724718680
2013-03-18,-0.552,726403413
2013-03-15,-0.131,730431806
2013-03-14,0.533,731391684
2013-03-13,0.142,727515716
2013-03-12,-0.224,726486354
2013-03-11,0.380,728116905
2013-03-08,0.427,725360949
2013-03-07,0.182,722278361
2013-03-06,0.136,720969047
2013-03-05,0.896,719986393
2013-03-04,0.533,713590706
2013-03-01,0.330,709808249
2013-02-28,-0.197,707472397
2013-02-27,1.260,708869653
2013-02-26,0.685,700047604
2013-02-25,-1.902,695285325
2013-02-22,0.978,708768351
2013-02-21,-0.608,701906244
2013-02-20,-1.246,706196584
2013-02-19,0.750,715106486
2013-02-15,-0.118,709784292
2013-02-14,0.092,710621550
2013-02-13,0.086,709965617
2013-02-12,0.165,709356350
2013-02-11,-0.019,708187148
2013-02-08,0.557,708324476
2013-02-07,-0.132,704402268
2013-02-06,0.073,705332849
2013-02-05,1.010,704816933
2013-02-04,-1.124,697768507
2013-02-01,1.029,705698199
2013-01-31,-0.246,698509841
2013-01-30,-0.391,700233652
2013-01-29,0.394,702983973
2013-01-28,-0.119,700228400
2013-01-25,0.563,701065650
2013-01-24,0.027,697143615
2013-01-23,0.161,696954363
2013-01-22,0.540,695831928
2013-01-18,0.223,692096593
2013-01-17,0.646,690554254
2013-01-16,-0.013,686119086
2013-01-15,0.068,686209830
2013-01-14,-0.068,685740673
2013-01-11,-0.006,686204683
2013-01-10,0.795,686248768
2013-01-09,0.255,680833884
2013-01-08,-0.287,679104997
2013-01-07,-0.273,681062066
2013-01-04,0.440,682925805
2013-01-03,-0.226,679937186
2013-01-02,2.563,681474316
2012-12-31,1.700,664442028
2012-12-28,-1.080,653335258
2012-12-27,-0.134,660471245
2012-12-26,-0.421,661355238
2012-12-24,-0.308,664152124
2012-12-21,-0.901,666202494
2012-12-20,0.576,672259995
2012-12-19,-0.743,668412576
2012-12-18,1.113,673413051
2012-12-17,1.176,665998729
2012-12-14,-0.371,658260198
2012-12-13,-0.613,660712868
2012-12-12,0.049,664786833
2012-12-11,0.681,664460079
2012-12-10,0.043,659964269
2012-12-07,0.303,659683858
2012-12-06,0.340,657689517
2012-12-05,0.177,655463578
2012-12-04,-0.141,654303066
2012-12-03,-0.492,655227052
2012-11-30,0.021,658467122
2012-11-29,0.467,658325688
2012-11-28,0.806,655266002
2012-11-27,-0.510,650029238
2012-11-26,-0.212,653361921
2012-11-23,1.363,654749100
2012-11-21,0.187,645945696
2012-11-20,0.044,644738938
2012-11-19,2.024,644458598
2012-11-16,0.494,631671789
2012-11-15,-0.169,628565974
2012-11-14,-1.350,629628975
2012-11-13,-0.347,638242085
2012-11-12,0.080,640463031
2012-11-09,0.087,639951116
2012-11-08,-1.202,639392886
2012-11-07,-2.266,647172087
2012-11-06,0.783,662176972
2012-11-05,0.205,657033114
2012-11-02,-0.889,655687414
2012-11-01,1.047,661567384
2012-10-31,0.000,654709814
2012-10-26,-0.056,654707359
2012-10-25,0.291,655075446
2012-10-24,-0.282,653173966
2012-10-23,-1.387,655024216
2012-10-22,0.014,664238902
2012-10-19,-1.666,664143777
2012-10-18,-0.260,675396306
2012-10-17,0.454,677153810
2012-10-16,1.014,674094375
2012-10-15,0.833,667329648
2012-10-12,-0.327,661815511
2012-10-11,0.056,663989885
2012-10-10,-0.638,663616868
2012-10-09,-0.988,667875427
2012-10-08,-0.342,674542364
2012-10-05,0.007,676855603
2012-10-04,0.717,676806750
2012-10-03,0.409,671987448
2012-10-02,0.104,669252351
2012-10-01,0.264,668555120
2012-09-28,-0.463,666792662
2012-09-27,0.943,669893222
2012-09-26,-0.562,663638297
2012-09-25,-1.064,667387242
2012-09-24,-0.150,674563382
2012-09-21,-0.041,675579753
2012-09-20,0.007,675856157
2012-09-19,0.055,675807555
2012-09-18,-0.081,675436485
2012-09-17,-0.339,675986754
2012-09-14,0.444,678287550
2012-09-13,1.524,675290687
2012-09-12,0.334,665153573
2012-09-11,0.279,662939905
2012-09-10,-0.568,661094781
2012-09-07,0.390,664869695
2012-09-06,2.030,662287528
2012-09-05,-0.085,649110333
2012-09-04,-0.092,649660682
2012-08-31,0.477,650257092
2012-08-30,-0.720,647168305
2012-08-29,0.078,651864481
2012-08-28,-0.099,651355326
2012-08-27,0.022,651997785
2012-08-24,0.605,651857147
2012-08-23,-0.818,647939259
2012-08-22,0.043,653280238
2012-08-21,-0.302,653001406
2012-08-20,0.007,654979689
2012-08-17,0.134,654931169
2012-08-16,0.738,654053513
2012-08-15,0.114,649260508
2012-08-14,0.015,648521068
2012-08-13,-0.049,648426510
2012-08-10,0.164,648746516
2012-08-09,0.086,647684650
2012-08-08,0.122,647129476
2012-08-07,0.502,646343995
2012-08-06,0.194,643117246
2012-08-03,1.984,641871170
2012-08-02,-0.690,629386108
2012-08-01,-0.087,633759570
2012-07-31,-0.699,634309927
2012-07-30,0.000,638775459
2012-07-27,1.844,638773064
2012-07-26,1.650,627209459
2012-07-25,0.023,617027753
2012-07-24,-0.858,616887259
2012-07-23,-1.011,622227914
2012-07-20,-0.914,628581848
2012-07-19,0.262,634383016
2012-07-18,0.741,632722493
2012-07-17,0.687,628068123
2012-07-16,-0.235,623782261
2012-07-13,1.678,625253811
2012-07-12,-0.484,614934279
2012-07-11,0.015,617925788
2012-07-10,-0.872,617831354
2012-07-09,-0.125,623263923
2012-07-06,-0.950,624044574
2012-07-05,-0.451,630029774
2012-07-03,0.660,632882997
2012-07-02,0.302,628735435
2012-06-29,2.493,626844720
2012-06-28,-0.285,611597398
2012-06-27,0.902,613345276
2012-06-26,0.503,607862196
2012-06-25,-1.603,604820168
2012-06-22,0.771,614674017
2012-06-21,-2.243,609973954
2012-06-20,-0.162,623972775
2012-06-19,0.968,624983669
2012-06-18,0.194,618994054
2012-06-15,1.018,617794283
2012-06-14,1.060,611568353
2012-06-13,-0.639,605151215
2012-06-12,1.149,609043658
2012-06-11,-1.269,602122558
2012-06-08,0.796,609863846
2012-06-07,0.061,605050498
2012-06-06,2.247,604681673
2012-06-05,0.758,591391811
2012-06-04,-0.046,586945139
2012-06-01,-2.517,587217852
2012-05-31,-0.220,602381663
2012-05-30,-1.451,603708144
2012-05-29,1.212,612594655
2012-05-25,-0.324,605261436
2012-05-24,0.197,607229344
2012-05-23,0.053,606035801
2012-05-22,0.175,605712805
2012-05-21,1.719,604656729
2012-05-18,-0.856,594437181
2012-05-17,-1.483,599566482
2012-05-16,-0.382,608590193
2012-05-15,-0.574,610924571
2012-05-14,-1.106,614450167
2012-05-11,-0.301,621320343
2012-05-10,0.207,623196484
2012-05-09,-0.593,621911293
2012-05-08,-0.401,625620059
2012-05-07,0.073,628137584
2012-05-04,-1.615,627677072
2012-05-03,-0.762,637983205
2012-05-02,-0.298,642883052
2012-05-01,0.622,644804878
2012-04-30,-0.370,640816557
2012-04-27,0.164,643196524
2012-04-26,0.697,642140375
2012-04-25,1.370,637693964
2012-04-24,0.381,629078484
2012-04-23,-0.841,626693791
2012-04-20,0.167,632005859
2012-04-19,-0.642,630949772
2012-04-18,-0.338,635024817
2012-04-17,1.482,637175667
2012-04-16,-0.065,627873185
2012-04-13,-1.188,628283148
2012-04-12,1.307,635839924
2012-04-11,0.810,627637057
2012-04-10,-1.678,622595319
2012-04-09,-1.123,633221463
2012-04-05,-0.050,640411609
2012-04-04,-0.991,640729892
2012-04-03,-0.409,647141154
2012-04-02,0.732,649795806
2012-03-30,0.414,645074781
2012-03-29,-0.170,642415302
2012-03-28,-0.495,643512362
2012-03-27,-0.310,646716720
2012-03-26,1.404,648729973
2012-03-23,0.324,639748646
2012-03-22,-0.720,637684773
2012-03-21,-0.163,642309227
2012-03-20,-0.291,643360452
2012-03-19,0.392,645236249
2012-03-16,0.138,642714289
2012-03-15,0.579,641827545
2012-03-14,-0.107,638130735
2012-03-13,1.803,638812488
2012-03-12,0.008,627498917
2012-03-09,0.387,627450955
2012-03-08,0.995,625031312
2012-03-07,0.698,618871745
2012-03-06,-1.462,614582188
2012-03-05,-0.407,623701628
2012-03-02,-0.305,626253368
2012-03-01,0.519,628166571
2012-02-29,-0.392,624926033
2012-02-28,0.292,627386523
2012-02-27,0.168,625559856
2012-02-24,0.220,624508533
2012-02-23,0.441,623137965
2012-02-22,-0.322,620399187
2012-02-21,0.044,622403577
2012-02-17,0.265,622127601
2012-02-16,1.108,620483421
2012-02-15,-0.466,613685700
2012-02-14,-0.125,616556608
2012-02-13,0.745,617329604
2012-02-10,-0.738,612766673
2012-02-09,0.126,617324974
2012-02-08,0.297,616547360
2012-02-07,0.253,614720822
2012-02-06,-0.067,613167931
2012-02-03,1.402,613576079
2012-02-02,0.159,605091223
2012-02-01,0.876,604131249
2012-01-31,-0.038,598884432
2012-01-30,-0.341,599110210
2012-01-27,-0.045,601160163
2012-01-26,-0.513,601431535
2012-01-25,0.837,604530359
2012-01-24,-0.114,599511658
2012-01-23,-0.257,600193467
2012-01-20,0.373,601741738
2012-01-19,0.528,599504914
2012-01-18,1.106,596356041
2012-01-17,0.388,589832563
2012-01-13,-0.517,587550205
2012-01-12,0.240,590603386
2012-01-11,0.055,589187491
2012-01-10,0.867,588866065
2012-01-09,0.243,583802009
2012-01-06,-0.257,582386155
2012-01-05,0.267,583888834
2012-01-04,0.157,582336186
2012-01-03,1.594,581421971
2011-12-30,-0.491,572299514
2011-12-29,1.034,575124643
2011-12-28,-1.312,569239952
2011-12-27,0.079,576807561
2011-12-23,0.894,576349391
2011-12-22,0.886,571239971
2011-12-21,0.194,566221789
2011-12-20,3.026,565125261
2011-12-19,-1.069,548524734
2011-12-16,0.148,554450657
2011-12-15,0.362,553632361
2011-12-14,-1.064,551636534
2011-12-13,-0.934,557570382
2011-12-12,-1.459,562824502
2011-12-09,1.695,571159798
2011-12-08,-2.193,561642173
2011-12-07,0.373,574236706
2011-12-06,0.032,572104913
2011-12-05,1.090,571921522
2011-12-02,-0.088,565757062
2011-12-01,-0.016,566253361
2011-11-30,4.115,566341859
2011-11-29,0.284,543956279
2011-11-28,2.897,542413683
2011-11-25,-0.188,527142076
2011-11-23,-2.206,528136922
2011-11-22,-0.392,540051461
2011-11-21,-1.902,542178996
2011-11-18,-0.106,552688795
2011-11-17,-1.587,553275745
2011-11-16,-1.586,562199597
2011-11-15,0.495,571259310
2011-11-14,-0.947,568448014
2011-11-11,1.883,573882933
2011-11-10,0.942,563278570
2011-11-09,-3.691,558020680
2011-11-08,1.283,579404082
2011-11-07,0.622,572062000
2011-11-04,-0.610,568525837
2011-11-03,1.823,572012402
2011-11-02,1.632,561770744
2011-11-01,-2.788,552752463
2011-10-31,-2.410,568607922
2011-10-28,-0.023,582650979
2011-10-27,3.484,582784715
2011-10-26,1.016,563164717
2011-10-25,-1.944,557499285
2011-10-24,1.226,568551952
2011-10-21,1.899,561663275
2011-10-20,0.438,551195472
2011-10-19,-1.183,548792193
2011-10-18,1.955,555359463
2011-10-17,-1.909,544710578
2011-10-14,1.710,555309991
2011-10-13,-0.198,545975037
2011-10-12,0.878,547060311
2011-10-11,0.101,542301249
2011-10-10,3.345,541755559
2011-10-07,-0.669,524220674
2011-10-06,1.809,527752448
2011-10-05,1.852,518372502
2011-10-04,2.193,508947321
2011-10-03,-2.845,498027182
2011-09-30,-2.499,512613101
2011-09-29,0.791,525749196
2011-09-28,-2.041,521624621
2011-09-27,1.119,532495425
2011-09-26,2.378,526604038
2011-09-23,0.603,514370298
2011-09-22,-3.232,511287788
2011-09-21,-2.945,528364909
2011-09-20,-0.116,544399947
2011-09-19,-0.995,545032135
2011-09-16,0.589,550511630
2011-09-15,1.726,547287265
2011-09-14,1.385,538000823
2011-09-13,0.917,530652447
2011-09-12,0.647,525828019
2011-09-09,-2.621,522445846
2011-09-08,-1.039,536505470
2011-09-07,2.821,542137083
2011-09-06,-0.729,527262333
2011-09-02,-2.555,531136261
2011-09-01,-1.047,545060435
2011-08-31,0.444,550827137
2011-08-30,0.264,548391390
2011-08-29,2.874,546947158
2011-08-26,1.454,531667115
2011-08-25,-1.524,524048687
2011-08-24,1.409,532158869
2011-08-23,3.291,524765833
2011-08-22,0.080,508043951
2011-08-19,-1.633,507636443
2011-08-18,-4.311,516062034
2011-08-17,0.067,539314484
2011-08-16,-0.854,538951930
2011-08-15,2.117,543591737
2011-08-12,0.674,532323165
2011-08-11,4.489,528760958
2011-08-10,-4.417,506045810
2011-08-09,4.650,529432973
2011-08-08,-6.512,505906814
2011-08-05,-0.149,541145970
2011-08-04,-4.684,541955113
2011-08-03,0.542,568586459
2011-08-02,-2.554,565519922
2011-08-01,-0.425,580344054
2011-07-29,-0.683,582820421
2011-07-28,-0.291,586828955
2011-07-27,-2.047,588539189
2011-07-26,-0.373,600839431
2011-07-25,-0.557,603090365
2011-07-22,0.067,606467872
2011-07-21,1.387,606060027
2011-07-20,-0.060,597766118
2011-07-19,1.624,598124381
2011-07-18,-0.820,588568802
2011-07-15,0.581,593433370
2011-07-14,-0.690,590006390
2011-07-13,0.335,594104856
2011-07-12,-0.432,592119890
2011-07-11,-1.808,594686206
2011-07-08,-0.709,605634015
2011-07-07,1.038,609957668
2011-07-06,0.120,603691826
2011-07-05,-0.082,602968580
2011-07-01,1.478,603461992
2011-06-30,0.957,594672825
2011-06-29,0.857,589037986
2011-06-28,1.306,584034038
2011-06-27,0.891,576506738
2011-06-24,-1.161,571412753
2011-06-23,-0.287,578124581
2011-06-22,-0.602,579789634
2011-06-21,1.371,583302129
2011-06-20,0.512,575414495
2011-06-17,0.297,572483468
2011-06-16,0.221,570788154
2011-06-15,-1.778,569530558
2011-06-14,1.269,579841053
2011-06-13,0.079,572575226
2011-06-10,-1.391,572124707
2011-06-09,0.763,580193225
2011-06-08,-0.418,575797038
2011-06-07,-0.062,578216060
2011-06-06,-1.058,578572584
2011-06-03,-0.994,584757830
2011-06-02,-0.106,590629176
2011-06-01,-2.246,591254665
2011-05-31,1.041,604837707
2011-05-27,0.384,598603280
2011-05-26,0.461,596314425
2011-05-25,0.334,593577233
2011-05-24,-0.083,591602260
2011-05-23,-1.160,592093227
2011-05-20,-0.794,599040405
2011-05-19,0.239,603835467
2011-05-18,0.894,602398499
2011-05-17,-0.015,597060955
2011-05-16,-0.634,597148385
2011-05-13,-0.770,600957034
2011-05-12,0.476,605617498
2011-05-11,-1.052,602745873
2011-05-10,0.854,609154801
2011-05-09,0.388,603996685
2011-05-06,0.442,601663097
2011-05-05,-0.904,599015694
2011-05-04,-0.663,604483051
2011-05-03,-0.359,608515722
2011-05-02,-0.154,610710231
2011-04-29,0.235,611649419
2011-04-28,0.325,610212497
2011-04-27,0.653,608237602
2011-04-26,0.861,604290123
2011-04-25,-0.104,599132219
2011-04-21,0.511,599757613
2011-04-20,1.364,596706835
2011-04-19,0.575,588679825
2011-04-18,-1.120,585315295
2011-04-15,0.365,591948058
2011-04-14,0.076,589793968
2011-04-13,-0.007,589343451
2011-04-12,-0.747,589386072
2011-04-11,-0.301,593822044
2011-04-08,-0.345,595613015
2011-04-07,-0.254,597672952
2011-04-06,0.316,599194917
2011-04-05,-0.015,597309833
2011-04-04,0.083,597397252
2011-04-01,0.423,596901892
2011-03-31,-0.135,594389232
2011-03-30,0.691,595193921
2011-03-29,0.672,591112286
2011-03-28,-0.243,587165166
2011-03-25,0.306,588597469
2011-03-24,0.957,586802137
2011-03-23,0.287,581241272
2011-03-22,-0.346,579580465
2011-03-21,1.550,581595534
2011-03-18,0.363,572717520
2011-03-17,1.324,570647391
2011-03-16,-1.851,563191406
2011-03-15,-1.145,573812098
2011-03-14,-0.603,580460332
2011-03-11,0.693,583984186
2011-03-10,-1.850,579965014
2011-03-09,-0.143,590897913
2011-03-08,0.875,591743721
2011-03-07,-0.785,586608750
2011-03-04,-0.749,591248325
2011-03-03,1.723,595709337
2011-03-02,0.214,585620244
2011-03-01,-1.667,584368353
2011-02-28,0.620,594274417
2011-02-25,1.070,590612396
2011-02-24,-0.068,584361778
2011-02-23,-0.614,584761269
2011-02-22,-2.007,588374196
2011-02-18,0.209,600422345
2011-02-17,0.299,599170431
2011-02-16,0.632,597382960
2011-02-15,-0.314,593631762
2011-02-14,0.241,595504008
2011-02-11,0.597,594073611
2011-02-10,0.038,590545618
2011-02-09,-0.226,590320255
2011-02-08,0.455,591656929
2011-02-07,0.626,588976944
2011-02-04,0.283,585315135
2011-02-03,0.223,583661663
2011-02-02,-0.191,582365235
2011-02-01,1.601,583478770
2011-01-31,0.752,574283089
2011-01-28,-1.746,569996605
2011-01-27,0.247,580125085
2011-01-26,0.387,578694810
2011-01-25,0.055,576461243
2011-01-24,0.569,576146687
2011-01-21,0.227,572886712
2011-01-20,-0.132,571590368
2011-01-19,-0.980,572346888
2011-01-18,0.171,578012383
2011-01-14,0.725,577028423
2011-01-13,-0.163,572875970
2011-01-12,0.903,573810980
2011-01-11,0.355,568676788
2011-01-10,-0.125,566666474
2011-01-07,-0.196,567378366
2011-01-06,-0.195,568491887
2011-01-05,0.520,569605399
2011-01-04,-0.055,566657974
2011-01-03,1.034,566968227
2010-12-31,0.024,561164816
2010-12-30,-0.158,561028837
2010-12-29,0.072,561919231
2010-12-28,0.144,561515501
2010-12-27,0.040,560710153
2010-12-23,-0.143,560484928
2010-12-22,0.311,561286063
2010-12-21,0.634,559543619
2010-12-20,0.242,556016230
2010-12-17,0.107,554675432
2010-12-16,0.581,554084024
2010-12-15,-0.457,550885844
2010-12-14,0.089,553414016
2010-12-13,0.065,552923651
2010-12-10,0.582,552566459
2010-12-09,0.390,549368332
2010-12-08,0.367,547235577
2010-12-07,0.057,545236006
2010-12-06,-0.105,544923237
2010-12-03,0.270,545498251
2010-12-02,1.281,544031374
2010-12-01,2.127,537149093
2010-11-30,-0.562,525961179
2010-11-29,0.303,528933225
2010-11-26,-1.164,527333267
2010-11-24,1.478,533545608
2010-11-23,-1.447,525775738
2010-11-22,-0.083,533497219
2010-11-19,0.275,533939093
2010-11-18,1.472,532472309
2010-11-17,0.051,524746947
2010-11-16,-1.558,524478657
2010-11-15,-0.141,532777026
2010-11-12,-1.183,533529601
2010-11-11,-0.376,539919255
2010-11-10,0.403,541959001
2010-11-09,-0.718,539782047
2010-11-08,-0.187,543685989
2010-11-05,0.377,544704824
2010-11-04,1.926,542661042
2010-11-03,0.402,532405958
2010-11-02,0.793,530273466
2010-11-01,0.034,526099273
2010-10-29,0.076,525919760
2010-10-28,0.017,525518324
2010-10-27,-0.286,525427584
2010-10-26,0.017,526934687
2010-10-25,0.296,526843942
2010-10-22,0.187,525288521
2010-10-21,0.221,524310103
2010-10-20,0.977,523154157
2010-10-19,-1.310,518092458
2010-10-18,0.493,524969957
2010-10-15,0.205,522393755
2010-10-14,-0.390,521326600
2010-10-13,0.778,523366263
2010-10-12,0.309,519325463
2010-10-11,0.095,517725739
2010-10-08,0.561,517235590
2010-10-07,-0.120,514348799
2010-10-06,-0.008,514968220
2010-10-05,2.014,515010671
2010-10-04,-0.750,504845299
2010-10-01,0.421,508660230
2010-09-30,-0.297,506528010
2010-09-29,-0.174,508035076
2010-09-28,0.350,508920794
2010-09-27,-0.479,507143646
2010-09-24,2.063,509582690
2010-09-23,-0.811,499284462
2010-09-22,-0.491,503365597
2010-09-21,-0.201,505849008
2010-09-20,1.529,506867855
2010-09-17,0.038,499232593
2010-09-16,-0.026,499044744
2010-09-15,0.382,499175303
2010-09-14,-0.062,497275272
2010-09-13,1.113,497582409
2010-09-10,0.505,492106824
2010-09-09,0.462,489632986
2010-09-08,0.703,487379879
2010-09-07,-1.127,483979087
2010-09-03,1.298,489495051
2010-09-02,0.932,483225041
2010-09-01,2.992,478764897
2010-08-31,0.000,464858452
2010-08-30,-1.450,464856709
2010-08-27,1.549,471696884
2010-08-26,-0.670,464500092
2010-08-25,0.389,467632367
2010-08-24,-1.484,465820836
2010-08-23,-0.381,472837468
2010-08-20,-0.324,474645459
2010-08-19,-1.739,476188593
2010-08-18,0.183,484617595
2010-08-17,1.229,483732976
2010-08-16,-0.046,477860553
2010-08-13,-0.294,478079459
2010-08-12,-0.613,479490133
2010-08-11,-2.740,482445677
2010-08-10,-0.539,496038757
2010-08-09,0.534,498729381
2010-08-06,-0.407,496079175
2010-08-05,-0.106,498107697
2010-08-04,0.669,498635493
2010-08-03,-0.479,495323241
2010-08-02,2.258,497704849
2010-07-30,-0.018,486712597
2010-07-29,-0.487,486799048
2010-07-28,-0.645,489180662
2010-07-27,-0.009,492356734
2010-07-26,1.042,492399025
2010-07-23,0.868,487321393
2010-07-22,2.233,483126541
2010-07-21,-1.299,472576000
2010-07-20,1.110,478797513
2010-07-19,0.591,473543461
2010-07-16,-2.753,470761089
2010-07-15,0.028,484088479
2010-07-14,-0.009,483954255
2010-07-13,1.509,483996577
2010-07-12,0.065,476800629
2010-07-09,0.747,476489892
2010-07-08,0.990,472957269
2010-07-07,3.150,468321290
2010-07-06,0.656,454019753
2010-07-02,-0.545,451061008
2010-07-01,-0.445,453530865
2010-06-30,-0.950,455559357
2010-06-29,-3.087,459926961
2010-06-28,-0.315,474577821
2010-06-25,0.419,476076602
2010-06-24,-1.657,474088788
2010-06-23,-0.310,482075227
2010-06-22,-1.651,483573962
2010-06-21,-0.286,491692705
2010-06-18,0.109,493103127
2010-06-17,0.161,492568564
2010-06-16,-0.035,491776083
2010-06-15,2.274,491949935
2010-06-14,-0.155,481011070
2010-06-11,0.486,481755967
2010-06-10,2.924,479426218
2010-06-09,-0.534,465808202
2010-06-08,1.072,468310073
2010-06-07,-1.245,463345022
2010-06-04,-3.513,469185016
2010-06-03,0.345,486269156
2010-06-02,2.604,484598279
2010-06-01,-1.682,472298219
2010-05-28,-1.255,480378119
2010-05-27,3.350,486481471
2010-05-26,-0.602,470711719
2010-05-25,0.103,473564861
2010-05-24,-1.283,473079949
2010-05-21,1.460,479227157
2010-05-20,-3.776,472329741
2010-05-19,-0.569,490862620
2010-05-18,-1.360,493671710
2010-05-17,0.053,500477558
2010-05-14,-1.810,500212159
2010-05-13,-1.243,509433547
2010-05-12,1.399,515843977
2010-05-11,-0.284,508727006
2010-05-10,4.404,510174453
2010-05-07,-1.487,488651909
2010-05-06,-3.321,496028559
2010-05-05,-0.595,513067385
2010-05-04,-2.351,516139802
2010-05-03,1.297,528566938
2010-04-30,-1.696,521801458
2010-04-29,1.240,530802825
2010-04-28,0.760,524300898
2010-04-27,-2.365,520346282
2010-04-26,-0.377,532948842
2010-04-23,0.653,534967071
2010-04-22,0.299,531495557
2010-04-21,-0.182,529912528
2010-04-20,0.893,530876726
2010-04-19,0.377,526175580
2010-04-16,-1.591,524197334
2010-04-15,0.083,532671350
2010-04-14,1.135,532230184
2010-04-13,0.076,526255520
2010-04-12,0.159,525858298
2010-04-09,0.657,525021916
2010-04-08,0.347,521594484
2010-04-07,-0.571,519791971
2010-04-06,0.236,522776300
2010-04-05,0.815,521544701
2010-04-01,0.684,517326854
2010-03-31,-0.340,513811685
2010-03-30,0.069,515566366
2010-03-29,0.635,515213113
2010-03-26,-0.060,511961480
2010-03-25,-0.162,512266963
2010-03-24,-0.485,513099419
2010-03-23,0.704,515600614
2010-03-22,0.535,511997715
2010-03-19,-0.503,509273124
2010-03-18,-0.051,511849783
2010-03-17,0.593,512110259
2010-03-16,0.797,509090803
2010-03-15,0.026,505065528
2010-03-12,0.009,504932438
2010-03-11,0.418,504886813
2010-03-10,0.446,502785795
2010-03-09,0.167,500553599
2010-03-08,0.018,499720825
2010-03-05,1.430,499631488
2010-03-04,0.303,492588908
2010-03-03,0.090,491100210
2010-03-02,0.277,490661060
2010-03-01,1.039,489303572
2010-02-26,0.064,484272736
2010-02-25,-0.135,483964808
2010-02-24,0.920,484618945
2010-02-23,-1.214,480200402
2010-02-22,0.018,486102123
2010-02-19,0.208,486012840
2010-02-18,0.590,485005240
2010-02-17,0.474,482161017
2010-02-16,1.574,479885294
2010-02-12,-0.083,472449570
2010-02-11,1.047,472841357
2010-02-10,-0.195,467941976
2010-02-09,1.256,468858519
2010-02-08,-0.722,463040895
2010-02-05,0.207,466406226
2010-02-04,-3.086,465442462
2010-02-03,-0.498,480264447
2010-02-02,1.211,482667667
2010-02-01,1.555,476893828
2010-01-29,-1.086,469589575
2010-01-28,-1.147,474747620
2010-01-27,0.476,480255442
2010-01-26,-0.419,477979845
2010-01-25,0.513,479989480
2010-01-22,-2.229,477538995
2010-01-21,-1.923,488425063
2010-01-20,-1.016,497999264
2010-01-19,1.250,503113339
2010-01-15,-1.122,496902383
2010-01-14,0.271,502541132
2010-01-13,0.845,501183756
2010-01-12,-0.932,496984243
2010-01-11,0.140,501660975
2010-01-08,0.333,500959493
2010-01-07,0.423,499296070
2010-01-06,0.071,497195412
2010-01-05,0.265,496843751
2010-01-04,1.696,495530157
2009-12-31,-0.959,487264423
2009-12-30,-0.035,491984792
2009-12-29,-0.142,492157843
2009-12-28,0.214,492855577
2009-12-24,0.474,491804363
2009-12-23,0.197,489485179
2009-12-22,0.360,488521433
2009-12-21,1.017,486770678
2009-12-18,0.563,481871888
2009-12-17,-1.201,479172885
2009-12-16,0.153,484998705
2009-12-15,-0.464,484257564
2009-12-14,0.684,486517194
2009-12-11,0.425,483210192
2009-12-10,0.564,481164395
2009-12-09,0.374,478466281
2009-12-08,-1.109,476681450
2009-12-07,-0.153,482028753
2009-12-04,0.571,482766248
2009-12-03,-0.782,480024680
2009-12-02,-0.045,483806340
2009-12-01,1.237,484021965
2009-11-30,0.338,478105820
2009-11-27,-1.625,476494987
2009-11-25,0.352,484364419
2009-11-24,0.154,482666600
2009-11-23,1.271,481925510
2009-11-20,-0.355,475879023
2009-11-19,-1.303,477573221
2009-11-18,-0.062,483876984
2009-11-17,0.117,484179575
2009-11-16,1.451,483612438
2009-11-13,0.542,476696335
2009-11-12,-1.016,474128878
2009-11-11,0.511,478997506
2009-11-10,0.019,476560516
2009-11-09,2.278,476471758
2009-11-06,0.262,465859562
2009-11-05,1.840,464640232
2009-11-04,0.258,456245893
2009-11-03,0.317,455070092
2009-11-02,0.734,453633393
2009-10-30,-2.897,450326872
2009-10-29,2.146,463761833
2009-10-28,-1.888,454019646
2009-10-27,-0.458,462758223
2009-10-26,-1.082,464887194
2009-10-23,-1.143,469973038
2009-10-22,1.017,475406711
2009-10-21,-0.897,470621763
2009-10-20,-0.528,474881347
2009-10-19,0.827,477401580
2009-10-16,-0.747,473486335
2009-10-15,0.366,477050138
2009-10-14,1.722,475309049
2009-10-13,-0.204,467263033
2009-10-12,0.392,468217888
2009-10-09,0.610,466389888
2009-10-08,0.766,463561818
2009-10-07,0.275,460038062
2009-10-06,1.433,458775373
2009-10-05,1.493,452294928
2009-10-02,-0.466,445640607
2009-10-01,-2.481,447726026
2009-09-30,-0.386,459116337
2009-09-29,-0.301,460897325
2009-09-28,1.791,462286974
2009-09-25,-0.533,454154407
2009-09-24,-1.102,456587597
2009-09-23,-0.831,461673053
2009-09-22,0.583,465541032
2009-09-21,-0.253,462843543
2009-09-18,0.064,464015756
2009-09-17,-0.149,463718329
2009-09-16,1.514,464408960
2009-09-15,0.418,457483544
2009-09-14,0.487,455577825
2009-09-11,-0.019,453369211
2009-09-10,1.022,453454056
2009-09-09,0.768,448865489
2009-09-08,0.863,445445305
2009-09-04,1.401,441635699
2009-09-03,0.832,435532713
2009-09-02,-0.379,431939531
2009-09-01,-2.205,433582228
2009-08-31,-0.890,443359928
2009-08-28,-0.019,447339215
2009-08-27,0.223,447424079
2009-08-26,0.010,446427171
2009-08-25,0.195,446382227
2009-08-24,-0.009,445515142
2009-08-21,1.961,445556742
2009-08-20,1.031,436987568
2009-08-19,0.878,432529113
2009-08-18,0.794,428763010
2009-08-17,-2.460,425386363
2009-08-14,-0.768,436115621
2009-08-13,0.764,439488999
2009-08-12,1.073,436155619
2009-08-11,-1.247,431524192
2009-08-10,-0.207,436974457
2009-08-07,1.312,437881462
2009-08-06,-0.518,432211634
2009-08-05,-0.288,434459972
2009-08-04,0.259,435713123
2009-08-03,1.650,434586518
2009-07-31,0.142,427532204
2009-07-30,1.045,426924851
2009-07-29,-0.245,422509970
2009-07-28,-0.467,423546792
2009-07-27,0.296,425535495
2009-07-24,0.410,424279152
2009-07-23,2.209,422546908
2009-07-22,-0.021,413416020
2009-07-21,0.463,413500990
2009-07-20,1.063,411595701
2009-07-17,1.096,407267524
2009-07-16,-0.160,402852864
2009-07-15,2.925,403500348
2009-07-14,0.566,392033379
2009-07-13,2.433,389825346
2009-07-10,-0.238,380565064
2009-07-09,0.194,381472205
2009-07-08,-0.068,380735275
2009-07-07,-1.937,380993429
2009-07-06,-0.011,388520111
2009-07-02,-2.729,388561897
2009-07-01,0.414,399463125
2009-06-30,-0.809,397817558
2009-06-29,0.937,401060884
2009-06-26,-0.260,397338665
2009-06-25,2.175,398375535
2009-06-24,0.862,389894351
2009-06-23,0.079,386561572
2009-06-22,-2.998,386257282
2009-06-19,0.367,398196501
2009-06-18,0.732,396740085
2009-06-17,-0.098,393856217
2009-06-16,-1.356,394241908
2009-06-15,-2.292,399661013
2009-06-12,0.275,409037925
2009-06-11,0.445,407917860
2009-06-10,-0.253,406109503
2009-06-09,0.510,407140441
2009-06-08,-0.412,405073996
2009-06-05,0.022,406750230
2009-06-04,0.940,406662649
2009-06-03,-1.265,402875455
2009-06-02,0.085,408036201
2009-06-01,2.421,407690516
2009-05-29,1.771,398052824
2009-05-28,1.394,391125354
2009-05-27,-1.785,385746599
2009-05-26,2.562,392757131
2009-05-22,-0.213,382947532
2009-05-21,-1.436,383763443
2009-05-20,-0.669,389354312
2009-05-19,-0.120,391976924
2009-05-18,2.841,392448645
2009-05-15,-0.816,381606827
2009-05-14,0.857,384745651
2009-05-13,-2.517,381474918
2009-05-12,-0.296,391324314
2009-05-11,-1.871,392484280
2009-05-08,2.334,399967678
2009-05-07,-1.389,390846733
2009-05-06,1.734,396351312
2009-05-05,-0.341,389596336
2009-05-04,3.402,390928350
2009-05-01,0.538,378065238
2009-04-30,0.035,376042092
2009-04-29,2.127,375911640
2009-04-28,-0.314,368081489
2009-04-27,-0.946,369241494
2009-04-24,1.511,372767355
2009-04-23,0.982,367217068
2009-04-22,-0.611,363645484
2009-04-21,1.954,365880850
2009-04-20,-4.191,358868184
2009-04-17,0.671,374566941
2009-04-16,1.467,372070728
2009-04-15,1.067,366692628
2009-04-14,-1.724,362820031
2009-04-13,0.024,369184658
2009-04-09,3.975,369097230
2009-04-08,1.078,354987587
2009-04-07,-2.332,351201140
2009-04-06,-0.783,359587276
2009-04-03,0.995,362424771
2009-04-02,2.924,358853378
2009-04-01,1.937,348658134
2009-03-31,0.927,342032969
2009-03-30,-3.455,338891837
2009-03-27,-1.804,351019867
2009-03-26,2.038,357470283
2009-03-25,1.055,350329035
2009-03-24,-1.970,346671771
2009-03-23,7.183,353638276
2009-03-20,-2.113,329937929
2009-03-19,-1.238,337061206
2009-03-18,2.239,341287043
2009-03-17,3.059,333813627
2009-03-16,-0.302,323906497
2009-03-13,0.782,324887306
2009-03-12,3.938,322366955
2009-03-11,0.652,310154315
2009-03-10,5.961,308146382
2009-03-09,-1.175,290810264
2009-03-06,0.175,294267603
2009-03-05,-4.084,293754161
2009-03-04,2.369,306263133
2009-03-03,-0.750,299174379
2009-03-02,-4.504,301436146
2009-02-27,-2.234,315652796
2009-02-26,-1.626,322867223
2009-02-25,-0.787,328202973
2009-02-24,3.791,330806169
2009-02-23,-3.578,318722135
2009-02-20,-0.972,330547494
2009-02-19,-1.075,333791086
2009-02-18,-0.239,337418895
2009-02-17,-4.277,338228838
2009-02-13,-1.075,353341445
2009-02-12,0.072,357182624
2009-02-11,0.590,356925093
2009-02-10,-4.581,354831758
2009-02-09,0.138,371865282
2009-02-06,2.850,371351584
2009-02-05,1.488,361061024
2009-02-04,-0.489,355765693
2009-02-03,1.405,357514766
2009-02-02,-0.301,352561042
2009-01-30,-2.034,353627043
2009-01-29,-3.249,360968881
2009-01-28,3.384,373092215
2009-01-27,1.016,360880770
2009-01-26,0.686,357250575
2009-01-23,0.435,354815787
2009-01-22,-1.546,353277541
2009-01-21,4.320,358826166
2009-01-20,-5.278,343968105
2009-01-16,0.782,363135293
2009-01-15,0.036,360316319
2009-01-14,-3.145,360186899
2009-01-13,0.184,371882879
2009-01-12,-2.402,371198414
2009-01-09,-2.142,380332826
2009-01-08,0.408,388656076
2009-01-07,-2.995,387075061
2009-01-06,0.668,399026881
2009-01-05,-0.118,396378589
2009-01-02,3.015,396846696
2008-12-31,1.428,385233595
2008-12-30,2.371,379810587
2008-12-29,-0.286,371015156
2008-12-26,0.577,372080996
2008-12-24,0.581,369945145
2008-12-23,-1.033,367809311
2008-12-22,-1.281,371649896
2008-12-19,-0.426,376472333
2008-12-18,-1.868,378082749
2008-12-17,-0.968,385279614
2008-12-16,4.707,389046670
2008-12-15,-1.393,371557729
2008-12-12,1.194,376806790
2008-12-11,-2.408,372359454
2008-12-10,0.682,381546294
2008-12-09,-1.648,378961999
2008-12-08,3.492,385311848
2008-12-05,3.084,372311517
2008-12-04,-2.313,361174320
2008-12-03,2.405,369725902
2008-12-02,3.849,361044562
2008-12-01,-8.857,347663461
2008-11-28,1.259,381450135
2008-11-26,3.864,376706568
2008-11-25,0.741,362690449
2008-11-24,6.929,360021624
2008-11-21,5.395,336690796
2008-11-20,-7.423,319457119
2008-11-19,-6.408,345071581
2008-11-18,1.884,368695872
2008-11-17,-1.327,361877811
2008-11-14,-4.990,366745497
2008-11-13,6.234,386008463
2008-11-12,-4.400,363355601
2008-11-11,-3.087,380078108
2008-11-10,-1.310,392185574
2008-11-07,3.302,397391770
2008-11-06,-5.541,384688740
2008-11-05,-4.202,407253614
2008-11-04,3.399,425118787
2008-11-03,0.290,411145647
2008-10-31,0.551,409958651
2008-10-30,3.460,407713222
2008-10-29,-0.725,394079011
2008-10-28,11.686,396956473
2008-10-27,-3.550,355422164
2008-10-24,-5.071,368502994
2008-10-23,1.159,388188263
2008-10-22,-5.445,383741439
2008-10-21,-2.985,405839687
2008-10-20,6.008,418327386
2008-10-17,-0.597,394617530
2008-10-16,4.166,396986862
2008-10-15,-9.844,381109402
2008-10-14,-1.480,422724017
2008-10-13,14.520,429072769
2008-10-10,-2.425,374670118
2008-10-09,-6.984,383982463
2008-10-08,-2.519,412811258
2008-10-07,-4.478,423478105
2008-10-06,-5.093,443331539
2008-10-03,-1.350,467121911
2008-10-02,-3.627,473512671
2008-10-01,0.061,491333632
2008-09-30,4.139,491035451
2008-09-29,-7.836,471517640
2008-09-26,0.050,511605993
2008-09-25,1.564,511350086
2008-09-24,0.321,503474134
2008-09-23,-2.275,501863592
2008-09-22,-2.264,513545644
2008-09-19,3.949,525439316
2008-09-18,2.968,505478764
2008-09-17,-4.496,490910839
2008-09-16,1.674,514020896
2008-09-15,-4.758,505557253
2008-09-12,0.462,530814083
2008-09-11,1.447,528370450
2008-09-10,0.406,520833000
2008-09-09,-2.968,518726177
2008-09-08,2.066,534594880
2008-09-05,0.315,523773923
2008-09-04,-3.010,522130183
2008-09-03,-0.086,538335472
2008-09-02,-0.621,538796520
2008-08-29,-1.075,542162195
2008-08-28,1.213,548053681
2008-08-27,0.974,541484641
2008-08-26,0.292,536262684
2008-08-25,-2.028,534703119
2008-08-22,1.448,545772260
2008-08-21,0.173,537982583
2008-08-20,0.465,537054463
2008-08-19,-1.090,534568816
2008-08-18,-1.367,540460120
2008-08-15,0.487,547950976
2008-08-14,0.755,545296934
2008-08-13,-0.603,541211776
2008-08-12,-1.040,544493105
2008-08-11,1.036,550215884
2008-08-08,1.858,544573163
2008-08-07,-1.489,534636983
2008-08-06,0.444,542716944
2008-08-05,2.697,540315607
2008-08-04,-0.927,526128073
2008-08-01,-0.528,531051041
2008-07-31,-1.322,533869281
2008-07-30,1.782,541023073
2008-07-29,2.136,531550159
2008-07-28,-1.466,520435701
2008-07-25,-0.024,528178788
2008-07-24,-2.075,528303080
2008-07-23,0.542,539497605
2008-07-22,1.135,536591252
2008-07-21,0.056,530570102
2008-07-18,0.623,530273470
2008-07-17,1.001,526988315
2008-07-16,2.455,521767013
2008-07-15,-1.409,509263950
2008-07-14,-0.904,516543812
2008-07-11,-1.165,521256038
2008-07-10,0.409,527399366
2008-07-09,-1.925,525250758
2008-07-08,1.776,535560937
2008-07-07,-1.021,526214878
2008-07-03,0.103,531642537
2008-07-02,-1.713,531093382
2008-07-01,0.313,540351172
2008-06-30,0.353,538665551
2008-06-27,-0.546,536769486
2008-06-26,-2.716,539713715
2008-06-25,0.473,554779628
2008-06-24,-0.197,552168045
2008-06-23,-0.098,553260264
2008-06-20,-1.615,553805363
2008-06-19,0.127,562893535
2008-06-18,-0.973,562179550
2008-06-17,-0.484,567705005
2008-06-16,0.059,570466587
2008-06-13,1.265,570129440
2008-06-12,0.381,563008601
2008-06-11,-1.471,560870904
2008-06-10,-0.497,569243695
2008-06-09,0.243,572088984
2008-06-06,-3.189,570704984
2008-06-05,2.000,589504292
2008-06-04,-0.050,577944922
2008-06-03,-0.583,578235837
2008-06-02,-1.033,581625416
2008-05-30,0.250,587694923
2008-05-29,0.503,586227132
2008-05-28,0.462,583293832
2008-05-27,0.741,580611784
2008-05-23,-1.340,576338566
2008-05-22,0.015,584166561
2008-05-21,-1.691,584080667
2008-05-20,-0.811,594127796
2008-05-19,0.274,598982749
2008-05-16,0.092,597347501
2008-05-15,1.251,596800906
2008-05-14,0.207,589429281
2008-05-13,0.015,588212764
2008-05-12,1.123,588126862
2008-05-09,-0.186,581592699
2008-05-08,-0.258,582679207
2008-05-07,-1.781,584184372
2008-05-06,0.867,594775463
2008-05-05,-0.480,589665023
2008-05-02,0.277,592509968
2008-05-01,2.069,590874808
2008-04-30,-0.589,578897752
2008-04-29,-0.394,582328943
2008-04-28,0.022,584629608
2008-04-25,0.926,584501811
2008-04-24,0.436,579140335
2008-04-23,-0.159,576625981
2008-04-22,-0.440,577544944
2008-04-21,0.051,580096789
2008-04-18,1.044,579801503
2008-04-17,0.147,573812140
2008-04-16,2.710,572972630
2008-04-15,0.234,557856003
2008-04-14,-0.337,556555947
2008-04-11,-1.941,558437972
2008-04-10,0.140,569488993
2008-04-09,-0.723,568691362
2008-04-08,-0.102,572834139
2008-04-07,0.052,573418134
2008-04-04,-0.109,573122880
2008-04-03,0.249,573748712
2008-04-02,0.066,572323101
2008-04-01,3.516,571944171
2008-03-31,0.350,552515913
2008-03-28,-0.956,550587958
2008-03-27,-0.315,555902931
2008-03-26,-1.223,557659217
2008-03-25,0.097,564565052
2008-03-24,1.999,564018658
2008-03-20,1.843,552964007
2008-03-19,-2.477,542954702
2008-03-18,4.155,556743069
2008-03-17,-1.010,534534742
2008-03-14,-1.549,539990525
2008-03-13,0.221,548487601
2008-03-12,-0.935,547277368
2008-03-11,3.594,552441436
2008-03-10,-1.318,533274847
2008-03-07,-1.030,540397041
2008-03-06,-2.069,546019296
2008-03-05,0.632,557557492
2008-03-04,-0.382,554055863
2008-03-03,-0.239,556178483
2008-02-29,-2.228,557509579
2008-02-28,-0.976,570213993
2008-02-27,-0.101,575836072
2008-02-26,0.750,576417160
2008-02-25,1.261,572123985
2008-02-22,0.616,564997913
2008-02-21,-0.831,561538002
2008-02-20,0.296,566243485
2008-02-19,0.282,564574997
2008-02-15,-0.022,562989795
2008-02-14,-0.880,563112658
2008-02-13,1.023,568109647
2008-02-12,0.927,562358599
2008-02-11,0.511,557190758
2008-02-08,-0.642,554355898
2008-02-07,0.662,557936405
2008-02-06,-0.805,554268407
2008-02-05,-2.677,558765438
2008-02-04,-1.261,574135219
2008-02-01,1.609,581464857
2008-01-31,1.824,572256258
2008-01-30,-0.735,562006352
2008-01-29,0.496,566170000
2008-01-28,1.654,563376836
2008-01-25,-1.444,554210078
2008-01-24,0.845,562331183
2008-01-23,2.402,557621823
2008-01-22,-1.014,544539503
2008-01-18,-1.026,550119436
2008-01-17,-2.591,555824288
2008-01-16,-0.861,570610205
2008-01-15,-2.201,575565155
2008-01-14,0.807,588518014
2008-01-11,-0.806,583808677
2008-01-10,0.656,588555230
2008-01-09,1.051,584720724
2008-01-08,-1.614,578636885
2008-01-07,-0.085,588132094
2008-01-04,-2.450,588629732
2008-01-03,-0.048,603415024
2008-01-02,-0.875,603704311
2007-12-31,-0.740,609033891
2007-12-28,-0.250,613571923
2007-12-27,-1.257,615110809
2007-12-26,0.215,622939495
2007-12-24,0.743,621604203
2007-12-21,1.435,617019992
2007-12-20,0.631,608293539
2007-12-19,0.000,604479101
2007-12-18,0.559,604476834
2007-12-17,-1.427,601118238
2007-12-14,-1.268,609817530
2007-12-13,-0.207,617646638
2007-12-12,0.987,618928819
2007-12-11,-2.742,612876932
2007-12-10,0.776,630153222
2007-12-07,-0.019,625302934
2007-12-06,1.432,625424886
2007-12-05,1.674,616596864
2007-12-04,-0.893,606443022
2007-12-03,-0.659,611910096
2007-11-30,1.006,615968434
2007-11-29,0.034,609833787
2007-11-28,3.199,609624378
2007-11-27,1.150,590728153
2007-11-26,-2.206,584013597
2007-11-23,1.730,597187384
2007-11-21,-2.046,587033855
2007-11-20,0.613,599295986
2007-11-19,-1.392,595647590
2007-11-16,0.172,604056280
2007-11-15,-1.442,603018190
2007-11-14,-0.277,611841146
2007-11-13,3.048,613537608
2007-11-12,-0.992,595387834
2007-11-09,-1.372,601351873
2007-11-08,-0.507,609718948
2007-11-07,-2.735,612824067
2007-11-06,1.347,630057456
2007-11-05,-0.760,621685862
2007-11-02,0.113,626448140
2007-11-01,-2.340,625741464
2007-10-31,1.039,640737223
2007-10-30,-0.694,634147286
2007-10-29,0.332,638578052
2007-10-26,1.173,636462644
2007-10-25,0.238,629085602
2007-10-24,-0.184,627591745
2007-10-23,0.811,628749437
2007-10-22,0.582,623692586
2007-10-19,-2.615,620085854
2007-10-18,-0.363,636738361
2007-10-17,0.306,639056030
2007-10-16,-0.793,637106439
2007-10-15,-0.844,642199852
2007-10-12,0.554,647666136
2007-10-11,-0.480,644100799
2007-10-10,-0.166,647205556
2007-10-09,0.942,648280257
2007-10-08,-0.532,642229277
2007-10-05,1.189,645665441
2007-10-04,0.156,638081626
2007-10-03,-0.201,637084936
2007-10-02,-0.136,638366804
2007-10-01,1.128,639234424
2007-09-28,-0.333,632106456
2007-09-27,0.592,634216866
2007-09-26,0.529,630486046
2007-09-25,-0.197,627169489
2007-09-24,-0.184,628409963
2007-09-21,0.269,629567557
2007-09-20,-0.704,627879962
2007-09-19,0.591,632330631
2007-09-18,2.944,628617452
2007-09-17,-0.537,610638233
2007-09-14,-0.006,613934387
2007-09-13,0.704,613973357
2007-09-12,0.258,609683008
2007-09-11,1.166,608113996
2007-09-10,-0.191,601102472
2007-09-07,-1.390,602254727
2007-09-06,0.230,610745890
2007-09-05,-0.865,609341728
2007-09-04,1.010,614658141
2007-08-31,0.986,608512574
2007-08-30,-0.266,602573218
2007-08-29,1.963,604178903
2007-08-28,-2.198,592550003
2007-08-27,-0.930,605864783
2007-08-24,1.236,611552135
2007-08-23,-0.088,604087427
2007-08-22,1.187,604621094
2007-08-21,0.201,597527513
2007-08-20,-0.048,596329673
2007-08-17,1.837,596616068
2007-08-16,0.752,585853296
2007-08-15,-1.377,581480885
2007-08-14,-1.528,589600584
2007-08-13,0.360,598750908
2007-08-10,-0.467,596604880
2007-08-09,-2.963,599406067
2007-08-08,1.394,617708685
2007-08-07,1.067,609213616
2007-08-06,1.676,602779957
2007-08-03,-2.574,592842047
2007-08-02,0.799,608505919
2007-08-01,0.488,603680097
2007-07-31,-1.126,600750804
2007-07-30,1.565,607592095
2007-07-27,-1.966,598231517
2007-07-26,-2.368,610225982
2007-07-25,0.205,625023672
2007-07-24,-1.734,623743347
2007-07-23,0.307,634748152
2007-07-20,-1.012,632808186
2007-07-19,0.389,639278164
2007-07-18,-0.181,636802252
2007-07-17,-0.051,637954151
2007-07-16,-0.013,638281563
2007-07-13,0.298,638361634
2007-07-12,1.579,636462898
2007-07-11,0.709,626566763
2007-07-10,-1.424,622153428
2007-07-09,0.079,631137904
2007-07-06,0.526,630640813
2007-07-05,-0.105,627340560
2007-07-03,0.363,627997793
2007-07-02,0.904,625728153
2007-06-29,0.034,620119483
2007-06-28,-0.013,619911093
2007-06-27,1.423,619991168
2007-06-26,-1.027,611290889
2007-06-25,-0.478,617636876
2007-06-22,-0.941,620602563
2007-06-21,0.556,626494959
2007-06-20,-1.389,623029983
2007-06-19,0.249,631807897
2007-06-18,-0.117,630239087
2007-06-15,0.567,630978742
2007-06-14,0.639,627423455
2007-06-13,1.497,623439698
2007-06-12,-1.090,614243222
2007-06-11,0.173,621013383
2007-06-08,1.302,619943846
2007-06-07,-1.804,611978902
2007-06-06,-1.075,623222773
2007-06-05,-0.395,629992798
2007-06-04,0.013,632494138
2007-06-01,0.496,632409662
2007-05-31,-0.104,629287972
2007-05-30,0.815,629942267
2007-05-29,0.363,624850532
2007-05-25,0.417,622590786
2007-05-24,-0.905,620002705
2007-05-23,0.013,625664353
2007-05-22,-0.078,625579905
2007-05-21,-0.052,626070053
2007-05-18,0.873,626396055
2007-05-17,-0.198,620976122
2007-05-16,0.684,622205077
2007-05-15,0.027,617975397
2007-05-14,-0.218,617808879
2007-05-11,0.856,619160954
2007-05-10,-1.045,613905288
2007-05-09,0.272,620387571
2007-05-08,-0.132,618702528
2007-05-07,0.020,619521022
2007-05-04,0.379,619395579
2007-05-03,0.542,617053952
2007-05-02,0.586,613727275
2007-05-01,0.257,610154453
2007-04-30,-0.829,608592603
2007-04-27,-0.080,613679355
2007-04-26,0.114,614169516
2007-04-25,0.919,613469539
2007-04-24,0.041,607885803
2007-04-23,-0.376,607637297
2007-04-20,0.944,609933226
2007-04-19,-0.027,604226455
2007-04-18,0.123,604388380
2007-04-17,0.266,603647375
2007-04-16,0.950,602044594
2007-04-13,0.457,596379014
2007-04-12,0.445,593668211
2007-04-11,-0.408,591039517
2007-04-10,0.118,593458554
2007-04-09,0.139,592758682
2007-04-05,0.271,591935710
2007-04-04,0.112,590333015
2007-04-03,1.077,589674180
2007-04-02,0.113,583393219
2007-03-30,0.022,582734415
2007-03-29,0.106,582609122
2007-03-28,-0.728,581991404
2007-03-27,-0.237,586257047
2007-03-26,-0.132,587650085
2007-03-23,0.147,588427587
2007-03-22,-0.076,587563589
2007-03-21,1.646,588012786
2007-03-20,0.550,578490203
2007-03-19,1.206,575328238
2007-03-16,-0.278,568473086
2007-03-15,0.137,570059824
2007-03-14,0.745,569281091
2007-03-13,-1.943,565069058
2007-03-12,0.150,576266074
2007-03-09,0.029,575405565
2007-03-08,0.846,575239942
2007-03-07,-0.100,570414835
2007-03-06,1.711,570984900
2007-03-05,-0.952,561377896
2007-03-02,-1.309,566770830
2007-03-01,-0.298,574289068
2007-02-28,1.025,576003508
2007-02-27,-3.905,570156780
2007-02-26,-0.089,593328571
2007-02-23,-0.390,593857689
2007-02-22,-0.075,596185067
2007-02-21,-0.041,596632413
2007-02-20,0.213,596875386
2007-02-16,-0.048,595606179
2007-02-15,0.131,595890065
2007-02-14,0.657,595111291
2007-02-13,0.844,591226430
2007-02-12,-0.340,586278943
2007-02-09,-0.744,588279376
2007-02-08,-0.130,592691079
2007-02-07,0.221,593465385
2007-02-06,0.028,592155315
2007-02-05,0.028,591989647
2007-02-02,0.139,591823919
2007-02-01,0.599,591004338
2007-01-31,0.673,587487423
2007-01-30,0.521,583561827
2007-01-29,-0.056,580535430
2007-01-26,-0.091,580860206
2007-01-25,-1.174,581389270
2007-01-24,0.806,588293751
2007-01-23,0.295,583591793
2007-01-22,-0.308,581873179
2007-01-19,0.197,583669167
2007-01-18,-0.335,582522641
2007-01-17,0.042,584482117
2007-01-16,-0.195,584234737
2007-01-12,0.760,585376805
2007-01-11,0.438,580961019
2007-01-10,0.334,578425079
2007-01-09,-0.085,576502254
2007-01-08,0.463,576990465
2007-01-05,-0.797,574331978
2007-01-04,0.213,578947678
2007-01-03,-0.176,577719526
2006-12-29,-0.415,578738997
2006-12-28,-0.210,581147929
2006-12-27,0.657,582371656
2006-12-26,0.590,578569054
2006-12-22,-0.614,575175093
2006-12-21,-0.365,578728145
2006-12-20,-0.056,580850948
2006-12-19,0.191,581175693
2006-12-18,-0.274,580070163
2006-12-15,0.009,581661683
2006-12-14,0.881,581608091
2006-12-13,0.106,576526224
2006-12-12,-0.077,575914526
2006-12-11,0.290,576359380
2006-12-08,0.185,574691084
2006-12-07,-0.437,573632394
2006-12-06,-0.084,576149700
2006-12-05,0.432,576635158
2006-12-04,0.763,574154170
2006-12-01,-0.220,569803968
2006-11-30,0.043,571061543
2006-11-29,1.043,570815593
2006-11-28,0.434,564921272
2006-11-27,-1.375,562480989
2006-11-24,-0.404,570321566
2006-11-22,0.199,572635610
2006-11-21,0.100,571495681
2006-11-20,0.057,570924651
2006-11-17,0.029,570597423
2006-11-16,0.257,570432772
2006-11-15,0.287,568967784
2006-11-14,0.751,567340236
2006-11-13,0.246,563112170
2006-11-10,0.044,561728510
2006-11-09,-0.525,561482551
2006-11-08,0.217,564446760
2006-11-07,0.384,563225620
2006-11-06,1.128,561069935
2006-11-03,-0.175,554810254
2006-11-02,-0.058,555783395
2006-11-01,-0.675,556106384
2006-10-31,-0.014,559883128
2006-10-30,-0.072,559962314
2006-10-27,-0.627,560366565
2006-10-26,0.311,563899467
2006-10-25,0.341,562150192
2006-10-24,0.299,560238368
2006-10-23,0.461,558570339
2006-10-20,0.022,556008417
2006-10-19,0.161,555884444
2006-10-18,0.132,554988458
2006-10-17,-0.314,554255044
2006-10-16,0.154,556000076
2006-10-13,0.257,555144775
2006-10-12,0.866,553720586
2006-10-11,-0.118,548964715
2006-10-10,0.134,549612758
2006-10-09,0.060,548879316
2006-10-06,-0.125,548552211
2006-10-05,0.193,549240859
2006-10-04,1.170,548182439
2006-10-03,0.211,541842134
2006-10-02,-0.374,540702474
2006-09-29,-0.082,542731925
2006-09-28,-0.037,543176813
2006-09-27,0.120,543377935
2006-09-26,0.831,542725819
2006-09-25,0.769,538254573
2006-09-22,-0.303,534149064
2006-09-21,-0.483,535772183
2006-09-20,0.531,538370399
2006-09-19,-0.249,535524407
2006-09-18,0.137,536863134
2006-09-15,0.234,536129848
2006-09-14,0.008,534876503
2006-09-13,0.403,534834067
2006-09-12,0.982,532688215
2006-09-11,0.100,527508643
2006-09-08,0.285,526980799
2006-09-07,-0.459,525482209
2006-09-06,-0.881,527907167
2006-09-05,0.191,532597313
2006-09-01,0.597,531584088
2006-08-31,-0.015,528427080
2006-08-30,0.062,528506016
2006-08-29,0.115,528180437
2006-08-28,0.478,527571693
2006-08-25,0.124,525061937
2006-08-24,-0.084,524412781
2006-08-23,-0.276,524855747
2006-08-22,-0.007,526309903
2006-08-21,-0.428,526348417
2006-08-18,0.508,528611496
2006-08-17,0.255,525939971
2006-08-16,0.832,524603230
2006-08-15,1.196,520273452
2006-08-14,0.079,514123543
2006-08-11,-0.282,513717151
2006-08-10,0.308,515171309
2006-08-09,-0.337,513591963
2006-08-08,-0.383,515329235
2006-08-07,-0.234,517309159
2006-08-04,-0.171,518520581
2006-08-03,0.266,519408451
2006-08-02,0.676,518031363
2006-08-01,-0.492,514551094
2006-07-31,-0.101,517097216
2006-07-28,1.003,517621086
2006-07-27,-0.094,512482593
2006-07-26,0.135,512966024
2006-07-25,0.357,512276546
2006-07-24,1.824,510454592
2006-07-21,-0.705,501312199
2006-07-20,-0.684,504869448
2006-07-19,1.388,508345760
2006-07-18,0.511,501387464
2006-07-17,-0.145,498837594
2006-07-14,-0.387,499563716
2006-07-13,-1.626,501503150
2006-07-12,-1.067,509792198
2006-07-11,0.442,515290585
2006-07-10,0.190,513023810
2006-07-07,-0.651,512051265
2006-07-06,0.292,515406109
2006-07-05,-0.571,513907787
2006-07-03,0.409,516858181
2006-06-30,0.008,514753220
2006-06-29,2.020,514710839
2006-06-28,0.678,504517503
2006-06-27,-0.864,501118501
2006-06-26,0.442,505484315
2006-06-23,-0.016,503258143
2006-06-22,-0.440,503337127
2006-06-21,0.742,505559527
2006-06-20,0.340,501837015
2006-06-19,-0.786,500136616
2006-06-16,-0.725,504097967
2006-06-15,2.122,507778102
2006-06-14,0.776,497227750
2006-06-13,-1.161,493401097
2006-06-12,-1.085,499196797
2006-06-09,-0.318,504670387
2006-06-08,-0.087,506278926
2006-06-07,-0.749,506719897
2006-06-06,-0.243,510542712
2006-06-05,-1.457,511788882
2006-06-02,0.210,519355829
2006-06-01,0.957,518266850
2006-05-31,1.119,513353249
2006-05-30,-1.776,507674712
2006-05-26,0.509,516851977
2006-05-25,1.237,514233180
2006-05-24,0.799,507950814
2006-05-23,-0.761,503923015
2006-05-22,-0.763,507785965
2006-05-19,0.706,511689152
2006-05-18,-0.504,508104232
2006-05-17,-1.902,510678856
2006-05-16,-0.146,520580453
2006-05-15,0.202,521343412
2006-05-12,-1.305,520294772
2006-05-11,-1.207,527176859
2006-05-10,-0.052,533616118
2006-05-09,0.197,533895887
2006-05-08,-0.120,532847220
2006-05-05,0.883,533489348
2006-05-04,0.359,528817527
2006-05-03,-0.373,526923465
2006-05-02,0.752,528894090
2006-05-01,-0.814,524946924
2006-04-28,0.336,529252414
2006-04-27,0.484,527479148
2006-04-26,0.023,524941018
2006-04-25,-0.412,524818286
2006-04-24,-0.183,526990165
2006-04-21,0.016,527954283
2006-04-20,0.138,527871837
2006-04-19,0.192,527145229
2006-04-18,1.586,526136874
2006-04-17,-0.038,517922907
2006-04-13,-0.132,518122251
2006-04-12,0.187,518804630
2006-04-11,-0.847,517836551
2006-04-10,0.155,522262618
2006-04-07,-1.016,521455526
2006-04-06,-0.106,526807374
2006-04-05,0.345,527368954
2006-04-04,0.640,525555567
2006-04-03,-0.077,522212535
2006-03-31,0.023,522613136
2006-03-30,-0.177,522490421
2006-03-29,0.627,523414269
2006-03-28,-0.615,520151817
2006-03-27,-0.146,523370110
2006-03-24,0.077,524132962
2006-03-23,-0.207,523728446
2006-03-22,0.610,524813314
2006-03-21,-0.628,521631379
2006-03-20,-0.160,524930130
2006-03-17,0.084,525773417
2006-03-16,0.207,525332570
2006-03-15,0.446,524248094
2006-03-14,1.048,521920779
2006-03-13,0.187,516506445
2006-03-10,0.950,515542281
2006-03-09,-0.670,510689263
2006-03-08,0.211,514135248
2006-03-07,-0.156,513050838
2006-03-06,-0.458,513850726
2006-03-03,-0.463,516214159
2006-03-02,-0.007,518617700
2006-03-01,0.889,518655822
2006-02-28,-0.950,514083554
2006-02-27,0.039,519012794
2006-02-24,0.256,518810384
2006-02-23,-0.147,517485456
2006-02-22,0.607,518245233
2006-02-21,-0.248,515116287
2006-02-17,-0.271,516397197
2006-02-16,0.749,517798418
2006-02-15,0.353,513947867
2006-02-14,1.060,512141936
2006-02-13,-0.181,506768094
2006-02-10,0.182,507688219
2006-02-09,-0.165,506764293
2006-02-08,0.909,507604250
2006-02-07,-0.884,503032259
2006-02-06,0.262,507520246
2006-02-03,-0.496,506195429
2006-02-02,-1.160,508719097
2006-02-01,0.698,514690272
2006-01-31,-0.731,511120537
2006-01-30,-0.077,514886862
2006-01-27,0.927,515285769
2006-01-26,0.553,510553569
2006-01-25,0.087,507745567
2006-01-24,0.103,507302702
2006-01-23,0.358,506779651
2006-01-20,-1.823,504973862
2006-01-19,0.384,514352205
2006-01-18,-0.397,512386051
2006-01-17,-0.272,514428535
2006-01-13,-0.093,515829583
2006-01-12,-0.394,516308720
2006-01-11,0.318,518351138
2006-01-10,0.101,516705668
2006-01-09,0.257,516182659
2006-01-06,0.833,514857900
2006-01-05,0.063,510606920
2006-01-04,0.474,510284349
2006-01-03,1.759,507877318
2005-12-30,-0.543,499096878
2005-12-29,-0.445,501820758
2005-12-28,0.224,504063596
2005-12-27,-1.017,502939350
2005-12-23,0.056,508108320
2005-12-22,0.524,507825827
2005-12-21,0.159,505178378
2005-12-20,0.096,504374822
2005-12-19,-0.514,503891916
2005-12-16,-0.320,506495454
2005-12-15,-0.289,508121623
2005-12-14,0.393,509594934
2005-12-13,0.680,507599473
2005-12-12,0.095,504168674
2005-12-09,0.262,503688355
2005-12-08,-0.063,502370730
2005-12-07,-0.583,502687817
2005-12-06,0.190,505636322
2005-12-05,-0.212,504677552
2005-12-02,0.127,505752132
2005-12-01,1.021,505112334
2005-11-30,-0.539,500007133
2005-11-29,-0.111,502716352
2005-11-28,-0.708,503272666
2005-11-25,0.079,506858982
2005-11-23,0.578,506458399
2005-11-22,0.430,503546086
2005-11-21,0.504,501391281
2005-11-18,0.394,498877659
2005-11-17,0.932,496922242
2005-11-16,0.203,492335520
2005-11-15,-0.363,491336970
2005-11-14,-0.056,493129204
2005-11-11,0.341,493406429
2005-11-10,0.777,491730112
2005-11-09,0.131,487940862
2005-11-08,0.000,487301169
2005-11-07,0.099,487299342
2005-11-04,-0.130,486819101
2005-11-03,0.427,487455131
2005-11-02,1.046,485380241
2005-11-01,0.300,480355213
2005-10-31,0.276,478918213
2005-10-28,1.440,477600851
2005-10-27,-1.064,470821784
2005-10-26,-0.292,475883028
2005-10-25,-0.200,477276543
2005-10-24,1.550,478231523
2005-10-21,0.391,470934314
2005-10-20,-1.761,469098740
2005-10-19,1.664,477508567
2005-10-18,-1.083,469693207
2005-10-17,0.371,474834037
2005-10-14,1.056,473078190
2005-10-13,-0.059,468133199
2005-10-12,-0.785,468410495
2005-10-11,-0.143,472116130
2005-10-10,-0.844,472792044
2005-10-07,0.344,476816559
2005-10-06,-0.359,475180333
2005-10-05,-1.311,476892695
2005-10-04,-1.125,483229246
2005-10-03,-0.357,488728588
2005-09-30,0.310,490480756
2005-09-29,0.814,488964126
2005-09-28,0.099,485015824
2005-09-27,-0.024,484535670
2005-09-26,0.116,484653438
2005-09-23,0.083,484093543
2005-09-22,0.356,483693079
2005-09-21,-0.934,481977217
2005-09-20,-0.845,486519694
2005-09-19,-0.332,490663492
2005-09-16,0.708,492296005
2005-09-15,-0.048,488834076
2005-09-14,-0.364,489070395
2005-09-13,-0.555,490854799
2005-09-12,-0.200,493591793
2005-09-09,0.891,494582279
2005-09-08,-0.331,490214168
2005-09-07,0.170,491839765
2005-09-06,1.170,491004340
2005-09-02,-0.179,485326420
2005-09-01,-0.073,486197843
2005-08-31,1.264,486553269
2005-08-30,-0.526,480478509
2005-08-29,0.770,483017008
2005-08-26,-0.682,479323830
2005-08-25,0.364,482616442
2005-08-24,-0.891,480868216
2005-08-23,-0.187,485192789
2005-08-22,0.000,486103886
2005-08-19,0.230,486102063
2005-08-18,-0.008,484988890
2005-08-17,-0.008,485026743
2005-08-16,-1.300,485064623
2005-08-15,0.618,491453022
2005-08-12,-0.613,488434684
2005-08-11,0.398,491449337
2005-08-10,-0.048,489502675
2005-08-09,0.604,489738969
2005-08-08,-0.187,486800082
2005-08-05,-0.679,487711104
2005-08-04,-0.801,491043229
2005-08-03,0.266,495010345
2005-08-02,0.599,493698730
2005-08-01,-0.072,490759883
2005-07-29,-0.666,491115229
2005-07-28,0.630,494407581
2005-07-27,0.365,491310002
2005-07-26,0.122,489522148
2005-07-25,-0.283,488925008
2005-07-22,0.669,490312265
2005-07-21,-0.583,487055990
2005-07-20,0.342,489911710
2005-07-19,0.548,488242960
2005-07-18,-0.399,485582050
2005-07-15,-0.057,487524916
2005-07-14,0.392,487800932
2005-07-13,0.139,485894094
2005-07-12,0.263,485217597
2005-07-11,0.511,483945792
2005-07-08,1.143,481483381
2005-07-07,0.394,476044477
2005-07-06,-0.838,474177445
2005-07-05,0.804,478183980
2005-07-01,0.294,474372304
2005-06-30,-0.542,472981513
2005-06-29,-0.266,475559339
2005-06-28,0.840,476827503
2005-06-27,0.143,472857143
2005-06-24,-0.734,472180719
2005-06-23,-1.406,475671258
2005-06-22,0.083,482455651
2005-06-21,0.058,482056995
2005-06-20,0.033,481777396
2005-06-17,0.369,481616846
2005-06-16,0.256,479845788
2005-06-15,0.191,478618667
2005-06-14,0.233,477707804
2005-06-13,0.317,476599305
2005-06-10,-0.232,475095538
2005-06-09,0.476,476200483
2005-06-08,-0.183,473945778
2005-06-07,0.075,474813519
2005-06-06,-0.091,474456032
2005-06-03,-0.505,474889027
2005-06-02,0.216,477298233
2005-06-01,0.854,476268805
2005-05-31,-0.640,472235574
2005-05-27,0.167,475277135
2005-05-26,0.536,474484889
2005-05-25,-0.075,471953600
2005-05-24,-0.233,472307526
2005-05-23,0.554,473412405
2005-05-20,-0.142,470802114
2005-05-19,0.421,471472233
2005-05-18,1.029,469494319
2005-05-17,0.668,464710309
2005-05-16,0.934,461625807
2005-05-13,-0.198,457355642
2005-05-12,-1.100,458262925
2005-05-11,0.549,463359569
2005-05-10,-1.035,460828423
2005-05-09,0.624,465648370
2005-05-06,-0.315,462761523
2005-05-05,-0.034,464222097
2005-05-04,0.772,464378446
2005-05-03,0.172,460819782
2005-05-02,0.562,460027647
2005-04-29,1.358,457457051
2005-04-28,-1.253,451329594
2005-04-27,0.391,457058420
2005-04-26,-0.971,455278263
2005-04-25,0.658,459742379
2005-04-22,-0.379,456737109
2005-04-21,1.942,458474288
2005-04-20,-1.395,449738665
2005-04-19,0.795,456099669
2005-04-18,0.307,452501655
2005-04-15,-1.399,451116783
2005-04-14,-1.304,457517207
2005-04-13,-1.179,463561952
2005-04-12,0.517,469092857
2005-04-11,0.077,466680441
2005-04-08,-1.040,466323038
2005-04-07,0.540,471221588
2005-04-06,0.347,468690640
2005-04-05,0.476,467068647
2005-04-04,0.171,464853859
2005-04-01,-0.449,464061767
2005-03-31,-0.186,466154470
2005-03-30,1.416,467022116
2005-03-29,-0.665,460499961
2005-03-28,0.145,463580589
2005-03-24,0.120,462907061
2005-03-23,0.086,462352090
2005-03-22,-1.016,461955194
2005-03-21,-0.371,466695465
2005-03-18,-0.295,468432460
2005-03-17,0.202,469819808
2005-03-16,-0.849,468873383
2005-03-15,-0.825,472886445
2005-03-14,0.623,476820770
2005-03-11,-0.701,473866919
2005-03-10,0.224,477210797
2005-03-09,-1.111,476146285
2005-03-08,-0.374,481497517
2005-03-07,0.049,483306279
2005-03-04,1.246,483068313
2005-03-03,0.042,477123141
2005-03-02,-0.049,476924541
2005-03-01,0.498,477158930
2005-02-28,-0.658,474795547
2005-02-25,0.990,477942527
2005-02-24,0.662,473256980
2005-02-23,0.717,470145835
2005-02-22,-1.486,466798568
2005-02-18,0.133,473842041
2005-02-17,-0.808,473210542
2005-02-16,0.066,477065883
2005-02-15,0.373,476749219
2005-02-14,-0.074,474976325
2005-02-11,0.861,475328754
2005-02-10,0.361,471273113
2005-02-09,-0.748,469578963
2005-02-08,0.117,473119389
2005-02-07,-0.133,472566615
2005-02-04,1.068,473194571
2005-02-03,-0.260,468194423
2005-02-02,0.303,469412727
2005-02-01,0.635,467994147
2005-01-31,0.622,465040639
2005-01-28,0.000,462165850
2005-01-27,0.171,462164117
2005-01-26,0.300,461375270
2005-01-25,0.284,459996052
2005-01-24,-0.197,458695604
2005-01-21,-0.612,459599052
2005-01-20,-0.609,462430941
2005-01-19,-1.046,465262809
2005-01-18,1.041,470180487
2005-01-14,0.527,465338018
2005-01-13,-0.801,462896277
2005-01-12,0.330,466633249
2005-01-11,-0.689,465096662
2005-01-10,0.473,468321999
2005-01-07,-0.143,466116399
2005-01-06,0.509,466783671
2005-01-05,-0.690,464420672
2005-01-04,-1.222,467645963
2005-01-03,-0.471,473429237
2004-12-31,-0.214,475670625
2004-12-30,-0.189,476692012
2004-12-29,0.149,477595369
2004-12-28,0.548,476885215
2004-12-27,-0.207,474286106
2004-12-23,0.075,475268153
2004-12-22,0.241,474912207
2004-12-21,0.770,473769193
2004-12-20,0.025,470146987
2004-12-17,-0.664,470027171
2004-12-16,-0.058,473166941
2004-12-15,0.075,473439324
2004-12-14,0.349,473085073
2004-12-13,0.872,471438351
2004-12-10,0.101,467363369
2004-12-09,0.354,466891621
2004-12-08,0.585,465244940
2004-12-07,-0.931,462540797
2004-12-06,-0.033,466886368
2004-12-03,-0.067,467041280
2004-12-02,0.084,467352854
2004-12-01,1.137,466959461
2004-11-30,0.068,461709677
2004-11-29,-0.456,461394629
2004-11-26,-0.076,463507755
2004-11-24,0.237,463858507
2004-11-23,0.153,462760192
2004-11-22,0.477,462053508
2004-11-19,-1.111,459858604
2004-11-18,0.135,465026432
2004-11-17,0.594,464398094
2004-11-16,-0.716,461654924
2004-11-15,0.245,464982057
2004-11-12,0.789,463843953
2004-11-11,0.761,460210833
2004-11-10,0.077,456733928
2004-11-09,-0.196,456380779
2004-11-08,-0.145,457277156
2004-11-05,0.627,457939224
2004-11-04,1.366,455087138
2004-11-03,1.260,448955174
2004-11-02,0.036,443369901
2004-11-01,0.274,443212051
2004-10-29,-0.017,441999950
2004-10-28,0.302,442076399
2004-10-27,1.202,440747179
2004-10-26,1.530,435513465
2004-10-25,-0.118,428952238
2004-10-22,-1.123,429458203
2004-10-21,0.652,434337206
2004-10-20,-0.198,431524351
2004-10-19,-0.841,432381718
2004-10-18,0.378,436050285
2004-10-15,0.561,434408796
2004-10-14,-0.807,431986416
2004-10-13,-0.879,435498766
2004-10-12,-0.389,439362470
2004-10-11,0.409,441078755
2004-10-08,-0.828,439281099
2004-10-07,-1.072,442949516
2004-10-06,0.685,447750192
2004-10-05,0.053,444703155
2004-10-04,0.168,444467206
2004-10-01,1.691,443723749
2004-09-30,-0.071,436343012
2004-09-29,0.504,436653693
2004-09-28,0.479,434465691
2004-09-27,-0.637,432394825
2004-09-24,0.460,435165191
2004-09-23,-0.538,433172410
2004-09-22,-1.248,435513319
2004-09-21,0.436,441016549
2004-09-20,-0.601,439101867
2004-09-17,0.424,441755039
2004-09-16,0.302,439891866
2004-09-15,-0.756,438568311
2004-09-14,0.203,441910340
2004-09-13,0.328,441014433
2004-09-10,0.516,439574227
2004-09-09,-0.088,437317591
2004-09-08,-0.248,437704740
2004-09-07,0.660,438791711
2004-09-03,-0.408,435913027
2004-09-02,1.132,437699816
2004-09-01,0.189,432799449
2004-08-31,0.525,431981380
2004-08-30,-0.825,429724804
2004-08-27,0.315,433299986
2004-08-26,0.000,431937630
2004-08-25,0.680,431936010
2004-08-24,0.136,429018553
2004-08-23,-0.253,428433775
2004-08-20,0.702,429520763
2004-08-19,-0.290,426525576
2004-08-18,1.029,427768049
2004-08-17,0.564,423412228
2004-08-16,1.036,421039141
2004-08-13,0.197,416722231
2004-08-12,-1.091,415904262
2004-08-11,-0.203,420490137
2004-08-10,1.290,421343813
2004-08-09,0.141,415977324
2004-08-06,-1.430,415392615
2004-08-05,-1.633,421416844
2004-08-04,-0.009,428412888
2004-08-03,-0.774,428450165
2004-08-02,0.208,431791856
2004-07-30,0.245,430896088
2004-07-29,0.427,429844857
2004-07-28,0.301,428016109
2004-07-27,0.938,426731627
2004-07-26,-0.192,422764811
2004-07-23,-0.837,423579589
2004-07-22,0.274,427154446
2004-07-21,-1.845,425986633
2004-07-20,1.270,433993108
2004-07-19,-0.424,428549109
2004-07-16,-0.081,430374580
2004-07-15,-0.645,430722845
2004-07-14,-0.304,433520107
2004-07-13,0.072,434840194
2004-07-12,0.045,434527569
2004-07-09,0.261,434331589
2004-07-08,-0.695,433202639
2004-07-07,0.295,436233095
2004-07-06,-0.877,434948651
2004-07-02,-0.053,438795399
2004-07-01,-1.388,439027007
2004-06-30,0.536,445206044
2004-06-29,0.415,442833169
2004-06-28,-0.342,441004521
2004-06-25,-0.480,442518866
2004-06-24,-0.313,444655162
2004-06-23,0.862,446052875
2004-06-22,0.504,442241791
2004-06-21,-0.378,440024470
2004-06-18,0.188,441694279
2004-06-17,-0.149,440864750
2004-06-16,-0.017,441521496
2004-06-15,0.707,441597288
2004-06-14,-0.988,438497286
2004-06-10,0.493,442872049
2004-06-09,-0.931,440701563
2004-06-08,0.140,444843922
2004-06-07,1.523,444222576
2004-06-04,0.794,437559580
2004-06-03,-0.919,434111062
2004-06-02,0.373,438137203
2004-06-01,-0.133,436508976
2004-05-28,-0.008,437088270
2004-05-27,0.562,437125367
2004-05-26,0.349,434683849
2004-05-25,1.433,433171836
2004-05-24,0.419,427051241
2004-05-21,0.174,425268179
2004-05-20,0.321,424530784
2004-05-19,-0.346,423173716
2004-05-18,0.505,424643777
2004-05-17,-0.854,422512189
2004-05-14,0.046,426150932
2004-05-13,-0.416,425955689
2004-05-12,0.638,427735506
2004-05-11,0.846,425023071
2004-05-10,-1.027,421458675
2004-05-07,-1.654,425833126
2004-05-06,-0.860,432995815
2004-05-05,0.643,436750592
2004-05-04,-0.080,433960707
2004-05-03,1.073,434307625
2004-04-30,-0.778,429697672
2004-04-29,-0.877,433065162
2004-04-28,-1.294,436897307
2004-04-27,0.088,442626962
2004-04-26,-0.140,442238031
2004-04-23,0.097,442855982
2004-04-22,1.403,442428348
2004-04-21,0.670,436308243
2004-04-20,-1.678,433402296
2004-04-19,0.000,440796970
2004-04-16,0.771,440795317
2004-04-15,-0.379,437424690
2004-04-14,0.159,439088163
2004-04-13,-1.402,438389495
2004-04-12,0.394,444622302
2004-04-08,-0.226,442878105
2004-04-07,-0.235,443883219
2004-04-06,-0.321,444927090
2004-04-05,0.550,446358142
2004-04-02,0.756,443916955
2004-04-01,0.602,440585164
2004-03-31,0.115,437950394
2004-03-30,0.338,437445376
2004-03-29,1.405,435972281
2004-03-26,0.027,429930053
2004-03-25,1.324,429812280
2004-03-24,0.083,424196056
2004-03-23,-0.173,423845958
2004-03-22,-1.269,424580083
2004-03-19,-1.428,430038151
2004-03-18,0.027,436268757
2004-03-17,1.119,436151374
2004-03-16,0.531,431326798
2004-03-15,-1.225,429048746
2004-03-12,1.314,434371642
2004-03-11,-1.296,428736887
2004-03-10,-1.676,434368384
2004-03-09,-0.400,441774644
2004-03-08,-1.220,443547785
2004-03-05,0.337,449024830
2004-03-04,0.260,447518438
2004-03-03,0.182,446359309
2004-03-02,-0.585,445547415
2004-03-01,0.992,448169319
2004-02-27,0.070,443769288
2004-02-26,0.061,443458991
2004-02-25,0.420,443187261
2004-02-24,-0.174,441333679
2004-02-23,-0.252,442103636
2004-02-20,-0.303,443220833
2004-02-19,-0.371,444569526
2004-02-18,-0.439,446226836
2004-02-17,0.904,448192751
2004-02-13,-0.449,444178697
2004-02-12,-0.361,446183228
2004-02-11,1.063,447801915
2004-02-10,0.324,443093462
2004-02-09,0.027,441664364
2004-02-06,1.122,441546945
2004-02-05,0.293,436645690
2004-02-04,-0.817,435370922
2004-02-03,-0.166,438957171
2004-02-02,0.432,439688537
2004-01-30,0.000,437796523
2004-01-29,0.097,437794881
2004-01-28,-1.142,437368873
2004-01-27,-1.027,442421018
2004-01-26,1.259,447010206
2004-01-23,-0.322,441453242
2004-01-22,-0.260,442878990
2004-01-21,0.788,444034650
2004-01-20,-0.026,440560973
2004-01-16,0.396,440675077
2004-01-15,0.247,438937418
2004-01-14,0.835,437855607
2004-01-13,-0.583,434227691
2004-01-12,0.739,436772167
2004-01-09,-0.873,433568629
2004-01-08,0.399,437386105
2004-01-07,0.338,435648524
2004-01-06,0.098,434180992
2004-01-05,1.088,433755019
2004-01-02,-0.045,429085666
2003-12-31,0.090,429276922
2003-12-30,0.018,428889556
2003-12-29,1.331,428810812
2003-12-26,0.073,423177123
2003-12-24,-0.100,422866954
2003-12-23,0.064,423289698
2003-12-22,0.698,423018088
2003-12-19,-0.277,420084784
2003-12-18,1.125,421251933
2003-12-17,0.315,416566394
2003-12-16,0.521,415259488
2003-12-15,-0.499,413107912
2003-12-12,0.195,415179569
2003-12-11,1.125,414371773
2003-12-10,-0.009,409763148
2003-12-09,-0.771,409799985
2003-12-08,0.674,412984997
2003-12-05,-0.697,410219222
2003-12-04,0.411,413097067
2003-12-03,-0.158,411406309
2003-12-02,-0.251,412057414
2003-12-01,1.081,413092420
2003-11-28,0.076,408675879
2003-11-26,0.359,408367241
2003-11-25,0.379,406906836
2003-11-24,1.325,405369671
2003-11-21,0.415,400070255
2003-11-20,-0.897,398417964
2003-11-19,0.848,402025170
2003-11-18,-1.038,398645306
2003-11-17,-0.502,402828342
2003-11-14,-0.846,404861493
2003-11-13,0.029,408315061
2003-11-12,1.123,408198365
2003-11-11,-0.028,403666876
2003-11-10,-0.407,403780522
2003-11-07,-0.742,405429747
2003-11-06,0.529,408460965
2003-11-05,0.076,406309632
2003-11-04,-0.217,406001021
2003-11-03,0.656,406882421
2003-10-31,-0.095,404232110
2003-10-30,0.210,404614474
2003-10-29,0.134,403768409
2003-10-28,1.361,403229466
2003-10-27,0.049,397815245
2003-10-24,0.223,397621834
2003-10-23,-0.183,396737412
2003-10-22,-1.258,397465298
2003-10-21,-0.171,402530934
2003-10-20,0.749,403220393
2003-10-17,-1.091,400224697
2003-10-16,0.400,404637695
2003-10-15,-0.266,403023912
2003-10-14,0.353,404097221
2003-10-13,0.316,402675426
2003-10-10,0.278,401407160
2003-10-09,0.270,400292452
2003-10-08,-0.249,399216146
2003-10-07,0.386,400212690
2003-10-06,0.455,398675756
2003-10-03,0.918,396870130
2003-10-02,0.363,393260402
2003-10-01,2.131,391838690
2003-09-30,-0.971,383661161
2003-09-29,0.981,387421466
2003-09-26,-0.329,383658284
2003-09-25,-0.821,384923549
2003-09-24,-1.777,388108034
2003-09-23,0.381,395130935
2003-09-22,-1.080,393632470
2003-09-19,-0.506,397929999
2003-09-18,1.180,399954810
2003-09-17,-0.193,395288476
2003-09-16,1.460,396051736
2003-09-15,-0.351,390353060
2003-09-12,0.186,391728092
2003-09-11,0.295,391000163
2003-09-10,-1.009,389851617
2003-09-09,-0.655,393826646
2003-09-08,0.827,396425170
2003-09-05,-0.561,393173702
2003-09-04,0.049,395389867
2003-09-03,0.545,395197198
2003-09-02,1.341,393054579
2003-08-29,0.675,387853196
2003-08-28,0.620,385251799
2003-08-27,0.030,382879815
2003-08-26,0.181,382763685
2003-08-25,0.161,382074033
2003-08-22,-0.992,381460847
2003-08-21,0.319,385282790
2003-08-20,-0.406,384057870
2003-08-19,0.379,385624016
2003-08-18,0.864,384169712
2003-08-15,0.313,380880220
2003-08-14,0.273,379693549
2003-08-13,-0.512,378659849
2003-08-12,0.913,380608306
2003-08-11,0.377,377165941
2003-08-08,0.286,375749915
2003-08-07,1.052,374678005
2003-08-06,0.581,370776931
2003-08-05,-2.121,368634528
2003-08-04,0.000,376623623
2003-08-01,-0.885,376622210
2003-07-31,0.232,379985166
2003-07-30,-0.241,379104437
2003-07-29,-0.460,380020559
2003-07-28,-0.369,381777764
2003-07-25,1.767,383190887
2003-07-24,-0.755,376537259
2003-07-23,0.071,379403152
2003-07-22,0.906,379134115
2003-07-21,-1.236,375730188
2003-07-18,1.026,380431117
2003-07-17,-1.421,376568437
2003-07-16,-0.587,381995678
2003-07-15,-0.218,384249823
2003-07-14,0.489,385089440
2003-07-11,0.947,383214727
2003-07-10,-1.272,379619742
2003-07-09,-0.563,384511664
2003-07-08,0.447,386689284
2003-07-07,1.985,384967509
2003-07-03,-1.032,377473212
2003-07-02,1.259,381409351
2003-07-01,0.922,376667585
2003-06-30,-0.030,373225605
2003-06-27,-1.153,373338917
2003-06-26,1.303,377695522
2003-06-25,-1.004,372839134
2003-06-24,0.102,376622286
2003-06-23,-1.025,376238601
2003-06-20,-0.219,380136418
2003-06-19,-1.526,380971988
2003-06-18,-0.088,386874412
2003-06-17,0.000,387215779
2003-06-16,2.110,387214327
2003-06-13,-1.043,379214189
2003-06-12,0.309,383212095
2003-06-11,1.058,382029919
2003-06-10,1.018,378029189
2003-06-09,-1.017,374218941
2003-06-06,-0.391,378064449
2003-06-05,0.495,379548464
2003-06-04,1.443,377680743
2003-06-03,0.411,372308942
2003-06-02,0.413,370784034
2003-05-30,1.604,369259142
2003-05-29,-0.261,363430404
2003-05-28,0.283,364381220
2003-05-27,1.750,363351520
2003-05-23,0.203,357103909
2003-05-22,0.993,356378914
2003-05-21,0.206,352873619
2003-05-20,-0.205,352148642
2003-05-19,-2.340,352870972
2003-05-16,-0.252,361324781
2003-05-15,0.635,362237483
2003-05-14,-0.211,359950976
2003-05-13,-0.179,360711329
2003-05-12,1.227,361357424
2003-05-09,1.385,356976265
2003-05-08,-1.006,352099984
2003-05-07,-0.553,355678677
2003-05-06,0.946,357657783
2003-05-05,-0.193,354304953
2003-05-02,1.426,354989150
2003-05-01,-0.011,349998748
2003-04-30,-0.217,350035528
2003-04-29,0.349,350795890
2003-04-28,1.729,349575881
2003-04-25,-1.236,343633470
2003-04-24,-0.889,347935652
2003-04-23,0.920,351057210
2003-04-22,1.885,347856856
2003-04-21,0.101,341419470
2003-04-17,1.485,341075425
2003-04-16,-1.704,336085258
2003-04-15,0.933,341910697
2003-04-14,2.066,338748528
2003-04-11,-0.411,331892382
2003-04-10,0.552,333262111
2003-04-09,-1.315,331432892
2003-04-08,0.159,335849209
2003-04-07,-0.192,335314803
2003-04-04,0.593,335960933
2003-04-03,-0.476,333979400
2003-04-02,2.418,335577603
2003-04-01,1.534,327655363
2003-03-31,-2.272,322703533
2003-03-28,-0.505,330204346
2003-03-27,0.081,331878691
2003-03-26,-0.502,331610879
2003-03-25,0.958,333285176
2003-03-24,-3.323,330123243
2003-03-21,2.127,341470008
2003-03-20,0.216,334359116
2003-03-19,0.768,333637172
2003-03-18,0.588,331094601
2003-03-17,3.150,329158915
2003-03-14,0.322,319106224
2003-03-13,3.455,318080937
2003-03-12,0.671,307459413
2003-03-11,-0.983,305410059
2003-03-10,-2.400,308443279
2003-03-07,0.689,316027979
2003-03-06,-0.838,313864833
2003-03-05,0.846,316518675
2003-03-04,-1.593,313862479
2003-03-03,-0.954,318943735
2003-02-28,0.664,322014776
2003-02-27,1.322,319889553
2003-02-26,-1.456,315716250
2003-02-25,0.800,320380239
2003-02-24,-1.620,317837869
2003-02-21,1.008,323070710
2003-02-20,-0.998,319845650
2003-02-19,-0.525,323068287
2003-02-18,1.759,324773798
2003-02-14,2.186,319159360
2003-02-13,0.305,312331261
2003-02-12,-1.594,311381914
2003-02-11,-0.690,316425027
2003-02-10,0.708,318623598
2003-02-07,-1.219,316384720
2003-02-06,-0.471,320289953
2003-02-05,-0.620,321805807
2003-02-04,-0.985,323814683
2003-02-03,0.198,327037202
2003-01-31,1.931,326391217
2003-01-30,-2.370,320208107
2003-01-29,0.758,327981662
2003-01-28,0.740,325515274
2003-01-27,-1.366,323124741
2003-01-24,-2.626,327598697
2003-01-23,0.613,336434003
2003-01-22,-1.210,334384795
2003-01-21,-1.555,338479419
2003-01-17,-1.478,343825530
2003-01-16,-0.411,348981937
2003-01-15,-0.996,350421771
2003-01-14,0.323,353947402
2003-01-13,-0.032,352808343
2003-01-10,0.270,352920788
2003-01-09,1.554,351971372
2003-01-08,-1.445,346584907
2003-01-07,-0.247,351665363
2003-01-06,1.763,352536265
2003-01-03,0.308,346429311
2003-01-02,3.219,345366175
2002-12-31,0.137,334594795
2002-12-30,0.836,334138460
2002-12-27,-2.248,331368843
2002-12-26,0.045,338990019
2002-12-24,-0.744,338837055
2002-12-23,0.034,341376565
2002-12-20,1.420,341261523
2002-12-19,-0.712,336483100
2002-12-18,-1.155,338897127
2002-12-17,-0.873,342858413
2002-12-16,2.586,345876236
2002-12-13,-1.575,337157315
2002-12-12,-0.011,342552645
2002-12-11,0.089,342589106
2002-12-10,1.341,342285909
2002-12-09,-2.749,337756080
2002-12-06,0.657,347302479
2002-12-05,-1.103,345036919
2002-12-04,-0.452,348884843
2002-12-03,-1.338,350468528
2002-12-02,0.160,355222085
2002-11-29,-0.318,354654719
2002-11-27,2.814,355785483
2002-11-26,-1.904,346048039
2002-11-25,0.065,352763894
2002-11-22,-0.712,352536133
2002-11-21,1.862,355063143
2002-11-20,2.225,348571200
2002-11-19,-0.132,340984924
2002-11-18,-1.006,341436484
2002-11-15,0.739,344906898
2002-11-14,1.887,342377316
2002-11-13,0.102,336036458
2002-11-12,0.793,335695564
2002-11-11,-1.550,333052847
2002-11-08,-1.223,338296782
2002-11-07,-2.450,342484097
2002-11-06,1.296,351086355
2002-11-05,0.790,346594597
2002-11-04,0.953,343876404
2002-11-01,1.977,340629954
2002-10-31,-1.017,334025176
2002-10-30,0.971,337457742
2002-10-29,-1.160,334211352
2002-10-28,-0.654,338134424
2002-10-25,2.083,340359430
2002-10-24,-2.040,333415190
2002-10-23,0.760,340356877
2002-10-22,-0.720,337789737
2002-10-21,1.726,340241129
2002-10-18,0.420,334466705
2002-10-17,1.988,333069327
2002-10-16,-2.424,326578070
2002-10-15,4.810,334689330
2002-10-14,0.559,319330965
2002-10-11,4.378,317556375
2002-10-10,3.240,304235698
2002-10-09,-2.824,294688354
2002-10-08,1.567,303252409
2002-10-07,-2.066,298572511
2002-10-04,-1.834,304872593
2002-10-03,-1.010,310568883
2002-10-02,-2.998,313737165
2002-10-01,4.805,323432898
2002-09-30,-1.160,308603384
2002-09-27,-3.476,312224390
2002-09-26,1.636,323466996
2002-09-25,2.479,318258939
2002-09-24,-1.613,310560728
2002-09-23,-0.818,315653181
2002-09-20,0.034,318255358
2002-09-19,-2.587,318148612
2002-09-18,-1.002,326598765
2002-09-17,-2.291,329902961
2002-09-16,0.246,337639330
2002-09-13,0.246,336811716
2002-09-12,-1.843,335984108
2002-09-11,-0.621,342293067
2002-09-10,1.148,344432742
2002-09-09,0.734,340525180
2002-09-06,1.375,338044901
2002-09-05,-0.848,333461278
2002-09-04,1.428,336314604
2002-09-03,-3.813,331580777
2002-08-30,-0.390,344725477
2002-08-29,0.044,346076333
2002-08-28,-2.187,345924794
2002-08-27,-1.154,353660758
2002-08-26,0.698,357790943
2002-08-23,-2.151,355310684
2002-08-22,0.972,363121628
2002-08-21,1.441,359627294
2002-08-20,-1.058,354517957
2002-08-19,2.339,358310054
2002-08-16,-0.299,350120970
2002-08-15,1.388,351171285
2002-08-14,3.653,346362529
2002-08-13,-1.820,334154877
2002-08-12,-0.734,340350679
2002-08-09,0.374,342865763
2002-08-08,3.235,341587505
2002-08-07,1.744,330882355
2002-08-06,3.367,325209952
2002-08-05,-3.479,314617614
2002-08-02,-2.241,325958671
2002-08-01,-2.610,333431261
2002-07-31,0.242,342368534
2002-07-30,1.304,341540997
2002-07-29,4.872,337145592
2002-07-26,1.905,321483344
2002-07-25,-0.849,315473156
2002-07-24,5.967,318176012
2002-07-23,-2.737,300260633
2002-07-22,-2.963,308709555
2002-07-19,-3.519,318134866
2002-07-18,-3.240,329738330
2002-07-17,0.199,340778342
2002-07-16,-1.927,340101071
2002-07-15,0.534,346784586
2002-07-12,-1.098,344943103
2002-07-11,0.815,348772414
2002-07-10,-3.640,345954509
2002-07-09,-2.518,359022152
2002-07-08,-1.248,368296733
2002-07-05,3.979,372952064
2002-07-03,0.569,358680140
2002-07-02,-2.123,356650879
2002-07-01,-1.950,364385611
2002-06-28,-0.472,371632095
2002-06-27,1.750,373395719
2002-06-26,0.164,366972700
2002-06-25,-2.244,366370462
2002-06-24,0.524,374780993
2002-06-21,-1.557,372826820
2002-06-20,-1.277,378725107
2002-06-19,-2.334,383625628
2002-06-18,0.817,392791934
2002-06-17,2.683,389609839
2002-06-14,-0.147,379430398
2002-06-13,-1.004,379990262
2002-06-12,0.608,383842965
2002-06-11,-1.715,381521560
2002-06-10,0.387,388180613
2002-06-07,-0.116,386682417
2002-06-06,-2.035,387129996
2002-06-05,0.937,395173431
2002-06-04,0.249,391504980
2002-06-03,-2.658,390530672
2002-05-31,0.206,401193222
2002-05-30,-0.279,400368529
2002-05-29,-0.740,401489559
2002-05-28,-0.542,404481410
2002-05-24,-1.280,406687515
2002-05-23,1.065,411961760
2002-05-22,0.221,407619884
2002-05-21,-0.911,406720337
2002-05-20,-1.082,410460461
2002-05-17,0.490,414948903
2002-05-16,0.520,412926868
2002-05-15,-0.390,410792603
2002-05-14,2.179,412399948
2002-05-13,2.034,403605697
2002-05-10,-1.884,395559810
2002-05-09,-1.155,403153672
2002-05-08,3.721,407866505
2002-05-07,-0.350,393235603
2002-05-06,-1.961,394618498
2002-05-03,-1.085,402511577
2002-05-02,-0.384,406925015
2002-05-01,1.224,408494898
2002-04-30,0.936,403554652
2002-04-29,-0.493,399811699
2002-04-26,-1.900,401793148
2002-04-25,0.055,409573783
2002-04-24,-1.004,409347774
2002-04-23,-0.432,413499148
2002-04-22,-1.665,415293465
2002-04-19,0.365,422325643
2002-04-18,-0.433,420790125
2002-04-17,-0.212,422621789
2002-04-16,2.379,423518112
2002-04-15,-0.763,413676920
2002-04-12,0.751,416855453
2002-04-11,-2.486,413748627
2002-04-10,1.133,424297448
2002-04-09,-0.699,419544460
2002-04-08,0.213,422498461
2002-04-05,0.018,421598993
2002-04-04,-0.415,421522573
2002-04-03,-0.702,423279353
2002-04-02,-0.550,426270715
2002-04-01,0.044,428626038
2002-03-28,-0.043,428437362
2002-03-27,0.263,428622823
2002-03-26,0.581,427498870
2002-03-25,-1.243,425028155
2002-03-22,-0.216,430376316
2002-03-21,0.044,431309970
2002-03-20,-1.881,431121289
2002-03-19,0.669,439387378
2002-03-18,0.018,436467730
2002-03-15,0.950,436391287
2002-03-14,-0.138,432282516
2002-03-13,-0.964,432877775
2002-03-12,-0.059,437091481
2002-03-11,0.214,437350969
2002-03-08,0.421,436416738
2002-03-07,-0.214,434587238
2002-03-06,1.188,435518192
2002-03-05,-0.319,430406008
2002-03-04,1.768,431784619
2002-03-01,2.331,424285103
2002-02-28,-0.447,414622104
2002-02-27,0.387,416485682
2002-02-26,-0.206,414880108
2002-02-25,1.651,415736492
2002-02-22,1.238,408983236
2002-02-21,-2.070,403983236
2002-02-20,1.683,412523843
2002-02-19,-1.920,405696086
2002-02-15,-1.044,413639810
2002-02-14,-0.187,418002534
2002-02-13,1.063,418784292
2002-02-12,-0.314,414381170
2002-02-11,1.227,415685177
2002-02-08,1.917,410647965
2002-02-07,-0.625,402925155
2002-02-06,-0.430,405460091
2002-02-05,-0.619,407211701
2002-02-04,-2.485,409746602
2002-02-01,-0.468,420189157
2002-01-31,1.171,422164481
2002-01-30,1.442,417276609
2002-01-29,-3.144,411344353
2002-01-28,0.273,424696114
2002-01-25,-0.026,423538242
2002-01-24,0.309,423648549
2002-01-23,0.766,422341489
2002-01-22,-0.689,419132178
2002-01-18,-0.457,422039925
2002-01-17,0.754,423977869
2002-01-16,-2.023,420805894
2002-01-15,0.815,429494895
2002-01-14,-0.626,426024525
2002-01-11,-0.982,428708409
2002-01-10,0.442,432958793
2002-01-09,-0.815,431054963
2002-01-08,-0.231,434596635
2002-01-07,-0.705,435602059
2002-01-04,0.668,438696134
2002-01-03,1.134,435785261
2002-01-02,1.076,430897687
2001-12-31,-1.465,426308531
2001-12-28,-0.051,432647420
2001-12-27,0.607,432869572
2001-12-26,0.549,430257186
2001-12-24,-0.191,427905892
2001-12-21,0.605,428724788
2001-12-20,-0.984,426148217
2001-12-19,0.705,430383906
2001-12-18,0.595,427371604
2001-12-17,1.035,424842514
2001-12-14,0.955,420492150
2001-12-13,-1.942,416513530
2001-12-12,0.114,424763382
2001-12-11,-0.201,424278612
2001-12-10,-1.870,425131872
2001-12-07,-0.664,433232926
2001-12-06,-0.051,436130394
2001-12-05,1.831,436351788
2001-12-04,1.694,428507768
2001-12-03,-0.596,421370000
2001-11-30,-0.713,423895803
2001-11-29,1.350,426941929
2001-11-28,-1.810,421253732
2001-11-27,-0.431,429020067
2001-11-26,0.216,430876800
2001-11-23,1.438,429946016
2001-11-21,-0.662,423849091
2001-11-20,-0.837,426672158
2001-11-19,1.233,430275665
2001-11-16,-0.444,425033640
2001-11-15,0.184,426927519
2001-11-14,0.096,426145439
2001-11-13,2.250,425735014
2001-11-12,-0.612,416367674
2001-11-09,0.107,418930536
2001-11-08,0.312,418482970
2001-11-07,-0.133,417180627
2001-11-06,1.554,417736546
2001-11-05,1.309,411342610
2001-11-02,0.682,406026507
2001-11-01,2.562,403274810
2001-10-31,-0.339,393201726
2001-10-30,-1.200,394538172
2001-10-29,-2.601,399330848
2001-10-26,-0.226,409995447
2001-10-25,1.796,410923008
2001-10-24,-0.266,403674540
2001-10-23,-0.511,404750776
2001-10-22,1.975,406830403
2001-10-19,-0.065,398950232
2001-10-18,-0.213,399208879
2001-10-17,-2.127,400062148
2001-10-16,0.632,408756762
2001-10-15,-0.182,406191014
2001-10-12,-0.454,406932733
2001-10-11,1.551,408789333
2001-10-10,2.228,402544519
2001-10-09,-0.535,393772714
2001-10-08,-0.652,395889478
2001-10-05,-0.195,398489346
2001-10-04,0.084,399268246
2001-10-03,1.677,398932279
2001-10-02,1.257,392353202
2001-10-01,-0.162,387483566
2001-09-28,2.122,388113874
2001-09-27,0.868,380048432
2001-09-26,-0.353,376776845
2001-09-25,1.043,378113227
2001-09-24,3.516,374209922
2001-09-21,-1.074,361499603
2001-09-20,-3.178,365426072
2001-09-19,-2.018,377419138
2001-09-18,-0.239,385191891
2001-09-17,-5.225,386115936
2001-09-10,1.224,407400677
2001-09-07,-1.850,402475572
2001-09-06,-2.577,410062980
2001-09-05,0.247,420908020
2001-09-04,-0.639,419869916
2001-08-31,0.733,422570726
2001-08-30,-1.921,419496588
2001-08-29,-0.892,427713121
2001-08-28,-1.462,431561428
2001-08-27,-0.596,437963944
2001-08-24,2.076,440590580
2001-08-23,-0.359,431630594
2001-08-22,1.036,433183719
2001-08-21,-1.705,428739988
2001-08-20,0.925,436178906
2001-08-17,-1.601,432179387
2001-08-16,0.347,439211047
2001-08-15,-0.863,437691684
2001-08-14,-0.042,441502785
2001-08-13,0.026,441686224
2001-08-10,0.345,441573522
2001-08-09,0.296,440054173
2001-08-08,-1.854,438756957
2001-08-07,0.391,447046945
2001-08-06,-1.345,445305533
2001-08-03,-0.546,451374479
2001-08-02,0.410,453852844
2001-08-01,0.627,452000357
2001-07-31,0.414,449185468
2001-07-30,0.033,447333013
2001-07-27,0.383,447183274
2001-07-26,1.050,445478901
2001-07-25,1.104,440850355
2001-07-24,-0.966,436036787
2001-07-23,-1.969,440291824
2001-07-20,-0.598,449136655
2001-07-19,0.876,451837040
2001-07-18,-0.681,447911836
2001-07-17,0.937,450982310
2001-07-16,-1.251,446798045
2001-07-13,0.867,452459491
2001-07-12,2.374,448571365
2001-07-11,0.102,438168838
2001-07-10,-1.203,437723051
2001-07-09,0.546,443051312
2001-07-06,-2.161,440643815
2001-07-05,-1.950,450376586
2001-07-03,-0.024,459332015
2001-07-02,1.248,459441327
2001-06-29,0.369,453776674
2001-06-28,0.552,452109425
2001-06-27,-0.057,449627905
2001-06-26,-0.139,449885304
2001-06-25,-0.919,450512815
2001-06-22,-0.783,454693465
2001-06-21,1.136,458281912
2001-06-20,0.526,453135571
2001-06-19,0.437,450765138
2001-06-18,-0.484,448801847
2001-06-15,0.161,450983814
2001-06-14,-2.243,450257145
2001-06-13,-0.858,460589159
2001-06-12,-0.174,464573248
2001-06-11,-0.708,465383436
2001-06-08,-0.928,468703205
2001-06-07,0.361,473093207
2001-06-06,-0.830,471393791
2001-06-05,1.147,475340880
2001-06-04,0.482,469950931
2001-06-01,0.620,467697994
2001-05-31,0.519,464817644
2001-05-30,-1.400,462417120
2001-05-29,-0.796,468984387
2001-05-25,-1.180,472746889
2001-05-24,0.294,478391462
2001-05-23,-1.696,476987293
2001-05-22,-0.129,485215073
2001-05-21,1.473,485840611
2001-05-18,0.457,478790226
2001-05-17,0.155,476611080
2001-05-16,2.358,475871236
2001-05-15,0.463,464909201
2001-05-14,0.200,462767072
2001-05-11,-0.690,461842762
2001-05-10,0.295,465051560
2001-05-09,-0.420,463684434
2001-05-08,-0.047,465638525
2001-05-07,-0.863,465858186
2001-05-04,1.702,469915685
2001-05-03,-1.269,462053772
2001-05-02,-0.181,467993270
2001-05-01,0.308,468840269
2001-04-30,0.700,467399346
2001-04-27,1.665,464150233
2001-04-26,0.447,456546796
2001-04-25,1.308,454515499
2001-04-24,-0.540,448646518
2001-04-23,-1.815,451080291
2001-04-20,-0.915,459418215
2001-04-19,1.331,463660090
2001-04-18,3.975,457569737
2001-04-17,1.412,440077185
2001-04-16,-1.051,433950058
2001-04-12,1.817,438560960
2001-04-11,0.069,430736512
2001-04-10,1.825,430439694
2001-04-09,1.112,422726001
2001-04-06,-1.521,418075073
2001-04-05,3.789,424530926
2001-04-04,0.417,409031561
2001-04-03,-3.336,407332664
2001-04-02,-2.133,421389700
2001-03-30,1.048,430575988
2001-03-29,0.383,426109615
2001-03-28,-2.764,424484466
2001-03-27,2.045,436548698
2001-03-26,1.276,427802145
2001-03-23,3.024,422413392
2001-03-22,-1.015,410014022
2001-03-21,-1.698,414218857
2001-03-20,-2.684,421375476
2001-03-19,2.035,432996690
2001-03-16,-2.000,424361040
2001-03-15,0.026,433023146
2001-03-14,-1.974,432911141
2001-03-13,1.643,441630209
2001-03-12,-4.280,434490126
2001-03-09,-2.957,453916764
2001-03-08,0.111,467750300
2001-03-07,0.714,467233406
2001-03-06,1.075,463920050
2001-03-05,0.915,458987711
2001-03-02,-0.794,454828134
2001-03-01,0.525,458469136
2001-02-28,-1.969,456075738
2001-02-27,-0.924,465235966
2001-02-26,2.129,469576003
2001-02-23,-0.675,459786867
2001-02-22,0.152,462912667
2001-02-21,-2.157,462211858
2001-02-20,-1.541,472402094
2001-02-16,-2.205,479795904
2001-02-15,0.970,490611515
2001-02-14,-0.151,485900083
2001-02-13,-0.817,486634122
2001-02-12,1.146,490642826
2001-02-09,-0.961,485085155
2001-02-08,-1.165,489792862
2001-02-07,-0.517,495567561
2001-02-06,-0.294,498141196
2001-02-05,0.735,499611017
2001-02-02,-2.269,495966709
2001-02-01,0.665,507480865
2001-01-31,-0.566,504130897
2001-01-30,0.879,506998797
2001-01-29,0.534,502581856
2001-01-26,-0.114,499912533
2001-01-25,-0.252,500485361
2001-01-24,0.299,501748367
2001-01-23,0.788,500251660
2001-01-22,0.665,496340698
2001-01-19,-0.568,493062170
2001-01-18,0.996,495877086
2001-01-17,0.459,490988978
2001-01-16,0.640,488745139
2001-01-12,-0.189,485639259
2001-01-11,0.095,486557203
2001-01-10,1.757,486095498
2001-01-09,-0.264,477700717
2001-01-08,0.774,478963757
2001-01-05,-3.264,475282958
2001-01-04,-1.076,491318987
2001-01-03,4.804,496663434
2001-01-02,-1.810,473897998
2000-12-29,-1.893,482633721
2000-12-28,0.305,491944042
2000-12-27,0.732,490447805
2000-12-26,1.074,486881857
2000-12-22,2.999,481706758
2000-12-21,0.693,467679226
2000-12-20,-2.896,464458465
2000-12-19,-2.036,478309782
2000-12-18,1.337,488252289
2000-12-15,-2.251,481812518
2000-12-14,-1.274,492908558
2000-12-13,-1.369,499267199
2000-12-12,-0.428,506198692
2000-12-11,3.476,508374392
2000-12-08,0.234,491296747
2000-12-07,-1.372,490148898
2000-12-06,-1.599,496965831
2000-12-05,3.281,505043201
2000-12-04,0.851,488997388
2000-12-01,-0.047,484869991
2000-11-30,-0.866,485097369
2000-11-29,-0.187,489335850
2000-11-28,-1.723,490250796
2000-11-27,0.881,498843584
2000-11-24,2.046,494487034
2000-11-22,-2.389,484572644
2000-11-21,0.511,496431624
2000-11-20,-1.429,493908661
2000-11-17,-0.534,501068889
2000-11-16,-1.567,503760099
2000-11-15,0.315,511779807
2000-11-14,2.628,510173574
2000-11-13,-0.777,497108014
2000-11-10,-2.432,501002311
2000-11-09,-0.378,513490848
2000-11-08,-2.217,515437157
2000-11-07,-0.021,527123572
2000-11-06,0.701,527236018
2000-11-03,0.055,523567135
2000-11-02,0.165,523278751
2000-11-01,-0.338,522417309
2000-10-31,1.724,524191543
2000-10-30,0.898,515308868
2000-10-27,1.898,510723389
2000-10-26,0.275,501210819
2000-10-25,-2.350,499833886
2000-10-24,-0.667,511863517
2000-10-23,0.447,515299205
2000-10-20,0.427,513005543
2000-10-19,3.771,510826652
2000-10-18,-0.371,492261859
2000-10-17,-2.487,494093377
2000-10-16,0.455,506695851
2000-10-13,3.334,504402263
2000-10-12,-2.494,488129451
2000-10-11,-0.839,500617054
2000-10-10,-1.651,504854920
2000-10-09,-0.753,513332142
2000-10-06,-2.167,517226012
2000-10-05,0.348,528682249
2000-10-04,0.834,526846965
2000-10-03,-0.934,522490914
2000-10-02,0.153,527415747
2000-09-29,-0.948,526611877
2000-09-28,1.288,531651406
2000-09-27,0.527,524889071
2000-09-26,-1.278,522137212
2000-09-25,-0.709,528895544
2000-09-22,1.818,532674463
2000-09-21,-1.520,523162704
2000-09-20,-0.738,531238309
2000-09-19,0.908,535189155
2000-09-18,-0.920,530374949
2000-09-15,-2.182,535299885
2000-09-14,0.504,547239017
2000-09-13,0.263,544494219
2000-09-12,-0.731,543063782
2000-09-11,-0.146,547061386
2000-09-08,-0.683,547859461
2000-09-07,0.857,551628458
2000-09-06,-1.136,546941120
2000-09-05,-0.799,553224220
2000-09-01,0.103,557679159
2000-08-31,1.331,557105511
2000-08-30,-0.957,549789679
2000-08-29,0.021,555101379
2000-08-28,0.341,554985185
2000-08-25,-0.041,553097664
2000-08-24,0.311,553324141
2000-08-23,0.396,551607772
2000-08-22,-0.166,549434653
2000-08-21,0.543,550346786
2000-08-18,-0.333,547373603
2000-08-17,1.052,549199925
2000-08-16,-0.356,543484217
2000-08-15,-0.083,545424644
2000-08-14,1.272,545879687
2000-08-11,0.469,539021340
2000-08-10,-0.487,536505351
2000-08-09,-0.840,539131736
2000-08-08,0.380,543700530
2000-08-07,1.196,541641632
2000-08-04,0.537,535240507
2000-08-03,0.692,532381603
2000-08-02,0.500,528723009
2000-08-01,0.612,526093025
2000-07-31,0.638,522891553
2000-07-28,-2.257,519575669
2000-07-27,-0.342,531571920
2000-07-26,-0.975,533398191
2000-07-25,0.320,538652432
2000-07-24,-0.571,536936259
2000-07-21,-1.950,540019575
2000-07-20,1.389,550758442
2000-07-19,-0.803,543214927
2000-07-18,-0.817,547611939
2000-07-17,-0.165,552123408
2000-07-14,0.981,553035442
2000-07-13,0.440,547662855
2000-07-12,0.654,545261462
2000-07-11,0.212,541717133
2000-07-10,-0.168,540572488
2000-07-07,1.608,541484548
2000-07-06,0.778,532913145
2000-07-05,-1.803,528797783
2000-07-03,1.377,538507704
2000-06-30,0.759,531193093
2000-06-29,-0.944,527192210
2000-06-28,0.280,532217602
2000-06-27,-0.737,530730085
2000-06-26,1.288,534669870
2000-06-23,-0.858,527869844
2000-06-22,-1.521,532438132
2000-06-21,-0.042,540662585
2000-06-20,-0.357,540889069
2000-06-19,1.279,542829214
2000-06-16,-0.819,535971881
2000-06-15,0.212,540398243
2000-06-14,0.170,539256384
2000-06-13,1.877,538342500
2000-06-12,-1.172,528424184
2000-06-09,-0.212,534691040
2000-06-08,-0.392,535828850
2000-06-07,0.694,537935381
2000-06-06,-0.446,534229102
2000-06-05,-0.486,536620851
2000-06-02,1.742,539240206
2000-06-01,1.751,530006023
2000-05-31,0.220,520885720
2000-05-30,3.261,519743982
2000-05-26,0.114,503329186
2000-05-25,-1.715,502757243
2000-05-24,1.631,511531773
2000-05-23,-1.472,503323523
2000-05-22,-0.753,510844077
2000-05-19,-1.569,514717344
2000-05-18,-1.227,522921652
2000-05-17,-1.044,529416103
2000-05-16,0.968,534999043
2000-05-15,1.729,529868029
2000-05-12,1.084,520862279
2000-05-11,2.285,515275461
2000-05-10,-2.255,503762427
2000-05-09,-0.800,515385736
2000-05-08,-0.751,519543672
2000-05-05,1.212,523473692
2000-05-04,0.755,517203478
2000-05-03,-2.341,513326530
2000-05-02,-1.997,525633407
2000-05-01,1.357,536344612
2000-04-28,-0.620,529162352
2000-04-27,-0.330,532465640
2000-04-26,-1.128,534229880
2000-04-25,4.152,540325287
2000-04-24,-1.086,518783509
2000-04-20,0.481,524479933
2000-04-19,-0.930,521970693
2000-04-18,2.642,526869129
2000-04-17,3.493,513305352
2000-04-14,-5.719,495980639
2000-04-13,-1.388,526065608
2000-04-12,-2.742,533471181
2000-04-11,-0.290,548512479
2000-04-10,-0.392,550105918
2000-04-07,0.634,552269330
2000-04-06,0.870,548791107
2000-04-05,-0.624,544059875
2000-04-04,-0.743,547476702
2000-04-03,0.582,551577274
2000-03-31,1.135,548384287
2000-03-30,-1.673,542228338
2000-03-29,0.104,551456941
2000-03-28,-0.576,550885240
2000-03-27,-1.058,554074045
2000-03-24,0.594,559997848
2000-03-23,1.708,556690775
2000-03-22,0.608,547344098
2000-03-21,2.053,544037432
2000-03-20,-0.510,533095466
2000-03-17,0.660,535828438
2000-03-16,4.672,532317690
2000-03-15,2.333,508558949
2000-03-14,-1.420,496962803
2000-03-13,-1.092,504121892
2000-03-10,-0.532,509689909
2000-03-09,2.923,512416023
2000-03-08,-0.125,497864686
2000-03-07,-1.934,498487710
2000-03-06,-0.974,508318265
2000-03-03,1.873,513317664
2000-03-02,0.068,503881327
2000-03-01,0.728,503538609
2000-02-29,0.965,499899449
2000-02-28,2.098,495123672
2000-02-25,-0.362,484948783
2000-02-24,-2.013,486708861
2000-02-23,1.181,496709384
2000-02-22,-0.254,490910560
2000-02-18,-2.146,492159171
2000-02-17,-0.517,502955025
2000-02-16,-1.473,505567517
2000-02-15,1.132,513123959
2000-02-14,0.586,507382293
2000-02-11,-2.031,504425229
2000-02-10,0.199,514880022
2000-02-09,-2.100,513854992
2000-02-08,1.361,524878132
2000-02-07,-0.153,517829346
2000-02-04,-0.414,518622843
2000-02-03,1.507,520780557
2000-02-02,0.089,513049924
2000-02-01,0.986,512593373
2000-01-31,2.714,507590577
2000-01-28,-3.119,494177289
2000-01-27,-0.399,510087187
2000-01-26,-0.792,512131063
2000-01-25,1.136,516220705
2000-01-24,-2.834,510422243
2000-01-21,-0.216,525309124
2000-01-20,-1.530,526443687
2000-01-19,0.815,534624713
2000-01-18,-0.786,530303918
2000-01-14,1.358,534506884
2000-01-13,1.355,527345002
2000-01-12,-0.994,520296656
2000-01-11,-1.196,525522636
2000-01-10,0.343,531885078
2000-01-07,5.808,530064686
2000-01-06,-1.607,500968451
2000-01-05,0.179,509149298
2000-01-04,-3.910,508238201
2000-01-03,-0.978,528920249
1999-12-31,0.160,534146059
1999-12-30,-0.117,533291589
1999-12-29,0.428,533914759
1999-12-28,-0.064,531639829
1999-12-27,-0.138,531978606
1999-12-23,1.593,532715198
1999-12-22,0.261,524360560
1999-12-21,1.523,522994858
1999-12-20,-0.722,515151274
1999-12-17,0.641,518899756
1999-12-16,0.442,515596366
1999-12-15,0.533,513327096
1999-12-14,-0.967,510604376
1999-12-13,0.177,515590566
1999-12-10,0.332,514681708
1999-12-09,0.489,512979133
1999-12-08,-0.640,510483185
1999-12-07,-0.809,513769003
1999-12-06,-0.738,517961373
1999-12-03,1.837,521813789
1999-12-02,0.601,512402866
1999-12-01,0.808,509339987
1999-11-30,-1.175,505257038
1999-11-29,-0.353,511263484
1999-11-26,-0.374,513075348
1999-11-24,0.531,515000393
1999-11-23,-0.877,512277810
1999-11-22,-0.022,516810291
1999-11-19,-0.087,516921880
1999-11-18,0.706,517373378
1999-11-17,0.266,513743957
1999-11-16,0.837,512381730
1999-11-15,0.235,508128773
1999-11-12,0.903,506936726
1999-11-11,0.568,502400541
1999-11-10,0.743,499564573
1999-11-09,-0.939,495878676
1999-11-08,0.091,500581196
1999-11-05,0.985,500125897
1999-11-04,0.761,495249591
1999-11-03,0.674,491507200
1999-11-02,-0.714,488217920
1999-11-01,-1.049,491730221
1999-10-29,1.812,496942628
1999-10-28,3.411,488099241
1999-10-27,1.810,472001363
1999-10-26,-1.255,463611543
1999-10-25,-0.504,469504088
1999-10-22,0.848,471882535
1999-10-21,0.585,467913656
1999-10-20,0.985,465191493
1999-10-19,0.969,460655752
1999-10-18,0.726,456233203
1999-10-15,-2.560,452944561
1999-10-14,-0.024,464844302
1999-10-13,-2.588,464956074
1999-10-12,-1.543,477309070
1999-10-11,-0.163,484788204
1999-10-08,1.517,485579981
1999-10-07,-0.565,478323985
1999-10-06,1.531,481042497
1999-10-05,-0.095,473786572
1999-10-04,1.776,474238176
1999-10-01,-0.218,465962060
1999-09-30,1.528,466980579
1999-09-29,-1.193,459951503
1999-09-28,-0.194,465503444
1999-09-27,0.661,466408443
1999-09-24,-0.097,463346608
1999-09-23,-2.093,463798240
1999-09-22,-0.107,473713634
1999-09-21,-2.105,474222170
1999-09-20,-0.140,484421078
1999-09-17,1.261,485099304
1999-09-16,0.391,479060567
1999-09-15,-1.585,477193968
1999-09-14,-0.660,484877859
1999-09-13,-0.678,488097121
1999-09-10,0.835,491429607
1999-09-09,-0.046,487358920
1999-09-08,-0.484,487583138
1999-09-07,-0.367,489954618
1999-09-03,2.922,491761135
1999-09-02,-1.180,477800996
1999-09-01,1.231,483507056
1999-08-31,-0.377,477628156
1999-08-30,-1.851,479434692
1999-08-27,-1.211,488474498
1999-08-26,-1.197,494462540
1999-08-25,1.027,500450870
1999-08-24,0.367,495362982
1999-08-23,1.914,493552831
1999-08-20,1.014,484283509
1999-08-19,-0.818,479422106
1999-08-18,-0.719,483375740
1999-08-17,0.655,486877610
1999-08-16,0.446,483711330
1999-08-13,2.318,481562049
1999-08-12,-0.060,470654311
1999-08-11,1.215,470935029
1999-08-10,-1.105,465282535
1999-08-09,-0.215,470479440
1999-08-06,-1.090,471494966
1999-08-05,0.909,476691808
1999-08-04,-1.368,472395532
1999-08-03,-0.469,478948482
1999-08-02,0.236,481206926
1999-07-30,-1.232,480075005
1999-07-29,-1.398,486062630
1999-07-28,0.322,492954628
1999-07-27,0.835,491370635
1999-07-26,-0.736,487300437
1999-07-23,-0.195,490914912
1999-07-22,-1.315,491873535
1999-07-21,-0.113,498426190
1999-07-20,-2.052,498989199
1999-07-19,-0.661,509440819
1999-07-16,0.543,512829128
1999-07-15,0.636,510058261
1999-07-14,0.561,506835772
1999-07-13,-0.357,504008887
1999-07-12,-0.444,505815087
1999-07-09,0.593,508073294
1999-07-08,0.079,505076487
1999-07-07,0.135,504679353
1999-07-06,-0.022,503999437
1999-07-02,0.997,504110384
1999-07-01,0.753,499136357
1999-06-30,1.812,495405564
1999-06-29,0.938,486589530
1999-06-28,1.222,482067632
1999-06-25,-0.248,476246139
1999-06-24,-0.751,477430810
1999-06-23,-0.491,481045037
1999-06-22,-0.696,483416403
1999-06-21,0.233,486804581
1999-06-18,0.116,485672763
1999-06-17,0.938,485112260
1999-06-16,1.912,480604090
1999-06-15,0.674,471589620
1999-06-14,0.097,468433430
1999-06-11,-0.835,467981043
1999-06-10,-0.922,471922120
1999-06-09,-0.094,476314126
1999-06-08,-0.982,476762965
1999-06-07,0.258,481492721
1999-06-04,2.010,480251540
1999-06-03,0.554,470786721
1999-06-02,0.097,468194067
1999-06-01,-0.348,467741695
1999-05-28,1.276,469373308
1999-05-27,-1.437,463457362
1999-05-26,1.115,470214795
1999-05-25,-1.620,465031020
1999-05-24,-1.664,472689613
1999-05-21,-0.559,480685937
1999-05-20,-0.602,483387762
1999-05-19,0.724,486314868
1999-05-18,-0.186,482821051
1999-05-17,0.304,483720439
1999-05-14,-2.593,482254016
1999-05-13,0.435,495094198
1999-05-12,0.783,492952183
1999-05-11,1.012,489120296
1999-05-10,-0.497,484218172
1999-05-07,0.758,486638386
1999-05-06,-0.614,482975262
1999-05-05,0.795,485958857
1999-05-04,-1.428,482127068
1999-05-03,1.830,489109291
1999-04-30,-0.814,480321127
1999-04-29,-0.761,484261729
1999-04-28,-1.366,487977344
1999-04-27,0.481,494734152
1999-04-26,0.576,492366616
1999-04-23,-0.252,489548858
1999-04-22,0.950,490785926
1999-04-21,2.860,486165918
1999-04-20,1.255,472647070
1999-04-19,-1.544,466787942
1999-04-16,-0.848,474107692
1999-04-15,-0.375,478160976
1999-04-14,-1.684,479961426
1999-04-13,-0.642,488182493
1999-04-12,1.066,491334563
1999-04-09,0.024,486151331
1999-04-08,1.268,486036704
1999-04-07,0.805,479952426
1999-04-06,-0.236,476120946
1999-04-05,2.368,477245533
1999-04-01,0.755,466205336
1999-03-31,-1.604,462712025
1999-03-30,-0.524,470256734
1999-03-29,2.018,472732952
1999-03-26,-0.724,463382630
1999-03-25,2.044,466759933
1999-03-24,0.570,457409346
1999-03-23,-2.886,454817243
1999-03-22,0.193,468331549
1999-03-19,-1.695,467428729
1999-03-18,1.609,475490133
1999-03-17,-0.430,467960396
1999-03-16,-0.381,469981024
1999-03-15,1.425,471776929
1999-03-12,-0.957,465146452
1999-03-11,1.113,469638842
1999-03-10,0.879,464468845
1999-03-09,-0.243,460422412
1999-03-08,0.650,461544207
1999-03-05,2.012,458564883
1999-03-04,1.266,449518968
1999-03-03,0.535,443899739
1999-03-02,-0.882,441538906
1999-03-01,0.279,445469310
1999-02-26,-0.403,444231984
1999-02-25,-0.948,446027905
1999-02-24,-1.764,450295485
1999-02-23,-0.049,458382876
1999-02-22,2.666,458605853
1999-02-19,0.430,446695299
1999-02-18,0.790,444783533
1999-02-17,-0.101,441299310
1999-02-16,-0.606,441747040
1999-02-12,-1.198,444441682
1999-02-11,2.300,449832594
1999-02-10,0.643,439719860
1999-02-09,-2.237,436909407
1999-02-08,0.202,446906586
1999-02-05,-1.145,446006160
1999-02-04,-1.496,451172278
1999-02-03,1.016,458023309
1999-02-02,-0.615,453415743
1999-02-01,-0.587,456222402
1999-01-29,0.765,458916889
1999-01-28,1.681,455432783
1999-01-27,-1.165,447904054
1999-01-26,1.818,453182560
1999-01-25,1.020,445092387
1999-01-22,-0.229,440597139
1999-01-21,-2.649,441606347
1999-01-20,0.799,453625116
1999-01-19,0.654,450028592
1999-01-15,2.604,447106122
1999-01-14,-1.747,435758178
1999-01-13,-0.704,443507985
1999-01-12,-1.802,446651745
1999-01-11,-0.954,454850415
1999-01-08,0.740,459229991
1999-01-07,-0.490,455858211
1999-01-06,2.411,458103199
1999-01-05,1.143,447317376
1999-01-04,-0.228,442260477
1998-12-31,0.000,443270011
1998-12-30,-0.804,443268349
1998-12-29,1.584,446861335
1998-12-28,-0.254,439895055
1998-12-24,-0.431,441016724
1998-12-23,2.098,442924515
1998-12-22,0.443,433824228
1998-12-21,1.398,431912789
1998-12-18,0.424,425957858
1998-12-17,1.596,424160532
1998-12-16,-0.134,417497261
1998-12-15,2.583,418055679
1998-12-14,-2.881,407530024
1998-12-11,0.201,419619954
1998-12-10,-1.462,418778616
1998-12-09,0.185,424990747
1998-12-08,-0.446,424205267
1998-12-07,0.476,426107123
1998-12-04,2.628,424090320
1998-12-03,-1.652,413228862
1998-12-02,-0.292,420168523
1998-12-01,1.292,421398638
1998-11-30,-2.824,416023257
1998-11-27,0.738,428112701
1998-11-25,0.000,424976403
1998-11-24,-0.628,424974809
1998-11-23,2.358,427660075
1998-11-20,0.756,417806689
1998-11-19,0.872,414670476
1998-11-18,0.603,411086481
1998-11-17,0.000,408622022
1998-11-16,0.746,408620489
1998-11-13,0.976,405596118
1998-11-12,-0.111,401676552
1998-11-11,-0.663,402122842
1998-11-10,-0.275,404808104
1998-11-09,-0.712,405926069
1998-11-06,0.303,408835191
1998-11-05,1.364,407602046
1998-11-04,1.070,402115302
1998-11-03,-0.726,397859822
1998-11-02,1.705,400768932
1998-10-30,0.543,394050681
1998-10-29,2.429,391922051
1998-10-28,-0.175,382629339
1998-10-27,-0.580,383299571
1998-10-26,0.732,385537017
1998-10-23,-1.270,382736788
1998-10-22,1.495,387660857
1998-10-21,-0.350,381950507
1998-10-20,0.588,383292384
1998-10-19,0.354,381052106
1998-10-16,0.030,379707378
1998-10-15,5.376,379593823
1998-10-14,0.941,360226832
1998-10-13,-0.343,356867270
1998-10-12,1.459,358097081
1998-10-09,2.006,352946519
1998-10-08,-0.547,346004969
1998-10-07,-1.489,347906820
1998-10-06,-0.095,353166425
1998-10-05,-2.016,353501104
1998-10-02,1.929,360775522
1998-10-01,-2.887,353946200
1998-09-30,-3.037,364466912
1998-09-29,-0.237,375883034
1998-09-28,0.900,376777110
1998-09-25,-0.119,373417638
1998-09-24,-2.453,373863977
1998-09-23,4.010,383265071
1998-09-22,0.827,368488336
1998-09-21,-0.061,365464556
1998-09-18,0.444,365687052
1998-09-17,-2.857,364071540
1998-09-16,0.901,374778080
1998-09-15,0.605,371430466
1998-09-14,1.721,369198277
1998-09-11,3.236,362950684
1998-09-10,-1.990,351572342
1998-09-09,-2.427,358709494
1998-09-08,5.371,367631203
1998-09-04,-0.824,348891477
1998-09-03,-0.786,351790140
1998-09-02,-0.718,354577055
1998-09-01,4.232,357141255
1998-08-31,-7.134,342640221
1998-08-28,-0.361,368961352
1998-08-27,-4.707,370298391
1998-08-26,-0.570,388588710
1998-08-25,0.229,390817941
1998-08-24,0.634,389924203
1998-08-21,-0.799,387469003
1998-08-20,-0.596,390590478
1998-08-19,-0.254,392931011
1998-08-18,1.846,393933517
1998-08-17,2.121,386794000
1998-08-14,-1.164,378762283
1998-08-13,-1.207,383222105
1998-08-12,1.696,387904954
1998-08-11,-1.497,381434747
1998-08-10,-0.572,387232866
1998-08-07,0.172,389462001
1998-08-06,0.433,388791367
1998-08-05,1.373,387116792
1998-08-04,-3.874,381873707
1998-08-03,-0.419,397263096
1998-07-31,-2.134,398934326
1998-07-30,1.500,407631923
1998-07-29,-0.387,401607967
1998-07-28,-1.686,403167825
1998-07-27,0.713,410080899
1998-07-24,-0.082,407179707
1998-07-23,-1.985,407512944
1998-07-22,0.000,415764215
1998-07-21,-1.739,415762656
1998-07-20,0.000,423121646
1998-07-17,0.132,423120059
1998-07-16,0.691,422560670
1998-07-15,-0.185,419659508
1998-07-14,1.127,420438776
1998-07-13,0.027,415753301
1998-07-10,0.540,415640032
1998-07-09,-0.670,413408062
1998-07-08,0.729,416194704
1998-07-07,-0.188,413181922
1998-07-06,1.007,413961197
1998-07-02,0.191,409833257
1998-07-01,1.159,409051280
1998-06-30,-0.684,404365987
1998-06-29,0.358,407152223
1998-06-26,0.414,405701161
1998-06-25,-0.165,404026699
1998-06-24,1.341,404694282
1998-06-23,1.187,399339998
1998-06-22,0.483,394654847
1998-06-19,-0.499,392757799
1998-06-18,-0.448,394727621
1998-06-17,2.090,396504682
1998-06-16,1.541,388388822
1998-06-15,-2.631,382495805
1998-06-12,0.943,392832210
1998-06-11,-1.877,389162363
1998-06-10,-0.640,396608591
1998-06-09,0.308,399163510
1998-06-08,-0.111,397939487
1998-06-05,1.934,398382616
1998-06-04,1.854,390822580
1998-06-03,-1.596,383707218
1998-06-02,0.086,389930415
1998-06-01,0.459,389595302
1998-05-29,-0.993,387815388
1998-05-28,0.456,391704475
1998-05-27,0.143,389924566
1998-05-26,-1.601,389367154
1998-05-22,-0.391,395701529
1998-05-21,-0.639,397256164
1998-05-20,0.955,399810955
1998-05-19,0.679,396030341
1998-05-18,-0.394,393361255
1998-05-15,-0.559,394915874
1998-05-14,-0.501,397137377
1998-05-13,0.252,399136566
1998-05-12,1.073,398134922
1998-05-11,-0.337,393909807
1998-05-08,1.629,395242101
1998-05-07,-0.794,388905044
1998-05-06,-1.176,392015693
1998-05-05,-0.695,396682367
1998-05-04,-0.249,399459714
1998-05-01,1.123,400458337
1998-04-30,1.859,396011034
1998-04-29,0.691,388785337
1998-04-28,-0.143,386116418
1998-04-27,-1.889,386670501
1998-04-24,-1.060,394115845
1998-04-23,-0.967,398337798
1998-04-22,0.277,402226104
1998-04-21,0.474,401113175
1998-04-20,-0.027,399222451
1998-04-17,1.326,399331906
1998-04-16,-1.170,394106977
1998-04-15,0.280,398773397
1998-04-14,0.846,397660502
1998-04-13,-0.281,394324822
1998-04-09,0.794,395434735
1998-04-08,-0.563,392321367
1998-04-07,-0.671,394542663
1998-04-06,-0.804,397208494
1998-04-03,0.502,400429804
1998-04-02,1.086,398427834
1998-04-01,0.810,394147684
1998-03-31,0.343,390978904
1998-03-30,-0.057,389643807
1998-03-27,-0.425,389864617
1998-03-26,-0.056,391529992
1998-03-25,-0.367,391750793
1998-03-24,0.856,393194257
1998-03-23,-0.227,389858769
1998-03-20,0.859,390746374
1998-03-19,0.259,387417138
1998-03-18,0.375,386418149
1998-03-17,0.289,384976280
1998-03-16,1.080,383866680
1998-03-13,-0.378,379764890
1998-03-12,0.409,381204246
1998-03-11,0.470,379651416
1998-03-10,0.948,377876969
1998-03-09,-0.354,374329519
1998-03-06,2.017,375657873
1998-03-05,-0.924,368231824
1998-03-04,-0.651,371665812
1998-03-03,0.566,374102280
1998-03-02,-0.208,371995271
1998-02-27,0.000,372769742
1998-02-26,0.568,372768344
1998-02-25,1.241,370661364
1998-02-24,-0.780,366116960
1998-02-23,0.392,368996631
1998-02-20,0.744,367554543
1998-02-19,-0.528,364838461
1998-02-18,0.915,366776317
1998-02-17,0.491,363450710
1998-02-13,-0.578,361676430
1998-02-12,0.429,363780217
1998-02-11,-0.091,362227562
1998-02-10,0.957,362558809
1998-02-09,-0.338,359122287
1998-02-06,1.120,360339985
1998-02-05,-0.062,356349660
1998-02-04,-0.124,356569933
1998-02-03,0.751,357011812
1998-02-02,1.653,354351187
1998-01-30,0.064,348588093
1998-01-29,0.544,348365180
1998-01-28,0.904,346480046
1998-01-27,1.011,343376293
1998-01-26,-0.065,339940346
1998-01-23,-0.146,340160673
1998-01-22,-0.886,340657919
1998-01-21,-0.957,343703731
1998-01-20,1.623,347026438
1998-01-16,1.432,341485164
1998-01-15,-0.832,336664044
1998-01-14,0.459,339488228
1998-01-13,1.397,337935780
1998-01-12,1.828,333281005
1998-01-09,-3.464,327296697
1998-01-08,-0.874,339039946
1998-01-07,0.260,342029994
1998-01-06,-1.598,341142342
1998-01-05,0.225,346680848
1998-01-02,0.516,345904168
1997-12-31,-0.064,344130153
1997-12-30,1.569,344350452
1997-12-29,1.966,339031046
1997-12-26,0.402,332492763
1997-12-24,-0.300,331161997
1997-12-23,-1.785,332158078
1997-12-22,0.643,338194936
1997-12-19,-0.745,336033118
1997-12-18,-0.968,338554184
1997-12-17,-0.513,341863393
1997-12-16,0.614,343627693
1997-12-15,1.012,341529597
1997-12-12,0.197,338107713
1997-12-11,-1.703,337444360
1997-12-10,-0.860,343291310
1997-12-09,-0.601,346269573
1997-12-08,-0.284,348364669
1997-12-05,1.280,349356664
1997-12-04,-0.095,344941531
1997-12-03,0.289,345271086
1997-12-02,-0.605,344276876
1997-12-01,2.582,346371939
1997-11-28,0.099,337653658
1997-11-26,0.296,337321174
1997-11-25,0.264,336327009
1997-11-24,-1.808,335443006
1997-11-21,0.683,341620915
1997-11-20,1.519,339302268
1997-11-19,0.498,334225289
1997-11-18,-0.626,332569107
1997-11-17,1.847,334664145
1997-11-14,1.362,328594365
1997-11-13,1.451,324179541
1997-11-12,-2.062,319544071
1997-11-11,0.034,326273363
1997-11-10,-0.605,326161988
1997-11-07,-1.081,328146851
1997-11-06,-0.381,331731515
1997-11-05,0.333,332999232
1997-11-04,0.000,331894614
1997-11-03,2.105,331893369
1997-10-31,2.363,325051288
1997-10-30,-2.208,317547244
1997-10-29,-0.271,324717657
1997-10-28,5.771,325599118
1997-10-27,-7.247,307834239
1997-10-24,-0.987,331885895
1997-10-23,-1.968,335194658
1997-10-22,-0.657,341923536
1997-10-21,1.945,344183994
1997-10-20,1.426,337618198
1997-10-17,-1.017,332872472
1997-10-16,-1.582,336291688
1997-10-15,-0.225,341696463
1997-10-14,0.033,342467683
1997-10-13,0.097,342355881
1997-10-10,-0.289,342023795
1997-10-09,-0.352,343015290
1997-10-08,-0.700,344227810
1997-10-07,0.932,346653748
1997-10-06,0.663,343452744
1997-10-03,0.504,341189843
1997-10-02,0.556,339478383
1997-10-01,1.325,337601739
1997-09-30,-1.048,333187411
1997-09-29,0.960,336716598
1997-09-26,0.834,333515702
1997-09-25,-0.695,330756506
1997-09-24,-0.821,333071901
1997-09-23,-0.457,335828951
1997-09-22,0.559,337372229
1997-09-19,0.169,335495274
1997-09-18,0.429,334928217
1997-09-17,0.000,333498189
1997-09-16,2.500,333496938
1997-09-15,-0.168,325361676
1997-09-12,1.611,325909863
1997-09-11,-0.511,320742669
1997-09-10,-2.070,322390048
1997-09-09,0.051,329203719
1997-09-08,0.436,329037528
1997-09-05,-0.284,327607565
1997-09-04,0.640,328540518
1997-09-03,-0.535,326451073
1997-09-02,3.251,328208494
1997-08-29,0.400,317875257
1997-08-28,-1.521,316609967
1997-08-27,0.602,321499853
1997-08-26,-1.474,319575076
1997-08-25,-0.371,324355188
1997-08-22,-0.033,325563200
1997-08-21,-1.757,325671705
1997-08-20,1.515,331496009
1997-08-19,1.158,326548555
1997-08-18,2.228,322810348
1997-08-15,-3.070,315774844
1997-08-14,0.373,325775694
1997-08-13,-0.304,324565276
1997-08-12,-1.594,325553431
1997-08-11,0.737,330827851
1997-08-08,-2.032,328408618
1997-08-07,-0.748,335221703
1997-08-06,0.821,337748142
1997-08-05,0.066,334999374
1997-08-04,0.264,334778304
1997-08-01,-0.393,333897795
1997-07-31,-0.098,335215418
1997-07-30,1.194,335543692
1997-07-29,0.333,331585837
1997-07-28,-0.066,330485543
1997-07-25,-0.066,330704113
1997-07-24,0.468,330922681
1997-07-23,-0.083,329382787
1997-07-22,2.653,329656229
1997-07-21,0.018,321137778
1997-07-18,-2.127,321081355
1997-07-17,-0.500,328059020
1997-07-16,1.318,329706502
1997-07-15,0.509,325418927
1997-07-14,0.307,323769379
1997-07-11,0.342,322778873
1997-07-10,0.446,321678662
1997-07-09,-1.103,320248946
1997-07-08,1.046,323819391
1997-07-07,-1.018,320466342
1997-07-03,1.377,323762094
1997-07-02,1.644,319364957
1997-07-01,1.168,314198384
1997-06-30,-0.667,310570783
1997-06-27,0.388,312657471
1997-06-26,-0.491,311447625
1997-06-25,-0.697,312985001
1997-06-24,2.539,315181739
1997-06-23,-2.424,307377812
1997-06-20,-0.339,315014451
1997-06-19,1.032,316086023
1997-06-18,-0.348,312855848
1997-06-17,-0.139,313949334
1997-06-16,0.035,314386018
1997-06-13,0.843,314275188
1997-06-12,1.934,311646858
1997-06-11,0.234,305734620
1997-06-10,0.306,305022063
1997-06-09,0.507,304090561
1997-06-06,1.955,302556938
1997-06-05,0.371,296754099
1997-06-04,-0.111,295658364
1997-06-03,-0.331,295985826
1997-06-02,-0.440,296969683
1997-05-30,0.647,298282101
1997-05-29,-0.587,296365342
1997-05-28,-0.018,298115594
1997-05-27,0.406,298169472
1997-05-23,0.930,296964115
1997-05-22,-0.333,294226714
1997-05-21,-0.222,295210552
1997-05-20,1.198,295866193
1997-05-19,0.301,292362437
1997-05-16,-1.370,291485682
1997-05-15,0.672,295534680
1997-05-14,0.187,293563355
1997-05-13,-0.409,293014788
1997-05-12,1.665,294217887
1997-05-09,0.686,289400753
1997-05-08,0.691,287429481
1997-05-07,-2.175,285458223
1997-05-06,-0.075,291805485
1997-05-05,2.380,292023298
1997-05-02,1.797,285236105
1997-05-01,-0.117,280200206
1997-04-30,0.471,280527327
1997-04-29,3.154,279212852
1997-04-28,0.980,270674581
1997-04-25,-1.150,268046738
1997-04-24,-0.502,271164999
1997-04-23,0.101,272532378
1997-04-22,2.198,272257465
1997-04-21,-0.653,266401160
1997-04-18,0.493,268151347
1997-04-17,-0.408,266836957
1997-04-16,1.157,267930439
1997-04-15,1.703,264864893
1997-04-14,1.342,260431011
1997-04-11,-3.175,256982717
1997-04-10,-0.369,265408961
1997-04-09,-0.815,266393167
1997-04-08,0.719,268581085
1997-04-07,0.392,266664702
1997-04-04,1.252,265623870
1997-04-03,0.546,262339535
1997-04-02,-1.791,260915962
1997-04-01,0.643,265675522
1997-03-31,-2.110,263978420
1997-03-27,-2.647,269668464
1997-03-26,0.437,276999917
1997-03-25,-0.982,275795200
1997-03-24,1.395,278530024
1997-03-21,0.462,274698719
1997-03-20,-0.515,273435588
1997-03-19,-0.336,274851697
1997-03-18,-1.075,275777291
1997-03-17,0.275,278774489
1997-03-14,0.513,278010465
1997-03-13,-1.552,276591940
1997-03-12,-0.884,280951802
1997-03-11,-0.535,283458441
1997-03-10,1.044,284983681
1997-03-07,0.897,282038854
1997-03-06,-0.581,279530502
1997-03-05,1.696,281164575
1997-03-04,-0.549,276475844
1997-03-03,0.672,278001082
1997-02-28,-0.295,276146528
1997-02-27,-1.492,276963238
1997-02-26,-0.979,281159303
1997-02-25,0.077,283938312
1997-02-24,1.186,283719212
1997-02-21,0.039,280393205
1997-02-20,-1.210,280282952
1997-02-19,-0.668,283716020
1997-02-18,0.847,285622815
1997-02-14,-0.230,283223402
1997-02-13,1.087,283876431
1997-02-12,1.418,280822955
1997-02-11,1.155,276897386
1997-02-10,-0.946,273734760
1997-02-07,1.360,276350057
1997-02-06,0.664,272642576
1997-02-05,-1.876,270842949
1997-02-04,0.616,276020096
1997-02-03,0.299,274329297
1997-01-31,-0.119,273510578
1997-01-30,1.291,273836770
1997-01-29,0.978,270347402
1997-01-28,0.286,267730143
1997-01-27,-0.285,266965885
1997-01-24,-1.286,267728135
1997-01-23,-1.387,271215419
1997-01-22,0.719,275029518
1997-01-21,0.805,273066339
1997-01-20,0.121,270885160
1997-01-17,0.608,270557307
1997-01-16,0.407,268921003
1997-01-15,-0.243,267829929
1997-01-14,1.254,268482961
1997-01-13,-0.143,265157384
1997-01-10,1.079,265537988
1997-01-09,0.837,262702865
1997-01-08,-0.871,260521789
1997-01-07,1.218,262809713
1997-01-06,-0.873,259647805
1997-01-03,1.436,261935716
1997-01-02,0.254,258228635
1996-12-31,-1.828,257573652
1996-12-30,-0.865,262368777
1996-12-27,0.124,264657013
1996-12-26,0.769,264328832
1996-12-24,0.733,262311430
1996-12-23,-0.250,260402834
1996-12-20,0.272,261055857
1996-12-19,2.062,260348189
1996-12-18,0.793,255089409
1996-12-17,0.799,253082980
1996-12-16,-1.278,251076541
1996-12-13,0.257,254327862
1996-12-12,-1.660,253676458
1996-12-11,-0.916,257957356
1996-12-10,-0.476,260341354
1996-12-09,1.472,261587139
1996-12-06,-0.585,257792108
1996-12-05,-0.271,259308829
1996-12-04,0.272,260012415
1996-12-03,-1.705,259306884
1996-12-02,0.041,263804458
1996-11-29,0.372,263695248
1996-11-27,-0.185,262718437
1996-11-26,-0.328,263205533
1996-11-25,1.268,264071774
1996-11-22,0.775,260764227
1996-11-21,-0.146,258757880
1996-11-20,0.168,259136422
1996-11-19,0.718,258701843
1996-11-18,0.021,256857865
1996-11-15,0.127,256802781
1996-11-14,0.660,256476800
1996-11-13,0.449,254795555
1996-11-12,-0.298,253656481
1996-11-11,-0.106,254414142
1996-11-08,0.557,254684106
1996-11-07,0.236,253274153
1996-11-06,1.924,252676909
1996-11-05,0.572,247906459
1996-11-04,0.664,246496548
1996-11-01,-0.353,244869485
1996-10-31,0.958,245735739
1996-10-30,-0.333,243404221
1996-10-29,0.806,244216356
1996-10-28,-0.666,242264324
1996-10-25,0.089,243889523
1996-10-24,-0.859,243671819
1996-10-23,0.332,245784327
1996-10-22,-0.703,244970716
1996-10-21,-0.131,246704091
1996-10-18,0.530,247028160
1996-10-17,0.266,245726524
1996-10-16,0.489,245075250
1996-10-15,-0.133,243882206
1996-10-14,0.134,244206282
1996-10-11,1.238,243880377
1996-10-10,-0.202,240898645
1996-10-09,-0.779,241385393
1996-10-08,-0.399,243281411
1996-10-07,0.111,244255818
1996-10-04,1.351,243984009
1996-10-03,-0.090,240731441
1996-10-02,0.680,240947315
1996-10-01,0.547,239320781
1996-09-30,-0.091,238019236
1996-09-27,0.091,238235118
1996-09-26,-0.045,238017451
1996-09-25,0.069,238124761
1996-09-24,-0.023,237961210
1996-09-23,-0.022,238014774
1996-09-20,0.353,238067994
1996-09-19,0.388,237230184
1996-09-18,-0.250,236312467
1996-09-17,-0.227,236904729
1996-09-16,0.365,237443175
1996-09-13,1.528,236579646
1996-09-12,0.699,233020203
1996-09-11,0.563,231402076
1996-09-10,-0.046,230107264
1996-09-09,1.185,230214046
1996-09-06,1.418,227517669
1996-09-05,-1.210,224335826
1996-09-04,0.095,227084654
1996-09-03,0.646,226868149
1996-08-30,-1.041,225411565
1996-08-29,-0.984,227782888
1996-08-28,-0.163,230046185
1996-08-27,0.376,230422790
1996-08-26,-0.490,229559329
1996-08-23,-0.534,230690543
1996-08-22,0.939,231929731
1996-08-21,-0.350,229772393
1996-08-20,-0.070,230580307
1996-08-19,0.047,230741256
1996-08-16,0.849,230632386
1996-08-15,-0.188,228690728
1996-08-14,0.355,229121156
1996-08-13,-0.796,228311560
1996-08-12,0.732,230143837
1996-08-09,-0.329,228471657
1996-08-08,-0.164,229225722
1996-08-07,0.259,229601968
1996-08-06,0.307,229008365
1996-08-05,-0.587,228306423
1996-08-02,2.159,229653556
1996-08-01,1.658,224800713
1996-07-31,0.737,221134079
1996-07-30,0.967,219516178
1996-07-29,-1.103,217412838
1996-07-26,0.543,219837807
1996-07-25,0.896,218651182
1996-07-24,0.200,216709686
1996-07-23,-1.279,216277613
1996-07-22,-0.732,219079981
1996-07-19,-0.727,220696199
1996-07-18,1.377,222312749
1996-07-17,1.194,219293142
1996-07-16,0.250,216704810
1996-07-15,-2.952,216164762
1996-07-12,0.073,222740663
1996-07-11,-2.017,222578031
1996-07-10,0.405,227159072
1996-07-09,0.407,226241932
1996-07-08,-0.405,225324773
1996-07-05,-2.554,226240235
1996-07-03,-0.208,232168735
1996-07-02,-0.369,232653269
1996-07-01,0.862,233514867
1996-06-28,0.351,231519273
1996-06-27,0.706,230710106
1996-06-26,-0.677,229091943
1996-06-25,-0.116,230654210
1996-06-24,0.187,230923124
1996-06-21,0.856,230491033
1996-06-20,-0.070,228534943
1996-06-19,0.448,228695052
1996-06-18,-0.817,227675293
1996-06-17,-0.070,229551269
1996-06-14,-0.418,229711349
1996-06-13,0.000,230675472
1996-06-12,-0.185,230674607
1996-06-11,-0.092,231102702
1996-06-10,-0.323,231316314
1996-06-07,0.000,232066303
1996-06-06,-0.734,232065432
1996-06-05,0.880,233780375
1996-06-04,0.699,231741796
1996-06-03,0.281,230132546
1996-05-31,-0.742,229488261
1996-05-30,0.513,231203187
1996-05-29,-0.671,230022539
1996-05-28,-1.008,231576518
1996-05-24,0.392,233934830
1996-05-23,-0.412,233022534
1996-05-22,0.949,233986954
1996-05-21,-0.138,231787513
1996-05-20,0.675,232108527
1996-05-17,0.538,230552850
1996-05-16,0.211,229318726
1996-05-15,-0.117,228835398
1996-05-14,0.613,229102542
1996-05-13,1.506,227707487
1996-05-10,0.990,224329102
1996-05-09,-0.072,222129763
1996-05-08,1.246,222289855
1996-05-07,-0.413,219554570
1996-05-06,-0.097,220465461
1996-05-03,-0.145,220679093
1996-05-02,-1.716,220999771
1996-05-01,0.215,224859174
1996-04-30,-0.071,224375907
1996-04-29,0.000,224535986
1996-04-26,0.216,224535144
1996-04-25,0.457,224051520
1996-04-24,-0.359,223032287
1996-04-23,0.313,223835387
1996-04-22,0.775,223137658
1996-04-19,0.243,221421214
1996-04-18,0.146,220884441
1996-04-17,-0.242,220561756
1996-04-16,0.292,221097232
1996-04-15,0.834,220453060
1996-04-12,1.267,218629263
1996-04-11,-0.124,215894166
1996-04-10,-1.778,216161674
1996-04-09,-0.388,220074396
1996-04-08,-1.717,220931346
1996-04-04,-0.071,224790489
1996-04-03,0.000,224950556
1996-04-02,0.191,224949713
1996-04-01,1.160,224519988
1996-03-29,-0.480,221945871
1996-03-28,0.386,223017232
1996-03-27,-0.908,222158644
1996-03-26,0.481,224194783
1996-03-25,-0.191,223121760
1996-03-22,0.265,223549794
1996-03-21,-0.240,222959181
1996-03-20,-0.119,223494612
1996-03-19,-0.215,223761713
1996-03-18,1.925,224243268
1996-03-15,-0.066,220007663
1996-03-14,0.439,220152524
1996-03-13,0.687,219190859
1996-03-12,-0.778,217695684
1996-03-11,1.157,219402693
1996-03-08,-3.238,216893771
1996-03-07,0.503,224151159
1996-03-06,-0.877,223029311
1996-03-05,0.934,225003377
1996-03-04,0.578,222921082
1996-03-01,1.590,221639406
1996-02-29,-0.969,218169725
1996-02-28,-0.458,220303624
1996-02-27,-0.312,221316525
1996-02-26,-1.421,222009733
1996-02-23,-0.283,225210940
1996-02-22,1.585,225850501
1996-02-21,1.240,222327256
1996-02-20,-0.986,219604640
1996-02-16,-0.407,221792104
1996-02-15,-0.619,222698421
1996-02-14,-0.873,224084924
1996-02-13,-0.212,226058882
1996-02-12,0.760,226538248
1996-02-09,-0.023,224829701
1996-02-08,1.080,224882121
1996-02-07,0.579,222479950
1996-02-06,0.950,221198357
1996-02-05,0.811,219116201
1996-02-02,-0.415,217354439
1996-02-01,0.369,218260739
1996-01-31,1.042,217459370
1996-01-30,0.851,215217437
1996-01-29,0.402,213402095
1996-01-26,0.861,212547479
1996-01-25,-0.353,210732496
1996-01-24,0.814,211478622
1996-01-23,0.230,209770215
1996-01-22,0.026,209289253
1996-01-19,0.668,209235184
1996-01-18,0.335,207846811
1996-01-17,-0.308,207152413
1996-01-16,1.222,207791979
1996-01-15,-0.207,205283109
1996-01-12,-0.155,205709232
1996-01-11,0.600,206028796
1996-01-10,-1.311,204800639
1996-01-09,-1.718,207521357
1996-01-08,0.381,211149108
1996-01-05,-0.202,210347830
1996-01-04,-0.953,210773924
1996-01-03,0.277,212800989
1996-01-02,1.068,212213140
1995-12-29,0.128,209971068
1995-12-28,-0.101,209703571
1995-12-27,-0.051,209916222
1995-12-26,0.485,210022324
1995-12-22,0.359,209007625
1995-12-21,0.515,208259651
1995-12-20,-0.969,207191700
1995-12-19,1.057,209218707
1995-12-18,-1.921,207030331
1995-12-15,0.021,211084757
1995-12-14,-0.723,211040852
1995-12-13,0.628,212578431
1995-12-12,-0.300,211251422
1995-12-11,0.428,211887085
1995-12-08,0.328,210984737
1995-12-07,-0.526,210294536
1995-12-06,0.227,211407454
1995-12-05,0.659,210929405
1995-12-04,1.230,209549487
1995-12-01,0.129,207002937
1995-11-30,-0.230,206737067
1995-11-29,0.103,207213530
1995-11-28,1.062,207000608
1995-11-27,0.026,204825446
1995-11-24,0.260,204771721
1995-11-22,-0.310,204240431
1995-11-21,0.809,204876089
1995-11-20,-0.519,203231489
1995-11-17,0.313,204291426
1995-11-16,0.550,203654243
1995-11-15,1.005,202539495
1995-11-14,-0.656,200523596
1995-11-13,-0.105,201848620
1995-11-10,-0.052,202059999
1995-11-09,0.369,202165479
1995-11-08,0.904,201422081
1995-11-07,-0.370,199618361
1995-11-06,-0.342,200359907
1995-11-03,0.132,201048496
1995-11-02,0.638,200782666
1995-11-01,0.804,199509132
1995-10-31,-0.427,197917582
1995-10-30,0.645,198765355
1995-10-27,0.758,197491842
1995-10-26,-0.911,196006211
1995-10-25,-0.824,197808380
1995-10-24,0.107,199451689
1995-10-23,-0.212,199238817
1995-10-20,-0.607,199662317
1995-10-19,0.478,200881368
1995-10-18,0.293,199925895
1995-10-17,0.670,199341723
1995-10-16,-0.479,198015308
1995-10-13,0.321,198969275
1995-10-12,0.619,198332172
1995-10-11,0.324,197111656
1995-10-10,-0.053,196474564
1995-10-09,-0.829,196579719
1995-10-06,0.081,198222969
1995-10-05,0.296,198063051
1995-10-04,-0.107,197479252
1995-10-03,0.108,197690625
1995-10-02,-0.507,197477771
1995-09-29,-0.186,198484304
1995-09-28,0.753,198854843
1995-09-27,-0.080,197369324
1995-09-26,-0.026,197527744
1995-09-25,-0.160,197579953
1995-09-22,0.027,197897544
1995-09-21,-0.824,197843517
1995-09-20,0.481,199486688
1995-09-19,0.484,198531634
1995-09-18,-0.374,197576248
1995-09-15,-0.027,198318041
1995-09-14,0.913,198370760
1995-09-13,0.459,196576562
1995-09-12,0.461,195679272
1995-09-11,0.272,194781978
1995-09-08,0.382,194253650
1995-09-07,0.055,193514686
1995-09-06,0.191,193408309
1995-09-05,0.938,193038642
1995-09-01,0.444,191244507
1995-08-31,0.084,190399915
1995-08-30,0.223,190240887
1995-08-29,0.251,189818239
1995-08-28,-0.360,189342941
1995-08-25,0.559,190027781
1995-08-24,0.112,188972244
1995-08-23,-0.362,188760572
1995-08-22,0.196,189445751
1995-08-21,-0.278,189075765
1995-08-18,0.112,189602295
1995-08-17,-0.167,189390623
1995-08-16,0.279,189706518
1995-08-15,-0.194,189178243
1995-08-14,0.899,189546799
1995-08-11,-0.558,187858426
1995-08-10,-0.222,188912506
1995-08-09,-0.027,189333710
1995-08-08,0.000,189385651
1995-08-07,0.224,189384941
1995-08-04,0.112,188962323
1995-08-03,-0.028,188750662
1995-08-02,-0.223,188802949
1995-08-01,-0.166,189224143
1995-07-31,-0.249,189539691
1995-07-28,-0.634,190013530
1995-07-27,0.835,191225862
1995-07-26,-0.083,189643202
1995-07-25,0.756,189800445
1995-07-24,0.734,188376099
1995-07-21,-0.112,187004076
1995-07-20,0.368,187214319
1995-07-19,-1.090,186528126
1995-07-18,-0.859,188584217
1995-07-17,0.558,190218059
1995-07-14,-0.083,189162636
1995-07-13,-0.222,189320221
1995-07-12,1.238,189741391
1995-07-11,-0.476,187420345
1995-07-10,0.056,188316044
1995-07-07,0.451,188210034
1995-07-06,1.283,187365579
1995-07-05,0.372,184991933
1995-07-03,0.374,184305442
1995-06-30,-0.057,183619301
1995-06-29,-0.171,183724248
1995-06-28,0.519,184039790
1995-06-27,-0.201,183090072
1995-06-26,-1.193,183458260
1995-06-23,-0.198,185672511
1995-06-22,1.322,186041034
1995-06-21,-0.057,183614481
1995-06-20,-0.257,183719425
1995-06-19,1.130,184193232
1995-06-16,0.296,182135926
1995-06-15,0.435,181598720
1995-06-14,-0.087,180811585
1995-06-13,1.084,180968270
1995-06-12,0.560,179027656
1995-06-09,-0.585,178031191
1995-06-08,-0.233,179078992
1995-06-07,-0.522,179497706
1995-06-06,-0.174,180440479
1995-06-05,0.613,180754507
1995-06-02,0.088,179652699
1995-06-01,-0.262,179495013
1995-05-31,2.082,179966050
1995-05-30,-0.029,176295669
1995-05-26,-1.146,176347684
1995-05-25,0.088,178391212
1995-05-24,-0.058,178233533
1995-05-23,0.920,178337540
1995-05-22,1.110,176711731
1995-05-19,0.060,174771585
1995-05-18,-1.449,174666256
1995-05-17,-0.383,177234112
1995-05-16,0.059,177914834
1995-05-15,0.474,177809494
1995-05-12,0.060,176970110
1995-05-11,0.268,176864439
1995-05-10,0.119,176392078
1995-05-09,-0.089,176181739
1995-05-08,0.719,176338426
1995-05-05,-0.119,175079712
1995-05-04,-0.059,175288730
1995-05-03,1.394,175392742
1995-05-02,0.213,172981011
1995-05-01,-0.272,172613345
1995-04-28,0.152,173084381
1995-04-27,0.244,172821721
1995-04-26,0.092,172401733
1995-04-25,-0.273,172243757
1995-04-24,1.167,172714778
1995-04-21,0.494,170722452
1995-04-20,0.155,169883144
1995-04-19,-0.092,169620515
1995-04-18,-0.338,169776873
1995-04-17,-0.581,170352901
1995-04-13,0.554,171348242
1995-04-12,0.340,170403952
1995-04-11,-0.338,169826997
1995-04-10,0.185,170402674
1995-04-07,-0.092,170087708
1995-04-06,0.371,170244406
1995-04-05,0.000,169614790
1995-04-04,0.654,169614154
1995-04-03,0.250,168512562
1995-03-31,-0.404,168092616
1995-03-30,-0.186,168773623
1995-03-29,-0.031,169087305
1995-03-28,0.000,169138997
1995-03-27,0.405,169138363
1995-03-24,1.420,168456444
1995-03-23,0.064,166097305
1995-03-22,0.095,165991692
1995-03-21,-0.252,165834087
1995-03-20,0.000,166252764
1995-03-17,0.100,166252141
1995-03-16,0.600,166086303
1995-03-15,-0.189,165095129
1995-03-14,0.731,165407450
1995-03-13,-0.095,164207779
1995-03-10,1.481,164363628
1995-03-09,-0.032,161964917
1995-03-08,0.258,162016692
1995-03-07,-0.768,161599056
1995-03-06,0.065,162849530
1995-03-03,0.032,162744497
1995-03-02,0.129,162691835
1995-03-01,-0.637,162482714
1995-02-28,0.836,163524656
1995-02-27,-0.797,162168568
1995-02-24,0.256,163471392
1995-02-23,0.161,163053764
1995-02-22,0.742,162792265
1995-02-21,-0.032,161592997
1995-02-17,-0.385,161644427
1995-02-16,-0.128,162269335
1995-02-15,0.549,162477230
1995-02-14,0.130,161590573
1995-02-13,0.033,161381464
1995-02-10,0.130,161328480
1995-02-09,0.000,161119374
1995-02-08,0.000,161118770
1995-02-07,0.130,161118166
1995-02-06,0.423,160909063
1995-02-03,1.419,160230929
1995-02-02,0.598,157988899
1995-02-01,-0.033,157050237
1995-01-31,0.400,157101696
1995-01-30,-0.431,156475623
1995-01-27,0.400,157152554
1995-01-26,0.100,156526486
1995-01-25,0.268,156369783
1995-01-24,0.134,155952214
1995-01-23,0.303,155743138
1995-01-20,-0.368,155273198
1995-01-19,-0.565,155846048
1995-01-18,-0.099,156731452
1995-01-17,0.034,156887317
1995-01-16,0.602,156834684
1995-01-13,1.184,155895745
1995-01-12,0.034,154071168
1995-01-11,0.068,154018216
1995-01-10,0.102,153913560
1995-01-09,0.102,153756544
1995-01-06,0.102,153599519
1995-01-05,0.000,153442835
1995-01-04,0.478,153442260
1995-01-03,0.480,152711838
1994-12-30,-1.186,151981756
1994-12-29,0.068,153805117
1994-12-28,-0.506,153700465
1994-12-27,0.543,154481766
1994-12-23,0.102,153647283
1994-12-22,-0.304,153490261
1994-12-21,1.061,153958676
1994-12-20,-0.307,152342342
1994-12-19,0.137,152811088
1994-12-16,0.484,152602043
1994-12-15,0.308,151866369
1994-12-14,0.515,151400520
1994-12-13,0.379,150624251
1994-12-12,0.659,150054830
1994-12-09,0.383,149071748
1994-12-08,-0.965,148502665
1994-12-07,-0.718,149949894
1994-12-06,0.069,151035079
1994-12-05,0.103,150930938
1994-12-02,0.935,150775505
1994-12-01,-0.993,149378791
1994-11-30,-0.137,150877620
1994-11-29,-0.034,151083876
1994-11-28,0.447,151134929
1994-11-25,0.484,150462282
1994-11-23,0.556,149738014
1994-11-22,-2.174,148910177
1994-11-21,-1.008,152218708
1994-11-18,-0.134,153769102
1994-11-17,-0.667,153975342
1994-11-16,0.335,155008843
1994-11-15,-0.333,154491390
1994-11-14,0.943,155007681
1994-11-11,-0.369,153559405
1994-11-10,-0.699,154127641
1994-11-09,0.167,155212749
1994-11-08,0.774,154953729
1994-11-07,0.304,153763912
1994-11-04,-1.298,153298090
1994-11-03,0.536,155313991
1994-11-02,-0.565,154486176
1994-11-01,-1.118,155364438
1994-10-31,-0.360,157121548
1994-10-28,2.110,157689761
1994-10-27,0.607,154431906
1994-10-26,0.372,153500870
1994-10-25,0.102,152931509
1994-10-24,-0.839,152775748
1994-10-21,-0.401,154067938
1994-10-20,-0.664,154687763
1994-10-19,0.467,155721184
1994-10-18,-0.233,154996637
1994-10-17,-0.199,155358029
1994-10-14,0.434,155667481
1994-10-13,0.335,154994893
1994-10-12,0.134,154477486
1994-10-11,1.497,154270111
1994-10-10,1.066,151994789
1994-10-07,0.449,150391476
1994-10-06,-0.309,149718923
1994-10-05,0.035,150183555
1994-10-04,-1.492,150131384
1994-10-03,-0.236,152405521
1994-09-30,-0.135,152766581
1994-09-29,-0.504,152972798
1994-09-28,0.780,153747768
1994-09-27,-0.067,152558075
1994-09-26,0.511,152661058
1994-09-23,-0.339,151884961
1994-09-22,-0.236,152401521
1994-09-21,0.000,152762571
1994-09-20,-1.892,152761998
1994-09-19,0.100,155708338
1994-09-16,-0.707,155552577
1994-09-15,1.263,156659576
1994-09-14,0.100,154706377
1994-09-13,0.301,154551906
1994-09-12,-0.299,154088658
1994-09-09,-1.052,154550747
1994-09-08,0.496,156194312
1994-09-07,-0.099,155422948
1994-09-06,0.034,155576591
1994-09-02,-0.427,155524379
1994-09-01,-0.327,156191969
1994-08-31,-0.261,156705005
1994-08-30,0.263,157115444
1994-08-29,-0.065,156703829
1994-08-26,1.429,156806162
1994-08-25,-0.265,154596241
1994-08-24,1.072,155006682
1994-08-23,0.573,153362023
1994-08-22,-0.100,152488125
1994-08-19,-0.067,152641434
1994-08-18,-0.335,152743776
1994-08-17,-0.067,153256809
1994-08-16,0.709,153359148
1994-08-15,-0.033,152279761
1994-08-12,0.782,152330477
1994-08-11,-0.372,151148185
1994-08-10,0.374,151712826
1994-08-09,0.171,151147051
1994-08-08,0.239,150889684
1994-08-05,-0.340,150529417
1994-08-04,-0.574,151042766
1994-08-03,0.034,151915480
1994-08-02,0.136,151863625
1994-08-01,0.477,151657558
1994-07-29,0.997,150937587
1994-07-28,0.207,149447253
1994-07-27,0.000,149138289
1994-07-26,-0.103,149137730
1994-07-25,0.138,149291376
1994-07-22,0.173,149085323
1994-07-21,0.208,148827975
1994-07-20,-0.447,148519019
1994-07-19,-0.206,149186556
1994-07-18,0.172,149494066
1994-07-15,0.035,149236720
1994-07-14,1.079,149184877
1994-07-13,0.175,147591703
1994-07-12,0.140,147334380
1994-07-11,-0.347,147128342
1994-07-08,-0.034,147641338
1994-07-07,0.420,147692070
1994-07-06,-0.139,147075066
1994-07-05,0.526,147279997
1994-07-01,0.211,146509137
1994-06-30,-0.628,146200202
1994-06-29,0.316,147124480
1994-06-28,-0.488,146661349
1994-06-27,1.738,147380136
1994-06-24,-2.083,144862566
1994-06-23,-0.586,147944182
1994-06-22,0.382,148816813
1994-06-21,-0.858,148251121
1994-06-20,-0.851,149534698
1994-06-17,-0.554,150818601
1994-06-16,0.203,151659073
1994-06-15,-0.403,151352168
1994-06-14,0.779,151963945
1994-06-13,0.136,150789634
1994-06-10,0.170,150584955
1994-06-09,0.546,150329334
1994-06-08,-0.812,149512323
1994-06-07,-0.135,150736429
1994-06-06,-0.033,150939974
1994-06-03,0.578,150990351
1994-06-02,-0.102,150122407
1994-06-01,0.444,150275000
1994-05-31,-0.136,149611176
1994-05-27,0.103,149814722
1994-05-26,0.069,149660992
1994-05-25,0.274,149558219
1994-05-24,0.413,149149449
1994-05-23,-0.171,148536580
1994-05-20,-0.375,148791399
1994-05-19,0.481,149351873
1994-05-18,0.726,148637119
1994-05-17,1.474,147565123
1994-05-16,0.035,145421361
1994-05-13,0.000,145369866
1994-05-12,0.494,145369321
1994-05-11,-0.909,144654275
1994-05-10,0.775,145980520
1994-05-09,-0.873,144857286
1994-05-06,-0.968,146132584
1994-05-05,-0.138,147560696
1994-05-04,-0.172,147764236
1994-05-03,-0.103,148018710
1994-05-02,0.624,148171312
1994-04-29,0.313,147252183
1994-04-28,-0.724,146792502
1994-04-26,-0.103,147863347
1994-04-25,1.045,148015935
1994-04-22,-0.104,146484559
1994-04-21,1.340,146637160
1994-04-20,-0.105,144697950
1994-04-19,0.141,144850224
1994-04-18,-0.665,144645596
1994-04-15,0.000,145614539
1994-04-14,0.035,145613992
1994-04-13,-0.523,145562501
1994-04-12,-0.139,146327351
1994-04-11,0.420,146530883
1994-04-08,-0.763,145918092
1994-04-07,0.488,147039820
1994-04-06,0.000,146325156
1994-04-05,2.065,146324607
1994-04-04,-1.541,143364772
1994-03-31,0.281,145609078
1994-03-30,-1.386,145200380
1994-03-29,-1.970,147240587
1994-03-28,0.136,150199276
1994-03-25,-0.943,149994639
1994-03-24,-1.198,151422586
1994-03-23,-0.066,153258666
1994-03-22,0.267,153359964
1994-03-21,-0.266,152951248
1994-03-18,-0.021,153358814
1994-03-17,0.000,153391102
1994-03-16,0.800,153390526
1994-03-15,-0.066,152172575
1994-03-14,0.134,152273290
1994-03-11,0.537,152069824
1994-03-10,-0.798,151257679
1994-03-09,0.468,152474470
1994-03-08,-0.399,151763938
1994-03-07,0.536,152372043
1994-03-04,0.269,151559909
1994-03-03,-0.267,151153560
1994-03-02,0.134,151558772
1994-03-01,-0.400,151355315
1994-02-28,0.000,151963411
1994-02-25,0.470,151962841
1994-02-24,-1.323,151252007
1994-02-23,-0.264,153280293
1994-02-22,1.000,153685488
1994-02-18,-0.596,152163445
1994-02-17,-0.593,153075686
1994-02-16,-0.065,153988245
1994-02-15,0.530,154088946
1994-02-14,0.133,153276845
1994-02-11,0.333,153073390
1994-02-10,-0.856,152565780
1994-02-09,0.397,153883756
1994-02-08,0.066,153274545
1994-02-07,0.466,153172694
1994-02-04,-2.275,152461891
1994-02-03,-0.453,156011802
1994-02-02,0.652,156721116
1994-02-01,-0.518,155706159
1994-01-31,0.718,156517067
1994-01-28,0.262,155400844
1994-01-27,0.925,154994518
1994-01-26,0.265,153573841
1994-01-25,0.000,153167525
1994-01-24,-0.395,153166950
1994-01-21,-0.197,153774982
1994-01-20,0.264,154078545
1994-01-19,-0.263,153672233
1994-01-18,0.132,154077389
1994-01-17,0.000,153873946
1994-01-14,0.397,153873369
1994-01-13,-0.264,153264200
1994-01-12,-0.329,153669351
1994-01-11,-0.196,154176094
1994-01-10,1.196,154479646
1994-01-07,0.602,152653318
1994-01-06,0.000,151740036
1994-01-05,0.201,151739467
1994-01-04,0.404,151434448
1994-01-03,-0.268,150825306
1993-12-31,-0.533,151230455
1993-12-30,-0.398,152041314
1993-12-29,-0.132,152649310
1993-12-28,0.200,152851593
1993-12-27,0.535,152546901
1993-12-23,-0.066,151734915
1993-12-22,0.673,151835610
1993-12-21,-0.335,150820781
1993-12-20,0.135,151327506
1993-12-17,0.482,151124088
1993-12-16,0.337,150398582
1993-12-15,-0.134,149893844
1993-12-14,-0.733,150094886
1993-12-13,0.604,151203304
1993-12-10,-0.201,150295363
1993-12-09,-0.333,150597364
1993-12-08,0.000,151100641
1993-12-07,-0.066,151100075
1993-12-06,0.335,151200469
1993-12-03,0.403,150695743
1993-12-02,0.270,150090383
1993-12-01,0.135,149686625
1993-11-30,0.068,149484467
1993-11-29,-0.403,149383270
1993-11-26,0.068,149987495
1993-11-24,0.406,149885974
1993-11-23,0.543,149280631
1993-11-22,-0.607,148473699
1993-11-19,-0.202,149380469
1993-11-18,-0.268,149682135
1993-11-17,-0.534,150084755
1993-11-16,0.470,150890552
1993-11-15,-0.067,150184585
1993-11-12,0.472,150284655
1993-11-11,-0.268,149578695
1993-11-10,0.745,149981309
1993-11-09,0.068,148871860
1993-11-08,0.136,148770671
1993-11-05,0.478,148568528
1993-11-04,-1.079,147862265
1993-11-03,-1.265,149474377
1993-11-02,-0.066,151389011
1993-11-01,0.267,151489073
1993-10-29,0.000,151085343
1993-10-28,0.740,151084777
1993-10-27,0.068,149975684
1993-10-26,-0.067,149874171
1993-10-25,0.270,149974559
1993-10-22,-0.469,149570843
1993-10-21,-0.134,150275638
1993-10-20,0.135,150476650
1993-10-19,-0.732,150274511
1993-10-18,-0.265,151382767
1993-10-15,0.534,151785346
1993-10-14,1.285,150978486
1993-10-13,0.000,149062825
1993-10-12,0.136,149062266
1993-10-11,0.204,148860137
1993-10-08,0.136,148557386
1993-10-07,-0.271,148355260
1993-10-06,-0.067,148757839
1993-10-05,-0.135,148857904
1993-10-04,0.136,149058912
1993-10-01,0.476,148856788
1993-09-30,-0.203,148150913
1993-09-29,-0.338,148452543
1993-09-28,-0.202,148956056
1993-09-27,1.093,149257680
1993-09-24,-0.272,147644624
1993-09-23,0.548,148047193
1993-09-22,0.829,147240396
1993-09-21,-0.344,146030484
1993-09-20,-0.818,146533996
1993-09-17,-0.192,147742796
1993-09-16,-0.404,148026879
1993-09-15,0.271,148627240
1993-09-14,-0.403,148226073
1993-09-13,0.068,148826430
1993-09-10,0.883,148725560
1993-09-09,0.205,147423196
1993-09-08,-0.339,147122030
1993-09-07,-0.673,147622391
1993-09-03,0.068,148623339
1993-09-02,-0.336,148522471
1993-09-01,-0.134,149022822
1993-08-31,0.270,149222561
1993-08-30,0.406,148821407
1993-08-27,-0.067,148219959
1993-08-26,0.068,148319391
1993-08-25,0.068,148218848
1993-08-24,1.094,148117984
1993-08-23,-0.204,146515081
1993-08-20,0.069,146815131
1993-08-19,0.000,146714274
1993-08-18,0.549,146713724
1993-08-17,0.345,145912012
1993-08-16,0.554,145410900
1993-08-13,0.139,144609199
1993-08-12,-0.276,144408369
1993-08-11,0.000,144808402
1993-08-10,-0.069,144807859
1993-08-09,0.556,144907299
1993-08-06,0.140,144105614
1993-08-05,-0.208,143904790
1993-08-04,0.000,144204836
1993-08-03,0.070,144204295
1993-08-02,0.279,144103453
1993-07-30,-0.554,143702349
1993-07-29,0.558,144502934
1993-07-28,-0.208,143701272
1993-07-27,-0.069,144001312
1993-07-26,0.559,144100751
1993-07-23,0.492,143299100
1993-07-22,-0.697,142597753
1993-07-21,-0.069,143598599
1993-07-20,0.280,143698038
1993-07-19,-0.070,143296950
1993-07-16,-0.278,143396710
1993-07-15,-0.416,143796719
1993-07-14,0.348,144396997
1993-07-13,-0.069,143895616
1993-07-12,-0.069,143995372
1993-07-09,0.279,144094807
1993-07-08,1.128,143693728
1993-07-07,0.283,142091039
1993-07-06,-1.049,141689970
1993-07-02,-0.556,143191603
1993-07-01,-0.277,143992132
1993-06-30,0.000,144392123
1993-06-29,-0.483,144391582
1993-06-28,1.117,145091805
1993-06-25,-0.069,143489153
1993-06-24,1.343,143588907
1993-06-23,-0.910,141685719
1993-06-22,0.071,142987046
1993-06-21,0.211,142886219
1993-06-18,-0.817,142585454
1993-06-17,0.347,143760386
1993-06-16,0.209,143262595
1993-06-15,-0.208,142963962
1993-06-14,-0.138,143261520
1993-06-11,0.418,143459818
1993-06-10,0.070,142862777
1993-06-09,0.350,142762984
1993-06-08,-0.900,142265208
1993-06-07,-0.345,143557241
1993-06-04,-0.344,144053622
1993-06-03,-0.342,144550317
1993-06-02,-0.137,145046690
1993-06-01,0.968,145244975
1993-05-28,-0.481,143852633
1993-05-27,-0.342,144548149
1993-05-26,1.250,145044515
1993-05-25,0.209,143254536
1993-05-24,0.419,142955920
1993-05-21,-0.899,142358911
1993-05-20,0.278,143650572
1993-05-19,2.054,143252388
1993-05-18,-0.070,140369086
1993-05-17,0.355,140467811
1993-05-14,-0.070,139970391
1993-05-13,-1.192,140069117
1993-05-12,-0.140,141758716
1993-05-11,0.422,141957003
1993-05-10,0.212,141360017
1993-05-07,-0.211,141061102
1993-05-06,-0.350,141358956
1993-05-05,0.281,141855306
1993-05-04,0.353,141457145
1993-05-03,0.639,140959738
1993-04-30,0.143,140064390
1993-04-29,0.429,139865052
1993-04-28,-0.213,139268092
1993-04-27,1.080,139565946
1993-04-26,-0.785,138074185
1993-04-23,-0.426,139167279
1993-04-22,-1.264,139763184
1993-04-21,-0.070,141551934
1993-04-20,-0.489,141650647
1993-04-19,-0.417,142346099
1993-04-16,0.000,142941982
1993-04-15,0.000,142941446
1993-04-14,-0.139,142940910
1993-04-13,0.209,143139178
1993-04-12,1.412,142840278
1993-04-08,-0.141,140851720
1993-04-07,0.354,141049994
1993-04-06,-0.282,140552622
1993-04-05,0.497,140949695
1993-04-02,-2.082,140253210
1993-04-01,-0.346,143234661
1993-03-31,-0.069,143731277
1993-03-30,0.278,143829977
1993-03-29,0.418,143431846
1993-03-26,-0.553,142834921
1993-03-25,0.627,143629565
1993-03-24,0.000,142734612
1993-03-23,0.210,142734077
1993-03-22,-0.555,142435194
1993-03-19,-0.150,143229827
1993-03-18,0.625,143444900
1993-03-17,-0.620,142553863
1993-03-16,0.000,143443824
1993-03-15,0.486,143443286
1993-03-12,-1.029,142750110
1993-03-11,-0.273,144233613
1993-03-10,0.206,144628772
1993-03-09,-0.341,144331297
1993-03-08,2.235,144825535
1993-03-05,-0.278,141659430
1993-03-04,-0.554,142054593
1993-03-03,0.418,142845444
1993-03-02,1.482,142251373
1993-03-01,-0.281,140173312
1993-02-26,0.141,140568474
1993-02-25,0.212,140370104
1993-02-24,1.288,140072972
1993-02-23,-0.071,138291871
1993-02-22,0.359,138390115
1993-02-19,0.360,137895154
1993-02-18,-0.072,137399880
1993-02-17,-0.071,137498442
1993-02-16,-2.522,137596687
1993-02-12,-0.765,141157241
1993-02-11,0.490,142244971
1993-02-10,0.140,141551854
1993-02-09,-0.695,141353488
1993-02-08,0.000,142342130
1993-02-05,-0.069,142341596
1993-02-04,0.419,142440137
1993-02-03,1.058,141846107
1993-02-02,0.212,140361682
1993-02-01,0.712,140064568
1993-01-29,0.038,139074893
1993-01-28,0.136,139021435
1993-01-27,-0.406,138832117
1993-01-26,-0.002,139397903
1993-01-25,0.903,139401312
1993-01-22,0.153,138153593
1993-01-21,0.499,137942160
1993-01-20,-0.392,137256812
1993-01-19,-0.379,137797321
1993-01-18,-0.060,138322032
1993-01-15,0.288,138404423
1993-01-14,0.682,138006580
1993-01-13,0.472,137071618
1993-01-12,0.032,136427327
1993-01-11,0.454,136383334
1993-01-08,-0.378,135767460
1993-01-07,-0.860,136282708
1993-01-06,0.053,137464608
1993-01-05,-0.227,137392185
1993-01-04,-0.064,137705228
1992-12-31,-0.697,137793936
1992-12-30,0.203,138761020
1992-12-29,-0.255,138480065
1992-12-28,-0.130,138834183
1992-12-24,0.180,139014529
1992-12-23,-0.279,138765170
1992-12-22,-0.077,139154055
1992-12-21,-0.120,139261738
1992-12-18,1.348,139429447
1992-12-17,0.911,137575098
1992-12-16,-0.231,136333779
1992-12-15,-0.051,136648936
1992-12-14,-0.193,136719317
1992-12-11,-0.198,136984268
1992-12-10,-0.220,137255494
1992-12-09,-0.294,137558095
1992-12-08,0.394,137964262
1992-12-07,0.758,137422719
1992-12-04,0.508,136388480
1992-12-03,0.015,135699433
1992-12-02,-0.195,135678813
1992-12-01,-0.121,135943758
1992-11-30,0.286,136108291
1992-11-27,0.235,135720497
1992-11-25,0.383,135401742
1992-11-24,0.589,134885275
1992-11-23,-0.346,134095778
1992-11-20,0.725,134561576
1992-11-19,0.190,133593189
1992-11-18,0.861,133340330
1992-11-17,-0.323,132202461
1992-11-16,-0.402,132630601
1992-11-13,-0.093,133165446
1992-11-12,0.169,133289175
1992-11-11,0.863,133064554
1992-11-10,0.018,131926663
1992-11-09,0.252,131902885
1992-11-06,-0.170,131571544
1992-11-05,0.305,131795700
1992-11-04,-0.656,131395311
1992-11-03,-0.656,132262847
1992-11-02,0.980,133136653
1992-10-30,-0.505,131844952
1992-10-29,0.184,132514766
1992-10-28,0.402,132271304
1992-10-27,0.090,131742230
1992-10-26,0.989,131624300
1992-10-23,-0.181,130335711
1992-10-22,-0.174,130572418
1992-10-21,0.057,130799721
1992-10-20,0.131,130725720
1992-10-19,0.799,130554426
1992-10-16,0.530,129520030
1992-10-15,0.067,128837143
1992-10-14,0.028,128750577
1992-10-13,0.467,128714229
1992-10-12,1.196,128116080
1992-10-09,-1.235,126601449
1992-10-08,0.876,128184620
1992-10-07,-0.707,127071722
1992-10-06,-0.084,127976959
1992-10-05,-0.695,128084992
1992-10-02,-1.386,128980824
1992-10-01,-0.350,130793160
1992-09-30,0.251,131252727
1992-09-29,0.054,130924490
1992-09-28,0.559,130853628
1992-09-25,-0.973,130126773
1992-09-24,0.258,131405558
1992-09-23,0.083,131067902
1992-09-22,-1.173,130959375
1992-09-21,-0.176,132514392
1992-09-18,0.720,132747986
1992-09-17,0.014,131799511
1992-09-16,0.047,131781156
1992-09-15,-1.273,131719172
1992-09-14,1.358,133417403
1992-09-11,-0.076,131629485
1992-09-10,0.868,131729517
1992-09-09,0.472,130595816
1992-09-08,-0.617,129982402
1992-09-04,-0.202,130789628
1992-09-03,0.012,131054779
1992-09-02,0.468,131039530
1992-09-01,0.501,130429218
1992-08-31,-0.182,129778397
1992-08-28,0.327,130015500
1992-08-27,0.017,129592111
1992-08-26,0.471,129570629
1992-08-25,0.227,128963408
1992-08-24,-0.978,128670869
1992-08-21,-0.799,129942350
1992-08-20,0.028,130989517
1992-08-19,-0.732,130952456
1992-08-18,0.154,131918625
1992-08-17,0.208,131716438
1992-08-14,0.531,131442596
1992-08-13,-0.000,130748136
1992-08-12,-0.255,130748459
1992-08-11,-0.112,131082162
1992-08-10,0.140,131228934
1992-08-07,-0.393,131045434
1992-08-06,-0.366,131562969
1992-08-05,-0.498,132046239
1992-08-04,-0.160,132707102
1992-08-03,0.218,132919311
1992-07-31,0.080,132629879
1992-07-30,0.411,132524283
1992-07-29,1.136,131982469
1992-07-28,1.460,130499673
1992-07-27,-0.003,128621171
1992-07-24,-0.104,128624605
1992-07-23,0.291,128758899
1992-07-22,-0.670,128385319
1992-07-21,0.014,129251851
1992-07-20,-0.437,129233474
1992-07-17,-0.447,129800884
1992-07-16,0.117,130383884
1992-07-15,-0.127,130231529
1992-07-14,0.688,130396994
1992-07-13,0.072,129506165
1992-07-10,0.106,129413009
1992-07-09,0.973,129276234
1992-07-08,0.285,128030166
1992-07-07,-1.118,127665916
1992-07-06,0.514,129108930
1992-07-02,-0.257,128448657
1992-07-01,1.172,128779278
1992-06-30,-0.184,127287026
1992-06-29,1.372,127521039
1992-06-26,0.094,125795068
1992-06-25,-0.166,125676961
1992-06-24,-0.037,125886046
1992-06-23,0.171,125933099
1992-06-22,-0.055,125718394
1992-06-19,0.682,125787262
1992-06-18,-0.308,124934988
1992-06-17,-1.460,125320998
1992-06-16,-0.464,127178218
1992-06-15,0.141,127771318
1992-06-12,0.185,127591720
1992-06-11,0.451,127356480
1992-06-10,-0.668,126784348
1992-06-09,-0.781,127637084
1992-06-08,-0.017,128641276
1992-06-05,0.065,128662593
1992-06-04,-0.306,128578811
1992-06-03,0.274,128974112
1992-06-02,-0.893,128621425
1992-06-01,0.479,129780185
1992-05-29,-0.319,129161682
1992-05-28,1.115,129575537
1992-05-27,0.196,128147203
1992-05-26,-0.615,127896503
1992-05-22,0.355,128687456
1992-05-21,-0.656,128232759
1992-05-20,-0.222,129079365
1992-05-19,0.870,129366496
1992-05-18,0.672,128250315
1992-05-15,-0.722,127393771
1992-05-14,-0.779,128320756
1992-05-13,0.050,129328108
1992-05-12,-0.511,129262870
1992-05-11,0.596,129927119
1992-05-08,0.060,129157116
1992-05-07,-0.212,129079518
1992-05-06,0.000,129354301
1992-05-05,-0.005,129353972
1992-05-04,1.070,129359832
1992-05-01,-0.569,127990129
1992-04-30,0.721,128722407
1992-04-29,0.721,127800905
1992-04-28,0.174,126885584
1992-04-27,-0.126,126665784
1992-04-24,-0.613,126826184
1992-04-23,0.448,127607931
1992-04-22,-0.097,127038812
1992-04-21,0.032,127162131
1992-04-20,-1.393,127121606
1992-04-16,-0.045,128917299
1992-04-15,0.954,128975703
1992-04-14,1.563,127757417
1992-04-13,0.454,125791014
1992-04-10,0.922,125221883
1992-04-09,1.567,124077757
1992-04-08,-0.880,122163876
1992-04-07,-1.841,123248583
1992-04-06,1.017,125560565
1992-04-03,0.275,124295856
1992-04-02,-0.909,123955464
1992-04-01,0.146,125092752
1992-03-31,0.184,124910016
1992-03-30,-0.111,124680909
1992-03-27,-1.056,124819680
1992-03-26,0.096,126151741
1992-03-25,-0.320,126030839
1992-03-24,-0.239,126435487
1992-03-23,-0.326,126738114
1992-03-20,0.371,127152032
1992-03-19,0.169,126681939
1992-03-18,-0.093,126467790
1992-03-17,0.791,126585065
1992-03-16,0.146,125591446
1992-03-13,0.491,125407972
1992-03-12,-0.023,124794872
1992-03-11,-0.687,124823143
1992-03-10,0.424,125686150
1992-03-09,0.201,125155891
1992-03-06,-0.494,124904905
1992-03-05,-0.673,125525478
1992-03-04,-0.836,126376213
1992-03-03,0.108,127441791
1992-03-02,-0.049,127304358
1992-02-28,-0.267,127366402
1992-02-27,-0.345,127707713
1992-02-26,1.199,128150315
1992-02-25,-0.428,126631851
1992-02-24,0.215,127175715
1992-02-21,-0.582,126903243
1992-02-20,1.386,127646604
1992-02-19,0.227,125901012
1992-02-18,-1.219,125616253
1992-02-14,-0.280,127166774
1992-02-13,-0.810,127523446
1992-02-12,0.823,128564522
1992-02-11,0.009,127515574
1992-02-10,0.661,127503959
1992-02-07,-0.646,126666767
1992-02-06,0.007,127489952
1992-02-05,0.009,127481409
1992-02-04,1.063,127469802
1992-02-03,0.195,126129255
1992-01-31,-0.676,125884386
1992-01-30,0.323,126741340
1992-01-29,-1.099,126333805
1992-01-28,0.004,127737080
1992-01-27,-0.106,127731609
1992-01-24,0.136,127867328
1992-01-23,-0.745,127693045
1992-01-22,1.339,128651315
1992-01-21,-0.880,126951632
1992-01-20,-0.584,128078702
1992-01-17,0.167,128831339
1992-01-16,-0.596,128617164
1992-01-15,0.090,129388224
1992-01-14,1.481,129272269
1992-01-13,-0.171,127385318
1992-01-10,-0.589,127603909
1992-01-09,-0.106,128359624
1992-01-08,0.179,128495352
1992-01-07,-0.122,128265817
1992-01-06,-0.317,128423024
1992-01-03,0.510,128831922
1992-01-02,0.052,128178819
1991-12-31,0.481,128111957
1991-12-30,2.146,127498750
1991-12-27,0.412,124819807
1991-12-26,1.391,124307870
1991-12-24,0.645,122601911
1991-12-23,2.539,121816786
1991-12-20,1.187,118800147
1991-12-19,-0.237,117405997
1991-12-18,0.204,117684344
1991-12-17,-0.432,117444947
1991-12-16,0.009,117954747
1991-12-13,0.772,117943772
1991-12-12,1.024,117040452
1991-12-11,-0.040,115853902
1991-12-10,-0.082,115900775
1991-12-09,-0.208,115996388
1991-12-06,0.462,116238183
1991-12-05,-0.689,115703362
1991-12-04,-0.220,116505545
1991-12-03,-0.103,116762569
1991-12-02,1.649,116882548
1991-11-29,-0.339,114986326
1991-11-27,-0.359,115377356
1991-11-26,0.706,115792759
1991-11-25,-0.199,114980765
1991-11-22,-1.014,115210389
1991-11-21,0.414,116390256
1991-11-20,-0.221,115910234
1991-11-19,-1.491,116167274
1991-11-18,0.693,117925842
1991-11-15,-3.630,117113838
1991-11-14,-0.054,121525267
1991-11-13,0.180,121590448
1991-11-12,0.929,121372367
1991-11-11,0.070,120255786
1991-11-08,-0.198,120171723
1991-11-07,0.970,120410503
1991-11-06,0.335,119254309
1991-11-05,-0.389,118856513
1991-11-04,-0.253,119320688
1991-11-01,-0.275,119623438
1991-10-31,-0.118,119953602
1991-10-30,0.389,120094916
1991-10-29,0.513,119630115
1991-10-28,1.392,119019095
1991-10-25,-0.213,117384663
1991-10-24,-0.726,117635628
1991-10-23,0.040,118495779
1991-10-22,-0.548,118448245
1991-10-21,-0.619,119101283
1991-10-18,0.159,119842662
1991-10-17,-0.212,119651981
1991-10-16,0.469,119905999
1991-10-15,1.184,119346755
1991-10-14,1.326,117949847
1991-10-11,0.248,116406726
1991-10-10,1.006,116118545
1991-10-09,-1.003,114962248
1991-10-08,0.320,116127038
1991-10-07,-0.446,115756612
1991-10-04,-0.825,116275640
1991-10-03,-0.963,117242445
1991-10-02,-0.229,118382887
1991-10-01,0.357,118655197
1991-09-30,0.520,118232985
1991-09-27,-0.141,117621921
1991-09-26,-0.089,117787614
1991-09-25,-0.202,117892391
1991-09-24,0.476,118131191
1991-09-23,-0.504,117571907
1991-09-20,0.099,118167115
1991-09-19,0.171,118050567
1991-09-18,0.383,117848754
1991-09-17,-0.060,117399115
1991-09-16,0.579,117469298
1991-09-13,-0.949,116792986
1991-09-12,0.592,117911891
1991-09-11,0.149,117217443
1991-09-10,-1.013,117042822
1991-09-09,-0.123,118240323
1991-09-06,0.002,118386069
1991-09-05,-0.199,118383724
1991-09-04,-0.540,118620137
1991-09-03,-0.812,119264570
1991-08-30,-0.249,120241467
1991-08-29,-0.031,120541366
1991-08-28,0.918,120578322
1991-08-27,-0.187,119481875
1991-08-26,-0.069,119706215
1991-08-23,0.734,119788502
1991-08-22,0.201,118915696
1991-08-21,2.938,118677605
1991-08-20,0.795,115290125
1991-08-19,-2.339,114381033
1991-08-16,-0.946,117120041
1991-08-15,-0.133,118239027
1991-08-14,0.084,118396874
1991-08-13,0.423,118297807
1991-08-12,0.244,117799767
1991-08-09,-0.551,117513302
1991-08-08,-0.304,118163823
1991-08-07,-0.003,118524177
1991-08-06,1.451,118527875
1991-08-05,-0.533,116832892
1991-08-02,0.028,117459234
1991-08-01,-0.165,117426658
1991-07-31,0.301,117620777
1991-07-30,0.933,117267806
1991-07-29,0.593,116183354
1991-07-26,0.005,115497883
1991-07-25,0.624,115492502
1991-07-24,-0.192,114776804
1991-07-23,-0.889,114998120
1991-07-22,-0.336,116029514
1991-07-19,-0.285,116420107
1991-07-18,1.109,116753270
1991-07-17,-0.082,115472309
1991-07-16,-0.209,115566682
1991-07-15,0.574,115809168
1991-07-12,0.881,115147848
1991-07-11,0.340,114141933
1991-07-10,-0.086,113755675
1991-07-09,-0.471,113853061
1991-07-08,1.043,114391782
1991-07-05,0.213,113210521
1991-07-03,-1.083,112969352
1991-07-02,-0.106,114206348
1991-07-01,1.833,114327925
1991-06-28,-0.852,112270023
1991-06-27,0.769,113234965
1991-06-26,0.266,112371080
1991-06-25,-0.065,112072467
1991-06-24,-1.790,112145671
1991-06-21,0.628,114189806
1991-06-20,0.100,113477329
1991-06-19,-0.904,113364267
1991-06-18,-0.390,114398935
1991-06-17,-0.548,114846263
1991-06-14,1.237,115479388
1991-06-13,0.271,114068764
1991-06-12,-1.134,113760919
1991-06-11,0.663,115065310
1991-06-10,-0.213,114307965
1991-06-07,-1.075,114551517
1991-06-06,-0.364,115795996
1991-06-05,-0.667,116219364
1991-06-04,-0.070,116999353
1991-06-03,-0.439,117081098
1991-05-31,0.749,117597376
1991-05-30,1.095,116723139
1991-05-29,0.233,115459313
1991-05-28,1.184,115190420
1991-05-24,0.683,113842658
1991-05-23,-0.312,113070287
1991-05-22,0.235,113424736
1991-05-21,0.832,113158832
1991-05-20,-0.017,112224614
1991-05-17,0.066,112243413
1991-05-16,0.990,112169299
1991-05-15,-0.804,111070240
1991-05-14,-1.345,111970126
1991-05-13,0.283,113496389
1991-05-10,-1.938,113176525
1991-05-09,1.259,115413085
1991-05-08,0.326,113978357
1991-05-07,-0.711,113607548
1991-05-06,-0.176,114420548
1991-05-03,0.086,114622169
1991-05-02,0.073,114524088
1991-05-01,1.326,114440998
1991-04-30,0.460,112943290
1991-04-29,-1.396,112425615
1991-04-26,-0.048,114017870
1991-04-25,-0.902,114072639
1991-04-24,0.273,115110457
1991-04-23,0.224,114796583
1991-04-22,-0.831,114539654
1991-04-19,-1.081,115499556
1991-04-18,-0.496,116762171
1991-04-17,0.740,117344454
1991-04-16,1.695,116482097
1991-04-15,0.220,114540759
1991-04-12,0.744,114289813
1991-04-11,1.211,113445427
1991-04-10,-0.097,112088506
1991-04-09,-1.332,112197218
1991-04-08,0.890,113711634
1991-04-05,-1.147,112708370
1991-04-04,0.231,114015988
1991-04-03,-0.135,113753051
1991-04-02,2.218,113906730
1991-04-01,-1.031,111434783
1991-03-28,-0.022,112595551
1991-03-27,-0.240,112620345
1991-03-26,1.761,112890912
1991-03-25,0.652,110937466
1991-03-22,0.258,110218918
1991-03-21,-0.351,109934967
1991-03-20,0.376,110322439
1991-03-19,-1.471,109909601
1991-03-18,-0.384,111549973
1991-03-15,0.030,111979414
1991-03-14,-0.270,111946144
1991-03-13,1.231,112249444
1991-03-12,-0.767,110884204
1991-03-11,-0.514,111740705
1991-03-08,-0.240,112317642
1991-03-07,-0.055,112588226
1991-03-06,-0.132,112650620
1991-03-05,2.001,112799261
1991-03-04,-0.292,110586319
1991-03-01,0.934,110910445
1991-02-28,-0.167,109884235
1991-02-27,1.364,110068559
1991-02-26,-1.191,108587266
1991-02-25,0.451,109895896
1991-02-22,0.199,109402069
1991-02-21,-0.033,109184862
1991-02-20,-1.131,109220476
1991-02-19,0.102,110469637
1991-02-15,1.336,110356528
1991-02-14,-1.281,108901965
1991-02-13,0.972,110314729
1991-02-12,-0.818,109252782
1991-02-11,2.570,110153953
1991-02-08,0.804,107393587
1991-02-07,-0.417,106536848
1991-02-06,1.944,106982933
1991-02-05,0.849,104942345
1991-02-04,1.550,104058818
1991-02-01,-0.240,102470326
1991-01-31,0.897,102717106
1991-01-30,1.519,101803822
1991-01-29,-0.041,100280745
1991-01-28,0.003,100322274
1991-01-25,0.399,100319187
1991-01-24,1.395,99920476
1991-01-23,0.592,98546098
1991-01-22,-0.813,97965932
1991-01-21,-0.336,98768952
1991-01-18,1.311,99101993
1991-01-17,3.738,97819804
1991-01-16,0.792,94294733
1991-01-15,0.412,93553906
1991-01-14,-0.851,93170027
1991-01-11,0.238,93970079
1991-01-10,0.990,93746835
1991-01-09,-1.065,92827511
1991-01-08,-0.155,93826871
1991-01-07,-1.714,93972495
1991-01-04,-0.267,95611433
1991-01-03,-1.374,95867129
1991-01-02,-1.126,97202664
1990-12-31,0.471,98309146
1990-12-28,0.146,97847933
1990-12-27,-0.758,97705021
1990-12-26,0.303,98451570
1990-12-24,-0.542,98153963
1990-12-21,0.502,98689309
1990-12-20,-0.010,98196273
1990-12-19,0.059,98205851
1990-12-18,1.240,98147631
1990-12-17,-0.228,96945914
1990-12-14,-0.744,97167684
1990-12-13,-0.241,97896366
1990-12-12,1.154,98132875
1990-12-11,-0.725,97013661
1990-12-10,0.359,97721727
1990-12-07,-0.384,97371729
1990-12-06,-0.241,97746761
1990-12-05,1.100,97983273
1990-12-04,0.704,96917086
1990-12-03,0.594,96239936
1990-11-30,1.834,95671830
1990-11-29,-0.463,93948378
1990-11-28,-0.032,94385296
1990-11-27,0.514,94415484
1990-11-26,0.459,93932838
1990-11-23,-0.277,93503238
1990-11-21,0.242,93763317
1990-11-20,-1.239,93537083
1990-11-19,0.711,94710856
1990-11-16,0.046,94042514
1990-11-15,-1.034,93999016
1990-11-14,0.869,94981224
1990-11-13,-0.549,94162562
1990-11-12,1.835,94682027
1990-11-09,1.997,92976163
1990-11-08,0.536,91155340
1990-11-07,-1.776,90669718
1990-11-06,-0.925,92309219
1990-11-05,0.890,93170598
1990-11-02,1.581,92348958
1990-11-01,1.005,90911272
1990-10-31,-0.004,90007087
1990-10-30,0.735,90010734
1990-10-29,-0.909,89354132
1990-10-26,-1.738,90174248
1990-10-25,-0.759,91769594
1990-10-24,0.092,92471824
1990-10-23,-0.745,92387047
1990-10-22,0.743,93080451
1990-10-19,2.213,92394367
1990-10-18,2.345,90393630
1990-10-17,-0.037,88322146
1990-10-16,-1.402,88355265
1990-10-15,1.080,89611662
1990-10-12,1.559,88654363
1990-10-11,-1.622,87293226
1990-10-10,-1.525,88732398
1990-10-09,-2.653,90106723
1990-10-08,0.650,92562874
1990-10-05,-0.365,91965192
1990-10-04,0.429,92301942
1990-10-03,-1.192,91907650
1990-10-02,0.101,93016715
1990-10-01,2.918,92923101
1990-09-28,1.703,90288488
1990-09-27,-1.324,88776975
1990-09-26,-1.022,89968583
1990-09-25,1.220,90897849
1990-09-24,-2.146,89801956
1990-09-21,-0.043,91771816
1990-09-20,-1.589,91811244
1990-09-19,-0.609,93293993
1990-09-18,0.272,93865648
1990-09-17,0.307,93610879
1990-09-14,-0.553,93323989
1990-09-13,-1.183,93843088
1990-09-12,0.477,94966687
1990-09-11,-0.169,94516265
1990-09-10,-0.530,94676176
1990-09-07,0.924,95180682
1990-09-06,-1.189,94309731
1990-09-05,0.412,95445036
1990-09-04,0.176,95053008
1990-08-31,1.213,94885849
1990-08-30,-1.666,93749131
1990-08-29,0.894,95337104
1990-08-28,-0.018,94492416
1990-08-27,3.180,94509237
1990-08-24,1.453,91596908
1990-08-23,-2.965,90284931
1990-08-22,-1.626,93043999
1990-08-21,-1.999,94582353
1990-08-20,0.219,96512065
1990-08-17,-1.352,96301091
1990-08-16,-2.231,97620450
1990-08-15,0.209,99848070
1990-08-14,0.174,99640039
1990-08-13,0.997,99467041
1990-08-10,-1.282,98485067
1990-08-09,0.480,99763567
1990-08-08,1.059,99286840
1990-08-07,0.132,98246440
1990-08-06,-2.999,98117249
1990-08-03,-1.864,101151015
1990-08-02,-1.120,103072077
1990-08-01,-0.164,104239631
1990-07-31,0.180,104411281
1990-07-30,0.607,104223695
1990-07-27,-0.680,103595102
1990-07-26,-0.318,104304145
1990-07-25,0.376,104636429
1990-07-24,0.147,104244401
1990-07-23,-1.726,104091858
1990-07-20,-1.001,105919524
1990-07-19,0.313,106990759
1990-07-18,-0.884,106657143
1990-07-17,-0.375,107608629
1990-07-16,0.457,108013961
1990-07-13,0.522,107522624
1990-07-12,1.175,106964112
1990-07-11,1.339,105722143
1990-07-10,-0.830,104325357
1990-07-09,0.318,105197999
1990-07-06,0.781,104864375
1990-07-05,-1.230,104051726
1990-07-03,0.184,105347896
1990-07-02,0.436,105154462
1990-06-29,0.121,104698146
1990-06-28,0.712,104571891
1990-06-27,0.886,103832256
1990-06-26,-0.059,102920278
1990-06-25,-0.865,102980944
1990-06-22,-1.386,103879901
1990-06-21,0.393,105339678
1990-06-20,0.187,104927171
1990-06-19,0.457,104730805
1990-06-18,-1.650,104254032
1990-06-15,0.010,106003001
1990-06-14,-0.530,105992117
1990-06-13,-0.352,106556470
1990-06-12,1.281,106932652
1990-06-11,0.821,105580502
1990-06-08,-1.199,104720493
1990-06-07,-0.478,105991244
1990-06-06,-0.441,106500601
1990-06-05,-0.192,106972332
1990-06-04,1.173,107177707
1990-06-01,0.544,105935542
1990-05-31,0.116,105362138
1990-05-30,0.072,105240358
1990-05-29,1.714,105164910
1990-05-25,-1.047,103392903
1990-05-24,-0.229,104487092
1990-05-23,0.252,104727212
1990-05-22,0.133,104463567
1990-05-21,0.956,104324420
1990-05-18,0.062,103336981
1990-05-17,0.146,103273098
1990-05-16,-0.064,103122362
1990-05-15,-0.118,103188766
1990-05-14,0.791,103310181
1990-05-11,2.380,102499327
1990-05-10,0.293,100116341
1990-05-09,0.262,99823715
1990-05-08,0.447,99562949
1990-05-07,0.644,99119768
1990-05-04,0.851,98485500
1990-05-03,0.339,97654340
1990-05-02,0.683,97324068
1990-05-01,0.452,96663721
1990-04-30,0.527,96229205
1990-04-27,-1.124,95725201
1990-04-26,0.282,96813655
1990-04-25,0.519,96541276
1990-04-24,-0.192,96043055
1990-04-23,-1.195,96228149
1990-04-20,-0.860,97391896
1990-04-19,-0.754,98237154
1990-04-18,-1.131,98983973
1990-04-17,-0.003,100115890
1990-04-16,0.131,100118588
1990-04-12,0.721,99988097
1990-04-11,-0.029,99272721
1990-04-10,0.219,99301475
1990-04-09,0.393,99084109
1990-04-06,-0.176,98695907
1990-04-05,-0.090,98869444
1990-04-04,-0.726,98959000
1990-04-03,1.471,99682690
1990-04-02,-0.349,98237609
1990-03-30,-0.234,98581975
1990-03-29,-0.339,98813420
1990-03-28,0.161,99149104
1990-03-27,1.160,98989646
1990-03-26,0.137,97854368
1990-03-23,0.471,97720964
1990-03-22,-1.177,97263249
1990-03-21,-0.521,98421294
1990-03-20,-0.556,98936522
1990-03-19,0.489,99489390
1990-03-16,1.143,99005615
1990-03-15,0.367,97886977
1990-03-14,0.270,97529290
1990-03-13,-0.769,97266351
1990-03-12,0.231,98019786
1990-03-09,-0.669,97794165
1990-03-08,0.991,98452856
1990-03-07,-0.274,97486491
1990-03-06,1.260,97754704
1990-03-05,-0.519,96538531
1990-03-02,0.849,97042190
1990-03-01,0.268,96225095
1990-02-28,0.504,95967890
1990-02-27,0.494,95486721
1990-02-26,1.399,95017036
1990-02-23,-0.459,93706069
1990-02-22,-0.583,94137948
1990-02-21,-0.083,94690417
1990-02-20,-1.399,94769125
1990-02-16,-0.631,96114075
1990-02-15,0.876,96723988
1990-02-14,0.311,95883895
1990-02-13,0.297,95586468
1990-02-12,-1.042,95303401
1990-02-09,0.211,96306690
1990-02-08,-0.222,96104020
1990-02-07,1.248,96317699
1990-02-06,-0.643,95130153
1990-02-05,0.294,95745820
1990-02-02,0.659,95465621
1990-02-01,-0.074,94840849
1990-01-31,1.895,94910948
1990-01-30,-0.666,93146227
1990-01-29,-0.169,93770511
1990-01-26,-0.072,93929620
1990-01-25,-1.247,93996851
1990-01-24,-0.392,95183958
1990-01-23,0.385,95558434
1990-01-22,-2.564,95192084
1990-01-19,0.297,97697213
1990-01-18,0.247,97408395
1990-01-17,-0.967,97168387
1990-01-16,1.123,98117191
1990-01-15,-0.846,97027212
1990-01-12,-2.449,97855414
1990-01-11,0.364,100311797
1990-01-10,-0.646,99948320
1990-01-09,-1.164,100598506
1990-01-08,0.464,101782817
1990-01-05,-0.961,101313093
1990-01-04,-0.847,102296399
1990-01-03,-0.246,103170589
1990-01-02,1.791,103424513
1989-12-29,0.791,101605114
1989-12-28,0.546,100808017
1989-12-27,0.589,100260739
1989-12-26,-0.162,99673257
1989-12-22,0.779,99835285
1989-12-21,0.579,99064005
1989-12-20,0.124,98493742
1989-12-19,-0.345,98371462
1989-12-18,-1.829,98711534
1989-12-15,-0.219,100550655
1989-12-14,-0.500,100771421
1989-12-13,0.300,101277555
1989-12-12,0.915,100974647
1989-12-11,-0.025,100059246
1989-12-08,0.327,100083938
1989-12-07,-0.261,99758228
1989-12-06,-0.280,100019366
1989-12-05,-0.505,100300450
1989-12-04,0.233,100809447
1989-12-01,1.344,100574899
1989-11-30,0.703,99240692
1989-11-29,-0.611,98547475
1989-11-28,0.058,99153325
1989-11-27,0.486,99095395
1989-11-24,0.611,98615837
1989-11-22,0.692,98016617
1989-11-21,0.083,97343318
1989-11-20,-0.645,97262594
1989-11-17,0.313,97894091
1989-11-16,0.024,97588300
1989-11-15,0.763,97564558
1989-11-14,-0.444,96825716
1989-11-13,0.145,97257799
1989-11-10,0.761,97117246
1989-11-09,-0.452,96384097
1989-11-08,1.006,96821878
1989-11-07,0.671,95857954
1989-11-06,-1.464,95218807
1989-11-03,-0.240,96633813
1989-11-02,-0.781,96866478
1989-11-01,0.258,97629065
1989-10-31,1.585,97377383
1989-10-30,0.016,95857875
1989-10-27,-0.833,95842664
1989-10-26,-1.317,96647993
1989-10-25,-0.335,97937680
1989-10-24,-0.314,98267226
1989-10-23,-0.657,98576819
1989-10-20,0.021,99228324
1989-10-19,1.579,99207429
1989-10-18,0.188,97665084
1989-10-17,-0.479,97481779
1989-10-16,2.763,97950937
1989-10-13,-6.091,95317325
1989-10-12,-0.435,101499137
1989-10-11,-0.583,101942665
1989-10-10,-0.174,102540066
1989-10-09,0.296,102718625
1989-10-06,0.518,102415670
1989-10-05,0.021,101887619
1989-10-04,0.640,101866734
1989-10-03,1.105,101219004
1989-10-02,0.504,100112538
1989-09-29,0.170,99610113
1989-09-28,1.026,99441058
1989-09-27,0.236,98431448
1989-09-26,0.042,98199693
1989-09-25,-0.800,98158855
1989-09-22,0.403,98950013
1989-09-21,-0.210,98553007
1989-09-20,-0.011,98760055
1989-09-19,-0.039,98770496
1989-09-18,0.497,98809441
1989-09-15,0.560,98321237
1989-09-14,-0.648,97773927
1989-09-13,-0.910,98411853
1989-09-12,0.309,99315492
1989-09-11,-0.301,99009348
1989-09-08,0.129,99308099
1989-09-07,-0.241,99180030
1989-09-06,-0.923,99419418
1989-09-05,-0.316,100345687
1989-09-01,0.657,100664236
1989-08-31,0.239,100007587
1989-08-30,0.242,99769275
1989-08-29,-0.623,99528139
1989-08-28,0.457,100151969
1989-08-25,-0.271,99696001
1989-08-24,1.979,99966497
1989-08-23,1.035,98026506
1989-08-22,0.164,97022138
1989-08-21,-1.528,96862966
1989-08-18,0.469,98365914
1989-08-17,-0.336,97907109
1989-08-16,0.287,98236964
1989-08-15,0.491,97956235
1989-08-14,-0.472,97477633
1989-08-11,-0.991,97940350
1989-08-10,0.388,98920383
1989-08-09,-0.674,98537891
1989-08-08,-0.005,99206979
1989-08-07,1.602,99211762
1989-08-04,-0.224,97647642
1989-08-03,0.128,97867254
1989-08-02,0.183,97741998
1989-08-01,-0.658,97563029
1989-07-31,1.157,98209509
1989-07-28,0.059,97086353
1989-07-27,1.174,97028935
1989-07-26,1.258,95902937
1989-07-25,0.076,94711916
1989-07-24,-0.649,94640357
1989-07-21,0.727,95258569
1989-07-20,-0.647,94570734
1989-07-19,1.331,95186129
1989-07-18,-0.314,93935710
1989-07-17,0.193,94231654
1989-07-14,0.584,94049834
1989-07-13,0.055,93503333
1989-07-12,0.326,93451550
1989-07-11,0.535,93148164
1989-07-10,0.677,92652538
1989-07-07,1.056,92029686
1989-07-06,0.297,91067577
1989-07-05,0.455,90798110
1989-07-03,0.406,90387277
1989-06-30,-0.518,90021676
1989-06-29,-1.866,90490069
1989-06-28,-0.787,92210891
1989-06-27,0.576,92942226
1989-06-26,-0.413,92409828
1989-06-23,1.775,92793424
1989-06-22,0.587,91175387
1989-06-21,-0.226,90642977
1989-06-20,-0.185,90848456
1989-06-19,0.181,91017191
1989-06-16,0.405,90852309
1989-06-15,-1.134,90486247
1989-06-14,-0.011,91524227
1989-06-13,-0.694,91533963
1989-06-12,-0.123,92174096
1989-06-09,-0.004,92287500
1989-06-08,-0.047,92291630
1989-06-07,0.843,92334990
1989-06-06,0.695,91563005
1989-06-05,-1.050,90931115
1989-06-02,1.108,91896277
1989-06-01,0.463,90888934
1989-05-31,0.472,90469972
1989-05-30,-0.770,90045406
1989-05-26,0.767,90744403
1989-05-25,0.023,90053658
1989-05-24,0.270,90032563
1989-05-23,-1.115,89790113
1989-05-22,0.243,90802937
1989-05-19,1.036,90582900
1989-05-18,0.168,89653972
1989-05-17,0.708,89503987
1989-05-16,-0.262,88874855
1989-05-15,0.749,89108739
1989-05-12,2.246,88445978
1989-05-11,0.389,86502695
1989-05-10,0.214,86167752
1989-05-09,-0.249,85984128
1989-05-08,-0.506,86198388
1989-05-05,-0.037,86636812
1989-05-04,-0.111,86668944
1989-05-03,0.028,86765527
1989-05-02,-0.307,86741614
1989-05-01,-0.153,87009122
1989-04-28,0.034,87142136
1989-04-27,0.875,87112615
1989-04-26,0.073,86357350
1989-04-25,-0.611,86294209
1989-04-24,-0.281,86825124
1989-04-21,1.128,87070216
1989-04-20,-0.297,86099175
1989-04-19,0.383,86355478
1989-04-18,1.436,86026124
1989-04-17,0.134,84808472
1989-04-14,1.684,84694878
1989-04-13,-0.849,83292264
1989-04-12,0.182,84005327
1989-04-11,0.479,83852502
1989-04-10,-0.002,83453075
1989-04-07,0.647,83454376
1989-04-06,-0.305,82917635
1989-04-05,0.330,83171130
1989-04-04,-0.349,82897802
1989-04-03,0.530,83187739
1989-03-31,0.818,82749063
1989-03-30,0.074,82077795
1989-03-29,0.276,82017439
1989-03-28,0.366,81791736
1989-03-27,0.566,81493176
1989-03-23,-0.504,81034876
1989-03-22,-0.273,81445305
1989-03-21,0.502,81667982
1989-03-20,-0.931,81260128
1989-03-17,-2.247,82023670
1989-03-16,0.940,83909230
1989-03-15,0.528,83128147
1989-03-14,-0.046,82691527
1989-03-13,0.840,82729942
1989-03-10,-0.340,82040517
1989-03-09,-0.037,82320617
1989-03-08,0.085,82350697
1989-03-07,-0.302,82280771
1989-03-06,1.251,82530320
1989-03-03,0.435,81510290
1989-03-02,0.996,81156999
1989-03-01,-0.587,80356420
1989-02-28,0.373,80830991
1989-02-27,0.253,80530478
1989-02-24,-1.659,80327191
1989-02-23,0.404,81682432
1989-02-22,-1.688,81354136
1989-02-21,-0.247,82751070
1989-02-17,0.671,82956178
1989-02-16,0.207,82402843
1989-02-15,0.842,82232895
1989-02-14,-0.234,81546205
1989-02-13,0.191,81737425
1989-02-10,-1.343,81581360
1989-02-09,-0.849,82692174
1989-02-08,-0.312,83400148
1989-02-07,1.221,83660834
1989-02-06,-0.298,82651855
1989-02-03,0.058,82898643
1989-02-02,-0.070,82850936
1989-02-01,-0.113,82908805
1989-01-31,0.851,83002794
1989-01-30,0.411,82302182
1989-01-27,0.742,81965533
1989-01-26,0.893,81362155
1989-01-25,0.239,80642087
1989-01-24,1.412,80449890
1989-01-23,-0.726,79329729
1989-01-20,-0.083,79909922
1989-01-19,0.147,79976117
1989-01-18,1.062,79858937
1989-01-17,-0.192,79019369
1989-01-16,0.110,79171700
1989-01-13,0.261,79085075
1989-01-12,0.425,78878987
1989-01-11,0.595,78545082
1989-01-10,-0.198,78080587
1989-01-09,0.125,78235690
1989-01-06,0.250,78137952
1989-01-05,0.222,77942964
1989-01-04,1.509,77770199
1989-01-03,-0.852,76613846
1988-12-30,-0.586,77271858
1988-12-29,0.851,77727039
1988-12-28,0.105,77070807
1988-12-27,-0.359,76989732
1988-12-23,0.376,77267094
1988-12-22,-0.169,76977626
1988-12-21,-0.017,77107725
1988-12-20,-0.501,77121121
1988-12-19,0.963,77509629
1988-12-16,0.741,76770024
1988-12-15,-0.357,76205563
1988-12-14,-0.345,76478607
1988-12-13,-0.062,76743393
1988-12-12,-0.169,76790652
1988-12-09,0.172,76920522
1988-12-08,-0.536,76788805
1988-12-07,0.207,77202289
1988-12-06,0.974,77043035
1988-12-05,1.153,76300026
1988-12-02,-0.234,75430350
1988-12-01,-0.425,75607024
1988-11-30,1.036,75929647
1988-11-29,0.853,75150825
1988-11-28,0.538,74515190
1988-11-25,-0.639,74116358
1988-11-23,0.680,74593175
1988-11-22,0.384,74089700
1988-11-21,-0.079,73806518
1988-11-18,0.717,73864786
1988-11-17,0.308,73339277
1988-11-16,-1.660,73113915
1988-11-15,0.244,74348003
1988-11-14,-0.060,74166703
1988-11-11,-2.083,74211208
1988-11-10,0.145,75789530
1988-11-09,-0.644,75679824
1988-11-08,0.457,76170440
1988-11-07,-0.843,75823917
1988-11-04,-1.016,76468747
1988-11-03,0.064,77254027
1988-11-02,0.014,77204909
1988-11-01,0.046,77194347
1988-10-31,0.171,77159002
1988-10-28,0.463,77027271
1988-10-27,-1.438,76672481
1988-10-26,-0.339,77790991
1988-10-25,0.049,78055816
1988-10-24,-0.471,78017717
1988-10-21,0.288,78387193
1988-10-20,2.141,78161833
1988-10-19,-0.846,76523726
1988-10-18,1.085,77176852
1988-10-17,0.343,76348379
1988-10-14,0.115,76087205
1988-10-13,0.465,75999529
1988-10-12,-1.404,75647477
1988-10-11,-0.097,76724714
1988-10-10,0.075,76799522
1988-10-07,2.095,76742145
1988-10-06,0.209,75167322
1988-10-05,0.472,75010782
1988-10-04,-0.265,74658718
1988-10-03,-0.181,74857453
1988-09-30,-0.235,74992845
1988-09-29,1.317,75169546
1988-09-28,0.320,74192304
1988-09-27,-0.216,73955904
1988-09-26,-0.312,74116079
1988-09-23,0.230,74347865
1988-09-22,-0.348,74177550
1988-09-21,0.174,74436880
1988-09-20,0.353,74307882
1988-09-19,-0.662,74046683
1988-09-16,0.948,74540109
1988-09-15,-0.421,73840470
1988-09-14,0.711,74152301
1988-09-13,0.371,73628883
1988-09-12,-0.124,73356588
1988-09-09,0.372,73447324
1988-09-08,0.018,73175026
1988-09-07,0.119,73162035
1988-09-06,0.431,73075346
1988-09-02,2.369,72762101
1988-09-01,-1.189,71078562
1988-08-31,-0.360,71933594
1988-08-30,0.082,72193573
1988-08-29,1.027,72134170
1988-08-26,0.206,71400540
1988-08-25,-0.727,71253789
1988-08-24,1.575,71775820
1988-08-23,0.057,70662745
1988-08-22,-1.230,70622453
1988-08-19,-0.286,71502075
1988-08-18,0.113,71707462
1988-08-17,0.094,71626221
1988-08-16,0.733,71558633
1988-08-15,-1.448,71037899
1988-08-12,-0.061,72081328
1988-08-11,0.337,72125664
1988-08-10,-1.699,71883364
1988-08-09,-1.272,73126089
1988-08-08,-0.416,74068548
1988-08-05,-0.272,74377679
1988-08-04,-0.369,74580352
1988-08-03,0.350,74856739
1988-08-02,-0.041,74595333
1988-08-01,0.083,74626025
1988-07-29,2.260,74563902
1988-07-28,1.350,72915702
1988-07-27,-0.996,71944513
1988-07-26,0.206,72668600
1988-07-25,0.460,72519108
1988-07-22,-1.167,72186714
1988-07-21,-1.219,73039118
1988-07-20,0.582,73940666
1988-07-19,-0.738,73512722
1988-07-18,-0.551,74059383
1988-07-15,0.674,74469541
1988-07-14,0.362,73970619
1988-07-13,0.562,73703739
1988-07-12,-0.982,73292166
1988-07-11,0.210,74019012
1988-07-08,-0.633,73864062
1988-07-07,-0.074,74334298
1988-07-06,-1.358,74389561
1988-07-05,1.495,75414008
1988-07-01,-0.614,74303529
1988-06-30,0.943,74762850
1988-06-29,-0.474,74064610
1988-06-28,1.221,74417455
1988-06-27,-1.709,73519906
1988-06-24,-0.365,74798275
1988-06-23,-0.291,75071958
1988-06-22,1.482,75291037
1988-06-21,1.029,74191447
1988-06-20,-0.629,73435846
1988-06-17,0.346,73900638
1988-06-16,-1.676,73646025
1988-06-15,0.069,74901097
1988-06-14,1.063,74849797
1988-06-13,0.077,74062824
1988-06-10,0.404,74006122
1988-06-09,-0.468,73708694
1988-06-08,2.389,74054985
1988-06-07,-0.683,72326751
1988-06-06,0.238,72824505
1988-06-03,0.434,72651494
1988-06-02,-0.491,72337820
1988-06-01,1.730,72694942
1988-05-31,3.437,71458937
1988-05-27,-0.456,69084198
1988-05-26,0.356,69400737
1988-05-25,0.113,69154669
1988-05-24,1.076,69076303
1988-05-23,-0.844,68340660
1988-05-20,0.193,68922276
1988-05-19,0.498,68789811
1988-05-18,-1.556,68449069
1988-05-17,-1.260,69531094
1988-05-16,0.762,70418374
1988-05-13,1.163,69885587
1988-05-12,0.228,69082305
1988-05-11,-1.648,68925491
1988-05-10,0.434,70080572
1988-05-09,-0.348,69777699
1988-05-06,-0.488,70021222
1988-05-05,-0.570,70364830
1988-05-04,-0.999,70767950
1988-05-03,0.563,71482145
1988-05-02,0.103,71081887
1988-04-29,-0.470,71008930
1988-04-28,-0.434,71344433
1988-04-27,-0.034,71655595
1988-04-26,0.554,71680024
1988-04-25,0.923,71285175
1988-04-22,1.461,70633338
1988-04-21,0.128,69616311
1988-04-20,-0.676,69527116
1988-04-19,-0.481,70000585
1988-04-18,-0.200,70338794
1988-04-15,0.023,70479537
1988-04-14,-4.330,70463389
1988-04-13,0.092,73652815
1988-04-12,0.462,73585280
1988-04-11,0.285,73247228
1988-04-08,1.241,73039017
1988-04-07,0.267,72143696
1988-04-06,2.711,71951710
1988-04-05,0.959,70052754
1988-04-04,-1.065,69387347
1988-03-31,0.333,70134066
1988-03-30,-0.753,69901492
1988-03-29,0.794,70431795
1988-03-28,-0.159,69877296
1988-03-25,-1.822,69988291
1988-03-24,-2.052,71286894
1988-03-23,0.041,72780287
1988-03-22,0.052,72750614
1988-03-21,-0.863,72712826
1988-03-18,-0.030,73345956
1988-03-17,0.962,73367766
1988-03-16,0.953,72668458
1988-03-15,-0.075,71982559
1988-03-14,0.549,72036849
1988-03-11,0.428,71643268
1988-03-10,-1.911,71338183
1988-03-09,-0.122,72728065
1988-03-08,0.775,72817225
1988-03-07,0.044,72257362
1988-03-04,-0.201,72225830
1988-03-03,-0.023,72371316
1988-03-02,0.296,72388065
1988-03-01,-0.209,72174161
1988-02-29,2.042,72325009
1988-02-26,0.348,70877386
1988-02-25,-1.057,70631291
1988-02-24,-0.207,71385587
1988-02-23,-0.218,71533750
1988-02-22,1.545,71689967
1988-02-19,1.440,70599022
1988-02-18,-0.484,69596590
1988-02-17,-0.223,69935172
1988-02-16,0.864,70091378
1988-02-12,0.667,69491244
1988-02-11,-0.261,69030568
1988-02-10,1.967,69210914
1988-02-09,1.061,67875866
1988-02-08,-0.722,67163063
1988-02-05,-0.478,67651847
1988-02-04,0.015,67977025
1988-02-03,-1.294,67966936
1988-02-02,0.222,68858053
1988-02-01,-0.772,68705809
1988-01-29,1.501,69240209
1988-01-28,1.577,68216252
1988-01-27,-0.061,67157427
1988-01-26,-1.012,67198297
1988-01-25,2.307,67885580
1988-01-22,1.393,66354666
1988-01-21,0.225,65443337
1988-01-20,-2.660,65296445
1988-01-19,-0.999,67080779
1988-01-18,-0.052,67757347
1988-01-15,2.518,67792855
1988-01-14,0.044,66127792
1988-01-13,0.174,66098917
1988-01-12,-0.819,65984211
1988-01-11,1.692,66529356
1988-01-08,-6.742,65422184
1988-01-07,0.855,70151788
1988-01-06,0.115,69556955
1988-01-05,1.064,69477127
1988-01-04,3.597,68745484
1987-12-31,-0.299,66358807
1987-12-30,1.351,66557937
1987-12-29,-0.383,65670695
1987-12-28,-2.547,65923476
1987-12-24,-0.431,67646221
1987-12-23,1.299,67939246
1987-12-22,0.179,67068090
1987-12-21,0.168,66948015
1987-12-18,2.551,66835990
1987-12-17,-2.025,65173163
1987-12-16,2.165,66519880
1987-12-15,0.268,65109959
1987-12-14,2.908,64936139
1987-12-11,0.757,63100876
1987-12-10,-2.195,62626655
1987-12-09,1.695,64031867
1987-12-08,2.681,62964838
1987-12-07,2.159,61320937
1987-12-04,-0.553,60025272
1987-12-03,-3.488,60359178
1987-12-02,0.635,62540652
1987-12-01,0.747,62146170
1987-11-30,-4.134,61685225
1987-11-27,-1.516,64345243
1987-11-25,-0.910,65335800
1987-11-24,1.404,65935571
1987-11-23,0.420,65022700
1987-11-20,0.821,64750504
1987-11-19,-2.213,64223097
1987-11-18,1.040,65676243
1987-11-17,-1.485,64999957
1987-11-16,0.467,65979906
1987-11-13,-1.139,65673151
1987-11-12,2.736,66429797
1987-11-11,1.221,64660853
1987-11-10,-1.692,63880872
1987-11-09,-2.864,64980469
1987-11-06,-1.579,66896250
1987-11-05,2.221,67969279
1987-11-04,-0.725,66492756
1987-11-03,-1.906,66978248
1987-11-02,1.580,68279929
1987-10-30,2.870,67218126
1987-10-29,4.919,65342787
1987-10-28,0.053,62279029
1987-10-27,2.430,62246083
1987-10-26,-8.236,60769496
1987-10-23,0.002,66223991
1987-10-22,-3.895,66222962
1987-10-21,9.084,68907189
1987-10-20,5.330,63168747
1987-10-19,-20.405,59971966
1987-10-16,-5.137,75346169
1987-10-15,-2.327,79426286
1987-10-14,-2.937,81318322
1987-10-13,1.666,83779327
1987-10-12,-0.528,82406462
1987-10-09,-0.971,82844186
1987-10-08,-1.363,83656800
1987-10-07,-0.202,84812403
1987-10-06,-2.687,84984263
1987-10-05,0.013,87331012
1987-10-02,0.236,87319433
1987-10-01,1.718,87113750
1987-09-30,0.054,85642473
1987-09-29,-0.457,85596322
1987-09-28,0.960,85988877
1987-09-25,0.148,85171654
1987-09-24,-0.447,85045729
1987-09-23,0.539,85427649
1987-09-22,2.896,84969365
1987-09-21,-1.361,82578068
1987-09-18,-0.018,83717763
1987-09-17,0.033,83732743
1987-09-16,-0.890,83705360
1987-09-15,-1.632,84456978
1987-09-14,0.350,85858207
1987-09-11,1.530,85558849
1987-09-10,1.027,84269218
1987-09-09,0.125,83412657
1987-09-08,-0.975,83308689
1987-09-04,-1.079,84128984
1987-09-03,-0.444,85046983
1987-09-02,-0.519,85426282
1987-09-01,-1.920,85871603
1987-08-31,0.850,87552806
1987-08-28,-1.293,86815073
1987-08-27,-0.939,87952290
1987-08-26,-0.640,88785825
1987-08-25,1.037,89357920
1987-08-24,-0.752,88440602
1987-08-21,0.325,89110418
1987-08-20,1.522,88821612
1987-08-19,0.186,87489666
1987-08-18,-1.439,87327617
1987-08-17,0.046,88602192
1987-08-14,-0.186,88561624
1987-08-13,0.687,88727045
1987-08-12,-0.271,88121328
1987-08-11,1.629,88360686
1987-08-10,1.553,86944200
1987-08-07,0.292,85614850
1987-08-06,1.150,85365634
1987-08-05,0.710,84395441
1987-08-04,-0.410,83800253
1987-08-03,-0.330,84145245
1987-07-31,0.202,84424215
1987-07-30,0.769,84254215
1987-07-29,1.071,83611482
1987-07-28,0.550,82725768
1987-07-27,0.456,82273177
1987-07-24,0.484,81899811
1987-07-23,-0.203,81505317
1987-07-22,-0.015,81670721
1987-07-21,-0.899,81682941
1987-07-20,-1.004,82424105
1987-07-17,0.614,83260342
1987-07-16,0.744,82752282
1987-07-15,-0.073,82141210
1987-07-14,1.001,82200970
1987-07-13,-0.229,81386529
1987-07-10,0.287,81573063
1987-07-09,-0.239,81339659
1987-07-08,0.300,81534125
1987-07-07,0.823,81290152
1987-07-06,-0.221,80626241
1987-07-02,0.898,80804852
1987-07-01,-0.337,80085463
1987-06-30,-1.255,80356518
1987-06-29,0.252,81377675
1987-06-26,-0.571,81173321
1987-06-25,0.695,81639830
1987-06-24,-0.498,81076263
1987-06-23,-0.383,81482032
1987-06-22,0.884,81795358
1987-06-19,0.424,81078596
1987-06-18,0.298,80736472
1987-06-17,0.028,80496562
1987-06-16,0.542,80474274
1987-06-15,0.512,80040342
1987-06-12,0.972,79632619
1987-06-11,0.432,78865695
1987-06-10,0.075,78526138
1987-06-09,0.199,78467131
1987-06-08,1.119,78311112
1987-06-05,-0.540,77444535
1987-06-04,0.560,77865346
1987-06-03,1.738,77431390
1987-06-02,-0.458,76108564
1987-06-01,-0.081,76458582
1987-05-29,-0.214,76520185
1987-05-28,0.711,76684045
1987-05-27,-0.119,76142571
1987-05-26,2.462,76233005
1987-05-22,0.719,74401470
1987-05-21,0.713,73870473
1987-05-20,-0.489,73347330
1987-05-19,-2.428,73707838
1987-05-18,-0.258,75541977
1987-05-15,-2.292,75737301
1987-05-14,0.100,77513774
1987-05-13,0.243,77436410
1987-05-12,0.603,77248904
1987-05-11,-0.599,76786080
1987-05-08,-0.441,77248872
1987-05-07,-0.244,77591049
1987-05-06,0.056,77781145
1987-05-05,2.071,77737862
1987-05-04,0.472,76160583
1987-05-01,-0.102,75802632
1987-04-30,1.340,75879962
1987-04-29,0.739,74876938
1987-04-28,0.253,74327552
1987-04-27,0.122,74140026
1987-04-24,-1.830,74049530
1987-04-23,-0.116,75430136
1987-04-22,-1.989,75517958
1987-04-21,2.446,77050671
1987-04-20,-0.273,75211099
1987-04-16,0.879,75416929
1987-04-15,1.900,74760011
1987-04-14,-2.245,73366211
1987-04-13,-2.332,75051037
1987-04-10,-0.114,76843394
1987-04-09,-1.466,76931224
1987-04-08,0.204,78075881
1987-04-07,-1.728,77917211
1987-04-06,0.524,79287402
1987-04-03,2.318,78874361
1987-04-02,0.439,77087172
1987-04-01,0.245,76750173
1987-03-31,0.876,76562651
1987-03-30,-2.327,75897841
1987-03-27,-1.583,77706002
1987-03-26,0.195,78955590
1987-03-25,-0.406,78802168
1987-03-24,0.171,79123414
1987-03-23,1.015,78988342
1987-03-20,1.396,78195026
1987-03-19,0.453,77118337
1987-03-18,0.117,76770825
1987-03-17,1.473,76680986
1987-03-16,-0.557,75568242
1987-03-13,-0.442,75991155
1987-03-12,0.323,76328173
1987-03-11,-0.176,76082158
1987-03-10,0.894,76216157
1987-03-09,-0.795,75540669
1987-03-06,0.060,76145794
1987-03-05,0.666,76100195
1987-03-04,1.586,75596491
1987-03-03,0.406,74416027
1987-03-02,-0.407,74115340
1987-02-27,0.448,74418531
1987-02-26,-0.352,74086600
1987-02-25,0.406,74348145
1987-02-24,0.188,74047454
1987-02-23,-1.068,73908142
1987-02-20,-0.019,74705901
1987-02-19,0.065,74720166
1987-02-18,-0.012,74671962
1987-02-17,2.072,74681015
1987-02-13,1.486,73164717
1987-02-12,-0.676,72093513
1987-02-11,0.907,72584127
1987-02-10,-1.093,71932007
1987-02-09,-0.656,72727177
1987-02-06,-0.384,73207384
1987-02-05,0.554,73489760
1987-02-04,1.330,73084929
1987-02-03,-0.153,72125628
1987-02-02,0.874,72236205
1987-01-30,-0.045,71610091
1987-01-29,-0.407,71642568
1987-01-28,0.614,71935359
1987-01-27,1.544,71496671
1987-01-26,-0.168,70409791
1987-01-23,-1.374,70528173
1987-01-22,2.273,71510802
1987-01-21,-0.432,69921498
1987-01-20,-0.098,70224704
1987-01-19,1.160,70293618
1987-01-16,0.310,69487859
1987-01-15,1.096,69273022
1987-01-14,1.046,68521926
1987-01-13,-0.121,67812471
1987-01-12,0.619,67894390
1987-01-09,0.576,67476498
1987-01-08,0.776,67089832
1987-01-07,1.021,66573004
1987-01-06,0.248,65899973
1987-01-05,2.341,65737185
1987-01-02,1.780,64233692
1986-12-31,-0.478,63110273
1986-12-30,-0.516,63413465
1986-12-29,-0.896,63742694
1986-12-26,0.083,64319243
1986-12-24,0.181,64265785
1986-12-23,-0.955,64149845
1986-12-22,-0.378,64768056
1986-12-19,1.202,65013987
1986-12-18,-0.300,64241830
1986-12-17,-0.972,64435085
1986-12-16,0.744,65067257
1986-12-15,0.358,64586651
1986-12-12,-0.315,64356480
1986-12-11,-1.091,64560064
1986-12-10,0.682,65272288
1986-12-09,-0.731,64830399
1986-12-08,0.008,65307674
1986-12-05,-0.722,65302129
1986-12-04,-0.305,65776824
1986-12-03,-0.046,65977841
1986-12-02,1.987,66008446
1986-12-01,-0.055,64722248
1986-11-28,0.192,64758013
1986-11-26,0.253,64633696
1986-11-25,0.302,64470646
1986-11-24,0.656,64276612
1986-11-21,1.578,63857942
1986-11-20,1.850,62866059
1986-11-19,0.383,61724410
1986-11-18,-2.617,61489049
1986-11-17,-0.512,63141172
1986-11-14,0.619,63466123
1986-11-13,-1.448,63075843
1986-11-12,-0.165,64002422
1986-11-11,0.397,64107904
1986-11-10,0.159,63854474
1986-11-07,-0.028,63753385
1986-11-06,-0.274,63771072
1986-11-05,0.166,63946273
1986-11-04,0.175,63840018
1986-11-03,0.756,63728602
1986-10-31,0.123,63250514
1986-10-30,1.158,63172663
1986-10-29,0.713,62449263
1986-10-28,0.218,62007316
1986-10-27,0.227,61872651
1986-10-24,-0.412,61732816
1986-10-23,1.288,61988064
1986-10-22,0.174,61200090
1986-10-21,-0.025,61093825
1986-10-20,-1.185,61108922
1986-10-17,-0.274,61841886
1986-10-16,0.318,62011923
1986-10-15,1.467,61815279
1986-10-14,-0.215,60921412
1986-10-13,0.196,61052714
1986-10-10,-0.143,60933530
1986-10-09,-0.337,61020935
1986-10-08,0.980,61227121
1986-10-07,-0.144,60632791
1986-10-06,0.471,60720192
1986-10-03,-0.076,60435738
1986-10-02,0.150,60481819
1986-10-01,0.998,60391040
1986-09-30,0.626,59794111
1986-09-29,-0.985,59421844
1986-09-26,0.186,60012810
1986-09-25,-1.869,59901368
1986-09-24,0.272,61042398
1986-09-23,0.328,60876726
1986-09-22,1.185,60677480
1986-09-19,-0.036,59966911
1986-09-18,0.283,59988411
1986-09-17,-0.004,59819005
1986-09-16,-0.080,59821120
1986-09-15,0.560,59869314
1986-09-12,-1.889,59536064
1986-09-11,-4.761,60682507
1986-09-10,-0.232,63715710
1986-09-09,-0.175,63863761
1986-09-08,-0.911,63975972
1986-09-05,-1.303,64564357
1986-09-04,1.502,65416433
1986-09-03,0.636,64448295
1986-09-02,-1.720,64040811
1986-08-29,0.048,65161704
1986-08-28,-0.168,65130557
1986-08-27,0.193,65240217
1986-08-26,2.031,65114342
1986-08-25,-0.933,63818483
1986-08-22,0.220,64419689
1986-08-21,-0.027,64278449
1986-08-20,1.328,64295942
1986-08-19,-0.337,63453210
1986-08-18,0.105,63667836
1986-08-15,0.376,63600835
1986-08-14,0.248,63362305
1986-08-13,0.966,63205698
1986-08-12,1.113,62601049
1986-08-11,1.610,61911907
1986-08-08,-0.054,60930897
1986-08-07,0.097,60963734
1986-08-06,-0.066,60904407
1986-08-05,0.452,60944929
1986-08-04,0.471,60670538
1986-08-01,-0.497,60385901
1986-07-31,-0.185,60687570
1986-07-30,0.880,60799781
1986-07-29,-0.603,60269352
1986-07-28,-1.734,60635033
1986-07-25,0.964,61704815
1986-07-24,-0.288,61115493
1986-07-23,0.218,61291716
1986-07-22,0.832,61158134
1986-07-21,-0.037,60653300
1986-07-18,0.136,60675899
1986-07-17,0.463,60593524
1986-07-16,0.590,60313992
1986-07-15,-1.852,59960212
1986-07-14,-1.681,61091475
1986-07-11,-0.311,62135693
1986-07-10,0.091,62329847
1986-07-09,0.521,62273083
1986-07-08,-0.994,61950024
1986-07-07,-3.058,62571783
1986-07-03,-0.347,64545481
1986-07-02,0.274,64770377
1986-07-01,0.491,64593273
1986-06-30,0.509,64277901
1986-06-27,0.358,63952286
1986-06-26,-0.064,63723967
1986-06-25,0.782,63764500
1986-06-24,0.735,63269883
1986-06-23,-0.924,62808546
1986-06-20,1.449,63394484
1986-06-19,-0.363,62488932
1986-06-18,0.273,62716845
1986-06-17,-0.704,62546140
1986-06-16,0.175,62989866
1986-06-13,1.755,62880094
1986-06-12,0.161,61795353
1986-06-11,0.655,61695734
1986-06-10,-0.144,61293971
1986-06-09,-2.295,61382239
1986-06-06,0.021,62823808
1986-06-05,0.709,62810518
1986-06-04,-0.622,62368131
1986-06-03,0.204,62758549
1986-06-02,-0.915,62631001
1986-05-30,-0.240,63209320
1986-05-29,0.557,63361071
1986-05-28,0.777,63010086
1986-05-27,1.414,62524522
1986-05-23,0.523,61653012
1986-05-22,1.985,61332481
1986-05-21,-0.264,60138488
1986-05-20,1.255,60297851
1986-05-19,0.202,59550736
1986-05-16,-0.695,59430788
1986-05-15,-1.289,59846606
1986-05-14,0.489,60628070
1986-05-13,-0.477,60332924
1986-05-12,-0.099,60621790
1986-05-09,0.316,60682130
1986-05-08,0.456,60491086
1986-05-07,-0.473,60216246
1986-05-06,-0.192,60502577
1986-05-05,1.261,60618778
1986-05-02,-0.143,59864015
1986-05-01,-0.139,59949748
1986-04-30,-2.054,60032940
1986-04-29,-1.040,61291820
1986-04-28,0.338,61936204
1986-04-25,0.125,61727382
1986-04-24,0.125,61650607
1986-04-23,-0.262,61573828
1986-04-22,-0.932,61735747
1986-04-21,0.984,62316661
1986-04-18,-0.254,61709159
1986-04-17,0.347,61866000
1986-04-16,1.898,61652096
1986-04-15,0.203,60503695
1986-04-14,0.568,60381202
1986-04-11,-0.185,60040320
1986-04-10,1.163,60151450
1986-04-09,0.112,59460123
1986-04-08,2.150,59393493
1986-04-07,-0.012,58143482
1986-04-04,-1.610,58150488
1986-04-03,-1.359,59102174
1986-04-02,0.256,59916737
1986-04-01,-1.559,59763761
1986-03-31,-0.016,60710384
1986-03-27,0.717,60719942
1986-03-26,1.113,60287624
1986-03-25,-0.245,59624207
1986-03-24,0.867,59770894
1986-03-21,-1.345,59257301
1986-03-20,0.410,60065202
1986-03-19,-0.061,59820005
1986-03-18,0.483,59856644
1986-03-17,-0.774,59568661
1986-03-14,1.443,60033103
1986-03-13,0.292,59178910
1986-03-12,0.379,59006677
1986-03-11,2.252,58784118
1986-03-10,0.459,57489522
1986-03-07,0.209,57226690
1986-03-06,0.365,57107297
1986-03-05,-0.002,56899822
1986-03-04,-0.443,56901224
1986-03-03,-0.641,57154277
1986-02-28,0.081,57523097
1986-02-27,1.225,57476685
1986-02-26,0.126,56780990
1986-02-25,-0.228,56709407
1986-02-24,-0.109,56839154
1986-02-21,1.088,56900951
1986-02-20,1.128,56288296
1986-02-19,-1.186,55660533
1986-02-18,1.232,56328839
1986-02-14,1.095,55643190
1986-02-13,0.674,55040586
1986-02-12,0.039,54672030
1986-02-11,-0.131,54650770
1986-02-10,0.795,54722630
1986-02-07,0.524,54291147
1986-02-06,0.254,54008150
1986-02-05,0.096,53871121
1986-02-04,-0.528,53819654
1986-02-03,1.041,54105437
1986-01-31,1.182,53548106
1986-01-30,-0.438,52922822
1986-01-29,0.244,53155747
1986-01-28,1.179,53026261
1986-01-27,0.480,52408518
1986-01-24,1.080,52158220
1986-01-23,0.389,51600873
1986-01-22,-1.097,51400909
1986-01-21,-0.819,51971087
1986-01-20,-0.414,52400331
1986-01-17,-0.336,52618160
1986-01-16,0.452,52795724
1986-01-15,0.799,52558006
1986-01-14,-0.022,52141590
1986-01-13,0.385,52153040
1986-01-10,-0.056,51953072
1986-01-09,-0.876,51982138
1986-01-08,-2.706,52441596
1986-01-07,1.509,53900274
1986-01-06,-0.093,53098761
1986-01-03,0.631,53147971
1986-01-02,-0.783,52814600
1985-12-31,0.301,53231283
1985-12-30,0.527,53071581
1985-12-27,0.960,52793585
1985-12-26,0.263,52291571
1985-12-24,-0.669,52154520
1985-12-23,-1.107,52505767
1985-12-20,0.447,53093613
1985-12-19,0.114,52857488
1985-12-18,-0.380,52797316
1985-12-17,-0.626,52998927
1985-12-16,0.997,53332680
1985-12-13,1.554,52806286
1985-12-12,0.217,51998157
1985-12-11,0.947,51885626
1985-12-10,0.083,51399113
1985-12-09,0.631,51356388
1985-12-06,-0.418,51034424
1985-12-05,-0.155,51248500
1985-12-04,1.680,51327941
1985-12-03,0.214,50479896
1985-12-02,-0.824,50372344
1985-11-29,-0.166,50790867
1985-11-27,0.941,50875295
1985-11-26,0.174,50401230
1985-11-25,-0.561,50313622
1985-11-22,0.070,50597515
1985-11-21,1.224,50562265
1985-11-20,0.176,49951057
1985-11-19,-0.004,49863443
1985-11-18,0.317,49865593
1985-11-15,-0.459,49708164
1985-11-14,1.004,49937206
1985-11-13,-0.476,49440682
1985-11-12,0.419,49677204
1985-11-11,1.844,49469906
1985-11-08,0.584,48574428
1985-11-07,-0.056,48292320
1985-11-06,0.218,48319396
1985-11-05,0.599,48214320
1985-11-04,-0.129,47927224
1985-11-01,0.913,47989207
1985-10-31,-0.114,47554995
1985-10-30,0.458,47609496
1985-10-29,0.796,47392207
1985-10-28,0.144,47017828
1985-10-25,-0.501,46950150
1985-10-24,-0.294,47186675
1985-10-23,0.573,47325955
1985-10-22,0.592,47056298
1985-10-21,-0.026,46779163
1985-10-18,-0.313,46791270
1985-10-17,-0.153,46938035
1985-10-16,1.035,47009989
1985-10-15,-0.138,46528375
1985-10-14,1.148,46592848
1985-10-11,0.836,46063850
1985-10-10,0.159,45681970
1985-10-09,0.374,45609295
1985-10-08,0.017,45439365
1985-10-07,-0.719,45431522
1985-10-04,-0.600,45760320
1985-10-03,0.180,46036753
1985-10-02,-0.528,45954102
1985-10-01,1.658,46198122
1985-09-30,0.453,45444672
1985-09-26,0.366,45239826
1985-09-25,-1.056,45074882
1985-09-24,-0.894,45555800
1985-09-23,1.253,45966902
1985-09-20,-0.720,45397973
1985-09-19,0.931,45727432
1985-09-18,0.207,45305447
1985-09-17,-0.807,45211702
1985-09-16,-0.000,45579478
1985-09-13,-0.405,45579520
1985-09-12,-0.702,45764664
1985-09-11,-0.976,46088020
1985-09-10,-0.695,46542185
1985-09-09,0.021,46868016
1985-09-06,0.529,46858192
1985-09-05,-0.037,46611429
1985-09-04,-0.269,46628749
1985-09-03,-0.363,46754670
1985-08-30,-0.142,46925016
1985-08-29,0.068,46991699
1985-08-28,0.401,46959662
1985-08-27,0.434,46772131
1985-08-26,0.090,46569787
1985-08-23,-0.085,46527874
1985-08-22,-0.930,46567410
1985-08-21,0.586,47004324
1985-08-20,0.922,46730401
1985-08-19,0.165,46303450
1985-08-16,-0.600,46226980
1985-08-15,-0.064,46505929
1985-08-14,0.074,46535595
1985-08-13,-0.159,46501085
1985-08-12,-0.349,46575178
1985-08-09,-0.316,46738128
1985-08-08,0.689,46886267
1985-08-07,-0.117,46565438
1985-08-06,-1.389,46619785
1985-08-05,-0.432,47276396
1985-08-02,-0.311,47481313
1985-08-01,0.636,47629461
1985-07-31,0.535,47328375
1985-07-30,0.189,47076653
1985-07-29,-1.434,46987843
1985-07-26,0.192,47671619
1985-07-25,0.265,47580340
1985-07-24,-0.487,47454503
1985-07-23,-0.908,47686579
1985-07-22,-0.383,48123533
1985-07-19,0.400,48308713
1985-07-18,-0.632,48116230
1985-07-17,0.492,48422361
1985-07-16,1.051,48185447
1985-07-15,-0.279,47684407
1985-07-12,0.196,47817750
1985-07-11,0.311,47724001
1985-07-10,0.705,47575942
1985-07-09,-0.442,47242750
1985-07-08,-0.291,47452615
1985-07-05,0.574,47590902
1985-07-03,-0.276,47319415
1985-07-02,-0.203,47450293
1985-07-01,0.318,47546613
1985-06-28,0.340,47396085
1985-06-27,0.631,47235677
1985-06-26,0.184,46939500
1985-06-25,0.328,46853149
1985-06-24,-0.227,46700142
1985-06-21,1.553,46806338
1985-06-20,0.068,46090366
1985-06-19,-0.360,46058891
1985-06-18,0.445,46225244
1985-06-17,-0.286,46020357
1985-06-14,0.961,46152521
1985-06-13,-1.188,45713159
1985-06-12,-0.734,46262976
1985-06-11,-0.231,46605188
1985-06-10,-0.074,46712931
1985-06-07,-0.701,46747400
1985-06-06,0.484,47077409
1985-06-05,0.078,46850538
1985-06-04,0.392,46814174
1985-06-03,-0.105,46631267
1985-05-31,0.966,46680391
1985-05-30,0.052,46233687
1985-05-29,-0.080,46209533
1985-05-28,-0.211,46246447
1985-05-24,0.380,46344420
1985-05-23,-0.490,46168834
1985-05-22,-0.550,46396263
1985-05-21,-0.027,46653006
1985-05-20,1.234,46665495
1985-05-17,0.957,46096648
1985-05-16,0.618,45659700
1985-05-15,0.378,45379070
1985-05-14,-0.383,45208358
1985-05-13,0.194,45382055
1985-05-10,1.305,45294391
1985-05-09,0.731,44710871
1985-05-08,-0.061,44386267
1985-05-07,0.441,44413403
1985-05-06,-0.034,44218259
1985-05-03,0.611,44233180
1985-05-02,0.373,43964750
1985-05-01,-0.792,43801355
1985-04-30,-0.425,44150927
1985-04-29,-0.831,44339282
1985-04-26,-0.663,44710838
1985-04-25,0.655,45009119
1985-04-24,0.224,44716260
1985-04-23,0.666,44616378
1985-04-22,-0.210,44321071
1985-04-19,0.165,44414163
1985-04-18,-0.445,44341146
1985-04-17,0.280,44539277
1985-04-16,0.170,44414963
1985-04-15,0.226,44339503
1985-04-12,0.210,44239613
1985-04-11,0.444,44147055
1985-04-10,0.693,43951893
1985-04-09,0.117,43649249
1985-04-08,-0.541,43598211
1985-04-04,-0.028,43835432
1985-04-03,-0.769,43847911
1985-04-02,-0.392,44187735
1985-04-01,0.353,44361447
1985-03-29,0.639,44205368
1985-03-28,0.016,43924698
1985-03-27,0.638,43917634
1985-03-26,0.274,43639407
1985-03-25,-0.581,43519969
1985-03-22,-0.157,43774296
1985-03-21,0.167,43842966
1985-03-20,-0.240,43769941
1985-03-19,1.520,43875251
1985-03-18,0.215,43218359
1985-03-15,-0.724,43125787
1985-03-14,-0.174,43440305
1985-03-13,-0.790,43516231
1985-03-12,0.501,43862647
1985-03-11,-0.152,43643930
1985-03-08,-0.206,43710200
1985-03-07,-0.605,43800615
1985-03-06,-0.839,44067338
1985-03-05,0.112,44440329
1985-03-04,-0.613,44390673
1985-03-01,1.141,44664646
1985-02-28,0.277,44160939
1985-02-27,-0.232,44038829
1985-02-26,1.093,44141325
1985-02-25,-0.052,43664177
1985-02-22,-0.437,43686974
1985-02-21,-0.523,43878835
1985-02-20,-0.063,44109337
1985-02-19,-0.128,44136967
1985-02-15,-0.421,44193579
1985-02-14,-0.490,44380613
1985-02-13,1.554,44599047
1985-02-12,0.047,43916589
1985-02-11,-0.897,43895910
1985-02-08,0.222,44293077
1985-02-07,0.785,44195113
1985-02-06,-0.079,43850783
1985-02-05,0.163,43885658
1985-02-04,0.977,43814260
1985-02-01,-0.534,43390222
1985-01-31,0.153,43623151
1985-01-30,0.136,43556579
1985-01-29,1.018,43497252
1985-01-28,0.048,43058715
1985-01-25,0.381,43038036
1985-01-24,-0.311,42874847
1985-01-23,1.053,43008748
1985-01-22,0.162,42560539
1985-01-21,2.294,42491546
1985-01-18,0.365,41538515
1985-01-17,-0.247,41387391
1985-01-16,0.243,41489891
1985-01-15,0.196,41389492
1985-01-14,1.565,41308417
1985-01-11,-0.216,40671788
1985-01-10,1.912,40759790
1985-01-09,0.746,39995131
1985-01-08,-0.130,39699074
1985-01-07,0.363,39750844
1985-01-04,-0.518,39606954
1985-01-03,-0.462,39813320
1985-01-02,-1.096,39997941
1984-12-31,0.610,40441031
1984-12-28,0.329,40195690
1984-12-27,-0.411,40063882
1984-12-26,-0.152,40229185
1984-12-24,0.777,40290619
1984-12-21,-0.510,39980056
1984-12-20,-0.444,40184942
1984-12-19,-0.541,40363997
1984-12-18,2.738,40583640
1984-12-17,0.578,39502069
1984-12-14,0.556,39275238
1984-12-13,-0.481,39057954
1984-12-12,-0.249,39246560
1984-12-11,0.164,39344438
1984-12-10,0.366,39279958
1984-12-07,-0.286,39136686
1984-12-06,0.422,39248889
1984-12-05,-0.758,39084132
1984-12-04,0.359,39382572
1984-12-03,-0.442,39241688
1984-11-30,-0.181,39415971
1984-11-29,-0.649,39487589
1984-11-28,-0.739,39745444
1984-11-27,0.461,40041502
1984-11-26,-0.796,39857641
1984-11-23,1.471,40177580
1984-11-21,0.218,39594968
1984-11-20,0.682,39508997
1984-11-19,-0.593,39241560
1984-11-16,-1.053,39475546
1984-11-15,-0.042,39895775
1984-11-14,0.030,39912479
1984-11-13,-0.807,39900528
1984-11-12,-0.124,40225253
1984-11-09,-0.619,40275387
1984-11-08,-0.270,40526092
1984-11-07,-0.706,40635923
1984-11-06,1.097,40924840
1984-11-05,0.707,40480698
1984-11-02,-0.024,40196537
1984-11-01,0.857,40206080
1984-10-31,-0.429,39864606
1984-10-30,1.262,40036520
1984-10-29,-0.289,39537446
1984-10-26,-0.593,39652050
1984-10-25,-0.512,39888439
1984-10-24,0.083,40093785
1984-10-23,-0.143,40060344
1984-10-22,-0.338,40117644
1984-10-19,-0.065,40253746
1984-10-18,2.423,40280002
1984-10-17,-0.369,39327206
1984-10-16,-0.577,39472857
1984-10-15,0.984,39702088
1984-10-12,0.876,39315224
1984-10-11,0.431,38973732
1984-10-10,0.290,38806560
1984-10-09,-0.265,38694308
1984-10-08,-0.319,38796977
1984-10-05,-0.129,38921135
1984-10-04,0.314,38971270
1984-10-03,-0.684,38849467
1984-10-02,-0.607,39116909
1984-10-01,-0.872,39355698
1984-09-28,-0.497,39701954
1984-09-27,0.427,39900151
1984-09-26,0.416,39730585
1984-09-25,0.224,39565795
1984-09-24,-0.217,39477424
1984-09-21,-1.064,39563382
1984-09-20,0.330,39988808
1984-09-19,-0.404,39857422
1984-09-18,-0.700,40018990
1984-09-17,0.068,40301053
1984-09-14,0.511,40273621
1984-09-13,1.976,40068995
1984-09-12,0.154,39292617
1984-09-11,0.130,39232104
1984-09-10,-0.051,39181040
1984-09-07,-0.750,39200855
1984-09-06,0.836,39497098
1984-09-05,-0.339,39169606
1984-09-04,-1.055,39302831
1984-08-31,0.063,39721932
1984-08-30,-0.275,39696862
1984-08-29,-0.168,39806459
1984-08-28,0.588,39873530
1984-08-27,-0.618,39640542
1984-08-24,0.247,39887176
1984-08-23,0.051,39788859
1984-08-22,-0.440,39768511
1984-08-21,1.755,39944270
1984-08-20,0.500,39255269
1984-08-17,0.240,39060074
1984-08-16,0.608,38966479
1984-08-15,-0.963,38731115
1984-08-14,-0.591,39107707
1984-08-13,0.022,39340172
1984-08-10,-0.056,39331637
1984-08-09,2.345,39353815
1984-08-08,-0.577,38452139
1984-08-07,0.089,38675156
1984-08-06,0.169,38640626
1984-08-03,2.761,38575379
1984-08-02,2.541,37539003
1984-08-01,2.275,36608947
1984-07-31,0.329,35794666
1984-07-30,-0.641,35677423
1984-07-27,0.753,35907523
1984-07-26,0.853,35639056
1984-07-25,0.698,35337506
1984-07-24,-0.738,35092665
1984-07-23,-0.382,35353481
1984-07-20,-0.526,35489069
1984-07-19,-0.660,35676639
1984-07-18,-0.624,35913833
1984-07-17,0.530,36139218
1984-07-16,0.493,35948721
1984-07-13,0.582,35772400
1984-07-12,-0.334,35565358
1984-07-11,-1.503,35684408
1984-07-10,-0.289,36228797
1984-07-09,0.751,36333672
1984-07-06,-0.323,36062831
1984-07-05,-0.593,36179518
1984-07-03,0.343,36395457
1984-07-02,0.030,36271120
1984-06-29,0.239,36260207
1984-06-28,0.807,36173678
1984-06-27,-0.683,35883924
1984-06-26,-0.801,36130587
1984-06-25,-0.300,36422148
1984-06-22,-0.015,36531755
1984-06-21,-0.196,36537382
1984-06-20,1.478,36609180
1984-06-19,0.597,36076021
1984-06-18,1.829,35861878
1984-06-15,-0.889,35217645
1984-06-14,-1.110,35533477
1984-06-13,-0.019,35932438
1984-06-12,-0.542,35939413
1984-06-11,-1.325,36135381
1984-06-08,0.179,36620680
1984-06-07,-0.038,36555325
1984-06-06,0.895,36569301
1984-06-05,-0.423,36244948
1984-06-04,0.730,36398924
1984-06-01,1.788,36135236
1984-05-31,0.151,35500544
1984-05-30,0.059,35446851
1984-05-29,-0.849,35425821
1984-05-25,0.275,35729131
1984-05-24,-1.223,35631104
1984-05-23,-0.451,36072086
1984-05-22,-0.525,36235401
1984-05-21,-0.649,36426713
1984-05-18,-0.481,36664698
1984-05-17,-0.873,36842017
1984-05-16,0.013,37166341
1984-05-15,0.334,37161652
1984-05-14,-0.601,37037959
1984-05-11,-0.918,37261950
1984-05-10,-0.050,37607281
1984-05-09,-0.235,37625929
1984-05-08,0.673,37714584
1984-05-07,0.244,37462548
1984-05-04,-1.270,37371522
1984-05-03,-0.411,37852203
1984-05-02,0.154,38008529
1984-05-01,1.031,37950174
1984-04-30,0.118,37562793
1984-04-27,-0.236,37518436
1984-04-26,1.053,37607092
1984-04-25,0.384,37215034
1984-04-24,0.825,37072669
1984-04-23,-0.750,36769283
1984-04-19,0.095,37046957
1984-04-18,-0.651,37011930
1984-04-17,0.428,37254605
1984-04-16,0.659,37095901
1984-04-13,-0.246,36853181
1984-04-12,1.774,36944171
1984-04-11,-0.537,36300067
1984-04-10,0.289,36496068
1984-04-09,0.000,36391031
1984-04-06,0.302,36391008
1984-04-05,-1.564,36281301
1984-04-04,-0.057,36857695
1984-04-03,-0.183,36878679
1984-04-02,-0.734,36946333
1984-03-30,-0.194,37219354
1984-03-29,-0.206,37291681
1984-03-28,1.657,37368674
1984-03-27,0.421,36759551
1984-03-26,-0.102,36605501
1984-03-23,0.128,36642818
1984-03-22,-1.222,36596121
1984-03-21,-0.107,37048849
1984-03-20,0.703,37088501
1984-03-19,-0.917,36829430
1984-03-16,1.196,37170143
1984-03-15,0.423,36730829
1984-03-14,0.013,36576218
1984-03-13,0.298,36571469
1984-03-12,1.294,36462967
1984-03-09,-0.516,35997095
1984-03-08,0.416,36183712
1984-03-07,-1.044,36033708
1984-03-06,-1.009,36414000
1984-03-05,-0.820,36785074
1984-03-02,0.676,37089288
1984-03-01,0.732,36840139
1984-02-29,0.171,36572542
1984-02-28,-1.523,36510154
1984-02-27,1.145,37074913
1984-02-24,2.087,36655136
1984-02-23,0.007,35905640
1984-02-22,-0.192,35903196
1984-02-21,-0.681,35972229
1984-02-17,-0.228,36218806
1984-02-16,-0.057,36301675
1984-02-15,-0.209,36322288
1984-02-14,1.083,36398241
1984-02-13,-0.838,36008425
1984-02-10,0.582,36312652
1984-02-09,-0.254,36102685
1984-02-08,-1.789,36194781
1984-02-07,0.434,36854106
1984-02-06,-1.729,36694867
1984-02-03,-1.472,37340365
1984-02-02,0.397,37898244
1984-02-01,-0.389,37748233
1984-01-31,0.348,37895675
1984-01-30,-0.631,37764107
1984-01-27,-0.163,38003787
1984-01-26,-0.344,38065915
1984-01-25,-0.641,38197218
1984-01-24,0.665,38443820
1984-01-23,-0.784,38190038
1984-01-20,-0.477,38491986
1984-01-19,-0.285,38676327
1984-01-18,-0.148,38786886
1984-01-17,0.406,38844405
1984-01-16,0.114,38687470
1984-01-13,-0.416,38643530
1984-01-12,-0.012,38804818
1984-01-11,-0.071,38809302
1984-01-10,-0.543,38836844
1984-01-09,-0.206,39048867
1984-01-06,0.296,39129451
1984-01-05,1.233,39014022
1984-01-04,1.686,38538854
1984-01-03,-0.520,37899952
1983-12-30,0.061,38098139
1983-12-29,-0.271,38074949
1983-12-28,0.370,38178590
1983-12-27,0.961,38037788
1983-12-23,-0.171,37675604
1983-12-22,0.000,37740041
1983-12-21,0.981,37739908
1983-12-20,-0.178,37373106
1983-12-19,-0.024,37439851
1983-12-16,0.463,37448940
1983-12-15,-0.995,37276202
1983-12-14,-0.943,37650766
1983-12-13,-0.396,38009367
1983-12-12,0.340,38160428
1983-12-09,-0.055,38030960
1983-12-08,-0.407,38052017
1983-12-07,0.280,38207641
1983-12-06,-0.157,38100978
1983-12-05,0.208,38160808
1983-12-02,-0.609,38081515
1983-12-01,0.070,38314688
1983-11-30,-0.875,38287849
1983-11-29,0.832,38625943
1983-11-28,-0.363,38307161
1983-11-25,0.147,38446823
1983-11-23,0.088,38390339
1983-11-22,0.489,38356657
1983-11-21,0.594,38170163
1983-11-18,-0.605,37944889
1983-11-17,0.046,38175789
1983-11-16,0.449,38158074
1983-11-15,-0.711,37987540
1983-11-14,0.190,38259498
1983-11-11,1.153,38187040
1983-11-10,0.283,37751921
1983-11-09,1.374,37645249
1983-11-08,-0.075,37134851
1983-11-07,-0.307,37162753
1983-11-04,-0.597,37277328
1983-11-03,-0.822,37501389
1983-11-02,0.734,37812128
1983-11-01,0.084,37536664
1983-10-31,0.126,37505260
1983-10-28,-0.871,37457888
1983-10-27,-0.308,37786881
1983-10-26,-0.635,37903744
1983-10-25,0.304,38146062
1983-10-24,0.041,38030263
1983-10-21,-0.598,38014826
1983-10-20,0.166,38243461
1983-10-19,-0.625,38180124
1983-10-18,-1.516,38420168
1983-10-17,0.351,39011494
1983-10-14,0.010,38875168
1983-10-13,0.163,38871139
1983-10-12,-0.405,38807804
1983-10-11,-1.318,38965734
1983-10-10,1.097,39486361
1983-10-07,0.321,39058051
1983-10-06,1.527,38933124
1983-10-05,0.899,38347411
1983-10-04,0.294,38005773
1983-10-03,-0.140,37894527
1983-09-30,-0.676,37947527
1983-09-29,-0.441,38205828
1983-09-28,-0.239,38375168
1983-09-27,-0.947,38466947
1983-09-26,0.346,38834755
1983-09-23,-0.131,38700696
1983-09-22,0.818,38751417
1983-09-21,-0.474,38437146
1983-09-20,0.983,38620178
1983-09-19,0.841,38244306
1983-09-16,1.148,37925467
1983-09-15,-0.564,37494899
1983-09-14,0.347,37707731
1983-09-13,-0.391,37577446
1983-09-12,-0.838,37724815
1983-09-09,-0.486,38043748
1983-09-08,-0.096,38229498
1983-09-07,0.057,38266261
1983-09-06,1.752,38244329
1983-09-02,0.481,37585809
1983-09-01,-0.086,37405856
1983-08-31,1.126,37438101
1983-08-30,0.218,37021118
1983-08-29,0.084,36940489
1983-08-26,0.818,36909524
1983-08-25,-0.236,36609920
1983-08-24,-0.910,36696342
1983-08-23,-0.932,37033346
1983-08-22,0.234,37381637
1983-08-19,0.277,37294235
1983-08-18,-1.029,37191032
1983-08-17,1.159,37577705
1983-08-16,-0.159,37147162
1983-08-15,0.960,37206496
1983-08-12,0.398,36852704
1983-08-11,0.017,36706600
1983-08-10,0.892,36700466
1983-08-09,0.610,36376018
1983-08-08,-1.557,36155410
1983-08-05,0.269,36727217
1983-08-04,-1.267,36628521
1983-08-03,0.895,37098739
1983-08-02,-0.002,36769767
1983-08-01,-0.302,36770405
1983-07-29,-1.479,36881668
1983-07-28,-1.499,37435426
1983-07-27,-1.701,38004993
1983-07-26,0.603,38662612
1983-07-25,0.393,38430719
1983-07-22,-0.084,38280101
1983-07-21,-0.119,38312352
1983-07-20,2.719,38358149
1983-07-19,0.545,37342836
1983-07-18,-0.190,37140282
1983-07-15,-1.017,37210910
1983-07-14,0.348,37593104
1983-07-13,-0.026,37462801
1983-07-12,-1.515,37472471
1983-07-11,0.631,38048837
1983-07-08,-0.270,37810159
1983-07-07,-0.529,37912399
1983-07-06,1.143,38113983
1983-07-05,-1.192,37683394
1983-07-01,0.612,38137849
1983-06-30,0.616,37905940
1983-06-29,0.595,37674030
1983-06-28,-1.633,37451147
1983-06-27,-1.127,38072691
1983-06-24,-0.078,38506837
1983-06-23,-0.230,38536835
1983-06-22,0.286,38625535
1983-06-21,0.909,38515545
1983-06-20,-0.049,38168481
1983-06-17,0.005,38187187
1983-06-16,1.213,38185393
1983-06-15,0.967,37727835
1983-06-14,0.431,37366347
1983-06-13,1.331,37205937
1983-06-10,0.537,36717090
1983-06-09,0.306,36520931
1983-06-08,-0.841,36409669
1983-06-07,-1.221,36718452
1983-06-06,0.264,37172464
1983-06-03,0.283,37074609
1983-06-02,0.889,36970050
1983-06-01,0.115,36644297
1983-05-31,-1.231,36602297
1983-05-27,-0.595,37058553
1983-05-26,-0.419,37280204
1983-05-25,0.418,37437066
1983-05-24,1.298,37281114
1983-05-23,0.807,36803416
1983-05-20,0.109,36508935
1983-05-19,-0.761,36469170
1983-05-18,-0.250,36748919
1983-05-17,0.205,36840983
1983-05-16,-0.893,36765464
1983-05-13,0.416,37096612
1983-05-12,-0.411,36942891
1983-05-11,-0.576,37095287
1983-05-10,0.101,37310245
1983-05-09,-0.157,37272715
1983-05-06,1.118,37331268
1983-05-05,0.608,36918347
1983-05-04,0.611,36695353
1983-05-03,0.158,36472359
1983-05-02,-1.387,36414715
1983-04-29,0.921,36926864
1983-04-28,0.948,36589909
1983-04-27,-0.210,36246249
1983-04-26,1.898,36322672
1983-04-25,-0.982,35646063
1983-04-22,0.248,35999568
1983-04-21,-0.392,35910638
1983-04-20,1.273,36051866
1983-04-19,-0.625,35598701
1983-04-18,0.639,35822606
1983-04-15,0.415,35595128
1983-04-14,0.876,35448093
1983-04-13,0.626,35140170
1983-04-12,0.455,34921627
1983-04-11,1.513,34763414
1983-04-08,0.735,34245430
1983-04-07,0.494,33995593
1983-04-06,-0.547,33828439
1983-04-05,-0.712,34014356
1983-04-04,0.057,34258378
1983-03-31,-0.262,34238711
1983-03-30,1.204,34328540
1983-03-29,-0.153,33920037
1983-03-28,-0.518,33971880
1983-03-25,-0.438,34148862
1983-03-24,0.385,34299029
1983-03-23,1.445,34167626
1983-03-22,-0.332,33680903
1983-03-21,0.879,33793080
1983-03-18,0.222,33498536
1983-03-17,-0.126,33424477
1983-03-16,-1.000,33466718
1983-03-15,0.373,33804787
1983-03-14,-0.249,33679246
1983-03-11,-0.346,33763435
1983-03-10,-0.674,33880738
1983-03-09,1.072,34110635
1983-03-08,-1.534,33748866
1983-03-07,0.018,34274602
1983-03-04,0.141,34268277
1983-03-03,0.786,34220003
1983-03-02,0.951,33953164
1983-03-01,1.906,33633335
1983-02-28,-1.093,33004413
1983-02-25,0.112,33368992
1983-02-24,1.916,33331754
1983-02-23,0.912,32705031
1983-02-22,-1.669,32409477
1983-02-18,0.396,32959514
1983-02-17,0.026,32829546
1983-02-16,-0.563,32821005
1983-02-15,-0.401,33006758
1983-02-14,0.880,33139519
1983-02-11,0.120,32850584
1983-02-10,1.731,32811136
1983-02-09,-0.457,32252837
1983-02-08,-0.812,32401054
1983-02-07,0.556,32666290
1983-02-04,1.314,32485536
1983-02-03,0.734,32064116
1983-02-02,0.208,31830367
1983-02-01,-1.581,31764420
1983-01-31,0.563,32274740
1983-01-28,0.185,32093977
1983-01-27,1.938,32034654
1983-01-26,-0.127,31425545
1983-01-25,1.285,31465577
1983-01-24,-2.664,31066222
1983-01-21,-1.641,31916581
1983-01-20,0.719,32448992
1983-01-19,-0.749,32217446
1983-01-18,-0.198,32460614
1983-01-17,0.067,32524939
1983-01-14,0.649,32503148
1983-01-13,-0.633,32293677
1983-01-12,0.642,32499316
1983-01-11,-0.660,32292050
1983-01-10,1.119,32506521
1983-01-07,-0.042,32146897
1983-01-06,2.346,32160438
1983-01-05,0.444,31423230
1983-01-04,2.199,31284406
1983-01-03,-1.612,30611222
1982-12-31,0.241,31112746
1982-12-30,-0.623,31037957
1982-12-29,0.354,31232558
1982-12-28,-0.964,31122438
1982-12-27,1.773,31425237
1982-12-23,0.661,30877905
1982-12-22,0.179,30675040
1982-12-21,1.753,30620120
1982-12-20,-0.881,30092651
1982-12-17,1.634,30360124
1982-12-16,0.063,29871969
1982-12-15,-1.535,29853140
1982-12-14,-1.783,30318397
1982-12-13,0.288,30868703
1982-12-10,-0.285,30780100
1982-12-09,-1.251,30868121
1982-12-08,-0.606,31259252
1982-12-07,0.682,31449766
1982-12-06,2.217,31236866
1982-12-03,-0.074,30559488
1982-12-02,0.090,30582094
1982-12-01,0.155,30554543
1982-11-30,3.214,30507366
1982-11-29,-0.480,29557392
1982-11-26,0.759,29699932
1982-11-24,0.728,29476116
1982-11-23,-0.933,29263200
1982-11-22,-2.007,29538763
1982-11-19,-0.927,30143615
1982-11-18,0.314,30425723
1982-11-17,1.857,30330568
1982-11-16,-1.146,29777460
1982-11-15,-1.759,30122813
1982-11-12,-1.536,30662255
1982-11-11,0.433,31140640
1982-11-10,-1.273,31006234
1982-11-09,1.843,31406116
1982-11-08,-1.184,30837732
1982-11-05,0.236,31207086
1982-11-04,-0.691,31133740
1982-11-03,3.908,31350438
1982-11-02,1.501,30171419
1982-11-01,1.320,29725146
1982-10-29,0.116,29337753
1982-10-28,-1.230,29303652
1982-10-27,0.619,29668647
1982-10-26,0.885,29486250
1982-10-25,-3.931,29227524
1982-10-22,-0.146,30423435
1982-10-21,-0.103,30467850
1982-10-20,1.951,30499180
1982-10-19,-0.090,29915498
1982-10-18,2.376,29942464
1982-10-15,-0.721,29247551
1982-10-14,-1.541,29459894
1982-10-13,1.702,29920864
1982-10-12,-0.003,29420043
1982-10-11,2.622,29420837
1982-10-08,1.762,28669202
1982-10-07,2.261,28172733
1982-10-06,3.284,27549764
1982-10-05,0.408,26673798
1982-10-04,-0.355,26565532
1982-10-01,1.306,26660098
1982-09-30,-0.971,26316283
1982-09-29,-1.283,26574424
1982-09-28,-0.286,26919809
1982-09-27,0.264,26996931
1982-09-24,-0.374,26925741
1982-09-23,-0.124,27026853
1982-09-22,-0.691,27060354
1982-09-21,1.956,27248710
1982-09-20,-0.011,26726041
1982-09-17,-0.968,26729006
1982-09-16,-0.392,26990327
1982-09-15,0.975,27096552
1982-09-14,0.716,26834819
1982-09-13,1.058,26644093
1982-09-10,-0.788,26365143
1982-09-09,-0.165,26574654
1982-09-08,0.697,26618475
1982-09-07,-1.034,26434203
1982-09-03,1.985,26710424
1982-09-02,1.727,26190460
1982-09-01,-1.021,25745806
1982-08-31,1.577,26011270
1982-08-30,0.487,25607499
1982-08-27,-1.180,25483470
1982-08-26,0.838,25787669
1982-08-25,1.935,25573260
1982-08-24,-0.625,25087708
1982-08-23,2.729,25245578
1982-08-20,3.523,24574954
1982-08-19,0.589,23738628
1982-08-18,-0.430,23599525
1982-08-17,4.732,23701441
1982-08-16,0.254,22630536
1982-08-13,1.408,22573204
1982-08-12,-0.148,22259784
1982-08-11,-0.206,22292833
1982-08-10,-0.205,22338794
1982-08-09,-0.577,22384757
1982-08-06,-1.342,22514646
1982-08-05,-0.891,22821004
1982-08-04,-1.531,23026217
1982-08-03,-1.023,23384228
1982-08-02,1.777,23626031
1982-07-30,-0.556,23213609
1982-07-29,0.006,23343506
1982-07-28,-1.511,23342127
1982-07-27,-0.814,23700145
1982-07-26,-0.701,23894608
1982-07-23,-0.253,24063246
1982-07-22,0.077,24124281
1982-07-21,-0.084,24105687
1982-07-20,0.752,24125833
1982-07-19,-0.281,23945831
1982-07-16,0.565,24013322
1982-07-15,0.051,23878512
1982-07-14,0.925,23866375
1982-07-13,-0.085,23647629
1982-07-12,0.702,23667773
1982-07-09,1.230,23502830
1982-07-08,0.313,23217363
1982-07-07,-0.041,23144962
1982-07-06,-0.309,23154343
1982-07-02,-0.949,23226138
1982-07-01,-0.795,23448588
1982-06-30,-0.520,23636606
1982-06-29,-0.021,23760057
1982-06-28,1.049,23765137
1982-06-25,-0.604,23518402
1982-06-24,-0.257,23661226
1982-06-23,1.723,23722263
1982-06-22,1.051,23320563
1982-06-21,-0.050,23078127
1982-06-18,-0.272,23089661
1982-06-17,-1.123,23152548
1982-06-16,-0.711,23415601
1982-06-15,-0.217,23583369
1982-06-14,-1.110,23634677
1982-06-11,1.491,23899851
1982-06-10,0.586,23548840
1982-06-09,-0.551,23411693
1982-06-08,-0.414,23541349
1982-06-07,0.052,23639245
1982-06-04,-1.538,23627028
1982-06-03,-0.134,23995968
1982-06-02,0.343,24028222
1982-06-01,-0.152,23946130
1982-05-28,-0.660,23982618
1982-05-27,-0.369,24141927
1982-05-26,-1.091,24231356
1982-05-25,-0.312,24498662
1982-05-24,-0.062,24575388
1982-05-21,0.283,24590704
1982-05-20,-0.235,24521317
1982-05-19,-0.788,24578986
1982-05-18,-0.715,24774299
1982-05-17,-1.068,24952673
1982-05-14,-0.153,25222107
1982-05-13,-0.767,25260720
1982-05-12,-0.185,25456039
1982-05-11,0.894,25503124
1982-05-10,-0.882,25277031
1982-05-07,0.684,25502001
1982-05-06,0.875,25328848
1982-05-05,0.201,25109105
1982-05-04,0.567,25058776
1982-05-03,0.348,24917386
1982-04-30,0.280,24831056
1982-04-29,-0.926,24761665
1982-04-28,-0.600,24992991
1982-04-27,-1.027,25143845
1982-04-26,0.543,25404822
1982-04-23,1.254,25267665
1982-04-22,1.287,24954734
1982-04-21,0.265,24637565
1982-04-20,-1.051,24572408
1982-04-19,-0.070,24833387
1982-04-16,0.417,24850824
1982-04-15,0.471,24747547
1982-04-14,-0.114,24631563
1982-04-13,0.015,24659587
1982-04-12,-0.165,24655846
1982-04-08,0.680,24696579
1982-04-07,0.110,24529763
1982-04-06,0.572,24502725
1982-04-05,-0.314,24363441
1982-04-02,1.190,24440177
1982-04-01,1.656,24152640
1982-03-31,-0.251,23759207
1982-03-30,-0.002,23818998
1982-03-29,0.346,23819490
1982-03-26,-1.096,23737383
1982-03-25,0.237,24000492
1982-03-24,-0.486,23943801
1982-03-23,0.716,24060778
1982-03-22,1.978,23889716
1982-03-19,0.307,23426380
1982-03-18,1.127,23354780
1982-03-17,-0.154,23094574
1982-03-16,-0.127,23130283
1982-03-15,0.788,23159741
1982-03-12,-0.650,22978722
1982-03-11,-0.019,23129049
1982-03-10,0.551,23133501
1982-03-09,1.395,23006662
1982-03-08,-1.778,22690180
1982-03-05,-0.459,23101005
1982-03-04,-0.900,23207572
1982-03-03,-1.517,23418339
1982-03-02,-0.524,23779156
1982-03-01,0.200,23904481
1982-02-26,-0.062,23856835
1982-02-25,-0.202,23871709
1982-02-24,1.763,23919928
1982-02-23,-0.046,23505491
1982-02-22,-1.399,23516194
1982-02-19,-0.497,23849929
1982-02-18,0.138,23969006
1982-02-17,-0.296,23935948
1982-02-16,-0.252,24007092
1982-02-12,-0.019,24067817
1982-02-11,-0.174,24072272
1982-02-10,0.879,24114242
1982-02-09,-0.797,23904033
1982-02-08,-2.200,24096057
1982-02-05,0.740,24638218
1982-02-04,-0.027,24457186
1982-02-03,-1.263,24463728
1982-02-02,0.218,24776638
1982-02-01,-2.138,24722739
1982-01-29,1.260,25262827
1982-01-28,2.754,24948408
1982-01-27,0.499,24279676
1982-01-26,-0.165,24159081
1982-01-25,0.051,24198968
1982-01-22,-0.293,24186749
1982-01-21,0.439,24257900
1982-01-20,-0.576,24151891
1982-01-19,-1.037,24291823
1982-01-18,0.786,24546387
1982-01-15,0.706,24354925
1982-01-14,0.597,24184304
1982-01-13,-1.192,24040777
1982-01-12,-0.385,24330778
1982-01-11,-2.286,24424857
1982-01-08,0.544,24996239
1982-01-07,-0.185,24861050
1982-01-06,-0.699,24907194
1982-01-05,-2.164,25082566
1982-01-04,0.178,25637283
1981-12-31,0.227,25591722
1981-12-30,0.541,25533653
1981-12-29,-0.467,25396378
1981-12-28,-0.197,25515477
1981-12-24,0.211,25565795
1981-12-23,-0.440,25511893
1981-12-22,-0.350,25624741
1981-12-21,-0.509,25714662
1981-12-18,0.733,25846271
1981-12-17,0.585,25658207
1981-12-16,-0.436,25508918
1981-12-15,0.190,25620752
1981-12-14,-1.679,25572212
1981-12-11,-0.592,26008913
1981-12-10,0.202,26163929
1981-12-09,0.543,26111278
1981-12-08,-0.272,25970212
1981-12-07,-0.818,26040929
1981-12-04,0.922,26255575
1981-12-03,0.362,26015814
1981-12-02,-1.086,25922038
1981-12-01,-0.175,26206595
1981-11-30,1.018,26252640
1981-11-27,0.851,25988199
1981-11-25,0.454,25768996
1981-11-24,1.576,25652598
1981-11-23,-0.068,25254499
1981-11-20,0.842,25271754
1981-11-19,0.392,25060767
1981-11-18,-0.707,24962873
1981-11-17,0.772,25140513
1981-11-16,-1.144,24948029
1981-11-13,-1.203,25236708
1981-11-12,0.239,25543897
1981-11-11,0.199,25483013
1981-11-10,-0.454,25432412
1981-11-09,0.523,25548370
1981-11-06,-0.678,25415516
1981-11-05,-0.935,25589051
1981-11-04,-0.027,25830444
1981-11-03,0.501,25837421
1981-11-02,1.904,25708678
1981-10-30,2.383,25228303
1981-10-29,-0.303,24640995
1981-10-28,0.155,24715825
1981-10-27,0.973,24677558
1981-10-26,-0.347,24439823
1981-10-23,-0.843,24524935
1981-10-22,-0.359,24733431
1981-10-21,-0.127,24822658
1981-10-20,1.109,24854307
1981-10-19,-0.154,24581610
1981-10-16,-0.411,24619427
1981-10-15,0.785,24720993
1981-10-14,-1.612,24528493
1981-10-13,-0.332,24930298
1981-10-12,-0.176,25013359
1981-10-09,-0.680,25057348
1981-10-08,0.843,25228838
1981-10-07,1.626,25017827
1981-10-06,-0.078,24617619
1981-10-05,0.147,24636930
1981-10-02,1.966,24600715
1981-10-01,0.796,24126468
1981-09-30,0.229,23936014
1981-09-29,0.377,23881288
1981-09-28,2.468,23791600
1981-09-25,-1.923,23218629
1981-09-24,-0.530,23673920
1981-09-23,-0.860,23800168
1981-09-22,-0.455,24006622
1981-09-21,0.865,24116419
1981-09-18,-0.741,23909507
1981-09-17,-1.406,24088010
1981-09-16,-0.721,24431626
1981-09-15,-0.707,24608938
1981-09-14,-0.751,24784226
1981-09-11,1.230,24971682
1981-09-10,1.473,24668333
1981-09-09,0.373,24310224
1981-09-08,-1.699,24219826
1981-09-04,-0.933,24638491
1981-09-03,-1.782,24870570
1981-09-02,0.399,25321693
1981-09-01,0.206,25221156
1981-08-31,-1.009,25169295
1981-08-28,0.477,25425718
1981-08-27,-1.129,25304899
1981-08-26,-0.114,25593775
1981-08-25,-0.272,25623042
1981-08-24,-2.841,25692875
1981-08-21,-1.088,26444191
1981-08-20,0.171,26735106
1981-08-19,0.309,26689334
1981-08-18,-0.820,26607052
1981-08-17,-0.932,26826980
1981-08-14,-0.739,27079363
1981-08-13,0.101,27281039
1981-08-12,-0.315,27253522
1981-08-11,1.001,27339591
1981-08-10,0.615,27068677
1981-08-07,-0.647,26903236
1981-08-06,-0.003,27078548
1981-08-05,1.148,27079427
1981-08-04,0.553,26771999
1981-08-03,-0.315,26624809
1981-07-31,0.716,26708848
1981-07-30,0.674,26519060
1981-07-29,0.035,26341443
1981-07-28,-0.562,26332176
1981-07-27,1.135,26481122
1981-07-24,0.848,26183829
1981-07-23,0.232,25963609
1981-07-22,-0.919,25903631
1981-07-21,-0.274,26143856
1981-07-20,-1.535,26215726
1981-07-17,0.341,26624312
1981-07-16,0.104,26533910
1981-07-15,0.466,26506388
1981-07-14,0.027,26383530
1981-07-13,0.228,26376293
1981-07-10,0.074,26316315
1981-07-09,0.782,26296907
1981-07-08,0.082,26092909
1981-07-07,0.702,26071470
1981-07-06,-0.966,25889781
1981-07-02,-0.850,26142187
1981-07-01,-1.076,26366198
1981-06-30,-0.496,26653094
1981-06-29,-0.486,26785823
1981-06-26,-0.169,26916525
1981-06-25,0.132,26962031
1981-06-24,-0.498,26926396
1981-06-23,1.080,27061159
1981-06-22,-0.223,26771953
1981-06-19,0.494,26831660
1981-06-18,-1.226,26699752
1981-06-17,0.894,27031037
1981-06-16,-1.061,26791432
1981-06-15,0.108,27078651
1981-06-12,-0.173,27049377
1981-06-11,1.088,27096220
1981-06-10,0.282,26804534
1981-06-09,-0.182,26729184
1981-06-08,0.035,26778031
1981-06-05,0.972,26768785
1981-06-04,0.209,26511147
1981-06-03,0.088,26455828
1981-06-02,-1.319,26432557
1981-06-01,-0.115,26785891
1981-05-29,-0.619,26816709
1981-05-28,-0.218,26983747
1981-05-27,0.766,27042613
1981-05-26,1.107,26837053
1981-05-22,-0.296,26543347
1981-05-21,-0.168,26622243
1981-05-20,-0.048,26667085
1981-05-19,-0.317,26679874
1981-05-18,0.297,26764782
1981-05-15,0.693,26685422
1981-05-14,0.575,26501891
1981-05-13,-0.109,26350412
1981-05-12,0.793,26379227
1981-05-11,-1.451,26171654
1981-05-08,0.012,26557058
1981-05-07,0.696,26553820
1981-05-06,0.371,26370284
1981-05-05,-0.246,26272892
1981-05-04,-1.516,26337766
1981-05-01,-0.048,26743212
1981-04-30,-0.160,26756002
1981-04-29,-0.929,26798845
1981-04-28,-0.825,27050037
1981-04-27,0.270,27275187
1981-04-24,0.911,27201835
1981-04-23,-0.129,26956190
1981-04-22,-0.047,26991019
1981-04-21,-0.878,27003811
1981-04-20,0.574,27242989
1981-04-16,0.413,27087495
1981-04-15,1.139,26976075
1981-04-14,-0.332,26672323
1981-04-13,-0.989,26761245
1981-04-10,-0.099,27028476
1981-04-09,0.287,27055293
1981-04-08,0.317,26977930
1981-04-07,0.005,26892553
1981-04-06,-1.130,26891319
1981-04-03,-0.589,27198627
1981-04-02,-0.164,27359680
1981-04-01,0.438,27404530
1981-03-31,1.299,27285091
1981-03-30,-0.255,26935247
1981-03-27,-1.169,27004138
1981-03-26,-0.593,27323474
1981-03-25,1.831,27486534
1981-03-24,-0.732,26992429
1981-03-23,1.220,27191555
1981-03-20,0.480,26863742
1981-03-19,-0.539,26735372
1981-03-18,0.241,26880367
1981-03-17,-0.538,26815661
1981-03-16,1.186,26960657
1981-03-13,-0.039,26644703
1981-03-12,2.485,26655173
1981-03-11,-0.366,26008827
1981-03-10,-0.477,26104366
1981-03-09,0.988,26229578
1981-03-06,-0.040,25972967
1981-03-05,-0.683,25983432
1981-03-04,0.248,26162065
1981-03-03,-1.067,26097354
1981-03-02,0.579,26378864
1981-02-27,0.911,26227105
1981-02-26,1.239,25990271
1981-02-25,0.900,25672318
1981-02-24,0.052,25443392
1981-02-23,0.624,25430117
1981-02-20,-0.002,25272415
1981-02-19,-1.422,25272988
1981-02-18,0.541,25637599
1981-02-17,0.669,25499680
1981-02-13,-0.368,25330105
1981-02-12,-0.567,25423668
1981-02-11,-0.747,25568673
1981-02-10,-0.002,25761162
1981-02-09,-0.991,25761737
1981-02-06,0.764,26019521
1981-02-05,0.824,25822243
1981-02-04,0.122,25611113
1981-02-03,1.235,25580033
1981-02-02,-2.005,25267995
1981-01-30,-0.506,25784973
1981-01-29,-0.056,25916134
1981-01-28,-0.571,25930558
1981-01-27,1.002,26079527
1981-01-26,-0.277,25820908
1981-01-23,-0.002,25892713
1981-01-22,-0.813,25893288
1981-01-21,-0.199,26105576
1981-01-20,-1.996,26157596
1981-01-19,-0.276,26690423
1981-01-16,0.428,26764213
1981-01-15,0.580,26650030
1981-01-14,0.155,26496274
1981-01-13,-0.152,26455298
1981-01-12,0.050,26495451
1981-01-09,0.335,26482177
1981-01-08,-1.472,26393714
1981-01-07,-2.177,26788052
1981-01-06,0.128,27384216
1981-01-05,1.213,27349182
1981-01-02,0.447,27021296
1980-12-31,0.337,26901174
1980-12-30,0.242,26810733
1980-12-29,-1.107,26746014
1980-12-26,0.527,27045384
1980-12-24,0.449,26903493
1980-12-23,-0.334,26783368
1980-12-22,1.576,26872991
1980-12-19,0.540,26456049
1980-12-18,0.100,26314002
1980-12-17,1.752,26287662
1980-12-16,0.897,25835014
1980-12-15,0.187,25605292
1980-12-12,1.471,25557437
1980-12-11,-0.675,25186915
1980-12-10,-1.665,25358081
1980-12-09,-0.080,25787387
1980-12-08,-2.508,25807979
1980-12-05,-1.760,26471961
1980-12-04,-0.149,26946254
1980-12-03,-0.170,26986408
1980-12-02,-0.156,27032426
1980-12-01,-2.318,27074535
1980-11-28,0.265,27717022
1980-11-26,0.615,27643748
1980-11-25,0.749,27474650
1980-11-24,-0.553,27270347
1980-11-21,-0.894,27421974
1980-11-20,0.974,27669428
1980-11-19,-0.437,27402543
1980-11-18,1.423,27522881
1980-11-17,0.452,27136696
1980-11-14,0.498,27014526
1980-11-13,1.420,26880625
1980-11-12,2.538,26504209
1980-11-11,1.384,25848125
1980-11-10,0.250,25495174
1980-11-07,0.227,25431668
1980-11-06,-1.813,25374032
1980-11-05,1.783,25842489
1980-11-03,1.244,25389787
1980-10-31,0.948,25077900
1980-10-30,-1.240,24842284
1980-10-29,-0.090,25154285
1980-10-28,0.151,25176831
1980-10-27,-1.491,25138747
1980-10-24,0.265,25519207
1980-10-23,-1.785,25451787
1980-10-22,0.079,25914393
1980-10-21,-0.560,25893914
1980-10-20,0.844,26039682
1980-10-17,-0.509,25821665
1980-10-16,-1.085,25953741
1980-10-15,1.287,26238375
1980-10-14,0.011,25904961
1980-10-13,1.351,25902084
1980-10-10,-0.552,25556929
1980-10-09,-0.443,25698787
1980-10-08,0.514,25813263
1980-10-07,-0.534,25681299
1980-10-06,1.871,25819246
1980-10-03,0.986,25344996
1980-10-02,0.773,25097627
1980-10-01,1.349,24905023
1980-09-30,1.572,24573547
1980-09-29,-2.202,24193170
1980-09-26,-1.821,24737952
1980-09-25,-1.246,25196677
1980-09-24,0.745,25514575
1980-09-23,-0.725,25325880
1980-09-22,0.909,25510775
1980-09-19,0.675,25281005
1980-09-18,-0.343,25111446
1980-09-17,1.680,25197749
1980-09-16,0.860,24781404
1980-09-15,0.121,24569983
1980-09-12,-0.076,24540289
1980-09-11,0.692,24558927
1980-09-10,0.609,24390033
1980-09-09,0.629,24242407
1980-09-08,-1.226,24090911
1980-09-05,-0.408,24389879
1980-09-04,-0.531,24489716
1980-09-03,1.924,24620488
1980-09-02,1.120,24155790
1980-08-29,0.263,23888291
1980-08-28,-1.136,23825727
1980-08-27,-1.029,24099565
1980-08-26,-0.235,24350207
1980-08-25,-0.658,24407513
1980-08-22,0.461,24569221
1980-08-21,1.373,24456389
1980-08-20,0.966,24125081
1980-08-19,-0.616,23894309
1980-08-18,-1.821,24042485
1980-08-15,0.391,24488408
1980-08-14,1.606,24392974
1980-08-13,-0.390,24007524
1980-08-12,-0.769,24101566
1980-08-11,0.959,24288413
1980-08-08,0.269,24057636
1980-08-07,1.450,23993135
1980-08-06,0.686,23650213
1980-08-05,-0.178,23489034
1980-08-04,-0.169,23530873
1980-08-01,-0.357,23570776
1980-07-31,-0.437,23655151
1980-07-30,-0.119,23758863
1980-07-29,0.814,23787167
1980-07-28,0.555,23595049
1980-07-25,-0.806,23464803
1980-07-24,-0.095,23655525
1980-07-23,-0.193,23678028
1980-07-22,-0.241,23723735
1980-07-21,0.403,23781044
1980-07-18,0.512,23685600
1980-07-17,1.528,23565020
1980-07-16,0.295,23210475
1980-07-15,-0.570,23142100
1980-07-14,1.856,23274817
1980-07-11,0.779,22850657
1980-07-10,-0.851,22673997
1980-07-09,0.139,22868591
1980-07-08,-0.360,22836950
1980-07-07,0.725,22919395
1980-07-03,1.557,22754334
1980-07-02,0.672,22405575
1980-07-01,0.624,22255981
1980-06-30,-1.495,22117986
1980-06-27,-0.143,22453740
1980-06-26,-0.434,22485910
1980-06-25,1.392,22583824
1980-06-24,0.571,22273731
1980-06-23,0.415,22147337
1980-06-20,-0.506,22055748
1980-06-19,-1.338,22167842
1980-06-18,0.217,22468411
1980-06-17,-0.030,22419871
1980-06-16,0.260,22426655
1980-06-13,0.269,22368576
1980-06-12,-0.405,22308590
1980-06-11,1.193,22399314
1980-06-10,0.847,22135199
1980-06-09,0.467,21949299
1980-06-06,0.390,21847338
1980-06-05,0.171,21762548
1980-06-04,1.901,21725451
1980-06-03,-0.201,21320152
1980-06-02,-0.405,21363180
1980-05-30,0.892,21450088
1980-05-29,-1.560,21260364
1980-05-28,0.608,21597196
1980-05-27,0.720,21466615
1980-05-23,1.485,21313139
1980-05-22,1.209,21001311
1980-05-21,0.115,20750532
1980-05-20,-0.023,20726785
1980-05-19,0.318,20731655
1980-05-16,0.356,20665934
1980-05-15,0.153,20592582
1980-05-14,0.536,20561202
1980-05-13,1.462,20451600
1980-05-12,0.080,20156930
1980-05-09,-1.295,20140812
1980-05-08,-0.950,20405155
1980-05-07,0.892,20600816
1980-05-06,-0.099,20418710
1980-05-05,0.776,20438842
1980-05-02,0.136,20281538
1980-05-01,-0.753,20253972
1980-04-30,0.427,20407661
1980-04-29,0.230,20320949
1980-04-28,0.477,20274302
1980-04-25,0.747,20178050
1980-04-24,0.666,20028372
1980-04-23,0.312,19895866
1980-04-22,3.644,19833953
1980-04-21,-0.718,19136678
1980-04-18,-0.468,19275104
1980-04-17,-0.457,19365829
1980-04-16,-1.034,19454648
1980-04-15,-0.180,19657948
1980-04-14,-0.889,19693343
1980-04-11,-0.254,19869934
1980-04-10,0.962,19920596
1980-04-09,1.906,19730842
1980-04-08,1.030,19361728
1980-04-07,-1.891,19164340
1980-04-03,-0.491,19533647
1980-04-02,0.512,19630101
1980-04-01,0.112,19530023
1980-03-31,1.423,19508176
1980-03-28,2.527,19234460
1980-03-27,-0.441,18760390
1980-03-26,-0.489,18843486
1980-03-25,-0.066,18936124
1980-03-24,-2.938,18948621
1980-03-21,-0.763,19522111
1980-03-20,-1.100,19672227
1980-03-19,0.223,19891116
1980-03-18,1.798,19846913
1980-03-17,-2.942,19496391
1980-03-14,-0.154,20087377
1980-03-13,-1.131,20118345
1980-03-12,-0.811,20348516
1980-03-11,1.201,20514793
1980-03-10,-0.337,20271387
1980-03-07,-1.569,20339942
1980-03-06,-2.184,20664083
1980-03-05,-1.425,21125415
1980-03-04,0.268,21430769
1980-03-03,-0.988,21373414
1980-02-29,1.176,21586684
1980-02-28,-0.004,21335756
1980-02-27,-1.368,21336660
1980-02-26,0.590,21632624
1980-02-25,-1.451,21505733
1980-02-22,-0.185,21822371
1980-02-21,-0.991,21862744
1980-02-20,1.639,22081659
1980-02-19,-0.674,21725481
1980-02-15,-1.092,21872981
1980-02-14,-1.420,22114450
1980-02-13,0.476,22432978
1980-02-12,0.682,22326760
1980-02-11,-0.677,22175434
1980-02-08,1.448,22326695
1980-02-07,0.502,22008099
1980-02-06,0.940,21898118
1980-02-05,0.274,21694165
1980-02-04,-0.626,21634927
1980-02-01,0.858,21771154
1980-01-31,-0.876,21585992
1980-01-30,1.007,21776724
1980-01-29,-0.654,21559610
1980-01-28,1.108,21701477
1980-01-25,-0.057,21463686
1980-01-24,0.250,21475867
1980-01-23,1.745,21422266
1980-01-22,-0.502,21054784
1980-01-21,0.946,21160940
1980-01-18,0.356,20962613
1980-01-17,-0.291,20888334
1980-01-16,-0.058,20949383
1980-01-15,0.709,20961563
1980-01-14,0.440,20813979
1980-01-11,0.050,20722783
1980-01-10,0.791,20712407
1980-01-09,0.115,20549786
1980-01-08,2.023,20526251
1980-01-07,0.295,20119279
1980-01-04,1.257,20060031
1980-01-03,-0.486,19810943
1980-01-02,-1.994,19907702
1979-12-31,0.116,20312721
1979-12-28,-0.088,20289185
1979-12-27,0.190,20307003
1979-12-26,0.135,20268431
1979-12-24,0.089,20241137
1979-12-21,-0.601,20223239
1979-12-20,0.076,20345490
1979-12-19,-0.070,20330107
1979-12-18,-0.909,20344392
1979-12-17,0.393,20531109
1979-12-14,1.168,20450832
1979-12-13,0.159,20214808
1979-12-12,0.049,20182737
1979-12-11,-0.144,20172917
1979-12-10,0.159,20202034
1979-12-07,-0.418,20169963
1979-12-06,0.713,20254706
1979-12-05,0.447,20111384
1979-12-04,0.919,20021834
1979-12-03,-0.286,19839572
1979-11-30,-0.581,19896502
1979-11-29,0.058,20012765
1979-11-28,0.384,20001089
1979-11-27,-0.368,19924516
1979-11-26,2.037,19998135
1979-11-23,0.766,19598923
1979-11-21,0.213,19450032
1979-11-20,-0.492,19408686
1979-11-19,0.442,19504555
1979-11-16,-0.302,19418706
1979-11-15,0.732,19477490
1979-11-14,0.456,19336012
1979-11-13,-0.524,19248308
1979-11-12,1.977,19349741
1979-11-09,1.220,18974620
1979-11-08,0.450,18745986
1979-11-07,-1.282,18661987
1979-11-06,-0.582,18904346
1979-11-05,-0.646,19015052
1979-11-02,-0.036,19138738
1979-11-01,0.754,19145602
1979-10-31,-0.801,19002263
1979-10-30,1.957,19155620
1979-10-29,0.161,18787903
1979-10-26,0.590,18757678
1979-10-25,-0.413,18647715
1979-10-24,0.182,18725044
1979-10-23,-0.402,18691109
1979-10-22,-0.849,18766584
1979-10-19,-1.910,18927362
1979-10-18,0.234,19295835
1979-10-17,0.215,19250776
1979-10-16,-0.142,19209426
1979-10-15,-1.056,19236689
1979-10-12,-0.510,19441977
1979-10-11,-0.215,19541566
1979-10-10,-1.223,19583666
1979-10-09,-2.930,19826047
1979-10-08,-1.226,20424489
1979-10-05,1.017,20678003
1979-10-04,0.549,20469753
1979-10-03,0.021,20357935
1979-10-02,0.969,20353677
1979-10-01,-0.673,20158405
1979-09-28,-0.786,20295089
1979-09-27,0.248,20455883
1979-09-26,0.276,20405262
1979-09-25,0.085,20349077
1979-09-24,-0.758,20331837
1979-09-21,-0.021,20487069
1979-09-20,2.052,20491449
1979-09-19,0.274,20079333
1979-09-18,-0.745,20024396
1979-09-17,0.091,20174609
1979-09-14,0.852,20156307
1979-09-13,0.046,19985971
1979-09-12,0.303,19976826
1979-09-11,-0.585,19916392
1979-09-10,0.487,20033636
1979-09-07,0.768,19936568
1979-09-06,0.437,19784545
1979-09-05,-0.940,19698465
1979-09-04,-1.685,19885318
1979-08-31,0.291,20226041
1979-08-30,0.018,20167438
1979-08-29,0.018,20163788
1979-08-28,-0.091,20160139
1979-08-27,0.511,20178471
1979-08-24,-0.009,20075904
1979-08-23,-0.309,20077749
1979-08-22,0.091,20140045
1979-08-21,0.091,20121742
1979-08-20,0.504,20103437
1979-08-17,0.211,20002700
1979-08-16,-0.128,19960579
1979-08-15,0.692,19986239
1979-08-14,0.111,19848863
1979-08-13,0.970,19826893
1979-08-10,0.875,19636391
1979-08-09,-0.440,19466038
1979-08-08,0.329,19552149
1979-08-07,1.305,19488044
1979-08-06,0.267,19237085
1979-08-03,-0.038,19185802
1979-08-02,-0.048,19193139
1979-08-01,0.364,19202309
1979-07-31,0.655,19132706
1979-07-30,0.067,19008145
1979-07-27,0.019,18995331
1979-07-26,0.039,18991677
1979-07-25,1.102,18984359
1979-07-24,0.392,18777356
1979-07-23,-0.205,18704085
1979-07-20,0.225,18742566
1979-07-19,-0.059,18700440
1979-07-18,-0.117,18711440
1979-07-17,-0.863,18733433
1979-07-16,0.428,18896490
1979-07-13,-0.340,18815891
1979-07-12,-0.894,18880021
1979-07-11,-0.517,19050408
1979-07-10,-0.239,19149348
1979-07-09,0.837,19195160
1979-07-06,1.178,19035782
1979-07-05,0.352,18814113
1979-07-03,0.117,18748167
1979-07-02,-0.873,18726191
1979-06-29,0.126,18891088
1979-06-28,0.537,18867280
1979-06-27,0.619,18766523
1979-06-26,-0.401,18651111
1979-06-25,-0.516,18726234
1979-06-22,0.558,18823346
1979-06-21,0.472,18718923
1979-06-20,0.069,18630990
1979-06-19,0.039,18618175
1979-06-18,-0.500,18610853
1979-06-15,-0.089,18704301
1979-06-14,-0.085,18720999
1979-06-13,-0.497,18736858
1979-06-12,0.932,18830420
1979-06-11,0.430,18656544
1979-06-08,-0.269,18576629
1979-06-07,0.499,18626823
1979-06-06,0.689,18534260
1979-06-05,1.315,18407362
1979-06-04,0.172,18168424
1979-06-01,0.112,18137298
1979-05-31,-0.008,18117016
1979-05-30,-0.907,18118417
1979-05-29,-0.146,18284264
1979-05-25,0.309,18310965
1979-05-24,0.062,18254540
1979-05-23,-0.589,18243292
1979-05-22,0.388,18351314
1979-05-21,0.230,18280431
1979-05-18,0.012,18238462
1979-05-17,1.552,18236250
1979-05-16,0.305,17957543
1979-05-15,0.103,17902923
1979-05-14,-0.440,17884444
1979-05-11,0.022,17963553
1979-05-10,-0.915,17959532
1979-05-09,0.312,18125387
1979-05-08,0.173,18068958
1979-05-07,-1.624,18037830
1979-05-04,-1.070,18335613
1979-05-03,0.110,18534000
1979-05-02,0.061,18513717
1979-05-01,-0.056,18502469
1979-04-30,-0.017,18512908
1979-04-27,-0.183,18516119
1979-04-26,-0.454,18550052
1979-04-25,0.313,18634588
1979-04-24,0.639,18576352
1979-04-23,0.356,18458476
1979-04-20,-0.027,18393011
1979-04-19,-0.389,18398027
1979-04-18,0.474,18469913
1979-04-17,0.140,18382759
1979-04-16,-0.837,18357053
1979-04-12,-0.280,18512076
1979-04-11,-0.972,18564083
1979-04-10,0.477,18746217
1979-04-09,-0.278,18657256
1979-04-06,-0.056,18709265
1979-04-05,0.614,18719706
1979-04-04,0.265,18605439
1979-04-03,1.505,18556237
1979-04-02,-0.656,18281115
1979-03-30,-0.409,18401802
1979-03-29,-0.066,18477307
1979-03-28,-0.329,18489555
1979-03-27,1.445,18550602
1979-03-26,-0.529,18286319
1979-03-23,-0.047,18383513
1979-03-22,0.436,18392145
1979-03-21,0.768,18312214
1979-03-20,-0.532,18172638
1979-03-19,0.390,18269833
1979-03-16,0.851,18198939
1979-03-15,0.171,18045378
1979-03-14,-0.106,18014592
1979-03-13,0.191,18033697
1979-03-12,0.151,17999347
1979-03-09,-0.017,17972124
1979-03-08,1.166,17975193
1979-03-07,0.598,17767997
1979-03-06,-0.168,17662368
1979-03-05,1.133,17692164
1979-03-02,0.095,17493874
1979-03-01,0.660,17477340
1979-02-28,0.178,17362798
1979-02-27,-1.536,17332008
1979-02-26,-0.088,17602368
1979-02-23,-0.530,17617909
1979-02-22,-0.716,17711858
1979-02-21,-0.326,17839664
1979-02-20,0.775,17897974
1979-02-16,-0.037,17760265
1979-02-15,-0.117,17766899
1979-02-14,-0.037,17787787
1979-02-13,0.760,17794419
1979-02-12,0.357,17660271
1979-02-09,0.246,17597405
1979-02-08,0.523,17554140
1979-02-07,-0.877,17462760
1979-02-06,-0.017,17617301
1979-02-05,-1.384,17620367
1979-02-02,-0.434,17867578
1979-02-01,0.052,17945493
1979-01-31,-1.078,17936088
1979-01-30,-0.467,18131622
1979-01-29,-0.280,18216667
1979-01-26,0.680,18267853
1979-01-25,1.045,18144395
1979-01-24,-0.412,17956780
1979-01-23,0.719,18031133
1979-01-22,0.172,17902326
1979-01-19,0.053,17871534
1979-01-18,0.263,17862129
1979-01-17,0.043,17815298
1979-01-16,-1.194,17807673
1979-01-15,0.780,18022818
1979-01-12,0.857,17883315
1979-01-11,0.356,17731335
1979-01-10,-0.539,17668463
1979-01-09,0.558,17764205
1979-01-08,-0.309,17665690
1979-01-05,0.579,17720440
1979-01-04,0.819,17618360
1979-01-03,1.127,17475287
1979-01-02,0.667,17280530
1978-12-29,-0.153,17165970
1978-12-28,-0.369,17192205
1978-12-27,-0.857,17255868
1978-12-26,1.278,17405077
1978-12-22,1.712,17185364
1978-12-21,0.056,16896141
1978-12-20,0.491,16886731
1978-12-19,0.880,16804248
1978-12-18,-1.959,16657603
1978-12-15,-0.721,16990389
1978-12-14,0.001,17113699
1978-12-13,-0.520,17113561
1978-12-12,-0.507,17203058
1978-12-11,0.512,17290800
1978-12-08,-0.437,17202783
1978-12-07,-0.394,17278222
1978-12-06,0.072,17346630
1978-12-05,1.347,17334191
1978-12-04,-0.112,17103807
1978-12-01,1.671,17123002
1978-11-30,1.024,16841644
1978-11-29,-1.433,16671015
1978-11-28,-0.844,16913430
1978-11-27,0.228,17057417
1978-11-24,0.343,17018611
1978-11-22,0.511,16960470
1978-11-21,-0.228,16874206
1978-11-20,0.892,16912735
1978-11-17,0.772,16763194
1978-11-16,1.090,16634744
1978-11-15,0.258,16455320
1978-11-14,-0.659,16412994
1978-11-13,-1.693,16521831
1978-11-10,0.389,16806439
1978-11-09,-0.010,16741265
1978-11-08,0.656,16742883
1978-11-07,-1.375,16633764
1978-11-06,-1.000,16865646
1978-11-03,0.613,17036007
1978-11-02,-1.250,16932162
1978-11-01,3.966,17146469
1978-10-31,-1.974,16492445
1978-10-30,0.515,16824521
1978-10-27,-1.469,16738251
1978-10-26,-1.286,16987717
1978-10-25,-0.162,17209059
1978-10-24,-0.678,17237046
1978-10-23,0.255,17354681
1978-10-20,-1.361,17310598
1978-10-19,-1.128,17549525
1978-10-18,-0.737,17749779
1978-10-17,-1.290,17881481
1978-10-16,-1.931,18115137
1978-10-13,-0.189,18471845
1978-10-12,-0.463,18506868
1978-10-11,0.907,18592870
1978-10-10,-0.104,18425741
1978-10-09,1.050,18444944
1978-10-06,0.261,18253202
1978-10-05,0.223,18205606
1978-10-04,0.467,18165041
1978-10-03,-0.329,18080528
1978-10-02,0.429,18140162
1978-09-29,0.588,18062680
1978-09-28,0.315,17957070
1978-09-27,-0.914,17900683
1978-09-26,0.766,18065793
1978-09-25,0.040,17928539
1978-09-22,-0.038,17921371
1978-09-21,0.187,17928269
1978-09-20,-0.760,17894733
1978-09-19,-0.639,18031718
1978-09-18,-0.854,18147609
1978-09-15,-0.920,18303935
1978-09-14,-1.136,18473906
1978-09-13,-0.584,18686149
1978-09-12,0.027,18795849
1978-09-11,0.194,18790839
1978-09-08,1.304,18754543
1978-09-07,0.055,18513155
1978-09-06,0.861,18502929
1978-09-05,0.791,18344967
1978-09-01,0.392,18200909
1978-08-31,-0.183,18129848
1978-08-30,0.123,18163073
1978-08-29,-0.525,18140679
1978-08-28,-0.870,18236476
1978-08-25,-0.152,18396585
1978-08-24,0.178,18424597
1978-08-23,0.588,18391775
1978-08-22,0.419,18284212
1978-08-21,-0.778,18207936
1978-08-18,-0.313,18350666
1978-08-17,0.426,18408227
1978-08-16,0.783,18330212
1978-08-15,-0.097,18187883
1978-08-14,0.028,18205467
1978-08-11,0.305,18200453
1978-08-10,-0.780,18145033
1978-08-09,0.486,18287766
1978-08-08,0.459,18199320
1978-08-07,-0.336,18116087
1978-08-04,0.412,18177125
1978-08-03,0.588,18102584
1978-08-02,2.251,17996752
1978-08-01,-0.001,17600637
1978-07-31,0.695,17600835
1978-07-28,0.478,17479357
1978-07-27,0.481,17396120
1978-07-26,0.666,17312882
1978-07-25,0.752,17198355
1978-07-24,-0.011,17069920
1978-07-21,-0.265,17071855
1978-07-20,-0.072,17117247
1978-07-19,1.304,17129614
1978-07-18,-0.908,16909047
1978-07-17,0.223,17063952
1978-07-14,1.396,17025907
1978-07-13,0.030,16791431
1978-07-12,0.342,16786412
1978-07-11,0.710,16729243
1978-07-10,0.419,16611231
1978-07-07,0.623,16541894
1978-07-06,0.073,16439526
1978-07-05,-0.841,16427552
1978-07-03,-0.440,16566816
1978-06-30,-0.022,16640023
1978-06-29,0.198,16643696
1978-06-28,0.461,16610862
1978-06-27,0.421,16534569
1978-06-26,-1.283,16465227
1978-06-23,-0.385,16679246
1978-06-22,0.259,16743763
1978-06-21,-0.498,16700499
1978-06-20,-0.986,16784139
1978-06-19,0.091,16951224
1978-06-16,-0.920,16935775
1978-06-15,-1.112,17092957
1978-06-14,-0.069,17285166
1978-06-13,0.040,17297181
1978-06-12,-0.356,17290320
1978-06-09,-0.257,17352103
1978-06-08,0.109,17396726
1978-06-07,-0.177,17377852
1978-06-06,0.386,17408745
1978-06-05,1.844,17341817
1978-06-02,0.823,17027759
1978-06-01,0.132,16888749
1978-05-31,0.409,16866439
1978-05-30,0.307,16797793
1978-05-26,-0.205,16746307
1978-05-25,-0.265,16780632
1978-05-24,-0.960,16825255
1978-05-23,-1.020,16988297
1978-05-22,1.000,17163353
1978-05-19,-0.482,16993449
1978-05-18,-0.956,17075830
1978-05-17,0.269,17240591
1978-05-16,0.613,17194255
1978-05-15,0.718,17089565
1978-05-12,0.908,16967711
1978-05-11,1.345,16814963
1978-05-10,0.041,16591847
1978-05-09,-0.279,16584983
1978-05-08,-0.329,16631323
1978-05-05,0.642,16686244
1978-05-04,-0.320,16579833
1978-05-03,-0.991,16633039
1978-05-02,-0.407,16799522
1978-05-01,0.883,16868176
1978-04-28,1.027,16720573
1978-04-27,-0.965,16550655
1978-04-26,0.206,16711991
1978-04-25,0.924,16677665
1978-04-24,1.529,16524908
1978-04-21,-0.189,16276035
1978-04-20,0.742,16306929
1978-04-19,0.479,16186781
1978-04-18,-1.054,16109542
1978-04-17,1.661,16281179
1978-04-14,2.146,16015136
1978-04-13,0.984,15678719
1978-04-12,-0.132,15525954
1978-04-11,-0.242,15546547
1978-04-10,0.376,15584304
1978-04-07,0.444,15525941
1978-04-06,0.189,15457280
1978-04-05,0.898,15428096
1978-04-04,0.474,15290776
1978-04-03,-0.817,15218679
1978-03-31,-0.201,15343976
1978-03-30,-0.234,15374869
1978-03-29,0.179,15410909
1978-03-28,0.731,15383441
1978-03-27,-0.525,15271865
1978-03-23,-0.100,15352535
1978-03-22,-0.334,15367979
1978-03-21,-1.112,15419470
1978-03-20,0.710,15592833
1978-03-17,0.791,15482971
1978-03-16,0.454,15361435
1978-03-15,-0.231,15291950
1978-03-14,0.467,15327364
1978-03-13,0.101,15256186
1978-03-10,1.135,15240843
1978-03-09,0.079,15069838
1978-03-08,0.566,15057877
1978-03-07,0.546,14973162
1978-03-06,-0.598,14891830
1978-03-03,0.170,14981387
1978-03-02,0.171,14955890
1978-03-01,0.194,14930393
1978-02-28,-0.743,14901511
1978-02-27,-0.837,15013067
1978-02-24,0.983,15139851
1978-02-23,0.114,14992528
1978-02-22,-0.011,14975491
1978-02-21,-0.393,14977065
1978-02-17,-0.112,15036170
1978-02-16,-0.813,15052974
1978-02-15,-0.211,15176378
1978-02-14,-0.881,15208410
1978-02-13,-0.219,15343660
1978-02-10,-0.219,15377386
1978-02-09,-0.556,15411112
1978-02-08,0.572,15497293
1978-02-07,0.943,15409189
1978-02-06,-0.110,15265244
1978-02-03,-0.539,15282049
1978-02-02,0.244,15364846
1978-02-01,0.780,15327504
1978-01-31,-0.077,15208939
1978-01-30,0.876,15220667
1978-01-27,0.023,15088564
1978-01-26,-0.878,15085063
1978-01-25,0.179,15218626
1978-01-24,0.034,15191436
1978-01-23,-0.696,15186242
1978-01-20,-0.198,15292733
1978-01-19,-0.494,15323076
1978-01-18,0.776,15399109
1978-01-17,0.524,15280539
1978-01-16,-0.266,15200890
1978-01-13,-0.121,15241387
1978-01-12,0.112,15259885
1978-01-11,-0.452,15242846
1978-01-10,-0.494,15312111
1978-01-09,-1.044,15388146
1978-01-06,-1.182,15550486
1978-01-05,-0.810,15736517
1978-01-04,-0.297,15865014
1978-01-03,-1.322,15912283
1977-12-30,0.190,16125395
1977-12-29,0.222,16094822
1977-12-28,0.085,16059170
1977-12-27,0.022,16045519
1977-12-23,0.970,16042022
1977-12-22,0.828,15887909
1977-12-21,0.617,15757488
1977-12-20,-0.183,15660912
1977-12-19,-0.738,15689567
1977-12-16,-0.142,15806223
1977-12-15,-0.483,15828692
1977-12-14,0.517,15905471
1977-12-13,-0.053,15823683
1977-12-12,-0.000,15832028
1977-12-09,0.754,15832029
1977-12-08,0.213,15713518
1977-12-07,-0.032,15680134
1977-12-06,-1.489,15685141
1977-12-05,-0.397,15922162
1977-12-02,-0.000,15985592
1977-12-01,-0.125,15985593
1977-11-30,0.314,16005623
1977-11-29,-1.515,15955548
1977-11-28,-0.645,16200921
1977-11-25,0.226,16306083
1977-11-23,0.433,16269361
1977-11-22,0.894,16199255
1977-11-21,-0.062,16055702
1977-11-18,0.198,16065719
1977-11-17,-0.280,16034004
1977-11-16,-0.475,16079073
1977-11-15,0.655,16155860
1977-11-14,-0.661,16050698
1977-11-11,1.351,16157532
1977-11-10,1.867,15942196
1977-11-09,0.579,15650072
1977-11-08,0.204,15559929
1977-11-07,0.791,15528211
1977-11-04,0.919,15406351
1977-11-03,0.077,15266127
1977-11-02,-0.674,15254439
1977-11-01,-1.043,15357934
1977-10-31,-0.268,15519857
1977-10-28,0.312,15561589
1977-10-27,0.281,15513176
1977-10-26,1.223,15469772
1977-10-25,-0.662,15282804
1977-10-24,-0.722,15384632
1977-10-21,-0.354,15496478
1977-10-20,0.334,15551565
1977-10-19,-1.129,15499813
1977-10-18,0.011,15676766
1977-10-17,-0.074,15675097
1977-10-14,0.128,15686781
1977-10-13,-0.593,15666747
1977-10-12,-0.913,15760234
1977-10-11,-0.833,15905472
1977-10-10,-0.208,16039026
1977-10-07,-0.062,16072415
1977-10-06,0.406,16082433
1977-10-05,-0.343,16017325
1977-10-04,-0.712,16072417
1977-10-03,0.238,16187610
1977-09-30,0.729,16149213
1977-09-29,0.587,16032352
1977-09-28,0.094,15938862
1977-09-27,-0.126,15923836
1977-09-26,0.378,15943870
1977-09-23,-0.032,15883769
1977-09-22,0.011,15888777
1977-09-21,-0.803,15887108
1977-09-20,0.063,16015660
1977-09-19,-0.632,16005643
1977-09-16,-0.318,16107485
1977-09-15,0.274,16158950
1977-09-14,0.491,16114809
1977-09-13,0.080,16035999
1977-09-12,-0.331,16023224
1977-09-09,-0.908,16076485
1977-09-08,-0.720,16223846
1977-09-07,0.322,16341493
1977-09-06,0.282,16289097
1977-09-02,0.652,16243305
1977-09-01,0.079,16138080
1977-08-31,0.419,16125305
1977-08-30,-0.534,16058049
1977-08-29,0.905,16144330
1977-08-26,-0.075,15999480
1977-08-25,-1.084,16011470
1977-08-24,-0.379,16186903
1977-08-23,-0.155,16248421
1977-08-22,0.303,16273618
1977-08-19,-0.155,16224523
1977-08-18,-0.043,16249720
1977-08-17,0.028,16256757
1977-08-16,-0.438,16252238
1977-08-15,0.322,16323663
1977-08-12,-0.266,16271264
1977-08-11,-0.746,16314624
1977-08-10,0.899,16437232
1977-08-09,0.078,16290726
1977-08-08,-0.758,16277950
1977-08-05,0.038,16402211
1977-08-04,0.392,16396040
1977-08-03,-0.114,16332084
1977-08-02,-0.605,16350678
1977-08-01,0.289,16450175
1977-07-29,0.078,16402728
1977-07-28,0.169,16389953
1977-07-27,-1.601,16362318
1977-07-26,-0.556,16628575
1977-07-25,-0.786,16721471
1977-07-22,0.095,16853993
1977-07-21,-0.120,16837918
1977-07-20,-0.042,16858167
1977-07-19,0.846,16865207
1977-07-18,0.783,16723645
1977-07-15,0.608,16593642
1977-07-13,0.158,16493357
1977-07-12,-0.083,16467373
1977-07-11,-0.223,16481017
1977-07-08,-0.122,16517776
1977-07-07,0.368,16538024
1977-07-06,-0.491,16477365
1977-07-05,0.007,16558705
1977-07-01,-0.360,16557489
1977-06-30,0.386,16617366
1977-06-29,-0.013,16553404
1977-06-28,-0.814,16555489
1977-06-27,-0.190,16691323
1977-06-24,0.583,16723130
1977-06-23,0.176,16626144
1977-06-22,-0.261,16596856
1977-06-21,0.336,16640222
1977-06-20,0.468,16584515
1977-06-17,0.133,16507342
1977-06-16,0.256,16485391
1977-06-15,-0.230,16443247
1977-06-14,1.140,16481080
1977-06-13,0.300,16295300
1977-06-10,0.341,16246626
1977-06-09,-0.042,16191422
1977-06-08,0.494,16198241
1977-06-07,0.528,16118555
1977-06-06,-0.448,16033969
1977-06-03,0.991,16106078
1977-06-02,-0.176,15948040
1977-06-01,0.853,15976079
1977-05-31,-0.136,15840893
1977-05-27,-0.737,15862401
1977-05-26,0.264,15980215
1977-05-25,-0.895,15938065
1977-05-24,-0.467,16081996
1977-05-23,-1.278,16157373
1977-05-20,-0.409,16366596
1977-05-19,-0.398,16433812
1977-05-18,0.545,16499398
1977-05-17,0.318,16409912
1977-05-16,0.459,16357970
1977-05-13,0.320,16283175
1977-05-12,-0.032,16231232
1977-05-11,-0.671,16236420
1977-05-10,0.309,16346078
1977-05-09,-0.291,16295767
1977-05-06,-0.597,16343396
1977-05-05,0.167,16441630
1977-05-04,0.548,16414172
1977-05-03,0.521,16324683
1977-05-02,0.513,16240091
1977-04-29,0.262,16157131
1977-04-28,0.262,16114979
1977-04-27,0.890,16072828
1977-04-26,-0.022,15931100
1977-04-25,-1.286,15934655
1977-04-22,-1.289,16142262
1977-04-21,-0.627,16353135
1977-04-20,0.347,16456270
1977-04-19,-0.448,16399426
1977-04-18,-0.475,16473178
1977-04-15,0.057,16551828
1977-04-14,0.854,16542325
1977-04-13,0.028,16402227
1977-04-12,1.299,16397621
1977-04-11,0.556,16187324
1977-04-07,0.467,16097829
1977-04-06,-0.083,16023026
1977-04-05,-0.205,16036376
1977-04-04,-0.968,16069317
1977-04-01,0.820,16226327
1977-03-31,-0.103,16094385
1977-03-30,-1.134,16111001
1977-03-29,0.715,16295767
1977-03-28,-0.042,16180149
1977-03-25,-0.623,16186970
1977-03-24,-0.481,16288478
1977-03-23,-0.774,16367132
1977-03-22,-0.288,16494763
1977-03-21,-0.522,16542399
1977-03-18,-0.203,16629217
1977-03-17,-0.069,16663072
1977-03-16,0.202,16674661
1977-03-15,0.564,16641055
1977-03-14,0.775,16547723
1977-03-11,-0.002,16420495
1977-03-10,0.582,16420784
1977-03-09,-0.738,16325837
1977-03-08,-0.354,16447190
1977-03-07,0.067,16505590
1977-03-04,0.332,16494580
1977-03-03,0.501,16439987
1977-03-02,-0.248,16357952
1977-03-01,0.852,16398597
1977-02-28,0.357,16260064
1977-02-25,-0.101,16202241
1977-02-24,-0.566,16218671
1977-02-23,-0.278,16310972
1977-02-22,0.018,16356459
1977-02-18,-0.405,16353519
1977-02-17,-0.549,16419993
1977-02-16,0.470,16510681
1977-02-15,0.314,16433486
1977-02-14,0.533,16382118
1977-02-11,-0.573,16295237
1977-02-10,0.107,16389154
1977-02-09,-0.833,16371687
1977-02-08,-0.265,16509190
1977-02-07,0.028,16553066
1977-02-04,0.047,16548513
1977-02-03,-0.478,16540732
1977-02-02,-0.157,16620123
1977-02-01,0.515,16646243
1977-01-31,0.115,16560973
1977-01-28,0.155,16541891
1977-01-27,-0.517,16516352
1977-01-26,-0.745,16602201
1977-01-25,-0.098,16726797
1977-01-24,-0.050,16743231
1977-01-21,0.356,16751594
1977-01-20,-0.827,16692153
1977-01-19,0.529,16831280
1977-01-18,-0.376,16742780
1977-01-17,-0.251,16806032
1977-01-14,-0.164,16848297
1977-01-13,0.789,16876032
1977-01-12,-0.672,16743942
1977-01-11,-1.007,16857242
1977-01-10,0.198,17028661
1977-01-07,0.008,16995051
1977-01-06,0.265,16993727
1977-01-05,-0.870,16948815
1977-01-04,-1.196,17097634
1977-01-03,-0.411,17304577
1976-12-31,0.559,17375905
1976-12-30,0.524,17279330
1976-12-29,-0.385,17189213
1976-12-28,0.686,17255698
1976-12-27,1.180,17138134
1976-12-23,0.141,16938229
1976-12-22,0.487,16914304
1976-12-21,0.567,16832256
1976-12-20,-0.568,16737291
1976-12-17,-0.504,16832838
1976-12-16,-0.304,16918179
1976-12-15,0.082,16969686
1976-12-14,0.433,16955702
1976-12-13,-0.050,16882613
1976-12-10,0.197,16890992
1976-12-09,0.426,16857839
1976-12-08,0.582,16786347
1976-12-07,-0.050,16689295
1976-12-06,0.788,16697674
1976-12-03,0.638,16567076
1976-12-02,-0.341,16462036
1976-12-01,0.396,16518336
1976-11-30,-0.312,16453231
1976-11-29,-0.666,16504740
1976-11-26,0.734,16615355
1976-11-24,0.455,16494339
1976-11-23,-0.592,16419647
1976-11-22,0.669,16517483
1976-11-19,0.046,16407647
1976-11-18,1.280,16400050
1976-11-17,0.583,16192766
1976-11-16,0.157,16098902
1976-11-15,0.678,16073731
1976-11-12,-0.381,15965488
1976-11-11,0.852,16026582
1976-11-10,-0.493,15891181
1976-11-09,-0.262,15969849
1976-11-08,-1.185,16011773
1976-11-05,-1.527,16203867
1976-11-04,0.495,16455073
1976-11-03,-1.121,16373987
1976-11-01,0.210,16559694
1976-10-29,1.280,16524939
1976-10-28,-0.130,16316047
1976-10-27,0.707,16337205
1976-10-26,1.002,16222568
1976-10-25,0.127,16061600
1976-10-22,-0.783,16041220
1976-10-21,-0.932,16167820
1976-10-20,0.302,16319982
1976-10-19,-0.002,16270846
1976-10-18,0.600,16271236
1976-10-15,0.047,16174169
1976-10-14,-1.223,16166570
1976-10-13,1.313,16366666
1976-10-12,-0.797,16154567
1976-10-11,-0.878,16284367
1976-10-08,-0.927,16428546
1976-10-07,0.569,16582312
1976-10-06,-0.234,16488440
1976-10-05,-0.751,16527176
1976-10-04,-0.117,16652185
1976-10-01,-0.999,16671748
1976-09-30,-0.107,16839897
1976-09-29,-0.502,16857864
1976-09-28,-1.241,16942934
1976-09-27,0.456,17155822
1976-09-24,-0.096,17077927
1976-09-23,-0.486,17094297
1976-09-22,-0.327,17177771
1976-09-21,1.437,17234086
1976-09-20,0.064,16990024
1976-09-17,0.891,16979231
1976-09-16,1.050,16829356
1976-09-15,0.310,16654415
1976-09-14,-0.319,16602983
1976-09-13,-0.327,16656059
1976-09-10,0.252,16710720
1976-09-09,-0.496,16668789
1976-09-08,-0.071,16751953
1976-09-07,0.709,16763859
1976-09-03,0.377,16645920
1976-09-02,-0.119,16583401
1976-09-01,1.123,16603225
1976-08-31,0.831,16418775
1976-08-30,0.592,16283412
1976-08-27,0.171,16187638
1976-08-26,-0.677,16159954
1976-08-25,0.760,16270039
1976-08-24,-0.658,16147343
1976-08-23,-0.384,16254262
1976-08-20,-0.966,16316842
1976-08-19,-1.098,16476020
1976-08-18,-0.214,16658953
1976-08-17,0.366,16694615
1976-08-16,0.186,16633677
1976-08-13,0.043,16602828
1976-08-12,0.167,16595732
1976-08-11,-0.319,16568049
1976-08-10,0.899,16621131
1976-08-09,-0.273,16473092
1976-08-06,-0.043,16518255
1976-08-05,-0.539,16525411
1976-08-04,0.291,16614917
1976-08-03,0.931,16566646
1976-08-02,-0.226,16413855
1976-07-30,0.508,16451100
1976-07-29,-0.102,16367988
1976-07-28,-0.400,16384646
1976-07-27,-0.551,16450398
1976-07-26,0.024,16541489
1976-07-23,0.139,16537559
1976-07-22,0.120,16514626
1976-07-21,0.110,16494860
1976-07-20,-0.531,16476678
1976-07-19,-0.357,16564603
1976-07-16,-0.479,16624023
1976-07-15,-0.692,16704031
1976-07-14,0.278,16820465
1976-07-13,-0.203,16773777
1976-07-12,0.889,16807858
1976-07-09,0.974,16659810
1976-07-08,0.158,16499089
1976-07-07,0.294,16472987
1976-07-06,-0.532,16424712
1976-07-02,0.516,16512641
1976-07-01,-0.647,16427938
1976-06-30,0.418,16534873
1976-06-29,0.430,16466009
1976-06-28,-0.265,16395560
1976-06-25,-0.053,16439144
1976-06-24,0.537,16447885
1976-06-23,-0.198,16360013
1976-06-22,-0.762,16392511
1976-06-21,0.515,16518454
1976-06-18,0.153,16433749
1976-06-17,1.569,16408578
1976-06-16,0.552,16155142
1976-06-15,-0.461,16066430
1976-06-14,1.027,16140877
1976-06-11,1.369,15976861
1976-06-10,0.839,15761072
1976-06-09,-0.045,15629999
1976-06-08,0.186,15636986
1976-06-07,-0.505,15607887
1976-06-04,-0.955,15687041
1976-06-03,-0.074,15838362
1976-06-02,0.383,15850056
1976-06-01,-0.312,15789580
1976-05-28,0.814,15838927
1976-05-27,0.055,15710988
1976-05-26,-0.134,15702285
1976-05-25,0.065,15723391
1976-05-24,-1.770,15713120
1976-05-21,-0.706,15996237
1976-05-20,0.820,16109911
1976-05-19,-0.063,15978832
1976-05-18,0.182,15988958
1976-05-17,-0.230,15959859
1976-05-14,-0.783,15996656
1976-05-13,-0.575,16122885
1976-05-12,-0.159,16216165
1976-05-11,-0.130,16241981
1976-05-10,1.206,16263091
1976-05-07,0.723,16069249
1976-05-06,0.291,15953857
1976-05-05,-0.554,15907498
1976-05-04,0.548,15996073
1976-05-03,-0.690,15908921
1976-04-30,-0.463,16019463
1976-04-29,0.015,16093918
1976-04-28,0.279,16091492
1976-04-27,-0.539,16046703
1976-04-26,0.151,16133711
1976-04-23,-0.653,16109319
1976-04-22,-0.313,16215157
1976-04-21,0.451,16266079
1976-04-20,1.421,16193046
1976-04-19,0.778,15966245
1976-04-15,0.373,15842999
1976-04-14,-0.715,15784085
1976-04-13,0.862,15897771
1976-04-12,-0.134,15761971
1976-04-09,-0.901,15783080
1976-04-08,-0.893,15926579
1976-04-07,-1.096,16070079
1976-04-06,-0.130,16248100
1976-04-05,1.245,16269212
1976-04-02,0.025,16069076
1976-04-01,-0.500,16065081
1976-03-31,0.759,16145818
1976-03-30,-0.375,16024138
1976-03-29,-0.412,16084478
1976-03-26,0.015,16151094
1976-03-25,-0.536,16148667
1976-03-24,1.169,16235684
1976-03-23,1.534,16048096
1976-03-22,0.145,15805586
1976-03-19,0.139,15782760
1976-03-18,-0.387,15760817
1976-03-17,-0.043,15821987
1976-03-16,1.128,15828788
1976-03-15,-1.025,15652290
1976-03-12,-0.986,15814430
1976-03-11,0.949,15971911
1976-03-10,0.371,15821819
1976-03-09,0.402,15763377
1976-03-08,1.097,15700275
1976-03-05,0.207,15529985
1976-03-04,-1.035,15497950
1976-03-03,-0.576,15660094
1976-03-02,0.572,15750780
1976-03-01,0.325,15661267
1976-02-27,-0.380,15610591
1976-02-26,-1.527,15670210
1976-02-25,-0.315,15913137
1976-02-24,0.426,15963436
1976-02-23,-0.461,15895671
1976-02-20,0.692,15969273
1976-02-19,1.568,15859564
1976-02-18,0.819,15614700
1976-02-17,-0.602,15487901
1976-02-13,-0.559,15581697
1976-02-12,-0.497,15669280
1976-02-11,0.313,15747543
1976-02-10,0.865,15698418
1976-02-09,0.176,15563849
1976-02-06,-0.905,15536472
1976-02-05,-1.468,15678431
1976-02-04,0.734,15912050
1976-02-03,0.322,15796121
1976-02-02,0.026,15745442
1976-01-30,0.762,15741369
1976-01-29,1.613,15622331
1976-01-28,-0.526,15374346
1976-01-27,-0.593,15455719
1976-01-26,0.488,15547967
1976-01-23,1.205,15472428
1976-01-22,-0.186,15288136
1976-01-21,-0.609,15316687
1976-01-20,0.564,15410489
1976-01-19,1.373,15324073
1976-01-16,0.419,15116474
1976-01-15,-0.517,15053361
1976-01-14,1.645,15131627
1976-01-13,-0.770,14886738
1976-01-12,1.467,15002292
1976-01-09,0.408,14785365
1976-01-08,0.687,14725357
1976-01-07,0.466,14624952
1976-01-06,1.042,14557174
1976-01-05,1.863,14407052
1976-01-02,0.804,14143509
1975-12-31,0.485,14030672
1975-12-30,-0.381,13962890
1975-12-29,-0.115,14016296
1975-12-26,0.901,14032415
1975-12-24,0.841,13907146
1975-12-23,0.688,13791199
1975-12-22,-0.725,13697001
1975-12-19,-0.694,13797020
1975-12-18,0.327,13893510
1975-12-17,0.261,13848274
1975-12-16,0.960,13812265
1975-12-15,0.309,13680905
1975-12-12,0.050,13638744
1975-12-11,-0.299,13631955
1975-12-10,0.901,13672839
1975-12-09,0.278,13550706
1975-12-08,0.302,13513156
1975-12-05,-1.135,13472531
1975-12-04,0.288,13627223
1975-12-03,-1.905,13588136
1975-12-02,-1.451,13852025
1975-12-01,-0.605,14055934
1975-11-28,0.343,14141423
1975-11-26,0.267,14093110
1975-11-25,1.133,14055561
1975-11-24,0.204,13898051
1975-11-21,-0.106,13869730
1975-11-20,-0.360,13884472
1975-11-19,-1.098,13934589
1975-11-18,-0.484,14089289
1975-11-17,0.551,14157862
1975-11-14,-0.061,14080325
1975-11-13,-0.148,14088917
1975-11-12,1.476,14109812
1975-11-11,0.606,13904618
1975-11-10,0.027,13820926
1975-11-07,-0.229,13817213
1975-11-06,0.462,13848874
1975-11-05,0.735,13785176
1975-11-04,0.490,13684564
1975-11-03,-1.046,13617788
1975-10-31,-0.285,13761729
1975-10-30,-0.073,13801080
1975-10-29,-1.217,13811209
1975-10-28,0.881,13981299
1975-10-27,-0.095,13859153
1975-10-24,-1.524,13872358
1975-10-23,0.598,14087054
1975-10-22,0.181,14003359
1975-10-21,0.837,13978112
1975-10-20,1.093,13862116
1975-10-17,-0.553,13712280
1975-10-16,0.172,13788549
1975-10-15,-0.040,13764839
1975-10-14,-0.185,13770353
1975-10-13,1.430,13795863
1975-10-10,-0.165,13601418
1975-10-09,0.504,13623852
1975-10-08,1.362,13555534
1975-10-07,-0.110,13373390
1975-10-06,1.097,13388132
1975-10-03,2.554,13242904
1975-10-02,1.089,12913092
1975-10-01,-1.103,12774013
1975-09-30,-1.346,12916424
1975-09-29,-1.328,13092676
1975-09-26,0.658,13268930
1975-09-25,-0.100,13182150
1975-09-24,0.958,13195353
1975-09-23,-0.136,13070117
1975-09-22,-0.927,13087935
1975-09-19,2.175,13210353
1975-09-18,2.047,12929112
1975-09-17,0.354,12669739
1975-09-16,-0.928,12625058
1975-09-15,-0.483,12743302
1975-09-12,-0.162,12805209
1975-09-11,-0.386,12826003
1975-09-10,-0.933,12875729
1975-09-09,-1.474,12997020
1975-09-08,0.328,13191403
1975-09-05,-0.652,13148246
1975-09-04,0.211,13234518
1975-09-03,0.654,13206588
1975-09-02,-1.584,13120795
1975-08-29,0.567,13331930
1975-08-28,2.331,13256796
1975-08-27,0.571,12954774
1975-08-26,-1.268,12881160
1975-08-25,0.935,13046616
1975-08-22,1.462,12925797
1975-08-21,-0.163,12739499
1975-08-20,-2.007,12760294
1975-08-19,-1.425,13021686
1975-08-18,-0.169,13209987
1975-08-15,0.898,13232308
1975-08-14,-0.412,13114532
1975-08-13,-1.297,13168831
1975-08-12,0.670,13341908
1975-08-11,0.628,13253065
1975-08-08,-0.307,13170311
1975-08-07,0.073,13210906
1975-08-06,0.039,13201247
1975-08-05,-1.035,13196158
1975-08-04,-0.935,13334213
1975-08-01,-0.838,13460087
1975-07-31,-0.075,13573780
1975-07-30,0.738,13583920
1975-07-29,-0.547,13484414
1975-07-28,-0.655,13558514
1975-07-25,-0.848,13647842
1975-07-24,-0.107,13764583
1975-07-23,-1.370,13779292
1975-07-22,-1.053,13970655
1975-07-21,-0.799,14119380
1975-07-18,-0.444,14233078
1975-07-17,-1.019,14296522
1975-07-16,-1.030,14443727
1975-07-15,0.454,14593978
1975-07-14,0.573,14527976
1975-07-11,-0.144,14445222
1975-07-10,0.025,14466025
1975-07-09,1.522,14462463
1975-07-08,-0.146,14245689
1975-07-07,-0.854,14266493
1975-07-03,0.205,14389334
1975-07-02,-0.692,14359881
1975-07-01,-0.343,14459878
1975-06-30,0.415,14509620
1975-06-27,0.014,14449707
1975-06-26,0.215,14447667
1975-06-25,0.471,14416691
1975-06-24,0.623,14349162
1975-06-23,1.105,14260311
1975-06-20,0.651,14104447
1975-06-19,1.801,14013264
1975-06-18,-0.192,13765309
1975-06-17,-0.938,13791792
1975-06-16,1.044,13922321
1975-06-13,0.500,13778408
1975-06-12,-0.499,13709893
1975-06-11,0.136,13778598
1975-06-10,-0.821,13759843
1975-06-09,-1.346,13873786
1975-06-06,-0.209,14063130
1975-06-05,0.112,14092630
1975-06-04,-0.294,14076891
1975-06-03,0.348,14118456
1975-06-02,1.572,14069543
1975-05-30,1.643,13851735
1975-05-29,-0.017,13627893
1975-05-28,-0.676,13630248
1975-05-27,-0.247,13723084
1975-05-23,1.338,13757108
1975-05-22,0.384,13575487
1975-05-21,-1.098,13523554
1975-05-20,-0.489,13673695
1975-05-19,0.126,13740896
1975-05-16,-1.050,13723648
1975-05-15,-0.911,13869269
1975-05-14,0.765,13996792
1975-05-13,1.080,13890570
1975-05-12,0.104,13742121
1975-05-09,1.093,13727888
1975-05-08,0.552,13579438
1975-05-07,0.510,13504882
1975-05-06,-1.575,13436358
1975-05-05,0.975,13651353
1975-05-02,1.282,13519489
1975-05-01,0.929,13348413
1975-04-30,1.946,13225596
1975-04-29,-0.665,12973080
1975-04-28,-0.432,13059888
1975-04-25,0.688,13116534
1975-04-24,-0.076,13026892
1975-04-23,-1.093,13036786
1975-04-22,-0.144,13180904
1975-04-21,1.091,13199849
1975-04-18,-1.069,13057421
1975-04-17,0.765,13198524
1975-04-16,0.363,13098324
1975-04-15,0.832,13050909
1975-04-14,1.700,12943166
1975-04-11,0.505,12726834
1975-04-10,1.138,12662826
1975-04-09,2.297,12520393
1975-04-08,0.813,12239205
1975-04-07,-0.636,12140507
1975-04-04,-0.754,12218267
1975-04-03,-1.097,12311111
1975-04-02,-0.236,12447693
1975-04-01,-0.846,12477192
1975-03-31,-0.567,12583611
1975-03-27,0.328,12655342
1975-03-26,1.881,12613955
1975-03-25,0.804,12381022
1975-03-24,-2.345,12282321
1975-03-21,-0.249,12577273
1975-03-20,-0.837,12608689
1975-03-19,-0.899,12715070
1975-03-18,-0.993,12830393
1975-03-17,1.477,12959130
1975-03-14,1.224,12770455
1975-03-13,0.197,12616052
1975-03-12,-0.884,12591297
1975-03-11,-0.669,12703642
1975-03-10,0.782,12789163
1975-03-07,0.741,12689898
1975-03-06,-0.229,12596593
1975-03-05,0.422,12625486
1975-03-04,0.652,12572415
1975-03-03,1.768,12491030
1975-02-28,1.026,12274031
1975-02-27,0.513,12149427
1975-02-26,1.067,12087414
1975-02-25,-2.305,11959827
1975-02-24,-1.397,12242065
1975-02-21,0.514,12415515
1975-02-20,0.958,12352010
1975-02-19,0.645,12234856
1975-02-18,-0.674,12156447
1975-02-14,0.620,12238990
1975-02-13,1.374,12163562
1975-02-12,1.713,11998714
1975-02-11,0.299,11796607
1975-02-10,-0.321,11761415
1975-02-07,0.109,11799248
1975-02-06,-0.471,11786411
1975-02-05,1.736,11842129
1975-02-04,-0.248,11640018
1975-02-03,1.106,11668910
1975-01-31,1.026,11541315
1975-01-30,-1.331,11424150
1975-01-29,1.630,11578233
1975-01-28,0.892,11392510
1975-01-27,3.280,11291739
1975-01-24,1.279,10933130
1975-01-23,0.480,10795095
1975-01-22,1.487,10743503
1975-01-21,-0.510,10586092
1975-01-20,0.191,10640319
1975-01-17,-1.485,10620024
1975-01-16,-0.102,10780070
1975-01-15,0.662,10791075
1975-01-14,-0.846,10720106
1975-01-13,-0.390,10811594
1975-01-10,2.040,10853899
1975-01-09,1.632,10636865
1975-01-08,-1.354,10466035
1975-01-07,-0.048,10609689
1975-01-06,0.531,10614732
1975-01-03,0.705,10558665
1975-01-02,2.456,10484713
1974-12-31,2.106,10233392
1974-12-30,0.054,10022314
1974-12-27,-0.421,10016920
1974-12-26,0.861,10059223
1974-12-24,1.419,9973343
1974-12-23,-1.396,9833804
1974-12-20,-1.075,9972991
1974-12-19,-0.342,10081369
1974-12-18,0.489,10115952
1974-12-17,1.685,10066759
1974-12-16,-0.876,9899983
1974-12-13,-0.535,9987478
1974-12-12,-0.300,10041168
1974-12-11,0.594,10071342
1974-12-10,2.551,10011859
1974-12-09,0.919,9762772
1974-12-06,-1.652,9673892
1974-12-05,-1.856,9836347
1974-12-04,0.375,10022322
1974-12-03,-1.344,9984884
1974-12-02,-2.610,10120887
1974-11-29,0.063,10392114
1974-11-27,0.691,10385545
1974-11-26,0.942,10314302
1974-11-25,-0.079,10218072
1974-11-22,1.067,10226200
1974-11-21,0.430,10118210
1974-11-20,-0.414,10074893
1974-11-19,-1.510,10116827
1974-11-18,-3.621,10271942
1974-11-15,-1.542,10657832
1974-11-14,-0.372,10824709
1974-11-13,-0.411,10865177
1974-11-12,-1.936,10910056
1974-11-11,0.338,11125444
1974-11-08,-0.377,11088009
1974-11-07,0.631,11129948
1974-11-06,-0.457,11060175
1974-11-05,2.780,11110934
1974-11-04,-1.057,10810381
1974-11-01,-0.007,10925817
1974-10-31,-0.529,10926599
1974-10-30,2.041,10984708
1974-10-29,3.909,10764998
1974-10-28,-0.022,10360070
1974-10-25,-0.121,10362321
1974-10-24,-1.114,10374860
1974-10-23,-2.839,10491767
1974-10-22,-0.481,10798303
1974-10-21,1.701,10850534
1974-10-18,1.574,10669037
1974-10-17,1.211,10503708
1974-10-16,-1.528,10378069
1974-10-15,-1.761,10539079
1974-10-14,2.263,10728021
1974-10-11,1.950,10490659
1974-10-10,2.918,10290046
1974-10-09,4.606,9998290
1974-10-08,-0.146,9558057
1974-10-07,4.200,9572064
1974-10-04,0.120,9186220
1974-10-03,-1.709,9175234
1974-10-02,0.007,9334776
1974-10-01,-0.213,9334082
1974-09-30,-2.131,9353969
1974-09-27,-2.263,9557615
1974-09-26,-1.620,9778903
1974-09-25,-0.640,9939920
1974-09-24,-1.995,10003911
1974-09-23,-1.006,10207563
1974-09-20,0.086,10311249
1974-09-19,3.477,10302413
1974-09-18,0.518,9956277
1974-09-17,1.690,9904940
1974-09-16,1.627,9740330
1974-09-13,-2.217,9584431
1974-09-12,-2.635,9801761
1974-09-11,-0.966,10067017
1974-09-10,-0.662,10165263
1974-09-09,-2.338,10233014
1974-09-06,0.787,10477941
1974-09-05,3.161,10396109
1974-09-04,-2.551,10077553
1974-09-03,-2.220,10341362
1974-08-30,3.076,10576129
1974-08-29,-1.059,10260474
1974-08-28,-0.233,10370344
1974-08-27,-1.658,10394528
1974-08-26,0.864,10569753
1974-08-23,-1.685,10479204
1974-08-22,-0.940,10658787
1974-08-21,-1.889,10759946
1974-08-20,0.524,10967125
1974-08-19,-1.426,10909981
1974-08-16,-0.803,11067783
1974-08-15,-0.539,11157327
1974-08-14,-2.211,11217823
1974-08-13,-1.554,11471484
1974-08-12,-1.348,11652530
1974-08-09,-0.849,11811790
1974-08-08,-1.284,11912957
1974-08-07,2.648,12067863
1974-08-06,1.560,11756550
1974-08-05,0.903,11575953
1974-08-02,-0.185,11472330
1974-08-01,-0.686,11493615
1974-07-31,-1.455,11572996
1974-07-30,-0.525,11743881
1974-07-29,-1.749,11805835
1974-07-26,-1.858,12015937
1974-07-25,-1.168,12243471
1974-07-24,0.416,12388216
1974-07-23,1.015,12336882
1974-07-22,0.338,12212925
1974-07-19,-0.270,12171757
1974-07-18,0.111,12204665
1974-07-17,1.088,12191093
1974-07-16,-1.139,12059872
1974-07-15,0.772,12198811
1974-07-12,4.088,12105353
1974-07-11,-0.108,11629888
1974-07-10,-1.809,11642459
1974-07-09,0.497,11856930
1974-07-08,-3.051,11798328
1974-07-05,-0.683,12169672
1974-07-03,-0.043,12253419
1974-07-02,-1.982,12258731
1974-07-01,0.039,12506614
1974-06-28,-0.343,12501759
1974-06-27,-1.468,12544837
1974-06-26,-1.524,12731719
1974-06-25,1.486,12928770
1974-06-24,0.278,12739441
1974-06-21,-0.841,12704082
1974-06-20,-0.688,12811818
1974-06-19,-0.662,12900600
1974-06-18,-0.635,12986507
1974-06-17,-1.354,13069538
1974-06-14,-1.103,13248931
1974-06-13,0.315,13396682
1974-06-12,-0.223,13354589
1974-06-11,-0.860,13384408
1974-06-10,0.603,13500521
1974-06-07,0.650,13419596
1974-06-06,1.826,13332915
1974-06-05,0.201,13093779
1974-06-04,1.172,13067505
1974-06-03,2.083,12916101
1974-05-31,-0.156,12652509
1974-05-30,0.631,12672258
1974-05-29,-1.648,12592765
1974-05-28,-0.221,12803807
1974-05-24,1.482,12832187
1974-05-23,0.243,12644820
1974-05-22,-0.912,12614228
1974-05-21,0.071,12730345
1974-05-20,-0.380,12721328
1974-05-17,-1.659,12769843
1974-05-16,-0.788,12985207
1974-05-15,-0.249,13088380
1974-05-14,0.047,13121077
1974-05-13,-0.867,13114939
1974-05-10,-1.581,13229621
1974-05-09,1.447,13442113
1974-05-08,0.210,13250426
1974-05-07,0.385,13222712
1974-05-06,-0.171,13171984
1974-05-03,-0.851,13194613
1974-05-02,-0.127,13307859
1974-05-01,2.120,13324736
1974-04-30,0.357,13048178
1974-04-29,-0.185,13001764
1974-04-26,0.692,13025831
1974-04-25,-0.791,12936263
1974-04-24,-1.625,13039444
1974-04-23,-1.662,13254821
1974-04-22,-0.380,13478831
1974-04-19,-1.070,13530230
1974-04-18,0.457,13676567
1974-04-17,0.759,13614331
1974-04-16,1.758,13511818
1974-04-15,-0.062,13278403
1974-04-11,-0.289,13286649
1974-04-10,-0.213,13325103
1974-04-09,0.643,13353487
1974-04-08,-1.038,13268232
1974-04-05,-1.383,13407380
1974-04-04,0.013,13595438
1974-04-03,1.062,13593616
1974-04-02,0.121,13450820
1974-04-01,-0.762,13434612
1974-03-29,-0.871,13537801
1974-03-28,-1.817,13656813
1974-03-27,-1.374,13909609
1974-03-26,0.330,14103428
1974-03-25,0.393,14057013
1974-03-22,-0.059,14001966
1974-03-21,-0.223,14010215
1974-03-20,0.363,14041481
1974-03-19,-0.823,13990750
1974-03-18,-1.226,14106891
1974-03-15,-0.363,14282014
1974-03-14,-0.073,14334039
1974-03-13,0.606,14344546
1974-03-12,0.287,14258145
1974-03-11,1.132,14217346
1974-03-08,0.876,14058262
1974-03-07,-1.036,13936231
1974-03-06,0.689,14082125
1974-03-05,1.875,13985745
1974-03-04,0.017,13728322
1974-03-01,-0.695,13726000
1974-02-28,-0.169,13822015
1974-02-27,0.430,13845347
1974-02-26,1.030,13786018
1974-02-25,-0.358,13645455
1974-02-22,0.730,13694439
1974-02-21,1.367,13595205
1974-02-20,1.440,13411883
1974-02-19,-0.144,13221434
1974-02-15,1.459,13240488
1974-02-14,-0.015,13050037
1974-02-13,0.062,13051989
1974-02-12,0.325,13043964
1974-02-11,-1.780,13001733
1974-02-08,-1.016,13237422
1974-02-07,0.060,13373346
1974-02-06,0.296,13365322
1974-02-05,-0.292,13325942
1974-02-04,-2.102,13364951
1974-02-01,-1.272,13651955
1974-01-31,-0.486,13827791
1974-01-30,1.106,13895307
1974-01-29,-0.066,13743333
1974-01-28,-0.540,13752413
1974-01-25,-0.179,13827056
1974-01-24,-0.240,13851816
1974-01-23,0.554,13885127
1974-01-22,1.218,13808690
1974-01-21,-0.150,13642458
1974-01-18,-1.766,13662940
1974-01-17,1.716,13908624
1974-01-16,1.541,13673975
1974-01-15,0.882,13466406
1974-01-14,-0.238,13348631
1974-01-11,1.389,13380516
1974-01-10,-1.083,13197174
1974-01-09,-2.787,13341660
1974-01-08,-1.969,13724183
1974-01-07,-0.822,13999806
1974-01-04,-0.884,14115790
1974-01-03,2.185,14241753
1974-01-02,0.150,13937253
1973-12-31,0.027,13916402
1973-12-28,-0.188,13912655
1973-12-27,2.105,13938841
1973-12-26,3.074,13651441
1973-12-24,-0.667,13244305
1973-12-21,-1.059,13333207
1973-12-20,-0.267,13475913
1973-12-19,0.099,13511981
1973-12-18,2.141,13498651
1973-12-17,-0.558,13215750
1973-12-14,0.991,13289925
1973-12-13,-1.245,13159450
1973-12-12,-2.535,13325365
1973-12-11,-1.919,13671940
1973-12-10,1.495,13939479
1973-12-07,2.210,13734201
1973-12-06,2.447,13437178
1973-12-05,-1.500,13116161
1973-12-04,-0.312,13315953
1973-12-03,-2.116,13357669
1973-11-30,-1.363,13646383
1973-11-29,-0.331,13834889
1973-11-28,2.038,13880841
1973-11-27,-0.890,13603572
1973-11-26,-2.843,13725742
1973-11-23,-0.304,14127380
1973-11-21,1.122,14170511
1973-11-20,-2.009,14013214
1973-11-19,-3.021,14300528
1973-11-16,1.422,14745930
1973-11-15,-0.005,14539232
1973-11-14,-1.807,14540020
1973-11-13,-0.062,14807581
1973-11-12,-0.799,14816839
1973-11-09,-1.586,14936195
1973-11-08,1.161,15176940
1973-11-07,0.810,15002704
1973-11-06,-0.515,14882103
1973-11-05,-1.428,14959114
1973-11-02,-0.560,15175869
1973-11-01,-0.539,15261352
1973-10-31,-0.935,15344012
1973-10-30,-1.619,15488781
1973-10-29,-0.193,15743652
1973-10-26,0.807,15774087
1973-10-25,0.221,15647840
1973-10-24,0.485,15613342
1973-10-23,0.552,15537910
1973-10-22,-0.946,15452597
1973-10-19,0.203,15600193
1973-10-18,0.049,15568519
1973-10-17,-0.186,15560841
1973-10-16,0.140,15589865
1973-10-15,-1.232,15568072
1973-10-12,0.327,15762255
1973-10-11,1.722,15710817
1973-10-10,-0.812,15444814
1973-10-09,-0.078,15571240
1973-10-08,0.359,15583326
1973-10-05,1.340,15527652
1973-10-04,-0.327,15322346
1973-10-03,0.004,15372544
1973-10-02,0.549,15371924
1973-10-01,-0.189,15288016
1973-09-28,-0.582,15317040
1973-09-27,0.243,15406767
1973-09-26,0.735,15369443
1973-09-25,0.656,15257301
1973-09-24,0.163,15157862
1973-09-21,0.417,15133242
1973-09-20,0.836,15070416
1973-09-19,2.029,14945535
1973-09-18,-0.352,14648253
1973-09-17,-0.265,14699976
1973-09-14,1.048,14739083
1973-09-13,0.300,14586166
1973-09-12,-0.143,14542576
1973-09-11,-0.592,14563462
1973-09-10,-0.853,14650225
1973-09-07,-0.358,14776237
1973-09-06,0.495,14829362
1973-09-05,0.134,14756337
1973-09-04,0.258,14736575
1973-08-31,0.365,14698591
1973-08-30,-0.133,14645189
1973-08-29,0.986,14664674
1973-08-28,0.593,14521562
1973-08-27,0.794,14435920
1973-08-24,-0.272,14322243
1973-08-23,1.376,14361351
1973-08-22,-0.344,14166372
1973-08-21,-0.694,14215292
1973-08-20,-0.670,14314675
1973-08-17,0.030,14411254
1973-08-16,-0.685,14406910
1973-08-15,0.301,14506294
1973-08-14,-0.949,14462700
1973-08-13,-0.997,14601334
1973-08-10,-0.782,14748380
1973-08-09,0.067,14864589
1973-08-08,-0.925,14854639
1973-08-07,-0.158,14993277
1973-08-06,0.235,15016970
1973-08-03,-0.158,14981787
1973-08-02,-0.139,15005480
1973-08-01,-1.270,15026370
1973-07-31,-0.930,15219681
1973-07-30,-0.299,15362529
1973-07-27,-0.226,15408652
1973-07-26,0.201,15443562
1973-07-25,1.393,15412587
1973-07-24,0.585,15200775
1973-07-23,0.364,15112323
1973-07-20,0.563,15057515
1973-07-19,0.198,14973268
1973-07-18,0.605,14943691
1973-07-17,0.058,14853835
1973-07-16,1.525,14845286
1973-07-13,-1.324,14622251
1973-07-12,-0.273,14818375
1973-07-11,2.209,14858892
1973-07-10,1.360,14537723
1973-07-09,0.859,14342722
1973-07-06,-0.480,14220618
1973-07-05,-0.077,14289170
1973-07-03,-0.989,14300246
1973-07-02,-1.292,14443100
1973-06-29,-0.400,14632219
1973-06-28,1.042,14690961
1973-06-27,0.320,14539415
1973-06-26,1.037,14493012
1973-06-25,-1.387,14344268
1973-06-22,0.485,14546007
1973-06-21,-1.167,14475771
1973-06-20,0.443,14646670
1973-06-19,0.387,14582041
1973-06-18,-1.417,14525824
1973-06-15,-1.216,14734577
1973-06-14,-1.095,14916019
1973-06-13,-0.621,15081203
1973-06-12,1.491,15175435
1973-06-11,-0.294,14952455
1973-06-08,1.128,14996600
1973-06-07,1.469,14829269
1973-06-06,-0.282,14614634
1973-06-05,1.604,14655996
1973-06-04,-0.905,14424663
1973-06-01,-0.954,14556459
1973-05-31,-0.889,14696604
1973-05-30,-1.467,14828403
1973-05-29,-0.384,15049247
1973-05-25,0.754,15107308
1973-05-24,2.945,14994234
1973-05-23,0.483,14565325
1973-05-22,0.835,14495381
1973-05-21,-1.070,14375347
1973-05-18,-1.590,14530801
1973-05-17,-0.801,14765563
1973-05-16,-0.119,14884844
1973-05-15,0.641,14902556
1973-05-14,-2.077,14807566
1973-05-11,-1.233,15121642
1973-05-10,-0.800,15310496
1973-05-09,-0.714,15433955
1973-05-08,0.660,15544893
1973-05-07,-0.410,15442946
1973-05-04,0.716,15506577
1973-05-03,1.656,15396282
1973-05-02,1.249,15145452
1973-05-01,0.133,14958626
1973-04-30,-0.230,14938770
1973-04-27,-1.508,14973180
1973-04-26,0.518,15202391
1973-04-25,-1.484,15124095
1973-04-24,-1.401,15351918
1973-04-23,-0.522,15570002
1973-04-19,0.575,15651725
1973-04-18,0.551,15562298
1973-04-17,-0.436,15477045
1973-04-16,-0.558,15544853
1973-04-13,-0.432,15632142
1973-04-12,-0.077,15699952
1973-04-11,0.429,15712102
1973-04-10,1.227,15644937
1973-04-09,1.455,15455319
1973-04-06,0.711,15233695
1973-04-05,-0.218,15126173
1973-04-04,-0.418,15159195
1973-04-03,-0.841,15222830
1973-04-02,-1.189,15351867
1973-03-30,-1.043,15536566
1973-03-29,0.987,15700394
1973-03-28,0.065,15546952
1973-03-27,1.576,15536837
1973-03-26,0.893,15295724
1973-03-23,0.048,15160368
1973-03-22,-1.481,15153035
1973-03-21,-1.293,15380877
1973-03-20,-0.185,15582281
1973-03-19,-1.195,15611131
1973-03-16,-0.503,15800013
1973-03-15,-0.730,15879857
1973-03-14,0.446,15996637
1973-03-13,0.553,15925606
1973-03-12,0.074,15838004
1973-03-09,-0.370,15826354
1973-03-08,-0.178,15885135
1973-03-07,0.317,15913533
1973-03-06,1.264,15863216
1973-03-05,0.367,15665132
1973-03-02,1.113,15607908
1973-03-01,-0.548,15436062
1973-02-28,0.712,15521081
1973-02-27,-1.130,15411378
1973-02-26,-0.840,15587545
1973-02-23,-1.100,15719521
1973-02-22,-0.204,15894309
1973-02-21,-0.600,15926852
1973-02-20,0.376,16022923
1973-02-16,0.473,15962937
1973-02-15,-0.550,15887758
1973-02-14,-1.419,15975544
1973-02-13,0.630,16205580
1973-02-12,1.210,16104162
1973-02-09,1.350,15911592
1973-02-08,-0.425,15699687
1973-02-07,-0.675,15766757
1973-02-06,0.204,15873879
1973-02-05,-0.092,15841513
1973-02-02,-0.343,15856102
1973-02-01,-1.078,15910745
1973-01-31,0.184,16084163
1973-01-30,-0.142,16054559
1973-01-29,-0.364,16077437
1973-01-26,-0.227,16136223
1973-01-24,-1.244,16172914
1973-01-23,0.021,16376721
1973-01-22,-0.467,16373358
1973-01-19,-0.047,16450102
1973-01-18,0.155,16457790
1973-01-17,0.468,16432329
1973-01-16,-0.241,16355766
1973-01-15,-0.707,16395220
1973-01-12,-0.768,16512020
1973-01-11,0.689,16639869
1973-01-10,-0.238,16526014
1973-01-09,-0.088,16565469
1973-01-08,-0.005,16580062
1973-01-05,0.405,16580845
1973-01-04,-0.130,16513948
1973-01-03,0.406,16535447
1973-01-02,0.901,16468550
1972-12-29,0.969,16321542
1972-12-27,0.554,16164863
1972-12-26,0.418,16075864
1972-12-22,0.638,16008964
1972-12-21,-0.712,15907532
1972-12-20,-0.323,16021573
1972-12-19,-0.467,16073459
1972-12-18,-1.138,16148828
1972-12-15,0.021,16334697
1972-12-14,-0.257,16331205
1972-12-13,-0.073,16373339
1972-12-12,-0.373,16385299
1972-12-11,0.228,16446637
1972-12-08,0.229,16409215
1972-12-07,0.508,16371793
1972-12-06,0.374,16289106
1972-12-05,-0.150,16228364
1972-12-04,0.341,16252667
1972-12-01,0.616,16197412
1972-11-30,0.139,16098262
1972-11-29,0.054,16075927
1972-11-28,-0.202,16067309
1972-11-27,-0.456,16099843
1972-11-24,0.326,16173528
1972-11-22,0.602,16121015
1972-11-21,0.597,16024606
1972-11-20,0.046,15929568
1972-11-17,0.322,15922321
1972-11-16,0.559,15871177
1972-11-15,-0.379,15782997
1972-11-14,0.929,15842965
1972-11-13,0.160,15697170
1972-11-10,0.213,15672089
1972-11-09,0.143,15638776
1972-11-08,-0.539,15616438
1972-11-06,-0.198,15701100
1972-11-03,0.882,15732262
1972-11-02,0.506,15594693
1972-11-01,0.985,15516110
1972-10-31,0.903,15364822
1972-10-30,-0.015,15227249
1972-10-27,-0.321,15229603
1972-10-26,0.255,15278597
1972-10-25,-0.069,15239796
1972-10-24,0.427,15250379
1972-10-23,1.025,15185512
1972-10-20,1.110,15031474
1972-10-19,-0.117,14866461
1972-10-18,0.652,14883902
1972-10-17,0.694,14787480
1972-10-16,-1.051,14685569
1972-10-13,-0.613,14841569
1972-10-12,-0.808,14933092
1972-10-11,-0.433,15054798
1972-10-10,0.093,15120256
1972-10-09,0.267,15106147
1972-10-06,0.681,15065970
1972-10-05,-1.077,14964058
1972-10-04,-0.178,15126922
1972-10-03,0.139,15153970
1972-10-02,-0.341,15133000
1972-09-29,0.193,15184742
1972-09-28,0.640,15155539
1972-09-27,1.435,15059114
1972-09-26,0.077,14846072
1972-09-25,-0.421,14834704
1972-09-22,0.095,14897420
1972-09-21,-0.145,14883309
1972-09-20,0.058,14904867
1972-09-19,-0.043,14896244
1972-09-18,-0.172,14902711
1972-09-15,-0.106,14928386
1972-09-14,0.037,14944267
1972-09-13,0.404,14938668
1972-09-12,-0.934,14878548
1972-09-11,-0.568,15018791
1972-09-08,-0.116,15104515
1972-09-07,-0.224,15122087
1972-09-06,-0.598,15156017
1972-09-05,-0.240,15247194
1972-09-01,0.386,15283850
1972-08-31,0.478,15225092
1972-08-30,0.154,15152704
1972-08-29,0.172,15129386
1972-08-28,-0.386,15103341
1972-08-25,-0.304,15161806
1972-08-24,-1.089,15208004
1972-08-23,-0.123,15375517
1972-08-22,0.625,15394455
1972-08-21,-0.026,15298893
1972-08-18,0.385,15302836
1972-08-17,-0.275,15244076
1972-08-16,-0.346,15286187
1972-08-15,-0.424,15339201
1972-08-14,0.544,15404486
1972-08-11,0.817,15321189
1972-08-10,0.181,15196999
1972-08-09,0.163,15169590
1972-08-08,0.082,15144907
1972-08-07,0.172,15132492
1972-08-04,0.272,15106446
1972-08-03,0.785,15065404
1972-08-02,0.829,14948026
1972-08-01,0.948,14825194
1972-07-31,0.020,14686003
1972-07-28,0.103,14683128
1972-07-27,-0.222,14667985
1972-07-26,-0.055,14700553
1972-07-25,-0.285,14708584
1972-07-24,1.189,14750695
1972-07-21,0.812,14577421
1972-07-20,-0.300,14460036
1972-07-19,0.303,14503510
1972-07-18,-0.037,14459738
1972-07-17,-0.849,14465041
1972-07-14,0.499,14588946
1972-07-13,-0.559,14516546
1972-07-12,-0.390,14598191
1972-07-11,-0.719,14655299
1972-07-10,-0.523,14761483
1972-07-07,-0.310,14839041
1972-07-06,0.879,14885244
1972-07-05,0.577,14755586
1972-07-03,0.337,14670915
1972-06-30,0.310,14621689
1972-06-29,-0.176,14576553
1972-06-28,-0.315,14602306
1972-06-27,-0.092,14648510
1972-06-26,-0.719,14661994
1972-06-23,-0.367,14768182
1972-06-22,-0.091,14822567
1972-06-21,0.222,14836052
1972-06-20,0.426,14803184
1972-06-19,-0.220,14740324
1972-06-16,-0.069,14772896
1972-06-15,0.057,14783127
1972-06-14,0.787,14774749
1972-06-13,0.512,14659425
1972-06-12,0.150,14584712
1972-06-09,-0.378,14562795
1972-06-08,-0.331,14618043
1972-06-07,-0.503,14666522
1972-06-06,-0.546,14740724
1972-06-05,-0.814,14821695
1972-06-02,0.047,14943280
1972-06-01,0.156,14936256
1972-05-31,-0.728,14912986
1972-05-30,-0.268,15022389
1972-05-26,0.191,15062749
1972-05-25,0.146,15034063
1972-05-24,0.491,15012147
1972-05-23,0.092,14938786
1972-05-22,0.659,14924993
1972-05-19,0.970,14827262
1972-05-18,0.989,14684854
1972-05-17,0.226,14541090
1972-05-16,-0.175,14508342
1972-05-15,0.460,14533808
1972-05-12,0.585,14467212
1972-05-11,0.342,14383015
1972-05-10,0.658,14334019
1972-05-09,-1.303,14240344
1972-05-08,-0.447,14428276
1972-05-05,0.367,14493005
1972-05-04,0.256,14439947
1972-05-03,-0.073,14403134
1972-05-02,-0.559,14413709
1972-05-01,-0.896,14494686
1972-04-28,0.588,14625757
1972-04-27,0.160,14540205
1972-04-26,-0.203,14516931
1972-04-25,-0.975,14546462
1972-04-24,-0.630,14689721
1972-04-21,-0.126,14782886
1972-04-20,-0.135,14801586
1972-04-19,-0.507,14821639
1972-04-18,0.248,14897204
1972-04-17,-0.289,14860393
1972-04-14,-0.053,14903463
1972-04-13,-0.234,14911333
1972-04-12,0.393,14946280
1972-04-11,0.294,14887804
1972-04-10,-0.144,14844221
1972-04-07,0.093,14865630
1972-04-06,0.496,14851834
1972-04-05,0.824,14778463
1972-04-04,0.606,14657702
1972-04-03,0.272,14569435
1972-03-30,0.677,14529912
1972-03-29,-0.623,14432166
1972-03-28,-0.110,14522628
1972-03-27,-0.193,14538620
1972-03-24,-0.202,14566797
1972-03-23,0.863,14596330
1972-03-22,0.152,14471501
1972-03-21,-0.825,14449581
1972-03-20,-0.295,14569833
1972-03-17,0.397,14612907
1972-03-16,-0.218,14555176
1972-03-15,0.141,14586966
1972-03-14,0.271,14566368
1972-03-13,-0.950,14526962
1972-03-10,-0.498,14666219
1972-03-09,-0.006,14739656
1972-03-08,0.094,14740550
1972-03-07,0.103,14726668
1972-03-06,0.776,14711442
1972-03-03,0.586,14598151
1972-03-02,-0.015,14513069
1972-03-01,0.740,14515307
1972-02-29,0.368,14408730
1972-02-28,0.022,14355889
1972-02-25,0.701,14352752
1972-02-24,0.079,14252890
1972-02-23,0.098,14241693
1972-02-22,0.022,14227809
1972-02-18,-0.279,14224671
1972-02-17,-0.016,14264523
1972-02-16,0.571,14266760
1972-02-15,0.431,14185704
1972-02-14,-0.451,14124798
1972-02-11,-0.468,14188833
1972-02-10,0.050,14255554
1972-02-09,0.782,14248387
1972-02-08,0.203,14137773
1972-02-07,-0.291,14109110
1972-02-04,0.222,14150307
1972-02-03,-0.025,14118956
1972-02-02,0.654,14122536
1972-02-01,0.080,14030729
1972-01-31,-0.198,14019530
1972-01-28,0.648,14047292
1972-01-27,0.985,13956826
1972-01-26,-0.181,13820681
1972-01-25,0.139,13845755
1972-01-24,-1.026,13826495
1972-01-21,-0.208,13969799
1972-01-20,0.013,13998904
1972-01-19,-0.150,13997110
1972-01-18,0.349,14018155
1972-01-17,0.312,13969336
1972-01-14,0.400,13925892
1972-01-13,-0.565,13870355
1972-01-12,-0.045,13949172
1972-01-11,0.332,13955439
1972-01-10,-0.132,13909306
1972-01-07,-0.026,13927665
1972-01-06,0.449,13931244
1972-01-05,0.962,13868987
1972-01-04,0.426,13736865
1972-01-03,-0.398,13678638
1971-12-31,0.317,13733273
1971-12-30,-0.407,13689826
1971-12-29,0.268,13745804
1971-12-28,1.003,13709075
1971-12-27,0.222,13572918
1971-12-23,-0.421,13542905
1971-12-22,-0.596,13600228
1971-12-21,0.259,13681737
1971-12-20,1.300,13646350
1971-12-17,0.527,13471225
1971-12-16,1.220,13400642
1971-12-15,0.896,13239080
1971-12-14,-0.292,13121520
1971-12-13,0.296,13159983
1971-12-10,0.759,13121101
1971-12-09,0.053,13022209
1971-12-08,0.063,13015331
1971-12-07,0.382,13007120
1971-12-06,-0.551,12957568
1971-12-03,1.277,13029369
1971-12-02,0.428,12865131
1971-12-01,1.545,12810245
1971-11-30,0.629,12615333
1971-11-29,1.601,12536442
1971-11-26,1.784,12338861
1971-11-24,0.200,12122608
1971-11-23,-0.677,12098390
1971-11-22,-0.877,12180858
1971-11-19,-0.549,12288665
1971-11-18,-0.759,12356465
1971-11-17,0.163,12450938
1971-11-16,0.988,12430721
1971-11-15,-0.322,12309150
1971-11-12,0.013,12348946
1971-11-11,-1.362,12347399
1971-11-10,-1.094,12517890
1971-11-09,0.086,12656375
1971-11-08,-0.062,12645494
1971-11-05,-0.334,12653284
1971-11-04,-0.114,12695749
1971-11-03,1.861,12710208
1971-11-02,0.420,12477940
1971-11-01,-1.500,12425715
1971-10-29,0.299,12614883
1971-10-28,0.193,12577327
1971-10-27,-0.987,12553109
1971-10-26,-0.365,12678263
1971-10-25,-0.478,12724730
1971-10-22,-0.019,12785868
1971-10-21,-0.040,12788324
1971-10-20,-1.376,12793448
1971-10-19,-0.347,12971953
1971-10-18,-0.437,13017088
1971-10-15,-0.334,13074228
1971-10-14,-0.895,13118030
1971-10-13,-0.530,13236522
1971-10-12,0.374,13307000
1971-10-11,-0.139,13257442
1971-10-08,-0.647,13275905
1971-10-07,0.212,13362389
1971-10-06,0.727,13334171
1971-10-05,-0.089,13237931
1971-10-04,0.294,13249725
1971-10-01,0.611,13210837
1971-09-30,0.461,13130600
1971-09-29,0.032,13070371
1971-09-28,0.278,13066158
1971-09-27,-0.528,13029936
1971-09-24,-0.222,13099083
1971-09-23,-0.080,13128216
1971-09-22,-0.864,13138677
1971-09-21,-0.329,13253173
1971-09-20,-0.269,13296980
1971-09-17,0.306,13332783
1971-09-16,-0.099,13292159
1971-09-15,0.441,13305276
1971-09-14,-0.714,13246874
1971-09-13,-0.335,13342108
1971-09-10,-0.364,13387012
1971-09-09,-0.519,13435891
1971-09-08,0.197,13505960
1971-09-07,0.465,13479346
1971-09-03,1.413,13416971
1971-09-02,0.232,13230095
1971-09-01,0.051,13199506
1971-08-31,-0.479,13192757
1971-08-30,-0.939,13256205
1971-08-27,0.249,13381905
1971-08-26,-0.158,13348666
1971-08-25,0.021,13369732
1971-08-24,1.164,13366957
1971-08-23,0.942,13213188
1971-08-20,0.183,13089882
1971-08-19,-0.433,13065914
1971-08-18,-1.373,13122741
1971-08-17,1.251,13305398
1971-08-16,3.205,13141030
1971-08-13,-0.310,12732947
1971-08-12,1.421,12772554
1971-08-11,1.204,12593613
1971-08-10,0.022,12443810
1971-08-09,-0.749,12441031
1971-08-06,0.181,12534945
1971-08-05,0.224,12512298
1971-08-04,-0.642,12484353
1971-08-03,-1.494,12565023
1971-08-02,0.408,12755633
1971-07-30,-0.445,12703846
1971-07-29,-1.067,12760674
1971-07-28,-0.713,12898303
1971-07-27,-0.355,12990897
1971-07-26,-0.795,13037131
1971-07-23,-0.160,13141648
1971-07-22,-0.160,13162715
1971-07-21,-0.029,13183781
1971-07-20,0.404,13187629
1971-07-19,-0.170,13134517
1971-07-16,-0.160,13156909
1971-07-15,0.071,13177976
1971-07-14,-0.270,13168577
1971-07-13,-1.296,13204215
1971-07-12,0.140,13377618
1971-07-09,0.359,13358947
1971-07-08,0.310,13311132
1971-07-07,0.291,13269942
1971-07-06,-0.009,13231400
1971-07-02,0.011,13232597
1971-07-01,1.104,13231146
1971-06-30,-0.110,13086628
1971-06-29,1.115,13101073
1971-06-28,-0.244,12956553
1971-06-25,-0.131,12988219
1971-06-24,-0.273,13005312
1971-06-23,0.851,13040953
1971-06-22,-0.275,12930873
1971-06-21,-1.100,12966513
1971-06-18,-1.517,13110781
1971-06-17,-0.008,13312748
1971-06-16,0.210,13313810
1971-06-15,0.111,13285949
1971-06-14,-0.823,13271235
1971-06-11,0.436,13381418
1971-06-10,0.358,13323319
1971-06-09,-0.018,13275737
1971-06-08,-0.745,13278114
1971-06-07,-0.194,13377780
1971-06-04,0.297,13403823
1971-06-03,0.061,13364129
1971-06-02,0.766,13355989
1971-06-01,0.581,13254501
1971-05-28,0.242,13177993
1971-05-27,-0.178,13146187
1971-05-26,0.132,13169599
1971-05-25,-0.644,13152255
1971-05-24,-0.835,13237462
1971-05-21,-0.303,13348965
1971-05-20,0.248,13389470
1971-05-19,0.249,13356349
1971-05-18,0.150,13323228
1971-05-17,-1.469,13303254
1971-05-14,-0.454,13501535
1971-05-13,-0.192,13563080
1971-05-12,0.283,13589124
1971-05-11,0.265,13550744
1971-05-10,-0.482,13514992
1971-05-07,-0.336,13580482
1971-05-06,-0.517,13626250
1971-05-05,0.002,13696999
1971-05-04,0.494,13696748
1971-05-03,-0.621,13629440
1971-04-30,-0.636,13714654
1971-04-29,-0.122,13802498
1971-04-28,0.183,13819340
1971-04-27,0.635,13794108
1971-04-26,-0.094,13707077
1971-04-23,0.483,13719975
1971-04-22,0.204,13653980
1971-04-21,-0.229,13626117
1971-04-20,-0.372,13657423
1971-04-19,0.513,13708453
1971-04-16,-0.017,13638512
1971-04-15,0.156,13640890
1971-04-14,0.390,13619602
1971-04-13,0.109,13566754
1971-04-12,0.774,13552038
1971-04-08,0.129,13447908
1971-04-07,0.474,13430563
1971-04-06,0.725,13367195
1971-04-05,0.240,13270952
1971-04-02,0.181,13239141
1971-04-01,0.092,13215219
1971-03-31,0.062,13203132
1971-03-30,0.242,13194990
1971-03-29,0.092,13163178
1971-03-26,0.353,13151090
1971-03-25,0.002,13104814
1971-03-24,-0.646,13104561
1971-03-23,-0.326,13189781
1971-03-22,-0.374,13232923
1971-03-19,-0.171,13282640
1971-03-18,0.082,13305415
1971-03-17,-0.075,13294516
1971-03-16,0.506,13304478
1971-03-15,1.149,13237509
1971-03-12,0.193,13087088
1971-03-11,0.104,13061844
1971-03-10,-0.146,13048336
1971-03-09,0.093,13067425
1971-03-08,0.435,13055220
1971-03-05,1.068,12998680
1971-03-04,1.007,12861295
1971-03-03,-0.017,12733035
1971-03-02,-0.007,12735174
1971-03-01,0.271,12736006
1971-02-26,-0.201,12701632
1971-02-25,0.250,12727241
1971-02-24,0.676,12695475
1971-02-23,0.398,12610244
1971-02-22,-1.034,12560221
1971-02-19,-0.822,12691454
1971-02-18,-0.634,12796608
1971-02-17,-0.450,12878291
1971-02-16,0.246,12936503
1971-02-12,0.542,12904736
1971-02-11,0.545,12835152
1971-02-10,-0.109,12765568
1971-02-09,0.075,12779442
1971-02-08,0.548,12769842
1971-02-05,0.333,12700258
1971-02-04,0.004,12658057
1971-02-03,0.221,12657586
1971-02-02,0.024,12629730
1971-02-01,0.575,12626650
1971-01-29,0.715,12554455
1971-01-28,0.350,12465306
1971-01-27,-0.715,12421800
1971-01-26,0.338,12511310
1971-01-25,0.434,12469108
1971-01-22,0.745,12415168
1971-01-21,0.450,12323409
1971-01-20,0.036,12268164
1971-01-19,0.388,12263780
1971-01-18,0.422,12216359
1971-01-15,0.262,12165025
1971-01-14,0.273,12133254
1971-01-13,-0.158,12100177
1971-01-12,0.818,12119266
1971-01-11,-0.213,12020983
1971-01-08,-0.191,12046592
1971-01-07,0.047,12069593
1971-01-06,0.613,12063903
1971-01-05,0.727,11990397
1971-01-04,-1.069,11903849
1970-12-31,-0.115,12032488
1970-12-30,0.221,12046360
1970-12-29,1.101,12019804
1970-12-28,0.544,11888911
1970-12-24,0.581,11824532
1970-12-23,0.082,11756239
1970-12-22,0.126,11746636
1970-12-21,-0.295,11731815
1970-12-18,0.207,11766555
1970-12-17,0.367,11742258
1970-12-16,0.080,11699340
1970-12-15,-0.141,11690040
1970-12-14,-0.492,11706601
1970-12-11,0.388,11764540
1970-12-10,0.434,11719034
1970-12-09,0.091,11668357
1970-12-08,-0.506,11657763
1970-12-07,0.546,11716996
1970-12-04,0.639,11653386
1970-12-03,0.485,11579433
1970-12-02,1.160,11523581
1970-12-01,0.321,11391437
1970-11-30,1.481,11354980
1970-11-27,0.994,11189215
1970-11-25,0.377,11079050
1970-11-24,0.651,11037420
1970-11-23,0.631,10966048
1970-11-20,0.985,10897262
1970-11-19,0.158,10790975
1970-11-18,-0.795,10773912
1970-11-17,0.289,10860299
1970-11-16,-0.141,10829012
1970-11-13,-0.908,10844278
1970-11-12,-1.015,10943599
1970-11-11,0.296,11055851
1970-11-10,0.155,11023271
1970-11-09,0.546,11006208
1970-11-06,0.156,10946472
1970-11-05,-0.328,10929409
1970-11-04,0.215,10965367
1970-11-03,0.861,10941838
1970-11-02,0.325,10848478
1970-10-30,-0.117,10813310
1970-10-29,-0.069,10825990
1970-10-28,0.386,10833497
1970-10-27,-0.213,10791863
1970-10-26,-0.533,10814888
1970-10-23,0.480,10872830
1970-10-22,-0.319,10820850
1970-10-21,0.038,10855516
1970-10-20,0.602,10851384
1970-10-19,-1.323,10786471
1970-10-16,-0.422,10931061
1970-10-15,0.559,10977366
1970-10-14,0.168,10916332
1970-10-13,-0.116,10897975
1970-10-12,-1.053,10910656
1970-10-09,-0.996,11026798
1970-10-08,-1.066,11137767
1970-10-07,0.060,11257790
1970-10-06,0.453,11251074
1970-10-05,1.550,11200386
1970-10-02,1.009,11029422
1970-10-01,0.038,10919241
1970-09-30,0.538,10915110
1970-09-29,-0.045,10856660
1970-09-28,1.317,10861581
1970-09-25,1.447,10720359
1970-09-24,-0.290,10567496
1970-09-23,0.076,10598282
1970-09-22,-0.046,10590269
1970-09-21,-0.845,10595190
1970-09-18,0.408,10685470
1970-09-17,0.620,10642032
1970-09-16,0.538,10576492
1970-09-15,-0.845,10519925
1970-09-14,-0.528,10609524
1970-09-11,0.279,10665787
1970-09-10,-0.574,10636147
1970-09-09,-0.285,10697539
1970-09-08,0.265,10728160
1970-09-04,0.908,10699802
1970-09-03,1.399,10603486
1970-09-02,0.026,10457166
1970-09-01,-0.681,10454449
1970-08-31,-0.399,10526100
1970-08-28,0.969,10568261
1970-08-27,-0.145,10466815
1970-08-26,0.124,10482049
1970-08-25,0.173,10469076
1970-08-24,2.209,10450972
1970-08-21,1.802,10225148
1970-08-20,1.151,10044201
1970-08-19,1.006,9929928
1970-08-18,1.163,9831042
1970-08-17,0.213,9718050
1970-08-14,0.573,9697379
1970-08-13,-0.855,9642088
1970-08-12,-0.510,9725279
1970-08-11,-0.481,9775133
1970-08-10,-1.376,9822421
1970-08-07,0.273,9959470
1970-08-06,-0.115,9932389
1970-08-05,0.002,9943775
1970-08-04,0.234,9943622
1970-08-03,-1.300,9920386
1970-07-31,-0.011,10051027
1970-07-30,0.053,10052155
1970-07-29,0.360,10046872
1970-07-28,0.168,10010813
1970-07-27,-0.203,9993990
1970-07-24,-0.216,10014353
1970-07-23,1.270,10035999
1970-07-22,0.079,9910177
1970-07-21,-1.024,9902329
1970-07-20,0.143,10004762
1970-07-17,1.778,9990502
1970-07-16,1.487,9815948
1970-07-15,1.101,9672171
1970-07-14,-0.159,9566862
1970-07-13,0.149,9582095
1970-07-10,0.541,9567833
1970-07-09,1.465,9516383
1970-07-08,2.496,9379013
1970-07-07,-0.749,9150593
1970-07-06,-1.546,9219684
1970-07-02,-0.012,9364438
1970-07-01,0.318,9365565
1970-06-30,-0.218,9335913
1970-06-29,-0.774,9356275
1970-06-26,-0.727,9429216
1970-06-25,0.083,9498310
1970-06-24,-1.041,9490461
1970-06-23,-2.438,9590334
1970-06-22,-0.518,9829993
1970-06-19,0.716,9881137
1970-06-18,0.680,9810922
1970-06-17,-0.179,9744657
1970-06-16,2.100,9762180
1970-06-15,0.954,9561347
1970-06-12,-0.742,9470960
1970-06-11,-1.336,9541801
1970-06-10,-0.985,9671042
1970-06-09,-0.036,9767275
1970-06-08,0.172,9770833
1970-06-05,-1.510,9754078
1970-06-04,-1.450,9903633
1970-06-03,0.882,10049381
1970-06-02,0.015,9961532
1970-06-01,1.688,9960013
1970-05-29,2.596,9794721
1970-05-28,2.525,9546905
1970-05-27,4.999,9311783
1970-05-26,-1.339,8868450
1970-05-25,-2.731,8988806
1970-05-22,0.140,9241200
1970-05-21,-1.821,9228252
1970-05-20,-2.538,9399393
1970-05-19,-1.921,9644174
1970-05-18,0.093,9833094
1970-05-15,1.939,9823957
1970-05-14,-1.400,9637074
1970-05-13,-1.671,9773941
1970-05-12,-0.934,9940010
1970-05-11,-1.037,10033713
1970-05-08,-0.471,10138843
1970-05-07,0.466,10186840
1970-05-06,1.117,10139614
1970-05-05,-0.951,10027636
1970-05-04,-2.516,10123881
1970-05-01,-0.083,10385180
1970-04-30,-0.338,10393819
1970-04-29,1.926,10429121
1970-04-28,-1.441,10232074
1970-04-27,-1.563,10381647
1970-04-24,-0.310,10546457
1970-04-23,-1.441,10579222
1970-04-22,-1.282,10733876
1970-04-21,-0.509,10873295
1970-04-20,0.200,10928916
1970-04-17,-0.230,10907084
1970-04-16,-0.964,10932232
1970-04-15,-0.170,11038643
1970-04-14,-0.840,11057442
1970-04-13,-0.665,11151156
1970-04-10,-0.314,11225824
1970-04-09,0.059,11261132
1970-04-08,-0.020,11254538
1970-04-07,-0.257,11256832
1970-04-06,-0.691,11285792
1970-04-03,-0.432,11364271
1970-04-02,-0.297,11413547
1970-04-01,0.504,11447586
1970-03-31,0.013,11390202
1970-03-30,-0.309,11388688
1970-03-26,0.180,11423997
1970-03-25,2.048,11403436
1970-03-24,1.152,11174632
1970-03-23,-0.067,11047407
1970-03-20,-0.402,11054780
1970-03-19,-0.120,11099403
1970-03-18,0.300,11112710
1970-03-17,0.449,11079508
1970-03-16,-1.055,11029966
1970-03-13,-0.511,11147603
1970-03-12,-0.387,11204906
1970-03-11,-0.051,11248382
1970-03-10,0.285,11254147
1970-03-09,-1.015,11222203
1970-03-06,-0.602,11337329
1970-03-05,-0.029,11405946
1970-03-04,-0.193,11409199
1970-03-03,0.591,11431307
1970-03-02,0.249,11364165
1970-02-27,0.686,11335991
1970-02-26,-0.484,11258792
1970-02-25,1.550,11313583
1970-02-24,-0.029,11140846
1970-02-20,0.322,11144098
1970-02-19,0.380,11108380
1970-02-18,1.247,11066377
1970-02-17,-0.099,10930093
1970-02-16,-0.064,10940886
1970-02-13,-0.202,10947908
1970-02-12,-0.224,10970015
1970-02-11,0.986,10994636
1970-02-10,-1.024,10887262
1970-02-09,0.800,10999881
1970-02-06,0.514,10912620
1970-02-05,-0.376,10856786
1970-02-04,-0.592,10897750
1970-02-03,1.200,10962600
1970-02-02,0.871,10832595
1970-01-30,-0.762,10739046
1970-01-29,-1.246,10821496
1970-01-28,-0.927,10958004
1970-01-27,-0.605,11060570
1970-01-26,-1.322,11127936
1970-01-23,-0.726,11277018
1970-01-22,0.115,11359471
1970-01-21,0.149,11346380
1970-01-20,0.216,11329519
1970-01-19,-1.377,11305113
1970-01-16,-0.811,11462998
1970-01-15,0.048,11556769
1970-01-14,-0.278,11551222
1970-01-13,0.255,11583391
1970-01-12,-0.741,11553957
1970-01-09,-0.286,11640186
1970-01-08,0.069,11673613
1970-01-07,-0.189,11665551
1970-01-06,-0.669,11687664
1970-01-05,0.509,11766351
1970-01-02,1.035,11706744
1969-12-31,0.517,11586788
1969-12-30,0.399,11527180
1969-12-29,-0.681,11481401
1969-12-26,0.794,11560089
1969-12-24,1.068,11469049
1969-12-23,-0.371,11347834
1969-12-22,-0.860,11390061
1969-12-19,0.858,11488866
1969-12-18,1.581,11391161
1969-12-17,-0.560,11213910
1969-12-16,-0.884,11277111
1969-12-15,-0.281,11377688
1969-12-12,0.332,11409743
1969-12-11,0.058,11372028
1969-12-10,-0.063,11365461
1969-12-09,-0.303,11372599
1969-12-08,-0.949,11407145
1969-12-05,-0.224,11516447
1969-12-04,0.339,11542273
1969-12-03,-1.058,11503313
1969-12-02,-0.594,11626321
1969-12-01,-0.611,11695755
1969-11-28,0.589,11767682
1969-11-26,0.366,11698819
1969-11-25,-0.306,11656121
1969-11-24,-1.125,11691916
1969-11-21,-0.605,11824895
1969-11-20,-1.013,11896824
1969-11-19,-0.492,12018591
1969-11-18,-0.008,12078061
1969-11-17,-0.663,12078972
1969-11-14,-0.344,12159624
1969-11-13,-0.465,12201652
1969-11-12,-0.170,12258632
1969-11-11,-0.250,12279479
1969-11-10,0.084,12310294
1969-11-07,0.614,12299992
1969-11-06,0.044,12224897
1969-11-05,0.453,12219578
1969-11-04,0.075,12164419
1969-11-03,0.044,12155362
1969-10-31,0.208,12150043
1969-10-30,0.137,12124787
1969-10-29,-0.854,12108254
1969-10-28,-0.302,12212585
1969-10-27,-0.139,12249631
1969-10-24,0.688,12266741
1969-10-23,-0.364,12182921
1969-10-22,0.659,12227444
1969-10-21,0.778,12147361
1969-10-20,0.220,12053572
1969-10-17,-0.101,12027070
1969-10-16,0.691,12039195
1969-10-15,0.034,11956618
1969-10-14,1.227,11952544
1969-10-13,1.069,11807663
1969-10-10,0.582,11682718
1969-10-09,0.401,11615092
1969-10-08,-0.437,11568650
1969-10-07,-0.296,11619402
1969-10-06,0.217,11653956
1969-10-03,-0.040,11628697
1969-10-02,0.791,11633344
1969-10-01,-0.630,11542040
1969-09-30,-0.297,11615225
1969-09-29,-0.782,11649779
1969-09-26,-0.630,11741656
1969-09-25,-0.751,11816086
1969-09-24,-0.123,11905472
1969-09-23,0.013,11920089
1969-09-22,0.476,11918507
1969-09-19,0.311,11862095
1969-09-18,0.158,11825353
1969-09-17,-0.187,11806655
1969-09-16,0.095,11828776
1969-09-15,0.792,11817501
1969-09-12,-0.083,11724586
1969-09-11,-0.752,11734339
1969-09-10,1.682,11823256
1969-09-09,0.741,11627672
1969-09-08,-0.986,11542177
1969-09-05,-0.579,11657072
1969-09-04,-0.805,11724961
1969-09-03,-0.571,11820066
1969-09-02,0.043,11887957
1969-08-29,0.661,11882866
1969-08-28,0.433,11804792
1969-08-27,0.212,11753931
1969-08-26,-0.648,11729048
1969-08-25,-1.015,11805599
1969-08-22,0.606,11926683
1969-08-21,0.305,11854793
1969-08-20,0.012,11818777
1969-08-19,0.538,11817396
1969-08-18,0.615,11754164
1969-08-15,0.716,11682272
1969-08-14,0.699,11599246
1969-08-13,0.087,11518694
1969-08-12,-0.767,11508653
1969-08-11,-0.603,11597577
1969-08-08,-0.041,11667946
1969-08-07,0.086,11672750
1969-08-06,0.556,11662710
1969-08-05,0.462,11598238
1969-08-04,-0.500,11544899
1969-08-01,1.792,11602898
1969-07-31,2.118,11398634
1969-07-30,0.514,11162204
1969-07-29,-0.794,11105152
1969-07-28,-1.992,11194077
1969-07-25,-0.783,11421559
1969-07-24,-0.331,11511725
1969-07-23,-0.415,11549931
1969-07-22,-1.491,11598034
1969-07-18,-0.832,11773562
1969-07-17,0.620,11872390
1969-07-16,1.007,11799255
1969-07-15,-0.315,11681583
1969-07-14,-1.260,11718554
1969-07-11,0.420,11868105
1969-07-10,-1.535,11818476
1969-07-09,-0.756,12002670
1969-07-08,-1.401,12094077
1969-07-07,-0.570,12265902
1969-07-03,0.688,12336280
1969-07-02,0.887,12252010
1969-07-01,0.390,12144234
1969-06-30,0.402,12097078
1969-06-27,0.094,12048685
1969-06-26,0.259,12037408
1969-06-25,-0.307,12006336
1969-06-24,1.144,12043309
1969-06-23,-0.444,11907074
1969-06-20,-0.580,11960130
1969-06-19,-0.566,12029957
1969-06-18,-0.130,12098437
1969-06-17,-0.361,12114133
1969-06-16,-0.320,12158063
1969-06-13,0.406,12197083
1969-06-12,-0.780,12147721
1969-06-11,-1.343,12243208
1969-06-10,-0.754,12409894
1969-06-09,-0.883,12504155
1969-06-06,-0.607,12615604
1969-06-05,0.176,12692681
1969-06-04,-0.027,12670325
1969-06-03,-0.288,12673748
1969-06-02,-0.488,12710317
1969-05-29,0.204,12772664
1969-05-28,-0.286,12746626
1969-05-27,-0.741,12783194
1969-05-26,-0.207,12878688
1969-05-23,0.002,12905436
1969-05-22,0.135,12905178
1969-05-21,0.423,12887733
1969-05-20,-0.870,12833459
1969-05-19,-0.900,12946142
1969-05-16,0.096,13063736
1969-05-15,-0.279,13051201
1969-05-14,0.787,13087773
1969-05-13,0.439,12985620
1969-05-12,-0.140,12928890
1969-05-09,-0.036,12947047
1969-05-08,0.421,12951699
1969-05-07,-0.169,12897424
1969-05-06,0.479,12919263
1969-05-05,0.366,12857622
1969-05-02,0.484,12810711
1969-05-01,-0.161,12749069
1969-04-30,0.885,12769680
1969-04-29,0.755,12657702
1969-04-28,0.316,12562910
1969-04-25,0.455,12523364
1969-04-24,0.477,12466629
1969-04-23,0.032,12407440
1969-04-22,0.230,12403496
1969-04-21,-0.658,12374998
1969-04-18,0.467,12456995
1969-04-17,0.161,12399031
1969-04-16,-0.873,12379127
1969-04-15,-0.027,12488135
1969-04-14,-0.067,12491558
1969-04-11,0.110,12499893
1969-04-10,0.536,12486128
1969-04-09,0.890,12419568
1969-04-08,0.262,12310038
1969-04-07,-0.772,12277855
1969-04-03,-0.087,12373360
1969-04-02,-0.619,12384149
1969-04-01,-0.077,12461239
1969-03-28,0.417,12470801
1969-03-27,0.719,12418974
1969-03-26,0.744,12330313
1969-03-25,0.173,12239196
1969-03-24,-0.118,12218062
1969-03-21,-0.203,12232534
1969-03-20,0.644,12257427
1969-03-19,0.739,12179028
1969-03-18,0.257,12089673
1969-03-17,0.267,12058739
1969-03-14,-0.379,12026587
1969-03-13,-0.647,12072329
1969-03-12,-0.256,12150934
1969-03-11,0.345,12182071
1969-03-10,0.356,12140182
1969-03-07,-0.036,12097076
1969-03-06,-0.992,12101436
1969-03-05,0.404,12222642
1969-03-04,0.963,12173450
1969-03-03,0.267,12057314
1969-02-28,0.004,12025161
1969-02-27,-0.299,12024654
1969-02-26,0.491,12060660
1969-02-25,-0.611,12001730
1969-02-24,-1.171,12075468
1969-02-20,-0.836,12218586
1969-02-19,-0.722,12321539
1969-02-18,-0.996,12411103
1969-02-17,-1.110,12535966
1969-02-14,-0.082,12676653
1969-02-13,0.090,12687102
1969-02-12,-0.006,12675642
1969-02-11,0.129,12676354
1969-02-07,0.004,12660025
1969-02-06,0.342,12659520
1969-02-05,0.285,12616412
1969-02-04,0.043,12580607
1969-02-03,-0.102,12575233
1969-01-31,0.461,12588117
1969-01-30,0.053,12530402
1969-01-29,0.111,12523810
1969-01-28,0.024,12509915
1969-01-27,0.033,12506974
1969-01-24,-0.035,12502816
1969-01-23,0.454,12507179
1969-01-22,0.357,12450680
1969-01-21,-0.045,12406352
1969-01-20,-0.319,12411932
1969-01-17,-0.133,12451595
1969-01-16,0.564,12468131
1969-01-15,0.497,12398241
1969-01-14,0.700,12336870
1969-01-13,-0.471,12251154
1969-01-10,-0.272,12309076
1969-01-09,0.430,12342654
1969-01-08,-0.400,12289804
1969-01-07,-1.205,12339206
1969-01-06,-1.446,12489646
1969-01-03,0.071,12672954
1969-01-02,0.081,12663928
1968-12-31,0.071,12653684
1968-12-30,-0.883,12644657
1968-12-27,-0.376,12757363
1968-12-26,0.118,12805552
1968-12-24,-0.148,12790439
1968-12-23,-1.049,12809411
1968-12-20,-0.584,12945249
1968-12-19,0.303,13021240
1968-12-17,-0.393,12981913
1968-12-16,-0.429,13033194
1968-12-13,0.255,13089308
1968-12-12,-0.050,13056021
1968-12-10,-0.235,13062602
1968-12-09,-0.234,13093347
1968-12-06,0.254,13124090
1968-12-05,-0.308,13090803
1968-12-03,-0.078,13131212
1968-12-02,-0.215,13141419
1968-11-29,0.577,13169747
1968-11-27,0.478,13094174
1968-11-26,0.743,13031890
1968-11-25,0.183,12935777
1968-11-22,0.324,12912153
1968-11-21,-0.145,12870407
1968-11-19,0.221,12889069
1968-11-18,0.146,12860613
1968-11-15,0.563,12841821
1968-11-14,0.081,12769869
1968-11-13,0.500,12759535
1968-11-12,0.657,12696040
1968-11-08,0.448,12613212
1968-11-07,0.237,12556965
1968-11-06,0.179,12527297
1968-11-04,0.054,12504880
1968-11-01,-0.322,12498169
1968-10-31,0.121,12538580
1968-10-29,-0.561,12523411
1968-10-28,-0.272,12594028
1968-10-25,0.361,12628397
1968-10-24,-0.681,12583022
1968-10-22,-0.384,12669348
1968-10-21,0.177,12718217
1968-10-18,0.792,12695799
1968-10-17,0.478,12596052
1968-10-15,0.218,12536177
1968-10-14,0.150,12508925
1968-10-11,-0.091,12490131
1968-10-10,-0.418,12501545
1968-10-08,0.053,12554039
1968-10-07,0.005,12547328
1968-10-04,0.489,12546659
1968-10-03,0.365,12485574
1968-10-01,0.200,12440197
1968-09-30,0.367,12415360
1968-09-27,-0.034,12369982
1968-09-26,-0.209,12374145
1968-09-24,0.357,12400058
1968-09-23,0.586,12355887
1968-09-20,0.073,12283926
1968-09-19,0.101,12274959
1968-09-17,0.268,12262565
1968-09-16,0.387,12229766
1968-09-13,0.349,12182565
1968-09-12,-0.194,12140163
1968-09-10,-0.478,12163777
1968-09-09,0.043,12222196
1968-09-06,0.467,12217002
1968-09-05,0.729,12160198
1968-09-04,0.714,12072186
1968-09-03,0.476,11986574
1968-08-30,0.134,11929768
1968-08-29,-0.057,11913771
1968-08-27,-0.117,11920579
1968-08-26,0.265,11934590
1968-08-23,0.003,11902989
1968-08-22,-0.248,11902595
1968-08-20,-0.027,11932209
1968-08-19,0.336,11935417
1968-08-16,0.633,11895413
1968-08-15,-0.452,11820600
1968-08-13,0.542,11874221
1968-08-12,1.041,11810210
1968-08-09,-0.017,11688583
1968-08-08,-0.202,11690589
1968-08-06,0.425,11714202
1968-08-05,0.241,11664593
1968-08-02,-0.653,11636591
1968-08-01,-0.456,11713019
1968-07-30,0.105,11766641
1968-07-29,-0.686,11754243
1968-07-26,0.421,11835474
1968-07-25,-1.264,11785865
1968-07-23,-0.107,11936718
1968-07-22,-1.109,11949529
1968-07-19,-0.951,12083579
1968-07-18,-0.242,12199624
1968-07-16,-0.534,12229240
1968-07-15,-0.065,12294871
1968-07-12,-0.036,12302881
1968-07-11,0.169,12307291
1968-07-09,0.297,12286492
1968-07-08,1.033,12250088
1968-07-03,1.185,12124852
1968-07-02,0.355,11982809
1968-07-01,-0.167,11940401
1968-06-28,-0.387,11960415
1968-06-27,-0.087,12006839
1968-06-25,-0.296,12017249
1968-06-24,-0.255,12052869
1968-06-21,-0.833,12083689
1968-06-20,1.520,12185138
1968-06-18,-0.128,12002666
1968-06-17,-0.971,12018032
1968-06-14,-0.107,12135894
1968-06-13,-0.390,12148877
1968-06-11,0.256,12196423
1968-06-10,0.148,12165310
1968-06-07,0.623,12147305
1968-06-06,0.767,12072093
1968-06-05,-0.474,11980195
1968-06-04,0.399,12037276
1968-06-03,1.331,11989475
1968-05-31,0.783,11832024
1968-05-29,0.317,11740124
1968-05-28,0.657,11703049
1968-05-27,-0.152,11626641
1968-05-24,0.196,11644390
1968-05-23,-0.204,11621616
1968-05-22,0.268,11645325
1968-05-21,0.507,11614207
1968-05-20,-0.451,11555676
1968-05-17,-0.702,11607991
1968-05-16,-0.466,11690102
1968-05-15,-0.039,11744801
1968-05-14,-0.060,11749441
1968-05-13,-0.302,11756464
1968-05-10,0.123,11792093
1968-05-09,-0.512,11777662
1968-05-08,0.021,11838322
1968-05-07,0.568,11835810
1968-05-06,-0.302,11768934
1968-05-03,0.082,11804564
1968-05-02,0.642,11794900
1968-05-01,0.533,11719680
1968-04-30,-0.508,11657570
1968-04-29,0.791,11717040
1968-04-26,0.620,11625131
1968-04-25,-0.297,11553485
1968-04-24,0.321,11587922
1968-04-23,1.372,11550843
1968-04-22,-0.540,11394566
1968-04-19,-1.252,11456419
1968-04-18,0.290,11601711
1968-04-17,0.208,11568206
1968-04-16,0.042,11544238
1968-04-15,0.073,11539341
1968-04-11,0.909,11530868
1968-04-10,0.768,11427035
1968-04-08,1.788,11339889
1968-04-05,-0.573,11140693
1968-04-04,0.407,11204931
1968-04-03,0.907,11159505
1968-04-02,0.185,11059244
1968-04-01,2.537,11038849
1968-03-29,0.715,10765742
1968-03-28,-0.088,10689320
1968-03-27,0.833,10698725
1968-03-26,0.691,10610381
1968-03-25,-0.089,10537533
1968-03-22,0.114,10546936
1968-03-21,-0.718,10534883
1968-03-20,0.001,10611043
1968-03-19,-0.657,10610910
1968-03-18,0.562,10681109
1968-03-15,0.892,10621374
1968-03-14,-1.867,10527473
1968-03-13,-0.205,10727757
1968-03-12,0.125,10749754
1968-03-11,1.240,10736329
1968-03-08,-0.063,10604831
1968-03-07,-0.163,10611478
1968-03-06,1.756,10628752
1968-03-05,-0.210,10445299
1968-03-04,-1.310,10467295
1968-03-01,-0.262,10606186
1968-02-29,-0.778,10634087
1968-02-28,-0.478,10717484
1968-02-27,0.400,10769000
1968-02-26,-0.761,10726055
1968-02-23,-0.366,10808272
1968-02-21,0.015,10847982
1968-02-20,1.038,10846365
1968-02-19,0.402,10734934
1968-02-16,-0.359,10691989
1968-02-15,0.192,10730518
1968-02-14,1.209,10710007
1968-02-13,-0.859,10582044
1968-02-09,-1.123,10673709
1968-02-08,-1.238,10794896
1968-02-07,0.188,10930252
1968-02-06,0.047,10909743
1968-02-05,-0.417,10904583
1968-02-02,-0.297,10950199
1968-02-01,0.360,10982826
1968-01-31,-0.682,10943422
1968-01-30,-0.476,11018560
1968-01-29,-0.092,11071262
1968-01-26,0.175,11081454
1968-01-25,0.154,11062125
1968-01-24,-0.507,11045157
1968-01-23,-0.378,11101403
1968-01-22,-1.252,11143478
1968-01-19,-0.320,11284748
1968-01-18,-0.069,11320920
1968-01-17,-0.173,11328752
1968-01-16,-0.606,11348392
1968-01-15,-0.295,11417630
1968-01-12,0.117,11451442
1968-01-11,0.118,11438018
1968-01-10,0.035,11424592
1968-01-09,-0.110,11420616
1968-01-08,0.722,11433172
1968-01-05,0.621,11351254
1968-01-04,-0.309,11281144
1968-01-03,-0.443,11316137
1968-01-02,-0.359,11366482
1967-12-29,0.618,11407381
1967-12-28,-0.007,11337270
1967-12-27,0.696,11338017
1967-12-26,0.077,11259639
1967-12-22,-0.174,11250937
1967-12-21,0.256,11270578
1967-12-20,0.564,11241800
1967-12-19,-0.133,11178774
1967-12-18,-0.259,11193691
1967-12-15,-0.455,11222780
1967-12-14,0.148,11274047
1967-12-13,0.357,11257401
1967-12-12,-0.102,11217327
1967-12-11,-0.299,11228795
1967-12-08,-0.102,11262521
1967-12-07,-0.102,11273989
1967-12-06,0.440,11285458
1967-12-05,0.148,11236011
1967-12-04,0.643,11219364
1967-12-01,0.541,11147659
1967-11-30,-0.481,11087668
1967-11-29,-0.008,11141309
1967-11-28,0.350,11142234
1967-11-27,0.299,11103329
1967-11-24,0.278,11070281
1967-11-22,0.600,11039576
1967-11-21,1.586,10973725
1967-11-20,-1.240,10802439
1967-11-17,0.249,10938086
1967-11-16,0.923,10910894
1967-11-15,0.416,10811068
1967-11-14,-0.614,10766303
1967-11-13,-0.246,10832832
1967-11-10,0.687,10859529
1967-11-09,0.504,10785475
1967-11-08,-0.357,10731337
1967-11-06,-0.312,10769751
1967-11-03,-0.591,10803477
1967-11-02,-0.384,10867664
1967-11-01,-0.617,10909593
1967-10-31,-1.553,10977296
1967-10-30,-0.166,11150440
1967-10-27,0.034,11168939
1967-10-26,0.455,11165178
1967-10-25,0.118,11114554
1967-10-24,-0.554,11101420
1967-10-23,-0.426,11163267
1967-10-20,-0.040,11211056
1967-10-19,0.201,11215496
1967-10-18,0.275,11192990
1967-10-17,-0.249,11162282
1967-10-16,-0.767,11190154
1967-10-13,0.273,11276607
1967-10-12,-0.629,11245899
1967-10-11,-0.472,11317122
1967-10-10,-0.673,11370771
1967-10-09,0.269,11447853
1967-10-06,0.622,11417146
1967-10-05,0.261,11346602
1967-10-04,-0.215,11317065
1967-10-03,0.355,11341424
1967-10-02,-0.390,11301342
1967-09-29,-0.070,11345619
1967-09-28,0.012,11353575
1967-09-27,0.043,11352158
1967-09-26,-0.837,11347226
1967-09-25,0.620,11443057
1967-09-22,0.271,11372511
1967-09-21,0.657,11341802
1967-09-20,-0.029,11267740
1967-09-19,-0.360,11271009
1967-09-18,0.283,11311772
1967-09-15,0.077,11279891
1967-09-14,0.228,11271228
1967-09-13,1.056,11245623
1967-09-12,0.483,11128070
1967-09-11,0.200,11074531
1967-09-08,0.042,11052417
1967-09-07,-0.053,11047760
1967-09-06,0.200,11053579
1967-09-05,0.573,11031464
1967-09-01,0.053,10968612
1967-08-31,0.620,10962791
1967-08-30,0.214,10895283
1967-08-29,0.268,10872002
1967-08-28,-0.054,10842903
1967-08-25,-0.406,10848721
1967-08-24,-0.542,10892949
1967-08-23,-0.127,10952309
1967-08-22,-0.528,10966275
1967-08-21,-0.546,11024472
1967-08-18,0.168,11084996
1967-08-17,0.095,11066372
1967-08-16,-0.221,11055896
1967-08-15,0.147,11080338
1967-08-14,-0.523,11064042
1967-08-11,-0.386,11122240
1967-08-10,-0.250,11165307
1967-08-09,0.104,11193242
1967-08-08,0.125,11181602
1967-08-07,-0.250,11167634
1967-08-04,0.187,11195570
1967-08-03,-0.114,11174618
1967-08-02,0.439,11187421
1967-08-01,0.663,11138532
1967-07-31,0.285,11065199
1967-07-28,0.159,11033769
1967-07-27,0.318,11016308
1967-07-26,0.888,10981386
1967-07-25,-0.511,10884770
1967-07-24,-0.318,10940643
1967-07-21,0.213,10975563
1967-07-20,0.224,10952281
1967-07-19,0.171,10927835
1967-07-18,0.818,10909208
1967-07-17,0.022,10820739
1967-07-14,0.356,10818409
1967-07-13,0.032,10779993
1967-07-12,-0.076,10776499
1967-07-11,0.477,10784646
1967-07-10,0.403,10733424
1967-07-07,0.416,10690351
1967-07-06,-0.033,10646113
1967-07-05,0.505,10649603
1967-07-03,0.309,10596053
1967-06-30,-0.220,10563455
1967-06-29,-0.492,10586734
1967-06-28,0.022,10639117
1967-06-27,-0.360,10636787
1967-06-26,-0.380,10675200
1967-06-23,0.043,10715942
1967-06-22,-0.239,10711284
1967-06-21,-0.292,10736892
1967-06-20,-0.022,10768323
1967-06-19,-0.022,10770649
1967-06-16,0.059,10772975
1967-06-15,0.108,10766591
1967-06-14,-0.224,10754942
1967-06-13,0.637,10779112
1967-06-12,0.532,10710846
1967-06-09,0.186,10654133
1967-06-08,0.547,10634396
1967-06-07,0.760,10576528
1967-06-06,2.034,10496705
1967-06-05,-1.493,10287469
1967-06-02,-0.473,10443361
1967-06-01,1.295,10492951
1967-05-31,-1.537,10358819
1967-05-29,-0.524,10520491
1967-05-26,-0.217,10575859
1967-05-25,1.125,10598874
1967-05-24,-1.133,10480917
1967-05-23,-0.466,10600994
1967-05-22,-0.420,10650585
1967-05-19,-0.483,10695555
1967-05-18,-0.256,10747458
1967-05-17,-0.373,10775096
1967-05-16,0.473,10815445
1967-05-15,-0.808,10764507
1967-05-12,-0.275,10852233
1967-05-11,0.438,10882182
1967-05-10,-0.254,10834711
1967-05-09,-1.021,10862349
1967-05-08,0.159,10974344
1967-05-05,0.138,10956916
1967-05-04,0.446,10941800
1967-05-03,0.267,10893172
1967-05-02,-0.169,10864188
1967-05-01,-0.169,10882583
1967-04-28,0.224,10900979
1967-04-27,0.858,10876617
1967-04-26,-0.085,10784075
1967-04-25,0.539,10793226
1967-04-24,0.357,10735351
1967-04-21,0.217,10697122
1967-04-20,0.196,10673914
1967-04-19,0.099,10653019
1967-04-18,0.877,10642523
1967-04-17,0.718,10549978
1967-04-14,1.094,10474767
1967-04-13,0.776,10361420
1967-04-12,-0.100,10281585
1967-04-11,0.736,10291889
1967-04-10,-1.239,10216676
1967-04-07,-0.632,10344856
1967-04-06,0.179,10410632
1967-04-05,0.650,10392045
1967-04-04,-0.010,10324921
1967-04-03,-1.051,10325980
1967-03-31,-0.539,10435671
1967-03-30,-0.021,10492203
1967-03-29,-0.186,10494419
1967-03-28,0.056,10513970
1967-03-27,-0.065,10508096
1967-03-23,0.776,10514934
1967-03-22,0.290,10433940
1967-03-21,-0.210,10403796
1967-03-20,-0.043,10425658
1967-03-17,0.185,10430185
1967-03-16,1.015,10410885
1967-03-15,0.957,10306323
1967-03-14,-0.075,10208632
1967-03-13,-0.499,10216307
1967-03-10,0.418,10267504
1967-03-09,0.307,10224785
1967-03-08,0.138,10193520
1967-03-07,0.082,10179435
1967-03-06,-0.199,10171075
1967-03-03,0.161,10191349
1967-03-02,0.558,10174973
1967-03-01,1.044,10118509
1967-02-28,0.382,10013941
1967-02-27,-1.064,9975802
1967-02-24,-0.031,10083122
1967-02-23,0.140,10086215
1967-02-21,-0.053,10072129
1967-02-20,-0.539,10077514
1967-02-17,0.049,10132148
1967-02-16,-0.447,10127225
1967-02-15,0.127,10172697
1967-02-14,0.684,10159756
1967-02-13,-0.042,10090691
1967-02-10,0.322,10094930
1967-02-09,-0.393,10062517
1967-02-08,0.896,10102263
1967-02-07,-0.248,10012580
1967-02-06,-0.190,10037436
1967-02-03,0.738,10056565
1967-02-02,0.360,9982917
1967-02-01,-0.192,9947066
1967-01-31,-0.043,9966195
1967-01-30,0.593,9970434
1967-01-27,0.421,9911675
1967-01-26,-0.031,9870096
1967-01-25,-0.745,9873189
1967-01-24,0.153,9947299
1967-01-23,0.386,9932065
1967-01-20,0.305,9893923
1967-01-19,0.050,9863798
1967-01-18,0.658,9858873
1967-01-17,1.115,9794383
1967-01-16,-0.244,9686366
1967-01-13,0.752,9710077
1967-01-12,0.541,9637569
1967-01-11,0.811,9585678
1967-01-10,0.016,9508586
1967-01-09,0.781,9507096
1967-01-06,0.725,9433440
1967-01-05,1.317,9365511
1967-01-04,0.227,9243744
1967-01-03,0.078,9222778
1966-12-30,-0.034,9215560
1966-12-29,-0.281,9218651
1966-12-28,-0.465,9244652
1966-12-27,-0.560,9287836
1966-12-23,-0.253,9340185
1966-12-22,0.397,9363896
1966-12-21,0.535,9326893
1966-12-20,-0.365,9277290
1966-12-19,-0.364,9311310
1966-12-16,-0.065,9345332
1966-12-15,-1.184,9351403
1966-12-14,-0.093,9463495
1966-12-13,-0.308,9472330
1966-12-12,1.053,9501589
1966-12-09,0.123,9402624
1966-12-08,0.415,9391033
1966-12-07,1.094,9352208
1966-12-06,0.757,9250972
1966-12-05,0.151,9181508
1966-12-02,0.077,9167646
1966-12-01,-0.441,9160593
1966-11-30,0.052,9201199
1966-11-29,-0.342,9196416
1966-11-28,-0.157,9227945
1966-11-25,0.807,9242452
1966-11-23,0.688,9168447
1966-11-22,-0.506,9105790
1966-11-21,-1.415,9152071
1966-11-18,-0.641,9283462
1966-11-17,-0.673,9343362
1966-11-16,0.842,9406666
1966-11-15,0.406,9328121
1966-11-14,-0.677,9290428
1966-11-11,0.075,9353733
1966-11-10,0.638,9346680
1966-11-09,0.816,9287425
1966-11-07,-0.083,9212283
1966-11-04,0.324,9219982
1966-11-03,-0.379,9190232
1966-11-02,0.101,9225167
1966-11-01,0.772,9215844
1966-10-31,-0.035,9145239
1966-10-28,0.027,9148399
1966-10-27,0.828,9145885
1966-10-26,0.874,9070739
1966-10-25,0.625,8992189
1966-10-24,0.308,8936335
1966-10-21,0.463,8908853
1966-10-20,-0.253,8867751
1966-10-19,-0.783,8890203
1966-10-18,1.572,8960320
1966-10-17,1.148,8821618
1966-10-14,-0.360,8721502
1966-10-13,-0.178,8753032
1966-10-12,2.852,8768675
1966-10-11,0.525,8525560
1966-10-10,1.829,8481051
1966-10-07,-1.129,8328725
1966-10-06,-0.839,8423811
1966-10-05,-0.529,8495063
1966-10-04,0.283,8540212
1966-10-03,-2.149,8516132
1966-09-30,0.343,8703148
1966-09-29,-1.020,8673393
1966-09-28,-1.251,8762807
1966-09-27,0.324,8873785
1966-09-26,0.260,8845166
1966-09-23,-0.331,8822220
1966-09-22,0.311,8851484
1966-09-21,-1.667,8823998
1966-09-20,-0.676,8973568
1966-09-19,-0.485,9034610
1966-09-16,-0.107,9078629
1966-09-15,1.204,9088329
1966-09-14,1.039,8980247
1966-09-13,0.535,8887931
1966-09-12,2.120,8840661
1966-09-09,0.326,8657123
1966-09-08,-0.403,8628997
1966-09-07,-0.749,8663936
1966-09-06,-0.578,8729283
1966-09-02,-0.345,8779989
1966-09-01,0.786,8810425
1966-08-31,1.636,8741755
1966-08-30,1.786,8601008
1966-08-29,-2.432,8450124
1966-08-26,-2.088,8660753
1966-08-25,-1.258,8845480
1966-08-24,1.234,8958131
1966-08-23,-0.153,8848916
1966-08-22,-1.712,8862459
1966-08-19,-0.658,9016782
1966-08-18,-1.238,9076502
1966-08-17,-0.537,9190282
1966-08-16,-1.323,9239866
1966-08-15,-0.503,9363784
1966-08-12,0.192,9411117
1966-08-11,-0.096,9393127
1966-08-10,-0.442,9402169
1966-08-09,-0.298,9443871
1966-08-08,-0.285,9472059
1966-08-05,0.095,9499120
1966-08-04,0.946,9490141
1966-08-03,1.004,9401196
1966-08-02,0.036,9307745
1966-08-01,-1.526,9304396
1966-07-29,-0.191,9448592
1966-07-28,-0.380,9466644
1966-07-27,0.488,9502717
1966-07-26,-0.143,9456569
1966-07-25,-1.833,9470116
1966-07-22,-0.117,9646979
1966-07-21,0.023,9658273
1966-07-20,-0.936,9656053
1966-07-19,-0.746,9747317
1966-07-18,-0.092,9820561
1966-07-15,0.310,9829604
1966-07-14,0.613,9799225
1966-07-13,-0.655,9739561
1966-07-12,-0.640,9803794
1966-07-11,-0.171,9866902
1966-07-08,0.274,9883831
1966-07-07,0.378,9856830
1966-07-06,1.454,9819692
1966-07-05,0.256,9678928
1966-07-01,1.037,9654180
1966-06-30,-0.130,9555090
1966-06-29,-0.933,9567512
1966-06-28,-0.465,9657654
1966-06-27,-0.566,9702742
1966-06-24,0.104,9757967
1966-06-23,-0.392,9747861
1966-06-22,0.173,9786191
1966-06-21,0.277,9769327
1966-06-20,-0.023,9742326
1966-06-17,0.052,9744610
1966-06-16,-0.285,9739516
1966-06-15,-0.375,9767358
1966-06-14,0.287,9804138
1966-06-13,0.460,9776109
1966-06-10,1.104,9731318
1966-06-09,0.679,9625068
1966-06-08,0.130,9560163
1966-06-07,-0.673,9547777
1966-06-06,-0.726,9612493
1966-06-03,0.128,9682797
1966-06-02,-0.149,9670411
1966-06-01,-0.022,9684843
1966-05-31,-1.353,9686983
1966-05-27,0.309,9819867
1966-05-26,0.012,9789601
1966-05-25,0.356,9788390
1966-05-24,0.670,9753654
1966-05-23,0.909,9688747
1966-05-20,0.492,9601489
1966-05-19,-0.104,9554460
1966-05-18,1.785,9564423
1966-05-17,-0.906,9396704
1966-05-16,-1.221,9482657
1966-05-13,-0.865,9599899
1966-05-12,-1.129,9683617
1966-05-11,0.184,9794156
1966-05-10,0.889,9776181
1966-05-09,-1.711,9690038
1966-05-06,-0.090,9858689
1966-05-05,-1.615,9867536
1966-05-04,-0.498,10029484
1966-05-03,-1.139,10079680
1966-05-02,-0.163,10195811
1966-04-29,-0.065,10212481
1966-04-28,-0.673,10219094
1966-04-27,-0.238,10288290
1966-04-26,-0.086,10312784
1966-04-25,-0.194,10321632
1966-04-22,-0.150,10341656
1966-04-21,0.380,10357210
1966-04-20,0.567,10318004
1966-04-19,0.001,10259798
1966-04-18,-0.433,10259706
1966-04-15,0.142,10304316
1966-04-14,0.372,10289696
1966-04-13,0.110,10251606
1966-04-12,-0.358,10240337
1966-04-11,0.044,10277126
1966-04-07,0.230,10272564
1966-04-06,0.285,10249001
1966-04-05,0.617,10219851
1966-04-04,0.923,10157173
1966-04-01,0.807,10064318
1966-03-31,0.519,9983756
1966-03-30,-0.536,9932251
1966-03-29,-0.378,9985804
1966-03-28,0.101,10023711
1966-03-25,0.292,10013559
1966-03-24,0.192,9984407
1966-03-23,-0.357,9965314
1966-03-22,0.304,10000985
1966-03-21,0.769,9970715
1966-03-18,0.416,9894621
1966-03-17,0.364,9853646
1966-03-16,0.593,9817945
1966-03-15,-0.550,9760088
1966-03-14,-1.103,9814114
1966-03-11,-0.109,9923529
1966-03-10,0.014,9934354
1966-03-09,0.891,9932993
1966-03-08,0.172,9845226
1966-03-07,-1.321,9828356
1966-03-04,-0.242,9959928
1966-03-03,0.370,9984047
1966-03-02,-0.990,9947237
1966-03-01,-1.250,10046685
1966-02-28,0.101,10173830
1966-02-25,0.287,10163607
1966-02-24,-0.628,10134552
1966-02-23,-0.409,10198553
1966-02-21,-0.568,10240398
1966-02-18,-0.255,10298861
1966-02-17,-0.521,10325197
1966-02-16,0.002,10379229
1966-02-15,-0.370,10378977
1966-02-14,-0.284,10417500
1966-02-11,-0.008,10447160
1966-02-10,-0.230,10448017
1966-02-09,0.556,10472138
1966-02-08,-0.029,10414279
1966-02-07,0.365,10417351
1966-02-04,0.669,10379433
1966-02-03,0.142,10310494
1966-02-02,0.413,10295839
1966-02-01,-0.759,10253489
1966-01-31,-0.446,10331896
1966-01-28,-0.370,10378175
1966-01-27,-0.019,10416700
1966-01-26,-0.146,10418664
1966-01-25,0.162,10433924
1966-01-24,0.269,10417054
1966-01-21,0.131,10389105
1966-01-20,-0.338,10375559
1966-01-19,-0.263,10410761
1966-01-18,0.204,10438207
1966-01-17,0.301,10416905
1966-01-14,0.163,10385632
1966-01-13,0.195,10368762
1966-01-12,-0.222,10348568
1966-01-11,0.099,10371583
1966-01-10,0.217,10361360
1966-01-07,0.099,10338949
1966-01-06,0.239,10328726
1966-01-05,0.652,10304099
1966-01-04,0.100,10237370
1966-01-03,-0.257,10227146
1965-12-31,0.262,10253486
1965-12-30,0.438,10226642
1965-12-29,0.319,10182071
1965-12-28,0.024,10149687
1965-12-27,-0.713,10147219
1965-12-23,-0.095,10220094
1965-12-22,0.318,10229814
1965-12-21,0.406,10197430
1965-12-20,-0.454,10156182
1965-12-17,-0.036,10202466
1965-12-16,0.121,10206181
1965-12-15,0.165,10193830
1965-12-14,0.067,10177085
1965-12-13,0.046,10170227
1965-12-10,0.274,10165566
1965-12-09,0.318,10137835
1965-12-08,-0.106,10105711
1965-12-07,0.890,10116429
1965-12-06,-0.726,10027181
1965-12-03,0.079,10100514
1965-12-02,-0.301,10092557
1965-12-01,-0.106,10123048
1965-11-30,-0.192,10133765
1965-11-29,-0.235,10153271
1965-11-26,0.111,10177171
1965-11-24,0.187,10165919
1965-11-23,0.165,10146975
1965-11-22,-0.633,10130230
1965-11-19,0.035,10194776
1965-11-18,-0.395,10191214
1965-11-17,0.218,10231593
1965-11-16,-0.223,10209355
1965-11-15,0.099,10232157
1965-11-12,0.489,10222003
1965-11-11,0.317,10172299
1965-11-10,-0.095,10140173
1965-11-09,-0.310,10149793
1965-11-08,-0.137,10181384
1965-11-05,-0.084,10195398
1965-11-04,0.175,10203919
1965-11-03,0.100,10186074
1965-11-01,-0.191,10175920
1965-10-29,0.240,10195427
1965-10-28,-0.310,10170990
1965-10-27,0.348,10202583
1965-10-26,0.590,10167159
1965-10-25,-0.322,10107566
1965-10-22,0.057,10140257
1965-10-21,0.187,10134497
1965-10-20,-0.008,10115552
1965-10-19,0.144,10116383
1965-10-18,0.341,10101833
1965-10-15,0.221,10067506
1965-10-14,-0.150,10045266
1965-10-13,0.003,10060378
1965-10-12,-0.008,10060111
1965-10-11,0.585,10060942
1965-10-08,0.433,10002444
1965-10-07,-0.063,9959328
1965-10-06,-0.085,9965652
1965-10-05,0.623,9974172
1965-10-04,0.214,9912378
1965-10-01,-0.053,9891234
1965-09-30,-0.053,9896459
1965-09-29,-0.439,9901684
1965-09-28,-0.229,9945364
1965-09-27,0.713,9968168
1965-09-24,0.192,9897582
1965-09-23,-0.385,9878636
1965-09-22,0.470,9916822
1965-09-21,-0.286,9870407
1965-09-20,0.047,9898706
1965-09-17,0.037,9894042
1965-09-16,0.565,9890396
1965-09-15,0.557,9834849
1965-09-14,-0.380,9780393
1965-09-13,0.300,9817655
1965-09-10,0.267,9788313
1965-09-09,0.268,9762245
1965-09-08,0.347,9736178
1965-09-07,0.349,9702467
1965-09-03,0.475,9668755
1965-09-02,0.558,9623033
1965-09-01,0.010,9569666
1965-08-31,-0.036,9568711
1965-08-30,0.021,9572124
1965-08-27,0.078,9570077
1965-08-26,0.388,9562571
1965-08-25,0.125,9525583
1965-08-24,0.183,9513709
1965-08-23,-0.139,9496374
1965-08-20,-0.105,9509615
1965-08-19,-0.219,9519579
1965-08-18,-0.047,9540463
1965-08-17,0.205,9544968
1965-08-16,0.125,9525450
1965-08-13,0.460,9513575
1965-08-12,0.299,9470033
1965-08-11,0.312,9441779
1965-08-10,0.022,9412433
1965-08-09,-0.233,9410385
1965-08-06,0.335,9432361
1965-08-05,0.010,9400830
1965-08-04,0.395,9399875
1965-08-03,0.057,9362883
1965-08-02,0.209,9357560
1965-07-30,0.681,9338040
1965-07-29,0.782,9274840
1965-07-28,0.201,9202903
1965-07-27,-0.203,9184475
1965-07-26,-0.013,9203175
1965-07-23,0.272,9204402
1965-07-22,-0.251,9179421
1965-07-21,-0.556,9202490
1965-07-20,-1.248,9253952
1965-07-19,-0.060,9370936
1965-07-16,-0.025,9376533
1965-07-15,-0.164,9378853
1965-07-14,0.337,9394279
1965-07-13,-0.106,9362745
1965-07-12,-0.013,9372710
1965-07-09,0.384,9373938
1965-07-08,0.860,9338037
1965-07-07,-0.366,9258451
1965-07-06,-0.189,9292442
1965-07-02,0.815,9310052
1965-07-01,0.438,9234834
1965-06-30,2.084,9194562
1965-06-29,1.003,9006858
1965-06-28,-1.746,8917440
1965-06-25,-0.588,9075930
1965-06-24,-1.300,9129578
1965-06-23,-0.623,9249846
1965-06-22,0.198,9307865
1965-06-21,-0.330,9289435
1965-06-18,-0.461,9320150
1965-06-17,0.641,9363344
1965-06-16,0.846,9303723
1965-06-15,0.579,9225674
1965-06-14,-1.283,9172556
1965-06-11,0.469,9291787
1965-06-10,-0.350,9248424
1965-06-09,-1.017,9280938
1965-06-08,-1.075,9376323
1965-06-07,-0.251,9478212
1965-06-04,0.252,9502056
1965-06-03,-0.205,9478205
1965-06-02,-1.815,9497712
1965-06-01,0.349,9673316
1965-05-28,0.668,9639709
1965-05-27,-0.507,9575749
1965-05-26,-0.326,9624527
1965-05-25,0.587,9655959
1965-05-24,-0.729,9599587
1965-05-21,-0.469,9670045
1965-05-20,-0.533,9715571
1965-05-19,0.245,9767601
1965-05-18,-0.078,9743750
1965-05-17,-0.608,9751336
1965-05-14,-0.176,9810955
1965-05-13,0.376,9828297
1965-05-12,0.445,9791437
1965-05-11,-0.111,9748073
1965-05-10,-0.200,9758911
1965-05-07,-0.066,9778420
1965-05-06,0.244,9784922
1965-05-05,0.234,9761070
1965-05-04,0.324,9738302
1965-05-03,0.145,9706861
1965-04-30,0.213,9692765
1965-04-29,-0.067,9672164
1965-04-28,-0.034,9678666
1965-04-27,0.180,9681915
1965-04-26,0.022,9664566
1965-04-23,0.124,9662395
1965-04-22,0.554,9650467
1965-04-21,-0.169,9597343
1965-04-20,-0.045,9613601
1965-04-19,0.419,9617934
1965-04-15,-0.090,9577819
1965-04-14,0.238,9586488
1965-04-13,0.125,9563718
1965-04-12,0.445,9551789
1965-04-09,0.608,9509504
1965-04-08,0.577,9452041
1965-04-07,0.069,9397830
1965-04-06,-0.023,9391321
1965-04-05,0.012,9393485
1965-04-02,0.255,9392397
1965-04-01,0.197,9368541
1965-03-31,-0.035,9350107
1965-03-30,0.209,9353354
1965-03-29,-0.185,9333835
1965-03-26,-0.725,9351177
1965-03-25,-0.275,9419476
1965-03-24,0.196,9445493
1965-03-23,0.127,9427058
1965-03-22,0.000,9415128
1965-03-19,0.041,9415123
1965-03-18,-0.226,9411254
1965-03-17,-0.112,9432595
1965-03-16,-0.112,9443184
1965-03-15,0.047,9453773
1965-03-12,0.367,9449309
1965-03-11,0.426,9414741
1965-03-10,-0.159,9374795
1965-03-09,-0.147,9389685
1965-03-08,0.047,9403500
1965-03-05,-0.192,9399036
1965-03-04,-0.306,9417151
1965-03-03,-0.146,9446019
1965-03-02,0.184,9459834
1965-03-01,-0.191,9442468
1965-02-26,0.275,9460584
1965-02-25,0.047,9434615
1965-02-24,0.621,9430151
1965-02-23,0.509,9371925
1965-02-19,0.198,9324451
1965-02-18,0.338,9306009
1965-02-17,0.129,9274662
1965-02-16,-0.449,9262671
1965-02-15,-0.102,9304443
1965-02-12,0.746,9313957
1965-02-11,-1.046,9244976
1965-02-10,-0.877,9342662
1965-02-09,0.345,9425296
1965-02-08,-0.375,9392874
1965-02-05,-0.305,9428196
1965-02-04,-0.055,9457066
1965-02-03,0.104,9462279
1965-02-02,-0.021,9452439
1965-02-01,0.036,9454427
1965-01-29,0.104,9451038
1965-01-28,0.299,9441198
1965-01-27,0.346,9413076
1965-01-26,0.105,9380654
1965-01-25,0.151,9370812
1965-01-22,0.267,9356670
1965-01-21,-0.079,9331774
1965-01-20,-0.021,9339138
1965-01-19,0.175,9341125
1965-01-18,0.337,9324832
1965-01-15,0.443,9293483
1965-01-14,0.013,9252456
1965-01-13,0.282,9251217
1965-01-12,0.259,9225245
1965-01-11,0.049,9201424
1965-01-08,0.142,9196958
1965-01-07,0.449,9183890
1965-01-06,0.320,9142861
1965-01-05,0.488,9113662
1965-01-04,-0.599,9069407
1964-12-31,0.547,9124088
1964-12-30,0.598,9074456
1964-12-29,-0.295,9020521
1964-12-28,-0.081,9047242
1964-12-24,0.014,9054605
1964-12-23,-0.200,9053366
1964-12-22,-0.046,9071483
1964-12-21,0.120,9075620
1964-12-18,0.472,9064702
1964-12-17,0.429,9022107
1964-12-16,0.407,8983570
1964-12-15,-0.260,8947164
1964-12-14,-0.235,8970457
1964-12-11,0.263,8991619
1964-12-10,0.002,8968005
1964-12-09,-0.624,8967846
1964-12-08,-0.375,9024188
1964-12-07,-0.010,9058142
1964-12-04,0.214,9059049
1964-12-03,0.476,9039700
1964-12-02,0.299,8996897
1964-12-01,-1.010,8970086
1964-11-30,-0.850,9061609
1964-11-27,-0.312,9139275
1964-11-25,-0.323,9167900
1964-11-24,-0.299,9197592
1964-11-23,-0.309,9225151
1964-11-20,0.129,9253777
1964-11-19,-0.033,9241892
1964-11-18,0.233,9244931
1964-11-17,0.455,9223450
1964-11-16,0.527,9181712
1964-11-13,0.037,9133577
1964-11-12,0.142,9130220
1964-11-11,0.295,9117267
1964-11-10,-0.395,9090454
1964-11-09,-0.033,9126544
1964-11-06,0.095,9129583
1964-11-05,0.037,9120895
1964-11-04,-0.033,9117537
1964-11-02,0.389,9120576
1964-10-30,0.166,9085233
1964-10-29,0.061,9070148
1964-10-28,-0.350,9064657
1964-10-27,0.013,9096483
1964-10-26,-0.150,9095257
1964-10-23,0.248,9108958
1964-10-22,-0.174,9086410
1964-10-21,-0.080,9102243
1964-10-20,0.307,9109547
1964-10-19,0.131,9081666
1964-10-16,0.700,9069779
1964-10-15,-0.622,9006713
1964-10-14,-0.186,9063063
1964-10-13,-0.314,9079962
1964-10-12,0.037,9108591
1964-10-09,0.225,9105233
1964-10-08,0.296,9084815
1964-10-07,0.025,9058000
1964-10-06,0.072,9055708
1964-10-05,0.463,9049151
1964-10-02,0.346,9007408
1964-10-01,-0.105,8976327
1964-09-30,-0.058,8985764
1964-09-29,-0.034,8990935
1964-09-28,0.097,8993974
1964-09-25,0.264,8985284
1964-09-24,0.121,8961667
1964-09-23,0.038,8950844
1964-09-22,0.049,8947485
1964-09-21,0.469,8943060
1964-09-18,-0.367,8901315
1964-09-17,0.666,8934069
1964-09-16,0.297,8874939
1964-09-15,-0.253,8848662
1964-09-14,-0.265,8871134
1964-09-11,0.428,8894666
1964-09-10,0.069,8856731
1964-09-09,0.226,8850590
1964-09-08,0.142,8830671
1964-09-04,0.251,8818170
1964-09-03,0.312,8796130
1964-09-02,0.167,8768792
1964-09-01,0.435,8754172
1964-08-31,-0.185,8716235
1964-08-28,0.363,8732348
1964-08-27,0.475,8700770
1964-08-26,-0.137,8659653
1964-08-25,-0.562,8671528
1964-08-24,-0.184,8720497
1964-08-21,0.168,8736611
1964-08-20,-0.450,8721990
1964-08-19,-0.087,8761420
1964-08-18,0.058,8769056
1964-08-17,0.022,8763973
1964-08-14,-0.063,8762070
1964-08-13,0.301,8767586
1964-08-12,0.509,8741306
1964-08-11,-0.015,8697008
1964-08-10,-0.088,8698284
1964-08-07,0.647,8705920
1964-08-06,-0.901,8649962
1964-08-05,0.168,8728610
1964-08-04,-1.240,8713988
1964-08-03,-0.206,8823374
1964-07-31,0.118,8841609
1964-07-30,0.214,8831226
1964-07-29,0.094,8812365
1964-07-28,-0.267,8804103
1964-07-27,-0.445,8827638
1964-07-24,-0.014,8867072
1964-07-23,-0.038,8868349
1964-07-22,-0.014,8871745
1964-07-21,-0.229,8873023
1964-07-20,-0.311,8893378
1964-07-17,0.451,8921154
1964-07-16,0.369,8881093
1964-07-15,0.346,8848452
1964-07-14,-0.290,8817930
1964-07-13,-0.050,8843586
1964-07-10,0.178,8848043
1964-07-09,0.130,8832361
1964-07-08,0.010,8820918
1964-07-07,0.178,8820075
1964-07-06,0.469,8804392
1964-07-02,0.410,8763269
1964-07-01,0.719,8727446
1964-06-30,0.071,8665124
1964-06-29,0.231,8658980
1964-06-26,0.318,8639057
1964-06-25,0.195,8611713
1964-06-24,0.369,8594969
1964-06-23,-0.409,8563385
1964-06-22,0.282,8598581
1964-06-19,0.129,8574417
1964-06-18,-0.013,8563404
1964-06-17,0.518,8564552
1964-06-16,0.545,8520448
1964-06-15,0.473,8474238
1964-06-12,-0.151,8434343
1964-06-11,0.374,8447067
1964-06-10,0.388,8415590
1964-06-09,0.643,8383061
1964-06-08,-0.466,8329483
1964-06-05,0.454,8368517
1964-06-04,-1.014,8330725
1964-06-03,-0.251,8416066
1964-06-02,-0.498,8437210
1964-06-01,-0.310,8479402
1964-05-28,0.148,8505809
1964-05-27,-0.150,8493275
1964-05-26,-0.199,8505999
1964-05-25,-0.198,8522934
1964-05-22,-0.247,8539869
1964-05-21,0.357,8561014
1964-05-20,0.457,8530589
1964-05-19,-0.507,8491743
1964-05-18,-0.455,8534989
1964-05-15,0.307,8574026
1964-05-14,-0.124,8547810
1964-05-13,-0.222,8558431
1964-05-12,0.331,8577471
1964-05-11,-0.112,8549150
1964-05-08,-0.173,8558718
1964-05-07,0.122,8573549
1964-05-06,0.233,8563119
1964-05-05,0.519,8543218
1964-05-04,0.384,8499109
1964-05-01,0.902,8466576
1964-04-30,-0.289,8390891
1964-04-29,-0.238,8415194
1964-04-28,0.703,8435287
1964-04-27,-0.489,8376441
1964-04-24,-0.770,8417585
1964-04-23,-0.125,8482936
1964-04-22,-0.051,8493557
1964-04-21,0.061,8497863
1964-04-20,-0.051,8492696
1964-04-17,0.447,8497002
1964-04-16,0.148,8459205
1964-04-15,0.136,8446670
1964-04-14,0.287,8435187
1964-04-13,-0.089,8411074
1964-04-10,0.199,8418537
1964-04-09,-0.051,8401791
1964-04-08,0.024,8406097
1964-04-07,-0.338,8404086
1964-04-06,0.111,8432601
1964-04-03,0.312,8423224
1964-04-02,0.592,8397004
1964-04-01,0.340,8347627
1964-03-31,-0.191,8319303
1964-03-30,-0.052,8335186
1964-03-26,0.277,8339492
1964-03-25,0.253,8316429
1964-03-24,-0.166,8295472
1964-03-23,0.024,8309251
1964-03-20,-0.472,8307240
1964-03-19,-0.087,8346671
1964-03-18,0.088,8353901
1964-03-17,0.239,8346519
1964-03-16,0.013,8326613
1964-03-13,0.089,8325494
1964-03-12,0.177,8318112
1964-03-11,0.468,8303424
1964-03-10,0.343,8264730
1964-03-09,0.039,8236474
1964-03-06,0.332,8233267
1964-03-05,0.001,8206053
1964-03-04,-0.177,8205977
1964-03-03,0.332,8220514
1964-03-02,0.231,8193300
1964-02-28,0.244,8174437
1964-02-27,-0.305,8154529
1964-02-26,0.257,8179503
1964-02-25,0.014,8158551
1964-02-24,0.091,8157431
1964-02-20,0.103,8150049
1964-02-19,0.116,8141622
1964-02-18,0.027,8132151
1964-02-17,-0.012,8129987
1964-02-14,-0.038,8130955
1964-02-13,-0.050,8134009
1964-02-12,0.323,8138108
1964-02-11,0.376,8111937
1964-02-10,-0.154,8081590
1964-02-07,0.337,8094039
1964-02-06,0.247,8066823
1964-02-05,-0.154,8046914
1964-02-04,-0.103,8059363
1964-02-03,-0.077,8067637
1964-01-31,0.456,8073824
1964-01-30,0.105,8037212
1964-01-29,-0.594,8028785
1964-01-28,0.040,8076725
1964-01-27,-0.025,8073517
1964-01-24,0.040,8075528
1964-01-23,0.092,8072319
1964-01-22,0.548,8064936
1964-01-21,0.288,8021017
1964-01-20,-0.181,7997976
1964-01-17,0.027,8012512
1964-01-16,-0.103,8010348
1964-01-15,0.380,8018622
1964-01-14,0.197,7988273
1964-01-13,-0.012,7972538
1964-01-10,-0.038,7973504
1964-01-09,0.382,7976559
1964-01-08,0.423,7946209
1964-01-07,0.041,7912727
1964-01-06,0.239,7909518
1964-01-03,0.107,7890651
1964-01-02,0.560,7882222
1963-12-31,0.631,7838300
1963-12-30,0.176,7789158
1963-12-27,0.176,7775510
1963-12-26,0.488,7761861
1963-12-24,0.231,7724202
1963-12-23,-0.618,7706377
1963-12-20,-0.154,7754320
1963-12-19,-0.291,7766242
1963-12-18,-0.132,7788924
1963-12-17,0.601,7799192
1963-12-16,0.336,7752563
1963-12-13,0.216,7726622
1963-12-12,0.028,7709994
1963-12-11,-0.106,7707847
1963-12-10,0.055,7716046
1963-12-09,-0.039,7711831
1963-12-06,-0.360,7714858
1963-12-05,0.660,7742713
1963-12-04,0.257,7691944
1963-12-03,-0.039,7672210
1963-12-02,0.598,7675237
1963-11-29,1.362,7629639
1963-11-27,-0.164,7527140
1963-11-26,3.967,7539476
1963-11-22,-2.773,7251789
1963-11-21,-1.273,7458625
1963-11-20,0.927,7554762
1963-11-19,0.112,7485368
1963-11-18,-0.700,7477013
1963-11-15,-0.803,7529699
1963-11-14,-0.447,7590662
1963-11-13,0.096,7624726
1963-11-12,-0.378,7617407
1963-11-11,0.232,7646298
1963-11-08,0.423,7628633
1963-11-07,0.356,7596482
1963-11-06,-0.853,7569504
1963-11-04,-0.498,7634608
1963-11-01,-0.228,7672812
1963-10-31,0.298,7690323
1963-10-30,-0.868,7667484
1963-10-29,-0.012,7734658
1963-10-28,0.647,7735616
1963-10-25,1.007,7685876
1963-10-24,0.397,7609235
1963-10-23,0.069,7579153
1963-10-22,-0.556,7573902
1963-10-21,0.096,7616245
1963-10-18,0.096,7608925
1963-10-17,0.411,7601605
1963-10-16,0.800,7570487
1963-10-15,0.153,7510399
1963-10-14,0.056,7498940
1963-10-11,0.112,7494722
1963-10-10,0.473,7486367
1963-10-09,-0.989,7451110
1963-10-08,-0.123,7525530
1963-10-07,-0.191,7534764
1963-10-04,0.042,7549172
1963-10-03,0.747,7545991
1963-10-02,0.126,7490039
1963-10-01,0.740,7480648
1963-09-30,-0.581,7425730
1963-09-27,-0.179,7469110
1963-09-26,-0.835,7482483
1963-09-25,-0.545,7545524
1963-09-24,0.481,7586836
1963-09-23,-0.449,7550542
1963-09-20,0.113,7584611
1963-09-19,0.583,7576072
1963-09-18,-0.425,7532160
1963-09-17,0.078,7564345
1963-09-16,-0.126,7558480
1963-09-13,0.037,7568042
1963-09-12,-0.058,7565263
1963-09-11,0.296,7569682
1963-09-10,0.571,7547364
1963-09-09,-0.345,7504479
1963-09-06,-0.208,7530494
1963-09-05,0.503,7546226
1963-09-04,-0.018,7508482
1963-09-03,0.229,7509817
1963-08-30,0.479,7492640
1963-08-29,0.175,7456952
1963-08-28,0.733,7443888
1963-08-27,-0.530,7389688
1963-08-26,0.218,7429074
1963-08-23,0.316,7412924
1963-08-22,0.359,7389576
1963-08-21,-0.116,7363143
1963-08-20,-0.074,7371675
1963-08-19,-0.060,7377123
1963-08-16,0.163,7381542
1963-08-15,0.444,7369506
1963-08-14,0.404,7336902
1963-08-13,0.292,7307382
1963-08-12,0.165,7286090
1963-08-09,0.665,7274054
1963-08-08,0.095,7226021
1963-08-07,-0.288,7219127
1963-08-06,0.668,7240001
1963-08-05,0.600,7191968
1963-08-02,0.342,7149077
1963-08-01,-0.076,7124698
1963-07-31,-0.148,7130145
1963-07-30,0.838,7140734
1963-07-29,0.199,7081386
1963-07-26,0.419,7067292
1963-07-25,-0.019,7037770
1963-07-24,0.554,7039103
1963-07-23,0.025,7000324
1963-07-22,-0.647,6998571
1963-07-19,-0.194,7044129
1963-07-18,-0.627,7057804
1963-07-17,-0.293,7102335
1963-07-16,-0.076,7123210
1963-07-15,-0.621,7128657
1963-07-12,-0.162,7173189
1963-07-11,-0.176,7184808
1963-07-10,-0.204,7197455
1963-07-09,0.440,7212160
1963-07-08,-0.673,7180579
1963-07-05,0.410,7229226
1963-07-03,0.701,7199703
1963-07-02,0.881,7149609
1963-07-01,-0.725,7087171
1963-06-28,0.444,7138904
1963-06-27,-0.480,7107323
1963-06-26,-0.889,7141571
1963-06-25,-0.218,7205647
1963-06-24,-0.061,7221380
1963-06-21,0.348,7225800
1963-06-20,-0.102,7200724
1963-06-19,0.110,7208106
1963-06-18,0.110,7200176
1963-06-17,-0.413,7192246
1963-06-14,0.039,7222086
1963-06-13,-0.243,7219260
1963-06-12,0.550,7236850
1963-06-11,0.139,7197275
1963-06-10,-0.652,7187304
1963-06-07,-0.229,7234498
1963-06-06,0.081,7251067
1963-06-05,-0.228,7245179
1963-06-04,0.025,7261748
1963-06-03,-0.144,7259944
1963-05-31,0.675,7270389
1963-05-29,0.465,7221626
1963-05-28,0.210,7188175
1963-05-27,-0.202,7173099
1963-05-24,-0.103,7187627
1963-05-23,-0.046,7195009
1963-05-22,0.011,7198308
1963-05-21,0.267,7197524
1963-05-20,-0.456,7178364
1963-05-17,0.068,7211268
1963-05-16,-0.244,7206400
1963-05-15,0.323,7223992
1963-05-14,-0.371,7200748
1963-05-13,-0.046,7227528
1963-05-10,0.251,7230826
1963-05-09,0.495,7212687
1963-05-08,0.829,7177193
1963-05-07,-0.118,7118218
1963-05-06,-0.700,7126621
1963-05-03,-0.188,7176881
1963-05-02,0.296,7190389
1963-05-01,0.254,7169187
1963-04-30,0.226,7151047
1963-04-29,-0.061,7134949
1963-04-26,-0.075,7139269
1963-04-25,0.068,7144610
1963-04-24,0.283,7139742
1963-04-23,0.342,7119559
1963-04-22,0.112,7095293
1963-04-19,0.503,7087362
1963-04-18,-0.032,7051865
1963-04-17,-0.306,7054143
1963-04-16,0.083,7075819
1963-04-15,0.475,7069929
1963-04-11,0.713,7036473
1963-04-10,-0.222,6986683
1963-04-09,-0.091,7002233
1963-04-08,0.362,7008594
1963-04-05,0.644,6983306
1963-04-04,0.738,6938619
1963-04-03,0.788,6887806
1963-04-02,-0.003,6833929
1963-04-01,0.432,6834165
1963-03-29,-0.003,6804791
1963-03-28,-0.138,6805027
1963-03-27,0.433,6814450
1963-03-26,0.298,6785077
1963-03-25,0.042,6764891
1963-03-22,0.528,6762064
1963-03-21,-0.140,6726563
1963-03-20,0.745,6735987
1963-03-19,-0.202,6686192
1963-03-18,-0.474,6699700
1963-03-15,0.512,6731586
1963-03-14,-0.450,6697314
1963-03-13,0.379,6727567
1963-03-12,0.258,6702195
1963-03-11,0.290,6684915
1963-03-08,0.123,6665611
1963-03-07,0.643,6657433
1963-03-06,0.185,6614867
1963-03-05,0.047,6602643
1963-03-04,0.976,6599521
1963-03-01,-0.276,6535716
1963-02-28,-1.082,6553833
1963-02-27,-0.681,6625553
1963-02-26,0.032,6670977
1963-02-25,-0.677,6668866
1963-02-21,0.152,6714291
1963-02-20,-0.539,6704089
1963-02-19,-0.462,6740411
1963-02-18,0.181,6771677
1963-02-15,0.106,6759454
1963-02-14,0.317,6752286
1963-02-13,0.500,6730959
1963-02-12,0.122,6697494
1963-02-11,-0.600,6689315
1963-02-08,0.016,6729684
1963-02-07,-0.328,6728585
1963-02-06,0.453,6750749
1963-02-05,-0.074,6720318
1963-02-04,-0.194,6725288
1963-02-01,0.182,6738349
1963-01-31,0.546,6726124
1963-01-30,-0.555,6689624
1963-01-29,0.001,6726960
1963-01-28,0.500,6726872
1963-01-25,0.274,6693406
1963-01-24,0.214,6675112
1963-01-23,0.291,6660864
1963-01-22,0.261,6641558
1963-01-21,0.170,6624275
1963-01-18,0.093,6613060
1963-01-17,0.726,6606903
1963-01-16,-0.657,6559275
1963-01-15,-0.121,6602681
1963-01-14,0.555,6610685
1963-01-11,0.233,6574183
1963-01-10,0.202,6558922
1963-01-09,-0.215,6545684
1963-01-08,0.982,6559757
1963-01-07,0.001,6495943
1963-01-04,0.660,6495854
1963-01-03,1.659,6453282
1963-01-02,-0.632,6347994
1962-12-31,0.239,6388366
1962-12-28,0.065,6373104
1962-12-27,-0.126,6368969
1962-12-26,0.640,6376973
1962-12-24,0.001,6336422
1962-12-21,-0.278,6336333
1962-12-20,0.395,6353980
1962-12-19,0.829,6328986
1962-12-18,-0.462,6276941
1962-12-17,-0.302,6306047
1962-12-14,0.253,6325134
1962-12-13,-0.317,6309156
1962-12-12,0.508,6329246
1962-12-11,0.095,6297237
1962-12-10,-1.228,6291278
1962-12-07,0.220,6369477
1962-12-06,0.874,6355503
1962-12-05,-0.381,6300451
1962-12-04,1.137,6324548
1962-12-03,-0.495,6253465
1962-11-30,-0.224,6284576
1962-11-29,0.479,6298655
1962-11-28,0.643,6268649
1962-11-27,0.614,6228624
1962-11-26,-0.275,6190603
1962-11-23,1.208,6207687
1962-11-21,0.607,6133596
1962-11-20,1.062,6096576
1962-11-19,-0.546,6032503
1962-11-16,0.331,6065618
1962-11-15,-0.298,6045630
1962-11-14,1.186,6063716
1962-11-13,-0.201,5992628
1962-11-12,1.386,6004703
1962-11-09,0.801,5922593
1962-11-08,-0.645,5875551
1962-11-07,0.630,5913676
1962-11-05,1.050,5876654
1962-11-02,1.114,5815584
1962-11-01,1.073,5751507
1962-10-31,-0.018,5690436
1962-10-30,1.482,5691488
1962-10-29,2.171,5608373
1962-10-26,-0.256,5489185
1962-10-25,-0.921,5503262
1962-10-24,3.220,5554413
1962-10-23,-2.648,5381115
1962-10-22,-1.112,5527457
1962-10-19,-1.310,5589630
1962-10-18,-0.947,5663829
1962-10-17,-0.315,5717987
1962-10-16,-0.314,5736073
1962-10-15,0.577,5754160
1962-10-12,-0.158,5721143
1962-10-11,-0.315,5730210
1962-10-10,0.086,5748297
1962-10-09,0.244,5743337
1962-10-08,0.017,5729358
1962-10-05,0.668,5728405
1962-10-04,0.977,5690377
1962-10-03,0.124,5635314
1962-10-02,1.115,5628349
1962-10-01,-1.368,5566270
1962-09-28,0.913,5643479
1962-09-27,-0.659,5592423
1962-09-26,-1.405,5629549
1962-09-25,0.599,5709764
1962-09-24,-1.821,5675743
1962-09-21,-1.447,5781011
1962-09-20,-0.680,5865876
1962-09-19,-0.124,5906016
1962-09-18,-0.073,5913338
1962-09-17,0.331,5917676
1962-09-14,0.332,5898145
1962-09-13,-0.226,5878614
1962-09-12,0.435,5891903
1962-09-11,0.249,5866405
1962-09-10,0.130,5851846
1962-09-07,0.045,5844249
1962-09-06,0.421,5841625
1962-09-05,-0.736,5817121
1962-09-04,-0.931,5860247
1962-08-31,0.756,5915307
1962-08-30,0.045,5870912
1962-08-29,-0.209,5868288
1962-08-28,-1.259,5880582
1962-08-27,-0.039,5955535
1962-08-24,-0.189,5957885
1962-08-23,-0.123,5969185
1962-08-22,1.121,5976507
1962-08-21,-0.408,5910230
1962-08-20,0.618,5934460
1962-08-17,0.639,5898019
1962-08-16,-0.023,5860584
1962-08-15,0.712,5861939
1962-08-14,1.082,5820525
1962-08-13,0.149,5758224
1962-08-10,-0.024,5749631
1962-08-09,0.115,5750985
1962-08-08,0.272,5744382
1962-08-07,-0.662,5728827
1962-08-06,-0.623,5766983
1962-08-03,0.252,5803149
1962-08-02,0.408,5788589
1962-08-01,-0.811,5765077
1962-07-31,0.700,5812185
1962-07-30,1.109,5771764
1962-07-27,0.766,5708465
1962-07-26,0.559,5665059
1962-07-25,0.188,5633589
1962-07-24,-0.761,5623006
1962-07-23,-0.006,5666136
1962-07-20,0.701,5666495
1962-07-19,0.402,5627067
1962-07-18,-1.008,5604548
1962-07-17,-1.801,5661604
1962-07-16,0.011,5765411
1962-07-13,-0.333,5764775
1962-07-12,0.530,5784034
1962-07-11,0.936,5753557
1962-07-10,1.159,5700203
1962-07-09,0.687,5634911
1962-07-06,-1.114,5596476
1962-07-05,0.577,5659502
1962-07-03,1.138,5627035
1962-07-02,2.037,5563732
1962-06-29,0.636,5452681
1962-06-28,3.450,5418224
1962-06-27,0.547,5237540
1962-06-26,-0.235,5209050
1962-06-25,-0.424,5221344
1962-06-22,-1.685,5243586
1962-06-21,-2.160,5333471
1962-06-20,-1.357,5451209
1962-06-19,-0.347,5526175
1962-06-18,-0.257,5545434
1962-06-15,2.879,5559719
1962-06-14,-2.077,5404130
1962-06-13,-1.465,5518737
1962-06-12,-2.527,5600810
1962-06-11,-1.057,5745984
1962-06-08,0.098,5807352
1962-06-07,0.030,5801677
1962-06-06,1.427,5799945
1962-06-05,0.533,5718351
1962-06-04,-3.516,5688027
1962-06-01,-0.404,5895320
1962-05-31,2.664,5919223
1962-05-29,4.630,5765652
1962-05-28,-6.620,5510524
1962-05-25,-1.873,5901212
1962-05-24,-0.785,6013855
1962-05-23,-1.950,6061424
1962-05-22,-1.943,6181956
1962-05-21,-0.347,6304462
1962-05-18,-0.159,6326396
1962-05-17,-0.515,6336499
1962-05-16,-0.019,6369279
1962-05-15,1.889,6370508
1962-05-14,0.727,6252428
1962-05-11,-1.429,6207313
1962-05-10,-1.057,6297283
1962-05-09,-1.379,6364575
1962-05-08,-1.271,6453561
1962-05-07,-0.319,6536630
1962-05-04,-0.423,6557581
1962-05-03,0.827,6585433
1962-05-02,0.451,6531444
1962-05-01,0.714,6502105
1962-04-30,-1.582,6456004
1962-04-27,-1.104,6559782
1962-04-26,-0.961,6632994
1962-04-25,-1.081,6697332
1962-04-24,-0.091,6770545
1962-04-23,-0.076,6776706
1962-04-19,0.478,6781881
1962-04-18,0.555,6749584
1962-04-17,0.454,6712357
1962-04-16,-0.430,6682032
1962-04-13,0.291,6710872
1962-04-12,-1.010,6691394
1962-04-11,-0.207,6759679
1962-04-10,0.376,6773728
1962-04-09,-0.758,6748333
1962-04-06,-0.091,6799855
1962-04-05,0.623,6806016
1962-04-04,-0.454,6763857
1962-04-03,-0.795,6794671
1962-04-02,-0.248,6849152
1962-03-30,-0.646,6866161
1962-03-29,-0.032,6910781
1962-03-28,0.498,6912998
1962-03-27,-0.261,6878728
1962-03-26,-0.784,6896723
1962-03-23,0.082,6951206
1962-03-22,-0.145,6945534
1962-03-21,-0.202,6955641
1962-03-20,-0.258,6969691
1962-03-19,-0.116,6987687
1962-03-16,-0.162,6995821
1962-03-15,0.223,7007178
1962-03-14,0.449,6991571
1962-03-13,0.295,6960319
1962-03-12,-0.015,6939823
1962-03-09,0.339,6940839
1962-03-08,0.726,6917409
1962-03-07,-0.114,6867578
1962-03-06,-0.312,6875439
1962-03-05,-0.199,6896989
1962-03-02,-0.043,6910717
1962-03-01,0.354,6913688
1962-02-28,0.113,6889280
1962-02-27,0.199,6881495
1962-02-26,-0.553,6867843
1962-02-23,-0.212,6906018
1962-02-21,-0.465,6920723
1962-02-20,0.366,6953031
1962-02-19,-0.240,6927645
1962-02-16,-0.197,6944306
1962-02-15,0.465,6958034
1962-02-14,-0.029,6925802
1962-02-13,-0.001,6927796
1962-02-12,-0.015,6927834
1962-02-09,-0.127,6928850
1962-02-08,0.240,6937688
1962-02-07,0.668,6921102
1962-02-06,0.128,6875179
1962-02-05,0.114,6866415
1962-02-02,0.804,6858630
1962-02-01,0.621,6803905
1962-01-31,0.993,6761892
1962-01-30,0.410,6695430
1962-01-29,-0.322,6668086
1962-01-26,-0.307,6689637
1962-01-25,-0.059,6710211
1962-01-24,0.175,6714160
1962-01-23,-0.739,6702462
1962-01-22,0.101,6752374
1962-01-19,0.539,6745565
1962-01-18,0.116,6709419
1962-01-17,-1.069,6701632
1962-01-16,-0.560,6774038
1962-01-15,-0.187,6812216
1962-01-12,0.359,6824967
1962-01-11,0.607,6800556
1962-01-10,-0.260,6759518
1962-01-09,0.057,6777159
1962-01-08,-0.760,6773285
1962-01-05,-1.371,6825155
1962-01-04,-0.674,6920058
1962-01-03,0.253,6967039
1962-01-02,-0.810,6949474
1961-12-29,-0.182,7006236
1961-12-28,0.069,7018988
1961-12-27,0.900,7014136
1961-12-26,0.169,6951583
1961-12-22,0.084,6939884
1961-12-21,-0.352,6934054
1961-12-20,-0.183,6958543
1961-12-19,-0.683,6971295
1961-12-18,-0.334,7019257
1961-12-15,0.047,7042767
1961-12-14,-0.741,7039445
1961-12-13,-0.139,7091986
1961-12-12,0.355,7101823
1961-12-11,0.494,7076722
1961-12-08,0.483,7041915
1961-12-07,-0.388,7008077
1961-12-06,0.095,7035384
1961-12-05,-0.098,7028723
1961-12-04,0.330,7035649
1961-12-01,0.653,7012488
1961-11-30,-0.515,6967004
1961-11-29,-0.057,7003047
1961-11-28,-0.126,7007061
1961-11-27,0.026,7015928
1961-11-24,0.206,7014119
1961-11-22,-0.099,6999692
1961-11-21,0.095,7006618
1961-11-20,0.151,6999956
1961-11-17,0.012,6989411
1961-11-16,-0.057,6988572
1961-11-15,0.026,6992586
1961-11-14,0.557,6990777
1961-11-13,0.292,6952085
1961-11-10,0.434,6931834
1961-11-09,-0.128,6901877
1961-11-08,1.235,6910744
1961-11-06,0.786,6826431
1961-11-03,0.531,6773178
1961-11-02,0.563,6737396
1961-11-01,0.172,6699672
1961-10-31,0.304,6688155
1961-10-30,0.129,6667903
1961-10-27,-0.162,6659298
1961-10-26,0.188,6670105
1961-10-25,0.540,6657618
1961-10-24,-0.104,6621834
1961-10-23,-0.599,6628759
1961-10-20,0.056,6668687
1961-10-19,0.363,6664935
1961-10-18,0.512,6640799
1961-10-17,0.042,6606956
1961-10-16,-0.266,6604174
1961-10-13,-0.163,6621777
1961-10-12,-0.002,6632585
1961-10-11,0.101,6632716
1961-10-10,0.262,6626052
1961-10-09,-0.031,6608710
1961-10-06,0.307,6610782
1961-10-05,0.890,6590527
1961-10-04,0.686,6532415
1961-10-03,-0.047,6487893
1961-10-02,0.073,6490935
1961-09-29,0.238,6486212
1961-09-28,0.178,6470810
1961-09-27,1.061,6459291
1961-09-26,0.028,6391471
1961-09-25,-1.410,6389659
1961-09-22,-0.390,6481038
1961-09-21,0.058,6506407
1961-09-20,0.433,6502654
1961-09-19,-0.776,6474633
1961-09-18,-0.638,6525241
1961-09-15,0.181,6567114
1961-09-14,-0.692,6555233
1961-09-13,0.083,6600905
1961-09-12,1.014,6595449
1961-09-11,-0.869,6529218
1961-09-08,-0.674,6586466
1961-09-07,-0.150,6631175
1961-09-06,0.741,6641154
1961-09-05,-0.326,6592286
1961-09-01,0.185,6613841
1961-08-31,0.391,6601632
1961-08-30,0.393,6575917
1961-08-29,-0.211,6550202
1961-08-28,0.054,6564040
1961-08-25,0.127,6560513
1961-08-24,-0.561,6552163
1961-08-23,-0.660,6589155
1961-08-22,0.024,6632900
1961-08-21,0.214,6631303
1961-08-18,0.273,6617164
1961-08-17,0.568,6599165
1961-08-16,0.275,6561872
1961-08-15,-0.240,6543873
1961-08-14,-0.488,6559641
1961-08-11,0.171,6591811
1961-08-10,0.319,6580566
1961-08-09,-0.108,6559673
1961-08-08,0.231,6566758
1961-08-07,-0.005,6551654
1961-08-04,0.587,6551986
1961-08-03,0.531,6513726
1961-08-02,-0.627,6479325
1961-08-01,0.921,6520179
1961-07-31,0.085,6460693
1961-07-28,0.160,6455236
1961-07-27,1.176,6444954
1961-07-26,0.943,6370031
1961-07-25,0.564,6310544
1961-07-24,0.025,6275176
1961-07-21,0.241,6273577
1961-07-20,0.026,6258471
1961-07-19,0.459,6256872
1961-07-18,-0.575,6228258
1961-07-17,-0.739,6264288
1961-07-14,0.656,6310931
1961-07-13,-0.693,6269773
1961-07-12,-0.552,6313523
1961-07-11,-0.020,6348588
1961-07-10,-0.081,6349884
1961-07-07,-0.051,6355040
1961-07-06,0.284,6358266
1961-07-05,0.653,6340265
1961-07-03,0.891,6299107
1961-06-30,0.196,6243475
1961-06-29,-0.098,6231262
1961-06-28,0.196,6237383
1961-06-27,0.010,6225170
1961-06-26,-1.048,6224536
1961-06-23,0.411,6290479
1961-06-22,-0.358,6264758
1961-06-21,-0.005,6287281
1961-06-20,0.893,6287612
1961-06-19,-0.910,6231979
1961-06-16,-0.772,6289239
1961-06-15,-0.425,6338159
1961-06-14,0.283,6365242
1961-06-13,-0.515,6347292
1961-06-12,-0.749,6380124
1961-06-09,-0.004,6428287
1961-06-08,0.056,6428543
1961-06-07,-0.361,6424966
1961-06-06,-0.271,6448217
1961-06-05,0.532,6465719
1961-06-02,0.265,6431482
1961-06-01,0.011,6414491
1961-05-31,0.206,6413788
1961-05-26,0.644,6400630
1961-05-25,-0.364,6359685
1961-05-24,-0.616,6382936
1961-05-23,-0.242,6422476
1961-05-22,-0.610,6438063
1961-05-19,0.427,6477604
1961-05-18,-0.580,6450073
1961-05-17,0.471,6487698
1961-05-16,0.383,6457292
1961-05-15,0.580,6432636
1961-05-12,0.101,6395522
1961-05-11,-0.019,6389070
1961-05-10,-0.079,6390284
1961-05-09,0.101,6395331
1961-05-08,-0.154,6388879
1961-05-05,0.131,6398716
1961-05-04,0.402,6390348
1961-05-03,0.831,6364732
1961-05-02,0.730,6312285
1961-05-01,-0.202,6266545
1961-04-28,-0.217,6279257
1961-04-27,-0.126,6292928
1961-04-26,0.393,6300849
1961-04-25,1.405,6276190
1961-04-24,-2.066,6189245
1961-04-21,-0.065,6319822
1961-04-20,0.026,6323910
1961-04-19,-0.577,6322249
1961-04-18,-0.707,6358918
1961-04-17,0.477,6404212
1961-04-14,0.177,6373803
1961-04-13,-0.064,6362559
1961-04-12,-0.453,6366648
1961-04-11,0.146,6395652
1961-04-10,0.874,6386325
1961-04-07,0.544,6331000
1961-04-06,0.240,6296757
1961-04-05,-0.293,6281679
1961-04-04,0.103,6300142
1961-04-03,0.840,6293690
1961-03-30,0.211,6241238
1961-03-29,0.865,6228077
1961-03-28,0.058,6174667
1961-03-27,-0.097,6171088
1961-03-24,-0.159,6177093
1961-03-23,-0.251,6186931
1961-03-22,-0.050,6202519
1961-03-21,-0.174,6205649
1961-03-20,0.414,6216446
1961-03-17,0.615,6190825
1961-03-16,1.012,6152967
1961-03-15,0.312,6091306
1961-03-14,-0.422,6072379
1961-03-13,0.296,6098085
1961-03-10,-0.017,6080108
1961-03-09,0.108,6081123
1961-03-08,-0.032,6074541
1961-03-07,-0.884,6076506
1961-03-06,0.170,6130703
1961-03-03,0.170,6120322
1961-03-02,0.672,6109941
1961-03-01,-0.001,6069171
1961-02-28,0.234,6069236
1961-02-27,0.742,6055056
1961-02-24,0.411,6010486
1961-02-23,0.381,5985859
1961-02-21,0.079,5963131
1961-02-20,0.367,5958448
1961-02-17,-0.304,5936670
1961-02-16,0.625,5954780
1961-02-15,0.840,5917806
1961-02-14,0.454,5868486
1961-02-13,-0.567,5841958
1961-02-10,-0.819,5875264
1961-02-09,-0.289,5923765
1961-02-08,0.918,5940925
1961-02-07,-0.162,5886855
1961-02-06,-0.721,5896418
1961-02-03,-0.113,5939221
1961-02-02,0.658,5945934
1961-02-01,0.208,5907060
1961-01-31,-0.290,5894778
1961-01-30,1.202,5911938
1961-01-27,1.034,5841721
1961-01-26,0.163,5781951
1961-01-25,0.147,5772517
1961-01-24,0.280,5764034
1961-01-23,0.564,5747952
1961-01-20,0.332,5715724
1961-01-19,0.166,5696792
1961-01-18,0.587,5687359
1961-01-17,-0.386,5654180
1961-01-16,-0.018,5676090
1961-01-13,0.486,5677104
1961-01-12,0.319,5649623
1961-01-11,0.303,5631641
1961-01-10,0.287,5614609
1961-01-09,0.579,5598526
1961-01-06,-0.137,5566296
1961-01-05,0.375,5573958
1961-01-04,1.386,5553125
1961-01-03,-0.912,5477203
1960-12-30,0.119,5527607
1960-12-29,0.483,5521022
1960-12-28,0.468,5494490
1960-12-27,0.155,5468907
1960-12-23,0.103,5460422
1960-12-22,-0.262,5454786
1960-12-21,0.822,5469097
1960-12-20,-0.054,5424517
1960-12-19,-0.106,5427430
1960-12-16,0.925,5433193
1960-12-15,-0.266,5383413
1960-12-14,-0.056,5397751
1960-12-13,0.066,5400790
1960-12-12,0.364,5397237
1960-12-09,0.897,5377677
1960-12-08,0.244,5329868
1960-12-07,0.998,5316898
1960-12-06,0.301,5264380
1960-12-05,-0.129,5248586
1960-12-02,0.175,5255390
1960-12-01,-0.415,5246187
1960-11-30,-0.502,5268058
1960-11-29,-0.341,5294638
1960-11-28,-0.163,5312743
1960-11-25,0.601,5321432
1960-11-23,0.156,5289628
1960-11-22,-0.359,5281367
1960-11-21,0.210,5300414
1960-11-18,0.497,5289327
1960-11-17,-0.254,5263173
1960-11-16,-0.182,5276570
1960-11-15,0.407,5286201
1960-11-14,-0.485,5264756
1960-11-11,-0.447,5290395
1960-11-10,1.416,5314151
1960-11-09,0.447,5239970
1960-11-07,0.395,5216641
1960-11-04,0.873,5196137
1960-11-03,0.400,5151148
1960-11-02,0.531,5130643
1960-11-01,1.040,5103546
1960-10-31,-0.023,5051022
1960-10-28,-0.376,5052177
1960-10-27,1.085,5071224
1960-10-26,1.443,5016816
1960-10-25,-0.741,4945457
1960-10-24,-1.144,4982396
1960-10-21,-0.985,5040055
1960-10-20,-0.702,5090180
1960-10-19,-0.169,5126179
1960-10-18,-0.497,5134868
1960-10-17,-0.404,5160508
1960-10-14,0.544,5181440
1960-10-13,0.788,5153400
1960-10-12,-0.115,5113117
1960-10-11,0.162,5118981
1960-10-10,0.217,5110717
1960-10-07,0.590,5099629
1960-10-06,0.631,5069704
1960-10-05,0.768,5037897
1960-10-04,-0.678,4999496
1960-10-03,-0.284,5033612
1960-09-30,1.723,5047952
1960-09-29,0.281,4962461
1960-09-28,-0.853,4948546
1960-09-27,-0.211,4991139
1960-09-26,-1.543,5001712
1960-09-23,-0.831,5080094
1960-09-22,-0.370,5122689
1960-09-21,1.051,5141738
1960-09-20,0.293,5088267
1960-09-19,-2.254,5073411
1960-09-16,-0.194,5190410
1960-09-15,-0.383,5200514
1960-09-14,-0.683,5220496
1960-09-13,0.118,5256372
1960-09-12,-0.591,5250175
1960-09-09,0.671,5281377
1960-09-08,-0.078,5246196
1960-09-07,-1.220,5250283
1960-09-06,-0.878,5315146
1960-09-02,-0.146,5362244
1960-09-01,0.238,5370072
1960-08-31,0.221,5357330
1960-08-30,-1.028,5345523
1960-08-29,-0.265,5401037
1960-08-26,-0.316,5415410
1960-08-25,-0.469,5432589
1960-08-24,0.562,5458183
1960-08-23,0.985,5427676
1960-08-22,0.325,5374728
1960-08-19,0.361,5357311
1960-08-18,-0.042,5338023
1960-08-17,0.222,5340241
1960-08-16,0.204,5328433
1960-08-15,-0.077,5317561
1960-08-12,0.683,5321649
1960-08-11,0.384,5285530
1960-08-10,0.421,5265307
1960-08-09,0.585,5243213
1960-08-08,0.155,5212704
1960-08-05,1.010,5204636
1960-08-04,0.321,5152619
1960-08-03,-0.568,5136135
1960-08-02,-0.868,5165470
1960-08-01,0.047,5210702
1960-07-29,1.728,5208244
1960-07-28,0.748,5119758
1960-07-27,-0.610,5081767
1960-07-26,0.619,5112972
1960-07-25,-0.973,5081526
1960-07-22,-0.676,5131433
1960-07-21,-0.903,5166380
1960-07-20,-0.150,5213483
1960-07-19,0.011,5221311
1960-07-18,-0.612,5220724
1960-07-15,-0.113,5252865
1960-07-14,0.047,5258823
1960-07-13,-0.255,5256366
1960-07-12,-1.077,5269806
1960-07-11,-0.876,5327197
1960-07-08,0.255,5374302
1960-07-07,0.537,5360623
1960-07-06,-0.129,5331982
1960-07-05,-0.059,5338876
1960-07-01,0.257,5342029
1960-06-30,-0.024,5328350
1960-06-29,0.011,5329633
1960-06-28,-0.669,5329046
1960-06-27,-0.596,5364930
1960-06-24,0.167,5397074
1960-06-23,0.552,5388071
1960-06-22,0.309,5358493
1960-06-21,-0.076,5342008
1960-06-20,-0.477,5346097
1960-06-17,-0.098,5371695
1960-06-16,-0.108,5376979
1960-06-15,-0.570,5382801
1960-06-14,-0.125,5413670
1960-06-13,0.047,5420419
1960-06-10,-0.039,5417892
1960-06-09,0.201,5420003
1960-06-08,0.808,5409127
1960-06-07,0.955,5365781
1960-06-06,1.178,5315014
1960-06-03,0.190,5253113
1960-06-02,0.439,5243164
1960-06-01,0.120,5220227
1960-05-31,0.173,5213988
1960-05-27,0.066,5204966
1960-05-26,0.084,5201511
1960-05-25,-0.041,5197127
1960-05-24,-0.094,5199238
1960-05-23,-0.112,5204131
1960-05-20,0.281,5209953
1960-05-19,0.443,5195364
1960-05-18,-0.023,5172426
1960-05-17,0.391,5173609
1960-05-16,-0.077,5153453
1960-05-13,0.829,5157420
1960-05-12,0.524,5114998
1960-05-11,0.288,5088348
1960-05-10,-0.677,5073759
1960-05-09,0.104,5108341
1960-05-06,-0.186,5103029
1960-05-05,-0.312,5112562
1960-05-04,0.395,5128589
1960-05-03,1.301,5108432
1960-05-02,-0.426,5042815
1960-04-29,-0.334,5064409
1960-04-28,-0.856,5081364
1960-04-27,0.013,5125224
1960-04-26,0.340,5124551
1960-04-25,-0.994,5107178
1960-04-22,-0.292,5158462
1960-04-21,0.283,5173562
1960-04-20,-1.213,5158972
1960-04-19,-0.798,5222319
1960-04-18,0.296,5264325
1960-04-14,0.243,5248808
1960-04-13,0.013,5236073
1960-04-12,0.244,5235401
1960-04-11,-0.377,5222667
1960-04-08,-0.217,5242406
1960-04-07,0.030,5253796
1960-04-06,1.157,5252195
1960-04-05,0.606,5192141
1960-04-04,0.211,5160849
1960-04-01,0.176,5149970
1960-03-31,-0.561,5140946
1960-03-30,-0.202,5169965
1960-03-29,-0.130,5180427
1960-03-28,-0.201,5187177
1960-03-25,0.013,5197639
1960-03-24,0.443,5196966
1960-03-23,0.827,5174024
1960-03-22,0.413,5131597
1960-03-21,0.122,5110511
1960-03-18,0.102,5104271
1960-03-17,-0.127,5099057
1960-03-16,0.560,5105528
1960-03-15,0.783,5077119
1960-03-14,0.163,5037694
1960-03-11,0.772,5029479
1960-03-10,-0.367,4990972
1960-03-09,1.073,5009375
1960-03-08,-0.991,4956181
1960-03-07,-0.981,5005793
1960-03-04,-0.363,5055406
1960-03-03,-1.480,5073809
1960-03-02,-0.674,5150042
1960-03-01,-0.178,5184969
1960-02-29,-0.054,5194194
1960-02-26,0.425,5196994
1960-02-25,0.355,5175009
1960-02-24,-0.338,5156696
1960-02-23,-0.513,5174183
1960-02-19,0.800,5200849
1960-02-18,1.406,5159587
1960-02-17,0.562,5088033
1960-02-16,-0.775,5059621
1960-02-15,-0.502,5099138
1960-02-12,0.521,5124887
1960-02-11,-0.538,5098311
1960-02-10,-0.606,5125896
1960-02-09,0.951,5157153
1960-02-08,-1.155,5108545
1960-02-05,-0.496,5168259
1960-02-04,-0.072,5194009
1960-02-03,-0.859,5197726
1960-02-02,1.546,5242754
1960-02-01,0.643,5162934
1960-01-29,-0.905,5129932
1960-01-28,-1.019,5176796
1960-01-27,-0.229,5230086
1960-01-26,0.157,5242066
1960-01-25,-1.025,5233850
1960-01-22,0.313,5288059
1960-01-21,0.261,5271581
1960-01-20,-0.332,5257857
1960-01-19,-1.051,5275345
1960-01-18,-0.821,5331391
1960-01-15,-0.018,5375503
1960-01-14,0.566,5376468
1960-01-13,-0.547,5346219
1960-01-12,-0.595,5375643
1960-01-11,-1.208,5407821
1960-01-08,-0.302,5473967
1960-01-07,-0.715,5490539
1960-01-06,-0.414,5530063
1960-01-05,0.816,5553061
1960-01-04,0.049,5508123
1959-12-31,0.216,5505416
1959-12-30,0.808,5493528
1959-12-29,0.558,5449508
1959-12-28,-0.018,5419258
1959-12-24,0.084,5420223
1959-12-23,-0.288,5415679
1959-12-22,-0.153,5431333
1959-12-21,0.185,5439642
1959-12-18,0.482,5429590
1959-12-17,-0.172,5403525
1959-12-16,0.131,5412837
1959-12-15,-0.222,5405761
1959-12-14,0.283,5417804
1959-12-11,-0.222,5402534
1959-12-10,0.097,5414577
1959-12-09,-0.606,5409322
1959-12-08,0.653,5442306
1959-12-07,0.199,5407006
1959-12-04,0.216,5396288
1959-12-03,0.233,5384660
1959-12-02,-0.156,5372121
1959-12-01,0.729,5380523
1959-11-30,1.012,5341581
1959-11-27,0.463,5288070
1959-11-25,0.169,5263695
1959-11-24,0.484,5254797
1959-11-23,0.205,5229511
1959-11-20,0.066,5218792
1959-11-19,-0.074,5215357
1959-11-18,1.089,5219205
1959-11-17,0.297,5162962
1959-11-16,-1.089,5147690
1959-11-13,-0.543,5204347
1959-11-12,-0.540,5232779
1959-11-11,0.031,5261212
1959-11-10,-0.021,5259598
1959-11-09,-0.159,5260715
1959-11-06,0.500,5269117
1959-11-05,0.118,5242918
1959-11-04,-0.247,5236751
1959-11-02,-0.177,5249706
1959-10-30,0.204,5259018
1959-10-29,-0.073,5248299
1959-10-28,0.083,5252148
1959-10-27,0.853,5247802
1959-10-26,0.683,5203393
1959-10-23,1.010,5168089
1959-10-22,-0.956,5116394
1959-10-21,-0.180,5165770
1959-10-20,-0.599,5175083
1959-10-19,-0.543,5206248
1959-10-16,0.820,5234682
1959-10-15,0.295,5192093
1959-10-14,-0.772,5176820
1959-10-13,-0.265,5217091
1959-10-12,0.574,5230956
1959-10-09,0.347,5201114
1959-10-08,-0.214,5183110
1959-10-07,-0.249,5194243
1959-10-06,-0.074,5207198
1959-10-05,-0.091,5211047
1959-10-02,0.470,5215807
1959-10-01,0.119,5191428
1959-09-30,-1.081,5185260
1959-09-29,0.643,5241924
1959-09-28,0.753,5208439
1959-09-25,-0.074,5169489
1959-09-24,1.733,5173338
1959-09-23,1.247,5085215
1959-09-22,-0.221,5022589
1959-09-21,-1.448,5033723
1959-09-18,-0.563,5107690
1959-09-17,-0.532,5136588
1959-09-16,0.081,5164048
1959-09-15,-0.529,5159864
1959-09-14,-0.716,5187325
1959-09-11,0.743,5224732
1959-09-10,-0.509,5186190
1959-09-09,-0.695,5212747
1959-09-08,-1.416,5249250
1959-09-04,0.488,5324632
1959-09-03,-1.103,5298749
1959-09-02,0.095,5357857
1959-09-01,-1.208,5352769
1959-08-31,0.194,5418207
1959-08-28,-0.240,5407694
1959-08-27,0.971,5420690
1959-08-26,0.146,5368585
1959-08-25,0.213,5360784
1959-08-24,-0.343,5349367
1959-08-21,-0.090,5367788
1959-08-20,1.497,5372646
1959-08-19,-0.584,5293414
1959-08-18,-0.915,5324494
1959-08-17,-0.191,5373659
1959-08-14,0.246,5383943
1959-08-13,-0.158,5370717
1959-08-12,-0.224,5379192
1959-08-11,1.319,5391284
1959-08-10,-2.070,5321093
1959-08-07,-0.602,5433554
1959-08-06,-0.089,5466444
1959-08-05,-0.499,5471303
1959-08-04,-0.154,5498768
1959-08-03,0.340,5507244
1959-07-31,0.027,5488593
1959-07-30,-0.187,5487122
1959-07-29,0.506,5497407
1959-07-28,0.509,5469712
1959-07-27,0.629,5442018
1959-07-24,-0.023,5407994
1959-07-23,0.111,5409236
1959-07-22,0.346,5403244
1959-07-21,0.858,5384592
1959-07-20,-0.461,5338811
1959-07-17,-0.359,5363564
1959-07-16,-0.291,5382891
1959-07-15,0.078,5398601
1959-07-14,0.246,5394418
1959-07-13,-0.823,5381191
1959-07-10,-0.089,5425839
1959-07-09,-0.089,5430698
1959-07-08,0.044,5435557
1959-07-07,0.613,5433182
1959-07-06,0.634,5400060
1959-07-02,0.536,5366033
1959-07-01,0.865,5337432
1959-06-30,0.182,5291649
1959-06-29,0.683,5282039
1959-06-26,0.444,5246203
1959-06-25,0.568,5223027
1959-06-24,0.519,5193521
1959-06-23,-0.007,5166728
1959-06-22,0.011,5167064
1959-06-19,0.146,5166497
1959-06-18,-0.057,5158956
1959-06-17,0.942,5161920
1959-06-16,-0.737,5113744
1959-06-15,-0.508,5151698
1959-06-12,0.081,5177988
1959-06-11,0.116,5173775
1959-06-10,1.475,5167767
1959-06-09,-0.688,5092674
1959-06-08,-1.283,5127937
1959-06-05,-0.195,5194602
1959-06-04,-1.046,5204743
1959-06-03,0.046,5259745
1959-06-02,-0.666,5257326
1959-06-01,-0.073,5292590
1959-05-29,0.506,5296451
1959-05-28,0.354,5269807
1959-05-27,0.183,5251238
1959-05-26,-0.142,5241641
1959-05-25,-0.244,5249091
1959-05-22,0.337,5261925
1959-05-21,0.098,5244253
1959-05-20,-0.381,5239142
1959-05-19,0.303,5259154
1959-05-18,-0.005,5243276
1959-05-15,-0.346,5243548
1959-05-14,0.699,5261765
1959-05-13,0.565,5225250
1959-05-12,0.168,5195913
1959-05-11,0.429,5187213
1959-05-08,0.783,5165053
1959-05-07,-1.250,5124948
1959-05-06,-0.229,5189824
1959-05-05,0.185,5201761
1959-05-04,0.012,5192163
1959-05-01,0.116,5191538
1959-04-30,-0.161,5185529
1959-04-29,-0.384,5193877
1959-04-28,-0.365,5213890
1959-04-27,0.322,5233006
1959-04-24,0.635,5216230
1959-04-23,-0.213,5183302
1959-04-22,-0.640,5194342
1959-04-21,-0.091,5227815
1959-04-20,0.443,5232574
1959-04-17,0.863,5209516
1959-04-16,0.836,5164922
1959-04-15,0.452,5122122
1959-04-14,0.508,5099064
1959-04-13,0.385,5073313
1959-04-10,0.101,5053844
1959-04-09,-0.059,5048731
1959-04-08,-0.465,5051695
1959-04-07,-0.199,5075298
1959-04-06,0.296,5085440
1959-04-03,0.797,5070457
1959-04-02,0.569,5030348
1959-04-01,0.463,5001904
1959-03-31,-0.005,4978844
1959-03-30,-0.543,4979115
1959-03-26,-0.202,5006308
1959-03-25,-0.130,5016451
1959-03-24,0.174,5023004
1959-03-23,-0.910,5014302
1959-03-20,0.096,5060340
1959-03-19,-0.074,5055501
1959-03-18,-0.214,5059254
1959-03-17,0.828,5070123
1959-03-16,-1.054,5028500
1959-03-13,0.136,5082076
1959-03-12,0.454,5075152
1959-03-11,0.084,5052212
1959-03-10,0.297,5047957
1959-03-09,-0.092,5033024
1959-03-06,-0.373,5037666
1959-03-05,0.155,5056544
1959-03-04,0.190,5048729
1959-03-03,0.941,5039135
1959-03-02,0.588,4992172
1959-02-27,0.140,4963003
1959-02-26,0.194,4956078
1959-02-25,-0.416,4946483
1959-02-24,-0.058,4967140
1959-02-20,0.918,4970003
1959-02-19,0.963,4924818
1959-02-18,0.399,4877852
1959-02-17,-0.369,4858470
1959-02-16,0.161,4876458
1959-02-13,0.788,4868643
1959-02-12,-0.626,4830574
1959-02-11,0.069,4861019
1959-02-10,1.389,4857653
1959-02-09,-1.432,4791111
1959-02-06,-0.785,4860707
1959-02-05,-0.438,4899161
1959-02-04,-0.382,4920709
1959-02-03,0.140,4939587
1959-02-02,-0.363,4932662
1959-01-30,0.411,4950650
1959-01-29,0.086,4930377
1959-01-28,-1.094,4926121
1959-01-27,0.032,4980593
1959-01-26,-0.395,4979006
1959-01-23,0.067,4998775
1959-01-22,-0.111,4995409
1959-01-21,0.587,5000941
1959-01-20,0.086,4971769
1959-01-19,-0.218,4967513
1959-01-16,-0.022,4978384
1959-01-15,0.391,4979466
1959-01-14,0.284,4960083
1959-01-13,-0.541,4946037
1959-01-12,0.032,4972926
1959-01-09,0.681,4971339
1959-01-08,0.942,4937717
1959-01-07,-1.244,4891637
1959-01-06,-0.112,4953231
1959-01-05,0.411,4958763
1959-01-02,0.430,4938488
1958-12-31,0.524,4917324
1958-12-30,0.361,4891709
1958-12-29,1.178,4874104
1958-12-24,1.306,4817344
1958-12-23,-0.525,4755243
1958-12-22,-0.651,4780353
1958-12-19,-0.141,4811691
1958-12-18,0.437,4818462
1958-12-17,0.662,4797518
1958-12-16,0.385,4765989
1958-12-15,0.293,4747691
1958-12-12,-0.228,4733805
1958-12-11,-0.190,4744618
1958-12-10,1.216,4753667
1958-12-09,0.581,4696554
1958-12-08,0.128,4669435
1958-12-05,-0.156,4663487
1958-12-04,0.052,4670772
1958-12-03,0.147,4668353
1958-12-02,-0.419,4661523
1958-12-01,0.411,4681159
1958-11-28,1.124,4661978
1958-11-26,1.727,4610156
1958-11-25,-0.586,4531868
1958-11-24,-2.569,4558561
1958-11-21,-0.939,4678768
1958-11-20,0.033,4723105
1958-11-19,0.145,4721569
1958-11-18,-0.192,4714739
1958-11-17,0.295,4723788
1958-11-14,0.503,4709900
1958-11-13,-0.399,4686308
1958-11-12,0.145,4705062
1958-11-11,0.790,4698232
1958-11-10,0.604,4661405
1958-11-07,-0.346,4633401
1958-11-06,0.818,4649509
1958-11-05,0.922,4611800
1958-11-03,0.460,4569679
1958-10-31,0.131,4548732
1958-10-30,0.170,4542783
1958-10-29,1.156,4535070
1958-10-28,0.390,4483243
1958-10-27,-0.750,4465825
1958-10-24,-0.298,4499578
1958-10-23,-0.181,4513039
1958-10-22,-0.374,4521206
1958-10-21,0.014,4538196
1958-10-20,-0.354,4537541
1958-10-17,1.032,4553649
1958-10-16,0.724,4507115
1958-10-15,-1.309,4474697
1958-10-14,-0.681,4534037
1958-10-13,0.461,4565144
1958-10-10,0.679,4544196
1958-10-09,-0.005,4513542
1958-10-08,0.191,4513769
1958-10-07,0.586,4505173
1958-10-06,0.629,4478930
1958-10-03,0.413,4450923
1958-10-02,0.395,4432621
1958-10-01,-0.145,4415201
1958-09-30,0.396,4421604
1958-09-29,0.438,4404184
1958-09-26,0.196,4384999
1958-09-25,-0.407,4376402
1958-09-24,0.459,4394275
1958-09-23,0.747,4374208
1958-09-22,-0.390,4341787
1958-09-19,0.658,4358778
1958-09-18,-0.491,4330296
1958-09-17,-0.028,4351659
1958-09-16,0.803,4352886
1958-09-15,0.892,4318219
1958-09-12,-0.212,4280049
1958-09-11,0.691,4289155
1958-09-10,-0.295,4259740
1958-09-09,0.693,4272348
1958-09-08,0.344,4242932
1958-09-05,-0.256,4228400
1958-09-04,-0.153,4239257
1958-09-03,0.385,4245737
1958-09-02,0.533,4229454
1958-08-29,0.200,4207041
1958-08-28,-0.506,4198637
1958-08-27,0.033,4220001
1958-08-26,0.346,4218601
1958-08-25,0.033,4204068
1958-08-22,0.221,4202668
1958-08-21,0.664,4193388
1958-08-20,0.055,4165723
1958-08-19,0.181,4163447
1958-08-18,-0.574,4155918
1958-08-15,-0.839,4179909
1958-08-14,0.221,4215282
1958-08-13,0.179,4206002
1958-08-12,-0.917,4198473
1958-08-11,0.282,4237349
1958-08-08,0.596,4225443
1958-08-07,0.663,4200402
1958-08-06,-0.592,4172735
1958-08-05,-0.382,4197602
1958-08-04,0.957,4213714
1958-08-01,0.646,4173788
1958-07-31,0.224,4146996
1958-07-30,0.289,4137716
1958-07-29,-0.389,4125808
1958-07-28,0.395,4141920
1958-07-25,0.697,4125635
1958-07-24,0.550,4097091
1958-07-23,-0.009,4074676
1958-07-22,0.185,4075027
1958-07-21,1.233,4067497
1958-07-18,0.495,4017938
1958-07-17,0.675,3998149
1958-07-16,0.323,3971355
1958-07-15,-0.053,3958571
1958-07-14,-1.253,3960673
1958-07-11,0.673,4010934
1958-07-10,0.388,3984140
1958-07-09,-0.317,3968729
1958-07-08,-0.468,3981338
1958-07-07,0.343,4000077
1958-07-03,0.344,3986417
1958-07-02,0.101,3972757
1958-07-01,0.102,3968729
1958-06-30,0.770,3964701
1958-06-27,0.147,3934403
1958-06-26,0.484,3928623
1958-06-25,0.260,3909709
1958-06-24,-0.367,3899551
1958-06-23,-0.343,3913912
1958-06-20,0.547,3927397
1958-06-19,-1.580,3906028
1958-06-18,0.897,3968743
1958-06-17,-0.511,3933465
1958-06-16,0.367,3953687
1958-06-13,0.613,3939222
1958-06-12,0.594,3915217
1958-06-11,0.037,3892079
1958-06-10,-0.185,3890622
1958-06-09,-0.140,3897836
1958-06-06,0.216,3903317
1958-06-05,0.127,3894921
1958-06-04,0.104,3889995
1958-06-03,0.351,3885936
1958-06-02,0.511,3872337
1958-05-29,0.559,3852667
1958-05-28,0.151,3831263
1958-05-27,-0.120,3825469
1958-05-26,-0.030,3830082
1958-05-23,0.220,3831225
1958-05-22,0.540,3822830
1958-05-21,-0.121,3802292
1958-05-20,0.866,3806905
1958-05-19,-0.259,3774225
1958-05-16,0.061,3784042
1958-05-15,0.523,3781716
1958-05-14,-1.124,3762046
1958-05-13,-0.280,3804818
1958-05-12,-0.550,3815502
1958-05-09,0.038,3836593
1958-05-08,0.151,3835136
1958-05-07,-0.165,3829341
1958-05-06,0.515,3835689
1958-05-05,0.243,3816018
1958-05-02,0.359,3806754
1958-05-01,0.245,3793154
1958-04-30,1.035,3783890
1958-04-29,-0.491,3745138
1958-04-28,-0.306,3763627
1958-04-25,0.524,3775179
1958-04-24,0.807,3755507
1958-04-23,0.016,3725427
1958-04-22,-0.286,3724836
1958-04-21,0.529,3735520
1958-04-18,1.102,3715848
1958-04-17,0.371,3675360
1958-04-16,-0.760,3661758
1958-04-15,1.037,3689789
1958-04-14,0.638,3651902
1958-04-11,0.112,3628760
1958-04-10,0.136,3624699
1958-04-09,0.064,3619771
1958-04-08,0.741,3617445
1958-04-07,-0.345,3590833
1958-04-03,-0.272,3603252
1958-04-02,-0.770,3613069
1958-04-01,-0.387,3641100
1958-03-31,-0.221,3655254
1958-03-28,0.087,3663337
1958-03-27,-0.291,3660143
1958-03-26,-0.314,3670828
1958-03-25,-0.313,3682380
1958-03-24,0.393,3693932
1958-03-21,0.748,3679463
1958-03-20,0.064,3652147
1958-03-19,0.490,3649805
1958-03-18,-0.336,3632021
1958-03-17,-0.661,3644263
1958-03-14,-0.286,3668515
1958-03-13,0.134,3679041
1958-03-12,-0.216,3674125
1958-03-11,0.721,3682078
1958-03-10,0.347,3655715
1958-03-07,0.182,3643078
1958-03-06,1.284,3636447
1958-03-05,0.305,3590351
1958-03-04,0.548,3579430
1958-03-03,0.722,3559929
1958-02-28,0.408,3534423
1958-02-27,-0.564,3520070
1958-02-26,0.775,3540033
1958-02-25,-0.080,3512811
1958-02-24,-0.541,3515616
1958-02-21,-0.055,3534721
1958-02-20,-0.561,3536668
1958-02-19,-0.031,3556632
1958-02-18,0.163,3557721
1958-02-17,-0.511,3551947
1958-02-14,0.964,3570195
1958-02-13,0.042,3536108
1958-02-12,-0.417,3534624
1958-02-11,-0.869,3549440
1958-02-10,-0.578,3580558
1958-02-07,-0.857,3601381
1958-02-06,-0.195,3632499
1958-02-05,-0.615,3639594
1958-02-04,1.011,3662133
1958-02-03,0.829,3625472
1958-01-31,0.065,3595674
1958-01-30,-0.458,3593331
1958-01-29,0.615,3609864
1958-01-28,0.113,3587788
1958-01-27,-0.269,3583730
1958-01-24,0.860,3593399
1958-01-23,0.405,3562742
1958-01-22,-0.224,3548388
1958-01-21,-0.103,3556341
1958-01-20,0.624,3560004
1958-01-17,0.115,3537927
1958-01-16,0.188,3533868
1958-01-15,0.803,3527236
1958-01-14,0.461,3499152
1958-01-13,0.315,3483081
1958-01-10,-0.913,3472158
1958-01-09,-0.567,3504136
1958-01-08,-0.007,3524102
1958-01-07,0.803,3524333
1958-01-06,-0.446,3496249
1958-01-03,1.355,3511925
1958-01-02,0.868,3464964
1957-12-31,1.053,3435163
1957-12-30,-0.484,3399356
1957-12-27,-0.332,3415889
1957-12-26,1.030,3427275
1957-12-24,0.120,3392325
1957-12-23,0.019,3388265
1957-12-20,-0.792,3387638
1957-12-19,1.073,3414668
1957-12-18,-0.082,3378432
1957-12-17,-1.709,3381219
1957-12-16,-1.465,3439995
1957-12-13,0.457,3491137
1957-12-12,0.115,3475261
1957-12-11,-0.105,3471261
1957-12-10,-0.854,3474897
1957-12-09,-0.918,3504831
1957-12-06,-0.484,3537310
1957-12-05,-0.031,3554520
1957-12-04,0.424,3555611
1957-12-03,0.041,3540583
1957-12-02,-0.839,3539128
1957-11-29,1.147,3569064
1957-11-27,2.887,3528585
1957-11-26,-2.609,3429569
1957-11-25,0.770,3521435
1957-11-22,0.974,3494529
1957-11-21,1.410,3460836
1957-11-20,0.292,3412721
1957-11-19,-0.553,3402782
1957-11-18,-0.794,3421689
1957-11-15,2.360,3449080
1957-11-14,-0.258,3369573
1957-11-13,-0.107,3378299
1957-11-12,-1.417,3381934
1957-11-11,-0.007,3430535
1957-11-08,-1.156,3430777
1957-11-07,0.608,3470894
1957-11-06,0.165,3449926
1957-11-04,-0.155,3444229
1957-11-01,-1.485,3449562
1957-10-31,0.114,3501558
1957-10-30,0.825,3497558
1957-10-29,0.682,3468954
1957-10-28,-0.399,3445440
1957-10-25,-0.276,3459257
1957-10-24,-0.031,3468832
1957-10-23,4.489,3469922
1957-10-22,-0.414,3320839
1957-10-21,-2.898,3334656
1957-10-18,-0.767,3434166
1957-10-17,-1.623,3460710
1957-10-16,-0.796,3517799
1957-10-15,1.057,3546040
1957-10-14,0.748,3508950
1957-10-11,-0.031,3482890
1957-10-10,-2.430,3483981
1957-10-09,0.112,3570767
1957-10-08,-0.621,3566767
1957-10-07,-1.313,3589071
1957-10-04,-0.794,3636828
1957-10-03,0.109,3665919
1957-10-02,0.811,3661920
1957-10-01,0.817,3632466
1957-09-30,-0.288,3603011
1957-09-27,-0.030,3613436
1957-09-26,0.276,3614527
1957-09-25,-1.193,3604588
1957-09-24,0.696,3648104
1957-09-23,-2.273,3622892
1957-09-20,-1.592,3707137
1957-09-19,-0.630,3767116
1957-09-18,0.124,3791006
1957-09-17,0.147,3786295
1957-09-16,-0.474,3780743
1957-09-13,-0.031,3798745
1957-09-12,1.269,3799923
1957-09-11,0.896,3752309
1957-09-10,-0.906,3718997
1957-09-09,-0.875,3752982
1957-09-06,-0.297,3786127
1957-09-05,-0.494,3797399
1957-09-04,-0.839,3816243
1957-09-03,0.496,3848547
1957-08-30,1.711,3829535
1957-08-29,-0.387,3765095
1957-08-28,0.080,3779733
1957-08-27,1.644,3776704
1957-08-26,-1.371,3715629
1957-08-23,-1.418,3767282
1957-08-22,-0.708,3821460
1957-08-21,0.452,3848717
1957-08-20,0.855,3831387
1957-08-19,-1.984,3798914
1957-08-16,0.187,3875807
1957-08-15,0.057,3868572
1957-08-14,-1.212,3866385
1957-08-13,-0.052,3913834
1957-08-12,-1.239,3915853
1957-08-09,0.055,3964985
1957-08-08,-0.263,3962799
1957-08-07,0.781,3973232
1957-08-06,-1.231,3942441
1957-08-05,-0.865,3991573
1957-08-02,-0.217,4026404
1957-08-01,-0.237,4035155
1957-07-31,-0.008,4044747
1957-07-30,0.012,4045084
1957-07-29,-1.078,4044580
1957-07-26,-0.316,4088667
1957-07-25,0.012,4101624
1957-07-24,0.115,4101120
1957-07-23,0.198,4096410
1957-07-22,-0.214,4088334
1957-07-19,0.115,4097085
1957-07-18,-0.090,4092375
1957-07-17,-0.600,4096078
1957-07-16,-0.496,4120815
1957-07-15,0.114,4141345
1957-07-12,0.462,4136635
1957-07-11,-0.375,4117621
1957-07-10,0.689,4133103
1957-07-09,-0.355,4104835
1957-07-08,0.443,4119476
1957-07-05,0.486,4101303
1957-07-03,1.181,4081448
1957-07-02,1.003,4033827
1957-07-01,0.139,3993778
1957-06-28,0.245,3988226
1957-06-27,0.374,3978466
1957-06-26,-0.115,3963659
1957-06-25,0.804,3968203
1957-06-24,-0.772,3936567
1957-06-21,-0.581,3967194
1957-06-20,-0.588,3990372
1957-06-19,-0.646,4013957
1957-06-18,-0.397,4040042
1957-06-17,0.199,4056130
1957-06-14,0.035,4048060
1957-06-13,0.200,4046655
1957-06-12,0.242,4038585
1957-06-11,1.144,4028850
1957-06-10,-0.506,3983293
1957-06-07,0.118,4003547
1957-06-06,0.707,3998809
1957-06-05,-0.007,3970745
1957-06-04,-0.174,3971006
1957-06-03,-0.111,3977931
1957-05-31,0.688,3982356
1957-05-29,0.907,3955126
1957-05-28,-0.176,3919564
1957-05-27,-0.890,3926489
1957-05-24,0.141,3961738
1957-05-23,0.036,3956167
1957-05-22,-0.384,3954762
1957-05-21,0.141,3970018
1957-05-20,0.267,3964447
1957-05-17,0.289,3953877
1957-05-16,0.418,3942474
1957-05-15,0.355,3926072
1957-05-14,-0.431,3912170
1957-05-13,0.633,3929092
1957-05-10,0.508,3904359
1957-05-09,0.122,3884625
1957-05-08,0.403,3879886
1957-05-07,-0.286,3864317
1957-05-06,-0.136,3875407
1957-05-03,-0.092,3880666
1957-05-02,0.815,3884259
1957-05-01,0.624,3852860
1957-04-30,0.037,3828959
1957-04-29,0.518,3827553
1957-04-26,-0.116,3807817
1957-04-25,-0.334,3812243
1957-04-24,0.168,3825000
1957-04-23,0.387,3818595
1957-04-22,0.169,3803858
1957-04-18,0.745,3797453
1957-04-17,0.148,3769385
1957-04-16,0.170,3763813
1957-04-15,-0.184,3757407
1957-04-12,0.237,3764332
1957-04-11,-0.073,3755427
1957-04-10,0.438,3758186
1957-04-09,0.914,3741782
1957-04-08,-0.209,3707882
1957-04-05,0.128,3715640
1957-04-04,-0.209,3710900
1957-04-03,0.285,3718659
1957-04-02,0.649,3708087
1957-04-01,0.083,3684183
1957-03-29,-0.143,3681110
1957-03-28,0.219,3686368
1957-03-27,0.425,3678296
1957-03-26,0.084,3662724
1957-03-25,-0.393,3659651
1957-03-22,-0.098,3674074
1957-03-21,0.038,3677667
1957-03-20,0.152,3676259
1957-03-19,0.449,3670686
1957-03-18,-0.438,3654281
1957-03-15,-0.034,3670372
1957-03-14,0.087,3671612
1957-03-13,0.675,3668430
1957-03-12,-0.048,3643821
1957-03-11,-0.632,3645584
1957-03-08,-0.294,3668774
1957-03-07,-0.249,3679603
1957-03-06,0.266,3688783
1957-03-05,0.379,3679009
1957-03-04,0.744,3665113
1957-03-01,1.119,3638031
1957-02-28,-0.323,3597763
1957-02-27,-0.072,3609416
1957-02-26,0.180,3612003
1957-02-25,-0.208,3605524
1957-02-21,-0.321,3613056
1957-02-20,0.339,3624709
1957-02-19,0.088,3612462
1957-02-18,-0.094,3609280
1957-02-15,1.221,3612691
1957-02-14,-0.095,3569125
1957-02-13,1.543,3572536
1957-02-12,-0.400,3518255
1957-02-11,-1.700,3532380
1957-02-08,-0.664,3593484
1957-02-07,-0.434,3617500
1957-02-06,-0.139,3633275
1957-02-05,-1.410,3638335
1957-02-04,-0.181,3690374
1957-02-01,-0.203,3697082
1957-01-31,-0.402,3704615
1957-01-30,0.464,3719566
1957-01-29,0.512,3702372
1957-01-28,-0.714,3683530
1957-01-25,-0.445,3710020
1957-01-24,0.374,3726620
1957-01-23,0.780,3712723
1957-01-22,0.311,3683990
1957-01-21,-0.517,3672566
1957-01-18,-1.260,3691638
1957-01-17,-0.003,3738735
1957-01-16,0.129,3738850
1957-01-15,-1.460,3734020
1957-01-14,-0.673,3789359
1957-01-11,-0.176,3815026
1957-01-10,0.256,3821735
1957-01-09,-0.176,3811960
1957-01-08,-0.347,3818669
1957-01-07,-0.495,3831973
1957-01-04,0.147,3851046
1957-01-03,0.884,3845392
1957-01-02,-0.988,3811712
1956-12-31,0.255,3849744
1956-12-28,0.471,3839969
1956-12-27,-0.068,3821950
1956-12-26,0.062,3824539
1956-12-21,0.659,3822182
1956-12-20,-0.754,3797148
1956-12-19,-0.220,3826008
1956-12-18,0.014,3834450
1956-12-17,0.014,3833908
1956-12-14,0.099,3833366
1956-12-13,0.810,3829556
1956-12-12,-0.733,3798795
1956-12-11,-0.664,3826838
1956-12-10,-0.492,3852432
1956-12-07,0.502,3871492
1956-12-06,0.913,3852165
1956-12-05,1.205,3817318
1956-12-04,-0.288,3771854
1956-12-03,1.997,3782746
1956-11-30,1.581,3708695
1956-11-29,-0.097,3650978
1956-11-28,-1.047,3654519
1956-11-27,0.103,3693181
1956-11-26,-0.580,3689371
1956-11-23,1.060,3710882
1956-11-21,-0.472,3671950
1956-11-20,-0.863,3689377
1956-11-19,-0.964,3721506
1956-11-16,0.058,3757719
1956-11-15,-0.613,3755543
1956-11-14,-0.545,3778688
1956-11-13,-0.457,3799382
1956-11-12,0.336,3816810
1956-11-09,-0.816,3804015
1956-11-08,-0.789,3835329
1956-11-07,-1.011,3865826
1956-11-05,1.328,3905308
1956-11-02,0.999,3854122
1956-11-01,2.068,3816006
1956-10-31,-1.683,3738682
1956-10-30,-0.050,3802669
1956-10-29,0.294,3804578
1956-10-26,0.927,3793416
1956-10-25,-0.159,3758567
1956-10-24,-0.396,3764559
1956-10-23,-0.223,3779536
1956-10-22,-0.007,3787979
1956-10-19,-0.201,3788254
1956-10-18,0.187,3795880
1956-10-17,-0.756,3788803
1956-10-16,-0.497,3817667
1956-10-15,-0.283,3836730
1956-10-12,0.419,3847623
1956-10-11,-0.050,3831560
1956-10-10,1.397,3833469
1956-10-09,-0.480,3780646
1956-10-08,-0.029,3798892
1956-10-05,0.360,3799984
1956-10-04,0.036,3786371
1956-10-03,1.682,3785011
1956-10-02,1.848,3722385
1956-10-01,-1.418,3654857
1956-09-28,-0.533,3707412
1956-09-27,-0.465,3727292
1956-09-26,0.167,3744722
1956-09-25,-1.386,3738460
1956-09-24,-0.372,3791017
1956-09-21,0.806,3805179
1956-09-20,-0.053,3774748
1956-09-19,-1.156,3776767
1956-09-18,-0.831,3820943
1956-09-17,-0.031,3852959
1956-09-14,0.476,3854168
1956-09-13,-0.116,3835921
1956-09-12,-0.681,3840372
1956-09-11,-0.365,3866714
1956-09-10,-0.509,3880895
1956-09-07,-0.589,3900750
1956-09-06,0.176,3923849
1956-09-05,0.280,3916952
1956-09-04,0.806,3906000
1956-08-31,1.218,3874781
1956-08-30,-0.871,3828157
1956-08-29,-0.428,3861795
1956-08-28,-0.177,3878409
1956-08-27,-0.591,3885293
1956-08-24,-0.093,3908393
1956-08-23,1.227,3912035
1956-08-22,-0.966,3864600
1956-08-21,-0.732,3902293
1956-08-20,-1.152,3931068
1956-08-17,-0.112,3976869
1956-08-16,-0.213,3981322
1956-08-15,0.194,3989829
1956-08-14,0.666,3982121
1956-08-13,-1.024,3955764
1956-08-10,-0.454,3996702
1956-08-09,-0.070,4014938
1956-08-08,0.416,4017770
1956-08-07,0.622,4001143
1956-08-06,-1.555,3976408
1956-08-03,-0.190,4039238
1956-08-02,0.656,4046934
1956-08-01,0.071,4020578
1956-07-31,0.804,4017734
1956-07-30,-0.152,3985701
1956-07-27,-0.796,3991776
1956-07-26,0.091,4023796
1956-07-25,0.233,4020142
1956-07-24,0.010,4010811
1956-07-23,-0.030,4010399
1956-07-20,0.071,4011610
1956-07-19,0.051,4008766
1956-07-18,-0.010,4006732
1956-07-17,0.356,4007132
1956-07-16,0.871,3992936
1956-07-13,0.298,3958469
1956-07-12,-0.215,3946706
1956-07-11,0.319,3955213
1956-07-10,0.611,3942639
1956-07-09,0.447,3918713
1956-07-06,0.512,3901273
1956-07-05,1.024,3881400
1956-07-03,0.841,3842067
1956-07-02,-0.074,3810032
1956-06-29,-0.328,3812863
1956-06-28,0.138,3825425
1956-06-27,0.759,3820147
1956-06-26,0.678,3791355
1956-06-25,-0.375,3765805
1956-06-22,-0.289,3779988
1956-06-21,0.700,3790928
1956-06-20,0.422,3764567
1956-06-19,0.119,3748748
1956-06-18,-0.420,3744281
1956-06-15,0.140,3760086
1956-06-14,-0.219,3754844
1956-06-13,0.144,3763075
1956-06-12,1.424,3757662
1956-06-11,1.267,3704893
1956-06-08,-1.815,3658546
1956-06-07,0.798,3726172
1956-06-06,-0.481,3696679
1956-06-05,0.038,3714542
1956-06-04,0.603,3713142
1956-06-01,0.850,3690872
1956-05-31,0.214,3659774
1956-05-29,2.287,3651952
1956-05-28,-1.139,3570286
1956-05-25,0.061,3611426
1956-05-24,-0.909,3609222
1956-05-23,-0.510,3642336
1956-05-22,-1.559,3661002
1956-05-21,-0.840,3718999
1956-05-18,-0.453,3750508
1956-05-17,1.224,3767569
1956-05-16,-0.670,3722022
1956-05-15,-1.023,3747110
1956-05-14,-0.533,3785844
1956-05-11,-0.069,3806116
1956-05-10,-1.602,3808729
1956-05-09,-0.150,3870742
1956-05-08,-0.397,3876567
1956-05-07,-0.579,3892024
1956-05-04,0.365,3914705
1956-05-03,0.367,3900461
1956-05-02,0.036,3886218
1956-05-01,-0.437,3884818
1956-04-30,0.824,3901881
1956-04-27,1.064,3869978
1956-04-26,0.861,3829244
1956-04-25,-0.343,3796538
1956-04-24,-0.800,3809587
1956-04-23,-0.214,3840296
1956-04-20,0.414,3848529
1956-04-19,-0.339,3832679
1956-04-18,-0.380,3845729
1956-04-17,-0.047,3860383
1956-04-16,0.036,3862194
1956-04-13,-0.130,3860794
1956-04-12,-0.583,3865816
1956-04-11,0.806,3888499
1956-04-10,-1.380,3857397
1956-04-09,-0.475,3911387
1956-04-06,0.591,3930056
1956-04-05,-0.455,3906982
1956-04-04,0.571,3924848
1956-04-03,-0.333,3902576
1956-04-02,0.468,3915626
1956-03-29,-0.046,3897368
1956-03-28,0.554,3899179
1956-03-27,-0.745,3877709
1956-03-26,-0.415,3906815
1956-03-23,0.241,3923076
1956-03-22,1.031,3913649
1956-03-21,-1.294,3873714
1956-03-20,0.591,3924496
1956-03-19,0.950,3901421
1956-03-16,0.323,3864697
1956-03-15,0.974,3852264
1956-03-14,1.005,3815086
1956-03-13,-0.130,3777114
1956-03-12,0.929,3782049
1956-03-09,1.262,3747254
1956-03-08,0.254,3700541
1956-03-07,-0.048,3691173
1956-03-06,-0.026,3692929
1956-03-05,0.558,3693890
1956-03-02,0.605,3673398
1956-03-01,0.454,3651315
1956-02-29,-0.179,3634796
1956-02-28,0.368,3641319
1956-02-27,-0.092,3627978
1956-02-24,0.834,3631323
1956-02-23,0.886,3601294
1956-02-21,0.263,3569676
1956-02-20,-0.138,3560307
1956-02-17,1.603,3565241
1956-02-16,-0.478,3508989
1956-02-15,1.435,3525843
1956-02-14,-0.346,3475947
1956-02-13,-0.119,3488033
1956-02-10,-0.028,3492172
1956-02-09,-1.107,3493133
1956-02-08,-0.963,3532237
1956-02-07,-0.448,3566573
1956-02-06,0.084,3582633
1956-02-03,1.277,3579621
1956-02-02,0.447,3534492
1956-02-01,0.495,3518765
1956-01-31,0.750,3501449
1956-01-30,0.362,3475391
1956-01-27,-0.234,3462843
1956-01-26,-0.574,3470956
1956-01-25,0.178,3490988
1956-01-24,1.265,3484797
1956-01-23,-0.235,3441256
1956-01-20,-1.121,3449368
1956-01-19,-0.997,3488474
1956-01-18,-0.654,3523607
1956-01-17,0.763,3546819
1956-01-16,-1.165,3519966
1956-01-13,-0.161,3561456
1956-01-12,0.849,3567186
1956-01-11,0.515,3537153
1956-01-10,-0.767,3519041
1956-01-09,-1.375,3546228
1956-01-06,0.439,3595666
1956-01-05,-0.093,3579939
1956-01-04,-0.336,3583284
1956-01-03,-0.685,3595372
1955-12-30,0.747,3620175
1955-12-29,0.239,3593321
1955-12-28,-0.358,3584745
1955-12-27,-0.597,3597627
1955-12-23,0.215,3619252
1955-12-22,0.172,3611471
1955-12-21,0.885,3605280
1955-12-20,-0.138,3573656
1955-12-19,-0.226,3578591
1955-12-16,0.168,3586705
1955-12-15,-0.004,3580674
1955-12-14,-0.809,3580811
1955-12-13,0.083,3610013
1955-12-12,-0.996,3607008
1955-12-09,0.169,3643281
1955-12-08,0.605,3637133
1955-12-07,-0.307,3615275
1955-12-06,0.018,3626410
1955-12-05,0.585,3625761
1955-12-02,0.215,3604688
1955-12-01,-0.330,3596970
1955-11-30,-0.091,3608890
1955-11-29,0.411,3612170
1955-11-28,-0.633,3597381
1955-11-25,-0.069,3620300
1955-11-23,0.148,3622793
1955-11-22,0.983,3617431
1955-11-21,-0.679,3582217
1955-11-18,-0.091,3606707
1955-11-17,-0.674,3609987
1955-11-16,-0.627,3634477
1955-11-15,-0.410,3657397
1955-11-14,2.586,3672461
1955-11-11,1.173,3579896
1955-11-10,0.263,3538396
1955-11-09,1.053,3529105
1955-11-07,0.448,3492318
1955-11-04,1.673,3476743
1955-11-03,2.107,3419529
1955-11-02,0.184,3348959
1955-11-01,-0.121,3342810
1955-10-31,-0.051,3346875
1955-10-28,0.562,3348582
1955-10-27,-0.333,3329863
1955-10-26,-0.774,3340997
1955-10-25,-0.630,3367060
1955-10-24,0.767,3388408
1955-10-21,0.019,3362618
1955-10-20,1.250,3361969
1955-10-19,1.024,3320465
1955-10-18,0.742,3286818
1955-10-17,0.334,3262598
1955-10-14,-0.389,3251735
1955-10-13,-0.292,3264441
1955-10-12,1.779,3274005
1955-10-11,-0.828,3216787
1955-10-10,-2.874,3243635
1955-10-07,-0.728,3339624
1955-10-06,-0.654,3364116
1955-10-05,0.415,3386251
1955-10-04,0.794,3372245
1955-10-03,-2.678,3345668
1955-09-30,-0.797,3437730
1955-09-29,-0.612,3465366
1955-09-28,1.692,3486716
1955-09-27,2.293,3428711
1955-09-26,-6.594,3351848
1955-09-23,0.547,3588482
1955-09-22,0.018,3568977
1955-09-21,0.594,3568328
1955-09-20,-0.048,3547251
1955-09-19,0.174,3548959
1955-09-16,0.764,3542810
1955-09-15,-0.519,3515937
1955-09-14,0.432,3534283
1955-09-13,1.382,3519078
1955-09-12,0.690,3471103
1955-09-09,0.034,3447315
1955-09-08,0.079,3446154
1955-09-07,-0.012,3443433
1955-09-06,0.604,3443833
1955-09-02,0.538,3423166
1955-09-01,0.449,3404839
1955-08-31,0.613,3389634
1955-08-30,-0.081,3368966
1955-08-29,-0.058,3371706
1955-08-26,0.453,3373666
1955-08-25,0.455,3358460
1955-08-24,0.152,3343254
1955-08-23,1.362,3338192
1955-08-22,-0.083,3293335
1955-08-19,0.440,3296075
1955-08-18,-0.131,3281649
1955-08-17,0.107,3285949
1955-08-16,-0.720,3282447
1955-08-15,-0.083,3306256
1955-08-12,0.201,3308996
1955-08-11,0.942,3302372
1955-08-10,-0.012,3271559
1955-08-09,-1.307,3271958
1955-08-08,-0.574,3315275
1955-08-05,0.482,3334402
1955-08-04,-1.677,3318415
1955-08-03,0.150,3374998
1955-08-02,0.243,3369935
1955-08-01,-1.340,3361751
1955-07-29,0.057,3407410
1955-07-28,-0.581,3405469
1955-07-27,0.423,3425377
1955-07-26,0.241,3410951
1955-07-25,1.124,3402767
1955-07-22,0.853,3364929
1955-07-21,0.980,3336456
1955-07-20,0.320,3304081
1955-07-19,-0.601,3293555
1955-07-18,-0.083,3313464
1955-07-15,0.366,3316204
1955-07-14,0.035,3304118
1955-07-13,-1.179,3302957
1955-07-12,0.011,3342375
1955-07-11,0.269,3341994
1955-07-08,0.152,3333029
1955-07-07,-1.376,3327966
1955-07-06,3.581,3374408
1955-07-05,1.224,3257750
1955-07-01,0.401,3218349
1955-06-30,0.600,3205481
1955-06-29,0.061,3186370
1955-06-28,-0.524,3184428
1955-06-27,0.085,3201216
1955-06-24,0.527,3198493
1955-06-23,0.381,3181723
1955-06-22,0.234,3169635
1955-06-21,0.934,3162230
1955-06-20,0.112,3132973
1955-06-17,0.360,3129470
1955-06-16,0.189,3118240
1955-06-15,0.817,3112342
1955-06-14,-0.109,3087130
1955-06-13,0.950,3090503
1955-06-10,0.626,3061428
1955-06-09,-0.514,3042396
1955-06-08,0.677,3058130
1955-06-07,0.708,3037552
1955-06-06,0.843,3016203
1955-06-03,0.745,2990990
1955-06-02,0.356,2968867
1955-06-01,0.147,2958333
1955-05-31,-0.036,2953979
1955-05-27,0.226,2955034
1955-05-26,0.676,2948363
1955-05-25,0.388,2928557
1955-05-24,-0.036,2917250
1955-05-23,-0.667,2918305
1955-05-20,0.679,2937902
1955-05-19,0.576,2918096
1955-05-18,0.850,2901380
1955-05-17,-0.117,2876938
1955-05-16,-1.097,2880311
1955-05-13,0.658,2912270
1955-05-12,-0.567,2893236
1955-05-11,-1.112,2909743
1955-05-10,-0.193,2942476
1955-05-09,0.122,2948166
1955-05-06,0.201,2944585
1955-05-05,0.492,2938686
1955-05-04,-0.142,2924288
1955-05-03,-0.873,2928433
1955-05-02,0.226,2954213
1955-04-29,0.756,2947541
1955-04-28,-1.107,2925416
1955-04-27,-0.503,2958150
1955-04-26,0.539,2973113
1955-04-25,0.279,2957169
1955-04-22,-0.789,2948952
1955-04-21,0.121,2972414
1955-04-20,0.173,2968833
1955-04-19,-0.114,2963706
1955-04-18,0.831,2967079
1955-04-15,0.465,2942635
1955-04-14,0.228,2929009
1955-04-13,0.149,2922337
1955-04-12,0.603,2917983
1955-04-11,0.284,2900493
1955-04-07,0.473,2892275
1955-04-06,0.259,2878648
1955-04-05,0.695,2871203
1955-04-04,-0.307,2851394
1955-04-01,1.027,2860176
1955-03-31,0.181,2831094
1955-03-30,-0.877,2825967
1955-03-29,0.071,2850976
1955-03-28,-0.334,2848940
1955-03-25,0.098,2858494
1955-03-24,0.808,2855685
1955-03-23,1.317,2832785
1955-03-22,0.630,2795975
1955-03-21,-0.618,2778484
1955-03-18,0.178,2795766
1955-03-17,0.402,2790793
1955-03-16,0.766,2779610
1955-03-15,2.140,2758492
1955-03-14,-2.358,2700696
1955-03-11,-1.694,2765926
1955-03-10,0.646,2813582
1955-03-09,-0.957,2795521
1955-03-08,-1.843,2822545
1955-03-07,-0.617,2875550
1955-03-04,0.628,2893405
1955-03-03,0.390,2875344
1955-03-02,0.878,2864160
1955-03-01,0.206,2839221
1955-02-28,0.532,2833387
1955-02-25,-0.118,2818382
1955-02-24,-0.522,2821717
1955-02-23,-0.064,2836515
1955-02-21,-0.091,2838322
1955-02-18,0.152,2840894
1955-02-17,0.206,2836587
1955-02-16,-0.306,2830753
1955-02-15,0.017,2839437
1955-02-14,-0.678,2838952
1955-02-11,0.205,2858336
1955-02-10,0.909,2852501
1955-02-09,0.808,2826797
1955-02-08,-1.327,2804149
1955-02-07,0.017,2841874
1955-02-04,1.436,2841389
1955-02-03,-0.444,2801164
1955-02-02,-0.281,2813670
1955-02-01,0.262,2821591
1955-01-31,1.227,2814227
1955-01-28,0.570,2780116
1955-01-27,0.128,2764345
1955-01-26,1.251,2760802
1955-01-25,-0.010,2726690
1955-01-24,0.243,2726968
1955-01-21,0.897,2720369
1955-01-20,0.502,2696191
1955-01-19,0.476,2682713
1955-01-18,0.652,2669999
1955-01-17,-1.959,2652699
1955-01-14,-0.404,2705711
1955-01-13,-0.402,2716689
1955-01-12,-0.262,2727667
1955-01-11,-0.289,2734823
1955-01-10,1.317,2742745
1955-01-07,0.844,2707102
1955-01-06,-1.331,2684452
1955-01-05,-2.449,2720651
1955-01-04,-0.879,2788950
1955-01-03,2.154,2813686
1954-12-31,0.688,2754350
1954-12-30,0.018,2735522
1954-12-29,0.892,2735036
1954-12-28,1.044,2710857
1954-12-27,-0.830,2682856
1954-12-23,0.103,2705299
1954-12-22,-0.095,2702520
1954-12-21,0.159,2705091
1954-12-20,0.903,2700784
1954-12-17,0.278,2676604
1954-12-16,1.078,2669183
1954-12-15,0.626,2640709
1954-12-14,-0.662,2624289
1954-12-13,0.108,2641768
1954-12-10,-0.347,2638907
1954-12-09,-0.459,2648100
1954-12-08,-0.147,2660306
1954-12-07,0.477,2664225
1954-12-06,0.796,2651571
1954-12-03,0.919,2630630
1954-12-02,0.575,2606676
1954-12-01,-0.699,2591762
1954-11-30,-0.836,2609994
1954-11-29,-0.006,2631994
1954-11-26,0.977,2632147
1954-11-24,0.575,2606685
1954-11-23,1.349,2591771
1954-11-22,0.408,2557268
1954-11-19,0.053,2546874
1954-11-18,-0.536,2545519
1954-11-17,0.201,2559232
1954-11-16,0.320,2554111
1954-11-15,-0.183,2545976
1954-11-12,0.231,2550649
1954-11-11,0.890,2544774
1954-11-10,0.114,2522325
1954-11-09,0.414,2519463
1954-11-08,0.964,2509068
1954-11-05,-0.308,2485112
1954-11-04,1.187,2492798
1954-11-03,2.054,2463567
1954-11-01,0.370,2413995
1954-10-29,-0.598,2405106
1954-10-28,-0.409,2419572
1954-10-27,0.274,2429518
1954-10-26,-0.037,2422889
1954-10-25,-0.501,2423795
1954-10-22,0.025,2436001
1954-10-21,-0.099,2435400
1954-10-20,0.835,2437812
1954-10-19,0.275,2417622
1954-10-18,0.402,2410992
1954-10-15,-0.506,2401349
1954-10-14,-1.178,2413556
1954-10-13,-0.006,2442339
1954-10-12,-0.375,2442491
1954-10-11,-0.769,2451684
1954-10-08,-0.037,2470672
1954-10-07,-0.189,2471578
1954-10-06,0.422,2476251
1954-10-05,0.516,2465854
1954-10-04,0.581,2453198
1954-10-01,-0.037,2439034
1954-09-30,-0.559,2439939
1954-09-29,-0.556,2453654
1954-09-28,0.516,2467368
1954-09-27,0.425,2454711
1954-09-24,0.708,2444315
1954-09-23,0.587,2427137
1954-09-22,0.685,2412972
1954-09-21,0.722,2396547
1954-09-20,-0.416,2379369
1954-09-17,0.801,2389316
1954-09-16,0.552,2370323
1954-09-15,0.045,2357313
1954-09-14,0.523,2356258
1954-09-13,0.914,2343995
1954-09-10,0.368,2322765
1954-09-09,0.175,2314238
1954-09-08,0.078,2310194
1954-09-07,0.534,2308392
1954-09-03,0.768,2296129
1954-09-02,0.774,2278635
1954-09-01,0.713,2261140
1954-08-31,-1.688,2245140
1954-08-30,-0.991,2283689
1954-08-27,0.306,2306546
1954-08-26,-0.246,2299513
1954-08-25,-0.695,2305183
1954-08-24,-0.404,2321315
1954-08-23,-0.656,2330721
1954-08-20,0.173,2346106
1954-08-19,0.237,2342062
1954-08-18,-0.083,2336524
1954-08-17,0.237,2338458
1954-08-16,1.082,2332920
1954-08-13,0.436,2307952
1954-08-12,-0.408,2297930
1954-08-11,1.160,2307336
1954-08-10,0.840,2280874
1954-08-09,-0.838,2261884
1954-08-06,-1.248,2281006
1954-08-05,-0.406,2309842
1954-08-04,-0.083,2319249
1954-08-03,-0.180,2321183
1954-08-02,0.368,2325359
1954-07-30,0.630,2316831
1954-07-29,0.372,2302325
1954-07-28,0.209,2293797
1954-07-27,0.605,2289005
1954-07-26,0.112,2275246
1954-07-23,0.145,2272696
1954-07-22,0.810,2269399
1954-07-21,0.649,2251155
1954-07-20,-0.452,2236648
1954-07-19,-0.252,2246803
1954-07-16,-0.416,2252473
1954-07-15,0.345,2261881
1954-07-14,0.246,2254099
1954-07-13,-0.318,2248560
1954-07-12,-0.053,2255726
1954-07-09,0.681,2256912
1954-07-08,0.014,2241658
1954-07-07,0.080,2241350
1954-07-06,1.128,2239547
1954-07-02,1.313,2214576
1954-07-01,0.014,2185869
1954-06-30,-0.733,2185560
1954-06-29,0.526,2201694
1954-06-28,0.288,2190176
1954-06-25,-0.191,2183888
1954-06-24,0.460,2188064
1954-06-23,0.186,2178040
1954-06-22,0.083,2173995
1954-06-21,0.083,2172192
1954-06-18,0.294,2170389
1954-06-17,-0.251,2164021
1954-06-16,0.740,2169460
1954-06-15,0.746,2153519
1954-06-14,0.160,2137578
1954-06-11,0.858,2134170
1954-06-10,0.688,2116017
1954-06-09,-0.641,2101550
1954-06-08,-2.195,2115099
1954-06-07,-0.353,2162563
1954-06-04,-0.149,2170215
1954-06-03,-0.013,2173443
1954-06-02,-0.081,2173721
1954-06-01,0.021,2175474
1954-05-28,0.498,2175016
1954-05-27,-0.386,2164235
1954-05-26,0.843,2172624
1954-05-25,-0.218,2154470
1954-05-24,0.055,2159173
1954-05-21,0.606,2157977
1954-05-20,0.366,2144984
1954-05-19,-0.425,2137152
1954-05-18,0.056,2146278
1954-05-17,0.159,2145082
1954-05-14,0.855,2141674
1954-05-13,-0.531,2123520
1954-05-12,0.823,2134858
1954-05-11,-0.429,2117441
1954-05-10,-0.082,2126567
1954-05-07,0.509,2128320
1954-05-06,0.794,2117539
1954-05-05,0.057,2100859
1954-05-04,0.268,2099662
1954-05-03,-0.154,2094042
1954-04-30,0.304,2097270
1954-04-29,1.526,2090912
1954-04-28,0.022,2059484
1954-04-27,-0.406,2059025
1954-04-26,0.380,2067415
1954-04-23,0.382,2059582
1954-04-22,0.166,2051749
1954-04-21,-0.372,2048341
1954-04-20,-0.014,2055993
1954-04-19,-0.619,2056271
1954-04-15,0.344,2069085
1954-04-14,0.779,2061989
1954-04-13,0.275,2046045
1954-04-12,-0.014,2040424
1954-04-09,0.751,2040702
1954-04-08,1.016,2025496
1954-04-07,0.392,2005127
1954-04-06,-0.892,1997294
1954-04-05,0.206,2015269
1954-04-02,0.170,2011123
1954-04-01,0.875,2007714
1954-03-31,0.958,1990294
1954-03-30,0.136,1971400
1954-03-29,0.399,1968728
1954-03-26,0.553,1960894
1954-03-25,-0.165,1950111
1954-03-24,-0.465,1953339
1954-03-23,-0.686,1962466
1954-03-22,-0.051,1976017
1954-03-19,0.319,1977033
1954-03-18,0.430,1970737
1954-03-17,0.246,1962293
1954-03-16,-0.014,1957483
1954-03-15,-0.421,1957762
1954-03-12,0.023,1966036
1954-03-11,0.469,1965588
1954-03-10,0.246,1956416
1954-03-09,0.247,1951607
1954-03-08,-0.238,1946797
1954-03-05,0.435,1951437
1954-03-04,0.361,1942992
1954-03-03,0.023,1936001
1954-03-02,0.287,1935553
1954-03-01,0.401,1930016
1954-02-26,0.940,1922298
1954-02-25,0.330,1904403
1954-02-24,0.024,1898139
1954-02-23,-0.320,1897691
1954-02-19,-0.129,1903784
1954-02-18,0.407,1906243
1954-02-17,0.216,1898525
1954-02-16,-0.852,1894442
1954-02-15,-0.280,1910713
1954-02-12,0.252,1916080
1954-02-11,-0.280,1911269
1954-02-10,-0.090,1916636
1954-02-09,-0.204,1918368
1954-02-08,-0.241,1922282
1954-02-05,0.402,1926922
1954-02-04,0.749,1919203
1954-02-03,0.368,1904943
1954-02-02,-0.244,1897951
1954-02-01,-0.319,1902591
1954-01-29,0.253,1908685
1954-01-28,0.062,1903875
1954-01-27,-0.281,1902699
1954-01-26,0.637,1908066
1954-01-25,0.332,1895986
1954-01-22,0.255,1889721
1954-01-21,0.178,1884910
1954-01-20,0.295,1881554
1954-01-19,1.003,1876016
1954-01-18,0.024,1857392
1954-01-15,0.973,1856943
1954-01-14,0.501,1839046
1954-01-13,0.584,1829873
1954-01-12,0.547,1819247
1954-01-11,-0.495,1809346
1954-01-08,-0.493,1818348
1954-01-07,-0.293,1827350
1954-01-06,0.184,1832718
1954-01-05,0.625,1829361
1954-01-04,0.588,1818006
1953-12-31,0.226,1807379
1953-12-30,0.879,1803295
1953-12-29,-0.622,1787578
1953-12-28,-0.338,1798761
1953-12-24,0.470,1804855
1953-12-23,-0.258,1796409
1953-12-22,-0.737,1801049
1953-12-21,-0.135,1814414
1953-12-18,0.230,1816873
1953-12-17,-0.051,1812699
1953-12-16,1.023,1813620
1953-12-15,0.108,1795250
1953-12-14,-0.250,1793313
1953-12-11,-0.051,1797806
1953-12-10,-0.210,1798727
1953-12-09,-0.091,1802505
1953-12-08,-0.288,1804140
1953-12-07,-0.090,1809348
1953-12-04,0.068,1810983
1953-12-03,0.107,1809760
1953-12-02,0.705,1807823
1953-12-01,0.108,1795169
1953-11-30,0.429,1793231
1953-11-27,0.592,1785578
1953-11-25,0.109,1775067
1953-11-24,0.596,1773130
1953-11-23,-0.295,1762619
1953-11-20,0.191,1767826
1953-11-19,0.477,1764460
1953-11-18,0.192,1756092
1953-11-17,-0.498,1752726
1953-11-16,-0.616,1761506
1953-11-13,0.352,1772429
1953-11-12,0.394,1766205
1953-11-10,-1.136,1759266
1953-11-09,0.230,1779478
1953-11-06,-0.092,1775397
1953-11-05,0.554,1777032
1953-11-04,-0.574,1767235
1953-11-02,0.514,1777445
1953-10-30,-0.133,1768362
1953-10-29,1.213,1770712
1953-10-28,0.152,1749482
1953-10-27,-0.175,1746830
1953-10-26,-0.134,1749894
1953-10-23,0.233,1752244
1953-10-22,0.481,1748162
1953-10-21,0.111,1739794
1953-10-20,0.070,1737856
1953-10-19,0.112,1736633
1953-10-16,0.819,1734696
1953-10-15,1.164,1720611
1953-10-14,0.494,1700809
1953-10-13,-0.349,1692440
1953-10-09,0.199,1698363
1953-10-08,0.199,1694996
1953-10-07,0.840,1691629
1953-10-06,-0.352,1677543
1953-10-05,-0.435,1683466
1953-10-02,0.455,1690817
1953-10-01,0.629,1683163
1953-09-30,-0.564,1672650
1953-09-29,0.201,1682145
1953-09-28,0.673,1678778
1953-09-25,0.288,1667550
1953-09-24,0.074,1662754
1953-09-23,0.160,1661530
1953-09-22,1.429,1658878
1953-09-21,-0.274,1635502
1953-09-18,-0.510,1639995
1953-09-17,0.274,1648394
1953-09-16,0.492,1643886
1953-09-15,0.845,1635842
1953-09-14,-1.824,1622141
1953-09-11,-1.127,1652280
1953-09-10,-0.990,1671106
1953-09-09,0.184,1687810
1953-09-08,0.184,1684716
1953-09-04,0.269,1681622
1953-09-03,-0.195,1677113
1953-09-02,0.609,1680383
1953-09-01,0.441,1670217
1953-08-31,-1.739,1662880
1953-08-28,-0.193,1692313
1953-08-27,-0.275,1695583
1953-08-26,-0.275,1700267
1953-08-25,-0.644,1704951
1953-08-24,-1.045,1716000
1953-08-21,0.261,1734119
1953-08-20,-0.066,1729611
1953-08-19,-0.594,1730759
1953-08-18,-0.389,1741101
1953-08-17,-0.227,1747907
1953-08-14,-0.427,1751884
1953-08-13,-0.186,1759397
1953-08-12,0.256,1762667
1953-08-11,-0.105,1758158
1953-08-10,-0.105,1760014
1953-08-07,-0.065,1761870
1953-08-06,0.499,1763019
1953-08-05,-0.386,1754268
1953-08-04,-0.225,1761074
1953-08-03,0.377,1765051
1953-07-31,1.072,1758421
1953-07-30,0.959,1739769
1953-07-29,0.635,1723238
1953-07-28,0.181,1712364
1953-07-27,-0.642,1709270
1953-07-24,0.015,1720319
1953-07-23,0.180,1720053
1953-07-22,0.139,1716959
1953-07-21,-0.231,1714571
1953-07-20,-0.517,1718549
1953-07-17,0.716,1727477
1953-07-16,0.139,1715188
1953-07-15,0.305,1712801
1953-07-14,-0.356,1707585
1953-07-13,-0.966,1713684
1953-07-10,-0.066,1730391
1953-07-09,-0.270,1731540
1953-07-08,-0.025,1736225
1953-07-07,0.548,1736666
1953-07-06,0.097,1727207
1953-07-03,0.221,1725526
1953-07-02,0.304,1721724
1953-07-01,0.429,1716508
1953-06-30,0.016,1709170
1953-06-29,-0.273,1708904
1953-06-26,0.098,1713589
1953-06-25,0.431,1711909
1953-06-24,-0.109,1704570
1953-06-23,0.683,1706426
1953-06-22,0.519,1694844
1953-06-19,0.030,1686091
1953-06-18,-0.015,1685593
1953-06-17,1.280,1685839
1953-06-16,-0.265,1664539
1953-06-15,-0.800,1668956
1953-06-12,0.317,1682408
1953-06-11,0.905,1677094
1953-06-10,-0.223,1662049
1953-06-09,-1.656,1665770
1953-06-08,-0.301,1693818
1953-06-05,0.273,1698930
1953-06-04,-0.585,1694311
1953-06-03,-0.137,1704288
1953-06-02,0.312,1706619
1953-06-01,-1.543,1701305
1953-05-29,0.349,1727964
1953-05-28,-0.696,1721955
1953-05-27,-0.888,1734017
1953-05-26,-0.449,1749555
1953-05-25,-0.133,1757447
1953-05-22,-0.093,1759779
1953-05-21,0.541,1761416
1953-05-20,0.947,1751931
1953-05-19,-0.174,1735496
1953-05-18,-0.333,1738523
1953-05-15,-0.014,1744330
1953-05-14,0.506,1744576
1953-05-13,-0.014,1735787
1953-05-12,-0.651,1736033
1953-05-11,-0.173,1747401
1953-05-08,0.265,1750428
1953-05-07,-0.371,1745809
1953-05-06,-0.093,1752312
1953-05-05,0.145,1753948
1953-05-04,1.109,1751415
1953-05-01,0.470,1732198
1953-04-30,-0.215,1724103
1953-04-29,0.674,1727825
1953-04-28,0.761,1716255
1953-04-27,0.601,1703294
1953-04-24,0.068,1693113
1953-04-23,-1.071,1691969
1953-04-22,-0.821,1710289
1953-04-21,-0.215,1724438
1953-04-20,0.471,1728160
1953-04-17,-1.133,1720065
1953-04-16,-0.174,1739775
1953-04-15,0.426,1742802
1953-04-14,0.388,1735402
1953-04-13,-0.175,1728698
1953-04-10,-0.214,1731725
1953-04-09,-0.174,1735447
1953-04-08,0.914,1738474
1953-04-07,0.431,1722732
1953-04-06,-2.426,1715332
1953-04-02,-0.054,1757983
1953-04-01,-0.132,1758925
1953-03-31,-1.222,1761257
1953-03-30,-1.435,1783054
1953-03-27,0.179,1809022
1953-03-26,-0.550,1805793
1953-03-25,-0.243,1815772
1953-03-24,0.601,1820190
1953-03-23,-0.587,1809314
1953-03-20,-0.134,1819988
1953-03-19,-0.053,1822427
1953-03-18,-0.315,1823391
1953-03-17,0.436,1829154
1953-03-16,0.173,1821205
1953-03-13,0.211,1818056
1953-03-12,0.060,1814220
1953-03-11,0.823,1813127
1953-03-10,0.329,1798322
1953-03-09,-0.016,1792430
1953-03-06,0.214,1792708
1953-03-05,0.061,1788873
1953-03-04,-0.814,1787780
1953-03-03,0.290,1802455
1953-03-02,0.137,1797249
1953-02-27,-0.168,1794784
1953-02-26,0.176,1797805
1953-02-25,0.638,1794655
1953-02-24,0.487,1783277
1953-02-20,0.255,1774642
1953-02-19,0.373,1770121
1953-02-18,-0.055,1763543
1953-02-17,-0.557,1764506
1953-02-16,-0.324,1774383
1953-02-13,0.410,1780147
1953-02-11,0.100,1772883
1953-02-10,-0.247,1771104
1953-02-09,-0.439,1775496
1953-02-06,-1.268,1783316
1953-02-05,-0.992,1806220
1953-02-04,-0.427,1824325
1953-02-03,0.135,1832146
1953-02-02,0.512,1829682
1953-01-30,0.705,1820361
1953-01-29,0.289,1807611
1953-01-28,0.328,1802404
1953-01-27,0.137,1796511
1953-01-26,-0.168,1794047
1953-01-23,-0.168,1797068
1953-01-22,0.137,1800088
1953-01-21,-0.168,1797624
1953-01-20,0.520,1800645
1953-01-19,-0.016,1791323
1953-01-16,-0.397,1791601
1953-01-15,0.214,1798736
1953-01-14,0.253,1794900
1953-01-13,0.640,1790379
1953-01-12,-0.818,1779000
1953-01-09,-0.924,1793678
1953-01-08,-0.129,1810413
1953-01-07,-0.392,1812748
1953-01-06,-0.652,1819883
1953-01-05,0.474,1831819
1953-01-02,-0.090,1823183
1952-12-31,-0.053,1824832
1952-12-30,0.741,1825796
1952-12-29,0.594,1812360
1952-12-26,0.175,1801667
1952-12-24,0.099,1798517
1952-12-23,-0.396,1796738
1952-12-22,0.596,1803873
1952-12-19,0.485,1793180
1952-12-18,-0.013,1784531
1952-12-17,-0.088,1784760
1952-12-16,0.139,1786339
1952-12-15,0.025,1783867
1952-12-12,0.329,1783421
1952-12-11,-0.051,1777573
1952-12-10,0.215,1778477
1952-12-09,0.676,1774655
1952-12-08,0.565,1762731
1952-12-05,0.064,1752833
1952-12-04,-0.359,1751711
1952-12-03,-0.090,1758017
1952-12-02,0.256,1759596
1952-12-01,0.102,1755099
1952-11-28,0.568,1753302
1952-11-26,0.649,1743403
1952-11-25,-0.208,1732154
1952-11-24,0.613,1735759
1952-11-21,-0.013,1725185
1952-11-20,-0.169,1725413
1952-11-19,0.695,1728343
1952-11-18,1.463,1716418
1952-11-17,0.226,1691665
1952-11-14,0.187,1687842
1952-11-13,0.268,1684695
1952-11-12,-0.454,1680197
1952-11-10,-0.014,1687853
1952-11-07,0.066,1688082
1952-11-06,0.429,1686960
1952-11-05,0.309,1679761
1952-11-03,0.350,1674588
1952-10-31,1.547,1668740
1952-10-30,0.027,1643310
1952-10-29,0.110,1642864
1952-10-28,0.192,1641066
1952-10-27,0.275,1637919
1952-10-24,0.694,1633421
1952-10-23,0.320,1622170
1952-10-22,-1.088,1616997
1952-10-21,-0.220,1634781
1952-10-20,-0.261,1638386
1952-10-17,1.234,1642665
1952-10-16,-0.593,1622637
1952-10-15,-1.681,1632318
1952-10-14,-0.257,1660232
1952-10-10,-0.054,1664512
1952-10-09,-0.014,1665415
1952-10-08,0.762,1665644
1952-10-07,-0.136,1653043
1952-10-06,-0.217,1655297
1952-10-03,-0.054,1658902
1952-10-02,0.190,1659806
1952-10-01,-0.217,1656658
1952-09-30,-0.540,1660263
1952-09-29,-0.175,1669270
1952-09-26,-0.295,1672199
1952-09-25,0.107,1677155
1952-09-24,0.391,1675357
1952-09-23,0.474,1668833
1952-09-22,0.108,1660958
1952-09-19,0.254,1659161
1952-09-18,-0.267,1654953
1952-09-17,0.217,1659378
1952-09-16,0.340,1655780
1952-09-15,-1.027,1650176
1952-09-12,-0.025,1667304
1952-09-11,0.136,1667718
1952-09-10,-0.663,1665457
1952-09-09,-0.972,1676568
1952-09-08,-0.378,1693028
1952-09-05,-0.103,1699459
1952-09-04,-0.024,1701210
1952-09-03,0.410,1701623
1952-09-02,0.491,1694682
1952-08-29,0.254,1686403
1952-08-28,0.135,1682136
1952-08-27,0.455,1679875
1952-08-26,-0.144,1672265
1952-08-25,-0.462,1674684
1952-08-22,0.055,1682453
1952-08-21,0.135,1681529
1952-08-20,0.255,1679268
1952-08-19,-0.184,1675001
1952-08-18,-1.010,1678089
1952-08-15,-0.300,1695219
1952-08-14,0.015,1700313
1952-08-13,-0.103,1700058
1952-08-12,-0.804,1701808
1952-08-11,-0.102,1715595
1952-08-08,0.132,1717346
1952-08-07,0.328,1715085
1952-08-06,-0.063,1709481
1952-08-05,0.132,1710563
1952-08-04,-0.063,1708302
1952-08-01,0.211,1709384
1952-07-31,0.133,1705785
1952-07-30,0.449,1703524
1952-07-29,0.252,1695913
1952-07-28,0.174,1691646
1952-07-25,-0.301,1688716
1952-07-24,0.531,1693810
1952-07-23,0.454,1684862
1952-07-22,0.215,1677251
1952-07-21,0.417,1673652
1952-07-18,-0.781,1666710
1952-07-17,-0.421,1679829
1952-07-16,0.015,1686930
1952-07-15,0.533,1686674
1952-07-14,0.215,1677726
1952-07-11,0.699,1674127
1952-07-10,-0.185,1662503
1952-07-09,-0.385,1665591
1952-07-08,-0.025,1672023
1952-07-07,-0.304,1672437
1952-07-03,-0.025,1677532
1952-07-02,-0.223,1677945
1952-07-01,0.656,1681702
1952-06-30,0.539,1670747
1952-06-27,0.338,1661798
1952-06-26,0.380,1656193
1952-06-25,0.259,1649918
1952-06-24,0.178,1645651
1952-06-23,-0.106,1642720
1952-06-20,0.353,1644471
1952-06-19,0.348,1638685
1952-06-18,0.430,1633002
1952-06-17,0.147,1626003
1952-06-16,-0.257,1623609
1952-06-13,0.269,1627792
1952-06-12,0.026,1623425
1952-06-11,0.351,1623004
1952-06-10,-0.540,1617320
1952-06-09,0.473,1626109
1952-06-06,0.681,1618452
1952-06-05,0.644,1607506
1952-06-04,0.732,1597218
1952-06-03,-0.056,1585614
1952-06-02,-0.222,1586509
1952-05-29,0.109,1590034
1952-05-28,-0.139,1588298
1952-05-27,-0.221,1590508
1952-05-26,0.233,1594034
1952-05-23,-0.056,1590324
1952-05-22,0.567,1591218
1952-05-21,0.193,1582245
1952-05-20,0.571,1579193
1952-05-19,0.237,1570220
1952-05-16,-0.141,1566510
1952-05-15,-0.308,1568720
1952-05-14,-0.390,1573561
1952-05-13,0.152,1579719
1952-05-12,-0.347,1577324
1952-05-09,-0.056,1582823
1952-05-08,0.235,1583718
1952-05-07,0.613,1580007
1952-05-06,0.069,1570376
1952-05-05,0.448,1569297
1952-05-02,1.698,1562297
1952-05-01,-0.611,1536220
1952-04-30,-0.691,1545666
1952-04-29,-0.226,1556429
1952-04-28,0.069,1559955
1952-04-25,0.494,1558876
1952-04-24,-0.185,1551218
1952-04-23,-0.395,1554086
1952-04-22,-0.435,1560243
1952-04-21,0.831,1567059
1952-04-18,0.410,1554138
1952-04-17,-0.691,1547796
1952-04-16,-0.268,1558559
1952-04-15,-1.221,1562742
1952-04-14,-0.635,1582058
1952-04-10,0.734,1592163
1952-04-09,0.152,1580558
1952-04-08,0.488,1578163
1952-04-07,-0.887,1570505
1952-04-04,-0.387,1584557
1952-04-03,0.026,1590715
1952-04-02,-0.221,1590294
1952-04-01,-0.752,1593821
1952-03-31,0.811,1605900
1952-03-28,0.818,1592978
1952-03-27,0.909,1580057
1952-03-26,-0.015,1565819
1952-03-25,-0.558,1566056
1952-03-24,0.027,1574845
1952-03-21,0.190,1574424
1952-03-20,0.314,1571436
1952-03-19,-0.182,1566515
1952-03-18,-0.182,1569369
1952-03-17,0.730,1572224
1952-03-14,0.025,1560823
1952-03-13,0.108,1560437
1952-03-12,0.484,1558756
1952-03-11,0.109,1551242
1952-03-10,-0.475,1549561
1952-03-07,0.150,1556951
1952-03-06,-0.059,1554621
1952-03-05,0.150,1555531
1952-03-04,1.680,1553202
1952-03-03,0.153,1527545
1952-02-29,-0.102,1525215
1952-02-28,0.495,1526773
1952-02-27,0.154,1519259
1952-02-26,-0.315,1516930
1952-02-25,0.324,1521728
1952-02-21,0.326,1516806
1952-02-20,-1.119,1511884
1952-02-19,-1.561,1528994
1952-02-18,-0.474,1553233
1952-02-15,-0.017,1560623
1952-02-14,-0.183,1560885
1952-02-13,-0.757,1563740
1952-02-11,-0.508,1575666
1952-02-08,0.559,1583705
1952-02-07,-0.263,1574895
1952-02-06,0.313,1579046
1952-02-05,-0.017,1574124
1952-02-04,-0.711,1574386
1952-02-01,0.683,1585665
1952-01-31,-0.345,1574911
1952-01-30,-1.351,1580358
1952-01-29,-0.138,1602005
1952-01-28,0.267,1604212
1952-01-25,-0.016,1599938
1952-01-24,0.105,1600201
1952-01-23,-0.460,1598519
1952-01-22,0.838,1605910
1952-01-21,0.887,1592564
1952-01-18,0.230,1578569
1952-01-17,0.479,1574943
1952-01-16,0.149,1567429
1952-01-15,-0.388,1565099
1952-01-14,0.773,1571194
1952-01-11,0.526,1559143
1952-01-10,0.529,1550981
1952-01-09,-0.310,1542818
1952-01-08,-0.351,1547617
1952-01-07,-0.017,1553064
1952-01-04,0.192,1553326
1952-01-03,0.361,1550348
1952-01-02,0.151,1544778
1951-12-31,0.362,1542448
1951-12-28,0.194,1536878
1951-12-27,0.921,1533899
1951-12-26,-0.399,1519904
1951-12-24,0.153,1525999
1951-12-21,-0.220,1523669
1951-12-20,0.030,1527025
1951-12-19,0.365,1526561
1951-12-18,0.366,1521011
1951-12-17,0.199,1515460
1951-12-14,-0.053,1512453
1951-12-13,0.115,1513261
1951-12-12,0.326,1511526
1951-12-11,-0.474,1506611
1951-12-10,0.199,1513779
1951-12-07,0.199,1510772
1951-12-06,1.183,1507765
1951-12-05,-0.267,1490131
1951-12-04,0.588,1494119
1951-12-03,0.591,1485388
1951-11-30,0.945,1476657
1951-11-29,0.293,1462838
1951-11-28,-0.186,1458559
1951-11-27,1.043,1461275
1951-11-26,0.164,1446184
1951-11-23,-1.015,1443813
1951-11-21,-0.142,1458613
1951-11-20,-0.186,1460693
1951-11-19,-0.358,1463409
1951-11-16,-0.055,1468670
1951-11-15,-0.012,1469478
1951-11-14,0.292,1469651
1951-11-13,0.206,1465371
1951-11-09,1.265,1462364
1951-11-08,-0.056,1444092
1951-11-07,-1.401,1444901
1951-11-05,-0.444,1465425
1951-11-02,-0.698,1471958
1951-11-01,0.723,1482306
1951-10-31,1.257,1471666
1951-10-30,-0.099,1453395
1951-10-29,-0.490,1454839
1951-10-26,-0.617,1462008
1951-10-25,-0.270,1471084
1951-10-24,0.858,1475073
1951-10-23,0.425,1462525
1951-10-22,-2.399,1456337
1951-10-19,-1.440,1492127
1951-10-18,-0.053,1513925
1951-10-17,-0.304,1514734
1951-10-16,-0.303,1519358
1951-10-15,0.661,1523983
1951-10-11,0.410,1513980
1951-10-10,-0.138,1507792
1951-10-09,-0.389,1509872
1951-10-08,-0.095,1515770
1951-10-05,0.283,1517214
1951-10-04,-0.263,1512935
1951-10-03,0.664,1516923
1951-10-02,0.754,1506919
1951-10-01,0.933,1495643
1951-09-28,-0.012,1481822
1951-09-27,-0.524,1481994
1951-09-26,0.117,1489800
1951-09-25,0.375,1488064
1951-09-24,-0.396,1482512
1951-09-21,-0.711,1488409
1951-09-20,-0.069,1499069
1951-09-19,0.015,1500106
1951-09-18,-0.111,1499884
1951-09-17,-0.278,1501550
1951-09-14,-0.069,1505735
1951-09-13,0.477,1506772
1951-09-12,0.437,1499625
1951-09-11,-0.489,1493107
1951-09-10,0.394,1500439
1951-09-07,0.268,1494551
1951-09-06,0.227,1490551
1951-09-05,0.611,1487181
1951-09-04,0.015,1478145
1951-08-31,0.186,1477923
1951-08-30,0.703,1475182
1951-08-29,0.795,1464887
1951-08-28,0.232,1453332
1951-08-27,-0.115,1449962
1951-08-24,-0.071,1451628
1951-08-23,0.670,1452665
1951-08-22,-0.333,1442999
1951-08-21,-0.418,1447813
1951-08-20,-0.028,1453886
1951-08-17,0.319,1454294
1951-08-16,0.364,1449664
1951-08-15,0.409,1444405
1951-08-14,-0.420,1438516
1951-08-13,0.059,1444590
1951-08-10,-0.202,1443737
1951-08-09,-0.375,1446663
1951-08-08,-0.417,1452107
1951-08-07,0.102,1458181
1951-08-06,0.712,1456699
1951-08-03,0.146,1446403
1951-08-02,1.386,1444291
1951-08-01,0.504,1424551
1951-07-31,-0.996,1417403
1951-07-30,0.457,1431661
1951-07-27,0.281,1425143
1951-07-26,0.685,1421142
1951-07-25,-0.517,1411475
1951-07-24,1.548,1418808
1951-07-23,1.018,1397178
1951-07-20,0.199,1383104
1951-07-19,-0.166,1380363
1951-07-18,-0.166,1382658
1951-07-17,0.888,1384954
1951-07-16,-1.118,1372768
1951-07-13,0.839,1388287
1951-07-12,0.568,1376730
1951-07-11,0.247,1368952
1951-07-10,-0.443,1365581
1951-07-09,0.431,1371654
1951-07-06,0.016,1365765
1951-07-05,1.944,1365542
1951-07-03,0.632,1339503
1951-07-02,0.684,1331095
1951-06-29,-0.646,1322056
1951-06-28,-1.245,1330649
1951-06-27,0.345,1347427
1951-06-26,0.064,1342796
1951-06-25,-1.189,1341944
1951-06-22,-1.039,1358093
1951-06-21,-0.577,1372352
1951-06-20,-0.483,1380316
1951-06-19,-0.120,1387019
1951-06-18,0.061,1388686
1951-06-15,0.945,1387833
1951-06-14,1.350,1374845
1951-06-13,0.164,1356528
1951-06-12,-0.383,1354304
1951-06-11,0.577,1359508
1951-06-08,-0.293,1351714
1951-06-07,0.394,1355680
1951-06-06,0.720,1350361
1951-06-05,0.445,1340710
1951-06-04,-1.074,1334773
1951-06-01,-0.156,1349261
1951-05-31,0.812,1351370
1951-05-29,0.678,1340481
1951-05-28,0.872,1331448
1951-05-25,-0.066,1319939
1951-05-24,-0.485,1320810
1951-05-23,-0.897,1327252
1951-05-22,-0.433,1339265
1951-05-21,-0.202,1345088
1951-05-18,-1.778,1347816
1951-05-17,1.030,1372209
1951-05-16,-0.291,1358225
1951-05-15,-1.847,1362191
1951-05-14,-0.639,1387822
1951-05-11,-0.766,1396741
1951-05-10,-0.543,1407516
1951-05-09,0.157,1415196
1951-05-08,-0.062,1412973
1951-05-07,-0.584,1413844
1951-05-04,-0.148,1422144
1951-05-03,0.859,1424253
1951-05-02,0.422,1412125
1951-05-01,0.468,1406188
1951-04-30,0.204,1399631
1951-04-27,1.057,1396788
1951-04-26,0.885,1382183
1951-04-25,0.072,1370055
1951-04-24,-0.379,1369069
1951-04-23,0.072,1374274
1951-04-20,0.027,1373288
1951-04-19,-0.378,1372921
1951-04-18,0.207,1378126
1951-04-17,0.252,1375283
1951-04-16,-0.199,1371821
1951-04-13,1.212,1374549
1951-04-12,0.901,1358087
1951-04-11,-0.019,1345958
1951-04-10,-0.111,1346210
1951-04-09,-0.156,1347701
1951-04-06,0.165,1349810
1951-04-05,1.378,1347586
1951-04-04,0.684,1329266
1951-04-03,-0.253,1320232
1951-04-02,-0.715,1323580
1951-03-30,0.729,1333118
1951-03-29,0.356,1323465
1951-03-28,-1.133,1318764
1951-03-27,-0.065,1333874
1951-03-26,-0.892,1334746
1951-03-22,0.443,1346760
1951-03-21,0.585,1340822
1951-03-20,-0.158,1333026
1951-03-19,-0.342,1335135
1951-03-16,1.671,1339721
1951-03-15,0.212,1317696
1951-03-14,-0.709,1314908
1951-03-13,-1.290,1324297
1951-03-12,-1.096,1341601
1951-03-09,0.026,1356470
1951-03-08,0.432,1356117
1951-03-07,0.343,1350285
1951-03-06,0.026,1345670
1951-03-05,-0.604,1345317
1951-03-02,0.387,1353489
1951-03-01,0.253,1348265
1951-02-28,0.208,1344868
1951-02-27,-0.739,1342080
1951-02-26,0.071,1352078
1951-02-23,0.297,1351117
1951-02-21,0.344,1347111
1951-02-20,-0.155,1342496
1951-02-19,-1.315,1344579
1951-02-16,0.611,1362493
1951-02-15,-0.511,1354224
1951-02-14,-0.242,1361179
1951-02-13,0.071,1364479
1951-02-09,0.385,1363518
1951-02-08,0.477,1358294
1951-02-07,-0.556,1351852
1951-02-06,-0.331,1359415
1951-02-05,1.109,1363934
1951-02-02,0.892,1348967
1951-02-01,0.530,1337045
1951-01-31,-0.339,1329995
1951-01-30,0.347,1334513
1951-01-29,1.941,1329898
1951-01-26,1.113,1304579
1951-01-25,-0.583,1290221
1951-01-24,-0.440,1297785
1951-01-23,0.402,1303521
1951-01-22,-0.810,1298297
1951-01-19,-0.159,1308905
1951-01-18,-0.665,1310988
1951-01-17,0.444,1319769
1951-01-16,0.774,1313936
1951-01-15,0.923,1303840
1951-01-12,-0.349,1291917
1951-01-11,1.651,1296436
1951-01-10,-1.246,1275378
1951-01-09,0.597,1291467
1951-01-08,0.648,1283807
1951-01-05,0.028,1275537
1951-01-04,0.895,1275184
1951-01-03,-0.356,1263870
1951-01-02,1.688,1268389
1950-12-29,0.273,1247331
1950-12-28,0.422,1243933
1950-12-27,1.933,1238708
1950-12-26,-0.717,1215214
1950-12-22,0.479,1223995
1950-12-21,0.079,1218161
1950-12-20,0.079,1217199
1950-12-19,0.583,1216237
1950-12-18,2.720,1209185
1950-12-15,-0.435,1177164
1950-12-14,-1.143,1182302
1950-12-13,-0.005,1195971
1950-12-12,-0.153,1196031
1950-12-11,1.652,1197866
1950-12-08,0.045,1178401
1950-12-07,-0.206,1177870
1950-12-06,0.752,1180296
1950-12-05,1.637,1171481
1950-12-04,-3.234,1152608
1950-12-01,0.796,1191128
1950-11-30,0.752,1181721
1950-11-29,-0.905,1172905
1950-11-28,-2.964,1183616
1950-11-27,-0.632,1219770
1950-11-24,0.821,1227523
1950-11-22,1.424,1217524
1950-11-21,-0.202,1200425
1950-11-20,0.390,1202852
1950-11-17,0.741,1198179
1950-11-16,-0.451,1189363
1950-11-15,-0.153,1194749
1950-11-14,-0.693,1196584
1950-11-13,0.389,1204929
1950-11-10,0.790,1200255
1950-11-09,1.202,1190848
1950-11-08,1.062,1176707
1950-11-06,-2.386,1164341
1950-11-03,0.644,1192804
1950-11-02,0.902,1185171
1950-11-01,0.197,1174580
1950-10-31,-0.357,1172274
1950-10-30,-0.754,1176476
1950-10-27,0.851,1185412
1950-10-26,-2.124,1175413
1950-10-25,-0.103,1200918
1950-10-24,0.639,1202162
1950-10-23,0.045,1194530
1950-10-20,-0.252,1193998
1950-10-19,0.094,1197017
1950-10-18,0.642,1195894
1950-10-17,0.950,1188261
1950-10-16,-0.654,1177078
1950-10-13,-0.005,1184831
1950-10-11,0.446,1184891
1950-10-10,-1.048,1179626
1950-10-09,-0.548,1192113
1950-10-06,1.194,1198683
1950-10-05,-0.502,1184540
1950-10-04,1.765,1190518
1950-10-03,-0.106,1169866
1950-10-02,1.274,1171110
1950-09-29,0.200,1156376
1950-09-28,0.097,1154069
1950-09-27,1.453,1152945
1950-09-26,-1.392,1136435
1950-09-25,-0.057,1152474
1950-09-22,0.407,1153125
1950-09-21,0.878,1148451
1950-09-20,-0.471,1138451
1950-09-19,-0.263,1143837
1950-09-18,0.461,1146856
1950-09-15,0.595,1141590
1950-09-14,0.488,1134838
1950-09-13,1.173,1129329
1950-09-12,1.401,1116239
1950-09-11,-0.713,1100817
1950-09-08,0.873,1108719
1950-09-07,0.290,1099128
1950-09-06,-0.716,1095951
1950-09-05,0.716,1103853
1950-09-01,0.721,1096011
1950-08-31,-0.030,1088169
1950-08-30,-0.562,1088490
1950-08-29,0.077,1094643
1950-08-28,-0.029,1093798
1950-08-25,-1.292,1094120
1950-08-24,-0.134,1108436
1950-08-23,0.765,1109924
1950-08-22,-0.082,1101499
1950-08-21,0.130,1102403
1950-08-18,0.771,1100975
1950-08-17,1.103,1092550
1950-08-16,0.132,1080626
1950-08-15,0.187,1079198
1950-08-14,0.078,1077187
1950-08-11,-1.048,1076342
1950-08-10,-0.668,1087743
1950-08-09,0.830,1095063
1950-08-08,0.293,1086054
1950-08-07,1.500,1082876
1950-08-04,0.852,1066870
1950-08-03,0.246,1057861
1950-08-02,-0.361,1055266
1950-08-01,1.026,1059087
1950-07-31,0.867,1048328
1950-07-28,1.103,1039319
1950-07-27,1.348,1027977
1950-07-26,0.256,1014302
1950-07-25,-1.395,1011707
1950-07-24,-0.596,1026025
1950-07-21,-0.088,1032178
1950-07-20,1.458,1033082
1950-07-19,1.775,1018241
1950-07-18,2.293,1000484
1950-07-17,-1.094,978061
1950-07-14,1.100,988879
1950-07-13,-1.036,978120
1950-07-12,-2.561,988355
1950-07-11,-1.504,1014337
1950-07-10,-0.426,1029821
1950-07-07,-1.311,1034225
1950-07-06,0.585,1047960
1950-07-05,0.986,1041866
1950-07-03,-0.257,1031690
1950-06-30,1.456,1034344
1950-06-29,-3.667,1019502
1950-06-28,1.140,1058315
1950-06-27,-1.078,1046389
1950-06-26,-5.352,1057791
1950-06-23,-0.081,1117601
1950-06-22,0.865,1118506
1950-06-21,0.926,1108912
1950-06-20,-0.452,1098736
1950-06-19,-0.240,1103724
1950-06-16,0.242,1106378
1950-06-15,-0.232,1103709
1950-06-14,-1.353,1106271
1950-06-13,-0.734,1121438
1950-06-12,0.742,1129730
1950-06-09,0.644,1121405
1950-06-08,1.120,1114226
1950-06-07,0.288,1101890
1950-06-06,1.510,1098722
1950-06-05,-0.968,1082374
1950-06-02,0.133,1092958
1950-06-01,-0.025,1091509
1950-05-31,0.344,1091779
1950-05-29,0.292,1088038
1950-05-26,-0.078,1084869
1950-05-25,0.028,1085712
1950-05-24,-0.078,1085409
1950-05-23,0.612,1086252
1950-05-22,-0.395,1079645
1950-05-19,0.667,1083926
1950-05-18,0.242,1076747
1950-05-17,0.457,1074151
1950-05-16,1.003,1069264
1950-05-15,0.464,1058646
1950-05-12,-0.566,1053758
1950-05-11,0.029,1059758
1950-05-10,0.137,1059455
1950-05-09,0.029,1058005
1950-05-08,0.300,1057702
1950-05-05,0.575,1054534
1950-05-04,-0.785,1048500
1950-05-03,0.904,1056792
1950-05-02,-0.570,1047320
1950-05-01,1.464,1053320
1950-04-28,0.585,1038117
1950-04-27,0.588,1032083
1950-04-26,-0.360,1026049
1950-04-25,0.029,1029757
1950-04-24,-0.689,1029454
1950-04-21,0.196,1036600
1950-04-20,-0.631,1034577
1950-04-19,0.139,1041151
1950-04-18,0.863,1039701
1950-04-17,-0.414,1030802
1950-04-14,-0.081,1035083
1950-04-13,0.251,1035925
1950-04-12,1.095,1033330
1950-04-11,-0.528,1022137
1950-04-10,0.422,1027565
1950-04-06,0.877,1023250
1950-04-05,0.484,1014350
1950-04-04,0.144,1009462
1950-04-03,1.414,1008012
1950-03-31,-0.027,993954
1950-03-30,-0.770,994223
1950-03-29,-0.482,1001943
1950-03-28,0.430,1006798
1950-03-27,-0.538,1002482
1950-03-24,0.030,1007910
1950-03-23,0.087,1007606
1950-03-22,0.603,1006730
1950-03-21,0.088,1000695
1950-03-20,-0.027,999818
1950-03-17,-0.199,1000088
1950-03-16,0.253,1002084
1950-03-15,1.168,999551
1950-03-14,0.775,988006
1950-03-13,0.201,980404
1950-03-10,0.144,978434
1950-03-09,-0.659,977028
1950-03-08,-0.029,983506
1950-03-07,-0.654,983789
1950-03-06,0.199,990267
1950-03-03,0.372,988297
1950-03-02,-0.029,984638
1950-03-01,0.143,984921
1950-02-28,-0.314,983514
1950-02-27,0.028,986613
1950-02-24,0.430,986333
1950-02-23,0.259,982110
1950-02-21,-0.144,979577
1950-02-20,0.317,980986
1950-02-17,0.959,977890
1950-02-16,-0.377,968597
1950-02-15,0.029,972260
1950-02-14,-1.004,971980
1950-02-10,-0.201,981838
1950-02-09,0.431,983810
1950-02-08,-0.086,979587
1950-02-07,-0.486,980434
1950-02-06,0.200,985223
1950-02-03,0.374,983253
1950-02-02,1.075,979593
1950-02-01,0.029,969174
1950-01-31,0.204,968893
1950-01-30,1.209,966923
1950-01-27,0.563,955377
1950-01-26,-0.030,950027
1950-01-25,-0.677,950310
1950-01-24,-0.323,956789
1950-01-23,0.147,959888
1950-01-20,0.206,958481
1950-01-19,0.147,956511
1950-01-18,-0.030,955104
1950-01-17,0.862,955387
1950-01-16,0.328,947220
1950-01-13,-0.505,944124
1950-01-12,-1.893,948913
1950-01-11,0.380,967221
1950-01-10,-0.263,963561
1950-01-09,0.616,966097
1950-01-06,0.324,960184
1950-01-05,0.503,957087
1950-01-04,1.167,952300
1950-01-03,-0.743,941316
1949-12-30,0.688,948359
1949-12-29,0.150,941882
1949-12-28,0.512,940475
1949-12-27,-0.330,935688
1949-12-23,0.030,938787
1949-12-22,0.939,938507
1949-12-21,-0.212,929777
1949-12-20,-0.332,931749
1949-12-19,-0.390,934849
1949-12-16,-0.059,938512
1949-12-15,0.098,939067
1949-12-14,0.216,938143
1949-12-13,0.453,936121
1949-12-12,0.933,931901
1949-12-09,-0.019,923286
1949-12-08,0.041,923461
1949-12-07,0.279,923086
1949-12-06,-0.079,920515
1949-12-05,0.823,921239
1949-12-02,0.829,913722
1949-12-01,0.590,906206
1949-11-30,0.286,900886
1949-11-29,-0.142,898314
1949-11-28,-0.263,899588
1949-11-25,-0.504,901961
1949-11-23,0.285,906532
1949-11-22,0.530,903959
1949-11-21,-0.385,899190
1949-11-18,1.150,902661
1949-11-17,0.787,892397
1949-11-16,0.604,885429
1949-11-15,-1.677,880110
1949-11-14,-0.629,895120
1949-11-10,-0.202,900789
1949-11-09,0.163,902613
1949-11-07,-0.263,901140
1949-11-04,-0.443,903512
1949-11-03,-0.201,907534
1949-11-02,0.834,909357
1949-11-01,1.027,901840
1949-10-31,-0.204,892674
1949-10-28,-0.387,894497
1949-10-27,0.596,897969
1949-10-26,0.724,892650
1949-10-25,0.541,886231
1949-10-24,0.167,881461
1949-10-21,-0.269,879987
1949-10-20,-0.144,882360
1949-10-19,0.606,883634
1949-10-18,0.736,878314
1949-10-17,-1.080,871896
1949-10-14,-0.330,881412
1949-10-13,0.042,884334
1949-10-11,0.921,883960
1949-10-10,-0.083,875893
1949-10-07,0.106,876617
1949-10-06,0.421,875693
1949-10-05,0.233,872022
1949-10-04,1.000,869998
1949-10-03,0.171,861381
1949-09-30,-0.212,859908
1949-09-29,0.621,861731
1949-09-28,0.820,856411
1949-09-27,-0.727,849442
1949-09-26,-0.213,855662
1949-09-23,0.495,857485
1949-09-22,0.627,853264
1949-09-21,1.492,847944
1949-09-20,-2.270,835480
1949-09-19,-0.659,854888
1949-09-16,0.330,860558
1949-09-15,-0.741,857732
1949-09-14,-0.048,864131
1949-09-13,1.420,864545
1949-09-12,0.788,852442
1949-09-09,-0.049,845782
1949-09-08,0.209,846195
1949-09-07,0.664,844432
1949-09-06,-0.049,838860
1949-09-02,-0.114,839273
1949-09-01,0.602,840231
1949-08-31,0.081,835202
1949-08-30,0.606,834527
1949-08-29,-1.023,829499
1949-08-26,0.407,838075
1949-08-25,0.277,834679
1949-08-24,0.081,832372
1949-08-23,-1.276,831697
1949-08-22,-0.242,842450
1949-08-19,-0.561,844496
1949-08-18,0.272,849263
1949-08-17,1.120,846956
1949-08-16,0.276,837574
1949-08-15,-0.438,835266
1949-08-12,-0.437,838945
1949-08-11,-0.306,842624
1949-08-10,0.468,845214
1949-08-09,-0.882,841274
1949-08-08,1.052,848762
1949-08-05,1.462,839924
1949-08-04,-0.116,827820
1949-08-03,-0.050,828778
1949-08-02,0.279,829192
1949-08-01,0.545,826884
1949-07-29,0.016,822399
1949-07-28,-0.116,822269
1949-07-27,0.016,823226
1949-07-26,0.816,823095
1949-07-25,0.351,816434
1949-07-22,-0.051,813582
1949-07-21,-0.450,813995
1949-07-20,0.216,817674
1949-07-19,0.959,815911
1949-07-18,0.286,808160
1949-07-15,-0.186,805852
1949-07-14,0.084,807354
1949-07-13,1.177,806679
1949-07-12,0.704,797296
1949-07-11,0.017,791723
1949-07-08,-0.052,791592
1949-07-07,0.017,792005
1949-07-06,1.270,791874
1949-07-05,0.577,781946
1949-07-01,0.722,777461
1949-06-30,0.513,771888
1949-06-29,0.659,767947
1949-06-28,-0.832,762917
1949-06-27,-0.054,769318
1949-06-24,0.159,769731
1949-06-23,0.515,768511
1949-06-22,-0.267,764570
1949-06-21,0.088,766617
1949-06-20,1.459,765941
1949-06-17,0.192,754925
1949-06-16,-0.318,753479
1949-06-15,1.901,755884
1949-06-14,0.685,741785
1949-06-13,-1.811,736736
1949-06-10,-0.811,750322
1949-06-09,0.034,756454
1949-06-08,0.672,756197
1949-06-07,0.176,751148
1949-06-06,-1.574,749826
1949-06-03,-0.592,761815
1949-06-02,0.034,766350
1949-06-01,-0.313,766093
1949-05-31,-2.137,768498
1949-05-27,-0.305,785279
1949-05-26,-0.035,787684
1949-05-25,0.508,787960
1949-05-24,-0.508,783976
1949-05-23,-0.971,787979
1949-05-20,-0.434,795709
1949-05-19,-0.564,799179
1949-05-18,-0.233,803714
1949-05-17,-0.166,805587
1949-05-16,0.563,806928
1949-05-13,0.098,802411
1949-05-12,0.165,801622
1949-05-11,0.232,800300
1949-05-10,-0.367,798446
1949-05-09,-0.233,801384
1949-05-06,-0.561,803257
1949-05-05,-0.034,807792
1949-05-04,1.165,808068
1949-05-03,0.501,798760
1949-05-02,0.504,794776
1949-04-29,0.167,790791
1949-04-28,-0.438,789470
1949-04-27,0.032,792940
1949-04-26,0.573,792683
1949-04-25,-0.102,788167
1949-04-22,-0.102,788975
1949-04-21,-1.626,789783
1949-04-20,-0.233,802838
1949-04-19,-0.364,804711
1949-04-18,0.562,807649
1949-04-14,-0.167,803133
1949-04-13,-0.034,804473
1949-04-12,0.297,804749
1949-04-11,0.165,802362
1949-04-08,0.299,801040
1949-04-07,0.099,798654
1949-04-06,-0.234,797864
1949-04-05,-0.101,799738
1949-04-04,0.299,800546
1949-04-01,-0.763,798159
1949-03-31,-0.952,804292
1949-03-30,-0.034,812023
1949-03-29,1.971,812299
1949-03-28,0.301,796599
1949-03-25,-0.502,794212
1949-03-24,0.166,798215
1949-03-23,1.251,796893
1949-03-22,-0.640,787051
1949-03-21,-0.436,792120
1949-03-18,-0.168,795590
1949-03-17,0.357,796927
1949-03-16,-0.366,794089
1949-03-15,-0.559,797003
1949-03-14,0.355,801486
1949-03-11,1.020,798648
1949-03-10,0.094,790583
1949-03-09,-0.170,789837
1949-03-08,0.227,791182
1949-03-07,1.304,789390
1949-03-04,0.163,779233
1949-03-03,-0.106,777964
1949-03-02,-0.239,778786
1949-03-01,0.635,780654
1949-02-28,1.674,775725
1949-02-25,-0.244,762954
1949-02-24,-1.187,764822
1949-02-23,-0.909,774010
1949-02-21,-0.305,781107
1949-02-18,-0.238,783498
1949-02-17,0.699,785366
1949-02-16,0.568,779914
1949-02-15,0.299,775508
1949-02-14,0.368,773193
1949-02-11,-0.107,770355
1949-02-10,-1.310,771178
1949-02-09,0.567,781412
1949-02-08,-0.374,777006
1949-02-07,-2.137,779920
1949-02-04,-1.459,796952
1949-02-03,-0.166,808755
1949-02-02,0.092,810101
1949-02-01,0.809,809355
1949-01-31,0.158,802857
1949-01-28,-0.297,801588
1949-01-27,-0.232,803979
1949-01-26,-0.231,805848
1949-01-25,-0.680,807716
1949-01-24,-0.165,813245
1949-01-21,-0.165,814591
1949-01-20,0.414,815936
1949-01-19,0.415,812576
1949-01-18,0.028,809215
1949-01-17,0.941,808992
1949-01-14,-0.942,801448
1949-01-13,-0.487,809069
1949-01-12,-0.165,813029
1949-01-11,-0.037,814375
1949-01-10,-0.611,814674
1949-01-07,0.734,819681
1949-01-06,2.263,813705
1949-01-05,0.890,795702
1949-01-04,0.562,788681
1949-01-03,-1.612,784274
1948-12-31,-0.494,797125
1948-12-30,0.028,801085
1948-12-29,1.352,800862
1948-12-28,-0.695,790180
1948-12-27,-0.365,795709
1948-12-24,0.687,798623
1948-12-23,0.028,793170
1948-12-22,0.094,792947
1948-12-21,-0.301,792201
1948-12-20,-0.038,794593
1948-12-17,0.306,794892
1948-12-16,-0.031,792467
1948-12-15,-0.481,792715
1948-12-14,-0.479,796549
1948-12-13,0.742,800382
1948-12-10,0.357,794485
1948-12-09,-0.161,791660
1948-12-08,-0.225,792933
1948-12-07,0.098,794718
1948-12-06,0.683,793942
1948-12-03,0.886,788556
1948-12-02,-0.032,781633
1948-12-01,1.768,781882
1948-11-30,-0.232,768301
1948-11-29,-0.758,770086
1948-11-26,0.034,775968
1948-11-24,-1.783,775704
1948-11-23,-0.096,789782
1948-11-22,-0.611,790543
1948-11-19,0.356,795401
1948-11-18,0.293,792576
1948-11-17,-0.225,790264
1948-11-16,-0.031,792049
1948-11-15,1.544,792297
1948-11-12,0.297,780252
1948-11-10,-0.032,777939
1948-11-09,-3.093,778188
1948-11-08,0.482,803023
1948-11-05,-4.322,799174
1948-11-04,1.337,835279
1948-11-03,-4.538,824258
1948-11-01,1.232,863436
1948-10-29,0.272,852928
1948-10-28,-0.627,850616
1948-10-27,-0.089,855987
1948-10-26,0.091,856748
1948-10-25,-0.149,855972
1948-10-22,1.548,857245
1948-10-21,0.153,844175
1948-10-20,0.397,842887
1948-10-19,0.584,839550
1948-10-18,0.463,834676
1948-10-15,-0.091,830826
1948-10-14,0.341,831587
1948-10-13,1.221,828762
1948-10-11,0.032,818765
1948-10-08,-0.155,818502
1948-10-07,0.598,819775
1948-10-06,0.158,814901
1948-10-05,-0.156,813612
1948-10-04,1.178,814885
1948-10-01,1.192,805401
1948-09-30,-0.352,795916
1948-09-29,1.268,798726
1948-09-28,1.151,788729
1948-09-27,-2.591,779756
1948-09-24,0.290,800496
1948-09-23,-0.159,798183
1948-09-22,0.290,799456
1948-09-21,0.746,797143
1948-09-20,-1.811,791244
1948-09-17,-0.436,805836
1948-09-16,0.013,809369
1948-09-15,-0.112,809263
1948-09-14,0.771,810174
1948-09-13,-0.802,803972
1948-09-10,0.139,810471
1948-09-09,-1.593,809349
1948-09-08,-1.688,822452
1948-09-07,0.501,836571
1948-09-03,0.196,832401
1948-09-02,0.504,830772
1948-09-01,1.195,826602
1948-08-31,-0.049,816844
1948-08-30,-0.789,817247
1948-08-27,0.447,823745
1948-08-26,0.324,820084
1948-08-25,-0.173,817438
1948-08-24,0.512,818857
1948-08-23,-1.280,814687
1948-08-20,1.071,825250
1948-08-19,0.325,816508
1948-08-18,0.013,813862
1948-08-17,1.214,813757
1948-08-16,0.267,803999
1948-08-13,-0.050,801861
1948-08-12,0.267,802263
1948-08-11,-0.429,800126
1948-08-10,-1.359,803576
1948-08-09,-0.975,814648
1948-08-06,0.198,822671
1948-08-05,-0.357,821042
1948-08-04,1.579,823985
1948-08-03,0.327,811178
1948-08-02,0.013,808532
1948-07-30,-1.229,808426
1948-07-29,-0.788,818482
1948-07-28,-0.660,824981
1948-07-27,1.064,830465
1948-07-26,-0.906,821722
1948-07-23,0.382,829237
1948-07-22,0.756,826084
1948-07-21,0.825,819881
1948-07-20,1.536,813171
1948-07-19,-3.241,800871
1948-07-16,-1.380,827694
1948-07-15,-1.888,839274
1948-07-14,0.131,855428
1948-07-13,-0.579,854306
1948-07-12,-0.224,859282
1948-07-09,0.666,861209
1948-07-08,0.131,855514
1948-07-07,-0.343,854393
1948-07-06,0.012,857336
1948-07-02,0.910,857231
1948-07-01,-0.226,849504
1948-06-30,0.312,851431
1948-06-29,0.494,848785
1948-06-28,-1.294,844615
1948-06-25,-0.343,855688
1948-06-24,-0.224,858631
1948-06-23,1.026,860558
1948-06-22,-0.166,851815
1948-06-21,-0.990,853234
1948-06-18,-0.153,861766
1948-06-17,-0.092,863088
1948-06-16,-0.265,863880
1948-06-15,0.547,866172
1948-06-14,0.141,861461
1948-06-11,0.316,860252
1948-06-10,0.083,857542
1948-06-09,0.435,856833
1948-06-08,1.695,853123
1948-06-07,-0.273,838906
1948-06-04,-0.743,841199
1948-06-03,-0.211,847494
1948-06-02,0.143,849287
1948-06-01,0.321,848077
1948-05-28,0.084,845367
1948-05-27,0.025,844658
1948-05-26,0.922,844450
1948-05-25,-0.035,836737
1948-05-24,0.265,837028
1948-05-21,0.265,834818
1948-05-20,0.569,832608
1948-05-19,-0.096,827897
1948-05-18,-1.286,828689
1948-05-17,1.354,839487
1948-05-14,2.439,828271
1948-05-13,0.774,808550
1948-05-12,0.151,802338
1948-05-11,0.339,801128
1948-05-10,0.594,798418
1948-05-07,0.597,793706
1948-05-06,0.858,788994
1948-05-05,-0.546,782281
1948-05-04,-0.037,786575
1948-05-03,0.796,786867
1948-04-30,-0.229,780654
1948-04-29,-0.292,782446
1948-04-28,0.154,784739
1948-04-27,0.091,783529
1948-04-26,-1.485,782820
1948-04-23,0.660,794619
1948-04-22,0.922,789407
1948-04-21,0.541,782193
1948-04-20,-0.037,777982
1948-04-19,0.285,778273
1948-04-16,0.351,776063
1948-04-15,0.679,773352
1948-04-14,-0.103,768140
1948-04-13,0.158,768931
1948-04-12,-0.038,767722
1948-04-09,0.158,768013
1948-04-08,0.289,766803
1948-04-07,-0.299,764593
1948-04-06,0.684,766886
1948-04-05,0.225,761673
1948-04-02,0.226,759963
1948-04-01,0.292,758253
1948-03-31,1.438,756042
1948-03-30,1.183,745326
1948-03-29,-0.310,736610
1948-03-25,0.437,738903
1948-03-24,-0.040,735692
1948-03-23,0.028,735983
1948-03-22,2.683,735774
1948-03-19,2.092,716550
1948-03-18,0.590,701865
1948-03-17,0.809,697745
1948-03-16,-1.516,692148
1948-03-15,0.519,702802
1948-03-12,0.026,699175
1948-03-11,-0.115,698995
1948-03-10,0.450,699800
1948-03-09,-0.607,696665
1948-03-08,-0.464,700917
1948-03-05,0.236,704185
1948-03-04,-0.602,702527
1948-03-03,0.095,706779
1948-03-02,0.657,706107
1948-03-01,1.019,701495
1948-02-27,-0.328,694420
1948-02-26,-0.607,696702
1948-02-25,0.520,700955
1948-02-24,0.309,697327
1948-02-20,-0.398,695177
1948-02-19,-0.186,697952
1948-02-18,0.096,699250
1948-02-17,0.026,698577
1948-02-16,1.385,698397
1948-02-13,-0.188,688860
1948-02-11,-0.045,690157
1948-02-10,-2.884,690470
1948-02-09,0.864,710975
1948-02-06,-0.044,704885
1948-02-05,-1.012,705197
1948-02-04,-1.808,712405
1948-02-03,-0.583,725522
1948-02-02,0.228,729775
1948-01-30,0.228,728118
1948-01-29,1.122,726460
1948-01-28,1.065,718400
1948-01-27,0.164,710832
1948-01-26,-0.183,709667
1948-01-23,-0.458,710965
1948-01-22,-0.796,714233
1948-01-21,-1.125,719963
1948-01-20,0.092,728156
1948-01-19,-1.114,727483
1948-01-16,-0.042,735677
1948-01-15,-0.442,735989
1948-01-14,0.024,739257
1948-01-13,-1.421,739077
1948-01-12,-0.369,749733
1948-01-09,-0.497,752509
1948-01-08,0.548,756269
1948-01-07,0.551,752149
1948-01-06,-0.304,748029
1948-01-05,-0.887,750312
1948-01-02,0.285,757027
1947-12-31,0.549,754877
1947-12-30,1.220,750757
1947-12-29,-0.504,741711
1947-12-26,-0.828,745472
1947-12-24,-0.042,751695
1947-12-23,0.419,752008
1947-12-22,0.553,748873
1947-12-19,0.360,744752
1947-12-18,-0.298,742084
1947-12-17,0.223,744304
1947-12-16,-0.103,742650
1947-12-15,1.148,743418
1947-12-12,0.758,734984
1947-12-11,-0.039,729455
1947-12-10,0.161,729738
1947-12-09,0.361,728569
1947-12-08,0.971,725946
1947-12-05,-1.499,718964
1947-12-04,-0.566,729903
1947-12-03,-0.888,734061
1947-12-02,0.158,740640
1947-12-01,0.621,739471
1947-11-28,-0.952,734910
1947-11-26,-0.428,741974
1947-11-25,-0.232,745164
1947-11-24,-0.554,746900
1947-11-21,-0.487,751058
1947-11-20,0.478,754732
1947-11-19,0.286,751141
1947-11-18,0.744,749002
1947-11-17,0.027,743473
1947-11-14,0.223,743272
1947-11-13,-0.944,741618
1947-11-12,-0.360,748682
1947-11-10,0.415,751387
1947-11-07,-0.167,748280
1947-11-06,0.027,749532
1947-11-05,-0.743,749331
1947-11-03,0.220,754943
1947-10-31,0.674,753289
1947-10-30,-0.999,748244
1947-10-29,-0.293,755793
1947-10-28,0.090,758014
1947-10-27,0.219,757328
1947-10-24,-1.240,755674
1947-10-23,0.090,765161
1947-10-22,-0.416,764475
1947-10-21,-0.163,767665
1947-10-20,1.367,768917
1947-10-17,0.090,758544
1947-10-16,-0.101,757859
1947-10-15,0.283,758627
1947-10-14,1.720,756488
1947-10-10,0.223,743693
1947-10-09,0.685,742039
1947-10-08,-0.756,736994
1947-10-07,0.027,742605
1947-10-06,0.289,742404
1947-10-03,0.488,740266
1947-10-02,0.093,736674
1947-10-01,0.358,735988
1947-09-30,1.164,733365
1947-09-29,0.633,724929
1947-09-26,-0.307,720368
1947-09-25,-0.572,722589
1947-09-24,0.429,726748
1947-09-23,-1.619,723640
1947-09-22,-0.104,735549
1947-09-19,-0.061,736317
1947-09-18,-0.379,736764
1947-09-17,1.329,739565
1947-09-16,0.943,729863
1947-09-15,-0.386,723047
1947-09-12,-0.319,725847
1947-09-11,0.078,728167
1947-09-10,0.946,727602
1947-09-09,0.212,720785
1947-09-08,-1.568,719258
1947-09-05,-0.251,730714
1947-09-04,-1.221,732553
1947-09-03,-0.247,741605
1947-09-02,0.336,743444
1947-08-29,0.665,740955
1947-08-28,-0.184,736062
1947-08-27,0.142,737420
1947-08-26,0.011,736374
1947-08-25,-1.405,736289
1947-08-22,0.140,746784
1947-08-21,0.270,745738
1947-08-20,-0.439,743730
1947-08-19,-0.246,747012
1947-08-18,-0.500,748851
1947-08-15,0.719,752613
1947-08-14,-0.310,747239
1947-08-13,0.592,749559
1947-08-12,0.661,745147
1947-08-11,-0.634,740253
1947-08-08,-1.326,744978
1947-08-07,0.139,754992
1947-08-06,-0.307,753946
1947-08-05,0.330,756266
1947-08-04,-1.124,753777
1947-08-01,0.264,762349
1947-07-31,1.553,760341
1947-07-30,-0.436,748715
1947-07-29,-2.179,751996
1947-07-28,-0.857,768744
1947-07-25,-0.237,775392
1947-07-24,1.074,777231
1947-07-23,0.514,768972
1947-07-22,0.453,765040
1947-07-21,-0.304,761589
1947-07-18,0.645,763909
1947-07-17,-1.055,759016
1947-07-16,-0.052,767107
1947-07-15,-0.177,767503
1947-07-14,0.577,768862
1947-07-11,1.221,764449
1947-07-10,1.041,755227
1947-07-09,-0.945,747448
1947-07-08,0.395,754577
1947-07-07,0.075,751607
1947-07-03,1.047,751042
1947-07-02,-0.118,743262
1947-07-01,1.654,744140
1947-06-30,0.607,732032
1947-06-27,0.012,727619
1947-06-26,0.410,727534
1947-06-25,0.815,724564
1947-06-24,-1.957,718708
1947-06-23,0.539,733052
1947-06-20,0.162,729120
1947-06-19,1.210,727942
1947-06-18,0.027,719237
1947-06-17,-0.366,719040
1947-06-16,0.290,721678
1947-06-13,1.090,719590
1947-06-12,-0.501,711831
1947-06-11,2.327,715414
1947-06-10,0.984,699148
1947-06-09,-0.515,692334
1947-06-06,0.782,695917
1947-06-05,-0.040,690521
1947-06-04,-0.651,690796
1947-06-03,1.407,695325
1947-06-02,-0.995,685674
1947-05-29,0.785,692566
1947-05-28,1.566,687170
1947-05-27,-0.110,676574
1947-05-26,-0.388,677322
1947-05-23,0.099,679960
1947-05-22,0.730,679290
1947-05-21,1.887,674366
1947-05-20,0.460,661879
1947-05-19,-1.316,658846
1947-05-16,-1.915,667629
1947-05-15,0.941,680665
1947-05-14,-0.250,674323
1947-05-13,-2.093,676016
1947-05-12,-1.122,690471
1947-05-09,0.232,698309
1947-05-08,-0.512,696694
1947-05-07,-0.039,700277
1947-05-06,-1.040,700553
1947-05-05,0.430,707918
1947-05-02,0.704,704884
1947-05-01,0.777,699960
1947-04-30,1.269,694563
1947-04-29,0.236,685857
1947-04-28,-0.109,684242
1947-04-25,-0.657,684989
1947-04-24,-0.585,689519
1947-04-23,0.165,693575
1947-04-22,0.786,692432
1947-04-21,2.570,687035
1947-04-18,-1.226,669821
1947-04-17,-0.110,678132
1947-04-16,1.014,678879
1947-04-15,0.100,672064
1947-04-14,-3.896,671394
1947-04-11,-0.711,698613
1947-04-10,0.095,703615
1947-04-09,-0.039,702945
1947-04-08,-1.430,703220
1947-04-07,-0.827,713422
1947-04-03,-0.235,719370
1947-04-02,-0.038,721063
1947-04-01,0.422,721338
1947-03-31,-1.015,718305
1947-03-28,-0.427,725671
1947-03-27,1.143,728782
1947-03-26,1.425,720549
1947-03-25,-0.568,710424
1947-03-24,-0.891,714481
1947-03-21,1.214,720902
1947-03-20,-0.043,712254
1947-03-19,0.483,712560
1947-03-18,1.288,709138
1947-03-17,0.290,700123
1947-03-14,-0.969,698099
1947-03-13,-0.241,704930
1947-03-12,0.620,706635
1947-03-11,-0.833,702281
1947-03-10,-0.955,708180
1947-03-07,-3.074,715011
1947-03-06,0.402,737689
1947-03-05,1.177,734733
1947-03-04,0.022,726184
1947-03-03,-0.106,726025
1947-02-28,-0.298,726797
1947-02-27,1.187,728968
1947-02-26,-1.066,720419
1947-02-25,-1.243,728183
1947-02-24,-0.794,737345
1947-02-21,0.526,743244
1947-02-20,0.211,739356
1947-02-19,-1.165,737798
1947-02-18,0.021,746494
1947-02-17,0.146,746335
1947-02-14,-0.415,745243
1947-02-13,-1.270,748346
1947-02-11,0.578,757975
1947-02-10,-0.410,753620
1947-02-07,1.649,756724
1947-02-06,-0.353,744445
1947-02-05,0.586,747082
1947-02-04,0.210,742728
1947-02-03,0.910,741170
1947-01-31,0.404,734484
1947-01-30,-0.296,731528
1947-01-29,1.179,733699
1947-01-28,0.865,725149
1947-01-27,0.873,718930
1947-01-24,0.153,712711
1947-01-23,1.015,711619
1947-01-22,0.488,704467
1947-01-21,-0.309,701044
1947-01-20,-0.308,703215
1947-01-17,1.977,705386
1947-01-16,0.091,691708
1947-01-15,-0.647,691082
1947-01-14,0.495,695584
1947-01-13,-2.856,692161
1947-01-10,-1.270,712512
1947-01-09,0.216,721675
1947-01-08,0.608,720117
1947-01-07,-0.753,715762
1947-01-06,1.200,721196
1947-01-03,0.417,712646
1947-01-02,-0.630,709689
1946-12-31,0.879,714191
1946-12-30,-0.109,707971
1946-12-27,-0.109,708744
1946-12-26,-1.018,709516
1946-12-24,-0.237,716815
1946-12-23,-0.559,718520
1946-12-20,0.340,722556
1946-12-19,1.579,720104
1946-12-18,0.216,708912
1946-12-17,-0.368,707382
1946-12-16,0.477,709993
1946-12-13,0.152,706622
1946-12-12,-1.330,705552
1946-12-11,0.279,715063
1946-12-10,0.021,713073
1946-12-09,4.191,712923
1946-12-06,0.427,684248
1946-12-05,-0.515,681337
1946-12-04,1.592,684868
1946-12-03,0.365,674136
1946-12-02,-1.596,671685
1946-11-29,0.906,682577
1946-11-27,0.707,676446
1946-11-26,0.991,671695
1946-11-25,1.284,665103
1946-11-22,-0.535,656671
1946-11-21,-1.690,660202
1946-11-20,-0.726,671554
1946-11-19,-0.046,676465
1946-11-18,-0.988,676775
1946-11-15,-1.044,683526
1946-11-14,0.558,690738
1946-11-13,-0.842,686907
1946-11-12,0.623,692738
1946-11-08,0.425,688447
1946-11-07,0.834,685536
1946-11-06,-4.255,679864
1946-11-04,1.735,710081
1946-11-01,1.562,697968
1946-10-31,3.631,687236
1946-10-30,0.441,663159
1946-10-29,-0.875,660249
1946-10-28,-2.075,666080
1946-10-25,-0.516,680193
1946-10-24,0.089,683724
1946-10-23,-0.714,683114
1946-10-22,-0.775,688025
1946-10-21,0.221,693396
1946-10-18,-0.244,691866
1946-10-17,-1.482,693556
1946-10-16,-0.369,703989
1946-10-15,4.019,706600
1946-10-14,0.567,679302
1946-10-11,2.109,675470
1946-10-10,1.506,661516
1946-10-09,-2.792,651703
1946-10-08,-1.131,670418
1946-10-07,-0.719,678091
1946-10-04,-1.111,683002
1946-10-03,-0.377,690674
1946-10-02,0.825,693285
1946-10-01,-0.245,687613
1946-09-30,-0.970,689304
1946-09-27,-1.026,696056
1946-09-26,1.147,703268
1946-09-25,2.603,695295
1946-09-24,2.173,677659
1946-09-23,-1.884,663244
1946-09-20,2.515,675978
1946-09-19,-3.150,659393
1946-09-18,-3.117,680838
1946-09-17,-0.767,702741
1946-09-16,0.593,708173
1946-09-13,1.929,703997
1946-09-12,-0.190,690670
1946-09-11,3.146,691984
1946-09-10,-2.776,670880
1946-09-09,-5.209,690038
1946-09-06,-0.926,727955
1946-09-05,3.421,734760
1946-09-04,-0.441,710452
1946-09-03,-6.693,713597
1946-08-30,-0.646,764783
1946-08-29,0.186,769758
1946-08-28,-1.111,768327
1946-08-27,-3.130,776962
1946-08-26,-0.616,802069
1946-08-23,0.121,807044
1946-08-22,-1.004,806071
1946-08-21,-0.939,814250
1946-08-20,0.567,821970
1946-08-19,-0.161,817337
1946-08-16,-0.824,818652
1946-08-15,-1.144,825457
1946-08-14,-0.157,835008
1946-08-13,0.834,836323
1946-08-12,0.173,829402
1946-08-09,-0.324,827971
1946-08-08,0.450,830659
1946-08-07,0.957,826941
1946-08-06,-0.272,819104
1946-08-05,-0.602,821334
1946-08-02,0.062,826310
1946-08-01,0.285,825794
1946-07-31,1.131,823449
1946-07-30,0.572,814239
1946-07-29,0.347,809606
1946-07-26,0.578,806802
1946-07-25,0.523,802169
1946-07-24,0.122,797993
1946-07-23,-3.000,797020
1946-07-22,-0.271,821671
1946-07-19,-0.325,823902
1946-07-18,-0.159,826589
1946-07-17,0.563,827904
1946-07-16,0.118,823271
1946-07-15,-1.743,822298
1946-07-12,-0.645,836883
1946-07-11,-0.534,842316
1946-07-10,0.169,846835
1946-07-09,0.551,845404
1946-07-08,-0.373,840770
1946-07-05,-0.317,843916
1946-07-03,-0.209,846604
1946-07-02,-0.047,848377
1946-07-01,0.603,848777
1946-06-28,0.224,843685
1946-06-27,1.553,841797
1946-06-26,-0.158,828926
1946-06-25,-0.705,830241
1946-06-24,0.226,836132
1946-06-21,1.124,834244
1946-06-20,-2.180,824969
1946-06-19,-0.569,843353
1946-06-18,-1.350,848178
1946-06-17,0.122,859783
1946-06-14,-0.036,858732
1946-06-13,0.599,859037
1946-06-12,0.229,853918
1946-06-11,-1.033,851963
1946-06-10,0.175,860856
1946-06-07,0.070,859353
1946-06-06,-0.036,858755
1946-06-05,-0.559,859060
1946-06-04,-0.607,863885
1946-06-03,-0.655,869162
1946-05-31,-0.344,874891
1946-05-29,0.275,877908
1946-05-28,1.484,875501
1946-05-27,0.756,862698
1946-05-24,0.017,856223
1946-05-23,-0.088,856076
1946-05-22,0.654,856834
1946-05-21,0.230,851262
1946-05-20,0.231,849308
1946-05-17,-0.196,847353
1946-05-16,0.607,849014
1946-05-15,-0.727,843895
1946-05-14,-0.617,850076
1946-05-13,0.282,855353
1946-05-10,1.633,852946
1946-05-09,-0.144,839239
1946-05-08,-0.197,840448
1946-05-07,1.378,842109
1946-05-06,-1.059,830661
1946-05-03,-0.837,839555
1946-05-02,-0.461,846640
1946-05-01,-0.248,850562
1946-04-30,0.230,852675
1946-04-29,0.767,850720
1946-04-26,0.232,844244
1946-04-25,-0.570,842289
1946-04-24,-0.987,847115
1946-04-23,-0.194,855557
1946-04-22,-0.088,857218
1946-04-18,0.334,857975
1946-04-17,-0.141,855116
1946-04-16,1.355,856325
1946-04-15,-0.779,844877
1946-04-12,0.017,851511
1946-04-11,-0.195,851364
1946-04-10,-0.352,853025
1946-04-09,1.410,856043
1946-04-08,0.448,844142
1946-04-05,-0.197,840378
1946-04-04,1.103,842040
1946-04-03,1.730,832851
1946-04-02,0.073,818690
1946-04-01,0.129,818091
1946-03-29,0.631,817040
1946-03-28,-0.093,811920
1946-03-27,-0.590,812677
1946-03-26,-0.037,817503
1946-03-25,2.107,817808
1946-03-22,0.018,800934
1946-03-21,0.701,800787
1946-03-20,0.763,795215
1946-03-19,-0.664,789190
1946-03-18,1.697,794468
1946-03-15,1.126,781210
1946-03-14,-0.325,772515
1946-03-13,-1.512,775031
1946-03-12,0.249,786928
1946-03-11,-0.601,784976
1946-03-08,0.877,789726
1946-03-07,0.885,782860
1946-03-06,-0.437,775995
1946-03-05,1.064,779404
1946-03-04,-0.669,771198
1946-03-01,-0.380,776394
1946-02-28,0.772,779357
1946-02-27,2.026,773384
1946-02-26,-0.564,758030
1946-02-25,-4.512,762333
1946-02-21,2.019,798356
1946-02-20,-1.829,782555
1946-02-19,-3.652,797133
1946-02-18,-0.303,827349
1946-02-15,1.941,829865
1946-02-14,0.628,814063
1946-02-13,-1.396,808984
1946-02-11,-1.641,820436
1946-02-08,-0.087,834122
1946-02-07,0.020,834851
1946-02-06,-0.672,834686
1946-02-05,0.447,840330
1946-02-04,-0.087,836591
1946-02-01,0.395,837320
1946-01-31,0.073,834029
1946-01-30,-0.567,833417
1946-01-29,0.287,838168
1946-01-28,2.937,835769
1946-01-25,-0.145,811925
1946-01-24,0.296,813101
1946-01-23,1.192,810702
1946-01-22,0.695,801155
1946-01-21,-3.029,795629
1946-01-18,-0.197,820485
1946-01-17,-0.197,822108
1946-01-16,0.129,823731
1946-01-15,0.183,822673
1946-01-14,1.121,821168
1946-01-11,0.352,812067
1946-01-10,0.688,809222
1946-01-09,1.488,803696
1946-01-08,2.213,791914
1946-01-07,0.485,774770
1946-01-04,-0.210,771031
1946-01-03,0.137,772654
1946-01-02,-0.612,771596
1945-12-31,0.310,776346
1945-12-28,0.195,773947
1945-12-27,-0.725,772442
1945-12-26,2.554,778086
1945-12-21,-0.048,758708
1945-12-20,-0.619,759070
1945-12-19,0.017,763801
1945-12-18,0.952,763669
1945-12-17,-2.100,756465
1945-12-14,0.132,772689
1945-12-13,-0.439,771673
1945-12-12,-1.500,775078
1945-12-11,-0.208,786881
1945-12-10,0.808,788518
1945-12-07,0.243,782198
1945-12-06,0.529,780298
1945-12-05,-0.040,776188
1945-12-04,-0.097,776499
1945-12-03,1.460,777251
1945-11-30,0.949,766069
1945-11-29,-0.157,758864
1945-11-28,-0.504,760059
1945-11-27,1.248,763906
1945-11-26,0.548,754491
1945-11-23,-0.974,750381
1945-11-21,-1.421,757764
1945-11-20,0.479,768684
1945-11-19,-0.098,765016
1945-11-16,0.774,765768
1945-11-15,0.780,759890
1945-11-14,-0.508,754012
1945-11-13,-0.332,757859
1945-11-09,0.134,760379
1945-11-08,-0.331,759364
1945-11-07,1.192,761884
1945-11-05,0.490,752911
1945-11-02,-0.041,749243
1945-11-01,1.333,749553
1945-10-31,1.659,739696
1945-10-30,0.140,727628
1945-10-29,-0.767,726612
1945-10-26,0.504,732228
1945-10-25,0.506,728559
1945-10-24,-1.484,724891
1945-10-23,-0.757,735811
1945-10-22,0.739,741427
1945-10-19,-0.757,735990
1945-10-18,0.377,741605
1945-10-17,0.439,738821
1945-10-16,0.018,735595
1945-10-15,0.078,735463
1945-10-11,-0.102,734889
1945-10-10,0.380,735642
1945-10-09,0.260,732857
1945-10-08,0.749,730957
1945-10-05,0.508,725520
1945-10-04,0.018,721851
1945-10-03,-0.165,721720
1945-10-02,0.018,722914
1945-10-01,1.761,722783
1945-09-28,1.216,710271
1945-09-27,-0.358,701739
1945-09-26,-0.044,704260
1945-09-25,0.144,704570
1945-09-24,-0.232,703554
1945-09-21,-0.497,705191
1945-09-20,0.381,708716
1945-09-19,0.951,706029
1945-09-18,1.997,699380
1945-09-17,-2.191,685690
1945-09-14,-0.555,701048
1945-09-13,0.007,704963
1945-09-12,0.446,704916
1945-09-11,0.638,701789
1945-09-10,0.323,697341
1945-09-07,-0.057,695094
1945-09-06,1.354,695487
1945-09-05,0.135,686198
1945-09-04,2.374,685271
1945-08-31,-1.291,669379
1945-08-30,0.333,678136
1945-08-29,-0.123,675888
1945-08-28,0.333,676722
1945-08-27,1.464,674475
1945-08-24,1.349,664745
1945-08-23,1.992,655895
1945-08-22,0.697,643083
1945-08-21,0.423,638635
1945-08-20,-1.493,635947
1945-08-17,-0.535,645584
1945-08-14,0.621,649059
1945-08-13,-1.140,645051
1945-08-10,-0.060,652487
1945-08-09,1.652,652881
1945-08-08,0.213,642270
1945-08-07,-1.348,640903
1945-08-06,0.279,649659
1945-08-03,0.417,647852
1945-08-02,-0.401,645164
1945-08-01,0.143,647759
1945-07-31,0.417,646832
1945-07-30,1.043,644144
1945-07-27,0.493,637494
1945-07-26,-2.032,634366
1945-07-25,0.968,647525
1945-07-24,0.214,641316
1945-07-23,-1.014,639949
1945-07-20,0.007,646505
1945-07-19,0.693,646458
1945-07-18,-0.334,642010
1945-07-17,-2.198,644164
1945-07-16,-0.723,658644
1945-07-13,-0.258,663440
1945-07-12,0.272,665154
1945-07-11,-0.324,663346
1945-07-10,0.406,665501
1945-07-09,0.878,662813
1945-07-06,0.343,657044
1945-07-05,-1.123,654796
1945-07-03,0.007,662233
1945-07-02,1.082,662186
1945-06-29,-1.123,655096
1945-06-28,-2.011,662533
1945-06-27,-0.123,676134
1945-06-26,0.137,676968
1945-06-25,0.465,676041
1945-06-22,0.138,672912
1945-06-21,0.534,671985
1945-06-20,0.470,668417
1945-06-19,0.140,665289
1945-06-18,-0.059,664362
1945-06-15,0.354,664755
1945-06-14,0.418,662412
1945-06-13,0.486,659656
1945-06-12,0.222,656467
1945-06-11,-0.241,655012
1945-06-08,-0.240,656594
1945-06-07,0.089,658176
1945-06-06,-0.437,657589
1945-06-05,-0.108,660472
1945-06-04,0.155,661186
1945-06-01,0.155,660166
1945-05-31,-0.631,659145
1945-05-29,0.549,663329
1945-05-28,1.627,659706
1945-05-25,0.629,649143
1945-05-24,0.024,645086
1945-05-23,-0.711,644933
1945-05-22,-0.043,649551
1945-05-21,-0.309,649831
1945-05-18,0.694,651847
1945-05-17,0.563,647356
1945-05-16,0.091,643733
1945-05-15,0.362,643146
1945-05-14,0.092,640823
1945-05-11,0.024,640236
1945-05-10,-1.248,640083
1945-05-09,-0.971,648172
1945-05-08,0.223,654525
1945-05-07,0.090,653070
1945-05-04,0.357,652483
1945-05-03,0.696,650161
1945-05-02,-0.111,645670
1945-05-01,-0.311,646385
1945-04-30,0.970,648400
1945-04-27,0.431,642174
1945-04-26,-0.179,639418
1945-04-25,-0.179,640566
1945-04-24,0.500,641714
1945-04-23,0.985,638524
1945-04-20,-0.113,632298
1945-04-19,-0.927,633012
1945-04-18,0.984,638932
1945-04-17,0.162,632706
1945-04-16,2.057,631685
1945-04-13,1.088,618951
1945-04-12,-0.046,612291
1945-04-11,1.462,612571
1945-04-10,0.386,603742
1945-04-09,0.315,601419
1945-04-06,0.755,599531
1945-04-05,-0.698,595039
1945-04-04,-0.119,599224
1945-04-03,0.170,599938
1945-04-02,1.199,598917
1945-03-29,0.246,591822
1945-03-28,0.841,590368
1945-03-27,0.623,585442
1945-03-26,-2.518,581818
1945-03-23,0.464,596848
1945-03-22,-0.047,594092
1945-03-21,-0.915,594372
1945-03-20,-1.331,599859
1945-03-19,-0.543,607948
1945-03-16,0.159,611265
1945-03-15,0.444,610297
1945-03-14,0.162,607600
1945-03-13,0.021,606615
1945-03-12,1.236,606487
1945-03-09,-2.079,599080
1945-03-08,-1.767,611798
1945-03-07,0.089,622804
1945-03-06,0.505,622248
1945-03-05,0.507,619122
1945-03-02,-0.601,615997
1945-03-01,0.159,619723
1945-02-28,0.718,618739
1945-02-27,0.794,614328
1945-02-26,-0.469,609490
1945-02-23,-0.189,612360
1945-02-21,-0.119,613516
1945-02-20,0.371,614245
1945-02-19,0.797,611976
1945-02-16,-0.120,607137
1945-02-15,0.731,607866
1945-02-14,0.521,603455
1945-02-13,1.616,600330
1945-02-09,-0.555,590780
1945-02-08,0.022,594078
1945-02-07,0.238,593950
1945-02-06,0.239,592537
1945-02-05,0.752,591125
1945-02-02,0.757,586714
1945-02-01,0.243,582304
1945-01-31,0.096,580891
1945-01-30,-0.565,580334
1945-01-29,0.613,583632
1945-01-26,0.992,580078
1945-01-25,0.623,574383
1945-01-24,0.324,570829
1945-01-23,-0.651,568987
1945-01-22,-1.014,572714
1945-01-19,-0.931,578581
1945-01-18,-0.416,584021
1945-01-17,0.684,586462
1945-01-16,-0.052,582480
1945-01-15,-0.635,582780
1945-01-12,-0.270,586506
1945-01-11,-0.051,588091
1945-01-10,0.755,588392
1945-01-09,0.095,583981
1945-01-08,0.911,583424
1945-01-05,-0.200,578157
1945-01-04,0.170,579314
1945-01-03,1.070,578329
1945-01-02,0.398,572205
1944-12-29,1.394,569935
1944-12-28,1.024,562098
1944-12-27,-0.437,556402
1944-12-26,-0.662,558844
1944-12-22,0.099,562570
1944-12-21,-0.205,562014
1944-12-20,-0.657,563170
1944-12-19,0.326,566897
1944-12-18,-0.580,565055
1944-12-15,1.008,568354
1944-12-14,0.323,562679
1944-12-13,-0.278,560866
1944-12-12,-0.203,562431
1944-12-11,0.625,563574
1944-12-08,0.782,560070
1944-12-07,0.251,555723
1944-12-06,0.022,554331
1944-12-05,0.405,554207
1944-12-04,0.872,551971
1944-12-01,-0.208,547200
1944-11-30,-0.131,548343
1944-11-29,0.564,549064
1944-11-28,-0.055,545983
1944-11-27,0.333,546281
1944-11-24,-0.518,544467
1944-11-22,0.100,547299
1944-11-21,0.723,546753
1944-11-20,0.414,542827
1944-11-17,-0.133,540591
1944-11-16,0.101,541311
1944-11-15,-0.211,540764
1944-11-14,-1.209,541907
1944-11-13,-0.818,548541
1944-11-10,0.099,553063
1944-11-09,0.252,552516
1944-11-08,-0.131,551125
1944-11-06,0.561,551845
1944-11-03,-0.054,548764
1944-11-02,0.564,549062
1944-11-01,0.411,545981
1944-10-31,0.179,543745
1944-10-30,0.101,542776
1944-10-27,0.179,542229
1944-10-26,-0.752,541260
1944-10-25,0.023,545360
1944-10-24,0.256,545235
1944-10-23,-1.658,543844
1944-10-20,-0.130,553012
1944-10-19,-0.206,553733
1944-10-18,0.558,554876
1944-10-17,0.407,551795
1944-10-16,-0.513,549558
1944-10-13,0.099,552391
1944-10-11,0.639,551844
1944-10-10,0.332,548340
1944-10-09,-0.592,546526
1944-10-06,0.177,549781
1944-10-05,0.643,548812
1944-10-04,0.568,545308
1944-10-03,0.023,542227
1944-10-02,0.493,542103
1944-09-29,0.416,539444
1944-09-28,-0.291,537207
1944-09-27,0.023,538773
1944-09-26,-0.212,538648
1944-09-25,0.892,539791
1944-09-22,0.261,535020
1944-09-21,-0.292,533628
1944-09-20,0.181,535194
1944-09-19,0.901,534224
1944-09-18,0.666,529453
1944-09-15,0.812,525949
1944-09-14,-0.553,521713
1944-09-13,-0.945,524615
1944-09-12,0.486,529618
1944-09-11,0.569,527056
1944-09-08,-0.152,524073
1944-09-07,-0.312,524874
1944-09-06,-2.408,526515
1944-09-05,-0.612,539504
1944-09-01,0.318,542827
1944-08-31,-0.379,541105
1944-08-30,0.240,543166
1944-08-29,0.319,541865
1944-08-28,0.007,540143
1944-08-25,-0.225,540103
1944-08-24,-0.610,541324
1944-08-23,0.162,544646
1944-08-22,-0.684,543765
1944-08-21,-0.451,547508
1944-08-18,0.468,549989
1944-08-17,0.626,547427
1944-08-16,0.473,544024
1944-08-15,-0.070,541461
1944-08-14,0.163,541841
1944-08-11,0.398,540960
1944-08-10,0.794,538818
1944-08-09,0.482,534574
1944-08-08,-0.386,532012
1944-08-07,0.482,534073
1944-08-04,-0.933,531511
1944-08-03,-0.615,536515
1944-08-02,0.242,539837
1944-08-01,0.557,538536
1944-07-31,0.086,535553
1944-07-28,-0.539,535092
1944-07-27,0.008,537994
1944-07-26,-0.226,537954
1944-07-25,0.793,539175
1944-07-24,-0.617,534931
1944-07-21,-1.379,538253
1944-07-20,-0.833,545780
1944-07-19,0.700,550364
1944-07-18,-0.907,546540
1944-07-17,-0.974,551544
1944-07-14,0.083,556969
1944-07-13,-0.369,556508
1944-07-12,0.158,558570
1944-07-11,-0.143,557689
1944-07-10,0.842,558489
1944-07-07,0.236,553825
1944-07-06,-0.372,552523
1944-07-05,0.541,554585
1944-07-03,1.008,551602
1944-06-30,0.316,546096
1944-06-29,-0.070,544374
1944-06-28,-0.530,544754
1944-06-27,0.315,547657
1944-06-26,0.627,545935
1944-06-23,-0.147,542531
1944-06-22,-0.147,543332
1944-06-21,-0.224,544132
1944-06-20,0.162,545353
1944-06-19,1.022,544472
1944-06-16,0.737,538966
1944-06-15,0.571,535021
1944-06-14,0.183,531983
1944-06-13,0.733,531011
1944-06-12,2.272,527147
1944-06-09,0.189,515435
1944-06-08,-0.372,514462
1944-06-07,-0.052,516381
1944-06-06,0.672,516648
1944-06-05,-0.532,513197
1944-06-02,-0.052,515943
1944-06-01,-0.291,516209
1944-05-31,0.671,517715
1944-05-29,0.432,514264
1944-05-26,0.190,512053
1944-05-25,-0.133,511080
1944-05-24,0.434,511760
1944-05-23,0.354,509548
1944-05-22,0.110,507749
1944-05-19,0.192,507190
1944-05-18,0.192,506217
1944-05-17,0.688,505245
1944-05-16,0.112,501794
1944-05-15,-0.053,501234
1944-05-12,-0.707,501501
1944-05-11,0.111,505073
1944-05-10,0.029,504513
1944-05-09,-0.053,504367
1944-05-08,0.111,504634
1944-05-05,0.606,504074
1944-05-04,-0.136,501036
1944-05-03,0.693,501716
1944-05-02,-0.054,498265
1944-05-01,0.781,498531
1944-04-28,0.534,494667
1944-04-27,0.452,492042
1944-04-26,0.624,489830
1944-04-25,0.200,486791
1944-04-24,-1.064,485819
1944-04-21,0.198,491043
1944-04-20,0.795,490070
1944-04-19,-0.309,486206
1944-04-18,-1.719,487712
1944-04-17,-0.054,496241
1944-04-14,0.029,496508
1944-04-13,-0.220,496361
1944-04-12,-0.631,497454
1944-04-11,0.029,500613
1944-04-10,0.195,500467
1944-04-06,0.528,499494
1944-04-05,0.113,496869
1944-04-04,0.113,496309
1944-04-03,-0.468,495750
1944-03-31,-0.054,498082
1944-03-30,0.697,498349
1944-03-29,-0.220,494897
1944-03-28,-0.961,495990
1944-03-27,-0.218,500802
1944-03-24,0.277,501895
1944-03-23,-1.033,500509
1944-03-22,-0.134,505734
1944-03-21,0.439,506414
1944-03-20,-0.865,504202
1944-03-17,0.182,508600
1944-03-16,0.102,507676
1944-03-15,0.506,507159
1944-03-14,-0.140,504605
1944-03-13,1.164,505310
1944-03-10,0.185,499497
1944-03-09,-0.223,498573
1944-03-08,0.844,499685
1944-03-07,0.685,495502
1944-03-06,0.271,492133
1944-03-03,0.189,490801
1944-03-02,0.106,489877
1944-03-01,0.441,489359
1944-02-29,-0.560,487213
1944-02-28,0.106,489955
1944-02-25,0.022,489438
1944-02-24,0.189,489328
1944-02-23,0.864,488404
1944-02-21,-0.145,484220
1944-02-18,-0.728,484925
1944-02-17,0.694,488482
1944-02-16,-0.229,485113
1944-02-15,0.698,486225
1944-02-14,0.023,482856
1944-02-11,-0.062,482747
1944-02-10,0.702,483044
1944-02-09,0.023,479675
1944-02-08,0.967,479566
1944-02-07,-0.319,474974
1944-02-04,-0.825,476494
1944-02-03,-0.818,480459
1944-02-02,-0.229,484423
1944-02-01,-0.145,485535
1944-01-31,0.359,486241
1944-01-28,0.615,484501
1944-01-27,-0.146,481540
1944-01-26,-0.981,482245
1944-01-25,-0.061,487024
1944-01-24,-0.061,487322
1944-01-21,0.190,487619
1944-01-20,0.023,486695
1944-01-19,0.106,486585
1944-01-18,-0.228,486068
1944-01-17,0.358,487180
1944-01-14,0.444,485441
1944-01-13,-0.230,483294
1944-01-12,-0.646,484407
1944-01-11,0.611,487556
1944-01-10,-0.145,484595
1944-01-07,-0.145,485300
1944-01-06,-0.395,486005
1944-01-05,1.120,487932
1944-01-04,1.306,482526
1944-01-03,-0.062,476304
1943-12-31,-0.148,476602
1943-12-30,1.849,477307
1943-12-29,0.023,468641
1943-12-28,-0.925,468531
1943-12-27,-0.149,472903
1943-12-24,0.196,473608
1943-12-23,-0.063,472684
1943-12-22,-0.063,472981
1943-12-21,-0.235,473279
1943-12-20,0.715,474392
1943-12-17,0.547,471022
1943-12-16,0.542,468461
1943-12-15,-0.060,465935
1943-12-14,-0.232,466216
1943-12-13,-0.060,467299
1943-12-10,0.543,467579
1943-12-09,-0.574,465053
1943-12-08,1.066,467740
1943-12-07,0.900,462808
1943-12-06,0.466,458677
1943-12-03,0.114,456552
1943-12-02,0.825,456031
1943-12-01,1.012,452301
1943-11-30,0.296,447770
1943-11-29,-1.391,446447
1943-11-26,-0.765,452742
1943-11-24,-0.499,456231
1943-11-23,-0.323,458517
1943-11-22,0.376,460001
1943-11-19,1.267,458277
1943-11-18,0.293,452542
1943-11-17,-0.592,451219
1943-11-16,-0.414,453906
1943-11-15,-0.325,455790
1943-11-12,-1.016,457274
1943-11-10,0.991,461966
1943-11-09,0.378,457435
1943-11-08,-2.797,455710
1943-11-05,-0.739,468824
1943-11-04,-0.817,472313
1943-11-03,-1.141,476204
1943-11-01,0.108,481698
1943-10-29,-0.390,481177
1943-10-28,-0.224,483062
1943-10-27,0.608,484145
1943-10-26,0.360,481217
1943-10-25,-0.059,479493
1943-10-22,0.445,479774
1943-10-21,-0.890,477648
1943-10-20,0.359,481940
1943-10-19,0.529,480215
1943-10-18,0.193,477689
1943-10-15,0.703,476766
1943-10-14,0.451,473438
1943-10-13,0.026,471312
1943-10-11,-0.145,471192
1943-10-08,0.452,471874
1943-10-07,-1.323,469748
1943-10-06,-1.141,476045
1943-10-05,-0.390,481540
1943-10-04,-0.553,483425
1943-10-01,0.107,486112
1943-09-30,0.607,485591
1943-09-29,0.275,482664
1943-09-28,-0.141,481340
1943-09-27,-0.801,482022
1943-09-24,0.025,485913
1943-09-23,-0.876,485792
1943-09-22,-0.221,490084
1943-09-21,0.106,491167
1943-09-20,1.099,490646
1943-09-17,1.003,485312
1943-09-16,0.592,480491
1943-09-15,0.174,477664
1943-09-14,-0.161,476833
1943-09-13,-0.160,477600
1943-09-10,0.174,478367
1943-09-09,1.106,477536
1943-09-08,-0.582,472312
1943-09-07,0.260,475076
1943-09-03,-0.162,473846
1943-09-02,0.007,474612
1943-09-01,0.345,474580
1943-08-31,1.117,472951
1943-08-30,0.007,467727
1943-08-27,-0.672,467695
1943-08-26,0.347,470858
1943-08-25,0.177,469229
1943-08-24,0.780,468398
1943-08-23,-1.766,464772
1943-08-20,-0.830,473126
1943-08-19,-0.077,477088
1943-08-18,0.342,477455
1943-08-17,0.598,475825
1943-08-16,-0.246,472998
1943-08-13,0.942,474164
1943-08-12,-0.585,469739
1943-08-11,0.773,472502
1943-08-10,0.953,468876
1943-08-09,-0.250,464451
1943-08-06,-1.012,465617
1943-08-05,-0.332,470377
1943-08-04,0.603,471943
1943-08-03,2.182,469115
1943-08-02,-3.193,459099
1943-07-30,-1.894,474243
1943-07-29,1.687,483397
1943-07-28,-0.328,475377
1943-07-27,-3.156,476942
1943-07-26,-1.590,492486
1943-07-23,0.086,500442
1943-07-22,0.006,500011
1943-07-21,0.247,499979
1943-07-20,-0.630,498749
1943-07-19,0.086,501912
1943-07-16,-0.232,501481
1943-07-15,-0.547,502647
1943-07-14,0.563,505411
1943-07-13,0.646,502583
1943-07-12,0.650,499356
1943-07-09,0.411,496129
1943-07-08,0.087,494100
1943-07-07,-0.155,493668
1943-07-06,0.168,494435
1943-07-02,-0.074,493604
1943-07-01,0.087,493972
1943-06-30,0.576,493541
1943-06-29,-0.318,490713
1943-06-28,0.907,492278
1943-06-25,2.182,487853
1943-06-24,0.511,477436
1943-06-23,-0.245,475007
1943-06-22,0.175,476174
1943-06-21,-0.495,475343
1943-06-18,-0.052,477707
1943-06-17,0.192,477958
1943-06-16,0.193,477041
1943-06-15,0.442,476123
1943-06-14,-1.601,474029
1943-06-11,-0.459,481743
1943-06-10,0.190,483964
1943-06-09,0.354,483047
1943-06-08,-0.540,481345
1943-06-07,-0.215,483959
1943-06-04,-0.456,485003
1943-06-03,0.432,487224
1943-06-02,0.108,485130
1943-06-01,1.092,484605
1943-05-28,0.274,479372
1943-05-27,0.275,478062
1943-05-26,0.774,476752
1943-05-25,0.278,473088
1943-05-24,-0.221,471779
1943-05-21,0.028,472823
1943-05-20,-0.220,472690
1943-05-19,1.032,473735
1943-05-18,0.788,468894
1943-05-17,0.198,465230
1943-05-14,-1.798,464312
1943-05-13,0.361,472811
1943-05-12,-0.387,471109
1943-05-11,-0.303,472938
1943-05-10,1.370,474375
1943-05-07,-1.296,467964
1943-05-06,0.360,474110
1943-05-05,0.613,472408
1943-05-04,0.364,469528
1943-05-03,1.997,467826
1943-04-30,0.029,458668
1943-04-29,0.980,458536
1943-04-28,0.029,454087
1943-04-27,0.029,453954
1943-04-26,0.029,453821
1943-04-22,0.290,453688
1943-04-21,0.993,452378
1943-04-20,-0.320,447929
1943-04-19,0.468,449366
1943-04-16,-0.233,447271
1943-04-15,0.735,448316
1943-04-14,1.280,445044
1943-04-13,-0.059,439417
1943-04-12,0.120,439677
1943-04-09,-3.920,439151
1943-04-08,-0.823,457069
1943-04-07,-0.480,460860
1943-04-06,1.491,463082
1943-04-05,0.288,456278
1943-04-02,-0.229,454968
1943-04-01,0.115,456013
1943-03-31,-0.057,455488
1943-03-30,0.898,455747
1943-03-29,1.709,451690
1943-03-26,0.832,444102
1943-03-25,2.124,440437
1943-03-24,0.305,431278
1943-03-23,0.306,429968
1943-03-22,0.399,428658
1943-03-19,-0.253,426956
1943-03-18,-0.156,428040
1943-03-17,-0.693,428710
1943-03-16,-0.244,431699
1943-03-15,-0.065,432756
1943-03-12,0.382,433039
1943-03-11,1.020,431390
1943-03-10,-0.427,427034
1943-03-09,-0.514,428864
1943-03-08,-0.334,431081
1943-03-05,0.473,432524
1943-03-04,0.204,430488
1943-03-03,1.301,429612
1943-03-02,-0.700,424096
1943-03-01,-0.427,427086
1943-02-26,0.024,428916
1943-02-25,0.659,428813
1943-02-24,0.572,426003
1943-02-23,1.885,423581
1943-02-19,-0.161,415745
1943-02-18,-1.349,416415
1943-02-17,0.208,422111
1943-02-16,-0.159,421235
1943-02-15,1.325,421905
1943-02-11,0.211,416389
1943-02-10,0.681,415513
1943-02-09,0.780,412704
1943-02-08,-0.069,409507
1943-02-05,0.786,409791
1943-02-04,-0.070,406595
1943-02-03,-0.729,406878
1943-02-02,0.025,409868
1943-02-01,0.786,409765
1943-01-29,0.889,406569
1943-01-28,0.122,402986
1943-01-27,-0.070,402496
1943-01-26,0.508,402779
1943-01-25,1.297,400743
1943-01-22,-0.072,395614
1943-01-21,1.514,395897
1943-01-20,0.126,389994
1943-01-19,-0.957,389504
1943-01-18,0.322,393267
1943-01-15,0.822,392004
1943-01-14,0.627,388808
1943-01-13,0.227,386385
1943-01-12,-0.273,385508
1943-01-11,0.429,386565
1943-01-08,0.127,384915
1943-01-07,0.229,384425
1943-01-06,-0.074,383549
1943-01-05,-0.174,383832
1943-01-04,1.559,384502
1942-12-31,0.130,378599
1942-12-30,1.166,378109
1942-12-29,0.028,373752
1942-12-28,-0.896,373649
1942-12-24,0.440,377026
1942-12-23,0.338,375376
1942-12-22,-0.076,374112
1942-12-21,0.028,374396
1942-12-18,-0.072,374292
1942-12-17,1.784,374562
1942-12-16,0.862,367998
1942-12-15,0.238,364851
1942-12-14,0.554,363984
1942-12-11,0.030,361977
1942-12-10,0.135,361869
1942-12-09,0.030,361382
1942-12-08,0.665,361274
1942-12-07,-0.392,358887
1942-12-04,0.030,360299
1942-12-03,0.347,360191
1942-12-02,0.349,358944
1942-12-01,-0.076,357696
1942-11-30,-0.498,357968
1942-11-27,0.348,359759
1942-11-25,-0.392,358512
1942-11-24,-0.181,359924
1942-11-23,-1.116,360575
1942-11-20,0.976,364645
1942-11-19,-0.075,361119
1942-11-18,0.452,361391
1942-11-17,-1.222,359764
1942-11-16,-0.901,364214
1942-11-13,-0.587,367525
1942-11-12,0.235,369696
1942-11-10,-0.788,368828
1942-11-09,1.166,371759
1942-11-06,1.286,367473
1942-11-05,0.240,362807
1942-11-04,-0.388,361940
1942-11-02,1.301,363351
1942-10-30,0.670,358686
1942-10-29,-0.076,356299
1942-10-28,-0.815,356571
1942-10-27,-0.913,359501
1942-10-26,0.556,362812
1942-10-23,-0.285,360805
1942-10-22,0.030,361837
1942-10-21,-0.075,361729
1942-10-20,1.306,362001
1942-10-19,0.030,357335
1942-10-16,0.458,357227
1942-10-15,-1.236,355600
1942-10-14,-0.181,360050
1942-10-13,1.203,360702
1942-10-09,0.459,356416
1942-10-08,1.443,354789
1942-10-07,0.467,349743
1942-10-06,0.031,348115
1942-10-05,0.912,348007
1942-10-02,1.485,344861
1942-10-01,0.821,339815
1942-09-30,0.032,337048
1942-09-29,-0.417,336940
1942-09-28,-0.080,338351
1942-09-25,0.483,338623
1942-09-24,1.288,336996
1942-09-23,0.839,332709
1942-09-22,0.380,329942
1942-09-21,-0.083,328695
1942-09-18,0.817,328966
1942-09-17,-0.108,326301
1942-09-16,0.123,326654
1942-09-15,0.473,326252
1942-09-14,0.124,324716
1942-09-11,-0.457,324313
1942-09-10,-0.684,325801
1942-09-09,-0.451,328045
1942-09-08,0.817,329533
1942-09-04,-0.108,326862
1942-09-03,-0.108,327216
1942-09-02,0.123,327570
1942-09-01,0.007,327168
1942-08-31,0.123,327143
1942-08-28,0.239,326741
1942-08-27,0.591,325961
1942-08-26,-1.260,324046
1942-08-25,-0.906,328180
1942-08-24,0.236,331180
1942-08-21,0.237,330400
1942-08-20,-0.336,329619
1942-08-19,-0.107,330729
1942-08-18,0.929,331083
1942-08-17,0.821,328035
1942-08-14,0.474,325364
1942-08-13,0.359,323828
1942-08-12,0.008,322669
1942-08-11,0.360,322645
1942-08-10,-0.110,321487
1942-08-07,0.361,321840
1942-08-06,-0.110,320682
1942-08-05,-0.926,321036
1942-08-04,-0.225,324036
1942-08-03,0.124,324768
1942-07-31,0.712,324365
1942-07-30,0.243,322073
1942-07-29,-1.613,321292
1942-07-28,-0.108,326561
1942-07-27,0.007,326914
1942-07-24,0.123,326890
1942-07-23,-1.363,326488
1942-07-22,-0.334,331000
1942-07-21,0.236,332110
1942-07-20,0.351,331330
1942-07-17,-1.125,330171
1942-07-16,-0.106,333928
1942-07-15,0.120,334281
1942-07-14,1.037,333879
1942-07-13,-0.787,330452
1942-07-10,-0.106,333074
1942-07-09,1.038,333428
1942-07-08,2.473,330001
1942-07-07,-0.227,322038
1942-07-06,1.073,322770
1942-07-03,0.964,319343
1942-07-02,1.586,316294
1942-07-01,-0.835,311355
1942-06-30,0.249,313977
1942-06-29,0.615,313196
1942-06-26,0.129,311282
1942-06-25,0.130,310879
1942-06-24,-0.477,310477
1942-06-23,0.008,311965
1942-06-22,-1.778,311940
1942-06-19,-0.998,317587
1942-06-18,-0.419,320790
1942-06-17,1.668,322141
1942-06-16,0.155,316858
1942-06-15,0.744,316366
1942-06-12,-0.545,314031
1942-06-11,0.391,315751
1942-06-10,-0.544,314522
1942-06-09,-0.886,316242
1942-06-08,1.208,319068
1942-06-05,0.274,315258
1942-06-04,1.347,314398
1942-06-03,0.758,310220
1942-06-02,-0.080,307885
1942-06-01,0.521,308130
1942-05-29,-0.320,306532
1942-05-28,0.281,307515
1942-05-27,2.003,306655
1942-05-26,0.287,300633
1942-05-25,-0.327,299773
1942-05-22,-0.082,300755
1942-05-21,1.660,301001
1942-05-20,-0.207,296085
1942-05-19,-0.330,296699
1942-05-18,0.791,297682
1942-05-15,1.179,295347
1942-05-14,-0.210,291906
1942-05-13,-1.571,292520
1942-05-12,-0.698,297189
1942-05-11,1.416,299278
1942-05-08,0.042,295099
1942-05-07,1.308,294976
1942-05-06,-0.084,291166
1942-05-05,0.424,291412
1942-05-04,0.811,290182
1942-05-01,0.688,287847
1942-04-30,0.693,285880
1942-04-29,1.897,283914
1942-04-28,-0.874,278629
1942-04-27,-0.087,281087
1942-04-24,-0.478,281332
1942-04-23,-2.501,282683
1942-04-22,-0.211,289934
1942-04-21,0.297,290548
1942-04-20,1.202,289687
1942-04-17,-1.480,286246
1942-04-16,0.170,290546
1942-04-15,-0.211,290055
1942-04-14,-1.581,290669
1942-04-13,-0.208,295338
1942-04-10,-0.083,295952
1942-04-09,-1.552,296198
1942-04-08,-0.447,300868
1942-04-07,-0.445,302219
1942-04-06,1.147,303571
1942-04-02,0.784,300129
1942-04-01,0.540,297794
1942-03-31,-0.577,296196
1942-03-30,0.165,297916
1942-03-27,-0.941,297424
1942-03-26,-0.326,300250
1942-03-25,-0.689,301233
1942-03-24,0.900,303322
1942-03-23,0.534,300618
1942-03-20,-1.059,299020
1942-03-19,-0.087,302221
1942-03-18,-0.915,302485
1942-03-17,2.087,305280
1942-03-16,1.133,299039
1942-03-13,0.648,295690
1942-03-12,0.033,293786
1942-03-11,-1.899,293689
1942-03-10,-0.687,299375
1942-03-09,0.514,301447
1942-03-06,-2.552,299904
1942-03-05,-1.473,307759
1942-03-04,-1.000,312360
1942-03-03,1.543,315517
1942-03-02,-1.346,310721
1942-02-27,0.841,314962
1942-02-26,0.731,312335
1942-02-25,-0.664,310070
1942-02-24,0.614,312142
1942-02-20,-0.317,310238
1942-02-19,0.264,311225
1942-02-18,-0.085,310406
1942-02-17,-1.797,310670
1942-02-16,0.375,316357
1942-02-13,0.261,315176
1942-02-11,-0.199,314356
1942-02-10,-1.328,314982
1942-02-09,-1.201,319223
1942-02-06,-1.077,323102
1942-02-05,-0.191,326620
1942-02-04,0.809,327246
1942-02-03,0.703,324619
1942-02-02,-0.082,322354
1942-01-30,-0.638,322619
1942-01-29,-0.192,324691
1942-01-28,-0.633,325317
1942-01-27,0.251,327389
1942-01-26,1.490,326569
1942-01-23,0.368,321774
1942-01-22,0.030,320593
1942-01-21,-1.416,320496
1942-01-20,-0.192,325098
1942-01-19,0.030,325724
1942-01-16,-0.851,325628
1942-01-15,0.250,328423
1942-01-14,0.030,327603
1942-01-13,2.058,327506
1942-01-12,-0.082,320903
1942-01-09,-0.307,321168
1942-01-08,-1.299,322156
1942-01-07,-0.521,326397
1942-01-06,-0.410,328108
1942-01-05,2.274,329457
1942-01-02,2.327,322131
1941-12-31,-0.540,314804
1941-12-30,4.445,316515
1941-12-29,-0.561,303044
1941-12-26,0.389,304754
1941-12-24,0.151,303573
1941-12-23,-0.206,303115
1941-12-22,-1.029,303741
1941-12-19,0.057,306898
1941-12-18,-0.874,306724
1941-12-17,-1.534,309429
1941-12-16,-0.187,314252
1941-12-15,0.037,314839
1941-12-12,-0.962,314721
1941-12-11,1.617,317779
1941-12-10,0.038,312721
1941-12-09,-3.134,312603
1941-12-08,-3.652,322719
1941-12-05,-0.593,334951
1941-12-04,0.245,336951
1941-12-03,1.097,336127
1941-12-02,2.095,332481
1941-12-01,-0.503,325658
1941-11-28,-0.926,327305
1941-11-27,-0.602,330363
1941-11-26,-0.807,332362
1941-11-25,-0.489,335067
1941-11-24,0.245,336714
1941-11-21,0.457,335890
1941-11-19,0.887,334361
1941-11-18,-0.177,331420
1941-11-17,-0.177,332008
1941-11-14,1.000,332596
1941-11-13,-0.498,329302
1941-11-12,-2.258,330948
1941-11-10,-0.690,338594
1941-11-07,-0.275,340947
1941-11-06,-0.785,341888
1941-11-05,0.757,344593
1941-11-03,0.972,342005
1941-10-31,-1.201,338711
1941-10-30,0.034,342828
1941-10-29,-0.274,342710
1941-10-28,-0.068,343651
1941-10-27,-1.582,343886
1941-10-24,0.542,349415
1941-10-23,0.136,347533
1941-10-22,-0.371,347062
1941-10-21,0.955,348356
1941-10-20,0.964,345062
1941-10-17,0.450,341768
1941-10-16,-1.398,340238
1941-10-15,-0.576,345061
1941-10-14,-0.573,347061
1941-10-10,0.034,349061
1941-10-09,-1.363,348943
1941-10-08,-0.166,353766
1941-10-07,-1.149,354354
1941-10-06,-0.066,358471
1941-10-03,-0.066,358706
1941-10-02,-0.261,358942
1941-10-01,-0.261,359883
1941-09-30,0.723,360824
1941-09-29,0.429,358235
1941-09-26,-0.263,356706
1941-09-25,-1.235,357647
1941-09-24,-0.646,362117
1941-09-23,0.421,364470
1941-09-22,-0.065,362941
1941-09-19,-0.957,363176
1941-09-18,-0.746,366683
1941-09-17,1.748,369439
1941-09-16,0.497,363092
1941-09-15,0.110,361296
1941-09-12,0.013,360900
1941-09-11,1.092,360855
1941-09-10,-0.766,356958
1941-09-09,-0.279,359714
1941-09-08,0.207,360719
1941-09-05,-0.278,359974
1941-09-04,-0.278,360979
1941-09-03,-0.660,361984
1941-09-02,0.592,364390
1941-08-29,-0.084,362244
1941-08-28,0.303,362549
1941-08-27,0.110,361453
1941-08-26,0.795,361058
1941-08-25,0.209,358211
1941-08-22,-0.183,357466
1941-08-21,-0.085,358121
1941-08-20,0.405,358426
1941-08-19,0.111,356980
1941-08-18,1.005,356584
1941-08-15,-0.970,353037
1941-08-14,0.407,356494
1941-08-13,-0.478,355048
1941-08-12,0.013,356753
1941-08-11,-0.863,356708
1941-08-08,-1.047,359814
1941-08-07,-0.180,363621
1941-08-06,0.012,364276
1941-08-05,0.012,364231
1941-08-04,0.205,364186
1941-08-01,-0.467,363440
1941-07-31,-0.083,365146
1941-07-30,-0.465,365451
1941-07-29,-0.178,367156
1941-07-28,1.266,367812
1941-07-25,-0.180,363214
1941-07-24,-0.562,363869
1941-07-23,-0.274,365925
1941-07-22,-0.083,366930
1941-07-21,2.056,367235
1941-07-18,0.403,359836
1941-07-17,-0.667,358390
1941-07-16,-0.471,360796
1941-07-15,0.303,362502
1941-07-14,0.207,361406
1941-07-11,-0.278,360660
1941-07-10,0.304,361666
1941-07-09,0.013,360570
1941-07-08,1.893,360525
1941-07-07,1.827,353825
1941-07-03,0.215,347476
1941-07-02,0.725,346731
1941-07-01,-0.291,344234
1941-06-30,-0.391,345239
1941-06-27,-0.490,346595
1941-06-26,0.417,348300
1941-06-25,0.215,346854
1941-06-24,-0.690,346109
1941-06-23,1.960,348515
1941-06-20,-1.155,341815
1941-06-19,-0.159,345811
1941-06-18,0.137,346362
1941-06-17,0.835,345888
1941-06-16,-0.359,343022
1941-06-13,-0.160,344257
1941-06-12,0.537,344808
1941-06-11,0.039,342967
1941-06-10,1.660,342835
1941-06-09,1.793,337236
1941-06-06,-0.063,331296
1941-06-05,0.454,331505
1941-06-04,-0.063,330006
1941-06-03,1.192,330216
1941-06-02,-0.169,326325
1941-05-29,-0.064,326876
1941-05-28,0.040,327085
1941-05-27,0.672,326953
1941-05-26,-1.104,324771
1941-05-23,0.040,328396
1941-05-22,-1.092,328264
1941-05-21,-0.063,331890
1941-05-20,1.715,332099
1941-05-19,0.567,326500
1941-05-16,0.252,324659
1941-05-15,-1.620,323844
1941-05-14,-0.682,329178
1941-05-13,0.040,331437
1941-05-12,1.188,331305
1941-05-09,0.040,327414
1941-05-08,-0.168,327282
1941-05-07,-0.272,327832
1941-05-06,1.733,328725
1941-05-05,0.147,323126
1941-05-02,0.360,322652
1941-05-01,-0.065,321494
1941-04-30,-1.322,321704
1941-04-29,0.251,326013
1941-04-28,0.251,325197
1941-04-25,-0.692,324381
1941-04-24,0.461,326641
1941-04-23,1.211,325142
1941-04-22,-0.488,321251
1941-04-21,-0.276,322827
1941-04-18,-1.416,323719
1941-04-17,-0.478,328370
1941-04-16,0.040,329946
1941-04-15,-0.270,329814
1941-04-14,-0.679,330707
1941-04-10,-0.063,332966
1941-04-09,-1.377,333175
1941-04-08,-2.042,337827
1941-04-07,-0.846,344870
1941-04-04,-0.158,347813
1941-04-03,1.532,348364
1941-04-02,0.439,343106
1941-04-01,0.139,341607
1941-03-31,0.240,341133
1941-03-28,-0.660,340317
1941-03-27,0.844,342577
1941-03-26,-0.262,339711
1941-03-25,0.442,340603
1941-03-24,-0.062,339104
1941-03-21,-0.866,339313
1941-03-20,0.127,342276
1941-03-19,-0.557,341842
1941-03-18,0.421,343756
1941-03-17,0.522,342315
1941-03-14,0.128,340538
1941-03-13,-0.462,340104
1941-03-12,0.029,341682
1941-03-11,-0.751,341583
1941-03-10,2.018,344168
1941-03-07,-0.466,337359
1941-03-06,1.947,338937
1941-03-05,-0.572,332464
1941-03-04,0.534,334377
1941-03-03,-1.462,332601
1941-02-28,0.429,337534
1941-02-27,-0.665,336093
1941-02-26,0.228,338342
1941-02-25,0.932,337572
1941-02-24,0.839,334454
1941-02-21,0.436,331670
1941-02-20,1.789,330229
1941-02-19,-0.790,324427
1941-02-18,-0.175,327011
1941-02-17,1.275,327583
1941-02-14,-3.087,323458
1941-02-13,-1.359,333760
1941-02-11,-1.629,338358
1941-02-10,-0.069,343963
1941-02-07,-0.263,344199
1941-02-06,0.419,345107
1941-02-05,1.819,343665
1941-02-04,0.129,337527
1941-02-03,-1.054,337092
1941-01-31,0.326,340684
1941-01-30,-1.719,339578
1941-01-29,-1.971,345519
1941-01-28,-0.540,352466
1941-01-27,0.408,354380
1941-01-24,0.314,352939
1941-01-23,-0.067,351833
1941-01-22,0.604,352069
1941-01-21,-0.922,349957
1941-01-20,-0.445,353213
1941-01-17,-0.161,354792
1941-01-16,-1.185,355364
1941-01-15,-0.806,359627
1941-01-14,-0.525,362548
1941-01-13,-0.340,364462
1941-01-10,0.303,365705
1941-01-09,0.583,364600
1941-01-08,0.213,362487
1941-01-07,0.120,361717
1941-01-06,0.214,361283
1941-01-03,2.314,360512
1941-01-02,-0.916,352360
1940-12-31,0.122,355617
1940-12-30,1.272,355182
1940-12-27,0.509,350721
1940-12-26,-0.068,348944
1940-12-24,0.221,349180
1940-12-23,-0.260,348410
1940-12-20,0.130,349318
1940-12-19,-0.347,348864
1940-12-18,-0.903,350079
1940-12-17,-0.343,353270
1940-12-16,-0.983,354484
1940-12-13,0.213,358005
1940-12-12,0.399,357243
1940-12-11,0.214,355823
1940-12-10,0.029,355062
1940-12-09,0.777,354959
1940-12-06,0.217,352222
1940-12-05,-0.623,351461
1940-12-04,0.029,353664
1940-12-03,-0.342,353561
1940-12-02,0.496,354776
1940-11-29,0.123,353026
1940-11-28,0.029,352594
1940-11-27,-1.806,352492
1940-11-26,-0.246,358977
1940-11-25,0.029,359862
1940-11-22,0.029,359760
1940-11-20,-2.299,359657
1940-11-19,0.117,368118
1940-11-18,-1.124,367686
1940-11-15,-1.025,371866
1940-11-14,0.291,375716
1940-11-13,-0.845,374625
1940-11-12,1.174,377816
1940-11-08,-1.365,373432
1940-11-07,5.538,378599
1940-11-06,-3.259,358734
1940-11-04,0.744,370818
1940-11-01,0.028,368081
1940-10-31,1.482,367978
1940-10-30,0.853,362605
1940-10-29,0.212,359538
1940-10-28,0.769,358777
1940-10-25,0.029,356039
1940-10-24,-0.615,355936
1940-10-23,0.957,358140
1940-10-22,0.496,354743
1940-10-21,-0.620,352993
1940-10-18,-0.064,355197
1940-10-17,0.495,355423
1940-10-16,0.403,353674
1940-10-15,1.069,352253
1940-10-14,-0.441,348527
1940-10-11,1.076,350072
1940-10-10,-0.065,346346
1940-10-09,-0.538,346572
1940-10-08,-1.645,348446
1940-10-07,-0.526,354273
1940-10-04,-0.797,356147
1940-10-03,0.120,359009
1940-10-02,0.490,358577
1940-10-01,1.434,356827
1940-09-30,0.784,351783
1940-09-27,-1.733,349045
1940-09-26,-0.616,355202
1940-09-25,-0.155,357405
1940-09-24,-0.338,357961
1940-09-23,2.957,359176
1940-09-20,0.004,348862
1940-09-19,-0.270,348846
1940-09-18,0.765,349791
1940-09-17,0.771,347137
1940-09-16,1.456,344482
1940-09-13,0.107,339538
1940-09-12,-1.416,339174
1940-09-11,-0.744,344044
1940-09-10,0.105,346625
1940-09-09,-3.014,346261
1940-09-06,-0.718,357021
1940-09-05,1.394,359601
1940-09-04,2.082,354656
1940-09-03,0.579,347421
1940-08-30,1.746,345421
1940-08-29,-0.469,339495
1940-08-28,1.372,341094
1940-08-27,0.011,336476
1940-08-26,0.402,336439
1940-08-23,-1.243,335093
1940-08-22,1.083,339310
1940-08-21,1.797,335674
1940-08-20,1.217,329747
1940-08-19,0.720,325784
1940-08-16,-1.582,323456
1940-08-15,0.916,328655
1940-08-14,-0.885,325673
1940-08-13,-3.636,328581
1940-08-12,1.078,340977
1940-08-09,0.991,337341
1940-08-08,0.011,334032
1940-08-07,0.011,333995
1940-08-06,-1.055,333958
1940-08-05,0.303,337520
1940-08-02,-0.086,336502
1940-08-01,-0.280,336792
1940-07-31,-0.375,337737
1940-07-30,2.484,339008
1940-07-29,1.112,330791
1940-07-26,0.514,327155
1940-07-25,0.314,325481
1940-07-24,-0.888,324463
1940-07-23,0.111,327371
1940-07-22,0.011,327006
1940-07-19,-0.980,326969
1940-07-18,0.110,330205
1940-07-17,-0.286,329840
1940-07-16,1.112,330785
1940-07-15,0.312,327148
1940-07-12,-0.189,326130
1940-07-11,0.011,326747
1940-07-10,0.313,326710
1940-07-09,0.011,325691
1940-07-08,0.011,325654
1940-07-05,0.618,325617
1940-07-03,0.316,323617
1940-07-02,-0.191,322598
1940-07-01,-1.090,323215
1940-06-28,1.331,326778
1940-06-27,1.037,322487
1940-06-26,-0.600,319177
1940-06-25,-2.860,321104
1940-06-24,1.929,330557
1940-06-21,0.055,324302
1940-06-20,-1.136,324125
1940-06-19,0.229,327850
1940-06-18,0.328,327101
1940-06-17,0.428,326033
1940-06-14,2.455,324645
1940-06-13,-1.847,316865
1940-06-12,4.917,322828
1940-06-11,4.714,307698
1940-06-10,-3.632,293846
1940-06-07,1.311,304921
1940-06-06,1.437,300977
1940-06-05,-1.450,296712
1940-06-04,1.328,301077
1940-06-03,-1.656,297132
1940-05-31,0.249,302136
1940-05-29,0.677,301387
1940-05-28,-1.953,299359
1940-05-27,2.395,305322
1940-05-24,-0.390,298181
1940-05-23,0.251,299350
1940-05-22,0.467,298601
1940-05-21,-6.501,297212
1940-05-20,-1.550,317876
1940-05-17,-4.954,322880
1940-05-16,0.983,339710
1940-05-15,0.992,336404
1940-05-14,-7.348,333098
1940-05-13,-5.436,359516
1940-05-10,-2.910,380181
1940-05-09,0.110,391577
1940-05-08,0.192,391148
1940-05-07,0.274,390399
1940-05-06,-0.462,389331
1940-05-03,0.192,391139
1940-05-02,0.605,390390
1940-05-01,-1.273,388044
1940-04-30,0.601,393048
1940-04-29,0.357,390701
1940-04-26,-0.867,389313
1940-04-25,0.109,392720
1940-04-24,-0.378,392291
1940-04-23,0.764,393779
1940-04-22,0.853,390793
1940-04-19,0.028,387488
1940-04-18,-0.953,387378
1940-04-17,0.110,391104
1940-04-16,-1.345,390675
1940-04-15,0.028,395999
1940-04-12,-0.535,395890
1940-04-11,0.350,398018
1940-04-10,-0.852,396630
1940-04-09,-1.001,400037
1940-04-08,0.905,404082
1940-04-05,-0.291,400457
1940-04-04,0.668,401626
1940-04-03,1.574,398960
1940-04-02,0.355,392777
1940-04-01,0.274,391389
1940-03-29,0.357,390321
1940-03-28,-0.218,388933
1940-03-27,1.358,389782
1940-03-26,-0.468,384558
1940-03-25,-0.548,386367
1940-03-21,0.028,388495
1940-03-20,0.442,388385
1940-03-19,0.778,386678
1940-03-18,-0.552,383691
1940-03-15,-1.208,385819
1940-03-14,-0.219,390538
1940-03-13,-0.138,391394
1940-03-12,0.265,391935
1940-03-11,0.346,390901
1940-03-08,-0.380,389551
1940-03-07,0.103,391037
1940-03-06,0.755,390633
1940-03-05,0.513,387708
1940-03-04,0.269,385728
1940-03-01,-0.547,384693
1940-02-29,-0.140,386810
1940-02-28,0.104,387351
1940-02-27,-0.140,386947
1940-02-26,-0.543,387488
1940-02-23,-0.700,389605
1940-02-21,-0.218,392352
1940-02-20,0.506,393208
1940-02-19,0.023,391228
1940-02-16,0.103,391139
1940-02-15,0.023,390735
1940-02-14,-0.379,390646
1940-02-13,-0.298,392133
1940-02-09,0.023,393304
1940-02-08,1.240,393215
1940-02-07,0.677,388398
1940-02-06,0.847,385788
1940-02-05,-0.141,382547
1940-02-02,0.106,383088
1940-02-01,0.023,382684
1940-01-31,-0.305,382594
1940-01-30,-0.549,383766
1940-01-29,0.105,385883
1940-01-26,-0.059,385479
1940-01-25,-0.868,385705
1940-01-24,1.337,389083
1940-01-23,0.436,383951
1940-01-22,-0.714,382285
1940-01-19,0.187,385033
1940-01-18,-0.141,384313
1940-01-17,0.105,384855
1940-01-16,0.601,384450
1940-01-15,-0.469,382155
1940-01-12,-1.910,383957
1940-01-11,-1.563,391432
1940-01-10,0.181,397647
1940-01-09,-0.922,396927
1940-01-08,0.101,400621
1940-01-05,-0.526,400216
1940-01-04,-0.290,402334
1940-01-03,1.128,403505
1940-01-02,1.384,399003
1939-12-29,0.344,393556
1939-12-28,0.915,392206
1939-12-27,-0.542,388649
1939-12-26,-0.459,390767
1939-12-22,0.507,392569
1939-12-21,-0.058,390588
1939-12-20,0.428,390814
1939-12-19,-0.220,389149
1939-12-18,-0.219,390006
1939-12-15,0.348,390862
1939-12-14,-0.134,389508
1939-12-13,1.560,390032
1939-12-12,-0.297,384040
1939-12-11,-1.012,385185
1939-12-08,-0.767,389122
1939-12-07,0.104,392129
1939-12-06,1.554,391722
1939-12-05,-0.136,385730
1939-12-04,-0.055,386254
1939-12-01,0.753,386468
1939-11-30,-1.016,383579
1939-11-29,-1.084,387516
1939-11-28,-0.370,391764
1939-11-27,0.262,393219
1939-11-24,-1.457,392192
1939-11-22,-0.132,397991
1939-11-21,-0.672,398516
1939-11-20,0.335,401212
1939-11-17,-0.285,399874
1939-11-16,1.278,401019
1939-11-15,-0.831,395958
1939-11-14,0.729,399275
1939-11-13,0.103,396385
1939-11-10,0.497,395979
1939-11-09,-1.297,394020
1939-11-08,-0.517,399199
1939-11-06,-0.972,401275
1939-11-03,0.874,405213
1939-11-02,0.179,401703
1939-11-01,-0.053,400986
1939-10-31,-0.972,401200
1939-10-30,-0.434,405138
1939-10-27,-0.432,406903
1939-10-26,-0.954,408669
1939-10-25,1.474,412607
1939-10-24,0.253,406614
1939-10-23,0.408,405587
1939-10-20,-0.283,403939
1939-10-19,-0.129,405084
1939-10-18,-0.660,405608
1939-10-17,2.758,408305
1939-10-16,0.024,397346
1939-10-13,-0.751,397249
1939-10-11,0.649,400257
1939-10-10,0.259,397677
1939-10-09,-0.521,396650
1939-10-06,-0.131,398726
1939-10-05,0.258,399250
1939-10-04,0.180,398223
1939-10-03,-0.828,397505
1939-10-02,0.726,400823
1939-09-29,-0.519,397933
1939-09-28,-1.880,400009
1939-09-27,0.024,407672
1939-09-26,1.258,407576
1939-09-25,0.256,402513
1939-09-22,-0.743,401486
1939-09-21,0.642,404493
1939-09-20,-0.053,401914
1939-09-19,3.873,402128
1939-09-18,-4.567,387133
1939-09-15,-0.075,405659
1939-09-14,0.388,405965
1939-09-13,-1.053,404394
1939-09-12,1.154,408697
1939-09-11,2.597,404036
1939-09-08,1.521,393810
1939-09-07,-0.232,387911
1939-09-06,-0.861,388814
1939-09-05,11.818,392190
1939-09-01,1.076,350740
1939-08-31,-1.571,347006
1939-08-30,-1.034,352546
1939-08-29,2.772,356230
1939-08-28,0.726,346622
1939-08-25,2.117,344124
1939-08-24,-0.267,336989
1939-08-23,-3.096,337891
1939-08-22,1.905,348687
1939-08-21,-2.632,342170
1939-08-18,-2.061,351419
1939-08-17,-0.079,358814
1939-08-16,-2.593,359098
1939-08-15,0.938,368657
1939-08-14,1.905,365232
1939-08-11,0.180,358406
1939-08-10,-2.025,357762
1939-08-09,-0.750,365157
1939-08-08,0.260,367915
1939-08-07,-0.496,366963
1939-08-04,-1.804,368793
1939-08-03,-0.322,375570
1939-08-02,1.001,376782
1939-08-01,0.007,373047
1939-07-31,-0.815,373022
1939-07-28,-0.321,376089
1939-07-27,0.089,377301
1939-07-26,1.001,376967
1939-07-25,-0.652,373232
1939-07-24,0.337,375681
1939-07-21,2.029,374419
1939-07-20,-1.241,366974
1939-07-19,-1.307,371587
1939-07-18,0.751,376509
1939-07-17,4.503,373702
1939-07-14,-0.765,357600
1939-07-13,0.785,360357
1939-07-12,2.127,357550
1939-07-11,1.259,350105
1939-07-10,0.366,345751
1939-07-07,-0.528,344490
1939-07-06,-0.082,346320
1939-07-05,1.824,346604
1939-07-03,1.296,340395
1939-06-30,0.656,336042
1939-06-29,-2.432,333853
1939-06-28,-2.029,342176
1939-06-27,0.452,349262
1939-06-26,-2.253,347692
1939-06-23,0.444,355706
1939-06-22,-0.601,354135
1939-06-21,0.007,356275
1939-06-20,0.883,356250
1939-06-19,1.248,353133
1939-06-16,0.302,348779
1939-06-15,-2.356,347729
1939-06-14,-0.396,356120
1939-06-13,-0.646,357534
1939-06-12,-1.139,359859
1939-06-09,1.380,364003
1939-06-08,-0.224,359047
1939-06-07,0.113,359854
1939-06-06,1.312,359448
1939-06-05,0.286,354795
1939-06-02,0.546,353782
1939-06-01,-1.500,351859
1939-05-31,-0.394,357218
1939-05-29,1.401,358632
1939-05-26,0.374,353675
1939-05-25,0.202,352359
1939-05-24,2.870,351649
1939-05-23,-0.500,341839
1939-05-22,1.646,343556
1939-05-19,0.937,337993
1939-05-18,0.212,334856
1939-05-17,-0.601,334147
1939-05-16,-2.693,336167
1939-05-15,0.382,345470
1939-05-12,-0.671,344154
1939-05-11,0.030,346478
1939-05-10,-1.182,346375
1939-05-09,1.792,350520
1939-05-08,0.206,344350
1939-05-05,-0.322,343640
1939-05-04,-0.321,344751
1939-05-03,2.642,345862
1939-05-02,1.308,336961
1939-05-01,-0.604,332610
1939-04-28,-0.868,334631
1939-04-27,1.121,337563
1939-04-26,1.041,333819
1939-04-25,0.215,330379
1939-04-24,-1.599,329669
1939-04-21,0.394,335028
1939-04-20,1.228,333712
1939-04-19,1.243,329665
1939-04-18,-1.529,325617
1939-04-17,1.902,330673
1939-04-14,-1.443,324502
1939-04-13,0.868,329253
1939-04-12,2.705,326420
1939-04-11,-0.158,317822
1939-04-10,-2.023,318326
1939-04-06,-3.572,324898
1939-04-05,0.392,336932
1939-04-04,-2.094,335616
1939-04-03,2.573,342795
1939-03-31,-4.563,334196
1939-03-30,-3.403,350175
1939-03-29,0.788,362513
1939-03-28,-1.304,359679
1939-03-27,-0.634,364432
1939-03-24,1.285,366756
1939-03-23,1.474,362102
1939-03-22,-3.342,356841
1939-03-21,1.785,369179
1939-03-20,-2.102,362705
1939-03-17,-2.925,370491
1939-03-16,-0.214,381656
1939-03-15,-2.722,382475
1939-03-14,0.403,393178
1939-03-13,-1.338,391601
1939-03-10,0.704,396912
1939-03-09,-0.434,394137
1939-03-08,1.714,395855
1939-03-07,0.485,389185
1939-03-06,-0.518,387309
1939-03-03,1.425,389326
1939-03-02,-0.135,383854
1939-03-01,0.021,384374
1939-02-28,0.570,384294
1939-02-27,0.732,382118
1939-02-24,2.448,379342
1939-02-23,0.103,370277
1939-02-21,0.592,369897
1939-02-20,-1.897,367721
1939-02-17,-0.614,374830
1939-02-16,0.822,377146
1939-02-15,0.182,374071
1939-02-14,0.263,373393
1939-02-10,0.263,372414
1939-02-09,-1.410,371436
1939-02-08,1.310,376748
1939-02-07,-1.173,371876
1939-02-06,1.394,376289
1939-02-03,-0.620,371117
1939-02-02,2.152,373434
1939-02-01,-1.432,365566
1939-01-31,1.166,370878
1939-01-30,2.536,366604
1939-01-27,2.867,357538
1939-01-26,-3.150,347573
1939-01-25,-0.559,358876
1939-01-24,0.439,360893
1939-01-23,-6.379,359316
1939-01-20,-0.368,383800
1939-01-19,0.726,385218
1939-01-18,-0.136,382442
1939-01-17,0.810,382962
1939-01-16,2.445,379886
1939-01-13,-1.097,370820
1939-01-12,-0.772,374934
1939-01-11,-1.847,377850
1939-01-10,0.177,384960
1939-01-09,-2.116,384281
1939-01-06,0.097,392589
1939-01-05,-1.262,392210
1939-01-04,1.165,397223
1939-01-03,-0.436,392650
1938-12-30,0.096,394367
1938-12-29,2.196,393988
1938-12-28,0.962,385520
1938-12-27,-0.603,381846
1938-12-23,1.125,384163
1938-12-22,0.736,379889
1938-12-21,-0.611,377113
1938-12-20,-0.137,379430
1938-12-19,-1.685,379949
1938-12-16,0.088,386460
1938-12-15,0.248,386122
1938-12-14,2.140,385168
1938-12-13,1.050,377098
1938-12-12,1.142,373180
1938-12-09,-0.542,368964
1938-12-08,-1.168,370976
1938-12-07,0.334,375359
1938-12-06,0.816,374109
1938-12-05,-0.618,371080
1938-12-02,-1.005,373388
1938-12-01,-0.918,377179
1938-11-30,2.410,380673
1938-11-29,0.498,371713
1938-11-28,-3.466,369870
1938-11-25,0.172,383149
1938-11-23,0.250,382492
1938-11-22,-0.831,381539
1938-11-21,0.326,384736
1938-11-18,-2.103,383486
1938-11-17,1.165,391725
1938-11-16,-2.812,387213
1938-11-15,-0.576,398417
1938-11-14,-1.943,400725
1938-11-10,-0.633,408668
1938-11-09,2.681,411272
1938-11-07,1.979,400533
1938-11-04,-0.135,392760
1938-11-03,0.319,393289
1938-11-02,0.396,392038
1938-11-01,-0.513,390492
1938-10-31,0.244,392503
1938-10-28,-1.403,391550
1938-10-27,0.542,397120
1938-10-26,-1.244,394980
1938-10-25,0.239,399958
1938-10-24,1.144,399004
1938-10-21,0.318,394492
1938-10-20,1.548,393242
1938-10-19,-1.789,387247
1938-10-18,1.389,394300
1938-10-17,-0.590,388898
1938-10-14,-0.661,391206
1938-10-13,3.123,393811
1938-10-11,-0.524,381885
1938-10-10,0.482,383897
1938-10-07,0.250,382053
1938-10-06,-0.294,381100
1938-10-05,3.056,382222
1938-10-04,-0.302,370889
1938-10-03,2.301,372011
1938-09-30,2.871,363643
1938-09-29,3.672,353496
1938-09-28,4.472,340976
1938-09-27,-0.252,326380
1938-09-26,-2.971,327206
1938-09-23,-3.298,337225
1938-09-22,-1.737,348726
1938-09-21,0.607,354890
1938-09-20,3.409,352750
1938-09-19,0.631,341120
1938-09-16,-2.057,338980
1938-09-15,3.271,346097
1938-09-14,-0.612,335136
1938-09-13,-5.709,337198
1938-09-12,0.335,357613
1938-09-09,-2.191,356420
1938-09-08,-0.963,364402
1938-09-07,1.555,367945
1938-09-06,-0.323,362312
1938-09-02,2.850,363486
1938-09-01,-1.156,353413
1938-08-31,0.168,357547
1938-08-30,1.604,356946
1938-08-29,-5.190,351312
1938-08-26,-0.947,370544
1938-08-25,0.800,374087
1938-08-24,-0.236,371117
1938-08-23,2.282,371996
1938-08-22,-0.322,363698
1938-08-19,1.820,364873
1938-08-18,-0.080,358351
1938-08-17,0.168,358637
1938-08-16,1.343,358036
1938-08-15,0.003,353290
1938-08-12,-2.049,353281
1938-08-11,-2.557,360672
1938-08-10,-1.261,370135
1938-08-09,-0.625,374863
1938-08-08,0.555,377221
1938-08-05,2.262,375140
1938-08-04,0.652,366842
1938-08-03,-0.883,364464
1938-08-02,1.308,367711
1938-08-01,-0.646,362965
1938-07-29,-1.198,365324
1938-07-28,1.879,369755
1938-07-27,-2.927,362937
1938-07-26,-1.403,373881
1938-07-25,1.993,379200
1938-07-22,0.082,371790
1938-07-21,0.082,371485
1938-07-20,-1.102,371179
1938-07-19,2.592,375315
1938-07-18,2.918,365832
1938-07-15,1.353,355461
1938-07-14,-0.917,350714
1938-07-13,-0.745,353962
1938-07-12,2.644,356617
1938-07-11,-1.342,347430
1938-07-08,-1.651,352157
1938-07-07,-0.409,358069
1938-07-06,1.338,359540
1938-07-05,0.590,354793
1938-07-01,3.030,352711
1938-06-30,-1.362,342340
1938-06-29,4.180,347067
1938-06-28,-0.086,333143
1938-06-27,0.989,333430
1938-06-24,1.091,330163
1938-06-23,2.799,326601
1938-06-22,2.584,317710
1938-06-21,2.653,309706
1938-06-20,5.381,301703
1938-06-17,-0.880,286298
1938-06-16,0.945,288839
1938-06-15,0.440,286136
1938-06-14,1.166,284883
1938-06-13,-2.771,281600
1938-06-10,-1.351,289624
1938-06-09,2.151,293590
1938-06-08,0.336,287408
1938-06-07,-0.371,286444
1938-06-06,3.369,287510
1938-06-03,-1.203,278139
1938-06-02,-0.275,281524
1938-06-01,3.214,282300
1938-05-31,-0.072,273509
1938-05-27,-0.072,273705
1938-05-26,-2.546,273901
1938-05-25,-1.691,281056
1938-05-24,-1.761,285891
1938-05-23,-0.661,291017
1938-05-20,-1.432,292953
1938-05-19,-0.935,297208
1938-05-18,0.713,300014
1938-05-17,0.619,297891
1938-05-16,-1.702,296058
1938-05-13,-1.580,301183
1938-05-12,-0.535,306019
1938-05-11,0.599,307665
1938-05-10,-1.831,305832
1938-05-09,1.928,311537
1938-05-06,4.597,305645
1938-05-05,-0.364,292213
1938-05-04,1.640,293279
1938-05-03,2.717,288546
1938-05-02,-1.891,280914
1938-04-29,0.134,286329
1938-04-28,-3.017,285946
1938-04-27,1.227,294841
1938-04-26,-2.398,291268
1938-04-25,-2.249,298423
1938-04-22,2.865,305289
1938-04-21,1.019,296786
1938-04-20,-0.460,293793
1938-04-19,-2.833,295149
1938-04-18,2.078,303755
1938-04-14,1.016,297572
1938-04-13,0.527,294579
1938-04-12,1.032,293035
1938-04-11,3.446,290042
1938-04-08,4.578,280379
1938-04-07,-0.717,268106
1938-04-06,-2.172,270042
1938-04-05,2.622,276038
1938-04-04,3.726,268985
1938-04-01,4.845,259322
1938-03-31,-1.351,247338
1938-03-30,-1.220,250725
1938-03-29,-5.778,253821
1938-03-28,-0.820,269386
1938-03-25,-5.420,271612
1938-03-24,0.337,287178
1938-03-23,-1.955,286215
1938-03-22,-3.051,291921
1938-03-21,1.896,301107
1938-03-18,-3.209,295503
1938-03-17,-0.814,305300
1938-03-16,-4.331,307804
1938-03-15,3.042,321741
1938-03-14,1.887,312241
1938-03-11,-1.720,306457
1938-03-10,-1.067,311819
1938-03-09,0.112,315181
1938-03-08,0.022,314827
1938-03-07,-2.199,314759
1938-03-04,-0.947,321836
1938-03-03,-0.938,324912
1938-03-02,-0.929,327988
1938-03-01,1.068,331064
1938-02-28,-1.947,327566
1938-02-25,0.537,334072
1938-02-24,-1.421,332289
1938-02-23,2.631,337080
1938-02-21,3.256,328438
1938-02-18,-1.134,318081
1938-02-17,2.573,321728
1938-02-16,-0.160,313657
1938-02-15,-1.148,314161
1938-02-14,0.838,317809
1938-02-11,-0.340,315168
1938-02-10,0.658,316244
1938-02-09,-0.701,314175
1938-02-08,3.967,316393
1938-02-07,0.211,304321
1938-02-04,1.942,303681
1938-02-03,-3.675,297896
1938-02-02,-1.346,309261
1938-02-01,1.880,313481
1938-01-31,1.340,307696
1938-01-28,-0.818,303627
1938-01-27,-1.360,306131
1938-01-26,-3.789,310350
1938-01-25,-1.550,322573
1938-01-24,-0.327,327650
1938-01-21,-1.857,328726
1938-01-20,1.846,334946
1938-01-19,-0.841,328876
1938-01-18,-1.004,331666
1938-01-17,-0.235,335028
1938-01-14,0.276,335818
1938-01-13,-1.411,334892
1938-01-12,-0.898,339684
1938-01-11,0.692,342760
1938-01-10,4.864,340406
1938-01-07,-0.852,324616
1938-01-06,4.587,327407
1938-01-05,-0.614,313046
1938-01-04,4.479,314979
1938-01-03,-0.261,301476
1937-12-31,-0.072,302265
1937-12-30,1.364,302483
1937-12-29,1.088,298413
1937-12-28,-3.528,295201
1937-12-27,-3.320,305995
1937-12-24,-0.518,316504
1937-12-23,-0.515,318151
1937-12-22,-1.736,319798
1937-12-21,0.640,325447
1937-12-20,2.840,323378
1937-12-17,-0.658,314449
1937-12-16,1.561,316531
1937-12-15,0.763,311665
1937-12-14,0.860,309306
1937-12-13,-3.127,306669
1937-12-10,-0.918,316568
1937-12-09,-1.759,319503
1937-12-08,0.905,325223
1937-12-07,1.711,322307
1937-12-06,-1.773,316884
1937-12-03,1.354,322604
1937-12-02,2.006,318296
1937-12-01,-1.194,312037
1937-11-30,1.383,315807
1937-11-29,2.707,311498
1937-11-26,4.861,303289
1937-11-24,-2.400,289229
1937-11-23,1.767,296343
1937-11-22,-2.385,291198
1937-11-19,-5.684,298311
1937-11-18,-1.946,316290
1937-11-17,-0.732,322568
1937-11-16,-0.387,324945
1937-11-15,-3.106,326208
1937-11-12,-0.374,336665
1937-11-10,5.338,337928
1937-11-09,2.080,320803
1937-11-08,-2.887,314266
1937-11-05,0.040,323608
1937-11-04,-0.474,323478
1937-11-03,-4.544,325020
1937-11-01,-2.125,340492
1937-10-29,2.501,347884
1937-10-28,2.479,339396
1937-10-27,0.208,331187
1937-10-26,-2.107,330499
1937-10-25,1.378,337613
1937-10-22,-2.650,333026
1937-10-21,2.033,342090
1937-10-20,7.453,335273
1937-10-19,3.175,312018
1937-10-18,-9.014,302415
1937-10-15,-1.040,332376
1937-10-14,-1.915,335868
1937-10-13,-0.043,342425
1937-10-11,-4.098,342574
1937-10-08,-2.326,357211
1937-10-07,-0.721,365718
1937-10-06,2.438,368375
1937-10-05,-5.390,359608
1937-10-04,-0.910,380096
1937-10-01,-0.256,383589
1937-09-30,-0.183,384573
1937-09-29,0.543,385280
1937-09-28,0.693,383199
1937-09-27,3.287,380562
1937-09-24,-4.239,368451
1937-09-23,-2.440,384761
1937-09-22,0.459,394383
1937-09-21,1.037,392582
1937-09-20,-4.292,388551
1937-09-17,-2.145,405975
1937-09-16,1.914,414874
1937-09-15,-0.463,407081
1937-09-14,3.152,408974
1937-09-13,0.291,396477
1937-09-10,-5.230,395326
1937-09-09,2.527,417143
1937-09-08,-0.530,406860
1937-09-07,-4.942,409030
1937-09-03,0.658,430294
1937-09-02,-1.583,427482
1937-09-01,-2.657,434357
1937-08-31,-0.484,446212
1937-08-30,1.514,448382
1937-08-27,-1.654,441696
1937-08-26,-1.924,449124
1937-08-25,-0.710,457935
1937-08-24,0.796,461212
1937-08-23,-0.172,457571
1937-08-20,-1.007,458357
1937-08-19,-1.463,463017
1937-08-18,-0.924,469892
1937-08-17,-0.571,474276
1937-08-16,-0.568,476999
1937-08-13,1.000,479723
1937-08-12,0.537,474974
1937-08-11,-0.166,472440
1937-08-10,-0.166,473226
1937-08-09,1.311,474012
1937-08-06,-0.344,467880
1937-08-05,-0.635,469496
1937-08-04,0.539,472496
1937-08-03,-0.808,469962
1937-08-02,1.793,473792
1937-07-30,0.308,465446
1937-07-29,-0.347,464018
1937-07-28,-1.513,465634
1937-07-27,-0.108,472786
1937-07-26,0.716,473296
1937-07-23,0.423,469930
1937-07-22,0.306,467949
1937-07-21,-0.698,466521
1937-07-20,1.202,469798
1937-07-19,1.955,464219
1937-07-16,-0.233,455319
1937-07-15,0.497,456382
1937-07-14,-0.112,454123
1937-07-13,-0.836,454633
1937-07-12,1.356,458464
1937-07-09,-0.477,452331
1937-07-08,0.193,454501
1937-07-07,0.747,453626
1937-07-06,3.510,450261
1937-07-02,1.496,434994
1937-07-01,0.465,428584
1937-06-30,1.727,426603
1937-06-29,0.143,419362
1937-06-28,-2.566,418764
1937-06-25,-0.630,429792
1937-06-24,0.719,432515
1937-06-23,0.855,429426
1937-06-22,0.206,425784
1937-06-21,-1.021,424910
1937-06-18,0.804,429294
1937-06-17,1.387,425868
1937-06-16,-1.003,420042
1937-06-15,0.932,424296
1937-06-14,-3.297,420377
1937-06-11,-1.275,434711
1937-06-10,-0.591,440327
1937-06-09,-0.830,442947
1937-06-08,0.330,446656
1937-06-07,-0.886,445189
1937-06-04,1.128,449170
1937-06-03,0.208,444162
1937-06-02,0.705,443240
1937-06-01,-1.800,440138
1937-05-28,0.023,448206
1937-05-27,0.206,448101
1937-05-26,-0.098,447179
1937-05-25,-1.239,447619
1937-05-24,1.179,453236
1937-05-21,0.084,447954
1937-05-20,2.648,447577
1937-05-19,-0.225,436029
1937-05-18,1.672,437014
1937-05-17,-1.166,429826
1937-05-14,1.037,434897
1937-05-13,-3.282,430433
1937-05-12,-0.585,445040
1937-05-11,0.084,447660
1937-05-10,-2.182,447283
1937-05-07,-0.333,457259
1937-05-06,0.741,458789
1937-05-05,-0.808,455414
1937-05-04,1.591,459124
1937-05-03,0.265,451935
1937-04-30,2.757,450740
1937-04-29,0.024,438647
1937-04-28,-2.638,438542
1937-04-27,1.684,450426
1937-04-26,-4.050,442964
1937-04-23,-1.945,461659
1937-04-22,-1.235,470818
1937-04-21,1.355,476708
1937-04-20,0.313,470336
1937-04-19,-0.152,468869
1937-04-16,-0.382,469582
1937-04-15,-0.381,471384
1937-04-14,0.138,473187
1937-04-13,1.071,472537
1937-04-12,0.432,467528
1937-04-09,0.257,465516
1937-04-08,0.494,464321
1937-04-07,-3.120,462036
1937-04-06,-0.884,476918
1937-04-05,0.764,481173
1937-04-02,-1.218,477526
1937-04-01,-1.149,483415
1937-03-31,-0.146,489033
1937-03-30,1.835,489745
1937-03-29,-0.261,480921
1937-03-25,-0.091,482179
1937-03-24,1.222,482619
1937-03-23,1.590,476792
1937-03-22,-2.800,469330
1937-03-19,-0.047,482850
1937-03-18,-2.063,483078
1937-03-17,-0.637,493256
1937-03-16,0.507,496419
1937-03-15,-1.173,493915
1937-03-12,-0.093,499775
1937-03-11,-1.526,500239
1937-03-10,0.710,507989
1937-03-09,-0.092,504405
1937-03-08,-0.305,504869
1937-03-05,1.311,506413
1937-03-04,-0.895,499861
1937-03-03,1.152,504373
1937-03-02,1.387,498630
1937-03-01,0.180,491808
1937-02-26,0.346,490923
1937-02-25,-0.369,489228
1937-02-24,0.568,491041
1937-02-23,-2.148,488267
1937-02-19,0.833,498985
1937-02-18,0.564,494862
1937-02-17,-0.149,492087
1937-02-16,0.290,492821
1937-02-15,-1.179,491396
1937-02-11,0.836,497257
1937-02-10,1.011,493134
1937-02-09,-0.425,488200
1937-02-08,1.185,490284
1937-02-05,-1.574,484541
1937-02-04,0.125,492291
1937-02-03,0.734,491675
1937-02-02,0.684,488091
1937-02-01,0.632,484777
1937-01-29,0.806,481733
1937-01-28,-0.097,477879
1937-01-27,0.812,478343
1937-01-26,-1.442,474489
1937-01-25,-0.542,481430
1937-01-22,-0.484,484053
1937-01-21,0.686,486406
1937-01-20,1.260,483091
1937-01-19,-0.659,477078
1937-01-18,0.016,480241
1937-01-15,0.468,480165
1937-01-14,0.299,477930
1937-01-13,0.186,476505
1937-01-12,0.073,475620
1937-01-11,0.530,475274
1937-01-08,0.016,472769
1937-01-07,2.294,472693
1937-01-06,0.075,462092
1937-01-05,0.901,461746
1937-01-04,-1.437,457622
1936-12-31,-0.504,464293
1936-12-30,1.543,466647
1936-12-29,0.429,459553
1936-12-28,-0.686,457588
1936-12-24,0.193,460751
1936-12-23,1.025,459866
1936-12-22,1.278,455202
1936-12-21,-2.042,449458
1936-12-18,-0.911,458828
1936-12-17,-0.718,463048
1936-12-16,-0.147,466395
1936-12-15,0.024,467083
1936-12-14,1.060,466973
1936-12-11,-0.435,462076
1936-12-10,1.008,464093
1936-12-09,0.489,459462
1936-12-08,0.374,457224
1936-12-07,-0.557,455518
1936-12-04,-0.150,458068
1936-12-03,0.549,458755
1936-12-02,-1.072,456251
1936-12-01,-0.777,461194
1936-11-30,-0.319,464807
1936-11-27,1.471,466293
1936-11-25,-0.494,459534
1936-11-24,1.723,461817
1936-11-23,-1.363,453995
1936-11-20,-0.949,460267
1936-11-19,-1.164,464678
1936-11-18,-0.707,470153
1936-11-17,1.390,473500
1936-11-16,0.944,467007
1936-11-13,-1.057,462642
1936-11-12,-1.102,467584
1936-11-10,-0.313,472793
1936-11-09,1.503,474279
1936-11-06,-0.711,467254
1936-11-05,0.764,470601
1936-11-04,1.527,467034
1936-11-02,-0.322,460008
1936-10-30,0.197,461494
1936-10-29,1.549,460586
1936-10-28,0.083,453561
1936-10-27,1.696,453185
1936-10-26,-2.535,445627
1936-10-23,0.316,457220
1936-10-22,-0.787,455779
1936-10-21,0.431,459393
1936-10-20,-0.092,457421
1936-10-19,0.550,457843
1936-10-16,1.147,455339
1936-10-15,-0.153,450175
1936-10-14,-0.445,450863
1936-10-13,0.556,452880
1936-10-09,0.380,450376
1936-10-08,0.561,448670
1936-10-07,0.264,446166
1936-10-06,0.930,444992
1936-10-05,1.123,440892
1936-10-02,1.954,435994
1936-10-01,0.213,427638
1936-09-30,-0.285,426730
1936-09-29,-0.408,427950
1936-09-28,1.598,429701
1936-09-25,-1.766,422941
1936-09-24,0.211,430544
1936-09-23,-0.467,429636
1936-09-22,0.397,431654
1936-09-21,0.837,429947
1936-09-18,1.020,426379
1936-09-17,0.771,422075
1936-09-16,-1.102,418848
1936-09-15,-0.169,423513
1936-09-14,-0.905,424232
1936-09-11,-0.290,428108
1936-09-10,-0.045,429353
1936-09-09,-0.714,429546
1936-09-08,1.686,432632
1936-09-04,0.451,425458
1936-09-03,-0.355,423546
1936-09-02,0.389,425054
1936-09-01,-0.231,423405
1936-08-31,0.453,424387
1936-08-28,0.204,422475
1936-08-27,2.185,421615
1936-08-26,-0.743,412599
1936-08-25,0.144,415685
1936-08-24,2.154,415089
1936-08-21,-3.059,406335
1936-08-20,-0.545,419158
1936-08-19,0.582,421455
1936-08-18,0.080,419017
1936-08-17,-0.421,418683
1936-08-14,-1.281,420455
1936-08-13,-0.475,425910
1936-08-12,0.511,427944
1936-08-11,-0.720,425769
1936-08-10,0.758,428856
1936-08-07,1.332,425628
1936-08-06,0.647,420032
1936-08-05,-0.610,417330
1936-08-04,-0.233,419891
1936-08-03,0.393,420873
1936-07-31,-1.039,419224
1936-07-30,0.391,423626
1936-07-29,-0.971,421977
1936-07-28,-0.168,426117
1936-07-27,2.030,426836
1936-07-24,-0.359,418345
1936-07-23,0.394,419853
1936-07-22,-0.609,418204
1936-07-21,0.646,420765
1936-07-20,1.099,418063
1936-07-17,0.208,413519
1936-07-16,-0.047,412659
1936-07-15,0.081,412852
1936-07-14,1.179,412518
1936-07-13,0.667,407711
1936-07-10,1.871,405009
1936-07-09,1.224,397570
1936-07-08,0.557,392763
1936-07-07,-0.850,390587
1936-07-06,-0.514,393938
1936-07-03,0.957,395972
1936-07-02,-0.116,392218
1936-07-01,0.422,392673
1936-06-30,-0.317,391024
1936-06-29,-0.383,392269
1936-06-26,-0.315,393777
1936-06-25,-1.037,395023
1936-06-24,1.084,399163
1936-06-23,-0.447,394881
1936-06-22,1.636,396653
1936-06-19,-0.593,390266
1936-06-18,0.482,392595
1936-06-17,-0.449,390711
1936-06-16,1.225,392472
1936-06-15,1.034,387722
1936-06-12,-1.125,383753
1936-06-11,1.446,388120
1936-06-10,0.495,382588
1936-06-09,0.984,380703
1936-06-08,1.560,376995
1936-06-05,-0.054,371203
1936-06-04,-1.435,371401
1936-06-03,-0.328,376810
1936-06-02,0.016,378051
1936-06-01,-0.053,377989
1936-05-29,0.710,378188
1936-05-28,-0.809,375521
1936-05-27,-0.190,378586
1936-05-26,1.409,379305
1936-05-25,1.144,374034
1936-05-22,1.085,369805
1936-05-21,-0.338,365836
1936-05-20,1.021,367076
1936-05-19,-2.363,363368
1936-05-18,-0.679,372163
1936-05-15,0.016,374706
1936-05-14,2.293,374644
1936-05-13,0.806,366247
1936-05-12,0.017,363320
1936-05-11,-0.269,363258
1936-05-08,-0.126,364238
1936-05-07,-1.807,364698
1936-05-06,1.152,371409
1936-05-05,1.457,367179
1936-05-04,-0.342,361908
1936-05-01,0.740,363148
1936-04-30,1.783,360482
1936-04-29,-2.911,354168
1936-04-28,-0.126,364787
1936-04-27,-3.294,365246
1936-04-24,0.293,377689
1936-04-23,-3.004,376585
1936-04-22,1.723,388247
1936-04-21,-0.120,381672
1936-04-20,-3.154,382132
1936-04-17,-0.575,394575
1936-04-16,-0.442,396858
1936-04-15,1.006,398620
1936-04-14,-1.990,394650
1936-04-13,0.210,402665
1936-04-09,-0.308,401822
1936-04-08,0.080,403063
1936-04-07,-0.500,402741
1936-04-06,1.585,404764
1936-04-03,-0.440,398449
1936-04-02,1.002,400211
1936-04-01,1.823,396242
1936-03-31,0.758,389146
1936-03-30,-0.051,386219
1936-03-27,-1.512,386418
1936-03-26,-0.315,392348
1936-03-25,0.884,393589
1936-03-24,-0.516,390141
1936-03-23,0.082,392164
1936-03-20,-0.124,391841
1936-03-19,1.349,392329
1936-03-18,-0.383,387109
1936-03-17,2.396,388598
1936-03-16,2.312,379507
1936-03-13,-1.492,370932
1936-03-12,-2.783,376550
1936-03-11,1.025,387331
1936-03-10,1.519,383401
1936-03-09,-3.861,377664
1936-03-06,0.411,392832
1936-03-05,0.147,391224
1936-03-04,0.280,390649
1936-03-03,1.426,389558
1936-03-02,1.171,384080
1936-02-28,-0.593,379633
1936-02-27,2.368,381897
1936-02-26,-0.466,373064
1936-02-25,-1.810,374811
1936-02-24,-0.923,381721
1936-02-21,-0.252,385275
1936-02-20,1.577,386249
1936-02-19,-0.659,380254
1936-02-18,1.106,382776
1936-02-17,-0.527,378588
1936-02-14,-0.390,380593
1936-02-13,0.627,382083
1936-02-11,1.394,379701
1936-02-10,0.780,374481
1936-02-07,-0.468,371583
1936-02-06,0.154,373330
1936-02-05,-0.329,372755
1936-02-04,-0.122,373987
1936-02-03,0.920,374444
1936-01-31,1.642,371030
1936-01-30,-0.477,365035
1936-01-29,1.011,366783
1936-01-28,0.159,363110
1936-01-27,1.023,362535
1936-01-24,-0.413,358863
1936-01-23,1.103,360352
1936-01-22,2.162,356422
1936-01-21,-0.352,348878
1936-01-20,-1.651,350109
1936-01-17,-0.128,355987
1936-01-16,0.453,356444
1936-01-15,-0.634,354836
1936-01-14,0.598,357100
1936-01-13,-0.418,354977
1936-01-10,0.820,356466
1936-01-09,-0.202,353568
1936-01-08,0.603,354283
1936-01-07,1.581,352159
1936-01-06,-1.015,346680
1936-01-03,1.135,350235
1936-01-02,-0.206,346304
1935-12-31,0.994,347019
1935-12-30,1.466,343605
1935-12-27,-0.059,338641
1935-12-26,0.247,338840
1935-12-24,1.021,338007
1935-12-23,0.639,334592
1935-12-20,0.637,332468
1935-12-19,-0.444,330363
1935-12-18,-0.289,331837
1935-12-17,1.339,332799
1935-12-16,-0.830,328401
1935-12-13,-0.899,331151
1935-12-12,-1.339,334156
1935-12-11,0.396,338692
1935-12-10,-1.694,337357
1935-12-09,1.298,343170
1935-12-06,-0.208,338772
1935-12-05,-0.208,339480
1935-12-04,0.850,340187
1935-12-03,2.739,337321
1935-12-02,-1.438,328328
1935-11-29,-1.119,333120
1935-11-27,0.781,336890
1935-11-26,-1.413,334279
1935-11-25,0.319,339071
1935-11-22,-2.054,337992
1935-11-21,0.988,345081
1935-11-20,-1.237,341704
1935-11-19,1.363,345985
1935-11-18,0.242,341332
1935-11-15,0.394,340508
1935-11-14,1.857,339173
1935-11-13,1.181,332988
1935-11-12,-0.829,329100
1935-11-08,0.871,331850
1935-11-07,-0.369,328984
1935-11-06,1.909,330202
1935-11-04,0.097,324016
1935-11-01,1.216,323703
1935-10-31,0.823,319815
1935-10-30,-0.701,317204
1935-10-29,-0.062,319443
1935-10-28,0.259,319640
1935-10-25,0.989,318815
1935-10-24,-0.143,315693
1935-10-23,0.669,316146
1935-10-22,0.509,314045
1935-10-21,3.224,312455
1935-10-18,-0.317,302695
1935-10-17,-0.483,303658
1935-10-16,-0.398,305131
1935-10-15,0.691,306349
1935-10-14,1.123,304248
1935-10-11,0.104,300871
1935-10-10,2.013,300557
1935-10-09,0.543,294626
1935-10-08,-0.672,293036
1935-10-07,1.514,295020
1935-10-04,0.907,290621
1935-10-03,1.460,288010
1935-10-02,-3.285,283866
1935-10-01,-0.928,293509
1935-09-30,0.279,296259
1935-09-27,-0.239,295435
1935-09-26,0.020,296142
1935-09-25,0.453,296083
1935-09-24,1.248,294748
1935-09-23,1.264,291115
1935-09-20,-2.755,287482
1935-09-19,-1.997,295626
1935-09-18,0.860,301649
1935-09-17,0.015,299076
1935-09-16,-0.657,299031
1935-09-13,0.183,301009
1935-09-12,-1.150,300459
1935-09-11,0.516,303954
1935-09-10,0.858,302392
1935-09-09,0.952,299819
1935-09-06,1.572,296993
1935-09-05,0.976,292397
1935-09-04,1.343,289571
1935-09-03,-0.249,285733
1935-08-30,0.638,286447
1935-08-29,0.642,284632
1935-08-28,-0.163,282817
1935-08-27,-2.931,283278
1935-08-26,-0.844,291830
1935-08-23,-0.242,294314
1935-08-22,0.359,295028
1935-08-21,0.883,293972
1935-08-20,0.276,291398
1935-08-19,-1.863,290595
1935-08-16,0.877,296113
1935-08-15,-1.093,293540
1935-08-14,0.015,296782
1935-08-13,0.615,296737
1935-08-12,0.968,294923
1935-08-09,2.409,292096
1935-08-08,0.372,285224
1935-08-07,-0.073,284168
1935-08-06,-0.073,284376
1935-08-05,2.288,284584
1935-08-02,-0.795,278218
1935-08-01,-0.343,280449
1935-07-31,1.290,281415
1935-07-30,-0.886,277830
1935-07-29,2.324,280314
1935-07-26,0.573,273948
1935-07-25,-0.995,272385
1935-07-24,0.757,275122
1935-07-23,-0.076,273054
1935-07-22,1.807,273262
1935-07-19,-0.732,268413
1935-07-18,-0.077,270391
1935-07-17,0.486,270599
1935-07-16,0.205,269290
1935-07-15,-0.171,268739
1935-07-12,0.965,269200
1935-07-11,-1.016,266626
1935-07-10,0.774,269363
1935-07-09,-0.454,267295
1935-07-08,1.257,268515
1935-07-05,1.175,265182
1935-07-03,0.600,262103
1935-07-02,0.114,260541
1935-07-01,0.408,260243
1935-06-28,0.904,259186
1935-06-27,-0.473,256865
1935-06-26,-1.145,258085
1935-06-25,-1.415,261075
1935-06-24,0.884,264823
1935-06-21,2.276,262502
1935-06-20,-0.760,256661
1935-06-19,-0.467,258626
1935-06-18,0.596,259840
1935-06-17,0.014,258301
1935-06-14,0.994,258264
1935-06-13,0.606,255723
1935-06-12,-0.670,254183
1935-06-11,1.003,255898
1935-06-10,1.316,253358
1935-06-07,0.619,250066
1935-06-06,-0.685,248526
1935-06-05,-0.085,250241
1935-06-04,2.579,250454
1935-06-03,0.947,244158
1935-05-31,-1.111,241868
1935-05-29,-1.597,244584
1935-05-28,-1.766,248552
1935-05-27,0.114,253022
1935-05-24,-0.478,252734
1935-05-23,0.113,253948
1935-05-22,0.811,253661
1935-05-21,0.919,251620
1935-05-20,-1.176,249330
1935-05-17,-0.282,252297
1935-05-16,2.241,253010
1935-05-15,0.116,247465
1935-05-14,0.117,247177
1935-05-13,0.525,246890
1935-05-10,0.631,245600
1935-05-09,0.427,244061
1935-05-08,2.877,243022
1935-05-07,-0.406,236225
1935-05-06,0.016,237189
1935-05-03,1.625,237151
1935-05-02,0.447,233358
1935-05-01,-0.520,232319
1935-04-30,-1.150,233534
1935-04-29,-0.090,236250
1935-04-26,-0.406,236463
1935-04-25,1.298,237427
1935-04-24,-1.250,234386
1935-04-23,0.333,237353
1935-04-22,2.959,236564
1935-04-18,1.454,229766
1935-04-17,-1.508,226474
1935-04-16,0.235,229942
1935-04-15,2.021,229404
1935-04-12,1.143,224859
1935-04-11,-0.543,222318
1935-04-10,-0.429,223532
1935-04-09,1.834,224497
1935-04-08,0.017,220453
1935-04-05,2.462,220415
1935-04-04,1.076,215120
1935-04-03,-0.217,212829
1935-04-02,-0.450,213292
1935-04-01,1.081,214256
1935-03-29,0.018,211965
1935-03-28,0.136,211927
1935-03-27,1.094,211640
1935-03-26,-0.813,209349
1935-03-25,-1.502,211064
1935-03-22,1.561,214281
1935-03-21,2.078,210989
1935-03-20,-0.103,206694
1935-03-19,1.492,206907
1935-03-18,-1.075,203865
1935-03-15,2.129,206081
1935-03-14,-1.542,201786
1935-03-13,0.387,204946
1935-03-12,-1.875,204155
1935-03-11,-2.522,208056
1935-03-08,-0.208,213438
1935-03-07,1.310,213883
1935-03-06,-0.210,211117
1935-03-05,-2.813,211561
1935-03-04,-0.765,217684
1935-03-01,0.589,219363
1935-02-28,-0.540,218079
1935-02-27,0.362,219263
1935-02-26,-0.985,218473
1935-02-25,-1.953,220646
1935-02-21,-0.088,225041
1935-02-20,-1.596,225238
1935-02-19,-1.571,228892
1935-02-18,3.087,232546
1935-02-15,0.573,225583
1935-02-14,0.022,224298
1935-02-13,-0.088,224249
1935-02-11,-0.088,224446
1935-02-08,1.699,224643
1935-02-07,0.812,220890
1935-02-06,-0.871,219111
1935-02-05,-1.083,221037
1935-02-04,-0.637,223457
1935-02-01,-0.524,224889
1935-01-31,0.793,226074
1935-01-30,0.576,224296
1935-01-29,-0.965,223011
1935-01-28,-1.703,225184
1935-01-25,0.564,229085
1935-01-24,-0.195,227801
1935-01-23,0.022,228245
1935-01-22,-0.837,228196
1935-01-21,1.107,230121
1935-01-18,0.458,227602
1935-01-17,0.460,226565
1935-01-16,1.580,225527
1935-01-15,-2.261,222021
1935-01-14,-0.841,227157
1935-01-11,-1.986,229083
1935-01-10,-0.190,233725
1935-01-09,-0.084,234169
1935-01-08,-1.125,234367
1935-01-07,0.756,237034
1935-01-04,-0.188,235255
1935-01-03,0.231,235699
1935-01-02,0.126,235156
1934-12-31,0.977,234859
1934-12-28,3.768,232587
1934-12-27,0.133,224141
1934-12-26,-0.527,223844
1934-12-24,0.797,225029
1934-12-21,0.237,223251
1934-12-20,-0.089,222723
1934-12-19,-1.383,222922
1934-12-18,-0.088,226048
1934-12-17,0.671,226247
1934-12-14,-0.197,224739
1934-12-13,-0.519,225182
1934-12-12,0.128,226356
1934-12-11,-1.990,226067
1934-12-10,-1.027,230656
1934-12-07,-0.811,233050
1934-12-06,-0.188,234957
1934-12-05,0.855,235400
1934-12-04,0.756,233404
1934-12-03,-1.331,231651
1934-11-30,0.019,234777
1934-11-28,1.176,234732
1934-11-27,-0.918,232005
1934-11-26,2.694,234155
1934-11-23,1.430,228013
1934-11-22,0.456,224797
1934-11-21,-0.414,223777
1934-11-20,0.456,224707
1934-11-19,-0.845,223687
1934-11-16,-0.625,225593
1934-11-15,0.452,227012
1934-11-14,-0.303,225991
1934-11-13,-0.728,226678
1934-11-09,1.981,228340
1934-11-08,-0.737,223905
1934-11-07,1.893,225568
1934-11-05,1.701,221376
1934-11-02,1.154,217673
1934-11-01,-0.431,215189
1934-10-31,0.247,216120
1934-10-30,0.362,215587
1934-10-29,-0.431,214810
1934-10-26,-1.428,215741
1934-10-25,-2.267,218867
1934-10-24,1.682,223944
1934-10-23,-0.311,220241
1934-10-22,-0.090,220927
1934-10-19,-0.419,221126
1934-10-18,-0.417,222057
1934-10-17,0.239,222988
1934-10-16,1.017,222455
1934-10-15,-2.042,220215
1934-10-11,1.340,224805
1934-10-10,2.732,221833
1934-10-09,-0.986,215934
1934-10-08,-0.867,218084
1934-10-05,2.058,219990
1934-10-04,-0.092,215555
1934-10-03,-0.317,215754
1934-10-02,0.360,216441
1934-10-01,-2.730,215664
1934-09-28,-1.068,221717
1934-09-27,1.010,224112
1934-09-26,-0.635,221871
1934-09-25,2.829,223290
1934-09-24,-0.538,217147
1934-09-21,2.069,218322
1934-09-20,0.358,213896
1934-09-19,2.569,213134
1934-09-18,0.837,207797
1934-09-17,-0.214,206072
1934-09-14,-2.814,206514
1934-09-13,-0.320,212494
1934-09-12,0.359,213177
1934-09-11,0.246,212415
1934-09-10,-2.421,211894
1934-09-07,-1.079,217152
1934-09-06,-2.024,219520
1934-09-05,1.657,224056
1934-09-04,-0.956,220404
1934-08-31,-0.090,222532
1934-08-30,-1.052,222733
1934-08-29,-0.831,225102
1934-08-28,-0.510,226989
1934-08-27,-1.337,228154
1934-08-24,1.820,231245
1934-08-23,-0.510,227111
1934-08-22,2.284,228276
1934-08-21,2.450,223179
1934-08-20,-0.967,217841
1934-08-17,-0.527,219969
1934-08-16,0.786,221133
1934-08-15,-0.636,219408
1934-08-14,-0.740,220813
1934-08-13,2.686,222459
1934-08-10,-2.157,216640
1934-08-09,3.392,221417
1934-08-08,1.619,214152
1934-08-07,-0.209,210741
1934-08-06,-2.103,211183
1934-08-03,-1.195,215719
1934-08-02,0.685,218329
1934-08-01,3.111,216844
1934-07-31,0.134,210302
1934-07-30,0.828,210021
1934-07-27,2.874,208296
1934-07-26,-7.771,202476
1934-07-25,0.904,219536
1934-07-24,-1.077,217570
1934-07-23,-3.978,219939
1934-07-20,-2.744,229051
1934-07-19,-0.996,235514
1934-07-18,1.664,237883
1934-07-17,-0.393,233990
1934-07-16,-2.092,234914
1934-07-13,0.218,239932
1934-07-12,-0.782,239411
1934-07-11,0.518,241298
1934-07-10,0.622,240055
1934-07-09,-0.285,238570
1934-07-06,0.931,239253
1934-07-05,1.670,237046
1934-07-03,-0.292,233152
1934-07-02,-1.204,233835
1934-06-29,-1.684,236686
1934-06-28,0.519,240741
1934-06-27,-0.284,239497
1934-06-26,2.378,240180
1934-06-25,-0.290,234601
1934-06-22,-2.186,235284
1934-06-21,-0.975,240544
1934-06-20,-1.063,242913
1934-06-19,-1.720,245523
1934-06-18,1.385,249819
1934-06-15,1.803,246407
1934-06-14,-1.438,242042
1934-06-13,0.017,245572
1934-06-12,1.096,245530
1934-06-11,-0.761,242868
1934-06-08,4.706,244731
1934-06-07,-0.287,233733
1934-06-06,0.222,234405
1934-06-05,2.417,233886
1934-06-04,1.180,228366
1934-06-01,-2.352,225703
1934-05-31,-1.803,231139
1934-05-29,-0.385,235384
1934-05-28,1.346,236294
1934-05-25,1.155,233156
1934-05-24,0.329,230493
1934-05-23,-0.906,229736
1934-05-22,-2.193,231838
1934-05-21,0.219,237035
1934-05-18,2.708,236517
1934-05-17,0.330,230281
1934-05-16,-0.703,229525
1934-05-15,1.909,231150
1934-05-14,-1.021,226820
1934-05-11,-1.011,229159
1934-05-10,-2.294,231499
1934-05-09,-1.663,236935
1934-05-08,2.449,240942
1934-05-07,-4.895,235183
1934-05-04,0.307,247289
1934-05-03,0.405,246532
1934-05-02,-1.980,245537
1934-05-01,0.017,250497
1934-04-30,-3.117,250454
1934-04-27,0.109,258511
1934-04-26,-1.349,258230
1934-04-25,-0.527,261761
1934-04-24,-0.792,263148
1934-04-23,-0.609,265250
1934-04-20,1.008,266875
1934-04-19,0.197,264213
1934-04-18,1.297,263694
1934-04-17,1.033,260317
1934-04-16,-1.531,257654
1934-04-13,-0.347,261662
1934-04-12,-0.255,262572
1934-04-11,-0.074,263245
1934-04-10,1.485,263441
1934-04-09,-0.713,259587
1934-04-06,0.474,261450
1934-04-05,0.292,260217
1934-04-04,0.293,259460
1934-04-03,0.759,258703
1934-04-02,1.333,256755
1934-03-29,1.641,253378
1934-03-28,0.305,249286
1934-03-27,-2.688,248529
1934-03-26,1.725,255395
1934-03-23,-1.016,251065
1934-03-22,1.834,253643
1934-03-21,-1.953,249074
1934-03-20,2.026,254035
1934-03-19,-3.403,248990
1934-03-16,0.289,257762
1934-03-15,-1.608,257020
1934-03-14,0.107,261220
1934-03-13,0.017,260941
1934-03-12,2.140,260898
1934-03-09,-0.625,255433
1934-03-08,1.886,257040
1934-03-07,-2.534,252282
1934-03-06,-1.154,258839
1934-03-05,-0.521,261861
1934-03-02,3.254,263232
1934-03-01,-0.352,254938
1934-02-28,-0.442,255837
1934-02-27,1.130,256973
1934-02-26,-3.907,254101
1934-02-23,-2.590,264431
1934-02-21,0.277,271460
1934-02-20,0.366,270710
1934-02-19,-1.533,269723
1934-02-16,0.275,273924
1934-02-15,1.952,273174
1934-02-14,0.636,267944
1934-02-13,0.372,266250
1934-02-09,-2.750,265264
1934-02-08,0.450,272765
1934-02-07,-3.098,271543
1934-02-06,0.100,280223
1934-02-05,3.143,279944
1934-02-02,-0.071,271413
1934-02-01,2.599,271606
1934-01-31,-1.389,264726
1934-01-30,1.261,268455
1934-01-29,1.552,265111
1934-01-26,-0.879,261059
1934-01-25,0.016,263374
1934-01-24,0.647,263331
1934-01-23,1.295,261637
1934-01-22,-0.166,258293
1934-01-19,2.828,258721
1934-01-18,-0.263,251605
1934-01-17,-0.263,252269
1934-01-16,0.486,252933
1934-01-15,5.660,251711
1934-01-12,-1.156,238228
1934-01-11,0.510,241014
1934-01-10,2.746,239792
1934-01-09,1.143,233382
1934-01-08,-0.490,230745
1934-01-05,-1.286,231881
1934-01-04,-0.282,234903
1934-01-03,-1.364,235567
1934-01-02,1.420,238824
1933-12-29,-0.182,235480
1933-12-28,2.899,235908
1933-12-27,1.375,229263
1933-12-26,-2.818,226154
1933-12-22,3.263,232713
1933-12-21,-0.190,225360
1933-12-20,-1.827,225788
1933-12-19,-0.186,229989
1933-12-18,-2.961,230417
1933-12-15,-1.553,237448
1933-12-14,0.406,241194
1933-12-13,-0.945,240220
1933-12-12,-0.175,242511
1933-12-11,2.076,242936
1933-12-08,-0.954,237997
1933-12-07,0.702,240288
1933-12-06,-0.663,238614
1933-12-05,3.019,240206
1933-12-04,-0.082,233167
1933-12-01,0.319,233359
1933-11-29,1.857,232618
1933-11-28,0.120,228377
1933-11-27,-3.152,228103
1933-11-24,1.424,235527
1933-11-23,-1.759,232220
1933-11-22,-0.474,236377
1933-11-21,-1.244,237503
1933-11-20,3.118,240494
1933-11-17,-1.071,233221
1933-11-16,4.680,235746
1933-11-15,-1.109,225207
1933-11-14,-1.197,227732
1933-11-13,0.937,230490
1933-11-10,-1.492,228349
1933-11-09,0.727,231808
1933-11-08,3.698,230133
1933-11-06,-0.919,221927
1933-11-03,3.468,223985
1933-11-02,1.109,216479
1933-11-01,1.794,214105
1933-10-31,-0.860,210331
1933-10-30,-5.194,212156
1933-10-27,1.072,223779
1933-10-26,-1.945,221405
1933-10-25,2.671,225797
1933-10-24,3.991,219923
1933-10-23,1.817,211483
1933-10-20,2.910,207709
1933-10-19,-5.030,201835
1933-10-18,-4.590,212526
1933-10-17,3.264,222750
1933-10-16,-6.457,215709
1933-10-13,-3.779,230599
1933-10-11,0.115,239657
1933-10-10,-0.853,239382
1933-10-09,2.697,241441
1933-10-06,-1.063,235101
1933-10-05,-1.243,237626
1933-10-04,6.415,240618
1933-10-03,0.537,226111
1933-10-02,-1.009,224904
1933-09-29,-0.696,227195
1933-09-28,1.467,228787
1933-09-27,-4.148,225480
1933-09-26,-0.868,235238
1933-09-25,-0.957,237296
1933-09-22,2.309,239588
1933-09-21,-6.154,234181
1933-09-20,-3.153,249538
1933-09-19,0.380,257663
1933-09-18,1.680,256689
1933-09-15,-2.776,252448
1933-09-14,0.194,259657
1933-09-13,0.463,259155
1933-09-12,-0.608,257959
1933-09-11,4.383,259537
1933-09-08,-0.354,248639
1933-09-07,-1.354,249523
1933-09-06,0.107,252948
1933-09-05,-3.428,252677
1933-09-01,1.267,261647
1933-08-31,-0.074,258372
1933-08-30,-0.870,258563
1933-08-29,-0.513,260834
1933-08-28,-0.161,262180
1933-08-25,3.664,262602
1933-08-24,0.936,253321
1933-08-23,-1.257,250970
1933-08-22,1.586,254165
1933-08-21,1.611,250197
1933-08-18,-1.645,246230
1933-08-17,5.467,250348
1933-08-16,-2.637,237370
1933-08-15,0.206,243799
1933-08-14,-1.203,243297
1933-08-11,-0.358,246260
1933-08-10,-1.639,247144
1933-08-09,4.034,251263
1933-08-08,3.379,241520
1933-08-07,-0.768,233624
1933-08-04,-2.191,235432
1933-08-03,-1.216,240706
1933-08-02,2.346,243670
1933-08-01,3.016,238085
1933-07-31,-4.563,231113
1933-07-28,-2.314,242163
1933-07-27,0.862,247899
1933-07-26,2.621,245780
1933-07-25,-1.691,239501
1933-07-24,8.788,243620
1933-07-21,-8.654,223941
1933-07-20,-8.835,245157
1933-07-19,-4.889,268915
1933-07-18,1.592,282738
1933-07-17,1.361,278308
1933-07-14,-1.232,274571
1933-07-13,1.107,277997
1933-07-12,1.378,274953
1933-07-11,-1.247,271217
1933-07-10,-0.820,274642
1933-07-07,0.941,276913
1933-07-06,2.608,274331
1933-07-05,-0.587,267360
1933-07-03,6.513,268937
1933-06-30,1.597,252492
1933-06-29,-0.905,248524
1933-06-28,-1.258,250795
1933-06-27,1.027,253990
1933-06-26,2.950,251408
1933-06-23,3.341,244205
1933-06-22,-3.385,236309
1933-06-21,0.587,244587
1933-06-20,-1.482,243160
1933-06-19,8.886,246817
1933-06-16,0.731,226675
1933-06-15,-6.885,225029
1933-06-14,-0.920,241667
1933-06-13,-2.895,243912
1933-06-12,4.582,251183
1933-06-09,0.977,240177
1933-06-08,0.889,237853
1933-06-07,1.793,235757
1933-06-06,-0.278,231605
1933-06-05,-0.570,232251
1933-06-02,3.984,233582
1933-06-01,1.046,224632
1933-05-31,-1.401,222308
1933-05-29,4.686,225467
1933-05-26,2.856,215375
1933-05-25,-0.739,209395
1933-05-24,2.121,210954
1933-05-23,3.690,206573
1933-05-22,-2.003,199223
1933-05-19,-0.761,203295
1933-05-18,-0.535,204855
1933-05-17,1.028,205957
1933-05-16,1.963,203861
1933-05-15,-3.827,199938
1933-05-12,-0.419,207894
1933-05-11,2.833,208769
1933-05-10,4.983,203017
1933-05-09,0.735,193381
1933-05-08,-4.526,191970
1933-05-05,1.053,201070
1933-05-04,2.855,198974
1933-05-03,-0.567,193450
1933-05-02,0.374,194553
1933-05-01,7.635,193828
1933-04-28,1.700,180079
1933-04-27,-0.873,177068
1933-04-26,0.666,178628
1933-04-25,-2.367,177446
1933-04-24,6.305,181747
1933-04-21,-4.812,170968
1933-04-20,9.496,179611
1933-04-19,7.193,164034
1933-04-18,2.007,153026
1933-04-17,-2.062,150016
1933-04-13,4.063,153175
1933-04-12,-1.502,147194
1933-04-11,-0.430,149439
1933-04-10,6.862,150084
1933-04-07,1.181,140448
1933-04-06,1.704,138808
1933-04-05,0.874,136483
1933-04-04,0.539,135301
1933-04-03,0.371,134575
1933-03-31,-3.268,134078
1933-03-30,-0.300,138608
1933-03-29,-2.222,139025
1933-03-28,1.996,142184
1933-03-27,-2.528,139402
1933-03-24,0.028,143018
1933-03-23,2.151,142978
1933-03-22,-1.261,139967
1933-03-21,-4.587,141756
1933-03-20,-1.934,148571
1933-03-17,-4.305,151501
1933-03-16,1.764,158317
1933-03-15,16.348,155573
1933-03-03,3.338,133713
1933-03-02,-2.009,129394
1933-03-01,1.946,132046
1933-02-28,2.347,129526
1933-02-27,-6.137,126557
1933-02-24,3.846,134831
1933-02-23,-4.593,129837
1933-02-21,-0.623,136088
1933-02-20,-3.608,136942
1933-02-17,1.642,142068
1933-02-16,-2.325,139773
1933-02-15,-0.593,143100
1933-02-14,-5.015,143954
1933-02-10,-1.433,151554
1933-02-09,2.122,153757
1933-02-08,1.241,150562
1933-02-07,0.947,148717
1933-02-06,-0.727,147321
1933-02-03,-0.271,148400
1933-02-02,-1.751,148803
1933-02-01,-3.827,151456
1933-01-31,-0.539,157482
1933-01-30,-0.816,158336
1933-01-27,-0.112,159639
1933-01-26,-0.670,159818
1933-01-25,1.736,160897
1933-01-24,-0.677,158152
1933-01-23,-0.393,159230
1933-01-20,1.168,159859
1933-01-19,0.458,158013
1933-01-18,-1.797,157293
1933-01-17,0.311,160170
1933-01-16,-2.579,159674
1933-01-13,0.303,163902
1933-01-12,-1.196,163406
1933-01-11,-0.244,165384
1933-01-10,2.962,165788
1933-01-09,-1.350,161018
1933-01-06,1.568,163221
1933-01-05,-0.390,160701
1933-01-04,4.701,161330
1933-01-03,-1.268,154086
1932-12-30,2.543,156065
1932-12-29,2.299,152195
1932-12-28,-0.120,148775
1932-12-27,0.639,148954
1932-12-23,0.031,148008
1932-12-22,-3.349,147962
1932-12-21,-0.263,153089
1932-12-20,-2.122,153493
1932-12-19,-0.399,156821
1932-12-16,-0.678,157449
1932-12-15,-0.939,158525
1932-12-14,1.857,160027
1932-12-13,-1.085,157110
1932-12-12,-0.111,158832
1932-12-09,2.741,159009
1932-12-08,0.029,154766
1932-12-07,0.315,154721
1932-12-06,4.994,154235
1932-12-05,1.095,146899
1932-12-02,-3.775,145307
1932-12-01,2.736,151007
1932-11-30,-3.313,146986
1932-11-29,-0.261,152023
1932-11-28,0.320,152420
1932-11-25,-0.979,151933
1932-11-23,-4.379,153435
1932-11-22,-0.384,160461
1932-11-21,0.998,161079
1932-11-18,-0.248,159488
1932-11-17,-0.659,159885
1932-11-16,-3.035,160945
1932-11-15,0.027,165983
1932-11-14,-3.196,165938
1932-11-11,3.220,171417
1932-11-10,7.464,166070
1932-11-09,-4.349,154535
1932-11-07,5.209,161561
1932-11-04,6.140,153562
1932-11-03,-0.577,144678
1932-11-02,-3.488,145518
1932-11-01,-2.820,150776
1932-10-31,-1.790,155151
1932-10-28,2.027,157979
1932-10-27,0.893,154840
1932-10-26,1.938,153470
1932-10-25,-0.988,150552
1932-10-24,0.175,152055
1932-10-21,-5.606,151789
1932-10-20,-2.256,160804
1932-10-19,3.792,164516
1932-10-18,1.875,158505
1932-10-17,-1.785,155588
1932-10-14,6.889,158416
1932-10-13,-3.008,148206
1932-10-11,7.160,152802
1932-10-10,-8.481,142592
1932-10-07,-5.470,155806
1932-10-06,0.567,164821
1932-10-05,-8.149,163893
1932-10-04,-0.099,178433
1932-10-03,-0.222,178609
1932-09-30,-0.221,179007
1932-09-29,-3.080,179404
1932-09-28,2.849,185105
1932-09-27,1.143,179978
1932-09-26,-4.257,177944
1932-09-23,1.718,185855
1932-09-22,-3.026,182717
1932-09-21,11.831,188418
1932-09-20,3.841,168484
1932-09-19,-3.012,162252
1932-09-16,-1.149,167290
1932-09-15,4.175,169234
1932-09-14,-5.656,162452
1932-09-13,-4.209,172192
1932-09-12,-6.744,179757
1932-09-09,-2.400,192757
1932-09-08,-3.587,197497
1932-09-07,4.456,204845
1932-09-06,0.804,196106
1932-09-02,4.337,194541
1932-09-01,0.965,186455
1932-08-31,-0.910,184672
1932-08-30,-1.244,186368
1932-08-29,2.262,188717
1932-08-26,1.579,184543
1932-08-25,-0.807,181674
1932-08-24,2.208,183152
1932-08-23,1.879,179196
1932-08-22,6.195,175892
1932-08-19,-0.885,165631
1932-08-18,1.211,167109
1932-08-17,-2.164,165110
1932-08-16,3.218,168762
1932-08-15,6.244,163501
1932-08-12,-7.910,153892
1932-08-11,-0.492,167111
1932-08-10,3.511,167937
1932-08-09,-0.507,162241
1932-08-08,9.201,163068
1932-08-05,4.281,149328
1932-08-04,2.045,143197
1932-08-03,8.799,140327
1932-08-02,-3.857,128979
1932-08-01,1.347,134153
1932-07-29,3.081,132371
1932-07-28,3.179,128414
1932-07-27,4.989,124457
1932-07-26,-1.410,118543
1932-07-25,5.373,120239
1932-07-22,2.982,114108
1932-07-21,2.453,110804
1932-07-20,3.152,108151
1932-07-19,-0.372,104847
1932-07-18,-2.576,105238
1932-07-15,2.942,108021
1932-07-14,-0.577,104934
1932-07-13,4.792,105542
1932-07-12,0.043,100716
1932-07-11,4.326,100672
1932-07-08,-0.849,96498
1932-07-07,-3.201,97324
1932-07-06,2.256,100542
1932-07-05,-2.121,98324
1932-07-01,3.867,100455
1932-06-30,-1.723,96715
1932-06-29,1.616,98411
1932-06-28,0.045,96846
1932-06-27,-3.427,96802
1932-06-24,-4.118,100238
1932-06-23,0.670,104543
1932-06-22,0.042,103847
1932-06-21,-2.412,103804
1932-06-20,1.284,106369
1932-06-17,-5.608,105021
1932-06-16,0.038,111261
1932-06-15,3.596,111219
1932-06-14,2.470,107358
1932-06-13,-1.946,104770
1932-06-10,7.513,106849
1932-06-09,0.043,99382
1932-06-08,-5.604,99340
1932-06-07,-4.209,105237
1932-06-06,3.642,109862
1932-06-03,5.311,106001
1932-06-02,5.374,100655
1932-06-01,-1.488,95521
1932-05-31,-7.263,96964
1932-05-27,-5.339,104558
1932-05-26,1.600,110456
1932-05-25,-3.357,108717
1932-05-24,-3.949,112493
1932-05-23,-0.862,117117
1932-05-20,0.036,118136
1932-05-19,0.578,118094
1932-05-18,-2.433,117415
1932-05-17,-0.316,120342
1932-05-16,0.211,120724
1932-05-13,-3.369,120470
1932-05-12,-3.260,124671
1932-05-11,-0.132,128871
1932-05-10,0.862,129041
1932-05-09,-2.079,127938
1932-05-06,7.169,130654
1932-05-05,-0.999,121913
1932-05-04,1.433,123144
1932-05-03,-1.345,121404
1932-05-02,-1.495,123059
1932-04-29,-3.253,124926
1932-04-28,-3.763,129127
1932-04-27,2.462,134177
1932-04-26,1.513,130952
1932-04-25,1.198,129000
1932-04-22,-4.422,127473
1932-04-21,3.490,133371
1932-04-20,0.033,128873
1932-04-19,-1.429,128831
1932-04-18,-4.614,130698
1932-04-15,2.736,137021
1932-04-14,4.522,133372
1932-04-13,-1.280,127601
1932-04-12,-0.131,129256
1932-04-11,-3.450,129426
1932-04-08,-2.590,134051
1932-04-07,-1.038,137616
1932-04-06,-2.933,139059
1932-04-05,-4.633,143260
1932-04-04,-1.639,150219
1932-04-01,-1.747,152723
1932-03-31,-5.520,155439
1932-03-30,2.134,164521
1932-03-29,-0.105,161084
1932-03-28,-3.406,161254
1932-03-24,-0.982,166940
1932-03-23,-1.341,168595
1932-03-22,-0.099,170887
1932-03-21,0.524,171057
1932-03-18,-3.118,170166
1932-03-17,2.090,175644
1932-03-16,-2.348,172048
1932-03-15,0.024,176185
1932-03-14,-2.408,176142
1932-03-11,-2.351,180488
1932-03-10,-0.874,184833
1932-03-09,-1.848,186462
1932-03-08,1.815,189972
1932-03-07,1.156,186586
1932-03-04,0.137,184453
1932-03-03,0.023,184201
1932-03-02,4.285,184158
1932-03-01,0.740,176592
1932-02-29,-0.568,175295
1932-02-26,-0.094,176297
1932-02-25,-0.915,176463
1932-02-24,2.552,178092
1932-02-23,-5.654,173661
1932-02-19,0.137,184067
1932-02-18,2.710,183816
1932-02-17,-4.012,178966
1932-02-16,3.987,186447
1932-02-15,4.661,179298
1932-02-11,8.212,171314
1932-02-10,-0.368,158313
1932-02-09,-1.144,158897
1932-02-08,-2.012,160735
1932-02-05,-3.182,164036
1932-02-04,-0.588,169427
1932-02-03,0.518,170429
1932-02-02,-2.146,169550
1932-02-01,3.651,173269
1932-01-29,-1.088,167165
1932-01-28,-1.438,169004
1932-01-27,-1.889,171469
1932-01-26,1.358,174770
1932-01-25,-0.096,172428
1932-01-22,-4.266,172594
1932-01-21,-0.553,180284
1932-01-20,1.784,181286
1932-01-19,-0.327,178108
1932-01-18,-4.554,178693
1932-01-15,0.247,187219
1932-01-14,1.155,186758
1932-01-13,4.893,184625
1932-01-12,-1.034,176013
1932-01-11,-1.023,177851
1932-01-08,4.270,179689
1932-01-07,1.753,172331
1932-01-06,7.028,169362
1932-01-05,-0.105,158241
1932-01-04,-6.857,158407
1931-12-31,0.272,170069
1931-12-30,1.782,169608
1931-12-29,2.600,166639
1931-12-28,-2.484,162416
1931-12-24,0.152,166553
1931-12-23,-4.075,166301
1931-12-22,1.743,173365
1931-12-21,-2.487,170396
1931-12-18,8.366,174743
1931-12-17,-2.542,161252
1931-12-16,-2.244,165457
1931-12-15,1.381,169255
1931-12-14,-3.490,166949
1931-12-11,-3.041,172986
1931-12-10,-2.194,178412
1931-12-09,-2.572,182414
1931-12-08,-2.817,187230
1931-12-07,2.973,192656
1931-12-04,-2.094,187094
1931-12-03,1.880,191096
1931-12-02,-3.423,187569
1931-12-01,-1.208,194217
1931-11-30,2.042,196591
1931-11-27,-2.237,192657
1931-11-25,-3.360,197066
1931-11-24,1.760,203917
1931-11-23,-1.468,200390
1931-11-20,-2.977,203375
1931-11-19,-0.451,209615
1931-11-18,-3.602,210565
1931-11-17,1.641,218434
1931-11-16,-2.643,214907
1931-11-13,-3.097,220740
1931-11-12,-0.327,227795
1931-11-11,-1.462,228541
1931-11-10,-2.034,231933
1931-11-09,3.683,236750
1931-11-06,3.061,228339
1931-11-05,-0.336,221556
1931-11-04,3.050,222302
1931-11-02,0.696,215723
1931-10-30,3.169,214231
1931-10-29,0.426,207651
1931-10-28,-3.207,206770
1931-10-27,-2.114,213621
1931-10-26,-1.801,218234
1931-10-23,3.246,222236
1931-10-22,-3.262,215250
1931-10-21,-0.876,222508
1931-10-20,4.483,224476
1931-10-19,1.279,214844
1931-10-16,3.099,212130
1931-10-15,1.847,205754
1931-10-14,-2.232,202023
1931-10-13,-4.214,206636
1931-10-09,-0.625,215727
1931-10-08,8.585,217084
1931-10-07,-1.273,199921
1931-10-06,12.344,202499
1931-10-05,-9.007,180249
1931-10-02,1.813,198090
1931-10-01,-1.815,194563
1931-09-30,-3.438,198158
1931-09-29,-4.151,205214
1931-09-28,-3.810,214101
1931-09-25,2.275,222581
1931-09-24,-7.257,217629
1931-09-23,6.693,234657
1931-09-22,-1.159,219936
1931-09-21,-4.596,222514
1931-09-18,-4.790,233233
1931-09-17,1.857,244967
1931-09-16,-1.368,240502
1931-09-15,-0.869,243839
1931-09-14,-4.555,245975
1931-09-11,0.572,257714
1931-09-10,-1.057,256250
1931-09-09,-0.818,258987
1931-09-08,-3.094,261123
1931-09-04,-0.420,269462
1931-09-03,-2.218,270598
1931-09-02,-1.823,276736
1931-09-01,0.451,281873
1931-08-31,-0.896,280609
1931-08-28,1.022,283146
1931-08-27,-0.545,280281
1931-08-26,1.683,281817
1931-08-25,-0.337,277152
1931-08-24,-0.762,278088
1931-08-21,-2.143,280225
1931-08-20,0.232,286363
1931-08-19,0.303,285699
1931-08-18,0.375,284834
1931-08-17,-1.642,283770
1931-08-14,1.931,288507
1931-08-13,1.603,283041
1931-08-12,-1.324,278576
1931-08-11,3.243,282313
1931-08-10,-0.414,273446
1931-08-07,0.463,274582
1931-08-06,-0.631,273318
1931-08-05,-1.411,275054
1931-08-04,-0.619,278992
1931-08-03,1.470,280728
1931-07-31,-0.481,276663
1931-07-30,0.457,277999
1931-07-29,-3.061,276735
1931-07-28,1.085,285474
1931-07-27,0.450,282409
1931-07-24,-2.137,281144
1931-07-23,0.022,287283
1931-07-22,-2.292,287219
1931-07-21,1.123,293958
1931-07-20,1.348,290692
1931-07-17,0.938,286827
1931-07-16,2.476,284162
1931-07-15,-2.028,277295
1931-07-14,-0.958,283033
1931-07-13,-2.703,285770
1931-07-10,0.985,293710
1931-07-09,0.855,290845
1931-07-08,-0.940,288380
1931-07-07,-3.877,291117
1931-07-06,-1.025,302858
1931-07-03,2.159,305996
1931-07-02,-0.840,299529
1931-07-01,1.637,302066
1931-06-30,-1.700,297200
1931-06-29,-1.671,302338
1931-06-26,2.421,307477
1931-06-25,-0.641,300209
1931-06-24,4.739,302146
1931-06-23,-1.347,288476
1931-06-22,10.539,292414
1931-06-19,-0.353,264535
1931-06-18,-1.727,265473
1931-06-17,-1.059,270139
1931-06-16,0.240,273031
1931-06-15,-0.838,272377
1931-06-12,0.167,274678
1931-06-11,0.239,274221
1931-06-10,2.686,273566
1931-06-09,-1.578,266411
1931-06-08,1.202,270682
1931-06-05,-1.070,267467
1931-06-04,3.260,270359
1931-06-03,7.466,261824
1931-06-02,-1.566,243635
1931-06-01,-4.680,247512
1931-05-29,-2.130,259664
1931-05-28,0.397,265315
1931-05-27,-1.083,264266
1931-05-26,0.097,267159
1931-05-25,-3.812,266899
1931-05-22,0.379,277475
1931-05-21,1.031,276427
1931-05-20,-0.550,273605
1931-05-19,-0.049,275118
1931-05-18,-4.097,275252
1931-05-15,-1.466,287011
1931-05-14,-2.163,291283
1931-05-13,-0.309,297722
1931-05-12,-0.959,298644
1931-05-11,-1.587,301536
1931-05-08,3.275,306399
1931-05-07,-0.376,296682
1931-05-06,0.487,297801
1931-05-05,-0.771,296359
1931-05-04,2.802,298660
1931-05-01,-2.877,290518
1931-04-30,5.002,299125
1931-04-29,-2.012,284875
1931-04-28,-0.585,290723
1931-04-27,-3.428,292434
1931-04-24,0.021,302814
1931-04-23,0.479,302751
1931-04-22,-2.030,301309
1931-04-21,-2.601,307551
1931-04-20,1.477,315764
1931-04-17,-1.539,311169
1931-04-16,-1.212,316032
1931-04-15,-1.973,319910
1931-04-14,-1.233,326350
1931-04-13,1.595,330425
1931-04-10,0.323,325239
1931-04-09,-0.525,324191
1931-04-08,1.368,325901
1931-04-07,-1.311,321503
1931-04-06,0.323,325775
1931-04-02,-0.404,324727
1931-04-01,-0.998,326044
1931-03-31,0.199,329331
1931-03-30,-3.174,328677
1931-03-27,-1.862,339452
1931-03-26,-1.331,345892
1931-03-25,-0.541,350558
1931-03-24,0.693,352466
1931-03-23,-1.643,350039
1931-03-20,0.290,355888
1931-03-19,1.129,354858
1931-03-18,1.313,350896
1931-03-17,-1.039,346350
1931-03-16,2.589,349986
1931-03-13,-0.436,341154
1931-03-12,-0.659,342648
1931-03-11,-1.099,344920
1931-03-10,-0.204,348751
1931-03-09,2.534,349465
1931-03-06,-2.053,340828
1931-03-05,2.018,347971
1931-03-04,-0.887,341087
1931-03-03,-0.094,344139
1931-03-02,-2.786,344463
1931-02-27,-0.746,354334
1931-02-26,1.122,356997
1931-02-25,-1.074,353035
1931-02-24,2.595,356866
1931-02-20,1.613,347839
1931-02-19,1.346,342318
1931-02-18,0.892,337772
1931-02-17,-1.641,334784
1931-02-16,0.944,340369
1931-02-13,-0.555,337186
1931-02-11,0.308,339069
1931-02-10,1.601,338030
1931-02-09,4.232,332704
1931-02-06,0.327,319195
1931-02-05,-0.649,318155
1931-02-04,0.571,320233
1931-02-03,0.513,318414
1931-02-02,-0.164,316790
1931-01-30,0.144,317309
1931-01-29,0.952,316854
1931-01-28,-1.808,313866
1931-01-27,-0.465,319646
1931-01-26,-0.101,321139
1931-01-23,2.189,321464
1931-01-22,1.851,314579
1931-01-21,0.021,308863
1931-01-20,2.083,308797
1931-01-19,-1.188,302497
1931-01-16,1.246,306134
1931-01-15,-2.308,302366
1931-01-14,1.168,309510
1931-01-13,-1.175,305937
1931-01-12,-1.406,309574
1931-01-09,-0.963,313990
1931-01-08,0.889,317042
1931-01-07,-0.227,314249
1931-01-06,1.274,314963
1931-01-05,0.525,311001
1931-01-02,3.341,309376
1930-12-31,1.879,299373
1930-12-30,2.330,293852
1930-12-29,-0.852,287161
1930-12-26,-2.021,289629
1930-12-24,1.359,295604
1930-12-23,0.560,291641
1930-12-22,-3.292,290017
1930-12-19,1.143,299889
1930-12-18,0.742,296501
1930-12-17,4.592,294316
1930-12-16,-3.269,281395
1930-12-15,-3.104,290905
1930-12-12,-0.736,300224
1930-12-11,-1.104,302449
1930-12-10,-1.519,305824
1930-12-09,0.086,310541
1930-12-08,-2.741,310274
1930-12-05,0.084,319018
1930-12-04,-1.458,318750
1930-12-03,-1.667,323467
1930-12-02,0.965,328952
1930-12-01,2.559,325808
1930-11-28,-1.346,317680
1930-11-26,-1.386,322014
1930-11-25,-1.138,326540
1930-11-24,-0.841,330299
1930-11-21,1.543,333099
1930-11-20,-0.385,328038
1930-11-19,2.104,329304
1930-11-18,1.106,322518
1930-11-17,-2.383,318991
1930-11-14,1.999,326776
1930-11-13,2.603,320373
1930-11-12,2.222,312244
1930-11-11,1.620,305457
1930-11-10,-3.366,300588
1930-11-07,-3.314,311058
1930-11-06,0.203,321720
1930-11-05,-2.934,321069
1930-11-03,1.137,330772
1930-10-31,-2.269,327053
1930-10-30,-1.167,334647
1930-10-29,-1.704,338598
1930-10-28,0.470,344466
1930-10-27,0.246,342857
1930-10-24,3.505,342014
1930-10-23,1.436,330433
1930-10-22,-0.852,325755
1930-10-21,-2.924,328556
1930-10-20,2.402,338451
1930-10-17,-3.989,330514
1930-10-16,-1.730,344244
1930-10-15,1.635,350305
1930-10-14,-1.079,344668
1930-10-10,2.504,348427
1930-10-09,-3.935,339914
1930-10-08,-1.157,353837
1930-10-07,0.075,357980
1930-10-06,-4.142,357713
1930-10-03,1.269,373170
1930-10-02,-1.214,368492
1930-10-01,4.479,373018
1930-09-30,-1.409,357026
1930-09-29,-2.910,362128
1930-09-26,-1.499,372983
1930-09-25,-1.869,378661
1930-09-24,-1.595,385872
1930-09-23,1.358,392125
1930-09-22,-2.447,386872
1930-09-19,-1.791,396576
1930-09-18,-1.050,403810
1930-09-17,0.344,408096
1930-09-16,0.158,406696
1930-09-15,-1.409,406054
1930-09-12,-0.985,411857
1930-09-11,-0.617,415953
1930-09-10,0.473,418534
1930-09-09,0.613,416565
1930-09-08,1.364,414027
1930-09-05,1.526,408457
1930-09-04,-0.684,402318
1930-09-03,-0.955,405088
1930-09-02,0.064,408995
1930-08-29,1.144,408732
1930-08-28,-0.029,404110
1930-08-27,0.774,404226
1930-08-26,1.457,401120
1930-08-25,-0.506,395360
1930-08-22,0.739,397371
1930-08-21,-0.981,394455
1930-08-20,0.545,398362
1930-08-19,0.985,396203
1930-08-18,-0.749,392339
1930-08-15,2.678,395298
1930-08-14,0.068,384989
1930-08-13,1.368,384726
1930-08-12,-2.513,379534
1930-08-11,0.656,389318
1930-08-08,-3.710,386780
1930-08-07,-0.545,401682
1930-08-06,-1.553,403883
1930-08-05,0.018,410255
1930-08-04,1.950,410182
1930-08-01,-0.451,402336
1930-07-31,0.632,404158
1930-07-30,-2.603,401621
1930-07-29,-0.758,412353
1930-07-28,1.500,415502
1930-07-25,0.577,409362
1930-07-24,-1.270,407014
1930-07-23,1.607,412249
1930-07-22,1.826,405730
1930-07-21,-3.782,398453
1930-07-18,0.895,414114
1930-07-17,0.482,410439
1930-07-16,0.766,408470
1930-07-15,-0.169,405363
1930-07-14,3.950,406048
1930-07-11,-1.038,390619
1930-07-10,2.530,394716
1930-07-09,1.468,384975
1930-07-08,0.724,379403
1930-07-07,-2.051,376676
1930-07-03,-1.006,384565
1930-07-02,1.105,388472
1930-07-01,-1.055,384228
1930-06-30,3.297,388325
1930-06-27,-0.930,375929
1930-06-26,2.373,379458
1930-06-25,0.793,370664
1930-06-24,-3.464,367746
1930-06-23,-0.771,380943
1930-06-20,-2.584,383903
1930-06-19,4.646,394088
1930-06-18,-3.440,376591
1930-06-17,0.115,390008
1930-06-16,-7.542,389561
1930-06-13,0.599,421338
1930-06-12,-0.295,418830
1930-06-11,-3.471,420069
1930-06-10,2.806,435172
1930-06-09,-4.788,423296
1930-06-06,-1.601,444583
1930-06-05,-1.536,451817
1930-06-04,0.467,458864
1930-06-03,-0.879,456731
1930-06-02,-0.349,460781
1930-05-29,0.463,462395
1930-05-28,0.589,460261
1930-05-27,0.057,457566
1930-05-26,0.842,457306
1930-05-23,1.018,453487
1930-05-22,0.225,448918
1930-05-21,-0.483,447909
1930-05-20,0.476,450085
1930-05-19,-2.153,447951
1930-05-16,0.468,457809
1930-05-15,-1.603,455676
1930-05-14,0.626,463098
1930-05-13,1.378,460215
1930-05-12,1.695,453960
1930-05-09,1.249,446393
1930-05-08,0.401,440887
1930-05-07,-1.868,439128
1930-05-06,3.394,447487
1930-05-05,-2.475,432800
1930-05-02,-2.975,443782
1930-05-01,-2.384,457388
1930-04-30,0.700,468558
1930-04-29,-0.105,465301
1930-04-28,-2.188,465791
1930-04-25,-0.103,476211
1930-04-24,-0.765,476701
1930-04-23,0.211,480377
1930-04-22,0.843,479367
1930-04-21,-1.766,475360
1930-04-17,0.756,483907
1930-04-16,-0.683,480275
1930-04-15,0.054,483576
1930-04-14,-0.410,483316
1930-04-11,-0.293,485305
1930-04-10,0.208,486732
1930-04-09,1.622,485723
1930-04-08,-0.531,477968
1930-04-07,0.250,480519
1930-04-04,1.524,479322
1930-04-03,0.214,472129
1930-04-02,-1.009,471120
1930-04-01,0.929,475920
1930-03-31,1.182,471538
1930-03-28,1.155,466031
1930-03-27,-0.187,460712
1930-03-26,1.541,461577
1930-03-25,-0.108,454571
1930-03-24,-0.025,455061
1930-03-21,0.631,455176
1930-03-20,0.469,452320
1930-03-19,0.555,450207
1930-03-18,0.979,447722
1930-03-17,0.946,443383
1930-03-14,-0.613,439229
1930-03-13,0.608,441939
1930-03-12,-1.070,439269
1930-03-11,0.226,444019
1930-03-10,0.353,443019
1930-03-07,0.017,441462
1930-03-06,0.993,441389
1930-03-05,-0.742,437050
1930-03-04,0.781,440316
1930-03-03,0.358,436904
1930-02-28,0.877,435347
1930-02-27,-0.112,431564
1930-02-26,1.854,432048
1930-02-25,0.061,424184
1930-02-24,-1.022,423926
1930-02-21,1.245,428305
1930-02-20,-1.834,423038
1930-02-19,-0.879,430942
1930-02-18,0.102,434764
1930-02-17,-0.366,434320
1930-02-14,-0.026,435917
1930-02-13,0.187,436030
1930-02-11,0.877,435215
1930-02-10,0.666,431432
1930-02-07,-0.371,428576
1930-02-06,-1.050,430173
1930-02-05,1.314,434738
1930-02-04,1.198,429100
1930-02-03,-0.201,424018
1930-01-31,1.435,424872
1930-01-30,0.552,418863
1930-01-29,1.144,416564
1930-01-28,-0.475,411853
1930-01-27,0.786,413821
1930-01-24,0.930,410594
1930-01-23,0.985,406811
1930-01-22,0.110,402842
1930-01-21,0.528,402398
1930-01-20,0.907,400284
1930-01-17,-0.863,396686
1930-01-16,-0.673,400138
1930-01-15,0.434,402848
1930-01-14,0.204,401105
1930-01-13,-0.121,400290
1930-01-10,-0.305,400774
1930-01-09,1.565,401999
1930-01-08,-0.075,395804
1930-01-07,-0.864,396102
1930-01-06,1.288,399554
1930-01-03,0.254,394472
1930-01-02,-1.239,393471
1929-12-31,2.697,398407
1929-12-30,0.355,387944
1929-12-27,-0.077,386573
1929-12-26,2.225,386871
1929-12-24,0.661,378449
1929-12-23,0.516,375964
1929-12-20,-3.297,374035
1929-12-19,-2.613,386786
1929-12-18,-0.624,397166
1929-12-17,1.085,399661
1929-12-16,-1.669,395370
1929-12-13,2.496,402083
1929-12-12,-5.337,392291
1929-12-11,-0.817,414407
1929-12-10,0.769,417819
1929-12-09,-0.203,414629
1929-12-06,2.646,415473
1929-12-05,-0.791,404765
1929-12-04,1.849,407993
1929-12-03,3.330,400585
1929-12-02,0.161,387675
1929-11-27,1.267,387052
1929-11-26,-2.871,382212
1929-11-25,-1.134,393509
1929-11-22,-0.349,398021
1929-11-21,1.605,399416
1929-11-20,2.751,393108
1929-11-19,3.032,382582
1929-11-18,-1.007,371322
1929-11-15,5.487,375101
1929-11-14,8.896,355588
1929-11-13,-5.649,326540
1929-11-12,-5.631,346090
1929-11-11,-6.175,366741
1929-11-08,-0.865,390876
1929-11-07,3.684,394288
1929-11-06,-9.852,380277
1929-11-04,-5.217,421836
1929-10-31,5.038,445055
1929-10-30,12.483,423708
1929-10-29,-10.094,376685
1929-10-28,-12.875,418978
1929-10-25,1.447,480895
1929-10-24,-3.170,474037
1929-10-23,-5.875,489554
1929-10-22,1.956,520110
1929-10-21,-3.824,510134
1929-10-18,-2.842,530419
1929-10-17,1.549,545937
1929-10-16,-3.478,537611
1929-10-15,-0.804,556980
1929-10-14,-0.669,561493
1929-10-11,-0.149,565273
1929-10-10,1.794,566118
1929-10-09,-0.217,556142
1929-10-08,-0.315,557354
1929-10-07,6.253,559116
1929-10-04,-1.021,526213
1929-10-03,-4.122,531643
1929-10-02,0.746,554498
1929-10-01,-0.583,550391
1929-09-30,-0.350,553620
1929-09-27,-2.749,555566
1929-09-26,0.920,571267
1929-09-25,0.175,566060
1929-09-24,-1.836,565071
1929-09-23,-0.019,575637
1929-09-20,-1.066,575748
1929-09-19,0.169,581953
1929-09-18,0.263,580973
1929-09-17,-0.798,579448
1929-09-16,1.531,584112
1929-09-13,0.681,575306
1929-09-12,-1.122,571414
1929-09-11,1.385,577898
1929-09-10,-1.776,570002
1929-09-09,-0.488,580308
1929-09-06,2.606,583152
1929-09-05,-2.181,568339
1929-09-04,-0.301,581011
1929-09-03,0.357,582763
1929-08-30,1.346,580691
1929-08-29,0.975,572977
1929-08-28,-0.180,567447
1929-08-27,-0.052,568471
1929-08-26,-0.052,568766
1929-08-23,0.981,569060
1929-08-22,0.794,563531
1929-08-21,-0.409,559093
1929-08-20,0.600,561390
1929-08-19,0.934,558044
1929-08-16,1.857,552878
1929-08-15,0.181,542797
1929-08-14,0.316,541818
1929-08-13,0.897,540111
1929-08-12,3.135,535309
1929-08-09,-3.670,519038
1929-08-08,1.175,538811
1929-08-07,-1.002,532552
1929-08-06,-0.358,537944
1929-08-05,-0.055,539878
1929-08-02,1.657,540173
1929-08-01,0.703,531365
1929-07-31,1.342,527655
1929-07-30,1.145,520669
1929-07-29,-1.656,514774
1929-07-26,-0.368,523443
1929-07-25,0.466,525376
1929-07-24,-0.644,522940
1929-07-23,1.416,526330
1929-07-22,-1.131,518979
1929-07-19,0.361,524917
1929-07-18,-0.195,523027
1929-07-17,0.257,524050
1929-07-16,0.715,522707
1929-07-15,-0.406,518997
1929-07-12,1.108,521112
1929-07-11,0.226,515399
1929-07-10,-0.269,514238
1929-07-09,-0.303,515625
1929-07-08,0.190,517194
1929-07-05,0.510,516214
1929-07-03,0.441,513596
1929-07-02,1.057,511342
1929-07-01,1.326,505993
1929-06-28,1.120,499370
1929-06-27,0.199,493839
1929-06-26,0.609,492860
1929-06-25,1.066,489877
1929-06-24,0.014,484710
1929-06-21,0.575,484641
1929-06-20,0.578,481871
1929-06-19,-0.362,479102
1929-06-18,0.051,480842
1929-06-17,1.848,480598
1929-06-14,0.359,471876
1929-06-13,1.533,470189
1929-06-12,0.092,463090
1929-06-11,0.642,462666
1929-06-10,-0.996,459716
1929-06-07,-0.412,464342
1929-06-06,0.208,466263
1929-06-05,-0.180,465298
1929-06-04,1.467,466136
1929-06-03,1.773,459398
1929-05-31,0.861,451397
1929-05-29,0.135,447545
1929-05-28,1.614,446940
1929-05-27,-3.623,439840
1929-05-24,-0.732,456374
1929-05-23,2.220,459738
1929-05-22,-3.620,449752
1929-05-21,1.227,466647
1929-05-20,-2.653,460991
1929-05-17,0.473,473556
1929-05-16,0.514,471327
1929-05-15,-0.408,468918
1929-05-14,1.216,470839
1929-05-13,-2.630,465183
1929-05-10,1.237,477748
1929-05-09,-0.595,471912
1929-05-08,0.433,474735
1929-05-07,-0.932,472687
1929-05-06,-0.175,477133
1929-05-03,1.005,477972
1929-05-02,0.473,473218
1929-05-01,0.205,470989
1929-04-30,1.613,470024
1929-04-29,-0.181,462563
1929-04-26,-0.181,463401
1929-04-25,-0.451,464240
1929-04-24,-0.372,466341
1929-04-23,0.595,468082
1929-04-22,1.151,465312
1929-04-19,-0.065,460016
1929-04-18,0.447,460314
1929-04-17,1.048,458265
1929-04-16,0.253,453511
1929-04-15,-0.581,452365
1929-04-12,0.372,455008
1929-04-11,1.141,453320
1929-04-10,0.622,448205
1929-04-09,-0.790,445435
1929-04-08,-0.862,448979
1929-04-05,-0.972,452885
1929-04-04,1.781,457332
1929-04-03,-1.216,449330
1929-04-02,1.178,454860
1929-04-01,-2.529,449564
1929-03-28,1.766,461228
1929-03-27,3.050,453225
1929-03-26,-0.638,439810
1929-03-25,-4.054,442633
1929-03-22,-1.337,461334
1929-03-21,-0.447,467586
1929-03-20,-0.025,469688
1929-03-19,-0.025,469805
1929-03-18,-0.140,469922
1929-03-15,1.369,470580
1929-03-14,1.940,464225
1929-03-13,1.088,455390
1929-03-12,0.097,450487
1929-03-11,-1.393,450052
1929-03-08,0.648,456410
1929-03-07,0.932,453473
1929-03-06,-1.550,449284
1929-03-05,-0.645,456357
1929-03-04,-1.289,459319
1929-03-01,0.947,465319
1929-02-28,1.353,460952
1929-02-27,1.210,454797
1929-02-26,0.177,449358
1929-02-25,0.217,448566
1929-02-21,1.108,447595
1929-02-20,0.873,442692
1929-02-19,-0.023,438861
1929-02-18,0.181,438962
1929-02-15,-1.982,438170
1929-02-14,-0.381,447031
1929-02-13,-0.102,448741
1929-02-11,2.214,449200
1929-02-08,-1.069,439470
1929-02-07,-3.027,444219
1929-02-06,-0.796,458085
1929-02-05,0.250,461762
1929-02-04,-0.754,460612
1929-02-01,0.403,464110
1929-01-31,1.151,462246
1929-01-30,0.370,456985
1929-01-29,0.056,455299
1929-01-28,-0.491,455043
1929-01-25,1.687,457290
1929-01-24,-0.615,449705
1929-01-23,0.613,452488
1929-01-22,0.859,449729
1929-01-21,0.380,445898
1929-01-18,0.340,444212
1929-01-17,0.545,442705
1929-01-16,1.376,440304
1929-01-15,-1.443,434327
1929-01-14,0.221,440686
1929-01-11,-0.145,439714
1929-01-10,0.180,440352
1929-01-09,1.546,439560
1929-01-08,-0.312,432869
1929-01-07,-2.394,434222
1929-01-04,-0.023,444870
1929-01-03,0.219,444972
1929-01-02,1.905,444001
1928-12-31,1.560,435700
1928-12-28,1.456,429009
1928-12-27,0.871,422853
1928-12-26,-0.406,419201
1928-12-24,0.919,420911
1928-12-21,1.135,417080
1928-12-20,0.403,412398
1928-12-19,1.237,410744
1928-12-18,1.163,405724
1928-12-17,-0.381,401058
1928-12-14,0.235,402592
1928-12-13,-0.161,401646
1928-12-12,-0.945,402295
1928-12-11,1.927,406131
1928-12-10,-0.207,398455
1928-12-07,-2.368,399280
1928-12-06,-3.738,408962
1928-12-05,-0.401,424844
1928-12-04,0.264,426556
1928-12-03,-1.745,425433
1928-11-30,0.384,432989
1928-11-28,1.178,431335
1928-11-27,0.473,426315
1928-11-26,0.434,424306
1928-11-23,0.775,422475
1928-11-22,1.299,419226
1928-11-21,-1.462,413852
1928-11-20,0.865,419992
1928-11-19,0.014,416389
1928-11-16,1.483,416329
1928-11-15,0.536,410245
1928-11-14,0.015,408060
1928-11-13,0.320,407999
1928-11-12,1.295,406699
1928-11-09,0.726,401502
1928-11-08,-0.472,398607
1928-11-07,1.179,400496
1928-11-05,1.331,395829
1928-11-02,-0.166,390632
1928-11-01,1.439,391280
1928-10-31,-0.351,385728
1928-10-30,-1.071,387085
1928-10-29,1.626,391277
1928-10-26,-1.167,385016
1928-10-25,-0.347,389562
1928-10-24,0.197,390919
1928-10-23,0.655,390150
1928-10-22,-0.666,387609
1928-10-19,0.563,390207
1928-10-18,0.244,388020
1928-10-17,0.337,387074
1928-10-16,0.338,385774
1928-10-15,0.665,384474
1928-10-11,0.482,381933
1928-10-10,1.100,380101
1928-10-09,0.347,375966
1928-10-08,-0.502,374666
1928-10-05,-0.172,376554
1928-10-04,0.346,377203
1928-10-03,-0.313,375902
1928-10-02,-0.452,377082
1928-10-01,1.056,378793
1928-09-28,0.063,374835
1928-09-27,-1.245,374598
1928-09-26,-0.031,379321
1928-09-25,-0.077,379438
1928-09-24,0.344,379732
1928-09-21,0.669,378432
1928-09-20,0.201,375915
1928-09-19,0.014,375159
1928-09-18,-0.682,375105
1928-09-17,0.905,377682
1928-09-14,0.014,374295
1928-09-13,-0.079,374241
1928-09-12,0.391,374537
1928-09-11,0.773,373080
1928-09-10,-0.785,370219
1928-09-07,0.725,373147
1928-09-06,-0.597,370461
1928-09-05,0.488,372687
1928-09-04,0.490,370879
1928-08-31,1.266,369071
1928-08-30,0.160,364456
1928-08-29,0.208,363876
1928-08-28,0.794,363120
1928-08-27,0.210,360259
1928-08-24,1.602,359503
1928-08-23,0.115,353836
1928-08-22,-0.084,353431
1928-08-21,1.271,353727
1928-08-20,0.673,349288
1928-08-17,0.168,346953
1928-08-16,0.730,346372
1928-08-15,1.781,343862
1928-08-14,-0.808,337844
1928-08-13,0.222,340596
1928-08-10,-0.242,339840
1928-08-09,0.274,340663
1928-08-08,-1.208,339731
1928-08-07,-0.441,343887
1928-08-06,1.146,345412
1928-08-03,0.170,341498
1928-08-02,-0.445,340917
1928-08-01,-0.035,342442
1928-07-31,-0.189,342563
1928-07-30,0.272,343210
1928-07-27,0.947,342279
1928-07-26,0.223,339067
1928-07-25,0.590,338311
1928-07-24,-0.140,336327
1928-07-23,0.487,336799
1928-07-20,0.226,335165
1928-07-19,-0.193,334409
1928-07-18,1.236,335057
1928-07-17,0.549,330967
1928-07-16,-1.351,329159
1928-07-13,0.811,333666
1928-07-12,-0.720,330980
1928-07-11,-2.448,333381
1928-07-10,-0.138,341748
1928-07-09,0.376,342219
1928-07-06,-0.445,340937
1928-07-05,0.999,342462
1928-07-03,1.647,339074
1928-07-02,-0.818,333581
1928-06-29,0.383,336334
1928-06-28,1.128,335051
1928-06-27,0.979,331313
1928-06-26,1.153,328101
1928-06-25,-0.361,324362
1928-06-22,-0.091,325536
1928-06-21,-0.037,325832
1928-06-20,1.271,325953
1928-06-19,-0.309,321864
1928-06-18,-1.798,322862
1928-06-15,-1.615,328772
1928-06-14,0.855,334171
1928-06-13,2.984,331337
1928-06-12,-1.783,321737
1928-06-11,-3.509,327577
1928-06-08,-1.195,339489
1928-06-07,-0.235,343595
1928-06-06,-0.931,344404
1928-06-05,0.267,347642
1928-06-04,-1.317,346717
1928-06-01,0.364,351343
1928-05-31,0.917,350070
1928-05-29,1.283,346889
1928-05-28,-1.628,342494
1928-05-25,0.166,348161
1928-05-24,0.620,347582
1928-05-23,2.015,345442
1928-05-22,-1.348,338618
1928-05-21,-1.428,343244
1928-05-18,-0.970,348217
1928-05-17,0.363,351629
1928-05-16,-1.640,350356
1928-05-15,-0.227,356197
1928-05-14,0.407,357006
1928-05-11,0.754,355560
1928-05-10,-0.131,352900
1928-05-09,-0.131,353362
1928-05-08,-0.666,353824
1928-05-07,0.852,356195
1928-05-04,1.563,353187
1928-05-03,0.518,347751
1928-05-02,0.268,345958
1928-05-01,0.168,345032
1928-04-30,0.371,344453
1928-04-27,1.090,343180
1928-04-26,0.738,339479
1928-04-25,0.431,336991
1928-04-24,0.537,335545
1928-04-23,-0.961,333752
1928-04-20,-1.454,336990
1928-04-19,0.578,341964
1928-04-18,0.017,339997
1928-04-17,-0.793,339939
1928-04-16,-0.236,342657
1928-04-13,1.661,343466
1928-04-12,-0.137,337856
1928-04-11,1.793,338318
1928-04-10,-0.862,332360
1928-04-09,0.225,335252
1928-04-05,1.278,334500
1928-04-04,-0.140,330277
1928-04-03,0.598,330739
1928-04-02,-1.898,328773
1928-03-30,1.756,335134
1928-03-29,0.335,329350
1928-03-28,-0.246,328251
1928-03-27,-0.559,329060
1928-03-26,1.454,330911
1928-03-23,0.985,326167
1928-03-22,-0.250,322986
1928-03-21,1.047,323795
1928-03-20,0.563,320440
1928-03-19,0.566,318646
1928-03-16,1.065,316853
1928-03-15,0.791,313514
1928-03-14,0.074,311053
1928-03-13,-0.420,310822
1928-03-12,0.405,312135
1928-03-09,1.646,310875
1928-03-08,0.357,305842
1928-03-07,-0.485,304753
1928-03-06,0.583,306237
1928-03-05,1.564,304463
1928-03-02,0.020,299773
1928-03-01,0.249,299713
1928-02-29,0.597,298968
1928-02-28,0.310,297193
1928-02-27,-0.384,296276
1928-02-24,0.309,297417
1928-02-23,0.136,296500
1928-02-21,0.956,296097
1928-02-20,-0.503,293294
1928-02-17,-1.752,294778
1928-02-16,-0.265,300034
1928-02-15,-0.208,300832
1928-02-14,-0.546,301459
1928-02-10,-0.037,303114
1928-02-09,0.360,303226
1928-02-08,0.304,302137
1928-02-07,-0.037,301220
1928-02-06,0.305,301332
1928-02-03,-1.277,300415
1928-02-02,0.587,304300
1928-02-01,-0.207,302525
1928-01-31,0.474,303152
1928-01-30,-1.105,301720
1928-01-27,0.358,305091
1928-01-26,0.644,304002
1928-01-25,-1.048,302056
1928-01-24,0.415,305255
1928-01-23,0.931,303995
1928-01-20,0.593,301191
1928-01-19,0.712,299416
1928-01-18,-0.210,297298
1928-01-17,0.078,297925
1928-01-16,-1.624,297694
1928-01-13,0.647,302608
1928-01-12,0.709,300662
1928-01-11,-0.095,298544
1928-01-10,-0.721,298827
1928-01-09,-0.884,300997
1928-01-06,0.645,303682
1928-01-05,-0.938,301736
1928-01-04,-0.205,304592
1928-01-03,0.996,305218
1927-12-30,0.426,302210
1927-12-29,0.297,300928
1927-12-28,-0.893,300036
1927-12-27,-0.153,302739
1927-12-23,0.081,303202
1927-12-22,0.061,302957
1927-12-21,-0.065,302773
1927-12-20,0.204,302970
1927-12-19,0.296,302353
1927-12-16,0.722,301461
1927-12-15,0.220,299300
1927-12-14,-0.603,298643
1927-12-13,0.477,300456
1927-12-12,0.097,299029
1927-12-09,1.193,298740
1927-12-08,-0.833,295219
1927-12-07,-0.550,297698
1927-12-06,-0.312,299345
1927-12-05,-0.015,300282
1927-12-02,0.906,300326
1927-12-01,-0.562,297628
1927-11-30,0.571,299310
1927-11-29,0.687,297611
1927-11-28,-0.925,295579
1927-11-25,0.085,298338
1927-11-23,0.437,298084
1927-11-22,0.606,296788
1927-11-21,-0.743,295001
1927-11-18,0.462,297209
1927-11-17,0.371,295843
1927-11-16,-0.252,294748
1927-11-15,-0.240,295492
1927-11-14,1.112,296202
1927-11-11,1.039,292944
1927-11-10,0.531,289931
1927-11-09,-0.807,288398
1927-11-07,1.913,290745
1927-11-04,0.234,285288
1927-11-03,0.970,284623
1927-11-02,1.271,281890
1927-11-01,-0.022,278351
1927-10-31,-0.053,278412
1927-10-28,-1.518,278561
1927-10-27,-0.404,282854
1927-10-26,0.093,284001
1927-10-25,1.750,283739
1927-10-24,-0.116,278859
1927-10-21,-0.997,279184
1927-10-20,-0.804,281996
1927-10-19,-1.049,284282
1927-10-18,0.266,287296
1927-10-17,-1.541,286534
1927-10-14,-0.051,291019
1927-10-13,0.804,291168
1927-10-11,-0.091,288846
1927-10-10,-3.098,289109
1927-10-07,-0.882,298352
1927-10-06,0.394,301006
1927-10-05,-0.134,299824
1927-10-04,-0.741,300227
1927-10-03,1.475,302469
1927-09-30,1.446,298072
1927-09-29,0.335,293823
1927-09-28,-0.078,292842
1927-09-27,0.315,293070
1927-09-26,-0.308,292150
1927-09-23,0.333,293053
1927-09-22,-0.883,292081
1927-09-21,-0.270,294683
1927-09-20,0.675,295480
1927-09-19,-1.040,293500
1927-09-16,-0.139,296584
1927-09-15,0.251,296996
1927-09-14,0.343,296252
1927-09-13,1.353,295239
1927-09-12,-0.318,291298
1927-09-09,-0.899,292226
1927-09-08,-0.366,294878
1927-09-07,0.317,295962
1927-09-06,1.191,295027
1927-09-02,0.706,291554
1927-09-01,0.799,289510
1927-08-31,-0.457,287215
1927-08-30,-0.012,288533
1927-08-29,0.069,288568
1927-08-26,0.377,288370
1927-08-25,-0.166,287288
1927-08-24,0.290,287766
1927-08-23,0.242,286935
1927-08-22,0.901,286242
1927-08-19,0.220,283687
1927-08-18,0.052,283064
1927-08-17,0.159,282918
1927-08-16,0.810,282468
1927-08-15,2.468,280199
1927-08-12,-1.486,273450
1927-08-11,-1.008,277575
1927-08-10,0.046,280401
1927-08-09,0.908,280272
1927-08-08,-1.385,277751
1927-08-05,-1.002,281652
1927-08-04,0.606,284503
1927-08-03,-1.223,282789
1927-08-02,0.578,286290
1927-08-01,1.665,284645
1927-07-29,0.532,279984
1927-07-28,0.162,278503
1927-07-27,0.121,278053
1927-07-26,0.259,277716
1927-07-25,0.626,276998
1927-07-22,-0.063,275275
1927-07-21,-0.060,275449
1927-07-20,0.318,275614
1927-07-19,0.478,274740
1927-07-18,0.353,273432
1927-07-15,0.159,272471
1927-07-14,0.374,272039
1927-07-13,0.478,271026
1927-07-12,0.367,269736
1927-07-11,0.583,268749
1927-07-08,-0.162,267190
1927-07-07,-0.210,267624
1927-07-06,0.578,268188
1927-07-05,1.641,266646
1927-07-01,0.742,262340
1927-06-30,-0.000,260409
1927-06-29,0.103,260409
1927-06-28,0.243,260142
1927-06-27,-1.286,259510
1927-06-24,0.142,262891
1927-06-23,-0.945,262519
1927-06-22,-0.098,265024
1927-06-21,-0.033,265285
1927-06-20,-0.319,265373
1927-06-17,0.191,266223
1927-06-16,0.835,265716
1927-06-15,0.941,263516
1927-06-14,-1.702,261059
1927-06-10,-0.408,265580
1927-06-09,0.138,266667
1927-06-08,0.106,266299
1927-06-07,-0.605,266016
1927-06-06,1.198,267635
1927-06-03,-1.231,264467
1927-06-02,-0.061,267763
1927-06-01,-0.105,267926
1927-05-31,0.311,268208
1927-05-27,0.379,267378
1927-05-26,0.368,266368
1927-05-25,0.155,265392
1927-05-24,-0.267,264981
1927-05-23,0.077,265691
1927-05-20,0.747,265486
1927-05-19,0.615,263517
1927-05-18,0.503,261907
1927-05-17,0.701,260597
1927-05-16,-0.670,258782
1927-05-13,0.662,260529
1927-05-12,-0.307,258817
1927-05-11,-0.325,259613
1927-05-10,-0.053,260461
1927-05-09,0.449,260598
1927-05-06,0.278,259433
1927-05-05,-0.046,258714
1927-05-04,0.817,258834
1927-05-03,0.827,256736
1927-05-02,0.047,254630
1927-04-29,0.585,254510
1927-04-28,-1.180,253029
1927-04-27,-0.043,256051
1927-04-26,0.534,256163
1927-04-25,-1.639,254801
1927-04-22,0.558,259048
1927-04-21,0.374,257610
1927-04-20,0.241,256651
1927-04-19,0.094,256034
1927-04-18,0.336,255794
1927-04-14,0.215,254938
1927-04-13,0.226,254390
1927-04-12,-0.279,253816
1927-04-11,0.429,254527
1927-04-08,0.254,253440
1927-04-07,0.159,252797
1927-04-06,-0.081,252395
1927-04-05,0.501,252600
1927-04-04,0.776,251342
1927-04-01,0.113,249407
1927-03-31,0.373,249124
1927-03-30,-0.248,248199
1927-03-29,-0.278,248816
1927-03-28,1.051,249509
1927-03-25,-0.163,246915
1927-03-24,0.736,247317
1927-03-23,0.438,245510
1927-03-22,-1.218,244440
1927-03-21,0.581,247454
1927-03-18,-0.860,246024
1927-03-17,0.355,248159
1927-03-16,0.997,247281
1927-03-15,-0.846,244840
1927-03-14,0.319,246930
1927-03-11,0.223,246145
1927-03-10,0.623,245597
1927-03-09,0.718,244077
1927-03-08,0.055,242338
1927-03-07,-0.739,242204
1927-03-04,-0.668,244006
1927-03-03,1.032,245648
1927-03-02,-1.420,243139
1927-03-01,-0.312,246640
1927-02-28,0.722,247411
1927-02-25,0.041,245637
1927-02-24,-0.234,245537
1927-02-23,0.904,246114
1927-02-21,-0.638,243909
1927-02-18,0.463,245475
1927-02-17,0.830,244343
1927-02-16,0.300,242333
1927-02-15,0.340,241608
1927-02-14,0.571,240789
1927-02-11,0.386,239421
1927-02-10,0.148,238501
1927-02-09,0.063,238148
1927-02-08,0.643,237997
1927-02-07,-0.054,236477
1927-02-04,-0.036,236606
1927-02-03,0.207,236692
1927-02-02,0.175,236203
1927-02-01,-0.058,235790
1927-01-31,1.509,235927
1927-01-28,0.171,232420
1927-01-27,-0.353,232025
1927-01-26,0.444,232846
1927-01-25,-1.336,231816
1927-01-24,-0.584,234955
1927-01-21,0.164,236334
1927-01-20,-0.119,235947
1927-01-19,0.659,236227
1927-01-18,0.043,234682
1927-01-17,0.270,234582
1927-01-14,-0.152,233949
1927-01-13,-0.156,234306
1927-01-12,-0.004,234671
1927-01-11,-0.234,234681
1927-01-10,0.512,235232
1927-01-07,0.413,234033
1927-01-06,-0.146,233071
1927-01-05,-0.012,233411
1927-01-04,0.075,233438
1927-01-03,-0.988,233262
1926-12-31,0.475,235588
1926-12-30,-0.349,234474
1926-12-29,0.244,235296
1926-12-28,-1.218,234722
1926-12-27,-0.458,237615
1926-12-24,-0.025,238708
1926-12-23,0.148,238768
1926-12-22,-0.343,238415
1926-12-21,-0.107,239237
1926-12-20,0.244,239492
1926-12-17,1.214,238910
1926-12-16,-0.646,236045
1926-12-15,0.266,237579
1926-12-14,0.302,236949
1926-12-13,0.051,236236
1926-12-10,0.649,236116
1926-12-09,0.625,234592
1926-12-08,-0.170,233136
1926-12-07,-0.056,233534
1926-12-06,0.048,233664
1926-12-03,0.328,233552
1926-12-02,0.394,232789
1926-12-01,0.240,231875
1926-11-30,0.193,231321
1926-11-29,-0.696,230875
1926-11-26,0.547,232493
1926-11-24,0.150,231228
1926-11-23,0.452,230882
1926-11-22,0.900,229843
1926-11-19,-0.972,227793
1926-11-18,-0.314,230029
1926-11-17,-0.478,230753
1926-11-16,0.578,231861
1926-11-15,-0.002,230530
1926-11-12,0.205,230535
1926-11-11,0.571,230064
1926-11-10,-0.731,228757
1926-11-09,-0.125,230442
1926-11-08,0.926,230731
1926-11-05,-0.046,228614
1926-11-04,1.042,228720
1926-11-03,0.335,226361
1926-11-01,-0.054,225606
1926-10-29,-0.353,225728
1926-10-28,-0.362,226527
1926-10-27,1.535,227351
1926-10-26,0.410,223914
1926-10-25,0.272,223000
1926-10-22,-0.526,222395
1926-10-21,1.886,223570
1926-10-20,0.207,219431
1926-10-19,-1.119,218977
1926-10-18,0.168,221455
1926-10-15,-2.274,221084
1926-10-14,1.160,226228
1926-10-13,0.937,223635
1926-10-11,-2.110,221560
1926-10-08,0.618,226336
1926-10-07,-0.816,224945
1926-10-06,-0.639,226797
1926-10-05,-1.449,228256
1926-10-04,-1.725,231612
1926-10-01,0.769,235678
1926-09-30,0.313,233878
1926-09-29,-0.313,233148
1926-09-28,-0.209,233881
1926-09-27,0.041,234370
1926-09-24,0.803,234275
1926-09-23,0.380,232409
1926-09-22,-0.462,231529
1926-09-21,0.572,232603
1926-09-20,0.306,231280
1926-09-17,-1.175,230575
1926-09-16,-0.214,233317
1926-09-15,-0.543,233818
1926-09-14,0.933,235095
1926-09-13,-1.686,232922
1926-09-10,-0.969,236915
1926-09-09,-0.030,239233
1926-09-08,-0.763,239305
1926-09-07,0.722,241143
1926-09-03,0.619,239416
1926-09-02,-0.200,237944
1926-09-01,0.684,238420
1926-08-31,0.880,236800
1926-08-30,0.538,234733
1926-08-27,0.125,233476
1926-08-26,0.603,233185
1926-08-25,-0.347,231787
1926-08-24,-0.945,232594
1926-08-23,0.624,234813
1926-08-20,-0.020,233357
1926-08-19,-0.890,233404
1926-08-18,0.349,235499
1926-08-17,-0.999,234679
1926-08-16,0.611,237047
1926-08-13,0.878,235608
1926-08-12,1.334,233558
1926-08-11,-0.633,230484
1926-08-10,-1.579,231951
1926-08-09,0.985,235673
1926-08-06,0.750,233375
1926-08-05,-0.003,231639
1926-08-04,-0.294,231645
1926-08-03,0.451,232328
1926-08-02,1.222,231285
1926-07-30,0.160,228492
1926-07-29,0.383,228126
1926-07-28,1.177,227257
1926-07-27,0.429,224612
1926-07-26,0.517,223652
1926-07-23,-0.047,222502
1926-07-22,-0.699,222607
1926-07-21,-0.650,224174
1926-07-20,-0.664,225641
1926-07-19,0.337,227150
1926-07-16,0.695,226388
1926-07-15,-0.656,224825
1926-07-14,0.034,226309
1926-07-13,0.574,226232
1926-07-12,1.006,224941
1926-07-09,-0.866,222701
1926-07-08,0.555,224648
1926-07-07,0.327,223407
1926-07-06,-0.010,222678
1926-07-02,0.523,222700
1926-07-01,0.046,221542
1926-06-30,0.237,221440
1926-06-29,0.641,220918
1926-06-28,0.239,219511
1926-06-25,-0.412,218989
1926-06-24,0.423,219895
1926-06-23,-0.788,218968
1926-06-22,-0.182,220708
1926-06-21,1.314,221110
1926-06-18,-0.680,218242
1926-06-17,1.070,219736
1926-06-16,0.745,217410
1926-06-15,-0.402,215801
1926-06-14,1.051,216671
1926-06-11,0.907,214418
1926-06-10,0.313,212491
1926-06-09,0.302,211828
1926-06-08,-0.149,211190
1926-06-07,0.276,211506
1926-06-04,0.424,210924
1926-06-03,0.701,210033
1926-06-02,0.520,208571
1926-06-01,-0.721,207492
1926-05-28,0.546,208999
1926-05-27,0.458,207863
1926-05-26,0.329,206914
1926-05-25,0.191,206235
1926-05-24,0.671,205841
1926-05-21,0.907,204469
1926-05-20,1.075,202632
1926-05-19,-0.141,200477
1926-05-18,-0.076,200760
1926-05-17,-0.411,200912
1926-05-14,-0.225,201741
1926-05-13,-0.232,202196
1926-05-12,0.503,202666
1926-05-11,0.212,201653
1926-05-10,-0.667,201226
1926-05-07,-1.082,202577
1926-05-06,0.301,204793
1926-05-05,0.109,204179
1926-05-04,0.621,203957
1926-05-03,-1.975,202698
1926-04-30,-0.517,206782
1926-04-29,0.017,207856
1926-04-28,0.502,207821
1926-04-27,0.060,206783
1926-04-26,0.191,206658
1926-04-23,0.947,206264
1926-04-22,0.591,204329
1926-04-21,1.954,203128
1926-04-20,0.445,199235
1926-04-19,0.306,198352
1926-04-16,-0.242,197746
1926-04-15,0.199,198225
1926-04-14,-1.249,197831
1926-04-13,1.317,200332
1926-04-12,-2.422,197728
1926-04-09,0.122,202635
1926-04-08,-0.408,202388
1926-04-07,-0.343,203218
1926-04-06,0.958,203917
1926-04-05,0.570,201981
1926-04-01,-0.068,200837
1926-03-31,3.543,200973
1926-03-30,-1.235,194096
1926-03-29,-3.333,196524
1926-03-26,0.550,203299
1926-03-25,0.451,202187
1926-03-24,-1.926,201279
1926-03-23,-1.010,205233
1926-03-22,1.075,207326
1926-03-19,-0.615,205122
1926-03-18,-1.549,206392
1926-03-17,-0.567,209639
1926-03-16,-0.341,210835
1926-03-15,-1.685,211555
1926-03-12,0.332,215181
1926-03-11,0.621,214469
1926-03-10,1.067,213146
1926-03-09,0.783,210896
1926-03-08,-0.572,209259
1926-03-05,0.617,210462
1926-03-04,3.800,209171
1926-03-03,-1.875,201512
1926-03-02,-2.116,205364
1926-03-01,-1.606,209803
1926-02-26,-1.251,213228
1926-02-25,-0.973,215929
1926-02-24,-0.079,218050
1926-02-23,-1.215,218223
1926-02-19,0.177,220908
1926-02-18,0.342,220518
1926-02-17,0.647,219765
1926-02-16,0.476,218353
1926-02-15,-2.069,217319
1926-02-11,0.366,221911
1926-02-10,0.569,221103
1926-02-09,0.584,219851
1926-02-08,-0.518,218576
1926-02-05,-0.101,219715
1926-02-04,0.399,219937
1926-02-03,0.474,219063
1926-02-02,0.746,218029
1926-02-01,-0.505,216416
1926-01-29,0.489,217515
1926-01-28,0.457,216457
1926-01-27,0.804,215471
1926-01-26,-0.336,213753
1926-01-25,0.606,214473
1926-01-22,0.820,213182
1926-01-21,-1.034,211447
1926-01-20,0.597,213657
1926-01-19,-1.318,212389
1926-01-18,0.555,215227
1926-01-15,-1.191,214040
1926-01-14,-0.926,216620
1926-01-13,0.546,218645
1926-01-12,-0.257,217458
1926-01-11,-0.403,218018
1926-01-08,-0.288,218899
1926-01-07,0.610,219532
1926-01-06,0.201,218200
1926-01-05,-0.418,217761
1926-01-04,0.598,218675
1925-12-31,0.452,217375
1925-12-30,0.125,216398
1925-12-29,-0.340,216128
1925-12-28,0.218,216865
1925-12-24,0.582,216394
1925-12-23,1.095,215143
1925-12-22,0.707,212813
1925-12-21,-0.408,211319
1925-12-18,-0.265,212185
1925-12-17,-0.337,212748
1925-12-16,-0.106,213467
1925-12-15,0.241,213693
1925-12-14,0.385,213178
1925-12-11,0.583,212361
1925-12-10,0.655,211129
1925-12-09,-0.725,209754
1925-12-08,-0.238,211286
1925-12-07,0.418,211790
1925-12-04,0.519,210909
1925-12-03,0.368,209821
1925-12-02,0.285,209051
1925-12-01,0.355,208457
1925-11-30,-0.482,207719
1925-11-27,0.841,208725
1925-11-25,1.466,206984
1925-11-24,-0.107,203993
1925-11-23,-1.970,204210
1925-11-20,-0.013,208314
1925-11-19,1.417,208340
1925-11-18,-1.532,205429
1925-11-17,0.163,208624
1925-11-16,-2.167,208284
1925-11-13,1.784,212897
1925-11-12,0.650,209166
1925-11-11,1.753,207815
1925-11-10,-2.510,204234
1925-11-09,-0.666,209492
1925-11-06,0.492,210896
1925-11-05,-0.413,209864
1925-11-04,0.059,210734
1925-11-02,1.022,210610
1925-10-30,0.563,208478
1925-10-29,-0.266,207311
1925-10-28,0.899,207863
1925-10-27,-0.451,206010
1925-10-26,0.366,206944
1925-10-23,0.363,206190
1925-10-22,0.232,205445
1925-10-21,0.573,204970
1925-10-20,1.025,203802
1925-10-19,0.244,201734
1925-10-16,0.300,201243
1925-10-15,0.022,200640
1925-10-14,0.807,200595
1925-10-13,0.099,198989
1925-10-09,0.236,198793
1925-10-08,0.596,198326
1925-10-07,0.177,197150
1925-10-06,-1.011,196802
1925-10-05,0.187,198811
1925-10-02,0.564,198440
1925-10-01,0.608,197328
1925-09-30,-0.859,196136
1925-09-29,0.452,197835
1925-09-28,-0.855,196945
1925-09-25,0.693,198644
1925-09-24,-0.886,197277
1925-09-23,0.280,199040
1925-09-22,-0.037,198485
1925-09-21,-0.591,198559
1925-09-18,0.647,199740
1925-09-17,0.189,198456
1925-09-16,1.042,198082
1925-09-15,-1.231,196039
1925-09-14,0.741,198483
1925-09-11,0.569,197023
1925-09-10,0.454,195909
1925-09-09,1.124,195023
1925-09-08,0.100,192855
1925-09-04,0.702,192662
1925-09-03,1.450,191320
1925-09-02,-1.434,188584
1925-09-01,-0.980,191327
1925-08-31,-0.307,193220
1925-08-28,-0.180,193814
1925-08-27,-0.200,194164
1925-08-26,-0.625,194554
1925-08-25,0.127,195778
1925-08-24,0.285,195529
1925-08-21,0.440,194974
1925-08-20,-0.059,194120
1925-08-19,-0.434,194234
1925-08-18,0.448,195080
1925-08-17,1.437,194210
1925-08-14,0.664,191459
1925-08-13,0.652,190196
1925-08-12,-0.010,188964
1925-08-11,0.182,188983
1925-08-10,0.002,188640
1925-08-07,1.091,188636
1925-08-06,-0.091,186601
1925-08-05,-0.061,186770
1925-08-04,0.362,186884
1925-08-03,1.122,186211
1925-07-31,-0.275,184145
1925-07-30,-0.215,184652
1925-07-29,-0.649,185050
1925-07-28,-0.129,186258
1925-07-27,0.545,186498
1925-07-24,0.002,185486
1925-07-23,0.893,185482
1925-07-22,-0.560,183840
1925-07-21,-0.168,184875
1925-07-20,0.468,185186
1925-07-17,0.152,184324
1925-07-16,0.174,184044
1925-07-15,0.217,183725
1925-07-14,0.746,183328
1925-07-13,0.284,181969
1925-07-10,-0.249,181454
1925-07-09,-0.638,181906
1925-07-08,-0.032,183075
1925-07-07,0.343,183134
1925-07-06,0.392,182508
1925-07-03,-0.041,181795
1925-07-02,0.020,181870
1925-07-01,0.538,181834
1925-06-30,1.071,180862
1925-06-29,-0.222,178944
1925-06-26,0.576,179342
1925-06-25,0.224,178314
1925-06-24,0.550,177916
1925-06-23,-0.577,176944
1925-06-22,-0.644,177971
1925-06-19,0.489,179124
1925-06-18,-0.622,178253
1925-06-17,0.102,179368
1925-06-16,0.684,179185
1925-06-15,0.098,177969
1925-06-12,0.380,177794
1925-06-11,0.683,177122
1925-06-10,-0.258,175921
1925-06-09,0.029,176375
1925-06-08,-1.307,176324
1925-06-05,0.059,178660
1925-06-04,-0.805,178554
1925-06-03,0.011,180004
1925-06-02,0.210,179984
1925-06-01,-0.471,179607
1925-05-29,0.483,180458
1925-05-28,0.106,179591
1925-05-27,0.630,179400
1925-05-26,0.164,178277
1925-05-25,-0.445,177985
1925-05-22,0.470,178782
1925-05-21,0.134,177946
1925-05-20,0.195,177709
1925-05-19,0.780,177363
1925-05-18,0.638,175991
1925-05-15,1.003,174875
1925-05-14,-0.128,173138
1925-05-13,-0.078,173359
1925-05-12,0.466,173495
1925-05-11,-0.664,172690
1925-05-08,-0.310,173844
1925-05-07,0.410,174384
1925-05-06,0.326,173673
1925-05-05,0.327,173109
1925-05-04,1.368,172546
1925-05-01,0.711,170217
1925-04-30,-0.080,169016
1925-04-29,0.113,169152
1925-04-28,0.502,168961
1925-04-27,0.086,168118
1925-04-24,-0.596,167974
1925-04-23,0.118,168980
1925-04-22,0.721,168782
1925-04-21,-1.316,167573
1925-04-20,-0.189,169807
1925-04-17,0.572,170130
1925-04-16,-0.080,169162
1925-04-15,0.030,169298
1925-04-14,0.883,169247
1925-04-13,0.623,167766
1925-04-09,0.054,166728
1925-04-08,-0.291,166638
1925-04-07,-0.345,167124
1925-04-06,1.911,167703
1925-04-03,-0.167,164558
1925-04-02,-0.317,164834
1925-04-01,0.813,165358
1925-03-31,1.323,164025
1925-03-30,-1.956,161883
1925-03-27,0.442,165113
1925-03-26,-1.254,164386
1925-03-25,1.404,166473
1925-03-24,-0.628,164168
1925-03-23,-2.832,165205
1925-03-20,1.249,170020
1925-03-19,0.642,167923
1925-03-18,-0.336,166851
1925-03-17,-1.290,167413
1925-03-16,-1.677,169600
1925-03-13,-0.878,172493
1925-03-12,0.964,174021
1925-03-11,0.437,172359
1925-03-10,-1.141,171609
1925-03-09,-1.102,173590
1925-03-06,0.473,175524
1925-03-05,0.903,174698
1925-03-04,-1.218,173135
1925-03-03,0.691,175269
1925-03-02,1.239,174067
1925-02-27,-0.758,171937
1925-02-26,0.587,173250
1925-02-25,0.388,172240
1925-02-24,0.030,171574
1925-02-20,1.253,171522
1925-02-19,-0.308,169400
1925-02-18,1.307,169923
1925-02-17,0.491,167732
1925-02-16,-2.392,166913
1925-02-13,0.134,171003
1925-02-11,-0.408,170774
1925-02-10,-0.242,171474
1925-02-09,0.258,171890
1925-02-06,0.300,171447
1925-02-05,0.156,170935
1925-02-04,0.714,170669
1925-02-03,-0.249,169459
1925-02-02,-1.033,169882
1925-01-30,0.665,171656
1925-01-29,-0.042,170523
1925-01-28,0.555,170593
1925-01-27,-0.100,169652
1925-01-26,-0.772,169822
1925-01-23,-0.135,171144
1925-01-22,0.820,171376
1925-01-21,0.202,169981
1925-01-20,-0.518,169638
1925-01-19,0.601,170522
1925-01-16,0.194,169504
1925-01-15,-1.241,169176
1925-01-14,-0.659,171302
1925-01-13,0.204,172439
1925-01-12,0.281,172088
1925-01-09,0.606,171607
1925-01-08,0.143,170573
1925-01-07,0.080,170330
1925-01-06,1.300,170194
1925-01-05,-0.825,168009
1925-01-02,0.765,169407
1924-12-31,1.481,168120
1924-12-30,-0.622,165668
1924-12-29,-0.157,166705
1924-12-26,1.180,166968
1924-12-24,0.644,165021
1924-12-23,-0.855,163964
1924-12-22,0.078,165378
1924-12-19,0.369,165249
1924-12-18,0.487,164641
1924-12-17,0.892,163844
1924-12-16,0.235,162395
1924-12-15,1.175,162014
1924-12-12,1.116,160133
1924-12-11,-0.099,158366
1924-12-10,-0.931,158522
1924-12-09,0.291,160013
1924-12-08,-0.155,159548
1924-12-05,-0.419,159796
1924-12-04,0.758,160468
1924-12-03,0.369,159262
1924-12-02,0.303,158676
1924-12-01,-0.280,158197
1924-11-28,0.366,158641
1924-11-26,0.030,158063
1924-11-25,0.503,158016
1924-11-24,0.122,157226
1924-11-21,-0.598,157034
1924-11-20,0.595,157979
1924-11-19,-0.378,157045
1924-11-18,1.021,157641
1924-11-17,0.696,156048
1924-11-14,0.646,154970
1924-11-13,-0.053,153975
1924-11-12,-0.043,154057
1924-11-11,1.236,154123
1924-11-10,0.622,152241
1924-11-07,1.532,151300
1924-11-06,-0.293,149017
1924-11-05,1.301,149454
1924-11-03,0.063,147535
1924-10-31,0.768,147442
1924-10-30,0.350,146319
1924-10-29,-0.087,145809
1924-10-28,0.565,145935
1924-10-27,-0.714,145115
1924-10-24,0.423,146158
1924-10-23,0.236,145542
1924-10-22,0.394,145199
1924-10-21,0.618,144629
1924-10-20,0.436,143740
1924-10-17,0.824,143116
1924-10-16,-0.089,141947
1924-10-15,0.813,142074
1924-10-14,-1.949,140928
1924-10-10,-1.042,143729
1924-10-09,0.421,145242
1924-10-08,-0.171,144634
1924-10-07,-0.145,144881
1924-10-06,-0.290,145091
1924-10-03,-1.075,145513
1924-10-02,-0.296,147095
1924-10-01,0.539,147532
1924-09-30,0.234,146742
1924-09-29,-0.687,146399
1924-09-26,-0.137,147412
1924-09-25,-0.362,147614
1924-09-24,0.640,148150
1924-09-23,0.769,147208
1924-09-22,-0.226,146084
1924-09-19,0.081,146416
1924-09-18,-0.157,146297
1924-09-17,1.214,146527
1924-09-16,0.244,144770
1924-09-15,-0.308,144417
1924-09-12,0.286,144863
1924-09-11,0.438,144451
1924-09-10,-0.915,143821
1924-09-09,0.821,145150
1924-09-08,0.209,143967
1924-09-05,-1.135,143667
1924-09-04,-0.961,145317
1924-09-03,-0.677,146728
1924-09-02,0.817,147727
1924-08-29,0.959,146530
1924-08-28,-0.455,145138
1924-08-27,-0.137,145802
1924-08-26,0.011,146002
1924-08-25,-0.275,145985
1924-08-22,-0.874,146387
1924-08-21,-0.608,147678
1924-08-20,-0.215,148581
1924-08-19,-0.059,148901
1924-08-18,0.892,148989
1924-08-15,0.879,147672
1924-08-14,0.747,146385
1924-08-13,-0.071,145299
1924-08-12,-0.688,145402
1924-08-11,1.268,146410
1924-08-08,-0.231,144577
1924-08-07,0.115,144912
1924-08-06,0.022,144745
1924-08-05,-0.374,144714
1924-08-04,0.581,145258
1924-08-01,-0.097,144419
1924-07-31,0.678,144559
1924-07-30,0.048,143586
1924-07-29,-0.259,143517
1924-07-28,0.781,143889
1924-07-25,0.306,142774
1924-07-24,0.264,142339
1924-07-23,0.165,141963
1924-07-22,0.319,141730
1924-07-21,1.184,141280
1924-07-18,0.642,139627
1924-07-17,-0.020,138735
1924-07-16,-0.058,138764
1924-07-15,0.060,138844
1924-07-14,0.315,138760
1924-07-11,0.561,138325
1924-07-10,-0.647,137554
1924-07-09,-0.037,138449
1924-07-08,0.708,138499
1924-07-07,0.619,137526
1924-07-03,0.198,136680
1924-07-02,-0.043,136409
1924-07-01,0.083,136467
1924-06-30,0.364,136353
1924-06-27,0.261,135858
1924-06-26,0.802,135505
1924-06-25,0.950,134427
1924-06-24,0.452,133162
1924-06-23,-0.810,132563
1924-06-20,-0.045,133645
1924-06-19,0.383,133705
1924-06-18,0.034,133196
1924-06-17,-0.285,133150
1924-06-16,0.578,133531
1924-06-13,0.593,132764
1924-06-12,0.298,131981
1924-06-11,1.345,131589
1924-06-10,0.400,129843
1924-06-09,0.915,129325
1924-06-06,-1.039,128153
1924-06-05,0.098,129499
1924-06-04,-0.152,129372
1924-06-03,0.890,129569
1924-06-02,0.087,128426
1924-05-29,-0.193,128314
1924-05-28,-0.318,128562
1924-05-27,-0.414,128973
1924-05-26,0.608,129509
1924-05-23,0.162,128727
1924-05-22,0.572,128519
1924-05-21,1.209,127788
1924-05-20,-1.123,126262
1924-05-19,-0.068,127696
1924-05-16,0.546,127783
1924-05-15,0.368,127089
1924-05-14,-0.531,126624
1924-05-13,0.175,127299
1924-05-12,-1.218,127077
1924-05-09,-0.403,128644
1924-05-08,-0.186,129165
1924-05-07,0.252,129406
1924-05-06,0.104,129080
1924-05-05,0.397,128946
1924-05-02,-0.313,128436
1924-05-01,1.216,128840
1924-04-30,0.106,127291
1924-04-29,-0.201,127157
1924-04-28,-0.476,127413
1924-04-25,0.743,128023
1924-04-24,-0.132,127078
1924-04-23,0.854,127246
1924-04-22,0.089,126169
1924-04-21,-1.512,126057
1924-04-17,0.662,127992
1924-04-16,0.385,127151
1924-04-15,0.492,126663
1924-04-14,-1.563,126043
1924-04-11,0.813,128044
1924-04-10,-1.202,127012
1924-04-09,-0.557,128557
1924-04-08,-0.435,129277
1924-04-07,-1.259,129842
1924-04-04,0.565,131497
1924-04-03,0.374,130759
1924-04-02,0.914,130271
1924-04-01,0.431,129091
1924-03-31,0.416,128537
1924-03-28,-0.320,128005
1924-03-27,-0.478,128416
1924-03-26,-0.221,129033
1924-03-25,-1.153,129319
1924-03-24,0.170,130827
1924-03-21,0.022,130604
1924-03-20,-0.561,130575
1924-03-19,0.413,131312
1924-03-18,0.046,130773
1924-03-17,-1.442,130712
1924-03-14,0.447,132625
1924-03-13,0.549,132034
1924-03-12,-0.048,131313
1924-03-11,0.535,131376
1924-03-10,-1.015,130677
1924-03-07,0.052,132016
1924-03-06,1.198,131948
1924-03-05,-0.364,130386
1924-03-04,0.380,130862
1924-03-03,-0.314,130366
1924-02-29,-0.555,130777
1924-02-28,1.050,131507
1924-02-27,0.136,130140
1924-02-26,-0.470,129964
1924-02-25,-0.175,130577
1924-02-21,0.734,130807
1924-02-20,-0.221,129854
1924-02-19,0.636,130141
1924-02-18,-0.233,129319
1924-02-15,-2.529,129621
1924-02-14,0.171,132985
1924-02-13,-0.892,132757
1924-02-11,0.854,133951
1924-02-08,-0.601,132817
1924-02-07,-0.538,133620
1924-02-06,0.137,134342
1924-02-05,-0.036,134158
1924-02-04,0.480,134206
1924-02-01,0.078,133565
1924-01-31,0.868,133461
1924-01-30,0.090,132312
1924-01-29,-0.206,132193
1924-01-28,0.101,132466
1924-01-25,1.122,132333
1924-01-24,0.576,130865
1924-01-23,0.254,130115
1924-01-22,-0.054,129786
1924-01-21,0.615,129855
1924-01-18,-0.032,129062
1924-01-17,-0.133,129103
1924-01-16,0.811,129274
1924-01-15,-0.739,128234
1924-01-14,-1.426,129189
1924-01-11,0.035,131058
1924-01-10,-0.015,131012
1924-01-09,0.806,131031
1924-01-08,0.237,129983
1924-01-07,1.105,129676
1924-01-04,0.462,128258
1924-01-03,-0.428,127668
1924-01-02,0.059,128217
1923-12-31,0.686,128142
1923-12-28,0.271,127268
1923-12-27,-0.510,126924
1923-12-26,0.868,127575
1923-12-24,0.608,126476
1923-12-21,-0.295,125712
1923-12-20,0.497,126084
1923-12-19,-0.039,125461
1923-12-18,-1.303,125510
1923-12-17,0.085,127167
1923-12-14,-0.269,127059
1923-12-13,0.344,127401
1923-12-12,0.487,126964
1923-12-11,-0.562,126348
1923-12-10,-0.386,127062
1923-12-07,0.525,127555
1923-12-06,0.437,126889
1923-12-05,0.393,126337
1923-12-04,0.229,125843
1923-12-03,0.121,125556
1923-11-30,-0.312,125405
1923-11-28,-0.016,125797
1923-11-27,-0.152,125817
1923-11-26,0.606,126010
1923-11-23,0.001,125251
1923-11-22,-0.090,125250
1923-11-21,0.939,125363
1923-11-20,0.093,124197
1923-11-19,0.779,124081
1923-11-16,-0.531,123122
1923-11-15,0.099,123779
1923-11-14,-0.270,123656
1923-11-13,0.238,123991
1923-11-12,0.117,123697
1923-11-09,0.460,123553
1923-11-08,0.881,122987
1923-11-07,-0.081,121914
1923-11-05,0.336,122013
1923-11-02,0.284,121604
1923-11-01,0.660,121260
1923-10-31,2.315,120466
1923-10-30,-0.266,117740
1923-10-29,0.268,118054
1923-10-26,-0.308,117738
1923-10-25,-0.774,118102
1923-10-24,-0.071,119023
1923-10-23,-0.071,119108
1923-10-22,-0.167,119193
1923-10-19,0.205,119392
1923-10-18,-0.029,119148
1923-10-17,0.495,119183
1923-10-16,-1.478,118595
1923-10-15,0.821,120375
1923-10-11,-0.517,119394
1923-10-10,-0.621,120015
1923-10-09,-0.500,120765
1923-10-08,-0.029,121372
1923-10-05,-0.304,121406
1923-10-04,-0.356,121777
1923-10-03,2.134,122212
1923-10-02,0.121,119658
1923-10-01,0.289,119514
1923-09-28,-0.649,119170
1923-09-27,0.138,119949
1923-09-26,0.680,119783
1923-09-25,-1.028,118974
1923-09-24,1.004,120210
1923-09-21,-0.025,119015
1923-09-20,-0.641,119044
1923-09-19,0.668,119812
1923-09-18,-0.706,119018
1923-09-17,-0.124,119863
1923-09-14,-0.217,120012
1923-09-13,-1.642,120273
1923-09-12,-1.559,122281
1923-09-11,0.318,124218
1923-09-10,0.508,123824
1923-09-07,0.148,123199
1923-09-06,-0.029,123016
1923-09-05,0.848,123052
1923-09-04,-1.428,122018
1923-08-31,0.222,123786
1923-08-30,-0.126,123512
1923-08-29,0.537,123668
1923-08-28,0.761,123007
1923-08-27,0.399,122079
1923-08-24,-0.006,121594
1923-08-23,0.022,121602
1923-08-22,-0.324,121574
1923-08-21,0.167,121969
1923-08-20,0.272,121766
1923-08-17,0.629,121436
1923-08-16,0.492,120676
1923-08-15,0.648,120086
1923-08-14,0.533,119312
1923-08-13,0.309,118679
1923-08-09,0.071,118314
1923-08-08,-0.816,118230
1923-08-07,0.845,119202
1923-08-06,0.653,118203
1923-08-02,-0.210,117437
1923-08-01,1.125,117684
1923-07-31,-1.285,116375
1923-07-30,-0.126,117890
1923-07-27,-2.632,118038
1923-07-26,0.343,121229
1923-07-25,0.550,120814
1923-07-24,-1.108,120153
1923-07-23,-0.364,121499
1923-07-20,0.504,121944
1923-07-19,1.281,121332
1923-07-18,0.276,119797
1923-07-17,0.289,119467
1923-07-16,0.159,119123
1923-07-13,1.465,118934
1923-07-12,0.156,117216
1923-07-11,-0.747,117034
1923-07-10,-0.665,117915
1923-07-09,0.825,118705
1923-07-06,0.686,117734
1923-07-05,0.338,116932
1923-07-03,-1.366,116538
1923-07-02,0.611,118152
1923-06-29,-1.133,117434
1923-06-28,0.728,118780
1923-06-27,-1.853,117922
1923-06-26,-1.479,120148
1923-06-25,-1.687,121951
1923-06-22,1.433,124044
1923-06-21,1.241,122291
1923-06-20,-1.748,120792
1923-06-19,-0.138,122941
1923-06-18,-2.068,123110
1923-06-15,-0.198,125710
1923-06-14,-0.329,125959
1923-06-13,-0.055,126375
1923-06-12,-1.091,126444
1923-06-11,0.987,127839
1923-06-08,-0.093,126589
1923-06-07,0.149,126706
1923-06-06,0.713,126518
1923-06-05,0.250,125622
1923-06-04,0.866,125309
1923-06-01,-2.052,124233
1923-05-31,-0.076,126836
1923-05-29,0.209,126932
1923-05-28,0.801,126668
1923-05-25,0.172,125661
1923-05-24,2.241,125445
1923-05-23,0.347,122696
1923-05-22,0.790,122272
1923-05-21,-1.941,121314
1923-05-18,-0.307,123715
1923-05-17,-0.111,124096
1923-05-16,-0.306,124235
1923-05-15,-0.971,124616
1923-05-14,0.561,125837
1923-05-11,-0.590,125135
1923-05-10,-0.384,125878
1923-05-09,1.365,126363
1923-05-08,1.326,124662
1923-05-07,-2.556,123030
1923-05-04,-0.005,126258
1923-05-03,-1.505,126264
1923-05-02,0.583,128193
1923-05-01,-0.482,127450
1923-04-30,-2.329,128068
1923-04-27,-0.232,131122
1923-04-26,0.043,131427
1923-04-25,0.217,131371
1923-04-24,0.314,131085
1923-04-23,-0.785,130675
1923-04-20,-0.945,131709
1923-04-19,-0.094,132965
1923-04-18,0.678,133090
1923-04-17,0.390,132194
1923-04-16,0.392,131680
1923-04-13,0.101,131165
1923-04-12,0.362,131033
1923-04-11,-0.497,130560
1923-04-10,-0.163,131213
1923-04-09,-0.274,131427
1923-04-06,0.450,131788
1923-04-05,0.415,131197
1923-04-04,-0.016,130655
1923-04-03,0.245,130676
1923-04-02,-1.386,130356
1923-03-29,-0.683,132188
1923-03-28,0.356,133097
1923-03-27,0.384,132625
1923-03-26,-1.394,132117
1923-03-23,-0.858,133984
1923-03-22,-0.189,135143
1923-03-21,-0.020,135400
1923-03-20,0.154,135427
1923-03-19,1.122,135218
1923-03-16,-0.740,133718
1923-03-15,-0.455,134716
1923-03-14,0.306,135331
1923-03-13,0.619,134919
1923-03-12,-0.177,134088
1923-03-09,-0.177,134327
1923-03-08,-0.445,134565
1923-03-07,-0.009,135167
1923-03-06,-0.100,135179
1923-03-05,0.515,135314
1923-03-02,0.384,134621
1923-03-01,0.093,134106
1923-02-28,0.608,133981
1923-02-27,0.104,133171
1923-02-26,-0.608,133033
1923-02-23,-0.300,133847
1923-02-21,0.170,134250
1923-02-20,0.520,134022
1923-02-19,0.171,133329
1923-02-16,0.415,133101
1923-02-15,0.442,132552
1923-02-14,-0.366,131968
1923-02-13,0.888,132453
1923-02-09,0.038,131287
1923-02-08,0.079,131237
1923-02-07,-0.025,131133
1923-02-06,0.988,131166
1923-02-05,1.511,129883
1923-02-02,0.854,127950
1923-02-01,0.077,126866
1923-01-31,-0.322,126769
1923-01-30,-0.583,127178
1923-01-29,0.496,127924
1923-01-26,0.201,127292
1923-01-25,0.554,127037
1923-01-24,0.061,126337
1923-01-23,0.486,126260
1923-01-22,-0.428,125649
1923-01-19,0.126,126188
1923-01-18,0.796,126029
1923-01-17,0.034,125034
1923-01-16,-0.971,124992
1923-01-15,-0.156,126217
1923-01-12,0.574,126414
1923-01-11,0.335,125693
1923-01-10,-0.004,125274
1923-01-09,-0.673,125279
1923-01-08,-0.716,126128
1923-01-05,0.342,127038
1923-01-04,-0.644,126604
1923-01-03,0.357,127425
1923-01-02,0.516,126972
1922-12-29,0.547,126319
1922-12-28,-0.934,125633
1922-12-27,-0.112,126817
1922-12-26,0.310,126959
1922-12-22,0.770,126567
1922-12-21,0.732,125599
1922-12-20,-0.185,124687
1922-12-19,0.475,124918
1922-12-18,-0.645,124327
1922-12-15,-0.233,125135
1922-12-14,-0.000,125427
1922-12-13,0.466,125428
1922-12-12,0.070,124846
1922-12-11,-0.108,124759
1922-12-08,0.643,124894
1922-12-07,0.043,124096
1922-12-06,1.080,124042
1922-12-05,-0.483,122718
1922-12-04,-0.540,123313
1922-12-01,1.169,123982
1922-11-29,1.059,122549
1922-11-28,1.811,121265
1922-11-27,-1.850,119108
1922-11-24,-0.100,121353
1922-11-23,-0.443,121475
1922-11-22,-1.506,122016
1922-11-21,-0.256,123882
1922-11-20,0.399,124200
1922-11-17,0.533,123706
1922-11-16,-0.454,123050
1922-11-15,0.972,123612
1922-11-14,-1.843,122422
1922-11-13,-2.154,124721
1922-11-10,-1.242,127466
1922-11-09,-0.293,129068
1922-11-08,0.758,129447
1922-11-06,-0.913,128474
1922-11-03,0.566,129657
1922-11-02,2.082,128927
1922-11-01,0.102,126297
1922-10-31,-0.713,126169
1922-10-30,-2.023,127075
1922-10-27,0.666,129698
1922-10-26,-1.621,128840
1922-10-25,-0.088,130963
1922-10-24,0.098,131078
1922-10-23,-1.315,130950
1922-10-20,0.786,132694
1922-10-19,-0.516,131660
1922-10-18,-0.640,132343
1922-10-17,-0.137,133195
1922-10-16,0.566,133378
1922-10-13,0.621,132628
1922-10-11,0.464,131810
1922-10-10,-0.467,131201
1922-10-09,0.833,131817
1922-10-06,0.176,130728
1922-10-05,0.208,130499
1922-10-04,0.658,130228
1922-10-03,1.308,129377
1922-10-02,0.677,127707
1922-09-29,0.391,126848
1922-09-28,-0.118,126355
1922-09-27,-1.604,126504
1922-09-26,-0.430,128566
1922-09-25,0.447,129121
1922-09-22,0.116,128546
1922-09-21,-1.591,128397
1922-09-20,0.130,130473
1922-09-19,0.953,130304
1922-09-18,-1.952,129074
1922-09-15,0.134,131644
1922-09-14,0.433,131467
1922-09-13,-0.815,130901
1922-09-12,-0.353,131976
1922-09-11,0.685,132444
1922-09-08,0.782,131543
1922-09-07,0.762,130522
1922-09-06,-1.016,129535
1922-09-05,0.091,130864
1922-09-01,0.240,130745
1922-08-31,-0.067,130431
1922-08-30,0.436,130519
1922-08-29,1.491,129952
1922-08-28,-0.900,128043
1922-08-25,-0.212,129205
1922-08-24,-0.145,129480
1922-08-23,-0.462,129667
1922-08-22,0.293,130269
1922-08-21,1.912,129889
1922-08-18,0.500,127453
1922-08-17,0.545,126819
1922-08-16,0.735,126132
1922-08-15,0.903,125211
1922-08-14,-1.112,124090
1922-08-11,0.175,125486
1922-08-10,-0.112,125266
1922-08-09,-0.054,125407
1922-08-08,-0.329,125474
1922-08-07,0.823,125889
1922-08-04,0.128,124861
1922-08-03,0.284,124702
1922-08-02,0.220,124348
1922-08-01,-0.743,124075
1922-07-31,0.905,125004
1922-07-28,0.237,123883
1922-07-27,1.983,123590
1922-07-26,-0.744,121186
1922-07-25,0.882,122095
1922-07-24,-1.259,121027
1922-07-21,-0.380,122570
1922-07-20,-0.060,123038
1922-07-19,0.282,123112
1922-07-18,0.690,122766
1922-07-17,0.357,121925
1922-07-14,0.066,121491
1922-07-13,-0.368,121412
1922-07-12,0.689,121860
1922-07-11,0.343,121026
1922-07-10,-0.938,120612
1922-07-07,0.153,121755
1922-07-06,2.223,121568
1922-07-05,0.129,118925
1922-07-03,0.056,118772
1922-06-30,0.925,118706
1922-06-29,0.056,117618
1922-06-28,-0.188,117552
1922-06-27,-1.160,117772
1922-06-26,0.819,119155
1922-06-23,0.050,118188
1922-06-22,0.654,118128
1922-06-21,-0.386,117361
1922-06-20,1.478,117815
1922-06-19,0.491,116100
1922-06-16,-0.274,115533
1922-06-15,-1.456,115850
1922-06-14,0.795,117562
1922-06-13,1.315,116635
1922-06-12,-2.449,115121
1922-06-09,-1.392,118012
1922-06-08,-0.028,119677
1922-06-07,-0.384,119711
1922-06-06,-0.279,120172
1922-06-05,-0.295,120509
1922-06-02,0.152,120865
1922-06-01,0.076,120681
1922-05-31,-1.102,120589
1922-05-29,1.036,121933
1922-05-26,0.769,120683
1922-05-25,-0.318,119761
1922-05-24,-0.055,120144
1922-05-23,-0.115,120210
1922-05-22,0.544,120349
1922-05-19,0.999,119698
1922-05-18,0.362,118514
1922-05-17,1.002,118086
1922-05-16,0.197,116915
1922-05-15,-0.136,116685
1922-05-12,0.772,116844
1922-05-11,-0.029,115949
1922-05-10,-1.012,115982
1922-05-09,-0.309,117168
1922-05-08,-0.380,117531
1922-05-05,0.178,117979
1922-05-04,-0.351,117769
1922-05-03,0.173,118184
1922-05-02,0.122,117980
1922-05-01,0.964,117836
1922-04-28,0.836,116711
1922-04-27,-0.891,115744
1922-04-26,-0.811,116784
1922-04-25,0.005,117740
1922-04-24,-0.073,117734
1922-04-21,0.494,117820
1922-04-20,0.208,117241
1922-04-19,1.069,116998
1922-04-18,-1.391,115761
1922-04-17,0.916,117394
1922-04-13,0.643,116328
1922-04-12,-0.358,115585
1922-04-11,0.250,116000
1922-04-10,0.664,115711
1922-04-07,0.264,114948
1922-04-06,0.810,114645
1922-04-05,1.230,113724
1922-04-04,-0.647,112342
1922-04-03,0.964,113074
1922-03-31,0.011,111994
1922-03-30,1.015,111982
1922-03-29,1.050,110856
1922-03-28,0.603,109705
1922-03-27,-0.630,109047
1922-03-24,0.294,109739
1922-03-23,-0.480,109417
1922-03-22,-0.755,109944
1922-03-21,0.011,110781
1922-03-20,0.298,110768
1922-03-17,0.272,110439
1922-03-16,0.474,110139
1922-03-15,-0.518,109620
1922-03-14,0.742,110190
1922-03-13,0.268,109379
1922-03-10,0.251,109087
1922-03-09,0.480,108814
1922-03-08,-0.006,108295
1922-03-07,0.785,108301
1922-03-06,-0.606,107457
1922-03-03,0.157,108112
1922-03-02,0.641,107943
1922-03-01,-0.457,107255
1922-02-28,0.643,107748
1922-02-27,-0.464,107060
1922-02-24,0.127,107559
1922-02-23,-0.066,107422
1922-02-21,0.895,107493
1922-02-20,0.823,106539
1922-02-17,-0.171,105670
1922-02-16,-0.036,105851
1922-02-15,0.215,105890
1922-02-14,0.924,105662
1922-02-10,-0.339,104695
1922-02-09,0.691,105052
1922-02-08,-0.235,104331
1922-02-07,-0.370,104577
1922-02-06,1.018,104966
1922-02-03,0.502,103909
1922-02-02,1.098,103389
1922-02-01,0.236,102266
1922-01-31,-0.152,102026
1922-01-30,0.108,102181
1922-01-27,-0.095,102071
1922-01-26,-0.918,102168
1922-01-25,-0.063,103115
1922-01-24,0.164,103179
1922-01-23,-0.607,103010
1922-01-20,0.472,103639
1922-01-19,-0.488,103152
1922-01-18,0.308,103658
1922-01-17,0.874,103339
1922-01-16,0.869,102444
1922-01-13,0.792,101561
1922-01-12,0.395,100763
1922-01-11,1.284,100367
1922-01-10,-0.091,99095
1922-01-09,-0.176,99185
1922-01-06,0.269,99360
1922-01-05,-0.805,99093
1922-01-04,0.766,99898
1922-01-03,-1.438,99138
1921-12-30,0.421,100585
1921-12-29,-0.380,100162
1921-12-28,0.207,100545
1921-12-27,1.198,100337
1921-12-23,0.276,99149
1921-12-22,-0.457,98876
1921-12-21,-1.200,99330
1921-12-20,-0.225,100537
1921-12-19,-0.019,100763
1921-12-16,-0.218,100782
1921-12-15,0.392,101002
1921-12-14,0.163,100608
1921-12-13,-0.047,100444
1921-12-12,0.703,100491
1921-12-09,0.623,99789
1921-12-08,-0.471,99171
1921-12-07,-0.494,99640
1921-12-06,0.447,100135
1921-12-05,-0.162,99690
1921-12-02,-0.047,99852
1921-12-01,0.480,99899
1921-11-30,-0.482,99421
1921-11-29,0.248,99903
1921-11-28,1.055,99656
1921-11-25,1.365,98616
1921-11-23,0.044,97287
1921-11-22,-0.395,97245
1921-11-21,-0.218,97631
1921-11-18,0.122,97844
1921-11-17,0.063,97725
1921-11-16,1.460,97663
1921-11-15,0.445,96258
1921-11-14,-0.441,95832
1921-11-10,-0.115,96256
1921-11-09,1.664,96367
1921-11-07,0.343,94789
1921-11-04,-0.144,94465
1921-11-03,0.419,94602
1921-11-02,0.113,94208
1921-11-01,0.161,94101
1921-10-31,-0.631,93950
1921-10-28,1.230,94547
1921-10-27,0.889,93398
1921-10-26,-0.230,92575
1921-10-25,-0.051,92788
1921-10-24,1.197,92835
1921-10-21,0.046,91737
1921-10-20,0.835,91694
1921-10-19,0.692,90935
1921-10-18,0.704,90311
1921-10-17,-1.747,89680
1921-10-14,-0.926,91275
1921-10-13,-0.527,92127
1921-10-11,-0.154,92616
1921-10-10,0.087,92759
1921-10-07,0.274,92678
1921-10-06,-0.147,92424
1921-10-05,-0.518,92561
1921-10-04,-0.644,93042
1921-10-03,0.533,93646
1921-09-30,-0.002,93149
1921-09-29,1.207,93151
1921-09-28,-0.197,92041
1921-09-27,-0.691,92222
1921-09-26,-0.414,92864
1921-09-23,1.128,93250
1921-09-22,1.348,92209
1921-09-21,0.131,90983
1921-09-20,-0.583,90864
1921-09-19,-1.014,91397
1921-09-16,0.288,92333
1921-09-15,-1.086,92068
1921-09-14,-0.260,93079
1921-09-13,1.434,93321
1921-09-12,0.285,92001
1921-09-09,1.283,91740
1921-09-08,-0.419,90578
1921-09-07,0.792,90958
1921-09-06,1.062,90243
1921-09-02,1.239,89295
1921-09-01,-0.769,88202
1921-08-31,-0.679,88885
1921-08-30,1.926,89493
1921-08-29,0.646,87802
1921-08-26,1.962,87238
1921-08-25,0.285,85559
1921-08-24,-0.954,85316
1921-08-23,-0.382,86138
1921-08-22,-1.390,86468
1921-08-19,-0.404,87687
1921-08-18,0.312,88042
1921-08-17,0.719,87768
1921-08-16,-0.771,87141
1921-08-15,-0.560,87818
1921-08-12,0.809,88312
1921-08-11,-0.696,87603
1921-08-10,-1.300,88217
1921-08-09,-0.438,89379
1921-08-08,-0.108,89772
1921-08-05,-1.365,89870
1921-08-04,-0.430,91114
1921-08-03,-0.680,91507
1921-08-02,1.026,92133
1921-08-01,1.433,91198
1921-07-29,-0.017,89910
1921-07-28,-0.324,89925
1921-07-27,0.116,90218
1921-07-26,-0.504,90113
1921-07-25,1.536,90570
1921-07-22,0.551,89200
1921-07-21,0.175,88711
1921-07-20,0.104,88557
1921-07-19,0.830,88465
1921-07-18,0.749,87737
1921-07-15,-0.864,87085
1921-07-14,-0.644,87844
1921-07-13,-0.436,88414
1921-07-12,0.068,88801
1921-07-11,0.482,88741
1921-07-08,-1.734,88315
1921-07-07,0.088,89874
1921-07-06,2.973,89795
1921-07-05,-0.614,87203
1921-07-01,-0.375,87741
1921-06-30,1.103,88072
1921-06-29,1.249,87111
1921-06-28,0.987,86036
1921-06-27,1.300,85195
1921-06-24,1.179,84102
1921-06-23,-1.038,83122
1921-06-22,0.169,83994
1921-06-21,2.035,83852
1921-06-20,-4.393,82180
1921-06-17,-0.716,85956
1921-06-16,-0.806,86576
1921-06-15,-0.750,87279
1921-06-14,0.592,87939
1921-06-13,-0.102,87421
1921-06-10,-0.433,87511
1921-06-09,-1.250,87892
1921-06-08,-0.038,89004
1921-06-07,-0.529,89038
1921-06-06,-1.173,89512
1921-06-03,-0.364,90574
1921-06-02,-0.377,90906
1921-06-01,0.112,91249
1921-05-31,-0.665,91147
1921-05-27,-0.581,91757
1921-05-26,1.028,92293
1921-05-25,0.038,91354
1921-05-24,-1.316,91320
1921-05-23,-0.244,92537
1921-05-20,-1.555,92763
1921-05-19,-0.747,94229
1921-05-18,0.522,94938
1921-05-17,0.234,94445
1921-05-16,-0.029,94225
1921-05-13,0.135,94253
1921-05-12,-0.878,94125
1921-05-11,-0.889,94959
1921-05-10,-0.556,95811
1921-05-09,0.281,96347
1921-05-06,-0.125,96077
1921-05-05,1.263,96198
1921-05-04,0.819,94998
1921-05-03,-0.220,94226
1921-05-02,0.978,94434
1921-04-29,-0.102,93519
1921-04-28,0.946,93615
1921-04-27,-1.074,92738
1921-04-26,0.309,93745
1921-04-25,1.471,93456
1921-04-22,1.147,92102
1921-04-21,0.524,91057
1921-04-20,-0.031,90583
1921-04-19,-0.385,90610
1921-04-18,-0.268,90960
1921-04-15,2.490,91205
1921-04-14,-1.275,88989
1921-04-13,-0.835,90138
1921-04-12,0.408,90897
1921-04-11,0.237,90528
1921-04-08,-0.617,90314
1921-04-07,-0.654,90875
1921-04-06,0.378,91473
1921-04-05,0.993,91129
1921-04-04,-0.604,90233
1921-04-01,-0.255,90781
1921-03-31,-0.532,91013
1921-03-30,-0.969,91500
1921-03-29,1.710,92395
1921-03-28,-1.270,90842
1921-03-24,-0.332,92010
1921-03-23,1.324,92317
1921-03-22,0.578,91111
1921-03-21,-0.622,90587
1921-03-18,0.604,91154
1921-03-17,-0.393,90606
1921-03-16,1.932,90964
1921-03-15,1.313,89239
1921-03-14,0.596,88083
1921-03-11,-1.656,87561
1921-03-10,-1.602,89035
1921-03-09,-0.807,90485
1921-03-08,-0.430,91221
1921-03-07,-0.117,91615
1921-03-04,0.123,91722
1921-03-03,0.137,91609
1921-03-02,0.628,91484
1921-03-01,-0.763,90913
1921-02-28,-0.646,91612
1921-02-25,0.623,92208
1921-02-24,-0.875,91637
1921-02-23,0.554,92446
1921-02-21,-0.938,91936
1921-02-18,0.076,92806
1921-02-17,-0.547,92736
1921-02-16,0.457,93246
1921-02-15,-0.003,92822
1921-02-14,0.959,92825
1921-02-11,-0.519,91943
1921-02-10,-0.063,92423
1921-02-09,-0.188,92481
1921-02-08,0.740,92655
1921-02-07,0.076,91974
1921-02-04,0.390,91904
1921-02-03,-0.928,91547
1921-02-02,-0.418,92405
1921-02-01,-0.916,92793
1921-01-31,-0.367,93651
1921-01-28,0.677,93996
1921-01-27,0.489,93364
1921-01-26,0.359,92909
1921-01-25,0.175,92577
1921-01-24,0.242,92415
1921-01-21,-1.401,92192
1921-01-20,-0.568,93502
1921-01-19,0.947,94036
1921-01-18,-0.056,93154
1921-01-17,0.213,93206
1921-01-14,0.385,93008
1921-01-13,-1.343,92651
1921-01-12,0.055,93912
1921-01-11,-0.107,93860
1921-01-10,0.736,93961
1921-01-07,0.975,93274
1921-01-06,1.201,92374
1921-01-05,0.070,91278
1921-01-04,0.238,91214
1921-01-03,0.523,90998
1920-12-31,1.614,90524
1920-12-30,0.638,89087
1920-12-29,2.637,88522
1920-12-28,0.266,86248
1920-12-27,-0.378,86019
1920-12-24,-0.692,86346
1920-12-23,3.289,86947
1920-12-22,0.911,84178
1920-12-21,-2.355,83418
1920-12-20,-2.014,85430
1920-12-17,-0.459,87186
1920-12-16,-0.579,87588
1920-12-15,-1.011,88098
1920-12-14,2.615,88998
1920-12-13,-3.858,86730
1920-12-10,-1.274,90210
1920-12-09,-1.424,91374
1920-12-08,-0.726,92695
1920-12-07,0.284,93373
1920-12-06,-1.008,93109
1920-12-03,-0.064,94057
1920-12-02,0.551,94117
1920-12-01,0.257,93601
1920-11-30,-0.683,93361
1920-11-29,0.243,94003
1920-11-26,-0.433,93775
1920-11-24,-0.419,94183
1920-11-23,-0.668,94580
1920-11-22,5.191,95216
1920-11-19,-1.586,90517
1920-11-18,-0.860,91975
1920-11-17,-2.103,92773
1920-11-16,0.477,94766
1920-11-15,-0.437,94316
1920-11-12,-3.420,94730
1920-11-11,-0.451,98085
1920-11-10,0.860,98529
1920-11-09,-1.999,97689
1920-11-08,-2.179,99682
1920-11-05,-0.609,101902
1920-11-04,-0.455,102526
1920-11-03,0.947,102995
1920-11-01,0.699,102029
1920-10-29,0.584,101320
1920-10-28,-0.592,100732
1920-10-27,-0.694,101333
1920-10-26,0.035,102041
1920-10-25,0.295,102005
1920-10-22,0.361,101705
1920-10-21,-0.706,101339
1920-10-20,0.443,102059
1920-10-19,0.439,101609
1920-10-18,-1.323,101165
1920-10-15,0.405,102522
1920-10-14,0.555,102108
1920-10-13,0.732,101544
1920-10-11,-0.527,100805
1920-10-08,-0.916,101340
1920-10-07,0.012,102276
1920-10-06,0.312,102264
1920-10-05,-0.082,101946
1920-10-04,1.693,102030
1920-10-01,1.530,100332
1920-09-30,-0.079,98819
1920-09-29,-0.164,98898
1920-09-28,0.782,99060
1920-09-27,-1.391,98291
1920-09-24,-0.420,99678
1920-09-23,-0.567,100098
1920-09-22,-0.256,100669
1920-09-21,-0.568,100927
1920-09-20,-0.265,101503
1920-09-17,1.167,101773
1920-09-16,0.919,100599
1920-09-15,0.106,99683
1920-09-14,1.001,99577
1920-09-13,-0.880,98590
1920-09-10,-0.285,99466
1920-09-09,0.752,99750
1920-09-08,-1.053,99005
1920-09-07,0.065,100059
1920-09-03,0.600,99994
1920-09-02,0.864,99397
1920-09-01,0.567,98546
1920-08-31,0.090,97991
1920-08-30,0.199,97902
1920-08-27,-0.284,97708
1920-08-26,0.741,97986
1920-08-25,-0.285,97265
1920-08-24,1.060,97543
1920-08-23,0.350,96521
1920-08-20,1.062,96184
1920-08-19,1.074,95173
1920-08-18,0.081,94162
1920-08-17,-0.916,94086
1920-08-16,-0.583,94956
1920-08-13,1.146,95512
1920-08-12,-0.213,94430
1920-08-11,1.439,94632
1920-08-10,0.095,93290
1920-08-09,-1.396,93202
1920-08-06,0.257,94521
1920-08-05,-1.459,94279
1920-08-04,0.390,95675
1920-08-03,1.205,95303
1920-08-02,-0.847,94168
1920-07-30,-0.810,94973
1920-07-29,1.282,95748
1920-07-28,-0.536,94536
1920-07-27,-0.038,95045
1920-07-26,-1.748,95081
1920-07-23,-0.903,96773
1920-07-22,0.425,97655
1920-07-21,0.006,97241
1920-07-20,0.476,97236
1920-07-19,0.159,96775
1920-07-16,-0.500,96622
1920-07-15,-0.930,97107
1920-07-14,-0.187,98018
1920-07-13,-0.569,98202
1920-07-12,-1.225,98765
1920-07-09,0.571,99989
1920-07-08,0.688,99422
1920-07-07,1.047,98742
1920-07-06,0.780,97720
1920-07-02,0.824,96963
1920-07-01,0.370,96171
1920-06-30,0.309,95816
1920-06-29,0.049,95521
1920-06-28,-0.371,95474
1920-06-25,0.297,95830
1920-06-24,0.136,95546
1920-06-23,0.473,95416
1920-06-22,-1.036,94967
1920-06-21,-0.491,95961
1920-06-18,0.702,96435
1920-06-17,-0.340,95763
1920-06-16,0.438,96089
1920-06-15,-0.031,95670
1920-06-14,-1.340,95700
1920-06-11,0.878,96999
1920-06-10,-0.302,96155
1920-06-09,0.133,96447
1920-06-08,0.236,96319
1920-06-07,-0.639,96092
1920-06-04,0.648,96710
1920-06-03,0.078,96088
1920-06-02,0.212,96012
1920-06-01,-1.309,95809
1920-05-28,1.220,97079
1920-05-27,0.851,95909
1920-05-26,-0.062,95100
1920-05-25,2.535,95158
1920-05-24,-0.828,92805
1920-05-21,0.337,93581
1920-05-20,0.679,93266
1920-05-19,-3.355,92638
1920-05-18,-0.364,95854
1920-05-17,-0.031,96204
1920-05-14,0.701,96233
1920-05-13,-0.655,95564
1920-05-12,-0.978,96194
1920-05-11,-0.892,97144
1920-05-10,0.202,98018
1920-05-07,-0.657,97820
1920-05-06,0.005,98467
1920-05-05,0.493,98462
1920-05-04,0.694,97979
1920-05-03,0.071,97304
1920-04-30,-0.048,97234
1920-04-29,-1.312,97281
1920-04-28,-1.140,98575
1920-04-27,-1.167,99712
1920-04-26,3.040,100889
1920-04-23,-1.403,97912
1920-04-22,1.193,99305
1920-04-21,-2.956,98135
1920-04-20,-2.060,101124
1920-04-19,-1.894,103251
1920-04-16,0.366,105244
1920-04-15,-0.701,104860
1920-04-14,0.638,105600
1920-04-13,0.451,104931
1920-04-12,-1.397,104459
1920-04-09,-0.373,105939
1920-04-08,0.032,106336
1920-04-07,0.784,106302
1920-04-06,1.049,105475
1920-04-05,0.089,104380
1920-04-01,-0.134,104287
1920-03-31,0.027,104428
1920-03-30,0.061,104399
1920-03-29,-1.132,104335
1920-03-26,1.724,105530
1920-03-25,0.485,103742
1920-03-24,-2.111,103242
1920-03-23,-0.517,105468
1920-03-22,-0.055,106016
1920-03-19,-0.218,106075
1920-03-18,1.565,106306
1920-03-17,0.836,104668
1920-03-16,-0.347,103800
1920-03-15,1.632,104161
1920-03-12,-1.224,102489
1920-03-11,0.161,103759
1920-03-10,2.305,103592
1920-03-09,0.256,101258
1920-03-08,2.647,100999
1920-03-05,0.152,98395
1920-03-04,1.611,98245
1920-03-03,-0.160,96687
1920-03-02,-0.525,96842
1920-03-01,0.972,97353
1920-02-27,0.108,96416
1920-02-26,1.595,96312
1920-02-25,-2.982,94800
1920-02-24,-1.323,97714
1920-02-20,0.572,99024
1920-02-19,1.295,98461
1920-02-18,0.751,97202
1920-02-17,2.536,96477
1920-02-16,0.080,94091
1920-02-13,2.244,94016
1920-02-11,-1.593,91953
1920-02-10,-3.364,93441
1920-02-09,0.167,96694
1920-02-06,-0.231,96533
1920-02-05,-1.261,96757
1920-02-04,-2.449,97992
1920-02-03,-2.308,100452
1920-02-02,-0.367,102826
1920-01-30,0.521,103205
1920-01-29,-0.373,102670
1920-01-28,-0.139,103055
1920-01-27,0.285,103198
1920-01-26,1.102,102905
1920-01-23,-0.270,101784
1920-01-22,-0.225,102059
1920-01-21,-0.581,102289
1920-01-20,0.432,102887
1920-01-19,0.519,102444
1920-01-16,-0.955,101915
1920-01-15,1.062,102897
1920-01-14,-1.714,101816
1920-01-13,0.279,103592
1920-01-12,-1.631,103305
1920-01-09,-0.349,105017
1920-01-08,-0.315,105385
1920-01-07,0.131,105718
1920-01-06,-1.061,105580
1920-01-05,0.498,106712
1920-01-02,1.034,106183
1919-12-31,1.816,105096
1919-12-30,-0.033,103222
1919-12-29,-0.915,103256
1919-12-26,1.268,104210
1919-12-24,0.151,102905
1919-12-23,-0.117,102749
1919-12-22,-0.693,102870
1919-12-19,1.075,103588
1919-12-18,-2.052,102487
1919-12-17,0.447,104633
1919-12-16,1.312,104168
1919-12-15,0.946,102819
1919-12-12,-1.045,101855
1919-12-11,-1.990,102930
1919-12-10,-0.123,105020
1919-12-09,-0.716,105150
1919-12-08,0.371,105908
1919-12-05,0.071,105517
1919-12-04,1.407,105442
1919-12-03,0.969,103980
1919-12-02,0.421,102981
1919-12-01,-0.027,102550
1919-11-28,-3.404,102578
1919-11-26,-1.253,106192
1919-11-25,-0.173,107540
1919-11-24,0.620,107726
1919-11-21,-0.353,107062
1919-11-20,1.267,107441
1919-11-19,-1.182,106097
1919-11-18,-1.619,107366
1919-11-17,-0.593,109133
1919-11-14,1.133,109784
1919-11-13,2.313,108554
1919-11-12,-2.494,106099
1919-11-11,-1.193,108813
1919-11-10,-2.708,110127
1919-11-07,-0.019,113192
1919-11-06,-0.114,113214
1919-11-05,-0.383,113343
1919-11-03,0.180,113779
1919-10-31,0.836,113574
1919-10-30,-0.220,112633
1919-10-29,0.607,112881
1919-10-28,0.503,112200
1919-10-27,-0.870,111639
1919-10-24,0.910,112618
1919-10-23,-1.248,111603
1919-10-22,1.050,113014
1919-10-21,-0.030,111840
1919-10-20,1.164,111873
1919-10-17,0.304,110586
1919-10-16,-0.281,110251
1919-10-15,0.206,110562
1919-10-14,-1.352,110334
1919-10-10,0.854,111846
1919-10-09,-0.229,110899
1919-10-08,0.436,111154
1919-10-07,0.155,110671
1919-10-06,2.476,110500
1919-10-03,-1.455,107830
1919-10-02,-0.180,109422
1919-10-01,0.567,109620
1919-09-30,0.808,109001
1919-09-29,1.183,108128
1919-09-26,0.986,106863
1919-09-25,0.087,105819
1919-09-24,0.028,105728
1919-09-23,0.410,105699
1919-09-22,0.254,105267
1919-09-19,-0.540,105000
1919-09-18,-0.798,105570
1919-09-17,-0.796,106419
1919-09-16,0.006,107273
1919-09-15,1.331,107267
1919-09-12,-0.420,105858
1919-09-11,-0.449,106304
1919-09-09,1.053,106784
1919-09-08,-0.389,105671
1919-09-05,-1.052,106084
1919-09-04,-0.192,107212
1919-09-03,1.324,107418
1919-09-02,0.873,106014
1919-08-29,1.436,105097
1919-08-28,0.921,103609
1919-08-27,-1.459,102664
1919-08-26,0.850,104184
1919-08-25,1.366,103305
1919-08-22,1.357,101913
1919-08-21,0.588,100548
1919-08-20,-1.427,99960
1919-08-19,0.633,101407
1919-08-18,-2.143,100769
1919-08-15,-0.216,102976
1919-08-14,-1.193,103199
1919-08-13,-0.653,104445
1919-08-12,0.740,105132
1919-08-11,1.867,104360
1919-08-08,0.230,102447
1919-08-07,-3.529,102212
1919-08-06,2.102,105950
1919-08-05,-0.891,103770
1919-08-04,-4.360,104702
1919-08-01,0.514,109476
1919-07-31,-1.251,108916
1919-07-30,-0.684,110296
1919-07-29,-0.764,111055
1919-07-28,0.452,111910
1919-07-25,0.111,111406
1919-07-24,-0.584,111282
1919-07-23,0.644,111936
1919-07-22,1.294,111219
1919-07-21,-2.229,109799
1919-07-18,0.001,112302
1919-07-17,-0.760,112302
1919-07-16,0.687,113162
1919-07-15,0.026,112390
1919-07-14,1.199,112361
1919-07-11,0.096,111030
1919-07-10,-0.571,110923
1919-07-09,0.687,111559
1919-07-08,0.355,110798
1919-07-07,0.163,110406
1919-07-03,0.876,110227
1919-07-02,0.386,109270
1919-07-01,0.470,108850
1919-06-30,0.073,108340
1919-06-27,0.530,108261
1919-06-26,0.157,107690
1919-06-25,-0.150,107522
1919-06-24,-0.603,107683
1919-06-23,-0.072,108337
1919-06-20,1.245,108414
1919-06-19,-0.409,107081
1919-06-18,1.085,107522
1919-06-17,2.658,106368
1919-06-16,-2.247,103614
1919-06-13,-1.773,105996
1919-06-12,-0.096,107909
1919-06-11,-0.284,108012
1919-06-10,-1.558,108320
1919-06-09,-0.104,110034
1919-06-06,-0.264,110149
1919-06-05,1.435,110440
1919-06-04,1.071,108878
1919-06-03,-2.212,107724
1919-06-02,0.585,110161
1919-05-29,0.916,109520
1919-05-28,0.077,108526
1919-05-27,-0.090,108442
1919-05-26,2.411,108541
1919-05-23,0.572,105985
1919-05-22,0.080,105383
1919-05-21,-0.525,105299
1919-05-20,0.530,105855
1919-05-19,-0.177,105297
1919-05-16,0.951,105483
1919-05-15,-0.514,104489
1919-05-14,1.299,105029
1919-05-13,0.676,103682
1919-05-12,-0.159,102985
1919-05-09,0.285,103150
1919-05-08,0.828,102856
1919-05-07,0.808,102011
1919-05-05,1.081,101194
1919-05-02,0.795,100111
1919-05-01,0.571,99321
1919-04-30,-0.521,98757
1919-04-29,0.107,99275
1919-04-28,1.189,99169
1919-04-25,0.465,98004
1919-04-24,-0.500,97550
1919-04-23,0.063,98040
1919-04-22,0.596,97978
1919-04-21,0.881,97398
1919-04-17,-0.233,96547
1919-04-16,-0.300,96772
1919-04-15,0.538,97063
1919-04-14,0.305,96543
1919-04-11,-0.256,96250
1919-04-10,-0.658,96497
1919-04-09,0.292,97136
1919-04-08,0.098,96853
1919-04-07,0.356,96758
1919-04-04,1.042,96415
1919-04-03,-0.253,95421
1919-04-02,0.331,95662
1919-04-01,0.100,95347
1919-03-31,0.053,95252
1919-03-28,0.984,95201
1919-03-27,0.566,94273
1919-03-26,-1.179,93742
1919-03-24,-0.789,94861
1919-03-21,0.878,95616
1919-03-20,-0.564,94784
1919-03-19,0.247,95321
1919-03-18,-0.352,95087
1919-03-17,0.178,95423
1919-03-14,-0.301,95254
1919-03-13,-0.164,95541
1919-03-12,-0.056,95698
1919-03-11,0.894,95751
1919-03-10,1.200,94903
1919-03-07,0.837,93777
1919-03-06,1.177,92999
1919-03-05,-0.989,91917
1919-03-04,-0.967,92834
1919-03-03,0.860,93741
1919-02-28,-0.702,92942
1919-02-27,0.210,93598
1919-02-26,1.000,93402
1919-02-25,-0.269,92477
1919-02-24,0.585,92726
1919-02-21,1.055,92188
1919-02-20,0.252,91225
1919-02-19,0.517,90996
1919-02-18,-0.233,90528
1919-02-17,1.281,90739
1919-02-14,0.275,89591
1919-02-13,0.472,89346
1919-02-11,0.542,88926
1919-02-10,0.087,88447
1919-02-07,-0.379,88371
1919-02-06,-0.910,88707
1919-02-05,-0.108,89521
1919-02-04,0.654,89618
1919-02-03,0.031,89036
1919-01-31,-0.273,89008
1919-01-30,0.270,89252
1919-01-29,-0.937,89012
1919-01-28,0.195,89853
1919-01-27,-0.247,89679
1919-01-24,1.343,89901
1919-01-23,0.568,88710
1919-01-22,0.434,88209
1919-01-21,-0.645,87828
1919-01-20,-1.495,88397
1919-01-17,-0.679,89739
1919-01-16,-0.418,90353
1919-01-15,0.193,90732
1919-01-14,0.193,90558
1919-01-13,-0.347,90383
1919-01-10,-0.441,90697
1919-01-09,0.061,91099
1919-01-08,0.330,91044
1919-01-07,0.109,90744
1919-01-06,-1.049,90645
1919-01-03,0.790,91607
1919-01-02,0.259,90888
1918-12-31,1.634,90654
1918-12-30,-0.212,89196
1918-12-27,0.502,89386
1918-12-26,-0.419,88939
1918-12-24,-0.604,89314
1918-12-23,-0.403,89856
1918-12-20,-0.703,90220
1918-12-19,-0.965,90859
1918-12-18,-0.611,91744
1918-12-17,0.153,92308
1918-12-16,0.387,92166
1918-12-13,-0.812,91811
1918-12-12,-0.873,92562
1918-12-11,-0.306,93378
1918-12-10,0.959,93664
1918-12-09,0.652,92774
1918-12-06,-0.327,92173
1918-12-05,0.362,92475
1918-12-04,-0.113,92141
1918-12-03,0.868,92246
1918-12-02,0.490,91452
1918-11-29,1.439,91006
1918-11-27,-1.018,89715
1918-11-26,1.536,90637
1918-11-25,-3.489,89266
1918-11-22,-1.157,92493
1918-11-21,-0.350,93576
1918-11-20,-0.236,93905
1918-11-19,-0.360,94127
1918-11-18,-1.155,94467
1918-11-15,0.435,95571
1918-11-14,-0.573,95157
1918-11-13,-0.713,95705
1918-11-12,-0.752,96393
1918-11-08,-0.102,97123
1918-11-07,1.788,97222
1918-11-06,1.009,95514
1918-11-04,0.760,94559
1918-11-01,0.334,93846
1918-10-31,1.229,93533
1918-10-30,-2.072,92397
1918-10-29,-0.678,94352
1918-10-28,0.700,94996
1918-10-25,-0.751,94336
1918-10-24,-0.356,95050
1918-10-23,-1.210,95390
1918-10-22,0.638,96559
1918-10-21,0.008,95947
1918-10-18,1.193,95939
1918-10-17,1.479,94808
1918-10-16,0.313,93426
1918-10-15,-0.438,93135
1918-10-14,1.902,93544
1918-10-11,0.920,91799
1918-10-10,0.594,90962
1918-10-09,-0.456,90425
1918-10-08,-0.209,90839
1918-10-07,-0.232,91029
1918-10-04,0.097,91241
1918-10-03,0.238,91153
1918-10-02,0.369,90936
1918-10-01,-0.596,90603
1918-09-30,0.974,91145
1918-09-27,0.990,90266
1918-09-26,0.099,89381
1918-09-25,-0.194,89293
1918-09-24,0.278,89467
1918-09-23,0.412,89219
1918-09-20,0.487,88853
1918-09-19,-0.359,88422
1918-09-18,0.288,88740
1918-09-17,0.349,88486
1918-09-16,0.905,88178
1918-09-13,-0.291,87387
1918-09-11,-0.978,87642
1918-09-10,-0.611,88507
1918-09-09,-0.678,89052
1918-09-06,-1.168,89659
1918-09-05,0.078,90719
1918-09-04,-0.373,90648
1918-09-03,1.451,90988
1918-08-30,-0.144,89686
1918-08-29,-0.254,89816
1918-08-28,0.032,90044
1918-08-27,0.096,90016
1918-08-26,0.840,89929
1918-08-23,0.883,89180
1918-08-22,-0.306,88399
1918-08-21,0.009,88670
1918-08-20,0.408,88663
1918-08-19,-0.158,88303
1918-08-16,0.271,88442
1918-08-15,-0.128,88203
1918-08-14,-0.217,88316
1918-08-13,0.613,88509
1918-08-12,0.610,87970
1918-08-09,0.486,87436
1918-08-08,0.172,87013
1918-08-07,0.051,86863
1918-08-06,-0.317,86819
1918-08-05,0.629,87095
1918-08-02,0.088,86551
1918-08-01,-0.530,86475
1918-07-31,0.270,86935
1918-07-30,-0.300,86702
1918-07-29,-0.033,86962
1918-07-26,0.178,86991
1918-07-25,0.374,86836
1918-07-24,0.418,86513
1918-07-23,-0.670,86153
1918-07-22,-0.636,86734
1918-07-19,-0.447,87289
1918-07-18,1.340,87681
1918-07-17,-0.228,86522
1918-07-16,0.884,86719
1918-07-15,-0.708,85960
1918-07-12,0.106,86572
1918-07-11,-0.907,86481
1918-07-10,-0.375,87272
1918-07-09,0.413,87601
1918-07-08,-0.388,87241
1918-07-05,0.558,87581
1918-07-03,0.446,87094
1918-07-02,0.070,86708
1918-07-01,-0.756,86648
1918-06-28,-0.196,87308
1918-06-27,-0.309,87479
1918-06-26,0.600,87750
1918-06-25,-0.070,87227
1918-06-24,0.652,87288
1918-06-21,-0.239,86722
1918-06-20,0.707,86930
1918-06-19,-0.036,86319
1918-06-18,0.283,86350
1918-06-17,0.012,86107
1918-06-14,0.097,86096
1918-06-13,0.660,86013
1918-06-12,0.714,85449
1918-06-11,0.098,84844
1918-06-10,0.313,84761
1918-06-07,-0.517,84497
1918-06-06,-0.424,84936
1918-06-05,-0.223,85298
1918-06-04,1.387,85489
1918-06-03,-0.067,84320
1918-05-31,-0.573,84376
1918-05-29,0.361,84862
1918-05-28,0.313,84557
1918-05-27,-1.819,84293
1918-05-24,-0.420,85854
1918-05-23,-0.329,86216
1918-05-22,-0.900,86500
1918-05-21,0.507,87286
1918-05-20,-0.944,86846
1918-05-17,-0.358,87673
1918-05-16,-0.023,87988
1918-05-15,1.298,88009
1918-05-14,0.853,86881
1918-05-13,0.787,86146
1918-05-10,-0.036,85474
1918-05-09,1.015,85504
1918-05-08,0.634,84646
1918-05-07,1.063,84112
1918-05-06,0.872,83228
1918-05-03,-0.306,82508
1918-05-02,0.813,82762
1918-05-01,0.794,82094
1918-04-30,-0.253,81447
1918-04-29,-0.385,81654
1918-04-26,0.285,81969
1918-04-25,-0.227,81736
1918-04-24,-0.277,81922
1918-04-23,-0.737,82149
1918-04-22,0.648,82759
1918-04-19,0.398,82226
1918-04-18,1.241,81900
1918-04-17,-0.420,80896
1918-04-16,-0.273,81237
1918-04-15,1.287,81459
1918-04-12,0.752,80424
1918-04-11,-1.361,79824
1918-04-10,-0.521,80926
1918-04-09,-0.361,81349
1918-04-08,0.459,81644
1918-04-05,-0.412,81271
1918-04-04,0.376,81607
1918-04-03,0.320,81302
1918-04-02,-0.697,81043
1918-04-01,0.812,81611
1918-03-28,-0.235,80954
1918-03-27,0.429,81145
1918-03-26,0.219,80798
1918-03-25,-1.740,80622
1918-03-22,-1.128,82050
1918-03-21,0.571,82985
1918-03-20,0.057,82514
1918-03-19,0.132,82468
1918-03-18,-1.185,82359
1918-03-15,-0.410,83346
1918-03-14,0.884,83690
1918-03-13,-0.054,82956
1918-03-12,-1.035,83001
1918-03-11,0.299,83869
1918-03-08,1.114,83619
1918-03-07,0.242,82697
1918-03-06,0.094,82497
1918-03-05,0.379,82420
1918-03-04,-1.065,82108
1918-03-01,-0.328,82992
1918-02-28,-0.035,83265
1918-02-27,0.050,83295
1918-02-26,1.395,83253
1918-02-25,-0.968,82107
1918-02-21,-0.717,82909
1918-02-20,-0.652,83508
1918-02-19,0.305,84056
1918-02-18,1.336,83801
1918-02-15,1.430,82696
1918-02-14,0.528,81530
1918-02-13,0.039,81102
1918-02-08,0.455,81070
1918-02-07,-1.089,80703
1918-02-06,-0.562,81591
1918-02-05,-0.172,82053
1918-02-01,-0.356,82194
1918-01-31,2.881,82488
1918-01-30,-0.233,80178
1918-01-29,1.044,80364
1918-01-25,1.035,79534
1918-01-24,0.404,78719
1918-01-23,-0.347,78403
1918-01-22,-0.353,78676
1918-01-21,1.201,78955
1918-01-18,0.086,78018
1918-01-17,0.087,77950
1918-01-16,1.164,77883
1918-01-15,-0.222,76987
1918-01-14,-1.893,77158
1918-01-11,-1.181,78647
1918-01-10,0.348,79586
1918-01-09,0.947,79311
1918-01-08,0.021,78567
1918-01-07,-1.157,78550
1918-01-04,-0.196,79470
1918-01-03,0.072,79626
1918-01-02,1.349,79569
1917-12-31,1.427,78510
1917-12-28,2.376,77405
1917-12-27,6.157,75608
1917-12-26,-1.476,71223
1917-12-24,1.328,72290
1917-12-21,1.249,71343
1917-12-20,1.417,70463
1917-12-19,-2.450,69478
1917-12-18,0.219,71223
1917-12-17,-1.760,71067
1917-12-14,2.312,72340
1917-12-13,-0.018,70705
1917-12-12,-1.850,70718
1917-12-11,-2.770,72051
1917-12-10,0.204,74104
1917-12-07,-0.803,73953
1917-12-06,-0.953,74551
1917-12-05,2.255,75269
1917-12-04,-1.609,73609
1917-12-03,-0.196,74813
1917-11-30,-0.766,74960
1917-11-28,-0.786,75539
1917-11-27,-0.761,76137
1917-11-26,-0.307,76721
1917-11-23,0.999,76957
1917-11-22,-0.406,76195
1917-11-21,1.025,76506
1917-11-20,1.244,75730
1917-11-19,2.625,74799
1917-11-16,0.010,72886
1917-11-15,0.071,72879
1917-11-14,-1.362,72827
1917-11-13,-0.326,73833
1917-11-12,1.485,74074
1917-11-09,1.501,72990
1917-11-08,-3.372,71911
1917-11-07,2.045,74420
1917-11-05,-3.409,72929
1917-11-02,1.301,75503
1917-11-01,-3.494,74533
1917-10-31,-1.185,77231
1917-10-30,-0.804,78158
1917-10-29,-1.180,78791
1917-10-26,-0.029,79732
1917-10-25,-0.916,79755
1917-10-24,-0.409,80492
1917-10-23,-0.553,80823
1917-10-22,0.401,81272
1917-10-19,0.353,80948
1917-10-18,1.845,80663
1917-10-17,-0.917,79201
1917-10-16,2.270,79934
1917-10-15,-2.794,78160
1917-10-11,0.269,80406
1917-10-10,-1.868,80191
1917-10-09,-0.924,81718
1917-10-08,-1.163,82480
1917-10-05,1.531,83451
1917-10-04,-1.397,82193
1917-10-03,-0.684,83357
1917-10-02,-0.292,83931
1917-10-01,-0.274,84177
1917-09-28,-1.680,84409
1917-09-27,-0.038,85851
1917-09-26,-1.259,85884
1917-09-25,0.819,86979
1917-09-24,0.879,86272
1917-09-21,0.469,85520
1917-09-20,0.321,85121
1917-09-19,2.264,84849
1917-09-18,-0.141,82970
1917-09-17,-1.597,83087
1917-09-14,0.614,84436
1917-09-13,0.653,83921
1917-09-12,-1.620,83376
1917-09-11,-0.344,84749
1917-09-10,0.235,85041
1917-09-07,0.086,84842
1917-09-06,-0.138,84770
1917-09-05,1.976,84887
1917-09-04,-2.587,83242
1917-08-31,-0.836,85452
1917-08-30,-1.145,86173
1917-08-29,0.083,87171
1917-08-28,-1.704,87099
1917-08-27,-0.373,88608
1917-08-24,1.022,88940
1917-08-23,-0.468,88039
1917-08-22,-1.250,88454
1917-08-21,-0.498,89574
1917-08-20,-0.506,90022
1917-08-17,-0.365,90480
1917-08-16,-0.587,90811
1917-08-15,0.240,91347
1917-08-14,-0.500,91129
1917-08-13,0.582,91587
1917-08-10,-0.522,91056
1917-08-09,0.766,91534
1917-08-08,-1.406,90838
1917-08-07,-0.132,92134
1917-08-06,0.477,92256
1917-08-03,0.132,91818
1917-08-02,0.464,91697
1917-08-01,0.331,91273
1917-07-31,-0.129,90972
1917-07-30,0.225,91089
1917-07-27,0.273,90885
1917-07-26,0.086,90637
1917-07-25,0.032,90560
1917-07-24,-0.301,90531
1917-07-23,-0.011,90804
1917-07-20,0.642,90814
1917-07-19,-0.457,90235
1917-07-18,-0.984,90650
1917-07-17,0.379,91551
1917-07-16,0.021,91205
1917-07-13,-0.721,91186
1917-07-12,-0.143,91849
1917-07-11,0.789,91981
1917-07-10,0.138,91261
1917-07-09,0.069,91134
1917-07-06,0.364,91071
1917-07-05,-1.303,90741
1917-07-03,0.324,91939
1917-07-02,-1.435,91642
1917-06-29,-0.256,92977
1917-06-28,-0.484,93216
1917-06-27,-0.672,93669
1917-06-26,-0.237,94302
1917-06-25,1.046,94527
1917-06-22,0.665,93548
1917-06-21,0.765,92931
1917-06-20,-0.379,92225
1917-06-19,0.284,92576
1917-06-18,-1.502,92313
1917-06-15,-0.472,93721
1917-06-14,-0.261,94166
1917-06-13,0.660,94412
1917-06-12,0.099,93793
1917-06-11,-0.476,93700
1917-06-08,0.492,94148
1917-06-07,0.079,93687
1917-06-06,1.098,93613
1917-06-04,-1.082,92597
1917-06-01,0.104,93609
1917-05-31,0.012,93512
1917-05-29,0.161,93500
1917-05-28,0.912,93350
1917-05-25,0.621,92506
1917-05-24,0.620,91935
1917-05-23,0.081,91368
1917-05-22,0.869,91294
1917-05-21,1.076,90508
1917-05-18,-0.461,89544
1917-05-17,0.736,89958
1917-05-16,1.886,89301
1917-05-15,-0.627,87648
1917-05-14,0.762,88201
1917-05-11,-0.784,87534
1917-05-10,1.449,88226
1917-05-09,-1.221,86965
1917-05-08,-0.833,88040
1917-05-07,0.588,88780
1917-05-04,-0.932,88261
1917-05-03,-1.797,89092
1917-05-02,-0.892,90722
1917-05-01,-0.201,91538
1917-04-30,-0.326,91723
1917-04-27,-0.102,92022
1917-04-26,0.330,92116
1917-04-25,1.860,91813
1917-04-24,-0.294,90136
1917-04-23,-0.183,90402
1917-04-20,-0.393,90567
1917-04-19,0.071,90924
1917-04-18,-0.066,90860
1917-04-17,-0.014,90920
1917-04-16,-1.060,90933
1917-04-13,0.526,91907
1917-04-12,0.217,91427
1917-04-11,1.331,91228
1917-04-10,-0.663,90030
1917-04-09,-2.147,90631
1917-04-05,-1.152,92620
1917-04-04,-0.232,93700
1917-04-03,-1.077,93918
1917-04-02,0.078,94940
1917-03-30,0.128,94866
1917-03-29,-0.375,94745
1917-03-28,0.768,95102
1917-03-27,0.007,94377
1917-03-26,-1.171,94371
1917-03-23,1.549,95489
1917-03-22,-0.393,94032
1917-03-21,-0.623,94403
1917-03-20,0.974,94995
1917-03-19,1.683,94079
1917-03-16,0.247,92521
1917-03-15,0.432,92293
1917-03-14,-0.084,91895
1917-03-13,-0.202,91973
1917-03-12,-0.520,92159
1917-03-09,0.925,92641
1917-03-08,-0.100,91792
1917-03-07,-0.125,91884
1917-03-06,-0.043,91999
1917-03-05,1.575,92039
1917-03-02,1.179,90612
1917-03-01,-0.650,89556
1917-02-28,-0.918,90141
1917-02-27,-0.634,90976
1917-02-26,0.488,91557
1917-02-23,-0.923,91113
1917-02-21,-0.263,91962
1917-02-20,1.007,92204
1917-02-19,1.466,91284
1917-02-16,0.233,89965
1917-02-15,-0.212,89756
1917-02-14,-0.719,89946
1917-02-13,1.848,90598
1917-02-09,-0.329,88954
1917-02-08,-0.740,89248
1917-02-07,-0.791,89914
1917-02-06,0.091,90631
1917-02-05,3.308,90549
1917-02-02,-1.722,87649
1917-02-01,-5.131,89185
1917-01-31,-0.644,94008
1917-01-30,0.042,94617
1917-01-29,-1.104,94577
1917-01-26,-0.032,95633
1917-01-25,0.199,95664
1917-01-24,0.647,95473
1917-01-23,-0.403,94860
1917-01-22,-0.484,95243
1917-01-19,-0.174,95706
1917-01-18,0.839,95873
1917-01-17,-0.759,95076
1917-01-16,1.685,95803
1917-01-15,0.067,94215
1917-01-12,0.042,94152
1917-01-11,0.077,94112
1917-01-10,-1.534,94039
1917-01-09,0.482,95504
1917-01-08,0.211,95046
1917-01-05,-0.594,94846
1917-01-04,-1.321,95413
1917-01-03,1.699,96690
1917-01-02,0.730,95074
1916-12-29,0.388,94385
1916-12-28,-1.194,94021
1916-12-27,-0.156,95157
1916-12-26,0.658,95305
1916-12-22,3.798,94682
1916-12-21,-3.984,91217
1916-12-20,-1.572,95002
1916-12-19,-0.173,96519
1916-12-18,0.678,96686
1916-12-15,0.125,96034
1916-12-14,-2.531,95914
1916-12-13,1.895,98405
1916-12-12,-2.847,96574
1916-12-11,-1.480,99404
1916-12-08,-0.049,100897
1916-12-07,-0.228,100946
1916-12-06,0.103,101177
1916-12-05,0.250,101073
1916-12-04,0.015,100821
1916-12-01,0.501,100805
1916-11-29,-0.395,100302
1916-11-28,-0.585,100700
1916-11-27,-0.459,101292
1916-11-24,0.950,101759
1916-11-23,-0.716,100801
1916-11-22,-0.837,101528
1916-11-21,-0.315,102385
1916-11-20,0.675,102709
1916-11-17,0.587,102020
1916-11-16,0.795,101424
1916-11-15,0.089,100624
1916-11-14,0.484,100534
1916-11-13,-1.560,100050
1916-11-10,-0.172,101636
1916-11-09,0.253,101810
1916-11-08,-0.435,101553
1916-11-06,0.781,101997
1916-11-03,0.199,101206
1916-11-02,0.089,101005
1916-11-01,0.673,100915
1916-10-31,0.164,100240
1916-10-30,-0.538,100076
1916-10-27,0.488,100618
1916-10-26,-0.045,100129
1916-10-25,-0.423,100173
1916-10-24,-0.279,100599
1916-10-23,0.949,100880
1916-10-20,0.685,99932
1916-10-19,0.044,99252
1916-10-18,0.152,99209
1916-10-17,0.392,99058
1916-10-16,1.856,98671
1916-10-13,-0.651,96873
1916-10-11,-1.193,97507
1916-10-10,1.062,98685
1916-10-09,-1.947,97648
1916-10-06,0.404,99587
1916-10-05,-1.210,99186
1916-10-04,0.677,100400
1916-10-03,0.634,99726
1916-10-02,-0.348,99097
1916-09-29,0.438,99444
1916-09-28,0.378,99010
1916-09-27,0.679,98637
1916-09-26,0.641,97971
1916-09-25,0.126,97348
1916-09-22,0.752,97225
1916-09-21,0.807,96499
1916-09-20,-0.414,95727
1916-09-19,-0.128,96125
1916-09-18,0.647,96248
1916-09-15,0.241,95629
1916-09-14,0.795,95399
1916-09-13,0.831,94646
1916-09-12,0.428,93866
1916-09-11,0.563,93466
1916-09-08,0.184,92943
1916-09-07,0.348,92772
1916-09-06,0.635,92450
1916-09-05,1.495,91867
1916-09-01,-1.030,90514
1916-08-31,0.799,91456
1916-08-30,-0.481,90731
1916-08-29,-0.786,91169
1916-08-28,-0.237,91892
1916-08-25,-0.690,92110
1916-08-24,-0.107,92750
1916-08-23,-0.161,92850
1916-08-22,1.062,93000
1916-08-21,0.703,92022
1916-08-18,-0.159,91380
1916-08-17,-0.119,91525
1916-08-16,0.484,91633
1916-08-15,0.634,91192
1916-08-14,0.301,90618
1916-08-11,0.368,90346
1916-08-10,-0.470,90015
1916-08-09,2.107,90440
1916-08-08,-0.159,88574
1916-08-07,0.198,88714
1916-08-04,-0.164,88539
1916-08-03,0.198,88684
1916-08-02,-0.580,88509
1916-08-01,0.043,89025
1916-07-31,0.545,88987
1916-07-28,0.277,88504
1916-07-27,-0.257,88260
1916-07-26,-0.514,88488
1916-07-25,-0.260,88945
1916-07-24,-0.096,89177
1916-07-21,-0.081,89263
1916-07-20,0.269,89335
1916-07-19,0.602,89095
1916-07-18,0.022,88562
1916-07-17,0.183,88542
1916-07-14,0.355,88381
1916-07-13,-0.839,88068
1916-07-12,0.043,88813
1916-07-11,-0.818,88775
1916-07-10,-0.806,89507
1916-07-07,-0.584,90234
1916-07-06,0.057,90764
1916-07-05,0.760,90713
1916-07-03,0.257,90028
1916-06-30,0.278,89798
1916-06-29,1.156,89549
1916-06-28,-0.040,88526
1916-06-27,0.668,88561
1916-06-26,-1.243,87973
1916-06-23,-0.526,89081
1916-06-22,-0.299,89551
1916-06-21,-0.486,89820
1916-06-20,0.676,90259
1916-06-19,-2.159,89653
1916-06-16,-0.791,91631
1916-06-15,-0.101,92362
1916-06-14,0.031,92455
1916-06-13,-0.403,92427
1916-06-12,0.565,92801
1916-06-09,0.583,92279
1916-06-08,0.204,91745
1916-06-07,0.543,91558
1916-06-06,-0.018,91064
1916-06-05,0.646,91080
1916-06-02,-0.515,90496
1916-06-01,0.246,90965
1916-05-31,-0.158,90742
1916-05-29,0.006,90885
1916-05-26,-0.232,90879
1916-05-25,-0.063,91090
1916-05-24,-0.438,91148
1916-05-23,-0.146,91549
1916-05-22,1.063,91683
1916-05-19,0.286,90719
1916-05-18,1.241,90460
1916-05-17,-0.306,89351
1916-05-16,-0.315,89625
1916-05-15,1.280,89909
1916-05-12,0.953,88772
1916-05-11,0.264,87935
1916-05-10,-0.199,87703
1916-05-09,-0.112,87878
1916-05-08,1.663,87976
1916-05-05,0.823,86537
1916-05-04,-0.741,85830
1916-05-03,-0.410,86471
1916-05-02,-1.050,86826
1916-05-01,0.713,87747
1916-04-28,0.387,87127
1916-04-27,1.891,86791
1916-04-26,-0.469,85180
1916-04-25,0.747,85581
1916-04-24,-0.770,84946
1916-04-20,-0.104,85605
1916-04-19,-1.746,85694
1916-04-18,-0.097,87217
1916-04-17,-0.221,87301
1916-04-14,0.224,87494
1916-04-13,-1.423,87298
1916-04-12,-0.258,88559
1916-04-11,-0.349,88788
1916-04-10,0.409,89099
1916-04-07,-0.862,88735
1916-04-06,0.270,89507
1916-04-05,0.419,89266
1916-04-04,0.012,88894
1916-04-03,0.642,88884
1916-03-31,0.243,88317
1916-03-30,-0.545,88103
1916-03-29,-0.466,88586
1916-03-28,0.093,89000
1916-03-27,-0.156,88918
1916-03-24,-0.095,89056
1916-03-23,0.002,89141
1916-03-22,0.246,89140
1916-03-21,0.032,88921
1916-03-20,-1.526,88893
1916-03-17,0.073,90271
1916-03-16,0.036,90205
1916-03-15,0.379,90172
1916-03-14,0.934,89832
1916-03-13,1.096,89001
1916-03-10,-0.186,88036
1916-03-09,0.658,88200
1916-03-08,0.073,87623
1916-03-07,-0.176,87559
1916-03-06,0.755,87714
1916-03-03,0.870,87057
1916-03-02,-0.045,86306
1916-03-01,-0.400,86345
1916-02-29,0.161,86691
1916-02-28,-1.825,86552
1916-02-25,0.602,88161
1916-02-24,-0.691,87633
1916-02-23,-0.049,88243
1916-02-21,-0.110,88286
1916-02-18,0.326,88383
1916-02-17,-0.150,88096
1916-02-16,-0.806,88229
1916-02-15,-0.024,88946
1916-02-14,-0.863,88967
1916-02-11,0.206,89741
1916-02-10,0.331,89557
1916-02-09,0.731,89261
1916-02-08,-0.054,88613
1916-02-07,1.219,88661
1916-02-04,-1.191,87593
1916-02-03,0.543,88649
1916-02-02,1.184,88171
1916-02-01,1.398,87139
1916-01-31,-2.157,85938
1916-01-28,0.129,87832
1916-01-27,-0.394,87719
1916-01-26,-0.977,88066
1916-01-25,0.162,88934
1916-01-24,-1.165,88790
1916-01-21,0.878,89837
1916-01-20,-1.231,89055
1916-01-19,-0.584,90165
1916-01-18,-0.376,90694
1916-01-17,-0.013,91037
1916-01-14,1.046,91049
1916-01-13,-0.378,90106
1916-01-12,0.892,90448
1916-01-11,-0.955,89648
1916-01-10,-1.071,90513
1916-01-07,0.649,91493
1916-01-06,-0.729,90902
1916-01-05,-0.217,91570
1916-01-04,-0.631,91770
1916-01-03,-0.283,92353
1915-12-30,0.309,92615
1915-12-29,-0.610,92330
1915-12-28,-0.352,92896
1915-12-27,0.884,93224
1915-12-24,0.021,92407
1915-12-23,0.724,92388
1915-12-22,0.144,91724
1915-12-21,-0.023,91593
1915-12-20,0.352,91614
1915-12-17,0.546,91293
1915-12-16,-1.169,90797
1915-12-15,-0.134,91871
1915-12-14,1.628,91994
1915-12-13,-0.185,90521
1915-12-10,-0.838,90689
1915-12-09,-0.835,91455
1915-12-08,0.297,92225
1915-12-07,-0.366,91952
1915-12-06,1.668,92290
1915-12-03,0.859,90776
1915-12-02,-0.854,90003
1915-12-01,-0.619,90778
1915-11-30,-0.417,91343
1915-11-29,-0.042,91725
1915-11-26,-0.105,91764
1915-11-24,0.849,91861
1915-11-23,0.326,91088
1915-11-22,-0.146,90792
1915-11-19,-0.336,90924
1915-11-18,-0.003,91231
1915-11-17,-0.199,91234
1915-11-16,0.967,91416
1915-11-15,0.051,90540
1915-11-12,0.692,90494
1915-11-11,0.616,89872
1915-11-10,1.348,89322
1915-11-09,-1.169,88134
1915-11-08,-1.536,89176
1915-11-05,-1.191,90567
1915-11-04,0.841,91659
1915-11-03,-0.175,90895
1915-11-01,0.732,91054
1915-10-29,1.652,90392
1915-10-28,0.152,88923
1915-10-27,-0.578,88788
1915-10-26,0.177,89304
1915-10-25,0.112,89146
1915-10-22,0.958,89047
1915-10-21,0.265,88202
1915-10-20,0.460,87969
1915-10-19,-0.772,87566
1915-10-18,1.803,88247
1915-10-15,-0.260,86684
1915-10-14,-1.010,86910
1915-10-13,0.159,87797
1915-10-11,1.884,87657
1915-10-08,1.363,86036
1915-10-07,1.425,84879
1915-10-06,0.146,83686
1915-10-05,-1.024,83564
1915-10-04,0.160,84429
1915-10-01,0.044,84293
1915-09-30,0.262,84256
1915-09-29,0.023,84036
1915-09-28,-0.046,84017
1915-09-27,2.061,84056
1915-09-24,1.431,82359
1915-09-23,0.018,81197
1915-09-22,0.744,81182
1915-09-21,0.185,80583
1915-09-20,1.626,80434
1915-09-17,0.609,79148
1915-09-16,-0.217,78669
1915-09-15,0.214,78840
1915-09-14,0.001,78671
1915-09-13,0.271,78670
1915-09-10,-0.680,78457
1915-09-09,0.670,78994
1915-09-08,0.030,78468
1915-09-07,0.715,78445
1915-09-03,0.177,77888
1915-09-02,-0.647,77750
1915-09-01,0.256,78256
1915-08-31,-0.235,78056
1915-08-30,0.058,78241
1915-08-27,0.535,78195
1915-08-26,0.292,77780
1915-08-25,1.426,77553
1915-08-24,1.584,76463
1915-08-23,-1.794,75271
1915-08-20,-0.826,76646
1915-08-19,-1.205,77284
1915-08-18,-0.015,78227
1915-08-17,0.324,78239
1915-08-16,1.804,77987
1915-08-13,-0.377,76605
1915-08-12,-0.021,76895
1915-08-11,-0.222,76911
1915-08-10,1.370,77082
1915-08-09,0.228,76040
1915-08-06,0.328,75867
1915-08-05,0.077,75619
1915-08-04,0.400,75560
1915-08-03,0.325,75259
1915-08-02,0.903,75015
1915-07-30,-0.206,74344
1915-07-29,0.126,74497
1915-07-28,0.287,74403
1915-07-27,1.670,74190
1915-07-26,0.226,72972
1915-07-23,0.111,72808
1915-07-22,0.747,72727
1915-07-21,0.629,72188
1915-07-20,0.273,71737
1915-07-19,-0.434,71541
1915-07-16,-0.041,71853
1915-07-15,0.719,71883
1915-07-14,0.312,71370
1915-07-13,0.064,71148
1915-07-12,2.664,71103
1915-07-09,-0.982,69258
1915-07-08,-0.749,69945
1915-07-07,-1.412,70473
1915-07-06,-0.183,71482
1915-07-02,-0.220,71614
1915-07-01,-0.360,71771
1915-06-30,0.260,72030
1915-06-29,-0.941,71844
1915-06-28,0.460,72526
1915-06-25,0.407,72194
1915-06-24,-1.324,71902
1915-06-23,-0.480,72867
1915-06-22,0.431,73219
1915-06-21,0.739,72904
1915-06-18,-0.270,72370
1915-06-17,-0.262,72566
1915-06-16,0.428,72756
1915-06-15,-0.322,72446
1915-06-14,0.158,72680
1915-06-11,1.389,72566
1915-06-10,1.622,71571
1915-06-09,-1.190,70429
1915-06-08,-0.273,71277
1915-06-07,0.442,71472
1915-06-04,0.008,71157
1915-06-03,2.160,71152
1915-06-02,1.057,69648
1915-06-01,-0.364,68919
1915-05-28,-0.168,69170
1915-05-27,0.475,69287
1915-05-26,-0.370,68959
1915-05-25,-0.661,69215
1915-05-24,0.530,69675
1915-05-21,0.960,69308
1915-05-20,0.602,68649
1915-05-19,0.264,68239
1915-05-18,-0.830,68059
1915-05-17,3.348,68629
1915-05-14,-2.804,66406
1915-05-13,-1.338,68321
1915-05-12,-0.306,69248
1915-05-11,2.880,69460
1915-05-10,-3.015,67516
1915-05-07,-2.956,69615
1915-05-06,0.773,71735
1915-05-05,-2.025,71185
1915-05-04,0.158,72657
1915-05-03,-2.109,72542
1915-04-30,0.149,74105
1915-04-29,0.588,73995
1915-04-28,1.049,73563
1915-04-27,-0.237,72799
1915-04-26,0.277,72972
1915-04-23,0.091,72771
1915-04-22,-0.440,72704
1915-04-21,-0.284,73026
1915-04-20,1.108,73234
1915-04-19,-0.131,72431
1915-04-16,1.329,72526
1915-04-15,0.867,71575
1915-04-14,0.557,70959
1915-04-13,0.704,70566
1915-04-12,-0.271,70072
1915-04-09,2.571,70263
1915-04-08,0.218,68502
1915-04-07,-0.202,68352
1915-04-06,0.423,68491
1915-04-05,1.519,68202
1915-04-01,0.177,67181
1915-03-31,-0.387,67062
1915-03-30,0.529,67323
1915-03-29,0.749,66968
1915-03-26,0.403,66471
1915-03-25,0.378,66204
1915-03-24,0.600,65954
1915-03-23,1.513,65561
1915-03-22,0.962,64584
1915-03-19,0.561,63968
1915-03-18,-0.119,63611
1915-03-17,0.057,63687
1915-03-16,-0.294,63651
1915-03-15,0.279,63839
1915-03-12,-0.494,63661
1915-03-11,0.299,63977
1915-03-10,-0.159,63786
1915-03-09,-0.346,63888
1915-03-08,0.670,64110
1915-03-05,1.177,63683
1915-03-04,-0.018,62942
1915-03-03,0.724,62953
1915-03-02,0.444,62501
1915-03-01,0.113,62224
1915-02-26,0.426,62154
1915-02-25,0.337,61890
1915-02-24,-0.136,61682
1915-02-23,-1.376,61767
1915-02-19,-0.285,62628
1915-02-18,-0.011,62807
1915-02-17,-0.959,62814
1915-02-16,-0.409,63423
1915-02-15,-1.191,63683
1915-02-11,1.019,64450
1915-02-10,0.435,63800
1915-02-09,0.003,63523
1915-02-08,0.321,63522
1915-02-05,-0.965,63318
1915-02-04,-0.239,63935
1915-02-03,-0.425,64088
1915-02-02,0.885,64362
1915-02-01,0.131,63797
1915-01-29,-1.590,63714
1915-01-28,0.349,64744
1915-01-27,-1.719,64518
1915-01-26,0.450,65647
1915-01-25,-0.260,65353
1915-01-22,-0.526,65523
1915-01-21,0.652,65870
1915-01-20,0.405,65443
1915-01-19,0.619,65179
1915-01-18,0.690,64778
1915-01-15,0.492,64334
1915-01-14,0.353,64018
1915-01-13,-0.172,63793
1915-01-12,0.036,63903
1915-01-11,1.249,63880
1915-01-08,0.283,63092
1915-01-07,0.843,62915
1915-01-06,-0.402,62389
1915-01-05,0.285,62641
1915-01-04,1.391,62463
1914-12-31,0.282,61606
1914-12-30,-0.214,61433
1914-12-29,-0.165,61564
1914-12-28,2.000,61666
1914-12-24,-0.542,60457
1914-12-23,-1.904,60786
1914-12-22,-0.281,61966
1914-12-21,-0.854,62140
1914-12-18,-0.234,62676
1914-12-17,0.041,62823
1914-12-16,0.190,62798
1914-12-15,-1.968,62679
1914-12-14,5.164,63937
1914-07-30,-5.527,60797
1914-07-29,0.926,64354
1914-07-28,-3.476,63764
1914-07-27,-0.545,66060
1914-07-24,-0.901,66422
1914-07-23,-0.452,67026
1914-07-22,-0.122,67330
1914-07-21,0.498,67412
1914-07-20,-1.107,67078
1914-07-17,-0.384,67829
1914-07-16,0.027,68090
1914-07-15,-0.693,68072
1914-07-14,0.323,68546
1914-07-13,-0.659,68326
1914-07-10,-0.675,68778
1914-07-09,-0.040,69246
1914-07-08,-0.078,69274
1914-07-07,0.346,69328
1914-07-06,0.102,69089
1914-07-03,0.579,69019
1914-07-02,0.287,68622
1914-07-01,-0.332,68426
1914-06-30,1.058,68654
1914-06-29,-0.006,67935
1914-06-26,0.803,67940
1914-06-25,-1.067,67398
1914-06-24,-1.120,68125
1914-06-23,-0.529,68897
1914-06-22,0.531,69264
1914-06-19,0.152,68898
1914-06-18,0.223,68793
1914-06-17,-0.248,68640
1914-06-16,-0.233,68811
1914-06-15,-0.189,68972
1914-06-12,0.247,69102
1914-06-11,-0.252,68932
1914-06-10,-0.021,69106
1914-06-09,0.326,69121
1914-06-08,0.628,68896
1914-06-05,0.014,68466
1914-06-04,0.322,68456
1914-06-03,0.357,68237
1914-06-02,-0.648,67994
1914-06-01,-0.589,68438
1914-05-29,-0.214,68843
1914-05-28,-0.089,68991
1914-05-27,0.552,69052
1914-05-26,-0.019,68673
1914-05-25,0.431,68686
1914-05-22,0.003,68391
1914-05-21,-0.653,68389
1914-05-20,-0.137,68839
1914-05-19,0.189,68933
1914-05-18,0.346,68803
1914-05-15,0.148,68566
1914-05-14,1.039,68465
1914-05-13,-0.146,67761
1914-05-12,0.160,67860
1914-05-11,0.802,67752
1914-05-08,-0.699,67213
1914-05-07,-0.138,67686
1914-05-06,-0.104,67780
1914-05-05,-0.133,67850
1914-05-04,0.071,67940
1914-05-01,1.233,67892
1914-04-30,0.799,67066
1914-04-29,-0.442,66534
1914-04-28,1.306,66829
1914-04-27,0.259,65968
1914-04-24,-1.177,65798
1914-04-23,-0.785,66581
1914-04-22,-0.039,67108
1914-04-21,0.762,67134
1914-04-20,-1.023,66627
1914-04-17,-0.529,67315
1914-04-16,-0.067,67673
1914-04-15,-0.423,67719
1914-04-14,-0.382,68006
1914-04-13,-0.605,68267
1914-04-09,-0.369,68682
1914-04-08,-0.400,68936
1914-04-07,0.110,69213
1914-04-06,0.098,69137
1914-04-03,-0.476,69069
1914-04-02,0.029,69400
1914-04-01,0.189,69379
1914-03-31,0.789,69249
1914-03-30,-0.042,68706
1914-03-27,-0.654,68735
1914-03-26,-0.186,69188
1914-03-25,-0.629,69317
1914-03-24,-0.119,69756
1914-03-23,0.442,69838
1914-03-20,0.902,69531
1914-03-19,0.227,68909
1914-03-18,-0.180,68753
1914-03-17,0.546,68877
1914-03-16,0.146,68502
1914-03-13,0.504,68403
1914-03-12,-0.390,68060
1914-03-11,-0.363,68326
1914-03-10,0.604,68575
1914-03-09,-0.081,68163
1914-03-06,-1.141,68219
1914-03-05,-0.392,69006
1914-03-04,0.658,69278
1914-03-03,0.088,68825
1914-03-02,-0.712,68764
1914-02-27,0.546,69257
1914-02-26,0.165,68881
1914-02-25,-1.050,68768
1914-02-24,-0.566,69497
1914-02-20,0.113,69893
1914-02-19,0.030,69814
1914-02-18,0.496,69793
1914-02-17,-0.236,69449
1914-02-16,-0.641,69614
1914-02-13,0.358,70063
1914-02-11,0.105,69812
1914-02-10,0.014,69739
1914-02-09,-0.486,69729
1914-02-06,-0.607,70070
1914-02-05,-0.194,70498
1914-02-04,-0.321,70635
1914-02-03,0.563,70862
1914-02-02,-0.513,70466
1914-01-30,1.408,70829
1914-01-29,-0.498,69846
1914-01-28,-0.487,70196
1914-01-27,-0.100,70539
1914-01-26,-0.189,70610
1914-01-23,0.387,70743
1914-01-22,0.693,70471
1914-01-21,0.931,69986
1914-01-20,-0.057,69340
1914-01-19,0.643,69380
1914-01-16,-0.118,68936
1914-01-15,0.612,69018
1914-01-14,1.284,68598
1914-01-13,0.229,67728
1914-01-12,0.355,67574
1914-01-09,0.093,67335
1914-01-08,-0.188,67273
1914-01-07,-0.002,67399
1914-01-06,0.222,67401
1914-01-05,0.421,67251
1914-01-02,-0.055,66969
1913-12-31,0.434,67006
1913-12-30,-0.114,66717
1913-12-29,-0.621,66793
1913-12-26,0.103,67210
1913-12-24,0.517,67140
1913-12-23,-0.389,66795
1913-12-22,1.157,67056
1913-12-19,1.354,66289
1913-12-18,-0.044,65404
1913-12-17,0.093,65432
1913-12-16,0.252,65372
1913-12-15,-0.505,65207
1913-12-12,-0.824,65538
1913-12-11,-0.014,66083
1913-12-10,0.149,66092
1913-12-09,-0.941,65994
1913-12-08,0.311,66621
1913-12-05,-0.077,66414
1913-12-04,0.153,66466
1913-12-03,0.960,66364
1913-12-02,0.347,65733
1913-12-01,-0.378,65506
1913-11-28,-0.257,65754
1913-11-26,-0.346,65924
1913-11-25,0.882,66152
1913-11-24,0.035,65574
1913-11-21,-0.050,65551
1913-11-20,-0.346,65584
1913-11-19,-0.226,65811
1913-11-18,0.207,65960
1913-11-17,-0.234,65824
1913-11-14,0.425,65978
1913-11-13,-0.083,65699
1913-11-12,0.813,65754
1913-11-11,0.475,65223
1913-11-10,-1.397,64915
1913-11-07,0.060,65834
1913-11-06,-0.753,65795
1913-11-05,0.320,66294
1913-11-03,-0.493,66083
1913-10-31,-0.377,66410
1913-10-30,-0.459,66661
1913-10-29,0.274,66968
1913-10-28,-0.559,66785
1913-10-27,0.685,67161
1913-10-24,0.520,66704
1913-10-23,-0.548,66358
1913-10-22,-0.749,66724
1913-10-21,1.933,67228
1913-10-20,0.639,65953
1913-10-17,0.169,65534
1913-10-16,-0.999,65424
1913-10-15,-0.026,66084
1913-10-14,-1.390,66101
1913-10-10,-0.386,67033
1913-10-09,0.094,67293
1913-10-08,-0.785,67230
1913-10-07,0.127,67762
1913-10-06,-0.780,67676
1913-10-03,-0.541,68208
1913-10-02,0.531,68579
1913-10-01,0.448,68217
1913-09-30,-0.595,67913
1913-09-29,-0.631,68319
1913-09-26,0.144,68753
1913-09-25,-0.196,68654
1913-09-24,-0.536,68789
1913-09-23,-0.182,69160
1913-09-22,0.286,69287
1913-09-19,-0.159,69089
1913-09-18,0.447,69199
1913-09-17,-0.635,68891
1913-09-16,0.376,69332
1913-09-15,0.156,69072
1913-09-12,1.113,68965
1913-09-11,-0.054,68205
1913-09-10,0.915,68242
1913-09-09,0.230,67624
1913-09-08,-0.057,67468
1913-09-05,0.707,67507
1913-09-04,-0.073,67033
1913-09-03,-0.670,67082
1913-09-02,-0.759,67535
1913-08-29,0.039,68051
1913-08-28,1.051,68024
1913-08-27,-0.255,67317
1913-08-26,-0.014,67489
1913-08-25,0.212,67498
1913-08-22,0.091,67355
1913-08-21,-0.347,67294
1913-08-20,0.372,67529
1913-08-19,-0.128,67279
1913-08-18,0.640,67365
1913-08-15,-0.983,66936
1913-08-14,-0.462,67601
1913-08-13,0.149,67915
1913-08-12,0.777,67814
1913-08-11,0.437,67291
1913-08-08,-0.064,66997
1913-08-07,0.500,67041
1913-08-06,-0.323,66707
1913-08-05,0.639,66923
1913-08-04,0.710,66498
1913-08-01,-0.395,66029
1913-07-31,-0.241,66291
1913-07-30,-0.593,66452
1913-07-29,-0.112,66848
1913-07-28,0.644,66923
1913-07-25,0.065,66495
1913-07-24,0.699,66452
1913-07-23,-0.284,65990
1913-07-22,0.093,66178
1913-07-21,0.821,66117
1913-07-18,0.812,65578
1913-07-17,-0.273,65050
1913-07-16,1.064,65228
1913-07-15,0.464,64541
1913-07-14,0.122,64243
1913-07-11,-0.122,64165
1913-07-10,0.270,64243
1913-07-09,-0.302,64070
1913-07-08,-0.145,64264
1913-07-07,-0.388,64357
1913-07-03,0.025,64608
1913-07-02,-0.020,64591
1913-07-01,0.772,64604
1913-06-30,0.073,64109
1913-06-27,-0.391,64063
1913-06-26,-0.305,64314
1913-06-25,0.004,64511
1913-06-24,1.109,64508
1913-06-23,-0.714,63801
1913-06-20,-0.514,64259
1913-06-19,-0.413,64591
1913-06-18,0.924,64859
1913-06-17,0.419,64265
1913-06-16,0.389,63997
1913-06-13,0.223,63749
1913-06-12,2.756,63607
1913-06-11,-0.536,61901
1913-06-10,-1.811,62235
1913-06-09,-1.455,63383
1913-06-06,0.657,64318
1913-06-05,-0.481,63899
1913-06-04,-1.030,64207
1913-06-03,-0.593,64875
1913-06-02,-1.597,65262
1913-05-29,-0.285,66321
1913-05-28,-0.818,66511
1913-05-27,-0.370,67059
1913-05-26,0.200,67308
1913-05-23,0.009,67174
1913-05-22,0.552,67169
1913-05-21,-0.030,66800
1913-05-20,0.384,66820
1913-05-19,-0.074,66564
1913-05-16,0.420,66614
1913-05-15,-0.206,66335
1913-05-14,-0.419,66472
1913-05-13,0.466,66752
1913-05-12,-0.589,66442
1913-05-09,-0.088,66836
1913-05-08,-0.107,66895
1913-05-07,0.369,66966
1913-05-06,-0.878,66720
1913-05-05,0.814,67311
1913-05-02,-0.282,66767
1913-05-01,1.130,66956
1913-04-30,-0.171,66208
1913-04-29,-0.967,66321
1913-04-28,-0.553,66969
1913-04-25,-0.746,67341
1913-04-24,-0.814,67847
1913-04-23,-0.181,68404
1913-04-22,-0.234,68528
1913-04-21,0.617,68689
1913-04-18,-0.325,68267
1913-04-17,0.220,68490
1913-04-16,0.198,68340
1913-04-15,-0.569,68205
1913-04-14,0.072,68596
1913-04-11,-0.596,68546
1913-04-10,-0.176,68957
1913-04-09,-0.407,69079
1913-04-08,0.632,69361
1913-04-07,-1.031,68926
1913-04-04,0.701,69644
1913-04-03,0.533,69159
1913-04-02,-0.211,68792
1913-04-01,1.118,68937
1913-03-31,0.551,68175
1913-03-28,0.822,67802
1913-03-27,-0.512,67249
1913-03-26,0.151,67595
1913-03-25,1.151,67493
1913-03-24,0.686,66725
1913-03-20,-0.066,66271
1913-03-19,-0.013,66314
1913-03-18,-0.455,66323
1913-03-17,-0.609,66626
1913-03-14,-0.160,67034
1913-03-13,0.481,67142
1913-03-12,-0.100,66821
1913-03-11,0.696,66887
1913-03-10,-1.438,66425
1913-03-07,-0.632,67394
1913-03-06,-0.345,67823
1913-03-05,0.640,68058
1913-03-04,-0.608,67625
1913-03-03,0.952,68038
1913-02-28,-0.322,67397
1913-02-27,0.650,67614
1913-02-26,1.285,67178
1913-02-25,-0.596,66326
1913-02-24,-0.510,66723
1913-02-21,-0.303,67066
1913-02-20,-0.211,67270
1913-02-19,0.788,67412
1913-02-18,-0.663,66885
1913-02-17,-1.258,67331
1913-02-14,0.324,68189
1913-02-13,-0.894,67969
1913-02-11,-0.662,68582
1913-02-10,-0.701,69039
1913-02-07,0.313,69526
1913-02-06,-0.049,69310
1913-02-05,-0.351,69344
1913-02-04,-0.056,69588
1913-02-03,-0.360,69627
1913-01-31,-0.050,69879
1913-01-30,0.472,69913
1913-01-29,-0.013,69585
1913-01-28,0.579,69594
1913-01-27,0.195,69193
1913-01-24,-0.733,69059
1913-01-23,-0.423,69569
1913-01-22,0.736,69864
1913-01-21,1.012,69354
1913-01-20,-1.681,68660
1913-01-17,-0.203,69833
1913-01-16,0.314,69975
1913-01-15,-0.059,69756
1913-01-14,-1.072,69798
1913-01-13,-1.745,70554
1913-01-10,-0.208,71807
1913-01-09,0.475,71956
1913-01-08,0.170,71617
1913-01-07,0.689,71495
1913-01-06,-0.256,71006
1913-01-03,-0.630,71188
1913-01-02,0.669,71640
1912-12-31,0.695,71164
1912-12-30,-0.218,70673
1912-12-27,-0.226,70828
1912-12-26,0.022,70988
1912-12-24,0.153,70973
1912-12-23,-0.706,70864
1912-12-20,0.972,71368
1912-12-19,0.842,70681
1912-12-18,-0.345,70091
1912-12-17,-0.259,70334
1912-12-16,0.305,70516
1912-12-13,0.072,70302
1912-12-12,0.613,70252
1912-12-11,-0.938,69824
1912-12-10,0.105,70485
1912-12-09,-1.692,70411
1912-12-06,-0.066,71623
1912-12-05,-0.687,71670
1912-12-04,-0.752,72166
1912-12-03,-0.340,72713
1912-12-02,-0.318,72962
1912-11-29,0.430,73194
1912-11-27,-0.033,72881
1912-11-26,0.437,72905
1912-11-25,-0.999,72588
1912-11-22,-0.308,73320
1912-11-21,0.789,73547
1912-11-20,0.247,72971
1912-11-19,-0.158,72791
1912-11-18,-0.010,72906
1912-11-15,-0.279,72914
1912-11-14,0.419,73117
1912-11-13,-0.131,72812
1912-11-12,0.781,72907
1912-11-11,-1.607,72342
1912-11-08,-0.438,73523
1912-11-07,-0.356,73847
1912-11-06,1.735,74111
1912-11-04,0.121,72847
1912-11-01,-0.009,72759
1912-10-31,0.333,72766
1912-10-30,0.292,72524
1912-10-29,-1.137,72313
1912-10-28,0.587,73145
1912-10-25,-0.339,72718
1912-10-24,-0.005,72965
1912-10-23,-0.755,72969
1912-10-22,0.092,73524
1912-10-21,-1.140,73456
1912-10-18,0.105,74303
1912-10-17,-0.241,74225
1912-10-16,0.726,74405
1912-10-15,0.446,73868
1912-10-14,-0.184,73541
1912-10-11,-1.357,73676
1912-10-10,0.178,74690
1912-10-09,-0.393,74557
1912-10-08,0.065,74851
1912-10-07,0.156,74802
1912-10-04,-0.248,74686
1912-10-03,0.542,74871
1912-10-02,-0.391,74467
1912-10-01,-0.020,74759
1912-09-30,0.099,74774
1912-09-27,0.506,74701
1912-09-26,-0.073,74325
1912-09-25,-0.076,74379
1912-09-24,0.343,74436
1912-09-23,0.426,74182
1912-09-20,0.928,73867
1912-09-19,-0.006,73188
1912-09-18,-0.082,73192
1912-09-17,0.982,73251
1912-09-16,0.172,72539
1912-09-13,0.169,72415
1912-09-12,0.104,72293
1912-09-11,-0.477,72218
1912-09-10,-0.126,72564
1912-09-09,-0.134,72655
1912-09-06,-0.306,72753
1912-09-05,0.686,72976
1912-09-04,0.061,72479
1912-09-03,-0.976,72435
1912-08-30,-0.124,73149
1912-08-29,-0.030,73239
1912-08-28,-0.309,73262
1912-08-27,0.698,73489
1912-08-26,0.013,72979
1912-08-23,0.080,72970
1912-08-22,-0.681,72912
1912-08-21,-0.136,73411
1912-08-20,0.226,73511
1912-08-19,-0.288,73345
1912-08-16,0.058,73557
1912-08-15,-0.412,73514
1912-08-14,0.453,73819
1912-08-13,0.268,73486
1912-08-12,0.737,73290
1912-08-09,0.394,72753
1912-08-08,-0.134,72468
1912-08-07,0.460,72565
1912-08-06,-0.187,72233
1912-08-05,0.162,72368
1912-08-02,-0.165,72251
1912-08-01,0.872,72370
1912-07-31,0.736,71745
1912-07-30,0.196,71220
1912-07-29,-0.426,71081
1912-07-26,-0.021,71386
1912-07-25,0.596,71400
1912-07-24,-0.043,70977
1912-07-23,-0.383,71008
1912-07-22,-0.050,71281
1912-07-19,0.337,71317
1912-07-18,0.107,71077
1912-07-17,0.629,71001
1912-07-16,0.393,70557
1912-07-15,0.524,70281
1912-07-12,-0.893,69914
1912-07-11,0.573,70544
1912-07-10,-0.678,70142
1912-07-09,-0.195,70621
1912-07-08,-0.467,70759
1912-07-05,-0.947,71091
1912-07-03,0.049,71771
1912-07-02,0.256,71736
1912-07-01,0.120,71553
1912-06-28,0.026,71467
1912-06-27,-0.197,71448
1912-06-26,0.997,71589
1912-06-25,-0.003,70882
1912-06-24,-0.503,70884
1912-06-21,-0.040,71243
1912-06-20,0.697,71271
1912-06-19,0.254,70778
1912-06-18,-0.059,70599
1912-06-17,0.319,70640
1912-06-14,-0.541,70416
1912-06-13,0.130,70799
1912-06-12,0.152,70707
1912-06-11,-0.704,70600
1912-06-10,-0.154,71100
1912-06-07,-0.350,71210
1912-06-06,0.205,71460
1912-06-05,1.024,71314
1912-06-04,0.634,70591
1912-06-03,0.439,70146
1912-05-31,-1.488,69839
1912-05-29,-0.313,70894
1912-05-28,-0.031,71116
1912-05-27,-0.138,71138
1912-05-24,0.284,71236
1912-05-23,-0.050,71034
1912-05-22,-0.495,71070
1912-05-21,0.037,71424
1912-05-20,0.315,71397
1912-05-17,0.218,71173
1912-05-16,-0.559,71018
1912-05-15,0.001,71417
1912-05-14,0.404,71417
1912-05-13,0.581,71129
1912-05-10,0.573,70718
1912-05-09,0.197,70315
1912-05-08,0.005,70177
1912-05-07,0.390,70174
1912-05-06,-0.786,69901
1912-05-03,-1.498,70455
1912-05-02,0.234,71526
1912-05-01,-0.074,71359
1912-04-30,-0.324,71412
1912-04-29,-0.158,71644
1912-04-26,0.368,71758
1912-04-25,1.009,71494
1912-04-24,-0.225,70780
1912-04-23,0.965,70940
1912-04-22,-0.345,70262
1912-04-19,-0.077,70505
1912-04-18,-0.104,70560
1912-04-17,0.250,70634
1912-04-16,-0.577,70458
1912-04-15,0.775,70867
1912-04-12,-0.702,70322
1912-04-11,-0.006,70819
1912-04-10,-0.486,70823
1912-04-09,0.586,71169
1912-04-08,0.485,70755
1912-04-04,0.673,70413
1912-04-03,0.097,69943
1912-04-02,-0.160,69875
1912-04-01,0.466,69987
1912-03-29,0.306,69662
1912-03-28,0.028,69450
1912-03-27,-0.187,69431
1912-03-26,0.163,69561
1912-03-25,0.665,69448
1912-03-22,0.323,68989
1912-03-21,-0.023,68767
1912-03-20,1.022,68783
1912-03-19,0.180,68087
1912-03-18,-0.100,67965
1912-03-15,0.098,68033
1912-03-14,0.787,67966
1912-03-13,0.237,67435
1912-03-12,0.207,67276
1912-03-11,-0.395,67137
1912-03-08,0.099,67403
1912-03-07,0.682,67336
1912-03-06,-0.157,66880
1912-03-05,0.145,66985
1912-03-04,0.373,66888
1912-03-01,0.413,66639
1912-02-29,-0.100,66365
1912-02-28,0.618,66432
1912-02-27,0.043,66024
1912-02-26,-0.361,65995
1912-02-23,0.417,66234
1912-02-21,-0.408,65959
1912-02-20,0.094,66229
1912-02-19,0.299,66167
1912-02-16,-0.326,65970
1912-02-15,0.268,66185
1912-02-14,0.042,66009
1912-02-13,-0.038,65981
1912-02-09,0.022,66006
1912-02-08,0.135,65991
1912-02-07,0.274,65902
1912-02-06,0.245,65722
1912-02-05,-0.129,65561
1912-02-02,0.019,65646
1912-02-01,0.141,65634
1912-01-31,-0.978,65542
1912-01-30,0.366,66189
1912-01-29,-0.794,65948
1912-01-26,-0.029,66475
1912-01-25,0.187,66495
1912-01-24,-0.231,66371
1912-01-23,-0.081,66524
1912-01-22,0.088,66578
1912-01-19,0.766,66519
1912-01-18,-0.180,66014
1912-01-17,-0.021,66133
1912-01-16,0.421,66147
1912-01-15,-0.336,65870
1912-01-12,0.291,66092
1912-01-11,-0.229,65900
1912-01-10,0.623,66051
1912-01-09,-1.058,65642
1912-01-08,0.071,66344
1912-01-05,-0.120,66297
1912-01-04,-0.026,66376
1912-01-03,-0.251,66393
1912-01-02,0.593,66561
1911-12-29,0.377,66168
1911-12-28,-0.559,65920
1911-12-27,-0.257,66290
1911-12-26,0.004,66461
1911-12-22,0.066,66458
1911-12-21,-0.128,66415
1911-12-20,-0.166,66500
1911-12-19,0.369,66610
1911-12-18,-0.122,66366
1911-12-15,0.212,66447
1911-12-14,-0.045,66306
1911-12-13,0.737,66336
1911-12-12,0.098,65851
1911-12-11,1.235,65786
1911-12-08,-0.161,64983
1911-12-07,-0.418,65088
1911-12-06,-0.558,65362
1911-12-05,-0.337,65728
1911-12-04,0.530,65951
1911-12-01,-0.634,65603
1911-11-29,-0.655,66022
1911-11-28,0.091,66457
1911-11-27,-0.259,66396
1911-11-24,-0.577,66569
1911-11-23,0.859,66955
1911-11-22,0.160,66384
1911-11-21,0.764,66278
1911-11-20,-0.655,65775
1911-11-17,0.825,66209
1911-11-16,0.412,65667
1911-11-15,-0.284,65397
1911-11-14,-0.187,65583
1911-11-13,-0.994,65706
1911-11-10,0.674,66366
1911-11-09,1.647,65922
1911-11-08,-0.671,64853
1911-11-06,1.018,65291
1911-11-03,0.211,64633
1911-11-02,0.105,64497
1911-11-01,1.568,64429
1911-10-31,0.677,63435
1911-10-30,0.666,63009
1911-10-27,-1.402,62592
1911-10-26,-0.293,63482
1911-10-25,0.067,63669
1911-10-24,0.105,63626
1911-10-23,-0.315,63559
1911-10-20,0.407,63760
1911-10-19,0.209,63502
1911-10-18,-0.347,63369
1911-10-17,-0.034,63590
1911-10-16,0.494,63611
1911-10-13,0.783,63299
1911-10-11,0.393,62807
1911-10-10,0.330,62561
1911-10-09,0.181,62355
1911-10-06,-0.181,62243
1911-10-05,0.447,62356
1911-10-04,-0.081,62078
1911-10-03,0.004,62129
1911-10-02,1.105,62126
1911-09-29,-0.190,61447
1911-09-28,1.335,61564
1911-09-27,-0.489,60753
1911-09-26,0.420,61052
1911-09-25,-0.824,60796
1911-09-22,-0.221,61302
1911-09-21,-0.684,61437
1911-09-20,-0.305,61860
1911-09-19,-0.964,62050
1911-09-18,1.037,62653
1911-09-15,-0.046,62010
1911-09-14,0.198,62039
1911-09-13,-0.935,61916
1911-09-12,0.188,62501
1911-09-11,-0.531,62383
1911-09-08,-0.757,62716
1911-09-07,-0.997,63195
1911-09-06,0.409,63831
1911-09-05,0.661,63571
1911-09-01,0.108,63154
1911-08-31,0.305,63086
1911-08-30,-0.065,62894
1911-08-29,-0.311,62935
1911-08-28,0.112,63131
1911-08-25,-0.562,63060
1911-08-24,-0.868,63417
1911-08-23,-0.067,63972
1911-08-22,0.031,64015
1911-08-21,-0.518,63995
1911-08-18,0.902,64328
1911-08-17,0.199,63753
1911-08-16,-1.360,63627
1911-08-15,-0.201,64504
1911-08-14,0.784,64634
1911-08-11,-0.972,64131
1911-08-10,-0.436,64761
1911-08-09,-1.114,65044
1911-08-08,-0.575,65777
1911-08-07,0.243,66158
1911-08-04,-1.352,65997
1911-08-03,-0.357,66902
1911-08-02,-0.906,67141
1911-08-01,-0.784,67755
1911-07-31,0.525,68291
1911-07-28,-0.109,67934
1911-07-27,-0.524,68008
1911-07-26,0.043,68366
1911-07-25,-0.145,68337
1911-07-24,-0.315,68436
1911-07-21,0.379,68652
1911-07-20,-0.268,68393
1911-07-19,0.179,68577
1911-07-18,0.942,68454
1911-07-17,-0.367,67815
1911-07-14,-0.115,68065
1911-07-13,0.150,68143
1911-07-12,-0.116,68041
1911-07-11,0.380,68120
1911-07-10,0.143,67862
1911-07-07,0.210,67765
1911-07-06,0.715,67623
1911-07-05,-0.629,67143
1911-07-03,-0.538,67567
1911-06-30,-0.263,67933
1911-06-29,0.309,68112
1911-06-28,-0.426,67903
1911-06-27,0.138,68193
1911-06-26,0.518,68099
1911-06-23,0.454,67748
1911-06-22,-0.430,67442
1911-06-21,-0.093,67733
1911-06-20,-0.332,67796
1911-06-19,0.340,68022
1911-06-16,-0.125,67792
1911-06-15,-0.389,67876
1911-06-14,0.035,68141
1911-06-13,0.038,68118
1911-06-12,0.312,68092
1911-06-09,-0.000,67880
1911-06-08,-0.074,67881
1911-06-07,0.491,67931
1911-06-06,-0.072,67599
1911-06-05,0.166,67648
1911-06-02,0.510,67536
1911-06-01,0.736,67193
1911-05-31,-0.365,66703
1911-05-29,0.443,66947
1911-05-26,0.159,66652
1911-05-25,-0.169,66546
1911-05-24,-0.510,66659
1911-05-23,-0.016,67000
1911-05-22,0.425,67011
1911-05-19,-0.230,66728
1911-05-18,0.403,66882
1911-05-17,0.721,66613
1911-05-16,1.723,66136
1911-05-15,-0.055,65016
1911-05-12,-0.211,65052
1911-05-11,0.466,65190
1911-05-10,-0.169,64887
1911-05-09,0.003,64997
1911-05-08,-0.100,64995
1911-05-05,0.004,65060
1911-05-04,-0.909,65057
1911-05-03,0.353,65654
1911-05-02,-0.273,65423
1911-05-01,1.246,65602
1911-04-28,0.632,64795
1911-04-27,0.090,64388
1911-04-26,0.291,64330
1911-04-25,0.199,64143
1911-04-24,0.181,64016
1911-04-21,-0.107,63900
1911-04-20,-0.028,63969
1911-04-19,0.497,63987
1911-04-18,-1.073,63670
1911-04-17,-0.236,64361
1911-04-13,0.021,64513
1911-04-12,0.128,64500
1911-04-11,-0.192,64417
1911-04-10,-0.002,64541
1911-04-07,-0.226,64542
1911-04-06,-0.024,64688
1911-04-05,-0.129,64704
1911-04-04,0.230,64787
1911-04-03,0.119,64638
1911-03-31,-0.674,64562
1911-03-30,0.238,65000
1911-03-29,-0.365,64846
1911-03-28,0.528,65084
1911-03-27,0.458,64742
1911-03-24,-0.168,64447
1911-03-23,0.016,64556
1911-03-22,-0.174,64545
1911-03-21,-0.069,64658
1911-03-20,0.990,64703
1911-03-17,-0.520,64068
1911-03-16,-0.336,64403
1911-03-15,0.083,64620
1911-03-14,1.035,64567
1911-03-13,0.346,63906
1911-03-10,0.189,63685
1911-03-09,0.042,63565
1911-03-08,-0.437,63539
1911-03-07,0.357,63818
1911-03-06,0.368,63591
1911-03-03,-0.084,63358
1911-03-02,-1.461,63410
1911-03-01,-0.270,64351
1911-02-28,0.461,64525
1911-02-27,-0.093,64229
1911-02-24,-1.710,64289
1911-02-23,0.137,65407
1911-02-21,-0.111,65318
1911-02-20,0.645,65390
1911-02-17,0.536,64971
1911-02-16,-1.135,64625
1911-02-15,-0.013,65367
1911-02-14,0.072,65375
1911-02-10,-0.148,65328
1911-02-09,0.109,65425
1911-02-08,-0.295,65354
1911-02-07,0.298,65547
1911-02-06,0.319,65353
1911-02-03,-0.405,65144
1911-02-02,0.389,65409
1911-02-01,0.500,65156
1911-01-31,0.290,64831
1911-01-30,0.644,64644
1911-01-27,0.591,64230
1911-01-26,0.353,63852
1911-01-25,-0.368,63628
1911-01-24,0.316,63863
1911-01-23,-0.459,63661
1911-01-20,-0.028,63955
1911-01-19,0.193,63973
1911-01-18,-0.173,63850
1911-01-17,1.229,63961
1911-01-16,-0.285,63184
1911-01-13,1.151,63365
1911-01-12,0.313,62643
1911-01-11,-0.341,62448
1911-01-10,-0.292,62662
1911-01-09,0.173,62845
1911-01-06,0.251,62737
1911-01-05,0.153,62579
1911-01-04,-0.070,62484
1911-01-03,0.903,62528
1910-12-30,-0.065,61968
1910-12-29,1.027,62008
1910-12-28,0.158,61378
1910-12-27,-0.526,61281
1910-12-23,-0.086,61605
1910-12-22,-0.446,61658
1910-12-21,-0.044,61934
1910-12-20,-0.331,61961
1910-12-19,1.055,62167
1910-12-16,0.098,61518
1910-12-15,0.018,61458
1910-12-14,0.548,61446
1910-12-13,-0.061,61112
1910-12-12,-0.190,61149
1910-12-09,0.618,61265
1910-12-08,0.252,60889
1910-12-07,0.697,60736
1910-12-06,-1.256,60316
1910-12-05,0.545,61083
1910-12-02,-0.640,60752
1910-12-01,-0.742,61143
1910-11-30,-1.271,61601
1910-11-29,0.403,62393
1910-11-28,-2.020,62143
1910-11-25,0.234,63425
1910-11-23,0.196,63276
1910-11-22,-0.001,63153
1910-11-21,-0.259,63153
1910-11-18,0.645,63318
1910-11-17,-0.698,62912
1910-11-16,0.256,63354
1910-11-15,0.514,63192
1910-11-14,0.772,62869
1910-11-11,-0.029,62387
1910-11-10,-0.603,62405
1910-11-09,-1.460,62784
1910-11-07,0.218,63714
1910-11-04,-0.383,63575
1910-11-03,0.445,63820
1910-11-02,0.233,63537
1910-11-01,0.315,63390
1910-10-31,-0.439,63190
1910-10-28,-0.113,63469
1910-10-27,0.836,63541
1910-10-26,-0.165,63014
1910-10-25,-0.282,63119
1910-10-24,-0.548,63297
1910-10-21,-0.560,63646
1910-10-20,0.783,64004
1910-10-19,-0.751,63506
1910-10-18,0.416,63987
1910-10-17,0.755,63722
1910-10-14,0.629,63244
1910-10-13,1.153,62849
1910-10-11,0.318,62132
1910-10-10,0.506,61935
1910-10-07,0.058,61624
1910-10-06,0.695,61588
1910-10-05,-0.708,61163
1910-10-04,0.244,61599
1910-10-03,0.842,61449
1910-09-30,0.571,60936
1910-09-29,0.291,60590
1910-09-28,-0.016,60414
1910-09-27,-0.034,60423
1910-09-26,0.843,60444
1910-09-23,-0.382,59939
1910-09-22,-0.298,60169
1910-09-21,1.184,60349
1910-09-20,0.055,59643
1910-09-19,0.190,59610
1910-09-16,0.233,59497
1910-09-15,-1.108,59358
1910-09-14,-0.247,60023
1910-09-13,0.962,60172
1910-09-12,0.554,59599
1910-09-09,0.259,59271
1910-09-08,-0.113,59118
1910-09-07,0.390,59185
1910-09-06,-0.378,58955
1910-09-02,0.015,59179
1910-09-01,-1.019,59170
1910-08-31,-0.045,59779
1910-08-30,-0.021,59806
1910-08-29,0.445,59818
1910-08-26,0.875,59553
1910-08-25,-0.498,59037
1910-08-24,-0.846,59332
1910-08-23,0.260,59838
1910-08-22,-1.230,59683
1910-08-19,-0.312,60426
1910-08-18,-1.094,60615
1910-08-17,0.543,61286
1910-08-16,1.450,60955
1910-08-15,-0.003,60084
1910-08-12,1.123,60085
1910-08-11,-0.061,59418
1910-08-10,-0.320,59454
1910-08-09,1.444,59645
1910-08-08,0.616,58797
1910-08-05,0.462,58437
1910-08-04,-0.068,58168
1910-08-03,-0.434,58207
1910-08-02,1.943,58461
1910-08-01,-1.664,57347
1910-07-29,-0.504,58317
1910-07-28,2.643,58613
1910-07-27,2.507,57104
1910-07-26,-2.566,55707
1910-07-25,-2.141,57174
1910-07-22,-1.278,58424
1910-07-21,-1.209,59181
1910-07-20,-0.056,59905
1910-07-19,0.242,59938
1910-07-18,-0.460,59794
1910-07-15,-0.410,60070
1910-07-14,0.838,60317
1910-07-13,0.894,59816
1910-07-12,-0.924,59286
1910-07-11,0.808,59839
1910-07-08,-0.047,59359
1910-07-07,0.499,59386
1910-07-06,0.407,59092
1910-07-05,-1.408,58852
1910-07-01,0.479,59693
1910-06-30,-0.955,59408
1910-06-29,-1.876,59981
1910-06-28,-0.173,61128
1910-06-27,-1.943,61234
1910-06-24,-1.005,62447
1910-06-23,-0.408,63081
1910-06-22,0.971,63340
1910-06-21,-0.142,62730
1910-06-20,0.972,62819
1910-06-17,0.190,62215
1910-06-16,0.213,62096
1910-06-15,-0.218,61964
1910-06-14,0.374,62100
1910-06-13,0.305,61869
1910-06-10,-0.999,61680
1910-06-09,0.511,62303
1910-06-08,-0.128,61986
1910-06-07,2.592,62065
1910-06-06,-0.842,60497
1910-06-03,-2.262,61011
1910-06-02,-0.315,62423
1910-06-01,-0.950,62621
1910-05-31,-1.832,63221
1910-05-27,-0.269,64401
1910-05-26,0.292,64575
1910-05-25,-0.839,64387
1910-05-24,0.320,64931
1910-05-23,-0.549,64724
1910-05-20,0.850,65081
1910-05-19,0.560,64533
1910-05-18,-0.200,64174
1910-05-17,-0.217,64303
1910-05-16,0.090,64443
1910-05-13,0.212,64384
1910-05-12,-0.075,64248
1910-05-11,0.030,64297
1910-05-10,0.717,64277
1910-05-09,1.437,63819
1910-05-06,-0.882,62915
1910-05-05,0.976,63475
1910-05-04,1.760,62862
1910-05-03,-0.389,61774
1910-05-02,-1.795,62016
1910-04-29,1.177,63149
1910-04-28,-1.499,62414
1910-04-27,-0.731,63364
1910-04-26,0.105,63831
1910-04-25,-1.290,63764
1910-04-22,-0.510,64597
1910-04-21,0.114,64928
1910-04-20,-1.132,64854
1910-04-19,0.167,65596
1910-04-18,-0.399,65487
1910-04-15,-0.210,65749
1910-04-14,0.305,65888
1910-04-13,1.131,65687
1910-04-12,-0.322,64952
1910-04-11,1.580,65162
1910-04-08,-1.161,64149
1910-04-07,-0.330,64902
1910-04-06,0.255,65117
1910-04-05,1.103,64952
1910-04-04,0.010,64243
1910-04-01,-0.038,64237
1910-03-31,0.215,64261
1910-03-30,-0.696,64124
1910-03-29,0.453,64573
1910-03-28,-1.279,64282
1910-03-24,0.028,65115
1910-03-23,-0.643,65097
1910-03-22,0.151,65518
1910-03-21,-0.386,65419
1910-03-18,0.574,65673
1910-03-17,0.582,65298
1910-03-16,-0.492,64920
1910-03-15,-1.054,65241
1910-03-14,0.343,65936
1910-03-11,-0.921,65711
1910-03-10,-0.193,66321
1910-03-09,-0.094,66450
1910-03-08,0.211,66512
1910-03-07,1.247,66372
1910-03-04,0.019,65554
1910-03-03,-0.084,65542
1910-03-02,0.733,65597
1910-03-01,0.200,65120
1910-02-28,-0.111,64989
1910-02-25,-0.290,65061
1910-02-24,0.855,65250
1910-02-23,-0.042,64697
1910-02-21,-0.460,64724
1910-02-18,0.544,65024
1910-02-17,0.375,64672
1910-02-16,0.830,64430
1910-02-15,-0.405,63900
1910-02-14,0.618,64160
1910-02-11,0.859,63766
1910-02-10,0.206,63223
1910-02-09,2.077,63092
1910-02-08,-0.157,61808
1910-02-07,-1.544,61906
1910-02-04,0.418,62877
1910-02-03,-1.849,62615
1910-02-02,-0.717,63794
1910-02-01,-0.523,64255
1910-01-31,0.214,64593
1910-01-28,0.414,64454
1910-01-27,-0.814,64188
1910-01-26,1.726,64715
1910-01-25,-1.833,63617
1910-01-24,-1.344,64805
1910-01-21,0.806,65688
1910-01-20,1.006,65163
1910-01-19,-0.969,64514
1910-01-18,-0.025,65146
1910-01-17,-0.167,65162
1910-01-14,-2.228,65271
1910-01-13,0.439,66758
1910-01-12,-0.707,66466
1910-01-11,-0.463,66940
1910-01-10,-1.004,67251
1910-01-07,0.140,67933
1910-01-06,0.368,67839
1910-01-05,-1.100,67590
1910-01-04,0.227,68341
1910-01-03,-0.696,68187
1909-12-31,0.171,68664
1909-12-30,0.012,68547
1909-12-29,0.654,68539
1909-12-28,0.193,68094
1909-12-27,-0.273,67963
1909-12-24,0.155,68149
1909-12-23,-0.138,68043
1909-12-22,-0.010,68138
1909-12-21,-0.100,68145
1909-12-20,-0.058,68213
1909-12-17,0.318,68253
1909-12-16,0.103,68036
1909-12-15,0.203,67966
1909-12-14,-0.300,67828
1909-12-13,0.600,68032
1909-12-10,-0.335,67626
1909-12-09,0.619,67854
1909-12-08,-0.042,67437
1909-12-07,0.617,67465
1909-12-06,0.239,67051
1909-12-03,0.885,66891
1909-12-02,-0.371,66305
1909-12-01,0.544,66551
1909-11-30,-0.076,66191
1909-11-29,-1.984,66241
1909-11-26,0.790,67582
1909-11-24,-0.144,67053
1909-11-23,-0.263,67150
1909-11-22,-1.164,67327
1909-11-19,0.213,68120
1909-11-18,0.575,67975
1909-11-17,0.299,67586
1909-11-16,-0.158,67385
1909-11-15,0.098,67491
1909-11-12,0.197,67425
1909-11-11,-0.251,67292
1909-11-10,0.200,67462
1909-11-09,-0.540,67327
1909-11-08,-0.563,67692
1909-11-05,-0.305,68075
1909-11-04,-0.007,68284
1909-11-03,0.292,68288
1909-11-01,0.202,68090
1909-10-29,0.959,67953
1909-10-28,0.478,67307
1909-10-27,0.768,66987
1909-10-26,-0.593,66476
1909-10-25,-0.236,66873
1909-10-22,-1.176,67031
1909-10-21,0.188,67829
1909-10-20,-0.272,67702
1909-10-19,-0.407,67887
1909-10-18,-0.033,68164
1909-10-15,0.478,68186
1909-10-14,0.868,67862
1909-10-13,0.200,67278
1909-10-11,-1.074,67144
1909-10-08,-0.807,67873
1909-10-07,0.189,68425
1909-10-06,-0.142,68296
1909-10-05,-0.896,68393
1909-10-04,0.010,69012
1909-10-01,0.394,69005
1909-09-30,-0.302,68734
1909-09-29,0.069,68942
1909-09-28,0.996,68895
1909-09-27,0.232,68215
1909-09-24,-0.060,68057
1909-09-23,-0.099,68098
1909-09-22,-0.967,68165
1909-09-21,-0.080,68831
1909-09-20,0.272,68886
1909-09-17,0.444,68699
1909-09-16,0.626,68395
1909-09-15,1.050,67970
1909-09-14,0.788,67264
1909-09-13,-0.944,66738
1909-09-10,1.963,67374
1909-09-09,-1.160,66077
1909-09-08,-0.288,66852
1909-09-07,-1.227,67045
1909-09-03,0.209,67878
1909-09-02,0.622,67736
1909-09-01,-0.392,67318
1909-08-31,-0.163,67583
1909-08-30,0.974,67693
1909-08-27,0.803,67040
1909-08-26,-2.014,66506
1909-08-25,-0.888,67874
1909-08-24,0.058,68482
1909-08-23,1.163,68442
1909-08-20,-0.076,67655
1909-08-19,-0.956,67706
1909-08-18,-0.878,68359
1909-08-17,0.416,68964
1909-08-16,-0.082,68679
1909-08-13,-0.228,68735
1909-08-12,0.286,68893
1909-08-11,0.742,68696
1909-08-10,0.011,68190
1909-08-09,0.173,68183
1909-08-06,1.071,68065
1909-08-05,-0.516,67344
1909-08-04,-0.049,67693
1909-08-03,0.227,67726
1909-08-02,0.760,67572
1909-07-30,0.609,67063
1909-07-29,0.548,66657
1909-07-28,0.276,66294
1909-07-27,0.481,66111
1909-07-26,0.183,65795
1909-07-23,-0.134,65675
1909-07-22,0.101,65763
1909-07-21,-0.604,65697
1909-07-20,0.360,66096
1909-07-19,0.483,65859
1909-07-16,0.295,65542
1909-07-15,0.187,65349
1909-07-14,0.215,65227
1909-07-13,-0.372,65087
1909-07-12,0.518,65330
1909-07-09,-0.105,64994
1909-07-08,-0.309,65062
1909-07-07,0.092,65264
1909-07-06,0.095,65204
1909-07-02,0.281,65142
1909-07-01,0.461,64960
1909-06-30,-0.405,64662
1909-06-29,0.669,64925
1909-06-28,0.164,64494
1909-06-25,-0.164,64388
1909-06-24,0.620,64493
1909-06-23,1.148,64096
1909-06-22,0.203,63368
1909-06-21,-1.410,63240
1909-06-18,0.248,64145
1909-06-17,-0.956,63986
1909-06-16,0.087,64603
1909-06-15,-1.100,64547
1909-06-14,-0.007,65265
1909-06-11,0.128,65269
1909-06-10,0.147,65186
1909-06-09,-0.187,65090
1909-06-08,0.246,65212
1909-06-07,-0.281,65052
1909-06-04,0.638,65235
1909-06-03,1.126,64822
1909-06-02,0.020,64100
1909-06-01,0.412,64087
1909-05-28,0.269,63824
1909-05-27,0.416,63653
1909-05-26,-0.390,63389
1909-05-25,-0.240,63638
1909-05-24,0.528,63790
1909-05-21,0.184,63456
1909-05-20,-0.520,63339
1909-05-19,0.111,63670
1909-05-18,0.427,63600
1909-05-17,-0.343,63329
1909-05-14,-0.129,63547
1909-05-13,0.169,63630
1909-05-12,0.115,63522
1909-05-11,0.704,63449
1909-05-10,-0.307,63006
1909-05-07,0.879,63200
1909-05-06,0.278,62649
1909-05-05,-0.251,62475
1909-05-04,0.318,62632
1909-05-03,0.588,62434
1909-04-30,0.287,62069
1909-04-29,-0.084,61891
1909-04-28,0.777,61944
1909-04-27,-0.081,61466
1909-04-26,-0.254,61516
1909-04-23,-0.487,61672
1909-04-22,0.586,61974
1909-04-21,-0.337,61613
1909-04-20,0.176,61822
1909-04-19,1.480,61713
1909-04-16,-0.901,60813
1909-04-15,-0.188,61365
1909-04-14,0.253,61481
1909-04-13,-0.618,61326
1909-04-12,0.290,61707
1909-04-08,0.543,61529
1909-04-07,0.249,61197
1909-04-06,-0.511,61045
1909-04-05,1.536,61358
1909-04-02,-0.621,60430
1909-04-01,0.093,60808
1909-03-31,0.942,60751
1909-03-30,-0.088,60184
1909-03-29,1.905,60237
1909-03-26,0.160,59111
1909-03-25,0.072,59017
1909-03-24,0.597,58975
1909-03-23,-0.394,58625
1909-03-22,1.033,58857
1909-03-19,-0.337,58255
1909-03-18,-0.117,58452
1909-03-17,0.599,58521
1909-03-16,0.733,58172
1909-03-15,-0.273,57749
1909-03-12,0.360,57907
1909-03-11,-0.135,57699
1909-03-10,0.190,57778
1909-03-09,-0.450,57668
1909-03-08,0.163,57929
1909-03-05,0.311,57835
1909-03-04,-0.592,57656
1909-03-03,-0.627,57999
1909-03-02,0.386,58365
1909-03-01,0.931,58140
1909-02-26,1.083,57604
1909-02-25,-0.681,56987
1909-02-24,1.599,57378
1909-02-23,-3.942,56475
1909-02-19,-0.191,58792
1909-02-18,-1.115,58905
1909-02-17,-0.412,59569
1909-02-16,-0.155,59816
1909-02-15,0.946,59908
1909-02-11,0.479,59347
1909-02-10,0.204,59064
1909-02-09,-0.073,58944
1909-02-08,0.337,58986
1909-02-05,0.079,58789
1909-02-04,0.044,58742
1909-02-03,-0.085,58716
1909-02-02,0.745,58766
1909-02-01,-0.523,58332
1909-01-29,-0.456,58638
1909-01-28,-0.781,58906
1909-01-27,0.134,59370
1909-01-26,-0.099,59290
1909-01-25,0.027,59349
1909-01-22,-0.359,59333
1909-01-21,0.719,59547
1909-01-20,-0.320,59122
1909-01-19,0.524,59312
1909-01-18,0.583,59002
1909-01-15,-0.072,58660
1909-01-14,0.429,58702
1909-01-13,-0.117,58452
1909-01-12,-0.374,58520
1909-01-11,-1.142,58740
1909-01-08,-0.444,59419
1909-01-07,1.410,59684
1909-01-06,0.068,58854
1909-01-05,-0.709,58814
1909-01-04,-0.460,59234
1908-12-31,0.465,59508
1908-12-30,-0.002,59233
1908-12-29,-0.545,59234
1908-12-28,1.447,59558
1908-12-24,0.096,58709
1908-12-23,0.910,58653
1908-12-22,1.626,58124
1908-12-21,-0.969,57194
1908-12-18,0.072,57754
1908-12-17,-1.551,57712
1908-12-16,0.638,58621
1908-12-15,-0.414,58249
1908-12-14,-0.328,58491
1908-12-11,-0.381,58684
1908-12-10,0.137,58908
1908-12-09,0.396,58827
1908-12-08,0.743,58595
1908-12-07,-0.678,58163
1908-12-04,0.757,58560
1908-12-03,-0.285,58120
1908-12-02,-0.507,58286
1908-12-01,0.150,58583
1908-11-30,-0.168,58495
1908-11-27,0.898,58594
1908-11-25,-0.480,58072
1908-11-24,1.508,58352
1908-11-23,-0.764,57485
1908-11-20,0.114,57928
1908-11-19,-0.643,57862
1908-11-18,-0.685,58237
1908-11-17,0.354,58639
1908-11-16,-0.106,58432
1908-11-13,1.037,58494
1908-11-12,0.431,57893
1908-11-11,-0.374,57645
1908-11-10,0.649,57861
1908-11-09,0.576,57488
1908-11-06,1.588,57159
1908-11-05,0.026,56265
1908-11-04,2.005,56251
1908-11-02,0.197,55145
1908-10-30,0.062,55037
1908-10-29,0.454,55002
1908-10-28,-0.689,54754
1908-10-27,0.685,55133
1908-10-26,0.324,54758
1908-10-23,-0.453,54581
1908-10-22,0.053,54830
1908-10-21,0.688,54801
1908-10-20,1.086,54426
1908-10-19,-0.362,53842
1908-10-16,-0.092,54037
1908-10-15,0.378,54087
1908-10-14,0.118,53884
1908-10-13,0.045,53820
1908-10-12,1.275,53796
1908-10-09,-0.107,53119
1908-10-08,-1.109,53176
1908-10-07,0.305,53772
1908-10-06,0.314,53608
1908-10-05,0.152,53440
1908-10-02,1.297,53359
1908-10-01,-0.175,52676
1908-09-30,0.632,52768
1908-09-29,-0.132,52437
1908-09-28,-0.820,52506
1908-09-25,0.519,52940
1908-09-24,1.484,52667
1908-09-23,1.241,51896
1908-09-22,-0.457,51260
1908-09-21,-3.157,51495
1908-09-18,1.265,53174
1908-09-17,-1.428,52510
1908-09-16,-1.266,53271
1908-09-15,-1.164,53954
1908-09-14,0.822,54589
1908-09-11,-0.955,54144
1908-09-10,-0.344,54666
1908-09-09,0.510,54855
1908-09-08,0.292,54576
1908-09-04,1.078,54417
1908-09-03,-1.147,53837
1908-09-02,-0.239,54462
1908-09-01,-0.005,54592
1908-08-31,0.494,54595
1908-08-28,0.015,54326
1908-08-27,1.429,54318
1908-08-26,1.041,53553
1908-08-25,-0.019,53002
1908-08-24,-0.068,53012
1908-08-21,-0.276,53048
1908-08-20,0.245,53195
1908-08-19,-0.600,53065
1908-08-18,0.173,53385
1908-08-17,0.675,53293
1908-08-14,-1.654,52936
1908-08-13,-0.959,53826
1908-08-12,0.579,54347
1908-08-11,-1.056,54034
1908-08-10,1.339,54611
1908-08-07,0.349,53890
1908-08-06,1.106,53702
1908-08-05,-0.139,53115
1908-08-04,0.798,53189
1908-08-03,0.074,52768
1908-07-31,0.943,52729
1908-07-30,0.167,52236
1908-07-29,-0.053,52149
1908-07-28,0.478,52176
1908-07-27,0.339,51928
1908-07-24,-1.436,51753
1908-07-23,0.875,52507
1908-07-22,1.173,52051
1908-07-21,-0.699,51448
1908-07-20,2.101,51810
1908-07-17,0.133,50744
1908-07-16,-0.019,50676
1908-07-15,0.012,50686
1908-07-14,0.878,50680
1908-07-13,0.498,50239
1908-07-10,-0.976,49990
1908-07-09,0.385,50482
1908-07-08,1.207,50289
1908-07-07,0.391,49689
1908-07-06,1.482,49496
1908-07-03,0.277,48773
1908-07-02,-0.060,48638
1908-07-01,0.118,48667
1908-06-30,-0.239,48610
1908-06-29,0.671,48726
1908-06-26,0.431,48401
1908-06-25,0.697,48194
1908-06-24,0.261,47860
1908-06-23,0.023,47736
1908-06-22,-1.161,47725
1908-06-19,-1.443,48285
1908-06-18,0.339,48992
1908-06-17,-0.347,48826
1908-06-16,0.838,48996
1908-06-15,0.237,48589
1908-06-12,-1.113,48474
1908-06-11,-0.027,49020
1908-06-10,0.446,49033
1908-06-09,-0.521,48815
1908-06-08,0.493,49071
1908-06-05,0.466,48830
1908-06-04,-1.564,48604
1908-06-03,-0.341,49376
1908-06-02,0.080,49545
1908-06-01,2.712,49506
1908-05-29,0.701,48199
1908-05-28,-0.615,47863
1908-05-27,-0.227,48159
1908-05-26,-1.384,48269
1908-05-25,-1.058,48946
1908-05-22,-0.791,49470
1908-05-21,0.652,49864
1908-05-20,-0.264,49541
1908-05-19,-1.371,49672
1908-05-18,1.593,50363
1908-05-15,0.410,49574
1908-05-14,0.849,49371
1908-05-13,1.029,48955
1908-05-12,-0.613,48457
1908-05-11,1.548,48755
1908-05-08,0.784,48012
1908-05-07,-0.336,47638
1908-05-06,0.761,47799
1908-05-05,0.761,47438
1908-05-04,-0.210,47080
1908-05-01,1.183,47179
1908-04-30,-0.942,46627
1908-04-29,0.174,47070
1908-04-28,0.728,46989
1908-04-27,0.318,46649
1908-04-24,1.477,46501
1908-04-23,1.136,45825
1908-04-22,0.010,45310
1908-04-21,0.501,45305
1908-04-20,-0.606,45079
1908-04-16,0.486,45354
1908-04-15,-0.390,45135
1908-04-14,0.480,45312
1908-04-13,-0.718,45095
1908-04-10,-0.015,45421
1908-04-09,0.978,45428
1908-04-08,1.155,44988
1908-04-07,0.197,44475
1908-04-06,0.279,44387
1908-04-03,-0.751,44263
1908-04-02,0.064,44598
1908-04-01,0.457,44570
1908-03-31,-1.382,44367
1908-03-30,-1.353,44989
1908-03-27,1.095,45606
1908-03-26,-0.857,45112
1908-03-25,0.563,45502
1908-03-24,0.905,45247
1908-03-23,1.740,44841
1908-03-20,0.678,44074
1908-03-19,0.636,43778
1908-03-18,-1.410,43501
1908-03-17,0.775,44123
1908-03-16,0.096,43784
1908-03-13,1.021,43742
1908-03-12,0.202,43300
1908-03-11,1.018,43213
1908-03-10,-0.573,42777
1908-03-09,3.275,43023
1908-03-06,0.632,41659
1908-03-05,0.159,41398
1908-03-04,0.409,41332
1908-03-03,-0.091,41164
1908-03-02,-0.358,41201
1908-02-28,0.938,41349
1908-02-27,0.199,40965
1908-02-26,-0.053,40884
1908-02-25,-0.417,40905
1908-02-24,-0.329,41076
1908-02-21,0.419,41212
1908-02-20,0.703,41040
1908-02-19,0.425,40753
1908-02-18,0.461,40581
1908-02-17,-1.584,40395
1908-02-14,1.671,41045
1908-02-13,-0.443,40370
1908-02-11,0.380,40550
1908-02-10,-3.576,40397
1908-02-07,-0.819,41895
1908-02-06,0.029,42241
1908-02-05,-1.244,42229
1908-02-04,0.629,42761
1908-02-03,-1.370,42494
1908-01-31,0.005,43084
1908-01-30,0.163,43082
1908-01-29,-0.943,43011
1908-01-28,0.751,43421
1908-01-27,1.200,43097
1908-01-24,-0.653,42586
1908-01-23,-0.511,42866
1908-01-22,-0.735,43086
1908-01-21,-1.156,43405
1908-01-20,-1.022,43913
1908-01-17,0.615,44367
1908-01-16,-0.846,44095
1908-01-15,-0.127,44472
1908-01-14,0.999,44528
1908-01-13,2.650,44088
1908-01-10,-0.834,42950
1908-01-09,2.433,43311
1908-01-08,-0.080,42282
1908-01-07,-0.108,42316
1908-01-06,1.139,42362
1908-01-03,0.958,41885
1908-01-02,1.276,41487
1907-12-31,-0.904,40965
1907-12-30,1.302,41338
1907-12-27,1.692,40807
1907-12-26,-0.662,40128
1907-12-24,-0.485,40396
1907-12-23,-0.888,40593
1907-12-20,1.605,40956
1907-12-19,0.334,40310
1907-12-18,0.952,40175
1907-12-17,-0.160,39797
1907-12-16,-0.272,39860
1907-12-13,-1.129,39969
1907-12-12,0.001,40426
1907-12-11,-0.138,40425
1907-12-10,-1.582,40481
1907-12-09,-1.987,41132
1907-12-06,0.511,41966
1907-12-05,1.460,41752
1907-12-04,1.770,41151
1907-12-03,-1.057,40436
1907-12-02,3.357,40868
1907-11-29,2.453,39540
1907-11-27,0.772,38594
1907-11-26,2.318,38298
1907-11-25,0.515,37430
1907-11-22,-0.002,37238
1907-11-21,-0.765,37239
1907-11-20,-0.585,37526
1907-11-19,-2.186,37747
1907-11-18,2.909,38591
1907-11-15,-2.064,37500
1907-11-14,-1.027,38290
1907-11-13,-0.732,38687
1907-11-12,-0.887,38973
1907-11-11,0.808,39321
1907-11-08,0.860,39006
1907-11-07,-1.841,38673
1907-11-06,0.217,39399
1907-11-04,1.062,39313
1907-11-01,0.240,38900
1907-10-31,-1.019,38807
1907-10-30,1.774,39206
1907-10-29,-2.584,38523
1907-10-28,0.131,39545
1907-10-25,0.982,39493
1907-10-24,-1.518,39109
1907-10-23,-2.041,39712
1907-10-22,-3.469,40539
1907-10-21,1.881,41996
1907-10-18,-1.861,41220
1907-10-17,0.406,42002
1907-10-16,-1.601,41832
1907-10-15,0.269,42513
1907-10-14,-1.849,42399
1907-10-11,-1.795,43198
1907-10-10,0.174,43987
1907-10-09,-1.916,43911
1907-10-08,-0.773,44769
1907-10-07,0.152,45118
1907-10-04,-0.055,45049
1907-10-03,-0.034,45074
1907-10-02,-0.585,45089
1907-10-01,0.395,45354
1907-09-30,0.080,45176
1907-09-27,-1.245,45140
1907-09-26,-0.671,45709
1907-09-25,-0.402,46018
1907-09-24,0.278,46204
1907-09-23,-0.338,46075
1907-09-20,0.145,46231
1907-09-19,0.741,46164
1907-09-18,-0.119,45825
1907-09-17,1.186,45879
1907-09-16,-0.784,45342
1907-09-13,0.513,45700
1907-09-12,-0.941,45466
1907-09-11,-0.202,45898
1907-09-10,-1.707,45991
1907-09-09,-0.211,46790
1907-09-06,0.378,46889
1907-09-05,1.369,46712
1907-09-04,-0.820,46081
1907-09-03,1.667,46462
1907-08-30,0.998,45701
1907-08-29,-0.101,45249
1907-08-28,1.036,45295
1907-08-27,-0.032,44830
1907-08-26,1.432,44844
1907-08-23,-1.511,44211
1907-08-22,1.047,44890
1907-08-21,-0.740,44425
1907-08-20,0.944,44756
1907-08-19,0.266,44337
1907-08-16,-1.030,44220
1907-08-15,0.981,44680
1907-08-14,-2.828,44246
1907-08-13,1.815,45534
1907-08-12,-4.500,44722
1907-08-09,-0.881,46830
1907-08-08,0.483,47246
1907-08-07,-1.603,47019
1907-08-06,-1.227,47785
1907-08-05,-1.631,48379
1907-08-02,0.489,49181
1907-08-01,-0.375,48942
1907-07-31,-1.104,49126
1907-07-30,0.043,49674
1907-07-29,-1.140,49653
1907-07-26,0.067,50225
1907-07-25,-0.258,50192
1907-07-24,0.792,50321
1907-07-23,-0.177,49926
1907-07-22,-0.018,50015
1907-07-19,0.777,50024
1907-07-18,0.423,49638
1907-07-17,-0.908,49429
1907-07-16,0.592,49882
1907-07-15,0.995,49588
1907-07-12,0.380,49100
1907-07-11,0.068,48914
1907-07-10,-1.361,48881
1907-07-09,-1.212,49555
1907-07-08,0.599,50163
1907-07-05,0.616,49864
1907-07-03,0.807,49559
1907-07-02,-0.731,49162
1907-07-01,1.806,49525
1907-06-28,-0.053,48646
1907-06-27,0.922,48672
1907-06-26,-0.181,48227
1907-06-25,1.974,48315
1907-06-24,0.729,47379
1907-06-21,-0.422,47036
1907-06-20,-0.160,47236
1907-06-19,0.151,47311
1907-06-18,0.003,47240
1907-06-17,0.089,47238
1907-06-14,-0.835,47197
1907-06-13,-0.358,47594
1907-06-12,0.113,47765
1907-06-11,-0.985,47711
1907-06-10,0.752,48186
1907-06-07,0.914,47826
1907-06-06,0.492,47393
1907-06-05,-0.397,47161
1907-06-04,1.582,47349
1907-06-03,-1.213,46612
1907-05-31,-0.323,47184
1907-05-29,1.338,47337
1907-05-28,0.007,46712
1907-05-27,-3.070,46708
1907-05-24,0.643,48188
1907-05-23,-0.542,47880
1907-05-22,0.857,48141
1907-05-21,-1.502,47732
1907-05-20,-2.236,48459
1907-05-17,-0.320,49568
1907-05-16,-0.432,49727
1907-05-15,-0.284,49943
1907-05-14,-0.531,50085
1907-05-13,1.020,50352
1907-05-10,-0.582,49844
1907-05-09,-0.465,50136
1907-05-08,0.052,50370
1907-05-07,-0.725,50344
1907-05-06,-1.162,50712
1907-05-03,0.153,51308
1907-05-02,0.983,51230
1907-05-01,-0.570,50731
1907-04-30,0.140,51022
1907-04-29,1.144,50950
1907-04-26,-0.359,50374
1907-04-25,0.108,50555
1907-04-24,-0.890,50500
1907-04-23,-0.015,50954
1907-04-22,2.213,50962
1907-04-19,0.059,49858
1907-04-18,0.463,49829
1907-04-17,-0.420,49599
1907-04-16,1.692,49808
1907-04-15,-2.664,48980
1907-04-12,-0.317,50320
1907-04-11,-0.595,50480
1907-04-10,0.060,50782
1907-04-09,-0.148,50751
1907-04-08,-0.274,50827
1907-04-05,1.228,50966
1907-04-04,1.862,50348
1907-04-03,-0.122,49428
1907-04-02,-0.500,49488
1907-04-01,2.054,49737
1907-03-29,2.535,48736
1907-03-28,0.798,47531
1907-03-27,0.278,47155
1907-03-26,3.572,47024
1907-03-25,-5.185,45402
1907-03-22,-2.555,47885
1907-03-21,0.730,49141
1907-03-20,-0.076,48785
1907-03-19,-0.974,48822
1907-03-18,0.820,49302
1907-03-15,6.413,48902
1907-03-14,-7.475,45954
1907-03-13,-4.221,49667
1907-03-12,0.747,51855
1907-03-11,0.793,51471
1907-03-08,-1.444,51066
1907-03-07,-1.319,51814
1907-03-06,1.378,52507
1907-03-05,-1.838,51793
1907-03-04,-2.560,52763
1907-03-01,-0.525,54149
1907-02-28,1.182,54435
1907-02-27,-0.913,53799
1907-02-26,0.434,54295
1907-02-25,-1.967,54061
1907-02-21,-0.332,55145
1907-02-20,-0.302,55329
1907-02-19,-0.655,55496
1907-02-18,-0.062,55862
1907-02-15,0.262,55896
1907-02-14,-0.706,55750
1907-02-13,0.792,56146
1907-02-11,0.243,55705
1907-02-08,-0.173,55570
1907-02-07,1.078,55666
1907-02-06,-0.082,55072
1907-02-05,1.072,55118
1907-02-04,-0.409,54533
1907-02-01,-1.459,54757
1907-01-31,0.748,55568
1907-01-30,-0.684,55155
1907-01-29,-0.114,55535
1907-01-28,-1.312,55599
1907-01-25,-1.194,56338
1907-01-24,0.024,57018
1907-01-23,0.373,57005
1907-01-22,0.161,56793
1907-01-21,0.609,56702
1907-01-18,-1.765,56359
1907-01-17,-0.210,57371
1907-01-16,-1.012,57492
1907-01-15,-0.052,58079
1907-01-14,-0.099,58109
1907-01-11,-0.560,58167
1907-01-10,-0.087,58495
1907-01-09,-0.188,58546
1907-01-08,-0.868,58656
1907-01-07,0.158,59169
1907-01-04,1.556,59076
1907-01-03,-0.051,58171
1907-01-02,0.040,58200
1906-12-31,-0.074,58177
1906-12-28,-0.169,58220
1906-12-27,1.407,58319
1906-12-26,0.158,57510
1906-12-24,-2.074,57419
1906-12-21,0.299,58635
1906-12-20,0.448,58461
1906-12-19,-1.326,58200
1906-12-18,-1.431,58982
1906-12-17,-0.780,59838
1906-12-14,1.167,60308
1906-12-13,-1.238,59613
1906-12-12,-0.620,60360
1906-12-11,0.595,60737
1906-12-10,0.080,60377
1906-12-07,0.824,60329
1906-12-06,-0.511,59836
1906-12-05,-0.223,60144
1906-12-04,-0.149,60278
1906-12-03,0.516,60369
1906-11-30,0.031,60058
1906-11-28,0.047,60040
1906-11-27,0.653,60011
1906-11-26,-0.881,59622
1906-11-23,-0.150,60152
1906-11-22,-0.084,60242
1906-11-21,0.492,60293
1906-11-20,-0.142,59998
1906-11-19,0.594,60083
1906-11-16,0.731,59728
1906-11-15,0.232,59295
1906-11-14,1.267,59157
1906-11-13,0.671,58417
1906-11-12,-0.938,58028
1906-11-09,-0.162,58578
1906-11-08,-0.446,58673
1906-11-07,-0.386,58936
1906-11-05,0.333,59165
1906-11-02,0.461,58968
1906-11-01,1.130,58698
1906-10-31,-0.880,58041
1906-10-30,-0.086,58557
1906-10-29,0.515,58607
1906-10-26,0.091,58307
1906-10-25,-0.860,58254
1906-10-24,-0.262,58759
1906-10-23,-0.253,58913
1906-10-22,-0.169,59063
1906-10-19,-1.158,59163
1906-10-18,-0.093,59856
1906-10-17,-0.494,59911
1906-10-16,0.088,60209
1906-10-15,-0.622,60156
1906-10-12,-0.043,60533
1906-10-11,0.072,60559
1906-10-10,0.383,60515
1906-10-09,0.138,60284
1906-10-08,0.237,60201
1906-10-05,0.727,60059
1906-10-04,-0.291,59626
1906-10-03,-0.216,59800
1906-10-02,-0.241,59930
1906-10-01,0.761,60074
1906-09-28,0.414,59621
1906-09-27,-0.226,59375
1906-09-26,0.048,59509
1906-09-25,-1.168,59481
1906-09-24,-0.231,60184
1906-09-21,-0.082,60323
1906-09-20,0.601,60373
1906-09-19,-0.458,60012
1906-09-18,0.029,60288
1906-09-17,0.013,60271
1906-09-14,0.750,60263
1906-09-13,-0.581,59814
1906-09-12,1.593,60164
1906-09-11,-0.977,59220
1906-09-10,0.358,59805
1906-09-07,-0.388,59591
1906-09-06,0.664,59823
1906-09-05,0.319,59428
1906-09-04,0.262,59239
1906-08-31,-0.152,59084
1906-08-30,-0.489,59174
1906-08-29,0.769,59465
1906-08-28,-0.867,59012
1906-08-27,-0.722,59528
1906-08-24,1.162,59960
1906-08-23,0.262,59272
1906-08-22,-0.539,59117
1906-08-21,-0.804,59437
1906-08-20,2.579,59919
1906-08-17,1.460,58412
1906-08-16,-0.469,57572
1906-08-15,0.175,57843
1906-08-14,0.184,57742
1906-08-13,0.793,57636
1906-08-10,0.323,57183
1906-08-09,-0.593,56998
1906-08-08,-0.335,57338
1906-08-07,0.167,57531
1906-08-06,0.459,57435
1906-08-03,-0.658,57172
1906-08-02,0.253,57551
1906-08-01,1.162,57406
1906-07-31,0.674,56747
1906-07-30,0.241,56366
1906-07-27,0.672,56231
1906-07-26,0.641,55856
1906-07-25,1.383,55500
1906-07-24,-0.555,54743
1906-07-23,0.479,55048
1906-07-20,0.880,54786
1906-07-19,0.769,54308
1906-07-18,-0.555,53893
1906-07-17,0.341,54194
1906-07-16,1.366,54009
1906-07-13,-0.159,53281
1906-07-12,-0.841,53366
1906-07-11,-0.681,53819
1906-07-10,-0.516,54188
1906-07-09,0.087,54469
1906-07-06,1.485,54422
1906-07-05,0.262,53625
1906-07-03,0.568,53485
1906-07-02,-1.598,53183
1906-06-29,-1.582,54047
1906-06-28,0.933,54916
1906-06-27,-1.763,54408
1906-06-26,0.352,55385
1906-06-25,-1.730,55191
1906-06-22,0.435,56162
1906-06-21,-1.163,55919
1906-06-20,0.773,56578
1906-06-19,1.215,56143
1906-06-18,-1.388,55469
1906-06-15,-0.666,56250
1906-06-14,-0.598,56627
1906-06-13,-0.586,56968
1906-06-12,-0.197,57304
1906-06-11,0.235,57417
1906-06-08,-0.171,57282
1906-06-07,0.311,57381
1906-06-06,0.330,57202
1906-06-05,-0.316,57014
1906-06-04,1.009,57195
1906-06-01,0.212,56624
1906-05-31,0.144,56504
1906-05-29,0.421,56423
1906-05-28,-0.252,56187
1906-05-25,0.517,56329
1906-05-24,1.030,56039
1906-05-23,-0.238,55468
1906-05-22,-0.098,55600
1906-05-21,-0.142,55655
1906-05-18,-0.392,55734
1906-05-17,-0.417,55953
1906-05-16,0.676,56187
1906-05-15,-0.002,55810
1906-05-14,-0.684,55812
1906-05-11,0.763,56196
1906-05-10,0.549,55770
1906-05-09,0.296,55466
1906-05-08,1.475,55302
1906-05-07,1.132,54498
1906-05-04,2.650,53888
1906-05-03,-0.407,52497
1906-05-02,-0.333,52712
1906-05-01,-2.698,52888
1906-04-30,0.853,54355
1906-04-27,-2.349,53895
1906-04-26,-0.422,55192
1906-04-25,-0.490,55426
1906-04-24,0.172,55699
1906-04-23,-1.886,55603
1906-04-20,0.713,56672
1906-04-19,-1.914,56270
1906-04-18,-1.148,57368
1906-04-17,-0.036,58034
1906-04-16,0.451,58055
1906-04-13,0.529,57794
1906-04-12,-0.330,57490
1906-04-11,1.405,57680
1906-04-10,-0.469,56881
1906-04-09,-1.334,57149
1906-04-06,0.191,57922
1906-04-05,-0.462,57812
1906-04-04,-0.169,58080
1906-04-03,-0.152,58178
1906-04-02,0.635,58267
1906-03-30,0.342,57899
1906-03-29,-0.237,57702
1906-03-28,0.912,57839
1906-03-27,-0.491,57316
1906-03-26,1.010,57599
1906-03-23,0.245,57023
1906-03-22,0.667,56883
1906-03-21,-0.259,56506
1906-03-20,1.089,56653
1906-03-19,-1.587,56043
1906-03-16,-0.034,56947
1906-03-15,-0.430,56966
1906-03-14,-0.461,57212
1906-03-13,0.680,57477
1906-03-12,-0.454,57089
1906-03-09,1.066,57349
1906-03-08,0.870,56745
1906-03-07,-0.095,56255
1906-03-06,0.877,56309
1906-03-05,-1.134,55820
1906-03-02,0.109,56460
1906-03-01,0.203,56398
1906-02-28,-1.656,56284
1906-02-27,-0.974,57231
1906-02-26,0.483,57794
1906-02-23,0.485,57517
1906-02-21,-0.735,57239
1906-02-20,-0.160,57662
1906-02-19,0.182,57755
1906-02-16,-0.812,57650
1906-02-15,-0.984,58122
1906-02-14,-0.523,58699
1906-02-13,0.007,59008
1906-02-09,0.919,59004
1906-02-08,0.040,58466
1906-02-07,-0.623,58443
1906-02-06,0.516,58809
1906-02-05,-1.482,58507
1906-02-02,-0.058,59388
1906-02-01,0.576,59422
1906-01-31,1.678,59082
1906-01-30,-0.512,58107
1906-01-29,-2.964,58406
1906-01-26,0.263,60190
1906-01-25,0.175,60032
1906-01-24,-0.433,59927
1906-01-23,-0.065,60188
1906-01-22,-0.145,60227
1906-01-19,0.850,60315
1906-01-18,0.200,59806
1906-01-17,0.249,59687
1906-01-16,0.144,59539
1906-01-15,0.290,59453
1906-01-12,0.923,59281
1906-01-11,0.799,58739
1906-01-10,0.048,58273
1906-01-09,-0.059,58245
1906-01-08,1.158,58280
1906-01-05,1.266,57613
1906-01-04,-0.814,56892
1906-01-03,0.267,57360
1906-01-02,-0.686,57207
1905-12-29,1.044,57602
1905-12-28,1.089,57006
1905-12-27,-1.645,56392
1905-12-26,0.521,57335
1905-12-22,0.507,57038
1905-12-21,0.058,56750
1905-12-20,-0.188,56718
1905-12-19,0.219,56824
1905-12-18,-0.516,56700
1905-12-15,0.107,56994
1905-12-14,-0.355,56933
1905-12-13,0.600,57136
1905-12-12,0.536,56795
1905-12-11,0.624,56493
1905-12-08,0.311,56143
1905-12-07,0.664,55969
1905-12-06,-0.048,55599
1905-12-05,1.043,55626
1905-12-04,-0.195,55051
1905-12-01,-0.794,55159
1905-11-29,-0.099,55600
1905-11-28,-0.219,55656
1905-11-27,1.735,55777
1905-11-24,-0.421,54826
1905-11-23,-0.039,55058
1905-11-22,0.021,55080
1905-11-21,0.299,55068
1905-11-20,1.057,54904
1905-11-17,1.320,54329
1905-11-16,-0.483,53621
1905-11-15,0.798,53881
1905-11-14,1.096,53455
1905-11-13,-1.629,52875
1905-11-10,0.818,53751
1905-11-09,-1.023,53315
1905-11-08,-1.177,53866
1905-11-06,-0.397,54508
1905-11-03,0.100,54725
1905-11-02,-0.136,54670
1905-11-01,0.152,54745
1905-10-31,1.080,54661
1905-10-30,0.075,54077
1905-10-27,-0.348,54037
1905-10-26,-0.469,54226
1905-10-25,-0.119,54481
1905-10-24,-0.014,54546
1905-10-23,0.664,54553
1905-10-20,1.027,54193
1905-10-19,0.379,53643
1905-10-18,-0.343,53440
1905-10-17,-0.183,53624
1905-10-16,-0.120,53722
1905-10-13,0.719,53787
1905-10-12,0.084,53403
1905-10-11,-1.049,53358
1905-10-10,0.636,53923
1905-10-09,-0.931,53583
1905-10-06,0.004,54086
1905-10-05,0.110,54084
1905-10-04,-0.584,54025
1905-10-03,0.392,54342
1905-10-02,0.616,54130
1905-09-29,0.414,53799
1905-09-28,-0.307,53577
1905-09-27,0.022,53742
1905-09-26,0.262,53731
1905-09-25,-1.018,53590
1905-09-22,0.287,54141
1905-09-21,0.296,53987
1905-09-20,0.826,53827
1905-09-19,-0.679,53386
1905-09-18,1.099,53751
1905-09-15,-0.128,53167
1905-09-14,0.828,53235
1905-09-13,-0.433,52798
1905-09-12,0.977,53027
1905-09-11,-0.319,52514
1905-09-08,1.296,52683
1905-09-07,-0.557,52009
1905-09-06,-1.773,52300
1905-09-05,1.731,53244
1905-09-01,-1.237,52338
1905-08-31,-1.404,52994
1905-08-30,-0.721,53749
1905-08-29,0.690,54139
1905-08-28,-0.277,53768
1905-08-25,-0.241,53917
1905-08-24,-0.110,54048
1905-08-23,0.567,54107
1905-08-22,-0.014,53802
1905-08-21,0.802,53810
1905-08-18,-0.779,53382
1905-08-17,0.198,53801
1905-08-16,0.455,53694
1905-08-15,-0.164,53451
1905-08-14,0.385,53539
1905-08-11,1.554,53333
1905-08-10,-0.122,52517
1905-08-09,-0.041,52581
1905-08-08,-0.032,52603
1905-08-07,0.647,52620
1905-08-04,0.386,52282
1905-08-03,0.561,52081
1905-08-02,-0.023,51790
1905-08-01,-0.478,51802
1905-07-31,0.580,52051
1905-07-28,1.067,51751
1905-07-27,0.787,51204
1905-07-26,0.219,50805
1905-07-25,-0.070,50694
1905-07-24,-0.451,50730
1905-07-21,-0.596,50959
1905-07-20,-0.070,51265
1905-07-19,0.291,51301
1905-07-18,-0.125,51152
1905-07-17,0.384,51216
1905-07-14,-0.051,51020
1905-07-13,-0.246,51046
1905-07-12,1.563,51172
1905-07-11,-1.303,50384
1905-07-10,-0.218,51049
1905-07-07,0.292,51161
1905-07-06,0.555,51012
1905-07-05,-0.349,50731
1905-07-03,1.899,50908
1905-06-30,-0.034,49960
1905-06-29,-0.729,49977
1905-06-28,0.934,50343
1905-06-27,-0.024,49878
1905-06-26,0.952,49890
1905-06-23,0.187,49419
1905-06-22,0.554,49327
1905-06-21,0.890,49055
1905-06-20,0.799,48622
1905-06-19,-0.035,48237
1905-06-16,0.214,48254
1905-06-15,-0.335,48151
1905-06-14,0.424,48313
1905-06-13,-0.702,48109
1905-06-12,1.478,48449
1905-06-09,0.182,47744
1905-06-08,0.133,47657
1905-06-07,0.599,47594
1905-06-06,-0.948,47311
1905-06-05,0.320,47763
1905-06-02,0.192,47611
1905-06-01,-1.798,47520
1905-05-31,0.530,48390
1905-05-29,1.578,48135
1905-05-26,0.193,47387
1905-05-25,-0.841,47296
1905-05-24,2.483,47697
1905-05-23,0.237,46541
1905-05-22,-2.382,46431
1905-05-19,-0.593,47564
1905-05-18,-1.796,47848
1905-05-17,-0.130,48723
1905-05-16,-0.493,48786
1905-05-15,-0.301,49028
1905-05-12,0.734,49176
1905-05-11,0.994,48818
1905-05-10,0.072,48337
1905-05-09,1.005,48302
1905-05-08,-1.636,47822
1905-05-05,1.792,48617
1905-05-04,-1.903,47761
1905-05-03,-1.148,48688
1905-05-02,0.820,49253
1905-05-01,-0.730,48852
1905-04-28,-0.461,49211
1905-04-27,-2.754,49439
1905-04-26,0.300,50839
1905-04-25,1.032,50687
1905-04-24,-0.803,50169
1905-04-20,-2.120,50575
1905-04-19,0.855,51670
1905-04-18,-1.217,51232
1905-04-17,-0.455,51863
1905-04-14,0.629,52100
1905-04-13,0.404,51775
1905-04-12,0.534,51566
1905-04-11,-0.197,51292
1905-04-10,-0.450,51393
1905-04-07,-0.050,51625
1905-04-06,0.662,51651
1905-04-05,0.537,51312
1905-04-04,-0.152,51038
1905-04-03,0.716,51115
1905-03-31,0.543,50752
1905-03-30,0.060,50478
1905-03-29,0.933,50448
1905-03-28,-0.741,49981
1905-03-27,-0.671,50354
1905-03-24,1.014,50695
1905-03-23,0.796,50186
1905-03-22,-1.077,49790
1905-03-21,-0.662,50332
1905-03-20,0.769,50667
1905-03-17,-0.927,50281
1905-03-16,-0.188,50751
1905-03-15,-0.096,50846
1905-03-14,-0.223,50895
1905-03-13,0.536,51009
1905-03-10,0.511,50737
1905-03-09,0.803,50479
1905-03-08,0.424,50077
1905-03-07,-0.450,49865
1905-03-06,0.593,50091
1905-03-03,-0.691,49795
1905-03-02,0.414,50142
1905-03-01,1.030,49935
1905-02-28,-0.955,49426
1905-02-27,0.145,49902
1905-02-24,1.290,49830
1905-02-23,-0.372,49196
1905-02-21,0.592,49379
1905-02-20,0.759,49089
1905-02-17,0.033,48719
1905-02-16,-0.195,48703
1905-02-15,0.244,48798
1905-02-14,0.100,48679
1905-02-10,0.505,48631
1905-02-09,-0.187,48386
1905-02-08,0.226,48477
1905-02-07,0.712,48368
1905-02-06,-0.304,48026
1905-02-03,0.558,48172
1905-02-02,0.483,47905
1905-02-01,-0.355,47675
1905-01-31,0.513,47845
1905-01-30,1.032,47600
1905-01-27,0.252,47114
1905-01-26,1.583,46996
1905-01-25,-0.435,46263
1905-01-24,-0.374,46466
1905-01-23,-1.168,46640
1905-01-20,0.490,47191
1905-01-19,-0.114,46961
1905-01-18,0.422,47014
1905-01-17,-0.183,46817
1905-01-16,0.473,46903
1905-01-13,0.748,46682
1905-01-12,-0.475,46335
1905-01-11,0.105,46556
1905-01-10,0.366,46507
1905-01-09,0.015,46338
1905-01-06,-0.732,46331
1905-01-05,-0.005,46673
1905-01-04,-0.263,46675
1905-01-03,0.514,46798
1904-12-30,-0.758,46559
1904-12-29,0.875,46914
1904-12-28,0.944,46507
1904-12-27,0.860,46073
1904-12-23,0.651,45679
1904-12-22,-0.596,45384
1904-12-21,-0.864,45656
1904-12-20,0.727,46054
1904-12-19,-0.025,45721
1904-12-16,1.778,45733
1904-12-15,0.717,44934
1904-12-14,-0.223,44614
1904-12-13,0.574,44714
1904-12-12,-3.421,44459
1904-12-09,0.913,46034
1904-12-08,-0.709,45617
1904-12-07,-2.434,45943
1904-12-06,-0.648,47089
1904-12-05,0.316,47396
1904-12-02,0.563,47247
1904-12-01,-0.134,46983
1904-11-30,0.298,47046
1904-11-29,0.043,46906
1904-11-28,1.339,46885
1904-11-25,0.656,46266
1904-11-23,0.134,45965
1904-11-22,-0.833,45903
1904-11-21,0.635,46289
1904-11-18,-0.515,45997
1904-11-17,0.777,46235
1904-11-16,-0.257,45878
1904-11-15,0.731,45996
1904-11-14,0.044,45663
1904-11-11,1.076,45643
1904-11-10,0.239,45157
1904-11-09,0.933,45049
1904-11-07,0.753,44633
1904-11-04,0.066,44299
1904-11-03,-0.007,44270
1904-11-02,0.918,44273
1904-11-01,0.246,43870
1904-10-31,-0.811,43762
1904-10-28,1.510,44120
1904-10-27,-0.921,43464
1904-10-26,-0.394,43868
1904-10-25,-0.236,44041
1904-10-24,0.413,44146
1904-10-21,0.711,43964
1904-10-20,0.364,43654
1904-10-19,-0.282,43495
1904-10-18,0.290,43618
1904-10-17,0.881,43492
1904-10-14,1.458,43112
1904-10-13,0.407,42493
1904-10-12,0.146,42320
1904-10-11,0.497,42259
1904-10-10,0.778,42050
1904-10-07,0.481,41725
1904-10-06,-0.756,41525
1904-10-05,0.280,41842
1904-10-04,0.115,41725
1904-10-03,0.751,41677
1904-09-30,0.757,41366
1904-09-29,-0.343,41056
1904-09-28,0.386,41197
1904-09-27,0.422,41039
1904-09-26,0.674,40866
1904-09-23,0.656,40593
1904-09-22,-0.553,40328
1904-09-21,0.703,40552
1904-09-20,-0.791,40269
1904-09-19,-0.952,40591
1904-09-16,0.393,40981
1904-09-15,-0.308,40820
1904-09-14,1.086,40946
1904-09-13,-0.108,40506
1904-09-12,-0.667,40550
1904-09-09,0.657,40823
1904-09-08,0.456,40556
1904-09-07,-0.075,40372
1904-09-06,0.687,40402
1904-09-02,0.830,40127
1904-09-01,0.234,39796
1904-08-31,-0.362,39703
1904-08-30,-0.247,39848
1904-08-29,0.648,39946
1904-08-26,0.039,39689
1904-08-25,0.571,39674
1904-08-24,0.329,39448
1904-08-23,0.284,39319
1904-08-22,0.121,39208
1904-08-19,-0.552,39160
1904-08-18,0.330,39378
1904-08-17,0.484,39248
1904-08-16,-0.322,39059
1904-08-15,0.933,39185
1904-08-12,0.169,38823
1904-08-11,0.633,38758
1904-08-10,0.266,38514
1904-08-09,0.506,38412
1904-08-08,-0.043,38218
1904-08-05,0.232,38235
1904-08-04,0.004,38146
1904-08-03,0.377,38145
1904-08-02,-0.259,38002
1904-08-01,0.583,38100
1904-07-29,-0.404,37879
1904-07-28,1.097,38033
1904-07-27,-0.695,37620
1904-07-26,-0.903,37884
1904-07-25,-0.139,38229
1904-07-22,0.220,38282
1904-07-21,-0.400,38198
1904-07-20,-0.079,38352
1904-07-19,0.687,38382
1904-07-18,0.765,38120
1904-07-15,0.404,37831
1904-07-14,-0.141,37678
1904-07-13,0.479,37731
1904-07-12,1.211,37552
1904-07-11,-0.032,37103
1904-07-08,0.811,37115
1904-07-07,-0.673,36816
1904-07-06,0.950,37066
1904-07-05,1.022,36717
1904-07-01,0.219,36345
1904-06-30,0.105,36266
1904-06-29,0.232,36228
1904-06-28,-0.096,36144
1904-06-27,-0.159,36179
1904-06-24,-0.033,36236
1904-06-23,0.068,36248
1904-06-22,0.473,36224
1904-06-21,0.361,36053
1904-06-20,0.606,35924
1904-06-17,-0.345,35707
1904-06-16,0.169,35831
1904-06-15,-0.410,35771
1904-06-14,0.739,35918
1904-06-13,-0.147,35654
1904-06-10,0.475,35707
1904-06-09,0.285,35538
1904-06-08,0.440,35437
1904-06-07,0.313,35282
1904-06-06,0.082,35172
1904-06-03,0.262,35143
1904-06-02,-0.201,35051
1904-06-01,0.030,35122
1904-05-31,-0.060,35111
1904-05-27,0.005,35132
1904-05-26,0.095,35130
1904-05-25,-0.329,35097
1904-05-24,-0.468,35213
1904-05-23,1.390,35378
1904-05-20,0.342,34893
1904-05-19,-0.073,34774
1904-05-18,-0.112,34800
1904-05-17,0.356,34839
1904-05-16,-0.513,34715
1904-05-13,-0.369,34894
1904-05-12,-0.534,35023
1904-05-11,0.005,35211
1904-05-10,-0.417,35210
1904-05-09,-0.085,35357
1904-05-06,0.248,35387
1904-05-05,-0.352,35299
1904-05-04,0.337,35424
1904-05-03,0.094,35305
1904-05-02,-0.947,35272
1904-04-29,-0.299,35609
1904-04-28,-0.109,35716
1904-04-27,0.258,35755
1904-04-26,0.157,35663
1904-04-25,-0.563,35607
1904-04-22,0.169,35808
1904-04-21,0.794,35748
1904-04-20,-0.123,35466
1904-04-19,-0.388,35510
1904-04-18,-0.261,35648
1904-04-15,-0.008,35741
1904-04-14,-0.573,35744
1904-04-13,0.383,35950
1904-04-12,-0.821,35813
1904-04-11,0.812,36110
1904-04-08,-0.435,35819
1904-04-07,0.509,35975
1904-04-06,0.755,35793
1904-04-05,0.285,35525
1904-04-04,-0.553,35424
1904-03-31,0.297,35621
1904-03-30,-0.021,35515
1904-03-29,0.439,35523
1904-03-28,1.312,35367
1904-03-25,-0.189,34910
1904-03-24,-0.993,34976
1904-03-23,0.094,35326
1904-03-22,1.223,35293
1904-03-21,0.762,34867
1904-03-18,-0.611,34603
1904-03-17,1.095,34816
1904-03-16,0.226,34439
1904-03-15,2.116,34361
1904-03-14,-0.246,33649
1904-03-11,-0.744,33732
1904-03-10,-0.060,33984
1904-03-09,-0.335,34005
1904-03-08,-0.047,34119
1904-03-07,-0.593,34135
1904-03-04,0.123,34339
1904-03-03,0.162,34297
1904-03-02,0.175,34241
1904-03-01,0.452,34181
1904-02-29,0.295,34028
1904-02-26,-0.531,33928
1904-02-25,1.078,34109
1904-02-24,-0.338,33745
1904-02-23,-1.387,33859
1904-02-19,-0.370,34336
1904-02-18,-0.485,34463
1904-02-17,-0.406,34631
1904-02-16,-0.149,34772
1904-02-15,0.742,34824
1904-02-11,0.226,34567
1904-02-10,-0.176,34490
1904-02-09,0.161,34550
1904-02-08,-1.147,34495
1904-02-05,-1.084,34895
1904-02-04,-0.285,35277
1904-02-03,-0.585,35378
1904-02-02,-0.258,35586
1904-02-01,-0.294,35678
1904-01-29,-0.244,35784
1904-01-28,-1.479,35871
1904-01-27,0.350,36410
1904-01-26,0.699,36283
1904-01-25,-0.928,36031
1904-01-22,0.536,36369
1904-01-21,1.154,36175
1904-01-20,0.168,35762
1904-01-19,0.319,35702
1904-01-18,1.148,35588
1904-01-15,0.043,35184
1904-01-14,0.209,35169
1904-01-13,0.299,35096
1904-01-12,-0.805,34991
1904-01-11,0.502,35275
1904-01-08,1.008,35099
1904-01-07,0.276,34749
1904-01-06,-1.631,34653
1904-01-05,0.592,35228
1904-01-04,-1.995,35020
1903-12-31,0.018,35733
1903-12-30,-0.567,35727
1903-12-29,0.392,35931
1903-12-28,1.308,35790
1903-12-24,0.272,35328
1903-12-23,1.251,35233
1903-12-22,-0.123,34797
1903-12-21,-0.059,34840
1903-12-18,0.765,34861
1903-12-17,-0.450,34596
1903-12-16,0.020,34753
1903-12-15,0.223,34746
1903-12-14,0.906,34668
1903-12-11,-0.185,34357
1903-12-10,-1.208,34421
1903-12-09,0.376,34842
1903-12-08,-0.145,34712
1903-12-07,0.839,34762
1903-12-04,0.302,34473
1903-12-03,1.387,34369
1903-12-02,0.544,33899
1903-12-01,0.533,33716
1903-11-30,0.669,33537
1903-11-27,0.313,33314
1903-11-25,0.407,33210
1903-11-24,-0.852,33075
1903-11-23,0.299,33359
1903-11-20,-0.494,33260
1903-11-19,0.926,33425
1903-11-18,1.289,33118
1903-11-17,0.251,32697
1903-11-16,0.170,32615
1903-11-13,1.090,32560
1903-11-12,-0.673,32209
1903-11-11,-0.896,32427
1903-11-10,0.291,32720
1903-11-09,-0.544,32625
1903-11-06,0.480,32803
1903-11-05,-1.680,32647
1903-11-04,-0.718,33204
1903-11-02,0.819,33445
1903-10-30,-0.152,33173
1903-10-29,-0.495,33224
1903-10-28,-0.072,33389
1903-10-27,0.405,33413
1903-10-26,1.501,33278
1903-10-23,-0.488,32786
1903-10-22,-0.100,32947
1903-10-21,0.627,32980
1903-10-20,2.237,32774
1903-10-19,-2.305,32057
1903-10-16,2.956,32814
1903-10-15,0.271,31871
1903-10-14,-0.627,31785
1903-10-13,-0.213,31986
1903-10-12,-1.310,32054
1903-10-09,-0.006,32479
1903-10-08,-1.689,32481
1903-10-07,0.141,33039
1903-10-06,-0.046,32993
1903-10-05,-1.559,33008
1903-10-02,1.408,33530
1903-10-01,2.106,33065
1903-09-30,-1.694,32383
1903-09-29,2.973,32941
1903-09-28,-3.378,31990
1903-09-25,0.611,33108
1903-09-24,-1.810,32907
1903-09-23,-1.125,33513
1903-09-22,-0.162,33895
1903-09-21,-0.368,33950
1903-09-18,-0.717,34075
1903-09-17,-0.373,34322
1903-09-16,-0.534,34450
1903-09-15,0.322,34635
1903-09-14,-2.021,34524
1903-09-11,0.242,35236
1903-09-10,-0.438,35151
1903-09-09,0.118,35306
1903-09-08,-0.705,35264
1903-09-04,0.760,35515
1903-09-03,-0.852,35246
1903-09-02,0.117,35549
1903-09-01,-0.640,35508
1903-08-31,0.595,35736
1903-08-28,0.686,35525
1903-08-27,-0.228,35283
1903-08-26,-0.055,35364
1903-08-25,1.127,35383
1903-08-24,-0.279,34989
1903-08-21,-0.142,35087
1903-08-20,0.168,35137
1903-08-19,-2.453,35078
1903-08-18,0.079,35960
1903-08-17,0.776,35931
1903-08-14,2.358,35655
1903-08-13,1.686,34833
1903-08-12,2.550,34256
1903-08-11,0.942,33404
1903-08-10,-1.164,33092
1903-08-07,-0.678,33482
1903-08-06,1.850,33711
1903-08-05,-2.119,33098
1903-08-04,-2.236,33815
1903-08-03,-0.532,34588
1903-07-31,-0.144,34773
1903-07-30,-0.343,34824
1903-07-29,-0.279,34943
1903-07-28,0.746,35041
1903-07-27,0.624,34782
1903-07-24,-0.856,34566
1903-07-23,-1.216,34864
1903-07-22,0.929,35293
1903-07-21,-0.822,34969
1903-07-20,-2.312,35258
1903-07-17,1.402,36093
1903-07-16,0.400,35594
1903-07-15,-0.835,35452
1903-07-14,-1.778,35750
1903-07-13,-0.907,36397
1903-07-10,-1.097,36731
1903-07-09,-1.394,37138
1903-07-08,0.157,37663
1903-07-07,-0.075,37604
1903-07-06,-0.040,37632
1903-07-03,0.180,37647
1903-07-02,-1.084,37580
1903-07-01,0.144,37992
1903-06-30,0.179,37937
1903-06-29,2.302,37869
1903-06-26,-0.147,37017
1903-06-25,-0.252,37072
1903-06-24,-0.251,37165
1903-06-23,0.796,37259
1903-06-22,-0.894,36965
1903-06-19,0.743,37298
1903-06-18,-0.584,37023
1903-06-17,-0.271,37240
1903-06-16,0.458,37341
1903-06-15,-2.060,37171
1903-06-12,1.715,37953
1903-06-11,2.747,37313
1903-06-10,-1.015,36315
1903-06-09,-0.936,36688
1903-06-08,-0.973,37034
1903-06-05,-0.292,37398
1903-06-04,-1.521,37508
1903-06-03,0.051,38087
1903-06-02,0.747,38067
1903-06-01,-0.572,37785
1903-05-29,-0.389,38002
1903-05-28,-0.789,38151
1903-05-27,-0.229,38454
1903-05-26,1.320,38542
1903-05-25,-2.929,38040
1903-05-22,0.503,39188
1903-05-21,0.943,38992
1903-05-20,-1.347,38628
1903-05-19,0.337,39155
1903-05-18,-1.237,39024
1903-05-15,-0.418,39513
1903-05-14,-0.652,39678
1903-05-13,-0.080,39939
1903-05-12,-0.188,39971
1903-05-11,-0.166,40046
1903-05-08,0.006,40113
1903-05-07,-0.592,40110
1903-05-06,0.049,40349
1903-05-05,-0.144,40330
1903-05-04,0.953,40388
1903-05-01,0.515,40006
1903-04-30,-0.554,39801
1903-04-29,0.743,40023
1903-04-28,0.049,39728
1903-04-27,-1.078,39708
1903-04-24,0.006,40141
1903-04-23,-0.411,40139
1903-04-21,0.457,40304
1903-04-20,0.916,40121
1903-04-17,0.759,39757
1903-04-16,1.121,39457
1903-04-15,-0.093,39020
1903-04-14,1.712,39056
1903-04-13,-2.765,38399
1903-04-09,-0.255,39491
1903-04-08,0.224,39592
1903-04-07,-0.299,39503
1903-04-06,-0.168,39622
1903-04-03,0.289,39688
1903-04-02,-0.900,39574
1903-04-01,-0.027,39933
1903-03-31,1.163,39944
1903-03-30,-0.461,39485
1903-03-27,-1.260,39668
1903-03-26,0.167,40174
1903-03-25,-0.666,40107
1903-03-24,-1.248,40376
1903-03-23,-0.810,40886
1903-03-20,0.652,41220
1903-03-19,0.751,40953
1903-03-18,0.682,40648
1903-03-17,0.367,40372
1903-03-16,-0.395,40225
1903-03-13,0.133,40384
1903-03-12,-0.310,40331
1903-03-11,1.039,40456
1903-03-10,-1.058,40040
1903-03-09,-1.037,40468
1903-03-06,0.710,40892
1903-03-05,-1.778,40604
1903-03-04,0.348,41339
1903-03-03,-0.550,41196
1903-03-02,-0.424,41423
1903-02-27,-0.555,41600
1903-02-26,-0.803,41832
1903-02-25,-0.387,42171
1903-02-24,-0.265,42334
1903-02-20,0.714,42447
1903-02-19,-0.707,42146
1903-02-18,-1.077,42446
1903-02-17,-0.262,42909
1903-02-16,0.224,43021
1903-02-13,-0.064,42925
1903-02-11,-0.064,42952
1903-02-10,-0.054,42979
1903-02-09,0.685,43003
1903-02-06,-0.332,42710
1903-02-05,0.165,42852
1903-02-04,0.517,42782
1903-02-03,0.167,42562
1903-02-02,0.531,42491
1903-01-30,-0.626,42267
1903-01-29,0.237,42533
1903-01-28,-0.064,42432
1903-01-27,-0.034,42459
1903-01-26,0.846,42474
1903-01-23,-0.778,42117
1903-01-22,-0.255,42448
1903-01-21,0.947,42556
1903-01-20,-0.427,42157
1903-01-19,-0.515,42338
1903-01-16,0.388,42557
1903-01-15,-0.405,42392
1903-01-14,-0.084,42565
1903-01-13,-0.234,42600
1903-01-12,-0.718,42700
1903-01-09,0.145,43009
1903-01-08,0.746,42947
1903-01-07,-0.551,42629
1903-01-06,1.123,42865
1903-01-05,0.552,42389
1903-01-02,0.260,42156
1902-12-31,0.495,42047
1902-12-30,1.109,41840
1902-12-29,-0.456,41381
1902-12-26,0.719,41570
1902-12-24,0.724,41273
1902-12-23,-0.799,40977
1902-12-22,1.462,41307
1902-12-19,-0.064,40711
1902-12-18,1.821,40738
1902-12-17,0.461,40009
1902-12-16,0.324,39826
1902-12-15,-0.756,39697
1902-12-12,0.728,39999
1902-12-11,-1.276,39710
1902-12-10,-1.841,40223
1902-12-09,-0.191,40978
1902-12-08,0.387,41056
1902-12-05,-0.150,40898
1902-12-04,-0.498,40959
1902-12-03,-0.108,41164
1902-12-02,-0.708,41209
1902-12-01,0.629,41503
1902-11-28,1.165,41243
1902-11-26,-0.818,40768
1902-11-25,-0.993,41104
1902-11-24,0.025,41516
1902-11-21,1.482,41506
1902-11-20,0.586,40900
1902-11-19,0.822,40661
1902-11-18,-0.775,40330
1902-11-17,1.944,40645
1902-11-14,-1.785,39870
1902-11-13,0.026,40595
1902-11-12,0.675,40584
1902-11-11,-1.523,40312
1902-11-10,-2.324,40935
1902-11-07,-0.046,41909
1902-11-06,0.116,41928
1902-11-05,-1.369,41880
1902-11-03,-0.746,42461
1902-10-31,0.871,42780
1902-10-30,0.485,42411
1902-10-29,-0.918,42206
1902-10-28,-0.015,42597
1902-10-27,-0.812,42604
1902-10-24,0.429,42952
1902-10-23,-0.271,42769
1902-10-22,0.123,42885
1902-10-21,-0.982,42833
1902-10-20,-0.317,43258
1902-10-17,0.938,43395
1902-10-16,1.379,42992
1902-10-15,0.395,42407
1902-10-14,1.343,42240
1902-10-13,-1.464,41681
1902-10-10,-0.650,42300
1902-10-09,1.118,42577
1902-10-08,0.559,42106
1902-10-07,-0.757,41872
1902-10-06,-2.638,42191
1902-10-03,-0.093,43334
1902-10-02,-0.248,43374
1902-10-01,0.024,43482
1902-09-30,3.547,43472
1902-09-29,-4.051,41983
1902-09-26,0.675,43755
1902-09-25,0.346,43462
1902-09-24,-0.317,43312
1902-09-23,-1.969,43450
1902-09-22,-0.884,44322
1902-09-19,0.121,44718
1902-09-18,0.523,44664
1902-09-17,0.411,44431
1902-09-16,0.289,44249
1902-09-15,0.023,44122
1902-09-12,-0.974,44112
1902-09-11,-0.212,44545
1902-09-10,-0.211,44640
1902-09-09,0.380,44734
1902-09-08,0.363,44565
1902-09-05,0.335,44404
1902-09-04,-0.401,44255
1902-09-03,0.392,44434
1902-09-02,0.547,44260
1902-08-29,0.329,44019
1902-08-28,-0.082,43875
1902-08-27,0.119,43911
1902-08-26,-0.091,43859
1902-08-25,0.570,43899
1902-08-22,0.593,43650
1902-08-21,-0.895,43392
1902-08-20,0.283,43784
1902-08-19,0.419,43661
1902-08-18,-0.332,43479
1902-08-15,-0.369,43624
1902-08-14,0.456,43785
1902-08-13,0.352,43586
1902-08-12,-0.005,43434
1902-08-11,-0.790,43436
1902-08-08,-0.034,43782
1902-08-07,0.369,43797
1902-08-06,0.322,43635
1902-08-05,0.255,43495
1902-08-04,-0.179,43385
1902-08-01,0.004,43462
1902-07-31,-0.361,43460
1902-07-30,0.313,43618
1902-07-29,-0.789,43482
1902-07-28,-0.120,43828
1902-07-25,0.542,43880
1902-07-24,0.072,43644
1902-07-23,0.419,43613
1902-07-22,0.450,43431
1902-07-21,-0.314,43236
1902-07-18,0.412,43372
1902-07-17,0.286,43194
1902-07-16,0.739,43071
1902-07-15,0.112,42755
1902-07-14,0.686,42707
1902-07-11,0.242,42416
1902-07-10,0.233,42314
1902-07-09,-0.154,42216
1902-07-08,-0.005,42281
1902-07-07,0.432,42283
1902-07-03,0.535,42101
1902-07-02,0.356,41877
1902-07-01,0.175,41729
1902-06-30,0.327,41655
1902-06-27,-0.026,41520
1902-06-26,0.339,41530
1902-06-25,0.126,41390
1902-06-24,-0.610,41338
1902-06-23,-0.447,41592
1902-06-20,0.038,41778
1902-06-19,-0.716,41762
1902-06-18,0.272,42063
1902-06-17,0.104,41949
1902-06-16,0.243,41906
1902-06-13,0.483,41804
1902-06-12,-0.145,41603
1902-06-11,0.204,41664
1902-06-10,0.668,41579
1902-06-09,0.186,41303
1902-06-06,0.095,41227
1902-06-05,-0.626,41187
1902-06-04,-0.076,41447
1902-06-03,-0.135,41478
1902-06-02,-0.125,41534
1902-05-29,0.345,41587
1902-05-28,0.005,41444
1902-05-27,-0.046,41442
1902-05-26,-0.414,41461
1902-05-23,0.425,41633
1902-05-22,0.185,41457
1902-05-21,0.549,41380
1902-05-20,0.880,41154
1902-05-19,-0.733,40795
1902-05-16,-1.292,41097
1902-05-15,0.315,41634
1902-05-14,0.225,41504
1902-05-13,0.742,41411
1902-05-12,-1.595,41106
1902-05-09,-0.391,41772
1902-05-08,0.253,41936
1902-05-07,-0.607,41831
1902-05-06,1.476,42086
1902-05-05,-0.066,41474
1902-05-02,-1.735,41501
1902-05-01,0.419,42234
1902-04-30,-0.340,42058
1902-04-29,0.548,42201
1902-04-28,0.292,41971
1902-04-25,-0.065,41849
1902-04-24,1.208,41876
1902-04-23,0.185,41376
1902-04-22,-0.764,41299
1902-04-21,-0.541,41617
1902-04-18,0.403,41844
1902-04-17,0.747,41676
1902-04-16,0.246,41367
1902-04-15,0.602,41265
1902-04-14,0.657,41018
1902-04-11,0.147,40751
1902-04-10,-0.735,40691
1902-04-09,0.381,40992
1902-04-08,0.392,40837
1902-04-07,-0.685,40677
1902-04-04,0.208,40957
1902-04-03,0.783,40872
1902-04-02,0.046,40555
1902-04-01,-0.179,40537
1902-03-31,0.281,40609
1902-03-27,-0.139,40496
1902-03-26,0.035,40552
1902-03-25,-0.414,40537
1902-03-24,-0.026,40706
1902-03-21,0.562,40716
1902-03-20,0.331,40489
1902-03-19,0.260,40355
1902-03-18,0.261,40250
1902-03-17,0.613,40146
1902-03-14,0.357,39901
1902-03-13,0.243,39759
1902-03-12,0.078,39663
1902-03-11,0.088,39632
1902-03-10,-0.696,39597
1902-03-07,-0.488,39875
1902-03-06,0.958,40070
1902-03-05,0.442,39690
1902-03-04,-0.544,39515
1902-03-03,0.588,39731
1902-02-28,-0.420,39499
1902-02-27,0.098,39666
1902-02-26,-0.429,39627
1902-02-25,0.410,39797
1902-02-24,0.161,39635
1902-02-21,0.349,39572
1902-02-20,-1.515,39434
1902-02-19,0.438,40041
1902-02-18,-0.355,39866
1902-02-17,0.418,40008
1902-02-14,0.170,39841
1902-02-13,-0.642,39774
1902-02-11,0.097,40031
1902-02-10,-0.077,39992
1902-02-07,0.159,40023
1902-02-06,0.616,39959
1902-02-05,0.641,39714
1902-02-04,0.172,39462
1902-02-03,-0.380,39394
1902-01-31,0.182,39544
1902-01-30,0.455,39472
1902-01-29,-0.433,39293
1902-01-28,1.218,39464
1902-01-27,-0.184,38989
1902-01-24,-0.100,39061
1902-01-23,0.513,39100
1902-01-22,0.069,38901
1902-01-21,0.016,38874
1902-01-20,-0.751,38868
1902-01-17,0.916,39163
1902-01-16,0.186,38807
1902-01-15,0.700,38735
1902-01-14,-1.063,38466
1902-01-13,-0.657,38879
1902-01-10,-0.362,39136
1902-01-09,-0.630,39278
1902-01-08,0.423,39527
1902-01-07,-0.927,39361
1902-01-06,0.473,39729
1902-01-03,-0.512,39542
1902-01-02,0.577,39746
1901-12-31,0.919,39517
1901-12-30,0.184,39158
1901-12-27,0.747,39086
1901-12-26,1.131,38796
1901-12-24,-0.337,38362
1901-12-23,-0.653,38492
1901-12-20,0.704,38745
1901-12-19,-0.101,38474
1901-12-18,0.461,38513
1901-12-17,0.721,38336
1901-12-16,0.316,38062
1901-12-13,0.447,37942
1901-12-12,-1.063,37773
1901-12-11,-0.790,38179
1901-12-10,-0.354,38483
1901-12-09,-0.489,38620
1901-12-06,-1.454,38809
1901-12-05,0.035,39382
1901-12-04,0.829,39368
1901-12-03,0.476,39045
1901-12-02,-1.595,38860
1901-11-29,-0.284,39490
1901-11-27,0.345,39602
1901-11-26,0.108,39466
1901-11-25,-0.592,39424
1901-11-22,0.718,39658
1901-11-21,1.029,39375
1901-11-20,-0.079,38975
1901-11-19,-0.173,39005
1901-11-18,-0.380,39073
1901-11-15,1.043,39222
1901-11-14,-1.270,38817
1901-11-13,-0.089,39317
1901-11-12,-0.480,39352
1901-11-11,1.109,39541
1901-11-08,0.402,39108
1901-11-07,0.287,38951
1901-11-06,1.161,38840
1901-11-04,-0.239,38394
1901-11-01,0.676,38486
1901-10-31,-0.314,38228
1901-10-30,0.463,38348
1901-10-29,0.877,38171
1901-10-28,-1.208,37840
1901-10-25,-0.070,38303
1901-10-24,-0.155,38329
1901-10-23,0.570,38389
1901-10-22,0.790,38171
1901-10-21,-0.049,37872
1901-10-18,0.231,37891
1901-10-17,0.340,37804
1901-10-16,-0.168,37676
1901-10-15,-0.383,37739
1901-10-14,-0.403,37884
1901-10-11,0.978,38037
1901-10-10,1.498,37669
1901-10-09,0.269,37113
1901-10-08,0.458,37014
1901-10-07,-1.014,36845
1901-10-04,0.059,37222
1901-10-03,-0.918,37200
1901-10-02,-0.374,37545
1901-10-01,-0.244,37686
1901-09-30,-1.116,37778
1901-09-27,0.887,38204
1901-09-26,0.632,37868
1901-09-25,-1.730,37630
1901-09-24,-0.070,38293
1901-09-23,-1.380,38320
1901-09-20,0.219,38856
1901-09-18,0.940,38771
1901-09-17,-0.100,38410
1901-09-16,3.673,38449
1901-09-13,-3.341,37087
1901-09-12,-0.226,38368
1901-09-11,-0.849,38455
1901-09-10,1.120,38784
1901-09-09,-2.006,38355
1901-09-06,-0.304,39140
1901-09-05,-0.293,39259
1901-09-04,0.769,39374
1901-09-03,-1.200,39074
1901-08-30,0.611,39548
1901-08-29,0.262,39308
1901-08-28,-0.016,39206
1901-08-27,-1.024,39212
1901-08-26,1.076,39618
1901-08-23,0.804,39196
1901-08-22,0.726,38883
1901-08-21,0.183,38603
1901-08-20,0.521,38533
1901-08-19,-0.342,38333
1901-08-16,-0.392,38464
1901-08-15,1.083,38616
1901-08-14,0.429,38202
1901-08-13,1.067,38039
1901-08-12,0.145,37638
1901-08-09,-0.487,37583
1901-08-08,0.965,37767
1901-08-07,0.515,37406
1901-08-06,0.288,37214
1901-08-05,-2.291,37108
1901-08-02,-0.587,37978
1901-08-01,0.280,38202
1901-07-31,-0.627,38095
1901-07-30,-0.477,38335
1901-07-29,0.765,38519
1901-07-26,0.546,38227
1901-07-25,0.635,38019
1901-07-24,-0.811,37779
1901-07-23,1.642,38088
1901-07-22,-3.116,37473
1901-07-19,-1.130,38678
1901-07-18,1.048,39120
1901-07-17,2.792,38715
1901-07-16,0.609,37663
1901-07-15,-0.563,37435
1901-07-12,-1.744,37647
1901-07-11,-1.120,38316
1901-07-10,-2.583,38750
1901-07-09,1.540,39777
1901-07-08,-3.515,39174
1901-07-03,-0.411,40601
1901-07-02,-0.104,40769
1901-07-01,-0.399,40812
1901-06-28,0.460,40975
1901-06-27,-0.203,40788
1901-06-26,-0.262,40871
1901-06-25,-0.816,40978
1901-06-24,-0.132,41315
1901-06-21,0.814,41370
1901-06-20,-0.201,41036
1901-06-19,-0.250,41119
1901-06-18,-0.701,41222
1901-06-17,1.006,41513
1901-06-14,0.052,41099
1901-06-13,1.296,41078
1901-06-12,0.489,40553
1901-06-11,-0.076,40355
1901-06-10,-0.490,40386
1901-06-07,-0.037,40585
1901-06-06,-0.076,40600
1901-06-05,-0.409,40631
1901-06-04,-0.232,40798
1901-06-03,2.986,40892
1901-05-31,1.778,39707
1901-05-29,0.758,39013
1901-05-28,0.648,38720
1901-05-27,-0.308,38470
1901-05-24,0.587,38589
1901-05-23,-0.712,38364
1901-05-22,-0.069,38639
1901-05-21,0.764,38666
1901-05-20,-1.060,38372
1901-05-17,2.499,38783
1901-05-16,1.061,37838
1901-05-15,1.710,37440
1901-05-14,-4.215,36811
1901-05-13,-0.163,38430
1901-05-10,6.421,38493
1901-05-09,-6.976,36171
1901-05-08,-4.537,38883
1901-05-07,-0.564,40731
1901-05-06,1.330,40962
1901-05-03,-1.191,40424
1901-05-02,-0.338,40911
1901-05-01,0.997,41050
1901-04-30,0.647,40645
1901-04-29,1.584,40384
1901-04-26,0.795,39754
1901-04-25,0.811,39441
1901-04-24,0.332,39123
1901-04-23,-0.700,38994
1901-04-22,-0.565,39269
1901-04-19,1.265,39492
1901-04-18,0.737,38998
1901-04-17,-0.275,38713
1901-04-16,0.345,38820
1901-04-15,1.366,38687
1901-04-12,0.615,38165
1901-04-11,-0.647,37932
1901-04-10,1.084,38179
1901-04-09,1.433,37769
1901-04-08,-1.594,37236
1901-04-04,0.322,37839
1901-04-03,1.141,37718
1901-04-02,0.543,37292
1901-04-01,1.271,37091
1901-03-29,0.608,36625
1901-03-28,0.235,36404
1901-03-27,0.736,36319
1901-03-26,0.181,36053
1901-03-25,-0.418,35988
1901-03-22,0.048,36139
1901-03-21,0.259,36122
1901-03-20,-0.097,36028
1901-03-19,0.382,36063
1901-03-18,1.842,35926
1901-03-15,0.180,35276
1901-03-14,0.278,35213
1901-03-13,0.199,35115
1901-03-12,0.098,35045
1901-03-11,0.132,35011
1901-03-08,-0.027,34965
1901-03-07,0.109,34975
1901-03-06,0.291,34936
1901-03-05,0.224,34835
1901-03-04,0.500,34757
1901-03-01,0.688,34584
1901-02-28,-0.760,34348
1901-02-27,0.375,34611
1901-02-26,-0.119,34482
1901-02-25,-0.130,34523
1901-02-21,0.479,34568
1901-02-20,-0.531,34403
1901-02-19,-0.438,34587
1901-02-18,-1.730,34739
1901-02-15,0.821,35351
1901-02-14,0.736,35063
1901-02-13,-1.174,34807
1901-02-11,0.142,35220
1901-02-08,0.346,35170
1901-02-07,-0.689,35049
1901-02-06,0.492,35292
1901-02-05,0.769,35119
1901-02-04,1.274,34851
1901-02-01,0.738,34413
1901-01-31,0.850,34161
1901-01-30,0.336,33873
1901-01-29,0.137,33760
1901-01-28,0.753,33714
1901-01-25,0.940,33462
1901-01-24,-1.104,33150
1901-01-23,0.459,33520
1901-01-22,0.846,33367
1901-01-21,-0.469,33087
1901-01-18,-0.668,33243
1901-01-17,-0.534,33466
1901-01-16,-0.636,33646
1901-01-15,-0.609,33862
1901-01-14,-0.467,34069
1901-01-11,0.683,34229
1901-01-10,-0.260,33997
1901-01-09,0.252,34086
1901-01-08,0.229,34000
1901-01-07,-0.377,33922
1901-01-04,2.906,34050
1901-01-03,-2.617,33089
1901-01-02,-0.237,33978
1900-12-31,1.137,34059
1900-12-28,-0.438,33676
1900-12-27,0.230,33824
1900-12-26,2.020,33746
1900-12-21,1.235,33078
1900-12-20,0.414,32675
1900-12-19,0.794,32540
1900-12-18,0.150,32284
1900-12-17,1.161,32235
1900-12-14,1.162,31865
1900-12-13,-0.504,31499
1900-12-12,0.066,31659
1900-12-11,1.145,31638
1900-12-10,0.534,31280
1900-12-07,-0.908,31114
1900-12-06,-0.419,31399
1900-12-05,0.542,31531
1900-12-04,-1.231,31361
1900-12-03,-0.279,31752
1900-11-30,0.562,31841
1900-11-28,-0.256,31663
1900-11-27,-0.070,31744
1900-11-26,1.267,31767
1900-11-23,-1.886,31369
1900-11-22,-0.094,31972
1900-11-21,0.299,32002
1900-11-20,0.910,31907
1900-11-19,0.253,31619
1900-11-16,1.738,31539
1900-11-15,0.962,31001
1900-11-14,0.738,30705
1900-11-13,-1.179,30480
1900-11-12,1.371,30844
1900-11-09,1.205,30427
1900-11-08,1.113,30065
1900-11-07,2.465,29734
1900-11-05,2.032,29018
1900-11-02,0.115,28440
1900-11-01,0.240,28408
1900-10-31,-0.491,28340
1900-10-30,0.475,28480
1900-10-29,-1.482,28345
1900-10-26,0.182,28771
1900-10-25,-0.214,28719
1900-10-24,0.278,28781
1900-10-23,0.004,28701
1900-10-22,1.786,28700
1900-10-19,0.790,28196
1900-10-18,0.583,27975
1900-10-17,-0.010,27813
1900-10-16,0.089,27816
1900-10-15,2.419,27791
1900-10-12,1.013,27134
1900-10-11,0.151,26862
1900-10-10,-0.461,26822
1900-10-09,0.282,26946
1900-10-08,-0.950,26870
1900-10-05,0.426,27128
1900-10-04,0.281,27013
1900-10-03,1.050,26937
1900-10-02,-0.362,26657
1900-10-01,1.569,26754
1900-09-28,-0.998,26341
1900-09-27,1.944,26606
1900-09-26,0.155,26099
1900-09-25,0.657,26058
1900-09-24,-1.400,25888
1900-09-21,0.225,26256
1900-09-20,-1.382,26197
1900-09-19,-1.321,26564
1900-09-18,0.220,26920
1900-09-17,-1.138,26861
1900-09-14,-0.915,27170
1900-09-13,-0.363,27421
1900-09-12,0.187,27521
1900-09-11,0.031,27469
1900-09-10,-0.081,27461
1900-09-07,-0.166,27483
1900-09-06,0.074,27529
1900-09-05,0.300,27509
1900-09-04,0.315,27426
1900-08-31,-0.322,27340
1900-08-30,-0.011,27428
1900-08-29,0.872,27431
1900-08-28,-0.380,27194
1900-08-27,-0.393,27298
1900-08-24,-0.194,27406
1900-08-23,-0.194,27459
1900-08-22,0.187,27512
1900-08-21,-0.081,27461
1900-08-20,-0.376,27483
1900-08-17,0.088,27587
1900-08-16,-0.375,27563
1900-08-15,0.312,27667
1900-08-14,0.497,27581
1900-08-13,0.872,27444
1900-08-10,0.346,27207
1900-08-09,0.075,27113
1900-08-08,0.018,27093
1900-08-07,-0.040,27088
1900-08-06,0.075,27099
1900-08-03,0.333,27079
1900-08-02,0.219,26989
1900-08-01,0.495,26930
1900-07-31,0.018,26797
1900-07-30,-1.268,26792
1900-07-27,0.433,27136
1900-07-26,-0.439,27019
1900-07-25,-0.196,27138
1900-07-24,-1.040,27192
1900-07-23,1.303,27478
1900-07-20,1.057,27124
1900-07-19,0.424,26840
1900-07-18,-0.315,26727
1900-07-17,0.893,26812
1900-07-16,0.266,26574
1900-07-13,-1.181,26504
1900-07-12,-0.141,26821
1900-07-11,0.467,26858
1900-07-10,1.534,26734
1900-07-09,-0.349,26330
1900-07-06,-0.768,26422
1900-07-05,0.973,26626
1900-07-03,0.077,26370
1900-07-02,1.239,26349
1900-06-29,-0.160,26027
1900-06-28,1.375,26069
1900-06-27,-0.237,25715
1900-06-26,0.776,25776
1900-06-25,-0.808,25578
1900-06-22,-0.949,25786
1900-06-21,0.407,26033
1900-06-20,-0.841,25928
1900-06-19,-0.056,26148
1900-06-18,-2.128,26162
1900-06-15,-0.448,26731
1900-06-14,-0.844,26851
1900-06-13,1.004,27080
1900-06-12,0.277,26811
1900-06-11,-0.734,26737
1900-06-08,-1.078,26934
1900-06-07,0.357,27228
1900-06-06,-0.821,27131
1900-06-05,-0.330,27356
1900-06-04,-1.763,27446
1900-06-01,0.889,27939
1900-05-31,1.335,27693
1900-05-29,0.724,27328
1900-05-28,0.174,27131
1900-05-25,-0.221,27084
1900-05-24,-0.779,27144
1900-05-23,0.257,27357
1900-05-22,0.413,27287
1900-05-21,-0.584,27175
1900-05-18,1.181,27334
1900-05-17,-0.363,27015
1900-05-16,1.017,27113
1900-05-15,-0.124,26840
1900-05-14,-0.590,26874
1900-05-11,-1.735,27033
1900-05-10,0.564,27510
1900-05-09,0.243,27356
1900-05-08,-1.976,27290
1900-05-07,-0.665,27840
1900-05-04,0.237,28026
1900-05-03,0.293,27960
1900-05-02,-0.623,27878
1900-05-01,0.237,28053
1900-04-30,-1.185,27987
1900-04-27,-0.800,28322
1900-04-26,1.336,28551
1900-04-25,0.222,28174
1900-04-24,0.114,28112
1900-04-23,-1.737,28080
1900-04-20,0.421,28577
1900-04-19,0.315,28457
1900-04-18,0.018,28367
1900-04-17,-0.251,28362
1900-04-16,-2.221,28434
1900-04-12,0.242,29080
1900-04-11,0.203,29009
1900-04-10,-1.017,28951
1900-04-09,-0.074,29248
1900-04-06,0.398,29270
1900-04-05,-0.140,29154
1900-04-04,0.228,29195
1900-04-03,-0.035,29128
1900-04-02,0.189,29139
1900-03-30,0.747,29084
1900-03-29,-0.681,28868
1900-03-28,0.681,29066
1900-03-27,0.471,28869
1900-03-26,1.341,28734
1900-03-23,-0.640,28354
1900-03-22,0.585,28536
1900-03-21,0.725,28370
1900-03-20,0.951,28166
1900-03-19,0.821,27901
1900-03-16,-0.056,27674
1900-03-15,-0.145,27689
1900-03-14,-0.794,27729
1900-03-13,-0.130,27951
1900-03-12,2.330,27988
1900-03-09,-0.119,27351
1900-03-08,-0.449,27383
1900-03-07,-0.036,27507
1900-03-06,-0.187,27517
1900-03-05,0.322,27568
1900-03-02,-1.434,27480
1900-03-01,-0.333,27880
1900-02-28,0.920,27973
1900-02-27,-0.213,27718
1900-02-26,-0.779,27777
1900-02-23,-0.933,27995
1900-02-21,-0.369,28259
1900-02-20,-0.075,28363
1900-02-19,0.032,28385
1900-02-16,-0.658,28376
1900-02-15,0.058,28563
1900-02-14,-0.194,28547
1900-02-13,0.550,28602
1900-02-09,-0.551,28446
1900-02-08,-0.639,28603
1900-02-07,-0.349,28787
1900-02-06,0.413,28888
1900-02-05,1.096,28769
1900-02-02,0.837,28458
1900-02-01,0.707,28221
1900-01-31,0.235,28023
1900-01-30,1.629,27958
1900-01-29,-0.009,27509
1900-01-26,-1.016,27512
1900-01-25,0.567,27794
1900-01-24,0.514,27638
1900-01-23,-1.299,27496
1900-01-22,0.141,27858
1900-01-19,1.245,27819
1900-01-18,-0.105,27477
1900-01-17,0.350,27506
1900-01-16,0.338,27410
1900-01-15,-0.860,27318
1900-01-12,1.895,27555
1900-01-11,-0.842,27042
1900-01-10,-0.203,27272
1900-01-09,-1.469,27327
1900-01-08,-0.874,27734
1900-01-05,-0.211,27979
1900-01-04,0.739,28038
1900-01-03,-1.942,27832
1900-01-02,2.535,28384
1899-12-29,1.350,27682
1899-12-28,0.172,27313
1899-12-27,2.906,27267
1899-12-26,3.879,26497
1899-12-22,-1.414,25507
1899-12-21,-1.791,25873
1899-12-20,-0.267,26345
1899-12-19,2.820,26415
1899-12-18,-8.724,25691
1899-12-15,1.135,28146
1899-12-14,1.312,27831
1899-12-13,-3.306,27470
1899-12-12,-0.172,28409
1899-12-11,-2.005,28458
1899-12-08,-2.239,29041
1899-12-07,-0.203,29706
1899-12-06,0.201,29766
1899-12-05,-0.754,29706
1899-12-04,-1.154,29932
1899-12-01,-0.359,30281
1899-11-29,0.222,30391
1899-11-28,0.061,30323
1899-11-27,-0.100,30305
1899-11-24,0.272,30335
1899-11-23,0.186,30253
1899-11-22,0.274,30197
1899-11-21,-0.250,30114
1899-11-20,-0.199,30190
1899-11-17,-0.224,30250
1899-11-16,1.228,30318
1899-11-15,0.579,29950
1899-11-14,-0.440,29777
1899-11-13,0.695,29909
1899-11-10,-0.766,29703
1899-11-09,-1.068,29932
1899-11-08,-0.248,30255
1899-11-06,-0.334,30331
1899-11-03,-0.602,30432
1899-11-02,0.890,30617
1899-11-01,0.334,30347
1899-10-31,0.211,30245
1899-10-30,0.286,30182
1899-10-27,0.024,30096
1899-10-26,-0.026,30088
1899-10-25,0.665,30096
1899-10-24,-0.414,29897
1899-10-23,1.549,30022
1899-10-20,0.613,29564
1899-10-19,-0.370,29384
1899-10-18,0.989,29493
1899-10-17,0.244,29204
1899-10-16,0.844,29133
1899-10-13,-0.698,28889
1899-10-12,-0.795,29092
1899-10-11,-0.371,29325
1899-10-10,0.849,29434
1899-10-09,0.038,29186
1899-10-06,0.569,29175
1899-10-05,0.181,29010
1899-10-04,0.995,28958
1899-10-03,-0.053,28673
1899-10-02,-2.078,28688
1899-09-28,-0.014,29297
1899-09-27,0.631,29301
1899-09-26,-0.438,29117
1899-09-25,-1.742,29245
1899-09-22,1.161,29764
1899-09-21,1.018,29422
1899-09-20,-0.399,29126
1899-09-19,0.789,29242
1899-09-18,-2.476,29013
1899-09-15,-1.217,29750
1899-09-14,-0.824,30117
1899-09-13,1.520,30367
1899-09-12,-0.756,29912
1899-09-11,-1.307,30140
1899-09-08,-0.220,30539
1899-09-07,-0.811,30606
1899-09-06,-0.410,30856
1899-09-05,1.564,30983
1899-09-01,-0.172,30506
1899-08-31,-0.196,30559
1899-08-30,0.748,30619
1899-08-29,-0.611,30392
1899-08-28,0.231,30578
1899-08-25,-0.111,30508
1899-08-24,-0.037,30541
1899-08-23,0.786,30553
1899-08-22,-0.588,30315
1899-08-21,0.122,30494
1899-08-18,0.232,30457
1899-08-17,0.766,30386
1899-08-16,-0.112,30155
1899-08-15,-0.785,30189
1899-08-14,0.690,30428
1899-08-11,-0.247,30219
1899-08-10,0.531,30294
1899-08-09,0.235,30134
1899-08-08,0.535,30063
1899-08-07,-0.707,29903
1899-08-04,-0.174,30116
1899-08-03,0.024,30169
1899-08-02,0.073,30161
1899-08-01,-0.161,30139
1899-07-31,0.733,30188
1899-07-28,0.726,29968
1899-07-27,0.516,29752
1899-07-26,-0.252,29600
1899-07-25,0.150,29674
1899-07-24,-0.114,29630
1899-07-21,0.594,29664
1899-07-20,0.738,29489
1899-07-19,-0.445,29273
1899-07-18,0.368,29403
1899-07-17,-0.204,29296
1899-07-14,-0.857,29355
1899-07-13,-0.026,29609
1899-07-12,0.531,29617
1899-07-11,1.177,29461
1899-07-10,-2.058,29118
1899-07-07,0.630,29730
1899-07-06,-0.215,29543
1899-07-05,1.081,29607
1899-06-30,0.524,29290
1899-06-29,-0.294,29138
1899-06-28,0.461,29224
1899-06-27,0.205,29090
1899-06-26,1.777,29030
1899-06-23,0.950,28523
1899-06-22,-0.251,28255
1899-06-21,-0.564,28326
1899-06-20,0.354,28487
1899-06-19,-0.990,28386
1899-06-16,0.018,28670
1899-06-15,-0.335,28665
1899-06-14,-0.155,28761
1899-06-13,-1.169,28806
1899-06-12,0.484,29147
1899-06-09,1.515,29006
1899-06-08,0.220,28573
1899-06-07,0.969,28511
1899-06-06,0.792,28237
1899-06-05,-0.631,28015
1899-06-02,2.241,28193
1899-06-01,0.349,27575
1899-05-31,-2.701,27479
1899-05-26,-0.275,28242
1899-05-25,0.829,28320
1899-05-24,-0.720,28087
1899-05-23,-0.573,28291
1899-05-22,-0.788,28454
1899-05-19,-0.207,28680
1899-05-18,-0.692,28739
1899-05-17,1.822,28940
1899-05-16,1.079,28422
1899-05-15,-2.328,28118
1899-05-12,0.283,28789
1899-05-11,-0.680,28707
1899-05-10,2.898,28904
1899-05-09,-2.268,28090
1899-05-08,-2.549,28741
1899-05-05,-1.448,29493
1899-05-04,-0.579,29926
1899-05-03,-0.222,30101
1899-05-02,1.557,30168
1899-05-01,-3.010,29705
1899-04-28,-0.109,30627
1899-04-27,-0.254,30661
1899-04-26,0.047,30739
1899-04-25,0.630,30724
1899-04-24,-0.495,30532
1899-04-21,0.375,30684
1899-04-20,-0.194,30569
1899-04-19,-0.097,30629
1899-04-18,0.558,30659
1899-04-17,-0.183,30489
1899-04-14,0.413,30544
1899-04-13,0.109,30419
1899-04-12,0.292,30386
1899-04-11,1.968,30297
1899-04-10,-0.163,29713
1899-04-07,-0.925,29761
1899-04-06,-1.911,30039
1899-04-05,0.035,30624
1899-04-04,-0.374,30613
1899-04-03,1.379,30728
1899-03-30,0.048,30310
1899-03-29,-0.305,30295
1899-03-28,1.083,30388
1899-03-27,1.983,30063
1899-03-24,0.631,29478
1899-03-23,-0.026,29293
1899-03-22,0.584,29301
1899-03-21,0.037,29131
1899-03-20,0.369,29120
1899-03-17,-0.071,29013
1899-03-16,1.489,29034
1899-03-15,-0.103,28608
1899-03-14,-0.282,28637
1899-03-13,0.269,28718
1899-03-10,0.386,28641
1899-03-09,0.219,28531
1899-03-08,1.135,28469
1899-03-07,0.524,28149
1899-03-06,-1.232,28003
1899-03-03,1.259,28352
1899-03-02,-1.309,27999
1899-03-01,-0.156,28371
1899-02-28,-0.860,28415
1899-02-27,-0.269,28661
1899-02-24,-0.179,28739
1899-02-23,-0.217,28790
1899-02-21,-0.013,28853
1899-02-20,2.439,28857
1899-02-17,0.788,28170
1899-02-16,0.915,27949
1899-02-15,-0.054,27696
1899-02-14,0.721,27711
1899-02-10,0.361,27513
1899-02-09,0.120,27414
1899-02-08,0.444,27381
1899-02-07,-1.449,27260
1899-02-06,-0.200,27660
1899-02-03,0.132,27716
1899-02-02,-0.529,27679
1899-02-01,0.370,27826
1899-01-31,-0.633,27724
1899-01-30,0.026,27900
1899-01-27,0.516,27893
1899-01-26,0.518,27750
1899-01-25,2.664,27607
1899-01-24,-1.707,26890
1899-01-23,1.375,27357
1899-01-20,0.657,26986
1899-01-19,1.094,26810
1899-01-18,0.894,26520
1899-01-17,-0.071,26285
1899-01-16,-0.196,26303
1899-01-13,0.971,26355
1899-01-12,0.042,26102
1899-01-11,0.339,26091
1899-01-10,0.141,26003
1899-01-09,1.464,25966
1899-01-06,-0.444,25592
1899-01-05,0.329,25706
1899-01-04,0.057,25621
1899-01-03,0.042,25607
1898-12-30,0.403,25596
1898-12-29,1.225,25493
1898-12-28,-1.212,25185
1898-12-27,0.769,25494
1898-12-23,0.422,25299
1898-12-22,0.248,25193
1898-12-21,0.160,25130
1898-12-20,0.500,25090
1898-12-19,-0.353,24965
1898-12-16,-0.417,25054
1898-12-15,-0.031,25159
1898-12-14,0.158,25166
1898-12-13,-0.521,25127
1898-12-12,1.359,25258
1898-12-09,1.003,24920
1898-12-08,0.369,24672
1898-12-07,0.296,24582
1898-12-06,0.567,24509
1898-12-05,-0.092,24371
1898-12-02,-0.151,24393
1898-12-01,0.917,24430
1898-11-30,0.194,24208
1898-11-29,-0.303,24162
1898-11-28,1.032,24235
1898-11-25,-0.335,23987
1898-11-23,0.119,24068
1898-11-22,0.685,24039
1898-11-21,0.582,23876
1898-11-18,-0.445,23738
1898-11-17,0.197,23844
1898-11-16,0.599,23797
1898-11-15,-0.584,23655
1898-11-14,1.129,23794
1898-11-11,0.231,23529
1898-11-10,1.463,23474
1898-11-09,0.045,23136
1898-11-07,1.243,23125
1898-11-04,0.078,22841
1898-11-03,0.738,22823
1898-11-02,-0.562,22656
1898-11-01,-0.448,22784
1898-10-31,-0.161,22887
1898-10-28,0.638,22924
1898-10-27,0.384,22778
1898-10-26,0.726,22691
1898-10-25,1.144,22528
1898-10-24,-0.296,22273
1898-10-21,0.622,22339
1898-10-20,0.328,22201
1898-10-19,-0.379,22128
1898-10-18,-0.280,22213
1898-10-17,-0.296,22275
1898-10-14,-0.715,22341
1898-10-13,1.162,22502
1898-10-12,0.294,22244
1898-10-11,-0.542,22178
1898-10-10,-0.781,22299
1898-10-07,-0.502,22475
1898-10-06,-0.420,22588
1898-10-05,0.288,22683
1898-10-04,0.647,22618
1898-10-03,0.209,22473
1898-09-30,-1.254,22426
1898-09-29,0.579,22711
1898-09-28,-0.660,22580
1898-09-27,-1.269,22730
1898-09-26,-0.834,23022
1898-09-23,0.155,23216
1898-09-22,-0.952,23180
1898-09-21,1.276,23402
1898-09-20,-0.551,23107
1898-09-19,-0.455,23236
1898-09-16,-0.413,23342
1898-09-15,1.247,23438
1898-09-14,0.579,23150
1898-09-13,-0.827,23016
1898-09-12,-0.328,23208
1898-09-09,-0.818,23285
1898-09-08,-0.416,23477
1898-09-07,-1.243,23575
1898-09-06,0.013,23872
1898-09-02,-0.002,23869
1898-09-01,0.104,23869
1898-08-31,-0.409,23844
1898-08-30,0.347,23942
1898-08-29,-1.699,23859
1898-08-26,0.748,24272
1898-08-25,0.830,24092
1898-08-24,-0.258,23893
1898-08-23,-0.077,23955
1898-08-22,0.392,23974
1898-08-19,1.410,23880
1898-08-18,-1.155,23548
1898-08-17,0.655,23823
1898-08-16,0.845,23668
1898-08-15,1.674,23470
1898-08-12,-0.717,23084
1898-08-11,-0.173,23250
1898-08-10,0.780,23291
1898-08-09,-0.189,23110
1898-08-08,1.119,23154
1898-08-05,0.874,22898
1898-08-04,0.142,22699
1898-08-03,0.447,22667
1898-08-02,0.692,22567
1898-08-01,0.647,22412
1898-07-29,0.307,22267
1898-07-28,-0.116,22199
1898-07-27,-0.407,22225
1898-07-26,1.112,22316
1898-07-25,0.774,22070
1898-07-22,-0.101,21901
1898-07-21,0.412,21923
1898-07-20,0.665,21833
1898-07-19,-0.268,21689
1898-07-18,-0.482,21747
1898-07-15,-1.421,21853
1898-07-14,0.986,22167
1898-07-13,-1.142,21951
1898-07-12,-0.407,22204
1898-07-11,0.602,22295
1898-07-08,0.342,22162
1898-07-07,0.624,22086
1898-07-06,-0.363,21950
1898-07-05,0.097,22030
1898-07-01,0.576,22008
1898-06-30,-0.150,21882
1898-06-29,-0.183,21915
1898-06-28,-0.510,21955
1898-06-27,0.211,22068
1898-06-24,0.278,22021
1898-06-23,0.794,21960
1898-06-22,-0.333,21787
1898-06-21,-0.282,21860
1898-06-20,-0.117,21922
1898-06-17,-0.025,21948
1898-06-16,1.589,21953
1898-06-15,-1.440,21610
1898-06-14,-0.587,21925
1898-06-13,-1.443,22055
1898-06-10,0.870,22377
1898-06-09,-0.131,22184
1898-06-08,-0.483,22214
1898-06-07,-0.306,22321
1898-06-06,1.640,22390
1898-06-03,-0.936,22029
1898-06-02,0.337,22237
1898-06-01,0.306,22162
1898-05-31,1.196,22094
1898-05-27,0.212,21833
1898-05-26,0.080,21787
1898-05-25,-0.526,21770
1898-05-24,1.628,21885
1898-05-23,1.484,21534
1898-05-20,-0.238,21219
1898-05-19,0.864,21270
1898-05-18,-0.710,21088
1898-05-17,1.366,21239
1898-05-16,-1.368,20952
1898-05-13,-0.053,21243
1898-05-12,-1.020,21254
1898-05-11,2.110,21473
1898-05-10,-0.913,21029
1898-05-09,3.167,21223
1898-05-06,-0.573,20572
1898-05-05,2.701,20690
1898-05-03,-0.268,20146
1898-05-02,4.734,20200
1898-04-29,1.679,19287
1898-04-28,0.932,18969
1898-04-27,0.112,18794
1898-04-26,0.844,18773
1898-04-25,-0.213,18616
1898-04-22,1.360,18655
1898-04-21,-2.747,18405
1898-04-20,0.168,18925
1898-04-19,-1.034,18893
1898-04-18,-0.729,19091
1898-04-15,-0.392,19231
1898-04-14,1.067,19306
1898-04-13,-2.346,19103
1898-04-12,-0.057,19562
1898-04-11,1.164,19573
1898-04-08,-0.664,19347
1898-04-07,-0.350,19477
1898-04-06,1.656,19545
1898-04-05,-0.925,19227
1898-04-04,2.534,19406
1898-04-01,-2.906,18927
1898-03-31,-1.540,19493
1898-03-30,3.423,19798
1898-03-29,-2.055,19143
1898-03-28,7.294,19545
1898-03-25,-1.341,18216
1898-03-24,-0.944,18464
1898-03-23,-0.366,18640
1898-03-22,-2.303,18708
1898-03-21,-0.449,19149
1898-03-18,0.573,19236
1898-03-17,-1.858,19126
1898-03-16,2.286,19488
1898-03-15,-0.244,19053
1898-03-14,0.277,19099
1898-03-11,-1.668,19046
1898-03-10,-0.891,19369
1898-03-09,0.289,19544
1898-03-08,0.786,19487
1898-03-07,-3.008,19335
1898-03-04,-1.058,19935
1898-03-03,0.209,20148
1898-03-02,-1.599,20106
1898-03-01,2.070,20433
1898-02-28,1.435,20019
1898-02-25,1.271,19735
1898-02-24,-2.710,19488
1898-02-23,-1.656,20031
1898-02-21,-2.761,20368
1898-02-18,-0.758,20946
1898-02-17,0.606,21106
1898-02-16,-1.876,20979
1898-02-15,1.206,21380
1898-02-14,-1.311,21125
1898-02-11,-0.382,21406
1898-02-10,0.914,21488
1898-02-09,0.148,21293
1898-02-08,-0.731,21262
1898-02-07,0.114,21419
1898-02-04,0.665,21394
1898-02-03,-0.052,21253
1898-02-02,-0.368,21264
1898-02-01,-0.317,21342
1898-01-31,1.494,21410
1898-01-28,-0.220,21095
1898-01-27,0.673,21142
1898-01-26,1.785,21000
1898-01-25,1.693,20632
1898-01-24,-1.228,20289
1898-01-21,-0.398,20541
1898-01-20,-0.447,20623
1898-01-19,0.878,20716
1898-01-18,-1.095,20535
1898-01-17,-0.122,20763
1898-01-14,-0.680,20788
1898-01-13,0.082,20930
1898-01-12,0.117,20913
1898-01-11,0.219,20889
1898-01-10,-0.104,20843
1898-01-07,0.872,20865
1898-01-06,1.388,20684
1898-01-05,1.426,20401
1898-01-04,-0.911,20115
1898-01-03,-0.524,20299
1897-12-31,0.207,20406
1897-12-30,-0.020,20364
1897-12-29,-0.315,20368
1897-12-28,-0.106,20432
1897-12-27,-0.175,20454
1897-12-24,0.747,20490
1897-12-23,0.612,20338
1897-12-22,0.332,20215
1897-12-21,-0.562,20148
1897-12-20,0.952,20262
1897-12-17,-0.607,20071
1897-12-16,-0.592,20193
1897-12-15,-0.503,20313
1897-12-14,-0.244,20416
1897-12-13,1.336,20466
1897-12-10,-0.918,20196
1897-12-09,0.499,20383
1897-12-08,0.327,20282
1897-12-07,1.193,20216
1897-12-06,0.420,19978
1897-12-03,0.138,19894
1897-12-02,-0.427,19867
1897-12-01,1.644,19952
1897-11-30,1.155,19629
1897-11-29,0.305,19405
1897-11-26,0.747,19346
1897-11-24,-0.532,19202
1897-11-23,0.142,19305
1897-11-22,-0.656,19278
1897-11-19,0.378,19405
1897-11-18,0.343,19332
1897-11-17,-0.710,19266
1897-11-16,0.892,19404
1897-11-15,-0.095,19232
1897-11-12,0.973,19251
1897-11-11,-1.672,19065
1897-11-10,1.655,19389
1897-11-09,1.778,19073
1897-11-08,-0.563,18740
1897-11-05,-2.531,18846
1897-11-04,-0.726,19336
1897-11-03,-2.365,19477
1897-11-01,0.457,19949
1897-10-29,0.925,19858
1897-10-28,-0.111,19676
1897-10-27,-0.976,19698
1897-10-26,0.942,19892
1897-10-25,-2.660,19707
1897-10-22,-0.056,20245
1897-10-21,-0.761,20256
1897-10-20,0.760,20412
1897-10-19,1.102,20258
1897-10-18,1.764,20037
1897-10-15,-0.306,19690
1897-10-14,-1.304,19750
1897-10-13,1.458,20011
1897-10-12,-3.112,19724
1897-10-11,-1.751,20357
1897-10-08,0.422,20720
1897-10-07,-0.360,20633
1897-10-06,-0.912,20707
1897-10-05,-0.589,20898
1897-10-04,2.044,21022
1897-10-01,0.805,20601
1897-09-30,-1.711,20436
1897-09-29,-0.759,20792
1897-09-28,-1.132,20951
1897-09-27,0.614,21191
1897-09-24,-2.079,21061
1897-09-23,0.275,21509
1897-09-22,2.020,21450
1897-09-21,-3.255,21025
1897-09-20,-1.595,21732
1897-09-17,0.712,22085
1897-09-16,-0.384,21929
1897-09-15,0.715,22013
1897-09-14,0.882,21857
1897-09-13,-1.007,21666
1897-09-10,0.590,21886
1897-09-09,0.415,21758
1897-09-08,-0.052,21668
1897-09-07,0.563,21679
1897-09-03,0.435,21558
1897-09-02,0.651,21464
1897-09-01,0.490,21326
1897-08-31,1.667,21222
1897-08-30,0.147,20874
1897-08-27,0.823,20843
1897-08-26,0.676,20673
1897-08-25,-0.275,20534
1897-08-24,-0.004,20591
1897-08-23,1.912,20591
1897-08-20,-0.502,20205
1897-08-19,-0.141,20307
1897-08-18,0.323,20336
1897-08-17,-1.109,20270
1897-08-16,1.010,20498
1897-08-13,-0.703,20292
1897-08-12,0.270,20436
1897-08-11,0.790,20381
1897-08-10,0.796,20221
1897-08-09,0.240,20062
1897-08-06,1.000,20014
1897-08-05,0.652,19816
1897-08-04,0.728,19687
1897-08-03,1.739,19545
1897-08-02,1.227,19211
1897-07-30,0.217,18978
1897-07-29,0.107,18937
1897-07-28,1.190,18917
1897-07-27,-0.357,18694
1897-07-26,-0.134,18761
1897-07-23,0.537,18786
1897-07-22,1.416,18686
1897-07-21,0.319,18425
1897-07-20,0.072,18366
1897-07-19,1.579,18353
1897-07-16,0.578,18068
1897-07-15,-0.506,17964
1897-07-14,0.520,18055
1897-07-13,0.877,17962
1897-07-12,0.607,17806
1897-07-09,0.411,17698
1897-07-08,-0.516,17626
1897-07-07,0.830,17717
1897-07-06,-1.278,17572
1897-07-02,-0.043,17799
1897-07-01,0.627,17807
1897-06-30,-0.611,17696
1897-06-29,-0.916,17805
1897-06-28,2.218,17969
1897-06-25,-0.321,17579
1897-06-24,0.473,17636
1897-06-23,0.757,17553
1897-06-22,0.946,17421
1897-06-21,-0.347,17258
1897-06-18,0.374,17318
1897-06-17,0.701,17253
1897-06-16,-0.704,17133
1897-06-15,-0.283,17255
1897-06-14,1.065,17304
1897-06-11,0.564,17121
1897-06-10,0.588,17025
1897-06-09,0.674,16926
1897-06-08,-0.045,16813
1897-06-07,1.412,16820
1897-06-04,0.878,16586
1897-06-03,-0.193,16442
1897-06-02,0.607,16474
1897-06-01,0.954,16374
1897-05-28,0.746,16219
1897-05-27,-0.282,16099
1897-05-26,0.837,16145
1897-05-25,-0.133,16011
1897-05-24,1.172,16032
1897-05-21,0.433,15846
1897-05-20,-0.700,15778
1897-05-19,-0.523,15889
1897-05-18,1.066,15973
1897-05-17,-0.157,15804
1897-05-14,-0.633,15829
1897-05-13,-0.906,15930
1897-05-12,-0.090,16075
1897-05-11,0.082,16090
1897-05-10,0.753,16077
1897-05-07,-0.004,15957
1897-05-06,0.913,15957
1897-05-05,-1.020,15813
1897-05-04,1.287,15976
1897-05-03,0.171,15773
1897-04-30,-0.571,15746
1897-04-29,-0.222,15836
1897-04-28,-0.567,15871
1897-04-26,1.244,15962
1897-04-23,0.018,15766
1897-04-22,-0.549,15763
1897-04-21,1.097,15850
1897-04-20,1.630,15678
1897-04-19,-2.768,15427
1897-04-15,-1.017,15866
1897-04-14,-0.985,16029
1897-04-13,1.424,16188
1897-04-12,-0.947,15961
1897-04-09,-0.601,16114
1897-04-08,1.334,16211
1897-04-07,0.169,15997
1897-04-06,0.191,15971
1897-04-05,-0.991,15940
1897-04-02,0.535,16100
1897-04-01,0.866,16014
1897-03-31,-1.377,15876
1897-03-30,1.742,16098
1897-03-29,-2.660,15823
1897-03-26,-0.637,16255
1897-03-25,-0.633,16359
1897-03-24,-0.671,16463
1897-03-23,-1.563,16575
1897-03-22,-0.127,16838
1897-03-19,-1.004,16859
1897-03-18,0.037,17030
1897-03-17,-0.582,17024
1897-03-16,0.176,17124
1897-03-15,0.257,17093
1897-03-12,0.500,17050
1897-03-11,0.625,16965
1897-03-10,0.199,16859
1897-03-09,-0.549,16826
1897-03-08,0.321,16919
1897-03-05,0.179,16865
1897-03-04,-1.504,16835
1897-03-03,1.047,17092
1897-03-02,0.484,16914
1897-03-01,0.733,16833
1897-02-26,1.978,16711
1897-02-25,-0.687,16386
1897-02-24,-0.190,16500
1897-02-23,0.662,16531
1897-02-19,0.080,16422
1897-02-18,-0.377,16409
1897-02-17,-0.293,16471
1897-02-16,1.360,16520
1897-02-15,-1.000,16298
1897-02-11,-0.561,16463
1897-02-10,0.079,16556
1897-02-09,-0.292,16543
1897-02-08,-0.434,16591
1897-02-05,-0.168,16664
1897-02-04,-0.856,16692
1897-02-03,0.118,16836
1897-02-02,-0.730,16816
1897-02-01,1.160,16940
1897-01-29,0.324,16745
1897-01-28,-0.290,16691
1897-01-27,-0.167,16740
1897-01-26,1.026,16768
1897-01-25,-1.124,16598
1897-01-22,-0.328,16786
1897-01-21,-0.749,16841
1897-01-20,-0.882,16969
1897-01-19,0.802,17120
1897-01-18,1.136,16983
1897-01-15,1.149,16793
1897-01-14,0.701,16602
1897-01-13,-0.024,16486
1897-01-12,1.128,16490
1897-01-11,-0.504,16306
1897-01-08,-0.191,16389
1897-01-07,0.372,16420
1897-01-06,0.185,16359
1897-01-05,1.118,16329
1897-01-04,-0.173,16149
1896-12-31,-0.362,16177
1896-12-30,-0.025,16235
1896-12-29,1.125,16239
1896-12-28,-0.131,16059
1896-12-24,0.681,16080
1896-12-23,0.297,15971
1896-12-22,-1.255,15924
1896-12-21,3.190,16126
1896-12-18,-5.294,15628
1896-12-17,1.220,16501
1896-12-16,0.875,16302
1896-12-15,-1.081,16161
1896-12-14,-2.093,16337
1896-12-11,-0.004,16687
1896-12-10,-0.629,16687
1896-12-09,-0.004,16793
1896-12-08,0.076,16794
1896-12-07,-1.160,16781
1896-12-04,0.056,16978
1896-12-03,0.719,16968
1896-12-02,0.237,16847
1896-12-01,1.904,16807
1896-11-30,-1.916,16493
1896-11-27,-0.763,16815
1896-11-25,-0.560,16945
1896-11-24,0.016,17040
1896-11-23,-0.694,17037
1896-11-20,-0.651,17157
1896-11-19,-0.121,17269
1896-11-18,0.094,17290
1896-11-17,-0.102,17274
1896-11-16,-1.336,17291
1896-11-13,-1.130,17525
1896-11-12,0.765,17726
1896-11-11,-0.843,17591
1896-11-10,0.302,17741
1896-11-09,2.607,17687
1896-11-06,2.842,17238
1896-11-05,-1.749,16762
1896-11-04,3.315,17060
1896-11-02,3.495,16513
1896-10-30,3.895,15955
1896-10-29,-2.139,15357
1896-10-28,-0.923,15693
1896-10-27,-0.514,15839
1896-10-26,1.178,15921
1896-10-23,1.126,15735
1896-10-22,0.762,15560
1896-10-21,0.414,15442
1896-10-20,1.970,15379
1896-10-19,1.176,15082
1896-10-16,0.132,14906
1896-10-15,-0.547,14887
1896-10-14,0.427,14969
1896-10-13,2.796,14905
1896-10-12,-1.522,14500
1896-10-09,-1.028,14724
1896-10-08,-0.073,14877
1896-10-07,-1.438,14887
1896-10-06,-0.517,15105
1896-10-05,0.174,15183
1896-10-02,-0.316,15157
1896-10-01,-0.071,15205
1896-09-30,-0.226,15216
1896-09-29,0.576,15250
1896-09-28,-0.205,15163
1896-09-25,1.258,15194
1896-09-24,1.090,15005
1896-09-23,0.522,14844
1896-09-22,-0.233,14766
1896-09-21,1.858,14801
1896-09-18,0.505,14531
1896-09-17,2.532,14458
1896-09-16,-1.477,14101
1896-09-15,-1.251,14312
1896-09-14,-1.236,14494
1896-09-11,1.452,14675
1896-09-10,-1.865,14465
1896-09-09,-0.073,14740
1896-09-08,1.165,14751
1896-09-04,2.366,14581
1896-09-03,-0.029,14244
1896-09-02,3.518,14248
1896-09-01,-0.078,13764
1896-08-31,2.228,13774
1896-08-28,2.357,13474
1896-08-27,0.403,13164
1896-08-26,-0.488,13111
1896-08-25,-0.460,13175
1896-08-24,-0.132,13236
1896-08-21,-1.300,13254
1896-08-20,-1.526,13428
1896-08-19,0.711,13636
1896-08-18,-0.153,13540
1896-08-17,0.991,13561
1896-08-14,0.950,13428
1896-08-13,3.025,13301
1896-08-12,-1.961,12911
1896-08-11,1.437,13169
1896-08-10,2.557,12983
1896-08-07,-3.400,12659
1896-08-06,-2.494,13104
1896-08-05,-0.353,13440
1896-08-04,-1.567,13487
1896-08-03,-1.282,13702
1896-07-31,1.387,13880
1896-07-30,0.957,13690
1896-07-29,0.416,13560
1896-07-28,-1.996,13504
1896-07-27,0.214,13779
1896-07-24,-1.585,13750
1896-07-23,0.067,13971
1896-07-22,3.490,13962
1896-07-21,0.518,13491
1896-07-20,-3.608,13422
1896-07-17,-0.221,13924
1896-07-16,-1.025,13955
1896-07-15,-3.086,14099
1896-07-14,-2.428,14548
1896-07-13,-0.385,14910
1896-07-10,0.738,14968
1896-07-09,-1.272,14858
1896-07-08,-0.204,15050
1896-07-07,0.485,15080
1896-07-06,0.241,15008
1896-07-03,-0.383,14971
1896-07-02,1.211,15029
1896-07-01,-3.168,14849
1896-06-30,1.388,15335
1896-06-29,-5.084,15125
1896-06-26,0.037,15935
1896-06-25,-0.319,15929
1896-06-24,0.712,15980
1896-06-23,-0.612,15867
1896-06-22,-2.696,15965
1896-06-19,0.317,16407
1896-06-18,-1.657,16355
1896-06-17,0.315,16631
1896-06-16,0.882,16578
1896-06-15,2.304,16434
1896-06-12,0.223,16063
1896-06-11,2.363,16028
1896-06-10,-2.277,15658
1896-06-09,-0.600,16023
1896-06-08,-1.101,16119
1896-06-05,0.711,16299
1896-06-04,0.386,16184
1896-06-03,-0.169,16122
1896-06-02,-1.240,16149
1896-06-01,0.036,16351
1896-05-29,1.039,16346
1896-05-28,-0.957,16177
1896-05-27,-0.549,16334
1896-05-26,-0.125,16424
1896-05-25,-0.205,16444
1896-05-22,0.257,16478
1896-05-21,0.299,16436
1896-05-20,0.544,16387
1896-05-19,-0.328,16298
1896-05-18,0.361,16352
1896-05-15,-0.950,16293
1896-05-14,0.197,16450
1896-05-13,0.788,16417
1896-05-12,-0.045,16289
1896-05-11,-1.129,16296
1896-05-08,0.379,16482
1896-05-07,-1.318,16420
1896-05-06,-0.361,16639
1896-05-05,-0.635,16700
1896-05-04,0.510,16806
1896-05-01,-0.143,16721
1896-04-30,-0.398,16745
1896-04-29,-0.162,16812
1896-04-28,-0.474,16839
1896-04-27,0.211,16919
1896-04-24,-0.122,16884
1896-04-23,-0.278,16904
1896-04-22,0.882,16951
1896-04-21,0.352,16803
1896-04-20,1.972,16744
1896-04-17,-0.366,16420
1896-04-16,-0.045,16481
1896-04-15,0.480,16488
1896-04-14,0.157,16409
1896-04-13,0.954,16384
1896-04-10,0.344,16229
1896-04-09,-0.290,16173
1896-04-08,-0.391,16220
1896-04-07,0.322,16284
1896-04-06,-0.086,16232
1896-04-02,0.200,16246
1896-04-01,-0.290,16213
1896-03-31,0.817,16260
1896-03-30,0.991,16128
1896-03-27,-0.108,15970
1896-03-26,-0.108,15988
1896-03-25,0.453,16005
1896-03-24,0.016,15933
1896-03-23,-3.262,15930
1896-03-20,1.770,16467
1896-03-19,-0.468,16181
1896-03-18,-1.179,16257
1896-03-17,0.436,16451
1896-03-16,-0.699,16379
1896-03-13,-0.182,16495
1896-03-12,0.255,16525
1896-03-11,-0.123,16483
1896-03-10,-0.044,16503
1896-03-09,0.076,16510
1896-03-06,-0.478,16498
1896-03-05,-0.730,16577
1896-03-04,1.248,16699
1896-03-03,0.175,16493
1896-03-02,-0.460,16464
1896-02-28,-1.679,16540
1896-02-27,-0.023,16823
1896-02-26,-0.527,16827
1896-02-25,-0.601,16916
1896-02-24,0.851,17018
1896-02-21,0.288,16875
1896-02-20,1.039,16826
1896-02-19,0.570,16653
1896-02-18,-0.221,16559
1896-02-17,0.095,16595
1896-02-14,-0.944,16580
1896-02-13,1.426,16738
1896-02-11,-1.645,16502
1896-02-10,1.463,16778
1896-02-07,0.354,16536
1896-02-06,-0.123,16478
1896-02-05,1.386,16498
1896-02-04,1.343,16273
1896-02-03,-0.774,16057
1896-01-31,0.854,16182
1896-01-30,0.386,16045
1896-01-29,0.346,15983
1896-01-28,0.617,15928
1896-01-27,1.233,15831
1896-01-24,1.897,15638
1896-01-23,-0.977,15347
1896-01-22,1.368,15498
1896-01-21,0.708,15289
1896-01-20,-1.199,15182
1896-01-17,-1.143,15366
1896-01-16,-0.067,15543
1896-01-15,0.292,15554
1896-01-14,-0.173,15509
1896-01-13,2.505,15535
1896-01-10,1.177,15156
1896-01-09,0.834,14979
1896-01-08,1.451,14856
1896-01-07,-0.472,14643
1896-01-06,-4.656,14713
1896-01-03,-0.110,15431
1896-01-02,-0.741,15448
1895-12-31,1.819,15563
1895-12-30,-0.367,15285
1895-12-27,-2.361,15342
1895-12-26,0.268,15713
1895-12-24,2.968,15671
1895-12-23,1.217,15219
1895-12-20,-8.506,15036
1895-12-19,-1.767,16434
1895-12-18,-1.153,16730
1895-12-17,-1.457,16925
1895-12-16,1.240,17175
1895-12-13,0.419,16965
1895-12-12,-0.003,16894
1895-12-11,-0.328,16895
1895-12-10,0.093,16950
1895-12-09,-0.555,16935
1895-12-06,0.514,17029
1895-12-05,-0.366,16942
1895-12-04,-1.060,17004
1895-12-03,0.758,17186
1895-12-02,-0.325,17057
1895-11-29,-0.418,17113
1895-11-27,0.796,17185
1895-11-26,-0.155,17049
1895-11-25,1.033,17076
1895-11-22,-0.443,16901
1895-11-21,-0.308,16976
1895-11-20,0.188,17028
1895-11-19,-0.685,16997
1895-11-18,-0.437,17114
1895-11-15,-0.659,17189
1895-11-14,0.185,17303
1895-11-13,-0.022,17271
1895-11-12,1.794,17275
1895-11-11,0.903,16971
1895-11-08,-1.373,16819
1895-11-07,1.190,17053
1895-11-06,-0.291,16852
1895-11-04,-2.638,16901
1895-11-01,0.053,17359
1895-10-31,-0.283,17350
1895-10-30,-0.780,17399
1895-10-29,-0.974,17536
1895-10-28,-0.784,17708
1895-10-25,0.600,17848
1895-10-24,-0.512,17742
1895-10-23,-0.671,17833
1895-10-22,-0.165,17954
1895-10-21,-0.129,17984
1895-10-18,-0.255,18007
1895-10-17,-0.432,18053
1895-10-16,-0.784,18131
1895-10-15,1.110,18274
1895-10-14,0.267,18074
1895-10-11,0.087,18026
1895-10-10,-0.469,18010
1895-10-09,0.810,18095
1895-10-08,-0.649,17949
1895-10-07,-0.379,18067
1895-10-04,-1.082,18135
1895-10-03,-0.127,18334
1895-10-02,0.745,18357
1895-10-01,0.480,18221
1895-09-30,-0.801,18134
1895-09-27,0.282,18281
1895-09-26,-0.251,18229
1895-09-25,0.353,18275
1895-09-24,-1.113,18211
1895-09-23,1.318,18416
1895-09-20,0.152,18176
1895-09-19,1.143,18149
1895-09-18,0.158,17944
1895-09-17,1.048,17915
1895-09-16,-0.454,17729
1895-09-13,-1.931,17810
1895-09-12,-0.408,18161
1895-09-11,-0.790,18236
1895-09-10,-1.721,18381
1895-09-09,0.899,18703
1895-09-06,0.240,18536
1895-09-05,-1.374,18492
1895-09-04,0.549,18749
1895-09-03,1.626,18647
1895-08-30,-0.160,18349
1895-08-29,-0.020,18378
1895-08-28,0.489,18382
1895-08-27,1.459,18292
1895-08-26,0.987,18029
1895-08-23,-0.057,17853
1895-08-22,0.250,17863
1895-08-21,-0.201,17819
1895-08-20,0.413,17855
1895-08-19,0.287,17781
1895-08-16,0.070,17730
1895-08-15,0.197,17718
1895-08-14,-0.455,17683
1895-08-13,0.142,17764
1895-08-12,0.015,17739
1895-08-09,0.727,17736
1895-08-08,-0.039,17608
1895-08-07,0.034,17615
1895-08-06,-0.203,17609
1895-08-05,-0.021,17645
1895-08-02,-0.994,17649
1895-08-01,-0.165,17826
1895-07-31,0.485,17856
1895-07-30,-0.003,17769
1895-07-29,1.205,17770
1895-07-26,0.734,17558
1895-07-25,0.182,17430
1895-07-24,-0.114,17399
1895-07-23,0.405,17418
1895-07-22,1.654,17348
1895-07-19,0.110,17066
1895-07-18,-0.022,17047
1895-07-17,0.814,17051
1895-07-16,-0.419,16913
1895-07-15,-0.211,16985
1895-07-12,0.110,17020
1895-07-11,-1.161,17002
1895-07-10,0.940,17201
1895-07-09,-0.640,17041
1895-07-08,0.581,17151
1895-07-05,0.546,17052
1895-07-03,0.263,16959
1895-07-02,-0.325,16915
1895-07-01,0.549,16970
1895-06-28,-0.345,16877
1895-06-27,-0.775,16936
1895-06-26,-0.769,17068
1895-06-25,0.240,17200
1895-06-24,0.467,17159
1895-06-21,-0.812,17079
1895-06-20,-0.078,17219
1895-06-19,0.162,17232
1895-06-18,0.070,17205
1895-06-17,0.667,17193
1895-06-14,-0.264,17079
1895-06-13,0.313,17124
1895-06-12,0.370,17071
1895-06-11,1.361,17008
1895-06-10,0.741,16779
1895-06-07,0.015,16656
1895-06-06,0.110,16653
1895-06-05,-1.083,16635
1895-06-04,-0.606,16817
1895-06-03,0.601,16920
1895-05-31,0.147,16819
1895-05-29,0.262,16794
1895-05-28,-1.520,16750
1895-05-27,0.485,17009
1895-05-24,0.658,16927
1895-05-23,0.586,16816
1895-05-22,-0.966,16718
1895-05-21,1.101,16881
1895-05-20,-2.039,16697
1895-05-17,0.220,17045
1895-05-16,2.765,17007
1895-05-15,-1.612,16550
1895-05-14,-0.250,16821
1895-05-13,0.015,16863
1895-05-10,1.025,16861
1895-05-09,1.702,16689
1895-05-08,-0.352,16410
1895-05-07,1.646,16468
1895-05-06,1.450,16201
1895-05-03,-0.618,15970
1895-05-02,0.734,16069
1895-05-01,0.719,15952
1895-04-30,-0.564,15838
1895-04-29,-0.044,15928
1895-04-26,0.236,15935
1895-04-25,0.660,15898
1895-04-24,-0.764,15793
1895-04-23,1.312,15915
1895-04-22,0.443,15709
1895-04-19,-0.086,15640
1895-04-18,1.439,15653
1895-04-17,0.555,15431
1895-04-16,0.141,15346
1895-04-15,1.470,15324
1895-04-11,0.312,15102
1895-04-10,0.527,15055
1895-04-09,-0.217,14976
1895-04-08,0.038,15009
1895-04-05,0.165,15003
1895-04-04,-0.238,14978
1895-04-03,-0.970,15014
1895-04-02,0.248,15161
1895-04-01,0.716,15124
1895-03-29,0.464,15016
1895-03-28,0.703,14947
1895-03-27,-1.421,14843
1895-03-26,-0.153,15057
1895-03-25,2.416,15080
1895-03-22,-0.457,14724
1895-03-21,0.798,14791
1895-03-20,-0.394,14674
1895-03-19,1.754,14732
1895-03-18,1.513,14479
1895-03-15,-0.276,14263
1895-03-14,0.065,14302
1895-03-13,0.109,14293
1895-03-12,0.286,14277
1895-03-11,1.093,14237
1895-03-08,-0.557,14083
1895-03-07,0.377,14162
1895-03-06,-0.951,14109
1895-03-05,0.777,14244
1895-03-04,-0.179,14134
1895-03-01,0.647,14159
1895-02-28,-0.866,14068
1895-02-27,0.444,14191
1895-02-26,-0.731,14129
1895-02-25,-0.878,14233
1895-02-21,-0.133,14359
1895-02-20,0.460,14378
1895-02-19,-0.023,14312
1895-02-18,0.396,14315
1895-02-15,-0.506,14259
1895-02-14,-0.264,14331
1895-02-13,0.240,14369
1895-02-12,0.196,14335
1895-02-11,-1.410,14307
1895-02-08,-1.370,14512
1895-02-07,-0.001,14713
1895-02-06,0.601,14713
1895-02-05,-0.621,14626
1895-02-04,0.213,14717
1895-02-01,1.499,14686
1895-01-31,1.097,14469
1895-01-30,0.263,14312
1895-01-29,-0.484,14274
1895-01-28,-1.193,14344
1895-01-25,-0.001,14517
1895-01-24,0.281,14517
1895-01-23,-0.927,14476
1895-01-22,-0.387,14612
1895-01-21,-1.522,14669
1895-01-18,0.125,14896
1895-01-17,0.466,14877
1895-01-16,0.532,14808
1895-01-15,-0.363,14729
1895-01-14,0.340,14783
1895-01-11,0.817,14733
1895-01-10,-0.473,14614
1895-01-09,0.711,14683
1895-01-08,0.432,14580
1895-01-07,0.653,14517
1895-01-04,-0.609,14423
1895-01-03,0.412,14511
1895-01-02,-1.036,14451
1894-12-31,0.150,14603
1894-12-28,-0.324,14581
1894-12-27,-0.109,14628
1894-12-26,-1.001,14644
1894-12-24,-0.614,14792
1894-12-21,0.206,14884
1894-12-20,0.461,14853
1894-12-19,-0.773,14785
1894-12-18,-0.603,14900
1894-12-17,-0.250,14991
1894-12-14,-1.025,15028
1894-12-13,1.473,15184
1894-12-12,0.815,14963
1894-12-11,0.546,14842
1894-12-10,-1.617,14762
1894-12-07,1.683,15004
1894-12-06,0.020,14756
1894-12-05,-0.023,14753
1894-12-04,-0.086,14756
1894-12-03,1.645,14769
1894-11-30,-0.681,14530
1894-11-28,-1.322,14630
1894-11-27,0.377,14826
1894-11-26,0.020,14770
1894-11-23,-0.295,14767
1894-11-22,0.188,14811
1894-11-21,-1.103,14783
1894-11-20,-0.167,14948
1894-11-19,-0.906,14973
1894-11-16,-0.350,15110
1894-11-15,-0.328,15163
1894-11-14,-1.172,15213
1894-11-13,0.241,15393
1894-11-12,-0.244,15356
1894-11-09,1.912,15394
1894-11-08,-0.330,15105
1894-11-07,1.455,15155
1894-11-05,1.198,14938
1894-11-02,0.719,14761
1894-11-01,0.768,14655
1894-10-31,-0.448,14544
1894-10-30,0.512,14609
1894-10-29,-2.665,14535
1894-10-26,-0.333,14933
1894-10-25,-0.517,14983
1894-10-24,0.185,15061
1894-10-23,-0.249,15033
1894-10-22,-0.596,15070
1894-10-19,0.971,15161
1894-10-18,0.102,15015
1894-10-17,0.456,15000
1894-10-16,0.186,14931
1894-10-15,-0.992,14904
1894-10-12,0.351,15053
1894-10-11,0.269,15000
1894-10-10,-0.188,14960
1894-10-09,-0.681,14988
1894-10-08,-0.432,15091
1894-10-05,0.846,15157
1894-10-04,0.518,15030
1894-10-03,-0.167,14952
1894-10-02,0.186,14977
1894-10-01,-1.698,14949
1894-09-28,-0.469,15208
1894-09-27,-0.042,15279
1894-09-26,-0.728,15286
1894-09-25,-0.042,15398
1894-09-24,-0.623,15404
1894-09-21,-1.019,15501
1894-09-20,0.253,15660
1894-09-19,0.850,15621
1894-09-18,0.096,15489
1894-09-17,-2.177,15474
1894-09-14,-0.370,15819
1894-09-13,-0.599,15878
1894-09-12,-0.156,15973
1894-09-11,0.228,15998
1894-09-10,0.753,15962
1894-09-07,-0.408,15842
1894-09-06,-0.502,15907
1894-09-05,-0.595,15988
1894-09-04,1.588,16083
1894-08-31,-0.581,15832
1894-08-30,0.443,15924
1894-08-29,-0.734,15854
1894-08-28,-1.425,15971
1894-08-27,0.378,16202
1894-08-24,0.437,16141
1894-08-23,1.767,16071
1894-08-22,0.742,15792
1894-08-21,-1.260,15676
1894-08-20,1.629,15876
1894-08-17,0.790,15621
1894-08-16,1.160,15499
1894-08-15,-0.601,15321
1894-08-14,0.841,15414
1894-08-13,1.797,15285
1894-08-10,0.099,15015
1894-08-09,0.657,15000
1894-08-08,0.598,14902
1894-08-07,0.960,14814
1894-08-06,0.123,14673
1894-08-03,1.357,14655
1894-08-02,0.146,14459
1894-08-01,-0.469,14438
1894-07-31,0.188,14506
1894-07-30,-0.824,14479
1894-07-27,-0.150,14599
1894-07-26,0.292,14621
1894-07-25,-0.569,14578
1894-07-24,0.207,14662
1894-07-23,-0.670,14631
1894-07-20,-0.149,14730
1894-07-19,-0.562,14752
1894-07-18,0.101,14835
1894-07-17,-0.086,14820
1894-07-16,1.022,14833
1894-07-13,0.544,14683
1894-07-12,-0.066,14604
1894-07-11,1.102,14613
1894-07-10,-0.321,14454
1894-07-09,-0.697,14500
1894-07-06,-0.443,14602
1894-07-05,0.102,14667
1894-07-03,0.418,14652
1894-07-02,-0.401,14591
1894-06-29,-0.296,14650
1894-06-28,-0.976,14693
1894-06-27,1.276,14838
1894-06-26,0.928,14651
1894-06-25,-0.550,14517
1894-06-22,-0.982,14597
1894-06-21,-0.149,14742
1894-06-20,-0.148,14764
1894-06-19,-0.520,14786
1894-06-18,0.038,14863
1894-06-15,-0.357,14857
1894-06-14,-1.327,14910
1894-06-13,0.301,15111
1894-06-12,0.120,15066
1894-06-11,-1.020,15048
1894-06-08,0.019,15203
1894-06-07,0.199,15200
1894-06-06,1.440,15170
1894-06-05,-0.224,14954
1894-06-04,1.166,14988
1894-06-01,-0.083,14815
1894-05-31,-0.531,14828
1894-05-29,0.613,14907
1894-05-28,-1.276,14816
1894-05-25,1.414,15007
1894-05-24,-0.714,14798
1894-05-23,1.655,14904
1894-05-22,0.519,14662
1894-05-21,-1.336,14586
1894-05-18,-1.258,14784
1894-05-17,-0.123,14972
1894-05-16,-0.785,14991
1894-05-15,-1.192,15109
1894-05-14,-0.061,15291
1894-05-11,-0.239,15301
1894-05-10,0.656,15337
1894-05-09,-0.438,15238
1894-05-08,-0.100,15305
1894-05-07,-0.455,15320
1894-05-04,0.434,15390
1894-05-03,-1.350,15323
1894-05-02,-0.274,15533
1894-05-01,0.863,15576
1894-04-30,0.831,15442
1894-04-27,-0.239,15315
1894-04-26,-0.435,15352
1894-04-25,0.334,15419
1894-04-24,0.137,15367
1894-04-23,-1.463,15346
1894-04-20,0.666,15574
1894-04-19,-0.099,15471
1894-04-18,-0.217,15487
1894-04-17,-0.255,15520
1894-04-16,-0.660,15560
1894-04-13,0.329,15663
1894-04-12,-0.562,15612
1894-04-11,0.076,15700
1894-04-10,-0.272,15688
1894-04-09,-0.615,15731
1894-04-06,0.889,15828
1894-04-05,1.094,15689
1894-04-04,-0.469,15519
1894-04-03,0.096,15592
1894-04-02,-0.428,15577
1894-03-30,1.077,15644
1894-03-29,-0.799,15478
1894-03-28,0.902,15602
1894-03-27,-0.373,15463
1894-03-26,0.728,15521
1894-03-22,-0.296,15409
1894-03-21,-0.237,15454
1894-03-20,0.570,15491
1894-03-19,-0.021,15403
1894-03-16,1.109,15406
1894-03-15,-0.705,15237
1894-03-14,-0.371,15346
1894-03-13,1.002,15403
1894-03-12,0.872,15250
1894-03-09,0.218,15118
1894-03-08,-0.535,15085
1894-03-07,0.877,15166
1894-03-06,-0.636,15035
1894-03-05,1.406,15131
1894-03-02,-1.036,14921
1894-03-01,0.984,15077
1894-02-28,0.830,14930
1894-02-27,0.693,14807
1894-02-26,0.162,14706
1894-02-23,-0.286,14682
1894-02-21,0.449,14724
1894-02-20,-0.001,14658
1894-02-19,-0.632,14658
1894-02-16,0.923,14751
1894-02-15,-0.022,14617
1894-02-14,0.515,14620
1894-02-13,-0.248,14545
1894-02-12,-1.201,14581
1894-02-09,0.121,14758
1894-02-08,0.040,14740
1894-02-07,-0.528,14735
1894-02-06,-0.223,14813
1894-02-05,0.141,14846
1894-02-02,-0.545,14825
1894-02-01,0.120,14906
1894-01-31,0.140,14889
1894-01-30,0.792,14868
1894-01-29,0.305,14751
1894-01-26,0.470,14706
1894-01-25,-0.328,14637
1894-01-24,0.265,14685
1894-01-23,-0.551,14646
1894-01-22,0.634,14728
1894-01-19,1.603,14635
1894-01-18,-0.168,14404
1894-01-17,-0.188,14428
1894-01-16,-0.702,14455
1894-01-15,3.036,14557
1894-01-12,0.748,14129
1894-01-11,-1.164,14024
1894-01-10,-0.632,14189
1894-01-09,0.273,14279
1894-01-08,0.550,14240
1894-01-05,-0.402,14162
1894-01-04,1.216,14220
1894-01-03,1.407,14049
1894-01-02,-0.796,13854
1893-12-29,0.020,13965
1893-12-28,-1.379,13962
1893-12-27,0.254,14157
1893-12-26,-1.032,14121
1893-12-22,-0.732,14269
1893-12-21,-1.704,14374
1893-12-20,-0.226,14623
1893-12-19,-0.531,14656
1893-12-18,-1.663,14735
1893-12-15,-0.559,14984
1893-12-14,-0.428,15068
1893-12-13,0.454,15133
1893-12-12,0.258,15064
1893-12-11,-1.549,15026
1893-12-08,-0.307,15262
1893-12-07,0.351,15309
1893-12-06,-0.056,15255
1893-12-05,-1.412,15264
1893-12-04,-0.681,15483
1893-12-01,0.806,15589
1893-11-29,0.348,15464
1893-11-28,1.128,15411
1893-11-27,-0.826,15239
1893-11-24,1.946,15366
1893-11-23,-0.545,15072
1893-11-22,0.159,15155
1893-11-21,1.835,15131
1893-11-20,0.462,14858
1893-11-17,-0.752,14790
1893-11-16,0.501,14902
1893-11-15,-0.137,14828
1893-11-14,-0.276,14848
1893-11-13,-0.689,14889
1893-11-10,-0.156,14992
1893-11-09,-1.224,15016
1893-11-08,1.025,15202
1893-11-06,-0.546,15048
1893-11-03,-0.096,15130
1893-11-02,-1.651,15145
1893-11-01,1.723,15399
1893-10-31,-1.157,15138
1893-10-30,-0.210,15315
1893-10-27,1.173,15348
1893-10-26,-0.503,15170
1893-10-25,1.660,15246
1893-10-24,1.140,14998
1893-10-23,4.138,14829
1893-10-20,1.137,14239
1893-10-19,0.531,14079
1893-10-18,2.117,14005
1893-10-17,-0.684,13714
1893-10-16,0.519,13809
1893-10-13,-2.885,13737
1893-10-12,0.380,14146
1893-10-11,0.192,14092
1893-10-10,-1.142,14065
1893-10-09,0.315,14227
1893-10-06,1.506,14183
1893-10-05,-0.357,13972
1893-10-04,0.045,14022
1893-10-03,0.087,14016
1893-10-02,-0.981,14004
1893-09-29,1.338,14143
1893-09-28,3.085,13956
1893-09-27,-0.800,13538
1893-09-26,-1.198,13647
1893-09-25,-2.789,13813
1893-09-22,-0.081,14209
1893-09-21,-0.122,14221
1893-09-20,-0.060,14238
1893-09-19,0.587,14247
1893-09-18,-0.579,14163
1893-09-15,-0.743,14246
1893-09-14,-0.584,14353
1893-09-13,1.044,14437
1893-09-12,-1.605,14288
1893-09-11,1.532,14521
1893-09-08,2.148,14302
1893-09-07,-1.110,14001
1893-09-06,-0.795,14158
1893-09-05,4.176,14272
1893-09-01,2.067,13699
1893-08-31,-1.137,13422
1893-08-30,0.935,13576
1893-08-29,1.993,13450
1893-08-28,1.781,13188
1893-08-25,1.026,12957
1893-08-24,0.713,12825
1893-08-23,0.094,12734
1893-08-22,-0.794,12722
1893-08-21,2.761,12824
1893-08-18,-0.300,12480
1893-08-17,-1.058,12517
1893-08-16,0.187,12651
1893-08-15,-0.366,12627
1893-08-14,-2.860,12674
1893-08-11,0.497,13047
1893-08-10,1.670,12982
1893-08-09,0.670,12769
1893-08-08,-1.671,12684
1893-08-07,-2.490,12900
1893-08-04,3.827,13229
1893-08-03,-2.454,12742
1893-08-02,6.522,13062
1893-08-01,1.378,12262
1893-07-31,-1.588,12096
1893-07-28,-0.658,12291
1893-07-27,6.588,12372
1893-07-26,-7.313,11608
1893-07-25,-3.091,12523
1893-07-24,-2.464,12923
1893-07-21,-1.044,13249
1893-07-20,2.048,13389
1893-07-19,0.607,13120
1893-07-18,-5.033,13041
1893-07-17,-2.585,13732
1893-07-14,0.816,14097
1893-07-13,0.802,13983
1893-07-12,-0.583,13871
1893-07-11,-3.411,13953
1893-07-10,-1.900,14446
1893-07-07,0.680,14725
1893-07-06,0.624,14626
1893-07-05,-1.811,14535
1893-07-03,0.438,14803
1893-06-30,1.245,14739
1893-06-29,0.102,14557
1893-06-28,-2.806,14543
1893-06-27,1.607,14962
1893-06-26,-1.884,14726
1893-06-23,-0.980,15008
1893-06-22,-0.362,15157
1893-06-21,1.265,15212
1893-06-20,-0.960,15022
1893-06-19,-0.036,15168
1893-06-16,0.501,15173
1893-06-15,-0.207,15098
1893-06-14,-0.339,15129
1893-06-13,-0.375,15180
1893-06-12,-0.318,15238
1893-06-09,1.941,15286
1893-06-08,0.893,14995
1893-06-07,-0.364,14862
1893-06-06,-0.132,14917
1893-06-05,0.701,14936
1893-06-02,-1.187,14832
1893-06-01,-1.266,15010
1893-05-31,0.325,15203
1893-05-29,-1.844,15154
1893-05-26,-0.499,15438
1893-05-25,1.166,15516
1893-05-24,-0.539,15337
1893-05-23,-1.251,15420
1893-05-22,-1.074,15615
1893-05-19,2.335,15785
1893-05-18,-0.221,15425
1893-05-17,1.881,15459
1893-05-16,1.524,15173
1893-05-15,-2.386,14946
1893-05-12,-0.185,15311
1893-05-11,0.988,15339
1893-05-10,-2.977,15189
1893-05-09,-2.174,15655
1893-05-08,0.691,16003
1893-05-05,2.224,15893
1893-05-04,-1.887,15548
1893-05-03,-2.392,15847
1893-05-02,-0.192,16235
1893-05-01,-2.835,16266
1893-04-28,-0.324,16741
1893-04-26,0.277,16795
1893-04-25,0.764,16749
1893-04-24,0.263,16622
1893-04-21,0.737,16578
1893-04-20,-0.727,16457
1893-04-19,-1.436,16578
1893-04-18,0.778,16819
1893-04-17,-1.342,16689
1893-04-14,0.292,16916
1893-04-13,-1.808,16867
1893-04-12,0.322,17177
1893-04-11,-0.550,17122
1893-04-10,-0.876,17217
1893-04-07,0.318,17369
1893-04-06,-0.362,17314
1893-04-05,1.841,17377
1893-04-04,-0.901,17063
1893-04-03,0.675,17218
1893-03-30,1.177,17103
1893-03-29,-0.049,16904
1893-03-28,-0.320,16912
1893-03-27,0.394,16966
1893-03-24,1.052,16900
1893-03-23,0.504,16724
1893-03-22,0.489,16640
1893-03-21,-0.015,16559
1893-03-20,0.020,16561
1893-03-17,0.803,16558
1893-03-16,0.071,16426
1893-03-15,-1.449,16414
1893-03-14,-0.338,16656
1893-03-13,0.070,16712
1893-03-10,-0.303,16701
1893-03-09,-0.336,16752
1893-03-08,-0.285,16808
1893-03-07,1.077,16856
1893-03-06,-1.559,16677
1893-03-03,-0.979,16941
1893-03-02,0.269,17108
1893-03-01,0.404,17062
1893-02-28,1.445,16994
1893-02-27,-1.684,16752
1893-02-24,0.895,17038
1893-02-23,-2.269,16887
1893-02-21,0.051,17280
1893-02-20,-2.220,17271
1893-02-17,-0.271,17663
1893-02-16,-0.302,17711
1893-02-15,0.082,17764
1893-02-14,-0.824,17750
1893-02-13,0.497,17897
1893-02-10,-0.205,17809
1893-02-09,-0.710,17846
1893-02-08,-0.533,17973
1893-02-07,0.239,18070
1893-02-06,-0.656,18027
1893-02-03,0.127,18146
1893-02-02,-0.451,18123
1893-02-01,0.647,18205
1893-01-31,0.476,18088
1893-01-30,-1.416,18002
1893-01-27,-0.029,18261
1893-01-26,0.314,18266
1893-01-25,-0.434,18209
1893-01-24,0.049,18288
1893-01-23,-0.184,18279
1893-01-20,0.864,18313
1893-01-19,-0.186,18156
1893-01-18,0.838,18190
1893-01-17,-0.578,18039
1893-01-16,0.983,18144
1893-01-13,1.123,17967
1893-01-12,1.103,17767
1893-01-11,-0.160,17574
1893-01-10,0.148,17602
1893-01-09,0.801,17576
1893-01-06,0.313,17436
1893-01-05,-0.422,17382
1893-01-04,-0.307,17455
1893-01-03,-0.112,17509
1892-12-30,-0.515,17529
1892-12-29,1.096,17619
1892-12-28,0.149,17428
1892-12-27,0.660,17402
1892-12-23,-0.554,17288
1892-12-22,-0.275,17385
1892-12-21,-0.372,17433
1892-12-20,1.253,17498
1892-12-19,-1.105,17281
1892-12-16,-0.523,17474
1892-12-15,-1.264,17566
1892-12-14,0.160,17791
1892-12-13,0.176,17763
1892-12-12,0.049,17731
1892-12-09,0.802,17723
1892-12-08,-0.238,17582
1892-12-07,0.306,17624
1892-12-06,-0.603,17570
1892-12-05,0.852,17677
1892-12-02,0.664,17527
1892-12-01,-0.063,17411
1892-11-30,-0.449,17422
1892-11-29,-0.574,17501
1892-11-28,-0.030,17602
1892-11-25,-1.058,17607
1892-11-23,-0.596,17796
1892-11-22,0.254,17902
1892-11-21,-0.966,17857
1892-11-18,0.346,18031
1892-11-17,-0.497,17969
1892-11-16,-0.417,18059
1892-11-15,0.563,18135
1892-11-14,-1.018,18033
1892-11-11,-0.506,18218
1892-11-10,0.620,18311
1892-11-09,-0.491,18198
1892-11-07,0.264,18288
1892-11-04,0.017,18240
1892-11-03,0.202,18237
1892-11-02,-1.251,18200
1892-11-01,0.709,18430
1892-10-31,0.589,18301
1892-10-28,0.063,18194
1892-10-27,-0.199,18182
1892-10-26,-0.460,18218
1892-10-25,-0.014,18302
1892-10-24,0.605,18305
1892-10-20,0.234,18195
1892-10-19,-0.030,18153
1892-10-18,-0.277,18158
1892-10-17,-0.537,18208
1892-10-14,0.078,18307
1892-10-13,0.730,18292
1892-10-11,0.500,18160
1892-10-10,0.048,18069
1892-10-07,-0.309,18061
1892-10-06,-0.045,18117
1892-10-05,0.266,18125
1892-10-04,0.502,18077
1892-10-03,1.029,17986
1892-09-30,-0.156,17803
1892-09-29,-0.250,17831
1892-09-28,-0.187,17876
1892-09-27,-0.108,17909
1892-09-26,0.348,17929
1892-09-23,0.699,17867
1892-09-22,0.512,17743
1892-09-21,0.129,17652
1892-09-20,-0.475,17629
1892-09-19,1.208,17714
1892-09-16,0.757,17502
1892-09-15,-0.873,17371
1892-09-14,-0.693,17524
1892-09-13,0.032,17646
1892-09-12,-1.797,17640
1892-09-09,0.109,17963
1892-09-08,0.094,17943
1892-09-07,0.736,17927
1892-09-06,0.315,17796
1892-09-02,0.017,17740
1892-09-01,-1.742,17737
1892-08-31,-1.293,18051
1892-08-30,0.276,18288
1892-08-29,-0.711,18237
1892-08-26,-0.572,18368
1892-08-25,-0.300,18474
1892-08-24,0.227,18529
1892-08-23,-0.150,18487
1892-08-22,1.496,18515
1892-08-19,-0.425,18242
1892-08-18,0.214,18320
1892-08-17,-0.875,18281
1892-08-16,0.639,18442
1892-08-15,-0.181,18325
1892-08-12,0.107,18358
1892-08-11,-0.633,18338
1892-08-10,0.213,18455
1892-08-09,0.152,18416
1892-08-08,-1.033,18388
1892-08-05,0.878,18580
1892-08-04,-0.495,18418
1892-08-03,-0.119,18510
1892-08-02,-0.194,18532
1892-08-01,0.136,18568
1892-07-29,0.559,18543
1892-07-28,0.808,18440
1892-07-27,0.675,18292
1892-07-26,0.154,18170
1892-07-25,-0.198,18142
1892-07-22,0.093,18178
1892-07-21,0.401,18161
1892-07-20,0.527,18088
1892-07-19,0.234,17993
1892-07-18,0.125,17951
1892-07-15,-0.015,17929
1892-07-14,-0.540,17932
1892-07-13,0.544,18029
1892-07-12,0.266,17931
1892-07-11,-0.556,17884
1892-07-08,0.530,17984
1892-07-07,0.769,17889
1892-07-06,-0.281,17752
1892-07-05,-2.052,17802
1892-07-01,0.016,18175
1892-06-30,-0.441,18172
1892-06-29,0.108,18253
1892-06-28,-0.075,18233
1892-06-27,0.230,18247
1892-06-24,-0.182,18205
1892-06-23,-0.121,18238
1892-06-22,-0.167,18260
1892-06-21,1.094,18291
1892-06-20,-0.199,18093
1892-06-17,0.288,18129
1892-06-16,-0.876,18077
1892-06-15,-0.300,18237
1892-06-14,0.501,18292
1892-06-13,1.851,18201
1892-06-10,-0.307,17870
1892-06-09,0.495,17925
1892-06-08,0.467,17836
1892-06-07,-0.647,17754
1892-06-06,-1.173,17869
1892-06-03,0.016,18081
1892-06-02,0.460,18078
1892-06-01,-0.759,17995
1892-05-31,-0.242,18133
1892-05-27,-0.196,18177
1892-05-26,0.016,18213
1892-05-25,0.933,18210
1892-05-24,-0.652,18042
1892-05-23,1.059,18160
1892-05-20,-0.609,17970
1892-05-19,-0.771,18080
1892-05-18,0.122,18220
1892-05-17,-0.676,18198
1892-05-16,0.242,18322
1892-05-13,-0.554,18277
1892-05-12,-0.788,18379
1892-05-11,0.195,18525
1892-05-10,-0.518,18489
1892-05-09,0.598,18585
1892-05-06,0.225,18475
1892-05-05,-0.372,18434
1892-05-04,0.691,18502
1892-05-03,-0.358,18375
1892-05-02,-0.208,18441
1892-04-29,0.390,18480
1892-04-28,0.513,18408
1892-04-27,-0.419,18314
1892-04-26,-0.044,18391
1892-04-25,-0.846,18399
1892-04-22,-0.177,18556
1892-04-21,-0.545,18589
1892-04-20,0.163,18691
1892-04-19,-0.718,18660
1892-04-18,0.606,18795
1892-04-14,0.535,18682
1892-04-13,0.523,18583
1892-04-12,-0.267,18486
1892-04-11,0.569,18536
1892-04-08,-0.282,18431
1892-04-07,-0.089,18483
1892-04-06,1.590,18499
1892-04-05,0.031,18210
1892-04-04,0.549,18204
1892-04-01,-0.770,18105
1892-03-31,-0.225,18245
1892-03-30,-1.161,18286
1892-03-29,0.797,18501
1892-03-28,-0.596,18355
1892-03-25,-0.267,18465
1892-03-24,0.090,18514
1892-03-23,-0.915,18498
1892-03-22,0.760,18668
1892-03-21,-0.443,18528
1892-03-18,-0.755,18610
1892-03-17,0.016,18752
1892-03-16,-0.115,18749
1892-03-15,0.045,18771
1892-03-14,-0.520,18762
1892-03-11,0.715,18860
1892-03-10,-0.028,18726
1892-03-09,0.942,18732
1892-03-08,-0.569,18557
1892-03-07,-1.326,18663
1892-03-04,1.406,18914
1892-03-03,-0.436,18652
1892-03-02,0.045,18733
1892-03-01,-0.013,18725
1892-02-29,1.826,18727
1892-02-26,0.224,18392
1892-02-25,0.180,18350
1892-02-24,-0.987,18317
1892-02-23,0.267,18500
1892-02-19,-0.879,18451
1892-02-18,0.310,18614
1892-02-17,-0.598,18557
1892-02-16,-0.653,18668
1892-02-15,1.580,18791
1892-02-12,-0.161,18499
1892-02-11,1.284,18529
1892-02-10,0.016,18294
1892-02-09,-0.828,18291
1892-02-08,1.917,18443
1892-02-05,0.639,18097
1892-02-04,0.214,17982
1892-02-03,-0.559,17943
1892-02-02,0.335,18044
1892-02-01,-1.080,17984
1892-01-29,-0.373,18180
1892-01-28,0.998,18248
1892-01-27,-0.120,18068
1892-01-26,1.580,18090
1892-01-25,-1.330,17808
1892-01-22,0.198,18048
1892-01-21,0.290,18012
1892-01-20,2.017,17960
1892-01-19,-1.375,17605
1892-01-18,-1.178,17851
1892-01-15,-0.089,18064
1892-01-14,-0.495,18080
1892-01-13,-0.343,18170
1892-01-12,0.786,18232
1892-01-11,-0.539,18090
1892-01-08,0.378,18188
1892-01-07,-0.642,18120
1892-01-06,0.301,18237
1892-01-05,-0.373,18182
1892-01-04,0.876,18250
1891-12-31,0.410,18091
1891-12-30,-0.316,18018
1891-12-29,-0.540,18075
1891-12-28,0.454,18173
1891-12-24,0.685,18091
1891-12-23,0.551,17968
1891-12-22,0.724,17869
1891-12-21,0.279,17741
1891-12-18,0.086,17691
1891-12-17,0.770,17676
1891-12-16,0.402,17541
1891-12-15,0.123,17471
1891-12-14,-0.279,17449
1891-12-11,-0.201,17498
1891-12-10,0.433,17533
1891-12-09,0.310,17458
1891-12-08,0.468,17404
1891-12-07,0.156,17323
1891-12-04,-0.576,17296
1891-12-03,0.171,17396
1891-12-02,0.422,17366
1891-12-01,-0.853,17293
1891-11-30,0.170,17442
1891-11-27,-0.078,17412
1891-11-25,0.077,17426
1891-11-24,0.421,17413
1891-11-23,-0.032,17340
1891-11-20,1.246,17345
1891-11-19,0.142,17132
1891-11-18,0.110,17107
1891-11-17,-0.111,17088
1891-11-16,-0.268,17108
1891-11-13,0.986,17154
1891-11-12,-0.570,16986
1891-11-11,0.110,17083
1891-11-10,2.335,17065
1891-11-09,-1.565,16675
1891-11-06,-0.980,16940
1891-11-05,-0.785,17108
1891-11-04,-0.515,17243
1891-11-02,-0.234,17333
1891-10-30,-0.558,17373
1891-10-29,1.111,17471
1891-10-28,-1.099,17279
1891-10-27,-0.386,17471
1891-10-26,0.123,17539
1891-10-23,-0.047,17517
1891-10-22,-0.415,17525
1891-10-21,0.899,17598
1891-10-20,0.342,17442
1891-10-19,-0.557,17382
1891-10-16,1.031,17480
1891-10-15,0.534,17301
1891-10-14,-0.765,17209
1891-10-13,0.187,17342
1891-10-12,-1.250,17310
1891-10-09,0.262,17529
1891-10-08,0.092,17483
1891-10-07,-0.708,17467
1891-10-06,-0.123,17591
1891-10-05,1.385,17613
1891-10-02,1.774,17372
1891-10-01,-1.775,17070
1891-09-30,-0.156,17378
1891-09-29,-1.319,17405
1891-09-28,-0.276,17638
1891-09-25,1.647,17687
1891-09-24,-2.457,17400
1891-09-23,0.106,17838
1891-09-22,-0.918,17819
1891-09-21,1.418,17984
1891-09-18,0.762,17733
1891-09-17,0.782,17599
1891-09-16,-0.047,17462
1891-09-15,0.897,17471
1891-09-14,0.201,17315
1891-09-11,-0.125,17281
1891-09-10,-0.340,17302
1891-09-09,0.154,17361
1891-09-08,0.637,17335
1891-09-04,2.176,17225
1891-09-03,-1.008,16858
1891-09-02,-0.455,17030
1891-09-01,-0.173,17107
1891-08-31,2.009,17137
1891-08-28,1.752,16800
1891-08-27,-0.308,16510
1891-08-26,0.373,16561
1891-08-25,1.332,16500
1891-08-24,0.946,16283
1891-08-21,0.166,16130
1891-08-20,-0.200,16104
1891-08-19,0.049,16136
1891-08-18,0.383,16128
1891-08-17,3.076,16067
1891-08-14,0.639,15587
1891-08-13,0.556,15488
1891-08-12,0.859,15403
1891-08-11,-0.263,15271
1891-08-10,-0.332,15312
1891-08-07,0.472,15363
1891-08-06,0.140,15291
1891-08-05,0.404,15269
1891-08-04,-1.012,15208
1891-08-03,1.558,15363
1891-07-31,0.587,15128
1891-07-30,-1.319,15039
1891-07-29,-0.508,15240
1891-07-28,0.438,15318
1891-07-27,-1.506,15251
1891-07-24,-0.242,15485
1891-07-23,-0.345,15522
1891-07-22,0.362,15576
1891-07-21,-0.242,15520
1891-07-20,-0.888,15557
1891-07-17,-0.679,15697
1891-07-16,0.016,15804
1891-07-15,0.050,15802
1891-07-14,-0.406,15794
1891-07-13,-0.018,15858
1891-07-10,0.628,15861
1891-07-09,-0.643,15762
1891-07-08,0.287,15864
1891-07-07,0.476,15818
1891-07-06,0.633,15743
1891-07-03,0.968,15644
1891-07-02,-0.277,15495
1891-07-01,0.224,15538
1891-06-30,1.561,15503
1891-06-29,-1.112,15264
1891-06-26,-0.998,15436
1891-06-25,-0.224,15592
1891-06-24,-0.360,15627
1891-06-23,-0.086,15683
1891-06-22,-0.797,15696
1891-06-19,-0.445,15823
1891-06-18,0.250,15893
1891-06-17,-0.434,15854
1891-06-16,-0.200,15923
1891-06-15,0.922,15955
1891-06-12,0.454,15809
1891-06-11,0.236,15737
1891-06-10,0.321,15700
1891-06-09,-0.674,15650
1891-06-08,-0.286,15756
1891-06-05,0.404,15802
1891-06-04,-0.286,15738
1891-06-03,-0.486,15783
1891-06-02,0.503,15860
1891-06-01,-1.295,15781
1891-05-29,-0.791,15988
1891-05-28,0.230,16115
1891-05-27,-0.100,16078
1891-05-26,-0.165,16094
1891-05-25,0.016,16121
1891-05-22,2.322,16118
1891-05-21,-0.869,15752
1891-05-20,1.645,15890
1891-05-19,-0.221,15633
1891-05-18,-1.649,15668
1891-05-15,-0.596,15931
1891-05-14,-0.050,16026
1891-05-13,0.968,16034
1891-05-12,-1.481,15881
1891-05-11,-0.394,16119
1891-05-08,-0.894,16183
1891-05-07,-1.109,16329
1891-05-06,0.646,16512
1891-05-05,-0.739,16406
1891-05-04,-0.527,16528
1891-05-01,-0.525,16616
1891-04-30,0.929,16704
1891-04-29,-0.463,16550
1891-04-28,0.706,16627
1891-04-27,-0.401,16511
1891-04-24,0.530,16577
1891-04-23,-0.957,16490
1891-04-22,2.164,16649
1891-04-21,-0.374,16296
1891-04-20,1.664,16357
1891-04-17,0.197,16090
1891-04-16,0.447,16058
1891-04-15,0.016,15986
1891-04-14,-0.364,15984
1891-04-13,-0.429,16042
1891-04-10,-0.067,16111
1891-04-09,0.862,16122
1891-04-08,0.752,15984
1891-04-07,-0.251,15865
1891-04-06,1.351,15905
1891-04-03,0.475,15693
1891-04-02,-0.322,15619
1891-04-01,-0.254,15669
1891-03-31,-0.169,15709
1891-03-30,1.210,15736
1891-03-26,-0.052,15548
1891-03-25,0.393,15556
1891-03-24,-0.291,15495
1891-03-23,0.929,15540
1891-03-20,-0.350,15397
1891-03-19,-0.558,15451
1891-03-18,-0.337,15538
1891-03-17,-0.503,15590
1891-03-16,1.530,15669
1891-03-13,0.034,15433
1891-03-12,-0.051,15428
1891-03-11,0.719,15435
1891-03-10,-0.256,15325
1891-03-09,0.085,15365
1891-03-06,-1.316,15352
1891-03-05,0.050,15556
1891-03-04,-1.316,15549
1891-03-03,0.637,15756
1891-03-02,-0.699,15656
1891-02-27,-0.166,15766
1891-02-26,0.753,15793
1891-02-25,-0.151,15675
1891-02-24,-0.150,15698
1891-02-20,0.133,15722
1891-02-19,0.184,15701
1891-02-18,-0.334,15672
1891-02-17,-0.663,15725
1891-02-16,1.123,15830
1891-02-13,-0.218,15654
1891-02-12,-0.863,15688
1891-02-11,-0.528,15825
1891-02-10,-0.165,15909
1891-02-09,0.580,15935
1891-02-06,0.349,15843
1891-02-05,-0.067,15788
1891-02-04,1.398,15799
1891-02-03,-0.202,15581
1891-02-02,1.208,15612
1891-01-30,0.170,15426
1891-01-29,0.170,15400
1891-01-28,0.034,15374
1891-01-27,1.737,15368
1891-01-26,-1.658,15106
1891-01-23,-0.898,15361
1891-01-22,-0.220,15500
1891-01-21,-0.354,15534
1891-01-20,-0.017,15589
1891-01-19,0.439,15592
1891-01-16,-0.404,15523
1891-01-15,-1.362,15586
1891-01-14,-0.199,15802
1891-01-13,1.857,15833
1891-01-12,0.373,15545
1891-01-09,1.183,15487
1891-01-08,0.552,15306
1891-01-07,0.659,15222
1891-01-06,-0.018,15122
1891-01-05,0.963,15125
1891-01-02,1.295,14980
1890-12-31,0.931,14789
1890-12-30,-0.553,14652
1890-12-29,2.614,14734
1890-12-26,-0.509,14358
1890-12-24,-0.254,14432
1890-12-23,-0.199,14469
1890-12-22,-0.253,14498
1890-12-19,-0.581,14534
1890-12-18,0.195,14619
1890-12-17,1.370,14591
1890-12-16,-1.300,14394
1890-12-15,0.017,14583
1890-12-12,2.369,14581
1890-12-11,0.956,14243
1890-12-10,-1.505,14108
1890-12-09,3.527,14324
1890-12-08,-4.103,13836
1890-12-05,-0.945,14428
1890-12-04,-1.024,14566
1890-12-03,-0.544,14716
1890-12-02,1.586,14797
1890-12-01,-4.380,14566
1890-11-28,0.548,15233
1890-11-26,1.143,15150
1890-11-25,-1.536,14979
1890-11-24,2.771,15213
1890-11-21,3.578,14802
1890-11-20,0.200,14291
1890-11-19,1.327,14263
1890-11-18,-2.272,14076
1890-11-17,-1.000,14403
1890-11-14,-1.994,14548
1890-11-13,-1.159,14844
1890-11-12,3.655,15018
1890-11-11,-0.871,14489
1890-11-10,-4.915,14616
1890-11-07,-1.629,15372
1890-11-06,-1.779,15626
1890-11-05,-0.938,15909
1890-11-03,0.503,16060
1890-10-31,0.539,15980
1890-10-30,-0.131,15894
1890-10-29,-0.665,15915
1890-10-28,-0.484,16021
1890-10-27,-0.450,16099
1890-10-24,-0.337,16172
1890-10-23,-0.951,16227
1890-10-22,0.670,16383
1890-10-21,0.497,16274
1890-10-20,-0.574,16193
1890-10-17,1.685,16287
1890-10-16,-0.065,16017
1890-10-15,0.570,16027
1890-10-14,-1.698,15937
1890-10-13,-0.097,16212
1890-10-10,0.936,16228
1890-10-09,0.650,16077
1890-10-08,-2.132,15973
1890-10-07,0.319,16321
1890-10-06,-1.074,16269
1890-10-03,-1.140,16446
1890-10-02,-0.559,16636
1890-10-01,-0.140,16729
1890-09-30,0.373,16753
1890-09-29,-0.171,16690
1890-09-26,-0.418,16719
1890-09-25,-0.722,16789
1890-09-24,0.447,16911
1890-09-23,0.231,16836
1890-09-22,-1.956,16797
1890-09-19,0.973,17132
1890-09-18,0.533,16967
1890-09-17,0.091,16877
1890-09-16,0.784,16862
1890-09-15,-1.455,16731
1890-09-12,-0.167,16978
1890-09-11,-1.314,17006
1890-09-10,-0.209,17233
1890-09-09,0.614,17269
1890-09-08,-0.478,17164
1890-09-05,0.299,17246
1890-09-04,-1.081,17195
1890-09-03,-0.192,17382
1890-09-02,0.177,17416
1890-08-29,0.029,17385
1890-08-28,0.700,17380
1890-08-27,-0.887,17259
1890-08-26,1.636,17414
1890-08-25,0.225,17133
1890-08-22,1.280,17095
1890-08-21,-2.366,16879
1890-08-20,0.358,17288
1890-08-19,-0.668,17226
1890-08-18,-0.532,17342
1890-08-15,0.399,17435
1890-08-14,0.626,17366
1890-08-13,0.059,17258
1890-08-12,1.714,17247
1890-08-11,-2.022,16957
1890-08-08,-0.060,17307
1890-08-07,0.163,17317
1890-08-06,-0.533,17289
1890-08-05,-0.296,17382
1890-08-04,-0.368,17433
1890-08-01,-0.059,17497
1890-07-31,-0.874,17508
1890-07-30,0.321,17662
1890-07-29,0.307,17606
1890-07-28,-0.887,17552
1890-07-25,-0.377,17709
1890-07-24,0.203,17776
1890-07-23,0.247,17740
1890-07-22,0.174,17696
1890-07-21,-0.189,17665
1890-07-18,-0.073,17699
1890-07-17,-0.377,17712
1890-07-16,-0.015,17779
1890-07-15,0.261,17782
1890-07-14,0.174,17735
1890-07-11,0.761,17705
1890-07-10,0.190,17571
1890-07-09,-0.873,17538
1890-07-08,0.555,17692
1890-07-07,-0.539,17594
1890-07-03,0.101,17690
1890-07-02,-0.073,17672
1890-07-01,-0.102,17685
1890-06-30,1.042,17703
1890-06-27,-0.323,17520
1890-06-26,-0.799,17577
1890-06-25,0.335,17718
1890-06-24,0.029,17659
1890-06-23,-0.219,17654
1890-06-20,0.270,17693
1890-06-19,-0.058,17645
1890-06-18,-1.001,17656
1890-06-17,-0.371,17834
1890-06-16,-0.384,17901
1890-06-13,-0.452,17969
1890-06-12,0.496,18051
1890-06-11,-0.803,17962
1890-06-10,-0.225,18107
1890-06-09,0.126,18148
1890-06-06,-0.141,18125
1890-06-05,-0.698,18151
1890-06-04,1.271,18279
1890-06-03,1.128,18049
1890-06-02,-0.893,17848
1890-05-29,-0.773,18009
1890-05-28,0.451,18149
1890-05-27,-0.632,18067
1890-05-26,0.267,18182
1890-05-23,-0.057,18134
1890-05-22,0.721,18144
1890-05-21,-0.773,18014
1890-05-20,-0.085,18155
1890-05-19,0.521,18170
1890-05-16,0.410,18076
1890-05-15,-0.480,18002
1890-05-14,0.752,18089
1890-05-13,0.571,17954
1890-05-12,-0.342,17852
1890-05-09,0.948,17913
1890-05-08,0.259,17745
1890-05-07,-0.516,17699
1890-05-06,0.014,17791
1890-05-05,0.911,17788
1890-05-02,-0.058,17628
1890-05-01,0.933,17638
1890-04-30,-0.175,17475
1890-04-29,0.453,17506
1890-04-28,0.990,17427
1890-04-25,0.714,17256
1890-04-24,0.931,17134
1890-04-23,0.316,16976
1890-04-22,-0.000,16922
1890-04-21,1.096,16922
1890-04-18,0.076,16739
1890-04-17,0.428,16726
1890-04-16,0.076,16655
1890-04-15,0.307,16642
1890-04-14,0.758,16591
1890-04-11,-0.417,16466
1890-04-10,-0.201,16535
1890-04-09,-0.277,16568
1890-04-08,0.107,16614
1890-04-07,-0.368,16597
1890-04-03,0.476,16658
1890-04-02,0.061,16579
1890-04-01,0.339,16569
1890-03-31,-0.124,16513
1890-03-28,-0.293,16533
1890-03-27,-0.185,16582
1890-03-26,0.261,16612
1890-03-25,-0.261,16569
1890-03-24,0.354,16613
1890-03-21,0.458,16554
1890-03-20,-0.046,16479
1890-03-19,-0.138,16486
1890-03-18,-0.654,16509
1890-03-17,0.243,16618
1890-03-14,-0.122,16577
1890-03-13,-0.213,16598
1890-03-12,0.688,16633
1890-03-11,0.538,16520
1890-03-10,-0.383,16431
1890-03-07,0.725,16495
1890-03-06,0.247,16376
1890-03-05,-0.401,16336
1890-03-04,0.030,16401
1890-03-03,0.262,16396
1890-02-28,-0.124,16353
1890-02-27,-0.155,16374
1890-02-26,-0.430,16399
1890-02-25,-0.000,16470
1890-02-24,0.092,16470
1890-02-21,-0.565,16455
1890-02-20,-0.046,16548
1890-02-19,-0.077,16556
1890-02-18,0.367,16569
1890-02-17,-0.940,16508
1890-02-14,-0.061,16665
1890-02-13,0.075,16675
1890-02-12,0.136,16663
1890-02-11,-0.529,16640
1890-02-10,-0.601,16728
1890-02-07,0.301,16830
1890-02-06,0.271,16779
1890-02-05,-0.121,16734
1890-02-04,0.075,16754
1890-02-03,-0.541,16742
1890-01-31,0.015,16833
1890-01-30,-0.120,16830
1890-01-29,-0.240,16850
1890-01-28,0.269,16891
1890-01-27,0.376,16846
1890-01-24,0.423,16782
1890-01-23,0.060,16712
1890-01-22,0.318,16702
1890-01-21,0.319,16649
1890-01-20,0.060,16596
1890-01-17,0.336,16586
1890-01-16,-0.290,16530
1890-01-15,0.137,16578
1890-01-14,-0.274,16556
1890-01-13,-0.935,16601
1890-01-10,0.181,16758
1890-01-09,0.394,16728
1890-01-08,0.121,16662
1890-01-07,-0.634,16642
1890-01-06,0.317,16748
1890-01-03,0.870,16695
1890-01-02,-0.138,16551
1889-12-31,1.359,16574
1889-12-30,-1.267,16352
1889-12-27,-0.320,16562
1889-12-26,-0.061,16615
1889-12-24,0.030,16625
1889-12-23,-0.122,16620
1889-12-20,0.191,16640
1889-12-19,0.347,16609
1889-12-18,-0.302,16551
1889-12-17,0.196,16601
1889-12-16,0.592,16569
1889-12-13,0.076,16471
1889-12-12,-0.470,16459
1889-12-11,-0.137,16537
1889-12-10,0.242,16559
1889-12-09,0.060,16519
1889-12-06,1.821,16509
1889-12-05,-0.047,16214
1889-12-04,-0.247,16222
1889-12-03,0.231,16262
1889-12-02,-0.842,16224
1889-11-29,-1.030,16362
1889-11-27,-0.573,16532
1889-11-26,0.015,16627
1889-11-25,0.181,16625
1889-11-22,0.105,16595
1889-11-21,-0.422,16578
1889-11-20,-0.031,16648
1889-11-19,0.015,16653
1889-11-18,0.468,16650
1889-11-15,0.196,16573
1889-11-14,1.489,16541
1889-11-13,-0.793,16298
1889-11-12,0.829,16428
1889-11-11,-0.337,16293
1889-11-08,-0.911,16348
1889-11-07,0.197,16498
1889-11-06,0.719,16466
1889-11-04,0.138,16348
1889-11-01,-0.595,16326
1889-10-31,0.122,16424
1889-10-30,0.076,16404
1889-10-29,0.030,16391
1889-10-28,-0.593,16386
1889-10-25,0.965,16484
1889-10-24,-0.276,16326
1889-10-23,0.677,16372
1889-10-22,0.822,16261
1889-10-21,-1.408,16129
1889-10-18,0.476,16359
1889-10-17,-0.975,16282
1889-10-16,0.076,16442
1889-10-15,-0.636,16430
1889-10-14,0.778,16535
1889-10-11,-0.547,16407
1889-10-10,-0.016,16497
1889-10-09,0.733,16500
1889-10-08,0.245,16380
1889-10-07,-0.987,16340
1889-10-04,0.060,16503
1889-10-03,-0.992,16493
1889-10-02,0.195,16658
1889-10-01,-0.271,16626
1889-09-30,0.090,16671
1889-09-27,0.030,16656
1889-09-26,0.422,16651
1889-09-25,0.470,16581
1889-09-24,-0.454,16503
1889-09-23,0.318,16579
1889-09-20,-0.354,16526
1889-09-19,0.194,16585
1889-09-18,-0.195,16553
1889-09-17,0.405,16585
1889-09-16,-0.967,16518
1889-09-13,-0.000,16679
1889-09-12,-0.238,16679
1889-09-11,0.822,16719
1889-09-10,-0.506,16583
1889-09-09,0.163,16667
1889-09-06,0.299,16640
1889-09-05,1.057,16591
1889-09-04,-0.181,16417
1889-09-03,1.174,16447
1889-08-30,0.336,16256
1889-08-29,-0.000,16201
1889-08-28,0.415,16202
1889-08-27,0.556,16135
1889-08-26,1.347,16045
1889-08-23,-0.016,15832
1889-08-22,-1.269,15835
1889-08-21,0.154,16038
1889-08-20,0.139,16014
1889-08-19,-0.418,15991
1889-08-16,0.185,16058
1889-08-15,0.108,16029
1889-08-14,-0.000,16011
1889-08-13,-0.248,16011
1889-08-12,0.434,16051
1889-08-09,0.405,15982
1889-08-08,0.406,15917
1889-08-07,-0.032,15853
1889-08-06,0.376,15858
1889-08-05,0.919,15799
1889-08-02,0.270,15655
1889-08-01,0.063,15613
1889-07-31,0.191,15603
1889-07-30,0.480,15573
1889-07-29,0.032,15499
1889-07-26,-0.224,15494
1889-07-25,0.578,15529
1889-07-24,-0.209,15440
1889-07-23,0.971,15472
1889-07-22,-0.628,15323
1889-07-19,-0.465,15420
1889-07-18,-0.479,15492
1889-07-17,-0.287,15566
1889-07-16,0.031,15611
1889-07-15,0.672,15606
1889-07-12,-1.296,15502
1889-07-11,0.908,15706
1889-07-10,0.609,15564
1889-07-09,0.144,15470
1889-07-08,-1.034,15448
1889-07-05,-0.127,15609
1889-07-03,-0.991,15629
1889-07-02,-0.656,15786
1889-07-01,0.313,15890
1889-06-28,-0.453,15840
1889-06-27,-0.373,15912
1889-06-26,0.031,15972
1889-06-25,0.046,15967
1889-06-24,-0.403,15960
1889-06-21,-0.269,16024
1889-06-20,0.106,16068
1889-06-19,-0.640,16050
1889-06-18,0.596,16154
1889-06-17,-0.062,16058
1889-06-14,-0.564,16068
1889-06-13,-0.016,16159
1889-06-12,0.182,16162
1889-06-11,0.381,16133
1889-06-10,0.198,16071
1889-06-07,0.014,16039
1889-06-06,0.137,16037
1889-06-05,0.570,16015
1889-06-04,-0.093,15924
1889-06-03,-0.109,15939
1889-05-31,0.401,15957
1889-05-29,-0.509,15893
1889-05-28,0.509,15974
1889-05-27,0.653,15893
1889-05-24,-0.156,15790
1889-05-23,0.924,15815
1889-05-22,0.251,15670
1889-05-21,0.109,15631
1889-05-20,0.792,15614
1889-05-17,0.047,15491
1889-05-16,0.190,15484
1889-05-15,0.334,15455
1889-05-14,-0.097,15403
1889-05-13,0.705,15418
1889-05-10,-0.385,15310
1889-05-09,-0.383,15369
1889-05-08,0.335,15428
1889-05-07,-0.320,15377
1889-05-06,0.063,15426
1889-05-03,0.383,15416
1889-05-02,0.643,15358
1889-04-26,-0.242,15259
1889-04-25,0.858,15297
1889-04-24,0.389,15166
1889-04-23,-0.471,15108
1889-04-22,0.340,15179
1889-04-18,0.048,15128
1889-04-17,0.032,15120
1889-04-16,-0.115,15116
1889-04-15,-0.470,15133
1889-04-12,0.145,15204
1889-04-11,0.454,15182
1889-04-10,0.588,15114
1889-04-09,0.459,15025
1889-04-08,-0.524,14957
1889-04-05,0.641,15036
1889-04-04,0.711,14940
1889-04-03,-0.348,14834
1889-04-02,0.647,14886
1889-04-01,0.433,14790
1889-03-29,-0.779,14727
1889-03-28,-0.397,14842
1889-03-27,0.563,14901
1889-03-26,-0.134,14818
1889-03-25,-0.348,14838
1889-03-22,-0.264,14890
1889-03-21,0.362,14929
1889-03-20,0.281,14875
1889-03-19,1.156,14833
1889-03-18,-1.062,14664
1889-03-15,-0.927,14821
1889-03-14,-0.533,14960
1889-03-13,-0.289,15040
1889-03-12,-0.015,15084
1889-03-11,-0.592,15086
1889-03-08,-0.239,15176
1889-03-07,0.113,15212
1889-03-06,-0.366,15195
1889-03-05,-0.507,15251
1889-03-04,0.432,15329
1889-03-01,0.562,15263
1889-02-28,0.130,15177
1889-02-27,-0.399,15158
1889-02-26,0.403,15218
1889-02-25,-0.063,15157
1889-02-21,-0.573,15167
1889-02-20,0.001,15254
1889-02-19,-0.601,15254
1889-02-18,0.017,15346
1889-02-15,0.240,15344
1889-02-14,0.336,15307
1889-02-13,0.017,15256
1889-02-12,-0.253,15253
1889-02-11,0.577,15292
1889-02-08,-0.745,15204
1889-02-07,0.368,15318
1889-02-06,0.434,15262
1889-02-05,-0.191,15196
1889-02-04,-0.602,15225
1889-02-01,0.931,15318
1889-01-31,0.614,15176
1889-01-30,0.017,15084
1889-01-29,0.357,15081
1889-01-28,0.180,15027
1889-01-25,0.180,15000
1889-01-24,0.148,14973
1889-01-23,-0.339,14951
1889-01-22,-0.338,15002
1889-01-21,0.440,15053
1889-01-18,-0.596,14987
1889-01-17,0.602,15077
1889-01-16,-0.516,14987
1889-01-15,-0.689,15065
1889-01-14,1.055,15169
1889-01-11,0.556,15011
1889-01-10,0.001,14928
1889-01-09,0.493,14928
1889-01-08,-0.472,14854
1889-01-07,0.263,14925
1889-01-04,0.067,14886
1889-01-03,-0.552,14876
1889-01-02,-0.501,14958
1888-12-31,0.506,15034
1888-12-28,0.050,14958
1888-12-27,-0.646,14950
1888-12-26,-0.063,15048
1888-12-24,1.946,15057
1888-12-21,0.859,14770
1888-12-20,0.033,14644
1888-12-19,0.830,14639
1888-12-18,-0.577,14519
1888-12-17,1.575,14603
1888-12-14,-0.516,14376
1888-12-13,-0.513,14451
1888-12-12,1.005,14526
1888-12-11,0.709,14381
1888-12-10,-0.918,14280
1888-12-07,0.235,14412
1888-12-06,1.290,14378
1888-12-05,-0.472,14195
1888-12-04,-0.420,14263
1888-12-03,-2.041,14323
1888-11-28,-0.147,14621
1888-11-27,1.098,14643
1888-11-26,-0.758,14484
1888-11-23,0.481,14595
1888-11-22,-0.049,14525
1888-11-21,-1.356,14532
1888-11-20,0.609,14732
1888-11-19,-0.572,14642
1888-11-16,0.345,14727
1888-11-15,-0.359,14676
1888-11-14,0.427,14729
1888-11-13,-0.765,14666
1888-11-12,-1.047,14779
1888-11-09,0.130,14936
1888-11-08,-0.609,14916
1888-11-07,0.403,15008
1888-11-05,0.600,14948
1888-11-02,-0.306,14858
1888-11-01,0.586,14904
1888-10-31,0.261,14817
1888-10-30,0.442,14779
1888-10-29,-1.180,14714
1888-10-26,0.423,14889
1888-10-25,0.179,14827
1888-10-24,-0.275,14800
1888-10-23,0.179,14841
1888-10-22,-0.340,14814
1888-10-19,-0.595,14865
1888-10-18,0.632,14954
1888-10-17,-0.064,14860
1888-10-16,0.391,14869
1888-10-15,-1.077,14812
1888-10-12,0.258,14973
1888-10-11,0.340,14934
1888-10-10,-0.547,14884
1888-10-09,0.943,14965
1888-10-08,-0.917,14826
1888-10-05,-0.576,14963
1888-10-04,0.257,15049
1888-10-03,-0.176,15011
1888-10-02,-0.778,15037
1888-10-01,0.576,15155
1888-09-28,0.676,15068
1888-09-27,1.173,14967
1888-09-26,0.805,14794
1888-09-25,0.247,14676
1888-09-24,-0.831,14640
1888-09-21,-0.895,14762
1888-09-20,-0.001,14896
1888-09-19,1.148,14896
1888-09-18,1.029,14727
1888-09-17,-0.554,14577
1888-09-14,-0.647,14658
1888-09-13,-1.512,14753
1888-09-12,-0.239,14980
1888-09-11,0.461,15016
1888-09-10,-0.461,14947
1888-09-07,0.574,15016
1888-09-06,-0.525,14930
1888-09-05,0.318,15009
1888-09-04,1.208,14962
1888-08-31,-0.130,14783
1888-08-30,-0.001,14802
1888-08-29,-0.194,14803
1888-08-28,0.500,14831
1888-08-27,1.027,14758
1888-08-24,-0.115,14608
1888-08-23,0.015,14624
1888-08-22,0.081,14622
1888-08-21,0.705,14610
1888-08-20,1.062,14508
1888-08-17,-1.247,14356
1888-08-16,-0.555,14537
1888-08-15,0.755,14618
1888-08-14,-1.314,14509
1888-08-13,-0.001,14702
1888-08-10,0.439,14702
1888-08-09,-0.455,14638
1888-08-08,0.341,14705
1888-08-07,0.342,14655
1888-08-06,1.355,14605
1888-08-03,-0.150,14410
1888-08-02,-0.067,14431
1888-08-01,0.131,14441
1888-07-31,0.782,14422
1888-07-30,-0.118,14310
1888-07-27,0.182,14327
1888-07-26,1.797,14301
1888-07-25,-1.866,14048
1888-07-24,0.838,14315
1888-07-23,1.034,14196
1888-07-20,-0.001,14051
1888-07-19,-0.742,14051
1888-07-18,0.184,14156
1888-07-17,0.953,14130
1888-07-16,0.306,13997
1888-07-13,1.227,13954
1888-07-12,-0.431,13785
1888-07-11,0.710,13845
1888-07-10,1.352,13747
1888-07-09,-0.369,13564
1888-07-06,1.383,13614
1888-07-05,0.427,13428
1888-07-03,0.124,13371
1888-07-02,-0.692,13355
1888-06-29,0.355,13448
1888-06-28,0.302,13400
1888-06-27,0.160,13360
1888-06-26,0.088,13339
1888-06-25,-1.150,13327
1888-06-22,0.407,13482
1888-06-21,0.552,13427
1888-06-20,0.052,13353
1888-06-19,-0.499,13346
1888-06-18,1.186,13413
1888-06-15,0.428,13256
1888-06-14,0.629,13200
1888-06-13,-0.553,13117
1888-06-12,0.269,13190
1888-06-11,-2.052,13155
1888-06-08,-0.227,13430
1888-06-07,0.741,13461
1888-06-06,0.177,13362
1888-06-05,-0.509,13338
1888-06-04,0.335,13407
1888-06-01,0.177,13362
1888-05-31,-0.509,13338
1888-05-29,0.637,13407
1888-05-28,-1.823,13322
1888-05-25,0.947,13569
1888-05-24,-0.696,13442
1888-05-23,-0.433,13536
1888-05-22,-0.568,13595
1888-05-21,0.104,13673
1888-05-18,0.451,13658
1888-05-17,-0.585,13597
1888-05-16,0.450,13677
1888-05-15,-0.241,13616
1888-05-14,-0.120,13649
1888-05-11,0.573,13665
1888-05-10,-1.030,13587
1888-05-09,0.605,13729
1888-05-08,-0.788,13646
1888-05-07,-0.782,13755
1888-05-04,-0.473,13863
1888-05-03,0.000,13929
1888-05-02,-1.384,13929
1888-05-01,0.554,14124
1888-04-30,1.950,14047
1888-04-27,-0.068,13778
1888-04-26,0.516,13787
1888-04-25,0.362,13717
1888-04-24,1.010,13667
1888-04-23,0.861,13530
1888-04-20,0.512,13415
1888-04-19,0.801,13347
1888-04-18,-0.301,13240
1888-04-17,0.679,13281
1888-04-16,0.197,13191
1888-04-13,0.613,13165
1888-04-12,0.471,13085
1888-04-11,0.145,13024
1888-04-10,-0.898,13005
1888-04-09,-1.136,13122
1888-04-06,1.533,13273
1888-04-05,0.072,13073
1888-04-04,1.669,13063
1888-04-03,1.301,12849
1888-04-02,-2.252,12684
1888-03-29,-0.127,12976
1888-03-28,-0.487,12993
1888-03-27,-0.341,13056
1888-03-26,-0.197,13101
1888-03-23,-0.553,13127
1888-03-22,0.883,13200
1888-03-21,-1.717,13084
1888-03-20,-1.137,13313
1888-03-19,0.741,13466
1888-03-16,-0.896,13367
1888-03-15,0.122,13488
1888-03-14,0.174,13471
1888-03-09,0.210,13448
1888-03-08,0.001,13420
1888-03-07,-0.757,13420
1888-03-06,0.469,13522
1888-03-05,-1.027,13459
1888-03-02,-0.578,13599
1888-03-01,0.618,13678
1888-02-29,-0.595,13594
1888-02-28,0.377,13675
1888-02-27,-1.349,13624
1888-02-24,-0.033,13810
1888-02-23,0.374,13814
1888-02-21,0.018,13763
1888-02-20,-0.638,13760
1888-02-17,0.867,13849
1888-02-16,0.222,13730
1888-02-15,0.531,13699
1888-02-14,-0.067,13627
1888-02-13,-0.407,13636
1888-02-10,0.291,13692
1888-02-09,0.447,13652
1888-02-08,-0.578,13591
1888-02-07,-0.067,13670
1888-02-06,-0.271,13680
1888-02-03,-0.253,13717
1888-02-02,-0.538,13752
1888-02-01,0.018,13826
1888-01-31,-0.685,13823
1888-01-30,0.726,13919
1888-01-27,0.357,13818
1888-01-26,0.666,13769
1888-01-25,0.584,13678
1888-01-24,-0.136,13599
1888-01-23,-0.221,13617
1888-01-20,-0.050,13648
1888-01-19,-1.129,13654
1888-01-18,0.018,13810
1888-01-17,-0.134,13808
1888-01-16,0.322,13826
1888-01-13,-0.437,13782
1888-01-12,0.204,13842
1888-01-11,-0.603,13814
1888-01-10,-0.032,13898
1888-01-09,0.846,13903
1888-01-06,0.528,13786
1888-01-05,0.462,13713
1888-01-04,-0.407,13650
1888-01-03,-0.287,13706
1887-12-30,-0.185,13746
1887-12-29,0.717,13771
1887-12-28,-0.474,13673
1887-12-27,0.598,13738
1887-12-23,0.775,13656
1887-12-22,0.381,13551
1887-12-21,0.278,13500
1887-12-20,-0.189,13462
1887-12-19,-0.326,13488
1887-12-16,0.221,13532
1887-12-15,-0.253,13502
1887-12-14,1.294,13536
1887-12-13,-0.393,13364
1887-12-12,-1.768,13416
1887-12-09,0.630,13658
1887-12-08,-0.973,13572
1887-12-07,-0.383,13706
1887-12-06,-0.927,13758
1887-12-05,1.040,13887
1887-12-02,0.778,13744
1887-12-01,-0.385,13638
1887-11-30,-0.467,13691
1887-11-29,0.119,13755
1887-11-28,-1.695,13739
1887-11-25,-0.146,13975
1887-11-23,0.865,13996
1887-11-22,0.301,13876
1887-11-21,-0.905,13834
1887-11-18,0.035,13961
1887-11-17,0.300,13956
1887-11-16,1.242,13914
1887-11-15,0.439,13743
1887-11-14,1.401,13683
1887-11-11,1.176,13494
1887-11-10,-0.990,13337
1887-11-09,0.569,13471
1887-11-07,-0.579,13395
1887-11-04,1.617,13473
1887-11-03,-0.154,13258
1887-11-02,0.002,13279
1887-11-01,1.911,13278
1887-10-31,-0.456,13029
1887-10-28,-0.784,13089
1887-10-27,0.229,13192
1887-10-26,0.689,13162
1887-10-25,1.214,13072
1887-10-24,-2.400,12915
1887-10-21,0.002,13233
1887-10-20,2.335,13233
1887-10-19,-0.300,12931
1887-10-18,0.880,12970
1887-10-17,0.470,12857
1887-10-14,-2.060,12796
1887-10-13,0.999,13066
1887-10-12,-2.277,12936
1887-10-11,0.263,13238
1887-10-10,-1.713,13203
1887-10-07,-1.033,13433
1887-10-06,0.565,13573
1887-10-05,-0.440,13497
1887-10-04,0.343,13557
1887-10-03,-1.476,13511
1887-09-30,0.237,13713
1887-09-29,0.002,13680
1887-09-28,0.731,13680
1887-09-27,0.891,13581
1887-09-26,-0.407,13461
1887-09-23,-0.236,13516
1887-09-22,0.738,13548
1887-09-21,0.622,13449
1887-09-20,0.140,13366
1887-09-19,-2.291,13347
1887-09-16,0.115,13660
1887-09-15,-0.562,13644
1887-09-14,-1.211,13721
1887-09-13,0.380,13890
1887-09-12,-1.313,13837
1887-09-09,0.985,14021
1887-09-08,-0.341,13884
1887-09-07,-1.304,13932
1887-09-06,1.524,14116
1887-09-02,0.446,13904
1887-09-01,1.691,13842
1887-08-31,2.171,13612
1887-08-30,-1.909,13323
1887-08-29,0.643,13582
1887-08-26,0.069,13495
1887-08-25,-0.785,13486
1887-08-24,-1.239,13593
1887-08-23,0.217,13763
1887-08-22,-1.048,13733
1887-08-19,-0.211,13879
1887-08-18,-0.584,13908
1887-08-17,-0.177,13990
1887-08-16,0.067,14015
1887-08-15,0.771,14005
1887-08-12,0.495,13898
1887-08-11,-0.048,13830
1887-08-10,0.018,13836
1887-08-09,0.183,13834
1887-08-08,-1.284,13808
1887-08-05,1.104,13988
1887-08-04,0.999,13835
1887-08-03,1.898,13699
1887-08-02,-1.434,13443
1887-08-01,-0.397,13639
1887-07-29,-1.842,13693
1887-07-28,0.824,13950
1887-07-27,-1.153,13836
1887-07-26,-0.725,13998
1887-07-25,-0.608,14100
1887-07-22,-0.222,14186
1887-07-21,0.662,14218
1887-07-20,0.585,14124
1887-07-19,-0.946,14042
1887-07-18,0.730,14176
1887-07-15,0.229,14073
1887-07-14,0.967,14041
1887-07-13,-1.767,13907
1887-07-12,-0.079,14157
1887-07-11,0.373,14168
1887-07-08,-0.893,14115
1887-07-07,0.178,14243
1887-07-06,-0.461,14217
1887-07-05,-0.836,14283
1887-07-01,0.081,14404
1887-06-30,-0.876,14392
1887-06-29,2.050,14519
1887-06-28,0.906,14228
1887-06-27,-1.493,14100
1887-06-24,-1.146,14314
1887-06-23,-1.087,14479
1887-06-22,-0.770,14639
1887-06-21,0.002,14752
1887-06-20,0.327,14752
1887-06-17,-0.451,14704
1887-06-16,0.569,14771
1887-06-15,0.294,14687
1887-06-14,-0.579,14644
1887-06-13,-1.012,14729
1887-06-10,0.260,14880
1887-06-09,0.017,14841
1887-06-08,-0.482,14839
1887-06-07,-0.209,14911
1887-06-06,0.198,14942
1887-06-03,0.350,14913
1887-06-02,-0.900,14861
1887-06-01,0.077,14995
1887-05-31,0.561,14984
1887-05-27,-0.614,14900
1887-05-26,0.227,14993
1887-05-25,0.228,14959
1887-05-24,-0.044,14925
1887-05-23,-0.688,14931
1887-05-20,0.031,15034
1887-05-19,-0.446,15030
1887-05-18,0.814,15097
1887-05-17,0.122,14975
1887-05-16,0.122,14957
1887-05-13,0.122,14939
1887-05-12,0.563,14920
1887-05-11,0.659,14837
1887-05-10,0.277,14740
1887-05-09,-0.471,14699
1887-05-06,-0.242,14769
1887-05-05,0.475,14804
1887-05-04,0.216,14734
1887-05-03,-0.029,14703
1887-05-02,-0.562,14707
1887-04-29,0.707,14790
1887-04-28,-0.167,14686
1887-04-27,0.401,14711
1887-04-26,-0.837,14652
1887-04-25,0.277,14776
1887-04-22,0.139,14735
1887-04-21,-0.501,14714
1887-04-20,0.553,14788
1887-04-19,-0.243,14707
1887-04-18,0.493,14743
1887-04-15,-0.259,14671
1887-04-14,0.201,14709
1887-04-13,-0.548,14679
1887-04-12,0.170,14760
1887-04-11,-0.197,14735
1887-04-07,0.492,14764
1887-04-06,-0.136,14692
1887-04-05,0.293,14712
1887-04-04,0.651,14669
1887-04-01,-0.307,14574
1887-03-31,0.497,14619
1887-03-30,-0.246,14546
1887-03-29,0.110,14582
1887-03-28,1.159,14566
1887-03-25,-0.310,14399
1887-03-24,0.819,14444
1887-03-23,0.017,14327
1887-03-22,0.080,14324
1887-03-21,-0.014,14313
1887-03-18,0.217,14315
1887-03-17,-0.341,14284
1887-03-16,0.141,14333
1887-03-15,0.849,14312
1887-03-14,-0.824,14192
1887-03-11,0.095,14310
1887-03-10,-0.294,14296
1887-03-09,-0.540,14338
1887-03-08,0.094,14416
1887-03-07,0.922,14403
1887-03-04,-0.758,14271
1887-03-03,0.375,14380
1887-03-02,0.975,14326
1887-03-01,-0.483,14188
1887-02-28,-1.233,14257
1887-02-25,0.125,14435
1887-02-24,0.576,14417
1887-02-23,0.879,14334
1887-02-21,0.127,14209
1887-02-18,0.427,14191
1887-02-17,-0.641,14131
1887-02-16,2.506,14222
1887-02-15,-2.381,13874
1887-02-14,-0.296,14213
1887-02-11,-0.574,14255
1887-02-10,0.313,14337
1887-02-09,0.961,14292
1887-02-08,0.571,14156
1887-02-07,1.170,14076
1887-02-04,0.727,13913
1887-02-03,-0.528,13813
1887-02-02,0.843,13886
1887-02-01,-0.578,13770
1887-01-31,-1.018,13850
1887-01-28,0.739,13992
1887-01-27,-0.318,13890
1887-01-26,-0.886,13934
1887-01-25,1.677,14059
1887-01-24,-2.220,13827
1887-01-21,-0.656,14141
1887-01-20,-0.435,14234
1887-01-19,0.518,14296
1887-01-18,0.300,14222
1887-01-17,0.096,14180
1887-01-14,0.666,14166
1887-01-13,-0.768,14073
1887-01-12,0.618,14182
1887-01-11,-0.093,14095
1887-01-10,0.461,14108
1887-01-07,-1.051,14043
1887-01-06,0.617,14192
1887-01-05,0.302,14105
1887-01-04,-1.758,14062
1887-01-03,-0.247,14314
1886-12-31,0.407,14349
1886-12-30,0.977,14291
1886-12-29,1.229,14153
1886-12-28,1.097,13981
1886-12-27,-0.972,13829
1886-12-24,-0.142,13965
1886-12-23,0.193,13985
1886-12-22,0.322,13958
1886-12-21,1.184,13913
1886-12-20,-2.015,13751
1886-12-17,-0.244,14033
1886-12-16,1.335,14068
1886-12-15,-2.177,13882
1886-12-14,-1.365,14191
1886-12-13,-1.630,14388
1886-12-10,-1.296,14626
1886-12-09,0.403,14818
1886-12-08,0.677,14759
1886-12-07,-1.410,14660
1886-12-06,-0.591,14869
1886-12-03,0.698,14958
1886-12-02,0.297,14854
1886-12-01,0.917,14810
1886-11-30,-0.880,14675
1886-11-29,0.856,14806
1886-11-26,0.346,14680
1886-11-24,0.090,14629
1886-11-23,-0.332,14616
1886-11-22,-0.360,14665
1886-11-19,0.105,14718
1886-11-18,0.361,14702
1886-11-17,-0.166,14649
1886-11-16,0.422,14674
1886-11-15,0.333,14612
1886-11-12,0.349,14564
1886-11-11,-0.635,14513
1886-11-10,0.592,14606
1886-11-09,0.076,14520
1886-11-08,0.060,14509
1886-11-05,-0.107,14500
1886-11-04,-0.710,14516
1886-11-03,0.302,14619
1886-11-01,0.963,14575
1886-10-29,0.061,14436
1886-10-28,0.522,14428
1886-10-27,-0.108,14353
1886-10-26,0.742,14368
1886-10-25,-0.432,14262
1886-10-22,-0.430,14324
1886-10-21,0.632,14386
1886-10-20,-0.568,14296
1886-10-19,0.385,14377
1886-10-18,-0.400,14322
1886-10-15,0.030,14380
1886-10-14,0.602,14375
1886-10-13,1.744,14289
1886-10-12,-0.610,14044
1886-10-11,-0.821,14131
1886-10-08,0.093,14248
1886-10-07,-0.448,14234
1886-10-06,-0.108,14298
1886-10-05,0.902,14314
1886-10-04,0.815,14186
1886-10-01,-0.655,14071
1886-09-30,-0.942,14164
1886-09-29,0.294,14299
1886-09-28,1.190,14257
1886-09-27,-0.885,14089
1886-09-24,0.295,14215
1886-09-23,-0.156,14173
1886-09-22,-0.032,14195
1886-09-21,0.327,14200
1886-09-20,1.680,14154
1886-09-17,0.327,13920
1886-09-16,0.538,13874
1886-09-15,0.110,13800
1886-09-14,-0.112,13785
1886-09-13,0.926,13800
1886-09-10,0.481,13674
1886-09-09,-0.464,13608
1886-09-08,0.708,13672
1886-09-07,-0.290,13576
1886-09-06,0.483,13615
1886-09-03,1.009,13550
1886-09-02,0.507,13414
1886-09-01,0.361,13347
1886-08-31,-0.638,13299
1886-08-30,-0.033,13384
1886-08-27,0.574,13388
1886-08-26,0.131,13312
1886-08-25,-0.816,13295
1886-08-24,0.359,13404
1886-08-23,-0.327,13356
1886-08-20,1.221,13400
1886-08-19,0.932,13238
1886-08-18,-0.597,13116
1886-08-17,-1.357,13195
1886-08-16,-0.505,13376
1886-08-13,-0.260,13444
1886-08-12,-0.146,13479
1886-08-11,-0.580,13499
1886-08-10,0.598,13578
1886-08-09,-1.169,13497
1886-08-06,0.304,13657
1886-08-05,0.467,13615
1886-08-04,0.128,13552
1886-08-03,-0.515,13535
1886-08-02,1.400,13605
1886-07-30,0.392,13417
1886-07-29,-0.521,13364
1886-07-28,0.704,13434
1886-07-27,0.163,13341
1886-07-26,0.610,13319
1886-07-23,-0.182,13238
1886-07-22,-0.050,13262
1886-07-21,0.313,13269
1886-07-20,0.732,13227
1886-07-19,-0.465,13131
1886-07-16,-0.001,13193
1886-07-15,1.003,13193
1886-07-14,0.133,13062
1886-07-13,0.454,13044
1886-07-12,-1.034,12985
1886-07-09,-0.101,13121
1886-07-08,-0.613,13134
1886-07-07,0.531,13215
1886-07-06,-0.167,13145
1886-07-02,0.116,13167
1886-07-01,0.433,13152
1886-06-30,-0.017,13095
1886-06-29,-0.763,13098
1886-06-28,-0.282,13198
1886-06-25,0.933,13236
1886-06-24,-1.511,13113
1886-06-23,0.827,13314
1886-06-22,-0.216,13205
1886-06-21,0.016,13234
1886-06-18,0.458,13232
1886-06-17,0.445,13171
1886-06-16,0.966,13113
1886-06-15,0.100,12988
1886-06-14,0.401,12975
1886-06-11,0.657,12923
1886-06-10,-0.919,12838
1886-06-09,1.251,12958
1886-06-08,-0.237,12797
1886-06-07,-0.253,12828
1886-06-04,0.916,12860
1886-06-03,-0.591,12744
1886-06-02,-0.588,12819
1886-06-01,1.689,12895
1886-05-28,-0.947,12681
1886-05-27,0.903,12802
1886-05-26,1.120,12688
1886-05-25,0.120,12547
1886-05-24,0.555,12532
1886-05-21,0.628,12463
1886-05-20,0.934,12385
1886-05-19,-0.177,12270
1886-05-18,-0.804,12292
1886-05-17,0.685,12392
1886-05-14,-1.165,12307
1886-05-13,-0.347,12452
1886-05-12,1.227,12496
1886-05-11,-0.106,12344
1886-05-10,0.634,12357
1886-05-07,1.158,12280
1886-05-06,-1.146,12139
1886-05-05,1.285,12280
1886-05-04,1.046,12124
1886-05-03,-2.067,11998
1886-04-30,-0.824,12252
1886-04-29,-0.419,12353
1886-04-28,-1.088,12405
1886-04-27,-0.276,12542
1886-04-26,-0.104,12577
1886-04-22,-0.104,12590
1886-04-21,0.587,12603
1886-04-20,0.573,12529
1886-04-19,-0.001,12458
1886-04-16,-0.656,12458
1886-04-15,-1.295,12540
1886-04-14,-0.035,12705
1886-04-13,-0.778,12709
1886-04-12,1.770,12809
1886-04-09,0.103,12586
1886-04-08,-0.104,12573
1886-04-07,0.954,12586
1886-04-06,-0.018,12467
1886-04-05,0.226,12469
1886-04-02,-1.609,12441
1886-04-01,0.464,12645
1886-03-31,0.605,12586
1886-03-30,0.942,12511
1886-03-29,-0.070,12394
1886-03-26,-0.262,12403
1886-03-25,0.913,12435
1886-03-24,-0.455,12323
1886-03-23,-2.206,12379
1886-03-22,-0.375,12658
1886-03-19,0.662,12706
1886-03-18,0.187,12622
1886-03-17,-1.507,12599
1886-03-16,0.017,12791
1886-03-15,0.369,12789
1886-03-12,-1.718,12742
1886-03-11,0.315,12965
1886-03-10,-0.000,12924
1886-03-09,-0.215,12924
1886-03-08,-0.248,12952
1886-03-05,0.148,12984
1886-03-04,-0.917,12965
1886-03-03,0.032,13085
1886-03-02,1.715,13081
1886-03-01,-0.530,12860
1886-02-26,-0.066,12929
1886-02-25,-0.281,12938
1886-02-24,0.016,12974
1886-02-23,-0.297,12972
1886-02-19,-0.345,13010
1886-02-18,-1.327,13055
1886-02-17,-0.516,13231
1886-02-16,0.258,13300
1886-02-15,0.259,13265
1886-02-12,0.178,13231
1886-02-11,0.358,13208
1886-02-10,-1.238,13161
1886-02-09,0.990,13325
1886-02-08,0.867,13195
1886-02-05,0.925,13081
1886-02-04,0.099,12961
1886-02-03,0.599,12949
1886-02-02,0.217,12872
1886-02-01,2.583,12844
1886-01-29,-0.017,12520
1886-01-28,0.619,12523
1886-01-27,0.034,12446
1886-01-26,0.973,12441
1886-01-25,-1.591,12321
1886-01-22,-0.680,12521
1886-01-21,0.926,12606
1886-01-20,-0.257,12491
1886-01-19,0.984,12523
1886-01-18,-1.681,12401
1886-01-15,-1.932,12613
1886-01-14,0.721,12861
1886-01-13,-1.357,12769
1886-01-12,-0.215,12945
1886-01-11,-0.411,12973
1886-01-08,-0.605,13026
1886-01-07,-0.196,13106
1886-01-06,0.261,13131
1886-01-05,-0.892,13097
1886-01-04,0.097,13215
1885-12-31,-0.178,13202
1885-12-30,0.081,13226
1885-12-29,1.630,13215
1885-12-28,1.099,13003
1885-12-24,1.179,12862
1885-12-23,0.253,12712
1885-12-22,-1.759,12680
1885-12-21,-1.391,12907
1885-12-18,0.604,13089
1885-12-17,-0.758,13010
1885-12-16,1.693,13110
1885-12-15,1.859,12891
1885-12-14,-2.448,12656
1885-12-11,0.148,12974
1885-12-10,-1.465,12955
1885-12-09,-0.240,13147
1885-12-08,0.291,13179
1885-12-07,-0.320,13141
1885-12-04,0.420,13183
1885-12-03,0.146,13128
1885-12-02,0.325,13108
1885-12-01,-0.867,13066
1885-11-30,-0.063,13180
1885-11-27,-1.486,13189
1885-11-25,-0.472,13388
1885-11-24,2.835,13451
1885-11-23,-2.786,13080
1885-11-20,-0.811,13455
1885-11-19,1.090,13565
1885-11-18,0.318,13419
1885-11-17,1.268,13376
1885-11-16,-0.223,13209
1885-11-13,0.808,13238
1885-11-12,-0.080,13132
1885-11-11,1.523,13143
1885-11-10,0.843,12946
1885-11-09,0.515,12837
1885-11-06,-0.870,12772
1885-11-05,1.385,12884
1885-11-04,-0.744,12708
1885-11-02,1.088,12803
1885-10-30,1.271,12665
1885-10-29,-0.572,12506
1885-10-28,0.679,12578
1885-10-27,1.289,12493
1885-10-26,-1.153,12334
1885-10-23,0.582,12478
1885-10-22,-1.826,12406
1885-10-21,0.035,12637
1885-10-20,1.137,12632
1885-10-19,2.398,12490
1885-10-16,1.500,12198
1885-10-15,-0.959,12018
1885-10-14,0.422,12134
1885-10-13,0.636,12083
1885-10-12,1.216,12007
1885-10-09,0.360,11862
1885-10-08,0.073,11820
1885-10-07,1.921,11811
1885-10-06,0.166,11589
1885-10-05,2.942,11570
1885-10-02,-0.877,11239
1885-10-01,-0.185,11338
1885-09-30,0.715,11359
1885-09-29,-0.168,11279
1885-09-28,1.602,11298
1885-09-25,-0.454,11120
1885-09-24,-0.508,11170
1885-09-23,0.096,11227
1885-09-22,0.171,11217
1885-09-21,-0.395,11197
1885-09-18,0.833,11242
1885-09-17,-0.317,11149
1885-09-16,0.983,11184
1885-09-15,-0.413,11076
1885-09-14,1.586,11122
1885-09-11,0.326,10948
1885-09-10,-0.911,10912
1885-09-09,0.439,11013
1885-09-08,0.808,10964
1885-09-07,-3.057,10877
1885-09-04,-0.297,11219
1885-09-03,-0.407,11253
1885-09-02,0.747,11299
1885-09-01,-0.648,11215
1885-08-31,-1.442,11288
1885-08-28,-0.653,11453
1885-08-27,1.268,11529
1885-08-26,0.406,11384
1885-08-25,-0.914,11338
1885-08-24,-0.599,11443
1885-08-21,0.146,11512
1885-08-20,-0.812,11495
1885-08-19,1.466,11589
1885-08-18,-2.168,11422
1885-08-17,3.123,11675
1885-08-14,1.197,11321
1885-08-13,-0.650,11187
1885-08-12,1.242,11260
1885-08-11,-0.168,11122
1885-08-10,0.415,11141
1885-08-07,0.875,11095
1885-08-06,0.498,10999
1885-08-05,-0.209,10944
1885-08-04,0.307,10967
1885-08-03,-0.759,10934
1885-07-31,0.305,11017
1885-07-30,-0.114,10984
1885-07-29,1.039,10996
1885-07-28,0.232,10883
1885-07-27,-1.067,10858
1885-07-24,-1.279,10975
1885-07-23,1.490,11117
1885-07-22,1.572,10954
1885-07-21,0.059,10784
1885-07-20,-0.251,10778
1885-07-17,1.335,10805
1885-07-16,-0.507,10663
1885-07-15,1.446,10717
1885-07-14,0.438,10565
1885-07-13,3.373,10518
1885-07-10,0.021,10175
1885-07-09,0.227,10173
1885-07-08,1.699,10150
1885-07-07,-0.334,9981
1885-07-06,0.022,10014
1885-07-03,1.121,10012
1885-07-02,-0.734,9901
1885-07-01,-0.625,9974
1885-06-30,-0.207,10037
1885-06-29,-1.616,10058
1885-06-26,-0.670,10223
1885-06-25,-0.585,10292
1885-06-24,1.104,10352
1885-06-23,-0.183,10239
1885-06-22,-0.466,10258
1885-06-19,0.734,10306
1885-06-18,0.610,10231
1885-06-17,0.021,10169
1885-06-16,-0.323,10167
1885-06-15,0.899,10200
1885-06-12,0.514,10109
1885-06-11,0.912,10057
1885-06-10,0.271,9966
1885-06-09,0.334,9939
1885-06-08,-0.145,9906
1885-06-05,-0.763,9921
1885-06-04,-0.615,9997
1885-06-03,0.641,10059
1885-06-02,0.603,9995
1885-06-01,-0.454,9935
1885-05-29,-0.718,9980
1885-05-28,-0.326,10052
1885-05-27,-0.508,10085
1885-05-26,0.430,10137
1885-05-25,-0.911,10093
1885-05-22,0.777,10186
1885-05-21,0.597,10107
1885-05-20,-0.490,10047
1885-05-19,0.042,10097
1885-05-18,0.743,10093
1885-05-15,0.727,10018
1885-05-14,0.022,9946
1885-05-13,0.022,9944
1885-05-12,-0.433,9942
1885-05-11,-0.390,9985
1885-05-08,1.379,10024
1885-05-07,-1.011,9888
1885-05-06,1.066,9989
1885-05-05,-0.477,9883
1885-05-04,-2.689,9931
1885-05-01,-0.642,10205
1885-04-30,0.323,10271
1885-04-29,0.162,10238
1885-04-28,0.244,10221
1885-04-27,0.123,10196
1885-04-24,-0.443,10184
1885-04-23,0.163,10229
1885-04-22,0.305,10213
1885-04-21,-0.222,10182
1885-04-20,0.021,10204
1885-04-17,-0.642,10202
1885-04-16,-0.895,10268
1885-04-15,1.806,10361
1885-04-14,0.449,10177
1885-04-13,1.637,10131
1885-04-10,-1.024,9968
1885-04-09,2.501,10071
1885-04-08,0.381,9826
1885-04-07,-1.269,9788
1885-04-06,-0.165,9914
1885-04-02,0.209,9931
1885-04-01,0.126,9910
1885-03-31,0.378,9897
1885-03-30,-1.280,9860
1885-03-27,0.063,9988
1885-03-26,0.835,9982
1885-03-25,0.863,9899
1885-03-24,-1.081,9814
1885-03-23,-0.783,9922