date,return_pct,balance
2026-05-08,0.502,362027
2026-05-07,-0.500,360218
2026-05-06,0.761,362027
2026-05-05,0.553,359293
2026-05-04,-0.759,357316
2026-05-01,0.357,360050
2026-04-30,-0.093,358771
2026-04-29,-0.776,359106
2026-04-28,0.104,361913
2026-04-27,-0.496,361536
2026-04-24,0.185,363338
2026-04-23,-0.219,362668
2026-04-22,0.196,363464
2026-04-21,-0.551,362751
2026-04-20,-0.023,364763
2026-04-17,0.916,364847
2026-04-16,-0.633,361536
2026-04-15,-0.436,363841
2026-04-14,0.530,365433
2026-04-13,0.301,363506
2026-04-10,-0.242,362416
2026-04-09,-0.253,363296
2026-04-08,0.323,364218
2026-04-07,-0.012,363045
2026-04-06,-0.161,363087
2026-04-02,0.614,363673
2026-04-01,-0.098,361452
2026-03-31,-0.104,361808
2026-03-30,1.331,362184
2026-03-27,-0.546,357426
2026-03-26,-0.841,359387
2026-03-25,0.965,362434
2026-03-24,-0.434,358970
2026-03-23,0.647,360535
2026-03-20,-1.897,358219
2026-03-19,0.615,365147
2026-03-18,-0.566,362914
2026-03-17,0.275,364980
2026-03-16,0.774,363978
2026-03-13,-0.494,361182
2026-03-12,-0.195,362977
2026-03-11,-1.291,363686
2026-03-10,-1.065,368444
2026-03-09,0.870,372409
2026-03-06,-0.372,369195
2026-03-05,-0.404,370573
2026-03-04,-0.313,372075
2026-03-03,-0.201,373244
2026-03-02,-1.001,373995
2026-02-27,0.609,377778
2026-02-26,0.400,375490
2026-02-25,0.011,373992
2026-02-24,0.178,373951
2026-02-23,0.369,373285
2026-02-20,-0.234,371913
2026-02-19,0.101,372786
2026-02-18,-0.378,372412
2026-02-17,0.167,373826
2026-02-13,0.549,373202
2026-02-12,1.329,371164
2026-02-11,-0.531,366297
2026-02-10,1.154,368252
2026-02-09,-0.023,364051
2026-02-06,0.069,364134
2026-02-05,1.086,363884
2026-02-04,-0.254,359974
2026-02-03,0.243,360890
2026-02-02,-0.285,360016
2026-01-30,-0.559,361044
2026-01-29,0.023,363075
2026-01-28,-0.228,362992
2026-01-27,-0.623,363820
2026-01-26,0.478,366099
2026-01-23,0.274,364359
2026-01-22,0.435,363365
2026-01-21,0.762,361790
2026-01-20,-1.310,359055
2026-01-16,-0.578,363820
2026-01-15,-0.023,365934
2026-01-14,0.581,366017
2026-01-13,0.171,363903
2026-01-12,-0.296,363282
2026-01-09,0.664,364359
2026-01-08,-0.501,361956
2026-01-07,0.584,363779
2026-01-06,-0.206,361666
2026-01-05,0.494,362412
2026-01-02,-0.149,360630
2025-12-31,-0.797,361168
2025-12-30,-0.238,364069
2025-12-29,0.376,364939
2025-12-26,-0.329,363572
2025-12-24,0.606,364773
2025-12-23,0.160,362577
2025-12-22,-0.217,361997
2025-12-19,-0.371,362784
2025-12-18,0.478,364137
2025-12-17,-0.091,362403
2025-12-16,0.549,362733
2025-12-15,0.069,360752
2025-12-12,-0.964,360504
2025-12-11,-0.136,364013
2025-12-10,0.386,364508
2025-12-09,0.102,363105
2025-12-08,-0.329,362733
2025-12-05,-0.463,363930
2025-12-04,-0.539,365622
2025-12-03,0.281,367604
2025-12-02,0.045,366572
2025-12-01,-1.241,366407
2025-11-28,-0.474,371010
2025-11-26,0.443,372779
2025-11-25,0.256,371134
2025-11-24,0.570,370188
2025-11-21,0.303,368090
2025-11-20,0.394,366980
2025-11-19,-0.202,365540
2025-11-18,-0.034,366281
2025-11-17,0.248,366404
2025-11-14,-0.571,365499
2025-11-13,-0.821,367597
2025-11-12,0.178,370640
2025-11-11,0.458,369982
2025-11-10,-0.022,368296
2025-11-07,-0.212,368378
2025-11-06,0.899,369160
2025-11-05,-1.090,365869
2025-11-04,0.223,369900
2025-11-03,-0.249,369077
2025-10-31,-0.298,369999
2025-10-30,-0.582,371105
2025-10-29,-1.011,373277
2025-10-28,0.261,377088
2025-10-27,0.339,376105
2025-10-24,0.044,374834
2025-10-23,-0.684,374670
2025-10-22,0.065,377252
2025-10-21,0.492,377006
2025-10-20,0.384,375162
2025-10-17,-0.153,373728
2025-10-16,0.750,374302
2025-10-15,-0.220,371515
2025-10-14,0.320,372335
2025-10-13,-0.055,371146
2025-10-10,1.615,371351
2025-10-09,-0.078,365450
2025-10-08,0.078,365737
2025-10-07,0.575,365450
2025-10-06,-0.794,363360
2025-10-03,-0.190,366270
2025-10-02,0.291,366966
2025-10-01,0.258,365901
2025-09-30,-0.290,364960
2025-09-29,0.821,366022
2025-09-26,-0.090,363041
2025-09-25,0.000,363367
2025-09-24,-0.381,363367
2025-09-23,0.699,364756
2025-09-22,-0.359,362224
2025-09-19,-0.191,363531
2025-09-18,-1.032,364225
2025-09-17,-0.255,368023
2025-09-16,0.211,368962
2025-09-15,0.233,368186
2025-09-12,-0.432,367328
2025-09-11,0.669,368921
2025-09-10,0.572,366471
2025-09-09,-0.568,364388
2025-09-08,1.332,366471
2025-09-05,1.525,361652
2025-09-04,0.762,356221
2025-09-03,1.098,353526
2025-09-02,-0.741,349687
2025-08-29,-0.711,352298
2025-08-28,0.658,354820
2025-08-27,-0.115,352502
2025-08-26,-0.058,352908
2025-08-25,-0.287,353112
2025-08-22,0.741,354129
2025-08-21,-0.495,351525
2025-08-20,0.219,353275
2025-08-19,0.580,352502
2025-08-18,-0.289,350468
2025-08-15,-0.712,351485
2025-08-14,-0.741,354007
2025-08-13,0.828,356651
2025-08-12,-0.503,353722
2025-08-11,0.115,355512
2025-08-08,-0.433,355105
2025-08-07,-0.171,356651
2025-08-06,-0.577,357261
2025-08-05,0.307,359336
2025-08-04,0.273,358238
2025-08-01,1.416,357261
2025-07-31,0.058,352273
2025-07-30,-0.515,352070
2025-07-29,1.689,353894
2025-07-28,-0.648,348018
2025-07-25,0.629,350287
2025-07-24,-0.174,348099
2025-07-23,-0.555,348707
2025-07-22,0.605,350652
2025-07-21,0.892,348544
2025-07-18,0.153,345464
2025-07-17,-0.023,344937
2025-07-16,0.141,345018
2025-07-15,-0.701,344532
2025-07-14,-0.210,346964
2025-07-11,-1.379,347693
2025-07-10,0.069,352557
2025-07-09,1.046,352314
2025-07-08,-0.128,348666
2025-07-07,-0.954,349112
2025-07-03,-0.697,352476
2025-07-02,-0.635,354948
2025-07-01,0.247,357218
2025-06-30,0.984,356336
2025-06-27,-0.637,352864
2025-06-26,0.503,355125
2025-06-25,0.126,353348
2025-06-24,0.726,352904
2025-06-23,0.324,350360
2025-06-20,-0.185,349230
2025-06-18,0.173,349876
2025-06-17,1.217,349270
2025-06-16,-1.008,345071
2025-06-13,-0.964,348584
2025-06-12,1.196,351975
2025-06-11,0.303,347816
2025-06-10,0.515,346766
2025-06-09,0.105,344990
2025-06-06,-1.272,344626
2025-06-05,0.069,349068
2025-06-04,1.623,348826
2025-06-03,-0.176,343254
2025-06-02,-0.928,343859
2025-05-30,0.151,347079
2025-05-29,0.925,346556
2025-05-28,-0.432,343378
2025-05-27,1.396,344867
2025-05-23,0.166,340120
2025-05-22,0.524,339557
2025-05-21,-1.709,337787
2025-05-20,-0.721,343660
2025-05-19,-0.290,346154
2025-05-16,0.267,347160
2025-05-15,0.879,346235
2025-05-14,-0.664,343218
2025-05-13,-0.406,345510
2025-05-12,-0.930,346918
2025-05-09,0.150,350177
2025-05-08,-1.115,349654
2025-05-07,0.423,353596
2025-05-06,0.332,352108
2025-05-05,-0.559,350941
2025-05-02,-1.082,352912
2025-05-01,-0.506,356774
2025-04-30,-0.809,358587
2025-04-29,0.838,361513
2025-04-28,0.630,358507
2025-04-25,0.737,356263
2025-04-24,1.054,353657
2025-04-23,0.971,349970
2025-04-22,0.558,346604
2025-04-21,-1.748,344680
2025-04-17,-0.883,350812
2025-04-16,0.558,353938
2025-04-15,0.354,351974
2025-04-14,0.714,350732
2025-04-11,0.544,348247
2025-04-10,-2.757,346363
2025-04-09,0.589,356182
2025-04-08,-1.888,354098
2025-04-07,-3.016,360912
2025-04-04,1.089,372134
2025-04-03,0.459,368126
2025-04-02,-0.066,366443
2025-04-01,0.863,366683
2025-03-31,0.987,363546
2025-03-28,1.383,359991
2025-03-27,-0.292,355079
2025-03-26,-0.657,356118
2025-03-25,-0.011,358474
2025-03-24,-1.025,358514
2025-03-21,-0.592,362228
2025-03-20,0.066,364384
2025-03-19,0.518,364145
2025-03-18,0.099,362268
2025-03-17,0.499,361908
2025-03-14,-0.530,360111
2025-03-13,0.879,362028
2025-03-12,-0.597,358873
2025-03-11,-0.714,361030
2025-03-10,1.043,363626
2025-03-07,-0.321,359872
2025-03-06,-0.331,361030
2025-03-05,-0.798,362228
2025-03-04,-1.232,365143
2025-03-03,0.465,369696
2025-02-28,1.227,367985
2025-02-27,-0.707,363526
2025-02-26,0.591,366114
2025-02-25,1.725,363964
2025-02-24,0.290,357793
2025-02-21,1.208,356758
2025-02-20,0.374,352498
2025-02-19,0.125,351184
2025-02-18,-1.178,350746
2025-02-14,0.530,354926
2025-02-13,1.662,353055
2025-02-12,-1.357,347282
2025-02-11,-0.640,352060
2025-02-10,-0.302,354329
2025-02-07,-0.646,355404
2025-02-06,-0.044,357713
2025-02-05,1.651,357873
2025-02-04,0.306,352060
2025-02-03,0.812,350985
2025-01-31,-0.657,348159
2025-01-30,0.375,350460
2025-01-29,-0.204,349151
2025-01-28,-0.068,349865
2025-01-27,1.181,350103
2025-01-24,0.449,346017
2025-01-23,-0.777,344470
2025-01-22,-0.523,347167
2025-01-21,0.895,348992
2025-01-17,0.172,345898
2025-01-16,0.323,345303
2025-01-15,1.724,344192
2025-01-14,-0.164,338360
2025-01-13,-0.035,338916
2025-01-10,-0.663,339035
2025-01-08,0.128,341296
2025-01-07,-1.128,340860
2025-01-06,-0.447,344748
2025-01-03,-0.320,346295
2025-01-02,0.275,347406
2024-12-31,-0.535,346453
2024-12-30,0.804,348318
2024-12-27,-0.820,345541
2024-12-26,-0.057,348397
2024-12-24,0.423,348596
2024-12-23,-0.917,347128
2024-12-20,0.569,350341
2024-12-19,-1.514,348358
2024-12-18,-1.246,353713
2024-12-17,0.243,358175
2024-12-16,0.300,357305
2024-12-13,-1.021,356238
2024-12-12,-1.215,359913
2024-12-11,-0.945,364339
2024-12-10,-0.470,367817
2024-12-09,-0.922,369555
2024-12-06,0.149,372993
2024-12-05,0.202,372440
2024-12-04,1.075,371689
2024-12-03,-0.863,367737
2024-12-02,0.239,370938
2024-11-29,1.032,370052
2024-11-27,0.693,366272
2024-11-26,-0.388,363751
2024-11-25,2.589,365169
2024-11-22,0.055,355954
2024-11-21,-0.077,355757
2024-11-20,-0.320,356033
2024-11-19,0.510,357175
2024-11-18,0.178,355363
2024-11-15,-0.266,354733
2024-11-14,0.579,355679
2024-11-13,-0.949,353631
2024-11-12,-1.499,357017
2024-11-11,-0.487,362452
2024-11-08,1.270,364224
2024-11-07,1.253,359656
2024-11-06,-2.739,355206
2024-11-05,0.531,365208
2024-11-04,1.552,363279
2024-11-01,-1.406,357726
2024-10-31,0.163,362826
2024-10-30,0.293,362237
2024-10-29,0.152,361178
2024-10-28,-0.271,360628
2024-10-25,-0.561,361609
2024-10-24,0.641,363650
2024-10-23,-0.271,361335
2024-10-22,0.098,362316
2024-10-21,-1.747,361963
2024-10-18,0.075,368399
2024-10-17,-1.584,368124
2024-10-16,0.421,374050
2024-10-15,1.221,372481
2024-10-14,0.069,367987
2024-10-11,-0.404,367732
2024-10-10,-0.392,369223
2024-10-09,-0.568,370675
2024-10-08,0.169,372794
2024-10-07,-0.754,372167
2024-10-04,-1.230,374992
2024-10-03,-0.942,379662
2024-10-02,-0.843,383273
2024-10-01,0.719,386530
2024-09-30,-0.477,383770
2024-09-27,0.520,385608
2024-09-26,0.235,383613
2024-09-25,-0.831,382713
2024-09-24,-0.020,385921
2024-09-23,-0.212,385999
2024-09-20,-0.383,386821
2024-09-19,-0.331,388307
2024-09-18,-1.240,389598
2024-09-17,-0.484,394488
2024-09-16,0.916,396405
2024-09-13,0.270,392806
2024-09-12,-0.467,391750
2024-09-11,-0.079,393589
2024-09-10,0.700,393902
2024-09-09,0.432,391163
2024-09-06,-0.010,389481
2024-09-05,0.566,389520
2024-09-04,1.289,387329
2024-09-03,1.630,382400
2024-08-30,-1.066,376267
2024-08-29,-0.327,380323
2024-08-28,-0.122,381571
2024-08-27,-0.173,382039
2024-08-26,-0.254,382701
2024-08-23,0.655,383676
2024-08-22,-0.993,381181
2024-08-21,0.061,385002
2024-08-20,0.797,384768
2024-08-19,0.462,381727
2024-08-16,0.350,379972
2024-08-15,-0.807,378646
2024-08-14,0.627,381727
2024-08-13,0.694,379348
2024-08-12,0.364,376735
2024-08-09,0.986,375370
2024-08-08,-0.615,371705
2024-08-07,-0.704,374005
2024-08-06,-2.237,376657
2024-08-05,0.529,385275
2024-08-02,3.116,383247
2024-08-01,0.859,371666
2024-07-31,1.023,368499
2024-07-30,0.385,364767
2024-07-29,0.538,363368
2024-07-26,0.780,361425
2024-07-25,0.819,358626
2024-07-24,-1.081,355711
2024-07-23,-0.140,359598
2024-07-22,-0.291,360103
2024-07-19,-0.588,361153
2024-07-18,-0.764,363290
2024-07-17,0.021,366089
2024-07-16,1.411,366011
2024-07-15,-1.150,360920
2024-07-12,0.428,365117
2024-07-11,0.972,363563
2024-07-10,0.314,360064
2024-07-09,-0.442,358937
2024-07-08,0.216,360531
2024-07-05,0.828,359754
2024-07-03,1.313,356800
2024-07-02,0.779,352174
2024-07-01,-1.720,349454
2024-06-28,-1.861,355571
2024-06-27,0.397,362312
2024-06-26,-1.429,360878
2024-06-25,0.170,366108
2024-06-24,0.404,365489
2024-06-21,0.000,364016
2024-06-20,-0.666,364016
2024-06-18,0.918,366457
2024-06-17,-0.993,363125
2024-06-14,0.841,366767
2024-06-13,1.470,363706
2024-06-12,0.751,358438
2024-06-11,1.034,355764
2024-06-10,-0.667,352123
2024-06-07,-1.835,354486
2024-06-06,-0.150,361111
2024-06-05,0.734,361653
2024-06-04,1.168,359019
2024-06-03,1.612,354873
2024-05-31,0.679,349243
2024-05-30,0.967,346887
2024-05-29,-1.210,343567
2024-05-28,-1.434,347775
2024-05-24,0.296,352833
2024-05-23,-0.643,351791
2024-05-22,0.120,354069
2024-05-21,0.516,353644
2024-05-20,-0.295,351830
2024-05-17,-0.674,352872
2024-05-16,-0.098,355266
2024-05-15,1.365,355614
2024-05-14,0.564,350826
2024-05-13,0.255,348856
2024-05-10,-0.563,347968
2024-05-09,0.488,349938
2024-05-08,-0.606,348239
2024-05-07,0.610,350362
2024-05-06,0.390,348239
2024-05-03,1.012,346887
2024-05-02,0.429,343412
2024-05-01,0.734,341945
2024-04-30,-0.854,339453
2024-04-29,0.839,342377
2024-04-26,0.524,339530
2024-04-25,-0.701,337760
2024-04-24,-0.708,340145
2024-04-23,0.034,342569
2024-04-22,-0.168,342454
2024-04-19,0.360,343031
2024-04-18,-0.504,341800
2024-04-17,1.110,343531
2024-04-16,-0.664,339760
2024-04-15,-1.551,342031
2024-04-12,0.534,347418
2024-04-11,-0.454,345571
2024-04-10,-2.179,347148
2024-04-09,0.930,354882
2024-04-08,-0.011,351612
2024-04-05,-1.392,351650
2024-04-04,0.717,356614
2024-04-03,-0.022,354074
2024-04-02,-0.551,354151
2024-04-01,-1.858,356114
2024-03-28,-0.084,362854
2024-03-27,0.992,363160
2024-03-26,0.278,359594
2024-03-25,-0.500,358597
2024-03-22,0.956,360399
2024-03-21,0.215,356986
2024-03-20,-0.032,356219
2024-03-19,0.281,356334
2024-03-18,-0.301,355337
2024-03-15,-0.032,356411
2024-03-14,-1.536,356526
2024-03-13,-0.485,362087
2024-03-12,-0.836,363851
2024-03-11,-0.052,366919
2024-03-08,-0.177,367110
2024-03-07,-0.094,367762
2024-03-06,0.587,368107
2024-03-05,1.424,365960
2024-03-04,-0.402,360821
2024-03-01,0.621,362278
2024-02-29,0.706,360041
2024-02-28,0.635,357518
2024-02-27,-0.705,355262
2024-02-26,-0.298,357786
2024-02-23,1.339,358856
2024-02-22,0.488,354116
2024-02-21,-0.711,352395
2024-02-20,0.086,354918
2024-02-16,-0.579,354613
2024-02-15,0.517,356677
2024-02-14,0.509,354842
2024-02-13,-1.713,353045
2024-02-12,0.117,359200
2024-02-09,-0.202,358780
2024-02-08,-0.581,359506
2024-02-07,-0.484,361608
2024-02-06,0.977,363367
2024-02-05,-2.019,359850
2024-02-02,-2.209,367266
2024-02-01,1.955,375562
2024-01-31,0.982,368359
2024-01-30,0.907,364777
2024-01-29,1.152,361499
2024-01-26,-0.192,357384
2024-01-25,0.653,358070
2024-01-24,-0.586,355745
2024-01-23,-0.792,357841
2024-01-22,0.595,360699
2024-01-19,0.320,358565
2024-01-18,-0.930,357422
2024-01-17,-0.158,360775
2024-01-16,-1.761,361347
2024-01-12,-0.196,367826
2024-01-11,0.562,368550
2024-01-10,-0.466,366492
2024-01-09,-0.638,368207
2024-01-08,0.987,370569
2024-01-05,-0.957,366949
2024-01-04,-1.519,370493
2024-01-03,0.417,376209
2024-01-02,-0.576,374647
2023-12-29,-0.902,376819
2023-12-28,-0.726,380249
2023-12-27,1.772,383031
2023-12-26,0.289,376362
2023-12-22,-0.460,375276
2023-12-21,-0.633,377010
2023-12-20,0.678,379411
2023-12-19,0.539,376857
2023-12-18,-0.797,374838
2023-12-15,0.111,377848
2023-12-14,2.592,377429
2023-12-13,2.346,367892
2023-12-12,0.297,359458
2023-12-11,-0.212,358394
2023-12-08,-0.818,359154
2023-12-07,-0.574,362117
2023-12-06,1.332,364207
2023-12-05,2.154,359420
2023-12-04,-0.403,351841
2023-12-01,1.877,353266
2023-11-30,-1.155,346756
2023-11-29,1.257,350808
2023-11-28,0.197,346453
2023-11-27,1.670,345771
2023-11-24,-1.178,340090
2023-11-22,0.353,344142
2023-11-21,-0.044,342931
2023-11-20,0.611,343082
2023-11-17,0.469,340999
2023-11-16,1.243,339408
2023-11-15,-1.403,335243
2023-11-14,2.267,340014
2023-11-13,-0.227,332478
2023-11-10,0.560,333235
2023-11-09,-2.300,331380
2023-11-08,1.703,339181
2023-11-07,1.475,333500
2023-11-06,-0.970,328653
2023-11-03,0.678,331872
2023-11-02,2.280,329637
2023-11-01,2.161,322290
2023-10-31,-0.488,315472
2023-10-30,-0.450,317020
2023-10-27,-0.425,318454
2023-10-26,1.534,319813
2023-10-25,-2.226,314982
2023-10-24,1.318,322153
2023-10-23,1.201,317964
2023-10-20,0.568,314189
2023-10-19,-2.047,312415
2023-10-18,-0.880,318945
2023-10-17,-1.102,321776
2023-10-16,-1.609,325362
2023-10-13,1.789,330684
2023-10-12,-2.713,324871
2023-10-11,2.089,333930
2023-10-10,-0.138,327098
2023-10-09,2.347,327551
2023-10-06,-1.212,320040
2023-10-05,-0.498,323965
2023-10-04,1.411,325588
2023-10-03,-2.151,321059
2023-10-02,-1.669,328117
2023-09-29,0.011,333685
2023-09-28,0.305,333648
2023-09-27,-0.518,332632
2023-09-26,-0.348,334363
2023-09-25,-2.461,335529
2023-09-22,0.805,343994
2023-09-21,-2.567,341248
2023-09-20,0.312,350240
2023-09-19,-0.738,349149
2023-09-18,0.570,351745
2023-09-15,-0.609,349751
2023-09-14,-0.722,351895
2023-09-13,-0.021,354454
2023-09-12,0.576,354529
2023-09-11,-0.721,352497
2023-09-08,0.383,355056
2023-09-07,0.277,353701
2023-09-06,0.246,352723
2023-09-05,-1.402,351858
2023-09-01,-1.554,356862
2023-08-31,0.447,362493
2023-08-30,-0.104,360880
2023-08-29,1.039,361256
2023-08-28,0.105,357542
2023-08-25,0.327,357167
2023-08-24,-0.659,356004
2023-08-23,2.478,358367
2023-08-22,0.767,349703
2023-08-21,-1.333,347039
2023-08-18,0.353,351728
2023-08-17,-0.426,350490
2023-08-16,-0.782,351991
2023-08-15,-0.609,354766
2023-08-14,-0.220,356942
2023-08-11,-0.230,357730
2023-08-10,-1.646,358555
2023-08-09,0.517,364556
2023-08-08,1.161,362681
2023-08-07,-0.984,358517
2023-08-04,1.771,362081
2023-08-03,-2.307,355779
2023-08-02,-1.070,364181
2023-08-01,-1.634,368120
2023-07-31,0.240,374234
2023-07-28,0.514,373337
2023-07-27,-1.945,371429
2023-07-26,0.099,378798
2023-07-25,-0.187,378424
2023-07-24,-0.364,379134
2023-07-21,0.029,380518
2023-07-20,-1.214,380406
2023-07-19,1.130,385082
2023-07-18,0.454,380780
2023-07-17,0.049,379060
2023-07-14,-0.589,378873
2023-07-13,1.051,381117
2023-07-12,1.113,377152
2023-07-11,0.514,373000
2023-07-10,0.131,371092
2023-07-07,-0.602,370606
2023-07-06,-1.414,372850
2023-07-05,-0.950,378199
2023-07-03,-0.566,381828
2023-06-30,1.179,384000
2023-06-29,-1.805,379523
2023-06-28,0.426,386499
2023-06-27,-0.261,384858
2023-06-26,0.106,385865
2023-06-23,0.997,385455
2023-06-22,-1.207,381650
2023-06-21,0.242,386313
2023-06-20,0.692,385380
2023-06-16,-0.388,382731
2023-06-15,0.961,384224
2023-06-14,0.800,380568
2023-06-13,-0.988,377546
2023-06-12,0.294,381314
2023-06-09,-0.137,380195
2023-06-08,1.170,380717
2023-06-07,-1.484,376315
2023-06-06,0.589,381985
2023-06-05,-0.186,379747
2023-06-02,-1.096,380456
2023-06-01,0.391,384671
2023-05-31,0.872,383172
2023-05-30,0.999,379860
2023-05-26,0.808,376103
2023-05-25,-0.249,373089
2023-05-24,-0.495,374019
2023-05-23,0.288,375880
2023-05-22,-0.356,374801
2023-05-19,-0.707,376140
2023-05-18,-0.741,378819
2023-05-17,-0.292,381646
2023-05-16,-0.300,382762
2023-05-15,-1.036,383916
2023-05-12,-0.837,387934
2023-05-11,1.057,391208
2023-05-10,0.970,387115
2023-05-09,-0.358,383395
2023-05-08,-1.401,384771
2023-05-05,-0.333,390241
2023-05-04,-0.988,391543
2023-05-03,0.558,395449
2023-05-02,2.492,393254
2023-05-01,-2.876,383692
2023-04-28,1.613,395055
2023-04-27,-0.992,388784
2023-04-26,-1.066,392680
2023-04-25,1.470,396910
2023-04-24,0.967,391159
2023-04-21,-0.562,387411
2023-04-20,0.855,389600
2023-04-19,-0.096,386298
2023-04-18,0.356,386669
2023-04-17,-1.190,385296
2023-04-14,-0.915,389934
2023-04-13,-0.786,393534
2023-04-12,-0.103,396651
2023-04-11,0.206,397059
2023-04-10,-1.612,396243
2023-04-06,0.259,402737
2023-04-05,1.045,401697
2023-04-04,0.497,397541
2023-04-03,0.469,395575
2023-03-31,1.498,393728
2023-03-30,0.460,387917
2023-03-29,-0.201,386140
2023-03-28,0.182,386918
2023-03-27,-2.349,386214
2023-03-24,0.423,395505
2023-03-23,0.000,393840
2023-03-22,1.333,393840
2023-03-21,-0.859,388657
2023-03-20,-0.880,392026
2023-03-17,1.501,395505
2023-03-16,-0.782,389657
2023-03-15,1.931,392729
2023-03-14,-1.644,385289
2023-03-13,0.227,391730
2023-03-10,3.449,390841
2023-03-09,0.246,377812
2023-03-08,0.098,376887
2023-03-07,0.613,376516
2023-03-06,-0.775,374222
2023-03-03,2.423,377146
2023-03-02,-0.887,368225
2023-03-01,-1.072,371519
2023-02-28,0.454,375545
2023-02-27,0.277,373846
2023-02-24,-1.300,372813
2023-02-23,0.977,377723
2023-02-22,0.916,374068
2023-02-21,-1.944,370671
2023-02-17,0.778,378019
2023-02-16,-1.417,375102
2023-02-15,-0.933,380493
2023-02-14,-0.230,384074
2023-02-13,0.841,384960
2023-02-10,-1.119,381748
2023-02-09,-0.947,386068
2023-02-08,0.476,389760
2023-02-07,-0.803,387914
2023-02-06,-0.740,391053
2023-02-03,-1.496,393970
2023-02-02,0.129,399951
2023-02-01,1.199,399434
2023-01-31,0.799,394700
2023-01-30,-0.365,391569
2023-01-27,-0.252,393006
2023-01-26,-0.465,394000
2023-01-25,0.242,395842
2023-01-24,1.438,394884
2023-01-23,-0.471,389286
2023-01-20,-1.621,391127
2023-01-19,-0.626,397572
2023-01-18,2.423,400077
2023-01-17,-0.646,390612
2023-01-13,-0.937,393153
2023-01-12,1.968,396873
2023-01-11,1.625,389212
2023-01-10,-1.655,382988
2023-01-09,0.532,389433
2023-01-06,1.840,387371
2023-01-05,0.418,380373
2023-01-04,1.370,378790
2023-01-03,1.908,373670
2022-12-30,-1.112,366673
2022-12-29,1.135,370798
2022-12-28,-0.589,366636
2022-12-27,-1.977,368809
2022-12-23,-1.466,376248
2022-12-22,-0.019,381846
2022-12-21,0.251,381920
2022-12-20,-1.776,380962
2022-12-19,-1.681,387850
2022-12-16,-1.117,394479
2022-12-15,0.389,398935
2022-12-14,0.427,397388
2022-12-13,0.966,395698
2022-12-12,0.320,391914
2022-12-09,-2.601,390665
2022-12-08,-0.274,401099
2022-12-07,2.356,402201
2022-12-06,1.288,392943
2022-12-05,-1.401,387946
2022-12-02,1.258,393457
2022-12-01,3.187,388570
2022-11-30,0.735,376568
2022-11-29,-1.173,373819
2022-11-28,0.282,378254
2022-11-25,-0.339,377191
2022-11-23,1.744,378474
2022-11-22,1.419,371986
2022-11-21,0.422,366781
2022-11-18,-0.688,365242
2022-11-17,-1.055,367771
2022-11-16,2.187,371693
2022-11-15,1.618,363739
2022-11-14,-0.245,357947
2022-11-11,-0.366,358827
2022-11-10,3.847,360146
2022-11-09,0.329,346804
2022-11-08,1.093,345667
2022-11-07,-0.998,341928
2022-11-04,-1.680,345374
2022-11-03,-0.540,351276
2022-11-02,-0.434,353182
2022-11-01,0.932,354721
2022-10-31,-0.713,351446
2022-10-28,-0.687,353969
2022-10-27,1.047,356419
2022-10-26,1.441,352726
2022-10-25,2.911,347716
2022-10-24,-0.826,337880
2022-10-21,-1.802,340695
2022-10-20,-1.709,346948
2022-10-19,-1.821,352982
2022-10-18,0.234,359527
2022-10-17,-0.487,358686
2022-10-14,-0.825,360442
2022-10-13,-0.957,363440
2022-10-12,0.491,366951
2022-10-11,0.443,365159
2022-10-10,-1.555,363550
2022-10-07,-0.971,369291
2022-10-06,-0.556,372911
2022-10-05,-0.956,374995
2022-10-04,-0.279,378615
2022-10-03,1.585,379676
2022-09-30,-1.291,373751
2022-09-29,-0.518,378639
2022-09-28,3.348,380609
2022-09-27,-2.633,368279
2022-09-26,-1.911,378238
2022-09-23,0.408,385607
2022-09-22,-2.555,384039
2022-09-21,1.675,394108
2022-09-20,-0.997,387614
2022-09-19,0.233,391517
2022-09-16,-0.834,390605
2022-09-15,-0.065,393889
2022-09-14,0.344,394144
2022-09-13,0.233,392794
2022-09-12,-0.822,391882
2022-09-09,0.222,395129
2022-09-08,-1.026,394253
2022-09-07,1.582,398339
2022-09-06,-2.477,392138
2022-09-02,0.566,402097
2022-09-01,-1.827,399835
2022-08-31,-0.956,407275
2022-08-30,0.248,411207
2022-08-29,-0.827,410188
2022-08-26,0.754,413609
2022-08-25,1.394,410515
2022-08-24,-0.732,404873
2022-08-23,-0.550,407858
2022-08-22,-0.336,410115
2022-08-19,-1.610,411498
2022-08-18,0.148,418233
2022-08-17,-1.044,417614
2022-08-16,0.416,422019
2022-08-15,-0.087,420271
2022-08-12,1.014,420635
2022-08-11,-2.331,416412
2022-08-10,-0.653,426350
2022-08-09,-0.389,429153
2022-08-08,1.614,430828
2022-08-05,-2.380,423984
2022-08-04,-0.034,434323
2022-08-03,1.574,434468
2022-08-02,-2.116,427734
2022-08-01,2.404,436980
2022-07-29,-0.272,426722
2022-07-28,0.796,427884
2022-07-27,-0.562,424505
2022-07-26,0.077,426903
2022-07-25,-0.978,426576
2022-07-22,1.681,430792
2022-07-21,1.728,423669
2022-07-20,0.262,416474
2022-07-19,-0.539,415384
2022-07-18,-1.042,417637
2022-07-15,0.563,422034
2022-07-14,-0.816,419672
2022-07-13,1.147,423124
2022-07-12,0.594,418327
2022-07-11,1.724,415856
2022-07-08,-1.108,408807
2022-07-07,-0.880,413385
2022-07-06,-1.679,417056
2022-07-05,0.786,424178
2022-07-01,1.025,420871
2022-06-30,0.878,416603
2022-06-29,1.561,412976
2022-06-28,0.466,406629
2022-06-27,-0.853,404743
2022-06-24,-1.384,408225
2022-06-23,0.821,413955
2022-06-22,2.750,410582
2022-06-21,-1.695,399593
2022-06-17,0.322,406484
2022-06-16,0.794,405178
2022-06-15,1.866,401987
2022-06-14,-1.261,394625
2022-06-13,-3.138,399666
2022-06-10,-0.620,412613
2022-06-09,0.333,415188
2022-06-08,-0.886,413810
2022-06-07,1.080,417509
2022-06-06,-1.844,413048
2022-06-03,-0.215,420810
2022-06-02,0.052,421716
2022-06-01,-0.114,421499
2022-05-31,-2.116,421979
2022-05-27,0.244,431102
2022-05-26,-0.453,430052
2022-05-25,0.395,432007
2022-05-24,1.973,430305
2022-05-23,-1.645,421979
2022-05-20,1.135,429038
2022-05-19,0.240,424223
2022-05-18,2.132,423210
2022-05-17,-1.208,414376
2022-05-16,-0.103,419444
2022-05-13,-1.478,419879
2022-05-12,-0.187,426178
2022-05-11,1.927,426975
2022-05-10,0.907,418901
2022-05-09,0.880,415136
2022-05-06,-1.474,411516
2022-05-05,-2.740,417671
2022-05-04,0.551,429436
2022-05-03,0.674,427083
2022-05-02,-1.730,424223
2022-04-29,-1.297,431693
2022-04-28,0.149,437367
2022-04-27,-1.283,436716
2022-04-26,1.007,442390
2022-04-25,1.000,437981
2022-04-22,-0.629,433644
2022-04-21,-0.740,436391
2022-04-20,2.013,439644
2022-04-19,-0.749,430970
2022-04-18,-0.497,434223
2022-04-14,-2.005,436391
2022-04-13,0.203,445318
2022-04-12,-0.138,444414
2022-04-11,-1.582,445029
2022-04-08,-1.083,452184
2022-04-07,-0.753,457136
2022-04-06,-0.809,460605
2022-04-05,-2.259,464364
2022-04-04,-0.695,475097
2022-04-01,0.380,478422
2022-03-31,0.243,476612
2022-03-30,0.780,475457
2022-03-29,0.755,471776
2022-03-28,0.855,468240
2022-03-25,-1.387,464270
2022-03-24,-0.783,470802
2022-03-23,2.191,474519
2022-03-22,-1.281,464343
2022-03-21,-2.316,470369
2022-03-18,1.221,481519
2022-03-17,-0.745,475709
2022-03-16,0.981,479282
2022-03-15,-0.175,474627
2022-03-14,-2.335,475457
2022-03-11,0.335,486824
2022-03-10,-1.437,485200
2022-03-09,-0.980,492272
2022-03-08,-1.006,497144
2022-03-07,-0.763,502196
2022-03-04,1.726,506057
2022-03-03,1.019,497469
2022-03-02,-3.418,492453
2022-03-01,1.154,509882
2022-02-28,2.192,504063
2022-02-25,0.073,493251
2022-02-24,0.066,492891
2022-02-23,-1.378,492567
2022-02-22,0.260,499450
2022-02-18,1.053,498153
2022-02-17,0.744,492963
2022-02-16,0.593,489323
2022-02-15,-1.135,486440
2022-02-14,-1.244,492026
2022-02-11,1.483,498225
2022-02-10,-1.589,490945
2022-02-09,0.188,498873
2022-02-08,-0.669,497936
2022-02-07,0.065,501288
2022-02-04,-1.474,500964
2022-02-03,-0.781,508459
2022-02-02,0.339,512460
2022-02-01,-0.331,510730
2022-01-31,-0.517,512428
2022-01-28,0.035,515091
2022-01-27,1.836,514911
2022-01-26,-1.209,505626
2022-01-25,-0.161,511816
2022-01-24,-0.822,512644
2022-01-21,1.191,516890
2022-01-20,0.617,510809
2022-01-19,0.692,507678
2022-01-18,-1.407,504187
2022-01-14,-1.511,511384
2022-01-13,0.888,519230
2022-01-12,-0.383,514659
2022-01-11,0.666,516639
2022-01-10,0.246,513220
2022-01-07,-0.719,511960
2022-01-06,0.259,515667
2022-01-05,-0.543,514335
2022-01-04,-0.416,517142
2022-01-03,-2.625,519302
2021-12-31,0.196,533301
2021-12-30,0.839,532257
2021-12-29,-1.092,527831
2021-12-28,-0.396,533661
2021-12-27,0.242,535784
2021-12-23,-0.868,534488
2021-12-22,0.463,539167
2021-12-21,-0.381,536684
2021-12-20,-0.749,538735
2021-12-17,1.133,542802
2021-12-16,0.039,536720
2021-12-15,-0.962,536513
2021-12-14,-0.238,541725
2021-12-13,1.478,543019
2021-12-10,-0.241,535111
2021-12-09,0.559,536405
2021-12-08,-1.728,533421
2021-12-07,-0.808,542803
2021-12-06,-1.374,547225
2021-12-03,1.193,554846
2021-12-02,0.125,548303
2021-12-01,0.616,547620
2021-11-30,1.520,544266
2021-11-29,-0.804,536116
2021-11-26,2.527,540460
2021-11-24,1.606,527140
2021-11-23,-1.446,518810
2021-11-22,-1.173,526422
2021-11-19,1.056,532669
2021-11-18,0.376,527104
2021-11-17,0.793,525130
2021-11-16,-0.254,521001
2021-11-15,-1.256,522329
2021-11-12,-0.439,528971
2021-11-11,-0.148,531305
2021-11-10,-1.828,532095
2021-11-09,1.302,542004
2021-11-08,-0.188,535039
2021-11-05,1.496,536044
2021-11-04,1.051,528145
2021-11-03,-1.033,522652
2021-11-02,0.444,528110
2021-11-01,-0.719,525776
2021-10-29,0.306,529583
2021-10-28,-0.338,527970
2021-10-27,1.819,529762
2021-10-26,0.827,520296
2021-10-25,-0.153,516029
2021-10-22,1.101,516818
2021-10-21,-0.119,511188
2021-10-20,-0.675,511798
2021-10-19,-1.379,515276
2021-10-18,0.469,522483
2021-10-15,-0.583,520045
2021-10-14,0.372,523093
2021-10-13,0.973,521157
2021-10-12,1.710,516136
2021-10-11,-0.254,507459
2021-10-08,-0.700,508750
2021-10-07,-1.046,512336
2021-10-06,0.564,517750
2021-10-05,-0.966,514846
2021-10-04,-0.255,519866
2021-10-01,0.841,521192
2021-09-30,-0.014,516848
2021-09-29,0.174,516920
2021-09-28,-1.558,516024
2021-09-27,-0.368,524190
2021-09-24,-0.977,526124
2021-09-23,-2.260,531316
2021-09-22,0.596,543600
2021-09-21,-0.086,540377
2021-09-20,1.240,540843
2021-09-17,-0.480,534217
2021-09-16,-0.458,536796
2021-09-15,-0.351,539267
2021-09-14,1.212,541165
2021-09-13,0.606,534683
2021-09-10,-0.882,531460
2021-09-09,1.210,536187
2021-09-08,0.681,529776
2021-09-07,-0.844,526195
2021-09-03,-0.909,530672
2021-09-02,0.437,535542
2021-09-01,0.168,533214
2021-08-31,-0.681,532323
2021-08-30,0.261,535971
2021-08-27,0.680,534576
2021-08-26,0.277,530963
2021-08-25,-0.831,529497
2021-08-24,-0.778,533932
2021-08-23,-0.066,538117
2021-08-20,0.066,538475
2021-08-19,0.737,538117
2021-08-18,0.336,534182
2021-08-17,-0.040,532394
2021-08-16,0.242,532609
2021-08-13,1.580,531321
2021-08-12,-0.164,523059
2021-08-11,-0.061,523917
2021-08-10,-0.462,524239
2021-08-09,-0.359,526671
2021-08-06,-1.670,528567
2021-08-05,-0.510,537545
2021-08-04,0.206,540299
2021-08-03,0.053,539190
2021-08-02,0.891,538904
2021-07-30,0.470,534146
2021-07-29,-0.555,531646
2021-07-28,0.007,534611
2021-07-27,1.067,534575
2021-07-26,-0.296,528931
2021-07-23,-0.669,530502
2021-07-22,0.945,534075
2021-07-21,-1.267,529073
2021-07-20,-0.964,535861
2021-07-19,2.193,541077
2021-07-16,-0.189,529466
2021-07-15,1.103,530467
2021-07-14,1.136,524679
2021-07-13,-0.765,518785
2021-07-12,-0.130,522786
2021-07-09,-1.406,523465
2021-07-08,0.392,530931
2021-07-07,0.886,528859
2021-07-06,1.172,524215
2021-07-02,0.603,518142
2021-07-01,0.005,515034
2021-06-30,0.445,515007
2021-06-29,0.167,512724
2021-06-28,1.028,511867
2021-06-25,-1.038,506659
2021-06-24,0.161,511975
2021-06-23,-0.258,511154
2021-06-22,0.244,512474
2021-06-21,-1.674,511225
2021-06-18,1.881,519931
2021-06-17,1.497,510333
2021-06-16,-0.085,502805
2021-06-15,-0.120,503233
2021-06-14,-0.766,503840
2021-06-11,-0.161,507729
2021-06-10,0.600,508549
2021-06-09,0.883,505517
2021-06-08,0.703,501093
2021-06-07,-0.307,497596
2021-06-04,1.369,499131
2021-06-03,-0.375,492387
2021-06-02,0.232,494243
2021-06-01,-0.022,493101
2021-05-28,-0.155,493211
2021-05-27,-0.406,493976
2021-05-26,-0.172,495989
2021-05-25,0.926,496844
2021-05-24,0.370,492284
2021-05-21,0.321,490467
2021-05-20,0.823,488900
2021-05-19,-0.242,484910
2021-05-18,-0.256,486085
2021-05-17,-0.212,487332
2021-05-14,0.935,488365
2021-05-13,0.155,483841
2021-05-12,-1.051,483093
2021-05-11,-0.566,488223
2021-05-10,-1.013,491002
2021-05-07,-0.493,496025
2021-05-06,0.165,498483
2021-05-05,0.165,497664
2021-05-04,0.679,496844
2021-05-03,0.060,493496
2021-04-30,0.231,493200
2021-04-29,-0.296,492062
2021-04-28,0.065,493520
2021-04-27,-0.872,493200
2021-04-26,-0.143,497540
2021-04-23,-0.235,498252
2021-04-22,0.436,499425
2021-04-21,0.201,497255
2021-04-20,0.461,496259
2021-04-19,-0.287,493983
2021-04-16,-0.777,495406
2021-04-15,1.673,499283
2021-04-14,-0.318,491066
2021-04-13,0.749,492631
2021-04-12,-0.044,488967
2021-04-09,-0.362,489180
2021-04-08,0.826,490959
2021-04-07,-0.696,486939
2021-04-06,0.679,490354
2021-04-05,-0.436,487046
2021-04-01,1.657,489180
2021-03-31,-0.558,481204
2021-03-30,0.524,483904
2021-03-29,-0.849,481382
2021-03-26,-0.350,485503
2021-03-25,-0.789,487208
2021-03-24,0.538,491081
2021-03-23,0.903,488452
2021-03-22,1.121,484082
2021-03-19,0.620,478717
2021-03-18,-1.013,475769
2021-03-17,-0.748,480636
2021-03-16,-0.402,484259
2021-03-15,0.588,486213
2021-03-12,-2.122,483371
2021-03-11,-0.721,493852
2021-03-10,0.200,497440
2021-03-09,1.386,496445
2021-03-08,-0.777,489659
2021-03-05,0.195,493496
2021-03-04,-0.645,492537
2021-03-03,-1.085,495735
2021-03-02,0.007,501170
2021-03-01,-1.319,501135
2021-02-26,3.306,507835
2021-02-25,-1.633,491583
2021-02-24,-0.656,499745
2021-02-23,-0.288,503044
2021-02-22,-0.761,504499
2021-02-19,-1.329,508367
2021-02-18,-0.405,515215
2021-02-17,0.635,517309
2021-02-16,-1.523,514044
2021-02-12,-1.242,521992
2021-02-11,-0.547,528557
2021-02-10,0.665,531466
2021-02-09,0.074,527954
2021-02-08,0.439,527563
2021-02-05,-0.837,525257
2021-02-04,-0.267,529692
2021-02-03,-0.887,531112
2021-02-02,-0.645,535866
2021-02-01,0.116,539344
2021-01-29,-0.602,538721
2021-01-28,-0.553,541981
2021-01-27,0.254,544994
2021-01-26,-0.189,543612
2021-01-25,1.179,544640
2021-01-22,0.324,538295
2021-01-21,-0.702,536559
2021-01-20,0.098,540351
2021-01-19,0.323,539819
2021-01-15,0.397,538083
2021-01-14,-0.937,535956
2021-01-13,1.126,541024
2021-01-12,-0.079,534999
2021-01-11,-0.165,535425
2021-01-08,-0.323,536311
2021-01-07,-0.881,538047
2021-01-06,-2.053,542832
2021-01-05,-0.743,554209
2021-01-04,-0.120,558356
2020-12-31,0.146,559029
2020-12-30,0.216,558214
2020-12-29,-0.127,557009
2020-12-28,0.045,557718
2020-12-24,0.396,557470
2020-12-23,-0.691,555272
2020-12-22,0.516,559135
2020-12-21,0.397,556265
2020-12-18,-0.300,554067
2020-12-17,-0.264,555733
2020-12-16,-0.266,557206
2020-12-15,-0.335,558693
2020-12-14,-0.277,560570
2020-12-11,0.354,562127
2020-12-10,0.886,560145
2020-12-09,-0.330,555223
2020-12-08,0.473,557064
2020-12-07,0.902,554444
2020-12-04,-1.467,549488
2020-12-03,0.806,557666
2020-12-02,-0.794,553205
2020-12-01,-1.473,557631
2020-11-30,-0.125,565967
2020-11-27,0.971,566675
2020-11-25,-0.308,561228
2020-11-24,-0.995,562961
2020-11-23,-0.458,568620
2020-11-20,0.887,571237
2020-11-19,0.515,566215
2020-11-18,0.290,563315
2020-11-17,0.653,561688
2020-11-16,-0.240,558045
2020-11-13,-0.133,559389
2020-11-12,1.702,560131
2020-11-11,0.361,550759
2020-11-10,-0.577,548778
2020-11-09,-2.101,551961
2020-11-06,-1.208,563810
2020-11-05,0.174,570707
2020-11-04,2.169,569716
2020-11-03,-0.580,557620
2020-11-02,0.749,560874
2020-10-30,-0.987,556707
2020-10-29,-0.971,562254
2020-10-28,0.093,567766
2020-10-27,0.671,567236
2020-10-26,0.930,563455
2020-10-23,0.611,558262
2020-10-22,-1.040,554870
2020-10-21,-0.345,560700
2020-10-20,-0.952,562643
2020-10-19,-0.378,568048
2020-10-16,-0.278,570203
2020-10-15,-0.173,571793
2020-10-14,0.229,572783
2020-10-13,0.716,571475
2020-10-12,0.319,567412
2020-10-09,-0.019,565610
2020-10-08,0.540,565716
2020-10-07,-0.729,562678
2020-10-06,0.539,566812
2020-10-05,-1.954,563773
2020-10-02,-0.373,575008
2020-10-01,0.165,577164
2020-09-30,-0.959,576214
2020-09-29,0.115,581791
2020-09-28,-0.285,581120
2020-09-25,0.000,582779
2020-09-24,0.383,582779
2020-09-23,0.134,580555
2020-09-22,-0.079,579779
2020-09-21,0.507,580238
2020-09-18,-0.311,577308
2020-09-17,0.306,579108
2020-09-16,-0.299,577343
2020-09-15,-0.243,579073
2020-09-14,-0.006,580485
2020-09-11,0.213,580520
2020-09-10,0.508,579285
2020-09-09,-0.269,576355
2020-09-08,0.614,577908
2020-09-04,-1.899,574379
2020-09-03,0.284,585496
2020-09-02,0.952,583838
2020-09-01,1.142,578332
2020-08-31,0.664,571799
2020-08-28,-0.074,568027
2020-08-27,-1.701,568450
2020-08-26,-0.383,578286
2020-08-25,-0.765,580507
2020-08-24,-0.162,584985
2020-08-21,0.599,585936
2020-08-20,0.904,582446
2020-08-19,-0.625,577228
2020-08-18,0.715,580860
2020-08-17,0.251,576735
2020-08-14,-0.391,575289
2020-08-13,-1.069,577546
2020-08-12,-0.907,583786
2020-08-11,-1.191,589127
2020-08-10,-0.447,596231
2020-08-07,-0.667,598910
2020-08-06,0.559,602929
2020-08-05,-0.874,599580
2020-08-04,0.953,604868
2020-08-03,-0.503,599157
2020-07-31,-0.064,602185
2020-07-30,0.659,602572
2020-07-29,-0.170,598628
2020-07-28,0.692,599650
2020-07-27,-0.371,595529
2020-07-24,-0.006,597748
2020-07-23,1.168,597783
2020-07-22,0.299,590881
2020-07-21,0.060,589120
2020-07-20,0.246,588768
2020-07-17,-0.209,587324
2020-07-16,0.475,588557
2020-07-15,-0.467,585775
2020-07-14,0.144,588521
2020-07-13,0.331,587676
2020-07-10,-0.502,585739
2020-07-09,1.592,588698
2020-07-08,-0.399,579471
2020-07-07,1.406,581795
2020-07-06,-0.410,573731
2020-07-02,0.104,576090
2020-07-01,-0.194,575492
2020-06-30,-0.486,576611
2020-06-29,-0.315,579425
2020-06-26,1.070,581254
2020-06-25,0.288,575099
2020-06-24,1.073,573446
2020-06-23,-0.683,567361
2020-06-22,0.012,571265
2020-06-19,0.080,571195
2020-06-18,1.059,570737
2020-06-17,0.413,564758
2020-06-16,-1.533,562436
2020-06-15,0.055,571195
2020-06-12,-0.964,570878
2020-06-11,1.890,576436
2020-06-10,1.483,565743
2020-06-09,1.136,557477
2020-06-08,0.384,551216
2020-06-05,-0.712,549105
2020-06-04,-1.448,553045
2020-06-03,-1.330,561170
2020-06-02,-0.364,568732
2020-06-01,-0.672,570808
2020-05-29,0.714,574671
2020-05-28,-0.368,570596
2020-05-27,-0.184,572704
2020-05-26,-1.341,573758
2020-05-22,0.602,581556
2020-05-21,0.250,578079
2020-05-20,0.299,576638
2020-05-19,0.374,574917
2020-05-18,-2.195,572774
2020-05-15,-0.257,585631
2020-05-14,0.979,587142
2020-05-13,0.700,581451
2020-05-12,1.026,577411
2020-05-11,-0.781,571545
2020-05-08,-1.300,576041
2020-05-07,1.671,583629
2020-05-06,-1.614,574039
2020-05-05,-0.640,583453
2020-05-04,-0.470,587212
2020-05-01,0.855,589987
2020-04-30,-1.168,584984
2020-04-29,-0.519,591895
2020-04-28,1.151,594983
2020-04-27,-1.861,588211
2020-04-24,0.235,599368
2020-04-23,0.531,597965
2020-04-22,-1.022,594807
2020-04-21,1.259,600947
2020-04-20,0.804,593474
2020-04-17,-1.340,588738
2020-04-16,1.136,596737
2020-04-15,2.649,590036
2020-04-14,-0.024,574809
2020-04-13,-0.913,574950
2020-04-09,0.182,580247
2020-04-08,-0.728,579195
2020-04-07,-1.047,583440
2020-04-06,-0.261,589615
2020-04-03,0.238,591158
2020-04-02,0.635,589755
2020-04-01,1.399,586036
2020-03-31,-0.812,577950
2020-03-30,-0.823,582680
2020-03-27,2.669,587515
2020-03-26,0.492,572240
2020-03-25,-0.227,569437
2020-03-24,-1.861,570733
2020-03-23,4.121,581559
2020-03-20,7.520,558542
2020-03-19,2.723,519479
2020-03-18,-5.641,505711
2020-03-17,-6.668,535945
2020-03-16,6.477,574237
2020-03-13,-2.260,539308
2020-03-12,0.620,551780
2020-03-11,-3.680,548382
2020-03-10,-5.126,569332
2020-03-09,2.710,600092
2020-03-06,5.204,584256
2020-03-05,2.489,555354
2020-03-04,-1.062,541866
2020-03-03,1.553,547681
2020-03-02,-0.735,539308
2020-02-28,2.258,543299
2020-02-27,1.085,531300
2020-02-26,-0.530,525598
2020-02-25,0.532,528397
2020-02-24,1.493,525598
2020-02-21,0.934,517867
2020-02-20,0.783,513075
2020-02-19,-0.007,509087
2020-02-18,0.685,509122
2020-02-14,0.438,505659
2020-02-13,0.384,503455
2020-02-12,-0.507,501531
2020-02-11,-0.504,504084
2020-02-10,0.277,506638
2020-02-07,1.248,505239
2020-02-06,0.451,499012
2020-02-05,-1.093,496773
2020-02-04,-1.347,502265
2020-02-03,-0.081,509122
2020-01-31,0.913,509534
2020-01-30,0.014,504924
2020-01-29,0.978,504854
2020-01-28,-0.783,499965
2020-01-27,1.555,503911
2020-01-24,0.809,496193
2020-01-23,0.700,492212
2020-01-22,0.351,488789
2020-01-21,1.051,487078
2020-01-17,-0.855,482014
2020-01-16,-0.315,486170
2020-01-15,0.663,487707
2020-01-14,0.514,484494
2020-01-13,-0.303,482014
2020-01-10,0.889,483481
2020-01-09,0.351,479220
2020-01-08,-0.661,477544
2020-01-07,-0.492,480722
2020-01-06,-0.568,483097
2020-01-03,1.540,485856
2020-01-02,1.129,478487
2019-12-31,-0.979,473144
2019-12-30,-0.364,477823
2019-12-27,0.109,479570
2019-12-26,0.241,479046
2019-12-24,0.286,477893
2019-12-23,-0.146,476531
2019-12-20,0.132,477230
2019-12-19,0.159,476601
2019-12-18,-0.821,475842
2019-12-17,-0.138,479782
2019-12-16,-0.899,480445
2019-12-13,1.157,484803
2019-12-12,-1.646,479259
2019-12-11,0.786,487279
2019-12-10,0.007,483478
2019-12-09,0.217,483444
2019-12-06,-0.553,482398
2019-12-05,-0.486,485082
2019-12-04,-0.999,487453
2019-12-03,2.097,492370
2019-12-02,-1.331,482258
2019-11-29,-0.213,488765
2019-11-27,-0.291,489809
2019-11-26,0.584,491237
2019-11-25,0.293,488382
2019-11-22,0.129,486955
2019-11-21,-0.626,486329
2019-11-20,1.035,489392
2019-11-19,0.833,484380
2019-11-18,0.181,480377
2019-11-15,-0.109,479507
2019-11-14,1.033,480029
2019-11-13,0.649,475121
2019-11-12,0.459,472058
2019-11-11,0.067,469900
2019-11-08,-0.421,469586
2019-11-07,-1.812,471570
2019-11-06,0.605,480272
2019-11-05,-1.125,477383
2019-11-04,-1.316,482813
2019-11-01,-0.308,489253
2019-10-31,1.349,490762
2019-10-30,1.463,484229
2019-10-29,0.066,477245
2019-10-28,-0.910,476933
2019-10-25,-0.489,481311
2019-10-24,-0.201,483674
2019-10-23,0.100,484646
2019-10-22,0.585,484160
2019-10-21,-0.752,481345
2019-10-18,0.000,484994
2019-10-17,-0.243,484994
2019-10-16,0.122,486175
2019-10-15,-1.209,485585
2019-10-14,0.726,491526
2019-10-11,-1.238,487982
2019-10-10,-1.489,494098
2019-10-09,-0.565,501568
2019-10-08,0.269,504417
2019-10-07,-0.829,503062
2019-10-04,0.738,507266
2019-10-03,0.912,503549
2019-10-02,0.244,498997
2019-10-01,0.301,497781
2019-09-30,0.245,496289
2019-09-27,0.246,495075
2019-09-26,0.643,493861
2019-09-25,-1.463,490704
2019-09-24,1.205,497988
2019-09-23,-0.021,492057
2019-09-20,1.321,492161
2019-09-19,0.301,485744
2019-09-18,0.424,484287
2019-09-17,0.542,482241
2019-09-16,1.274,479640
2019-09-13,-2.136,473604
2019-09-12,-0.655,483941
2019-09-11,-0.178,487132
2019-09-10,-1.753,487999
2019-09-09,-1.777,496705
2019-09-06,0.712,505689
2019-09-05,-1.811,502116
2019-09-04,0.149,511377
2019-09-03,0.129,510614
2019-08-30,0.027,509956
2019-08-29,-0.379,509817
2019-08-28,0.129,511756
2019-08-27,1.541,511098
2019-08-26,-0.404,503342
2019-08-23,1.643,505385
2019-08-22,-0.664,497214
2019-08-21,-0.667,500538
2019-08-20,1.034,503896
2019-08-19,-1.430,498737
2019-08-16,-0.801,505974
2019-08-15,1.112,510060
2019-08-14,2.253,504450
2019-08-13,-0.343,493336
2019-08-12,2.085,495032
2019-08-09,-0.200,484922
2019-08-08,0.214,485891
2019-08-07,0.036,484853
2019-08-06,0.799,484680
2019-08-05,1.729,480836
2019-08-02,0.924,472665
2019-08-01,1.982,468337
2019-07-31,0.804,459234
2019-07-30,0.243,455571
2019-07-29,0.030,454465
2019-07-26,0.236,454327
2019-07-25,-0.478,453256
2019-07-24,0.434,455433
2019-07-23,-0.546,453463
2019-07-22,0.190,455951
2019-07-19,-0.235,455087
2019-07-18,0.008,456159
2019-07-17,1.080,456124
2019-07-16,-0.298,451252
2019-07-15,0.576,452599
2019-07-12,0.115,450007
2019-07-11,-1.335,449489
2019-07-10,-0.551,455571
2019-07-09,-0.038,458094
2019-07-08,0.136,458267
2019-07-05,-1.326,457645
2019-07-03,0.713,463796
2019-07-02,0.771,460513
2019-07-01,-0.233,456988
2019-06-28,-0.068,458057
2019-06-27,0.705,458367
2019-06-26,-0.640,455160
2019-06-25,0.310,458091
2019-06-24,0.746,456677
2019-06-21,-1.099,453297
2019-06-20,0.264,458333
2019-06-19,0.144,457125
2019-06-18,0.501,456470
2019-06-17,0.175,454194
2019-06-14,0.252,453401
2019-06-13,0.344,452262
2019-06-12,0.077,450710
2019-06-11,0.061,450365
2019-06-10,-0.941,450090
2019-06-07,0.865,454366
2019-06-06,0.323,450469
2019-06-05,-0.565,449020
2019-06-04,-1.140,451573
2019-06-03,0.667,456781
2019-05-31,1.252,453753
2019-05-30,0.860,448143
2019-05-29,0.303,444322
2019-05-28,0.720,442980
2019-05-24,0.086,439813
2019-05-23,1.125,439435
2019-05-22,0.574,434547
2019-05-21,-0.159,432069
2019-05-20,-0.206,432757
2019-05-17,0.223,433652
2019-05-16,-0.333,432688
2019-05-15,0.614,434134
2019-05-14,-0.294,431484
2019-05-13,0.786,432757
2019-05-10,-0.136,429384
2019-05-09,0.410,429969
2019-05-08,-0.432,428214
2019-05-07,0.766,430073
2019-05-06,0.275,426803
2019-05-03,0.284,425632
2019-05-02,-0.476,424428
2019-05-01,0.412,426459
2019-04-30,0.512,424711
2019-04-29,-0.638,422547
2019-04-26,0.340,425260
2019-04-25,-0.146,423817
2019-04-24,0.816,424436
2019-04-23,0.213,421001
2019-04-22,-0.480,420108
2019-04-18,0.523,422134
2019-04-17,0.041,419936
2019-04-16,-0.626,419764
2019-04-15,0.253,422409
2019-04-12,-0.712,421344
2019-04-11,-0.587,424367
2019-04-10,0.242,426874
2019-04-09,0.316,425844
2019-04-08,-0.355,424504
2019-04-05,0.129,426016
2019-04-04,0.283,425466
2019-04-03,-0.867,424264
2019-04-02,0.185,427974
2019-04-01,-1.417,427184
2019-03-29,-0.095,433324
2019-03-28,0.349,433736
2019-03-27,0.920,432228
2019-03-26,-0.072,428286
2019-03-25,0.160,428595
2019-03-22,1.553,427909
2019-03-21,0.220,421364
2019-03-20,1.046,420438
2019-03-19,-0.222,416086
2019-03-18,-0.057,417011
2019-03-15,0.661,417251
2019-03-14,-0.722,414509
2019-03-13,-0.188,417525
2019-03-12,0.701,418314
2019-03-11,-0.296,415400
2019-03-08,0.421,416634
2019-03-07,0.648,414886
2019-03-06,0.367,412213
2019-03-05,0.209,410705
2019-03-04,0.784,409849
2019-03-01,-0.922,406661
2019-02-28,-0.340,410446
2019-02-27,-1.133,411848
2019-02-26,0.495,416568
2019-02-25,-0.296,414516
2019-02-22,0.596,415747
2019-02-21,-0.894,413285
2019-02-20,-0.286,417012
2019-02-19,0.254,418209
2019-02-15,0.156,417149
2019-02-14,0.570,416499
2019-02-13,-0.378,414139
2019-02-12,-0.254,415713
2019-02-11,-0.392,416773
2019-02-08,0.427,418414
2019-02-07,0.661,416636
2019-02-06,0.050,413900
2019-02-05,0.457,413695
2019-02-04,-0.446,411814
2019-02-01,-0.603,413661
2019-01-31,0.860,416169
2019-01-30,-0.074,412621
2019-01-29,0.507,412928
2019-01-28,-0.100,410846
2019-01-25,-0.479,411256
2019-01-24,0.657,413235
2019-01-23,-0.042,410539
2019-01-22,0.677,410710
2019-01-18,-0.524,407946
2019-01-17,0.025,410096
2019-01-16,0.100,409993
2019-01-15,-0.365,409584
2019-01-14,-0.372,411085
2019-01-11,0.390,412621
2019-01-10,-0.643,411017
2019-01-09,-0.156,413678
2019-01-08,-0.263,414327
2019-01-07,-0.295,415418
2019-01-04,-1.158,416647
2019-01-03,1.138,421526
2019-01-02,0.527,416783
2018-12-31,0.380,414600
2018-12-28,0.841,413030
2018-12-27,0.017,409584
2018-12-26,-1.072,409516
2018-12-24,0.497,413951
2018-12-21,-0.017,411904
2018-12-20,-0.363,411972
2018-12-19,1.321,413474
2018-12-18,0.597,408083
2018-12-17,0.582,405659
2018-12-14,0.347,403310
2018-12-13,-0.237,401915
2018-12-12,-0.446,402868
2018-12-11,-0.017,404672
2018-12-10,0.414,404740
2018-12-07,0.186,403072
2018-12-06,0.314,402323
2018-12-04,1.674,401064
2018-12-03,0.708,394460
2018-11-30,0.374,391686
2018-11-29,0.393,390225
2018-11-28,-0.487,388697
2018-11-27,0.113,390599
2018-11-26,-0.226,390157
2018-11-23,0.104,391041
2018-11-21,-0.035,390633
2018-11-20,0.035,390769
2018-11-19,0.279,390633
2018-11-16,0.579,389546
2018-11-15,-0.044,387305
2018-11-14,0.061,387474
2018-11-13,-0.061,387237
2018-11-12,0.653,387474
2018-11-09,0.747,384961
2018-11-08,-0.009,382108
2018-11-07,0.133,382142
2018-11-06,-0.062,381633
2018-11-05,0.393,381871
2018-11-02,-1.243,380376
2018-11-01,0.092,385165
2018-10-31,-0.508,384810
2018-10-30,-0.497,386775
2018-10-29,-0.226,388707
2018-10-26,0.604,389587
2018-10-25,-0.418,387250
2018-10-24,0.755,388876
2018-10-23,0.317,385962
2018-10-22,-0.132,384743
2018-10-19,-0.219,385251
2018-10-18,-0.035,386098
2018-10-17,-0.593,386233
2018-10-16,0.227,388537
2018-10-15,-0.044,387656
2018-10-12,-0.348,387826
2018-10-11,1.216,389181
2018-10-10,-0.272,384505
2018-10-09,1.012,385556
2018-10-08,-0.336,381693
2018-10-05,-0.859,382981
2018-10-04,-0.705,386301
2018-10-03,-1.737,389045
2018-10-02,0.611,395923
2018-10-01,-0.733,393518
2018-09-28,-0.264,396422
2018-09-27,0.068,397470
2018-09-26,0.703,397199
2018-09-25,-0.103,394427
2018-09-24,-0.256,394833
2018-09-21,-0.043,395847
2018-09-20,0.463,396016
2018-09-19,-0.597,394191
2018-09-18,-1.046,396557
2018-09-17,0.000,400749
2018-09-14,-0.479,400749
2018-09-13,0.151,402676
2018-09-12,0.236,402067
2018-09-11,-0.761,401121
2018-09-10,0.369,404197
2018-09-07,-0.849,402709
2018-09-06,0.368,406157
2018-09-05,-0.267,404670
2018-09-04,-0.577,405752
2018-08-31,-0.231,408105
2018-08-30,0.215,409049
2018-08-29,0.132,408172
2018-08-28,-0.600,407633
2018-08-27,-0.572,410095
2018-08-24,0.197,412456
2018-08-23,0.156,411646
2018-08-22,0.395,411005
2018-08-21,-0.337,409386
2018-08-20,0.670,410769
2018-08-17,0.124,408037
2018-08-16,-0.008,407531
2018-08-15,0.583,407565
2018-08-14,-0.224,405204
2018-08-13,-0.207,406115
2018-08-10,0.726,406958
2018-08-09,0.842,404024
2018-08-08,0.101,400651
2018-08-07,-0.520,400246
2018-08-06,0.059,402337
2018-08-03,0.497,402101
2018-08-02,0.144,400111
2018-08-01,-0.813,399538
2018-07-31,0.546,402813
2018-07-30,-0.343,400626
2018-07-27,0.168,402005
2018-07-26,-0.192,401332
2018-07-25,-0.159,402106
2018-07-24,0.344,402746
2018-07-23,-1.234,401366
2018-07-20,-1.227,406380
2018-07-19,0.634,411428
2018-07-18,-0.402,408837
2018-07-17,-0.188,410486
2018-07-16,-0.416,411260
2018-07-13,0.253,412976
2018-07-12,-0.008,411933
2018-07-11,0.385,411966
2018-07-10,-0.008,410385
2018-07-09,-0.644,410418
2018-07-06,0.327,413077
2018-07-05,0.287,411731
2018-07-03,0.536,410553
2018-07-02,-0.078,408365
2018-06-29,-0.344,408685
2018-06-28,0.025,410095
2018-06-27,0.942,409994
2018-06-26,0.141,406166
2018-06-25,0.224,405596
2018-06-22,-0.008,404689
2018-06-21,0.525,404723
2018-06-20,-0.876,402607
2018-06-19,0.582,406166
2018-06-18,-0.091,403816
2018-06-15,0.091,404185
2018-06-14,0.830,403816
2018-06-13,-0.050,400492
2018-06-12,0.025,400694
2018-06-11,-0.184,400593
2018-06-08,-0.300,401332
2018-06-07,0.969,402540
2018-06-06,-0.810,398679
2018-06-05,0.234,401936
2018-06-04,-0.723,400996
2018-06-01,-0.527,403917
2018-05-31,-0.165,406057
2018-05-30,-0.671,406727
2018-05-29,2.190,409474
2018-05-25,0.622,400698
2018-05-24,0.797,398219
2018-05-23,0.726,395070
2018-05-22,-0.153,392223
2018-05-21,0.051,392826
2018-05-18,0.861,392625
2018-05-17,-0.505,389275
2018-05-16,-0.384,391251
2018-05-15,-1.138,392759
2018-05-14,-0.528,397281
2018-05-11,0.252,399391
2018-05-10,0.805,398386
2018-05-09,-0.598,395204
2018-05-08,-0.093,397582
2018-05-07,-0.160,397951
2018-05-04,0.152,398587
2018-05-03,0.448,397984
2018-05-02,-0.110,396209
2018-05-01,-0.359,396645
2018-04-30,0.177,398075
2018-04-27,0.771,397373
2018-04-26,0.700,394331
2018-04-25,-0.670,391591
2018-04-24,-0.456,394231
2018-04-23,0.025,396036
2018-04-20,-0.721,395936
2018-04-19,-0.815,398810
2018-04-18,-0.800,402086
2018-04-17,0.273,405328
2018-04-16,0.033,404225
2018-04-13,0.232,404091
2018-04-12,-0.732,403155
2018-04-11,0.355,406130
2018-04-10,-0.181,404693
2018-04-09,0.165,405428
2018-04-06,1.094,404760
2018-04-05,-0.746,400381
2018-04-04,-0.207,403389
2018-04-03,-0.771,404225
2018-04-02,0.197,407367
2018-03-29,0.486,406565
2018-03-28,0.264,404597
2018-03-27,1.069,403530
2018-03-26,-0.383,399260
2018-03-23,-0.075,400795
2018-03-22,0.991,401095
2018-03-21,0.109,397159
2018-03-20,-0.402,396726
2018-03-19,-0.317,398327
2018-03-16,-0.358,399594
2018-03-15,0.000,401028
2018-03-14,0.881,401028
2018-03-13,0.506,397526
2018-03-12,0.577,395525
2018-03-09,-0.657,393257
2018-03-08,0.576,395859
2018-03-07,-0.110,393591
2018-03-06,0.093,394024
2018-03-05,-0.270,393657
2018-03-02,-0.813,394725
2018-03-01,0.681,397960
2018-02-28,0.636,395267
2018-02-27,-0.144,392771
2018-02-26,0.034,393336
2018-02-23,0.888,393203
2018-02-22,0.300,389742
2018-02-21,-1.227,388577
2018-02-20,-0.438,393403
2018-02-16,0.542,395134
2018-02-15,0.340,393004
2018-02-14,-1.109,391672
2018-02-13,0.447,396066
2018-02-12,0.441,394302
2018-02-09,-0.632,392571
2018-02-08,-0.109,395067
2018-02-07,-0.950,395500
2018-02-06,-0.621,399295
2018-02-05,0.945,401791
2018-02-02,-0.928,398030
2018-02-01,-1.447,401758
2018-01-31,0.590,407655
2018-01-30,-0.587,405263
2018-01-29,-0.696,407655
2018-01-26,-0.371,410512
2018-01-25,0.821,412039
2018-01-24,-0.542,408685
2018-01-23,0.430,410910
2018-01-22,0.098,409150
2018-01-19,-0.525,408751
2018-01-18,-0.929,410910
2018-01-17,-0.136,414763
2018-01-16,0.418,415328
2018-01-12,0.169,413601
2018-01-11,0.412,412903
2018-01-10,-0.121,411209
2018-01-09,-1.337,411707
2018-01-08,-0.064,417287
2018-01-05,-0.286,417553
2018-01-04,-0.016,418749
2018-01-03,0.478,418815
2018-01-02,-1.080,416822
2017-12-29,0.158,421373
2017-12-28,-0.087,420709
2017-12-27,1.303,421074
2017-12-26,0.297,415660
2017-12-22,0.136,414431
2017-12-21,0.581,413866
2017-12-20,-1.107,411475
2017-12-19,-1.297,416082
2017-12-18,-0.912,421551
2017-12-15,0.375,425429
2017-12-14,0.424,423838
2017-12-13,0.752,422048
2017-12-12,-0.040,418899
2017-12-11,-0.205,419065
2017-12-08,0.008,419927
2017-12-07,-0.783,419894
2017-12-06,0.346,423208
2017-12-05,0.498,421750
2017-12-04,0.047,419662
2017-12-01,1.346,419463
2017-11-30,-0.335,413890
2017-11-29,-0.986,415279
2017-11-28,0.134,419414
2017-11-27,-0.142,418852
2017-11-24,-0.275,419447
2017-11-22,0.323,420605
2017-11-21,0.317,419249
2017-11-20,-0.040,417926
2017-11-17,0.741,418091
2017-11-16,-0.869,415015
2017-11-15,1.086,418653
2017-11-14,0.675,414155
2017-11-13,0.210,411376
2017-11-10,-1.508,410516
2017-11-09,-0.285,416801
2017-11-08,-0.221,417992
2017-11-07,0.420,418918
2017-11-06,0.374,417165
2017-11-03,0.271,415610
2017-11-02,0.441,414485
2017-11-01,0.444,412666
2017-10-31,0.032,410840
2017-10-30,0.957,410708
2017-10-27,0.662,406813
2017-10-26,-0.334,404139
2017-10-25,-0.478,405493
2017-10-24,-0.620,407440
2017-10-23,0.177,409982
2017-10-20,-1.061,409256
2017-10-19,0.176,413646
2017-10-18,-0.659,412920
2017-10-17,0.127,415660
2017-10-16,-0.072,415132
2017-10-13,0.720,415429
2017-10-12,0.426,412458
2017-10-11,0.193,410708
2017-10-10,0.161,409916
2017-10-09,0.316,409256
2017-10-06,-0.282,407968
2017-10-05,-0.378,409124
2017-10-04,0.008,410675
2017-10-03,0.097,410642
2017-10-02,-0.182,410246
2017-09-29,0.225,410996
2017-09-28,-0.296,410074
2017-09-27,-1.507,411292
2017-09-26,-0.181,417584
2017-09-25,0.626,418342
2017-09-22,0.286,415740
2017-09-21,-0.056,414554
2017-09-20,0.072,414784
2017-09-19,-0.246,414488
2017-09-18,-0.575,415509
2017-09-15,0.039,417914
2017-09-14,0.412,417749
2017-09-13,-0.394,416036
2017-09-12,-0.526,417683
2017-09-11,-1.194,419890
2017-09-08,-0.217,424964
2017-09-07,1.024,425886
2017-09-06,-0.614,421571
2017-09-05,1.586,424173
2017-09-01,-0.764,417552
2017-08-31,0.298,420765
2017-08-30,-0.031,419515
2017-08-29,0.322,419647
2017-08-28,-0.063,418299
2017-08-25,0.386,418562
2017-08-24,-0.369,416951
2017-08-23,0.680,418496
2017-08-22,-0.386,415669
2017-08-21,0.245,417280
2017-08-18,-0.024,416261
2017-08-17,0.748,416359
2017-08-16,0.367,413269
2017-08-15,-0.421,411757
2017-08-14,-0.514,413499
2017-08-11,0.047,415636
2017-08-10,0.854,415439
2017-08-09,0.546,411921
2017-08-08,-0.360,409686
2017-08-07,0.112,411165
2017-08-04,-0.849,410705
2017-08-03,1.034,414223
2017-08-02,0.056,409982
2017-08-01,0.700,409752
2017-07-31,0.121,406902
2017-07-28,0.593,406410
2017-07-27,-0.493,404015
2017-07-26,0.162,406016
2017-07-25,-1.302,405360
2017-07-24,-0.390,410707
2017-07-21,0.423,412315
2017-07-20,0.288,410576
2017-07-19,0.040,409395
2017-07-18,0.873,409231
2017-07-17,0.276,405688
2017-07-14,0.122,404573
2017-07-13,-0.629,404081
2017-07-12,0.690,406640
2017-07-11,0.171,403851
2017-07-10,0.147,403162
2017-07-07,-0.599,402572
2017-07-06,-0.827,404999
2017-07-05,0.024,408378
2017-07-03,-0.322,408280
2017-06-30,-0.231,409597
2017-06-29,-0.838,410546
2017-06-28,-0.331,414016
2017-06-27,-1.068,415391
2017-06-26,0.376,419876
2017-06-23,-0.047,418305
2017-06-22,0.220,418501
2017-06-21,0.204,417585
2017-06-20,0.896,416733
2017-06-19,-0.142,413034
2017-06-16,0.198,413624
2017-06-15,-0.158,412805
2017-06-14,1.544,413460
2017-06-13,0.016,407174
2017-06-12,-0.032,407109
2017-06-09,-0.153,407240
2017-06-08,-0.264,407862
2017-06-07,-0.478,408942
2017-06-06,0.545,410906
2017-06-05,-0.621,408680
2017-06-02,1.184,411234
2017-06-01,0.010,406422
2017-05-31,0.250,406379
2017-05-30,0.494,405366
2017-05-26,0.170,403374
2017-05-25,0.032,402688
2017-05-24,0.563,402557
2017-05-23,-0.673,400303
2017-05-22,-0.275,403014
2017-05-19,0.235,404125
2017-05-18,0.114,403178
2017-05-17,1.457,402720
2017-05-16,0.372,396938
2017-05-15,-0.272,395468
2017-05-12,0.755,396546
2017-05-11,0.000,393574
2017-05-10,-0.116,393574
2017-05-09,-0.008,394031
2017-05-08,-0.544,394064
2017-05-05,0.091,396220
2017-05-04,-0.493,395860
2017-05-03,0.066,397820
2017-05-02,0.512,397559
2017-05-01,-0.830,395534
2017-04-28,0.221,398843
2017-04-27,-0.033,397963
2017-04-26,0.552,398093
2017-04-25,-1.204,395909
2017-04-24,-0.494,400734
2017-04-21,0.000,402722
2017-04-20,-0.387,402722
2017-04-19,-0.545,404287
2017-04-18,1.308,406504
2017-04-17,-0.308,401255
2017-04-13,0.309,402494
2017-04-12,0.547,401255
2017-04-11,0.948,399071
2017-04-10,0.464,395322
2017-04-07,-0.404,393497
2017-04-06,-0.148,395094
2017-04-05,0.306,395681
2017-04-04,-0.542,394475
2017-04-03,1.006,396626
2017-03-31,0.291,392675
2017-03-30,-0.808,391537
2017-03-29,0.597,394725
2017-03-28,-0.667,392383
2017-03-27,0.455,395017
2017-03-24,0.357,393228
2017-03-23,-0.141,391829
2017-03-22,0.400,392383
2017-03-21,0.831,390821
2017-03-20,0.430,387601
2017-03-17,0.628,385941
2017-03-16,-0.506,383534
2017-03-15,1.221,385486
2017-03-14,0.481,380834
2017-03-13,-0.631,379012
2017-03-10,0.351,381420
2017-03-09,-0.798,380086
2017-03-08,-0.540,383144
2017-03-07,-0.303,385226
2017-03-06,-0.478,386397
2017-03-03,0.260,388251
2017-03-02,-0.360,387243
2017-03-01,-1.673,388642
2017-02-28,0.371,395252
2017-02-27,-0.590,393791
2017-02-24,1.110,396129
2017-02-23,0.299,391778
2017-02-22,0.167,390609
2017-02-21,-0.175,389960
2017-02-17,0.594,390642
2017-02-16,0.546,388337
2017-02-15,-0.460,386226
2017-02-14,-0.723,388012
2017-02-13,-0.315,390837
2017-02-10,-0.058,392070
2017-02-09,-1.153,392298
2017-02-08,1.360,396876
2017-02-07,0.735,391551
2017-02-06,0.605,388694
2017-02-03,-0.042,386356
2017-02-02,-0.042,386519
2017-02-01,-0.617,386681
2017-01-31,0.696,389081
2017-01-30,-0.301,386392
2017-01-27,0.361,387558
2017-01-26,0.337,386165
2017-01-25,-1.255,384869
2017-01-24,-0.685,389761
2017-01-23,1.001,392450
2017-01-20,-0.200,388563
2017-01-19,-0.686,389340
2017-01-18,-1.281,392029
2017-01-17,1.047,397115
2017-01-13,-0.476,393001
2017-01-12,-0.221,394880
2017-01-11,0.337,395755
2017-01-10,-0.066,394426
2017-01-09,0.803,394686
2017-01-06,-0.918,391543
2017-01-05,1.565,395171
2017-01-04,0.384,389081
2017-01-03,0.428,387591
2016-12-30,0.151,385939
2016-12-29,0.354,385355
2016-12-28,0.731,383995
2016-12-27,-0.322,381209
2016-12-23,0.204,382440
2016-12-22,-0.179,381662
2016-12-21,0.441,382345
2016-12-20,-0.498,380665
2016-12-19,1.076,382572
2016-12-16,-0.230,378500
2016-12-15,0.505,379373
2016-12-14,-1.117,377466
2016-12-13,0.357,381731
2016-12-12,0.187,380374
2016-12-09,-1.244,379663
2016-12-08,-1.179,384446
2016-12-07,0.854,389034
2016-12-06,-0.075,385738
2016-12-05,-0.109,386029
2016-12-02,0.733,386449
2016-12-01,-1.054,383638
2016-11-30,-1.620,387724
2016-11-29,0.419,394109
2016-11-28,0.737,392465
2016-11-25,0.149,389595
2016-11-23,-0.388,389014
2016-11-22,-0.033,390530
2016-11-21,0.248,390659
2016-11-18,-0.289,389691
2016-11-17,-1.471,390820
2016-11-16,0.902,396657
2016-11-15,0.495,393109
2016-11-14,-0.598,391175
2016-11-11,-0.562,393529
2016-11-10,-1.477,395754
2016-11-09,-4.243,401687
2016-11-08,-0.406,419487
2016-11-07,-0.850,421196
2016-11-04,0.896,424807
2016-11-03,-0.768,421034
2016-11-02,0.435,424291
2016-11-01,0.008,422453
2016-10-31,0.613,422421
2016-10-28,-0.222,419847
2016-10-27,-1.089,420780
2016-10-26,-0.676,425415
2016-10-25,0.264,428311
2016-10-24,-0.435,427185
2016-10-21,0.150,429051
2016-10-20,0.105,428408
2016-10-19,0.083,427957
2016-10-18,0.325,427603
2016-10-17,0.638,426219
2016-10-14,-1.401,423516
2016-10-13,0.376,429534
2016-10-12,0.098,427925
2016-10-11,-0.225,427507
2016-10-10,-0.590,428472
2016-10-07,0.067,431015
2016-10-06,-0.557,430725
2016-10-05,-0.466,433139
2016-10-04,-1.170,435167
2016-10-03,-0.329,440316
2016-09-30,-0.894,441771
2016-09-29,0.253,445755
2016-09-28,-0.216,444630
2016-09-27,0.734,445594
2016-09-26,0.636,442349
2016-09-23,-0.095,439554
2016-09-22,0.795,439972
2016-09-21,0.809,436502
2016-09-20,0.350,433001
2016-09-19,-0.327,431491
2016-09-16,0.808,432904
2016-09-15,-0.432,429435
2016-09-14,0.149,431298
2016-09-13,-1.136,430655
2016-09-12,0.052,435603
2016-09-09,-1.647,435378
2016-09-08,-1.254,442671
2016-09-07,-0.072,448293
2016-09-06,0.729,448614
2016-09-02,-0.816,445369
2016-09-01,0.110,449032
2016-08-31,0.143,448537
2016-08-30,-0.385,447896
2016-08-29,1.337,449628
2016-08-26,-0.582,443695
2016-08-25,-0.379,446293
2016-08-24,-0.236,447992
2016-08-23,0.107,449050
2016-08-22,0.843,448569
2016-08-19,-0.524,444817
2016-08-18,0.158,447158
2016-08-17,0.600,446453
2016-08-16,-0.267,443791
2016-08-15,-0.942,444978
2016-08-12,0.842,449211
2016-08-11,-0.892,445459
2016-08-10,0.387,449467
2016-08-09,0.984,447736
2016-08-08,0.188,443374
2016-08-05,-1.040,442541
2016-08-04,0.751,447190
2016-08-03,0.058,443855
2016-08-02,-1.030,443599
2016-08-01,-1.082,448217
2016-07-29,0.833,453120
2016-07-28,-0.185,449375
2016-07-27,1.245,450207
2016-07-26,0.159,444670
2016-07-25,-0.072,443965
2016-07-22,0.173,444285
2016-07-21,0.202,443517
2016-07-20,-0.547,442621
2016-07-19,0.564,445054
2016-07-18,-0.094,442557
2016-07-15,-0.860,442973
2016-07-14,-1.454,446814
2016-07-13,1.179,453408
2016-07-12,-1.644,448127
2016-07-11,-0.877,455617
2016-07-08,0.737,459650
2016-07-07,-0.007,456289
2016-07-06,0.162,456321
2016-07-05,1.252,455585
2016-07-01,1.386,449951
2016-06-30,0.369,443800
2016-06-29,-0.767,442170
2016-06-28,0.208,445589
2016-06-27,2.497,444663
2016-06-24,2.685,433831
2016-06-23,-1.144,422489
2016-06-22,0.165,427377
2016-06-21,-0.462,426674
2016-06-20,-1.069,428655
2016-06-17,-0.623,433288
2016-06-16,0.486,436004
2016-06-15,0.384,433895
2016-06-14,-0.074,432234
2016-06-13,0.445,432553
2016-06-10,0.485,430636
2016-06-09,0.645,428559
2016-06-08,0.536,425812
2016-06-07,0.242,423543
2016-06-06,-0.743,422521
2016-06-03,1.424,425684
2016-06-02,0.721,419709
2016-06-01,0.405,416705
2016-05-31,0.239,415024
2016-05-27,-0.146,414036
2016-05-26,0.518,414642
2016-05-25,-0.377,412505
2016-05-24,-0.445,414068
2016-05-23,0.223,415917
2016-05-20,0.077,414992
2016-05-19,0.432,414673
2016-05-18,-1.424,412888
2016-05-17,0.168,418851
2016-05-16,-0.862,418149
2016-05-13,0.969,421784
2016-05-12,-0.456,417735
2016-05-11,0.565,419648
2016-05-10,0.008,417288
2016-05-09,0.314,417256
2016-05-06,-0.427,415949
2016-05-05,0.669,417735
2016-05-04,0.549,414960
2016-05-03,1.260,412697
2016-05-02,-1.005,407563
2016-04-29,0.256,411699
2016-04-28,0.412,410649
2016-04-27,0.998,408963
2016-04-26,-0.454,404921
2016-04-25,-0.413,406767
2016-04-22,-0.256,408453
2016-04-21,-0.595,409503
2016-04-20,-1.100,411954
2016-04-19,-0.312,416536
2016-04-18,-0.432,417841
2016-04-15,0.857,419654
2016-04-14,-0.479,416090
2016-04-13,0.351,418095
2016-04-12,-0.690,416631
2016-04-11,-0.129,419527
2016-04-08,-0.632,420068
2016-04-07,1.234,422741
2016-04-06,-0.726,417586
2016-04-05,1.094,420641
2016-04-04,0.061,416090
2016-04-01,0.261,415836
2016-03-31,0.709,414755
2016-03-30,-1.053,411833
2016-03-29,1.048,416216
2016-03-28,0.131,411897
2016-03-24,0.039,411357
2016-03-23,1.132,411198
2016-03-22,-0.023,406594
2016-03-21,-0.767,406689
2016-03-18,0.210,409833
2016-03-17,0.413,408976
2016-03-16,0.297,407292
2016-03-15,0.094,406086
2016-03-14,0.314,405705
2016-03-11,-1.010,404435
2016-03-10,-0.410,408563
2016-03-09,-0.608,410246
2016-03-08,1.105,412754
2016-03-07,-0.031,408245
2016-03-04,-0.641,408372
2016-03-03,0.364,411008
2016-03-02,0.413,409515
2016-03-01,-1.757,407832
2016-02-29,0.437,415127
2016-02-26,-0.964,413320
2016-02-25,0.358,417346
2016-02-24,-0.198,415856
2016-02-23,0.405,416680
2016-02-22,-0.053,415000
2016-02-19,0.084,415222
2016-02-18,1.230,414873
2016-02-17,-0.615,409834
2016-02-16,-1.057,412370
2016-02-12,-1.660,416775
2016-02-11,0.700,423811
2016-02-10,0.881,420864
2016-02-09,0.106,417187
2016-02-08,2.152,416743
2016-02-05,0.117,407964
2016-02-04,0.485,407489
2016-02-03,-0.829,405524
2016-02-02,1.855,408915
2016-02-01,-0.306,401467
2016-01-29,0.848,402697
2016-01-28,0.143,399313
2016-01-27,-0.024,398743
2016-01-26,0.048,398838
2016-01-25,0.543,398648
2016-01-22,-0.381,396497
2016-01-21,-0.679,398016
2016-01-20,1.053,400736
2016-01-19,-0.310,396560
2016-01-15,1.559,397794
2016-01-14,-0.936,391689
2016-01-13,0.986,395390
2016-01-12,1.443,391531
2016-01-11,-1.094,385963
2016-01-08,0.448,390234
2016-01-07,0.179,388494
2016-01-06,1.348,387798
2016-01-05,-0.403,382642
2016-01-04,0.722,384192
2015-12-31,0.450,381440
2015-12-30,-0.100,379731
2015-12-29,-1.661,380111
2015-12-28,0.295,386533
2015-12-24,0.572,385394
2015-12-23,-0.752,383203
2015-12-22,-0.722,386107
2015-12-21,-0.024,388917
2015-12-18,0.555,389011
2015-12-17,1.131,386865
2015-12-16,-0.214,382540
2015-12-15,-0.589,383361
2015-12-14,-1.293,385634
2015-12-11,1.576,390684
2015-12-10,0.131,384623
2015-12-09,-0.107,384118
2015-12-08,0.049,384529
2015-12-07,0.970,384339
2015-12-04,0.878,380646
2015-12-03,-2.718,377331
2015-12-02,0.033,387875
2015-12-01,1.347,387749
2015-11-30,0.397,382593
2015-11-27,-0.099,381081
2015-11-25,0.232,381459
2015-11-24,-0.008,380577
2015-11-23,0.307,380609
2015-11-20,-0.306,379443
2015-11-19,0.667,380609
2015-11-18,0.209,378088
2015-11-17,0.167,377301
2015-11-16,-0.092,376671
2015-11-13,0.571,377017
2015-11-12,0.481,374875
2015-11-11,-0.211,373080
2015-11-10,0.296,373867
2015-11-09,-0.563,372765
2015-11-06,-1.466,374875
2015-11-05,-0.264,380451
2015-11-04,0.116,381459
2015-11-03,-0.820,381018
2015-11-02,-0.459,384168
2015-10-30,0.747,385939
2015-10-29,-1.583,383079
2015-10-28,-0.402,389240
2015-10-27,0.250,390811
2015-10-26,0.666,389837
2015-10-23,-0.853,387259
2015-10-22,0.169,390591
2015-10-21,0.993,389931
2015-10-20,-0.615,386096
2015-10-19,-0.274,388485
2015-10-16,0.032,389554
2015-10-15,-0.490,389428
2015-10-14,0.875,391346
2015-10-13,0.170,387951
2015-10-12,0.761,387291
2015-10-09,0.262,384368
2015-10-08,-0.837,383362
2015-10-07,-0.332,386599
2015-10-06,0.431,387888
2015-10-05,-1.357,386222
2015-10-02,0.606,391534
2015-10-01,0.426,389177
2015-09-30,-0.347,387526
2015-09-29,0.283,388875
2015-09-28,1.711,387777
2015-09-25,-0.865,381252
2015-09-24,0.682,384577
2015-09-23,-0.008,381974
2015-09-22,1.390,382005
2015-09-21,-1.630,376767
2015-09-18,1.538,383009
2015-09-17,1.221,377206
2015-09-16,-0.377,372657
2015-09-15,-1.916,374069
2015-09-14,0.157,381378
2015-09-11,0.630,380782
2015-09-10,-0.675,378398
2015-09-09,0.480,380970
2015-09-08,-1.475,379151
2015-09-04,0.963,384828
2015-09-03,0.438,381158
2015-09-02,-0.860,379496
2015-09-01,0.719,382789
2015-08-31,-0.768,380058
2015-08-28,0.295,383000
2015-08-27,0.082,381873
2015-08-26,-1.954,381560
2015-08-25,-1.591,389167
2015-08-24,-0.040,395458
2015-08-21,0.294,395615
2015-08-20,1.042,394456
2015-08-19,0.955,390387
2015-08-18,-0.787,386694
2015-08-17,0.452,389761
2015-08-14,0.234,388008
2015-08-13,-0.322,387101
2015-08-12,-0.545,388353
2015-08-11,1.588,390481
2015-08-10,-1.239,384377
2015-08-07,1.312,389198
2015-08-06,0.888,384158
2015-08-05,-0.751,380778
2015-08-04,-0.793,383658
2015-08-03,1.051,386725
2015-07-31,0.740,382704
2015-07-30,0.737,379893
2015-07-29,-0.338,377113
2015-07-28,-0.729,378394
2015-07-27,0.535,381174
2015-07-24,0.248,379143
2015-07-23,1.246,378206
2015-07-22,0.623,373553
2015-07-21,0.541,371241
2015-07-20,-0.421,369242
2015-07-17,0.516,370804
2015-07-16,0.699,368899
2015-07-15,1.051,366338
2015-07-14,0.328,362527
2015-07-13,-0.310,361340
2015-07-10,-1.586,362465
2015-07-09,-1.970,368305
2015-07-08,0.864,375708
2015-07-07,0.939,372491
2015-07-06,1.792,369024
2015-07-02,0.389,362527
2015-07-01,-1.405,361122
2015-06-30,-0.575,366269
2015-06-29,2.586,368389
2015-06-26,-1.124,359102
2015-06-25,-0.351,363184
2015-06-24,0.862,364462
2015-06-23,-0.600,361345
2015-06-22,-2.041,363527
2015-06-19,1.259,371100
2015-06-18,-0.466,366488
2015-06-17,-0.764,368202
2015-06-16,0.779,371037
2015-06-15,0.144,368170
2015-06-12,0.017,367641
2015-06-11,2.104,367578
2015-06-10,-0.875,360005
2015-06-09,-0.792,363184
2015-06-08,-0.111,366082
2015-06-05,-1.218,366488
2015-06-04,1.302,371006
2015-06-03,-1.608,366238
2015-06-02,-1.395,372222
2015-06-01,-1.072,377488
2015-05-29,0.221,381580
2015-05-28,-0.244,380740
2015-05-27,0.229,381673
2015-05-26,1.711,380802
2015-05-22,0.042,374396
2015-05-21,1.399,374241
2015-05-20,0.169,369079
2015-05-19,-0.887,368457
2015-05-18,-1.678,371753
2015-05-15,2.005,378097
2015-05-14,0.269,370665
2015-05-13,-0.801,369670
2015-05-12,0.259,372655
2015-05-11,-2.432,371691
2015-05-08,0.270,380958
2015-05-07,1.344,379931
2015-05-06,-1.712,374894
2015-05-05,-0.138,381424
2015-05-04,-0.944,381953
2015-05-01,-1.343,385591
2015-04-30,0.175,390841
2015-04-29,-1.226,390158
2015-04-28,-1.379,394999
2015-04-27,0.000,400523
2015-04-24,0.624,400523
2015-04-23,0.431,398040
2015-04-22,-1.527,396334
2015-04-21,-0.453,402478
2015-04-20,-0.882,404309
2015-04-17,1.147,407908
2015-04-16,-0.498,403285
2015-04-15,-0.084,405302
2015-04-14,0.709,405643
2015-04-13,0.139,402788
2015-04-10,0.147,402230
2015-04-09,-1.296,401640
2015-04-08,0.031,406915
2015-04-07,0.838,406791
2015-04-06,-0.558,403409
2015-04-02,-1.060,405674
2015-04-01,1.311,410019
2015-03-31,0.215,404714
2015-03-30,-0.496,403847
2015-03-27,1.244,405859
2015-03-26,-1.559,400874
2015-03-25,-0.845,407222
2015-03-24,0.967,410690
2015-03-23,-0.122,406757
2015-03-20,0.527,407253
2015-03-19,-0.510,405116
2015-03-18,1.930,407191
2015-03-17,0.829,399480
2015-03-16,0.963,396198
2015-03-13,-0.307,392420
2015-03-12,-0.071,393627
2015-03-11,0.729,393906
2015-03-10,1.316,391057
2015-03-09,0.923,385978
2015-03-06,-2.209,382448
2015-03-05,-0.127,391088
2015-03-04,0.032,391583
2015-03-03,-0.363,391460
2015-03-02,-1.859,392884
2015-02-27,0.841,400326
2015-02-26,-1.367,396988
2015-02-25,0.432,402489
2015-02-24,1.313,400759
2015-02-23,1.146,395566
2015-02-20,0.293,391085
2015-02-19,-0.661,389942
2015-02-18,0.594,392538
2015-02-17,-1.506,390220
2015-02-13,-1.027,396185
2015-02-12,-0.331,400295
2015-02-11,0.185,401624
2015-02-10,-0.795,400882
2015-02-09,-0.160,404096
2015-02-06,-1.770,404745
2015-02-05,-1.098,412039
2015-02-04,0.171,416613
2015-02-03,-2.117,415903
2015-02-02,-0.377,424896
2015-01-30,1.774,426503
2015-01-29,-0.658,419070
2015-01-28,1.635,421846
2015-01-27,0.156,415060
2015-01-26,-0.304,414412
2015-01-23,1.392,415677
2015-01-22,-0.360,409971
2015-01-21,-1.156,411452
2015-01-20,1.329,416263
2015-01-16,-1.275,410804
2015-01-15,1.574,416109
2015-01-14,0.759,409663
2015-01-13,0.000,406578
2015-01-12,0.572,406578
2015-01-09,1.095,404265
2015-01-08,-1.324,399885
2015-01-07,-0.197,405252
2015-01-06,1.802,406054
2015-01-05,1.571,398867
2015-01-02,1.112,392699
2014-12-31,0.191,388381
2014-12-30,0.271,387640
2014-12-29,0.748,386592
2014-12-26,0.371,383723
2014-12-24,0.543,382304
2014-12-23,-1.983,380238
2014-12-22,0.135,387933
2014-12-19,1.345,387410
2014-12-18,-1.779,382270
2014-12-17,-0.901,389195
2014-12-16,1.238,392734
2014-12-15,-0.206,387933
2014-12-12,1.356,388733
2014-12-11,0.411,383532
2014-12-10,0.731,381962
2014-12-09,0.514,379192
2014-12-08,1.222,377253
2014-12-05,-0.583,372698
2014-12-04,0.836,374883
2014-12-03,0.391,371774
2014-12-02,-0.971,370328
2014-12-01,-0.582,373959
2014-11-28,0.790,376150
2014-11-26,0.272,373202
2014-11-25,0.832,372189
2014-11-24,0.083,369118
2014-11-21,0.603,368811
2014-11-20,0.522,366600
2014-11-19,-0.636,364696
2014-11-18,0.277,367030
2014-11-17,-0.251,366017
2014-11-14,0.488,366938
2014-11-13,0.236,365157
2014-11-12,-0.084,364297
2014-11-11,0.067,364604
2014-11-10,-0.919,364358
2014-11-07,1.149,367736
2014-11-06,-0.646,363560
2014-11-05,-0.142,365924
2014-11-04,0.311,366446
2014-11-03,0.000,365310
2014-10-31,-0.259,365310
2014-10-30,0.084,366260
2014-10-29,0.227,365954
2014-10-28,-0.625,365126
2014-10-27,0.184,367424
2014-10-24,0.100,366750
2014-10-23,-0.887,366382
2014-10-22,0.108,369660
2014-10-21,-0.798,369262
2014-10-20,0.363,372233
2014-10-17,-0.559,370886
2014-10-16,-0.637,372969
2014-10-15,0.790,375358
2014-10-14,0.654,372417
2014-10-13,0.608,369997
2014-10-10,0.993,367761
2014-10-09,-0.436,364146
2014-10-08,0.025,365739
2014-10-07,1.350,365647
2014-10-06,0.059,360776
2014-10-03,0.427,360562
2014-10-02,-0.871,359030
2014-10-01,1.935,362186
2014-09-30,-0.564,355312
2014-09-29,0.802,357329
2014-09-26,-0.146,354487
2014-09-25,1.185,355006
2014-09-24,-0.554,350850
2014-09-23,0.619,352806
2014-09-22,0.122,350636
2014-09-19,1.273,350208
2014-09-18,0.319,345808
2014-09-17,-0.256,344708
2014-09-16,-0.405,345594
2014-09-15,0.150,347000
2014-09-12,-1.047,346480
2014-09-11,-0.331,350147
2014-09-10,-0.631,351308
2014-09-09,-0.078,353539
2014-09-08,0.043,353814
2014-09-05,-0.190,353661
2014-09-04,-1.218,354334
2014-09-03,0.557,358704
2014-09-02,-1.721,356717
2014-08-29,0.067,362964
2014-08-28,0.524,362721
2014-08-27,0.852,360830
2014-08-26,-0.323,357781
2014-08-25,0.375,358940
2014-08-22,0.557,357598
2014-08-21,0.560,355617
2014-08-20,-0.164,353635
2014-08-19,-0.309,354214
2014-08-18,-0.994,355312
2014-08-15,1.091,358879
2014-08-14,0.805,355007
2014-08-13,0.654,352172
2014-08-12,-0.649,349885
2014-08-11,-0.009,352172
2014-08-08,-0.216,352202
2014-08-07,0.933,352964
2014-08-06,0.061,349702
2014-08-05,0.324,349489
2014-08-04,-0.262,348360
2014-08-01,0.772,349275
2014-07-31,-0.297,346600
2014-07-30,-1.389,347634
2014-07-29,0.364,352529
2014-07-28,-0.138,351252
2014-07-25,1.181,351739
2014-07-24,-0.747,347634
2014-07-23,-0.130,350249
2014-07-22,0.209,350705
2014-07-21,0.498,349975
2014-07-18,-0.322,348242
2014-07-17,1.260,349367
2014-07-16,0.532,345018
2014-07-15,-0.203,343194
2014-07-14,-0.431,343893
2014-07-11,0.638,345383
2014-07-10,0.027,343194
2014-07-09,0.080,343103
2014-07-08,1.121,342829
2014-07-07,0.732,339028
2014-07-03,-0.360,336565
2014-07-02,-1.069,337781
2014-07-01,-0.835,341430
2014-06-30,0.247,344306
2014-06-27,-0.150,343457
2014-06-26,0.478,343973
2014-06-25,0.258,342335
2014-06-24,1.014,341455
2014-06-23,-0.313,338028
2014-06-20,0.757,339089
2014-06-19,-1.281,336542
2014-06-18,0.771,340909
2014-06-17,-0.792,338301
2014-06-16,0.250,341000
2014-06-13,-0.053,340151
2014-06-12,0.890,340333
2014-06-11,0.180,337330
2014-06-10,-0.368,336724
2014-06-09,-0.143,337967
2014-06-06,0.000,338452
2014-06-05,0.045,338452
2014-06-04,-0.027,338301
2014-06-03,-1.231,338392
2014-06-02,-0.742,342608
2014-05-30,-0.044,345167
2014-05-29,-0.532,345319
2014-05-28,1.235,347164
2014-05-27,0.586,342929
2014-05-23,0.535,340932
2014-05-22,-0.143,339117
2014-05-21,-0.611,339601
2014-05-20,0.222,341689
2014-05-19,-0.740,340932
2014-05-16,-0.281,343473
2014-05-15,0.797,344441
2014-05-14,1.083,341719
2014-05-13,0.867,338058
2014-05-12,-0.405,335154
2014-05-09,-0.323,336516
2014-05-08,-0.428,337605
2014-05-07,-0.356,339057
2014-05-06,0.402,340267
2014-05-05,-0.603,338905
2014-05-02,0.616,340962
2014-05-01,1.070,338875
2014-04-30,0.416,335286
2014-04-29,-0.135,333898
2014-04-28,-0.485,334350
2014-04-25,0.144,335980
2014-04-24,0.189,335497
2014-04-23,0.571,334863
2014-04-22,0.336,332962
2014-04-21,-0.082,331846
2014-04-17,-1.096,332117
2014-04-16,0.126,335799
2014-04-15,0.625,335376
2014-04-14,-0.262,333294
2014-04-11,0.810,334169
2014-04-10,0.928,331483
2014-04-09,-0.494,328435
2014-04-08,0.238,330065
2014-04-07,0.599,329280
2014-04-04,0.668,327319
2014-04-03,0.438,325146
2014-04-02,-0.575,323727
2014-04-01,-0.852,325599
2014-03-31,-0.247,328397
2014-03-28,-0.564,329210
2014-03-27,0.503,331076
2014-03-26,0.783,329421
2014-03-25,-0.376,326862
2014-03-24,0.711,328096
2014-03-21,1.083,325779
2014-03-20,-0.177,322287
2014-03-19,-0.777,322859
2014-03-18,0.362,325387
2014-03-17,-0.746,324213
2014-03-14,0.018,326651
2014-03-13,1.345,326591
2014-03-12,0.696,322257
2014-03-11,0.264,320029
2014-03-10,0.142,319186
2014-03-07,-0.629,318735
2014-03-06,-0.985,320752
2014-03-05,0.214,323942
2014-03-04,-1.504,323250
2014-03-03,0.666,328187
2014-02-28,0.055,326015
2014-02-27,0.547,325835
2014-02-26,0.531,324063
2014-02-25,0.893,322351
2014-02-24,-0.253,319499
2014-02-21,0.528,320309
2014-02-20,-0.244,318628
2014-02-19,-0.421,319409
2014-02-18,0.225,320760
2014-02-14,0.056,320039
2014-02-13,0.566,319859
2014-02-12,-0.517,318057
2014-02-11,-0.579,319709
2014-02-10,0.281,321571
2014-02-07,0.084,320670
2014-02-06,-0.429,320399
2014-02-05,-0.925,321781
2014-02-04,-1.061,324784
2014-02-03,1.215,328267
2014-01-31,0.669,324326
2014-01-30,-0.287,322170
2014-01-29,0.823,323098
2014-01-28,0.244,320462
2014-01-27,-0.698,319684
2014-01-24,0.646,321930
2014-01-23,1.415,319863
2014-01-22,-0.246,315400
2014-01-21,0.076,316179
2014-01-17,0.419,315940
2014-01-16,0.671,314622
2014-01-15,-0.105,312525
2014-01-14,-0.457,312855
2014-01-13,0.498,314292
2014-01-10,1.192,312735
2014-01-09,0.585,309051
2014-01-08,-0.272,307253
2014-01-07,0.253,308092
2014-01-06,0.421,307313
2014-01-03,0.000,306025
2014-01-02,0.304,306025
2013-12-31,-0.634,305097
2013-12-30,0.688,307044
2013-12-27,-0.284,304947
2013-12-26,-0.384,305816
2013-12-24,-0.801,306996
2013-12-23,-0.566,309474
2013-12-20,1.539,311235
2013-12-19,-0.097,306518
2013-12-18,-0.503,306817
2013-12-17,0.447,308369
2013-12-16,-0.368,306996
2013-12-13,0.487,308130
2013-12-12,-0.378,306638
2013-12-11,-0.770,307802
2013-12-10,0.717,310190
2013-12-09,0.233,307981
2013-12-06,0.478,307265
2013-12-05,-0.282,305802
2013-12-04,-0.955,306668
2013-12-03,0.368,309623
2013-12-02,-0.775,308489
2013-11-29,0.029,310900
2013-11-27,-0.172,310810
2013-11-26,0.374,311346
2013-11-25,0.289,310185
2013-11-22,0.932,309292
2013-11-21,0.165,306435
2013-11-20,-1.702,305929
2013-11-19,-0.759,311227
2013-11-18,0.602,313608
2013-11-15,0.201,311733
2013-11-14,0.616,311108
2013-11-13,0.367,309203
2013-11-12,0.466,308072
2013-11-11,-0.377,306643
2013-11-08,-2.407,307804
2013-11-07,0.847,315394
2013-11-06,0.048,312745
2013-11-05,-1.195,312596
2013-11-04,0.094,316376
2013-11-01,-1.080,316079
2013-10-31,0.214,319529
2013-10-30,-0.602,318846
2013-10-29,0.130,320775
2013-10-28,-0.342,320360
2013-10-25,0.371,321458
2013-10-24,-0.388,320271
2013-10-23,0.389,321518
2013-10-22,1.115,320271
2013-10-21,-0.318,316738
2013-10-18,0.215,317748
2013-10-17,0.907,317065
2013-10-16,1.253,314215
2013-10-15,-0.067,310326
2013-10-14,-0.806,310534
2013-10-11,-0.028,313057
2013-10-10,0.161,313146
2013-10-09,-0.801,312642
2013-10-08,0.028,315165
2013-10-07,0.407,315076
2013-10-04,-0.076,313799
2013-10-03,-0.160,314037
2013-10-02,0.151,314542
2013-10-01,-0.303,314067
2013-09-30,-0.150,315021
2013-09-27,0.245,315494
2013-09-26,-0.701,314725
2013-09-25,0.206,316945
2013-09-24,1.079,316294
2013-09-23,0.734,312919
2013-09-20,0.527,310639
2013-09-19,-0.591,309010
2013-09-18,1.234,310846
2013-09-17,0.826,307056
2013-09-16,-0.666,304540
2013-09-13,0.388,306583
2013-09-12,-0.136,305398
2013-09-11,0.889,305813
2013-09-10,-0.698,303119
2013-09-09,0.049,305250
2013-09-06,0.497,305102
2013-09-05,-1.394,303592
2013-09-04,-0.221,307885
2013-09-03,-1.407,308566
2013-08-30,-0.113,312969
2013-08-29,0.798,313323
2013-08-28,-0.810,310843
2013-08-27,1.259,313382
2013-08-26,0.499,309485
2013-08-23,1.086,307949
2013-08-22,1.018,304642
2013-08-21,-1.094,301571
2013-08-20,0.771,304908
2013-08-19,-0.871,302575
2013-08-16,-0.347,305233
2013-08-15,-1.350,306296
2013-08-14,0.152,310489
2013-08-13,-1.446,310016
2013-08-12,-0.681,314563
2013-08-09,0.159,316719
2013-08-08,0.272,316217
2013-08-07,0.745,315361
2013-08-06,0.293,313028
2013-08-05,-0.770,312113
2013-08-02,1.101,314534
2013-08-01,-1.922,311109
2013-07-31,0.363,317205
2013-07-30,-0.037,316057
2013-07-29,-0.731,316175
2013-07-26,0.614,318501
2013-07-25,-0.037,316557
2013-07-24,-1.267,316675
2013-07-23,-0.421,320740
2013-07-22,0.147,322095
2013-07-19,1.581,321623
2013-07-18,-1.249,316616
2013-07-17,0.184,320622
2013-07-16,0.342,320033
2013-07-15,0.529,318943
2013-07-12,-0.083,317264
2013-07-11,1.173,317529
2013-07-10,-0.782,313848
2013-07-09,0.103,316322
2013-07-08,0.969,315998
2013-07-05,-3.409,312964
2013-07-03,-0.299,324009
2013-07-02,-0.063,324981
2013-07-01,0.201,325187
2013-06-28,0.684,324536
2013-06-27,1.022,322332
2013-06-26,0.649,319070
2013-06-25,-0.891,317013
2013-06-24,0.415,319864
2013-06-21,-1.696,318541
2013-06-20,-1.641,324036
2013-06-19,-1.033,329443
2013-06-18,0.053,332881
2013-06-17,-0.527,332705
2013-06-14,-0.237,334468
2013-06-13,1.567,335262
2013-06-12,-1.430,330090
2013-06-11,1.190,334880
2013-06-10,-0.477,330942
2013-06-07,-1.788,332529
2013-06-06,-0.061,338582
2013-06-05,1.381,338788
2013-06-04,-0.924,334174
2013-06-03,0.529,337289
2013-05-31,-0.340,335515
2013-05-30,-0.243,336659
2013-05-29,1.124,337480
2013-05-28,-2.534,333727
2013-05-24,0.137,342405
2013-05-23,0.474,341936
2013-05-22,-1.485,340323
2013-05-21,0.787,345453
2013-05-20,-0.120,342756
2013-05-17,-1.265,343167
2013-05-16,1.040,347564
2013-05-15,0.669,343988
2013-05-14,-1.086,341701
2013-05-13,-0.766,345453
2013-05-10,-1.075,348121
2013-05-09,-0.258,351903
2013-05-08,0.158,352812
2013-05-07,-0.390,352255
2013-05-06,-0.248,353632
2013-05-03,-2.358,354512
2013-05-02,-0.129,363072
2013-05-01,1.025,363541
2013-04-30,0.057,359853
2013-04-29,-0.365,359649
2013-04-26,0.916,360965
2013-04-25,-0.432,357689
2013-04-24,0.253,359239
2013-04-23,-0.350,358332
2013-04-22,0.073,359590
2013-04-19,-0.211,359327
2013-04-18,0.244,360087
2013-04-17,0.664,359210
2013-04-16,-0.821,356840
2013-04-15,0.869,359795
2013-04-12,1.490,356694
2013-04-11,0.192,351458
2013-04-10,-1.374,350785
2013-04-09,-0.246,355670
2013-04-08,-0.765,356548
2013-04-05,2.018,359298
2013-04-04,1.194,352189
2013-04-03,0.899,348035
2013-04-02,-0.405,344934
2013-04-01,0.752,346338
2013-03-28,-0.507,343754
2013-03-27,0.852,345506
2013-03-26,0.119,342587
2013-03-25,-0.094,342178
2013-03-22,0.077,342499
2013-03-21,0.965,342236
2013-03-20,-1.116,338967
2013-03-19,0.677,342791
2013-03-18,0.760,340485
2013-03-15,0.469,337916
2013-03-14,-0.303,336340
2013-03-13,-0.104,337361
2013-03-12,0.723,337712
2013-03-11,0.096,335289
2013-03-08,-1.043,334968
2013-03-07,-0.770,338500
2013-03-06,-0.907,341127
2013-03-05,-0.287,344251
2013-03-04,-0.530,345243
2013-03-01,0.543,347082
2013-02-28,0.186,345207
2013-02-27,-0.295,344566
2013-02-26,-0.578,345585
2013-02-25,1.965,347595
2013-02-22,0.068,340896
2013-02-21,0.585,340662
2013-02-20,0.302,338682
2013-02-19,-0.498,337662
2013-02-15,-0.291,339352
2013-02-14,0.907,340342
2013-02-13,-0.814,337284
2013-02-12,-0.248,340051
2013-02-11,-0.077,340896
2013-02-08,0.386,341158
2013-02-07,-0.222,339847
2013-02-06,0.819,340604
2013-02-05,-0.889,337837
2013-02-04,1.281,340866
2013-02-01,-1.295,336555
2013-01-31,0.488,340972
2013-01-30,-0.171,339316
2013-01-29,-0.553,339897
2013-01-28,-0.364,341786
2013-01-25,-1.370,343036
2013-01-24,-0.350,347802
2013-01-23,-0.150,349023
2013-01-22,0.192,349546
2013-01-18,0.772,348878
2013-01-17,-0.997,346204
2013-01-16,0.208,349691
2013-01-15,0.460,348965
2013-01-14,-0.275,347366
2013-01-11,0.892,348325
2013-01-10,-0.277,345245
2013-01-09,-0.092,346204
2013-01-08,0.659,346524
2013-01-07,0.042,344257
2013-01-04,0.390,344111
2013-01-03,-1.355,342774
2013-01-02,-1.337,347483
2012-12-31,-1.727,352191
2012-12-28,0.571,358381
2012-12-27,0.336,356347
2012-12-26,0.359,355155
2012-12-24,-0.180,353884
2012-12-21,1.092,354522
2012-12-20,0.017,350694
2012-12-19,0.332,350636
2012-12-18,-1.018,349476
2012-12-17,-1.497,353072
2012-12-14,0.750,358437
2012-12-13,0.073,355769
2012-12-12,-1.161,355508
2012-12-11,-0.760,359684
2012-12-10,0.442,362439
2012-12-07,-0.924,360844
2012-12-06,0.215,364208
2012-12-05,-0.048,363425
2012-12-04,0.578,363599
2012-12-03,0.092,361511
2012-11-30,-0.272,361179
2012-11-29,0.016,362163
2012-11-28,-0.144,362105
2012-11-27,0.393,362626
2012-11-26,0.475,361208
2012-11-23,-0.097,359500
2012-11-21,-0.056,359848
2012-11-20,-1.003,360050
2012-11-19,-0.562,363697
2012-11-16,-0.087,365752
2012-11-15,-0.197,366070
2012-11-14,0.095,366794
2012-11-13,0.333,366447
2012-11-12,0.167,365231
2012-11-09,0.111,364623
2012-11-08,1.484,364218
2012-11-07,1.815,358893
2012-11-06,-0.943,352496
2012-11-05,0.564,355854
2012-11-02,-0.074,353857
2012-11-01,-0.600,354117
2012-10-31,0.587,356255
2012-10-26,1.473,354176
2012-10-25,-0.510,349036
2012-10-24,-0.986,350826
2012-10-23,1.430,354320
2012-10-22,-0.641,349324
2012-10-19,1.357,351577
2012-10-18,-0.612,346870
2012-10-17,-0.926,349007
2012-10-16,-1.382,352270
2012-10-15,-0.226,357208
2012-10-12,0.251,358017
2012-10-11,0.692,357122
2012-10-10,0.705,354667
2012-10-09,-0.180,352183
2012-10-08,0.842,352819
2012-10-05,-1.295,349873
2012-10-04,-1.247,354465
2012-10-03,0.032,358941
2012-10-02,-0.137,358826
2012-10-01,0.370,359317
2012-09-28,0.056,357992
2012-09-27,-0.712,357790
2012-09-26,1.075,360355
2012-09-25,0.988,356522
2012-09-24,0.782,353035
2012-09-21,0.115,350297
2012-09-20,0.248,349894
2012-09-19,0.657,349029
2012-09-18,0.501,346752
2012-09-17,1.200,345023
2012-09-14,-2.658,340931
2012-09-13,-0.393,350239
2012-09-12,-1.246,351623
2012-09-11,-0.627,356061
2012-09-10,0.242,358309
2012-09-07,-0.465,357444
2012-09-06,-1.665,359116
2012-09-05,-0.471,365197
2012-09-04,-0.100,366926
2012-08-31,1.413,367295
2012-08-30,0.519,362176
2012-08-29,-0.437,360306
2012-08-28,0.239,361888
2012-08-27,0.585,361025
2012-08-24,-0.096,358926
2012-08-23,0.418,359271
2012-08-22,1.650,357776
2012-08-21,0.443,351967
2012-08-20,0.206,350414
2012-08-17,0.488,349695
2012-08-16,-0.852,347998
2012-08-15,-1.406,350989
2012-08-14,-1.355,355993
2012-08-13,-0.167,360882
2012-08-10,0.504,361486
2012-08-09,-0.072,359674
2012-08-08,-0.532,359933
2012-08-07,-1.287,361859
2012-08-06,0.039,366576
2012-08-03,-1.614,366432
2012-08-02,0.567,372442
2012-08-01,-0.499,370343
2012-07-31,0.201,372201
2012-07-30,0.747,371455
2012-07-27,-1.886,368700
2012-07-26,-0.916,375788
2012-07-25,0.258,379261
2012-07-24,0.788,378285
2012-07-23,0.561,375329
2012-07-20,1.222,373234
2012-07-19,-0.256,368729
2012-07-18,0.054,369676
2012-07-17,-0.786,369475
2012-07-16,0.465,372402
2012-07-13,-0.263,370680
2012-07-12,0.708,371656
2012-07-11,0.125,369044
2012-07-10,0.203,368585
2012-07-09,0.881,367839
2012-07-06,0.929,364625
2012-07-05,0.511,361267
2012-07-03,-0.768,359431
2012-07-02,1.029,362214
2012-06-29,-1.301,358524
2012-06-28,0.245,363249
2012-06-27,0.158,362361
2012-06-26,-0.394,361788
2012-06-25,1.456,363220
2012-06-22,-1.334,358008
2012-06-21,0.532,362848
2012-06-20,0.494,360929
2012-06-19,-1.306,359154
2012-06-18,0.538,363907
2012-06-15,0.557,361960
2012-06-14,-0.127,359956
2012-06-13,0.987,360414
2012-06-12,-0.914,356892
2012-06-11,0.455,360185
2012-06-08,-0.024,358552
2012-06-07,0.152,358638
2012-06-06,-1.998,358094
2012-06-05,-1.338,365396
2012-06-04,-0.790,370350
2012-06-01,2.369,373300
2012-05-31,1.157,364662
2012-05-30,2.536,360489
2012-05-29,-0.308,351573
2012-05-25,0.374,352659
2012-05-24,-0.381,351344
2012-05-23,0.694,352687
2012-05-22,-1.113,350258
2012-05-21,-0.209,354202
2012-05-18,0.024,354945
2012-05-17,1.770,354859
2012-05-16,0.288,348686
2012-05-15,0.404,347686
2012-05-14,1.397,346286
2012-05-11,0.827,341513
2012-05-10,-0.294,338712
2012-05-09,0.067,339713
2012-05-08,0.533,339484
2012-05-07,0.017,337684
2012-05-04,0.785,337626
2012-05-03,-0.026,334997
2012-05-02,0.704,335083
2012-05-01,-0.517,332740
2012-04-30,0.026,334469
2012-04-27,0.085,334383
2012-04-26,0.601,334098
2012-04-25,-0.512,332102
2012-04-24,-0.704,333813
2012-04-23,0.726,336179
2012-04-20,0.017,333756
2012-04-19,0.094,333699
2012-04-18,0.292,333385
2012-04-17,-0.060,332416
2012-04-16,-0.145,332616
2012-04-13,1.618,333100
2012-04-12,-0.416,327797
2012-04-11,-1.198,329166
2012-04-10,1.134,333157
2012-04-09,2.338,329422
2012-04-05,0.723,321896
2012-04-04,1.375,319587
2012-04-03,-1.733,315253
2012-04-02,0.553,320813
2012-03-30,-1.691,319050
2012-03-29,0.750,324538
2012-03-28,-0.141,322121
2012-03-27,0.719,322576
2012-03-26,-0.512,320272
2012-03-23,0.945,321922
2012-03-22,0.322,318908
2012-03-21,1.131,317884
2012-03-20,0.400,314329
2012-03-19,-1.194,313078
2012-03-16,0.198,316860
2012-03-15,0.153,316235
2012-03-14,-2.520,315751
2012-03-13,-1.759,323912
2012-03-12,-0.017,329713
2012-03-09,0.199,329770
2012-03-08,-1.001,329116
2012-03-07,-0.612,332443
2012-03-06,1.213,334490
2012-03-05,-0.794,330481
2012-03-02,0.939,333125
2012-03-01,-0.939,330026
2012-02-29,-0.609,333156
2012-02-28,-0.329,335199
2012-02-27,0.885,336305
2012-02-24,0.651,333354
2012-02-23,0.000,331198
2012-02-22,1.258,331198
2012-02-21,-1.107,327085
2012-02-17,-0.026,330744
2012-02-16,-0.800,330829
2012-02-15,-0.178,333496
2012-02-14,0.529,334092
2012-02-13,0.128,332333
2012-02-10,1.299,331908
2012-02-09,-0.748,327652
2012-02-08,0.077,330120
2012-02-07,-1.240,329865
2012-02-06,0.995,334007
2012-02-03,-2.149,330716
2012-02-02,-0.042,337979
2012-02-01,-1.143,338121
2012-01-31,1.155,342030
2012-01-30,1.177,338124
2012-01-27,0.314,334190
2012-01-26,1.326,333143
2012-01-25,-0.240,328784
2012-01-24,0.181,329577
2012-01-23,-0.633,328983
2012-01-20,-1.133,331077
2012-01-19,-1.375,334869
2012-01-18,-1.210,339539
2012-01-17,0.463,343700
2012-01-13,0.994,342115
2012-01-12,-0.142,338747
2012-01-11,1.302,339228
2012-01-10,-0.169,334869
2012-01-09,-0.177,335435
2012-01-06,0.789,336030
2012-01-05,-0.178,333398
2012-01-04,-1.189,333992
2012-01-03,-1.501,338011
2011-12-30,0.323,343162
2011-12-29,0.182,342058
2011-12-28,1.849,341435
2011-12-27,0.473,335237
2011-12-23,-1.112,333658
2011-12-22,0.420,337410
2011-12-21,-1.391,335999
2011-12-20,-2.495,340739
2011-12-19,1.267,349456
2011-12-16,1.166,345084
2011-12-15,-0.371,341106
2011-12-14,1.889,342375
2011-12-13,0.932,336028
2011-12-12,1.114,332924
2011-12-09,-2.056,329257
2011-12-08,1.249,336169
2011-12-07,0.358,332022
2011-12-06,-0.954,330837
2011-12-05,-0.202,334025
2011-12-02,1.402,334702
2011-12-01,-0.501,330075
2011-11-30,-1.562,331736
2011-11-29,-0.820,336998
2011-11-28,-0.050,339784
2011-11-25,-1.452,339953
2011-11-23,0.980,344962
2011-11-22,1.116,341614
2011-11-21,0.595,337843
2011-11-18,-0.025,335845
2011-11-17,0.802,335929
2011-11-16,0.912,333255
2011-11-15,-0.136,330244
2011-11-14,1.608,330695
2011-11-11,-0.610,325460
2011-11-10,-1.490,327458
2011-11-09,2.074,332411
2011-11-08,-1.280,325657
2011-11-07,0.635,329878
2011-11-04,0.120,327796
2011-11-03,-1.373,327402
2011-11-02,-1.247,331961
2011-11-01,3.339,336154
2011-10-31,3.966,325292
2011-10-28,1.052,312884
2011-10-27,-3.390,309628
2011-10-26,-1.747,320492
2011-10-25,2.541,326190
2011-10-24,0.168,318106
2011-10-21,-1.058,317572
2011-10-20,-0.712,320969
2011-10-19,-0.035,323271
2011-10-18,-0.621,323383
2011-10-17,1.729,325404
2011-10-14,-1.453,319874
2011-10-13,0.996,324590
2011-10-12,-1.455,321390
2011-10-11,-0.335,326134
2011-10-10,-1.412,327229
2011-10-07,-0.739,331917
2011-10-06,-1.846,334387
2011-10-05,-0.720,340675
2011-10-04,-1.268,343145
2011-10-03,2.745,347553
2011-09-30,2.512,338267
2011-09-29,0.692,329979
2011-09-28,-0.034,327711
2011-09-27,-1.531,327823
2011-09-26,-1.606,332919
2011-09-23,-1.860,338351
2011-09-22,3.759,344764
2011-09-21,3.308,332275
2011-09-20,0.420,321634
2011-09-19,1.907,320290
2011-09-16,0.727,314297
2011-09-15,-1.529,312029
2011-09-14,0.847,316874
2011-09-13,-1.423,314213
2011-09-12,0.106,318750
2011-09-09,1.067,318414
2011-09-08,0.897,315053
2011-09-07,-1.909,312253
2011-09-06,1.040,318330
2011-09-02,3.249,315053
2011-09-01,2.114,305141
2011-08-31,-1.545,298824
2011-08-30,1.608,303515
2011-08-29,-1.383,298712
2011-08-26,0.987,302900
2011-08-25,1.082,299941
2011-08-24,-2.843,296730
2011-08-23,-1.379,305413
2011-08-22,-0.252,309685
2011-08-19,0.807,310467
2011-08-18,2.054,307982
2011-08-17,1.751,301783
2011-08-16,1.656,296590
2011-08-15,-1.014,291760
2011-08-12,1.980,294748
2011-08-11,-5.045,289024
2011-08-10,2.975,304380
2011-08-09,0.303,295585
2011-08-08,3.157,294692
2011-08-05,-2.885,285674
2011-08-04,3.558,294161
2011-08-03,0.197,284055
2011-08-02,3.003,283496
2011-08-01,1.006,275232
2011-07-29,1.979,272490
2011-07-28,0.376,267203
2011-07-27,0.010,266201
2011-07-26,0.684,266173
2011-07-25,-1.093,264365
2011-07-22,0.755,267287
2011-07-21,-0.770,265283
2011-07-20,-1.183,267342
2011-07-19,2.079,270542
2011-07-18,-0.967,265033
2011-07-15,0.167,267621
2011-07-14,-1.427,267175
2011-07-13,0.278,271043
2011-07-12,0.341,270292
2011-07-11,1.499,269374
2011-07-08,1.414,265394
2011-07-07,-0.297,261693
2011-07-06,0.512,262472
2011-07-05,0.224,261137
2011-07-01,-0.160,260552
2011-06-30,-0.159,260969
2011-06-29,-0.664,261385
2011-06-28,-0.805,263132
2011-06-27,-1.371,265268
2011-06-24,-0.421,268956
2011-06-23,0.766,270093
2011-06-22,0.062,268041
2011-06-21,-0.443,267875
2011-06-20,0.124,269067
2011-06-17,-0.472,268734
2011-06-16,0.454,270010
2011-06-15,1.817,268790
2011-06-14,-1.511,263992
2011-06-13,-0.504,268041
2011-06-10,0.768,269400
2011-06-09,-0.403,267348
2011-06-08,0.781,268429
2011-06-07,0.460,266349
2011-06-06,-0.758,265129
2011-06-03,0.574,267154
2011-06-02,-1.905,265628
2011-06-01,1.347,270787
2011-05-31,0.228,267189
2011-05-27,-0.041,266581
2011-05-26,0.857,266691
2011-05-25,-0.468,264425
2011-05-24,0.376,265669
2011-05-23,0.483,264674
2011-05-20,0.052,263403
2011-05-19,-0.042,263265
2011-05-18,-1.325,263375
2011-05-17,1.025,266913
2011-05-16,0.557,264204
2011-05-13,0.902,262740
2011-05-12,-0.633,260391
2011-05-11,0.573,262049
2011-05-10,-0.716,260557
2011-05-09,-0.105,262436
2011-05-06,-0.440,262712
2011-05-05,0.951,263873
2011-05-04,0.446,261386
2011-05-03,0.566,260225
2011-05-02,0.160,258761
2011-04-29,0.310,258348
2011-04-28,0.764,257550
2011-04-27,-1.023,255596
2011-04-26,0.968,258238
2011-04-25,0.378,255761
2011-04-21,-0.086,254798
2011-04-20,-0.643,255018
2011-04-19,0.431,256669
2011-04-18,0.227,255568
2011-04-15,1.356,254991
2011-04-14,-0.077,251579
2011-04-13,0.627,251771
2011-04-12,1.078,250203
2011-04-11,0.089,247534
2011-04-08,-0.531,247314
2011-04-07,-0.199,248634
2011-04-06,-1.501,249130
2011-04-05,-0.401,252927
2011-04-04,0.108,253945
2011-04-01,0.484,253670
2011-03-31,-0.206,252448
2011-03-30,0.797,252969
2011-03-29,-0.769,250969
2011-03-28,0.141,252914
2011-03-25,-0.249,252558
2011-03-24,-0.752,253188
2011-03-23,-0.129,255106
2011-03-22,0.334,255435
2011-03-21,-0.588,254586
2011-03-18,0.268,256093
2011-03-17,-0.767,255408
2011-03-16,1.130,257381
2011-03-15,1.497,254503
2011-03-14,-0.044,250749
2011-03-11,-0.570,250859
2011-03-10,1.684,252298
2011-03-09,0.970,248119
2011-03-08,-0.610,245735
2011-03-07,-0.639,247242
2011-03-04,0.833,248831
2011-03-03,-0.979,246776
2011-03-02,-1.537,249215
2011-03-01,0.289,253106
2011-02-28,0.130,252377
2011-02-25,0.589,252049
2011-02-24,0.636,250574
2011-02-23,0.363,248990
2011-02-22,1.497,248089
2011-02-18,-0.312,244429
2011-02-17,0.156,245193
2011-02-16,-0.323,244811
2011-02-15,0.446,245603
2011-02-14,0.068,244513
2011-02-11,1.440,244347
2011-02-10,-1.154,240878
2011-02-09,0.871,243691
2011-02-08,-0.919,241588
2011-02-07,0.518,243828
2011-02-04,-1.014,242571
2011-02-03,-0.829,245057
2011-02-02,0.022,247105
2011-02-01,-0.493,247051
2011-01-31,-0.762,248276
2011-01-28,0.525,250181
2011-01-27,0.450,248875
2011-01-26,-1.515,247759
2011-01-25,0.950,251569
2011-01-24,0.044,249201
2011-01-21,0.793,249092
2011-01-20,-1.379,247133
2011-01-19,0.722,250589
2011-01-18,-0.463,248793
2011-01-14,-0.644,249950
2011-01-13,0.895,251569
2011-01-12,-0.780,249337
2011-01-11,-0.560,251297
2011-01-10,0.541,252712
2011-01-07,0.533,251351
2011-01-06,0.437,250018
2011-01-05,-2.203,248929
2011-01-04,0.118,254536
2011-01-03,-0.754,254236
2010-12-31,1.106,256169
2010-12-30,-0.075,253365
2010-12-29,1.692,253556
2010-12-28,-1.951,249337
2010-12-27,0.893,254300
2010-12-23,-0.204,252048
2010-12-22,-0.714,252564
2010-12-21,0.698,254381
2010-12-20,-0.107,252618
2010-12-17,1.824,252889
2010-12-16,0.693,248360
2010-12-15,-1.297,246651
2010-12-14,-1.460,249892
2010-12-13,0.376,253594
2010-12-10,-0.608,252645
2010-12-09,0.493,254191
2010-12-08,-0.966,252943
2010-12-07,-2.141,255412
2010-12-06,1.412,260999
2010-12-03,-0.784,257364
2010-12-02,-0.265,259399
2010-12-01,-2.211,260087
2010-11-30,0.521,265969
2010-11-29,0.855,264591
2010-11-26,1.389,262347
2010-11-24,-1.785,258753
2010-11-23,0.495,263456
2010-11-22,0.424,262158
2010-11-19,0.615,261050
2010-11-18,0.408,259456
2010-11-17,-0.549,258402
2010-11-16,2.482,259829
2010-11-15,-2.087,253537
2010-11-12,-0.540,258942
2010-11-11,-0.052,260347
2010-11-10,0.135,260483
2010-11-09,-2.205,260131
2010-11-08,0.449,265996
2010-11-05,-1.715,264807
2010-11-04,0.778,269428
2010-11-03,-2.040,267347
2010-11-02,1.314,272915
2010-11-01,-0.429,269374
2010-10-29,0.935,270534
2010-10-28,0.272,268029
2010-10-27,-0.879,267302
2010-10-26,-1.544,269672
2010-10-25,0.286,273902
2010-10-22,0.675,273121
2010-10-21,-1.187,271289
2010-10-20,0.216,274548
2010-10-19,0.603,273956
2010-10-18,0.808,272312
2010-10-15,-1.220,270130
2010-10-14,-1.496,273465
2010-10-13,-0.155,277620
2010-10-12,-0.988,278051
2010-10-11,0.019,280826
2010-10-08,-0.439,280772
2010-10-07,-0.834,282011
2010-10-06,1.257,284382
2010-10-05,-0.601,280853
2010-10-04,0.258,282550
2010-10-01,-0.481,281822
2010-09-30,-0.066,283185
2010-09-29,-0.415,283373
2010-09-28,0.684,284554
2010-09-27,1.739,282622
2010-09-24,-1.346,277790
2010-09-23,0.289,281580
2010-09-22,0.897,280770
2010-09-21,1.389,278274
2010-09-20,0.580,274462
2010-09-17,0.405,272879
2010-09-16,-0.988,271778
2010-09-15,-1.483,274489
2010-09-14,0.958,278622
2010-09-13,0.494,275979
2010-09-10,-0.457,274623
2010-09-09,-1.974,275885
2010-09-08,-0.795,281441
2010-09-07,2.047,283695
2010-09-03,-1.240,278005
2010-09-02,-1.057,281494
2010-09-01,-2.061,284500
2010-08-31,1.112,290488
2010-08-30,1.914,287293
2010-08-27,-2.832,281899
2010-08-26,0.940,290114
2010-08-25,-0.325,287411
2010-08-24,1.603,288348
2010-08-23,0.019,283799
2010-08-20,-0.113,283745
2010-08-19,1.559,284066
2010-08-18,0.269,279705
2010-08-17,-0.572,278955
2010-08-16,2.503,280561
2010-08-13,1.247,273711
2010-08-12,-0.247,270339
2010-08-11,1.341,271008
2010-08-10,0.211,267423
2010-08-09,-0.370,266861
2010-08-06,1.091,267851
2010-08-05,0.467,264961
2010-08-04,-0.765,263730
2010-08-03,0.577,265764
2010-08-02,-1.399,264238
2010-07-30,1.556,267987
2010-07-29,-0.030,263880
2010-07-28,0.324,263960
2010-07-27,-0.964,263106
2010-07-26,-0.170,265667
2010-07-23,-1.061,266120
2010-07-22,-1.157,268974
2010-07-21,1.694,272121
2010-07-20,0.150,267587
2010-07-19,-0.615,267187
2010-07-16,0.488,268841
2010-07-15,0.997,267534
2010-07-14,1.007,264893
2010-07-13,-0.857,262253
2010-07-12,-0.040,264520
2010-07-09,-0.571,264627
2010-07-08,-0.637,266147
2010-07-07,-1.171,267854
2010-07-06,0.823,271028
2010-07-02,-0.797,268814
2010-07-01,0.157,270974
2010-06-30,0.673,270550
2010-06-29,1.090,268742
2010-06-28,0.939,265844
2010-06-25,0.405,263371
2010-06-24,-0.595,262307
2010-06-23,0.680,263876
2010-06-22,1.191,262094
2010-06-21,-0.287,259010
2010-06-18,-0.164,259755
2010-06-17,0.814,260180
2010-06-16,0.570,258079
2010-06-15,-0.413,256617
2010-06-14,-0.513,257681
2010-06-11,1.268,259010
2010-06-10,-1.787,255766
2010-06-09,-0.112,260419
2010-06-08,-0.497,260712
2010-06-07,0.767,262015
2010-06-04,2.688,260020
2010-06-03,-0.730,253214
2010-06-02,-0.950,255075
2010-06-01,0.700,257521
2010-05-28,0.458,255730
2010-05-27,-2.269,254564
2010-05-26,-0.284,260474
2010-05-25,0.489,261216
2010-05-24,-0.345,259944
2010-05-21,0.102,260845
2010-05-20,2.108,260580
2010-05-19,0.333,255200
2010-05-18,1.534,254352
2010-05-17,-0.369,250509
2010-05-14,1.737,251437
2010-05-13,0.658,247144
2010-05-12,-0.760,245527
2010-05-11,-0.256,247409
2010-05-10,-2.072,248045
2010-05-07,-1.250,253292
2010-05-06,3.089,256499
2010-05-05,0.589,248813
2010-05-04,1.800,247356
2010-05-03,-0.130,242983
2010-04-30,1.153,243300
2010-04-29,0.419,240527
2010-04-28,-0.853,239524
2010-04-27,1.408,241584
2010-04-26,0.111,238230
2010-04-23,-0.354,237966
2010-04-22,-0.298,238811
2010-04-21,0.823,239524
2010-04-20,0.357,237569
2010-04-19,-0.245,236724
2010-04-16,0.729,237305
2010-04-15,0.112,235589
2010-04-14,-0.702,235325
2010-04-13,0.324,236988
2010-04-12,0.528,236223
2010-04-09,0.237,234981
2010-04-08,0.045,234427
2010-04-07,1.278,234321
2010-04-06,0.160,231364
2010-04-05,-1.664,230994
2010-04-01,-0.244,234902
2010-03-31,0.686,235477
2010-03-30,0.316,233872
2010-03-29,-0.382,233135
2010-03-26,0.282,234030
2010-03-25,-0.639,233372
2010-03-24,-1.826,234872
2010-03-23,-0.471,239239
2010-03-22,0.110,240370
2010-03-19,0.099,240107
2010-03-18,-0.328,239870
2010-03-17,0.428,240660
2010-03-16,0.797,239634
2010-03-15,-0.133,237739
2010-03-12,0.623,238055
2010-03-11,0.368,236582
2010-03-10,-0.256,235713
2010-03-09,0.022,236319
2010-03-08,-0.521,236266
2010-03-05,-1.312,237503
2010-03-04,0.528,240660
2010-03-03,-0.252,239397
2010-03-02,-0.131,240002
2010-03-01,-0.044,240318
2010-02-26,0.515,240424
2010-02-25,0.562,239191
2010-02-24,0.243,237853
2010-02-23,1.560,237276
2010-02-22,-0.414,233631
2010-02-19,0.540,234601
2010-02-18,-0.403,233342
2010-02-17,-1.140,234286
2010-02-16,0.188,236988
2010-02-12,0.412,236542
2010-02-11,-0.543,235572
2010-02-10,-0.954,236857
2010-02-09,-0.999,239138
2010-02-08,0.130,241551
2010-02-05,0.218,241237
2010-02-04,1.583,240712
2010-02-03,-1.160,236962
2010-02-02,0.285,239742
2010-02-01,-0.905,239060
2010-01-29,0.874,241243
2010-01-28,-0.055,239152
2010-01-27,-0.055,239282
2010-01-26,0.033,239413
2010-01-25,-0.457,239335
2010-01-22,-0.174,240432
2010-01-21,0.458,240851
2010-01-20,1.013,239753
2010-01-19,-0.285,237349
2010-01-15,0.619,238028
2010-01-14,1.400,236565
2010-01-13,-1.163,233298
2010-01-12,1.712,236042
2010-01-11,-0.549,232069
2010-01-08,-0.045,233350
2010-01-07,0.168,233455
2010-01-06,-1.339,233063
2010-01-05,0.646,236225
2010-01-04,-0.089,234709
2009-12-31,-0.476,234918
2009-12-30,0.658,236042
2009-12-29,0.657,234500
2009-12-28,-0.279,232968
2009-12-24,-1.037,233619
2009-12-23,0.022,236067
2009-12-22,-0.560,236015
2009-12-21,-1.778,237343
2009-12-18,-0.429,241640
2009-12-17,1.647,242682
2009-12-16,-0.120,238749
2009-12-15,-0.445,239036
2009-12-14,0.119,240104
2009-12-11,-0.011,239817
2009-12-10,-1.148,239843
2009-12-09,-0.459,242630
2009-12-08,0.150,243749
2009-12-07,0.129,243385
2009-12-04,-1.060,243072
2009-12-03,-1.038,245677
2009-12-02,0.084,248255
2009-12-01,-1.111,248046
2009-11-30,0.239,250833
2009-11-27,0.375,250236
2009-11-25,0.460,249301
2009-11-24,0.632,248159
2009-11-23,-0.126,246602
2009-11-20,-0.021,246913
2009-11-19,0.179,246965
2009-11-18,-0.586,246524
2009-11-17,0.537,247977
2009-11-16,1.171,246653
2009-11-13,0.460,243798
2009-11-12,-0.182,242682
2009-11-11,0.418,243123
2009-11-10,-0.182,242111
2009-11-09,0.118,242552
2009-11-06,0.097,242267
2009-11-05,0.000,242033
2009-11-04,-0.914,242033
2009-11-03,-0.999,244265
2009-11-02,-0.440,246731
2009-10-30,1.451,247822
2009-10-29,-1.090,244278
2009-10-28,0.474,246969
2009-10-27,1.366,245804
2009-10-26,-1.295,242492
2009-10-23,-0.753,245675
2009-10-22,-0.489,247538
2009-10-21,-0.600,248754
2009-10-20,0.541,250255
2009-10-19,0.786,248909
2009-10-16,0.813,246969
2009-10-15,-0.463,244976
2009-10-14,-1.481,246115
2009-10-13,0.521,249815
2009-10-12,0.156,248521
2009-10-09,-2.292,248133
2009-10-08,-1.048,253955
2009-10-07,1.173,256645
2009-10-06,-0.990,253670
2009-10-05,0.010,256206
2009-10-02,-0.692,256180
2009-10-01,1.366,257965
2009-09-30,-0.091,254490
2009-09-29,-0.091,254722
2009-09-28,0.878,254954
2009-09-25,1.271,252736
2009-09-24,0.290,249563
2009-09-23,0.302,248841
2009-09-22,0.208,248093
2009-09-21,0.230,247577
2009-09-18,-0.890,247009
2009-09-17,1.258,249228
2009-09-16,0.178,246132
2009-09-15,-0.512,245694
2009-09-14,-0.993,246958
2009-09-11,0.551,249434
2009-09-10,1.843,248067
2009-09-09,-0.116,243579
2009-09-08,-0.704,243862
2009-09-04,-1.703,245591
2009-09-03,-0.616,249847
2009-09-02,1.457,251394
2009-09-01,-0.241,247783
2009-08-31,0.093,248381
2009-08-28,0.458,248150
2009-08-27,-0.394,247018
2009-08-26,0.458,247995
2009-08-25,0.566,246864
2009-08-24,1.813,245476
2009-08-21,-2.058,241104
2009-08-20,0.821,246170
2009-08-19,0.828,244164
2009-08-18,-0.581,242159
2009-08-17,1.478,243573
2009-08-14,0.387,240025
2009-08-13,1.418,239099
2009-08-12,-1.068,235756
2009-08-11,1.157,238302
2009-08-10,1.249,235576
2009-08-07,-0.833,232671
2009-08-06,0.341,234625
2009-08-05,-1.495,233828
2009-08-04,-0.795,237376
2009-08-03,-1.510,239279
2009-07-31,1.946,242947
2009-07-30,1.418,238309
2009-07-29,0.548,234978
2009-07-28,0.885,233697
2009-07-27,-1.148,231647
2009-07-24,0.483,234337
2009-07-23,-1.834,233210
2009-07-22,-0.898,237566
2009-07-21,1.995,239718
2009-07-20,0.526,235029
2009-07-17,-1.543,233799
2009-07-16,1.080,237463
2009-07-15,-2.572,234927
2009-07-14,-1.662,241128
2009-07-13,-0.561,245202
2009-07-10,0.923,246586
2009-07-09,-1.192,244331
2009-07-08,1.847,247278
2009-07-07,0.669,242793
2009-07-06,-0.191,241179
2009-07-02,0.234,241640
2009-07-01,-0.197,241077
2009-06-30,-0.169,241553
2009-06-29,0.148,241962
2009-06-26,0.169,241604
2009-06-25,1.833,241196
2009-06-24,-1.004,236854
2009-06-23,1.177,239255
2009-06-22,0.971,236470
2009-06-19,1.371,234197
2009-06-18,-1.514,231030
2009-06-17,-0.563,234580
2009-06-16,1.740,235909
2009-06-15,0.900,231873
2009-06-12,0.897,229804
2009-06-11,1.111,227761
2009-06-10,-1.574,225257
2009-06-09,-0.011,228859
2009-06-08,-0.256,228884
2009-06-05,-0.762,229472
2009-06-04,-2.066,231234
2009-06-03,0.939,236113
2009-06-02,0.538,233916
2009-06-01,-2.946,232665
2009-05-29,2.582,239728
2009-05-28,1.445,233695
2009-05-27,-1.767,230365
2009-05-26,-1.508,234509
2009-05-22,-1.110,238099
2009-05-21,-2.515,240772
2009-05-20,1.052,246983
2009-05-19,-0.528,244412
2009-05-18,-1.550,245710
2009-05-15,-0.031,249580
2009-05-14,0.389,249656
2009-05-13,1.087,248689
2009-05-12,0.363,246016
2009-05-11,1.422,245125
2009-05-08,0.243,241688
2009-05-07,-2.441,241103
2009-05-06,-0.236,247136
2009-05-05,-0.123,247721
2009-05-04,0.330,248027
2009-05-01,-0.686,247212
2009-04-30,-0.396,248921
2009-04-29,-0.886,249911
2009-04-28,-1.634,252144
2009-04-27,0.428,256332
2009-04-24,-1.004,255240
2009-04-23,-0.010,257829
2009-04-22,-0.607,257855
2009-04-21,-0.988,259428
2009-04-20,1.514,262017
2009-04-17,-1.099,258108
2009-04-16,-0.791,260976
2009-04-15,-0.173,263057
2009-04-14,0.523,263514
2009-04-13,0.918,262144
2009-04-09,-1.254,259758
2009-04-08,0.886,263057
2009-04-07,0.254,260748
2009-04-06,-0.428,260088
2009-04-03,-2.046,261205
2009-04-02,-1.222,266661
2009-04-01,0.910,269961
2009-03-31,0.715,267526
2009-03-30,0.383,265628
2009-03-27,0.742,264615
2009-03-26,1.160,262667
2009-03-25,-1.327,259655
2009-03-24,0.932,263147
2009-03-23,-0.866,260718
2009-03-20,-0.555,262996
2009-03-19,0.125,264463
2009-03-18,3.789,264134
2009-03-17,-0.544,254492
2009-03-16,-1.577,255884
2009-03-13,-0.504,259984
2009-03-12,0.477,261300
2009-03-11,1.082,260060
2009-03-10,-1.920,257276
2009-03-09,-0.585,262312
2009-03-06,-0.667,263856
2009-03-05,2.781,265628
2009-03-04,-0.458,258440
2009-03-03,-0.668,259630
2009-03-02,1.651,261376
2009-02-27,-0.576,257130
2009-02-26,-1.053,258619
2009-02-25,-1.155,261370
2009-02-24,-0.105,264424
2009-02-23,0.924,264702
2009-02-20,0.972,262279
2009-02-19,-1.700,259755
2009-02-18,-0.852,264248
2009-02-17,3.115,266519
2009-02-13,-2.661,258468
2009-02-12,-0.942,265535
2009-02-11,1.297,268059
2009-02-10,2.173,264626
2009-02-09,0.323,258998
2009-02-06,-0.312,258165
2009-02-05,0.088,258973
2009-02-04,-0.350,258746
2009-02-03,-2.382,259654
2009-02-02,1.856,265989
2009-01-30,-0.317,261143
2009-01-29,-2.300,261974
2009-01-28,-2.499,268141
2009-01-27,2.351,275012
2009-01-26,-0.873,268694
2009-01-23,-0.783,271060
2009-01-22,-1.925,273200
2009-01-21,-3.159,278561
2009-01-20,-0.017,287648
2009-01-16,-1.542,287698
2009-01-15,0.164,292204
2009-01-14,1.649,291725
2009-01-13,0.105,286993
2009-01-12,1.038,286691
2009-01-09,0.151,283746
2009-01-08,-0.080,283318
2009-01-07,0.392,283545
2009-01-06,-1.006,282437
2009-01-05,-2.578,285307
2009-01-02,-2.514,292858
2008-12-31,-2.092,300409
2008-12-30,0.952,306828
2008-12-29,-0.119,303933
2008-12-26,0.331,304296
2008-12-24,-0.215,303293
2008-12-23,-0.132,303945
2008-12-22,-0.769,304347
2008-12-19,0.106,306705
2008-12-18,2.098,306379
2008-12-17,2.713,300082
2008-12-16,2.473,292155
2008-12-15,1.139,285105
2008-12-12,0.000,281894
2008-12-11,0.196,281894
2008-12-10,-0.240,281342
2008-12-09,1.978,282020
2008-12-08,-0.217,276551
2008-12-05,-1.621,277153
2008-12-04,1.970,281719
2008-12-03,0.282,276275
2008-12-02,0.384,275497
2008-12-01,3.817,274444
2008-11-28,1.235,264354
2008-11-26,0.134,261128
2008-11-25,2.941,260778
2008-11-24,-1.564,253327
2008-11-21,-1.446,257353
2008-11-20,5.166,261128
2008-11-19,2.561,248301
2008-11-18,1.287,242100
2008-11-17,0.441,239024
2008-11-14,1.982,237974
2008-11-13,-2.395,233348
2008-11-12,0.642,239074
2008-11-11,0.296,237549
2008-11-10,0.488,236848
2008-11-07,-0.653,235698
2008-11-06,-0.722,237249
2008-11-05,1.186,238974
2008-11-04,1.877,236173
2008-11-03,0.269,231822
2008-10-31,-1.297,231200
2008-10-30,-0.906,234238
2008-10-29,-0.503,236380
2008-10-28,-1.457,237576
2008-10-27,0.072,241087
2008-10-24,-1.064,240913
2008-10-23,0.742,243503
2008-10-22,2.029,241710
2008-10-21,0.528,236903
2008-10-20,0.799,235658
2008-10-17,-0.687,233790
2008-10-16,-0.517,235406
2008-10-15,0.956,236629
2008-10-14,-0.644,234388
2008-10-13,-1.282,235907
2008-10-10,-0.704,238970
2008-10-09,-0.841,240664
2008-10-08,-1.436,242706
2008-10-07,-0.303,246243
2008-10-06,1.817,246990
2008-10-03,0.880,242582
2008-10-02,0.804,240465
2008-10-01,1.254,238547
2008-09-30,-2.437,235592
2008-09-29,2.910,241477
2008-09-26,0.725,234649
2008-09-25,-0.202,232960
2008-09-24,0.438,233432
2008-09-23,-0.383,232414
2008-09-22,-0.011,233308
2008-09-19,-3.174,233333
2008-09-18,-1.462,240980
2008-09-17,0.500,244556
2008-09-16,-0.020,243339
2008-09-15,3.244,243389
2008-09-12,-1.289,235741
2008-09-11,-0.052,238820
2008-09-10,-0.620,238944
2008-09-09,0.991,240434
2008-09-08,0.419,238075
2008-09-05,-0.048,237082
2008-09-04,0.798,237196
2008-09-03,0.424,235319
2008-09-02,0.927,234326
2008-08-29,-0.446,232173
2008-08-28,0.011,233212
2008-08-27,0.170,233188
2008-08-26,0.085,232792
2008-08-25,0.999,232594
2008-08-22,-0.064,230293
2008-08-21,-0.182,230441
2008-08-20,0.279,230862
2008-08-19,-0.385,230219
2008-08-18,0.398,231109
2008-08-15,0.867,230194
2008-08-14,0.644,228215
2008-08-13,-0.348,226755
2008-08-12,0.933,227547
2008-08-11,-0.957,225444
2008-08-08,0.272,227621
2008-08-07,1.628,227002
2008-08-06,-0.408,223365
2008-08-05,-0.745,224281
2008-08-04,-0.229,225963
2008-08-01,0.221,226483
2008-07-31,0.992,225984
2008-07-30,0.099,223765
2008-07-29,-0.406,223543
2008-07-28,1.010,224455
2008-07-25,-0.999,222212
2008-07-24,0.976,224455
2008-07-23,-0.199,222286
2008-07-22,-0.496,222730
2008-07-21,0.387,223839
2008-07-18,-0.374,222976
2008-07-17,-0.515,223814
2008-07-16,-1.808,224973
2008-07-15,-0.032,229114
2008-07-14,0.879,229188
2008-07-11,-1.423,227192
2008-07-10,-0.011,230470
2008-07-09,0.440,230495
2008-07-08,0.649,229484
2008-07-07,0.456,228005
2008-07-03,-0.217,226970
2008-07-02,0.523,227463
2008-07-01,-0.236,226279
2008-06-30,0.022,226816
2008-06-27,1.173,226766
2008-06-26,0.673,224138
2008-06-25,0.050,222640
2008-06-24,0.661,222529
2008-06-23,0.212,221068
2008-06-20,0.582,220601
2008-06-19,-0.590,219324
2008-06-18,0.842,220626
2008-06-17,0.202,218783
2008-06-16,0.023,218341
2008-06-13,-0.213,218292
2008-06-12,-1.000,218759
2008-06-11,-0.233,220970
2008-06-10,-0.650,221485
2008-06-09,0.000,222935
2008-06-06,1.295,222935
2008-06-05,-0.599,220085
2008-06-04,-0.891,221412
2008-06-03,0.720,223401
2008-06-02,0.384,221805
2008-05-30,0.658,220956
2008-05-29,-0.720,219512
2008-05-28,-0.889,221103
2008-05-27,-0.676,223086
2008-05-23,0.438,224603
2008-05-22,-1.179,223624
2008-05-21,0.022,226292
2008-05-20,0.520,226243
2008-05-19,0.133,225073
2008-05-16,-0.412,224774
2008-05-15,0.908,225704
2008-05-14,0.044,223673
2008-05-13,-1.094,223575
2008-05-12,-0.151,226047
2008-05-09,0.369,226390
2008-05-08,0.898,225558
2008-05-07,0.429,223550
2008-05-06,-0.720,222596
2008-05-05,0.000,224211
2008-05-02,-1.261,224211
2008-05-01,0.001,227075
2008-04-30,0.719,227072
2008-04-29,0.380,225450
2008-04-28,0.305,224596
2008-04-25,-0.585,223914
2008-04-24,-0.848,225230
2008-04-23,-0.332,227157
2008-04-22,0.344,227913
2008-04-21,0.399,227133
2008-04-18,-0.086,226230
2008-04-17,-0.172,226425
2008-04-16,-0.979,226816
2008-04-15,-1.241,229059
2008-04-14,-0.585,231937
2008-04-11,0.673,233302
2008-04-10,-0.336,231742
2008-04-09,1.038,232522
2008-04-08,-0.348,230132
2008-04-07,-0.525,230937
2008-04-04,0.912,232156
2008-04-03,0.223,230059
2008-04-02,0.213,229547
2008-04-01,-1.621,229059
2008-03-31,0.356,232832
2008-03-28,0.972,232006
2008-03-27,-0.703,229773
2008-03-26,-0.418,231399
2008-03-25,0.420,232371
2008-03-24,-1.936,231399
2008-03-20,0.249,235967
2008-03-19,1.657,235382
2008-03-18,-0.387,231545
2008-03-17,0.768,232444
2008-03-14,1.236,230671
2008-03-13,-0.782,227854
2008-03-12,1.929,229651
2008-03-11,-0.855,225305
2008-03-10,1.475,227247
2008-03-07,0.130,223945
2008-03-06,0.535,223654
2008-03-05,-1.197,222464
2008-03-04,-0.972,225159
2008-03-03,-0.257,227369
2008-02-29,1.530,227954
2008-02-28,1.777,224519
2008-02-27,0.088,220600
2008-02-26,0.033,220407
2008-02-25,-1.022,220334
2008-02-22,-0.573,222608
2008-02-21,1.059,223890
2008-02-20,0.693,221544
2008-02-19,-1.012,220020
2008-02-15,0.768,222269
2008-02-14,-1.470,220576
2008-02-13,-1.059,223866
2008-02-12,-0.595,226261
2008-02-11,0.416,227616
2008-02-08,1.144,226672
2008-02-07,-2.155,224108
2008-02-06,-0.305,229043
2008-02-05,0.764,229745
2008-02-04,-1.029,228003
2008-02-01,0.599,230373
2008-01-31,0.710,229002
2008-01-30,-0.653,227387
2008-01-29,-0.680,228882
2008-01-28,-0.375,230449
2008-01-25,1.685,231317
2008-01-24,-2.004,227483
2008-01-23,-0.228,232136
2008-01-22,1.068,232666
2008-01-18,-0.686,230208
2008-01-17,1.296,231799
2008-01-16,-0.722,228833
2008-01-15,1.121,230497
2008-01-14,0.372,227941
2008-01-11,0.781,227098
2008-01-10,-1.351,225338
2008-01-09,0.190,228424
2008-01-08,-0.116,227990
2008-01-07,0.435,228255
2008-01-04,0.021,227266
2008-01-03,-0.138,227218
2008-01-02,1.435,227532
2007-12-31,0.611,224313
2007-12-28,1.559,222951
2007-12-27,1.086,219528
2007-12-26,-0.877,217170
2007-12-24,-0.469,219091
2007-12-21,-1.462,220124
2007-12-20,-0.215,223390
2007-12-19,1.326,223870
2007-12-18,0.645,220940
2007-12-17,0.894,219524
2007-12-14,-0.461,217579
2007-12-13,-1.087,218587
2007-12-12,-1.032,220988
2007-12-11,1.963,223294
2007-12-10,-0.599,218995
2007-12-07,-1.121,220316
2007-12-06,-0.876,222813
2007-12-05,-1.193,224782
2007-12-04,-0.011,227496
2007-12-03,0.790,227520
2007-11-30,-0.485,225736
2007-11-29,0.861,226836
2007-11-28,-0.676,224899
2007-11-27,-0.952,226429
2007-11-26,1.974,228606
2007-11-23,0.300,224181
2007-11-21,0.581,223511
2007-11-20,-0.108,222220
2007-11-19,0.649,222459
2007-11-16,0.141,221024
2007-11-15,0.941,220713
2007-11-14,0.110,218656
2007-11-13,-0.371,218417
2007-11-12,0.361,219230
2007-11-09,0.850,218441
2007-11-08,-0.176,216599
2007-11-07,0.177,216982
2007-11-06,-0.484,216599
2007-11-05,-0.044,217652
2007-11-02,0.320,217747
2007-11-01,1.293,217054
2007-10-31,-0.903,214282
2007-10-30,-0.055,216235
2007-10-29,0.387,216354
2007-10-26,-0.232,215521
2007-10-25,-0.341,216021
2007-10-24,0.742,216759
2007-10-23,-0.133,215163
2007-10-22,0.011,215449
2007-10-19,1.492,215425
2007-10-18,0.553,212258
2007-10-17,1.095,211091
2007-10-16,0.034,208805
2007-10-15,0.023,208733
2007-10-12,-0.488,208686
2007-10-11,-0.102,209710
2007-10-10,0.057,209924
2007-10-09,-0.125,209805
2007-10-08,-0.079,210067
2007-10-05,-1.076,210234
2007-10-04,0.382,212520
2007-10-03,-0.292,211710
2007-10-02,0.315,212329
2007-10-01,0.569,211663
2007-09-28,0.226,210465
2007-09-27,0.694,209991
2007-09-26,0.091,208544
2007-09-25,-0.352,208354
2007-09-24,0.284,209089
2007-09-21,0.849,208496
2007-09-20,-1.891,206741
2007-09-19,-0.926,210726
2007-09-18,-0.753,212695
2007-09-17,0.344,214308
2007-09-14,0.278,213573
2007-09-13,-0.894,212980
2007-09-12,-0.374,214901
2007-09-11,-0.077,215708
2007-09-10,0.775,215874
2007-09-07,1.415,214213
2007-09-06,-0.258,211224
2007-09-05,0.802,211770
2007-09-04,0.047,210086
2007-08-31,0.079,209987
2007-08-30,0.669,209822
2007-08-29,-0.271,208428
2007-08-28,0.170,208995
2007-08-27,0.524,208640
2007-08-24,0.492,207553
2007-08-23,0.344,206538
2007-08-22,-0.160,205829
2007-08-21,0.484,206159
2007-08-20,0.104,205167
2007-08-17,-0.448,204955
2007-08-16,1.032,205876
2007-08-15,-0.358,203773
2007-08-14,0.266,204506
2007-08-13,0.290,203962
2007-08-10,-0.232,203372
2007-08-09,0.139,203844
2007-08-08,-1.215,203561
2007-08-07,-0.080,206065
2007-08-06,-0.728,206230
2007-08-03,0.664,207742
2007-08-02,0.252,206372
2007-08-01,-0.216,205852
2007-07-31,0.724,206298
2007-07-30,-0.264,204816
2007-07-27,0.264,205357
2007-07-26,0.834,204816
2007-07-25,0.197,203121
2007-07-24,0.373,202721
2007-07-23,-0.163,201968
2007-07-20,0.904,202298
2007-07-19,-0.023,200485
2007-07-18,0.377,200532
2007-07-17,-0.212,199779
2007-07-16,0.961,200203
2007-07-13,0.274,198297
2007-07-12,-0.344,197755
2007-07-11,-1.033,198438
2007-07-10,1.695,200509
2007-07-09,0.359,197167
2007-07-06,-0.406,196461
2007-07-05,-1.121,197261
2007-07-03,-0.610,199497
2007-07-02,0.523,200721
2007-06-29,1.032,199676
2007-06-28,-0.024,197636
2007-06-27,0.095,197683
2007-06-26,0.024,197496
2007-06-25,0.549,197449
2007-06-22,0.649,196370
2007-06-21,-0.810,195104
2007-06-20,-0.474,196698
2007-06-19,0.934,197636
2007-06-18,-0.203,195808
2007-06-15,0.686,196206
2007-06-14,-0.252,194870
2007-06-13,1.190,195362
2007-06-12,-1.448,193065
2007-06-11,-0.286,195901
2007-06-08,-0.083,196464
2007-06-07,-1.792,196628
2007-06-06,-0.047,200215
2007-06-05,-0.628,200309
2007-06-04,0.456,201575
2007-06-01,-0.524,200661
2007-05-31,-0.185,201717
2007-05-30,0.185,202091
2007-05-29,0.012,201717
2007-05-25,-0.231,201694
2007-05-24,0.092,202161
2007-05-23,-0.288,201974
2007-05-22,-0.516,202558
2007-05-21,0.299,203609
2007-05-18,-0.663,203001
2007-05-17,-0.410,204356
2007-05-16,-0.068,205197
2007-05-15,-0.034,205337
2007-05-14,-0.261,205407
2007-05-11,-0.350,205944
2007-05-10,0.238,206668
2007-05-09,-0.395,206177
2007-05-08,-0.225,206995
2007-05-07,0.271,207462
2007-05-04,0.408,206901
2007-05-03,-0.226,206061
2007-05-02,-0.057,206528
2007-05-01,0.446,206644
2007-04-30,0.672,205728
2007-04-27,-0.023,204355
2007-04-26,-0.723,204401
2007-04-25,-0.349,205891
2007-04-24,0.373,206612
2007-04-23,0.363,205844
2007-04-20,-0.260,205099
2007-04-19,-0.169,205635
2007-04-18,0.499,205984
2007-04-17,0.559,204960
2007-04-16,0.551,203820
2007-04-13,-0.309,202703
2007-04-12,0.023,203331
2007-04-11,-0.069,203285
2007-04-10,0.298,203424
2007-04-09,-0.661,202819
2007-04-05,-0.375,204169
2007-04-04,0.102,204937
2007-04-03,-0.125,204727
2007-04-02,0.165,204983
2007-03-30,-0.192,204645
2007-03-29,-0.135,205039
2007-03-28,-0.203,205317
2007-03-27,-0.169,205734
2007-03-26,0.124,206082
2007-03-23,-0.281,205827
2007-03-22,-0.791,206406
2007-03-21,0.045,208052
2007-03-20,0.056,207960
2007-03-19,-0.211,207844
2007-03-16,-0.022,208284
2007-03-15,-0.011,208330
2007-03-14,-0.454,208354
2007-03-13,0.602,209304
2007-03-12,0.391,208052
2007-03-09,-1.051,207241
2007-03-08,-0.088,209443
2007-03-07,0.389,209629
2007-03-06,-0.299,208817
2007-03-05,0.211,209443
2007-03-02,0.468,209003
2007-03-01,-0.075,208029
2007-02-28,-0.453,208185
2007-02-27,1.264,209131
2007-02-26,0.664,206522
2007-02-23,0.714,205159
2007-02-22,-0.541,203705
2007-02-21,-0.169,204813
2007-02-20,0.226,205159
2007-02-16,0.351,204698
2007-02-15,0.295,203982
2007-02-14,0.951,203381
2007-02-13,-0.217,201465
2007-02-12,-0.228,201903
2007-02-09,-0.567,202365
2007-02-08,0.079,203520
2007-02-07,0.296,203358
2007-02-06,0.550,202758
2007-02-05,0.138,201649
2007-02-02,0.126,201372
2007-02-01,0.293,201118
2007-01-31,0.426,200531
2007-01-30,0.115,199680
2007-01-29,-0.219,199450
2007-01-26,-0.080,199887
2007-01-25,-0.719,200048
2007-01-24,-0.011,201497
2007-01-23,-0.658,201520
2007-01-22,0.239,202854
2007-01-19,-0.272,202371
2007-01-18,0.307,202923
2007-01-17,-0.272,202302
2007-01-16,0.182,202854
2007-01-12,-0.464,202486
2007-01-11,-0.584,203429
2007-01-10,-0.448,204625
2007-01-09,0.000,205545
2007-01-08,0.168,205545
2007-01-05,-0.424,205200
2007-01-04,0.595,206074
2007-01-03,0.724,204855
2006-12-29,-0.079,203383
2006-12-28,-0.225,203544
2006-12-27,-0.733,204004
2006-12-26,0.302,205511
2006-12-22,-0.766,204892
2006-12-21,0.502,206473
2006-12-20,-0.011,205442
2006-12-19,-0.134,205465
2006-12-18,0.033,205740
2006-12-15,0.056,205671
2006-12-14,-0.367,205557
2006-12-13,-0.892,206313
2006-12-12,0.210,208170
2006-12-11,0.432,207734
2006-12-08,-0.726,206840
2006-12-07,-0.077,208353
2006-12-06,-0.197,208513
2006-12-05,-0.470,208926
2006-12-04,0.175,209912
2006-12-01,0.638,209545
2006-11-30,0.275,208216
2006-11-29,-0.241,207645
2006-11-28,0.220,208147
2006-11-27,0.364,207690
2006-11-24,0.177,206937
2006-11-22,0.166,206571
2006-11-21,0.244,206229
2006-11-20,0.156,205726
2006-11-17,0.570,205407
2006-11-16,-0.456,204242
2006-11-15,-0.377,205178
2006-11-14,0.390,205955
2006-11-13,-0.022,205156
2006-11-10,0.436,205201
2006-11-09,-0.067,204311
2006-11-08,0.370,204448
2006-11-07,0.462,203694
2006-11-06,0.418,202758
2006-11-03,-1.306,201913
2006-11-02,-0.411,204585
2006-11-01,0.945,205430
2006-10-31,0.382,203506
2006-10-30,0.281,202733
2006-10-27,0.463,202164
2006-10-26,0.649,201232
2006-10-25,0.791,199935
2006-10-24,0.000,198365
2006-10-23,-0.400,198365
2006-10-20,-0.103,199161
2006-10-19,-0.182,199366
2006-10-18,0.205,199730
2006-10-17,0.080,199321
2006-10-16,0.447,199161
2006-10-13,-0.502,198274
2006-10-12,0.023,199275
2006-10-11,-0.262,199230
2006-10-10,-0.791,199753
2006-10-09,0.272,201345
2006-10-06,-1.043,200799
2006-10-05,-0.701,202915
2006-10-04,0.729,204348
2006-10-03,-0.134,202869
2006-10-02,0.273,203142
2006-09-29,-0.123,202590
2006-09-28,-0.123,202839
2006-09-27,-0.334,203089
2006-09-26,-0.421,203768
2006-09-25,0.781,204629
2006-09-22,0.415,203043
2006-09-21,0.916,202205
2006-09-20,0.147,200370
2006-09-19,1.030,200075
2006-09-18,-0.069,198036
2006-09-15,-0.080,198172
2006-09-14,-0.228,198330
2006-09-13,0.046,198784
2006-09-12,0.504,198693
2006-09-11,-0.092,197696
2006-09-08,0.080,197877
2006-09-07,0.195,197719
2006-09-06,-0.195,197333
2006-09-05,-0.570,197719
2006-09-01,0.034,198852
2006-08-31,0.239,198783
2006-08-30,0.262,198310
2006-08-29,0.137,197790
2006-08-28,0.091,197520
2006-08-25,0.149,197339
2006-08-24,0.184,197046
2006-08-23,0.057,196685
2006-08-22,0.023,196572
2006-08-21,0.357,196527
2006-08-18,0.289,195827
2006-08-17,-0.035,195263
2006-08-16,0.675,195331
2006-08-15,0.845,194022
2006-08-14,-0.176,192397
2006-08-11,-0.431,192735
2006-08-10,-0.151,193570
2006-08-09,-0.325,193864
2006-08-08,-0.220,194495
2006-08-07,0.058,194924
2006-08-04,0.606,194811
2006-08-03,0.023,193638
2006-08-02,0.374,193593
2006-08-01,-0.009,192871
2006-07-31,0.128,192888
2006-07-28,0.575,192641
2006-07-27,-0.152,191540
2006-07-26,0.365,191832
2006-07-25,-0.293,191135
2006-07-24,-0.059,191697
2006-07-21,-0.187,191809
2006-07-20,0.293,192169
2006-07-19,0.947,191607
2006-07-18,-0.857,189809
2006-07-17,0.153,191450
2006-07-14,0.059,191158
2006-07-13,0.390,191045
2006-07-12,0.024,190303
2006-07-11,0.320,190258
2006-07-10,0.095,189651
2006-07-07,0.645,189472
2006-07-06,0.613,188258
2006-07-05,-0.798,187111
2006-07-03,-0.099,188617
2006-06-30,0.970,188804
2006-06-29,0.336,186990
2006-06-28,-0.526,186363
2006-06-27,0.492,187349
2006-06-26,-0.192,186430
2006-06-23,-0.203,186789
2006-06-22,-0.571,187169
2006-06-21,0.024,188244
2006-06-20,-0.166,188199
2006-06-19,-0.142,188513
2006-06-16,-0.225,188782
2006-06-15,-0.577,189207
2006-06-14,-1.002,190304
2006-06-13,0.070,192230
2006-06-12,0.082,192095
2006-06-09,0.528,191939
2006-06-08,0.200,190931
2006-06-07,0.024,190550
2006-06-06,0.472,190506
2006-06-05,-0.130,189610
2006-06-02,1.290,189856
2006-06-01,0.445,187438
2006-05-31,-0.594,186608
2006-05-30,-0.048,187723
2006-05-26,-0.071,187812
2006-05-25,-0.390,187946
2006-05-24,0.047,188682
2006-05-23,-0.059,188593
2006-05-22,0.213,188704
2006-05-19,0.261,188303
2006-05-18,1.360,187812
2006-05-17,-0.622,185292
2006-05-16,0.747,186452
2006-05-15,0.399,185069
2006-05-12,-0.828,184333
2006-05-11,-0.490,185872
2006-05-10,0.179,186786
2006-05-09,-0.060,186452
2006-05-08,0.060,186563
2006-05-05,0.602,186452
2006-05-04,-0.168,185337
2006-05-03,-0.216,185649
2006-05-02,0.264,186050
2006-05-01,-0.358,185560
2006-04-28,-0.321,186227
2006-04-27,0.131,186826
2006-04-26,-0.166,186582
2006-04-25,-1.186,186893
2006-04-24,0.401,189137
2006-04-21,0.581,188382
2006-04-20,-0.083,187293
2006-04-19,-0.612,187449
2006-04-18,0.177,188604
2006-04-17,0.367,188270
2006-04-13,-0.706,187582
2006-04-12,-0.608,188915
2006-04-11,0.352,190070
2006-04-10,0.188,189403
2006-04-07,-0.977,189048
2006-04-06,-0.762,190914
2006-04-05,0.139,192380
2006-04-04,-0.104,192114
2006-04-03,0.414,192314
2006-03-31,-0.414,191520
2006-03-30,-0.697,192317
2006-03-29,-0.478,193667
2006-03-28,-0.935,194597
2006-03-27,-0.370,196434
2006-03-24,0.735,197164
2006-03-23,-0.316,195725
2006-03-22,0.215,196345
2006-03-21,-0.517,195925
2006-03-20,0.158,196943
2006-03-17,-0.303,196633
2006-03-16,0.906,197230
2006-03-15,-0.541,195460
2006-03-14,0.669,196522
2006-03-13,-0.079,195216
2006-03-10,-0.372,195371
2006-03-09,0.034,196102
2006-03-08,-0.034,196035
2006-03-07,0.068,196102
2006-03-06,-0.873,195969
2006-03-03,-0.579,197695
2006-03-02,-0.696,198846
2006-03-01,-0.253,200240
2006-02-28,0.143,200748
2006-02-27,-0.165,200461
2006-02-24,-0.154,200792
2006-02-23,-0.252,201101
2006-02-22,0.683,201608
2006-02-21,-0.165,200241
2006-02-17,0.798,200571
2006-02-16,0.022,198984
2006-02-15,0.244,198939
2006-02-14,-0.354,198454
2006-02-13,0.011,199160
2006-02-10,-0.551,199138
2006-02-09,0.454,200241
2006-02-08,-0.232,199336
2006-02-07,-0.472,199800
2006-02-06,0.198,200748
2006-02-03,0.709,200351
2006-02-02,0.189,198939
2006-02-01,0.023,198565
2006-01-31,-0.088,198519
2006-01-30,-0.099,198695
2006-01-27,0.000,198893
2006-01-26,-0.429,198893
2006-01-25,-1.088,199750
2006-01-24,-0.487,201948
2006-01-23,-0.032,202936
2006-01-20,0.260,203002
2006-01-19,-0.465,202475
2006-01-18,0.141,203420
2006-01-17,0.446,203134
2006-01-13,0.579,202233
2006-01-12,0.671,201069
2006-01-11,-0.165,199728
2006-01-10,-0.806,200058
2006-01-09,0.065,201684
2006-01-06,-0.185,201552
2006-01-05,-0.120,201926
2006-01-04,0.240,202167
2006-01-03,-0.131,201684
2005-12-30,-0.228,201948
2005-12-29,0.218,202409
2005-12-28,-0.278,201969
2005-12-27,0.817,202533
2005-12-23,0.614,200892
2005-12-22,0.795,199666
2005-12-21,-0.176,198091
2005-12-20,-0.121,198441
2005-12-19,0.099,198681
2005-12-16,0.332,198484
2005-12-15,-0.243,197828
2005-12-14,1.026,198309
2005-12-13,0.369,196296
2005-12-12,-0.190,195574
2005-12-09,-0.787,195946
2005-12-08,0.647,197500
2005-12-07,-0.378,196230
2005-12-06,1.021,196974
2005-12-05,-0.447,194983
2005-12-02,0.034,195858
2005-12-01,-0.155,195793
2005-11-30,-0.111,196097
2005-11-29,-0.945,196315
2005-11-28,0.497,198189
2005-11-25,0.366,197209
2005-11-23,-0.387,196490
2005-11-22,0.133,197252
2005-11-21,0.300,196991
2005-11-18,-0.464,196403
2005-11-17,0.244,197318
2005-11-16,1.051,196838
2005-11-15,0.653,194790
2005-11-14,-0.749,193526
2005-11-11,0.056,194986
2005-11-10,1.222,194877
2005-11-09,-1.030,192524
2005-11-08,0.973,194529
2005-11-07,0.340,192655
2005-11-04,-0.159,192001
2005-11-03,-0.675,192306
2005-11-02,-0.470,193614
2005-11-01,-0.115,194529
2005-10-31,0.190,194753
2005-10-28,0.011,194384
2005-10-27,0.358,194363
2005-10-26,-0.734,193669
2005-10-25,-0.860,195100
2005-10-24,-0.777,196792
2005-10-21,0.927,198332
2005-10-20,0.266,196510
2005-10-19,0.044,195990
2005-10-18,0.111,195903
2005-10-17,-0.022,195686
2005-10-14,-0.155,195729
2005-10-13,-0.364,196033
2005-10-12,-0.972,196749
2005-10-11,-0.207,198679
2005-10-10,-0.065,199092
2005-10-07,0.405,199222
2005-10-06,-0.381,198419
2005-10-05,0.438,199178
2005-10-04,0.329,198311
2005-10-03,-0.779,197660
2005-09-30,-0.346,199212
2005-09-29,-0.452,199903
2005-09-28,0.672,200811
2005-09-27,0.141,199471
2005-09-26,-0.454,199190
2005-09-23,-0.750,200098
2005-09-22,-0.096,201610
2005-09-21,0.929,201804
2005-09-20,0.260,199946
2005-09-19,0.217,199428
2005-09-16,-0.658,198996
2005-09-15,-0.824,200314
2005-09-14,-0.384,201977
2005-09-13,0.525,202755
2005-09-12,-0.691,201696
2005-09-09,0.320,203101
2005-09-08,0.107,202453
2005-09-07,-0.942,202237
2005-09-06,-0.704,204160
2005-09-02,0.084,205607
2005-09-01,-0.600,205434
2005-08-31,0.840,206674
2005-08-30,0.634,204952
2005-08-29,0.127,203660
2005-08-26,-0.032,203401
2005-08-25,0.318,203466
2005-08-24,0.096,202820
2005-08-23,0.459,202626
2005-08-22,-0.107,201700
2005-08-19,-0.011,201916
2005-08-18,0.741,201937
2005-08-17,-0.662,200452
2005-08-16,0.698,201787
2005-08-15,-0.257,200387
2005-08-12,1.018,200904
2005-08-11,0.698,198880
2005-08-10,-0.109,197502
2005-08-09,0.372,197717
2005-08-08,-0.185,196985
2005-08-05,-0.779,197351
2005-08-04,-0.205,198901
2005-08-03,0.488,199311
2005-08-02,-0.325,198342
2005-08-01,-0.370,198988
2005-07-29,-0.989,199727
2005-07-28,0.890,201722
2005-07-27,-0.161,199942
2005-07-26,0.161,200264
2005-07-25,-0.363,199942
2005-07-22,0.776,200671
2005-07-21,-1.360,199127
2005-07-20,0.545,201873
2005-07-19,0.354,200779
2005-07-18,-0.745,200071
2005-07-15,0.267,201572
2005-07-14,-0.255,201036
2005-07-13,-0.149,201551
2005-07-12,-0.560,201851
2005-07-11,0.000,202988
2005-07-08,-0.410,202988
2005-07-07,0.211,203825
2005-07-06,0.551,203396
2005-07-05,-0.945,202280
2005-07-01,-1.208,204211
2005-06-30,0.897,206708
2005-06-29,-0.156,204870
2005-06-28,-0.683,205191
2005-06-27,0.270,206601
2005-06-24,0.500,206046
2005-06-23,-0.104,205020
2005-06-22,1.212,205233
2005-06-21,0.733,202775
2005-06-20,-0.170,201300
2005-06-17,-0.011,201642
2005-06-16,0.501,201663
2005-06-15,0.181,200659
2005-06-14,-0.657,200295
2005-06-13,-0.601,201621
2005-06-10,-1.125,202839
2005-06-09,-0.083,205148
2005-06-08,-0.477,205319
2005-06-07,0.794,206302
2005-06-06,0.525,204678
2005-06-03,-0.823,203609
2005-06-02,0.240,205297
2005-06-01,1.220,204806
2005-05-31,1.236,202337
2005-05-27,0.107,199866
2005-05-26,-0.032,199653
2005-05-25,-0.699,199717
2005-05-24,0.276,201123
2005-05-23,0.781,200569
2005-05-20,0.118,199014
2005-05-19,-0.256,198780
2005-05-18,0.667,199291
2005-05-17,0.281,197971
2005-05-16,-0.119,197417
2005-05-13,0.389,197651
2005-05-12,0.391,196884
2005-05-11,0.305,196118
2005-05-10,0.713,195521
2005-05-09,0.099,194137
2005-05-06,-0.741,193945
2005-05-05,0.229,195393
2005-05-04,-0.877,194946
2005-05-03,0.271,196671
2005-05-02,-0.022,196139
2005-04-29,-0.173,196181
2005-04-28,0.740,196521
2005-04-27,0.349,195078
2005-04-26,-0.153,194399
2005-04-25,0.295,194696
2005-04-22,0.793,194123
2005-04-21,-1.004,192595
2005-04-20,-0.250,194547
2005-04-19,0.967,195035
2005-04-18,-0.077,193168
2005-04-15,1.324,193316
2005-04-14,-0.155,190791
2005-04-13,-0.244,191088
2005-04-12,0.928,191555
2005-04-11,0.540,189793
2005-04-08,0.350,188775
2005-04-07,-0.806,188117
2005-04-06,0.348,189645
2005-04-05,-0.258,188987
2005-04-04,-0.022,189475
2005-04-01,0.336,189517
2005-03-31,0.722,188883
2005-03-30,0.499,187530
2005-03-29,0.593,186600
2005-03-28,-0.612,185500
2005-03-24,0.204,186642
2005-03-23,0.479,186261
2005-03-22,-0.848,185373
2005-03-21,-0.282,186959
2005-03-18,-0.628,187488
2005-03-17,0.326,188672
2005-03-16,0.611,188059
2005-03-15,-0.629,186917
2005-03-14,0.599,188101
2005-03-11,-0.730,186980
2005-03-10,0.610,188355
2005-03-09,-1.633,187213
2005-03-08,-0.946,190321
2005-03-07,0.398,192139
2005-03-04,1.083,191378
2005-03-03,-0.056,189327
2005-03-02,-0.134,189433
2005-03-01,-0.031,189687
2005-02-28,-1.077,189745
2005-02-25,0.486,191811
2005-02-24,-0.220,190883
2005-02-23,0.332,191305
2005-02-22,-0.440,190672
2005-02-18,-0.894,191516
2005-02-17,-0.629,193244
2005-02-16,-0.378,194467
2005-02-15,-0.505,195204
2005-02-14,0.313,196195
2005-02-11,-0.065,195584
2005-02-10,-1.349,195710
2005-02-09,0.266,198387
2005-02-08,0.568,197860
2005-02-07,0.745,196743
2005-02-04,1.423,195289
2005-02-03,-0.087,192548
2005-02-02,0.230,192717
2005-02-01,-0.159,192274
2005-01-31,0.284,192580
2005-01-28,1.005,192034
2005-01-27,-0.187,190123
2005-01-26,0.188,190480
2005-01-25,-0.941,190123
2005-01-24,0.429,191929
2005-01-21,0.110,191110
2005-01-20,0.198,190900
2005-01-19,0.287,190522
2005-01-18,0.333,189976
2005-01-14,-0.011,189346
2005-01-13,0.963,189367
2005-01-12,0.135,187561
2005-01-11,0.586,187309
2005-01-10,0.158,186217
2005-01-07,0.226,185923
2005-01-06,0.068,185503
2005-01-05,0.535,185377
2005-01-04,-1.048,184390
2005-01-03,0.215,186343
2004-12-31,0.628,185944
2004-12-30,0.672,184783
2004-12-29,-0.102,183549
2004-12-28,-0.080,183737
2004-12-27,-0.779,183883
2004-12-23,-0.326,185327
2004-12-22,-0.336,185933
2004-12-21,0.304,186561
2004-12-20,0.180,185996
2004-12-17,-0.135,185661
2004-12-16,-1.475,185913
2004-12-15,0.906,188695
2004-12-14,0.393,187000
2004-12-13,0.214,186268
2004-12-10,0.248,185871
2004-12-09,-0.661,185410
2004-12-08,1.559,186645
2004-12-07,0.125,183779
2004-12-06,0.343,183549
2004-12-03,1.556,182921
2004-12-02,-0.405,180118
2004-12-01,-0.156,180850
2004-11-30,-0.424,181132
2004-11-29,-1.065,181903
2004-11-26,-0.653,183861
2004-11-24,0.000,185070
2004-11-23,0.124,185070
2004-11-22,0.521,184841
2004-11-19,-0.798,183882
2004-11-18,0.304,185361
2004-11-17,0.853,184799
2004-11-16,0.000,183236
2004-11-15,0.091,183236
2004-11-12,1.081,183070
2004-11-11,-0.218,181111
2004-11-10,-0.377,181507
2004-11-09,-0.057,182195
2004-11-08,-0.353,182299
2004-11-05,-1.093,182945
2004-11-04,0.101,184966
2004-11-03,0.045,184778
2004-11-02,0.147,184695
2004-11-01,-0.619,184424
2004-10-29,0.461,185573
2004-10-28,0.327,184722
2004-10-27,-0.982,184121
2004-10-26,-0.300,185946
2004-10-25,0.078,186507
2004-10-22,0.234,186361
2004-10-21,0.067,185926
2004-10-20,0.686,185801
2004-10-19,0.259,184535
2004-10-18,0.045,184058
2004-10-15,-0.348,183975
2004-10-14,0.474,184618
2004-10-13,0.363,183747
2004-10-12,0.227,183083
2004-10-11,0.102,182668
2004-10-08,1.325,182481
2004-10-07,-0.436,180095
2004-10-06,-0.457,180884
2004-10-05,0.000,181714
2004-10-04,0.149,181714
2004-10-01,-0.498,181444
2004-09-30,-0.384,182352
2004-09-29,-0.973,183054
2004-09-28,-0.401,184852
2004-09-27,0.436,185596
2004-09-24,0.123,184790
2004-09-23,-0.401,184563
2004-09-22,1.037,185307
2004-09-21,0.294,183406
2004-09-20,0.660,182868
2004-09-17,-0.498,181670
2004-09-16,1.133,182579
2004-09-15,-0.228,180533
2004-09-14,0.103,180947
2004-09-13,0.436,180761
2004-09-10,0.149,179975
2004-09-09,-0.378,179707
2004-09-08,0.843,180389
2004-09-07,-0.104,178880
2004-09-03,0.012,179066
2004-09-02,-0.983,179046
2004-09-01,0.103,180823
2004-08-31,0.619,180637
2004-08-30,0.472,179526
2004-08-27,-0.069,178682
2004-08-26,0.567,178806
2004-08-25,0.348,177797
2004-08-24,0.058,177180
2004-08-23,-0.578,177077
2004-08-20,-0.092,178106
2004-08-19,0.238,178270
2004-08-18,-0.479,177846
2004-08-17,0.568,178703
2004-08-16,-0.346,177694
2004-08-13,0.324,178312
2004-08-12,0.209,177735
2004-08-11,0.431,177365
2004-08-10,-0.360,176603
2004-08-09,-0.347,177241
2004-08-06,1.683,177859
2004-08-05,0.283,174916
2004-08-04,0.047,174422
2004-08-03,0.403,174340
2004-08-02,0.130,173640
2004-07-30,1.172,173414
2004-07-29,0.228,171405
2004-07-28,0.012,171016
2004-07-27,-1.348,170995
2004-07-26,-0.471,173332
2004-07-23,0.331,174152
2004-07-22,0.142,173578
2004-07-21,-0.271,173332
2004-07-20,-0.900,173804
2004-07-19,0.070,175383
2004-07-16,1.327,175260
2004-07-15,0.107,172963
2004-07-14,0.036,172779
2004-07-13,-0.296,172717
2004-07-12,0.142,173230
2004-07-09,0.107,172984
2004-07-08,0.059,172799
2004-07-07,0.036,172697
2004-07-06,-0.166,172635
2004-07-02,1.054,172922
2004-07-01,0.186,171118
2004-06-30,1.027,170800
2004-06-29,0.632,169064
2004-06-28,-1.022,168003
2004-06-25,0.096,169738
2004-06-24,0.606,169575
2004-06-23,0.194,168554
2004-06-22,-0.303,168227
2004-06-21,0.073,168738
2004-06-18,-0.217,168615
2004-06-17,0.657,168983
2004-06-16,-0.388,167880
2004-06-15,2.116,168533
2004-06-14,-0.798,165042
2004-06-10,0.197,166369
2004-06-09,-0.429,166042
2004-06-08,0.184,166757
2004-06-07,0.025,166451
2004-06-04,-0.586,166410
2004-06-03,0.208,167390
2004-06-02,-0.256,167043
2004-06-01,-0.913,167472
2004-05-28,-0.276,169014
2004-05-27,0.786,169482
2004-05-26,0.535,168160
2004-05-25,0.293,167265
2004-05-24,0.318,166777
2004-05-21,-0.402,166248
2004-05-20,0.774,166919
2004-05-19,-0.330,165638
2004-05-18,-0.390,166187
2004-05-17,0.885,166838
2004-05-14,0.818,165374
2004-05-13,-0.383,164031
2004-05-12,-0.663,164662
2004-05-11,0.456,165760
2004-05-10,-0.234,165008
2004-05-07,-1.311,165394
2004-05-06,-0.266,167591
2004-05-05,-0.278,168038
2004-05-04,-0.683,168506
2004-05-03,0.126,169665
2004-04-30,0.408,169452
2004-04-29,-0.490,168763
2004-04-28,-0.935,169594
2004-04-27,0.380,171195
2004-04-26,0.167,170546
2004-04-23,-0.568,170263
2004-04-22,0.595,171235
2004-04-21,0.490,170222
2004-04-20,-0.913,169391
2004-04-19,-0.213,170951
2004-04-16,0.380,171316
2004-04-15,-0.590,170668
2004-04-14,-0.083,171681
2004-04-13,-1.085,171823
2004-04-12,-0.360,173707
2004-04-08,-0.290,174335
2004-04-07,-0.231,174841
2004-04-06,0.546,175247
2004-04-05,-0.784,174294
2004-04-02,-2.474,175672
2004-04-01,-0.326,180129
2004-03-31,0.482,180718
2004-03-30,-0.067,179851
2004-03-29,-0.668,179972
2004-03-26,-1.058,181183
2004-03-25,-0.384,183120
2004-03-24,-0.055,183826
2004-03-23,0.176,183927
2004-03-22,0.608,183604
2004-03-19,-0.133,182494
2004-03-18,-0.527,182736
2004-03-17,-0.165,183705
2004-03-16,0.829,184008
2004-03-15,0.166,182494
2004-03-12,-0.616,182192
2004-03-11,0.143,183322
2004-03-10,-0.066,183059
2004-03-09,0.665,183180
2004-03-08,0.591,181970
2004-03-05,1.933,180900
2004-03-04,0.445,177469
2004-03-03,-0.182,176682
2004-03-02,-0.634,177005
2004-03-01,-0.039,178135
2004-02-27,0.865,178204
2004-02-26,-0.318,176677
2004-02-25,0.159,177240
2004-02-24,0.182,176958
2004-02-23,0.618,176637
2004-02-20,-0.694,175551
2004-02-19,0.102,176777
2004-02-18,0.137,176596
2004-02-17,-0.068,176355
2004-02-13,0.423,176476
2004-02-12,-0.421,175732
2004-02-11,0.746,176476
2004-02-10,-0.559,175169
2004-02-09,0.298,176154
2004-02-06,1.099,175632
2004-02-05,-0.392,173722
2004-02-04,-0.196,174406
2004-02-03,0.509,174747
2004-02-02,-0.209,173863
2004-01-30,0.694,174227
2004-01-29,-0.208,173026
2004-01-28,-0.881,173386
2004-01-27,0.622,174928
2004-01-26,-0.607,173847
2004-01-23,-1.199,174908
2004-01-22,0.729,177029
2004-01-21,0.240,175748
2004-01-20,-0.023,175328
2004-01-16,-0.703,175368
2004-01-15,0.375,176609
2004-01-14,0.492,175948
2004-01-13,0.679,175088
2004-01-12,-0.081,173907
2004-01-09,1.744,174047
2004-01-08,-0.035,171064
2004-01-07,0.399,171124
2004-01-06,1.104,170444
2004-01-05,-0.261,168582
2004-01-02,-1.182,169023
2003-12-31,-0.000,171044
2003-12-30,-0.406,171045
2003-12-29,-0.897,171742
2003-12-26,0.369,173296
2003-12-24,0.944,172659
2003-12-23,-1.129,171045
2003-12-22,-0.276,172997
2003-12-19,-0.034,173476
2003-12-18,0.904,173535
2003-12-17,0.676,171981
2003-12-16,0.328,170826
2003-12-15,-0.058,170268
2003-12-12,0.187,170368
2003-12-11,0.720,170049
2003-12-10,0.165,168833
2003-12-09,-0.704,168554
2003-12-08,-0.699,169750
2003-12-05,1.599,170945
2003-12-04,0.225,168256
2003-12-03,-0.402,167877
2003-12-02,0.427,168554
2003-12-01,-0.555,167837
2003-11-28,-0.908,168773
2003-11-26,-0.406,170320
2003-11-25,0.548,171014
2003-11-24,-0.821,170082
2003-11-21,0.058,171489
2003-11-20,0.969,171390
2003-11-19,-1.109,169745
2003-11-18,0.616,171648
2003-11-17,0.151,170597
2003-11-14,0.668,170340
2003-11-13,1.547,169210
2003-11-12,0.731,166632
2003-11-11,0.012,165423
2003-11-10,-0.084,165403
2003-11-07,-0.060,165542
2003-11-06,-0.937,165641
2003-11-05,-0.683,167207
2003-11-04,0.568,168357
2003-11-03,-0.472,167405
2003-10-31,0.936,168199
2003-10-30,-0.448,166639
2003-10-29,-0.900,167390
2003-10-28,0.529,168910
2003-10-27,-0.199,168021
2003-10-24,1.115,168357
2003-10-23,-0.730,166501
2003-10-22,0.975,167725
2003-10-21,0.370,166106
2003-10-20,0.335,165494
2003-10-17,0.772,164941
2003-10-16,-0.396,163678
2003-10-15,-0.490,164329
2003-10-14,-0.689,165139
2003-10-13,-0.390,166284
2003-10-10,0.595,166935
2003-10-09,-0.709,165948
2003-10-08,-0.024,167133
2003-10-07,-1.156,167172
2003-10-06,0.434,169127
2003-10-03,-2.101,168397
2003-10-02,-0.457,172010
2003-10-01,-0.378,172799
2003-09-30,1.659,173454
2003-09-29,-0.800,170623
2003-09-26,0.900,171999
2003-09-25,0.498,170466
2003-09-24,0.865,169620
2003-09-23,0.683,168165
2003-09-22,-0.794,167025
2003-09-19,0.117,168362
2003-09-18,0.070,168165
2003-09-17,1.244,168047
2003-09-16,-0.154,165983
2003-09-15,-0.154,166239
2003-09-12,0.690,166494
2003-09-11,-0.650,165354
2003-09-10,1.014,166435
2003-09-09,0.721,164764
2003-09-08,-1.035,163584
2003-09-05,1.718,165295
2003-09-04,0.560,162503
2003-09-03,0.158,161598
2003-09-02,-1.456,161343
2003-08-29,-0.239,163727
2003-08-28,1.036,164118
2003-08-27,-0.456,162435
2003-08-26,0.786,163179
2003-08-25,-0.780,161907
2003-08-22,0.446,163179
2003-08-21,-0.240,162455
2003-08-20,-0.538,162846
2003-08-19,1.542,163727
2003-08-18,0.463,161241
2003-08-15,-0.061,160497
2003-08-14,0.985,160595
2003-08-13,-1.931,159029
2003-08-12,-0.469,162161
2003-08-11,-0.502,162924
2003-08-08,-0.405,163746
2003-08-07,0.418,164412
2003-08-06,1.975,163727
2003-08-05,-1.430,160556
2003-08-04,0.861,162885
2003-08-01,-0.075,161496
2003-07-31,-1.485,161616
2003-07-30,1.129,164052
2003-07-29,-1.362,162220
2003-07-28,-1.344,164461
2003-07-25,-0.268,166702
2003-07-24,-0.878,167150
2003-07-23,0.336,168630
2003-07-22,0.489,168065
2003-07-21,-2.121,167247
2003-07-18,-0.205,170871
2003-07-17,-0.306,171222
2003-07-16,0.570,171748
2003-07-15,-2.340,170774
2003-07-14,-1.146,174865
2003-07-11,0.476,176891
2003-07-10,-0.033,176054
2003-07-09,0.322,176112
2003-07-08,0.089,175547
2003-07-07,-0.640,175391
2003-07-03,-1.436,176521
2003-07-02,0.251,179093
2003-07-01,-0.494,178645
2003-06-30,0.467,179532
2003-06-27,-0.357,178698
2003-06-26,-1.345,179338
2003-06-25,-1.597,181784
2003-06-24,0.922,184734
2003-06-23,0.597,183045
2003-06-20,-0.372,181958
2003-06-19,-0.191,182638
2003-06-18,-1.277,182987
2003-06-17,-0.790,185355
2003-06-16,-0.947,186830
2003-06-13,0.673,188616
2003-06-12,0.783,187354
2003-06-11,-0.125,185898
2003-06-10,1.192,186131
2003-06-09,0.669,183938
2003-06-06,0.362,182715
2003-06-05,-0.783,182055
2003-06-04,0.297,183492
2003-06-03,0.802,182948
2003-06-02,-0.731,181492
2003-05-30,-0.190,182829
2003-05-29,0.873,183177
2003-05-28,-0.170,181592
2003-05-27,-1.805,181901
2003-05-23,0.251,185245
2003-05-22,0.886,184781
2003-05-21,-0.011,183158
2003-05-20,1.478,183177
2003-05-19,-0.341,180510
2003-05-16,0.731,181128
2003-05-15,0.313,179814
2003-05-14,1.533,179254
2003-05-13,0.219,176548
2003-05-12,0.629,176161
2003-05-09,0.099,175060
2003-05-08,0.244,174886
2003-05-07,1.166,174461
2003-05-06,0.496,172451
2003-05-05,0.532,171600
2003-05-02,-0.786,170692
2003-05-01,0.048,172045
2003-04-30,0.925,171962
2003-04-29,-0.169,170386
2003-04-28,-0.157,170674
2003-04-25,0.225,170943
2003-04-24,0.898,170559
2003-04-23,0.205,169040
2003-04-22,-0.057,168694
2003-04-21,-0.216,168790
2003-04-17,0.159,169155
2003-04-16,0.411,168886
2003-04-15,0.540,168194
2003-04-14,-0.275,167291
2003-04-11,-0.160,167752
2003-04-10,-0.467,168021
2003-04-09,0.297,168809
2003-04-08,0.806,168310
2003-04-07,-0.230,166964
2003-04-04,-0.286,167348
2003-04-03,-0.057,167829
2003-04-02,-1.042,167925
2003-04-01,-0.284,169694
2003-03-31,1.311,170176
2003-03-28,0.228,167975
2003-03-27,0.069,167592
2003-03-26,0.206,167477
2003-03-25,-0.114,167133
2003-03-24,1.580,167324
2003-03-21,-1.375,164721
2003-03-20,-0.160,167018
2003-03-19,-0.738,167286
2003-03-18,-0.945,168530
2003-03-17,-1.201,170138
2003-03-14,0.492,172205
2003-03-13,-1.842,171363
2003-03-12,0.363,174579
2003-03-11,-0.176,173947
2003-03-10,0.519,174254
2003-03-07,0.343,173354
2003-03-06,-0.386,172761
2003-03-05,0.332,173431
2003-03-04,0.066,172856
2003-03-03,0.122,172741
2003-02-28,0.634,172531
2003-02-27,0.167,171444
2003-02-26,0.696,171158
2003-02-25,0.462,169976
2003-02-24,0.476,169194
2003-02-21,-0.585,168393
2003-02-20,0.339,169384
2003-02-19,0.682,168812
2003-02-18,0.125,167668
2003-02-14,-0.858,167458
2003-02-13,0.545,168908
2003-02-12,0.353,167992
2003-02-11,-0.023,167401
2003-02-10,-0.701,167439
2003-02-07,0.227,168622
2003-02-06,0.811,168240
2003-02-05,-0.861,166886
2003-02-04,0.444,168336
2003-02-03,0.145,167592
2003-01-31,0.273,167349
2003-01-30,0.194,166893
2003-01-29,0.000,166570
2003-01-28,0.000,166570
2003-01-27,-0.364,166570
2003-01-24,0.595,167178
2003-01-23,-0.489,166190
2003-01-22,0.492,167007
2003-01-21,0.575,166190
2003-01-17,0.497,165240
2003-01-16,0.139,164423
2003-01-15,0.488,164195
2003-01-14,0.350,163396
2003-01-13,0.164,162826
2003-01-10,0.258,162560
2003-01-09,-1.920,162142
2003-01-08,0.497,165316
2003-01-07,0.359,164499
2003-01-06,-0.266,163910
2003-01-03,0.232,164347
2003-01-02,-2.586,163967
2002-12-31,-0.251,168318
2002-12-30,0.236,168741
2002-12-27,1.102,168344
2002-12-26,0.193,166510
2002-12-24,0.561,166189
2002-12-23,0.023,165262
2002-12-20,0.069,165224
2002-12-19,0.890,165111
2002-12-18,0.780,163655
2002-12-17,0.000,162388
2002-12-16,-0.751,162388
2002-12-13,-0.973,163617
2002-12-12,-0.091,165224
2002-12-11,0.668,165376
2002-12-10,0.265,164279
2002-12-09,0.557,163844
2002-12-06,0.174,162936
2002-12-05,0.256,162653
2002-12-04,0.515,162237
2002-12-03,0.141,161405
2002-12-02,0.093,161178
2002-11-29,0.647,161028
2002-11-27,-2.254,159993
2002-11-26,1.258,163682
2002-11-25,-0.186,161649
2002-11-22,-0.093,161951
2002-11-21,-0.966,162101
2002-11-20,-0.979,163682
2002-11-19,0.366,165301
2002-11-18,0.448,164699
2002-11-15,0.403,163965
2002-11-14,-2.077,163306
2002-11-13,0.215,166769
2002-11-12,-0.574,166412
2002-11-11,0.543,167372
2002-11-08,0.809,166468
2002-11-07,2.476,165132
2002-11-06,0.399,161141
2002-11-05,-0.386,160501
2002-11-04,-0.442,161122
2002-11-01,-0.416,161838
2002-10-31,0.452,162515
2002-10-30,-0.035,161784
2002-10-29,1.302,161840
2002-10-28,-0.141,159760
2002-10-25,0.364,159985
2002-10-24,0.878,159404
2002-10-23,0.036,158017
2002-10-22,-0.284,157961
2002-10-21,-0.972,158411
2002-10-18,0.258,159966
2002-10-17,-1.218,159554
2002-10-16,0.046,161521
2002-10-15,-2.368,161446
2002-10-14,-0.147,165363
2002-10-11,-1.185,165606
2002-10-10,-0.788,167593
2002-10-09,0.513,168923
2002-10-08,0.033,168061
2002-10-07,0.168,168005
2002-10-04,0.314,167724
2002-10-03,-0.246,167199
2002-10-02,0.573,167611
2002-10-01,-1.236,166656
2002-09-30,0.400,168741
2002-09-27,0.750,168069
2002-09-26,-0.234,166819
2002-09-25,-1.213,167211
2002-09-24,0.644,169264
2002-09-23,0.896,168181
2002-09-20,-0.468,166688
2002-09-19,0.673,167472
2002-09-18,0.022,166352
2002-09-17,0.191,166315
2002-09-16,0.169,165997
2002-09-13,0.921,165717
2002-09-12,0.779,164205
2002-09-11,-0.524,162936
2002-09-10,0.481,163795
2002-09-09,-0.149,163011
2002-09-06,-1.175,163253
2002-09-05,0.545,165195
2002-09-04,-0.023,164299
2002-09-03,1.530,164336
2002-08-30,0.601,161859
2002-08-29,0.804,160892
2002-08-28,0.503,159610
2002-08-27,-0.628,158811
2002-08-26,0.093,159814
2002-08-23,0.988,159666
2002-08-22,-0.874,158104
2002-08-21,-0.533,159498
2002-08-20,1.113,160353
2002-08-19,0.306,158588
2002-08-16,-1.116,158104
2002-08-15,-0.876,159889
2002-08-14,0.382,161301
2002-08-13,1.230,160688
2002-08-12,0.613,158736
2002-08-09,1.410,157770
2002-08-08,0.000,155577
2002-08-07,0.240,155577
2002-08-06,-0.855,155205
2002-08-05,0.441,156543
2002-08-02,1.024,155855
2002-08-01,0.569,154275
2002-07-31,1.239,153402
2002-07-30,0.123,151524
2002-07-29,-1.321,151339
2002-07-26,0.022,153365
2002-07-25,0.433,153331
2002-07-24,-0.796,152669
2002-07-23,0.159,153894
2002-07-22,0.818,153649
2002-07-19,0.868,152403
2002-07-18,0.131,151092
2002-07-17,0.320,150894
2002-07-16,-0.951,150412
2002-07-15,-0.359,151856
2002-07-12,0.295,152403
2002-07-11,-0.250,151955
2002-07-10,1.086,152335
2002-07-09,0.834,150698
2002-07-08,0.561,149451
2002-07-05,-1.158,148618
2002-07-03,0.130,150359
2002-07-02,0.698,150163
2002-07-01,0.318,149122
2002-06-28,-0.246,148649
2002-06-27,-1.161,149015
2002-06-26,0.836,150766
2002-06-25,-0.248,149515
2002-06-24,-0.789,149887
2002-06-21,0.946,151078
2002-06-20,-0.896,149663
2002-06-19,0.838,151015
2002-06-18,0.157,149761
2002-06-17,-0.680,149526
2002-06-14,1.107,150550
2002-06-13,0.426,148901
2002-06-12,0.425,148270
2002-06-11,0.691,147643
2002-06-10,0.688,146630
2002-06-07,-0.613,145628
2002-06-06,0.395,146527
2002-06-05,-0.509,145950
2002-06-04,0.155,146696
2002-06-03,-0.004,146468
2002-05-31,-0.218,146475
2002-05-30,0.529,146794
2002-05-29,0.314,146022
2002-05-28,0.022,145564
2002-05-24,0.022,145532
2002-05-23,-0.376,145500
2002-05-22,0.554,146049
2002-05-21,0.154,145245
2002-05-20,0.816,145021
2002-05-17,-0.662,143848
2002-05-16,0.445,144807
2002-05-15,0.285,144166
2002-05-14,-0.794,143755
2002-05-13,-1.011,144906
2002-05-10,0.662,146386
2002-05-09,0.155,145423
2002-05-08,-1.543,145198
2002-05-07,0.021,147474
2002-05-06,-0.113,147442
2002-05-03,0.800,147609
2002-05-02,-0.379,146437
2002-05-01,0.424,146993
2002-04-30,0.423,146373
2002-04-29,-0.351,145757
2002-04-26,0.156,146270
2002-04-25,0.022,146043
2002-04-24,0.822,146011
2002-04-23,0.128,144821
2002-04-22,0.181,144636
2002-04-19,0.657,144375
2002-04-18,0.049,143432
2002-04-17,-0.900,143362
2002-04-16,-0.402,144664
2002-04-15,0.421,145248
2002-04-12,0.155,144639
2002-04-11,0.181,144415
2002-04-10,-0.111,144155
2002-04-09,0.525,144315
2002-04-08,-0.480,143561
2002-04-05,0.525,144253
2002-04-04,0.180,143499
2002-04-03,0.549,143241
2002-04-02,0.915,142459
2002-04-01,-0.109,141167
2002-03-28,-0.735,141321
2002-03-27,-0.136,142368
2002-03-26,0.942,142561
2002-03-25,-0.083,141231
2002-03-22,-0.240,141348
2002-03-21,0.283,141688
2002-03-20,-0.632,141288
2002-03-19,-0.267,142186
2002-03-18,0.416,142567
2002-03-15,0.704,141976
2002-03-14,-1.049,140984
2002-03-13,0.153,142478
2002-03-12,-0.215,142260
2002-03-11,0.127,142567
2002-03-08,-0.900,142387
2002-03-07,-1.436,143680
2002-03-06,-0.756,145773
2002-03-05,0.155,146883
2002-03-04,-0.114,146655
2002-03-01,-0.949,146822
2002-02-28,-0.495,148229
2002-02-27,0.566,148967
2002-02-26,-0.522,148129
2002-02-25,-0.279,148906
2002-02-22,0.594,149323
2002-02-21,0.130,148441
2002-02-20,0.157,148249
2002-02-19,-1.526,148017
2002-02-15,0.760,150311
2002-02-14,0.865,149177
2002-02-13,-0.307,147897
2002-02-12,-0.634,148352
2002-02-11,-0.309,149299
2002-02-08,0.485,149761
2002-02-07,-0.472,149039
2002-02-06,-0.502,149747
2002-02-05,0.074,150502
2002-02-04,0.761,150391
2002-02-01,0.620,149255
2002-01-31,-0.444,148335
2002-01-30,-0.118,148996
2002-01-29,1.085,149172
2002-01-28,0.019,147570
2002-01-25,-0.035,147542
2002-01-24,0.209,147594
2002-01-23,-1.309,147286
2002-01-22,-0.392,149240
2002-01-18,0.760,149827
2002-01-17,-0.773,148697
2002-01-16,-0.256,149856
2002-01-15,0.679,150240
2002-01-14,-0.173,149227
2002-01-11,0.650,149486
2002-01-10,1.411,148521
2002-01-09,0.073,146454
2002-01-08,-0.197,146347
2002-01-07,1.264,146636
2002-01-04,-0.437,144806
2002-01-03,0.342,145441
2002-01-02,-1.269,144946
2001-12-31,0.940,146810
2001-12-28,-0.600,145442
2001-12-27,0.586,146320
2001-12-26,-0.385,145467
2001-12-24,-0.576,146030
2001-12-21,-0.307,146876
2001-12-20,0.181,147328
2001-12-19,1.023,147061
2001-12-18,1.286,145572
2001-12-17,-0.248,143724
2001-12-14,-0.891,144081
2001-12-13,-0.843,145376
2001-12-12,1.157,146612
2001-12-11,0.422,144935
2001-12-10,0.394,144325
2001-12-07,-1.986,143758
2001-12-06,-1.555,146671
2001-12-05,-2.040,148988
2001-12-04,0.687,152091
2001-12-03,0.379,151053
2001-11-30,-0.342,150483
2001-11-29,1.626,150999
2001-11-28,0.155,148582
2001-11-27,0.292,148352
2001-11-26,-0.036,147920
2001-11-23,-0.638,147973
2001-11-21,-0.888,148923
2001-11-20,-1.088,150257
2001-11-19,1.245,151909
2001-11-16,-1.253,150041
2001-11-15,-2.827,151944
2001-11-14,-1.406,156364
2001-11-13,-0.616,158594
2001-11-12,0.017,159577
2001-11-09,-0.185,159549
2001-11-08,-1.141,159845
2001-11-07,1.214,161689
2001-11-06,0.075,159750
2001-11-05,1.348,159631
2001-11-02,-2.246,157508
2001-11-01,1.182,161127
2001-10-31,3.802,159246
2001-10-30,0.442,153413
2001-10-29,0.357,152738
2001-10-26,0.160,152195
2001-10-25,0.579,151952
2001-10-24,0.967,151077
2001-10-23,-0.256,149631
2001-10-22,0.076,150014
2001-10-19,-0.589,149901
2001-10-18,0.076,150788
2001-10-17,0.437,150674
2001-10-16,0.381,150018
2001-10-15,0.629,149449
2001-10-12,-0.062,148516
2001-10-11,-0.778,148608
2001-10-10,0.491,149773
2001-10-09,-1.083,149040
2001-10-08,0.020,150673
2001-10-05,-0.035,150642
2001-10-04,0.159,150696
2001-10-03,0.298,150456
2001-10-02,0.520,150008
2001-10-01,0.684,149232
2001-09-28,0.323,148218
2001-09-27,0.762,147741
2001-09-26,1.113,146623
2001-09-25,0.076,145009
2001-09-24,0.157,144900
2001-09-21,0.535,144673
2001-09-20,-0.895,143903
2001-09-19,-0.060,145202
2001-09-18,-1.933,145290
2001-09-17,0.516,148154
2001-09-10,-0.583,147393
2001-09-07,0.461,148258
2001-09-06,0.982,147577
2001-09-05,0.293,146142
2001-09-04,-1.531,145715
2001-08-31,-0.255,147981
2001-08-30,-0.118,148360
2001-08-29,0.711,148535
2001-08-28,0.900,147487
2001-08-27,-0.253,146172
2001-08-24,-0.527,146543
2001-08-23,0.432,147319
2001-08-22,0.075,146685
2001-08-21,0.239,146575
2001-08-20,-0.444,146226
2001-08-17,0.816,146878
2001-08-16,0.566,145690
2001-08-15,-0.115,144870
2001-08-14,0.048,145038
2001-08-13,0.075,144969
2001-08-10,0.347,144860
2001-08-09,-0.305,144360
2001-08-08,1.216,144801
2001-08-07,-0.114,143061
2001-08-06,0.021,143225
2001-08-03,-0.249,143195
2001-08-02,-0.574,143553
2001-08-01,-0.251,144381
2001-07-31,0.292,144744
2001-07-30,0.292,144322
2001-07-27,0.670,143902
2001-07-26,-0.114,142944
2001-07-25,-0.789,143107
2001-07-24,0.210,144245
2001-07-23,0.156,143943
2001-07-20,-0.115,143719
2001-07-19,-0.115,143884
2001-07-18,1.078,144051
2001-07-17,0.020,142514
2001-07-16,0.693,142485
2001-07-13,0.154,141504
2001-07-12,0.556,141286
2001-07-11,-0.113,140505
2001-07-10,0.394,140664
2001-07-09,0.686,140111
2001-07-06,0.206,139157
2001-07-05,-0.429,138871
2001-07-03,-0.430,139469
2001-07-02,0.686,140072
2001-06-29,-0.853,139117
2001-06-28,-0.886,140314
2001-06-27,0.316,141569
2001-06-26,-0.783,141123
2001-06-25,-0.168,142236
2001-06-22,0.884,142476
2001-06-21,0.423,141228
2001-06-20,0.288,140633
2001-06-19,0.208,140229
2001-06-18,-0.192,139939
2001-06-15,-0.380,140209
2001-06-14,0.154,140743
2001-06-13,-0.060,140526
2001-06-12,0.555,140610
2001-06-11,0.607,139833
2001-06-08,-0.112,138990
2001-06-07,-0.856,139146
2001-06-06,0.207,140347
2001-06-05,0.367,140056
2001-06-04,0.287,139544
2001-06-01,0.897,139145
2001-05-31,1.130,137908
2001-05-30,0.073,136367
2001-05-29,-0.031,136267
2001-05-25,0.100,136310
2001-05-24,-1.078,136174
2001-05-23,-0.058,137658
2001-05-22,-0.375,137738
2001-05-21,0.153,138256
2001-05-18,0.497,138045
2001-05-17,0.759,137363
2001-05-16,0.362,136328
2001-05-15,-0.501,135836
2001-05-14,0.415,136520
2001-05-11,-1.837,135956
2001-05-10,-1.146,138500
2001-05-09,0.690,140106
2001-05-08,-0.458,139145
2001-05-07,-0.273,139786
2001-05-04,-0.167,140168
2001-05-03,1.013,140402
2001-05-02,0.554,138994
2001-05-01,0.525,138229
2001-04-30,0.365,137506
2001-04-27,-1.402,137007
2001-04-26,1.060,138955
2001-04-25,-0.428,137497
2001-04-24,-0.297,138089
2001-04-23,0.925,138500
2001-04-20,-0.190,137231
2001-04-19,-1.566,137492
2001-04-18,0.074,139679
2001-04-17,0.743,139576
2001-04-16,-1.177,138547
2001-04-12,-0.168,140197
2001-04-11,0.316,140432
2001-04-10,-1.831,139990
2001-04-09,-0.524,142601
2001-04-06,1.085,143352
2001-04-05,-0.441,141812
2001-04-04,-0.143,142440
2001-04-03,0.211,142644
2001-04-02,-0.442,142344
2001-03-30,0.347,142977
2001-03-29,-0.171,142482
2001-03-28,-0.144,142725
2001-03-27,-1.317,142931
2001-03-26,-0.862,144839
2001-03-23,-0.674,146099
2001-03-22,0.493,147090
2001-03-21,-0.120,146369
2001-03-20,0.436,146544
2001-03-19,-0.313,145908
2001-03-16,0.214,146366
2001-03-15,-0.064,146054
2001-03-14,0.908,146148
2001-03-13,-0.339,144833
2001-03-12,0.213,145327
2001-03-09,-0.257,145018
2001-03-08,0.240,145392
2001-03-07,0.903,145044
2001-03-06,-0.200,143745
2001-03-05,0.184,144034
2001-03-02,-1.272,143770
2001-03-01,0.768,145621
2001-02-28,0.019,144512
2001-02-27,1.536,144484
2001-02-26,0.565,142299
2001-02-23,0.590,141499
2001-02-22,-0.332,140669
2001-02-21,-0.442,141138
2001-02-20,0.074,141764
2001-02-16,0.563,141659
2001-02-15,-0.848,140866
2001-02-14,-0.172,142070
2001-02-13,-0.172,142315
2001-02-12,-0.582,142560
2001-02-09,0.898,143395
2001-02-08,0.620,142118
2001-02-07,-0.061,141242
2001-02-06,-0.387,141329
2001-02-05,0.375,141878
2001-02-02,-0.660,141349
2001-02-01,1.223,142287
2001-01-31,0.589,140568
2001-01-30,1.370,139744
2001-01-29,-0.540,137855
2001-01-26,-0.328,138604
2001-01-25,0.774,139060
2001-01-24,-0.247,137992
2001-01-23,-0.569,138333
2001-01-22,-0.598,139124
2001-01-19,-1.250,139962
2001-01-18,0.812,141734
2001-01-17,1.052,140593
2001-01-16,0.425,139130
2001-01-12,-1.000,138541
2001-01-11,-0.845,139940
2001-01-10,-0.851,141134
2001-01-09,-0.117,142345
2001-01-08,-0.172,142512
2001-01-05,0.597,142757
2001-01-04,0.759,141910
2001-01-03,-1.994,140842
2001-01-02,1.649,143706
2000-12-29,-0.144,141375
2000-12-28,0.047,141579
2000-12-27,-0.526,141512
2000-12-26,-0.172,142261
2000-12-22,0.157,142507
2000-12-21,0.212,142283
2000-12-20,0.760,141982
2000-12-19,-0.334,140912
2000-12-18,0.020,141385
2000-12-15,0.156,141357
2000-12-14,0.484,141136
2000-12-13,0.754,140457
2000-12-12,0.155,139405
2000-12-11,0.101,139189
2000-12-08,-0.520,139049
2000-12-07,0.155,139776
2000-12-06,1.022,139559
2000-12-05,1.015,138146
2000-12-04,-0.247,136758
2000-12-01,-0.515,137096
2000-11-30,0.826,137806
2000-11-29,0.207,136677
2000-11-28,0.500,136394
2000-11-27,-0.458,135715
2000-11-24,0.154,136340
2000-11-22,0.819,136131
2000-11-21,0.338,135024
2000-11-20,0.232,134569
2000-11-17,-0.375,134258
2000-11-16,0.338,134763
2000-11-15,0.548,134309
2000-11-14,0.494,133576
2000-11-13,0.414,132920
2000-11-10,-0.266,132372
2000-11-09,0.492,132725
2000-11-08,0.256,132076
2000-11-07,-0.057,131739
2000-11-06,-0.370,131814
2000-11-03,-0.946,132304
2000-11-02,-0.111,133567
2000-11-01,0.205,133716
2000-10-31,-0.427,133443
2000-10-30,-0.244,134015
2000-10-27,0.020,134342
2000-10-26,0.153,134315
2000-10-25,-0.508,134110
2000-10-24,-0.431,134795
2000-10-23,0.739,135378
2000-10-20,0.417,134386
2000-10-19,0.205,133827
2000-10-18,0.020,133553
2000-10-17,0.653,133526
2000-10-16,-0.111,132660
2000-10-13,0.178,132807
2000-10-12,0.152,132572
2000-10-11,0.125,132371
2000-10-10,0.335,132205
2000-10-09,0.020,131764
2000-10-06,0.804,131737
2000-10-05,0.540,130687
2000-10-04,-0.109,129985
2000-10-03,-0.161,130126
2000-10-02,-0.628,130335
2000-09-29,0.151,131158
2000-09-28,0.151,130961
2000-09-27,-0.447,130764
2000-09-26,0.542,131351
2000-09-25,0.281,130643
2000-09-22,0.098,130277
2000-09-21,0.591,130149
2000-09-20,-0.625,129384
2000-09-19,0.436,130198
2000-09-18,-0.652,129633
2000-09-15,-1.045,130483
2000-09-14,-1.028,131861
2000-09-13,0.416,133231
2000-09-12,-0.323,132679
2000-09-11,-0.376,133109
2000-09-08,0.337,133612
2000-09-07,-0.218,133162
2000-09-06,-0.563,133454
2000-09-05,0.073,134209
2000-09-01,0.073,134111
2000-08-31,0.949,134014
2000-08-30,0.152,132754
2000-08-29,-0.376,132553
2000-08-28,-0.641,133053
2000-08-25,0.019,133912
2000-08-24,0.152,133886
2000-08-23,0.470,133682
2000-08-22,0.072,133056
2000-08-21,-0.245,132960
2000-08-18,0.364,133287
2000-08-17,0.257,132804
2000-08-16,-0.218,132463
2000-08-15,-0.245,132752
2000-08-14,0.390,133078
2000-08-11,-0.509,132561
2000-08-10,0.523,133239
2000-08-09,0.072,132546
2000-08-08,0.415,132450
2000-08-07,-0.454,131902
2000-08-04,0.283,132504
2000-08-03,0.468,132129
2000-08-02,-0.217,131514
2000-08-01,0.624,131800
2000-07-31,-0.112,130982
2000-07-28,-0.086,131129
2000-07-27,0.544,131241
2000-07-26,-0.059,130530
2000-07-25,0.072,130607
2000-07-24,-0.294,130513
2000-07-21,0.334,130898
2000-07-20,1.614,130463
2000-07-19,0.020,128390
2000-07-18,0.149,128365
2000-07-17,-0.677,128174
2000-07-14,-0.992,129048
2000-07-13,1.065,130341
2000-07-12,0.020,128968
2000-07-11,-0.058,128942
2000-07-10,-0.058,129017
2000-07-07,0.539,129092
2000-07-06,-0.679,128400
2000-07-05,0.150,129277
2000-07-03,0.461,129084
2000-06-30,-0.239,128491
2000-06-29,1.187,128800
2000-06-28,-0.237,127289
2000-06-27,0.484,127591
2000-06-26,0.611,126977
2000-06-23,-0.695,126206
2000-06-22,-0.186,127090
2000-06-21,-0.804,127326
2000-06-20,-0.110,128358
2000-06-19,-0.214,128499
2000-06-16,0.669,128774
2000-06-15,-0.187,127918
2000-06-14,0.512,128158
2000-06-13,-0.806,127505
2000-06-12,0.253,128541
2000-06-09,-0.032,128216
2000-06-08,0.071,128257
2000-06-07,0.279,128166
2000-06-06,0.020,127809
2000-06-05,0.408,127784
2000-06-02,0.200,127266
2000-06-01,1.024,127011
2000-05-31,0.965,125724
2000-05-30,-0.462,124522
2000-05-26,0.657,125100
2000-05-25,1.186,124284
2000-05-24,-0.281,122827
2000-05-23,0.096,123173
2000-05-22,0.624,123055
2000-05-19,0.271,122292
2000-05-18,-0.830,121961
2000-05-17,-0.735,122982
2000-05-16,0.602,123892
2000-05-15,0.550,123150
2000-05-12,-0.682,122477
2000-05-11,0.273,123318
2000-05-10,0.726,122983
2000-05-09,0.496,122096
2000-05-08,-0.753,121493
2000-05-05,-0.155,122416
2000-05-04,-1.086,122606
2000-05-03,-1.095,123952
2000-05-02,-0.670,125325
2000-05-01,-0.160,126170
2000-04-28,0.406,126372
2000-04-27,-0.673,125861
2000-04-26,-0.031,126713
2000-04-25,-1.038,126753
2000-04-24,-0.423,128083
2000-04-20,0.281,128626
2000-04-19,0.984,128266
2000-04-18,0.020,127017
2000-04-17,-1.713,126991
2000-04-14,0.386,129205
2000-04-13,0.411,128707
2000-04-12,-0.840,128180
2000-04-11,-1.082,129266
2000-04-10,0.178,130681
2000-04-07,1.155,130449
2000-04-06,0.203,128960
2000-04-05,-0.399,128699
2000-04-04,0.938,129214
2000-04-03,0.072,128014
2000-03-31,0.723,127922
2000-03-30,1.263,127004
2000-03-29,-0.108,125420
2000-03-28,0.148,125556
2000-03-27,0.148,125370
2000-03-24,-1.160,125184
2000-03-23,0.667,126653
2000-03-22,-0.083,125814
2000-03-21,0.330,125918
2000-03-20,0.277,125504
2000-03-17,0.534,125157
2000-03-16,0.276,124493
2000-03-15,0.531,124150
2000-03-14,0.834,123494
2000-03-13,0.274,122473
2000-03-10,-0.458,122138
2000-03-09,0.148,122700
2000-03-08,-0.156,122519
2000-03-07,0.021,122710
2000-03-06,-0.460,122684
2000-03-03,0.377,123251
2000-03-02,0.249,122788
2000-03-01,-0.156,122483
2000-02-29,0.148,122674
2000-02-28,0.097,122493
2000-02-25,-0.484,122374
2000-02-24,0.199,122970
2000-02-23,-0.739,122726
2000-02-22,1.041,123640
2000-02-18,0.957,122367
2000-02-17,0.574,121207
2000-02-16,-0.104,120515
2000-02-15,-0.479,120640
2000-02-14,0.901,121221
2000-02-11,0.721,120139
2000-02-10,-0.549,119279
2000-02-09,-1.175,119938
2000-02-08,1.482,121365
2000-02-07,-1.198,119593
2000-02-04,-0.531,121043
2000-02-03,1.611,121689
2000-02-02,1.094,119760
2000-02-01,0.765,118464
2000-01-31,-0.616,117565
2000-01-28,1.012,118294
2000-01-27,0.833,117109
2000-01-26,0.560,116141
2000-01-25,0.194,115494
2000-01-24,0.703,115271
2000-01-21,0.338,114466
2000-01-20,-0.216,114081
2000-01-19,0.386,114328
2000-01-18,-0.552,113888
2000-01-14,-0.411,114521
2000-01-13,0.896,114993
2000-01-12,-0.337,113972
2000-01-11,-1.014,114358
2000-01-10,-0.463,115529
2000-01-07,0.438,116067
2000-01-06,0.899,115560
2000-01-05,-1.307,114531
2000-01-04,1.097,116047
2000-01-03,-1.455,114787
1999-12-31,-0.591,116482
1999-12-30,0.219,117174
1999-12-29,0.391,116918
1999-12-28,-0.223,116463
1999-12-27,0.317,116723
1999-12-23,-0.100,116355
1999-12-22,-0.003,116472
1999-12-21,-0.224,116475
1999-12-20,-0.765,116736
1999-12-17,0.145,117635
1999-12-16,-0.695,117465
1999-12-15,-0.401,118286
1999-12-14,-1.399,118762
1999-12-13,-0.407,120447
1999-12-10,0.754,120940
1999-12-09,0.197,120034
1999-12-08,-0.280,119798
1999-12-07,0.524,120135
1999-12-06,0.272,119508
1999-12-03,0.672,119184
1999-12-02,-0.153,118388
1999-12-01,-0.203,118570
1999-11-30,0.371,118811
1999-11-29,-0.950,118372
1999-11-26,-0.330,119507
1999-11-24,-0.230,119903
1999-11-23,0.021,120179
1999-11-22,-0.357,120154
1999-11-19,0.072,120584
1999-11-18,-0.434,120497
1999-11-17,-0.816,121022
1999-11-16,-0.286,122018
1999-11-15,-0.056,122367
1999-11-12,0.890,122436
1999-11-11,0.020,121356
1999-11-10,-0.234,121331
1999-11-09,-0.107,121615
1999-11-08,-0.107,121745
1999-11-05,0.531,121876
1999-11-04,0.605,121233
1999-11-03,0.198,120503
1999-11-02,0.526,120265
1999-11-01,-0.357,119636
1999-10-29,1.258,120064
1999-10-28,1.022,118573
1999-10-27,0.692,117374
1999-10-26,-0.226,116567
1999-10-25,0.071,116831
1999-10-22,0.021,116749
1999-10-21,-0.226,116724
1999-10-20,0.095,116989
1999-10-19,-0.598,116877
1999-10-18,-0.427,117580
1999-10-15,0.820,118084
1999-10-14,-0.401,117124
1999-10-13,-0.726,117596
1999-10-12,-0.305,118456
1999-10-11,0.020,118818
1999-10-08,-0.105,118794
1999-10-07,-0.130,118919
1999-10-06,-0.030,119074
1999-10-05,-0.911,119110
1999-10-04,0.704,120205
1999-10-01,-1.165,119365
1999-09-30,0.961,120772
1999-09-29,-0.839,119622
1999-09-28,-0.616,120634
1999-09-27,-0.824,121381
1999-09-24,1.203,122389
1999-09-23,0.708,120935
1999-09-22,0.122,120084
1999-09-21,-0.233,119939
1999-09-20,-0.361,120219
1999-09-17,0.453,120655
1999-09-16,0.502,120111
1999-09-15,0.070,119511
1999-09-14,-0.663,119427
1999-09-13,-0.362,120224
1999-09-10,0.860,120660
1999-09-09,-0.411,119631
1999-09-08,0.121,120125
1999-09-07,-0.640,119979
1999-09-03,1.601,120752
1999-09-02,-0.913,118849
1999-09-01,-0.107,119944
1999-08-31,-0.031,120072
1999-08-30,-1.328,120110
1999-08-27,-1.059,121726
1999-08-26,-0.110,123029
1999-08-25,1.160,123165
1999-08-24,0.405,121753
1999-08-23,0.096,121262
1999-08-20,0.429,121145
1999-08-19,-0.235,120628
1999-08-18,0.097,120912
1999-08-17,0.991,120796
1999-08-16,-0.208,119610
1999-08-13,1.266,119859
1999-08-12,0.121,118361
1999-08-11,0.399,118217
1999-08-10,-0.179,117748
1999-08-09,-0.808,117959
1999-08-06,-1.319,118920
1999-08-05,0.710,120510
1999-08-04,0.301,119660
1999-08-03,-0.232,119301
1999-08-02,-0.131,119578
1999-07-30,-0.437,119735
1999-07-29,-0.796,120261
1999-07-28,0.072,121226
1999-07-27,0.406,121139
1999-07-26,-0.235,120649
1999-07-23,-0.621,120933
1999-07-22,-0.804,121689
1999-07-21,-0.239,122676
1999-07-20,0.150,122970
1999-07-19,-0.032,122785
1999-07-16,0.202,122824
1999-07-15,0.150,122576
1999-07-14,-0.239,122393
1999-07-13,0.228,122686
1999-07-12,1.239,122406
1999-07-09,0.021,120909
1999-07-08,0.868,120883
1999-07-07,-0.311,119843
1999-07-06,-0.568,120216
1999-07-02,0.278,120903
1999-07-01,-0.441,120568
1999-06-30,1.179,121102
1999-06-29,0.455,119691
1999-06-28,0.835,119149
1999-06-25,0.198,118163
1999-06-24,-0.484,117929
1999-06-23,-0.740,118503
1999-06-22,-0.540,119386
1999-06-21,-0.671,120034
1999-06-18,-0.366,120845
1999-06-17,1.698,121289
1999-06-16,0.403,119264
1999-06-15,0.021,118785
1999-06-14,0.377,118760
1999-06-11,-1.094,118315
1999-06-10,-0.465,119624
1999-06-09,-0.236,120183
1999-06-08,-0.365,120467
1999-06-07,0.072,120908
1999-06-04,-0.212,120821
1999-06-03,-0.083,121077
1999-06-02,0.072,121177
1999-06-01,-1.374,121090
1999-05-28,0.098,122778
1999-05-27,-0.528,122657
1999-05-26,-0.557,123308
1999-05-25,0.151,123998
1999-05-24,0.098,123811
1999-05-21,0.676,123690
1999-05-20,-0.346,122859
1999-05-19,1.042,123285
1999-05-18,0.151,122014
1999-05-17,0.099,121830
1999-05-14,-2.134,121710
1999-05-13,1.128,124365
1999-05-12,0.282,122977
1999-05-11,-0.659,122631
1999-05-10,0.414,123444
1999-05-07,-0.294,122936
1999-05-06,-1.213,123298
1999-05-05,0.258,124813
1999-05-04,-0.747,124491
1999-05-03,0.153,125428
1999-04-30,-1.973,125237
1999-04-29,0.693,127757
1999-04-28,-0.329,126878
1999-04-27,0.288,127297
1999-04-26,0.422,126932
1999-04-23,0.207,126398
1999-04-22,-1.183,126138
1999-04-21,-0.035,127648
1999-04-20,0.370,127693
1999-04-19,0.396,127223
1999-04-16,-0.571,126721
1999-04-15,-0.304,127449
1999-04-14,-0.062,127839
1999-04-13,-0.657,127918
1999-04-12,0.155,128764
1999-04-09,-0.253,128565
1999-04-08,1.079,128891
1999-04-07,0.100,127515
1999-04-06,1.017,127388
1999-04-05,1.090,126106
1999-04-01,-0.512,124746
1999-03-31,-0.461,125388
1999-03-30,0.768,125968
1999-03-29,-0.513,125008
1999-03-26,-0.248,125652
1999-03-25,-0.597,125965
1999-03-24,0.422,126721
1999-03-23,0.019,126188
1999-03-22,-0.571,126164
1999-03-19,-0.574,126889
1999-03-18,0.235,127621
1999-03-17,-0.386,127322
1999-03-16,0.479,127815
1999-03-15,0.424,127206
1999-03-12,0.530,126669
1999-03-11,-0.115,126001
1999-03-10,-0.250,126146
1999-03-09,0.826,126461
1999-03-08,0.072,125426
1999-03-05,1.061,125335
1999-03-04,-0.166,124019
1999-03-03,-0.750,124226
1999-03-02,0.661,125165
1999-03-01,-1.256,124344
1999-02-26,0.609,125926
1999-02-25,-1.210,125163
1999-02-24,-1.141,126696
1999-02-23,-0.852,128158
1999-02-22,0.401,129259
1999-02-19,-0.119,128743
1999-02-18,-0.665,128895
1999-02-17,0.484,129759
1999-02-16,0.975,129133
1999-02-12,-2.020,127886
1999-02-11,0.432,130522
1999-02-10,-0.064,129961
1999-02-09,0.349,130044
1999-02-08,-0.064,129593
1999-02-05,-0.531,129676
1999-02-04,-0.671,130368
1999-02-03,-0.121,131249
1999-02-02,-0.731,131408
1999-02-01,-1.377,132376
1999-01-29,0.299,134225
1999-01-28,0.439,133824
1999-01-27,-0.095,133239
1999-01-26,-0.039,133365
1999-01-25,-0.348,133417
1999-01-22,0.721,133882
1999-01-21,0.633,132924
1999-01-20,-0.429,132088
1999-01-19,-0.486,132656
1999-01-15,-0.461,133305
1999-01-14,1.341,133922
1999-01-13,0.938,132150
1999-01-12,0.849,130922
1999-01-11,-0.451,129820
1999-01-08,-0.729,130408
1999-01-07,-0.816,131365
1999-01-06,0.689,132446
1999-01-05,-0.817,131540
1999-01-04,-0.655,132623
1998-12-31,0.073,133497
1998-12-30,0.326,133400
1998-12-29,0.775,132966
1998-12-28,0.966,131943
1998-12-24,-0.454,130681
1998-12-23,-0.901,131276
1998-12-22,-0.879,132469
1998-12-21,-0.829,133644
1998-12-18,0.017,134761
1998-12-17,0.073,134738
1998-12-16,0.243,134640
1998-12-15,-0.549,134313
1998-12-14,0.329,135055
1998-12-11,-0.976,134612
1998-12-10,0.245,135938
1998-12-09,0.501,135606
1998-12-08,0.841,134929
1998-12-07,-0.096,133805
1998-12-04,-0.520,133934
1998-12-03,0.045,134634
1998-12-02,0.499,134573
1998-12-01,0.243,133904
1998-11-30,1.203,133579
1998-11-27,0.437,131991
1998-11-25,0.464,131417
1998-11-24,0.296,130809
1998-11-23,-0.509,130423
1998-11-20,0.325,131091
1998-11-19,-0.037,130666
1998-11-18,0.825,130715
1998-11-17,-0.368,129645
1998-11-16,-0.203,130125
1998-11-13,-0.065,130390
1998-11-12,0.296,130474
1998-11-11,0.018,130089
1998-11-10,0.268,130065
1998-11-09,1.430,129717
1998-11-06,-1.077,127888
1998-11-05,0.488,129281
1998-11-04,-1.523,128654
1998-11-03,0.269,130643
1998-11-02,-1.260,130293
1998-10-30,-0.880,131956
1998-10-29,0.526,133127
1998-10-28,-0.460,132431
1998-10-27,0.723,133043
1998-10-26,0.776,132088
1998-10-23,-0.290,131071
1998-10-22,-0.683,131452
1998-10-21,-0.096,132356
1998-10-20,-1.222,132483
1998-10-19,-0.268,134123
1998-10-16,1.098,134483
1998-10-15,-0.266,133023
1998-10-14,1.488,133378
1998-10-13,0.324,131423
1998-10-12,0.017,130998
1998-10-09,-2.331,130976
1998-10-08,-2.485,134102
1998-10-07,-1.199,137519
1998-10-06,-0.831,139189
1998-10-05,2.043,140355
1998-10-02,0.683,137545
1998-10-01,1.170,136612
1998-09-30,1.733,135032
1998-09-29,0.667,132732
1998-09-28,-0.319,131852
1998-09-25,0.413,132274
1998-09-24,0.102,131730
1998-09-23,0.131,131595
1998-09-22,-0.375,131424
1998-09-21,0.271,131918
1998-09-18,0.383,131562
1998-09-17,0.494,131059
1998-09-16,0.354,130415
1998-09-15,-0.260,129955
1998-09-14,-0.093,130293
1998-09-11,-0.623,130414
1998-09-10,1.421,131232
1998-09-09,0.908,129393
1998-09-08,-0.726,128229
1998-09-04,0.296,129167
1998-09-03,0.490,128785
1998-09-02,-0.036,128157
1998-09-01,-0.533,128203
1998-08-31,0.934,128890
1998-08-28,0.212,127698
1998-08-27,0.789,127427
1998-08-26,0.074,126429
1998-08-25,0.512,126335
1998-08-24,-0.143,125692
1998-08-21,0.728,125873
1998-08-20,0.617,124963
1998-08-19,-0.034,124197
1998-08-18,-0.034,124239
1998-08-17,-0.169,124281
1998-08-14,0.751,124491
1998-08-13,0.020,123563
1998-08-12,-0.248,123538
1998-08-11,0.425,123845
1998-08-10,0.075,123320
1998-08-07,0.558,123228
1998-08-06,-0.166,122544
1998-08-05,-0.059,122748
1998-08-04,0.236,122821
1998-08-03,0.744,122532
1998-07-31,0.155,121627
1998-07-30,0.607,121439
1998-07-29,-0.376,120707
1998-07-28,-0.457,121162
1998-07-27,-0.246,121718
1998-07-24,-0.246,122018
1998-07-23,0.289,122319
1998-07-22,-0.113,121967
1998-07-21,0.609,122105
1998-07-20,0.447,121365
1998-07-17,-0.324,120825
1998-07-16,-0.192,121217
1998-07-15,0.181,121450
1998-07-14,-0.405,121231
1998-07-13,-0.754,121724
1998-07-10,-0.328,122648
1998-07-09,0.371,123052
1998-07-08,-0.382,122598
1998-07-07,-0.330,123068
1998-07-06,0.372,123475
1998-07-02,0.425,123018
1998-07-01,-0.060,122497
1998-06-30,0.370,122570
1998-06-29,-0.113,122118
1998-06-26,0.289,122256
1998-06-25,0.021,121904
1998-06-24,-0.247,121878
1998-06-23,0.343,122180
1998-06-22,0.155,121762
1998-06-19,0.369,121574
1998-06-18,0.555,121127
1998-06-17,-1.175,120459
1998-06-16,-0.569,121891
1998-06-15,0.694,122588
1998-06-12,-0.113,121743
1998-06-11,0.745,121881
1998-06-10,1.222,120979
1998-06-09,0.022,119519
1998-06-08,0.022,119493
1998-06-05,0.365,119468
1998-06-04,-0.242,119033
1998-06-03,0.022,119322
1998-06-02,-0.243,119296
1998-06-01,0.419,119586
1998-05-29,0.338,119087
1998-05-28,0.022,118686
1998-05-27,0.232,118660
1998-05-26,0.679,118385
1998-05-22,0.362,117586
1998-05-21,-0.448,117162
1998-05-20,0.624,117688
1998-05-19,-0.291,116958
1998-05-18,0.728,117299
1998-05-15,0.100,116451
1998-05-14,-0.367,116334
1998-05-13,0.205,116763
1998-05-12,1.063,116524
1998-05-11,-0.804,115298
1998-05-08,-0.367,116233
1998-05-07,-0.056,116661
1998-05-06,0.492,116726
1998-05-05,-0.445,116155
1998-05-04,0.022,116674
1998-05-01,0.205,116648
1998-04-30,1.611,116410
1998-04-29,-0.054,114565
1998-04-28,0.023,114627
1998-04-27,-1.574,114601
1998-04-24,0.413,116433
1998-04-23,-0.185,115954
1998-04-22,-0.030,116169
1998-04-21,-0.446,116204
1998-04-20,-0.553,116724
1998-04-17,-0.109,117373
1998-04-16,0.285,117501
1998-04-15,0.284,117168
1998-04-14,0.415,116835
1998-04-13,-0.760,116353
1998-04-09,0.232,117244
1998-04-08,-0.711,116973
1998-04-07,-0.241,117811
1998-04-06,-0.506,118096
1998-04-03,0.949,118697
1998-04-02,0.733,117581
1998-04-01,0.546,116725
1998-03-31,0.544,116092
1998-03-30,-0.289,115464
1998-03-27,-0.030,115799
1998-03-26,-0.238,115833
1998-03-25,-0.708,116109
1998-03-24,0.022,116938
1998-03-23,0.101,116912
1998-03-20,0.206,116794
1998-03-19,0.101,116554
1998-03-18,-0.239,116437
1998-03-17,-0.371,116716
1998-03-16,0.417,117151
1998-03-13,-0.188,116665
1998-03-12,0.810,116884
1998-03-11,0.492,115945
1998-03-10,0.075,115377
1998-03-09,0.673,115291
1998-03-06,0.670,114520
1998-03-05,-0.286,113758
1998-03-04,0.333,114085
1998-03-03,-0.544,113707
1998-03-02,-1.348,114328
1998-02-27,0.362,115891
1998-02-26,-0.238,115473
1998-02-25,0.597,115749
1998-02-24,-0.810,115061
1998-02-23,-0.501,116001
1998-02-20,-0.241,116585
1998-02-19,-0.110,116866
1998-02-18,-0.505,116995
1998-02-17,0.736,117588
1998-02-13,0.285,116729
1998-02-12,-0.162,116397
1998-02-11,0.995,116586
1998-02-10,0.205,115437
1998-02-09,-0.291,115200
1998-02-06,0.075,115536
1998-02-05,-0.683,115450
1998-02-04,-0.109,116244
1998-02-03,0.101,116371
1998-02-02,-0.635,116254
1998-01-30,0.471,116997
1998-01-29,1.259,116448
1998-01-28,0.101,115001
1998-01-27,-0.681,114885
1998-01-26,1.070,115673
1998-01-23,-1.667,114448
1998-01-22,-0.504,116389
1998-01-21,0.286,116979
1998-01-20,-0.242,116645
1998-01-16,-0.850,116928
1998-01-15,-0.085,117930
1998-01-14,-0.378,118030
1998-01-13,-0.058,118478
1998-01-12,0.155,118547
1998-01-09,0.609,118364
1998-01-08,0.739,117647
1998-01-07,-0.956,116784
1998-01-06,0.208,117912
1998-01-05,1.617,117667
1998-01-02,0.994,115795
1997-12-31,0.622,114654
1997-12-30,-0.627,113945
1997-12-29,-0.317,114664
1997-12-26,0.153,115029
1997-12-24,-0.161,114853
1997-12-23,-0.109,115039
1997-12-22,0.415,115164
1997-12-19,0.336,114688
1997-12-18,0.674,114304
1997-12-17,-0.367,113539
1997-12-16,0.152,113957
1997-12-15,-0.368,113783
1997-12-12,1.065,114203
1997-12-11,0.954,113000
1997-12-10,0.537,111932
1997-12-09,0.023,111335
1997-12-08,-0.616,111309
1997-12-05,-0.620,112000
1997-12-04,-0.184,112698
1997-12-03,0.152,112906
1997-12-02,0.204,112734
1997-12-01,-0.029,112505
1997-11-28,0.281,112538
1997-11-26,0.074,112223
1997-11-25,0.280,112139
1997-11-24,-0.492,111826
1997-11-21,0.152,112378
1997-11-20,-0.235,112208
1997-11-19,0.643,112473
1997-11-18,0.023,111755
1997-11-17,0.228,111729
1997-11-14,0.279,111475
1997-11-13,0.279,111164
1997-11-12,0.279,110855
1997-11-11,0.023,110547
1997-11-10,-0.054,110521
1997-11-07,0.099,110581
1997-11-06,0.968,110471
1997-11-05,0.100,109412
1997-11-04,-0.432,109303
1997-11-03,-0.739,109778
1997-10-31,0.279,110595
1997-10-30,0.738,110288
1997-10-29,0.734,109480
1997-10-28,-0.557,108681
1997-10-27,0.785,109290
1997-10-24,0.453,108439
1997-10-23,1.080,107951
1997-10-22,0.149,106798
1997-10-21,0.024,106639
1997-10-20,0.273,106613
1997-10-17,-0.647,106322
1997-10-16,0.024,107015
1997-10-15,-0.351,106989
1997-10-14,0.976,107365
1997-10-13,0.025,106327
1997-10-10,-0.722,106301
1997-10-09,-0.151,107074
1997-10-08,-1.554,107236
1997-10-07,0.353,108928
1997-10-06,0.454,108545
1997-10-03,0.150,108054
1997-10-02,0.276,107892
1997-10-01,1.080,107596
1997-09-30,-0.275,106446
1997-09-29,-0.176,106739
1997-09-26,0.450,106927
1997-09-25,-1.024,106448
1997-09-24,0.779,107550
1997-09-23,-0.351,106719
1997-09-22,0.400,107095
1997-09-19,0.274,106668
1997-09-18,-0.101,106376
1997-09-17,0.274,106483
1997-09-16,2.194,106192
1997-09-15,0.148,103912
1997-09-12,1.128,103759
1997-09-11,-0.315,102601
1997-09-10,-0.243,102926
1997-09-09,-0.146,103176
1997-09-08,0.441,103327
1997-09-05,-0.511,102873
1997-09-04,-0.048,103401
1997-09-03,-0.220,103451
1997-09-02,0.442,103679
1997-08-29,-0.513,103223
1997-08-28,1.179,103756
1997-08-27,0.025,102547
1997-08-26,0.147,102521
1997-08-25,0.025,102370
1997-08-22,-0.826,102345
1997-08-21,-0.758,103197
1997-08-20,-0.295,103986
1997-08-19,0.222,104294
1997-08-18,0.567,104063
1997-08-15,-0.049,103476
1997-08-14,0.958,103527
1997-08-13,0.318,102544
1997-08-12,-0.267,102219
1997-08-11,0.123,102493
1997-08-08,-1.705,102368
1997-08-07,-0.445,104143
1997-08-06,0.198,104608
1997-08-05,-0.099,104402
1997-08-04,-0.223,104505
1997-08-01,-2.011,104739
1997-07-31,0.453,106888
1997-07-30,0.602,106407
1997-07-29,0.700,105770
1997-07-28,0.273,105035
1997-07-25,-0.224,104749
1997-07-24,-0.100,104984
1997-07-23,0.199,105089
1997-07-22,1.468,104880
1997-07-21,-0.344,103363
1997-07-18,-0.395,103721
1997-07-17,-0.050,104132
1997-07-16,0.842,104183
1997-07-15,0.074,103313
1997-07-14,-0.270,103237
1997-07-11,0.395,103517
1997-07-10,-0.024,103109
1997-07-09,0.394,103134
1997-07-08,-0.048,102729
1997-07-07,0.590,102779
1997-07-03,1.223,102177
1997-07-02,0.268,100942
1997-07-01,0.751,100672
1997-06-30,-0.527,99922
1997-06-27,0.436,100451
1997-06-26,-0.552,100015
1997-06-25,-0.458,100571
1997-06-24,-0.047,101033
1997-06-23,-0.460,101081
1997-06-20,0.440,101548
1997-06-19,0.147,101104
1997-06-18,0.292,100956
1997-06-17,-0.217,100662
1997-06-16,0.389,100880
1997-06-13,0.558,100489
1997-06-12,0.749,99931
1997-06-11,0.146,99189
1997-06-10,-0.094,99044
1997-06-09,-0.573,99137
1997-06-06,1.230,99709
1997-06-05,0.026,98498
1997-06-04,-0.022,98472
1997-06-03,0.360,98494
1997-06-02,0.216,98140
1997-05-30,0.858,97928
1997-05-29,0.546,97095
1997-05-28,0.074,96568
1997-05-27,-0.491,96497
1997-05-23,0.144,96972
1997-05-22,-0.280,96832
1997-05-21,-0.565,97104
1997-05-20,-0.021,97656
1997-05-19,-0.045,97677
1997-05-16,-0.378,97721
1997-05-15,0.264,98092
1997-05-14,0.312,97833
1997-05-13,-0.496,97529
1997-05-12,0.145,98016
1997-05-09,0.431,97873
1997-05-08,0.501,97453
1997-05-07,-0.802,96967
1997-05-06,0.145,97751
1997-05-05,0.026,97610
1997-05-02,0.383,97584
1997-05-01,0.311,97212
1997-04-30,0.500,96911
1997-04-29,1.607,96429
1997-04-28,0.260,94905
1997-04-25,-0.136,94659
1997-04-24,-0.392,94788
1997-04-23,-0.441,95161
1997-04-22,0.495,95582
1997-04-21,-0.324,95111
1997-04-18,0.144,95420
1997-04-17,0.495,95283
1997-04-16,-0.090,94814
1997-04-15,0.890,94900
1997-04-14,0.027,94062
1997-04-11,-0.715,94037
1997-04-10,0.027,94714
1997-04-09,0.073,94689
1997-04-08,-0.323,94620
1997-04-07,0.681,94926
1997-04-04,-0.671,94284
1997-04-03,0.073,94921
1997-04-02,0.143,94852
1997-04-01,0.143,94716
1997-03-31,-0.137,94580
1997-03-27,-1.025,94710
1997-03-26,-0.516,95690
1997-03-25,-0.092,96186
1997-03-24,0.263,96275
1997-03-21,0.144,96023
1997-03-20,0.215,95885
1997-03-19,-0.280,95679
1997-03-18,0.026,95948
1997-03-17,-0.092,95923
1997-03-14,0.333,96012
1997-03-13,-1.272,95693
1997-03-12,-0.284,96925
1997-03-11,-0.142,97202
1997-03-10,-0.022,97340
1997-03-07,0.744,97361
1997-03-06,-0.403,96643
1997-03-05,0.145,97033
1997-03-04,-0.332,96893
1997-03-03,-0.333,97216
1997-02-28,0.217,97541
1997-02-27,-0.214,97329
1997-02-26,-1.655,97538
1997-02-25,0.025,99179
1997-02-24,-0.291,99155
1997-02-21,0.098,99444
1997-02-20,-0.828,99347
1997-02-19,-0.221,100176
1997-02-18,-0.172,100398
1997-02-14,0.640,100571
1997-02-13,1.494,99932
1997-02-12,-0.096,98460
1997-02-11,0.026,98555
1997-02-10,0.147,98529
1997-02-07,0.558,98385
1997-02-06,-0.143,97839
1997-02-05,-0.337,97979
1997-02-04,0.316,98310
1997-02-03,0.702,98000
1997-01-31,1.036,97317
1997-01-30,0.265,96319
1997-01-29,0.145,96065
1997-01-28,0.383,95926
1997-01-27,-0.519,95560
1997-01-24,-0.450,96059
1997-01-23,-0.261,96493
1997-01-22,-0.525,96746
1997-01-21,0.579,97257
1997-01-20,0.026,96697
1997-01-17,0.074,96672
1997-01-16,-0.453,96600
1997-01-15,-0.167,97040
1997-01-14,1.037,97202
1997-01-13,0.050,96205
1997-01-10,-1.121,96157
1997-01-09,0.869,97247
1997-01-08,-0.333,96409
1997-01-07,-0.335,96732
1997-01-06,-0.288,97056
1997-01-03,0.146,97336
1997-01-02,-1.277,97194
1996-12-31,-1.266,98452
1996-12-30,0.025,99714
1996-12-27,0.640,99690
1996-12-26,0.025,99056
1996-12-24,-0.098,99031
1996-12-23,0.196,99128
1996-12-20,0.098,98934
1996-12-19,1.224,98837
1996-12-18,-0.387,97642
1996-12-17,-0.389,98022
1996-12-16,-0.536,98404
1996-12-13,0.760,98934
1996-12-12,-0.341,98188
1996-12-11,-1.441,98524
1996-12-10,-0.099,99965
1996-12-09,0.593,100064
1996-12-06,-0.296,99474
1996-12-05,-1.260,99769
1996-12-04,-0.599,101042
1996-12-03,0.199,101651
1996-12-02,-0.026,101449
1996-11-29,1.025,101476
1996-11-27,-0.100,100446
1996-11-26,-0.001,100547
1996-11-25,0.223,100547
1996-11-22,-0.224,100324
1996-11-21,-0.150,100549
1996-11-20,0.398,100700
1996-11-19,0.322,100301
1996-11-18,-0.025,99979
1996-11-15,-0.372,100005
1996-11-14,0.571,100379
1996-11-13,-0.224,99809
1996-11-12,0.892,100032
1996-11-11,0.024,99148
1996-11-08,-0.296,99124
1996-11-07,1.284,99418
1996-11-06,-0.097,98158
1996-11-05,0.931,98253
1996-11-04,0.147,97346
1996-11-01,-0.169,97204
1996-10-31,0.390,97368
1996-10-30,0.098,96990
1996-10-29,1.651,96895
1996-10-28,-0.094,95321
1996-10-25,0.433,95411
1996-10-24,-0.142,94999
1996-10-23,0.146,95134
1996-10-22,-0.452,94996
1996-10-21,-0.166,95427
1996-10-18,0.218,95586
1996-10-17,0.722,95379
1996-10-16,-0.141,94695
1996-10-15,-0.094,94829
1996-10-14,0.026,94918
1996-10-11,0.624,94894
1996-10-10,-0.641,94305
1996-10-09,-0.453,94913
1996-10-08,-0.095,95346
1996-10-07,-0.504,95436
1996-10-04,1.329,95919
1996-10-03,0.026,94661
1996-10-02,0.504,94636
1996-10-01,0.669,94162
1996-09-30,-0.211,93536
1996-09-27,-0.330,93734
1996-09-26,0.621,94045
1996-09-25,0.784,93465
1996-09-24,0.427,92737
1996-09-23,0.261,92344
1996-09-20,0.143,92103
1996-09-19,-0.325,91971
1996-09-18,-0.162,92271
1996-09-17,-0.609,92421
1996-09-16,0.073,92987
1996-09-13,1.562,92920
1996-09-12,0.493,91491
1996-09-11,0.143,91042
1996-09-10,-0.555,90912
1996-09-09,0.493,91419
1996-09-06,0.375,90971
1996-09-05,-0.554,90631
1996-09-04,-0.323,91135
1996-09-03,0.727,91431
1996-08-30,-0.950,90770
1996-08-29,-0.676,91641
1996-08-28,-0.162,92265
1996-08-27,0.332,92415
1996-08-26,-0.845,92109
1996-08-23,-1.040,92894
1996-08-22,-0.046,93870
1996-08-21,-0.333,93914
1996-08-20,0.025,94228
1996-08-19,-0.382,94204
1996-08-16,0.626,94565
1996-08-15,-0.405,93977
1996-08-14,0.025,94360
1996-08-13,-1.032,94336
1996-08-12,0.073,95319
1996-08-09,0.751,95249
1996-08-08,0.073,94539
1996-08-07,-0.167,94470
1996-08-06,-0.143,94628
1996-08-05,-0.095,94764
1996-08-02,1.281,94854
1996-08-01,1.652,93654
1996-07-31,0.853,92132
1996-07-30,0.543,91353
1996-07-29,-0.791,90860
1996-07-26,0.262,91585
1996-07-25,0.073,91346
1996-07-24,-0.795,91279
1996-07-23,0.499,92010
1996-07-22,-0.444,91554
1996-07-19,-0.612,91963
1996-07-18,1.308,92529
1996-07-17,0.097,91334
1996-07-16,0.496,91246
1996-07-15,-0.395,90795
1996-07-12,0.496,91155
1996-07-11,0.377,90705
1996-07-10,0.610,90364
1996-07-09,0.538,89817
1996-07-08,-0.019,89336
1996-07-05,-2.866,89354
1996-07-03,0.026,91990
1996-07-02,-0.329,91966
1996-07-01,-0.045,92270
1996-06-28,1.142,92312
1996-06-27,0.732,91269
1996-06-26,0.143,90606
1996-06-25,0.424,90476
1996-06-24,0.213,90094
1996-06-21,0.189,89903
1996-06-20,0.026,89733
1996-06-19,-0.276,89709
1996-06-18,-0.324,89957
1996-06-17,0.494,90249
1996-06-14,0.655,89806
1996-06-13,0.374,89221
1996-06-12,-0.505,88889
1996-06-11,-0.322,89340
1996-06-10,-0.603,89629
1996-06-07,-1.612,90173
1996-06-06,0.665,91650
1996-06-05,0.497,91044
1996-06-04,0.143,90594
1996-06-03,-0.139,90464
1996-05-31,-0.961,90590
1996-05-30,0.262,91469
1996-05-29,-0.991,91230
1996-05-28,-0.094,92143
1996-05-24,0.431,92230
1996-05-23,-0.688,91835
1996-05-22,0.551,92471
1996-05-21,-0.332,91964
1996-05-20,0.264,92271
1996-05-17,0.692,92028
1996-05-16,-0.639,91396
1996-05-15,0.144,91983
1996-05-14,0.620,91851
1996-05-13,0.381,91285
1996-05-10,1.089,90939
1996-05-09,-0.209,89959
1996-05-08,0.965,90147
1996-05-07,-0.137,89286
1996-05-06,0.563,89408
1996-05-03,-0.834,88908
1996-05-02,-1.566,89656
1996-05-01,-0.212,91082
1996-04-30,-0.687,91275
1996-04-29,-0.452,91906
1996-04-26,0.408,92324
1996-04-25,0.025,91949
1996-04-24,-0.382,91926
1996-04-23,-0.287,92278
1996-04-22,0.625,92543
1996-04-19,0.407,91969
1996-04-18,-0.333,91595
1996-04-17,-0.382,91901
1996-04-16,0.241,92253
1996-04-15,0.264,92032
1996-04-12,1.746,91789
1996-04-11,-0.494,90214
1996-04-10,-0.756,90662
1996-04-09,0.454,91353
1996-04-08,-2.682,90940
1996-04-04,-0.340,93447
1996-04-03,-0.195,93765
1996-04-02,0.560,93948
1996-04-01,0.146,93424
1996-03-29,0.800,93288
1996-03-28,-0.626,92548
1996-03-27,-1.162,93131
1996-03-26,-0.000,94226
1996-03-25,0.831,94226
1996-03-22,-0.291,93450
1996-03-21,0.390,93723
1996-03-20,0.632,93359
1996-03-19,0.097,92773
1996-03-18,0.508,92683
1996-03-15,-0.818,92215
1996-03-14,0.025,92975
1996-03-13,-0.315,92952
1996-03-12,-0.340,93245
1996-03-11,0.926,93563
1996-03-08,-3.072,92705
1996-03-07,-0.224,95643
1996-03-06,-0.646,95857
1996-03-05,-0.600,96481
1996-03-04,0.576,97063
1996-03-01,1.223,96508
1996-02-29,0.074,95342
1996-02-28,-0.149,95272
1996-02-27,-0.223,95414
1996-02-26,-0.398,95628
1996-02-23,-0.773,96009
1996-02-22,0.450,96757
1996-02-21,-0.076,96324
1996-02-20,-2.075,96397
1996-02-16,-0.763,98439
1996-02-15,-1.126,99196
1996-02-14,-0.621,100326
1996-02-13,0.359,100953
1996-02-12,0.850,100592
1996-02-09,-0.131,99745
1996-02-08,0.485,99875
1996-02-07,-0.156,99393
1996-02-06,0.203,99548
1996-02-05,-0.028,99346
1996-02-02,-0.771,99373
1996-02-01,-0.570,100145
1996-01-31,0.152,100718
1996-01-30,0.721,100565
1996-01-29,-0.569,99845
1996-01-26,0.876,100416
1996-01-25,-1.081,99544
1996-01-24,0.877,100632
1996-01-23,-0.620,99757
1996-01-22,-0.882,100379
1996-01-19,0.153,101273
1996-01-18,0.283,101118
1996-01-17,1.191,100833
1996-01-16,0.975,99646
1996-01-15,0.023,98684
1996-01-12,0.023,98661
1996-01-11,0.074,98638
1996-01-10,-1.305,98565
1996-01-09,-0.235,99868
1996-01-08,0.152,100103
1996-01-05,-0.287,99951
1996-01-04,-0.883,100238
1996-01-03,0.205,101131
1996-01-02,-0.160,100924
1995-12-29,0.335,101086
1995-12-28,0.413,100748
1995-12-27,0.412,100334
1995-12-26,0.281,99923
1995-12-22,0.771,99643
1995-12-21,-0.028,98880
1995-12-20,0.408,98908
1995-12-19,0.740,98506
1995-12-18,-1.376,97783
1995-12-15,-0.106,99148
1995-12-14,-0.157,99252
1995-12-13,-0.183,99409
1995-12-12,-0.055,99591
1995-12-11,0.229,99645
1995-12-08,0.152,99417
1995-12-07,-0.492,99267
1995-12-06,0.100,99758
1995-12-05,-0.313,99658
1995-12-04,1.189,99971
1995-12-01,0.537,98796
1995-11-30,1.098,98268
1995-11-29,0.277,97201
1995-11-28,-0.052,96932
1995-11-27,0.429,96983
1995-11-24,0.301,96568
1995-11-22,-0.103,96278
1995-11-21,-0.279,96377
1995-11-20,-0.128,96647
1995-11-17,0.049,96772
1995-11-16,0.733,96725
1995-11-15,-0.027,96021
1995-11-14,-0.228,96046
1995-11-13,0.655,96266
1995-11-10,-0.479,95640
1995-11-09,-0.531,96100
1995-11-08,0.834,96613
1995-11-07,-0.278,95813
1995-11-06,-0.102,96081
1995-11-03,-0.305,96179
1995-11-02,0.581,96473
1995-11-01,0.604,95916
1995-10-31,0.150,95340
1995-10-30,-0.026,95197
1995-10-27,0.451,95222
1995-10-26,-0.776,94795
1995-10-25,0.100,95537
1995-10-24,0.754,95442
1995-10-23,-0.301,94728
1995-10-20,-0.528,95014
1995-10-19,0.150,95518
1995-10-18,-0.228,95375
1995-10-17,0.276,95592
1995-10-16,-0.177,95329
1995-10-13,1.409,95499
1995-10-12,0.348,94171
1995-10-11,-0.000,93844
1995-10-10,0.024,93845
1995-10-09,0.024,93822
1995-10-06,0.124,93799
1995-10-05,0.148,93683
1995-10-04,0.322,93545
1995-10-03,0.371,93244
1995-10-02,0.049,92900
1995-09-29,1.309,92855
1995-09-28,0.416,91655
1995-09-27,-0.439,91275
1995-09-26,-0.025,91678
1995-09-25,0.098,91700
1995-09-22,-0.391,91611
1995-09-21,-1.154,91971
1995-09-20,0.445,93044
1995-09-19,0.469,92632
1995-09-18,-0.714,92200
1995-09-15,-0.223,92863
1995-09-14,0.892,93071
1995-09-13,-0.197,92248
1995-09-12,1.036,92430
1995-09-11,-0.024,91482
1995-09-08,0.025,91504
1995-09-07,-0.342,91481
1995-09-06,0.025,91796
1995-09-05,0.516,91773
1995-09-01,0.564,91301
1995-08-31,0.634,90790
1995-08-30,0.268,90217
1995-08-29,-0.217,89976
1995-08-28,0.316,90172
1995-08-25,1.478,89887
1995-08-24,1.031,88578
1995-08-23,-0.330,87674
1995-08-22,-0.260,87965
1995-08-21,0.551,88194
1995-08-18,-0.093,87711
1995-08-17,-0.141,87792
1995-08-16,0.383,87916
1995-08-15,0.596,87580
1995-08-14,0.168,87061
1995-08-11,-0.966,86915
1995-08-10,0.050,87762
1995-08-09,-0.402,87719
1995-08-08,0.074,88072
1995-08-07,0.146,88007
1995-08-04,0.384,87878
1995-08-03,-0.806,87542
1995-08-02,0.793,88253
1995-08-01,-0.735,87559
1995-07-31,0.625,88207
1995-07-28,-0.807,87660
1995-07-27,0.746,88373
1995-07-26,-0.689,87719
1995-07-25,0.698,88327
1995-07-24,0.790,87715
1995-07-21,-1.041,87027
1995-07-20,0.218,87942
1995-07-19,-1.884,87751
1995-07-18,-0.653,89436
1995-07-17,-0.876,90024
1995-07-14,-0.588,90820
1995-07-13,-0.024,91357
1995-07-12,0.272,91379
1995-07-11,-0.713,91131
1995-07-10,0.149,91785
1995-07-07,0.001,91649
1995-07-06,1.312,91648
1995-07-05,0.368,90462
1995-07-03,-0.170,90130
1995-06-30,0.417,90283
1995-06-29,-1.707,89908
1995-06-28,0.520,91470
1995-06-27,-0.221,90997
1995-06-26,-0.394,91198
1995-06-23,-0.396,91559
1995-06-22,0.994,91923
1995-06-21,0.272,91018
1995-06-20,0.001,90771
1995-06-19,0.714,90771
1995-06-16,-0.048,90127
1995-06-15,-0.514,90170
1995-06-14,-0.098,90636
1995-06-13,2.020,90724
1995-06-12,0.098,88928
1995-06-09,-1.889,88841
1995-06-08,-0.418,90551
1995-06-07,-0.222,90931
1995-06-06,0.025,91133
1995-06-05,0.149,91110
1995-06-02,1.137,90975
1995-06-01,0.858,89952
1995-05-31,0.025,89187
1995-05-30,0.999,89164
1995-05-26,-0.216,88282
1995-05-25,0.461,88473
1995-05-24,1.329,88067
1995-05-23,0.623,86912
1995-05-22,-0.140,86374
1995-05-19,0.026,86495
1995-05-18,-0.569,86472
1995-05-17,0.146,86967
1995-05-16,0.982,86840
1995-05-15,0.619,85995
1995-05-12,-0.044,85466
1995-05-11,-0.162,85504
1995-05-10,-0.423,85643
1995-05-09,1.024,86007
1995-05-08,-0.020,85135
1995-05-05,1.653,85153
1995-05-04,1.191,83768
1995-05-03,0.996,82782
1995-05-02,0.257,81966
1995-05-01,-0.086,81756
1995-04-28,-0.041,81827
1995-04-27,-0.132,81860
1995-04-26,0.142,81969
1995-04-25,-0.132,81852
1995-04-24,0.303,81961
1995-04-21,0.142,81713
1995-04-20,0.302,81597
1995-04-19,0.370,81352
1995-04-18,-0.086,81052
1995-04-17,-0.586,81122
1995-04-13,0.348,81600
1995-04-12,0.142,81317
1995-04-11,0.256,81202
1995-04-10,0.073,80995
1995-04-07,-0.313,80936
1995-04-06,0.210,81190
1995-04-05,0.028,81020
1995-04-04,0.142,80997
1995-04-03,0.596,80883
1995-03-31,-0.040,80403
1995-03-30,-0.357,80435
1995-03-29,0.187,80724
1995-03-28,-0.880,80573
1995-03-27,0.645,81288
1995-03-24,1.097,80768
1995-03-23,-0.130,79891
1995-03-22,-0.220,79995
1995-03-21,-0.402,80172
1995-03-20,-0.358,80496
1995-03-17,-0.382,80785
1995-03-16,0.324,81095
1995-03-15,-0.132,80833
1995-03-14,1.215,80940
1995-03-13,0.141,79969
1995-03-10,0.864,79856
1995-03-09,0.410,79172
1995-03-08,0.968,78849
1995-03-07,-0.527,78093
1995-03-06,-0.396,78506
1995-03-03,-0.643,78818
1995-03-02,-0.534,79328
1995-03-01,0.141,79754
1995-02-28,0.367,79642
1995-02-27,0.591,79351
1995-02-24,0.252,78885
1995-02-23,-0.151,78686
1995-02-22,0.813,78805
1995-02-21,-0.239,78170
1995-02-17,-0.150,78357
1995-02-16,0.095,78475
1995-02-15,0.453,78400
1995-02-14,0.652,78046
1995-02-13,0.139,77541
1995-02-10,-0.303,77433
1995-02-09,-0.082,77669
1995-02-08,-0.082,77733
1995-02-07,-0.082,77796
1995-02-06,-0.260,77860
1995-02-03,1.702,78063
1995-02-02,-0.037,76757
1995-02-01,-0.411,76785
1995-01-31,0.582,77102
1995-01-30,-0.169,76656
1995-01-27,1.220,76786
1995-01-26,0.401,75861
1995-01-25,0.617,75558
1995-01-24,-0.230,75094
1995-01-23,-0.035,75268
1995-01-20,-0.796,75294
1995-01-19,-0.408,75898
1995-01-18,0.073,76209
1995-01-17,0.205,76153
1995-01-16,0.029,75998
1995-01-13,0.949,75976
1995-01-12,-0.340,75261
1995-01-11,0.247,75518
1995-01-10,0.356,75332
1995-01-09,-0.296,75065
1995-01-06,0.421,75288
1995-01-05,-0.578,74972
1995-01-04,0.945,75407
1995-01-03,-0.447,74701
1994-12-30,-0.362,75036
1994-12-29,-0.232,75309
1994-12-28,-0.823,75484
1994-12-27,1.019,76110
1994-12-23,0.291,75342
1994-12-22,-0.297,75123
1994-12-21,0.182,75347
1994-12-20,-0.123,75210
1994-12-19,0.248,75303
1994-12-16,0.073,75117
1994-12-15,0.073,75062
1994-12-14,-0.101,75007
1994-12-13,0.727,75083
1994-12-12,-0.664,74541
1994-12-09,0.248,75039
1994-12-08,0.247,74854
1994-12-07,-0.709,74669
1994-12-06,1.166,75202
1994-12-05,-0.230,74335
1994-12-02,1.159,74506
1994-12-01,-0.249,73653
1994-11-30,0.634,73837
1994-11-29,-0.570,73372
1994-11-28,-0.552,73793
1994-11-25,0.247,74202
1994-11-23,1.738,74020
1994-11-22,0.350,72755
1994-11-21,0.031,72501
1994-11-18,0.073,72479
1994-11-17,-0.501,72426
1994-11-16,-0.525,72791
1994-11-15,0.502,73175
1994-11-14,0.714,72809
1994-11-11,0.031,72293
1994-11-10,-0.607,72270
1994-11-09,0.351,72712
1994-11-08,0.542,72457
1994-11-07,0.031,72067
1994-11-04,-0.542,72045
1994-11-03,-0.183,72438
1994-11-02,-0.247,72570
1994-11-01,-1.019,72750
1994-10-31,-0.035,73499
1994-10-28,0.959,73524
1994-10-27,0.180,72826
1994-10-26,-0.013,72695
1994-10-25,-0.141,72704
1994-10-24,-0.506,72807
1994-10-21,0.181,73177
1994-10-20,-1.046,73045
1994-10-19,-0.361,73817
1994-10-18,-0.341,74085
1994-10-17,0.073,74338
1994-10-14,0.138,74284
1994-10-13,0.574,74181
1994-10-12,-0.253,73758
1994-10-11,0.573,73945
1994-10-10,0.029,73523
1994-10-07,0.506,73501
1994-10-06,0.029,73131
1994-10-05,-0.618,73110
1994-10-04,-0.340,73564
1994-10-03,-0.406,73815
1994-09-30,0.466,74116
1994-09-29,-0.515,73772
1994-09-28,0.466,74154
1994-09-27,-0.559,73810
1994-09-26,0.029,74225
1994-09-23,-0.080,74204
1994-09-22,0.139,74263
1994-09-21,-0.190,74160
1994-09-20,-0.300,74302
1994-09-19,0.447,74525
1994-09-16,-1.549,74194
1994-09-15,0.428,75361
1994-09-14,0.338,75040
1994-09-13,0.249,74787
1994-09-12,-0.082,74601
1994-09-09,-1.493,74662
1994-09-08,0.028,75793
1994-09-07,-0.262,75772
1994-09-06,-0.621,75971
1994-09-02,-0.422,76446
1994-09-01,0.028,76769
1994-08-31,0.186,76748
1994-08-30,0.411,76606
1994-08-29,-0.085,76292
1994-08-26,0.702,76357
1994-08-25,-0.867,75824
1994-08-24,0.861,76487
1994-08-23,0.252,75834
1994-08-22,-0.642,75644
1994-08-19,0.028,76133
1994-08-18,-1.253,76112
1994-08-17,0.073,77077
1994-08-16,1.388,77021
1994-08-15,-0.264,75966
1994-08-12,0.837,76168
1994-08-11,-0.106,75535
1994-08-10,-0.083,75615
1994-08-09,-0.419,75678
1994-08-08,0.141,75997
1994-08-05,-1.588,75890
1994-08-04,-0.245,77114
1994-08-03,0.256,77304
1994-08-02,0.142,77106
1994-08-01,-0.154,76997
1994-07-29,1.849,77115
1994-07-28,0.680,75715
1994-07-27,-0.574,75204
1994-07-26,-0.196,75638
1994-07-25,0.411,75786
1994-07-22,-0.083,75476
1994-07-21,0.029,75539
1994-07-20,-0.868,75518
1994-07-19,0.480,76179
1994-07-18,0.479,75815
1994-07-15,-0.084,75454
1994-07-14,1.690,75517
1994-07-13,0.140,74263
1994-07-12,0.472,74159
1994-07-11,-0.302,73811
1994-07-08,-1.077,74034
1994-07-07,0.140,74840
1994-07-06,-0.083,74735
1994-07-05,0.296,74797
1994-07-01,0.140,74576
1994-06-30,-1.306,74472
1994-06-29,0.253,75458
1994-06-28,-0.802,75267
1994-06-27,0.706,75876
1994-06-24,-1.320,75344
1994-06-23,0.141,76352
1994-06-22,1.208,76244
1994-06-21,-0.534,75334
1994-06-20,-0.040,75738
1994-06-17,-0.853,75769
1994-06-16,0.415,76421
1994-06-15,-1.197,76105
1994-06-14,0.646,77027
1994-06-13,-0.383,76533
1994-06-10,-0.476,76827
1994-06-09,0.027,77194
1994-06-08,-0.202,77173
1994-06-07,-0.456,77330
1994-06-06,0.604,77684
1994-06-03,1.107,77217
1994-06-02,0.438,76371
1994-06-01,0.641,76039
1994-05-31,-0.379,75554
1994-05-27,-0.358,75842
1994-05-26,0.027,76115
1994-05-25,0.437,76094
1994-05-24,0.413,75763
1994-05-23,-1.555,75451
1994-05-20,-0.705,76643
1994-05-19,0.418,77187
1994-05-18,-0.065,76865
1994-05-17,2.210,76915
1994-05-16,0.525,75252
1994-05-13,0.770,74860
1994-05-12,0.409,74287
1994-05-11,-1.131,73985
1994-05-10,1.536,74831
1994-05-09,-1.039,73699
1994-05-06,-2.259,74473
1994-05-05,0.301,76195
1994-05-04,-0.018,75966
1994-05-03,-0.246,75979
1994-05-02,-0.155,76167
1994-04-29,-0.247,76285
1994-04-28,-1.922,76474
1994-04-26,0.260,77973
1994-04-25,0.887,77771
1994-04-22,0.050,77088
1994-04-21,1.389,77049
1994-04-20,0.484,75993
1994-04-19,0.528,75627
1994-04-18,-1.378,75230
1994-04-15,0.073,76281
1994-04-14,-0.362,76225
1994-04-13,-0.708,76503
1994-04-12,0.536,77048
1994-04-11,0.303,76638
1994-04-08,-0.639,76406
1994-04-07,0.535,76898
1994-04-06,0.372,76489
1994-04-05,1.702,76205
1994-04-04,-3.595,74930
1994-03-31,-0.043,77724
1994-03-30,-0.533,77758
1994-03-29,-0.911,78174
1994-03-28,0.144,78893
1994-03-25,-0.092,78779
1994-03-24,-1.555,78852
1994-03-23,-0.022,80097
1994-03-22,1.101,80115
1994-03-21,-0.448,79242
1994-03-18,-0.926,79599
1994-03-17,-0.022,80342
1994-03-16,1.033,80360
1994-03-15,0.335,79539
1994-03-14,-0.211,79273
1994-03-11,0.383,79441
1994-03-10,-1.041,79138
1994-03-09,-0.022,79970
1994-03-08,-0.572,79988
1994-03-07,0.627,80448
1994-03-04,-0.046,79947
1994-03-03,-0.572,79983
1994-03-02,-0.022,80444
1994-03-01,-1.369,80462
1994-02-28,0.706,81579
1994-02-25,0.267,81007
1994-02-24,-1.133,80791
1994-02-23,-0.633,81717
1994-02-22,0.392,82238
1994-02-18,-1.025,81916
1994-02-17,-1.009,82765
1994-02-16,-0.050,83608
1994-02-15,0.024,83650
1994-02-14,-0.423,83630
1994-02-11,0.472,83985
1994-02-10,-0.174,83590
1994-02-09,0.248,83736
1994-02-08,-0.671,83529
1994-02-07,-0.101,84093
1994-02-04,-0.976,84178
1994-02-03,-0.228,85007
1994-02-02,0.226,85201
1994-02-01,-0.983,85010
1994-01-31,-0.230,85854
1994-01-28,0.786,86052
1994-01-27,0.782,85381
1994-01-26,0.150,84718
1994-01-25,-0.378,84592
1994-01-24,-0.153,84912
1994-01-21,-0.128,85042
1994-01-20,0.453,85151
1994-01-19,-0.228,84767
1994-01-18,0.326,84961
1994-01-17,0.023,84685
1994-01-14,-0.530,84665
1994-01-13,-1.164,85116
1994-01-12,1.043,86118
1994-01-11,-0.002,85230
1994-01-10,0.023,85231
1994-01-07,1.592,85211
1994-01-06,0.624,83876
1994-01-05,-0.350,83356
1994-01-04,0.473,83649
1994-01-03,-0.723,83255
1993-12-31,-0.102,83861
1993-12-30,-1.103,83946
1993-12-29,-0.154,84883
1993-12-28,-0.053,85014
1993-12-27,-0.053,85059
1993-12-23,0.074,85104
1993-12-22,1.288,85041
1993-12-21,-0.228,83960
1993-12-20,-0.102,84151
1993-12-17,0.325,84237
1993-12-16,-0.178,83965
1993-12-15,0.023,84114
1993-12-14,-0.655,84095
1993-12-13,-0.659,84650
1993-12-10,-0.536,85211
1993-12-09,0.278,85670
1993-12-08,0.023,85433
1993-12-07,0.023,85414
1993-12-06,1.040,85394
1993-12-03,0.326,84515
1993-12-02,0.199,84241
1993-12-01,0.199,84073
1993-11-30,-0.731,83906
1993-11-29,0.402,84524
1993-11-26,0.602,84186
1993-11-24,-0.102,83682
1993-11-23,0.826,83767
1993-11-22,-0.276,83081
1993-11-19,-1.302,83311
1993-11-18,-0.533,84410
1993-11-17,-0.130,84863
1993-11-16,0.073,84973
1993-11-15,-0.282,84911
1993-11-12,0.735,85151
1993-11-11,0.023,84530
1993-11-10,-0.712,84511
1993-11-09,0.837,85117
1993-11-08,0.124,84410
1993-11-05,-0.508,84306
1993-11-04,-0.688,84737
1993-11-03,-0.489,85324
1993-11-02,-0.824,85743
1993-11-01,-0.803,86455
1993-10-29,0.048,87155
1993-10-28,0.463,87113
1993-10-27,-0.030,86712
1993-10-26,0.332,86738
1993-10-25,-0.494,86451
1993-10-22,-0.807,86880
1993-10-21,-1.151,87587
1993-10-20,0.232,88607
1993-10-19,0.074,88402
1993-10-18,-0.950,88337
1993-10-15,1.026,89184
1993-10-14,0.756,88278
1993-10-13,-0.030,87616
1993-10-12,0.022,87642
1993-10-11,0.022,87623
1993-10-08,1.197,87603
1993-10-07,0.074,86567
1993-10-06,0.022,86503
1993-10-05,-0.236,86484
1993-10-04,0.048,86689
1993-10-01,0.799,86647
1993-09-30,-0.494,85960
1993-09-29,-0.754,86387
1993-09-28,0.412,87044
1993-09-27,1.188,86687
1993-09-24,0.022,85669
1993-09-23,0.536,85651
1993-09-22,0.534,85194
1993-09-21,-0.743,84741
1993-09-20,-0.492,85376
1993-09-17,-0.365,85799
1993-09-16,-0.108,86113
1993-09-15,-0.366,86206
1993-09-14,-1.405,86523
1993-09-13,0.413,87756
1993-09-10,0.936,87395
1993-09-09,-1.277,86584
1993-09-08,0.283,87704
1993-09-07,0.936,87457
1993-09-03,1.191,86646
1993-09-02,0.666,85626
1993-09-01,0.022,85060
1993-08-31,0.407,85041
1993-08-30,0.149,84697
1993-08-27,-0.489,84571
1993-08-26,1.176,84987
1993-08-25,0.276,83999
1993-08-24,0.276,83767
1993-08-23,0.021,83537
1993-08-20,-0.104,83519
1993-08-19,0.656,83606
1993-08-18,0.653,83061
1993-08-17,0.023,82522
1993-08-16,0.524,82503
1993-08-13,0.273,82073
1993-08-12,0.897,81850
1993-08-11,0.147,81122
1993-08-10,0.271,81003
1993-08-09,0.764,80784
1993-08-06,0.024,80171
1993-08-05,0.147,80152
1993-08-04,-0.099,80035
1993-08-03,0.393,80114
1993-08-02,0.145,79801
1993-07-30,0.024,79685
1993-07-29,1.126,79666
1993-07-28,0.267,78779
1993-07-27,0.024,78569
1993-07-26,0.387,78550
1993-07-23,-0.701,78247
1993-07-22,-0.341,78799
1993-07-21,-0.829,79069
1993-07-20,-0.099,79730
1993-07-19,0.023,79809
1993-07-16,0.147,79791
1993-07-15,0.146,79674
1993-07-14,0.759,79557
1993-07-13,0.024,78958
1993-07-12,0.267,78939
1993-07-09,0.268,78729
1993-07-08,0.267,78519
1993-07-07,0.024,78309
1993-07-06,-0.098,78290
1993-07-02,0.267,78368
1993-07-01,-0.097,78159
1993-06-30,-0.097,78235
1993-06-29,0.024,78311
1993-06-28,0.509,78292
1993-06-25,0.387,77895
1993-06-24,0.386,77595
1993-06-23,0.145,77296
1993-06-22,0.025,77185
1993-06-21,0.504,77165
1993-06-18,-0.095,76778
1993-06-17,0.145,76851
1993-06-16,0.145,76740
1993-06-15,-0.214,76629
1993-06-14,-0.096,76794
1993-06-11,0.984,76868
1993-06-10,-0.094,76119
1993-06-09,0.502,76190
1993-06-08,-0.331,75810
1993-06-07,0.381,76062
1993-06-04,-0.568,75773
1993-06-03,0.264,76206
1993-06-02,0.025,76005
1993-06-01,1.214,75986
1993-05-28,-0.564,75075
1993-05-27,0.144,75501
1993-05-26,0.854,75392
1993-05-25,-0.210,74754
1993-05-24,0.496,74911
1993-05-21,-0.444,74541
1993-05-20,-0.092,74874
1993-05-19,0.497,74943
1993-05-18,-0.562,74572
1993-05-17,-0.211,74993
1993-05-14,0.144,75152
1993-05-13,-1.156,75044
1993-05-12,-0.452,75922
1993-05-11,-0.095,76267
1993-05-10,0.503,76339
1993-05-07,-0.572,75957
1993-05-06,0.265,76394
1993-05-05,-0.095,76192
1993-05-04,0.624,76264
1993-05-03,1.097,75792
1993-04-30,-0.802,74969
1993-04-29,0.382,75575
1993-04-28,-0.093,75288
1993-04-27,-0.806,75358
1993-04-26,-0.454,75971
1993-04-23,-0.455,76317
1993-04-22,0.025,76666
1993-04-21,0.145,76647
1993-04-20,-0.336,76536
1993-04-19,0.386,76795
1993-04-16,-0.336,76500
1993-04-15,0.387,76758
1993-04-14,0.506,76462
1993-04-13,-0.095,76077
1993-04-12,0.744,76150
1993-04-08,1.338,75587
1993-04-07,0.144,74589
1993-04-06,0.852,74482
1993-04-05,0.259,73853
1993-04-02,-1.028,73662
1993-04-01,-0.447,74427
1993-03-31,-0.212,74761
1993-03-30,-0.093,74920
1993-03-29,0.500,74990
1993-03-26,-1.277,74617
1993-03-25,-0.214,75582
1993-03-24,-0.454,75744
1993-03-23,0.506,76090
1993-03-22,0.024,75707
1993-03-19,-0.095,75689
1993-03-18,0.744,75761
1993-03-17,0.144,75201
1993-03-16,0.502,75092
1993-03-15,-0.569,74717
1993-03-12,-1.287,75145
1993-03-11,0.025,76125
1993-03-10,-0.216,76106
1993-03-09,-0.096,76271
1993-03-08,0.507,76344
1993-03-05,-0.336,75959
1993-03-04,0.628,76216
1993-03-03,0.746,75740
1993-03-02,-0.094,75179
1993-03-01,0.861,75250
1993-02-26,-0.094,74608
1993-02-25,-0.094,74678
1993-02-24,-0.570,74748
1993-02-23,1.460,75176
1993-02-22,0.734,74094
1993-02-19,0.143,73554
1993-02-18,1.084,73449
1993-02-17,0.376,72661
1993-02-16,-0.091,72389
1993-02-12,0.259,72456
1993-02-11,1.304,72269
1993-02-10,-0.663,71338
1993-02-09,-0.205,71815
1993-02-08,-0.090,71962
1993-02-05,0.258,72027
1993-02-04,0.489,71841
1993-02-03,0.257,71492
1993-02-02,-0.434,71308
1993-02-01,0.026,71619
1993-01-29,0.258,71600
1993-01-28,0.257,71416
1993-01-27,0.142,71233
1993-01-26,-0.433,71132
1993-01-25,0.949,71442
1993-01-22,0.141,70770
1993-01-21,0.141,70670
1993-01-20,-0.087,70570
1993-01-19,0.484,70632
1993-01-18,0.028,70292
1993-01-15,0.711,70273
1993-01-14,0.481,69776
1993-01-13,0.367,69442
1993-01-12,-0.085,69189
1993-01-11,0.027,69248
1993-01-08,-0.198,69229
1993-01-07,-1.216,69366
1993-01-06,-0.087,70220
1993-01-05,0.027,70281
1993-01-04,0.826,70262
1992-12-31,-0.086,69687
1992-12-30,-0.200,69747
1992-12-29,0.369,69887
1992-12-28,-0.428,69630
1992-12-24,0.027,69930
1992-12-23,-0.201,69911
1992-12-22,0.484,70051
1992-12-21,0.595,69714
1992-12-18,0.027,69302
1992-12-17,0.141,69283
1992-12-16,0.141,69185
1992-12-15,0.028,69088
1992-12-14,-0.086,69069
1992-12-11,-0.199,69129
1992-12-10,0.254,69266
1992-12-09,0.028,69091
1992-12-08,0.141,69072
1992-12-07,0.592,68975
1992-12-04,0.816,68569
1992-12-03,0.028,68014
1992-12-02,0.028,67995
1992-12-01,0.252,67976
1992-11-30,0.027,67805
1992-11-27,-0.531,67787
1992-11-25,-0.084,68148
1992-11-24,0.365,68206
1992-11-23,-0.197,67958
1992-11-20,0.028,68092
1992-11-19,-0.309,68073
1992-11-18,0.478,68284
1992-11-17,0.140,67959
1992-11-16,0.139,67864
1992-11-13,0.028,67770
1992-11-12,1.258,67751
1992-11-11,0.029,66909
1992-11-10,0.804,66890
1992-11-09,0.138,66356
1992-11-06,-0.741,66265
1992-11-05,0.029,66760
1992-11-04,-0.414,66741
1992-11-03,0.139,67018
1992-11-02,-0.305,66925
1992-10-30,-0.305,67130
1992-10-29,0.474,67335
1992-10-28,-0.194,67017
1992-10-27,0.474,67148
1992-10-26,-0.083,66831
1992-10-23,-0.416,66887
1992-10-22,0.251,67166
1992-10-21,0.251,66998
1992-10-20,-0.860,66830
1992-10-19,-0.308,67410
1992-10-16,-0.309,67619
1992-10-15,-0.085,67828
1992-10-14,0.366,67885
1992-10-13,-0.086,67638
1992-10-12,0.028,67696
1992-10-09,-0.759,67677
1992-10-08,0.367,68194
1992-10-07,-0.762,67945
1992-10-06,-0.767,68467
1992-10-05,-0.088,68996
1992-10-02,-0.316,69056
1992-10-01,0.944,69275
1992-09-30,-0.200,68627
1992-09-29,-0.201,68765
1992-09-28,0.140,68903
1992-09-25,0.826,68807
1992-09-24,0.708,68243
1992-09-23,-0.311,67763
1992-09-22,-1.103,67975
1992-09-21,-0.316,68733
1992-09-18,0.256,68951
1992-09-17,0.141,68775
1992-09-16,-0.201,68678
1992-09-15,-0.773,68816
1992-09-14,0.486,69352
1992-09-11,-0.661,69016
1992-09-10,0.142,69475
1992-09-09,-0.203,69377
1992-09-08,0.718,69518
1992-09-04,0.945,69023
1992-09-03,0.027,68377
1992-09-02,0.141,68358
1992-09-01,0.483,68262
1992-08-31,0.027,67934
1992-08-28,0.028,67916
1992-08-27,0.141,67897
1992-08-26,0.481,67802
1992-08-25,-0.311,67477
1992-08-24,-0.879,67688
1992-08-21,-0.429,68288
1992-08-20,0.142,68582
1992-08-19,0.027,68485
1992-08-18,0.484,68467
1992-08-17,-0.429,68136
1992-08-14,0.370,68430
1992-08-13,-0.315,68178
1992-08-12,0.027,68393
1992-08-11,0.484,68374
1992-08-10,0.368,68045
1992-08-07,0.596,67795
1992-08-06,-0.199,67394
1992-08-05,0.028,67528
1992-08-04,0.367,67509
1992-08-03,0.027,67262
1992-07-31,0.028,67244
1992-07-30,-0.311,67225
1992-07-29,0.141,67435
1992-07-28,1.046,67340
1992-07-27,0.476,66643
1992-07-24,-0.308,66327
1992-07-23,0.926,66532
1992-07-22,0.585,65922
1992-07-21,-0.082,65538
1992-07-20,0.250,65592
1992-07-17,-0.636,65429
1992-07-16,0.251,65848
1992-07-15,0.584,65683
1992-07-14,-0.193,65301
1992-07-13,-0.305,65427
1992-07-10,-0.305,65627
1992-07-09,0.028,65828
1992-07-08,0.028,65809
1992-07-07,0.140,65791
1992-07-06,0.138,65699
1992-07-02,1.475,65608
1992-07-01,0.359,64654
1992-06-30,-0.081,64423
1992-06-29,0.138,64475
1992-06-26,-0.081,64386
1992-06-25,0.578,64438
1992-06-24,0.248,64068
1992-06-23,-0.080,63909
1992-06-22,-0.081,63960
1992-06-19,-0.299,64012
1992-06-18,0.248,64204
1992-06-17,0.248,64045
1992-06-16,0.139,63886
1992-06-15,0.028,63798
1992-06-12,0.357,63780
1992-06-11,0.247,63553
1992-06-10,-0.188,63396
1992-06-09,-0.406,63516
1992-06-08,0.028,63775
1992-06-05,0.466,63756
1992-06-04,0.029,63460
1992-06-03,-0.079,63442
1992-06-02,0.356,63492
1992-06-01,-0.624,63267
1992-05-29,0.357,63664
1992-05-28,0.465,63437
1992-05-27,0.138,63143
1992-05-26,-0.948,63056
1992-05-22,0.357,63660
1992-05-21,-0.734,63433
1992-05-20,-0.190,63902
1992-05-19,0.579,64024
1992-05-18,-0.081,63656
1992-05-15,0.687,63708
1992-05-14,-0.189,63273
1992-05-13,0.139,63393
1992-05-12,0.466,63305
1992-05-11,0.029,63011
1992-05-08,1.117,62993
1992-05-07,-0.293,62298
1992-05-06,0.462,62481
1992-05-05,0.245,62194
1992-05-04,-0.186,62042
1992-05-01,0.568,62157
1992-04-30,0.245,61806
1992-04-29,-0.184,61655
1992-04-28,0.459,61768
1992-04-27,-0.398,61486
1992-04-24,0.030,61732
1992-04-23,-0.184,61713
1992-04-22,-0.077,61827
1992-04-21,-0.077,61875
1992-04-20,-0.939,61923
1992-04-16,-0.621,62510
1992-04-15,0.138,62901
1992-04-14,-0.188,62814
1992-04-13,0.356,62932
1992-04-10,-0.406,62709
1992-04-09,1.012,62964
1992-04-08,-0.404,62334
1992-04-07,-0.188,62586
1992-04-06,0.029,62704
1992-04-03,0.465,62686
1992-04-02,-0.187,62396
1992-04-01,0.682,62513
1992-03-31,-0.078,62090
1992-03-30,-0.079,62138
1992-03-27,0.571,62188
1992-03-26,-0.509,61834
1992-03-25,0.030,62151
1992-03-24,1.113,62132
1992-03-23,0.137,61448
1992-03-20,-0.721,61364
1992-03-19,0.354,61810
1992-03-18,0.138,61592
1992-03-17,0.568,61507
1992-03-16,-0.078,61160
1992-03-13,-0.184,61208
1992-03-12,-0.829,61321
1992-03-11,-0.727,61833
1992-03-10,-0.079,62286
1992-03-09,0.573,62336
1992-03-06,0.247,61980
1992-03-05,-0.511,61828
1992-03-04,0.356,62146
1992-03-03,-0.296,61925
1992-03-02,-1.059,62109
1992-02-28,0.687,62773
1992-02-27,-0.080,62345
1992-02-26,1.012,62395
1992-02-25,0.355,61769
1992-02-24,-0.187,61551
1992-02-21,-0.403,61666
1992-02-20,0.247,61916
1992-02-19,0.464,61763
1992-02-18,-0.620,61478
1992-02-14,0.138,61862
1992-02-13,-1.164,61776
1992-02-12,-0.190,62504
1992-02-11,0.029,62623
1992-02-10,-0.191,62605
1992-02-07,-0.191,62725
1992-02-06,-0.081,62845
1992-02-05,0.250,62896
1992-02-04,0.690,62739
1992-02-03,-0.519,62310
1992-01-31,0.249,62635
1992-01-30,-0.410,62479
1992-01-29,-0.963,62736
1992-01-28,0.584,63346
1992-01-27,0.028,62978
1992-01-24,0.029,62961
1992-01-23,-0.966,62943
1992-01-22,-0.529,63557
1992-01-21,0.475,63895
1992-01-20,0.029,63593
1992-01-17,0.475,63574
1992-01-16,-0.861,63274
1992-01-15,-0.308,63823
1992-01-14,-0.533,64020
1992-01-13,-0.198,64363
1992-01-10,-0.537,64491
1992-01-09,-0.086,64839
1992-01-08,-0.200,64895
1992-01-07,0.597,65025
1992-01-06,0.480,64639
1992-01-03,-0.198,64330
1992-01-02,-0.538,64458
1991-12-31,0.482,64807
1991-12-30,0.819,64496
1991-12-27,-0.084,63972
1991-12-26,0.253,64026
1991-12-24,0.028,63864
1991-12-23,0.702,63846
1991-12-20,1.034,63401
1991-12-19,0.916,62752
1991-12-18,-0.081,62183
1991-12-17,0.249,62233
1991-12-16,0.248,62078
1991-12-13,-0.190,61924
1991-12-12,0.469,62043
1991-12-11,-0.190,61753
1991-12-10,-0.081,61870
1991-12-09,0.028,61920
1991-12-06,0.909,61903
1991-12-05,-0.189,61345
1991-12-04,0.685,61461
1991-12-03,0.247,61043
1991-12-02,0.246,60892
1991-11-29,0.355,60743
1991-11-27,-0.186,60528
1991-11-26,0.463,60641
1991-11-25,0.029,60362
1991-11-22,-0.294,60344
1991-11-21,-0.403,60522
1991-11-20,-0.187,60767
1991-11-19,-0.623,60881
1991-11-18,0.029,61262
1991-11-15,-0.189,61245
1991-11-14,0.687,61361
1991-11-13,-0.842,60943
1991-11-12,0.906,61460
1991-11-11,0.030,60908
1991-11-08,0.465,60890
1991-11-07,1.007,60608
1991-11-06,0.138,60004
1991-11-05,-0.723,59921
1991-11-04,-0.188,60358
1991-11-01,-0.187,60471
1991-10-31,-0.079,60584
1991-10-30,0.138,60632
1991-10-29,1.334,60548
1991-10-28,0.244,59751
1991-10-25,-0.184,59606
1991-10-24,0.676,59716
1991-10-23,0.137,59315
1991-10-22,-0.397,59234
1991-10-21,-0.936,59470
1991-10-18,0.354,60032
1991-10-17,-1.264,59820
1991-10-16,-0.079,60585
1991-10-15,0.356,60634
1991-10-14,0.030,60419
1991-10-11,0.900,60401
1991-10-10,-0.726,59862
1991-10-09,-0.948,60300
1991-10-08,-0.299,60877
1991-10-07,0.028,61060
1991-10-04,0.579,61042
1991-10-03,-0.080,60691
1991-10-02,-0.189,60740
1991-10-01,0.139,60855
1991-09-30,0.138,60771
1991-09-27,0.686,60687
1991-09-26,0.247,60273
1991-09-25,-0.188,60124
1991-09-24,-0.079,60237
1991-09-23,0.138,60285
1991-09-20,0.356,60202
1991-09-19,0.030,59988
1991-09-18,0.030,59971
1991-09-17,0.138,59953
1991-09-16,0.246,59870
1991-09-13,0.138,59723
1991-09-12,0.679,59640
1991-09-11,-0.077,59238
1991-09-10,-0.078,59284
1991-09-09,0.245,59330
1991-09-06,0.784,59185
1991-09-05,-0.291,58725
1991-09-04,-0.077,58896
1991-09-03,0.136,58941
1991-08-30,-0.721,58861
1991-08-29,0.786,59288
1991-08-28,0.889,58826
1991-08-27,0.137,58308
1991-08-26,-0.183,58228
1991-08-23,-0.822,58334
1991-08-22,0.245,58818
1991-08-21,0.245,58674
1991-08-20,0.245,58531
1991-08-19,-0.184,58388
1991-08-16,0.031,58496
1991-08-15,-0.076,58478
1991-08-14,0.994,58523
1991-08-13,0.456,57946
1991-08-12,0.242,57683
1991-08-09,-0.075,57544
1991-08-08,-0.498,57587
1991-08-07,0.137,57875
1991-08-06,0.668,57796
1991-08-05,0.136,57413
1991-08-02,1.403,57335
1991-08-01,-0.177,56541
1991-07-31,0.345,56641
1991-07-30,0.032,56446
1991-07-29,0.031,56429
1991-07-26,-0.073,56411
1991-07-25,0.449,56452
1991-07-24,0.864,56200
1991-07-23,-0.174,55718
1991-07-22,0.031,55816
1991-07-19,0.239,55798
1991-07-18,-0.071,55665
1991-07-17,-0.278,55705
1991-07-16,-0.175,55860
1991-07-15,0.031,55958
1991-07-12,0.344,55941
1991-07-11,0.654,55749
1991-07-10,0.032,55387
1991-07-09,-0.174,55369
1991-07-08,-0.175,55466
1991-07-05,-0.692,55563
1991-07-03,0.240,55950
1991-07-02,0.032,55816
1991-07-01,-0.177,55798
1991-06-28,0.760,55897
1991-06-27,0.239,55475
1991-06-26,0.032,55343
1991-06-25,0.032,55325
1991-06-24,0.031,55307
1991-06-21,-0.277,55290
1991-06-20,0.446,55444
1991-06-19,0.032,55197
1991-06-18,-0.277,55180
1991-06-17,-0.175,55333
1991-06-14,0.654,55430
1991-06-13,0.238,55070
1991-06-12,-0.688,54939
1991-06-11,0.032,55320
1991-06-10,0.031,55302
1991-06-07,-0.589,55285
1991-06-06,-0.280,55612
1991-06-05,-0.490,55769
1991-06-04,0.032,56043
1991-06-03,-0.807,56025
1991-05-31,-0.391,56481
1991-05-30,0.772,56703
1991-05-29,-0.074,56268
1991-05-28,0.346,56310
1991-05-24,0.031,56116
1991-05-23,-0.284,56098
1991-05-22,-0.179,56258
1991-05-21,0.453,56359
1991-05-20,-0.180,56104
1991-05-17,0.558,56205
1991-05-16,0.136,55894
1991-05-15,0.241,55817
1991-05-14,-0.910,55683
1991-05-13,0.663,56194
1991-05-10,-1.227,55824
1991-05-09,0.349,56517
1991-05-08,0.031,56321
1991-05-07,-0.074,56303
1991-05-06,-0.075,56345
1991-05-03,-0.816,56388
1991-05-02,0.457,56852
1991-05-01,0.243,56593
1991-04-30,0.349,56455
1991-04-29,-0.075,56259
1991-04-26,0.243,56301
1991-04-25,-0.180,56165
1991-04-24,0.666,56266
1991-04-23,0.242,55894
1991-04-22,-0.600,55759
1991-04-19,-0.603,56096
1991-04-18,-0.713,56436
1991-04-17,0.244,56841
1991-04-16,-0.076,56702
1991-04-15,0.457,56745
1991-04-12,1.201,56487
1991-04-11,0.031,55817
1991-04-10,-0.707,55799
1991-04-09,-0.393,56196
1991-04-08,0.243,56418
1991-04-05,0.137,56281
1991-04-04,0.562,56204
1991-04-03,-0.180,55890
1991-04-02,0.349,55991
1991-04-01,-0.076,55796
1991-03-28,0.243,55839
1991-03-27,0.559,55703
1991-03-26,0.137,55394
1991-03-25,0.136,55318
1991-03-22,0.136,55243
1991-03-21,0.346,55168
1991-03-20,0.554,54978
1991-03-19,-0.801,54675
1991-03-18,-0.388,55116
1991-03-15,-1.020,55331
1991-03-14,0.031,55901
1991-03-13,0.667,55884
1991-03-12,-0.285,55513
1991-03-11,0.771,55672
1991-03-08,-0.705,55246
1991-03-07,0.666,55638
1991-03-06,-0.389,55270
1991-03-05,0.454,55486
1991-03-04,-0.075,55235
1991-03-01,-0.917,55277
1991-02-28,-0.394,55788
1991-02-27,-0.076,56008
1991-02-26,-0.929,56051
1991-02-25,0.245,56576
1991-02-22,-0.291,56438
1991-02-21,-0.185,56603
1991-02-20,-0.293,56708
1991-02-19,-0.187,56874
1991-02-15,0.247,56981
1991-02-14,-0.186,56841
1991-02-13,-0.078,56946
1991-02-12,0.138,56991
1991-02-11,-0.187,56912
1991-02-08,0.681,57019
1991-02-07,0.138,56633
1991-02-06,0.030,56555
1991-02-05,0.354,56538
1991-02-04,0.460,56339
1991-02-01,1.316,56081
1991-01-31,0.243,55353
1991-01-30,-0.286,55218
1991-01-29,0.349,55377
1991-01-28,0.136,55184
1991-01-25,-0.603,55109
1991-01-24,0.350,55443
1991-01-23,0.243,55250
1991-01-22,-0.605,55116
1991-01-21,0.031,55451
1991-01-18,0.137,55434
1991-01-17,2.369,55358
1991-01-16,0.136,54077
1991-01-15,0.032,54003
1991-01-14,-0.177,53986
1991-01-11,-0.177,54082
1991-01-10,0.973,54178
1991-01-09,-0.901,53656
1991-01-08,-0.491,54144
1991-01-07,-1.229,54411
1991-01-04,-0.924,55088
1991-01-03,0.352,55602
1991-01-02,1.310,55407
1990-12-31,0.558,54690
1990-12-28,-0.599,54387
1990-12-27,0.560,54714
1990-12-26,0.662,54410
1990-12-24,-0.806,54052
1990-12-21,-0.601,54491
1990-12-20,-0.286,54820
1990-12-19,-0.394,54978
1990-12-18,0.351,55195
1990-12-17,0.243,55002
1990-12-14,-0.605,54869
1990-12-13,-0.716,55203
1990-12-12,0.353,55601
1990-12-11,0.459,55406
1990-12-10,0.563,55153
1990-12-07,1.730,54844
1990-12-06,-0.282,53911
1990-12-05,0.557,54064
1990-12-04,-0.073,53765
1990-12-03,0.450,53804
1990-11-30,0.762,53563
1990-11-29,-0.071,53158
1990-11-28,-0.175,53196
1990-11-27,-0.176,53289
1990-11-26,0.239,53383
1990-11-23,0.032,53255
1990-11-21,0.344,53238
1990-11-20,0.447,53056
1990-11-19,-0.485,52820
1990-11-16,0.759,53077
1990-11-15,-0.174,52678
1990-11-14,0.136,52769
1990-11-13,1.167,52698
1990-11-12,0.033,52090
1990-11-09,1.056,52073
1990-11-08,-0.170,51529
1990-11-07,-0.678,51616
1990-11-06,-0.069,51968
1990-11-05,0.748,52004
1990-11-02,0.033,51618
1990-11-01,0.847,51601
1990-10-31,0.539,51168
1990-10-30,0.134,50894
1990-10-29,-0.771,50826
1990-10-26,-0.169,51221
1990-10-25,0.540,51307
1990-10-24,0.034,51032
1990-10-23,-0.269,51014
1990-10-22,-0.068,51152
1990-10-19,1.046,51187
1990-10-18,0.435,50657
1990-10-17,0.534,50438
1990-10-16,0.134,50170
1990-10-15,0.332,50102
1990-10-12,1.028,49937
1990-10-11,-0.458,49429
1990-10-10,-0.460,49656
1990-10-09,-1.854,49885
1990-10-08,0.034,50828
1990-10-05,0.235,50811
1990-10-04,0.437,50691
1990-10-03,-0.067,50471
1990-10-02,0.034,50505
1990-10-01,1.239,50487
1990-09-28,0.930,49870
1990-09-27,0.924,49410
1990-09-26,0.133,48958
1990-09-25,0.329,48893
1990-09-24,-0.454,48733
1990-09-21,-0.750,48955
1990-09-20,-0.262,49325
1990-09-19,0.332,49454
1990-09-18,0.133,49291
1990-09-17,-0.460,49225
1990-09-14,-0.461,49452
1990-09-13,0.034,49681
1990-09-12,0.034,49664
1990-09-11,0.233,49647
1990-09-10,-0.563,49532
1990-09-07,0.434,49812
1990-09-06,0.233,49597
1990-09-05,0.531,49482
1990-09-04,-0.362,49220
1990-08-31,-0.065,49399
1990-08-30,-0.264,49431
1990-08-29,1.229,49562
1990-08-28,-0.458,48960
1990-08-27,1.519,49185
1990-08-24,-0.552,48449
1990-08-23,-0.751,48718
1990-08-22,-0.856,49087
1990-08-21,-0.165,49511
1990-08-20,0.233,49593
1990-08-17,-0.265,49477
1990-08-16,-1.465,49609
1990-08-15,0.236,50346
1990-08-14,0.539,50228
1990-08-13,-0.369,49959
1990-08-10,-0.370,50144
1990-08-09,1.249,50330
1990-08-08,-0.066,49709
1990-08-07,-0.367,49742
1990-08-06,-2.686,49926
1990-08-03,-0.894,51304
1990-08-02,-1.006,51767
1990-08-01,0.660,52292
1990-07-31,-0.176,51950
1990-07-30,0.866,52041
1990-07-27,0.654,51594
1990-07-26,0.136,51259
1990-07-25,0.445,51190
1990-07-24,-0.480,50963
1990-07-23,0.032,51209
1990-07-20,0.239,51193
1990-07-19,-0.070,51071
1990-07-18,-0.894,51107
1990-07-17,0.032,51568
1990-07-16,0.032,51551
1990-07-13,0.448,51535
1990-07-12,0.653,51305
1990-07-11,0.033,50972
1990-07-10,-0.070,50956
1990-07-09,-0.380,50991
1990-07-06,-0.898,51186
1990-07-05,-0.177,51650
1990-07-03,0.136,51741
1990-07-02,0.031,51671
1990-06-29,0.449,51654
1990-06-28,0.448,51423
1990-06-27,0.447,51194
1990-06-26,0.342,50966
1990-06-25,-0.689,50793
1990-06-22,0.136,51145
1990-06-21,0.239,51075
1990-06-20,-0.381,50953
1990-06-19,-0.071,51148
1990-06-18,-0.383,51184
1990-06-15,-0.696,51381
1990-06-14,0.346,51742
1990-06-13,0.659,51563
1990-06-12,0.032,51226
1990-06-11,-0.072,51209
1990-06-08,-0.072,51246
1990-06-07,0.136,51283
1990-06-06,0.240,51213
1990-06-05,-0.279,51090
1990-06-04,0.031,51233
1990-06-01,1.594,51217
1990-05-31,0.238,50414
1990-05-30,0.443,50294
1990-05-29,0.339,50072
1990-05-25,-0.681,49903
1990-05-24,-0.070,50245
1990-05-23,0.238,50280
1990-05-22,0.853,50161
1990-05-21,0.134,49736
1990-05-18,-0.475,49669
1990-05-17,-0.069,49907
1990-05-16,-0.171,49941
1990-05-15,-0.377,50027
1990-05-14,0.649,50216
1990-05-11,1.771,49892
1990-05-10,0.941,49024
1990-05-09,-0.866,48567
1990-05-08,0.437,48991
1990-05-07,-0.168,48778
1990-05-04,1.644,48860
1990-05-03,0.630,48070
1990-05-02,-0.064,47769
1990-05-01,-0.361,47799
1990-04-30,0.431,47972
1990-04-27,0.035,47767
1990-04-26,-0.559,47750
1990-04-25,0.034,48018
1990-04-24,-0.164,48002
1990-04-23,-0.265,48081
1990-04-20,-0.664,48209
1990-04-19,-0.066,48531
1990-04-18,-1.071,48563
1990-04-17,-0.981,49089
1990-04-16,-0.377,49575
1990-04-12,-0.172,49763
1990-04-11,-0.070,49849
1990-04-10,-0.173,49884
1990-04-09,-0.277,49970
1990-04-06,0.033,50109
1990-04-05,0.033,50092
1990-04-04,0.962,50076
1990-04-03,0.238,49599
1990-04-02,0.032,49481
1990-03-30,-0.479,49465
1990-03-29,-1.098,49703
1990-03-28,0.136,50254
1990-03-27,-0.071,50186
1990-03-26,0.135,50222
1990-03-23,0.136,50154
1990-03-22,-0.175,50086
1990-03-21,0.032,50173
1990-03-20,0.759,50157
1990-03-19,0.135,49779
1990-03-16,0.857,49712
1990-03-15,-0.172,49290
1990-03-14,1.161,49374
1990-03-13,-0.982,48808
1990-03-12,0.135,49292
1990-03-09,-0.683,49226
1990-03-08,0.239,49564
1990-03-07,0.136,49446
1990-03-06,0.752,49379
1990-03-05,-1.091,49011
1990-03-02,0.651,49551
1990-03-01,-0.685,49231
1990-02-28,-0.896,49570
1990-02-27,0.448,50018
1990-02-26,0.757,49795
1990-02-23,0.033,49421
1990-02-22,1.063,49404
1990-02-21,0.033,48885
1990-02-20,-2.010,48869
1990-02-16,0.136,49871
1990-02-15,-0.590,49803
1990-02-14,-0.176,50099
1990-02-13,0.450,50187
1990-02-12,-0.697,49963
1990-02-09,1.499,50313
1990-02-08,0.757,49571
1990-02-07,0.136,49198
1990-02-06,-0.481,49131
1990-02-05,-0.175,49369
1990-02-02,-0.691,49455
1990-02-01,0.240,49799
1990-01-31,0.967,49680
1990-01-30,-0.070,49204
1990-01-29,0.135,49239
1990-01-26,-0.895,49172
1990-01-25,-0.487,49616
1990-01-24,-1.219,49859
1990-01-23,0.243,50474
1990-01-22,-0.179,50352
1990-01-19,0.664,50443
1990-01-18,-1.016,50110
1990-01-17,0.032,50624
1990-01-16,-0.816,50608
1990-01-15,0.032,51024
1990-01-12,-0.608,51008
1990-01-11,0.031,51320
1990-01-10,-0.076,51304
1990-01-09,-0.076,51343
1990-01-08,-0.291,51382
1990-01-05,-0.184,51532
1990-01-04,0.031,51627
1990-01-03,-0.400,51611
1990-01-02,-0.187,51819
1989-12-29,-0.078,51916
1989-12-28,0.139,51956
1989-12-27,0.247,51884
1989-12-26,-1.268,51756
1989-12-22,-0.188,52420
1989-12-21,-0.189,52519
1989-12-20,0.140,52619
1989-12-19,-0.189,52545
1989-12-18,0.358,52645
1989-12-15,-0.079,52457
1989-12-14,0.359,52498
1989-12-13,0.249,52311
1989-12-12,-0.079,52181
1989-12-11,-0.080,52222
1989-12-08,0.576,52264
1989-12-07,-0.187,51964
1989-12-06,-0.296,52062
1989-12-05,0.030,52217
1989-12-04,0.029,52201
1989-12-01,0.249,52185
1989-11-30,0.357,52056
1989-11-29,-0.187,51871
1989-11-28,0.139,51968
1989-11-27,-0.406,51896
1989-11-24,0.030,52107
1989-11-22,0.358,52092
1989-11-21,0.139,51906
1989-11-20,0.247,51834
1989-11-17,-0.730,51706
1989-11-16,0.030,52086
1989-11-15,0.358,52070
1989-11-14,-0.079,51884
1989-11-13,0.139,51925
1989-11-10,0.139,51854
1989-11-09,-0.296,51781
1989-11-08,0.030,51935
1989-11-07,1.013,51920
1989-11-06,-0.512,51399
1989-11-03,-0.405,51663
1989-11-02,0.139,51873
1989-11-01,0.358,51801
1989-10-31,0.139,51617
1989-10-30,0.247,51545
1989-10-27,-0.621,51418
1989-10-26,-0.079,51739
1989-10-25,-0.079,51780
1989-10-24,0.796,51821
1989-10-23,0.464,51412
1989-10-20,-0.078,51174
1989-10-19,0.681,51214
1989-10-18,-0.185,50868
1989-10-17,-0.293,50962
1989-10-16,-1.053,51112
1989-10-13,1.560,51656
1989-10-12,0.355,50862
1989-10-11,-0.400,50683
1989-10-10,0.030,50886
1989-10-09,0.031,50871
1989-10-06,0.895,50855
1989-10-05,0.782,50404
1989-10-04,0.351,50013
1989-10-03,0.351,49838
1989-10-02,0.243,49664
1989-09-29,0.138,49543
1989-09-28,0.032,49475
1989-09-27,0.032,49460
1989-09-26,0.561,49444
1989-09-25,-1.022,49168
1989-09-22,-0.075,49676
1989-09-21,-0.394,49713
1989-09-20,-0.609,49910
1989-09-19,0.031,50215
1989-09-18,-0.077,50200
1989-09-15,0.461,50239
1989-09-14,0.352,50008
1989-09-13,-0.609,49833
1989-09-12,-0.183,50138
1989-09-11,0.030,50230
1989-09-08,0.461,50215
1989-09-07,0.031,49985
1989-09-06,0.352,49969
1989-09-05,0.030,49793
1989-09-01,0.779,49779
1989-08-31,-0.075,49394
1989-08-30,0.138,49431
1989-08-29,0.244,49363
1989-08-28,-0.499,49242
1989-08-25,-0.181,49489
1989-08-24,0.351,49579
1989-08-23,0.670,49406
1989-08-22,-0.709,49077
1989-08-21,-0.289,49427
1989-08-18,0.138,49571
1989-08-17,-0.288,49502
1989-08-16,0.673,49645
1989-08-15,0.457,49314
1989-08-14,-1.029,49089
1989-08-11,-0.503,49600
1989-08-10,0.461,49851
1989-08-09,-0.397,49622
1989-08-08,0.031,49820
1989-08-07,0.030,49804
1989-08-04,-1.902,49789
1989-08-03,-0.624,50754
1989-08-02,-0.080,51073
1989-08-01,1.018,51114
1989-07-31,0.792,50599
1989-07-28,0.464,50201
1989-07-27,0.894,49969
1989-07-26,0.138,49527
1989-07-25,0.245,49458
1989-07-24,0.244,49337
1989-07-21,-0.608,49217
1989-07-20,0.460,49518
1989-07-19,0.352,49292
1989-07-18,-0.608,49119
1989-07-17,-0.184,49419
1989-07-14,-0.398,49510
1989-07-13,-0.077,49708
1989-07-12,0.031,49746
1989-07-11,-0.185,49731
1989-07-10,0.246,49823
1989-07-07,0.678,49700
1989-07-06,0.460,49366
1989-07-05,-0.717,49140
1989-07-03,-0.185,49495
1989-06-30,0.462,49586
1989-06-29,0.460,49358
1989-06-28,-0.503,49132
1989-06-27,0.890,49381
1989-06-26,0.457,48945
1989-06-23,1.520,48722
1989-06-22,-0.073,47993
1989-06-21,-0.493,48028
1989-06-20,0.665,48266
1989-06-19,-0.284,47947
1989-06-16,-0.073,48083
1989-06-15,-1.338,48119
1989-06-14,0.458,48771
1989-06-13,-0.818,48549
1989-06-12,0.244,48949
1989-06-09,1.739,48830
1989-06-08,0.348,47995
1989-06-07,0.767,47829
1989-06-06,0.346,47464
1989-06-05,0.448,47301
1989-06-02,1.382,47090
1989-06-01,-0.069,46448
1989-05-31,0.341,46480
1989-05-30,0.032,46322
1989-05-26,0.341,46307
1989-05-25,-0.273,46150
1989-05-24,-0.069,46276
1989-05-23,-0.172,46308
1989-05-22,1.265,46388
1989-05-19,0.644,45808
1989-05-18,0.338,45515
1989-05-17,0.337,45362
1989-05-16,0.135,45210
1989-05-15,-0.067,45149
1989-05-12,2.350,45179
1989-05-11,0.529,44142
1989-05-10,-0.358,43910
1989-05-09,-0.853,44068
1989-05-08,-0.364,44447
1989-05-05,0.434,44609
1989-05-04,-0.363,44416
1989-05-03,0.035,44578
1989-05-02,0.533,44563
1989-05-01,-0.860,44326
1989-04-28,0.135,44711
1989-04-27,0.435,44651
1989-04-26,0.134,44457
1989-04-25,0.234,44398
1989-04-24,0.034,44294
1989-04-21,0.433,44279
1989-04-20,-0.659,44088
1989-04-19,-0.165,44381
1989-04-18,1.233,44454
1989-04-17,-0.163,43913
1989-04-14,1.124,43984
1989-04-13,-0.357,43495
1989-04-12,-0.063,43651
1989-04-11,0.035,43679
1989-04-10,0.133,43663
1989-04-07,-0.654,43605
1989-04-06,-0.163,43892
1989-04-05,0.134,43964
1989-04-04,0.431,43905
1989-04-03,0.430,43716
1989-03-31,0.331,43529
1989-03-30,0.134,43386
1989-03-29,0.526,43328
1989-03-28,0.329,43101
1989-03-27,0.035,42960
1989-03-23,0.231,42945
1989-03-22,0.523,42846
1989-03-21,0.133,42623
1989-03-20,-0.061,42567
1989-03-17,-1.709,42593
1989-03-16,0.134,43333
1989-03-15,0.035,43276
1989-03-14,0.232,43260
1989-03-13,0.035,43160
1989-03-10,-0.750,43145
1989-03-09,-0.162,43471
1989-03-08,0.431,43542
1989-03-07,0.035,43355
1989-03-06,0.429,43340
1989-03-03,0.035,43154
1989-03-02,0.527,43139
1989-03-01,-0.356,42913
1989-02-28,0.330,43066
1989-02-27,0.133,42925
1989-02-24,-0.062,42868
1989-02-23,-0.454,42894
1989-02-22,-0.653,43090
1989-02-21,0.034,43373
1989-02-17,0.134,43359
1989-02-16,0.332,43301
1989-02-15,0.134,43157
1989-02-14,-0.359,43100
1989-02-13,-0.064,43255
1989-02-10,-0.559,43283
1989-02-09,-1.656,43526
1989-02-08,-0.168,44259
1989-02-07,0.539,44333
1989-02-06,-0.067,44095
1989-02-03,-0.167,44125
1989-02-02,0.135,44199
1989-02-01,0.135,44139
1989-01-31,-0.066,44079
1989-01-30,-0.672,44109
1989-01-27,0.541,44407
1989-01-26,0.135,44168
1989-01-25,-0.369,44109
1989-01-24,0.945,44272
1989-01-23,0.235,43858
1989-01-20,-0.266,43755
1989-01-19,-0.167,43872
1989-01-18,0.538,43945
1989-01-17,0.033,43710
1989-01-16,0.035,43695
1989-01-13,0.937,43680
1989-01-12,0.732,43275
1989-01-11,0.035,42960
1989-01-10,0.035,42945
1989-01-09,0.133,42930
1989-01-06,0.431,42873
1989-01-05,-0.162,42689
1989-01-04,0.134,42758
1989-01-03,-0.854,42701
1988-12-30,0.134,43069
1988-12-29,0.035,43011
1988-12-28,-0.461,42996
1988-12-27,-0.365,43195
1988-12-23,0.235,43353
1988-12-22,0.235,43252
1988-12-21,0.035,43151
1988-12-20,0.932,43136
1988-12-19,0.034,42737
1988-12-16,0.233,42723
1988-12-15,-0.064,42623
1988-12-14,-0.756,42650
1988-12-13,-0.363,42975
1988-12-12,0.334,43132
1988-12-09,0.035,42988
1988-12-08,0.135,42973
1988-12-07,-0.264,42916
1988-12-06,1.831,43029
1988-12-05,0.526,42255
1988-12-02,-1.531,42034
1988-12-01,0.531,42688
1988-11-30,0.628,42462
1988-11-29,0.232,42197
1988-11-28,0.329,42099
1988-11-25,-0.650,41961
1988-11-23,0.134,42236
1988-11-22,-0.063,42179
1988-11-21,0.133,42206
1988-11-18,0.232,42150
1988-11-17,-0.357,42052
1988-11-16,-0.852,42203
1988-11-15,0.035,42565
1988-11-14,-0.165,42550
1988-11-11,0.035,42621
1988-11-10,0.234,42606
1988-11-09,-0.362,42506
1988-11-08,-0.065,42661
1988-11-07,-0.465,42688
1988-11-04,-1.468,42887
1988-11-03,0.541,43526
1988-11-02,-0.471,43292
1988-11-01,-0.169,43497
1988-10-31,0.643,43570
1988-10-28,0.439,43292
1988-10-27,0.840,43103
1988-10-26,0.135,42744
1988-10-25,0.035,42686
1988-10-24,-0.366,42671
1988-10-21,-0.367,42828
1988-10-20,0.638,42986
1988-10-19,-0.366,42713
1988-10-18,0.135,42870
1988-10-17,0.235,42812
1988-10-14,0.436,42712
1988-10-13,0.035,42527
1988-10-12,-0.764,42512
1988-10-11,-0.470,42839
1988-10-10,0.035,43041
1988-10-07,1.650,43027
1988-10-06,0.135,42328
1988-10-05,-0.065,42271
1988-10-04,-0.065,42298
1988-10-03,0.234,42326
1988-09-30,1.031,42227
1988-09-29,0.727,41796
1988-09-28,-0.357,41495
1988-09-27,-0.162,41644
1988-09-26,-0.360,41711
1988-09-23,0.035,41862
1988-09-22,-0.262,41847
1988-09-21,0.432,41957
1988-09-20,0.134,41776
1988-09-19,-0.558,41720
1988-09-16,-0.064,41955
1988-09-15,-0.363,41981
1988-09-14,0.534,42134
1988-09-13,0.333,41911
1988-09-12,-0.461,41771
1988-09-09,0.632,41965
1988-09-08,-0.064,41701
1988-09-07,0.134,41728
1988-09-06,0.034,41672
1988-09-02,2.610,41658
1988-09-01,0.036,40598
1988-08-31,0.230,40584
1988-08-30,0.327,40490
1988-08-29,0.712,40358
1988-08-26,0.325,40073
1988-08-25,-0.538,39944
1988-08-24,-0.060,40159
1988-08-23,0.518,40183
1988-08-22,-0.252,39976
1988-08-19,0.037,40077
1988-08-18,0.229,40062
1988-08-17,-0.251,39971
1988-08-16,0.422,40072
1988-08-15,-0.156,39903
1988-08-12,-0.155,39966
1988-08-11,-0.348,40028
1988-08-10,-1.412,40168
1988-08-09,-0.746,40743
1988-08-08,0.133,41049
1988-08-05,-0.947,40994
1988-08-04,0.630,41386
1988-08-03,-0.162,41127
1988-08-02,0.924,41194
1988-08-01,0.623,40816
1988-07-29,0.426,40564
1988-07-28,-0.061,40391
1988-07-27,-0.645,40416
1988-07-26,-0.258,40679
1988-07-25,0.526,40784
1988-07-22,0.622,40570
1988-07-21,-0.256,40319
1988-07-20,-0.256,40423
1988-07-19,0.329,40527
1988-07-18,-0.745,40394
1988-07-15,0.330,40697
1988-07-14,0.134,40563
1988-07-13,-0.844,40509
1988-07-12,-0.457,40854
1988-07-11,0.430,41041
1988-07-08,-0.951,40865
1988-07-07,-0.164,41258
1988-07-06,-0.961,41325
1988-07-05,-0.368,41726
1988-07-01,0.337,41880
1988-06-30,0.537,41740
1988-06-29,-0.265,41517
1988-06-28,0.737,41627
1988-06-27,-0.864,41323
1988-06-24,0.336,41683
1988-06-23,0.436,41543
1988-06-22,1.634,41363
1988-06-21,-0.063,40698
1988-06-20,0.331,40724
1988-06-17,-1.343,40589
1988-06-16,-1.459,41142
1988-06-15,-0.167,41751
1988-06-14,2.156,41821
1988-06-13,0.233,40938
1988-06-10,0.234,40843
1988-06-09,-0.360,40748
1988-06-08,1.028,40895
1988-06-07,-0.555,40479
1988-06-06,0.134,40705
1988-06-03,0.925,40651
1988-06-02,-0.357,40278
1988-06-01,1.808,40422
1988-05-31,0.326,39704
1988-05-27,-0.060,39575
1988-05-26,-0.060,39599
1988-05-25,0.327,39623
1988-05-24,0.230,39494
1988-05-23,-0.061,39403
1988-05-20,-0.447,39427
1988-05-19,0.133,39604
1988-05-18,-0.836,39551
1988-05-17,-0.843,39885
1988-05-16,-0.162,40224
1988-05-13,0.627,40289
1988-05-12,0.526,40038
1988-05-11,-0.159,39828
1988-05-10,-0.160,39892
1988-05-09,0.035,39956
1988-05-06,-0.552,39942
1988-05-05,0.134,40163
1988-05-04,-0.063,40110
1988-05-03,0.528,40135
1988-05-02,-0.553,39924
1988-04-29,0.036,40146
1988-04-28,-0.556,40132
1988-04-27,-0.064,40356
1988-04-26,-0.064,40382
1988-04-25,0.035,40408
1988-04-22,0.333,40394
1988-04-21,0.035,40260
1988-04-20,0.035,40245
1988-04-19,-0.261,40231
1988-04-18,-0.561,40337
1988-04-15,-0.563,40564
1988-04-14,-1.368,40794
1988-04-13,0.237,41360
1988-04-12,0.338,41262
1988-04-11,-0.774,41123
1988-04-08,0.847,41444
1988-04-07,0.135,41095
1988-04-06,0.741,41040
1988-04-05,0.235,40738
1988-04-04,-0.968,40642
1988-03-31,0.135,41039
1988-03-30,-0.167,40984
1988-03-29,0.237,41053
1988-03-28,-1.076,40956
1988-03-25,0.543,41401
1988-03-24,-0.067,41178
1988-03-23,-0.270,41205
1988-03-22,0.136,41317
1988-03-21,-0.475,41261
1988-03-18,-1.191,41458
1988-03-17,0.652,41957
1988-03-16,-0.684,41685
1988-03-15,-0.070,41973
1988-03-14,0.033,42002
1988-03-11,0.550,41988
1988-03-10,-0.172,41759
1988-03-09,0.034,41831
1988-03-08,-0.379,41817
1988-03-07,-0.174,41976
1988-03-04,-1.624,42049
1988-03-03,0.138,42743
1988-03-02,0.347,42684
1988-03-01,-0.072,42536
1988-02-29,0.346,42567
1988-02-26,0.346,42420
1988-02-25,-0.384,42274
1988-02-24,-0.072,42436
1988-02-23,0.870,42467
1988-02-22,0.240,42101
1988-02-19,0.137,42000
1988-02-18,0.344,41942
1988-02-17,-0.070,41798
1988-02-16,-0.278,41828
1988-02-12,-1.004,41944
1988-02-11,-0.490,42370
1988-02-10,0.558,42579
1988-02-09,0.138,42342
1988-02-08,-0.491,42284
1988-02-05,1.083,42493
1988-02-04,-0.696,42038
1988-02-03,-0.700,42332
1988-02-02,1.086,42631
1988-02-01,0.032,42173
1988-01-29,0.764,42159
1988-01-28,0.656,41839
1988-01-27,1.687,41566
1988-01-26,-0.883,40877
1988-01-25,0.546,41241
1988-01-22,0.341,41017
1988-01-21,0.850,40878
1988-01-20,0.338,40533
1988-01-19,-0.472,40396
1988-01-18,0.035,40588
1988-01-15,2.978,40574
1988-01-14,0.035,39401
1988-01-13,0.531,39387
1988-01-12,0.036,39179
1988-01-11,0.232,39165
1988-01-08,-1.442,39074
1988-01-07,0.035,39646
1988-01-06,-0.863,39632
1988-01-05,0.738,39976
1988-01-04,0.034,39684
1987-12-31,-0.464,39670
1987-12-30,0.537,39855
1987-12-29,0.635,39642
1987-12-28,-1.059,39392
1987-12-24,0.135,39814
1987-12-23,1.438,39761
1987-12-22,-0.361,39197
1987-12-21,-0.463,39339
1987-12-18,1.932,39521
1987-12-17,-0.062,38772
1987-12-16,1.020,38797
1987-12-15,1.695,38405
1987-12-14,0.421,37765
1987-12-11,-0.442,37607
1987-12-10,-1.696,37774
1987-12-09,0.427,38426
1987-12-08,-0.353,38262
1987-12-07,-0.942,38398
1987-12-04,-0.260,38763
1987-12-03,0.628,38864
1987-12-02,0.036,38621
1987-12-01,-0.456,38607
1987-11-30,0.824,38784
1987-11-27,-1.141,38467
1987-11-25,-0.559,38911
1987-11-24,-1.059,39129
1987-11-23,-0.066,39548
1987-11-20,0.437,39575
1987-11-19,0.235,39402
1987-11-18,0.035,39310
1987-11-17,-0.365,39296
1987-11-16,0.335,39440
1987-11-13,-0.465,39308
1987-11-12,0.034,39492
1987-11-11,0.035,39478
1987-11-10,-0.166,39465
1987-11-09,-0.067,39530
1987-11-06,-0.469,39557
1987-11-05,1.249,39743
1987-11-04,1.137,39253
1987-11-03,1.028,38812
1987-11-02,-0.949,38417
1987-10-30,0.532,38785
1987-10-29,0.629,38580
1987-10-28,-0.948,38339
1987-10-27,-0.956,38705
1987-10-26,1.735,39079
1987-10-23,0.430,38413
1987-10-22,2.887,38248
1987-10-21,0.517,37175
1987-10-20,7.304,36984
1987-10-19,-0.050,34466
1987-10-16,0.040,34484
1987-10-15,-1.041,34470
1987-10-14,-1.779,34833
1987-10-13,0.408,35464
1987-10-12,0.040,35320
1987-10-09,-0.882,35306
1987-10-08,-0.611,35620
1987-10-07,0.225,35839
1987-10-06,-0.148,35758
1987-10-05,-0.802,35811
1987-10-02,0.978,36101
1987-10-01,-0.055,35751
1987-09-30,0.132,35771
1987-09-29,-1.174,35723
1987-09-28,0.132,36148
1987-09-25,-0.056,36100
1987-09-24,-1.093,36121
1987-09-23,-0.153,36520
1987-09-22,0.991,36576
1987-09-21,-0.625,36217
1987-09-18,0.893,36445
1987-09-17,0.510,36122
1987-09-16,-0.526,35939
1987-09-15,-1.096,36129
1987-09-14,-0.154,36529
1987-09-11,0.993,36585
1987-09-10,0.607,36226
1987-09-09,-0.056,36007
1987-09-08,-1.662,36027
1987-09-04,0.037,36636
1987-09-03,-0.154,36623
1987-09-02,-1.978,36679
1987-09-01,-0.647,37419
1987-08-31,0.133,37663
1987-08-28,-0.650,37613
1987-08-27,-1.148,37859
1987-08-26,-0.463,38299
1987-08-25,0.535,38477
1987-08-24,-0.165,38272
1987-08-21,-0.264,38335
1987-08-20,0.435,38436
1987-08-19,-0.264,38270
1987-08-18,-1.764,38371
1987-08-17,0.034,39060
1987-08-14,0.846,39047
1987-08-13,1.043,38719
1987-08-12,0.035,38320
1987-08-11,0.135,38306
1987-08-10,-0.265,38255
1987-08-07,0.336,38356
1987-08-06,-0.065,38228
1987-08-05,0.935,38253
1987-08-04,-0.163,37898
1987-08-03,-1.257,37960
1987-07-31,-0.467,38444
1987-07-30,0.136,38624
1987-07-29,0.136,38572
1987-07-28,-0.167,38519
1987-07-27,-0.067,38584
1987-07-24,-0.268,38610
1987-07-23,-0.168,38713
1987-07-22,-0.574,38778
1987-07-21,-1.087,39002
1987-07-20,-0.584,39431
1987-07-17,0.447,39662
1987-07-16,0.240,39486
1987-07-15,-0.995,39391
1987-07-14,0.345,39787
1987-07-13,-0.795,39650
1987-07-10,0.658,39968
1987-07-09,-0.692,39707
1987-07-08,-0.488,39983
1987-07-07,0.242,40180
1987-07-06,0.136,40082
1987-07-02,0.660,40028
1987-07-01,0.241,39765
1987-06-30,-0.174,39670
1987-06-29,0.137,39739
1987-06-26,-1.005,39685
1987-06-25,0.766,40087
1987-06-24,-0.591,39783
1987-06-23,0.033,40019
1987-06-22,0.765,40006
1987-06-19,-0.279,39702
1987-06-18,-0.280,39813
1987-06-17,0.556,39925
1987-06-16,-0.071,39704
1987-06-15,0.449,39732
1987-06-12,2.006,39555
1987-06-11,0.341,38777
1987-06-10,0.136,38645
1987-06-09,-0.475,38592
1987-06-08,-0.171,38777
1987-06-05,1.059,38843
1987-06-04,0.339,38436
1987-06-03,1.149,38306
1987-06-02,-2.676,37871
1987-06-01,0.239,38912
1987-05-29,0.957,38820
1987-05-28,0.136,38452
1987-05-27,-0.576,38399
1987-05-26,2.690,38622
1987-05-22,0.835,37610
1987-05-21,0.433,37298
1987-05-20,-0.063,37138
1987-05-19,-1.748,37161
1987-05-18,0.437,37822
1987-05-15,-1.869,37658
1987-05-14,-0.169,38375
1987-05-13,0.136,38440
1987-05-12,0.442,38388
1987-05-11,-1.490,38219
1987-05-08,0.240,38797
1987-05-07,1.267,38704
1987-05-06,-1.084,38220
1987-05-05,0.855,38639
1987-05-04,-1.292,38312
1987-05-01,-1.409,38813
1987-04-30,1.181,39367
1987-04-29,-0.586,38908
1987-04-28,0.968,39138
1987-04-27,1.064,38762
1987-04-24,-1.805,38354
1987-04-23,-0.693,39059
1987-04-22,-0.593,39332
1987-04-21,0.138,39567
1987-04-20,-1.750,39512
1987-04-16,1.096,40216
1987-04-15,0.877,39780
1987-04-14,-1.433,39434
1987-04-13,-0.710,40008
1987-04-10,-1.354,40294
1987-04-09,-1.694,40847
1987-04-08,0.250,41551
1987-04-07,-0.842,41448
1987-04-06,0.580,41800
1987-04-03,0.141,41559
1987-04-02,-0.078,41500
1987-04-01,-0.845,41533
1987-03-31,0.362,41887
1987-03-30,-2.170,41736
1987-03-27,-0.866,42661
1987-03-26,0.255,43034
1987-03-25,0.142,42924
1987-03-24,-0.307,42863
1987-03-23,-0.309,42996
1987-03-20,-0.196,43129
1987-03-19,0.143,43214
1987-03-18,-0.084,43152
1987-03-17,0.143,43188
1987-03-16,-0.311,43127
1987-03-13,0.370,43261
1987-03-12,0.143,43102
1987-03-11,0.030,43040
1987-03-10,0.030,43027
1987-03-09,-0.084,43015
1987-03-06,-0.763,43051
1987-03-05,-0.085,43382
1987-03-04,0.599,43419
1987-03-03,-0.311,43160
1987-03-02,0.256,43295
1987-02-27,0.257,43184
1987-02-26,0.030,43073
1987-02-25,-0.197,43061
1987-02-24,0.597,43146
1987-02-23,0.255,42890
1987-02-20,0.030,42780
1987-02-19,0.594,42768
1987-02-18,0.367,42515
1987-02-17,-0.644,42360
1987-02-13,0.255,42634
1987-02-12,0.592,42526
1987-02-11,-0.306,42275
1987-02-10,-0.868,42405
1987-02-09,-0.650,42776
1987-02-06,0.029,43056
1987-02-05,0.484,43043
1987-02-04,0.256,42836
1987-02-03,-0.083,42726
1987-02-02,-0.424,42762
1987-01-30,-0.311,42944
1987-01-29,0.143,43078
1987-01-28,0.371,43017
1987-01-27,0.030,42858
1987-01-26,-0.766,42845
1987-01-23,-0.656,43176
1987-01-22,-0.315,43461
1987-01-21,-0.086,43598
1987-01-20,0.258,43636
1987-01-19,0.029,43524
1987-01-16,0.604,43511
1987-01-15,0.258,43250
1987-01-14,-0.428,43138
1987-01-13,-0.430,43324
1987-01-12,-0.433,43511
1987-01-09,0.260,43700
1987-01-08,0.260,43586
1987-01-07,0.374,43474
1987-01-06,-0.086,43311
1987-01-05,1.063,43349
1987-01-02,0.599,42893
1986-12-31,-0.220,42637
1986-12-30,-0.584,42731
1986-12-29,-0.816,42983
1986-12-26,0.029,43336
1986-12-24,0.029,43323
1986-12-23,0.260,43311
1986-12-22,0.075,43199
1986-12-19,0.213,43166
1986-12-18,0.144,43074
1986-12-17,0.030,43012
1986-12-16,0.259,43000
1986-12-15,-0.199,42889
1986-12-12,-0.039,42974
1986-12-11,-0.704,42991
1986-12-10,0.191,43296
1986-12-09,0.190,43213
1986-12-08,0.443,43131
1986-12-05,-1.048,42941
1986-12-04,0.307,43396
1986-12-03,0.375,43263
1986-12-02,0.949,43101
1986-12-01,-0.176,42696
1986-11-28,0.144,42771
1986-11-26,0.258,42709
1986-11-25,-0.381,42599
1986-11-24,0.487,42762
1986-11-21,0.189,42555
1986-11-20,-0.039,42474
1986-11-19,0.941,42491
1986-11-18,-0.468,42095
1986-11-17,0.598,42292
1986-11-14,0.663,42041
1986-11-13,0.075,41764
1986-11-12,0.548,41733
1986-11-11,0.031,41505
1986-11-10,-0.037,41493
1986-11-07,-0.866,41508
1986-11-06,0.188,41871
1986-11-05,0.369,41792
1986-11-04,-0.195,41638
1986-11-03,0.526,41720
1986-10-31,-0.060,41501
1986-10-30,1.153,41526
1986-10-29,0.476,41053
1986-10-28,-0.457,40858
1986-10-27,0.587,41046
1986-10-24,-0.412,40806
1986-10-23,0.654,40975
1986-10-22,0.784,40709
1986-10-21,0.911,40393
1986-10-20,-0.842,40028
1986-10-17,-0.343,40368
1986-10-16,-0.256,40507
1986-10-15,0.053,40610
1986-10-14,-1.362,40589
1986-10-13,0.031,41149
1986-10-10,-0.349,41136
1986-10-09,-0.261,41281
1986-10-08,-0.554,41389
1986-10-07,-0.083,41619
1986-10-06,0.075,41654
1986-10-03,1.024,41622
1986-10-02,-0.418,41200
1986-10-01,0.367,41374
1986-09-30,1.040,41222
1986-09-29,-0.637,40798
1986-09-26,0.097,41060
1986-09-25,0.075,41020
1986-09-24,1.327,40989
1986-09-23,0.363,40452
1986-09-22,0.472,40306
1986-09-19,-0.871,40117
1986-09-18,-1.166,40469
1986-09-17,0.455,40946
1986-09-16,-0.081,40761
1986-09-15,0.923,40794
1986-09-12,-0.014,40421
1986-09-11,-2.274,40427
1986-09-10,-0.038,41367
1986-09-09,0.617,41383
1986-09-08,-0.532,41129
1986-09-05,-1.551,41349
1986-09-04,0.418,42000
1986-09-03,-2.205,41825
1986-09-02,-0.343,42768
1986-08-29,0.704,42916
1986-08-28,0.260,42616
1986-08-27,-0.849,42505
1986-08-26,0.703,42869
1986-08-25,0.214,42570
1986-08-22,-0.757,42479
1986-08-21,-0.298,42803
1986-08-20,0.215,42931
1986-08-19,1.123,42839
1986-08-18,0.144,42363
1986-08-15,0.121,42302
1986-08-14,-0.179,42251
1986-08-13,0.767,42327
1986-08-12,0.144,42004
1986-08-11,0.717,41944
1986-08-08,1.740,41646
1986-08-07,0.142,40934
1986-08-06,-0.397,40875
1986-08-05,-0.873,41039
1986-08-04,0.120,41400
1986-08-01,-0.016,41350
1986-07-31,0.643,41357
1986-07-30,-0.084,41093
1986-07-29,1.093,41127
1986-07-28,-2.101,40682
1986-07-25,0.143,41556
1986-07-24,-0.587,41496
1986-07-23,-1.002,41741
1986-07-22,-1.034,42164
1986-07-21,0.261,42604
1986-07-18,0.144,42493
1986-07-17,-0.227,42432
1986-07-16,-0.508,42529
1986-07-15,0.401,42746
1986-07-14,0.657,42575
1986-07-11,-0.274,42297
1986-07-10,-0.043,42414
1986-07-09,1.097,42432
1986-07-08,-0.919,41971
1986-07-07,0.167,42360
1986-07-03,0.584,42290
1986-07-02,-0.042,42044
1986-07-01,0.235,42062
1986-06-30,0.512,41963
1986-06-27,0.718,41749
1986-06-26,0.051,41451
1986-06-25,0.463,41430
1986-06-24,0.575,41239
1986-06-23,0.528,41003
1986-06-20,0.729,40788
1986-06-19,-1.006,40493
1986-06-18,0.006,40904
1986-06-17,0.073,40902
1986-06-16,1.093,40872
1986-06-13,2.230,40430
1986-06-12,0.117,39548
1986-06-11,0.779,39502
1986-06-10,0.314,39197
1986-06-09,-1.634,39074
1986-06-06,3.156,39723
1986-06-05,0.397,38508
1986-06-04,-1.352,38356
1986-06-03,1.076,38881
1986-06-02,-2.026,38468
1986-05-30,-0.895,39263
1986-05-29,-2.254,39618
1986-05-28,0.028,40531
1986-05-27,0.929,40520
1986-05-23,0.810,40147
1986-05-22,0.783,39824
1986-05-21,0.115,39515
1986-05-20,1.132,39470
1986-05-19,-0.149,39028
1986-05-16,-1.336,39086
1986-05-15,-1.152,39615
1986-05-14,-0.087,40077
1986-05-13,0.048,40112
1986-05-12,-0.872,40093
1986-05-09,-0.358,40445
1986-05-08,1.408,40591
1986-05-07,-0.398,40027
1986-05-06,-0.040,40187
1986-05-05,1.355,40203
1986-05-02,-1.085,39665
1986-05-01,-0.713,40100
1986-04-30,-0.062,40388
1986-04-29,1.091,40413
1986-04-28,1.037,39977
1986-04-25,-0.372,39567
1986-04-24,-1.310,39714
1986-04-23,-1.845,40242
1986-04-22,-1.713,40998
1986-04-21,0.421,41713
1986-04-18,-0.320,41538
1986-04-17,-0.252,41671
1986-04-16,2.306,41776
1986-04-15,-0.543,40835
1986-04-14,0.945,41058
1986-04-11,-0.610,40673
1986-04-10,0.211,40923
1986-04-09,0.759,40837
1986-04-08,1.960,40529
1986-04-07,-0.174,39750
1986-04-04,-0.936,39819
1986-04-03,-0.492,40195
1986-04-02,0.346,40394
1986-04-01,-0.356,40255
1986-03-31,2.413,40399
1986-03-27,2.369,39447
1986-03-26,0.948,38534
1986-03-25,-0.036,38172
1986-03-24,1.050,38186
1986-03-21,-0.293,37789
1986-03-20,0.526,37900
1986-03-19,0.288,37702
1986-03-18,-0.379,37593
1986-03-17,-0.358,37736
1986-03-14,0.159,37872
1986-03-13,-0.532,37811
1986-03-12,0.355,38014
1986-03-11,0.635,37879
1986-03-10,1.859,37640
1986-03-07,0.582,36953
1986-03-06,0.473,36739
1986-03-05,-1.946,36566
1986-03-04,0.672,37292
1986-03-03,1.201,37043
1986-02-28,0.516,36603
1986-02-27,2.466,36415
1986-02-26,0.773,35539
1986-02-25,0.053,35266
1986-02-24,1.382,35248
1986-02-21,1.711,34767
1986-02-20,0.432,34182
1986-02-19,-0.344,34035
1986-02-18,0.392,34153
1986-02-14,1.763,34019
1986-02-13,0.563,33430
1986-02-12,0.287,33243
1986-02-11,0.754,33147
1986-02-10,0.944,32899
1986-02-07,-0.676,32592
1986-02-06,-0.024,32813
1986-02-05,-0.487,32821
1986-02-04,0.637,32982
1986-02-03,0.615,32773
1986-01-31,0.151,32573
1986-01-30,-0.099,32524
1986-01-29,-0.368,32556
1986-01-28,0.826,32676
1986-01-27,0.955,32409
1986-01-24,-0.250,32102
1986-01-23,0.397,32183
1986-01-22,-0.478,32055
1986-01-21,0.035,32209
1986-01-20,0.035,32198
1986-01-17,0.359,32187
1986-01-16,-0.060,32071
1986-01-15,1.254,32091
1986-01-14,0.960,31693
1986-01-13,-1.031,31392
1986-01-10,-0.927,31719
1986-01-09,-0.897,32016
1986-01-08,-1.346,32306
1986-01-07,1.257,32747
1986-01-06,-0.023,32340
1986-01-03,-0.158,32348
1986-01-02,-0.101,32399
1985-12-31,0.131,32432
1985-12-30,-0.101,32389
1985-12-27,0.381,32422
1985-12-26,0.265,32299
1985-12-24,0.169,32213
1985-12-23,-0.138,32159
1985-12-20,0.457,32203
1985-12-19,0.245,32057
1985-12-18,-0.481,31979
1985-12-17,0.994,32133
1985-12-16,0.796,31817
1985-12-13,0.546,31566
1985-12-12,-0.472,31394
1985-12-11,1.170,31543
1985-12-10,1.197,31178
1985-12-09,1.279,30810
1985-12-06,-0.110,30421
1985-12-05,0.037,30454
1985-12-04,0.441,30443
1985-12-03,0.220,30309
1985-12-02,-0.767,30243
1985-11-29,0.497,30477
1985-11-27,0.495,30326
1985-11-26,0.220,30177
1985-11-25,-0.236,30111
1985-11-22,-0.365,30182
1985-11-21,0.679,30293
1985-11-20,0.038,30088
1985-11-19,0.311,30077
1985-11-18,1.475,29983
1985-11-15,-0.465,29548
1985-11-14,-0.449,29686
1985-11-13,-0.325,29820
1985-11-12,0.947,29917
1985-11-11,0.038,29636
1985-11-08,0.489,29625
1985-11-07,0.128,29481
1985-11-06,-0.051,29443
1985-11-05,0.488,29458
1985-11-04,0.128,29315
1985-11-01,0.396,29278
1985-10-31,-0.104,29162
1985-10-30,1.056,29192
1985-10-29,1.455,28887
1985-10-28,-0.590,28473
1985-10-25,-0.523,28642
1985-10-24,-0.102,28792
1985-10-23,0.039,28822
1985-10-22,0.481,28811
1985-10-21,0.039,28673
1985-10-18,0.339,28661
1985-10-17,0.479,28564
1985-10-16,0.355,28428
1985-10-15,0.476,28328
1985-10-14,0.040,28193
1985-10-11,0.075,28182
1985-10-10,0.301,28161
1985-10-09,-0.012,28077
1985-10-08,0.335,28080
1985-10-07,-0.497,27986
1985-10-04,-0.169,28126
1985-10-03,0.040,28173
1985-10-02,-0.204,28162
1985-10-01,0.214,28220
1985-09-30,-0.571,28159
1985-09-26,0.600,28321
1985-09-25,0.493,28152
1985-09-24,0.283,28014
1985-09-23,-0.446,27934
1985-09-20,0.684,28059
1985-09-19,0.144,27869
1985-09-18,-0.219,27829
1985-09-17,-0.480,27890
1985-09-16,0.353,28025
1985-09-13,0.995,27926
1985-09-12,0.075,27651
1985-09-11,-0.132,27630
1985-09-10,0.178,27666
1985-09-09,0.075,27617
1985-09-06,-2.027,27597
1985-09-05,-0.785,28167
1985-09-04,0.604,28390
1985-09-03,0.215,28220
1985-08-30,-0.996,28159
1985-08-29,0.393,28443
1985-08-28,-0.190,28331
1985-08-27,0.676,28385
1985-08-26,-0.277,28195
1985-08-23,-0.084,28273
1985-08-22,0.128,28297
1985-08-21,0.569,28261
1985-08-20,0.250,28101
1985-08-19,0.390,28031
1985-08-16,0.844,27922
1985-08-15,-0.151,27688
1985-08-14,0.875,27730
1985-08-13,-0.529,27489
1985-08-12,-0.254,27636
1985-08-09,0.249,27706
1985-08-08,0.735,27637
1985-08-07,0.455,27436
1985-08-06,-0.097,27311
1985-08-05,0.316,27338
1985-08-02,-1.213,27252
1985-08-01,0.735,27587
1985-07-31,0.800,27386
1985-07-30,0.126,27168
1985-07-29,-0.422,27134
1985-07-26,-0.683,27249
1985-07-25,-0.116,27437
1985-07-24,-0.220,27468
1985-07-23,0.040,27529
1985-07-22,-0.690,27518
1985-07-19,-0.275,27710
1985-07-18,-1.399,27786
1985-07-17,0.376,28180
1985-07-16,0.482,28075
1985-07-15,0.039,27940
1985-07-12,0.092,27929
1985-07-11,-0.948,27904
1985-07-10,-0.068,28171
1985-07-09,-0.032,28190
1985-07-08,-0.709,28199
1985-07-05,2.046,28400
1985-07-03,-0.137,27831
1985-07-02,0.128,27869
1985-07-01,0.304,27833
1985-06-28,0.726,27749
1985-06-27,1.369,27549
1985-06-26,-0.046,27177
1985-06-25,-0.289,27189
1985-06-24,-0.602,27268
1985-06-21,-1.199,27433
1985-06-20,-0.648,27766
1985-06-19,-1.238,27947
1985-06-18,0.488,28297
1985-06-17,0.307,28160
1985-06-14,1.823,28074
1985-06-13,-0.434,27571
1985-06-12,-0.401,27691
1985-06-11,0.677,27803
1985-06-10,0.410,27616
1985-06-07,-2.048,27503
1985-06-06,-0.246,28078
1985-06-05,1.293,28147
1985-06-04,0.093,27788
1985-06-03,1.740,27762
1985-05-31,0.791,27287
1985-05-30,0.526,27073
1985-05-29,-0.011,26932
1985-05-28,1.164,26934
1985-05-24,0.521,26624
1985-05-23,-0.112,26487
1985-05-22,-0.350,26516
1985-05-21,-0.215,26609
1985-05-20,2.152,26667
1985-05-17,-0.143,26105
1985-05-16,0.582,26142
1985-05-15,-0.042,25991
1985-05-14,1.134,26002
1985-05-13,0.076,25710
1985-05-10,1.241,25691
1985-05-09,0.520,25376
1985-05-08,-0.777,25245
1985-05-07,0.092,25442
1985-05-06,0.125,25419
1985-05-03,0.455,25387
1985-05-02,0.125,25272
1985-05-01,1.045,25241
1985-04-30,0.564,24980
1985-04-29,-0.929,24840
1985-04-26,0.206,25073
1985-04-25,-0.643,25021
1985-04-24,-0.122,25183
1985-04-23,-0.862,25214
1985-04-22,0.224,25433
1985-04-19,-0.372,25376
1985-04-18,1.139,25471
1985-04-17,-0.237,25184
1985-04-16,0.686,25244
1985-04-15,0.453,25072
1985-04-12,-0.088,24959
1985-04-11,1.155,24981
1985-04-10,0.983,24696
1985-04-09,0.735,24455
1985-04-08,-0.068,24277
1985-04-04,-0.164,24293
1985-04-03,-0.132,24333
1985-04-02,-0.486,24365
1985-04-01,0.286,24484
1985-03-29,0.864,24414
1985-03-28,0.187,24205
1985-03-27,-0.338,24160
1985-03-26,0.636,24242
1985-03-25,0.362,24089
1985-03-22,-0.400,24002
1985-03-21,0.570,24098
1985-03-20,0.822,23962
1985-03-19,0.297,23766
1985-03-18,-0.725,23696
1985-03-15,-0.114,23869
1985-03-14,-0.067,23897
1985-03-13,-0.670,23913
1985-03-12,-0.164,24074
1985-03-11,-0.052,24113
1985-03-08,1.805,24126
1985-03-07,-0.239,23698
1985-03-06,-0.524,23755
1985-03-05,0.712,23880
1985-03-04,-0.571,23712
1985-03-01,0.584,23848
1985-02-28,-0.113,23709
1985-02-27,-1.395,23736
1985-02-26,0.332,24072
1985-02-25,0.011,23993
1985-02-22,-0.996,23990
1985-02-21,-0.667,24231
1985-02-20,-1.175,24394
1985-02-19,0.206,24684
1985-02-15,-1.056,24633
1985-02-14,0.688,24896
1985-02-13,0.305,24726
1985-02-12,0.042,24651
1985-02-11,-0.549,24641
1985-02-08,0.240,24777
1985-02-07,0.207,24717
1985-02-06,-0.566,24666
1985-02-05,0.407,24807
1985-02-04,-0.155,24706
1985-02-01,-0.965,24744
1985-01-31,-0.407,24985
1985-01-30,0.244,25088
1985-01-29,0.177,25027
1985-01-28,0.093,24982
1985-01-25,-0.174,24959
1985-01-24,1.397,25003
1985-01-23,0.423,24658
1985-01-22,1.179,24554
1985-01-21,0.044,24268
1985-01-18,0.728,24257
1985-01-17,0.109,24082
1985-01-16,-0.085,24056
1985-01-15,0.871,24076
1985-01-14,-0.245,23868
1985-01-11,-0.843,23927
1985-01-10,-0.168,24130
1985-01-09,-0.038,24171
1985-01-08,0.435,24180
1985-01-07,1.392,24075
1985-01-04,-0.469,23745
1985-01-03,0.415,23857
1985-01-02,-1.129,23758
1984-12-31,-0.492,24029
1984-12-28,-0.038,24148
1984-12-27,-0.119,24157
1984-12-26,-0.839,24186
1984-12-24,0.241,24391
1984-12-21,0.389,24332
1984-12-20,-0.301,24238
1984-12-19,-0.203,24311
1984-12-18,1.313,24361
1984-12-17,0.501,24045
1984-12-14,0.970,23925
1984-12-13,-0.874,23695
1984-12-12,0.320,23904
1984-12-11,0.644,23828
1984-12-10,0.367,23675
1984-12-07,-0.630,23589
1984-12-06,-0.683,23738
1984-12-05,0.044,23901
1984-12-04,0.321,23891
1984-12-03,0.206,23815
1984-11-30,-0.945,23765
1984-11-29,-0.201,23992
1984-11-28,-0.857,24040
1984-11-27,0.176,24248
1984-11-26,-0.204,24206
1984-11-23,1.168,24255
1984-11-21,0.928,23975
1984-11-20,0.402,23755
1984-11-19,0.644,23660
1984-11-16,0.286,23508
1984-11-15,0.656,23441
1984-11-14,-0.275,23289
1984-11-13,-0.628,23353
1984-11-12,0.045,23500
1984-11-09,0.948,23490
1984-11-08,-1.091,23269
1984-11-07,-1.071,23526
1984-11-06,0.044,23780
1984-11-05,0.453,23770
1984-11-02,-0.151,23663
1984-11-01,0.941,23699
1984-10-31,-0.230,23478
1984-10-30,1.277,23532
1984-10-29,0.286,23235
1984-10-26,-0.851,23169
1984-10-25,-0.406,23368
1984-10-24,0.142,23463
1984-10-23,0.353,23430
1984-10-22,0.546,23347
1984-10-19,1.170,23221
1984-10-18,1.636,22952
1984-10-17,0.533,22583
1984-10-16,0.063,22463
1984-10-15,-0.296,22449
1984-10-12,0.376,22515
1984-10-11,0.328,22431
1984-10-10,0.125,22357
1984-10-09,0.265,22329
1984-10-08,0.047,22270
1984-10-05,0.901,22260
1984-10-04,0.371,22061
1984-10-03,0.002,21980
1984-10-02,0.048,21979
1984-10-01,-0.460,21969
1984-09-28,-1.127,22070
1984-09-27,1.217,22322
1984-09-26,0.557,22053
1984-09-25,-0.245,21931
1984-09-24,-0.523,21985
1984-09-21,-1.162,22100
1984-09-20,-0.032,22360
1984-09-19,0.674,22367
1984-09-18,0.343,22218
1984-09-17,0.389,22142
1984-09-14,0.140,22056
1984-09-13,0.899,22025
1984-09-12,-0.045,21829
1984-09-11,0.570,21839
1984-09-10,0.583,21715
1984-09-07,0.352,21589
1984-09-06,0.974,21513
1984-09-05,-0.223,21306
1984-09-04,-0.345,21353
1984-08-31,0.396,21427
1984-08-30,0.184,21343
1984-08-29,-0.013,21304
1984-08-28,0.274,21306
1984-08-27,-1.218,21248
1984-08-24,0.185,21510
1984-08-23,-0.105,21471
1984-08-22,-0.441,21493
1984-08-21,0.445,21588
1984-08-20,0.490,21493
1984-08-17,0.427,21388
1984-08-16,0.562,21297
1984-08-15,-0.571,21178
1984-08-14,0.441,21300
1984-08-13,-0.542,21206
1984-08-10,-0.014,21322
1984-08-09,0.914,21325
1984-08-08,0.199,21132
1984-08-07,0.365,21090
1984-08-06,-0.702,21013
1984-08-03,0.850,21162
1984-08-02,0.620,20983
1984-08-01,0.722,20854
1984-07-31,1.000,20705
1984-07-30,-0.568,20500
1984-07-27,-0.083,20617
1984-07-26,0.716,20634
1984-07-25,1.994,20487
1984-07-24,0.225,20087
1984-07-23,0.037,20041
1984-07-20,-0.932,20034
1984-07-19,0.313,20222
1984-07-18,0.399,20159
1984-07-17,-0.356,20079
1984-07-16,0.079,20151
1984-07-13,0.632,20135
1984-07-12,0.962,20009
1984-07-11,-0.279,19818
1984-07-10,0.050,19873
1984-07-09,2.081,19863
1984-07-06,0.023,19458
1984-07-05,-0.246,19454
1984-07-03,0.846,19502
1984-07-02,-0.032,19338
1984-06-29,-0.384,19345
1984-06-28,-0.075,19419
1984-06-27,0.307,19434
1984-06-26,-0.258,19374
1984-06-25,0.010,19425
1984-06-22,-0.005,19423
1984-06-21,-0.345,19424
1984-06-20,-1.471,19491
1984-06-19,-0.785,19782
1984-06-18,-0.153,19938
1984-06-15,1.187,19969
1984-06-14,0.238,19735
1984-06-13,0.684,19688
1984-06-12,0.638,19554
1984-06-11,-0.489,19430
1984-06-08,0.453,19525
1984-06-07,-0.019,19437
1984-06-06,-0.918,19441
1984-06-05,0.167,19621
1984-06-04,1.476,19588
1984-06-01,1.899,19304
1984-05-31,0.724,18944
1984-05-30,-0.569,18808
1984-05-29,-0.657,18915
1984-05-25,-0.045,19041
1984-05-24,-1.169,19049
1984-05-23,-0.160,19274
1984-05-22,-0.417,19305
1984-05-21,0.053,19386
1984-05-18,0.782,19376
1984-05-17,-0.728,19225
1984-05-16,0.482,19366
1984-05-15,0.994,19273
1984-05-14,-0.866,19084
1984-05-11,-1.415,19250
1984-05-10,-0.324,19527
1984-05-09,-0.847,19590
1984-05-08,0.417,19757
1984-05-07,-0.604,19675
1984-05-04,-1.121,19795
1984-05-03,-0.098,20019
1984-05-02,-0.202,20039
1984-05-01,0.006,20080
1984-04-30,-0.247,20078
1984-04-27,-0.934,20128
1984-04-26,0.245,20318
1984-04-25,0.350,20268
1984-04-24,0.514,20198
1984-04-23,-0.024,20094
1984-04-19,-0.487,20099
1984-04-18,-0.805,20198
1984-04-17,0.306,20362
1984-04-16,-0.479,20299
1984-04-13,-1.209,20397
1984-04-12,0.753,20647
1984-04-11,0.216,20492
1984-04-10,-0.438,20448
1984-04-09,0.141,20538
1984-04-06,1.194,20509
1984-04-05,0.020,20267
1984-04-04,-0.222,20263
1984-04-03,-0.465,20308
1984-04-02,-0.057,20403
1984-03-30,-0.652,20414
1984-03-29,0.355,20548
1984-03-28,0.507,20476
1984-03-27,-0.104,20372
1984-03-26,0.292,20393
1984-03-23,0.216,20334
1984-03-22,0.018,20290
1984-03-21,-0.012,20287
1984-03-20,0.200,20289
1984-03-19,-0.772,20248
1984-03-16,-0.227,20406
1984-03-15,0.125,20452
1984-03-14,-0.213,20427
1984-03-13,-0.259,20470
1984-03-12,0.233,20524
1984-03-09,-0.106,20476
1984-03-08,-0.106,20498
1984-03-07,-0.878,20520
1984-03-06,-0.171,20701
1984-03-05,-0.794,20737
1984-03-02,0.816,20903
1984-03-01,-0.078,20734
1984-02-29,0.546,20750
1984-02-28,-0.356,20637
1984-02-27,-0.483,20711
1984-02-24,0.627,20811
1984-02-23,-0.841,20682
1984-02-22,-0.236,20857
1984-02-21,0.047,20906
1984-02-17,-0.552,20897
1984-02-16,-0.049,21012
1984-02-15,0.284,21023
1984-02-14,-0.159,20963
1984-02-13,0.046,20997
1984-02-10,-0.651,20987
1984-02-09,-0.066,21125
1984-02-08,-0.178,21138
1984-02-07,0.045,21176
1984-02-06,-0.578,21166
1984-02-03,-0.099,21290
1984-02-02,0.351,21311
1984-02-01,0.302,21236
1984-01-31,-0.178,21172
1984-01-30,-0.131,21210
1984-01-27,-0.131,21238
1984-01-26,0.142,21266
1984-01-25,-0.131,21236
1984-01-24,0.045,21263
1984-01-23,0.174,21254
1984-01-20,-0.132,21217
1984-01-19,0.142,21245
1984-01-18,-0.293,21215
1984-01-17,-0.165,21277
1984-01-16,0.385,21312
1984-01-13,1.207,21231
1984-01-12,0.173,20977
1984-01-11,-0.273,20941
1984-01-10,0.542,20998
1984-01-09,-0.082,20885
1984-01-06,0.237,20902
1984-01-05,-0.034,20853
1984-01-04,0.874,20860
1984-01-03,-0.460,20679
1983-12-30,-0.161,20775
1983-12-29,0.141,20809
1983-12-28,-0.337,20779
1983-12-27,0.556,20849
1983-12-23,-0.114,20734
1983-12-22,0.602,20758
1983-12-21,0.188,20634
1983-12-20,0.046,20595
1983-12-19,-0.017,20585
1983-12-16,0.473,20589
1983-12-15,0.393,20492
1983-12-14,-0.064,20412
1983-12-13,-0.395,20425
1983-12-12,0.124,20506
1983-12-09,-0.081,20481
1983-12-08,-0.776,20497
1983-12-07,-0.082,20657
1983-12-06,0.013,20674
1983-12-05,-0.146,20672
1983-12-02,-0.881,20702
1983-12-01,0.044,20886
1983-11-30,-0.294,20877
1983-11-29,0.593,20938
1983-11-28,-0.518,20815
1983-11-25,0.238,20923
1983-11-23,0.028,20873
1983-11-22,0.560,20868
1983-11-21,0.734,20751
1983-11-18,-0.035,20600
1983-11-17,-0.147,20607
1983-11-16,-0.211,20638
1983-11-15,0.028,20681
1983-11-14,0.221,20676
1983-11-11,0.044,20630
1983-11-10,1.020,20621
1983-11-09,0.251,20413
1983-11-08,0.045,20362
1983-11-07,0.124,20352
1983-11-04,-0.524,20327
1983-11-03,-0.480,20434
1983-11-02,-0.004,20533
1983-11-01,0.125,20533
1983-10-31,-0.275,20508
1983-10-28,-0.067,20564
1983-10-27,0.172,20578
1983-10-26,0.076,20543
1983-10-25,-0.212,20527
1983-10-24,-1.753,20571
1983-10-21,0.402,20938
1983-10-20,0.043,20854
1983-10-19,0.385,20845
1983-10-18,-0.329,20765
1983-10-17,0.889,20834
1983-10-14,0.689,20650
1983-10-13,-0.486,20509
1983-10-12,-0.069,20609
1983-10-11,-1.909,20623
1983-10-10,0.043,21024
1983-10-07,-0.088,21015
1983-10-06,0.174,21034
1983-10-05,0.848,20997
1983-10-04,0.092,20821
1983-10-03,-0.250,20802
1983-09-30,0.337,20854
1983-09-29,-0.006,20784
1983-09-28,-0.201,20785
1983-09-27,-0.186,20827
1983-09-26,0.551,20866
1983-09-23,0.940,20751
1983-09-22,0.172,20558
1983-09-21,-0.231,20523
1983-09-20,0.659,20570
1983-09-19,0.076,20436
1983-09-16,1.219,20420
1983-09-15,-0.449,20174
1983-09-14,-0.980,20265
1983-09-13,-0.392,20466
1983-09-12,1.211,20546
1983-09-09,0.317,20300
1983-09-08,-0.356,20236
1983-09-07,1.137,20309
1983-09-06,1.238,20080
1983-09-02,-0.144,19835
1983-09-01,0.187,19863
1983-08-31,-0.632,19826
1983-08-30,-0.494,19952
1983-08-29,-1.627,20051
1983-08-26,-0.263,20383
1983-08-25,-0.361,20437
1983-08-24,0.337,20511
1983-08-23,-0.394,20442
1983-08-22,1.803,20523
1983-08-19,-0.356,20159
1983-08-18,-0.551,20231
1983-08-17,0.740,20344
1983-08-16,0.157,20194
1983-08-15,1.491,20162
1983-08-12,1.013,19866
1983-08-11,1.036,19667
1983-08-10,-0.328,19465
1983-08-09,0.516,19529
1983-08-08,-0.608,19429
1983-08-05,0.469,19548
1983-08-04,-1.811,19457
1983-08-03,-0.383,19815
1983-08-02,0.331,19892
1983-08-01,-0.178,19826
1983-07-29,-0.975,19861
1983-07-28,-1.161,20057
1983-07-27,-0.168,20292
1983-07-26,-0.640,20326
1983-07-25,0.534,20457
1983-07-22,-1.163,20349
1983-07-21,-0.385,20588
1983-07-20,0.456,20668
1983-07-19,0.372,20574
1983-07-18,0.864,20498
1983-07-15,-0.658,20322
1983-07-14,0.470,20457
1983-07-13,0.125,20361
1983-07-12,-1.199,20336
1983-07-11,0.703,20582
1983-07-08,-0.450,20439
1983-07-07,-0.716,20531
1983-07-06,0.308,20679
1983-07-05,-2.128,20616
1983-07-01,0.194,21064
1983-06-30,0.463,21023
1983-06-29,0.411,20926
1983-06-28,0.578,20841
1983-06-27,-0.758,20721
1983-06-24,-0.983,20879
1983-06-23,-0.382,21086
1983-06-22,-0.265,21167
1983-06-21,-0.045,21224
1983-06-20,-0.744,21233
1983-06-17,-0.320,21392
1983-06-16,0.781,21461
1983-06-15,0.572,21295
1983-06-14,-0.266,21174
1983-06-13,1.049,21230
1983-06-10,0.058,21010
1983-06-09,0.584,20997
1983-06-08,-0.414,20876
1983-06-07,-0.585,20962
1983-06-06,0.297,21086
1983-06-03,-0.027,21023
1983-06-02,-0.095,21029
1983-06-01,0.552,21049
1983-05-31,-1.534,20933
1983-05-27,-0.097,21259
1983-05-26,-0.389,21280
1983-05-25,-0.132,21363
1983-05-24,0.213,21391
1983-05-23,0.006,21346
1983-05-20,-0.305,21345
1983-05-19,-0.566,21410
1983-05-18,-0.238,21532
1983-05-17,-0.204,21583
1983-05-16,-1.552,21627
1983-05-13,0.305,21968
1983-05-12,-0.615,21901
1983-05-11,-0.228,22037
1983-05-10,0.663,22087
1983-05-09,-0.723,21942
1983-05-06,0.182,22101
1983-05-05,-0.228,22061
1983-05-04,1.022,22112
1983-05-03,0.128,21888
1983-05-02,0.022,21860
1983-04-29,0.270,21855
1983-04-28,0.216,21796
1983-04-27,0.428,21749
1983-04-26,0.198,21657
1983-04-25,0.286,21614
1983-04-22,0.198,21552
1983-04-21,-0.433,21510
1983-04-20,-0.101,21603
1983-04-19,-0.858,21625
1983-04-18,0.411,21812
1983-04-15,-0.155,21723
1983-04-14,0.694,21757
1983-04-13,0.180,21607
1983-04-12,0.004,21568
1983-04-11,1.025,21567
1983-04-08,-0.099,21348
1983-04-07,-0.065,21369
1983-04-06,0.197,21383
1983-04-05,0.947,21341
1983-04-04,0.214,21141
1983-03-31,-0.271,21096
1983-03-30,0.127,21153
1983-03-29,0.474,21126
1983-03-28,-0.080,21027
1983-03-25,-0.564,21043
1983-03-24,0.231,21163
1983-03-23,0.578,21114
1983-03-22,0.041,20993
1983-03-21,0.075,20984
1983-03-18,-0.149,20969
1983-03-17,-0.064,21000
1983-03-16,-0.340,21013
1983-03-15,0.318,21085
1983-03-14,0.820,21018
1983-03-11,-0.648,20847
1983-03-10,-0.219,20983
1983-03-09,0.127,21030
1983-03-08,-0.549,21003
1983-03-07,-1.092,21119
1983-03-04,-0.172,21352
1983-03-03,0.322,21389
1983-03-02,-0.259,21320
1983-03-01,0.533,21376
1983-02-28,-0.048,21262
1983-02-25,1.077,21272
1983-02-24,0.127,21046
1983-02-23,0.058,21019
1983-02-22,1.380,21007
1983-02-18,0.901,20721
1983-02-17,0.741,20536
1983-02-16,0.449,20385
1983-02-15,-0.330,20294
1983-02-14,0.025,20361
1983-02-11,0.177,20356
1983-02-10,1.566,20320
1983-02-09,-0.192,20007
1983-02-08,-0.159,20045
1983-02-07,0.244,20077
1983-02-04,-0.561,20028
1983-02-03,-0.800,20141
1983-02-02,0.126,20304
1983-02-01,0.313,20278
1983-01-31,-0.787,20215
1983-01-28,-0.282,20375
1983-01-27,0.537,20433
1983-01-26,-0.809,20324
1983-01-25,0.521,20490
1983-01-24,-0.744,20383
1983-01-21,-1.093,20536
1983-01-20,0.162,20763
1983-01-19,-0.878,20730
1983-01-18,-0.484,20913
1983-01-17,0.075,21015
1983-01-14,-0.294,20999
1983-01-13,0.163,21061
1983-01-12,0.250,21027
1983-01-11,0.303,20974
1983-01-10,-0.118,20911
1983-01-07,0.075,20936
1983-01-06,-0.259,20920
1983-01-05,-0.136,20974
1983-01-04,-0.524,21003
1983-01-03,0.499,21114
1982-12-31,0.374,21009
1982-12-30,0.267,20930
1982-12-29,-0.382,20875
1982-12-28,0.092,20955
1982-12-27,0.496,20935
1982-12-23,0.442,20832
1982-12-22,-0.240,20740
1982-12-21,1.335,20790
1982-12-20,-0.580,20516
1982-12-17,-0.288,20636
1982-12-16,-0.883,20696
1982-12-15,-0.433,20880
1982-12-14,1.048,20971
1982-12-13,0.496,20753
1982-12-10,-0.744,20651
1982-12-09,0.251,20806
1982-12-08,-0.924,20753
1982-12-07,-0.278,20947
1982-12-06,0.235,21005
1982-12-03,1.828,20956
1982-12-02,0.529,20580
1982-12-01,0.302,20471
1982-11-30,0.076,20410
1982-11-29,-2.157,20394
1982-11-26,0.588,20844
1982-11-24,-0.486,20722
1982-11-23,-0.471,20823
1982-11-22,-0.420,20922
1982-11-19,0.075,21010
1982-11-18,1.658,20994
1982-11-17,0.602,20652
1982-11-16,-0.448,20528
1982-11-15,-0.714,20621
1982-11-12,-0.596,20769
1982-11-11,0.040,20893
1982-11-10,0.483,20885
1982-11-09,1.543,20785
1982-11-08,-0.378,20469
1982-11-05,0.059,20547
1982-11-04,0.534,20534
1982-11-03,0.915,20426
1982-11-02,0.045,20240
1982-11-01,1.585,20231
1982-10-29,0.984,19916
1982-10-28,0.977,19722
1982-10-27,-0.223,19531
1982-10-26,0.853,19574
1982-10-25,-1.794,19409
1982-10-22,-0.958,19763
1982-10-21,0.027,19955
1982-10-20,-0.642,19949
1982-10-19,0.234,20078
1982-10-18,1.130,20031
1982-10-15,-1.405,19808
1982-10-14,-1.044,20090
1982-10-13,0.986,20302
1982-10-12,3.090,20103
1982-10-11,0.046,19501
1982-10-08,0.686,19492
1982-10-07,3.667,19359
1982-10-06,1.152,18674
1982-10-05,0.241,18462
1982-10-04,-1.461,18417
1982-10-01,1.317,18691
1982-09-30,0.112,18448
1982-09-29,-0.098,18427
1982-09-28,0.659,18445
1982-09-27,0.495,18324
1982-09-24,-0.926,18234
1982-09-23,1.108,18404
1982-09-22,0.317,18203
1982-09-21,1.953,18145
1982-09-20,0.670,17798
1982-09-17,0.543,17679
1982-09-16,0.371,17584
1982-09-15,-0.123,17519
1982-09-14,0.356,17540
1982-09-13,1.141,17478
1982-09-10,-1.632,17281
1982-09-09,-0.263,17568
1982-09-08,0.078,17614
1982-09-07,-0.279,17601
1982-09-03,1.263,17650
1982-09-02,0.895,17430
1982-09-01,0.675,17275
1982-08-31,0.413,17159
1982-08-30,0.048,17089
1982-08-27,-1.756,17080
1982-08-26,-0.692,17386
1982-08-25,-0.310,17507
1982-08-24,1.027,17561
1982-08-23,-1.203,17383
1982-08-20,1.467,17594
1982-08-19,-0.076,17340
1982-08-18,1.019,17353
1982-08-17,3.107,17178
1982-08-16,1.359,16661
1982-08-13,1.476,16437
1982-08-12,0.848,16198
1982-08-11,0.065,16062
1982-08-10,0.425,16052
1982-08-09,0.769,15984
1982-08-06,-0.805,15862
1982-08-05,-0.122,15990
1982-08-04,-0.007,16010
1982-08-03,-0.612,16011
1982-08-02,1.891,16110
1982-07-30,0.693,15811
1982-07-29,0.632,15702
1982-07-28,-0.964,15603
1982-07-27,0.222,15755
1982-07-26,-1.668,15720
1982-07-23,-0.253,15987
1982-07-22,0.716,16028
1982-07-21,-0.295,15914
1982-07-20,0.772,15961
1982-07-19,0.122,15838
1982-07-16,1.627,15819
1982-07-15,0.913,15566
1982-07-14,-0.551,15425
1982-07-13,-1.005,15510
1982-07-12,0.920,15668
1982-07-09,0.998,15525
1982-07-08,1.900,15372
1982-07-07,0.409,15085
1982-07-06,0.176,15023
1982-07-02,-0.783,14997
1982-07-01,0.177,15115
1982-06-30,1.377,15089
1982-06-29,0.626,14884
1982-06-28,0.365,14791
1982-06-25,-0.054,14737
1982-06-24,0.324,14745
1982-06-23,-0.284,14698
1982-06-22,-0.299,14740
1982-06-21,0.298,14784
1982-06-18,-0.584,14740
1982-06-17,-1.215,14827
1982-06-16,-0.196,15009
1982-06-15,0.190,15038
1982-06-14,-1.964,15010
1982-06-11,0.825,15311
1982-06-10,-0.074,15185
1982-06-09,0.108,15197
1982-06-08,-0.298,15180
1982-06-07,0.753,15226
1982-06-04,-0.701,15112
1982-06-03,-0.229,15218
1982-06-02,0.360,15253
1982-06-01,-1.842,15199
1982-05-28,-0.164,15484
1982-05-27,-0.479,15509
1982-05-26,-0.539,15584
1982-05-25,-0.023,15668
1982-05-24,-0.124,15672
1982-05-21,0.108,15691
1982-05-20,0.904,15675
1982-05-19,-0.237,15534
1982-05-18,0.266,15571
1982-05-17,-0.985,15530
1982-05-14,0.689,15684
1982-05-13,-0.065,15577
1982-05-12,-0.946,15587
1982-05-11,0.355,15736
1982-05-10,-0.401,15680
1982-05-07,0.473,15743
1982-05-06,1.576,15669
1982-05-05,0.208,15426
1982-05-04,0.652,15394
1982-05-03,-0.405,15294
1982-04-30,0.037,15356
1982-04-29,-0.736,15351
1982-04-28,-0.584,15465
1982-04-27,-0.167,15555
1982-04-26,0.224,15581
1982-04-23,0.267,15547
1982-04-22,0.209,15505
1982-04-21,-0.080,15473
1982-04-20,-0.586,15485
1982-04-19,0.414,15576
1982-04-16,1.094,15512
1982-04-15,0.797,15344
1982-04-14,-0.719,15223
1982-04-13,0.108,15333
1982-04-12,1.256,15317
1982-04-08,1.684,15127
1982-04-07,0.164,14876
1982-04-06,-0.018,14852
1982-04-05,-0.661,14855
1982-04-02,-0.047,14953
1982-04-01,0.587,14961
1982-03-31,1.047,14873
1982-03-30,-0.115,14719
1982-03-29,-0.922,14736
1982-03-26,-1.044,14873
1982-03-25,0.108,15030
1982-03-24,-1.126,15014
1982-03-23,0.266,15185
1982-03-22,1.438,15144
1982-03-19,-0.358,14930
1982-03-18,0.094,14983
1982-03-17,0.406,14969
1982-03-16,0.066,14909
1982-03-15,0.687,14899
1982-03-12,-0.005,14798
1982-03-11,-1.002,14798
1982-03-10,-0.304,14948
1982-03-09,0.307,14994
1982-03-08,-0.914,14948
1982-03-05,0.022,15086
1982-03-04,0.423,15082
1982-03-03,0.465,15019
1982-03-02,1.374,14949
1982-03-01,1.513,14747
1982-02-26,-0.766,14527
1982-02-25,-0.647,14639
1982-02-24,0.881,14734
1982-02-23,-0.563,14606
1982-02-22,2.733,14688
1982-02-19,0.299,14298
1982-02-18,1.666,14255
1982-02-17,0.310,14021
1982-02-16,1.438,13978
1982-02-12,0.055,13780
1982-02-11,0.851,13772
1982-02-10,0.977,13656
1982-02-09,-0.336,13524
1982-02-08,-1.923,13570
1982-02-05,0.762,13836
1982-02-04,-0.834,13731
1982-02-03,-0.922,13847
1982-02-02,0.553,13975
1982-02-01,-2.713,13899
1982-01-29,0.452,14286
1982-01-28,1.385,14222
1982-01-27,0.107,14028
1982-01-26,0.284,14013
1982-01-25,0.324,13973
1982-01-22,-0.095,13928
1982-01-21,0.877,13941
1982-01-20,0.375,13820
1982-01-19,-0.683,13768
1982-01-18,1.050,13863
1982-01-15,-0.640,13719
1982-01-14,1.235,13807
1982-01-13,-1.302,13639
1982-01-12,1.129,13819
1982-01-11,-1.891,13664
1982-01-08,1.341,13928
1982-01-07,-0.215,13744
1982-01-06,-0.915,13773
1982-01-05,-1.805,13900
1982-01-04,-1.411,14156
1981-12-31,1.547,14359
1981-12-30,-0.253,14140
1981-12-29,-0.916,14176
1981-12-28,0.219,14307
1981-12-24,0.790,14276
1981-12-23,-1.111,14164
1981-12-22,-0.901,14323
1981-12-21,-1.911,14453
1981-12-18,1.401,14735
1981-12-17,-1.142,14531
1981-12-16,0.022,14699
1981-12-15,0.423,14696
1981-12-14,1.581,14634
1981-12-11,0.065,14406
1981-12-10,-1.204,14397
1981-12-09,-0.992,14572
1981-12-08,0.136,14718
1981-12-07,-2.556,14698
1981-12-04,2.128,15084
1981-12-03,0.382,14769
1981-12-02,-0.946,14713
1981-12-01,-1.306,14854
1981-11-30,-1.234,15050
1981-11-27,0.541,15238
1981-11-25,1.415,15156
1981-11-24,2.471,14945
1981-11-23,-1.843,14584
1981-11-20,0.006,14858
1981-11-19,-0.008,14857
1981-11-18,1.541,14858
1981-11-17,-0.959,14633
1981-11-16,1.112,14775
1981-11-13,-0.051,14612
1981-11-12,2.185,14620
1981-11-11,0.052,14307
1981-11-10,0.264,14300
1981-11-09,2.411,14262
1981-11-06,1.503,13926
1981-11-05,-0.493,13720
1981-11-04,3.000,13788
1981-11-03,0.054,13386
1981-11-02,-0.120,13379
1981-10-30,2.273,13395
1981-10-29,2.268,13098
1981-10-28,0.415,12807
1981-10-27,0.824,12754
1981-10-26,-2.306,12650
1981-10-23,0.626,12949
1981-10-22,0.145,12868
1981-10-21,-1.726,12849
1981-10-20,-0.786,13075
1981-10-19,0.278,13179
1981-10-16,-0.897,13142
1981-10-15,0.652,13261
1981-10-14,-0.557,13175
1981-10-13,-0.828,13249
1981-10-12,0.052,13360
1981-10-09,1.395,13353
1981-10-08,0.663,13169
1981-10-07,0.475,13082
1981-10-06,0.106,13020
1981-10-05,1.262,13007
1981-10-02,2.262,12845
1981-10-01,0.653,12560
1981-09-30,-0.287,12479
1981-09-29,-1.125,12515
1981-09-28,0.530,12657
1981-09-25,-2.667,12591
1981-09-24,-0.575,12935
1981-09-23,-1.713,13010
1981-09-22,-1.529,13237
1981-09-21,0.910,13443
1981-09-18,0.512,13321
1981-09-17,1.074,13254
1981-09-16,0.080,13113
1981-09-15,0.653,13102
1981-09-14,-0.185,13017
1981-09-11,1.261,13041
1981-09-10,0.776,12879
1981-09-09,1.409,12780
1981-09-08,-0.833,12602
1981-09-04,-0.101,12708
1981-09-03,-0.673,12721
1981-09-02,0.002,12807
1981-09-01,0.526,12807
1981-08-31,-1.810,12740
1981-08-28,0.929,12975
1981-08-27,-0.039,12855
1981-08-26,0.251,12860
1981-08-25,-0.394,12828
1981-08-24,-2.943,12879
1981-08-21,-0.273,13269
1981-08-20,-0.915,13305
1981-08-19,0.162,13428
1981-08-18,-0.401,13407
1981-08-17,0.396,13461
1981-08-14,-0.594,13407
1981-08-13,-0.252,13488
1981-08-12,-1.127,13522
1981-08-11,1.690,13676
1981-08-10,1.502,13448
1981-08-07,-0.043,13249
1981-08-06,0.720,13255
1981-08-05,0.188,13160
1981-08-04,0.675,13136
1981-08-03,-2.033,13048
1981-07-31,0.011,13318
1981-07-30,-0.099,13317
1981-07-29,-0.801,13330
1981-07-28,-0.642,13438
1981-07-27,-0.438,13525
1981-07-24,1.298,13584
1981-07-23,0.480,13410
1981-07-22,-0.156,13346
1981-07-21,0.175,13367
1981-07-20,-3.221,13344
1981-07-17,0.334,13788
1981-07-16,-0.589,13742
1981-07-15,1.021,13823
1981-07-14,-1.082,13683
1981-07-13,-0.523,13833
1981-07-10,1.573,13906
1981-07-09,-0.177,13690
1981-07-08,-0.106,13715
1981-07-07,-1.586,13729
1981-07-06,1.263,13951
1981-07-02,0.907,13777
1981-07-01,-1.212,13653
1981-06-30,-1.284,13820
1981-06-29,0.267,14000
1981-06-26,-0.038,13963
1981-06-25,-0.212,13968
1981-06-24,-0.896,13998
1981-06-23,-0.787,14124
1981-06-22,0.284,14236
1981-06-19,0.638,14196
1981-06-18,-1.843,14106
1981-06-17,-0.907,14371
1981-06-16,0.107,14502
1981-06-15,1.717,14487
1981-06-12,0.049,14242
1981-06-11,-0.100,14235
1981-06-10,0.597,14250
1981-06-09,-0.129,14165
1981-06-08,1.675,14183
1981-06-05,-0.227,13949
1981-06-04,0.283,13981
1981-06-03,0.326,13942
1981-06-02,-0.546,13896
1981-06-01,0.313,13973
1981-05-29,0.341,13929
1981-05-28,1.228,13882
1981-05-27,-0.425,13713
1981-05-26,1.265,13772
1981-05-22,1.065,13600
1981-05-21,-0.374,13457
1981-05-20,0.051,13507
1981-05-19,-1.087,13500
1981-05-18,2.048,13649
1981-05-15,0.672,13375
1981-05-14,2.058,13285
1981-05-13,-0.057,13017
1981-05-12,-0.361,13025
1981-05-11,-0.792,13072
1981-05-08,0.583,13176
1981-05-07,1.066,13100
1981-05-06,1.126,12962
1981-05-05,-0.996,12817
1981-05-04,-2.519,12946
1981-05-01,0.389,13281
1981-04-30,-0.861,13229
1981-04-29,-0.785,13344
1981-04-28,0.008,13450
1981-04-27,-0.164,13449
1981-04-24,-0.451,13471
1981-04-23,-0.166,13532
1981-04-22,-0.368,13554
1981-04-21,-0.052,13605
1981-04-20,1.077,13612
1981-04-16,-0.108,13467
1981-04-15,-1.156,13481
1981-04-14,0.862,13639
1981-04-13,-0.527,13522
1981-04-10,-0.979,13594
1981-04-09,0.911,13728
1981-04-08,-0.966,13604
1981-04-07,2.084,13737
1981-04-06,-2.308,13457
1981-04-03,-1.039,13774
1981-04-02,-0.976,13919
1981-04-01,0.077,14056
1981-03-31,1.110,14045
1981-03-30,1.012,13891
1981-03-27,0.063,13752
1981-03-26,-1.143,13743
1981-03-25,0.449,13902
1981-03-24,-0.885,13840
1981-03-23,-2.655,13964
1981-03-20,-0.536,14345
1981-03-19,-0.785,14422
1981-03-18,0.867,14536
1981-03-17,0.969,14411
1981-03-16,0.337,14273
1981-03-13,1.340,14225
1981-03-12,0.995,14037
1981-03-11,-0.205,13898
1981-03-10,-0.326,13927
1981-03-09,0.723,13973
1981-03-06,1.971,13872
1981-03-05,0.269,13604
1981-03-04,-0.199,13568
1981-03-03,1.354,13595
1981-03-02,-1.457,13413
1981-02-27,0.240,13611
1981-02-26,-0.816,13579
1981-02-25,-0.483,13691
1981-02-24,0.048,13757
1981-02-23,-1.957,13750
1981-02-20,1.333,14025
1981-02-19,1.319,13840
1981-02-18,0.448,13660
1981-02-17,2.008,13599
1981-02-13,-1.469,13331
1981-02-12,0.050,13530
1981-02-11,-0.523,13524
1981-02-10,-0.880,13595
1981-02-09,-0.576,13715
1981-02-06,-0.415,13795
1981-02-05,-1.107,13852
1981-02-04,0.837,14007
1981-02-03,-1.309,13891
1981-02-02,-1.005,14075
1981-01-30,0.817,14218
1981-01-29,-0.458,14103
1981-01-28,-0.076,14168
1981-01-27,-0.153,14179
1981-01-26,0.910,14200
1981-01-23,0.659,14072
1981-01-22,-0.972,13980
1981-01-21,-1.704,14118
1981-01-20,1.076,14362
1981-01-19,-0.850,14209
1981-01-16,0.981,14331
1981-01-15,-1.282,14192
1981-01-14,0.030,14376
1981-01-13,0.077,14372
1981-01-12,0.374,14361
1981-01-09,-1.700,14307
1981-01-08,-0.081,14555
1981-01-07,-1.635,14566
1981-01-06,-0.117,14809
1981-01-05,2.785,14826
1981-01-02,-0.158,14424
1980-12-31,-0.112,14447
1980-12-30,-0.964,14463
1980-12-29,0.173,14604
1980-12-26,0.920,14579
1980-12-24,-0.175,14446
1980-12-23,-1.378,14471
1980-12-22,3.746,14673
1980-12-19,3.180,14144
1980-12-18,1.044,13708
1980-12-17,1.768,13566
1980-12-16,-0.775,13330
1980-12-15,-0.114,13434
1980-12-12,2.411,13450
1980-12-11,-2.756,13133
1980-12-10,-0.786,13505
1980-12-09,-2.086,13612
1980-12-08,-0.488,13902
1980-12-05,0.756,13970
1980-12-04,-0.105,13866
1980-12-03,0.738,13880
1980-12-02,0.125,13778
1980-12-01,-1.337,13761
1980-11-28,-0.338,13948
1980-11-26,0.311,13995
1980-11-25,0.156,13952
1980-11-24,0.510,13930
1980-11-21,-1.165,13859
1980-11-20,-0.279,14023
1980-11-19,0.826,14062
1980-11-18,2.506,13947
1980-11-17,-1.116,13606
1980-11-14,-1.633,13759
1980-11-13,0.280,13988
1980-11-12,3.533,13948
1980-11-11,0.049,13472
1980-11-10,-0.852,13466
1980-11-07,0.382,13581
1980-11-06,-1.688,13530
1980-11-05,-1.026,13762
1980-11-03,0.124,13905
1980-10-31,0.433,13888
1980-10-30,-0.431,13828
1980-10-29,-0.527,13887
1980-10-28,-1.261,13961
1980-10-27,-2.711,14139
1980-10-24,0.609,14533
1980-10-23,0.462,14445
1980-10-22,-1.636,14379
1980-10-21,-0.688,14618
1980-10-20,-0.022,14719
1980-10-17,-1.348,14723
1980-10-16,-1.283,14924
1980-10-15,0.461,15118
1980-10-14,0.878,15048
1980-10-13,0.043,14917
1980-10-10,-0.206,14911
1980-10-09,1.455,14942
1980-10-08,-0.712,14728
1980-10-07,-0.321,14833
1980-10-06,0.557,14881
1980-10-03,2.865,14799
1980-10-02,0.189,14386
1980-10-01,0.125,14359
1980-09-30,1.924,14341
1980-09-29,-0.966,14071
1980-09-26,-1.151,14208
1980-09-25,-1.035,14373
1980-09-24,0.077,14524
1980-09-23,0.581,14512
1980-09-22,-2.854,14429
1980-09-19,1.007,14853
1980-09-18,0.505,14704
1980-09-17,-0.547,14631
1980-09-16,0.488,14711
1980-09-15,-1.731,14640
1980-09-12,-0.208,14898
1980-09-11,-0.978,14929
1980-09-10,0.329,15076
1980-09-09,0.783,15027
1980-09-08,-0.777,14910
1980-09-05,-0.328,15027
1980-09-04,-0.566,15076
1980-09-03,1.368,15162
1980-09-02,1.638,14957
1980-08-29,1.468,14716
1980-08-28,-0.939,14503
1980-08-27,-1.228,14641
1980-08-26,-0.024,14823
1980-08-25,-1.477,14826
1980-08-22,1.227,15049
1980-08-21,-0.091,14866
1980-08-20,0.160,14880
1980-08-19,-1.130,14856
1980-08-18,-1.566,15026
1980-08-15,0.540,15265
1980-08-14,0.333,15183
1980-08-13,0.759,15132
1980-08-12,0.450,15018
1980-08-11,-1.325,14951
1980-08-08,-1.667,15152
1980-08-07,0.475,15409
1980-08-06,-0.477,15336
1980-08-05,-0.010,15409
1980-08-04,0.771,15411
1980-08-01,0.249,15293
1980-07-31,-2.181,15255
1980-07-30,-0.891,15595
1980-07-29,0.182,15735
1980-07-28,-0.827,15707
1980-07-25,-0.620,15838
1980-07-24,-0.768,15937
1980-07-23,0.273,16060
1980-07-22,-0.556,16016
1980-07-21,0.763,16105
1980-07-18,-0.213,15984
1980-07-17,-0.935,16018
1980-07-16,1.275,16169
1980-07-15,1.497,15965
1980-07-14,-0.493,15730
1980-07-11,-0.764,15808
1980-07-10,-0.626,15930
1980-07-09,-0.684,16030
1980-07-08,1.458,16140
1980-07-07,-1.830,15908
1980-07-03,1.171,16205
1980-07-02,0.003,16017
1980-07-01,-1.138,16017
1980-06-30,-0.218,16201
1980-06-27,-0.621,16237
1980-06-26,-1.030,16338
1980-06-25,-0.799,16508
1980-06-24,-0.337,16641
1980-06-23,-1.428,16698
1980-06-20,0.664,16940
1980-06-19,0.321,16828
1980-06-18,-0.718,16774
1980-06-17,-0.172,16895
1980-06-16,0.036,16924
1980-06-13,1.198,16918
1980-06-12,1.714,16718
1980-06-11,0.874,16436
1980-06-10,-1.198,16294
1980-06-09,1.343,16491
1980-06-06,1.974,16273
1980-06-05,1.018,15958
1980-06-04,1.064,15797
1980-06-03,1.323,15631
1980-06-02,-0.701,15426
1980-05-30,-0.227,15535
1980-05-29,-0.957,15571
1980-05-28,-0.930,15721
1980-05-27,-0.016,15869
1980-05-23,2.193,15871
1980-05-22,-0.192,15531
1980-05-21,1.357,15561
1980-05-20,1.890,15352
1980-05-19,-1.294,15067
1980-05-16,-0.573,15265
1980-05-15,-1.653,15353
1980-05-14,0.415,15611
1980-05-13,1.091,15547
1980-05-12,-0.296,15379
1980-05-09,-0.722,15424
1980-05-08,-1.405,15536
1980-05-07,0.438,15758
1980-05-06,1.517,15689
1980-05-05,0.680,15455
1980-05-02,2.393,15350
1980-05-01,1.584,14992
1980-04-30,0.042,14758
1980-04-29,-0.248,14752
1980-04-28,2.717,14788
1980-04-25,-0.375,14397
1980-04-24,-0.915,14451
1980-04-23,-0.635,14585
1980-04-22,0.213,14678
1980-04-21,0.247,14647
1980-04-18,0.094,14611
1980-04-17,-0.637,14597
1980-04-16,4.659,14690
1980-04-15,0.160,14036
1980-04-14,0.423,14014
1980-04-11,2.156,13955
1980-04-10,0.286,13660
1980-04-09,0.527,13621
1980-04-08,0.302,13550
1980-04-07,3.485,13509
1980-04-03,0.124,13054
1980-04-02,0.587,13038
1980-04-01,-0.229,12962
1980-03-31,0.109,12992
1980-03-28,1.633,12978
1980-03-27,0.411,12769
1980-03-26,1.061,12717
1980-03-25,0.048,12583
1980-03-24,-3.144,12577
1980-03-21,-0.354,12986
1980-03-20,-2.230,13032
1980-03-19,0.916,13329
1980-03-18,1.488,13208
1980-03-17,-0.248,13014
1980-03-14,0.451,13047
1980-03-13,1.005,12988
1980-03-12,-1.869,12859
1980-03-11,1.092,13104
1980-03-10,2.351,12962
1980-03-07,1.137,12665
1980-03-06,-1.873,12522
1980-03-05,-0.793,12761
1980-03-04,-0.214,12863
1980-03-03,-1.078,12891
1980-02-29,0.423,13031
1980-02-28,4.224,12976
1980-02-27,0.902,12450
1980-02-26,-1.019,12339
1980-02-25,-0.851,12466
1980-02-22,1.741,12573
1980-02-21,-1.693,12358
1980-02-20,0.335,12571
1980-02-19,-3.904,12529
1980-02-15,-1.783,13038
1980-02-14,-0.367,13274
1980-02-13,0.939,13323
1980-02-12,0.046,13199
1980-02-11,-1.759,13193
1980-02-08,-0.051,13429
1980-02-07,0.947,13436
1980-02-06,-1.169,13310
1980-02-05,-2.604,13468
1980-02-04,-0.767,13828
1980-02-01,-1.123,13934
1980-01-31,0.346,14093
1980-01-30,0.026,14044
1980-01-29,-0.813,14040
1980-01-28,-0.346,14156
1980-01-25,-0.890,14205
1980-01-24,-1.583,14332
1980-01-23,0.197,14563
1980-01-22,0.804,14534
1980-01-21,-1.508,14418
1980-01-18,-1.076,14639
1980-01-17,-0.559,14798
1980-01-16,0.022,14882
1980-01-15,-0.102,14878
1980-01-14,-0.244,14893
1980-01-11,-0.955,14930
1980-01-10,0.417,15074
1980-01-09,-0.085,15011
1980-01-08,0.702,15024
1980-01-07,0.022,14919
1980-01-04,-0.298,14916
1980-01-03,-0.889,14961
1980-01-02,-0.860,15095
1979-12-31,0.529,15226
1979-12-28,0.274,15146
1979-12-27,0.130,15104
1979-12-26,-0.159,15085
1979-12-24,0.003,15109
1979-12-21,-0.286,15108
1979-12-20,-0.287,15152
1979-12-19,0.257,15195
1979-12-18,0.383,15156
1979-12-17,0.021,15098
1979-12-14,0.762,15095
1979-12-13,0.255,14981
1979-12-12,-0.659,14943
1979-12-11,-1.421,15042
1979-12-10,0.130,15259
1979-12-07,-0.928,15239
1979-12-06,0.737,15382
1979-12-05,0.313,15269
1979-12-04,0.750,15222
1979-12-03,-0.324,15108
1979-11-30,-0.161,15157
1979-11-29,0.276,15182
1979-11-28,-0.670,15140
1979-11-27,0.881,15242
1979-11-26,1.147,15109
1979-11-23,1.497,14938
1979-11-21,0.271,14717
1979-11-20,0.270,14678
1979-11-19,-0.119,14638
1979-11-16,-0.899,14656
1979-11-15,0.933,14789
1979-11-14,-0.634,14652
1979-11-13,0.289,14745
1979-11-12,0.040,14703
1979-11-09,1.588,14697
1979-11-08,0.356,14467
1979-11-07,-1.028,14416
1979-11-06,0.040,14566
1979-11-05,0.146,14560
1979-11-02,-0.843,14539
1979-11-01,-0.869,14662
1979-10-31,-0.105,14791
1979-10-30,0.343,14806
1979-10-29,-0.714,14756
1979-10-26,1.606,14862
1979-10-25,-0.975,14627
1979-10-24,0.989,14771
1979-10-23,-0.174,14626
1979-10-22,-1.887,14652
1979-10-19,-1.449,14933
1979-10-18,-1.358,15153
1979-10-17,0.650,15362
1979-10-16,0.222,15262
1979-10-15,-0.664,15229
1979-10-12,-0.056,15331
1979-10-11,-0.632,15339
1979-10-10,-0.786,15437
1979-10-09,-2.467,15559
1979-10-08,0.036,15953
1979-10-05,-0.233,15947
1979-10-04,-0.311,15984
1979-10-03,-0.158,16034
1979-10-02,0.229,16059
1979-10-01,-0.486,16023
1979-09-28,0.074,16101
1979-09-27,-0.605,16089
1979-09-26,-0.277,16187
1979-09-25,0.094,16232
1979-09-24,-0.551,16216
1979-09-21,0.271,16306
1979-09-20,0.290,16262
1979-09-19,0.290,16215
1979-09-18,0.036,16168
1979-09-17,-0.472,16163
1979-09-14,0.349,16239
1979-09-13,-0.121,16183
1979-09-12,-0.200,16202
1979-09-11,0.663,16235
1979-09-10,-0.140,16128
1979-09-07,-0.121,16150
1979-09-06,-0.062,16170
1979-09-05,-0.102,16180
1979-09-04,-0.494,16197
1979-08-31,-0.201,16277
1979-08-30,-0.498,16310
1979-08-29,0.134,16391
1979-08-28,-0.004,16369
1979-08-27,0.194,16370
1979-08-24,-0.420,16338
1979-08-23,-0.064,16407
1979-08-22,-0.044,16418
1979-08-21,-0.183,16425
1979-08-20,-0.025,16455
1979-08-17,0.035,16459
1979-08-16,0.135,16453
1979-08-15,-0.065,16431
1979-08-14,0.274,16442
1979-08-13,-0.005,16397
1979-08-10,-0.164,16398
1979-08-09,-0.324,16425
1979-08-08,-0.065,16478
1979-08-07,0.195,16489
1979-08-06,0.235,16457
1979-08-03,-0.125,16418
1979-08-02,0.535,16439
1979-08-01,0.194,16351
1979-07-31,0.234,16320
1979-07-30,-0.004,16282
1979-07-27,-0.262,16282
1979-07-26,0.015,16325
1979-07-25,0.393,16323
1979-07-24,-0.163,16259
1979-07-23,-0.243,16285
1979-07-20,0.314,16325
1979-07-19,-0.005,16274
1979-07-18,-0.084,16275
1979-07-17,-0.164,16288
1979-07-16,-0.364,16315
1979-07-13,-0.005,16375
1979-07-12,0.155,16376
1979-07-11,-0.285,16350
1979-07-10,-0.386,16397
1979-07-09,-0.227,16460
1979-07-06,-0.066,16498
1979-07-05,-0.026,16509
1979-07-03,-0.107,16513
1979-07-02,0.419,16531
1979-06-29,0.014,16462
1979-06-28,-0.066,16459
1979-06-27,0.176,16470
1979-06-26,0.840,16441
1979-06-25,0.335,16304
1979-06-22,-0.144,16250
1979-06-21,0.075,16273
1979-06-20,0.155,16261
1979-06-19,-0.025,16236
1979-06-18,0.095,16240
1979-06-15,-0.464,16225
1979-06-14,-0.166,16300
1979-06-13,-0.226,16327
1979-06-12,0.960,16364
1979-06-11,-0.264,16209
1979-06-08,-0.065,16252
1979-06-07,1.157,16262
1979-06-06,0.432,16076
1979-06-05,0.292,16007
1979-06-04,0.035,15961
1979-06-01,0.134,15955
1979-05-31,-0.458,15934
1979-05-30,0.035,16007
1979-05-29,0.075,16001
1979-05-25,0.392,15989
1979-05-24,0.233,15927
1979-05-23,0.725,15890
1979-05-22,0.428,15775
1979-05-21,-0.120,15708
1979-05-18,0.270,15727
1979-05-17,0.231,15685
1979-05-16,0.192,15649
1979-05-15,-0.120,15619
1979-05-14,0.426,15637
1979-05-11,0.211,15571
1979-05-10,-0.061,15538
1979-05-09,0.191,15548
1979-05-08,0.075,15518
1979-05-07,0.094,15507
1979-05-04,-0.196,15492
1979-05-03,-0.333,15523
1979-05-02,-0.101,15574
1979-05-01,0.133,15590
1979-04-30,-0.218,15569
1979-04-27,-0.140,15603
1979-04-26,-0.375,15625
1979-04-25,0.094,15684
1979-04-24,-0.063,15669
1979-04-23,-0.279,15679
1979-04-20,-0.338,15723
1979-04-19,0.035,15776
1979-04-18,0.173,15771
1979-04-17,0.232,15744
1979-04-16,-0.004,15707
1979-04-12,-0.063,15708
1979-04-11,-0.142,15718
1979-04-10,-0.182,15740
1979-04-09,-0.222,15769
1979-04-06,-0.243,15804
1979-04-05,0.174,15842
1979-04-04,0.134,15815
1979-04-03,0.213,15794
1979-04-02,-0.005,15760
1979-03-30,-0.302,15761
1979-03-29,0.074,15809
1979-03-28,0.233,15797
1979-03-27,0.154,15760
1979-03-26,0.055,15736
1979-03-23,0.054,15727
1979-03-22,0.074,15719
1979-03-21,0.134,15707
1979-03-20,-0.103,15686
1979-03-19,0.074,15702
1979-03-16,0.153,15691
1979-03-15,-0.024,15667
1979-03-14,-0.163,15670
1979-03-13,0.074,15696
1979-03-12,0.193,15684
1979-03-09,-0.222,15654
1979-03-08,0.094,15689
1979-03-07,0.391,15674
1979-03-06,-0.202,15613
1979-03-05,0.569,15645
1979-03-02,0.114,15556
1979-03-01,-0.103,15538
1979-02-28,0.035,15554
1979-02-27,0.035,15549
1979-02-26,0.193,15543
1979-02-23,-0.122,15514
1979-02-22,-0.398,15533
1979-02-21,-0.163,15595
1979-02-20,-0.064,15620
1979-02-16,0.035,15630
1979-02-15,-0.025,15625
1979-02-14,0.035,15628
1979-02-13,0.233,15623
1979-02-12,0.035,15587
1979-02-09,-0.163,15581
1979-02-08,-0.005,15607
1979-02-07,-0.798,15608
1979-02-06,-0.325,15733
1979-02-05,-0.406,15784
1979-02-02,0.215,15849
1979-02-01,0.074,15815
1979-01-31,0.034,15803
1979-01-30,0.034,15798
1979-01-29,-0.227,15792
1979-01-26,0.235,15828
1979-01-25,0.777,15791
1979-01-24,0.234,15669
1979-01-23,0.094,15633
1979-01-22,0.333,15618
1979-01-19,0.193,15566
1979-01-18,-0.005,15536
1979-01-17,-0.065,15537
1979-01-16,-0.065,15547
1979-01-15,0.035,15557
1979-01-12,0.134,15552
1979-01-11,0.094,15531
1979-01-10,-0.005,15516
1979-01-09,-0.144,15517
1979-01-08,-0.144,15539
1979-01-05,-0.065,15562
1979-01-04,0.314,15572
1979-01-03,0.174,15523
1979-01-02,-0.184,15496
1978-12-29,0.174,15525
1978-12-28,-0.363,15498
1978-12-27,0.134,15554
1978-12-26,0.174,15533
1978-12-22,0.293,15506
1978-12-21,0.134,15461
1978-12-20,-0.243,15440
1978-12-19,0.114,15478
1978-12-18,-0.899,15460
1978-12-15,-0.085,15601
1978-12-14,0.095,15614
1978-12-13,-0.587,15599
1978-12-12,-0.147,15691
1978-12-11,0.034,15714
1978-12-08,-0.006,15709
1978-12-07,-0.228,15710
1978-12-06,0.176,15746
1978-12-05,-0.006,15718
1978-12-04,-0.370,15719
1978-12-01,0.581,15777
1978-11-30,-0.026,15686
1978-11-29,-0.087,15690
1978-11-28,-0.026,15704
1978-11-27,0.135,15708
1978-11-24,-0.612,15687
1978-11-22,-0.128,15783
1978-11-21,-0.068,15804
1978-11-20,-0.027,15814
1978-11-17,-0.007,15819
1978-11-16,0.075,15820
1978-11-15,0.706,15808
1978-11-14,0.115,15697
1978-11-13,0.297,15679
1978-11-10,0.297,15633
1978-11-09,-0.066,15586
1978-11-08,-0.026,15597
1978-11-07,0.034,15601
1978-11-06,-0.248,15595
1978-11-03,-0.553,15634
1978-11-02,-0.271,15721
1978-11-01,2.052,15764
1978-10-31,-0.226,15447
1978-10-30,-0.910,15482
1978-10-27,-0.371,15624
1978-10-26,-0.271,15682
1978-10-25,-0.068,15725
1978-10-24,0.237,15736
1978-10-23,-0.048,15699
1978-10-20,-0.170,15706
1978-10-19,-0.130,15733
1978-10-18,-0.007,15753
1978-10-17,-0.007,15754
1978-10-16,-0.539,15755
1978-10-13,-0.028,15841
1978-10-12,0.300,15845
1978-10-11,0.033,15798
1978-10-10,0.033,15793
1978-10-09,0.033,15787
1978-10-06,0.341,15782
1978-10-05,-0.028,15728
1978-10-04,-0.007,15733
1978-10-03,0.075,15734
1978-10-02,-0.171,15722
1978-09-29,-0.110,15749
1978-09-28,-0.028,15766
1978-09-27,-0.131,15771
1978-09-26,0.136,15792
1978-09-25,0.054,15770
1978-09-22,-0.624,15762
1978-09-21,-0.215,15861
1978-09-20,-0.629,15895
1978-09-19,-0.217,15995
1978-09-18,-0.238,16030
1978-09-15,-0.134,16068
1978-09-14,-0.114,16090
1978-09-13,-0.072,16108
1978-09-12,0.284,16120
1978-09-11,0.242,16074
1978-09-08,0.096,16035
1978-09-07,-0.030,16020
1978-09-06,0.137,16025
1978-09-05,0.450,16003
1978-09-01,0.054,15931
1978-08-31,0.137,15922
1978-08-30,-0.175,15901
1978-08-29,-0.133,15928
1978-08-28,0.033,15950
1978-08-25,0.096,15944
1978-08-24,-0.217,15929
1978-08-23,0.701,15964
1978-08-22,0.033,15853
1978-08-21,0.552,15847
1978-08-18,0.158,15760
1978-08-17,0.715,15736
1978-08-16,-0.726,15624
1978-08-15,-0.132,15738
1978-08-14,-0.401,15759
1978-08-11,0.075,15822
1978-08-10,-0.735,15811
1978-08-09,0.221,15928
1978-08-08,0.158,15892
1978-08-07,0.137,15867
1978-08-04,-0.029,15846
1978-08-03,0.242,15850
1978-08-02,1.177,15812
1978-08-01,0.177,15628
1978-07-31,-0.070,15600
1978-07-28,0.507,15611
1978-07-27,0.731,15533
1978-07-26,0.237,15420
1978-07-25,0.034,15383
1978-07-24,-0.068,15378
1978-07-21,-0.028,15389
1978-07-20,-0.150,15393
1978-07-19,0.033,15416
1978-07-18,0.136,15411
1978-07-17,0.299,15390
1978-07-14,0.176,15344
1978-07-13,-0.068,15317
1978-07-12,0.034,15328
1978-07-11,0.034,15323
1978-07-10,-0.089,15317
1978-07-07,-0.476,15331
1978-07-06,0.033,15404
1978-07-05,-0.171,15399
1978-07-03,0.238,15426
1978-06-30,-0.356,15389
1978-06-29,-0.131,15444
1978-06-28,0.136,15464
1978-06-27,0.239,15443
1978-06-26,-0.479,15406
1978-06-23,-0.214,15481
1978-06-22,0.095,15514
1978-06-21,-0.379,15499
1978-06-20,-0.174,15558
1978-06-19,-0.133,15585
1978-06-16,-0.175,15606
1978-06-15,-0.009,15633
1978-06-14,0.137,15635
1978-06-13,0.074,15613
1978-06-12,0.033,15602
1978-06-09,-0.071,15597
1978-06-08,-0.009,15608
1978-06-07,0.137,15609
1978-06-06,0.033,15588
1978-06-05,0.261,15583
1978-06-02,0.240,15542
1978-06-01,0.033,15505
1978-05-31,0.075,15500
1978-05-30,0.033,15488
1978-05-26,-0.215,15483
1978-05-25,-0.195,15517
1978-05-24,-0.113,15547
1978-05-23,0.074,15564
1978-05-22,0.095,15553
1978-05-19,-0.154,15538
1978-05-18,-0.259,15562
1978-05-17,0.200,15603
1978-05-16,0.074,15571
1978-05-15,0.199,15560
1978-05-12,-0.175,15529
1978-05-11,0.220,15556
1978-05-10,0.075,15522
1978-05-09,0.075,15510
1978-05-08,0.033,15499
1978-05-05,-0.591,15494
1978-05-04,0.137,15586
1978-05-03,-0.176,15564
1978-05-02,-0.009,15592
1978-05-01,0.096,15593
1978-04-28,0.137,15578
1978-04-27,-0.176,15557
1978-04-26,-0.177,15585
1978-04-25,0.075,15612
1978-04-24,-0.177,15600
1978-04-21,-0.135,15628
1978-04-20,-0.115,15649
1978-04-19,-0.220,15667
1978-04-18,0.096,15702
1978-04-17,0.391,15687
1978-04-14,0.285,15626
1978-04-13,0.033,15581
1978-04-12,0.033,15576
1978-04-11,-0.009,15571
1978-04-10,-0.072,15573
1978-04-07,-0.030,15584
1978-04-06,-0.115,15589
1978-04-05,-0.073,15606
1978-04-04,0.138,15618
1978-04-03,0.138,15596
1978-03-31,-0.430,15575
1978-03-30,-0.031,15642
1978-03-29,0.054,15647
1978-03-28,0.138,15639
1978-03-27,-0.727,15617
1978-03-23,-0.329,15731
1978-03-22,-0.074,15783
1978-03-21,0.032,15795
1978-03-20,0.245,15790
1978-03-17,0.032,15751
1978-03-16,0.032,15746
1978-03-15,0.032,15741
1978-03-14,0.032,15736
1978-03-13,0.139,15731
1978-03-10,0.181,15709
1978-03-09,0.138,15681
1978-03-08,0.032,15659
1978-03-07,0.244,15654
1978-03-06,-0.074,15616
1978-03-03,0.096,15627
1978-03-02,0.096,15612
1978-03-01,-0.073,15597
1978-02-28,-0.010,15609
1978-02-27,0.245,15610
1978-02-24,0.181,15572
1978-02-23,0.244,15544
1978-02-22,0.033,15506
1978-02-21,-0.073,15501
1978-02-17,0.180,15513
1978-02-16,-0.284,15485
1978-02-15,-0.179,15529
1978-02-14,-0.073,15557
1978-02-13,0.032,15568
1978-02-10,-0.010,15563
1978-02-09,-0.010,15565
1978-02-08,0.033,15566
1978-02-07,0.075,15561
1978-02-06,-0.180,15549
1978-02-03,-0.138,15577
1978-02-02,0.075,15599
1978-02-01,-0.181,15587
1978-01-31,0.202,15615
1978-01-30,0.139,15584
1978-01-27,0.032,15562
1978-01-26,0.202,15557
1978-01-25,-0.243,15526
1978-01-24,-0.117,15564
1978-01-23,0.075,15582
1978-01-20,0.032,15570
1978-01-19,0.032,15565
1978-01-18,0.075,15560
1978-01-17,0.160,15549
1978-01-16,-0.074,15524
1978-01-13,0.330,15535
1978-01-12,-0.053,15484
1978-01-11,-0.095,15492
1978-01-10,0.053,15507
1978-01-09,-1.307,15499
1978-01-06,-0.247,15704
1978-01-05,0.097,15743
1978-01-04,0.032,15728
1978-01-03,-0.377,15723
1977-12-30,0.313,15782
1977-12-29,-0.076,15733
1977-12-28,-0.249,15745
1977-12-27,-0.228,15784
1977-12-23,-0.077,15820
1977-12-22,-0.077,15832
1977-12-21,0.097,15845
1977-12-20,-0.402,15829
1977-12-19,-0.186,15893
1977-12-16,-0.034,15923
1977-12-15,-0.121,15928
1977-12-14,-0.078,15948
1977-12-13,-0.078,15960
1977-12-12,-0.078,15972
1977-12-09,0.207,15985
1977-12-08,0.010,15952
1977-12-07,-0.166,15950
1977-12-06,-0.078,15977
1977-12-05,-0.122,15989
1977-12-02,-0.078,16009
1977-12-01,-0.144,16022
1977-11-30,-0.013,16045
1977-11-29,-0.123,16047
1977-11-28,0.031,16067
1977-11-25,-0.035,16061
1977-11-23,0.252,16067
1977-11-22,0.031,16027
1977-11-21,-0.035,16022
1977-11-18,0.097,16027
1977-11-17,0.097,16012
1977-11-16,0.031,15996
1977-11-15,-0.123,15991
1977-11-14,0.538,16011
1977-11-11,0.031,15925
1977-11-10,0.075,15920
1977-11-09,0.250,15908
1977-11-08,0.031,15868
1977-11-07,0.141,15863
1977-11-04,0.228,15841
1977-11-03,-0.209,15805
1977-11-02,-0.253,15838
1977-11-01,-0.342,15878
1977-10-31,-0.189,15933
1977-10-28,0.031,15963
1977-10-27,0.031,15958
1977-10-26,0.075,15953
1977-10-25,-0.079,15941
1977-10-24,-0.079,15954
1977-10-21,-0.124,15966
1977-10-20,0.186,15986
1977-10-19,0.097,15957
1977-10-18,-0.035,15941
1977-10-17,-0.102,15947
1977-10-14,0.208,15963
1977-10-13,-0.057,15930
1977-10-12,-0.234,15939
1977-10-11,-0.367,15976
1977-10-10,0.031,16035
1977-10-07,-0.169,16030
1977-10-06,-0.214,16058
1977-10-05,0.031,16092
1977-10-04,0.097,16087
1977-10-03,-0.147,16071
1977-09-30,0.030,16095
1977-09-29,-0.014,16090
1977-09-28,0.031,16092
1977-09-27,0.254,16088
1977-09-26,-0.170,16047
1977-09-23,-0.014,16074
1977-09-22,-0.170,16076
1977-09-21,-0.037,16104
1977-09-20,-0.238,16110
1977-09-19,0.075,16148
1977-09-16,0.030,16136
1977-09-15,0.030,16131
1977-09-14,0.321,16126
1977-09-13,0.075,16075
1977-09-12,-0.081,16063
1977-09-09,-0.618,16076
1977-09-08,-0.082,16176
1977-09-07,-0.105,16189
1977-09-06,0.143,16206
1977-09-02,0.323,16183
1977-09-01,-0.037,16131
1977-08-31,-0.082,16137
1977-08-30,-0.082,16150
1977-08-29,0.120,16163
1977-08-26,0.435,16144
1977-08-25,0.366,16074
1977-08-24,0.120,16015
1977-08-23,0.253,15996
1977-08-22,0.142,15956
1977-08-19,0.275,15933
1977-08-18,0.231,15889
1977-08-17,0.341,15853
1977-08-16,0.030,15799
1977-08-15,-0.014,15794
1977-08-12,0.030,15796
1977-08-11,-0.080,15792
1977-08-10,-0.058,15804
1977-08-09,-0.280,15814
1977-08-08,0.186,15858
1977-08-05,-0.058,15828
1977-08-04,-0.059,15838
1977-08-03,0.253,15847
1977-08-02,-0.147,15807
1977-08-01,0.253,15830
1977-07-29,-0.280,15790
1977-07-28,-0.370,15835
1977-07-27,-0.327,15894
1977-07-26,0.120,15946
1977-07-25,0.232,15927
1977-07-22,0.075,15890
1977-07-21,-0.037,15878
1977-07-20,0.030,15884
1977-07-19,-0.015,15879
1977-07-18,-0.015,15881
1977-07-15,-0.193,15884
1977-07-13,0.321,15915
1977-07-12,0.120,15864
1977-07-11,-0.059,15845
1977-07-08,-0.305,15854
1977-07-07,0.142,15903
1977-07-06,0.030,15880
1977-07-05,-0.306,15875
1977-07-01,-0.015,15924
1977-06-30,-0.330,15926
1977-06-29,0.300,15979
1977-06-28,0.254,15931
1977-06-27,0.097,15891
1977-06-24,0.343,15876
1977-06-23,-0.015,15821
1977-06-22,0.186,15824
1977-06-21,0.096,15794
1977-06-20,-0.082,15779
1977-06-17,0.029,15792
1977-06-16,-0.194,15787
1977-06-15,-0.127,15818
1977-06-14,0.410,15838
1977-06-13,0.432,15773
1977-06-10,0.186,15706
1977-06-09,0.074,15677
1977-06-08,-0.059,15665
1977-06-07,0.319,15674
1977-06-06,-0.014,15624
1977-06-03,0.253,15627
1977-06-02,0.097,15587
1977-06-01,-0.036,15572
1977-05-31,0.031,15578
1977-05-27,0.164,15573
1977-05-26,-0.058,15547
1977-05-25,0.208,15556
1977-05-24,0.429,15524
1977-05-23,0.185,15458
1977-05-20,0.075,15429
1977-05-19,-0.410,15418
1977-05-18,0.031,15481
1977-05-17,0.207,15476
1977-05-16,0.141,15444
1977-05-13,0.604,15423
1977-05-12,0.119,15330
1977-05-11,-0.013,15312
1977-05-10,-0.013,15314
1977-05-09,0.119,15316
1977-05-06,-0.627,15297
1977-05-05,-0.190,15394
1977-05-04,0.097,15423
1977-05-03,0.185,15408
1977-05-02,-0.057,15380
1977-04-29,-0.410,15388
1977-04-28,-0.080,15452
1977-04-27,0.009,15464
1977-04-26,0.164,15463
1977-04-25,-0.257,15438
1977-04-22,-0.369,15477
1977-04-21,-0.014,15535
1977-04-20,-0.148,15537
1977-04-19,-0.304,15560
1977-04-18,0.097,15607
1977-04-15,-0.104,15592
1977-04-14,1.306,15608
1977-04-13,0.164,15407
1977-04-12,0.031,15382
1977-04-11,0.252,15377
1977-04-07,-0.058,15339
1977-04-06,0.119,15347
1977-04-05,0.075,15329
1977-04-04,-0.013,15318
1977-04-01,0.097,15320
1977-03-31,0.141,15305
1977-03-30,0.075,15283
1977-03-29,0.031,15272
1977-03-28,-0.146,15267
1977-03-25,0.031,15289
1977-03-24,-0.013,15285
1977-03-23,-0.124,15287
1977-03-22,-0.212,15306
1977-03-21,0.208,15338
1977-03-18,0.252,15306
1977-03-17,0.097,15268
1977-03-16,-0.079,15253
1977-03-15,0.296,15265
1977-03-14,-0.013,15220
1977-03-11,0.229,15222
1977-03-10,0.031,15187
1977-03-09,0.317,15183
1977-03-08,-0.057,15135
1977-03-07,-0.101,15143
1977-03-04,-0.299,15158
1977-03-03,0.252,15204
1977-03-02,0.317,15166
1977-03-01,-0.408,15118
1977-02-28,0.009,15180
1977-02-25,0.273,15179
1977-02-24,-0.167,15137
1977-02-23,-0.586,15162
1977-02-22,-0.035,15252
1977-02-18,-0.878,15257
1977-02-17,0.031,15392
1977-02-16,0.455,15388
1977-02-15,0.253,15318
1977-02-14,-0.191,15279
1977-02-11,-0.192,15309
1977-02-10,0.142,15338
1977-02-09,0.031,15316
1977-02-08,-0.304,15312
1977-02-07,-0.305,15358
1977-02-04,1.262,15405
1977-02-03,0.474,15213
1977-02-02,-0.632,15141
1977-02-01,-0.303,15238
1977-01-31,0.142,15284
1977-01-28,0.365,15262
1977-01-27,-0.857,15207
1977-01-26,-0.081,15338
1977-01-25,0.142,15351
1977-01-24,-0.529,15329
1977-01-21,0.255,15410
1977-01-20,0.030,15371
1977-01-19,0.255,15366
1977-01-18,-0.193,15327
1977-01-17,-0.306,15357
1977-01-14,-0.532,15404
1977-01-13,0.595,15487
1977-01-12,0.143,15395
1977-01-11,-0.307,15373
1977-01-10,-1.434,15420
1977-01-07,-0.882,15645
1977-01-06,-0.545,15784
1977-01-05,-0.086,15870
1977-01-04,-0.202,15884
1977-01-03,-0.318,15916
1976-12-31,0.145,15967
1976-12-30,1.071,15944
1976-12-29,-0.200,15775
1976-12-28,0.144,15807
1976-12-27,0.029,15784
1976-12-23,0.374,15779
1976-12-22,0.029,15720
1976-12-21,-0.085,15716
1976-12-20,0.488,15729
1976-12-17,0.373,15653
1976-12-16,-0.084,15595
1976-12-15,-0.085,15608
1976-12-14,0.144,15621
1976-12-13,-0.427,15599
1976-12-10,0.488,15665
1976-12-09,-0.199,15589
1976-12-08,-0.085,15620
1976-12-07,0.144,15634
1976-12-06,-0.085,15611
1976-12-03,0.602,15625
1976-12-02,0.485,15531
1976-12-01,0.484,15456
1976-11-30,0.030,15382
1976-11-29,-0.083,15377
1976-11-26,1.275,15390
1976-11-24,0.030,15196
1976-11-23,0.030,15191
1976-11-22,0.703,15187
1976-11-19,0.700,15081
1976-11-18,0.031,14976
1976-11-17,0.142,14971
1976-11-16,0.696,14950
1976-11-15,0.031,14847
1976-11-12,0.362,14842
1976-11-11,0.031,14789
1976-11-10,0.141,14784
1976-11-09,-0.079,14763
1976-11-08,-0.409,14775
1976-11-05,-0.410,14836
1976-11-04,0.474,14897
1976-11-03,-0.300,14826
1976-11-01,0.363,14871
1976-10-29,-0.079,14817
1976-10-28,0.252,14829
1976-10-27,0.472,14792
1976-10-26,0.251,14722
1976-10-25,-0.298,14685
1976-10-22,-0.628,14729
1976-10-21,0.031,14822
1976-10-20,-0.080,14818
1976-10-19,-0.301,14830
1976-10-18,-0.302,14874
1976-10-15,0.031,14919
1976-10-14,0.142,14915
1976-10-13,-0.080,14894
1976-10-12,0.142,14906
1976-10-11,0.031,14885
1976-10-08,0.586,14880
1976-10-07,0.142,14793
1976-10-06,0.252,14772
1976-10-05,-0.079,14735
1976-10-04,0.252,14747
1976-10-01,0.252,14710
1976-09-30,0.251,14673
1976-09-29,0.141,14636
1976-09-28,0.031,14616
1976-09-27,0.251,14611
1976-09-24,-0.626,14574
1976-09-23,-0.189,14666
1976-09-22,-0.079,14694
1976-09-21,0.252,14706
1976-09-20,-0.189,14669
1976-09-17,0.804,14697
1976-09-16,0.361,14579
1976-09-15,0.250,14527
1976-09-14,0.031,14491
1976-09-13,-0.187,14486
1976-09-10,0.141,14513
1976-09-09,-0.078,14493
1976-09-08,0.031,14504
1976-09-07,0.031,14500
1976-09-03,0.141,14495
1976-09-02,-0.187,14475
1976-09-01,0.141,14502
1976-08-31,0.469,14481
1976-08-30,0.141,14414
1976-08-27,-0.186,14394
1976-08-26,0.250,14420
1976-08-25,0.141,14385
1976-08-24,0.141,14364
1976-08-23,0.140,14344
1976-08-20,0.032,14324
1976-08-19,0.032,14319
1976-08-18,-0.077,14315
1976-08-17,0.032,14326
1976-08-16,0.249,14321
1976-08-13,0.249,14286
1976-08-12,0.032,14250
1976-08-11,0.465,14246
1976-08-10,-0.184,14180
1976-08-09,0.140,14206
1976-08-06,0.573,14186
1976-08-05,0.032,14105
1976-08-04,0.032,14101
1976-08-03,0.140,14096
1976-08-02,0.355,14077
1976-07-30,-0.182,14027
1976-07-29,-0.075,14052
1976-07-28,0.247,14063
1976-07-27,0.140,14028
1976-07-26,-0.289,14009
1976-07-23,0.140,14049
1976-07-22,0.032,14030
1976-07-21,0.355,14025
1976-07-20,-0.182,13976
1976-07-19,-0.290,14001
1976-07-16,-0.506,14042
1976-07-15,0.140,14113
1976-07-14,-0.076,14094
1976-07-13,-0.076,14104
1976-07-12,0.140,14115
1976-07-09,0.356,14095
1976-07-08,0.140,14045
1976-07-07,-0.076,14026
1976-07-06,0.032,14036
1976-07-02,0.463,14032
1976-07-01,0.032,13967
1976-06-30,0.462,13962
1976-06-29,-0.396,13898
1976-06-28,-0.183,13954
1976-06-25,-0.075,13979
1976-06-24,0.032,13990
1976-06-23,0.032,13985
1976-06-22,-0.076,13981
1976-06-21,0.356,13991
1976-06-18,0.140,13942
1976-06-17,0.247,13922
1976-06-16,-0.289,13888
1976-06-15,0.032,13928
1976-06-14,0.032,13924
1976-06-11,0.032,13919
1976-06-10,0.570,13915
1976-06-09,0.139,13836
1976-06-08,-0.182,13817
1976-06-07,-0.075,13842
1976-06-04,0.354,13852
1976-06-03,0.353,13803
1976-06-02,0.033,13755
1976-06-01,0.993,13750
1976-05-28,0.033,13615
1976-05-27,-0.285,13610
1976-05-26,-0.180,13649
1976-05-25,0.458,13674
1976-05-24,0.245,13611
1976-05-21,-0.390,13578
1976-05-20,-0.180,13631
1976-05-19,-0.074,13656
1976-05-18,0.565,13666
1976-05-17,-0.391,13589
1976-05-14,0.245,13643
1976-05-13,0.139,13609
1976-05-12,-0.391,13590
1976-05-11,0.139,13644
1976-05-10,-0.180,13625
1976-05-07,-1.033,13649
1976-05-06,-0.290,13792
1976-05-05,-0.076,13832
1976-05-04,0.463,13842
1976-05-03,-0.290,13778
1976-04-30,-0.507,13819
1976-04-29,-0.184,13889
1976-04-28,0.140,13915
1976-04-27,-0.076,13895
1976-04-26,-0.402,13906
1976-04-23,-0.403,13962
1976-04-22,-0.296,14018
1976-04-21,0.141,14060
1976-04-20,0.141,14040
1976-04-19,-0.296,14020
1976-04-15,-0.297,14062
1976-04-14,0.471,14104
1976-04-13,0.141,14038
1976-04-12,0.031,14018
1976-04-09,0.031,14014
1976-04-08,0.031,14009
1976-04-07,0.250,14005
1976-04-06,0.468,13970
1976-04-05,0.358,13905
1976-04-02,0.249,13855
1976-04-01,-0.293,13821
1976-03-31,-0.185,13862
1976-03-30,0.032,13887
1976-03-29,-0.077,13883
1976-03-26,0.032,13894
1976-03-25,0.141,13889
1976-03-24,0.358,13870
1976-03-23,0.357,13820
1976-03-22,0.357,13771
1976-03-19,0.032,13722
1976-03-18,0.248,13718
1976-03-17,-0.076,13684
1976-03-16,-0.184,13694
1976-03-15,-0.184,13719
1976-03-12,0.789,13745
1976-03-11,-0.075,13637
1976-03-10,0.247,13647
1976-03-09,-0.290,13614
1976-03-08,0.355,13653
1976-03-05,0.677,13605
1976-03-04,-0.074,13513
1976-03-03,-0.075,13523
1976-03-02,0.568,13534
1976-03-01,-0.927,13457
1976-02-27,-0.827,13583
1976-02-26,-0.076,13696
1976-02-25,0.032,13707
1976-02-24,0.465,13702
1976-02-23,0.895,13639
1976-02-20,0.247,13518
1976-02-19,-0.075,13485
1976-02-18,-0.182,13495
1976-02-17,0.461,13519
1976-02-13,0.246,13457
1976-02-12,0.033,13424
1976-02-11,0.246,13420
1976-02-10,-0.180,13387
1976-02-09,-0.181,13411
1976-02-06,-0.395,13435
1976-02-05,0.140,13489
1976-02-04,-0.182,13470
1976-02-03,-0.182,13494
1976-02-02,-0.075,13519
1976-01-30,0.247,13529
1976-01-29,0.247,13496
1976-01-28,-0.075,13463
1976-01-27,0.032,13473
1976-01-26,-0.075,13468
1976-01-23,0.247,13479
1976-01-22,0.032,13445
1976-01-21,0.140,13441
1976-01-20,-0.504,13422
1976-01-19,0.247,13490
1976-01-16,-0.398,13457
1976-01-15,0.140,13511
1976-01-14,-0.722,13492
1976-01-13,0.140,13590
1976-01-12,0.249,13571
1976-01-09,0.789,13537
1976-01-08,-0.398,13431
1976-01-07,0.140,13485
1976-01-06,0.463,13466
1976-01-05,0.354,13404
1976-01-02,-0.182,13357
1975-12-31,-0.182,13381
1975-12-30,0.247,13405
1975-12-29,-0.075,13372
1975-12-26,0.569,13382
1975-12-24,0.246,13307
1975-12-23,0.139,13274
1975-12-22,0.139,13255
1975-12-19,0.565,13237
1975-12-18,0.457,13163
1975-12-17,0.139,13103
1975-12-16,0.878,13085
1975-12-15,0.348,12971
1975-12-12,0.452,12926
1975-12-11,0.346,12867
1975-12-10,0.034,12823
1975-12-09,-0.382,12819
1975-12-08,-0.279,12868
1975-12-05,-0.071,12904
1975-12-04,0.243,12913
1975-12-03,0.034,12882
1975-12-02,0.138,12878
1975-12-01,-0.071,12860
1975-11-28,0.034,12869
1975-11-26,0.034,12865
1975-11-25,0.243,12860
1975-11-24,0.138,12829
1975-11-21,-0.279,12812
1975-11-20,0.243,12847
1975-11-19,0.034,12816
1975-11-18,-0.697,12812
1975-11-17,-0.072,12902
1975-11-14,-0.597,12911
1975-11-13,-0.178,12989
1975-11-12,-0.284,13012
1975-11-11,0.033,13049
1975-11-10,0.139,13045
1975-11-07,0.139,13027
1975-11-06,-0.073,13009
1975-11-05,0.139,13018
1975-11-04,0.033,13000
1975-11-03,-0.391,12996
1975-10-31,0.458,13047
1975-10-30,0.456,12987
1975-10-29,0.244,12928
1975-10-28,0.244,12897
1975-10-27,-0.177,12865
1975-10-24,-0.388,12888
1975-10-23,0.456,12938
1975-10-22,0.139,12880
1975-10-21,0.770,12862
1975-10-20,-0.176,12764
1975-10-17,0.033,12786
1975-10-16,0.662,12782
1975-10-15,-0.071,12698
1975-10-14,-0.071,12707
1975-10-13,0.034,12716
1975-10-10,0.556,12711
1975-10-09,0.346,12641
1975-10-08,0.553,12598
1975-10-07,-0.069,12528
1975-10-06,0.654,12537
1975-10-03,0.754,12456
1975-10-02,0.137,12362
1975-10-01,0.035,12345
1975-09-30,-0.170,12341
1975-09-29,-0.273,12362
1975-09-26,-0.273,12396
1975-09-25,-0.583,12430
1975-09-24,0.551,12503
1975-09-23,0.034,12434
1975-09-22,0.240,12430
1975-09-19,0.651,12400
1975-09-18,0.341,12320
1975-09-17,0.851,12278
1975-09-16,-0.269,12175
1975-09-15,0.035,12207
1975-09-12,-0.168,12203
1975-09-11,-0.576,12224
1975-09-10,-0.272,12295
1975-09-09,-0.273,12328
1975-09-08,-0.274,12362
1975-09-05,-0.481,12396
1975-09-04,0.034,12456
1975-09-03,-0.173,12452
1975-09-02,-0.173,12473
1975-08-29,0.345,12495
1975-08-28,0.345,12452
1975-08-27,0.447,12409
1975-08-26,0.240,12354
1975-08-25,-0.068,12324
1975-08-22,0.034,12333
1975-08-21,-0.171,12328
1975-08-20,0.240,12350
1975-08-19,0.240,12320
1975-08-18,0.137,12290
1975-08-15,-0.171,12274
1975-08-14,-0.480,12295
1975-08-13,-0.069,12354
1975-08-12,-0.276,12362
1975-08-11,0.241,12397
1975-08-08,0.758,12367
1975-08-07,-0.377,12274
1975-08-06,-0.275,12320
1975-08-05,-0.069,12354
1975-08-04,-0.794,12363
1975-08-01,-0.696,12462
1975-07-31,-0.805,12549
1975-07-30,-0.178,12651
1975-07-29,0.033,12673
1975-07-28,-0.073,12669
1975-07-25,-0.179,12678
1975-07-24,0.033,12701
1975-07-23,0.033,12697
1975-07-22,0.033,12693
1975-07-21,-0.285,12689
1975-07-18,-0.073,12725
1975-07-17,-0.074,12734
1975-07-16,-0.287,12744
1975-07-15,0.246,12780
1975-07-14,0.033,12749
1975-07-11,0.565,12745
1975-07-10,0.033,12673
1975-07-09,0.033,12669
1975-07-08,0.139,12665
1975-07-07,-0.179,12647
1975-07-03,0.033,12670
1975-07-02,-0.392,12666
1975-07-01,-0.287,12716
1975-06-30,0.139,12752
1975-06-27,-0.074,12734
1975-06-26,-0.181,12744
1975-06-25,-0.289,12767
1975-06-24,0.140,12804
1975-06-23,-0.182,12786
1975-06-20,-0.505,12809
1975-06-19,0.679,12874
1975-06-18,-0.826,12787
1975-06-17,-0.184,12894
1975-06-16,0.465,12918
1975-06-13,0.463,12858
1975-06-12,-1.795,12799
1975-06-11,1.122,13033
1975-06-10,0.140,12888
1975-06-09,1.112,12870
1975-06-06,0.996,12728
1975-06-05,0.139,12603
1975-06-04,0.351,12585
1975-06-03,0.351,12541
1975-06-02,-0.178,12497
1975-05-30,0.668,12520
1975-05-29,0.454,12437
1975-05-28,-0.911,12380
1975-05-27,-0.496,12494
1975-05-23,0.457,12556
1975-05-22,-0.602,12499
1975-05-21,0.033,12575
1975-05-20,0.033,12571
1975-05-19,0.245,12567
1975-05-16,0.033,12536
1975-05-15,0.033,12532
1975-05-14,0.564,12528
1975-05-13,0.139,12458
1975-05-12,0.139,12440
1975-05-09,-0.072,12423
1975-05-08,0.456,12432
1975-05-07,0.138,12376
1975-05-06,-0.072,12359
1975-05-05,0.244,12367
1975-05-02,1.609,12337
1975-05-01,0.138,12142
1975-04-30,0.138,12125
1975-04-29,0.241,12109
1975-04-28,-0.896,12080
1975-04-25,-0.175,12189
1975-04-24,0.242,12210
1975-04-23,0.242,12181
1975-04-22,0.034,12151
1975-04-21,-0.382,12147
1975-04-18,-0.384,12194
1975-04-17,-0.490,12241
1975-04-16,0.244,12301
1975-04-15,0.138,12271
1975-04-14,0.348,12254
1975-04-11,0.033,12212
1975-04-10,-0.071,12208
1975-04-09,0.662,12216
1975-04-08,0.659,12136
1975-04-07,-0.588,12056
1975-04-04,-0.279,12128
1975-04-03,0.034,12162
1975-04-02,-0.698,12158
1975-04-01,-0.387,12243
1975-03-31,0.244,12291
1975-03-27,0.244,12261
1975-03-26,0.138,12231
1975-03-25,0.243,12214
1975-03-24,-1.329,12184
1975-03-21,1.305,12348
1975-03-20,-2.589,12189
1975-03-19,-0.825,12513
1975-03-18,-0.076,12618
1975-03-17,-1.048,12627
1975-03-14,-0.295,12761
1975-03-13,0.141,12799
1975-03-12,-0.187,12781
1975-03-11,-0.406,12805
1975-03-10,-0.188,12857
1975-03-07,-0.409,12881
1975-03-06,0.252,12934
1975-03-05,0.472,12901
1975-03-04,-0.298,12841
1975-03-03,-0.299,12879
1975-02-28,0.141,12918
1975-02-27,0.252,12900
1975-02-26,-0.519,12867
1975-02-25,-0.411,12934
1975-02-24,-0.857,12988
1975-02-21,0.701,13100
1975-02-20,0.031,13009
1975-02-19,0.031,13005
1975-02-18,0.586,13001
1975-02-14,1.248,12925
1975-02-13,-0.845,12766
1975-02-12,0.031,12874
1975-02-11,0.252,12870
1975-02-10,-0.520,12838
1975-02-07,0.363,12905
1975-02-06,0.252,12859
1975-02-05,0.582,12826
1975-02-04,0.031,12752
1975-02-03,0.360,12748
1975-01-31,0.360,12702
1975-01-30,0.795,12657
1975-01-29,0.140,12557
1975-01-28,0.140,12539
1975-01-27,0.140,12522
1975-01-24,-0.184,12504
1975-01-23,-0.726,12527
1975-01-22,0.032,12619
1975-01-21,0.359,12615
1975-01-20,-0.403,12570
1975-01-17,0.141,12621
1975-01-16,0.250,12603
1975-01-15,-0.403,12572
1975-01-14,0.032,12623
1975-01-13,-0.842,12619
1975-01-10,0.251,12726
1975-01-09,0.909,12694
1975-01-08,0.359,12580
1975-01-07,0.032,12535
1975-01-06,0.358,12531
1975-01-03,0.249,12486
1975-01-02,-0.076,12455
1974-12-31,-0.076,12465
1974-12-30,-0.185,12474
1974-12-27,0.249,12497
1974-12-26,0.032,12466
1974-12-24,0.249,12462
1974-12-23,-1.050,12431
1974-12-20,0.032,12563
1974-12-19,0.032,12559
1974-12-18,0.032,12555
1974-12-17,0.250,12551
1974-12-16,0.141,12520
1974-12-13,-0.186,12502
1974-12-12,0.141,12526
1974-12-11,0.250,12508
1974-12-10,-0.077,12477
1974-12-09,1.229,12487
1974-12-06,0.140,12335
1974-12-05,0.248,12318
1974-12-04,0.570,12287
1974-12-03,-0.610,12218
1974-12-02,-0.398,12293
1974-11-29,0.032,12342
1974-11-27,0.032,12338
1974-11-26,-0.616,12334
1974-11-25,0.466,12410
1974-11-22,0.140,12353
1974-11-21,-0.076,12336
1974-11-20,-0.076,12345
1974-11-19,0.140,12354
1974-11-18,-0.076,12337
1974-11-15,0.249,12347
1974-11-14,0.356,12316
1974-11-13,0.032,12272
1974-11-12,0.571,12268
1974-11-11,0.032,12199
1974-11-08,0.140,12195
1974-11-07,0.569,12178
1974-11-06,0.353,12109
1974-11-05,0.033,12066
1974-11-04,0.139,12062
1974-11-01,-0.074,12046
1974-10-31,0.352,12054
1974-10-30,1.095,12012
1974-10-29,0.455,11882
1974-10-28,-0.072,11828
1974-10-25,0.454,11837
1974-10-24,-0.071,11783
1974-10-23,-0.176,11792
1974-10-22,0.033,11812
1974-10-21,0.558,11809
1974-10-18,0.347,11743
1974-10-17,-0.175,11702
1974-10-16,-0.384,11723
1974-10-15,0.453,11768
1974-10-14,0.034,11715
1974-10-11,0.974,11711
1974-10-10,0.345,11598
1974-10-09,-0.276,11558
1974-10-08,0.552,11590
1974-10-07,0.860,11527
1974-10-04,0.239,11428
1974-10-03,-0.477,11401
1974-10-02,-0.171,11456
1974-10-01,-0.275,11475
1974-09-30,-0.069,11507
1974-09-27,0.757,11515
1974-09-26,0.034,11428
1974-09-25,-0.068,11425
1974-09-24,-0.171,11432
1974-09-23,0.755,11452
1974-09-20,0.444,11366
1974-09-19,0.137,11316
1974-09-18,0.137,11301
1974-09-17,-0.067,11285
1974-09-16,0.035,11293
1974-09-13,-0.169,11289
1974-09-12,-0.272,11308
1974-09-11,0.137,11339
1974-09-10,-0.272,11323
1974-09-09,0.752,11354
1974-09-06,0.137,11269
1974-09-05,0.238,11254
1974-09-04,-0.270,11227
1974-09-03,0.035,11258
1974-08-30,0.340,11254
1974-08-29,0.136,11216
1974-08-28,0.340,11200
1974-08-27,0.136,11162
1974-08-26,-0.167,11147
1974-08-23,-0.472,11166
1974-08-22,-0.271,11219
1974-08-21,-0.374,11249
1974-08-20,-0.273,11291
1974-08-19,0.240,11322
1974-08-16,0.137,11295
1974-08-15,0.444,11280
1974-08-14,0.137,11230
1974-08-13,-0.067,11215
1974-08-12,-0.578,11222
1974-08-09,0.240,11287
1974-08-08,-0.580,11260
1974-08-07,-0.069,11326
1974-08-06,0.343,11334
1974-08-05,-0.274,11295
1974-08-02,-0.172,11326
1974-08-01,-1.617,11346
1974-07-31,-0.071,11532
1974-07-30,-0.700,11540
1974-07-29,-0.494,11622
1974-07-26,-0.390,11679
1974-07-25,0.457,11725
1974-07-24,0.245,11672
1974-07-23,0.033,11643
1974-07-22,0.667,11639
1974-07-19,0.348,11562
1974-07-18,0.138,11522
1974-07-17,0.033,11506
1974-07-16,-0.071,11502
1974-07-15,-0.071,11511
1974-07-12,0.348,11519
1974-07-11,-0.071,11479
1974-07-10,-0.176,11487
1974-07-09,-0.281,11507
1974-07-08,-0.387,11540
1974-07-05,-0.072,11585
1974-07-03,-0.389,11593
1974-07-02,0.033,11638
1974-07-01,-0.073,11634
1974-06-28,0.033,11643
1974-06-27,0.033,11639
1974-06-26,-0.179,11635
1974-06-25,-0.180,11656
1974-06-24,-0.180,11677
1974-06-21,-0.074,11698
1974-06-20,0.033,11707
1974-06-19,-0.074,11703
1974-06-18,0.033,11712
1974-06-17,-0.074,11708
1974-06-14,-0.074,11717
1974-06-13,-0.075,11725
1974-06-12,-0.182,11734
1974-06-11,-0.075,11756
1974-06-10,0.247,11764
1974-06-07,0.461,11735
1974-06-06,0.353,11682
1974-06-05,0.139,11640
1974-06-04,0.139,11624
1974-06-03,-0.074,11608
1974-05-31,0.033,11617
1974-05-30,0.246,11613
1974-05-29,-0.286,11584
1974-05-28,-0.287,11618
1974-05-24,0.246,11651
1974-05-23,0.566,11623
1974-05-22,0.139,11557
1974-05-21,0.033,11541
1974-05-20,-0.285,11537
1974-05-17,-0.180,11570
1974-05-16,0.033,11591
1974-05-15,0.033,11587
1974-05-14,-0.287,11584
1974-05-13,0.246,11617
1974-05-10,0.672,11588
1974-05-09,-0.073,11511
1974-05-08,0.564,11519
1974-05-07,0.244,11455
1974-05-06,-0.072,11427
1974-05-03,-1.234,11435
1974-05-02,0.673,11578
1974-05-01,0.351,11501
1974-04-30,0.351,11461
1974-04-29,-0.495,11420
1974-04-26,-0.498,11477
1974-04-25,-0.500,11535
1974-04-24,-0.289,11593
1974-04-23,-0.826,11626
1974-04-22,-0.076,11723
1974-04-19,-0.076,11732
1974-04-18,-0.184,11741
1974-04-17,0.140,11763
1974-04-16,0.032,11746
1974-04-15,0.465,11742
1974-04-11,0.032,11688
1974-04-10,0.356,11684
1974-04-09,0.140,11643
1974-04-08,0.247,11627
1974-04-05,-0.182,11598
1974-04-04,-0.828,11619
1974-04-03,-0.076,11716
1974-04-02,-0.185,11725
1974-04-01,-0.077,11747
1974-03-29,-0.403,11756
1974-03-28,-0.077,11803
1974-03-27,0.250,11813
1974-03-26,0.141,11783
1974-03-25,-0.404,11767
1974-03-22,-0.078,11814
1974-03-21,-0.297,11823
1974-03-20,-0.298,11859
1974-03-19,0.251,11894
1974-03-18,-0.737,11864
1974-03-15,-0.521,11952
1974-03-14,0.142,12015
1974-03-13,-0.412,11998
1974-03-12,0.031,12048
1974-03-11,-0.303,12044
1974-03-08,-0.304,12081
1974-03-07,0.142,12117
1974-03-06,0.589,12100
1974-03-05,0.253,12029
1974-03-04,-0.191,11999
1974-03-01,-0.637,12022
1974-02-28,-0.305,12099
1974-02-27,-0.306,12136
1974-02-26,-0.419,12173
1974-02-25,0.143,12224
1974-02-22,0.256,12207
1974-02-21,-0.307,12176
1974-02-20,-0.308,12213
1974-02-19,-0.083,12251
1974-02-15,-0.197,12261
1974-02-14,0.143,12286
1974-02-13,0.143,12268
1974-02-12,0.030,12250
1974-02-11,-0.083,12247
1974-02-08,0.143,12257
1974-02-07,-0.197,12239
1974-02-06,0.257,12264
1974-02-05,0.256,12232
1974-02-04,0.256,12201
1974-02-01,0.143,12170
1974-01-31,0.143,12152
1974-01-30,0.143,12135
1974-01-29,-0.082,12118
1974-01-28,0.143,12128
1974-01-25,0.030,12110
1974-01-24,0.030,12107
1974-01-23,-0.082,12103
1974-01-22,0.030,12113
1974-01-21,-0.195,12109
1974-01-18,0.030,12133
1974-01-17,0.481,12130
1974-01-16,0.030,12071
1974-01-15,-0.082,12068
1974-01-14,-0.082,12078
1974-01-11,-0.082,12088
1974-01-10,-0.195,12098
1974-01-09,0.143,12121
1974-01-08,-0.308,12104
1974-01-07,-0.423,12141
1974-01-04,0.030,12193
1974-01-03,0.143,12189
1974-01-02,-0.310,12172
1973-12-31,0.030,12210
1973-12-28,0.143,12206
1973-12-27,-0.084,12189
1973-12-26,-0.539,12199
1973-12-24,0.030,12265
1973-12-21,-0.542,12261
1973-12-20,-0.200,12328
1973-12-19,-0.316,12353
1973-12-18,0.029,12392
1973-12-17,0.144,12388
1973-12-14,0.029,12371
1973-12-13,0.029,12367
1973-12-12,0.375,12363
1973-12-11,-0.200,12317
1973-12-10,0.605,12342
1973-12-07,0.144,12268
1973-12-06,0.029,12250
1973-12-05,-0.657,12247
1973-12-04,-0.086,12328
1973-12-03,-0.201,12338
1973-11-30,0.260,12363
1973-11-29,0.029,12331
1973-11-28,0.029,12327
1973-11-27,-0.086,12324
1973-11-26,0.260,12334
1973-11-23,0.029,12302
1973-11-21,0.489,12299
1973-11-20,0.029,12239
1973-11-19,0.488,12235
1973-11-16,0.372,12176
1973-11-15,0.371,12131
1973-11-14,-0.084,12086
1973-11-13,-0.425,12096
1973-11-12,-0.199,12148
1973-11-09,0.029,12172
1973-11-08,0.144,12168
1973-11-07,0.030,12151
1973-11-06,0.030,12147
1973-11-05,-0.542,12144
1973-11-02,0.029,12210
1973-11-01,0.259,12206
1973-10-31,-0.429,12175
1973-10-30,0.144,12227
1973-10-29,0.029,12210
1973-10-26,0.374,12206
1973-10-25,-0.772,12161
1973-10-24,0.144,12255
1973-10-23,-0.201,12238
1973-10-22,0.029,12262
1973-10-19,0.375,12259
1973-10-18,-0.086,12213
1973-10-17,-0.547,12223
1973-10-16,-0.550,12290
1973-10-15,-0.552,12358
1973-10-12,0.145,12427
1973-10-11,-0.438,12409
1973-10-10,-0.089,12464
1973-10-09,0.732,12475
1973-10-08,0.029,12384
1973-10-05,0.495,12381
1973-10-04,0.029,12320
1973-10-03,-0.203,12316
1973-10-02,-0.437,12341
1973-10-01,-0.439,12395
1973-09-28,0.614,12450
1973-09-27,0.379,12374
1973-09-26,-0.088,12327
1973-09-25,0.727,12338
1973-09-24,0.608,12249
1973-09-21,0.951,12175
1973-09-20,0.258,12060
1973-09-19,0.144,12029
1973-09-18,0.144,12012
1973-09-17,0.372,11995
1973-09-14,0.030,11950
1973-09-13,-0.311,11947
1973-09-12,-0.313,11984
1973-09-11,-0.771,12021
1973-09-10,-0.201,12115
1973-09-07,0.029,12139
1973-09-06,-0.086,12136
1973-09-05,0.952,12146
1973-09-04,0.602,12032
1973-08-31,0.144,11960
1973-08-30,0.257,11942
1973-08-29,1.053,11912
1973-08-28,-0.308,11788
1973-08-27,-0.309,11824
1973-08-24,0.937,11861
1973-08-23,0.931,11751
1973-08-22,-0.081,11642
1973-08-21,0.254,11652
1973-08-20,-0.640,11622
1973-08-17,0.592,11697
1973-08-16,1.372,11628
1973-08-15,0.473,11471
1973-08-14,-0.079,11417
1973-08-13,0.472,11426
1973-08-10,0.251,11372
1973-08-09,0.141,11344
1973-08-08,0.470,11328
1973-08-07,-0.296,11275
1973-08-06,-0.078,11308
1973-08-03,-0.188,11317
1973-08-02,0.141,11338
1973-08-01,-1.615,11322
1973-07-31,-0.748,11508
1973-07-30,-0.305,11595
1973-07-27,-0.755,11630
1973-07-26,-1.325,11719
1973-07-25,-0.085,11876
1973-07-24,-0.199,11886
1973-07-23,0.029,11910
1973-07-20,-0.199,11907
1973-07-19,-0.429,11930
1973-07-18,-0.431,11982
1973-07-17,0.029,12034
1973-07-16,0.029,12030
1973-07-13,-0.086,12027
1973-07-12,-0.087,12037
1973-07-11,0.029,12047
1973-07-10,0.145,12044
1973-07-09,-0.318,12027
1973-07-06,-0.319,12065
1973-07-05,0.377,12104
1973-07-03,0.029,12058
1973-07-02,-0.435,12055
1973-06-29,-0.204,12107
1973-06-28,0.029,12132
1973-06-27,0.029,12128
1973-06-26,-0.088,12125
1973-06-25,-0.205,12136
1973-06-22,-0.088,12161
1973-06-21,0.028,12171
1973-06-20,-0.205,12168
1973-06-19,0.028,12193
1973-06-18,-0.323,12189
1973-06-15,0.028,12229
1973-06-14,-0.089,12225
1973-06-13,0.146,12236
1973-06-12,0.146,12219
1973-06-11,-0.207,12201
1973-06-08,0.146,12226
1973-06-07,0.146,12208
1973-06-06,0.498,12190
1973-06-05,0.379,12130
1973-06-04,-0.321,12084
1973-06-01,-0.205,12123
1973-05-31,-0.089,12148
1973-05-30,-0.089,12159
1973-05-29,-0.089,12170
1973-05-25,0.146,12181
1973-05-24,0.146,12163
1973-05-23,-0.206,12145
1973-05-22,0.028,12170
1973-05-21,-0.207,12167
1973-05-18,-0.207,12192
1973-05-17,-0.090,12217
1973-05-16,0.146,12228
1973-05-15,0.028,12211
1973-05-14,0.028,12207
1973-05-11,-0.090,12204
1973-05-10,0.146,12215
1973-05-09,0.028,12197
1973-05-08,0.028,12193
1973-05-07,-0.090,12190
1973-05-04,-0.090,12201
1973-05-03,-0.208,12212
1973-05-02,-0.209,12237
1973-05-01,-0.091,12263
1973-04-30,0.028,12274
1973-04-27,-0.091,12271
1973-04-26,-0.329,12282
1973-04-25,-0.091,12322
1973-04-24,0.147,12334
1973-04-23,-0.211,12316
1973-04-19,0.028,12342
1973-04-18,-0.092,12338
1973-04-17,-0.092,12349
1973-04-16,0.147,12361
1973-04-13,0.147,12343
1973-04-12,0.028,12325
1973-04-11,-0.092,12321
1973-04-10,-0.331,12332
1973-04-09,0.147,12373
1973-04-06,0.626,12355
1973-04-05,0.028,12278
1973-04-04,0.147,12275
1973-04-03,0.266,12257
1973-04-02,-0.091,12224
1973-03-30,-0.448,12236
1973-03-29,0.266,12291
1973-03-28,0.147,12258
1973-03-27,0.147,12240
1973-03-26,0.266,12222
1973-03-23,0.147,12190
1973-03-22,0.028,12172
1973-03-21,0.265,12168
1973-03-20,-0.090,12136
1973-03-19,0.265,12147
1973-03-16,-0.209,12115
1973-03-15,-0.091,12141
1973-03-14,0.028,12152
1973-03-13,0.028,12148
1973-03-12,-0.091,12145
1973-03-09,-0.091,12156
1973-03-08,0.028,12167
1973-03-07,0.147,12163
1973-03-06,0.028,12146
1973-03-05,0.028,12142
1973-03-02,-0.091,12139
1973-03-01,0.028,12150
1973-02-28,0.028,12147
1973-02-27,0.028,12143
1973-02-26,-0.329,12140
1973-02-23,0.266,12180
1973-02-22,0.147,12148
1973-02-21,-0.210,12130
1973-02-20,-0.329,12155
1973-02-16,-0.092,12195
1973-02-15,0.147,12207
1973-02-14,0.028,12189
1973-02-13,0.266,12185
1973-02-12,0.028,12153
1973-02-09,0.266,12150
1973-02-08,0.028,12117
1973-02-07,0.147,12114
1973-02-06,-0.091,12096
1973-02-05,0.147,12107
1973-02-02,-0.329,12090
1973-02-01,-0.091,12129
1973-01-31,0.147,12141
1973-01-30,0.147,12123
1973-01-29,0.028,12105
1973-01-26,-0.210,12102
1973-01-24,-0.211,12127
1973-01-23,0.506,12153
1973-01-22,-0.091,12092
1973-01-19,-0.091,12103
1973-01-18,-0.092,12114
1973-01-17,0.028,12125
1973-01-16,0.028,12121
1973-01-15,0.147,12118
1973-01-12,-0.092,12100
1973-01-11,0.028,12111
1973-01-10,-0.092,12108
1973-01-09,0.028,12119
1973-01-08,-0.331,12116
1973-01-05,-0.332,12156
1973-01-04,-8.864,12197
1973-01-03,0.153,13383
1973-01-02,-0.233,13362
1972-12-29,0.024,13394
1972-12-27,0.024,13390
1972-12-26,0.153,13387
1972-12-22,0.024,13367
1972-12-21,0.153,13363
1972-12-20,-0.104,13343
1972-12-19,-0.491,13357
1972-12-18,-0.623,13423
1972-12-15,-0.106,13507
1972-12-14,-0.106,13521
1972-12-13,-0.106,13536
1972-12-12,-0.107,13550
1972-12-11,-0.237,13565
1972-12-08,-0.107,13597
1972-12-07,-0.107,13611
1972-12-06,-0.107,13626
1972-12-05,-0.239,13641
1972-12-04,0.024,13673
1972-12-01,-0.239,13670
1972-11-30,-0.240,13703
1972-11-29,0.155,13736
1972-11-28,0.023,13714
1972-11-27,-0.372,13711
1972-11-24,-0.109,13762
1972-11-22,-0.109,13777
1972-11-21,-0.374,13793
1972-11-20,0.023,13844
1972-11-17,0.023,13841
1972-11-16,-0.243,13838
1972-11-15,0.556,13872
1972-11-14,0.289,13795
1972-11-13,0.156,13755
1972-11-10,0.156,13734
1972-11-09,0.156,13713
1972-11-08,0.155,13691
1972-11-06,0.155,13670
1972-11-03,0.419,13649
1972-11-02,0.549,13592
1972-11-01,0.547,13518
1972-10-31,0.154,13444
1972-10-30,-0.497,13423
1972-10-27,0.677,13490
1972-10-26,0.154,13400
1972-10-25,0.154,13379
1972-10-24,0.284,13358
1972-10-23,0.024,13321
1972-10-20,0.024,13317
1972-10-19,0.154,13314
1972-10-18,0.024,13294
1972-10-17,0.154,13291
1972-10-16,0.154,13270
1972-10-13,-0.105,13250
1972-10-12,-0.105,13264
1972-10-11,0.283,13278
1972-10-10,0.412,13240
1972-10-09,0.024,13186
1972-10-06,0.153,13183
1972-10-05,0.153,13163
1972-10-04,0.282,13142
1972-10-03,0.025,13105
1972-10-02,0.025,13102
1972-09-29,0.409,13099
1972-09-28,0.153,13046
1972-09-27,0.025,13026
1972-09-26,-0.103,13023
1972-09-25,-0.103,13036
1972-09-22,-0.231,13049
1972-09-21,-0.360,13080
1972-09-20,-0.233,13127
1972-09-19,0.024,13158
1972-09-18,0.024,13154
1972-09-15,0.024,13151
1972-09-14,-0.233,13148
1972-09-13,0.024,13179
1972-09-12,0.024,13176
1972-09-11,0.283,13172
1972-09-08,-0.362,13135
1972-09-07,-0.105,13183
1972-09-06,-0.235,13197
1972-09-05,0.024,13228
1972-09-01,0.154,13225
1972-08-31,0.024,13204
1972-08-30,-0.494,13201
1972-08-29,0.024,13267
1972-08-28,-0.236,13264
1972-08-25,-0.106,13295
1972-08-24,0.024,13309
1972-08-23,-0.107,13306
1972-08-22,0.285,13320
1972-08-21,0.024,13282
1972-08-18,-0.106,13279
1972-08-17,0.024,13293
1972-08-16,0.024,13290
1972-08-15,0.154,13287
1972-08-14,-0.106,13266
1972-08-11,0.024,13281
1972-08-10,0.024,13277
1972-08-09,0.285,13274
1972-08-08,0.284,13236
1972-08-07,0.024,13199
1972-08-04,0.024,13196
1972-08-03,0.024,13193
1972-08-02,0.154,13189
1972-08-01,0.154,13169
1972-07-31,0.024,13149
1972-07-28,0.154,13146
1972-07-27,-0.235,13126
1972-07-26,0.284,13156
1972-07-25,0.154,13119
1972-07-24,0.024,13099
1972-07-21,0.024,13096
1972-07-20,0.024,13093
1972-07-19,0.154,13090
1972-07-18,-0.105,13069
1972-07-17,0.024,13083
1972-07-14,0.154,13080
1972-07-13,0.154,13060
1972-07-12,0.024,13040
1972-07-11,0.283,13037
1972-07-10,-0.105,13000
1972-07-07,0.024,13014
1972-07-06,0.153,13010
1972-07-05,0.153,12991
1972-07-03,0.024,12971
1972-06-30,-0.104,12967
1972-06-29,-0.105,12981
1972-06-28,-0.105,12995
1972-06-27,0.024,13008
1972-06-26,-0.105,13005
1972-06-23,-0.105,13019
1972-06-22,0.024,13032
1972-06-21,-0.105,13029
1972-06-20,0.154,13043
1972-06-19,0.024,13023
1972-06-16,0.024,13020
1972-06-15,0.154,13017
1972-06-14,0.024,12997
1972-06-13,0.024,12994
1972-06-12,0.024,12990
1972-06-09,0.154,12987
1972-06-08,0.024,12967
1972-06-07,-0.105,12964
1972-06-06,-0.234,12978
1972-06-05,0.024,13008
1972-06-02,-0.105,13005
1972-06-01,-0.235,13019
1972-05-31,0.024,13050
1972-05-30,0.284,13046
1972-05-26,0.024,13009
1972-05-25,0.154,13006
1972-05-24,0.024,12986
1972-05-23,0.283,12983
1972-05-22,0.283,12947
1972-05-19,0.282,12910
1972-05-18,0.282,12874
1972-05-17,0.153,12837
1972-05-16,0.153,12818
1972-05-15,0.153,12798
1972-05-12,0.281,12779
1972-05-11,0.153,12743
1972-05-10,0.280,12723
1972-05-09,-0.230,12688
1972-05-08,0.153,12717
1972-05-05,0.025,12698
1972-05-04,-0.103,12695
1972-05-03,-0.103,12708
1972-05-02,0.025,12721
1972-05-01,0.025,12718
1972-04-28,-0.103,12715
1972-04-27,0.793,12728
1972-04-26,0.152,12628
1972-04-25,0.025,12608
1972-04-24,0.025,12605
1972-04-21,0.025,12602
1972-04-20,0.152,12599
1972-04-19,0.279,12580
1972-04-18,0.025,12545
1972-04-17,0.152,12542
1972-04-14,0.025,12523
1972-04-13,-0.355,12519
1972-04-12,-0.356,12564
1972-04-11,-0.230,12609
1972-04-10,0.025,12638
1972-04-07,0.025,12635
1972-04-06,-0.103,12632
1972-04-05,0.025,12645
1972-04-04,-0.486,12642
1972-04-03,0.281,12703
1972-03-30,-0.103,12668
1972-03-29,0.025,12681
1972-03-28,-0.104,12678
1972-03-27,0.153,12691
1972-03-24,-0.232,12672
1972-03-23,-0.104,12701
1972-03-22,0.025,12714
1972-03-21,0.153,12711
1972-03-20,-0.104,12692
1972-03-17,0.153,12705
1972-03-16,0.025,12686
1972-03-15,-0.232,12682
1972-03-14,-0.104,12712
1972-03-13,-0.233,12725
1972-03-10,-0.105,12755
1972-03-09,0.024,12768
1972-03-08,0.024,12765
1972-03-07,-0.105,12762
1972-03-06,0.024,12775
1972-03-03,0.154,12772
1972-03-02,0.024,12753
1972-03-01,0.153,12750
1972-02-29,-0.105,12730
1972-02-28,0.024,12744
1972-02-25,0.153,12740
1972-02-24,-0.105,12721
1972-02-23,0.024,12734
1972-02-22,0.153,12731
1972-02-18,0.024,12712
1972-02-17,0.153,12709
1972-02-16,0.282,12689
1972-02-15,0.153,12653
1972-02-14,0.282,12634
1972-02-11,0.153,12599
1972-02-10,0.025,12579
1972-02-09,0.025,12576
1972-02-08,-0.104,12573
1972-02-07,0.025,12586
1972-02-04,0.025,12583
1972-02-03,0.025,12580
1972-02-02,0.153,12577
1972-02-01,-0.104,12558
1972-01-31,0.025,12571
1972-01-28,-0.360,12568
1972-01-27,-0.619,12613
1972-01-26,0.154,12692
1972-01-25,0.283,12672
1972-01-24,-0.105,12636
1972-01-21,-0.234,12650
1972-01-20,-0.105,12679
1972-01-19,-0.235,12693
1972-01-18,-0.106,12722
1972-01-17,-0.235,12736
1972-01-14,0.154,12766
1972-01-13,0.154,12746
1972-01-12,0.024,12727
1972-01-11,-0.106,12724
1972-01-10,0.414,12737
1972-01-07,0.154,12685
1972-01-06,0.283,12665
1972-01-05,0.024,12629
1972-01-04,0.024,12626
1972-01-03,-0.363,12623
1971-12-31,0.154,12669
1971-12-30,-0.105,12650
1971-12-29,-0.105,12663
1971-12-28,0.543,12676
1971-12-27,0.541,12608
1971-12-23,0.410,12540
1971-12-22,-0.104,12489
1971-12-21,-0.489,12502
1971-12-20,-0.233,12563
1971-12-17,0.153,12593
1971-12-16,0.024,12573
1971-12-15,-0.363,12570
1971-12-14,-0.235,12616
1971-12-13,0.154,12646
1971-12-10,0.154,12626
1971-12-09,-0.235,12607
1971-12-08,0.024,12637
1971-12-07,-0.365,12634
1971-12-06,0.154,12680
1971-12-03,0.024,12660
1971-12-02,-0.106,12657
1971-12-01,0.024,12671
1971-11-30,0.154,12668
1971-11-29,0.024,12648
1971-11-26,0.024,12645
1971-11-24,-0.366,12642
1971-11-23,-0.628,12689
1971-11-22,-0.500,12769
1971-11-19,-0.239,12833
1971-11-18,0.155,12864
1971-11-17,0.024,12844
1971-11-16,0.155,12841
1971-11-15,0.024,12821
1971-11-12,0.287,12818
1971-11-11,0.024,12781
1971-11-10,-0.370,12778
1971-11-09,-0.240,12826
1971-11-08,-0.372,12856
1971-11-05,0.023,12904
1971-11-04,-0.109,12901
1971-11-03,0.818,12915
1971-11-02,0.024,12811
1971-11-01,0.550,12808
1971-10-29,0.417,12738
1971-10-28,0.024,12685
1971-10-27,-0.107,12682
1971-10-26,0.285,12695
1971-10-25,0.024,12659
1971-10-22,0.024,12656
1971-10-21,0.285,12653
1971-10-20,0.285,12617
1971-10-19,-0.106,12581
1971-10-18,-0.497,12595
1971-10-15,0.024,12658
1971-10-14,-0.238,12655
1971-10-13,0.286,12685
1971-10-12,0.547,12649
1971-10-11,0.024,12580
1971-10-08,0.284,12577
1971-10-07,0.024,12541
1971-10-06,0.154,12538
1971-10-05,-0.495,12519
1971-10-04,0.285,12581
1971-10-01,0.284,12545
1971-09-30,0.673,12510
1971-09-29,0.283,12426
1971-09-28,0.282,12391
1971-09-27,0.282,12356
1971-09-24,0.281,12322
1971-09-23,0.025,12287
1971-09-22,-0.232,12284
1971-09-21,-0.104,12313
1971-09-20,-0.233,12325
1971-09-17,0.411,12354
1971-09-16,0.153,12303
1971-09-15,0.281,12285
1971-09-14,-0.231,12250
1971-09-13,-0.874,12279
1971-09-10,-0.234,12387
1971-09-09,-0.364,12416
1971-09-08,-0.235,12461
1971-09-07,0.544,12491
1971-09-03,0.672,12423
1971-09-02,0.540,12340
1971-09-01,0.153,12274
1971-08-31,0.409,12255
1971-08-30,0.281,12205
1971-08-27,0.536,12171
1971-08-26,0.279,12106
1971-08-25,-0.102,12072
1971-08-24,0.406,12085
1971-08-23,-0.988,12036
1971-08-20,-0.103,12156
1971-08-19,-0.231,12169
1971-08-18,-0.103,12197
1971-08-17,0.537,12209
1971-08-16,2.323,12144
1971-08-13,0.778,11868
1971-08-12,0.650,11777
1971-08-11,0.274,11701
1971-08-10,0.026,11669
1971-08-09,-0.098,11666
1971-08-06,0.026,11677
1971-08-05,0.274,11674
1971-08-04,-0.098,11642
1971-08-03,-0.346,11654
1971-08-02,0.150,11694
1971-07-30,0.150,11676
1971-07-29,0.274,11659
1971-07-28,-0.098,11627
1971-07-27,0.026,11638
1971-07-26,-0.098,11635
1971-07-23,-0.346,11647
1971-07-22,-0.596,11687
1971-07-21,0.276,11757
1971-07-20,-0.099,11725
1971-07-19,-0.599,11737
1971-07-16,-0.602,11807
1971-07-15,0.151,11879
1971-07-14,0.277,11861
1971-07-13,0.277,11828
1971-07-12,0.778,11796
1971-07-09,0.026,11704
1971-07-08,0.026,11701
1971-07-07,0.151,11698
1971-07-06,0.275,11681
1971-07-02,0.275,11649
1971-07-01,0.150,11617
1971-06-30,0.150,11599
1971-06-29,0.026,11582
1971-06-28,0.026,11579
1971-06-25,0.150,11576
1971-06-24,-0.098,11559
1971-06-23,0.026,11570
1971-06-22,-0.594,11567
1971-06-21,0.773,11636
1971-06-18,0.769,11547
1971-06-17,0.026,11459
1971-06-16,0.519,11456
1971-06-15,-1.078,11397
1971-06-14,-1.335,11521
1971-06-11,0.026,11677
1971-06-10,-0.224,11674
1971-06-09,-0.475,11700
1971-06-08,-0.478,11756
1971-06-07,-0.606,11812
1971-06-04,-0.863,11884
1971-06-03,0.408,11987
1971-06-02,0.916,11939
1971-06-01,0.405,11830
1971-05-28,-0.227,11783
1971-05-27,0.278,11810
1971-05-26,0.530,11777
1971-05-25,0.402,11715
1971-05-24,0.151,11668
1971-05-21,0.026,11650
1971-05-20,1.527,11647
1971-05-19,0.274,11472
1971-05-18,-0.591,11441
1971-05-17,-0.222,11509
1971-05-14,-0.347,11534
1971-05-13,-0.722,11575
1971-05-12,-0.852,11659
1971-05-11,-0.101,11759
1971-05-10,0.278,11771
1971-05-07,0.277,11738
1971-05-06,-0.226,11706
1971-05-05,0.025,11732
1971-05-04,-1.362,11729
1971-05-03,-0.740,11891
1971-04-30,0.025,11980
1971-04-29,-0.104,11977
1971-04-28,0.409,11989
1971-04-27,0.025,11940
1971-04-26,0.025,11938
1971-04-23,0.153,11935
1971-04-22,0.153,11916
1971-04-21,-0.741,11898
1971-04-20,-0.874,11987
1971-04-19,-0.364,12093
1971-04-16,0.024,12137
1971-04-15,-0.235,12134
1971-04-14,0.024,12163
1971-04-13,-0.236,12160
1971-04-12,-1.017,12188
1971-04-08,0.024,12314
1971-04-07,0.155,12311
1971-04-06,0.286,12292
1971-04-05,-0.107,12257
1971-04-02,-0.369,12270
1971-04-01,-0.239,12315
1971-03-31,-0.240,12345
1971-03-30,0.287,12375
1971-03-29,-0.503,12339
1971-03-26,-0.505,12401
1971-03-25,-0.375,12464
1971-03-24,-0.376,12511
1971-03-23,0.423,12558
1971-03-22,0.821,12506
1971-03-19,0.552,12404
1971-03-18,0.682,12336
1971-03-17,0.679,12252
1971-03-16,0.285,12169
1971-03-15,0.024,12135
1971-03-12,-0.236,12132
1971-03-11,0.937,12161
1971-03-10,1.190,12048
1971-03-09,1.052,11906
1971-03-08,0.280,11782
1971-03-05,0.152,11749
1971-03-04,0.025,11731
1971-03-03,0.279,11728
1971-03-02,0.406,11696
1971-03-01,0.025,11649
1971-02-26,-0.228,11646
1971-02-25,0.279,11672
1971-02-24,-0.228,11640
1971-02-23,-0.355,11666
1971-02-22,-0.356,11708
1971-02-19,-0.230,11750
1971-02-18,-0.103,11777
1971-02-17,-0.103,11789
1971-02-16,-0.359,11801
1971-02-12,0.025,11844
1971-02-11,-0.232,11841
1971-02-10,0.025,11868
1971-02-09,0.153,11865
1971-02-08,0.153,11847
1971-02-05,0.153,11829
1971-02-04,0.025,11811
1971-02-03,0.025,11808
1971-02-02,-0.104,11805
1971-02-01,-0.232,11818
1971-01-29,-0.104,11845
1971-01-28,0.024,11857
1971-01-27,-0.233,11854
1971-01-26,-0.233,11882
1971-01-25,0.283,11910
1971-01-22,0.540,11876
1971-01-21,0.538,11813
1971-01-20,0.025,11749
1971-01-19,-0.103,11746
1971-01-18,0.665,11759
1971-01-15,0.025,11681
1971-01-14,0.789,11678
1971-01-13,0.405,11587
1971-01-12,0.404,11540
1971-01-11,0.403,11493
1971-01-08,0.277,11447
1971-01-07,0.527,11416
1971-01-06,0.151,11356
1971-01-05,0.151,11339
1971-01-04,0.774,11322
1970-12-31,-0.098,11235
1970-12-30,0.150,11246
1970-12-29,-0.594,11229
1970-12-28,-0.348,11296
1970-12-24,0.026,11335
1970-12-23,-0.474,11332
1970-12-22,-0.601,11386
1970-12-21,-1.108,11455
1970-12-18,-0.356,11584
1970-12-17,-0.103,11625
1970-12-16,0.280,11637
1970-12-15,-0.102,11605
1970-12-14,0.662,11616
1970-12-11,0.532,11540
1970-12-10,0.025,11479
1970-12-09,-0.354,11476
1970-12-08,0.025,11517
1970-12-07,-0.735,11514
1970-12-04,0.662,11599
1970-12-03,0.913,11523
1970-12-02,1.033,11419
1970-12-01,0.401,11302
1970-11-30,-0.099,11257
1970-11-27,0.026,11268
1970-11-25,-0.723,11265
1970-11-24,-1.355,11347
1970-11-23,1.801,11503
1970-11-20,2.278,11299
1970-11-19,1.379,11048
1970-11-18,0.514,10897
1970-11-17,0.027,10842
1970-11-16,-0.094,10839
1970-11-13,-0.459,10849
1970-11-12,0.880,10899
1970-11-11,0.027,10804
1970-11-10,0.148,10801
1970-11-09,0.632,10785
1970-11-06,0.388,10717
1970-11-05,0.027,10676
1970-11-04,0.147,10673
1970-11-03,0.027,10657
1970-11-02,1.227,10654
1970-10-30,-0.210,10525
1970-10-29,1.099,10547
1970-10-28,0.382,10433
1970-10-27,0.028,10393
1970-10-26,-0.207,10390
1970-10-23,0.028,10412
1970-10-22,-0.326,10409
1970-10-21,-0.445,10443
1970-10-20,-0.091,10489
1970-10-19,-0.329,10499
1970-10-16,-0.211,10534
1970-10-15,0.147,10556
1970-10-14,-0.569,10540
1970-10-13,0.027,10601
1970-10-12,0.027,10598
1970-10-09,-0.212,10595
1970-10-08,-0.093,10617
1970-10-07,0.027,10627
1970-10-06,0.147,10624
1970-10-05,0.027,10609
1970-10-02,0.388,10606
1970-10-01,-0.092,10565
1970-09-30,-0.092,10575
1970-09-29,0.267,10584
1970-09-28,-0.451,10556
1970-09-25,0.027,10604
1970-09-24,-0.213,10601
1970-09-23,0.148,10624
1970-09-22,0.148,10608
1970-09-21,0.147,10592
1970-09-18,0.267,10577
1970-09-17,0.986,10549
1970-09-16,0.622,10446
1970-09-15,0.265,10381
1970-09-14,0.146,10354
1970-09-11,0.382,10338
1970-09-10,0.028,10299
1970-09-09,-0.325,10296
1970-09-08,0.028,10330
1970-09-04,0.028,10327
1970-09-03,0.028,10324
1970-09-02,0.146,10321
1970-09-01,0.264,10306
1970-08-31,0.146,10279
1970-08-28,0.028,10264
1970-08-27,-0.089,10261
1970-08-26,0.028,10270
1970-08-25,0.264,10267
1970-08-24,1.791,10240
1970-08-21,0.724,10060
1970-08-20,0.029,9988
1970-08-19,0.260,9985
1970-08-18,0.374,9959
1970-08-17,-0.659,9922
1970-08-14,-1.125,9988
1970-08-13,-0.088,10101
1970-08-12,-0.321,10110
1970-08-11,-0.439,10143
1970-08-10,-0.441,10187
1970-08-07,-0.207,10233
1970-08-06,-0.090,10254
1970-08-05,-0.444,10263
1970-08-04,-0.091,10309
1970-08-03,-0.091,10318
1970-07-31,0.028,10328
1970-07-30,0.028,10325
1970-07-29,0.147,10322
1970-07-28,-0.921,10307
1970-07-27,-0.092,10402
1970-07-24,-0.212,10412
1970-07-23,1.585,10434
1970-07-22,0.146,10271
1970-07-21,-0.090,10256
1970-07-20,-0.090,10266
1970-07-17,0.146,10275
1970-07-16,0.265,10260
1970-07-15,0.146,10233
1970-07-14,0.264,10218
1970-07-13,0.028,10191
1970-07-10,-0.679,10188
1970-07-09,-0.328,10258
1970-07-08,-0.685,10291
1970-07-07,0.506,10362
1970-07-06,1.099,10310
1970-07-02,1.091,10198
1970-07-01,0.614,10088
1970-06-30,1.544,10027
1970-06-29,0.375,9874
1970-06-26,-0.200,9837
1970-06-25,-0.316,9857
1970-06-24,0.491,9888
1970-06-23,1.179,9840
1970-06-22,0.371,9725
1970-06-19,-0.084,9689
1970-06-18,0.143,9697
1970-06-17,-0.311,9684
1970-06-16,1.739,9714
1970-06-15,-0.082,9548
1970-06-12,-0.645,9556
1970-06-11,-0.423,9618
1970-06-10,-0.084,9659
1970-06-09,0.371,9667
1970-06-08,-0.423,9631
1970-06-05,-0.766,9672
1970-06-04,-0.199,9747
1970-06-03,0.029,9766
1970-06-02,0.947,9763
1970-06-01,1.054,9672
1970-05-29,0.369,9571
1970-05-28,0.706,9536
1970-05-27,2.047,9469
1970-05-26,-2.284,9279
1970-05-25,-2.328,9496
1970-05-22,-1.001,9722
1970-05-21,-0.894,9820
1970-05-20,-0.436,9909
1970-05-19,0.029,9952
1970-05-18,0.145,9949
1970-05-15,0.378,9935
1970-05-14,-0.087,9898
1970-05-13,0.029,9906
1970-05-12,-0.204,9903
1970-05-11,-0.321,9924
1970-05-08,0.496,9956
1970-05-07,0.262,9906
1970-05-06,0.842,9881
1970-05-05,0.029,9798
1970-05-04,-1.357,9795
1970-05-01,-0.205,9930
1970-04-30,-0.089,9950
1970-04-29,0.380,9959
1970-04-28,0.145,9922
1970-04-27,-0.205,9907
1970-04-24,-0.322,9927
1970-04-23,-0.206,9960
1970-04-22,-1.028,9980
1970-04-21,-0.090,10084
1970-04-20,-0.328,10093
1970-04-17,-0.804,10126
1970-04-16,-0.690,10208
1970-04-15,-0.454,10279
1970-04-14,-0.214,10326
1970-04-13,-0.094,10348
1970-04-10,0.269,10358
1970-04-09,-0.094,10330
1970-04-08,-0.094,10340
1970-04-07,-0.094,10349
1970-04-06,-0.458,10359
1970-04-03,-0.216,10407
1970-04-02,0.027,10429
1970-04-01,0.636,10427
1970-03-31,-0.094,10361
1970-03-30,-0.823,10371
1970-03-26,0.271,10457
1970-03-25,0.880,10428
1970-03-24,0.512,10337
1970-03-23,0.148,10285
1970-03-20,-0.214,10269
1970-03-19,2.444,10292
1970-03-18,0.621,10046
1970-03-17,-0.562,9984
1970-03-16,-0.328,10040
1970-03-13,-0.686,10074
1970-03-12,-0.570,10143
1970-03-11,-0.814,10201
1970-03-10,-0.699,10285
1970-03-09,-0.338,10357
1970-03-06,0.149,10392
1970-03-05,-0.461,10377
1970-03-04,0.027,10425
1970-03-03,0.027,10422
1970-03-02,-0.463,10420
1970-02-27,0.026,10468
1970-02-26,0.395,10465
1970-02-25,0.394,10424
1970-02-24,0.271,10383
1970-02-20,-0.461,10355
1970-02-19,0.149,10403
1970-02-18,0.027,10388
1970-02-17,-0.218,10385
1970-02-16,-0.218,10407
1970-02-13,1.744,10430
1970-02-12,0.027,10251
1970-02-11,-0.094,10249
1970-02-10,-0.458,10258
1970-02-09,1.121,10306
1970-02-06,0.871,10191
1970-02-05,0.507,10103
1970-02-04,0.625,10052
1970-02-03,0.265,9990
1970-02-02,0.502,9963
1970-01-30,-0.208,9914
1970-01-29,-0.090,9934
1970-01-28,-0.091,9943
1970-01-27,0.384,9952
1970-01-26,0.028,9914
1970-01-23,-0.209,9912
1970-01-22,-0.091,9932
1970-01-21,0.028,9941
1970-01-20,-0.447,9938
1970-01-19,0.266,9983
1970-01-16,0.622,9957
1970-01-15,0.146,9895
1970-01-14,-0.917,9881
1970-01-13,-0.448,9972
1970-01-12,0.147,10017
1970-01-09,0.983,10002
1970-01-08,0.620,9905
1970-01-07,-0.208,9844
1970-01-06,-0.681,9864
1970-01-05,-0.210,9932
1970-01-02,0.742,9953
1969-12-31,1.212,9880
1969-12-30,1.201,9761
1969-12-29,-1.366,9645
1969-12-26,-0.324,9779
1969-12-24,-0.443,9811
1969-12-23,-0.327,9854
1969-12-22,0.146,9887
1969-12-19,0.383,9872
1969-12-18,-0.208,9835
1969-12-17,-0.209,9855
1969-12-16,-0.447,9876
1969-12-15,0.028,9920
1969-12-12,0.266,9917
1969-12-11,-0.210,9891
1969-12-10,-0.448,9912
1969-12-09,-0.809,9957
1969-12-08,-0.334,10038
1969-12-05,0.268,10071
1969-12-04,1.231,10044
1969-12-03,0.147,9922
1969-12-02,-0.687,9908
1969-12-01,-0.092,9976
1969-11-28,0.147,9985
1969-11-26,-0.212,9971
1969-11-25,0.147,9992
1969-11-24,0.627,9977
1969-11-21,0.505,9915
1969-11-20,-0.329,9865
1969-11-19,-0.449,9898
1969-11-18,-0.691,9942
1969-11-17,-0.334,10012
1969-11-14,0.148,10045
1969-11-13,-0.335,10030
1969-11-12,-0.699,10064
1969-11-11,0.027,10135
1969-11-10,-0.095,10132
1969-11-07,0.149,10142
1969-11-06,-0.338,10127
1969-11-05,-1.193,10161
1969-11-04,0.026,10284
1969-11-03,0.765,10281
1969-10-31,0.271,10203
1969-10-30,0.271,10175
1969-10-29,-0.095,10148
1969-10-28,-1.560,10158
1969-10-27,-0.715,10319
1969-10-24,-0.471,10393
1969-10-23,-1.472,10442
1969-10-22,-0.606,10598
1969-10-21,0.406,10663
1969-10-20,1.416,10620
1969-10-17,0.401,10471
1969-10-16,0.525,10429
1969-10-15,-0.471,10375
1969-10-14,1.273,10424
1969-10-13,0.026,10293
1969-10-10,0.768,10290
1969-10-09,-0.097,10212
1969-10-08,0.149,10222
1969-10-07,1.010,10207
1969-10-06,0.759,10105
1969-10-03,0.876,10029
1969-10-02,0.750,9941
1969-10-01,0.147,9867
1969-09-30,-0.332,9853
1969-09-29,-0.453,9886
1969-09-26,-1.298,9931
1969-09-25,-0.217,10061
1969-09-24,-0.339,10083
1969-09-23,-0.096,10117
1969-09-22,0.149,10127
1969-09-19,0.149,10112
1969-09-18,-0.584,10097
1969-09-17,-0.465,10156
1969-09-16,-0.343,10204
1969-09-15,-0.221,10239
1969-09-12,-0.222,10262
1969-09-11,0.150,10284
1969-09-10,0.274,10269
1969-09-09,0.150,10241
1969-09-08,-0.468,10226
1969-09-05,-0.222,10274
1969-09-04,-0.098,10297
1969-09-03,-0.596,10307
1969-09-02,-0.474,10369
1969-08-29,0.026,10418
1969-08-28,-0.476,10415
1969-08-27,-0.227,10465
1969-08-26,-0.227,10489
1969-08-25,-0.101,10513
1969-08-22,-0.228,10524
1969-08-21,-0.102,10548
1969-08-20,-0.229,10558
1969-08-19,0.025,10583
1969-08-18,0.534,10580
1969-08-15,0.025,10524
1969-08-14,-0.102,10521
1969-08-13,-0.102,10532
1969-08-12,-0.229,10543
1969-08-11,-0.102,10567
1969-08-08,0.025,10578
1969-08-07,0.152,10575
1969-08-06,0.025,10559
1969-08-05,0.407,10556
1969-08-04,0.532,10513
1969-08-01,-0.227,10458
1969-07-31,0.405,10482
1969-07-30,0.025,10439
1969-07-29,0.278,10437
1969-07-28,-0.227,10408
1969-07-25,-0.101,10431
1969-07-24,-0.227,10442
1969-07-23,-0.101,10466
1969-07-22,0.532,10476
1969-07-18,0.151,10421
1969-07-17,-0.227,10405
1969-07-16,0.278,10429
1969-07-15,-0.605,10400
1969-07-14,-0.355,10463
1969-07-11,1.804,10501
1969-07-10,0.527,10315
1969-07-09,-0.224,10260
1969-07-08,-0.225,10284
1969-07-07,-0.476,10307
1969-07-03,0.403,10356
1969-07-02,-0.351,10314
1969-07-01,-0.100,10351
1969-06-30,-0.353,10361
1969-06-27,-0.480,10398
1969-06-26,0.532,10448
1969-06-25,0.278,10393
1969-06-24,0.025,10364
1969-06-23,0.151,10361
1969-06-20,-0.227,10346
1969-06-19,-0.101,10369
1969-06-18,0.152,10380
1969-06-17,-0.858,10364
1969-06-16,0.152,10454
1969-06-13,0.279,10438
1969-06-12,0.659,10409
1969-06-11,0.404,10341
1969-06-10,0.780,10299
1969-06-09,-0.599,10219
1969-06-06,0.528,10281
1969-06-05,0.151,10227
1969-06-04,0.401,10212
1969-06-03,0.275,10171
1969-06-02,0.275,10143
1969-05-29,0.398,10115
1969-05-28,-0.593,10075
1969-05-27,-0.721,10135
1969-05-26,-0.600,10209
1969-05-23,-0.980,10270
1969-05-22,-0.735,10372
1969-05-21,-0.230,10449
1969-05-20,-0.103,10473
1969-05-19,-0.742,10484
1969-05-16,-0.747,10562
1969-05-15,-0.364,10641
1969-05-14,0.154,10680
1969-05-13,0.024,10664
1969-05-12,-0.364,10661
1969-05-09,-0.496,10700
1969-05-08,0.154,10754
1969-05-07,-0.106,10737
1969-05-06,-0.107,10748
1969-05-05,0.546,10760
1969-05-02,0.414,10702
1969-05-01,0.024,10657
1969-04-30,0.284,10655
1969-04-29,-0.105,10625
1969-04-28,-0.235,10636
1969-04-25,-0.106,10661
1969-04-24,-0.236,10672
1969-04-23,0.154,10697
1969-04-22,0.414,10681
1969-04-21,0.543,10637
1969-04-18,-0.363,10579
1969-04-17,-0.364,10618
1969-04-16,0.154,10657
1969-04-15,-0.755,10640
1969-04-14,1.591,10721
1969-04-11,0.799,10554
1969-04-10,0.025,10470
1969-04-09,0.666,10467
1969-04-08,0.536,10398
1969-04-07,0.025,10343
1969-04-03,-0.102,10340
1969-04-02,-0.102,10351
1969-04-01,0.789,10361
1969-03-28,0.279,10280
1969-03-27,0.025,10252
1969-03-26,-0.228,10249
1969-03-25,-0.355,10272
1969-03-24,0.406,10309
1969-03-21,0.405,10267
1969-03-20,0.025,10226
1969-03-19,0.910,10223
1969-03-18,0.026,10131
1969-03-17,-0.351,10129
1969-03-14,-0.226,10164
1969-03-13,-0.353,10187
1969-03-12,-0.228,10223
1969-03-11,-0.228,10247
1969-03-10,-0.229,10270
1969-03-07,-0.102,10294
1969-03-06,-0.230,10304
1969-03-05,-0.103,10328
1969-03-04,0.152,10339
1969-03-03,0.280,10323
1969-02-28,0.025,10294
1969-02-27,-0.357,10291
1969-02-26,0.025,10328
1969-02-25,0.025,10326
1969-02-24,0.025,10323
1969-02-20,-0.358,10321
1969-02-19,-0.359,10358
1969-02-18,-0.361,10395
1969-02-17,-0.362,10433
1969-02-14,-0.234,10471
1969-02-13,0.283,10495
1969-02-12,0.024,10466
1969-02-11,0.541,10463
1969-02-07,0.925,10407
1969-02-06,0.025,10311
1969-02-05,0.153,10309
1969-02-04,0.536,10293
1969-02-03,-0.484,10238
1969-01-31,-0.869,10288
1969-01-30,-0.361,10378
1969-01-29,-0.362,10416
1969-01-28,-0.364,10454
1969-01-27,-0.235,10492
1969-01-24,0.154,10517
1969-01-23,0.024,10500
1969-01-22,-0.235,10498
1969-01-21,-0.106,10523
1969-01-20,0.284,10534
1969-01-17,-0.236,10504
1969-01-16,0.545,10529
1969-01-15,0.024,10472
1969-01-14,0.024,10469
1969-01-13,-0.235,10467
1969-01-10,0.414,10491
1969-01-09,0.672,10448
1969-01-08,0.540,10378
1969-01-07,-1.260,10323
1969-01-06,-0.495,10454
1969-01-03,-0.236,10506
1969-01-02,0.807,10531
1968-12-31,0.543,10447
1968-12-30,0.153,10391
1968-12-27,0.024,10375
1968-12-26,1.186,10372
1968-12-24,-0.615,10251
1968-12-23,-0.618,10314
1968-12-20,-1.009,10378
1968-12-19,-1.278,10484
1968-12-17,-0.239,10620
1968-12-16,-0.108,10645
1968-12-13,0.023,10657
1968-12-12,-0.372,10654
1968-12-10,-0.241,10694
1968-12-09,-0.242,10720
1968-12-06,0.156,10746
1968-12-05,0.554,10729
1968-12-03,-0.373,10670
1968-12-02,-1.302,10710
1968-11-29,-0.245,10851
1968-11-27,-0.111,10878
1968-11-26,-0.111,10890
1968-11-25,-0.112,10902
1968-11-22,-0.112,10914
1968-11-21,-0.112,10926
1968-11-19,-0.382,10939
1968-11-18,-0.248,10981
1968-11-15,-0.113,11008
1968-11-14,0.022,11020
1968-11-13,0.022,11018
1968-11-12,-0.384,11015
1968-11-08,-0.250,11058
1968-11-07,-0.250,11086
1968-11-06,0.159,11113
1968-11-04,-0.251,11096
1968-11-01,0.159,11124
1968-10-31,0.159,11106
1968-10-29,-0.251,11088
1968-10-28,0.022,11116
1968-10-25,0.022,11114
1968-10-24,-0.115,11111
1968-10-22,-0.115,11124
1968-10-21,0.022,11137
1968-10-18,0.159,11135
1968-10-17,1.116,11117
1968-10-15,-0.385,10994
1968-10-14,-0.114,11037
1968-10-11,0.022,11049
1968-10-10,-0.795,11047
1968-10-08,-0.389,11135
1968-10-07,-0.391,11179
1968-10-04,-0.254,11223
1968-10-03,-0.117,11251
1968-10-01,-0.117,11264
1968-09-30,-0.394,11278
1968-09-27,-0.117,11322
1968-09-26,-0.118,11335
1968-09-24,0.021,11349
1968-09-23,0.021,11346
1968-09-20,-0.118,11344
1968-09-19,0.161,11357
1968-09-17,0.160,11339
1968-09-16,0.299,11321
1968-09-13,0.160,11287
1968-09-12,0.021,11269
1968-09-10,-0.256,11267
1968-09-09,-0.117,11296
1968-09-06,-0.257,11309
1968-09-05,-0.257,11338
1968-09-04,-0.258,11367
1968-09-03,0.021,11397
1968-08-30,0.161,11394
1968-08-29,0.301,11376
1968-08-27,0.161,11342
1968-08-26,0.300,11324
1968-08-23,0.299,11290
1968-08-22,-0.533,11256
1968-08-20,-0.118,11316
1968-08-19,0.021,11330
1968-08-16,0.161,11327
1968-08-15,-0.257,11309
1968-08-13,-0.258,11338
1968-08-12,-0.259,11368
1968-08-09,-0.259,11397
1968-08-08,-0.119,11427
1968-08-06,-0.120,11440
1968-08-05,-0.261,11454
1968-08-02,0.303,11484
1968-08-01,0.584,11449
1968-07-30,-0.119,11383
1968-07-29,-0.260,11396
1968-07-26,0.443,11426
1968-07-25,0.582,11376
1968-07-23,1.138,11310
1968-07-22,0.714,11183
1968-07-19,0.022,11104
1968-07-18,-0.392,11101
1968-07-16,-0.117,11145
1968-07-15,-0.255,11158
1968-07-12,0.021,11186
1968-07-11,0.160,11184
1968-07-09,0.160,11166
1968-07-08,0.160,11148
1968-07-03,0.022,11130
1968-07-02,0.160,11128
1968-07-01,0.160,11110
1968-06-28,0.022,11092
1968-06-27,-0.116,11090
1968-06-25,-0.392,11103
1968-06-24,0.022,11147
1968-06-21,0.437,11144
1968-06-20,0.712,11096
1968-06-18,-0.115,11017
1968-06-17,0.159,11030
1968-06-14,0.434,11013
1968-06-13,0.433,10965
1968-06-11,-0.114,10918
1968-06-10,0.022,10930
1968-06-07,0.159,10928
1968-06-06,-0.114,10911
1968-06-05,-0.388,10923
1968-06-04,0.433,10966
1968-06-03,0.705,10918
1968-05-31,1.110,10842
1968-05-29,-0.112,10723
1968-05-28,0.023,10735
1968-05-27,0.698,10732
1968-05-24,0.426,10658
1968-05-23,0.291,10613
1968-05-22,-0.111,10582
1968-05-21,-0.245,10594
1968-05-20,-0.648,10620
1968-05-17,-0.247,10689
1968-05-16,-0.653,10716
1968-05-15,-0.113,10786
1968-05-14,-0.249,10798
1968-05-13,-0.114,10825
1968-05-10,0.158,10838
1968-05-09,0.158,10820
1968-05-08,-0.114,10803
1968-05-07,0.158,10816
1968-05-06,0.158,10799
1968-05-03,-0.385,10781
1968-05-02,-0.114,10823
1968-05-01,0.431,10836
1968-04-30,0.022,10789
1968-04-29,0.022,10787
1968-04-26,0.022,10784
1968-04-25,0.022,10782
1968-04-24,0.294,10779
1968-04-23,0.565,10748
1968-04-22,-0.248,10687
1968-04-19,-1.332,10714
1968-04-18,-0.252,10859
1968-04-17,0.022,10886
1968-04-16,0.022,10884
1968-04-15,-0.526,10881
1968-04-11,-0.116,10939
1968-04-10,0.573,10951
1968-04-08,0.159,10889
1968-04-05,0.022,10872
1968-04-04,0.022,10869
1968-04-03,1.118,10867
1968-04-02,0.294,10747
1968-04-01,1.379,10715
1968-03-29,0.291,10569
1968-03-28,0.023,10539
1968-03-27,0.023,10536
1968-03-26,-0.514,10534
1968-03-25,0.157,10588
1968-03-22,0.157,10572
1968-03-21,-0.112,10555
1968-03-20,0.292,10567
1968-03-19,-0.111,10536
1968-03-18,0.963,10548
1968-03-15,1.090,10447
1968-03-14,-0.903,10335
1968-03-13,-0.777,10429
1968-03-12,-0.514,10510
1968-03-11,0.157,10565
1968-03-08,-1.188,10548
1968-03-07,-0.656,10675
1968-03-06,-0.387,10745
1968-03-05,-0.388,10787
1968-03-04,-0.115,10829
1968-03-01,0.022,10842
1968-02-29,0.022,10839
1968-02-28,0.022,10837
1968-02-27,-0.115,10835
1968-02-26,-0.391,10847
1968-02-23,-0.116,10890
1968-02-21,0.160,10902
1968-02-20,-0.116,10885
1968-02-19,-0.116,10898
1968-02-16,0.022,10910
1968-02-15,0.298,10908
1968-02-14,0.160,10876
1968-02-13,0.297,10858
1968-02-09,0.159,10826
1968-02-08,-0.253,10809
1968-02-07,0.297,10836
1968-02-06,-0.115,10804
1968-02-05,-0.253,10817
1968-02-02,0.159,10844
1968-02-01,-0.116,10827
1968-01-31,0.022,10839
1968-01-30,0.297,10837
1968-01-29,0.159,10805
1968-01-26,0.022,10788
1968-01-25,0.297,10785
1968-01-24,0.296,10754
1968-01-23,0.706,10722
1968-01-22,-0.114,10647
1968-01-19,-0.523,10659
1968-01-18,-0.936,10715
1968-01-17,0.435,10816
1968-01-16,-0.528,10769
1968-01-15,-0.944,10826
1968-01-12,0.299,10929
1968-01-11,0.021,10897
1968-01-10,0.714,10894
1968-01-09,-0.254,10817
1968-01-08,-0.117,10845
1968-01-05,0.575,10857
1968-01-04,1.537,10795
1968-01-03,0.431,10632
1968-01-02,0.701,10586
1967-12-29,0.158,10512
1967-12-28,-0.518,10496
1967-12-27,0.293,10551
1967-12-26,0.428,10520
1967-12-22,-0.382,10475
1967-12-21,-0.248,10515
1967-12-20,0.293,10541
1967-12-19,0.158,10510
1967-12-18,0.563,10494
1967-12-15,-0.112,10435
1967-12-14,0.292,10447
1967-12-13,0.426,10416
1967-12-12,-0.111,10372
1967-12-11,-0.246,10384
1967-12-08,-0.112,10409
1967-12-07,-0.247,10421
1967-12-06,0.832,10447
1967-12-05,0.291,10360
1967-12-04,0.291,10330
1967-12-01,-0.378,10300
1967-11-30,-0.915,10339
1967-11-29,-0.112,10435
1967-11-28,1.373,10447
1967-11-27,0.290,10305
1967-11-24,-1.044,10275
1967-11-22,0.292,10384
1967-11-21,2.439,10354
1967-11-20,-1.427,10107
1967-11-17,-0.377,10253
1967-11-16,0.825,10292
1967-11-15,0.289,10208
1967-11-14,0.686,10179
1967-11-13,-0.900,10109
1967-11-10,-0.641,10201
1967-11-09,-0.778,10267
1967-11-08,0.291,10347
1967-11-06,-0.245,10317
1967-11-03,-0.649,10343
1967-11-02,-0.248,10410
1967-11-01,-0.383,10436
1967-10-31,-0.792,10476
1967-10-30,-0.251,10560
1967-10-27,0.296,10587
1967-10-26,0.022,10555
1967-10-25,0.159,10553
1967-10-24,0.022,10536
1967-10-23,-0.114,10534
1967-10-20,0.159,10546
1967-10-19,-0.251,10529
1967-10-18,-0.661,10556
1967-10-17,-0.665,10626
1967-10-16,-0.392,10697
1967-10-13,-0.394,10739
1967-10-12,0.021,10782
1967-10-11,-0.117,10779
1967-10-10,-0.535,10792
1967-10-09,-0.118,10850
1967-10-06,0.021,10863
1967-10-05,0.021,10861
1967-10-04,-0.258,10858
1967-10-03,0.021,10887
1967-10-02,-0.259,10884
1967-09-29,0.582,10912
1967-09-28,0.161,10849
1967-09-27,-0.118,10832
1967-09-26,0.021,10845
1967-09-25,-0.258,10842
1967-09-22,0.021,10870
1967-09-21,-0.399,10868
1967-09-20,0.161,10912
1967-09-19,-0.540,10894
1967-09-18,-0.120,10953
1967-09-15,-0.120,10966
1967-09-14,-0.120,10980
1967-09-13,0.162,10993
1967-09-12,0.021,10975
1967-09-11,-0.262,10973
1967-09-08,-0.404,11002
1967-09-07,0.021,11046
1967-09-06,0.446,11044
1967-09-05,0.304,10995
1967-09-01,0.162,10962
1967-08-31,0.021,10944
1967-08-30,0.021,10942
1967-08-29,0.021,10939
1967-08-28,0.162,10937
1967-08-25,0.021,10919
1967-08-24,-0.120,10917
1967-08-23,-0.120,10930
1967-08-22,0.021,10943
1967-08-21,-0.120,10941
1967-08-18,0.021,10954
1967-08-17,0.021,10952
1967-08-16,0.162,10950
1967-08-15,-0.120,10932
1967-08-14,0.021,10945
1967-08-11,-0.121,10943
1967-08-10,-0.121,10956
1967-08-09,0.021,10969
1967-08-08,0.304,10967
1967-08-07,-0.403,10934
1967-08-04,-0.405,10978
1967-08-03,0.305,11023
1967-08-02,-0.121,10989
1967-08-01,-0.121,11003
1967-07-31,0.163,11016
1967-07-28,0.163,10998
1967-07-27,0.304,10980
1967-07-26,-0.404,10947
1967-07-25,-0.263,10991
1967-07-24,-0.264,11020
1967-07-21,0.020,11050
1967-07-20,-0.265,11047
1967-07-19,-0.408,11077
1967-07-18,-0.553,11122
1967-07-17,-0.124,11184
1967-07-14,-0.124,11198
1967-07-13,0.020,11212
1967-07-12,0.597,11209
1967-07-11,0.738,11143
1967-07-10,0.020,11061
1967-07-07,-0.265,11059
1967-07-06,0.450,11088
1967-07-05,0.734,11039
1967-07-03,0.163,10958
1967-06-30,-0.121,10941
1967-06-29,0.163,10954
1967-06-28,0.446,10936
1967-06-27,-0.262,10888
1967-06-26,-0.121,10916
1967-06-23,0.021,10929
1967-06-22,0.021,10927
1967-06-21,0.021,10925
1967-06-20,-0.689,10923
1967-06-19,0.020,10998
1967-06-16,-0.550,10996
1967-06-15,0.020,11057
1967-06-14,-0.553,11055
1967-06-13,-0.124,11116
1967-06-12,-0.556,11130
1967-06-09,-0.125,11192
1967-06-08,-0.414,11206
1967-06-07,0.165,11253
1967-06-06,0.165,11234
1967-06-05,-0.560,11216
1967-06-02,-0.126,11279
1967-06-01,0.311,11293
1967-05-31,0.601,11258
1967-05-29,0.454,11191
1967-05-26,0.741,11140
1967-05-25,0.164,11058
1967-05-24,0.020,11040
1967-05-23,-0.123,11038
1967-05-22,-0.554,11052
1967-05-19,0.020,11113
1967-05-18,0.020,11111
1967-05-17,-0.124,11109
1967-05-16,-0.124,11123
1967-05-15,-0.269,11136
1967-05-12,0.165,11166
1967-05-11,0.164,11148
1967-05-10,0.020,11130
1967-05-09,-0.702,11128
1967-05-08,-0.416,11206
1967-05-05,-0.272,11253
1967-05-04,-0.126,11284
1967-05-03,0.166,11298
1967-05-02,0.165,11279
1967-05-01,-0.126,11261
1967-04-28,-0.564,11275
1967-04-27,0.019,11339
1967-04-26,-0.274,11337
1967-04-25,-0.568,11368
1967-04-24,-0.276,11433
1967-04-21,-0.276,11464
1967-04-20,0.019,11496
1967-04-19,0.019,11494
1967-04-18,-0.425,11492
1967-04-17,-0.724,11541
1967-04-14,-0.131,11625
1967-04-13,-0.280,11640
1967-04-12,0.019,11673
1967-04-11,-0.131,11671
1967-04-10,-0.131,11686
1967-04-07,0.319,11701
1967-04-06,0.168,11664
1967-04-05,-0.281,11645
1967-04-04,0.168,11677
1967-04-03,0.019,11658
1967-03-31,0.168,11656
1967-03-30,0.019,11636
1967-03-29,0.019,11634
1967-03-28,-0.131,11632
1967-03-27,-0.281,11647
1967-03-23,0.319,11680
1967-03-22,-0.131,11643
1967-03-21,-0.581,11658
1967-03-20,0.169,11726
1967-03-17,-0.282,11706
1967-03-16,0.320,11739
1967-03-15,0.319,11702
1967-03-14,0.319,11665
1967-03-13,0.168,11628
1967-03-10,-0.131,11608
1967-03-09,0.618,11623
1967-03-08,-0.130,11552
1967-03-07,0.168,11567
1967-03-06,0.168,11548
1967-03-03,0.168,11529
1967-03-02,0.465,11509
1967-03-01,0.761,11456
1967-02-28,0.019,11369
1967-02-27,0.167,11367
1967-02-24,0.314,11348
1967-02-23,-0.422,11313
1967-02-21,-0.276,11361
1967-02-20,-0.425,11392
1967-02-17,-0.129,11441
1967-02-16,0.167,11456
1967-02-15,-0.426,11437
1967-02-14,-0.576,11485
1967-02-13,0.019,11552
1967-02-10,-0.579,11550
1967-02-09,0.018,11617
1967-02-08,-0.132,11615
1967-02-07,-0.132,11630
1967-02-06,-0.282,11646
1967-02-03,0.018,11679
1967-02-02,0.018,11677
1967-02-01,-0.283,11674
1967-01-31,-0.133,11708
1967-01-30,0.018,11723
1967-01-27,-0.133,11721
1967-01-26,1.531,11737
1967-01-25,-0.131,11560
1967-01-24,-0.281,11575
1967-01-23,-0.132,11607
1967-01-20,-0.282,11623
1967-01-19,-0.434,11656
1967-01-18,-0.284,11706
1967-01-17,-0.133,11740
1967-01-16,0.170,11756
1967-01-13,0.321,11736
1967-01-12,-0.284,11698
1967-01-11,1.685,11731
1967-01-10,0.168,11537
1967-01-09,-0.430,11518
1967-01-06,-0.132,11567
1967-01-05,0.469,11583
1967-01-04,0.618,11529
1967-01-03,-0.280,11458
1966-12-30,0.766,11490
1966-12-29,0.316,11403
1966-12-28,0.612,11367
1966-12-27,-0.129,11298
1966-12-23,0.019,11312
1966-12-22,0.019,11310
1966-12-21,0.019,11308
1966-12-20,0.463,11306
1966-12-19,0.314,11254
1966-12-16,-0.128,11218
1966-12-15,0.608,11233
1966-12-14,0.313,11165
1966-12-13,0.605,11130
1966-12-12,1.040,11063
1966-12-09,0.454,10949
1966-12-08,-0.413,10900
1966-12-07,-0.270,10945
1966-12-06,-0.125,10975
1966-12-05,-0.125,10988
1966-12-02,0.165,11002
1966-12-01,0.165,10984
1966-11-30,0.165,10966
1966-11-29,0.309,10948
1966-11-28,0.164,10914
1966-11-25,-0.124,10896
1966-11-23,-0.125,10910
1966-11-22,-0.125,10923
1966-11-21,0.454,10937
1966-11-18,-0.124,10888
1966-11-17,0.020,10901
1966-11-16,0.020,10899
1966-11-15,0.020,10897
1966-11-14,-0.125,10895
1966-11-11,0.020,10908
1966-11-10,-0.559,10906
1966-11-09,-0.126,10967
1966-11-07,0.165,10981
1966-11-04,-0.271,10963
1966-11-03,-0.126,10993
1966-11-02,-0.709,11007
1966-11-01,-0.127,11085
1966-10-31,0.019,11100
1966-10-28,0.166,11097
1966-10-27,-0.274,11079
1966-10-26,-0.421,11109
1966-10-25,0.166,11156
1966-10-24,0.166,11138
1966-10-21,1.489,11119
1966-10-20,0.020,10956
1966-10-19,0.020,10954
1966-10-18,0.456,10952
1966-10-17,0.165,10902
1966-10-14,0.165,10884
1966-10-13,0.020,10866
1966-10-12,0.020,10864
1966-10-11,0.020,10862
1966-10-10,-0.125,10860
1966-10-07,0.165,10874
1966-10-06,0.165,10856
1966-10-05,0.020,10838
1966-10-04,0.309,10836
1966-10-03,-0.413,10802
1966-09-30,-0.414,10847
1966-09-29,0.745,10892
1966-09-28,0.309,10812
1966-09-27,0.308,10778
1966-09-26,0.164,10745
1966-09-23,-0.267,10728
1966-09-22,0.452,10756
1966-09-21,0.594,10708
1966-09-20,0.306,10645
1966-09-19,-0.835,10612
1966-09-16,0.020,10702
1966-09-15,-0.267,10700
1966-09-14,-0.555,10728
1966-09-13,0.020,10788
1966-09-12,0.020,10786
1966-09-09,0.164,10784
1966-09-08,0.164,10766
1966-09-07,0.164,10748
1966-09-06,0.452,10731
1966-09-02,0.451,10683
1966-09-01,0.306,10635
1966-08-31,1.162,10602
1966-08-30,0.304,10480
1966-08-29,-0.262,10449
1966-08-26,-0.687,10476
1966-08-25,-0.406,10549
1966-08-24,-0.122,10592
1966-08-23,-0.408,10605
1966-08-22,0.164,10648
1966-08-19,0.020,10631
1966-08-18,-0.409,10628
1966-08-17,-0.411,10672
1966-08-16,-0.556,10716
1966-08-15,-0.270,10776
1966-08-12,0.020,10805
1966-08-11,-0.125,10803
1966-08-10,0.165,10817
1966-08-09,-0.125,10799
1966-08-08,0.165,10812
1966-08-05,-0.125,10795
1966-08-04,0.020,10808
1966-08-03,-0.125,10806
1966-08-02,0.165,10820
1966-08-01,0.020,10802
1966-07-29,-0.125,10800
1966-07-28,-0.416,10813
1966-07-27,0.020,10858
1966-07-26,0.020,10856
1966-07-25,0.311,10854
1966-07-22,0.165,10821
1966-07-21,-0.126,10803
1966-07-20,0.165,10816
1966-07-19,0.165,10798
1966-07-18,0.310,10781
1966-07-15,0.020,10747
1966-07-14,-0.125,10745
1966-07-13,0.020,10759
1966-07-12,-0.270,10757
1966-07-11,-0.561,10786
1966-07-08,-0.126,10847
1966-07-07,0.166,10860
1966-07-06,0.165,10842
1966-07-05,0.165,10824
1966-07-01,-0.126,10807
1966-06-30,-0.563,10820
1966-06-29,0.019,10882
1966-06-28,-0.566,10879
1966-06-27,-0.275,10941
1966-06-24,-0.275,10971
1966-06-23,-0.128,11002
1966-06-22,-0.129,11016
1966-06-21,0.315,11030
1966-06-20,0.314,10996
1966-06-17,0.314,10961
1966-06-16,-0.275,10927
1966-06-15,0.314,10957
1966-06-14,0.019,10923
1966-06-13,0.019,10921
1966-06-10,0.019,10918
1966-06-09,-0.128,10916
1966-06-08,-0.128,10930
1966-06-07,-0.275,10944
1966-06-06,0.019,10975
1966-06-03,0.019,10972
1966-06-02,0.167,10970
1966-06-01,0.314,10952
1966-05-31,0.019,10918
1966-05-27,0.019,10916
1966-05-26,-0.422,10914
1966-05-25,0.019,10960
1966-05-24,-0.276,10958
1966-05-23,-0.277,10988
1966-05-20,0.019,11019
1966-05-19,0.019,11017
1966-05-18,0.019,11014
1966-05-17,0.019,11012
1966-05-16,0.019,11010
1966-05-13,0.019,11008
1966-05-12,0.167,11006
1966-05-11,-0.277,10988
1966-05-10,0.167,11018
1966-05-09,0.463,11000
1966-05-06,0.314,10949
1966-05-05,0.019,10915
1966-05-04,0.019,10913
1966-05-03,0.019,10911
1966-05-02,-0.128,10909
1966-04-29,0.019,10923
1966-04-28,-0.128,10921
1966-04-27,0.019,10935
1966-04-26,-0.129,10932
1966-04-25,-0.129,10947
1966-04-22,0.167,10961
1966-04-21,0.167,10942
1966-04-20,-0.276,10924
1966-04-19,-0.129,10954
1966-04-18,0.167,10969
1966-04-15,-0.129,10950
1966-04-14,-0.277,10965
1966-04-13,-0.130,10995
1966-04-12,0.019,11009
1966-04-11,0.019,11007
1966-04-07,-0.279,11005
1966-04-06,-0.279,11036
1966-04-05,0.168,11067
1966-04-04,0.019,11048
1966-04-01,0.168,11046
1966-03-31,0.019,11028
1966-03-30,0.912,11026
1966-03-29,0.019,10926
1966-03-28,0.167,10924
1966-03-25,-0.425,10906
1966-03-24,-0.278,10952
1966-03-23,0.465,10983
1966-03-22,0.167,10932
1966-03-21,0.315,10914
1966-03-18,0.167,10879
1966-03-17,0.314,10861
1966-03-16,0.166,10827
1966-03-15,0.608,10809
1966-03-14,0.166,10744
1966-03-11,-0.127,10726
1966-03-10,-0.127,10740
1966-03-09,0.166,10753
1966-03-08,0.312,10736
1966-03-07,0.166,10702
1966-03-04,0.166,10685
1966-03-03,0.020,10667
1966-03-02,0.020,10665
1966-03-01,0.020,10663
1966-02-28,-0.418,10661
1966-02-25,-0.127,10705
1966-02-24,-0.127,10719
1966-02-23,0.019,10733
1966-02-21,-0.127,10731
1966-02-18,-0.128,10744
1966-02-17,0.166,10758
1966-02-16,0.019,10740
1966-02-15,0.019,10738
1966-02-14,0.019,10736
1966-02-11,-1.008,10734
1966-02-10,-0.277,10843
1966-02-09,-0.129,10873
1966-02-08,0.167,10887
1966-02-07,-0.426,10869
1966-02-04,-0.130,10916
1966-02-03,0.019,10930
1966-02-02,-0.279,10928
1966-02-01,-0.130,10958
1966-01-31,-0.429,10973
1966-01-28,-0.281,11020
1966-01-27,-0.132,11051
1966-01-26,-0.132,11066
1966-01-25,0.018,11080
1966-01-24,-0.132,11078
1966-01-21,0.018,11093
1966-01-20,-0.132,11091
1966-01-19,0.018,11105
1966-01-18,0.018,11103
1966-01-17,0.018,11101
1966-01-14,0.018,11099
1966-01-13,-0.132,11097
1966-01-12,0.169,11112
1966-01-11,0.169,11093
1966-01-10,-0.132,11075
1966-01-07,0.018,11089
1966-01-06,0.169,11087
1966-01-05,0.169,11069
1966-01-04,0.018,11050
1966-01-03,0.018,11048
1965-12-31,-0.132,11046
1965-12-30,0.018,11060
1965-12-29,-0.132,11058
1965-12-28,0.169,11073
1965-12-27,0.169,11054
1965-12-23,0.018,11036
1965-12-22,-0.132,11034
1965-12-21,-0.283,11048
1965-12-20,0.622,11080
1965-12-17,0.018,11011
1965-12-16,0.018,11009
1965-12-15,0.018,11007
1965-12-14,-0.132,11005
1965-12-13,-0.282,11020
1965-12-10,0.169,11051
1965-12-09,-0.132,11032
1965-12-08,0.018,11047
1965-12-07,0.018,11045
1965-12-06,-0.886,11043
1965-12-03,0.018,11141
1965-12-02,0.018,11139
1965-12-01,-0.437,11137
1965-11-30,-0.134,11186
1965-11-29,-0.134,11201
1965-11-26,0.018,11216
1965-11-24,0.170,11214
1965-11-23,0.018,11195
1965-11-22,0.018,11193
1965-11-19,0.018,11191
1965-11-18,-0.134,11189
1965-11-17,0.170,11204
1965-11-16,0.018,11185
1965-11-15,0.018,11183
1965-11-12,0.170,11181
1965-11-11,0.018,11162
1965-11-10,0.018,11160
1965-11-09,-0.134,11158
1965-11-08,-0.134,11173
1965-11-05,-0.135,11188
1965-11-04,0.018,11204
1965-11-03,0.018,11202
1965-11-01,-0.287,11200
1965-10-29,-0.135,11232
1965-10-28,-0.135,11247
1965-10-27,-0.136,11262
1965-10-26,0.018,11278
1965-10-25,-0.136,11276
1965-10-22,0.171,11291
1965-10-21,-0.136,11272
1965-10-20,0.018,11287
1965-10-19,-0.136,11285
1965-10-18,0.018,11300
1965-10-15,-0.136,11298
1965-10-14,0.017,11314
1965-10-13,0.017,11312
1965-10-12,0.017,11310
1965-10-11,0.171,11308
1965-10-08,0.018,11288
1965-10-07,0.171,11287
1965-10-06,0.018,11267
1965-10-05,0.325,11265
1965-10-04,0.018,11229
1965-10-01,0.018,11227
1965-09-30,0.018,11225
1965-09-29,-0.289,11223
1965-09-28,-0.136,11255
1965-09-27,0.018,11271
1965-09-24,0.018,11269
1965-09-23,-0.136,11267
1965-09-22,0.017,11282
1965-09-21,0.017,11280
1965-09-20,0.017,11278
1965-09-17,0.017,11276
1965-09-16,0.017,11274
1965-09-15,0.017,11272
1965-09-14,0.017,11270
1965-09-13,0.017,11268
1965-09-10,-0.136,11266
1965-09-09,-0.137,11282
1965-09-08,0.017,11297
1965-09-07,0.017,11295
1965-09-03,0.172,11293
1965-09-02,-0.137,11274
1965-09-01,0.017,11289
1965-08-31,0.017,11287
1965-08-30,0.017,11285
1965-08-27,0.017,11283
1965-08-26,0.017,11281
1965-08-25,0.017,11279
1965-08-24,-0.137,11278
1965-08-23,-0.137,11293
1965-08-20,0.017,11308
1965-08-19,0.017,11307
1965-08-18,0.017,11305
1965-08-17,-0.137,11303
1965-08-16,0.017,11318
1965-08-13,0.017,11316
1965-08-12,0.017,11314
1965-08-11,-0.137,11312
1965-08-10,0.017,11328
1965-08-09,-0.138,11326
1965-08-06,0.017,11342
1965-08-05,0.017,11340
1965-08-04,-0.138,11338
1965-08-03,0.017,11353
1965-08-02,0.017,11351
1965-07-30,-0.138,11349
1965-07-29,0.017,11365
1965-07-28,0.017,11363
1965-07-27,0.017,11361
1965-07-26,0.017,11359
1965-07-23,0.017,11357
1965-07-22,-0.138,11355
1965-07-21,0.017,11371
1965-07-20,0.017,11369
1965-07-19,0.173,11367
1965-07-16,0.017,11348
1965-07-15,0.017,11346
1965-07-14,0.017,11344
1965-07-13,0.017,11342
1965-07-12,0.017,11340
1965-07-09,-0.138,11338
1965-07-08,0.173,11354
1965-07-07,0.017,11334
1965-07-06,0.017,11332
1965-07-02,0.017,11330
1965-07-01,-0.138,11328
1965-06-30,0.017,11344
1965-06-29,0.017,11342
1965-06-28,0.017,11340
1965-06-25,0.017,11338
1965-06-24,0.017,11336
1965-06-23,0.017,11334
1965-06-22,0.017,11332
1965-06-21,0.173,11330
1965-06-18,0.017,11311
1965-06-17,0.017,11309
1965-06-16,0.017,11307
1965-06-15,0.017,11305
1965-06-14,0.173,11303
1965-06-11,0.017,11284
1965-06-10,0.017,11282
1965-06-09,0.017,11280
1965-06-08,0.017,11278
1965-06-07,0.017,11276
1965-06-04,0.017,11274
1965-06-03,0.017,11272
1965-06-02,0.017,11270
1965-06-01,0.017,11268
1965-05-28,0.017,11266
1965-05-27,-0.138,11264
1965-05-26,0.173,11280
1965-05-25,0.017,11260
1965-05-24,0.017,11258
1965-05-21,0.017,11256
1965-05-20,-0.138,11255
1965-05-19,0.017,11270
1965-05-18,0.017,11268
1965-05-17,0.017,11266
1965-05-14,0.017,11264
1965-05-13,0.017,11262
1965-05-12,0.017,11260
1965-05-11,0.017,11259
1965-05-10,-0.138,11257
1965-05-07,0.017,11272
1965-05-06,0.017,11270
1965-05-05,0.173,11268
1965-05-04,0.017,11249
1965-05-03,0.017,11247
1965-04-30,0.017,11245
1965-04-29,0.017,11243
1965-04-28,0.017,11241
1965-04-27,0.017,11239
1965-04-26,0.017,11237
1965-04-23,0.017,11235
1965-04-22,0.017,11234
1965-04-21,0.017,11232
1965-04-20,0.017,11230
1965-04-19,-0.138,11228
1965-04-15,0.017,11243
1965-04-14,0.017,11241
1965-04-13,0.017,11239
1965-04-12,0.017,11238
1965-04-09,-0.139,11236
1965-04-08,0.173,11251
1965-04-07,0.017,11232
1965-04-06,0.017,11230
1965-04-05,0.017,11228
1965-04-02,0.017,11226
1965-04-01,0.017,11224
1965-03-31,0.017,11222
1965-03-30,0.017,11220
1965-03-29,0.017,11218
1965-03-26,-0.139,11216
1965-03-25,0.017,11232
1965-03-24,0.017,11230
1965-03-23,0.017,11228
1965-03-22,0.173,11226
1965-03-19,0.017,11207
1965-03-18,-0.139,11205
1965-03-17,0.017,11221
1965-03-16,0.173,11219
1965-03-15,0.173,11199
1965-03-12,0.017,11180
1965-03-11,0.017,11178
1965-03-10,0.017,11176
1965-03-09,0.017,11174
1965-03-08,0.017,11172
1965-03-05,0.017,11170
1965-03-04,0.017,11168
1965-03-03,0.017,11167
1965-03-02,0.017,11165
1965-03-01,0.017,11163
1965-02-26,0.017,11161
1965-02-25,0.017,11159
1965-02-24,0.017,11157
1965-02-23,0.017,11155
1965-02-19,0.017,11153
1965-02-18,0.017,11151
1965-02-17,0.017,11149
1965-02-16,0.017,11147
1965-02-15,0.017,11146
1965-02-12,0.017,11144
1965-02-11,0.017,11142
1965-02-10,-0.138,11140
1965-02-09,0.017,11155
1965-02-08,0.173,11153
1965-02-05,-0.138,11134
1965-02-04,0.017,11150
1965-02-03,-0.139,11148
1965-02-02,0.017,11163
1965-02-01,0.017,11161
1965-01-29,-0.139,11159
1965-01-28,0.017,11175
1965-01-27,0.017,11173
1965-01-26,-0.139,11171
1965-01-25,0.017,11187
1965-01-22,0.173,11185
1965-01-21,0.017,11165
1965-01-20,0.017,11163
1965-01-19,0.173,11162
1965-01-18,0.017,11142
1965-01-15,0.017,11140
1965-01-14,0.017,11138
1965-01-13,0.017,11137
1965-01-12,0.017,11135
1965-01-11,0.173,11133
1965-01-08,-0.139,11114
1965-01-07,0.017,11129
1965-01-06,0.173,11127
1965-01-05,0.017,11108
1965-01-04,0.173,11106
1964-12-31,0.017,11087
1964-12-30,-0.138,11085
1964-12-29,-0.139,11100
1964-12-28,0.017,11116
1964-12-24,0.017,11114
1964-12-23,0.017,11112
1964-12-22,-0.139,11110
1964-12-21,0.017,11125
1964-12-18,-0.139,11124
1964-12-17,0.017,11139
1964-12-16,-0.139,11137
1964-12-15,0.017,11153
1964-12-14,-0.139,11151
1964-12-11,0.173,11166
1964-12-10,0.017,11147
1964-12-09,0.173,11145
1964-12-08,0.017,11126
1964-12-07,0.173,11124
1964-12-04,0.017,11105
1964-12-03,0.329,11103
1964-12-02,0.017,11066
1964-12-01,0.017,11065
1964-11-30,0.017,11063
1964-11-27,0.017,11061
1964-11-25,0.017,11059
1964-11-24,-0.294,11057
1964-11-23,-0.451,11090
1964-11-20,0.017,11140
1964-11-19,0.173,11138
1964-11-18,0.017,11119
1964-11-17,-0.139,11117
1964-11-16,-0.140,11132
1964-11-13,0.017,11148
1964-11-12,0.173,11146
1964-11-11,0.017,11127
1964-11-10,0.173,11125
1964-11-09,0.017,11106
1964-11-06,0.017,11104
1964-11-05,0.017,11102
1964-11-04,0.017,11100
1964-11-02,0.173,11098
1964-10-30,0.173,11079
1964-10-29,0.017,11060
1964-10-28,0.329,11058
1964-10-27,0.017,11022
1964-10-26,0.017,11020
1964-10-23,0.017,11018
1964-10-22,0.017,11016
1964-10-21,0.173,11014
1964-10-20,0.173,10995
1964-10-19,0.017,10976
1964-10-16,-0.138,10974
1964-10-15,-0.138,10989
1964-10-14,0.017,11005
1964-10-13,0.017,11003
1964-10-12,0.017,11001
1964-10-09,0.017,10999
1964-10-08,0.017,10997
1964-10-07,0.017,10995
1964-10-06,0.017,10993
1964-10-05,-0.139,10991
1964-10-02,0.017,11007
1964-10-01,0.017,11005
1964-09-30,0.017,11003
1964-09-29,0.017,11001
1964-09-28,0.017,10999
1964-09-25,0.017,10997
1964-09-24,0.017,10995
1964-09-23,0.017,10994
1964-09-22,0.017,10992
1964-09-21,0.173,10990
1964-09-18,0.173,10971
1964-09-17,0.173,10952
1964-09-16,0.017,10933
1964-09-15,0.017,10931
1964-09-14,0.017,10929
1964-09-11,0.017,10927
1964-09-10,-0.138,10926
1964-09-09,0.017,10941
1964-09-08,0.017,10939
1964-09-04,0.017,10937
1964-09-03,0.017,10935
1964-09-02,-0.138,10933
1964-09-01,0.017,10948
1964-08-31,-0.139,10947
1964-08-28,0.017,10962
1964-08-27,-0.294,10960
1964-08-26,0.329,10992
1964-08-25,0.017,10956
1964-08-24,-0.139,10954
1964-08-21,0.017,10969
1964-08-20,0.017,10968
1964-08-19,0.017,10966
1964-08-18,0.017,10964
1964-08-17,0.017,10962
1964-08-14,0.173,10960
1964-08-13,-0.139,10941
1964-08-12,0.017,10956
1964-08-11,-0.139,10955
1964-08-10,0.017,10970
1964-08-07,0.017,10968
1964-08-06,0.017,10966
1964-08-05,0.017,10964
1964-08-04,0.017,10962
1964-08-03,0.017,10960
1964-07-31,0.017,10959
1964-07-30,0.017,10957
1964-07-29,0.017,10955
1964-07-28,0.017,10953
1964-07-27,0.017,10951
1964-07-24,0.017,10949
1964-07-23,0.173,10947
1964-07-22,0.017,10929
1964-07-21,0.017,10927
1964-07-20,-0.139,10925
1964-07-17,-0.139,10940
1964-07-16,0.017,10955
1964-07-15,0.017,10953
1964-07-14,0.173,10952
1964-07-13,-0.139,10933
1964-07-10,0.017,10948
1964-07-09,-0.139,10946
1964-07-08,0.017,10961
1964-07-07,0.017,10959
1964-07-06,0.017,10958
1964-07-02,0.017,10956
1964-07-01,0.017,10954
1964-06-30,0.017,10952
1964-06-29,0.173,10950
1964-06-26,0.017,10931
1964-06-25,0.017,10929
1964-06-24,0.017,10928
1964-06-23,0.017,10926
1964-06-22,0.017,10924
1964-06-19,0.173,10922
1964-06-18,0.017,10903
1964-06-17,0.173,10901
1964-06-16,0.017,10882
1964-06-15,0.017,10881
1964-06-12,0.017,10879
1964-06-11,-0.139,10877
1964-06-10,0.017,10892
1964-06-09,0.017,10890
1964-06-08,0.173,10888
1964-06-05,0.017,10870
1964-06-04,0.017,10868
1964-06-03,0.017,10866
1964-06-02,0.017,10864
1964-06-01,0.017,10862
1964-05-28,0.017,10860
1964-05-27,0.017,10858
1964-05-26,0.017,10857
1964-05-25,0.017,10855
1964-05-22,0.173,10853
1964-05-21,0.017,10834
1964-05-20,-0.139,10832
1964-05-19,0.173,10847
1964-05-18,0.173,10829
1964-05-15,0.017,10810
1964-05-14,0.173,10808
1964-05-13,0.017,10789
1964-05-12,0.173,10788
1964-05-11,0.017,10769
1964-05-08,0.172,10767
1964-05-07,0.017,10749
1964-05-06,0.017,10747
1964-05-05,0.017,10745
1964-05-04,0.172,10743
1964-05-01,0.017,10725
1964-04-30,0.017,10723
1964-04-29,0.017,10721
1964-04-28,0.017,10719
1964-04-27,0.017,10717
1964-04-24,-0.138,10715
1964-04-23,0.017,10730
1964-04-22,0.017,10728
1964-04-21,0.017,10726
1964-04-20,0.017,10725
1964-04-17,0.017,10723
1964-04-16,0.172,10721
1964-04-15,0.017,10703
1964-04-14,0.172,10701
1964-04-13,-0.137,10682
1964-04-10,0.017,10697
1964-04-09,0.017,10695
1964-04-08,0.172,10693
1964-04-07,0.172,10675
1964-04-06,0.017,10657
1964-04-03,-0.292,10655
1964-04-02,0.017,10686
1964-04-01,0.017,10684
1964-03-31,0.172,10682
1964-03-30,0.017,10664
1964-03-26,0.017,10662
1964-03-25,0.017,10660
1964-03-24,-0.137,10658
1964-03-23,0.017,10673
1964-03-20,-0.138,10671
1964-03-19,0.017,10686
1964-03-18,-0.293,10684
1964-03-17,0.017,10715
1964-03-16,0.017,10714
1964-03-13,0.017,10712
1964-03-12,-0.138,10710
1964-03-11,0.017,10725
1964-03-10,-0.139,10723
1964-03-09,0.017,10738
1964-03-06,0.017,10736
1964-03-05,0.017,10734
1964-03-04,0.017,10732
1964-03-03,0.017,10730
1964-03-02,0.017,10729
1964-02-28,0.017,10727
1964-02-27,-0.139,10725
1964-02-26,0.017,10740
1964-02-25,0.017,10738
1964-02-24,-0.139,10736
1964-02-20,0.017,10751
1964-02-19,-0.139,10749
1964-02-18,0.017,10764
1964-02-17,0.017,10763
1964-02-14,0.017,10761
1964-02-13,0.173,10759
1964-02-12,0.017,10740
1964-02-11,0.017,10738
1964-02-10,-0.139,10737
1964-02-07,0.017,10752
1964-02-06,0.173,10750
1964-02-05,0.017,10731
1964-02-04,0.017,10729
1964-02-03,0.173,10728
1964-01-31,0.017,10709
1964-01-30,0.017,10707
1964-01-29,0.017,10705
1964-01-28,0.017,10704
1964-01-27,0.017,10702
1964-01-24,0.017,10700
1964-01-23,-0.139,10698
1964-01-22,0.017,10713
1964-01-21,0.173,10711
1964-01-20,0.017,10693
1964-01-17,0.173,10691
1964-01-16,0.173,10672
1964-01-15,0.017,10654
1964-01-14,0.173,10652
1964-01-13,0.017,10634
1964-01-10,-0.138,10632
1964-01-09,0.017,10647
1964-01-08,-0.294,10645
1964-01-07,0.173,10676
1964-01-06,0.017,10658
1964-01-03,0.017,10656
1964-01-02,0.017,10654
1963-12-31,0.017,10652
1963-12-30,0.173,10651
1963-12-27,0.173,10632
1963-12-26,0.173,10614
1963-12-24,0.017,10596
1963-12-23,0.017,10594
1963-12-20,-0.138,10592
1963-12-19,0.017,10607
1963-12-18,0.017,10605
1963-12-17,-0.138,10603
1963-12-16,-0.139,10618
1963-12-13,0.017,10632
1963-12-12,-0.139,10631
1963-12-11,-0.139,10645
1963-12-10,0.017,10660
1963-12-09,0.017,10658
1963-12-06,0.017,10657
1963-12-05,0.017,10655
1963-12-04,0.017,10653
1963-12-03,0.017,10651
1963-12-02,-0.295,10649
1963-11-29,0.017,10681
1963-11-27,0.017,10679
1963-11-26,0.017,10677
1963-11-22,0.017,10675
1963-11-21,0.017,10674
1963-11-20,0.017,10672
1963-11-19,0.017,10670
1963-11-18,0.017,10668
1963-11-15,0.017,10666
1963-11-14,0.330,10665
1963-11-13,0.017,10630
1963-11-12,0.017,10628
1963-11-11,0.017,10626
1963-11-08,0.173,10624
1963-11-07,0.017,10606
1963-11-06,-0.295,10604
1963-11-04,0.017,10635
1963-11-01,-0.139,10634
1963-10-31,-0.140,10648
1963-10-30,0.017,10663
1963-10-29,-0.140,10661
1963-10-28,0.017,10676
1963-10-25,0.017,10675
1963-10-24,0.017,10673
1963-10-23,0.017,10671
1963-10-22,0.017,10669
1963-10-21,0.017,10667
1963-10-18,0.017,10666
1963-10-17,-0.140,10664
1963-10-16,0.017,10679
1963-10-15,-0.140,10677
1963-10-14,0.017,10692
1963-10-11,0.017,10690
1963-10-10,0.017,10688
1963-10-09,-0.140,10687
1963-10-08,0.017,10702
1963-10-07,-0.141,10700
1963-10-04,-0.141,10715
1963-10-03,0.017,10730
1963-10-02,0.017,10728
1963-10-01,0.017,10726
1963-09-30,0.017,10725
1963-09-27,0.174,10723
1963-09-26,0.017,10704
1963-09-25,0.017,10702
1963-09-24,0.017,10701
1963-09-23,0.017,10699
1963-09-20,0.174,10697
1963-09-19,0.017,10679
1963-09-18,0.017,10677
1963-09-17,0.017,10675
1963-09-16,0.017,10673
1963-09-13,0.017,10671
1963-09-12,0.017,10670
1963-09-11,0.017,10668
1963-09-10,0.174,10666
1963-09-09,-0.140,10648
1963-09-06,0.017,10662
1963-09-05,-0.612,10661
1963-09-04,-0.141,10726
1963-09-03,-0.142,10742
1963-08-30,0.016,10757
1963-08-29,-0.142,10755
1963-08-28,0.016,10770
1963-08-27,0.016,10769
1963-08-26,0.016,10767
1963-08-23,0.016,10765
1963-08-22,0.016,10763
1963-08-21,0.016,10762
1963-08-20,-0.142,10760
1963-08-19,0.175,10775
1963-08-16,0.016,10756
1963-08-15,0.175,10754
1963-08-14,-0.142,10736
1963-08-13,0.016,10751
1963-08-12,0.016,10749
1963-08-09,0.016,10747
1963-08-08,0.016,10746
1963-08-07,0.016,10744
1963-08-06,-0.142,10742
1963-08-05,0.016,10757
1963-08-02,0.175,10756
1963-08-01,0.016,10737
1963-07-31,0.016,10735
1963-07-30,0.016,10733
1963-07-29,0.016,10732
1963-07-26,0.175,10730
1963-07-25,0.016,10711
1963-07-24,0.175,10709
1963-07-23,0.016,10691
1963-07-22,0.016,10689
1963-07-19,0.175,10687
1963-07-18,0.174,10668
1963-07-17,0.017,10650
1963-07-16,0.017,10648
1963-07-15,0.174,10646
1963-07-12,0.017,10628
1963-07-11,0.017,10626
1963-07-10,0.017,10624
1963-07-09,0.017,10623
1963-07-08,-0.141,10621
1963-07-05,-0.141,10636
1963-07-03,0.017,10651
1963-07-02,-0.299,10649
1963-07-01,-0.142,10681
1963-06-28,0.016,10696
1963-06-27,0.016,10694
1963-06-26,0.016,10693
1963-06-25,0.016,10691
1963-06-24,-0.142,10689
1963-06-21,0.016,10704
1963-06-20,0.016,10703
1963-06-19,0.016,10701
1963-06-18,0.016,10699
1963-06-17,0.016,10697
1963-06-14,0.016,10696
1963-06-13,0.016,10694
1963-06-12,-0.142,10692
1963-06-11,0.175,10707
1963-06-10,0.016,10689
1963-06-07,0.175,10687
1963-06-06,0.016,10668
1963-06-05,0.016,10666
1963-06-04,0.175,10665
1963-06-03,-0.142,10646
1963-05-31,0.016,10661
1963-05-29,0.016,10659
1963-05-28,0.016,10658
1963-05-27,0.016,10656
1963-05-24,-0.142,10654
1963-05-23,0.016,10669
1963-05-22,-0.142,10668
1963-05-21,0.175,10683
1963-05-20,-0.142,10664
1963-05-17,-0.142,10679
1963-05-16,0.016,10695
1963-05-15,0.175,10693
1963-05-14,0.175,10674
1963-05-13,0.016,10655
1963-05-10,0.016,10654
1963-05-09,-0.142,10652
1963-05-08,0.016,10667
1963-05-07,0.175,10665
1963-05-06,0.175,10647
1963-05-03,0.016,10628
1963-05-02,0.016,10626
1963-05-01,0.175,10625
1963-04-30,0.016,10606
1963-04-29,0.016,10604
1963-04-26,0.016,10603
1963-04-25,0.016,10601
1963-04-24,0.016,10599
1963-04-23,0.016,10597
1963-04-22,0.016,10596
1963-04-19,0.175,10594
1963-04-18,0.175,10575
1963-04-17,-0.141,10557
1963-04-16,0.016,10572
1963-04-15,-0.142,10570
1963-04-11,0.016,10585
1963-04-10,-0.300,10583
1963-04-09,0.016,10615
1963-04-08,-0.301,10614
1963-04-05,0.016,10646
1963-04-04,0.175,10644
1963-04-03,0.016,10625
1963-04-02,-0.142,10624
1963-04-01,0.016,10639
1963-03-29,0.016,10637
1963-03-28,0.016,10635
1963-03-27,0.016,10633
1963-03-26,0.016,10632
1963-03-25,-0.143,10630
1963-03-22,0.016,10645
1963-03-21,-0.143,10643
1963-03-20,0.176,10659
1963-03-19,-0.143,10640
1963-03-18,0.016,10655
1963-03-15,0.016,10654
1963-03-14,0.016,10652
1963-03-13,-0.143,10650
1963-03-12,0.016,10665
1963-03-11,0.016,10664
1963-03-08,-0.143,10662
1963-03-07,0.016,10677
1963-03-06,0.016,10675
1963-03-05,0.176,10674
1963-03-04,0.016,10655
1963-03-01,0.016,10653
1963-02-28,0.176,10652
1963-02-27,0.016,10633
1963-02-26,0.016,10631
1963-02-25,-0.143,10629
1963-02-21,-0.143,10645
1963-02-20,0.016,10660
1963-02-19,0.016,10658
1963-02-18,0.016,10657
1963-02-15,0.176,10655
1963-02-14,0.016,10636
1963-02-13,-0.143,10634
1963-02-12,0.016,10650
1963-02-11,0.016,10648
1963-02-08,0.176,10646
1963-02-07,0.016,10628
1963-02-06,0.016,10626
1963-02-05,0.016,10624
1963-02-04,-0.143,10622
1963-02-01,0.016,10638
1963-01-31,-0.144,10636
1963-01-30,0.176,10651
1963-01-29,0.016,10632
1963-01-28,-0.144,10631
1963-01-25,0.176,10646
1963-01-24,0.016,10627
1963-01-23,0.016,10626
1963-01-22,-0.144,10624
1963-01-21,-0.144,10639
1963-01-18,-0.144,10655
1963-01-17,-0.304,10670
1963-01-16,0.016,10702
1963-01-15,0.016,10701
1963-01-14,0.016,10699
1963-01-11,0.176,10697
1963-01-10,0.176,10678
1963-01-09,0.016,10660
1963-01-08,-0.144,10658
1963-01-07,0.176,10673
1963-01-04,-0.304,10655
1963-01-03,0.016,10687
1963-01-02,0.176,10685
1962-12-31,-0.144,10667
1962-12-28,-0.145,10682
1962-12-27,-0.145,10697
1962-12-26,0.016,10713
1962-12-24,0.177,10711
1962-12-21,0.016,10692
1962-12-20,0.016,10691
1962-12-19,0.016,10689
1962-12-18,0.177,10687
1962-12-17,0.176,10668
1962-12-14,0.016,10650
1962-12-13,0.016,10648
1962-12-12,0.176,10646
1962-12-11,0.176,10628
1962-12-10,0.176,10609
1962-12-07,0.016,10590
1962-12-06,0.176,10588
1962-12-05,0.016,10570
1962-12-04,-0.144,10568
1962-12-03,-0.144,10583
1962-11-30,0.016,10599
1962-11-29,0.016,10597
1962-11-28,0.016,10595
1962-11-27,0.016,10594
1962-11-26,0.016,10592
1962-11-23,0.016,10590
1962-11-21,0.016,10588
1962-11-20,0.176,10587
1962-11-19,-0.144,10568
1962-11-16,-0.144,10583
1962-11-15,0.016,10599
1962-11-14,-0.144,10597
1962-11-13,-0.144,10612
1962-11-12,0.016,10628
1962-11-09,0.176,10626
1962-11-08,0.176,10607
1962-11-07,0.016,10588
1962-11-05,0.176,10587
1962-11-02,0.016,10568
1962-11-01,0.016,10566
1962-10-31,0.016,10565
1962-10-30,0.016,10563
1962-10-29,0.016,10561
1962-10-26,0.176,10560
1962-10-25,-0.144,10541
1962-10-24,0.016,10556
1962-10-23,-0.144,10555
1962-10-22,-0.465,10570
1962-10-19,0.659,10619
1962-10-18,0.176,10550
1962-10-17,-0.144,10531
1962-10-16,0.016,10546
1962-10-15,0.016,10545
1962-10-12,0.016,10543
1962-10-11,0.016,10541
1962-10-10,0.176,10539
1962-10-09,0.016,10521
1962-10-08,0.016,10519
1962-10-05,-0.144,10518
1962-10-04,0.016,10533
1962-10-03,0.176,10531
1962-10-02,0.176,10512
1962-10-01,0.176,10494
1962-09-28,0.176,10476
1962-09-27,0.176,10457
1962-09-26,0.016,10439
1962-09-25,0.016,10437
1962-09-24,0.175,10436
1962-09-21,0.016,10417
1962-09-20,0.016,10416
1962-09-19,0.016,10414
1962-09-18,0.016,10412
1962-09-17,0.016,10410
1962-09-14,0.016,10409
1962-09-13,0.016,10407
1962-09-12,0.175,10405
1962-09-11,0.016,10387
1962-09-10,0.016,10385
1962-09-07,-0.142,10384
1962-09-06,0.016,10399
1962-09-05,-0.143,10397
1962-09-04,0.016,10412
1962-08-31,0.016,10410
1962-08-30,-0.143,10408
1962-08-29,0.016,10423
1962-08-28,0.016,10422
1962-08-27,-0.143,10420
1962-08-24,0.016,10435
1962-08-23,0.016,10433
1962-08-22,0.016,10431
1962-08-21,0.176,10430
1962-08-20,0.176,10411
1962-08-17,0.016,10393
1962-08-16,0.335,10392
1962-08-15,0.016,10357
1962-08-14,0.334,10355
1962-08-13,0.016,10321
1962-08-10,0.016,10319
1962-08-09,0.175,10317
1962-08-08,0.016,10299
1962-08-07,0.016,10298
1962-08-06,0.016,10296
1962-08-03,-0.142,10294
1962-08-02,0.492,10309
1962-08-01,0.017,10258
1962-07-31,0.017,10257
1962-07-30,-0.141,10255
1962-07-27,-0.142,10270
1962-07-26,0.175,10284
1962-07-25,0.016,10266
1962-07-24,0.016,10264
1962-07-23,0.016,10263
1962-07-20,0.175,10261
1962-07-19,0.017,10243
1962-07-18,0.017,10241
1962-07-17,0.017,10240
1962-07-16,-0.141,10238
1962-07-13,0.016,10253
1962-07-12,0.175,10251
1962-07-11,0.017,10233
1962-07-10,0.174,10231
1962-07-09,-0.299,10214
1962-07-06,-0.458,10244
1962-07-05,0.016,10291
1962-07-03,0.016,10290
1962-07-02,0.016,10288
1962-06-29,-0.142,10286
1962-06-28,-0.142,10301
1962-06-27,0.175,10316
1962-06-26,-0.142,10298
1962-06-25,-0.620,10312
1962-06-22,0.016,10377
1962-06-21,0.176,10375
1962-06-20,0.016,10357
1962-06-19,-0.303,10355
1962-06-18,-0.144,10386
1962-06-15,0.016,10401
1962-06-14,-0.304,10400
1962-06-13,-0.144,10431
1962-06-12,0.176,10447
1962-06-11,0.016,10428
1962-06-08,0.176,10426
1962-06-07,0.016,10408
1962-06-06,0.176,10406
1962-06-05,-0.144,10388
1962-06-04,0.016,10403
1962-06-01,0.176,10401
1962-05-31,0.016,10383
1962-05-29,-0.304,10381
1962-05-28,0.176,10413
1962-05-25,0.176,10395
1962-05-24,0.176,10377
1962-05-23,0.016,10358
1962-05-22,0.176,10357
1962-05-21,-0.303,10338
1962-05-18,-0.464,10370
1962-05-17,0.016,10418
1962-05-16,-0.145,10417
1962-05-15,-0.145,10432
1962-05-14,-0.145,10447
1962-05-11,0.016,10462
1962-05-10,0.177,10460
1962-05-09,0.177,10442
1962-05-08,0.016,10423
1962-05-07,0.016,10422
1962-05-04,0.016,10420
1962-05-03,0.177,10418
1962-05-02,0.016,10400
1962-05-01,0.016,10398
1962-04-30,0.016,10397
1962-04-27,0.498,10395
1962-04-26,0.016,10344
1962-04-25,0.016,10342
1962-04-24,-0.144,10340
1962-04-23,-0.304,10355
1962-04-19,-0.145,10387
1962-04-18,0.337,10402
1962-04-17,0.016,10367
1962-04-16,0.016,10365
1962-04-13,0.176,10364
1962-04-12,0.176,10345
1962-04-11,-0.304,10327
1962-04-10,0.016,10359
1962-04-09,0.016,10357
1962-04-06,0.337,10355
1962-04-05,-0.464,10321
1962-04-04,0.658,10369
1962-04-03,0.336,10301
1962-04-02,0.176,10266
1962-03-30,0.176,10248
1962-03-29,0.175,10230
1962-03-28,0.016,10213
1962-03-27,0.175,10211
1962-03-26,-0.301,10193
1962-03-23,-0.302,10224
1962-03-22,0.654,10255
1962-03-21,0.175,10188
1962-03-20,0.334,10170
1962-03-19,0.175,10136
1962-03-16,0.175,10119
1962-03-15,-0.299,10101
1962-03-14,0.016,10131
1962-03-13,0.333,10130
1962-03-12,0.174,10096
1962-03-09,0.174,10079
1962-03-08,0.174,10061
1962-03-07,0.174,10044
1962-03-06,0.017,10026
1962-03-05,-0.141,10024
1962-03-02,0.017,10039
1962-03-01,0.174,10037
1962-02-28,0.331,10019
1962-02-27,-0.140,9986
1962-02-26,0.174,10000
1962-02-23,0.174,9983
1962-02-21,0.330,9966
1962-02-20,-0.609,9933
1962-02-19,0.174,9994
1962-02-16,-0.297,9976
1962-02-15,-0.141,10006
1962-02-14,0.174,10020
1962-02-13,0.174,10003
1962-02-12,0.017,9985
1962-02-09,0.174,9984
1962-02-08,0.174,9966
1962-02-07,0.017,9949
1962-02-06,-0.140,9947
1962-02-05,0.174,9961
1962-02-02,0.017,9944
1962-02-01,0.017,9942
1962-01-31,0.017,9941
1962-01-30,0.017,9939
1962-01-29,-0.140,9937
1962-01-26,0.017,9951
1962-01-25,-0.297,9950
1962-01-24,0.017,9979
1962-01-23,-0.141,9978
1962-01-22,0.174,9992
1962-01-19,0.017,9974
1962-01-18,0.017,9973
1962-01-17,0.174,9971
1962-01-16,-0.140,9954
1962-01-15,-0.141,9968
1962-01-12,-0.141,9982
1962-01-11,0.174,9996
1962-01-10,-0.141,9978
1962-01-09,0.017,9993
1962-01-08,-0.141,9991
1962-01-05,-0.141,10005
1962-01-04,0.174,10019
1962-01-03,0.017,10002