date,return_pct,balance
2026-05-08,0.762,1994555
2026-05-07,-0.754,1979463
2026-05-06,1.826,1994493
2026-05-05,0.751,1958723
2026-05-04,-0.611,1944128
2026-05-01,0.106,1956076
2026-04-30,1.381,1954007
2026-04-29,-0.289,1927382
2026-04-28,-0.523,1932968
2026-04-27,0.091,1943127
2026-04-24,0.747,1941356
2026-04-23,-0.565,1926958
2026-04-22,0.848,1937913
2026-04-21,-1.142,1921626
2026-04-20,-0.144,1943816
2026-04-17,1.245,1946619
2026-04-16,0.025,1922676
2026-04-15,0.692,1922197
2026-04-14,1.057,1908991
2026-04-13,0.854,1889024
2026-04-10,0.010,1873034
2026-04-09,0.372,1872853
2026-04-08,2.843,1865911
2026-04-07,-0.028,1814323
2026-04-06,0.439,1814838
2026-04-02,-0.050,1806900
2026-04-01,0.993,1807812
2026-03-31,2.903,1790030
2026-03-30,-0.275,1739533
2026-03-27,-1.473,1744323
2026-03-26,-1.739,1770393
2026-03-25,0.744,1801733
2026-03-24,-0.383,1788425
2026-03-23,1.426,1795304
2026-03-20,-1.854,1770062
2026-03-19,-0.227,1803492
2026-03-18,-1.475,1807587
2026-03-17,0.244,1834653
2026-03-16,1.259,1830195
2026-03-13,-0.765,1807439
2026-03-12,-1.544,1821379
2026-03-11,-0.183,1849939
2026-03-10,-0.049,1853338
2026-03-09,0.794,1854250
2026-03-06,-1.129,1839649
2026-03-05,-0.917,1860651
2026-03-04,0.859,1877874
2026-03-03,-1.563,1861880
2026-03-02,-0.347,1891436
2026-02-27,-0.439,1898018
2026-02-26,-0.360,1906390
2026-02-25,0.838,1913271
2026-02-24,0.669,1897376
2026-02-23,-0.885,1884762
2026-02-20,0.684,1901589
2026-02-19,-0.274,1888677
2026-02-18,0.500,1893867
2026-02-17,0.031,1884436
2026-02-13,0.200,1883858
2026-02-12,-1.466,1880096
2026-02-11,0.119,1908064
2026-02-10,-0.126,1905794
2026-02-09,0.840,1908200
2026-02-06,2.026,1892303
2026-02-05,-1.334,1854721
2026-02-04,-0.244,1879805
2026-02-03,-0.641,1884399
2026-02-02,0.542,1896553
2026-01-30,-0.614,1886325
2026-01-29,0.004,1897982
2026-01-28,-0.262,1897900
2026-01-27,0.726,1902892
2026-01-26,0.555,1889182
2026-01-23,0.158,1878755
2026-01-22,0.479,1875788
2026-01-21,1.087,1866853
2026-01-20,-1.888,1846775
2026-01-16,-0.022,1882308
2026-01-15,0.168,1882724
2026-01-14,-0.318,1879559
2026-01-13,-0.275,1885546
2026-01-12,0.273,1890737
2026-01-09,0.684,1885582
2026-01-08,0.010,1872765
2026-01-07,-0.403,1872584
2026-01-06,0.515,1880163
2026-01-05,0.803,1870531
2026-01-02,0.397,1855624
2025-12-31,-0.664,1848280
2025-12-30,-0.049,1860635
2025-12-29,-0.379,1861548
2025-12-26,0.047,1868630
2025-12-24,0.271,1867752
2025-12-23,0.493,1862695
2025-12-22,0.598,1853559
2025-12-19,0.821,1842532
2025-12-18,0.756,1827525
2025-12-17,-1.032,1813811
2025-12-16,-0.310,1832734
2025-12-15,0.090,1838425
2025-12-12,-0.938,1836765
2025-12-11,0.384,1854154
2025-12-10,0.672,1847065
2025-12-09,-0.017,1834745
2025-12-08,-0.360,1835058
2025-12-05,0.176,1841689
2025-12-04,0.101,1838449
2025-12-03,0.420,1836591
2025-12-02,0.243,1828909
2025-12-01,-0.448,1824485
2025-11-28,0.502,1832695
2025-11-26,0.823,1823532
2025-11-25,1.136,1808644
2025-11-24,1.104,1788325
2025-11-21,1.059,1768796
2025-11-20,-1.534,1750254
2025-11-19,0.160,1777517
2025-11-18,-0.834,1774671
2025-11-17,-1.044,1789595
2025-11-14,-0.023,1808468
2025-11-13,-1.617,1808880
2025-11-12,0.257,1838613
2025-11-11,0.318,1833892
2025-11-10,1.429,1828085
2025-11-07,0.213,1802334
2025-11-06,-0.947,1798501
2025-11-05,0.452,1815697
2025-11-04,-1.231,1807520
2025-11-03,0.177,1830047
2025-10-31,0.205,1826807
2025-10-30,-0.839,1823072
2025-10-29,-0.231,1838492
2025-10-28,0.203,1842755
2025-10-27,1.068,1839021
2025-10-24,0.616,1819587
2025-10-23,0.642,1808447
2025-10-22,-0.477,1796912
2025-10-21,-0.208,1805520
2025-10-20,0.880,1809289
2025-10-17,0.419,1793508
2025-10-16,-0.348,1786020
2025-10-15,0.408,1792258
2025-10-14,0.065,1784968
2025-10-13,1.374,1783800
2025-10-10,-2.448,1759625
2025-10-09,-0.464,1803781
2025-10-08,0.492,1812192
2025-10-07,-0.540,1803322
2025-10-06,0.327,1813115
2025-10-03,0.202,1807207
2025-10-02,0.153,1803571
2025-10-01,0.440,1800823
2025-09-30,0.347,1792940
2025-09-29,0.348,1786735
2025-09-26,0.534,1780531
2025-09-25,-0.456,1771067
2025-09-24,-0.449,1779182
2025-09-23,-0.408,1787198
2025-09-22,0.369,1794524
2025-09-19,0.298,1787924
2025-09-18,0.523,1782608
2025-09-17,-0.251,1773341
2025-09-16,-0.095,1777802
2025-09-15,0.518,1779498
2025-09-12,-0.124,1770330
2025-09-11,0.904,1772520
2025-09-10,0.168,1756635
2025-09-09,0.168,1753689
2025-09-08,0.469,1750743
2025-09-05,-0.131,1742562
2025-09-04,0.832,1744850
2025-09-03,0.371,1730446
2025-09-02,-0.757,1724042
2025-08-29,-0.589,1737196
2025-08-28,0.402,1747485
2025-08-27,0.153,1740488
2025-08-26,0.255,1737838
2025-08-25,-0.607,1733409
2025-08-22,1.494,1743995
2025-08-21,-0.407,1718329
2025-08-20,-0.070,1725359
2025-08-19,-0.417,1726561
2025-08-18,-0.115,1733788
2025-08-15,0.067,1735780
2025-08-14,-0.098,1734612
2025-08-13,0.370,1736307
2025-08-12,1.166,1729903
2025-08-11,-0.306,1709965
2025-08-08,0.742,1715217
2025-08-07,0.092,1702588
2025-08-06,0.789,1701024
2025-08-05,-0.339,1687703
2025-08-04,1.455,1693449
2025-08-01,-1.252,1669163
2025-07-31,-0.605,1690320
2025-07-30,-0.285,1700611
2025-07-29,-0.215,1705468
2025-07-28,-0.433,1709140
2025-07-25,0.230,1716566
2025-07-24,-0.082,1712630
2025-07-23,1.148,1714030
2025-07-22,0.174,1694583
2025-07-21,0.239,1691635
2025-07-18,-0.083,1687600
2025-07-17,0.558,1688999
2025-07-16,0.312,1679629
2025-07-15,-0.582,1674409
2025-07-14,0.205,1684206
2025-07-11,-0.539,1680764
2025-07-10,0.192,1689870
2025-07-09,0.671,1686626
2025-07-08,0.052,1675378
2025-07-07,-0.820,1674504
2025-07-03,0.588,1688354
2025-07-02,0.425,1678489
2025-07-01,-0.137,1671390
2025-06-30,0.468,1673679
2025-06-27,0.530,1665888
2025-06-26,0.950,1657110
2025-06-25,-0.175,1641513
2025-06-24,1.166,1644394
2025-06-23,0.901,1625437
2025-06-20,-0.404,1610926
2025-06-18,0.023,1617463
2025-06-17,-0.921,1617083
2025-06-16,0.860,1632119
2025-06-13,-1.181,1618195
2025-06-12,0.480,1637531
2025-06-11,-0.229,1629701
2025-06-10,0.373,1633443
2025-06-09,0.047,1627378
2025-06-06,0.857,1626609
2025-06-05,-0.413,1612795
2025-06-04,0.120,1619480
2025-06-03,0.285,1617534
2025-06-02,0.697,1612939
2025-05-30,-0.025,1601773
2025-05-29,0.355,1602181
2025-05-28,-0.648,1596507
2025-05-27,1.782,1606920
2025-05-23,-0.329,1578784
2025-05-22,-0.075,1583998
2025-05-21,-1.314,1585190
2025-05-20,-0.105,1606294
2025-05-19,0.256,1607977
2025-05-16,0.614,1603872
2025-05-15,0.550,1594079
2025-05-14,-0.001,1585363
2025-05-13,0.615,1585379
2025-05-12,2.455,1575682
2025-05-09,0.101,1537930
2025-05-08,0.377,1536376
2025-05-07,0.205,1530602
2025-05-06,-0.588,1527478
2025-05-05,-0.370,1536518
2025-05-02,1.569,1542222
2025-05-01,0.323,1518398
2025-04-30,0.064,1513507
2025-04-29,0.475,1512541
2025-04-28,0.260,1505394
2025-04-25,0.624,1501484
2025-04-24,1.929,1492178
2025-04-23,1.248,1463937
2025-04-22,2.360,1445899
2025-04-21,-1.835,1412556
2025-04-17,0.430,1438961
2025-04-16,-1.624,1432794
2025-04-15,0.120,1456452
2025-04-14,0.918,1454700
2025-04-11,1.956,1441469
2025-04-10,-2.951,1413814
2025-04-09,8.935,1456802
2025-04-08,-1.240,1337311
2025-04-07,-0.891,1354101
2025-04-04,-6.091,1366281
2025-04-03,-4.108,1454896
2025-04-02,0.670,1517216
2025-04-01,0.273,1507124
2025-03-31,0.195,1503017
2025-03-28,-1.736,1500087
2025-03-27,-0.257,1526595
2025-03-26,-1.142,1530535
2025-03-25,0.228,1548212
2025-03-24,1.410,1544694
2025-03-21,-0.065,1523219
2025-03-20,-0.386,1524215
2025-03-19,0.905,1530117
2025-03-18,-0.861,1516393
2025-03-17,0.912,1529557
2025-03-14,2.128,1515735
2025-03-13,-1.280,1484151
2025-03-12,0.504,1503399
2025-03-11,-0.594,1495857
2025-03-10,-2.729,1504802
2025-03-07,0.734,1547015
2025-03-06,-1.728,1535744
2025-03-05,1.452,1562747
2025-03-04,-0.841,1540386
2025-03-03,-1.070,1553453
2025-02-28,1.226,1570250
2025-02-27,-1.527,1551225
2025-02-26,0.061,1575285
2025-02-25,-0.138,1574319
2025-02-24,-0.404,1576493
2025-02-21,-1.485,1582888
2025-02-20,-0.196,1606752
2025-02-19,-0.038,1609908
2025-02-18,0.323,1610513
2025-02-14,0.005,1605326
2025-02-13,1.062,1605243
2025-02-12,-0.087,1588376
2025-02-11,0.178,1589766
2025-02-10,0.672,1586934
2025-02-07,-0.902,1576349
2025-02-06,0.315,1590694
2025-02-05,0.566,1585704
2025-02-04,0.796,1576786
2025-02-03,-0.804,1564335
2025-01-31,-0.552,1577013
2025-01-30,0.710,1585764
2025-01-29,-0.324,1574589
2025-01-28,0.593,1579708
2025-01-27,-1.089,1570398
2025-01-24,-0.081,1587690
2025-01-23,0.608,1588981
2025-01-22,0.386,1579376
2025-01-21,1.180,1573304
2025-01-17,0.801,1554962
2025-01-16,0.018,1542608
2025-01-15,1.734,1542328
2025-01-14,0.129,1516033
2025-01-13,-0.014,1514084
2025-01-10,-1.395,1514294
2025-01-08,0.012,1535711
2025-01-07,-0.857,1535529
2025-01-06,0.496,1548797
2025-01-03,1.146,1541154
2025-01-02,-0.194,1523693
2024-12-31,-0.398,1526653
2024-12-30,-0.940,1532755
2024-12-27,-0.919,1547300
2024-12-26,0.182,1561649
2024-12-24,0.869,1558817
2024-12-23,0.664,1545381
2024-12-20,0.772,1535184
2024-12-19,-0.143,1523417
2024-12-18,-2.888,1525591
2024-12-17,-0.370,1570968
2024-12-16,0.216,1576810
2024-12-13,-0.119,1573412
2024-12-12,-0.647,1575280
2024-12-11,0.780,1585534
2024-12-10,-0.427,1573262
2024-12-09,-0.572,1580006
2024-12-06,0.171,1589090
2024-12-05,0.005,1586375
2024-12-04,0.580,1586292
2024-12-03,0.104,1577140
2024-12-02,0.253,1575497
2024-11-29,0.806,1571514
2024-11-27,-0.126,1558948
2024-11-26,0.181,1560913
2024-11-25,0.313,1558100
2024-11-22,0.434,1553238
2024-11-21,0.512,1546523
2024-11-20,-0.058,1538638
2024-11-19,0.291,1539530
2024-11-18,0.465,1535058
2024-11-15,-1.043,1527953
2024-11-14,-0.416,1544061
2024-11-13,-0.133,1550513
2024-11-12,-0.669,1552576
2024-11-11,0.230,1563027
2024-11-08,-0.020,1559433
2024-11-07,0.978,1559741
2024-11-06,1.538,1544637
2024-11-05,1.180,1521242
2024-11-04,-0.137,1503503
2024-11-01,0.402,1505566
2024-10-31,-1.626,1499533
2024-10-30,-0.364,1524323
2024-10-29,-0.001,1529898
2024-10-28,0.441,1529913
2024-10-25,-0.161,1523196
2024-10-24,0.326,1525650
2024-10-23,-0.998,1520689
2024-10-22,-0.159,1536019
2024-10-21,-0.437,1538473
2024-10-18,0.443,1545218
2024-10-17,0.056,1538404
2024-10-16,0.407,1537541
2024-10-15,-0.991,1531312
2024-10-14,0.634,1546643
2024-10-11,0.574,1536902
2024-10-10,-0.167,1528136
2024-10-09,0.531,1530687
2024-10-08,0.689,1522605
2024-10-07,-0.858,1512180
2024-10-04,0.838,1525268
2024-10-03,-0.380,1512599
2024-10-02,0.012,1518370
2024-10-01,-0.829,1518189
2024-09-30,0.184,1530887
2024-09-27,-0.306,1528072
2024-09-26,0.911,1532770
2024-09-25,-0.251,1518930
2024-09-24,0.314,1522750
2024-09-23,0.302,1517983
2024-09-20,-0.354,1513412
2024-09-19,1.731,1518793
2024-09-18,-0.268,1492950
2024-09-17,-0.164,1496965
2024-09-16,0.345,1499419
2024-09-13,0.511,1494261
2024-09-12,0.760,1486665
2024-09-11,0.981,1475457
2024-09-10,0.274,1461127
2024-09-09,1.068,1457141
2024-09-06,-1.626,1441737
2024-09-05,-0.353,1465560
2024-09-04,-0.193,1470746
2024-09-03,-2.057,1473590
2024-08-30,0.797,1504538
2024-08-29,0.064,1492647
2024-08-28,-0.476,1491686
2024-08-27,0.149,1498824
2024-08-26,-0.287,1496593
2024-08-23,1.524,1500901
2024-08-22,-0.904,1478373
2024-08-21,0.571,1491854
2024-08-20,-0.145,1483378
2024-08-19,1.001,1485539
2024-08-16,0.412,1470817
2024-08-15,1.500,1464780
2024-08-14,0.304,1443128
2024-08-13,1.738,1438749
2024-08-12,-0.091,1414169
2024-08-09,0.589,1415451
2024-08-08,2.124,1407169
2024-08-07,-0.410,1377902
2024-08-06,0.767,1383576
2024-08-05,-2.725,1373048
2024-08-02,-1.827,1411517
2024-08-01,-1.775,1437785
2024-07-31,1.563,1463762
2024-07-30,-0.285,1441229
2024-07-29,-0.035,1445342
2024-07-26,1.112,1445844
2024-07-25,-0.497,1429948
2024-07-24,-2.037,1437087
2024-07-23,-0.319,1466969
2024-07-22,1.065,1471668
2024-07-19,-0.706,1456162
2024-07-18,-0.898,1466523
2024-07-17,-1.110,1479812
2024-07-16,0.583,1496421
2024-07-15,0.006,1487748
2024-07-12,0.746,1487664
2024-07-11,-0.494,1476647
2024-07-10,1.056,1483983
2024-07-09,0.059,1468476
2024-07-08,-0.107,1467611
2024-07-05,0.607,1469187
2024-07-03,0.679,1460317
2024-07-02,0.520,1450471
2024-07-01,0.216,1442968
2024-06-28,-0.170,1439858
2024-06-27,0.026,1442312
2024-06-26,-0.055,1441935
2024-06-25,0.345,1442730
2024-06-24,0.026,1437765
2024-06-21,-0.333,1437388
2024-06-20,-0.163,1442185
2024-06-18,0.331,1444542
2024-06-17,0.606,1439772
2024-06-14,-0.293,1431096
2024-06-13,-0.218,1435308
2024-06-12,0.931,1438446
2024-06-11,-0.137,1425182
2024-06-10,0.223,1427139
2024-06-07,-0.421,1423956
2024-06-06,0.060,1429974
2024-06-05,1.047,1429116
2024-06-04,-0.021,1414312
2024-06-03,0.239,1414616
2024-05-31,0.746,1411239
2024-05-30,-0.132,1400793
2024-05-29,-1.040,1402646
2024-05-28,0.020,1417382
2024-05-24,0.694,1417105
2024-05-23,-0.691,1407335
2024-05-22,-0.484,1417132
2024-05-21,0.163,1424022
2024-05-20,0.033,1421711
2024-05-17,0.197,1421240
2024-05-16,-0.246,1418445
2024-05-15,1.143,1421945
2024-05-14,0.588,1405879
2024-05-13,-0.063,1397659
2024-05-10,0.166,1398544
2024-05-09,0.578,1396233
2024-05-08,-0.008,1388206
2024-05-07,0.104,1388316
2024-05-06,0.979,1386876
2024-05-03,1.213,1373424
2024-05-02,1.067,1356969
2024-05-01,-0.411,1342645
2024-04-30,-1.460,1348180
2024-04-29,0.304,1368149
2024-04-26,0.967,1363996
2024-04-25,-0.358,1350931
2024-04-24,-0.079,1355787
2024-04-23,1.118,1356866
2024-04-22,0.873,1341863
2024-04-19,-0.580,1330250
2024-04-18,-0.297,1338013
2024-04-17,-0.332,1341998
2024-04-16,-0.409,1346467
2024-04-15,-1.022,1352002
2024-04-12,-1.558,1365967
2024-04-11,0.688,1387585
2024-04-10,-1.106,1378104
2024-04-09,0.076,1393522
2024-04-08,0.110,1392469
2024-04-05,0.885,1390932
2024-04-04,-1.133,1378737
2024-04-03,0.299,1394544
2024-04-02,-0.693,1390391
2024-04-01,-0.284,1400093
2024-03-28,-0.001,1404079
2024-03-27,0.764,1404093
2024-03-26,-0.133,1393448
2024-03-25,-0.278,1395302
2024-03-22,-0.188,1399191
2024-03-21,0.318,1401821
2024-03-20,0.937,1397377
2024-03-19,0.491,1384405
2024-03-18,0.302,1377635
2024-03-15,-0.464,1373482
2024-03-14,-0.441,1379890
2024-03-13,-0.092,1386008
2024-03-12,1.051,1387281
2024-03-11,-0.290,1372856
2024-03-08,-0.533,1376842
2024-03-07,1.075,1384220
2024-03-06,0.748,1369503
2024-03-05,-0.779,1359341
2024-03-04,-0.121,1370014
2024-03-01,0.897,1371674
2024-02-29,0.407,1359476
2024-02-28,-0.315,1353965
2024-02-27,0.257,1358242
2024-02-26,-0.386,1354766
2024-02-23,0.106,1360013
2024-02-22,1.800,1358572
2024-02-21,0.064,1334549
2024-02-20,-0.312,1333690
2024-02-16,-0.369,1337870
2024-02-15,0.851,1342826
2024-02-14,1.066,1331499
2024-02-13,-1.501,1317457
2024-02-12,0.072,1337533
2024-02-09,0.487,1336577
2024-02-08,0.057,1330095
2024-02-07,0.571,1329333
2024-02-06,0.389,1321785
2024-02-05,-0.448,1316660
2024-02-02,0.515,1322586
2024-02-01,1.154,1315813
2024-01-31,-1.317,1300801
2024-01-30,-0.089,1318164
2024-01-29,0.769,1319340
2024-01-26,0.088,1309272
2024-01-25,0.393,1308121
2024-01-24,0.230,1302996
2024-01-23,0.126,1300003
2024-01-22,0.231,1298368
2024-01-19,1.043,1295375
2024-01-18,0.838,1282010
2024-01-17,-0.652,1271358
2024-01-16,-0.693,1279707
2024-01-12,0.082,1288638
2024-01-11,-0.008,1287584
2024-01-10,0.582,1287693
2024-01-09,-0.401,1280241
2024-01-08,1.321,1285391
2024-01-05,0.121,1268632
2024-01-04,-0.116,1267093
2024-01-03,-0.805,1268559
2024-01-02,-0.835,1278848
2023-12-29,-0.196,1289621
2023-12-28,-0.061,1292154
2023-12-27,0.285,1292942
2023-12-26,0.414,1289270
2023-12-22,0.203,1283950
2023-12-21,1.170,1281345
2023-12-20,-1.320,1266523
2023-12-19,0.693,1283464
2023-12-18,0.461,1274630
2023-12-15,-0.311,1268776
2023-12-14,0.523,1272731
2023-12-13,1.479,1266108
2023-12-12,0.262,1247657
2023-12-11,0.379,1244400
2023-12-08,0.357,1239700
2023-12-07,0.720,1235288
2023-12-06,-0.236,1226453
2023-12-05,-0.157,1229349
2023-12-04,-0.560,1231284
2023-12-01,0.766,1238220
2023-11-30,0.274,1228807
2023-11-29,0.015,1225453
2023-11-28,0.078,1225273
2023-11-27,-0.166,1224323
2023-11-24,0.227,1226354
2023-11-22,0.338,1223577
2023-11-21,-0.213,1219453
2023-11-20,0.609,1222061
2023-11-17,0.508,1214667
2023-11-16,-0.001,1208524
2023-11-15,0.158,1208535
2023-11-14,2.099,1206623
2023-11-13,0.032,1181821
2023-11-10,1.260,1181447
2023-11-09,-0.583,1166743
2023-11-08,0.024,1173583
2023-11-07,0.081,1173306
2023-11-06,-0.034,1172355
2023-11-03,1.001,1172751
2023-11-02,2.027,1161124
2023-11-01,1.032,1138051
2023-10-31,0.583,1126423
2023-10-30,1.234,1119893
2023-10-27,-0.494,1106245
2023-10-26,-1.020,1111738
2023-10-25,-1.294,1123195
2023-10-24,0.680,1137923
2023-10-23,-0.128,1130239
2023-10-20,-1.119,1131692
2023-10-19,-0.901,1144497
2023-10-18,-1.462,1154897
2023-10-17,-0.009,1172030
2023-10-16,0.969,1172138
2023-10-13,-0.578,1160894
2023-10-12,-0.769,1167639
2023-10-11,0.442,1176693
2023-10-10,0.819,1171509
2023-10-09,0.448,1161996
2023-10-06,1.151,1156813
2023-10-05,0.210,1143644
2023-10-04,0.584,1141250
2023-10-03,-1.315,1134622
2023-10-02,-0.550,1149737
2023-09-29,-0.291,1156098
2023-09-28,0.785,1159476
2023-09-27,-0.076,1150444
2023-09-26,-1.418,1151321
2023-09-25,0.181,1167880
2023-09-22,-0.158,1165774
2023-09-21,-1.678,1167613
2023-09-20,-0.733,1187540
2023-09-19,-0.146,1196307
2023-09-18,-0.081,1198050
2023-09-15,-0.876,1199024
2023-09-14,0.963,1209619
2023-09-13,0.031,1198085
2023-09-12,-0.489,1197711
2023-09-11,0.781,1203592
2023-09-08,0.023,1194270
2023-09-07,-0.290,1193993
2023-09-06,-0.608,1197468
2023-09-05,-0.557,1204792
2023-09-01,0.166,1211540
2023-08-31,-0.152,1209530
2023-08-30,0.390,1211370
2023-08-29,1.423,1206667
2023-08-28,0.765,1189742
2023-08-25,0.680,1180708
2023-08-24,-1.329,1172732
2023-08-23,1.063,1188525
2023-08-22,-0.295,1176026
2023-08-21,0.615,1179502
2023-08-18,-0.026,1172296
2023-08-17,-0.694,1172596
2023-08-16,-0.793,1180787
2023-08-15,-1.191,1190229
2023-08-14,0.239,1204580
2023-08-11,-0.241,1201704
2023-08-10,0.127,1204603
2023-08-09,-0.510,1203074
2023-08-08,-0.508,1209245
2023-08-07,0.854,1215416
2023-08-04,-0.240,1205130
2023-08-03,-0.303,1208028
2023-08-02,-1.572,1211697
2023-08-01,-0.491,1231054
2023-07-31,0.077,1237129
2023-07-28,0.958,1236178
2023-07-27,-0.618,1224448
2023-07-26,0.069,1232063
2023-07-25,0.258,1231209
2023-07-24,0.148,1228044
2023-07-21,0.054,1226227
2023-07-20,-0.602,1225565
2023-07-19,0.132,1232988
2023-07-18,0.795,1231364
2023-07-17,0.220,1221654
2023-07-14,-0.269,1218970
2023-07-13,1.154,1222254
2023-07-12,1.086,1208309
2023-07-11,0.754,1195325
2023-07-10,0.308,1186385
2023-07-07,0.081,1182738
2023-07-06,-1.120,1181787
2023-07-05,-0.514,1195178
2023-07-03,0.224,1201351
2023-06-30,1.087,1198667
2023-06-29,0.292,1185779
2023-06-28,0.015,1182324
2023-06-27,1.036,1182143
2023-06-26,-0.206,1170025
2023-06-23,-0.896,1172442
2023-06-22,-0.017,1183043
2023-06-21,-0.269,1183247
2023-06-20,-0.846,1186435
2023-06-16,-0.330,1196555
2023-06-15,1.233,1200514
2023-06-14,0.186,1185892
2023-06-13,0.753,1183688
2023-06-12,0.775,1174842
2023-06-09,0.115,1165804
2023-06-08,0.657,1164467
2023-06-07,-0.534,1156872
2023-06-06,0.427,1163083
2023-06-05,-0.305,1158136
2023-06-02,1.499,1161675
2023-06-01,1.205,1144523
2023-05-31,-0.771,1130898
2023-05-30,-0.326,1139681
2023-05-26,1.266,1143411
2023-05-25,0.423,1129118
2023-05-24,-0.942,1124361
2023-05-23,-1.196,1135052
2023-05-22,0.065,1148795
2023-05-19,0.049,1148043
2023-05-18,0.643,1147482
2023-05-17,0.953,1140150
2023-05-16,-0.863,1129384
2023-05-15,0.597,1139218
2023-05-12,-0.144,1132458
2023-05-11,-0.236,1134090
2023-05-10,0.243,1136771
2023-05-09,-0.411,1134016
2023-05-08,0.041,1138700
2023-05-05,1.755,1138234
2023-05-04,-0.485,1118598
2023-05-03,-0.432,1124045
2023-05-02,-1.087,1128920
2023-05-01,-0.101,1141329
2023-04-28,0.511,1142484
2023-04-27,1.767,1136677
2023-04-26,-0.324,1116945
2023-04-25,-1.568,1120580
2023-04-24,0.116,1138427
2023-04-21,0.209,1137102
2023-04-20,-0.394,1134729
2023-04-19,-0.151,1139222
2023-04-18,0.259,1140950
2023-04-17,0.142,1138004
2023-04-14,-0.235,1136393
2023-04-13,1.340,1139075
2023-04-12,-0.086,1124015
2023-04-11,0.126,1124979
2023-04-10,0.093,1123559
2023-04-06,0.357,1122521
2023-04-05,-0.434,1118525
2023-04-04,-0.382,1123401
2023-04-03,0.466,1127704
2023-03-31,1.221,1122468
2023-03-30,0.727,1108933
2023-03-29,1.351,1100930
2023-03-28,-0.080,1086250
2023-03-27,0.475,1087119
2023-03-24,0.291,1081978
2023-03-23,0.158,1078840
2023-03-22,-1.295,1077133
2023-03-21,1.427,1091263
2023-03-20,1.093,1075914
2023-03-17,-1.179,1064285
2023-03-16,1.665,1076983
2023-03-15,-1.404,1059344
2023-03-14,1.523,1074428
2023-03-13,-0.289,1058315
2023-03-10,-1.419,1061378
2023-03-09,-1.571,1076653
2023-03-08,0.235,1093837
2023-03-07,-1.584,1091271
2023-03-06,-0.044,1108837
2023-03-03,1.563,1109324
2023-03-02,0.570,1092256
2023-03-01,-0.133,1086065
2023-02-28,-0.333,1087507
2023-02-27,0.624,1091143
2023-02-24,-1.321,1084379
2023-02-23,0.479,1098892
2023-02-22,-0.227,1093655
2023-02-21,-1.712,1096146
2023-02-17,-0.240,1115240
2023-02-16,-1.090,1117922
2023-02-15,0.143,1130242
2023-02-14,0.126,1128631
2023-02-13,1.112,1127210
2023-02-10,0.008,1114816
2023-02-09,-0.605,1114731
2023-02-08,-0.945,1121517
2023-02-07,1.150,1132215
2023-02-06,-0.737,1119344
2023-02-03,-1.056,1127656
2023-02-02,1.005,1139691
2023-02-01,1.050,1128346
2023-01-31,1.193,1116619
2023-01-30,-1.130,1103460
2023-01-27,0.145,1116067
2023-01-26,0.828,1114456
2023-01-25,0.198,1105305
2023-01-24,-0.096,1103120
2023-01-23,0.994,1104181
2023-01-20,1.604,1093311
2023-01-19,-0.635,1076047
2023-01-18,-1.151,1082929
2023-01-17,-0.010,1095538
2023-01-13,0.445,1095643
2023-01-12,0.775,1090786
2023-01-11,1.086,1082398
2023-01-10,0.546,1070764
2023-01-09,0.116,1064952
2023-01-06,2.359,1063722
2023-01-05,-1.172,1039202
2023-01-04,0.980,1051525
2023-01-03,-0.138,1041322
2022-12-30,-0.447,1042764
2022-12-29,1.733,1047450
2022-12-28,-1.201,1029611
2022-12-27,-0.239,1042125
2022-12-23,0.504,1044617
2022-12-22,-1.243,1039377
2022-12-21,1.378,1052464
2022-12-20,0.248,1038156
2022-12-19,-0.715,1035588
2022-12-16,-1.051,1043044
2022-12-15,-2.560,1054127
2022-12-14,-0.466,1081820
2022-12-13,1.011,1086889
2022-12-12,1.013,1076008
2022-12-09,-0.514,1065214
2022-12-08,0.721,1070721
2022-12-07,-0.126,1063055
2022-12-06,-1.163,1064392
2022-12-05,-1.782,1076912
2022-12-02,-0.113,1096446
2022-12-01,0.328,1097689
2022-11-30,2.695,1094098
2022-11-29,-0.090,1065390
2022-11-28,-1.481,1066348
2022-11-25,0.131,1082376
2022-11-23,0.768,1080965
2022-11-22,1.424,1072729
2022-11-21,-0.598,1057669
2022-11-18,0.375,1064030
2022-11-17,-0.260,1060059
2022-11-16,-0.648,1062818
2022-11-15,0.866,1069747
2022-11-14,-1.001,1060563
2022-11-11,1.371,1071284
2022-11-10,5.517,1056792
2022-11-09,-1.895,1001539
2022-11-08,0.719,1020886
2022-11-07,0.762,1013597
2022-11-04,2.096,1005928
2022-11-03,-0.982,985273
2022-11-02,-2.300,995046
2022-11-01,0.018,1018470
2022-10-31,-0.795,1018290
2022-10-28,1.910,1026452
2022-10-27,-0.516,1007218
2022-10-26,-0.244,1012442
2022-10-25,1.893,1014916
2022-10-24,0.757,996060
2022-10-21,2.154,988581
2022-10-20,-0.653,967733
2022-10-19,-0.850,974095
2022-10-18,1.072,982447
2022-10-17,2.570,972027
2022-10-14,-2.298,947671
2022-10-13,2.576,969960
2022-10-12,-0.311,945604
2022-10-11,-0.853,948552
2022-10-10,-0.631,956715
2022-10-07,-2.535,962791
2022-10-06,-1.233,987831
2022-10-05,-0.379,1000166
2022-10-04,3.407,1003968
2022-10-03,2.450,970887
2022-09-30,-1.207,947667
2022-09-29,-1.730,959244
2022-09-28,2.051,976130
2022-09-27,-0.268,956512
2022-09-26,-1.212,959081
2022-09-23,-2.217,970848
2022-09-22,-0.834,992856
2022-09-21,-1.604,1001209
2022-09-20,-1.225,1017528
2022-09-19,0.582,1030150
2022-09-16,-0.773,1024185
2022-09-15,-1.019,1032160
2022-09-14,0.392,1042791
2022-09-13,-4.090,1038723
2022-09-12,1.159,1083018
2022-09-09,1.940,1070605
2022-09-08,0.516,1050227
2022-09-07,1.538,1044832
2022-09-06,-0.432,1029005
2022-09-02,-0.892,1033472
2022-09-01,-0.291,1042775
2022-08-31,-0.775,1045820
2022-08-30,-1.016,1053986
2022-08-29,-0.559,1064807
2022-08-26,-3.124,1070792
2022-08-25,1.303,1105323
2022-08-24,0.278,1091108
2022-08-23,-0.001,1088083
2022-08-22,-2.008,1088094
2022-08-19,-1.341,1110392
2022-08-18,0.007,1125482
2022-08-17,-0.787,1125398
2022-08-16,0.200,1134324
2022-08-15,0.108,1132059
2022-08-12,1.385,1130837
2022-08-11,0.025,1115387
2022-08-10,2.216,1115113
2022-08-09,-0.503,1090938
2022-08-08,-0.036,1096449
2022-08-05,-0.311,1096839
2022-08-04,0.154,1100264
2022-08-03,1.267,1098567
2022-08-02,-0.876,1084824
2022-08-01,-0.165,1094415
2022-07-29,1.456,1096227
2022-07-28,1.100,1080492
2022-07-27,2.576,1068740
2022-07-26,-1.330,1041905
2022-07-25,0.342,1055954
2022-07-22,-0.823,1052360
2022-07-21,1.074,1061097
2022-07-20,0.271,1049819
2022-07-19,2.717,1046983
2022-07-18,-0.316,1019293
2022-07-15,1.697,1022528
2022-07-14,-0.731,1005462
2022-07-13,-0.328,1012871
2022-07-12,-0.512,1016201
2022-07-11,-1.447,1021428
2022-07-08,0.036,1036427
2022-07-07,1.533,1036058
2022-07-06,0.241,1020414
2022-07-05,-0.428,1017957
2022-07-01,0.822,1022331
2022-06-30,-0.799,1013992
2022-06-29,-0.177,1022160
2022-06-28,-1.695,1023973
2022-06-27,-0.246,1041629
2022-06-24,3.032,1044201
2022-06-23,0.621,1013471
2022-06-22,-0.330,1007218
2022-06-21,2.079,1010549
2022-06-17,0.085,989969
2022-06-16,-2.997,989125
2022-06-15,1.654,1019686
2022-06-14,-0.500,1003092
2022-06-13,-3.847,1008130
2022-06-10,-2.841,1048466
2022-06-09,-2.311,1079124
2022-06-08,-1.146,1104654
2022-06-07,0.831,1117456
2022-06-06,0.357,1108249
2022-06-03,-1.651,1104309
2022-06-02,2.025,1122849
2022-06-01,-0.789,1100568
2022-05-31,-0.616,1109326
2022-05-27,2.063,1116203
2022-05-26,1.749,1093639
2022-05-25,0.740,1074837
2022-05-24,-0.719,1066946
2022-05-23,1.717,1074669
2022-05-20,0.294,1056525
2022-05-19,-0.046,1053431
2022-05-18,-3.523,1053911
2022-05-17,2.029,1092395
2022-05-16,-0.299,1070675
2022-05-13,2.569,1073884
2022-05-12,-0.037,1046990
2022-05-11,-1.322,1047376
2022-05-10,0.230,1061403
2022-05-09,-3.241,1058967
2022-05-06,-0.650,1094443
2022-05-05,-3.646,1101603
2022-05-04,2.582,1143289
2022-05-03,0.534,1114513
2022-05-02,0.357,1108596
2022-04-29,-2.960,1104656
2022-04-28,2.152,1138346
2022-04-27,0.372,1114367
2022-04-26,-2.689,1110238
2022-04-25,0.239,1140919
2022-04-22,-2.468,1138202
2022-04-21,-1.494,1167002
2022-04-20,0.142,1184701
2022-04-19,1.247,1183019
2022-04-18,-0.338,1168447
2022-04-14,-1.018,1172409
2022-04-13,1.262,1184464
2022-04-12,-0.457,1169703
2022-04-11,-1.499,1175077
2022-04-08,-0.292,1192966
2022-04-07,0.433,1196459
2022-04-06,-1.095,1191295
2022-04-05,-1.327,1204479
2022-04-04,0.713,1220675
2022-04-01,0.506,1212030
2022-03-31,-1.553,1205925
2022-03-30,-0.634,1224944
2022-03-29,1.549,1232766
2022-03-28,0.443,1213958
2022-03-25,0.304,1208606
2022-03-24,1.232,1204948
2022-03-23,-1.242,1190279
2022-03-22,1.160,1205253
2022-03-21,-0.104,1191431
2022-03-18,1.286,1192666
2022-03-17,1.049,1177526
2022-03-16,2.618,1165304
2022-03-15,1.890,1135577
2022-03-14,-0.396,1114508
2022-03-11,-1.271,1118941
2022-03-10,-0.612,1133351
2022-03-09,3.079,1140326
2022-03-08,-0.340,1106268
2022-03-07,-2.995,1110043
2022-03-04,-1.340,1144311
2022-03-03,-1.077,1159851
2022-03-02,1.647,1172473
2022-03-01,-1.622,1153473
2022-02-28,-0.560,1172496
2022-02-25,2.335,1179095
2022-02-24,0.492,1152188
2022-02-23,-1.449,1146552
2022-02-22,-1.192,1163411
2022-02-18,-0.747,1177446
2022-02-17,-1.938,1186305
2022-02-16,0.178,1209752
2022-02-15,1.736,1207599
2022-02-14,-0.419,1186997
2022-02-11,-1.762,1191997
2022-02-10,-1.559,1213375
2022-02-09,1.526,1232589
2022-02-08,0.717,1214057
2022-02-07,-0.126,1205409
2022-02-04,0.453,1206927
2022-02-03,-2.155,1201479
2022-02-02,0.834,1227941
2022-02-01,0.817,1217786
2022-01-31,1.889,1207914
2022-01-28,1.761,1185521
2022-01-27,-0.531,1165011
2022-01-26,-0.345,1171235
2022-01-25,-0.992,1175294
2022-01-24,-0.072,1187073
2022-01-21,-1.768,1187931
2022-01-20,-0.934,1209312
2022-01-19,-0.721,1220715
2022-01-18,-1.798,1229576
2022-01-14,0.014,1252088
2022-01-13,-1.212,1251911
2022-01-12,0.439,1267269
2022-01-11,1.039,1261726
2022-01-10,-0.414,1248746
2022-01-07,-0.248,1253936
2022-01-06,-0.188,1257055
2022-01-05,-1.677,1259421
2022-01-04,-0.001,1280899
2022-01-03,0.539,1280911
2021-12-31,-0.237,1274050
2021-12-30,-0.143,1277075
2021-12-29,0.065,1278907
2021-12-28,-0.104,1278073
2021-12-27,1.100,1279402
2021-12-23,0.718,1265487
2021-12-22,0.883,1256465
2021-12-21,1.611,1245467
2021-12-20,-0.838,1225716
2021-12-17,-1.063,1236080
2021-12-16,-0.481,1249361
2021-12-15,1.521,1255396
2021-12-14,-0.801,1236586
2021-12-13,-0.867,1246573
2021-12-10,0.582,1257475
2021-12-09,-0.860,1250199
2021-12-08,0.341,1261050
2021-12-07,2.086,1256764
2021-12-06,1.034,1231079
2021-12-03,-0.754,1218476
2021-12-02,1.419,1227739
2021-12-01,-1.183,1210557
2021-11-30,-1.548,1225052
2021-11-29,0.878,1244314
2021-11-26,-2.245,1233486
2021-11-24,0.073,1261812
2021-11-23,0.006,1260890
2021-11-22,-0.517,1260808
2021-11-19,-0.441,1267362
2021-11-18,0.242,1272981
2021-11-17,-0.265,1269909
2021-11-16,0.242,1273286
2021-11-15,-0.082,1270214
2021-11-12,0.769,1271254
2021-11-11,0.214,1261546
2021-11-10,-0.986,1258848
2021-11-09,-0.301,1271384
2021-11-08,0.065,1275227
2021-11-05,0.323,1274398
2021-11-04,0.220,1270298
2021-11-03,0.690,1267507
2021-11-02,0.207,1258827
2021-11-01,0.425,1256222
2021-10-29,-0.016,1250906
2021-10-28,0.926,1251105
2021-10-27,-0.496,1239621
2021-10-26,0.134,1245801
2021-10-25,0.278,1244131
2021-10-22,0.067,1240684
2021-10-21,0.097,1239855
2021-10-20,0.309,1238652
2021-10-19,0.700,1234831
2021-10-18,0.144,1226244
2021-10-15,0.722,1224479
2021-10-14,1.593,1215704
2021-10-13,0.565,1196647
2021-10-12,-0.173,1189928
2021-10-11,-0.531,1191996
2021-10-08,-0.110,1198364
2021-10-07,0.840,1199684
2021-10-06,0.196,1189693
2021-10-05,0.801,1187368
2021-10-04,-1.162,1177937
2021-10-01,0.814,1191784
2021-09-30,-0.832,1182167
2021-09-29,-0.009,1192087
2021-09-28,-2.134,1192192
2021-09-27,-0.208,1218192
2021-09-24,-0.177,1220728
2021-09-23,1.159,1222890
2021-09-22,0.881,1208878
2021-09-21,0.171,1198325
2021-09-20,-1.691,1196280
2021-09-17,-1.027,1216859
2021-09-16,-0.145,1229492
2021-09-15,0.603,1231280
2021-09-14,-0.480,1223906
2021-09-13,0.342,1229808
2021-09-10,-0.570,1225612
2021-09-09,-0.341,1232636
2021-09-08,-0.317,1236855
2021-09-07,-0.256,1240794
2021-09-03,0.135,1243985
2021-09-02,0.316,1242314
2021-09-01,0.325,1238398
2021-08-31,-0.152,1234390
2021-08-30,0.295,1236271
2021-08-27,0.864,1232637
2021-08-26,-0.534,1222082
2021-08-25,0.159,1228639
2021-08-24,0.198,1226687
2021-08-23,0.947,1224268
2021-08-20,0.721,1212778
2021-08-19,-0.372,1204093
2021-08-18,-0.822,1208593
2021-08-17,-0.762,1218610
2021-08-16,-0.031,1227973
2021-08-13,0.304,1228359
2021-08-12,0.206,1224630
2021-08-11,0.360,1222117
2021-08-10,0.114,1217733
2021-08-09,0.014,1216342
2021-08-06,-0.162,1216167
2021-08-05,0.609,1218142
2021-08-04,-0.317,1210766
2021-08-03,0.658,1214612
2021-08-02,0.154,1206674
2021-07-30,-0.687,1204815
2021-07-29,0.518,1213150
2021-07-28,0.178,1206896
2021-07-27,-0.349,1204756
2021-07-26,0.061,1208976
2021-07-23,0.937,1208239
2021-07-22,0.156,1197028
2021-07-21,1.091,1195169
2021-07-20,1.273,1182273
2021-07-19,-1.539,1167413
2021-07-16,-0.729,1185663
2021-07-15,-0.546,1194372
2021-07-14,0.233,1200931
2021-07-13,-0.521,1198136
2021-07-12,0.428,1204415
2021-07-09,1.343,1199282
2021-07-08,-1.119,1183392
2021-07-07,0.368,1196779
2021-07-06,-0.283,1192394
2021-07-02,0.613,1195773
2021-07-01,0.386,1188488
2021-06-30,-0.167,1183916
2021-06-29,0.078,1185892
2021-06-28,-0.056,1184968
2021-06-25,0.260,1185634
2021-06-24,0.796,1182558
2021-06-23,-0.255,1173215
2021-06-22,0.366,1176220
2021-06-21,1.350,1171928
2021-06-18,-1.530,1156317
2021-06-17,-0.168,1174289
2021-06-16,-0.531,1176265
2021-06-15,-0.198,1182544
2021-06-14,0.173,1184894
2021-06-11,0.285,1182847
2021-06-10,0.392,1179490
2021-06-09,-0.174,1174890
2021-06-08,0.007,1176943
2021-06-07,0.165,1176861
2021-06-04,0.916,1174923
2021-06-03,-0.414,1164260
2021-06-02,0.174,1169098
2021-06-01,0.103,1167067
2021-05-28,0.198,1165871
2021-05-27,0.087,1163562
2021-05-26,0.143,1162552
2021-05-25,-0.192,1160892
2021-05-24,0.901,1163131
2021-05-21,0.007,1152745
2021-05-20,1.230,1152663
2021-05-19,-0.544,1138656
2021-05-18,-0.308,1144887
2021-05-17,-0.355,1148426
2021-05-14,1.603,1152521
2021-05-13,1.116,1134337
2021-05-12,-2.006,1121815
2021-05-11,-1.043,1144774
2021-05-10,-0.892,1156836
2021-05-07,0.979,1167245
2021-05-06,0.776,1155929
2021-05-05,0.397,1147028
2021-05-04,-0.967,1142489
2021-05-03,0.525,1153641
2021-04-30,-0.994,1147617
2021-04-29,0.320,1159141
2021-04-28,0.063,1155438
2021-04-27,-0.073,1154707
2021-04-26,0.192,1155553
2021-04-23,1.057,1153336
2021-04-22,-0.688,1141277
2021-04-21,0.863,1149180
2021-04-20,-0.985,1139348
2021-04-19,-0.411,1150687
2021-04-16,0.346,1155433
2021-04-15,1.075,1151452
2021-04-14,-0.342,1139206
2021-04-13,0.513,1143117
2021-04-12,-0.066,1137278
2021-04-09,0.433,1138032
2021-04-08,0.692,1133121
2021-04-07,0.057,1125332
2021-04-06,-0.248,1124692
2021-04-05,1.368,1127489
2021-04-01,1.088,1112271
2021-03-31,0.346,1100302
2021-03-30,-0.221,1096505
2021-03-29,-0.136,1098930
2021-03-26,1.255,1100426
2021-03-25,0.575,1086786
2021-03-24,-0.548,1080574
2021-03-23,-0.932,1086528
2021-03-22,0.433,1096754
2021-03-19,0.033,1092028
2021-03-18,-1.393,1091667
2021-03-17,0.353,1107094
2021-03-16,0.134,1103203
2021-03-15,0.439,1101728
2021-03-12,0.084,1096909
2021-03-11,0.931,1095991
2021-03-10,0.567,1085878
2021-03-09,1.554,1079759
2021-03-08,-0.496,1063237
2021-03-05,1.418,1068541
2021-03-04,-1.203,1053598
2021-03-03,-1.384,1066425
2021-03-02,-0.386,1081389
2021-03-01,2.283,1085579
2021-02-26,-0.963,1061347
2021-02-25,-2.130,1071667
2021-02-24,0.794,1094991
2021-02-23,-0.010,1086363
2021-02-22,-0.655,1086467
2021-02-19,-0.001,1093629
2021-02-18,-0.525,1093640
2021-02-17,-0.170,1099409
2021-02-16,0.236,1101277
2021-02-12,0.483,1098687
2021-02-11,0.340,1093402
2021-02-10,-0.103,1089697
2021-02-09,0.272,1090822
2021-02-08,0.782,1087860
2021-02-05,0.388,1079417
2021-02-04,0.871,1075247
2021-02-03,0.130,1065968
2021-02-02,1.263,1064585
2021-02-01,1.506,1051310
2021-01-29,-1.746,1035713
2021-01-28,0.691,1054117
2021-01-27,-2.400,1046881
2021-01-26,-0.139,1072625
2021-01-25,0.233,1074121
2021-01-22,-0.390,1071623
2021-01-21,-0.018,1075814
2021-01-20,1.178,1076010
2021-01-19,0.809,1063478
2021-01-15,-0.969,1054941
2021-01-14,-0.079,1065264
2021-01-13,0.156,1066110
2021-01-12,0.279,1064448
2021-01-11,-0.920,1061485
2021-01-08,0.733,1071343
2021-01-07,1.148,1063549
2021-01-06,0.604,1051481
2021-01-05,0.769,1045173
2021-01-04,-0.695,1037192
2020-12-31,0.106,1044449
2020-12-30,0.133,1043344
2020-12-29,0.035,1041960
2020-12-28,0.591,1041598
2020-12-24,0.278,1035476
2020-12-23,0.297,1032605
2020-12-22,-0.073,1029549
2020-12-21,-0.682,1030302
2020-12-18,-0.305,1037374
2020-12-17,0.773,1040543
2020-12-16,0.234,1032561
2020-12-15,1.084,1030155
2020-12-14,-0.007,1019107
2020-12-11,-0.281,1019176
2020-12-10,0.089,1022046
2020-12-09,-0.621,1021133
2020-12-08,0.323,1027509
2020-12-07,-0.369,1024197
2020-12-04,0.996,1027990
2020-12-03,0.081,1017850
2020-12-02,0.099,1017030
2020-12-01,1.082,1016024
2020-11-30,-0.567,1005147
2020-11-27,0.448,1010877
2020-11-25,-0.083,1006365
2020-11-24,1.581,1007205
2020-11-23,0.372,991529
2020-11-20,-0.289,987849
2020-11-19,0.608,990717
2020-11-18,-0.856,984729
2020-11-17,-0.270,993228
2020-11-16,1.171,995913
2020-11-13,1.242,984388
2020-11-12,-1.034,972309
2020-11-11,0.699,982469
2020-11-10,0.227,975650
2020-11-09,1.510,973444
2020-11-06,0.134,958966
2020-11-05,2.115,957683
2020-11-04,1.884,937851
2020-11-03,2.139,920511
2020-11-02,1.170,901233
2020-10-30,-1.016,890813
2020-10-29,0.857,899958
2020-10-28,-3.272,892307
2020-10-27,-0.499,922493
2020-10-26,-1.838,927116
2020-10-23,0.480,944475
2020-10-22,0.403,939962
2020-10-21,-0.404,936187
2020-10-20,0.453,939980
2020-10-19,-1.200,935744
2020-10-16,0.116,947105
2020-10-15,-0.419,946006
2020-10-14,-0.619,949984
2020-10-13,-0.606,955900
2020-10-12,1.262,961724
2020-10-09,0.773,949734
2020-10-08,0.739,942451
2020-10-07,1.389,935538
2020-10-06,-1.197,922717
2020-10-05,1.790,933894
2020-10-02,-0.730,917474
2020-10-01,0.612,924220
2020-09-30,0.312,918599
2020-09-29,-0.332,915746
2020-09-28,1.612,918801
2020-09-25,1.229,904225
2020-09-24,0.227,893249
2020-09-23,-1.991,891227
2020-09-22,0.674,909328
2020-09-21,-1.669,903244
2020-09-18,-0.858,918576
2020-09-17,-0.605,926524
2020-09-16,-0.327,932164
2020-09-15,0.595,935219
2020-09-14,1.327,929689
2020-09-11,0.261,917512
2020-09-10,-1.472,915121
2020-09-09,1.831,928792
2020-09-08,-2.324,912092
2020-09-04,-0.678,933795
2020-09-03,-3.047,940174
2020-09-02,1.155,969726
2020-09-01,0.854,958656
2020-08-31,-0.349,950541
2020-08-28,0.593,953874
2020-08-27,-0.127,948251
2020-08-26,0.912,949461
2020-08-25,0.314,940883
2020-08-24,0.993,937938
2020-08-21,0.069,928714
2020-08-20,0.208,928076
2020-08-19,-0.457,926146
2020-08-18,0.128,930402
2020-08-17,0.669,929211
2020-08-14,-0.270,923034
2020-08-13,-0.101,925535
2020-08-12,1.630,926468
2020-08-11,-0.415,911610
2020-08-10,0.292,915405
2020-08-07,-0.314,912736
2020-08-06,0.414,915607
2020-08-05,0.610,911830
2020-08-04,0.470,906298
2020-08-03,1.075,902059
2020-07-31,-0.146,892464
2020-07-30,-0.597,893766
2020-07-29,1.163,899130
2020-07-28,-0.651,888796
2020-07-27,0.958,894622
2020-07-24,-0.622,886135
2020-07-23,-1.127,891684
2020-07-22,0.483,901851
2020-07-21,0.195,897519
2020-07-20,0.778,895773
2020-07-17,0.322,888855
2020-07-16,-0.457,886001
2020-07-15,1.047,890073
2020-07-14,1.381,880846
2020-07-13,-0.896,868849
2020-07-10,1.010,876707
2020-07-09,-0.667,867942
2020-07-08,0.852,873768
2020-07-07,-1.045,866388
2020-07-06,1.541,875540
2020-07-02,0.754,862249
2020-07-01,0.563,855792
2020-06-30,0.974,850997
2020-06-29,1.208,842785
2020-06-26,-2.150,832726
2020-06-25,1.263,851021
2020-06-24,-2.581,840408
2020-06-23,0.440,862675
2020-06-22,0.823,858897
2020-06-19,-0.508,851885
2020-06-18,-0.076,856234
2020-06-17,-0.098,856889
2020-06-16,1.663,857729
2020-06-15,0.796,843697
2020-06-12,1.451,837036
2020-06-11,-5.678,825064
2020-06-10,-0.366,874730
2020-06-09,-0.930,877939
2020-06-08,1.221,886178
2020-06-05,2.286,875487
2020-06-04,-0.384,855924
2020-06-03,1.589,859224
2020-06-02,0.894,845788
2020-06-01,1.057,838297
2020-05-29,0.165,829525
2020-05-28,0.187,828161
2020-05-27,1.447,826614
2020-05-26,1.863,814823
2020-05-22,0.022,799922
2020-05-21,-0.930,799747
2020-05-20,1.834,807255
2020-05-19,-1.074,792719
2020-05-18,3.228,801325
2020-05-15,0.437,776271
2020-05-14,0.475,772894
2020-05-13,-1.558,769242
2020-05-12,-1.873,781415
2020-05-11,0.057,796332
2020-05-08,1.992,795882
2020-05-07,1.317,780340
2020-05-06,-0.662,770194
2020-05-05,0.545,775323
2020-05-04,0.201,771123
2020-05-01,-2.583,769575
2020-04-30,-1.202,789982
2020-04-29,2.641,799594
2020-04-28,0.058,779020
2020-04-27,1.502,778570
2020-04-24,1.108,767051
2020-04-23,-0.049,758642
2020-04-22,1.978,759015
2020-04-21,-2.750,744293
2020-04-20,-1.427,765342
2020-04-17,2.623,776418
2020-04-16,0.266,756574
2020-04-15,-2.264,754568
2020-04-14,2.514,772049
2020-04-13,-0.844,753119
2020-04-09,1.827,759530
2020-04-08,2.385,745905
2020-04-07,0.175,728529
2020-04-06,6.312,727255
2020-04-03,-1.529,684078
2020-04-02,2.055,694698
2020-04-01,-4.531,680706
2020-03-31,-0.891,713010
2020-03-30,2.622,719421
2020-03-27,-3.038,701038
2020-03-26,5.584,723004
2020-03-25,1.794,684764
2020-03-24,9.095,672693
2020-03-23,-1.808,616610
2020-03-20,-3.271,627962
2020-03-19,0.752,649196
2020-03-18,-5.566,644353
2020-03-17,5.667,682333
2020-03-16,-11.379,645738
2020-03-13,8.104,728647
2020-03-12,-10.434,674025
2020-03-11,-4.981,752545
2020-03-10,4.503,791992
2020-03-09,-8.284,757867
2020-03-06,-1.560,826323
2020-03-05,-3.035,839417
2020-03-04,3.807,865688
2020-03-03,-2.253,833942
2020-03-02,3.969,853168
2020-02-28,-1.430,820597
2020-02-27,-3.736,832502
2020-02-26,-0.296,864815
2020-02-25,-2.681,867385
2020-02-24,-3.470,891280
2020-02-21,-0.700,923319
2020-02-20,-0.422,929826
2020-02-19,0.393,933770
2020-02-18,-0.285,930118
2020-02-14,0.127,932781
2020-02-13,-0.324,931600
2020-02-12,0.501,934630
2020-02-11,0.464,929971
2020-02-10,0.506,925678
2020-02-07,-0.662,921019
2020-02-06,0.356,927160
2020-02-05,0.929,923874
2020-02-04,1.780,915370
2020-02-03,0.541,899361
2020-01-31,-1.721,894519
2020-01-30,0.150,910179
2020-01-29,0.029,908815
2020-01-28,0.924,908549
2020-01-27,-1.710,900228
2020-01-24,-0.666,915889
2020-01-23,-0.080,922031
2020-01-22,0.178,922772
2020-01-21,-0.525,921133
2020-01-17,0.336,925993
2020-01-16,0.799,922890
2020-01-15,0.139,915575
2020-01-14,-0.201,914302
2020-01-13,0.643,916142
2020-01-10,-0.402,910292
2020-01-09,0.573,913962
2020-01-08,0.282,908753
2020-01-07,-0.263,906198
2020-01-06,0.566,908587
2020-01-03,-0.845,903469
2020-01-02,0.758,911168
2019-12-31,0.457,904310
2019-12-30,-0.748,900199
2019-12-27,0.171,906983
2019-12-26,0.375,905435
2019-12-24,0.050,902056
2019-12-23,-0.031,901607
2019-12-20,0.478,901890
2019-12-19,0.337,897596
2019-12-18,-0.062,894583
2019-12-17,-0.297,895141
2019-12-16,0.799,897804
2019-12-13,0.449,890690
2019-12-12,0.617,886707
2019-12-11,0.454,881273
2019-12-10,-0.042,877290
2019-12-09,-0.361,877661
2019-12-06,0.746,880845
2019-12-05,0.124,874321
2019-12-04,0.679,873241
2019-12-03,-0.563,867353
2019-12-02,-0.631,872260
2019-11-29,-0.607,877802
2019-11-27,0.557,883163
2019-11-26,0.082,878272
2019-11-25,0.791,877555
2019-11-22,0.208,870668
2019-11-21,-0.251,868862
2019-11-20,-0.478,871048
2019-11-19,0.082,875229
2019-11-18,-0.094,874512
2019-11-15,0.846,875337
2019-11-14,-0.137,867996
2019-11-13,-0.053,869184
2019-11-12,0.156,869646
2019-11-11,-0.064,868293
2019-11-08,0.104,868846
2019-11-07,0.188,867947
2019-11-06,0.030,866322
2019-11-05,0.030,866058
2019-11-04,0.325,865794
2019-11-01,1.051,862989
2019-10-31,-0.466,854014
2019-10-30,0.371,858015
2019-10-29,0.116,854847
2019-10-28,0.405,853857
2019-10-25,0.245,850417
2019-10-24,0.267,848338
2019-10-23,0.484,846078
2019-10-22,-0.441,842002
2019-10-21,0.593,845731
2019-10-18,-0.442,840748
2019-10-17,0.594,844477
2019-10-16,-0.217,839494
2019-10-15,1.001,841317
2019-10-14,-0.175,832976
2019-10-11,1.299,834436
2019-10-10,0.877,823735
2019-10-09,0.603,816574
2019-10-08,-1.434,811681
2019-10-07,-0.056,823486
2019-10-04,0.989,823948
2019-10-03,0.988,815879
2019-10-02,-1.983,807900
2019-10-01,-1.047,824244
2019-09-30,0.217,832964
2019-09-27,-0.436,831157
2019-09-26,0.053,834795
2019-09-25,0.283,834350
2019-09-24,-0.597,831998
2019-09-23,-0.174,836997
2019-09-20,-0.421,838458
2019-09-19,0.118,842005
2019-09-18,0.064,841015
2019-09-17,0.335,840478
2019-09-16,-0.282,837673
2019-09-13,-0.023,840041
2019-09-12,0.531,840230
2019-09-11,0.326,835791
2019-09-10,0.250,833075
2019-09-09,0.032,830996
2019-09-06,0.163,830731
2019-09-05,1.128,829378
2019-09-04,1.186,820127
2019-09-03,-0.613,810512
2019-08-30,0.245,815513
2019-08-29,1.173,813523
2019-08-28,0.384,804090
2019-08-27,-0.227,801012
2019-08-26,1.050,802835
2019-08-23,-2.148,794491
2019-08-22,-0.302,811928
2019-08-21,0.899,814387
2019-08-20,-0.549,807132
2019-08-19,1.016,811588
2019-08-16,1.026,803425
2019-08-15,0.228,795262
2019-08-14,-2.793,793454
2019-08-13,1.375,816249
2019-08-12,-1.270,805181
2019-08-09,-0.543,815538
2019-08-08,1.402,819995
2019-08-07,0.552,808654
2019-08-06,0.876,804213
2019-08-05,-2.564,797230
2019-08-02,-0.794,818210
2019-08-01,-1.111,824755
2019-07-31,-0.532,834024
2019-07-30,-0.646,838481
2019-07-29,-0.108,843937
2019-07-26,0.757,844853
2019-07-25,-0.753,838505
2019-07-24,0.344,844869
2019-07-23,0.639,841971
2019-07-22,0.293,836622
2019-07-19,-0.402,834178
2019-07-18,0.184,837546
2019-07-17,-0.358,836010
2019-07-16,-0.303,839015
2019-07-15,-0.055,841565
2019-07-12,0.291,842027
2019-07-11,0.227,839583
2019-07-10,0.489,837685
2019-07-09,-0.110,833606
2019-07-08,-0.488,834522
2019-07-05,-0.249,838617
2019-07-03,0.695,840713
2019-07-02,0.315,834909
2019-07-01,0.691,832284
2019-06-28,0.540,826570
2019-06-27,0.276,822128
2019-06-26,-0.001,819866
2019-06-25,-0.825,819874
2019-06-24,0.032,826693
2019-06-21,-0.297,826428
2019-06-20,0.939,828888
2019-06-19,0.443,821176
2019-06-18,1.145,817551
2019-06-17,-0.041,808296
2019-06-14,-0.288,808628
2019-06-13,0.165,810965
2019-06-12,-0.211,809629
2019-06-11,-0.144,811339
2019-06-10,0.509,812512
2019-06-07,1.256,808398
2019-06-06,0.427,798370
2019-06-05,0.509,794972
2019-06-04,1.998,790948
2019-06-03,-0.255,775453
2019-05-31,-0.994,777432
2019-05-30,0.320,785235
2019-05-29,-0.751,782734
2019-05-28,-0.857,788655
2019-05-24,0.543,795473
2019-05-23,-1.165,791180
2019-05-22,-0.291,800507
2019-05-21,0.809,802845
2019-05-20,-0.705,796400
2019-05-17,-0.512,802053
2019-05-16,0.795,806183
2019-05-15,0.608,799828
2019-05-14,0.886,794996
2019-05-13,-2.247,788014
2019-05-10,0.435,806124
2019-05-09,-0.446,802637
2019-05-08,-0.034,806229
2019-05-07,-1.694,806506
2019-05-06,-0.641,820405
2019-05-03,1.063,825701
2019-05-02,-0.165,817015
2019-05-01,-0.848,818367
2019-04-30,0.228,825366
2019-04-29,0.163,823492
2019-04-26,0.459,822155
2019-04-25,-0.078,818398
2019-04-24,-0.350,819034
2019-04-23,0.525,821910
2019-04-22,0.010,817615
2019-04-18,0.153,817533
2019-04-17,-0.056,816286
2019-04-16,0.076,816742
2019-04-15,-0.023,816122
2019-04-12,0.651,816310
2019-04-11,-0.045,811029
2019-04-10,0.354,811395
2019-04-09,-0.574,808534
2019-04-08,0.109,813203
2019-04-05,0.376,812315
2019-04-04,0.088,809275
2019-04-03,0.389,808565
2019-04-02,0.032,805435
2019-04-01,1.159,805174
2019-03-29,0.543,795948
2019-03-28,0.215,791653
2019-03-27,-0.352,789957
2019-03-26,0.671,792744
2019-03-25,0.010,787462
2019-03-22,-1.955,787380
2019-03-21,0.707,803076
2019-03-20,-0.203,797436
2019-03-19,0.033,799057
2019-03-18,0.393,798796
2019-03-15,0.760,795665
2019-03-14,-0.182,789666
2019-03-13,0.799,791108
2019-03-12,0.194,784840
2019-03-11,1.309,783323
2019-03-08,-0.151,773199
2019-03-07,-0.987,774372
2019-03-06,-0.526,782090
2019-03-05,-0.001,786222
2019-03-04,-0.432,786230
2019-03-01,0.662,789644
2019-02-28,-0.240,784451
2019-02-27,-0.251,786342
2019-02-26,0.113,788322
2019-02-25,0.216,787433
2019-02-22,0.561,785737
2019-02-21,-0.298,781350
2019-02-20,0.286,783689
2019-02-19,0.241,781455
2019-02-15,1.245,779579
2019-02-14,-0.141,769992
2019-02-13,0.232,771075
2019-02-12,1.274,769289
2019-02-11,-0.013,759612
2019-02-08,-0.095,759709
2019-02-07,-1.028,760433
2019-02-06,-0.269,768332
2019-02-05,0.549,770402
2019-02-04,0.600,766195
2019-02-01,-0.036,761628
2019-01-31,0.674,761905
2019-01-30,1.235,756800
2019-01-29,0.167,747570
2019-01-28,-0.740,746322
2019-01-25,1.023,751889
2019-01-24,0.192,744273
2019-01-23,0.229,742845
2019-01-22,-1.373,741148
2019-01-18,1.097,751469
2019-01-17,0.716,743315
2019-01-16,0.096,738031
2019-01-15,0.907,737320
2019-01-14,-0.368,730690
2019-01-11,-0.294,733388
2019-01-10,0.452,735547
2019-01-09,0.690,732236
2019-01-08,0.983,727220
2019-01-07,0.462,720141
2019-01-04,3.042,716829
2019-01-03,-1.674,695668
2019-01-02,0.012,707515
2018-12-31,0.688,707432
2018-12-28,0.153,702595
2018-12-27,0.993,701521
2018-12-26,3.277,694627
2018-12-24,-1.935,672584
2018-12-21,-1.823,685856
2018-12-20,-1.455,698590
2018-12-19,-1.126,708905
2018-12-18,0.037,716979
2018-12-17,-1.563,716711
2018-12-14,-1.716,728092
2018-12-13,-0.204,740805
2018-12-12,1.076,742323
2018-12-11,-0.110,734422
2018-12-10,-0.206,735228
2018-12-07,-1.790,736746
2018-12-06,-0.320,750171
2018-12-04,-3.046,752578
2018-12-03,1.321,776223
2018-11-30,0.197,766100
2018-11-29,-0.302,764596
2018-11-28,2.202,766914
2018-11-27,0.165,750392
2018-11-26,1.224,749155
2018-11-23,-0.799,740097
2018-11-21,0.852,746059
2018-11-20,-1.794,739756
2018-11-19,-1.282,753271
2018-11-16,0.233,763055
2018-11-15,0.764,761284
2018-11-14,-0.597,755515
2018-11-13,0.257,760055
2018-11-12,-2.045,758107
2018-11-09,-0.572,773934
2018-11-08,-0.636,778385
2018-11-07,1.813,783370
2018-11-06,0.463,769423
2018-11-05,0.454,765875
2018-11-02,-0.338,762416
2018-11-01,0.961,765001
2018-10-31,1.186,757720
2018-10-30,1.432,748839
2018-10-29,-0.468,738269
2018-10-26,-1.384,741742
2018-10-25,1.608,752149
2018-10-24,-2.927,740245
2018-10-23,-0.833,762563
2018-10-22,-0.243,768971
2018-10-19,0.138,770845
2018-10-18,-1.424,769785
2018-10-17,-0.251,780904
2018-10-16,2.015,782867
2018-10-15,-0.588,767407
2018-10-12,1.117,771948
2018-10-11,-2.009,763421
2018-10-10,-2.580,779074
2018-10-09,-0.178,799706
2018-10-08,-0.432,801136
2018-10-05,-0.397,804610
2018-10-04,-1.111,807818
2018-10-03,0.173,816894
2018-10-02,-0.435,815479
2018-10-01,0.359,819043
2018-09-28,-0.262,816117
2018-09-27,-0.044,818259
2018-09-26,0.043,818622
2018-09-25,-0.099,818274
2018-09-24,-0.401,819082
2018-09-21,-0.012,822379
2018-09-20,0.937,822476
2018-09-19,0.382,814838
2018-09-18,0.561,811734
2018-09-17,-0.352,807207
2018-09-14,0.065,810060
2018-09-13,0.651,809534
2018-09-12,0.232,804296
2018-09-11,0.366,802437
2018-09-10,0.267,799510
2018-09-07,-0.500,797384
2018-09-06,-0.200,801393
2018-09-05,-0.497,803001
2018-09-04,-0.396,807010
2018-08-31,-0.482,810218
2018-08-30,-0.479,814139
2018-08-29,0.545,818059
2018-08-28,-0.077,813620
2018-08-27,0.947,814251
2018-08-24,0.486,806611
2018-08-23,-0.277,802706
2018-08-22,0.132,804937
2018-08-21,0.466,803877
2018-08-20,0.423,800150
2018-08-17,0.357,796779
2018-08-16,0.698,793940
2018-08-15,-0.906,788434
2018-08-14,0.358,795645
2018-08-13,-0.325,792807
2018-08-10,-1.129,795394
2018-08-09,-0.364,804472
2018-08-08,0.054,807415
2018-08-07,0.408,806978
2018-08-06,0.099,803695
2018-08-03,0.277,802902
2018-08-02,0.222,800686
2018-08-01,-0.290,798915
2018-07-31,0.322,801235
2018-07-30,-0.301,798664
2018-07-27,-0.498,801073
2018-07-26,-0.166,805083
2018-07-25,0.777,806424
2018-07-24,0.446,800206
2018-07-23,0.010,796656
2018-07-20,0.290,796575
2018-07-19,-0.469,794270
2018-07-18,0.278,798013
2018-07-17,0.313,795797
2018-07-16,-0.225,793314
2018-07-13,0.212,795100
2018-07-12,0.915,793418
2018-07-11,-1.241,786221
2018-07-10,0.380,796102
2018-07-09,0.688,793085
2018-07-06,0.784,787666
2018-07-05,1.046,781536
2018-07-03,-0.390,773449
2018-07-02,-0.195,776480
2018-06-29,0.332,778000
2018-06-28,0.541,775428
2018-06-27,-0.870,771254
2018-06-26,0.136,778022
2018-06-25,-1.312,776962
2018-06-22,0.476,787289
2018-06-21,-0.588,783560
2018-06-20,0.135,788194
2018-06-19,-0.476,787134
2018-06-18,-0.455,790896
2018-06-15,-0.178,794508
2018-06-14,0.087,795922
2018-06-13,-0.266,795226
2018-06-12,-0.045,797344
2018-06-11,0.264,797703
2018-06-08,0.365,795601
2018-06-07,-0.322,792707
2018-06-06,0.914,795264
2018-06-05,-0.012,788062
2018-06-04,0.357,788157
2018-06-01,1.086,785351
2018-05-31,-0.709,776918
2018-05-30,1.274,782464
2018-05-29,-1.415,772624
2018-05-25,-0.292,783710
2018-05-24,-0.191,786004
2018-05-23,-0.379,787506
2018-05-22,-0.112,790504
2018-05-21,0.591,791390
2018-05-18,-0.324,786737
2018-05-17,0.099,789295
2018-05-16,0.312,788511
2018-05-15,-0.767,786056
2018-05-14,0.244,792132
2018-05-11,0.222,790204
2018-05-10,0.820,788453
2018-05-09,0.713,782041
2018-05-08,-0.091,776508
2018-05-07,0.340,777219
2018-05-04,0.719,774588
2018-05-03,0.136,769055
2018-05-02,-0.536,768007
2018-05-01,0.022,772148
2018-04-30,-0.477,771980
2018-04-27,-0.012,775681
2018-04-26,0.984,775776
2018-04-25,-0.070,768220
2018-04-24,-0.908,768755
2018-04-23,-0.069,775798
2018-04-20,-0.687,776333
2018-04-19,-0.571,781706
2018-04-18,0.223,786199
2018-04-17,0.927,784447
2018-04-16,0.648,777242
2018-04-13,-0.262,772236
2018-04-12,0.639,774267
2018-04-11,-0.490,769348
2018-04-10,1.442,773138
2018-04-09,0.568,762151
2018-04-06,-1.499,757848
2018-04-05,0.806,769378
2018-04-04,0.754,763228
2018-04-03,0.972,757518
2018-04-02,-2.113,750224
2018-03-29,1.360,766416
2018-03-28,0.139,756132
2018-03-27,-1.515,755083
2018-03-26,2.252,766702
2018-03-23,-1.594,749820
2018-03-22,-2.225,761966
2018-03-21,-0.001,779303
2018-03-20,0.067,779311
2018-03-19,-1.107,778791
2018-03-16,0.010,787507
2018-03-15,-0.101,787427
2018-03-14,-0.157,788226
2018-03-13,-0.698,789465
2018-03-12,0.099,795015
2018-03-09,1.153,794231
2018-03-08,0.359,785177
2018-03-07,0.033,782369
2018-03-06,0.270,782112
2018-03-05,1.036,780008
2018-03-02,0.319,772010
2018-03-01,-1.321,769554
2018-02-28,-0.929,779855
2018-02-27,-1.455,787165
2018-02-26,0.944,798786
2018-02-23,1.408,791315
2018-02-22,0.270,780324
2018-02-21,-0.619,778220
2018-02-20,-0.770,783067
2018-02-16,0.223,789145
2018-02-15,0.912,787393
2018-02-14,1.603,780274
2018-02-13,0.171,767962
2018-02-12,1.137,766650
2018-02-09,1.316,758034
2018-02-08,-3.266,748186
2018-02-07,-0.701,773447
2018-02-06,1.863,778910
2018-02-05,-4.212,764663
2018-02-02,-2.105,798284
2018-02-01,-0.012,815451
2018-01-31,0.172,815547
2018-01-30,-1.017,814146
2018-01-29,-0.639,822514
2018-01-26,0.846,827802
2018-01-25,-0.140,820858
2018-01-24,0.192,822009
2018-01-23,0.322,820433
2018-01-22,0.693,817801
2018-01-19,0.456,812177
2018-01-18,-0.186,808488
2018-01-17,0.600,809992
2018-01-16,-0.176,805159
2018-01-12,0.902,806575
2018-01-11,0.697,799366
2018-01-10,-0.233,793829
2018-01-09,0.232,795685
2018-01-08,-0.244,793844
2018-01-05,0.790,795788
2018-01-04,0.447,789547
2018-01-03,0.596,786034
2018-01-02,0.759,781377
2017-12-29,-0.194,775487
2017-12-28,0.181,776991
2017-12-27,0.135,775590
2017-12-26,-0.114,774541
2017-12-22,0.215,775429
2017-12-21,0.261,773764
2017-12-20,-0.138,771747
2017-12-19,-0.186,772810
2017-12-18,0.954,774252
2017-12-15,0.181,766934
2017-12-14,-0.240,765547
2017-12-13,-0.012,767385
2017-12-12,0.330,767480
2017-12-11,0.159,764958
2017-12-08,0.458,763744
2017-12-07,0.237,760263
2017-12-06,-0.020,758467
2017-12-05,-0.230,758621
2017-12-04,-0.253,760372
2017-12-01,-0.172,762298
2017-11-30,0.539,763614
2017-11-29,-0.242,759522
2017-11-28,0.761,761361
2017-11-27,-0.277,755612
2017-11-24,0.450,757712
2017-11-22,0.045,754318
2017-11-21,0.628,753976
2017-11-20,0.151,749274
2017-11-17,-0.234,748147
2017-11-16,0.844,749898
2017-11-15,-0.398,743626
2017-11-14,-0.222,746598
2017-11-13,-0.199,748263
2017-11-10,-0.024,749753
2017-11-09,-0.579,749934
2017-11-08,0.324,754303
2017-11-07,-0.209,751867
2017-11-06,0.383,753445
2017-11-03,-0.036,750573
2017-11-02,0.220,750842
2017-11-01,0.011,749192
2017-10-31,0.303,749112
2017-10-30,-0.059,746851
2017-10-27,0.362,747294
2017-10-26,0.163,744597
2017-10-25,-0.526,743383
2017-10-24,-0.024,747316
2017-10-23,-0.083,747497
2017-10-20,0.198,748115
2017-10-19,0.022,746639
2017-10-18,0.069,746472
2017-10-17,0.011,745955
2017-10-16,0.046,745875
2017-10-13,0.245,745534
2017-10-12,-0.060,743709
2017-10-11,0.328,744152
2017-10-10,0.484,741716
2017-10-09,-0.143,738146
2017-10-06,-0.248,739200
2017-10-05,0.353,741039
2017-10-04,0.141,738429
2017-10-03,0.119,737389
2017-10-02,0.390,736513
2017-09-29,0.393,733652
2017-09-28,-0.120,730780
2017-09-27,0.478,731659
2017-09-26,-0.085,728176
2017-09-25,-0.371,728794
2017-09-22,0.298,731505
2017-09-21,-0.370,729331
2017-09-20,0.178,732043
2017-09-19,0.167,730741
2017-09-18,0.083,729526
2017-09-15,0.083,728923
2017-09-14,0.119,728319
2017-09-13,-0.073,727453
2017-09-12,0.179,727984
2017-09-11,0.969,726682
2017-09-08,-0.098,719708
2017-09-07,0.413,720413
2017-09-06,0.353,717453
2017-09-05,-0.595,714929
2017-09-01,0.084,719212
2017-08-31,0.795,718608
2017-08-30,0.085,712942
2017-08-29,0.036,712338
2017-08-28,0.011,712083
2017-08-25,0.269,712003
2017-08-24,-0.222,710090
2017-08-23,-0.185,711667
2017-08-22,0.926,712983
2017-08-21,-0.038,706445
2017-08-18,0.036,706713
2017-08-17,-1.318,706458
2017-08-16,0.342,715890
2017-08-15,-0.160,713453
2017-08-14,0.998,714595
2017-08-11,-0.149,707532
2017-08-10,-1.422,708586
2017-08-09,-0.062,718804
2017-08-08,-0.376,719248
2017-08-07,0.120,721960
2017-08-04,0.120,721094
2017-08-03,-0.049,720228
2017-08-02,-0.243,720584
2017-08-01,0.582,722337
2017-07-31,0.060,718154
2017-07-28,0.121,717724
2017-07-27,-0.329,716858
2017-07-26,0.242,719222
2017-07-25,0.378,717483
2017-07-24,-0.050,714784
2017-07-21,-0.414,715140
2017-07-20,0.255,718115
2017-07-19,0.477,716288
2017-07-18,0.208,712891
2017-07-17,-0.209,711414
2017-07-14,0.516,712905
2017-07-13,0.357,709245
2017-07-12,0.645,706720
2017-07-11,0.049,702188
2017-07-10,0.173,701845
2017-07-07,0.437,700630
2017-07-06,-0.647,697581
2017-07-05,0.074,702127
2017-07-03,0.049,701610
2017-06-30,0.039,701268
2017-06-29,-0.745,700993
2017-06-28,0.734,706257
2017-06-27,-0.423,701113
2017-06-26,0.098,704088
2017-06-23,0.323,703396
2017-06-22,-0.001,701133
2017-06-21,-0.175,701140
2017-06-20,-0.864,702369
2017-06-19,0.625,708488
2017-06-16,0.567,704087
2017-06-15,-0.541,700119
2017-06-14,-0.258,703928
2017-06-13,0.553,705749
2017-06-12,-0.185,701867
2017-06-09,-0.173,703170
2017-06-08,0.048,704387
2017-06-07,0.048,704048
2017-06-06,-0.209,703709
2017-06-05,-0.319,705185
2017-06-02,0.490,707438
2017-06-01,0.778,703988
2017-05-31,-0.211,698550
2017-05-30,0.147,700026
2017-05-26,-0.001,698996
2017-05-25,0.036,699002
2017-05-24,0.446,698750
2017-05-23,-0.187,695645
2017-05-22,0.686,696948
2017-05-19,0.855,692201
2017-05-18,0.176,686331
2017-05-17,-1.590,685127
2017-05-16,0.248,696197
2017-05-15,0.650,694475
2017-05-12,0.074,689987
2017-05-11,-0.214,689475
2017-05-10,0.049,690951
2017-05-09,-0.051,690612
2017-05-08,-0.176,690964
2017-05-05,0.539,692181
2017-05-04,0.327,688470
2017-05-03,-0.089,686230
2017-05-02,0.049,686841
2017-05-01,0.302,686502
2017-04-28,-0.014,684434
2017-04-27,-0.077,684527
2017-04-26,-0.152,685052
2017-04-25,0.620,686096
2017-04-24,1.671,681867
2017-04-21,-0.100,670661
2017-04-20,0.608,671333
2017-04-19,-0.092,667277
2017-04-18,-0.375,667888
2017-04-17,0.739,670402
2017-04-13,-0.787,665480
2017-04-12,-0.297,670760
2017-04-11,0.179,672755
2017-04-10,0.025,671551
2017-04-07,0.038,671384
2017-04-06,0.051,671131
2017-04-05,-0.168,670792
2017-04-04,-0.155,671922
2017-04-03,-0.039,672966
2017-03-31,-0.359,673232
2017-03-30,0.204,675661
2017-03-29,-0.091,674282
2017-03-28,0.802,674894
2017-03-27,-0.080,669523
2017-03-24,0.140,670058
2017-03-23,-0.297,669120
2017-03-22,0.556,671115
2017-03-21,-1.077,667404
2017-03-20,-0.116,674673
2017-03-17,-0.231,675458
2017-03-16,0.384,677021
2017-03-15,1.101,674433
2017-03-14,-0.798,667090
2017-03-13,0.412,672457
2017-03-10,0.570,669696
2017-03-09,0.116,665898
2017-03-08,-0.312,665126
2017-03-07,-0.324,667208
2017-03-06,-0.323,669376
2017-03-03,0.335,671544
2017-03-02,-0.643,669302
2017-03-01,1.063,673632
2017-02-28,-0.221,666548
2017-02-27,0.064,668024
2017-02-24,-0.001,667598
2017-02-23,-0.092,667605
2017-02-22,0.090,668216
2017-02-21,0.402,667617
2017-02-17,-0.105,664943
2017-02-16,0.247,665641
2017-02-15,0.195,664004
2017-02-14,0.353,662713
2017-02-13,0.486,660385
2017-02-10,0.250,657191
2017-02-09,0.370,655554
2017-02-08,0.171,653139
2017-02-07,-0.041,652020
2017-02-06,-0.226,652286
2017-02-03,0.438,653763
2017-02-02,0.026,650915
2017-02-01,0.172,650748
2017-01-31,0.052,649630
2017-01-30,-0.649,649290
2017-01-27,-0.080,653534
2017-01-26,-0.067,654059
2017-01-25,0.758,654498
2017-01-24,0.588,649574
2017-01-23,0.026,645775
2017-01-20,0.227,645608
2017-01-19,-0.095,644143
2017-01-18,-0.255,644755
2017-01-17,-0.281,646405
2017-01-13,0.280,648227
2017-01-12,0.200,646417
2017-01-11,0.066,645126
2017-01-10,0.149,644699
2017-01-09,-0.498,643740
2017-01-06,0.200,646961
2017-01-05,0.335,645669
2017-01-04,0.853,643513
2017-01-03,0.930,638069
2016-12-30,-0.328,632192
2016-12-29,0.218,634275
2016-12-28,-0.518,632897
2016-12-27,-0.069,636190
2016-12-23,0.381,636629
2016-12-22,-0.314,634212
2016-12-21,-0.232,636208
2016-12-20,0.404,637686
2016-12-19,0.297,635122
2016-12-16,-0.378,633244
2016-12-15,0.242,635648
2016-12-14,-1.017,634113
2016-12-13,0.849,640629
2016-12-12,-0.055,635238
2016-12-09,0.229,635587
2016-12-08,0.202,634137
2016-12-07,1.427,632858
2016-12-06,0.509,623955
2016-12-05,0.373,620792
2016-12-02,0.166,618484
2016-12-01,-0.319,617462
2016-11-30,-0.249,619439
2016-11-29,0.470,620986
2016-11-28,-0.232,618080
2016-11-25,0.328,619515
2016-11-23,-0.043,617492
2016-11-22,0.013,617755
2016-11-21,0.782,617675
2016-11-18,-0.474,612883
2016-11-17,0.700,615802
2016-11-16,-0.389,611524
2016-11-15,0.445,613911
2016-11-14,-0.127,611193
2016-11-11,-0.378,611970
2016-11-10,0.013,614289
2016-11-09,0.501,614209
2016-11-08,0.142,611147
2016-11-07,2.121,610280
2016-11-04,-0.330,597605
2016-11-03,-0.484,599581
2016-11-02,-0.707,602500
2016-11-01,-0.423,606790
2016-10-31,-0.295,609366
2016-10-28,-0.029,611171
2016-10-27,-0.197,611349
2016-10-26,-0.391,612554
2016-10-25,-0.084,614959
2016-10-24,0.250,615479
2016-10-21,-0.182,613942
2016-10-20,-0.043,615062
2016-10-19,0.250,615325
2016-10-18,0.872,613789
2016-10-17,-0.170,608482
2016-10-14,-0.099,609516
2016-10-13,-0.281,610121
2016-10-12,-0.071,611841
2016-10-11,-1.340,612275
2016-10-10,0.596,620594
2016-10-07,-0.333,616915
2016-10-06,-0.456,618977
2016-10-05,0.414,621811
2016-10-04,-0.084,619246
2016-10-03,-0.469,619766
2016-09-30,0.846,622686
2016-09-29,-0.881,617464
2016-09-28,0.650,622955
2016-09-27,0.570,618933
2016-09-26,-0.925,615425
2016-09-23,-0.645,621173
2016-09-22,0.620,625207
2016-09-21,1.825,621356
2016-09-20,-0.281,610220
2016-09-19,0.139,611940
2016-09-16,-0.309,611089
2016-09-15,0.618,612980
2016-09-14,-0.029,609215
2016-09-13,-1.864,609392
2016-09-12,1.186,620969
2016-09-09,-2.427,613689
2016-09-08,-0.191,628952
2016-09-07,-0.082,630158
2016-09-06,0.697,630678
2016-09-02,0.591,626313
2016-09-01,0.261,622633
2016-08-31,-0.180,621010
2016-08-30,-0.221,622131
2016-08-29,0.524,623508
2016-08-26,-0.208,620257
2016-08-25,-0.468,621548
2016-08-24,-0.438,624469
2016-08-23,0.507,627218
2016-08-22,-0.179,624052
2016-08-19,-0.356,625172
2016-08-18,0.273,627407
2016-08-17,0.095,625699
2016-08-16,-0.288,625104
2016-08-15,0.273,626911
2016-08-12,-0.056,625202
2016-08-11,0.800,625551
2016-08-10,-0.249,620585
2016-08-09,0.442,622134
2016-08-08,0.221,619396
2016-08-05,0.710,618030
2016-08-04,0.253,613673
2016-08-03,-0.252,612127
2016-08-02,-0.431,613676
2016-08-01,-0.445,616331
2016-07-29,0.570,619089
2016-07-28,0.461,615579
2016-07-27,-0.308,612756
2016-07-26,0.181,614648
2016-07-25,-0.099,613539
2016-07-22,0.237,614145
2016-07-21,-0.085,612694
2016-07-20,0.294,613214
2016-07-19,-0.141,611419
2016-07-18,0.224,612282
2016-07-15,-0.295,610916
2016-07-14,0.421,612723
2016-07-13,0.126,610156
2016-07-12,1.166,609390
2016-07-11,0.701,602365
2016-07-08,1.542,598169
2016-07-07,-0.233,589085
2016-07-06,0.232,590463
2016-07-05,-1.180,589097
2016-07-01,0.273,596134
2016-06-30,0.872,594510
2016-06-29,2.200,589371
2016-06-28,1.955,576685
2016-06-27,-2.239,565628
2016-06-24,-5.584,578582
2016-06-23,2.158,612804
2016-06-22,-0.143,599861
2016-06-21,0.325,600720
2016-06-20,1.449,598776
2016-06-17,0.244,590221
2016-06-16,0.143,588786
2016-06-15,0.259,587944
2016-06-14,-0.790,586424
2016-06-13,-0.642,591092
2016-06-10,-1.723,594911
2016-06-09,-0.848,605342
2016-06-08,0.487,610518
2016-06-07,0.448,607558
2016-06-06,0.280,604851
2016-06-03,0.422,603162
2016-06-02,0.098,600624
2016-06-01,0.155,600037
2016-05-31,-0.213,599110
2016-05-27,0.155,600387
2016-05-26,-0.227,599461
2016-05-25,0.968,600822
2016-05-24,1.123,595064
2016-05-23,-0.059,588458
2016-05-20,0.564,588802
2016-05-19,-0.405,585502
2016-05-18,0.201,587881
2016-05-17,-1.313,586700
2016-05-16,1.578,594505
2016-05-13,-1.189,585270
2016-05-12,0.229,592312
2016-05-11,-0.925,590961
2016-05-10,1.091,596477
2016-05-09,0.490,590040
2016-05-06,-0.102,587163
2016-05-05,0.100,587762
2016-05-04,-1.171,587174
2016-05-03,-1.352,594132
2016-05-02,1.326,602276
2016-04-29,-0.639,594397
2016-04-28,-0.997,598218
2016-04-27,0.252,604243
2016-04-26,0.200,602723
2016-04-25,-0.621,601520
2016-04-22,0.407,605278
2016-04-21,-0.796,602825
2016-04-20,0.265,607664
2016-04-19,1.045,606059
2016-04-18,0.639,599790
2016-04-15,-0.313,595980
2016-04-14,0.056,597851
2016-04-13,1.512,597518
2016-04-12,1.121,588620
2016-04-11,-0.436,582097
2016-04-08,1.203,584646
2016-04-07,-1.389,577699
2016-04-06,1.496,585836
2016-04-05,-1.377,577201
2016-04-04,-0.261,585262
2016-04-01,-0.246,586794
2016-03-31,-0.560,588242
2016-03-30,0.605,591554
2016-03-29,0.975,587998
2016-03-28,0.291,582322
2016-03-24,0.145,580631
2016-03-23,-1.215,579789
2016-03-22,0.086,586918
2016-03-21,0.042,586415
2016-03-18,0.042,586166
2016-03-17,0.596,585917
2016-03-16,0.718,582446
2016-03-15,-0.250,578296
2016-03-14,-0.380,579743
2016-03-11,2.356,581953
2016-03-10,-0.387,568559
2016-03-09,0.763,570769
2016-03-08,-1.141,566449
2016-03-07,-0.355,572985
2016-03-04,0.937,575026
2016-03-03,0.568,569689
2016-03-02,0.450,566471
2016-03-01,2.339,563932
2016-02-29,-0.170,551045
2016-02-26,-0.078,551984
2016-02-25,1.243,552413
2016-02-24,0.280,545633
2016-02-23,-1.324,544111
2016-02-22,1.088,551411
2016-02-19,-0.311,545479
2016-02-18,-0.016,547180
2016-02-17,1.557,547270
2016-02-16,2.252,538878
2016-02-12,1.485,527008
2016-02-11,-1.068,519294
2016-02-10,0.112,524897
2016-02-09,-0.962,524308
2016-02-08,-1.469,529403
2016-02-05,-1.891,537297
2016-02-04,0.108,547651
2016-02-03,0.702,547063
2016-02-02,-2.065,543251
2016-02-01,0.060,554708
2016-01-29,1.997,554374
2016-01-28,0.422,543521
2016-01-27,-0.840,541235
2016-01-26,1.787,545821
2016-01-25,-1.528,536240
2016-01-22,2.375,544559
2016-01-21,0.335,531924
2016-01-20,-1.312,530147
2016-01-19,0.603,537194
2016-01-15,-3.200,533975
2016-01-14,1.736,551627
2016-01-13,-2.100,542215
2016-01-12,0.569,553843
2016-01-11,0.153,550709
2016-01-08,-0.523,549866
2016-01-07,-3.239,552756
2016-01-06,-1.161,571258
2016-01-05,-0.701,577966
2016-01-04,-1.438,582044
2015-12-31,-0.590,590535
2015-12-30,-1.114,594038
2015-12-29,1.026,600728
2015-12-28,0.113,594624
2015-12-24,-0.569,593951
2015-12-23,1.572,597351
2015-12-22,0.975,588108
2015-12-21,0.431,582428
2015-12-18,-1.315,579928
2015-12-17,-1.089,587656
2015-12-16,1.200,594125
2015-12-15,0.879,587079
2015-12-14,0.286,581964
2015-12-11,-1.900,580304
2015-12-10,0.056,591545
2015-12-09,-0.580,591215
2015-12-08,-0.952,594662
2015-12-07,-0.764,600376
2015-12-04,1.492,604999
2015-12-03,-0.949,596106
2015-12-02,-0.514,601820
2015-12-01,0.613,604932
2015-11-30,0.209,601244
2015-11-27,-0.308,599991
2015-11-25,-0.029,601843
2015-11-24,0.447,602017
2015-11-23,-0.614,599336
2015-11-20,0.390,603036
2015-11-19,0.041,600691
2015-11-18,0.930,600445
2015-11-17,0.112,594909
2015-11-16,1.512,594243
2015-11-13,-0.692,585392
2015-11-12,-1.239,589469
2015-11-11,-0.106,596863
2015-11-10,0.189,597499
2015-11-09,-1.046,596371
2015-11-06,-0.610,602674
2015-11-05,0.374,606374
2015-11-04,-0.389,604112
2015-11-03,0.305,606469
2015-11-02,0.825,604628
2015-10-30,-0.917,599679
2015-10-29,0.726,605227
2015-10-28,0.251,600866
2015-10-27,-0.155,599361
2015-10-26,-0.085,600290
2015-10-23,0.689,600800
2015-10-22,1.499,596691
2015-10-21,-0.907,587879
2015-10-20,0.127,593259
2015-10-19,-0.185,592509
2015-10-16,-0.001,593607
2015-10-15,1.638,593612
2015-10-14,0.331,584045
2015-10-13,-0.958,582119
2015-10-12,-0.044,587751
2015-10-09,0.271,588008
2015-10-08,0.157,586418
2015-10-07,0.867,585500
2015-10-06,-0.217,580467
2015-10-05,2.819,581732
2015-10-02,0.807,565781
2015-10-01,0.089,561251
2015-09-30,2.691,560753
2015-09-29,-0.338,546061
2015-09-28,-3.435,547914
2015-09-25,0.820,567404
2015-09-24,0.014,562790
2015-09-23,0.029,562711
2015-09-22,-1.646,562549
2015-09-21,-0.089,571961
2015-09-18,-1.689,572470
2015-09-17,0.013,582303
2015-09-16,1.019,582224
2015-09-15,0.970,576350
2015-09-14,-0.197,570812
2015-09-11,-0.069,571937
2015-09-10,0.205,572335
2015-09-09,-1.336,571164
2015-09-08,3.034,578897
2015-09-04,-1.807,561852
2015-09-03,-0.162,572189
2015-09-02,1.577,573118
2015-09-01,-2.977,564220
2015-08-31,-0.931,581529
2015-08-28,0.028,586995
2015-08-27,2.599,586832
2015-08-26,2.575,571969
2015-08-25,0.651,557610
2015-08-24,-3.808,554003
2015-08-21,-3.014,575934
2015-08-20,-2.376,593833
2015-08-19,-1.126,608288
2015-08-18,0.128,615216
2015-08-17,0.246,614432
2015-08-14,0.095,612925
2015-08-13,-0.083,612343
2015-08-12,-0.830,612853
2015-08-11,-0.569,617984
2015-08-10,0.776,621518
2015-08-07,0.163,616735
2015-08-06,-1.067,615733
2015-08-05,0.378,622376
2015-08-04,-0.082,620029
2015-08-03,-0.325,620539
2015-07-31,0.202,622562
2015-07-30,0.134,621307
2015-07-29,0.516,620473
2015-07-28,1.786,617286
2015-07-27,-0.975,606454
2015-07-24,-1.234,612425
2015-07-23,0.352,620076
2015-07-22,-0.528,617898
2015-07-21,-0.217,621181
2015-07-20,-0.257,622531
2015-07-17,-0.028,624134
2015-07-16,0.786,624308
2015-07-15,0.013,619440
2015-07-14,0.861,619362
2015-07-13,0.095,614074
2015-07-10,1.869,613492
2015-07-09,1.962,602237
2015-07-08,-2.714,590647
2015-07-07,0.346,607123
2015-07-06,-1.290,605028
2015-07-02,0.205,612933
2015-07-01,0.816,611678
2015-06-30,-0.042,606726
2015-06-29,-2.695,606984
2015-06-26,0.364,623797
2015-06-25,-0.152,621534
2015-06-24,-0.834,622483
2015-06-23,0.158,627720
2015-06-22,0.124,626730
2015-06-19,0.648,625954
2015-06-18,-0.161,621925
2015-06-17,0.320,622928
2015-06-16,0.243,620940
2015-06-15,-0.550,619435
2015-06-12,-0.690,622862
2015-06-11,0.105,627187
2015-06-10,1.520,626529
2015-06-09,0.108,617150
2015-06-08,-0.671,616485
2015-06-05,-0.108,620650
2015-06-04,-0.994,621320
2015-06-03,-0.186,627555
2015-06-02,0.344,628724
2015-06-01,0.452,626570
2015-05-29,-0.767,623752
2015-05-28,-0.566,628576
2015-05-27,0.727,632153
2015-05-26,-1.450,627591
2015-05-22,-0.178,636827
2015-05-21,0.270,637965
2015-05-20,-0.804,636246
2015-05-19,1.819,641403
2015-05-18,-0.838,629947
2015-05-15,0.248,635269
2015-05-14,0.739,633696
2015-05-13,0.623,629051
2015-05-12,-0.555,625157
2015-05-11,-0.172,628647
2015-05-08,1.363,629733
2015-05-07,0.375,621266
2015-05-06,-0.468,618946
2015-05-05,-1.280,621860
2015-05-04,1.038,629923
2015-05-01,0.360,623450
2015-04-30,-0.467,621213
2015-04-29,-0.715,624126
2015-04-28,0.171,628618
2015-04-27,-0.107,627544
2015-04-24,0.424,628215
2015-04-23,0.439,625562
2015-04-22,0.334,622827
2015-04-21,-0.374,620756
2015-04-20,1.091,623087
2015-04-17,-1.068,616364
2015-04-16,0.193,623017
2015-04-15,0.072,621816
2015-04-14,0.388,621367
2015-04-13,-0.562,618963
2015-04-10,0.888,622459
2015-04-09,-0.095,616982
2015-04-08,0.282,617569
2015-04-07,-0.634,615830
2015-04-06,1.264,619757
2015-04-02,0.669,612019
2015-04-01,-0.409,607954
2015-03-31,-0.178,610452
2015-03-30,0.285,611538
2015-03-27,0.067,609799
2015-03-26,-1.173,609390
2015-03-25,-0.803,616624
2015-03-24,-0.374,621616
2015-03-23,0.369,623948
2015-03-20,1.523,621652
2015-03-19,-0.862,612327
2015-03-18,1.751,617651
2015-03-17,-0.274,607020
2015-03-16,1.187,608688
2015-03-13,-0.537,601547
2015-03-12,1.082,604794
2015-03-11,0.110,598318
2015-03-10,-2.017,597659
2015-03-09,0.519,609964
2015-03-06,-1.312,606812
2015-03-05,-0.122,614878
2015-03-04,-0.301,615632
2015-03-03,-0.546,617491
2015-03-02,0.227,620880
2015-02-27,-0.001,619473
2015-02-26,-0.329,619479
2015-02-25,-0.108,621521
2015-02-24,0.651,622191
2015-02-23,0.228,618167
2015-02-20,0.623,616760
2015-02-19,-0.278,612942
2015-02-18,0.413,614652
2015-02-17,0.889,612123
2015-02-13,0.426,606726
2015-02-12,0.975,604155
2015-02-11,-0.004,598323
2015-02-10,0.967,598349
2015-02-09,-0.725,592619
2015-02-06,-0.265,596947
2015-02-05,1.108,598532
2015-02-04,-0.657,591971
2015-02-03,0.829,595884
2015-02-02,1.759,590985
2015-01-30,-0.965,580767
2015-01-29,-0.241,586425
2015-01-28,-1.395,587843
2015-01-27,-0.293,596161
2015-01-26,1.252,597913
2015-01-23,-0.644,590520
2015-01-22,1.245,594349
2015-01-21,-0.185,587040
2015-01-20,0.510,588126
2015-01-16,1.338,585139
2015-01-15,-0.687,577414
2015-01-14,-0.051,581410
2015-01-13,-0.717,581709
2015-01-12,-0.182,585910
2015-01-09,-0.955,586980
2015-01-08,2.219,592638
2015-01-07,1.013,579775
2015-01-06,-1.330,573961
2015-01-05,-2.346,581698
2015-01-02,-0.015,595670
2014-12-31,-0.914,595759
2014-12-30,-0.592,601252
2014-12-29,-0.289,604833
2014-12-26,0.123,606584
2014-12-24,0.454,605842
2014-12-23,0.270,603104
2014-12-22,0.421,601479
2014-12-19,0.319,598958
2014-12-18,2.864,597052
2014-12-17,1.346,580428
2014-12-16,-0.870,572718
2014-12-15,-0.751,577746
2014-12-12,-1.547,582116
2014-12-11,0.069,591263
2014-12-10,-1.376,590856
2014-12-09,-0.248,599097
2014-12-08,-0.628,600585
2014-12-05,0.382,604379
2014-12-04,-0.432,602079
2014-12-03,0.569,604690
2014-12-02,-0.165,601267
2014-12-01,-0.206,602261
2014-11-28,-0.287,603502
2014-11-26,0.108,605237
2014-11-25,0.054,604584
2014-11-24,-0.001,604260
2014-11-21,0.935,604266
2014-11-20,0.260,598668
2014-11-19,-0.650,597113
2014-11-18,0.266,601022
2014-11-17,0.247,599429
2014-11-14,0.445,597953
2014-11-13,-0.330,595303
2014-11-12,-0.240,597272
2014-11-11,0.449,598711
2014-11-10,0.254,596034
2014-11-07,-0.015,594522
2014-11-06,0.027,594610
2014-11-05,0.472,594451
2014-11-04,-0.431,591656
2014-11-03,0.207,594215
2014-10-31,1.336,592985
2014-10-30,0.027,585166
2014-10-29,-0.296,585006
2014-10-28,1.524,586742
2014-10-27,0.070,577933
2014-10-24,-0.285,577527
2014-10-23,1.106,579180
2014-10-22,-0.715,572843
2014-10-21,1.801,576966
2014-10-20,0.552,566757
2014-10-17,1.787,563646
2014-10-16,-0.308,553752
2014-10-15,0.113,555463
2014-10-14,-0.694,554834
2014-10-13,-1.008,558711
2014-10-10,-0.826,564401
2014-10-09,-2.815,569102
2014-10-08,2.261,585584
2014-10-07,-1.296,572639
2014-10-06,-0.439,580158
2014-10-03,0.797,582717
2014-10-02,-0.947,578109
2014-10-01,-0.757,583635
2014-09-30,-0.127,588089
2014-09-29,-0.377,588837
2014-09-26,-0.140,591067
2014-09-25,-0.936,591896
2014-09-24,0.411,597487
2014-09-23,-1.434,595039
2014-09-22,-0.136,603696
2014-09-19,-0.001,604517
2014-09-18,1.114,604523
2014-09-17,-0.604,597863
2014-09-16,0.730,601494
2014-09-15,-0.276,597132
2014-09-12,-0.042,598786
2014-09-11,-0.643,599039
2014-09-10,0.314,602918
2014-09-09,-0.302,601028
2014-09-08,-0.391,602847
2014-09-05,-0.635,605211
2014-09-04,0.196,609080
2014-09-03,0.736,607890
2014-09-02,-0.706,603446
2014-08-29,0.298,607737
2014-08-28,-0.177,605930
2014-08-27,-0.015,607007
2014-08-26,0.421,607095
2014-08-25,0.824,604547
2014-08-22,-0.900,599608
2014-08-21,0.795,605052
2014-08-20,0.110,600278
2014-08-19,0.260,599617
2014-08-18,1.086,598065
2014-08-15,-0.196,591641
2014-08-14,0.643,592801
2014-08-13,0.619,589016
2014-08-12,-0.282,585395
2014-08-11,0.456,587049
2014-08-08,0.632,584384
2014-08-07,-0.411,580715
2014-08-06,-0.325,583110
2014-08-05,-1.363,585011
2014-08-04,-0.001,593093
2014-08-01,0.274,593099
2014-07-31,-1.777,591477
2014-07-30,-0.369,602177
2014-07-29,0.095,604409
2014-07-28,-0.378,603837
2014-07-25,-0.478,606130
2014-07-24,0.067,609042
2014-07-23,0.366,608635
2014-07-22,0.244,606416
2014-07-21,-0.218,604938
2014-07-18,1.239,606262
2014-07-17,-1.426,598844
2014-07-16,0.531,607510
2014-07-15,0.122,604301
2014-07-14,0.548,603565
2014-07-11,0.413,600274
2014-07-10,-0.984,597807
2014-07-09,0.839,603747
2014-07-08,-1.238,598724
2014-07-07,-0.797,606232
2014-07-03,0.378,611101
2014-07-02,0.311,608799
2014-07-01,0.904,606909
2014-06-30,0.095,601473
2014-06-27,-0.001,600902
2014-06-26,0.288,600908
2014-06-25,0.083,599182
2014-06-24,-0.622,598686
2014-06-23,-0.176,602433
2014-06-20,0.134,603497
2014-06-19,0.515,602689
2014-06-18,0.481,599604
2014-06-17,0.254,596735
2014-06-16,0.041,595222
2014-06-13,0.191,594978
2014-06-12,-0.804,593844
2014-06-11,-0.191,598656
2014-06-10,-0.514,599801
2014-06-09,0.124,602898
2014-06-06,0.676,602151
2014-06-05,0.327,598109
2014-06-04,0.040,596162
2014-06-03,0.617,595924
2014-06-02,-0.275,592269
2014-05-30,0.070,593901
2014-05-29,0.271,593484
2014-05-28,0.594,591879
2014-05-27,0.625,588386
2014-05-23,0.090,584730
2014-05-22,-0.202,584207
2014-05-21,0.657,585392
2014-05-20,0.595,581573
2014-05-19,-0.001,578132
2014-05-16,-0.719,578138
2014-05-15,-0.860,582323
2014-05-14,0.542,587373
2014-05-13,-0.140,584205
2014-05-12,0.208,585025
2014-05-09,-0.334,583810
2014-05-08,1.308,585768
2014-05-07,-0.769,578206
2014-05-06,-0.168,582687
2014-05-05,0.616,583669
2014-05-02,-1.207,580094
2014-05-01,1.992,587179
2014-04-30,-1.243,575711
2014-04-29,1.992,582959
2014-04-28,-1.030,571572
2014-04-25,-0.503,577518
2014-04-24,0.038,580437
2014-04-23,-0.001,580214
2014-04-22,0.705,580220
2014-04-21,-0.472,576156
2014-04-17,0.714,578888
2014-04-16,1.625,574784
2014-04-15,-0.829,565593
2014-04-14,0.400,570319
2014-04-11,-0.684,568046
2014-04-10,-0.115,571957
2014-04-09,-0.402,572614
2014-04-08,1.367,574928
2014-04-07,-0.854,567173
2014-04-04,-0.651,572061
2014-04-03,-0.981,575810
2014-04-02,0.263,581513
2014-04-01,0.095,579988
2014-03-31,1.865,579440
2014-03-28,-0.084,568832
2014-03-27,-1.260,569310
2014-03-26,0.825,576575
2014-03-25,0.774,571860
2014-03-24,-0.387,567470
2014-03-21,-0.470,569673
2014-03-20,-0.440,572365
2014-03-19,1.261,574893
2014-03-18,0.373,567737
2014-03-17,-0.001,565625
2014-03-14,-0.459,565631
2014-03-13,-0.923,568241
2014-03-12,0.232,573537
2014-03-11,-1.037,572208
2014-03-10,-0.655,578204
2014-03-07,-0.127,582019
2014-03-06,0.632,582757
2014-03-05,0.338,579100
2014-03-04,1.279,577152
2014-03-03,-1.318,569863
2014-02-28,1.629,577472
2014-02-27,-0.565,568213
2014-02-26,-0.446,571443
2014-02-25,-0.467,574004
2014-02-24,0.983,576696
2014-02-21,-0.001,571084
2014-02-20,0.278,571090
2014-02-19,0.049,569508
2014-02-18,0.243,569228
2014-02-14,0.278,567850
2014-02-13,0.253,566276
2014-02-12,0.201,564848
2014-02-11,1.673,563714
2014-02-10,-0.074,554438
2014-02-07,1.097,554849
2014-02-06,1.719,548830
2014-02-05,-0.167,539554
2014-02-04,0.481,540455
2014-02-03,-1.958,537867
2014-01-31,-0.577,548607
2014-01-30,0.355,551788
2014-01-29,-1.107,549839
2014-01-28,0.848,555991
2014-01-27,-0.588,551315
2014-01-24,-1.661,554577
2014-01-23,-1.351,563946
2014-01-22,0.082,571671
2014-01-21,0.400,571204
2014-01-17,-0.187,568930
2014-01-16,-0.030,569994
2014-01-15,0.907,570162
2014-01-14,-0.159,565037
2014-01-13,-0.402,565938
2014-01-10,1.203,568224
2014-01-09,-0.999,561470
2014-01-08,-0.252,567135
2014-01-07,1.246,568566
2014-01-06,-0.849,561568
2014-01-03,-0.001,566378
2014-01-02,-1.026,566383
2013-12-31,0.644,572252
2013-12-30,0.837,568593
2013-12-27,-0.439,563876
2013-12-26,1.478,566359
2013-12-24,-0.753,558111
2013-12-23,1.142,562344
2013-12-20,-0.001,555996
2013-12-19,-0.087,556001
2013-12-18,1.621,556488
2013-12-17,-0.389,547613
2013-12-16,1.352,549754
2013-12-13,0.260,542422
2013-12-12,-1.301,541018
2013-12-11,-1.126,548150
2013-12-10,-0.176,554392
2013-12-09,0.148,555369
2013-12-06,1.122,554548
2013-12-05,-0.515,548398
2013-12-04,-0.048,551238
2013-12-03,-0.686,551502
2013-12-02,-1.453,555314
2013-11-29,1.104,563500
2013-11-27,0.159,557350
2013-11-26,-0.138,556464
2013-11-25,-1.002,557232
2013-11-22,0.360,562873
2013-11-21,1.763,560854
2013-11-20,0.056,551139
2013-11-19,-2.453,550829
2013-11-18,2.078,564677
2013-11-15,0.426,553180
2013-11-14,-0.035,550836
2013-11-13,0.165,551028
2013-11-12,1.282,550118
2013-11-11,-0.001,543156
2013-11-08,-1.195,543161
2013-11-07,0.176,549728
2013-11-06,-0.748,548761
2013-11-05,-0.540,552898
2013-11-04,0.424,555901
2013-11-01,0.213,553556
2013-10-31,-0.171,552379
2013-10-30,-0.453,553324
2013-10-29,0.101,555841
2013-10-28,0.645,555279
2013-10-25,0.316,551720
2013-10-24,0.436,549983
2013-10-23,-0.805,547598
2013-10-22,0.840,552043
2013-10-21,-0.370,547447
2013-10-18,0.191,549478
2013-10-17,0.760,548429
2013-10-16,3.192,544294
2013-10-15,-0.551,527456
2013-10-14,-1.089,530377
2013-10-11,2.066,536216
2013-10-10,-0.016,525363
2013-10-09,1.296,525449
2013-10-08,-1.098,518729
2013-10-07,-0.630,524487
2013-10-04,0.477,527814
2013-10-03,-0.873,525307
2013-10-02,-0.895,529931
2013-10-01,-0.753,534717
2013-09-30,0.135,538774
2013-09-27,-0.585,538049
2013-09-26,-0.001,541215
2013-09-25,1.844,541220
2013-09-24,-1.370,531420
2013-09-23,-0.390,538799
2013-09-20,0.390,540911
2013-09-19,-0.688,538810
2013-09-18,2.952,542542
2013-09-17,0.354,526988
2013-09-16,0.386,525129
2013-09-13,-0.540,523108
2013-09-12,1.437,525950
2013-09-11,-0.001,518499
2013-09-10,-0.001,518504
2013-09-09,-0.545,518509
2013-09-06,0.499,521350
2013-09-05,1.683,518762
2013-09-04,-0.001,510176
2013-09-03,-0.001,510181
2013-08-30,1.042,510186
2013-08-29,-2.014,504922
2013-08-28,2.457,515301
2013-08-27,-3.672,502946
2013-08-26,-0.187,522119
2013-08-23,-0.001,523097
2013-08-22,2.447,523102
2013-08-21,-0.792,510609
2013-08-20,-0.001,514682
2013-08-19,-0.001,514686
2013-08-16,-2.578,514692
2013-08-15,-1.838,528314
2013-08-14,0.225,538208
2013-08-13,-0.001,536998
2013-08-12,-0.556,537003
2013-08-09,0.001,540007
2013-08-08,2.569,540004
2013-08-07,-0.871,526480
2013-08-06,-1.194,531106
2013-08-05,2.205,537525
2013-08-02,-0.001,525928
2013-08-01,1.327,525933
2013-07-31,-2.305,519047
2013-07-30,-0.001,531293
2013-07-29,2.386,531297
2013-07-26,-0.449,518916
2013-07-25,0.704,521256
2013-07-24,-0.225,517613
2013-07-23,-0.833,518780
2013-07-22,-1.976,523135
2013-07-19,-0.001,533680
2013-07-18,2.061,533685
2013-07-17,-0.393,522907
2013-07-16,2.425,524971
2013-07-15,-0.598,512540
2013-07-12,1.241,515626
2013-07-11,1.322,509307
2013-07-10,-0.001,502663
2013-07-09,-0.001,502668
2013-07-08,-0.001,502673
2013-07-05,1.207,502678
2013-07-03,1.322,496683
2013-07-02,-0.084,490201
2013-07-01,-0.001,490611
2013-06-28,-0.001,490616
2013-06-27,-2.159,490620
2013-06-26,5.423,501446
2013-06-25,-0.001,475652
2013-06-24,-5.069,475657
2013-06-21,-0.162,501057
2013-06-20,-3.489,501868
2013-06-19,-0.140,520013
2013-06-18,-0.001,520744
2013-06-17,0.889,520749
2013-06-14,-0.001,516158
2013-06-13,0.007,516163
2013-06-12,4.173,516128
2013-06-11,-1.318,495452
2013-06-10,0.354,502068
2013-06-07,-0.306,500299
2013-06-06,-0.001,501835
2013-06-05,-3.054,501840
2013-06-04,2.752,517649
2013-06-03,-1.777,503785
2013-05-31,1.289,512901
2013-05-30,-0.001,506375
2013-05-29,-0.397,506380
2013-05-28,0.718,508400
2013-05-24,-2.675,504777
2013-05-23,-0.001,518651
2013-05-22,-2.723,518656
2013-05-21,2.622,533176
2013-05-20,-0.725,519553
2013-05-17,-1.384,523348
2013-05-16,3.263,530691
2013-05-15,-0.001,513923
2013-05-14,-1.789,513928
2013-05-13,0.370,523287
2013-05-10,-0.232,521357
2013-05-09,1.186,522571
2013-05-08,0.407,516447
2013-05-07,0.235,514355
2013-05-06,0.999,513150
2013-05-03,0.558,508075
2013-05-02,2.051,505257
2013-05-01,-0.985,495100
2013-04-30,1.141,500023
2013-04-29,0.491,494383
2013-04-26,-4.718,491969
2013-04-25,4.556,516330
2013-04-24,1.049,493833
2013-04-23,1.158,488708
2013-04-22,-0.001,483115
2013-04-19,-0.001,483120
2013-04-18,0.217,483125
2013-04-17,-2.576,482081
2013-04-16,1.757,494829
2013-04-15,-2.539,486284
2013-04-12,-0.675,498952
2013-04-11,1.088,502345
2013-04-10,1.230,496937
2013-04-09,1.264,490900
2013-04-08,-0.001,484775
2013-04-05,-0.580,484779
2013-04-04,1.018,487607
2013-04-03,-1.385,482691
2013-04-02,1.132,489472
2013-04-01,-0.614,483991
2013-03-28,-0.001,486980
2013-03-27,-0.001,486985
2013-03-26,0.498,486990
2013-03-25,-0.382,484574
2013-03-22,0.533,486434
2013-03-21,0.016,483857
2013-03-20,0.066,483782
2013-03-19,-0.532,483463
2013-03-18,-0.660,486049
2013-03-15,0.131,489281
2013-03-14,1.236,488639
2013-03-13,-0.051,482675
2013-03-12,-0.151,482921
2013-03-11,-0.515,483652
2013-03-08,1.106,486157
2013-03-07,0.218,480838
2013-03-06,-0.303,479793
2013-03-05,1.669,481250
2013-03-04,-0.479,473348
2013-03-01,-0.285,475629
2013-02-28,0.287,476988
2013-02-27,1.357,475621
2013-02-26,-1.277,469254
2013-02-25,0.053,475322
2013-02-22,0.942,475070
2013-02-21,-2.214,470636
2013-02-20,0.056,481291
2013-02-19,0.515,481022
2013-02-15,-0.001,478557
2013-02-14,-0.001,478562
2013-02-13,0.202,478566
2013-02-12,-0.354,477603
2013-02-11,-0.119,479301
2013-02-08,0.184,479871
2013-02-07,-0.001,478988
2013-02-06,-1.360,478993
2013-02-05,1.996,485598
2013-02-04,-0.781,476097
2013-02-01,1.222,479845
2013-01-31,-0.144,474053
2013-01-30,-0.001,474738
2013-01-29,0.238,474743
2013-01-28,0.461,473618
2013-01-25,-0.765,471443
2013-01-24,-0.001,475079
2013-01-23,2.186,475084
2013-01-22,-0.001,464920
2013-01-18,0.138,464924
2013-01-17,-0.001,464283
2013-01-16,-0.001,464288
2013-01-15,0.016,464292
2013-01-14,-0.001,464216
2013-01-11,0.523,464220
2013-01-10,1.507,461803
2013-01-09,-0.001,454948
2013-01-08,-0.231,454952
2013-01-07,-0.582,456005
2013-01-04,-1.235,458673
2013-01-03,2.292,464408
2013-01-02,0.249,454001
2012-12-31,0.464,452874
2012-12-28,-0.180,450781
2012-12-27,-0.587,451592
2012-12-26,-0.001,454260
2012-12-24,-0.001,454264
2012-12-21,-0.001,454269
2012-12-20,0.769,454273
2012-12-19,-0.001,450807
2012-12-18,0.120,450811
2012-12-17,1.361,450269
2012-12-14,-0.001,444222
2012-12-13,-0.001,444226
2012-12-12,-0.001,444230
2012-12-11,-0.001,444235
2012-12-10,-0.001,444239
2012-12-07,0.323,444243
2012-12-06,-0.466,442814
2012-12-05,1.231,444889
2012-12-04,-0.455,439478
2012-12-03,-0.536,441487
2012-11-30,-0.001,443866
2012-11-29,1.069,443870
2012-11-28,-0.001,439176
2012-11-27,2.015,439180
2012-11-26,-0.001,430504
2012-11-23,-0.001,430508
2012-11-21,-0.001,430512
2012-11-20,-0.333,430517
2012-11-19,2.339,431954
2012-11-16,-0.001,422083
2012-11-15,-0.001,422087
2012-11-14,-1.037,422091
2012-11-13,-0.401,426513
2012-11-12,-0.001,428231
2012-11-09,-2.503,428236
2012-11-08,-0.001,439230
2012-11-07,-0.001,439235
2012-11-06,-0.398,439239
2012-11-05,-0.001,440995
2012-11-02,0.017,440999
2012-11-01,1.021,440924
2012-10-31,-0.001,436468
2012-10-26,-0.001,436472
2012-10-25,-2.457,436476
2012-10-24,-0.001,447472
2012-10-23,-0.001,447476
2012-10-22,-0.001,447481
2012-10-19,-0.001,447485
2012-10-18,1.279,447489
2012-10-17,-0.001,441838
2012-10-16,-0.001,441842
2012-10-15,-0.001,441846
2012-10-12,-0.001,441851
2012-10-11,0.671,441855
2012-10-10,-0.918,438912
2012-10-09,-1.016,442978
2012-10-08,0.734,447523
2012-10-05,-0.001,444261
2012-10-04,-0.001,444266
2012-10-03,-0.518,444270
2012-10-02,-0.001,446584
2012-10-01,-0.001,446589
2012-09-28,-0.001,446593
2012-09-27,0.917,446597
2012-09-26,-1.995,442538
2012-09-25,-0.001,451545
2012-09-24,-0.001,451549
2012-09-21,0.123,451553
2012-09-20,-0.001,451000
2012-09-19,-0.001,451004
2012-09-18,-0.265,451009
2012-09-17,-0.406,452208
2012-09-14,0.495,454053
2012-09-13,2.032,451818
2012-09-12,0.215,442820
2012-09-11,0.561,441868
2012-09-10,-0.272,439402
2012-09-07,3.113,440601
2012-09-06,-0.001,427300
2012-09-05,-0.057,427304
2012-09-04,-0.001,427547
2012-08-31,0.467,427551
2012-08-30,-1.075,425563
2012-08-29,-0.001,430188
2012-08-28,-0.001,430193
2012-08-27,0.408,430197
2012-08-24,-0.001,428448
2012-08-23,-0.242,428452
2012-08-22,0.129,429492
2012-08-21,-0.001,428938
2012-08-20,-0.001,428942
2012-08-17,0.786,428947
2012-08-16,-0.001,425603
2012-08-15,-0.001,425608
2012-08-14,-0.001,425612
2012-08-13,-0.001,425616
2012-08-10,-0.001,425620
2012-08-09,-0.001,425624
2012-08-08,0.621,425628
2012-08-07,-0.001,423002
2012-08-06,3.247,423006
2012-08-03,-1.684,409701
2012-08-02,-0.515,416718
2012-08-01,-0.001,418874
2012-07-31,-0.001,418878
2012-07-30,1.173,418882
2012-07-27,0.853,414024
2012-07-26,-0.810,410522
2012-07-25,-0.001,413873
2012-07-24,-0.001,413877
2012-07-23,-0.001,413881
2012-07-20,-0.001,413885
2012-07-19,-0.001,413889
2012-07-18,1.227,413893
2012-07-17,-0.001,408875
2012-07-16,-0.001,408879
2012-07-13,-0.001,408883
2012-07-12,-0.001,408887
2012-07-11,-0.001,408891
2012-07-10,-0.001,408895
2012-07-09,0.844,408899
2012-07-06,-0.001,405475
2012-07-05,-0.001,405479
2012-07-03,-0.001,405483
2012-07-02,-0.001,405487
2012-06-29,-0.001,405490
2012-06-28,-0.001,405494
2012-06-27,-0.001,405498
2012-06-26,-0.001,405502
2012-06-25,-0.001,405506
2012-06-22,-0.001,405510
2012-06-21,-1.715,405514
2012-06-20,-0.267,412591
2012-06-19,4.546,413695
2012-06-18,-0.001,395705
2012-06-15,-0.001,395709
2012-06-14,-0.001,395713
2012-06-13,-0.001,395716
2012-06-12,-0.001,395720
2012-06-11,-0.001,395724
2012-06-08,-0.001,395728
2012-06-07,-0.001,395732
2012-06-06,2.087,395735
2012-06-05,-2.298,387645
2012-06-04,-0.001,396764
2012-06-01,-0.001,396768
2012-05-31,-0.454,396772
2012-05-30,1.115,398583
2012-05-29,-0.001,394186
2012-05-25,-0.001,394190
2012-05-24,-0.001,394194
2012-05-23,-0.556,394197
2012-05-22,-0.001,396402
2012-05-21,-0.001,396405
2012-05-18,-0.864,396409
2012-05-17,-2.081,399863
2012-05-16,-0.001,408363
2012-05-15,-0.001,408367
2012-05-14,-1.405,408371
2012-05-11,-0.001,414191
2012-05-10,-0.001,414194
2012-05-09,-1.845,414198
2012-05-08,-0.001,421983
2012-05-07,-2.098,421988
2012-05-04,-0.001,431030
2012-05-03,-0.001,431034
2012-05-02,-0.958,431039
2012-05-01,0.307,435209
2012-04-30,-0.001,433876
2012-04-27,1.154,433881
2012-04-26,-0.001,428933
2012-04-25,-0.001,428937
2012-04-24,-0.001,428941
2012-04-23,-0.001,428945
2012-04-20,-0.001,428949
2012-04-19,-0.001,428953
2012-04-18,-0.001,428957
2012-04-17,2.014,428961
2012-04-16,-1.471,420491
2012-04-13,-0.003,426768
2012-04-12,1.553,426780
2012-04-11,0.924,420252
2012-04-10,-1.564,416404
2012-04-09,-0.810,423019
2012-04-05,-1.329,426474
2012-04-04,-0.001,432217
2012-04-03,-0.001,432221
2012-04-02,-0.001,432225
2012-03-30,0.382,432230
2012-03-29,-0.582,430583
2012-03-28,-1.043,433103
2012-03-27,1.698,437667
2012-03-26,-0.001,430359
2012-03-23,-0.001,430363
2012-03-22,-0.001,430367
2012-03-21,-0.001,430371
2012-03-20,-0.001,430376
2012-03-19,-0.001,430380
2012-03-16,-0.001,430384
2012-03-15,-0.001,430388
2012-03-14,0.865,430392
2012-03-13,-0.001,426701
2012-03-12,-0.001,426705
2012-03-09,0.369,426709
2012-03-08,-0.754,425140
2012-03-07,-0.001,428368
2012-03-06,-0.001,428372
2012-03-05,-0.001,428376
2012-03-02,-0.946,428380
2012-03-01,-0.001,432473
2012-02-29,-0.001,432477
2012-02-28,-0.001,432481
2012-02-27,-0.001,432486
2012-02-24,-0.001,432490
2012-02-23,-0.001,432494
2012-02-22,-0.001,432498
2012-02-21,2.668,432502
2012-02-17,-0.001,421261
2012-02-16,-0.001,421265
2012-02-15,-0.001,421269
2012-02-14,-0.001,421273
2012-02-13,-0.001,421277
2012-02-10,-0.001,421281
2012-02-09,-0.001,421285
2012-02-08,-0.001,421289
2012-02-07,-0.001,421293
2012-02-06,-0.001,421297
2012-02-03,1.151,421301
2012-02-02,-0.001,416508
2012-02-01,2.535,416512
2012-01-31,-0.001,406213
2012-01-30,-0.001,406217
2012-01-27,-0.001,406220
2012-01-26,-0.001,406224
2012-01-25,-0.001,406228
2012-01-24,-0.252,406232
2012-01-23,-0.001,407258
2012-01-20,-0.001,407262
2012-01-19,2.941,407266
2012-01-18,-0.001,395629
2012-01-17,-0.001,395633
2012-01-13,-0.001,395637
2012-01-12,0.256,395640
2012-01-11,-0.265,394631
2012-01-10,1.269,395680
2012-01-09,0.070,390723
2012-01-06,-0.435,390449
2012-01-05,-0.547,392154
2012-01-04,-0.197,394311
2012-01-03,1.993,395091
2011-12-30,0.430,387370
2011-12-29,0.825,385710
2011-12-28,-1.297,382555
2011-12-27,0.117,387581
2011-12-23,0.749,387130
2011-12-22,0.812,384252
2011-12-21,0.024,381158
2011-12-20,2.527,381066
2011-12-19,-0.969,371675
2011-12-16,0.318,375310
2011-12-15,0.338,374120
2011-12-14,-1.749,372859
2011-12-13,-0.804,379498
2011-12-12,-1.541,382575
2011-12-09,1.081,388564
2011-12-08,-1.892,384410
2011-12-07,0.318,391822
2011-12-06,-0.471,390580
2011-12-05,0.987,392426
2011-12-02,0.271,388591
2011-12-01,-0.011,387542
2011-11-30,3.953,387585
2011-11-29,0.663,372848
2011-11-28,3.153,370391
2011-11-25,-0.454,359070
2011-11-23,-2.149,360709
2011-11-22,-0.326,368632
2011-11-21,-2.281,369839
2011-11-18,-0.442,378471
2011-11-17,-1.378,380151
2011-11-16,-0.991,385462
2011-11-15,-0.273,389320
2011-11-14,-0.899,390387
2011-11-11,2.251,393929
2011-11-10,-0.111,385256
2011-11-09,-2.879,385683
2011-11-08,0.911,397115
2011-11-07,0.188,393530
2011-11-04,-0.305,392791
2011-11-03,1.476,393995
2011-11-02,1.264,388264
2011-11-01,-3.491,383416
2011-10-31,-2.942,397285
2011-10-28,0.273,409325
2011-10-27,4.201,408210
2011-10-26,0.389,391752
2011-10-25,-1.326,390235
2011-10-24,1.475,395480
2011-10-21,2.350,389732
2011-10-20,-0.683,380784
2011-10-19,-0.211,383402
2011-10-18,0.487,384214
2011-10-17,-1.221,382353
2011-10-14,1.471,387079
2011-10-13,-0.550,381469
2011-10-12,1.429,383578
2011-10-11,0.238,378175
2011-10-10,2.698,377276
2011-10-07,0.206,367364
2011-10-06,2.529,366608
2011-10-05,2.036,357565
2011-10-04,-0.025,350430
2011-10-03,-2.646,350516
2011-09-30,-2.264,360044
2011-09-29,0.648,368385
2011-09-28,-1.450,366014
2011-09-27,2.770,371399
2011-09-26,1.327,361388
2011-09-23,0.518,356654
2011-09-22,-4.207,354817
2011-09-21,-2.127,370399
2011-09-20,0.469,378448
2011-09-19,-1.644,376681
2011-09-16,0.561,382978
2011-09-15,2.138,380840
2011-09-14,0.922,372866
2011-09-13,1.081,369458
2011-09-12,-1.048,365507
2011-09-09,-2.987,369380
2011-09-08,-0.323,380751
2011-09-07,2.784,381984
2011-09-06,-2.819,371639
2011-09-02,-2.316,382422
2011-09-01,-0.658,391487
2011-08-31,1.264,394080
2011-08-30,0.451,389163
2011-08-29,2.413,387415
2011-08-26,0.732,378285
2011-08-25,-1.189,375537
2011-08-24,0.945,380054
2011-08-23,2.341,376496
2011-08-22,-0.025,367885
2011-08-19,-1.406,367978
2011-08-18,-4.370,373227
2011-08-17,0.343,390284
2011-08-16,-0.674,388949
2011-08-15,2.048,391587
2011-08-12,1.226,383729
2011-08-11,3.211,379083
2011-08-10,-2.936,367289
2011-08-09,2.827,378399
2011-08-08,-5.114,367998
2011-08-05,-1.181,387829
2011-08-04,-4.299,392465
2011-08-03,-0.484,410094
2011-08-02,-2.141,412090
2011-08-01,-0.671,421107
2011-07-29,-0.501,423951
2011-07-28,-0.474,426083
2011-07-27,-1.734,428111
2011-07-26,0.109,435666
2011-07-25,-0.574,435191
2011-07-22,0.374,437701
2011-07-21,1.483,436072
2011-07-20,0.583,429699
2011-07-19,1.503,427209
2011-07-18,-1.227,420883
2011-07-15,0.178,426110
2011-07-14,-0.720,425351
2011-07-13,1.006,428435
2011-07-12,-0.573,424166
2011-07-11,-2.106,426610
2011-07-08,-0.683,435789
2011-07-07,0.779,438787
2011-07-06,-0.280,435394
2011-07-05,0.163,436615
2011-07-01,0.955,435902
2011-06-30,1.311,431780
2011-06-29,1.361,426192
2011-06-28,1.161,420468
2011-06-27,0.496,415641
2011-06-24,-0.474,413590
2011-06-23,-1.381,415560
2011-06-22,-0.168,421379
2011-06-21,1.582,422087
2011-06-20,0.083,415513
2011-06-17,0.551,415166
2011-06-16,-0.804,412891
2011-06-15,-1.672,416237
2011-06-14,1.349,423315
2011-06-13,0.016,417681
2011-06-10,-1.478,417614
2011-06-09,0.468,423879
2011-06-08,-0.758,421905
2011-06-07,0.165,425128
2011-06-06,-0.778,424430
2011-06-03,-0.394,427759
2011-06-02,-0.754,429451
2011-06-01,-1.369,432713
2011-05-31,1.218,438721
2011-05-27,0.879,433442
2011-05-26,0.523,429663
2011-05-25,0.347,427427
2011-05-24,0.159,425948
2011-05-23,-1.684,425271
2011-05-20,-0.657,432556
2011-05-19,0.284,435415
2011-05-18,0.970,434184
2011-05-17,-0.537,430011
2011-05-16,-0.460,432331
2011-05-13,-0.572,434327
2011-05-12,-0.443,436825
2011-05-11,-0.611,438767
2011-05-10,0.936,441463
2011-05-09,-0.391,437368
2011-05-06,0.317,439083
2011-05-05,-1.136,437697
2011-05-04,-0.810,442729
2011-05-03,-0.622,446346
2011-05-02,0.251,449141
2011-04-29,0.288,448015
2011-04-28,0.995,446730
2011-04-27,0.364,442327
2011-04-26,0.686,440725
2011-04-25,-0.253,437721
2011-04-21,0.818,438831
2011-04-20,1.957,435270
2011-04-19,0.580,426913
2011-04-18,-1.554,424452
2011-04-15,0.116,431154
2011-04-14,-0.153,430655
2011-04-13,0.378,431316
2011-04-12,-1.095,429691
2011-04-11,-0.203,434448
2011-04-08,0.470,435334
2011-04-07,-0.266,433299
2011-04-06,0.407,434452
2011-04-05,-0.146,432692
2011-04-04,0.330,433323
2011-04-01,0.498,431898
2011-03-31,-0.077,429758
2011-03-30,0.930,430091
2011-03-29,0.266,426129
2011-03-28,-0.319,424997
2011-03-25,0.142,426356
2011-03-24,0.954,425753
2011-03-23,0.051,421731
2011-03-22,0.279,421517
2011-03-21,1.580,420343
2011-03-18,0.582,413804
2011-03-17,1.554,411409
2011-03-16,-0.908,405114
2011-03-15,-2.261,408827
2011-03-14,-1.045,418284
2011-03-11,0.129,422700
2011-03-10,-1.943,422154
2011-03-09,-0.083,430519
2011-03-08,0.170,430876
2011-03-07,-0.701,430144
2011-03-04,-0.263,433180
2011-03-03,1.071,434321
2011-03-02,-0.203,429720
2011-03-01,-0.793,430594
2011-02-28,0.779,434037
2011-02-25,1.083,430682
2011-02-24,-0.188,426066
2011-02-23,-0.607,426870
2011-02-22,-1.791,429478
2011-02-18,0.218,437310
2011-02-17,0.570,436358
2011-02-16,0.583,433883
2011-02-15,-0.036,431367
2011-02-14,0.301,431522
2011-02-11,0.240,430225
2011-02-10,-0.331,429194
2011-02-09,-0.344,430620
2011-02-08,0.604,432107
2011-02-07,0.585,429511
2011-02-04,0.130,427013
2011-02-03,-0.208,426459
2011-02-02,0.206,427347
2011-02-01,1.697,426471
2011-01-31,0.457,419355
2011-01-28,-1.437,417446
2011-01-27,0.217,423531
2011-01-26,0.577,422615
2011-01-25,-0.095,420191
2011-01-24,0.743,420589
2011-01-21,0.576,417488
2011-01-20,-1.048,415095
2011-01-19,-0.551,419492
2011-01-18,0.554,421816
2011-01-14,0.281,419492
2011-01-13,0.531,418316
2011-01-12,1.270,416106
2011-01-11,0.520,410887
2011-01-10,-0.450,408761
2011-01-07,-0.175,410610
2011-01-06,-0.102,411329
2011-01-05,-0.315,411750
2011-01-04,0.105,413052
2011-01-03,0.617,412619
2010-12-31,0.265,410090
2010-12-30,-0.184,409008
2010-12-29,0.289,409764
2010-12-28,0.213,408584
2010-12-27,-0.042,407715
2010-12-23,-0.013,407887
2010-12-22,0.198,407938
2010-12-21,0.917,407132
2010-12-20,0.158,403433
2010-12-17,-0.174,402796
2010-12-16,0.034,403499
2010-12-15,-0.631,403362
2010-12-14,0.190,405922
2010-12-13,0.709,405155
2010-12-10,0.424,402302
2010-12-09,0.378,400602
2010-12-08,-0.213,399092
2010-12-07,0.371,399944
2010-12-06,-0.191,398465
2010-12-03,0.792,399228
2010-12-02,1.706,396093
2010-12-01,1.950,389450
2010-11-30,-0.607,382003
2010-11-29,-0.773,384335
2010-11-26,-0.936,387330
2010-11-24,0.933,390988
2010-11-23,-1.684,387373
2010-11-22,-0.309,394008
2010-11-19,0.100,395231
2010-11-18,1.610,394835
2010-11-17,0.192,388578
2010-11-16,-1.836,387833
2010-11-15,-0.077,395085
2010-11-12,-0.923,395390
2010-11-11,-0.180,399072
2010-11-10,-0.649,399793
2010-11-09,-0.194,402404
2010-11-08,-0.238,403187
2010-11-05,0.106,404150
2010-11-04,2.403,403720
2010-11-03,0.013,394247
2010-11-02,0.874,394196
2010-11-01,0.089,390781
2010-10-29,0.074,390433
2010-10-28,0.619,390146
2010-10-27,-0.798,387745
2010-10-26,-0.478,390866
2010-10-25,0.551,392744
2010-10-22,-0.158,390591
2010-10-21,0.254,391210
2010-10-20,1.084,390221
2010-10-19,-1.548,386037
2010-10-18,0.363,392106
2010-10-15,-0.210,390688
2010-10-14,0.329,391511
2010-10-13,1.187,390227
2010-10-12,-0.216,385650
2010-10-11,0.057,386484
2010-10-08,0.283,386263
2010-10-07,0.086,385171
2010-10-06,0.546,384839
2010-10-05,2.013,382748
2010-10-04,-0.745,375195
2010-10-01,0.428,378012
2010-09-30,-0.401,376402
2010-09-29,-0.007,377918
2010-09-28,0.383,377945
2010-09-27,-0.204,376502
2010-09-24,1.695,377272
2010-09-23,-0.617,370983
2010-09-22,0.099,373285
2010-09-21,-0.176,372916
2010-09-20,1.345,373575
2010-09-17,-0.084,368619
2010-09-16,-0.178,368928
2010-09-15,0.093,369586
2010-09-14,0.319,369243
2010-09-13,1.375,368067
2010-09-10,0.205,363074
2010-09-09,0.721,362331
2010-09-08,0.458,359738
2010-09-07,-0.676,358096
2010-09-03,1.104,360532
2010-09-02,0.691,356594
2010-09-01,2.861,354146
2010-08-31,-0.267,344297
2010-08-30,-0.500,345219
2010-08-27,1.118,346954
2010-08-26,0.328,343116
2010-08-25,-0.476,341993
2010-08-24,-1.291,343628
2010-08-23,-0.044,348124
2010-08-20,-1.185,348276
2010-08-19,-1.137,352453
2010-08-18,0.091,356507
2010-08-17,1.157,356183
2010-08-16,0.254,352108
2010-08-13,-0.224,351217
2010-08-12,-0.603,352005
2010-08-11,-2.810,354141
2010-08-10,-1.104,364378
2010-08-09,0.516,368445
2010-08-06,-0.060,366553
2010-08-05,0.047,366775
2010-08-04,-0.007,366604
2010-08-03,0.072,366630
2010-08-02,2.437,366367
2010-07-30,-0.301,357650
2010-07-29,-0.084,358732
2010-07-28,-0.128,359035
2010-07-27,0.104,359497
2010-07-26,1.101,359124
2010-07-23,0.662,355215
2010-07-22,1.999,352877
2010-07-21,-0.462,345960
2010-07-20,0.386,347565
2010-07-19,-0.053,346228
2010-07-16,-2.085,346410
2010-07-15,0.004,353788
2010-07-14,0.368,353775
2010-07-13,1.610,352478
2010-07-12,-0.003,346892
2010-07-09,0.614,346904
2010-07-08,1.228,344786
2010-07-07,1.933,340605
2010-07-06,1.447,334144
2010-07-02,0.058,329379
2010-07-01,-0.496,329187
2010-06-30,-0.638,330829
2010-06-29,-3.186,332954
2010-06-28,0.297,343909
2010-06-25,-0.264,342889
2010-06-24,-1.224,343797
2010-06-23,-0.843,348056
2010-06-22,-1.364,351015
2010-06-21,0.473,355871
2010-06-18,0.221,354196
2010-06-17,0.154,353417
2010-06-16,0.254,352875
2010-06-15,1.572,351980
2010-06-14,0.987,346532
2010-06-11,0.511,343144
2010-06-10,2.379,341400
2010-06-09,0.474,333466
2010-06-08,0.398,331893
2010-06-07,-1.776,330578
2010-06-04,-2.808,336557
2010-06-03,1.094,346282
2010-06-02,0.943,342535
2010-06-01,-0.988,339334
2010-05-28,-0.398,342720
2010-05-27,3.011,344089
2010-05-26,0.461,334030
2010-05-25,-1.454,332497
2010-05-24,-0.869,337404
2010-05-21,0.943,340363
2010-05-20,-2.906,337182
2010-05-19,-1.438,347272
2010-05-18,-0.358,352341
2010-05-17,-0.673,353606
2010-05-14,-2.495,356003
2010-05-13,-0.522,365112
2010-05-12,1.231,367028
2010-05-11,-0.721,362565
2010-05-10,4.908,365197
2010-05-07,-2.266,348111
2010-05-06,-2.778,356182
2010-05-05,-1.104,366359
2010-05-04,-2.547,370449
2010-05-03,0.334,380131
2010-04-30,-0.786,378866
2010-04-29,1.189,381866
2010-04-28,-0.666,377378
2010-04-27,-2.119,379910
2010-04-26,0.265,388133
2010-04-23,0.557,387106
2010-04-22,-0.536,384961
2010-04-21,-0.212,387036
2010-04-20,0.870,387858
2010-04-19,-0.371,384513
2010-04-16,-1.564,385944
2010-04-15,0.202,392075
2010-04-14,1.095,391284
2010-04-13,-0.267,387045
2010-04-12,0.497,388080
2010-04-09,0.996,386159
2010-04-08,-0.167,382349
2010-04-07,-0.374,382988
2010-04-06,0.063,384425
2010-04-05,0.432,384183
2010-04-01,0.981,382530
2010-03-31,-0.044,378813
2010-03-30,0.045,378979
2010-03-29,0.695,378807
2010-03-26,0.146,376192
2010-03-25,0.124,375642
2010-03-24,-0.871,375178
2010-03-23,0.626,378475
2010-03-22,0.229,376121
2010-03-19,-0.496,375263
2010-03-18,-0.481,377132
2010-03-17,0.747,378954
2010-03-16,0.994,376143
2010-03-15,-0.451,372443
2010-03-12,0.398,374132
2010-03-11,0.214,372647
2010-03-10,0.550,371852
2010-03-09,-0.047,369818
2010-03-08,0.370,369992
2010-03-05,1.288,368630
2010-03-04,-0.138,363943
2010-03-03,0.712,364445
2010-03-02,0.788,361869
2010-03-01,0.650,359039
2010-02-26,0.832,356721
2010-02-25,-0.801,353779
2010-02-24,0.435,356636
2010-02-23,-0.986,355093
2010-02-22,0.479,358629
2010-02-19,-0.388,356921
2010-02-18,0.457,358312
2010-02-17,0.814,356682
2010-02-16,1.597,353801
2010-02-12,-0.078,348240
2010-02-11,0.625,348511
2010-02-10,0.055,346347
2010-02-09,0.785,346158
2010-02-08,-0.249,343463
2010-02-05,-0.981,344321
2010-02-04,-2.856,347733
2010-02-03,-0.505,357955
2010-02-02,1.388,359771
2010-02-01,0.877,354847
2010-01-29,-0.779,351762
2010-01-28,-1.043,354523
2010-01-27,-0.267,358260
2010-01-26,-0.482,359218
2010-01-25,-0.078,360958
2010-01-22,-1.457,361242
2010-01-21,-1.481,366583
2010-01-20,-1.557,372095
2010-01-19,0.642,377982
2010-01-15,-1.018,375571
2010-01-14,0.531,379435
2010-01-13,0.193,377432
2010-01-12,-0.651,376705
2010-01-11,0.748,379175
2010-01-08,0.449,376359
2010-01-07,-0.050,374677
2010-01-06,0.068,374865
2010-01-05,0.294,374611
2010-01-04,1.794,373512
2009-12-31,-0.239,366928
2009-12-30,-0.561,367806
2009-12-29,0.146,369881
2009-12-28,0.371,369343
2009-12-24,0.502,367977
2009-12-23,0.618,366138
2009-12-22,0.309,363890
2009-12-21,1.021,362770
2009-12-18,-0.108,359103
2009-12-17,-1.741,359493
2009-12-16,0.681,365864
2009-12-15,-0.598,363389
2009-12-14,0.809,365574
2009-12-11,0.134,362640
2009-12-10,0.451,362153
2009-12-09,-0.206,360528
2009-12-08,-1.192,361272
2009-12-07,-0.305,365630
2009-12-04,-0.142,366747
2009-12-03,-0.281,367268
2009-12-02,0.175,368302
2009-12-01,1.999,367660
2009-11-30,0.392,360455
2009-11-27,-2.221,359048
2009-11-25,0.919,367203
2009-11-24,-0.485,363860
2009-11-23,1.763,365633
2009-11-20,-0.537,359299
2009-11-19,-1.670,361238
2009-11-18,0.201,367372
2009-11-17,-0.493,366636
2009-11-16,1.488,368451
2009-11-13,0.520,363049
2009-11-12,-0.827,361172
2009-11-11,0.486,364186
2009-11-10,-0.067,362423
2009-11-09,2.272,362664
2009-11-06,0.345,354608
2009-11-05,1.176,353390
2009-11-04,1.049,349284
2009-11-03,-0.465,345657
2009-11-02,0.279,347271
2009-10-30,-1.919,346304
2009-10-29,1.701,353079
2009-10-28,-1.979,347173
2009-10-27,-0.738,354182
2009-10-26,-1.175,356816
2009-10-23,-0.866,361058
2009-10-22,0.003,364213
2009-10-21,-0.208,364201
2009-10-20,-0.393,364960
2009-10-19,1.250,366398
2009-10-16,-0.890,361876
2009-10-15,0.351,365127
2009-10-14,1.795,363848
2009-10-13,-0.327,357434
2009-10-12,0.536,358606
2009-10-09,0.199,356695
2009-10-08,1.301,355986
2009-10-07,0.138,351413
2009-10-06,2.019,350929
2009-10-05,0.969,343984
2009-10-02,-1.188,340683
2009-10-01,-2.212,344779
2009-09-30,0.130,352577
2009-09-29,-0.177,352120
2009-09-28,1.102,352745
2009-09-25,-0.605,348900
2009-09-24,-1.309,351024
2009-09-23,-0.476,355682
2009-09-22,1.108,357384
2009-09-21,-0.743,353468
2009-09-18,-0.250,356113
2009-09-17,0.353,357006
2009-09-16,1.647,355750
2009-09-15,0.144,349985
2009-09-14,-0.079,349482
2009-09-11,0.406,349758
2009-09-10,0.768,348345
2009-09-09,0.713,345690
2009-09-08,2.166,343244
2009-09-04,1.050,335968
2009-09-03,0.506,332476
2009-09-02,-0.704,330803
2009-09-01,-1.744,333149
2009-08-31,-0.766,339063
2009-08-28,0.778,341681
2009-08-27,-0.070,339042
2009-08-26,-0.361,339279
2009-08-25,0.269,340509
2009-08-24,0.672,339594
2009-08-21,1.648,337328
2009-08-20,1.190,331859
2009-08-19,0.556,327958
2009-08-18,1.055,326145
2009-08-17,-2.776,322741
2009-08-14,-0.660,331958
2009-08-13,1.182,334162
2009-08-12,0.910,330258
2009-08-11,-1.005,327279
2009-08-10,-0.287,330603
2009-08-07,0.375,331555
2009-08-06,-0.222,330315
2009-08-05,-0.446,331048
2009-08-04,0.115,332532
2009-08-03,2.003,332152
2009-07-31,0.574,325628
2009-07-30,1.506,323769
2009-07-29,-0.451,318966
2009-07-28,-0.392,320411
2009-07-27,0.464,321671
2009-07-24,0.272,320184
2009-07-23,1.935,319315
2009-07-22,0.056,313253
2009-07-21,0.916,313077
2009-07-20,1.341,310236
2009-07-17,0.196,306131
2009-07-16,0.859,305533
2009-07-15,2.807,302932
2009-07-14,1.170,294660
2009-07-13,1.456,291252
2009-07-10,-0.558,287073
2009-07-09,0.595,288683
2009-07-08,-0.921,286974
2009-07-07,-1.165,289642
2009-07-06,-0.717,293057
2009-07-02,-2.581,295172
2009-07-01,0.929,302991
2009-06-30,-0.690,300202
2009-06-29,0.729,302289
2009-06-26,0.659,300100
2009-06-25,0.688,298137
2009-06-24,1.368,296099
2009-06-23,-0.090,292104
2009-06-22,-2.639,292367
2009-06-19,0.660,300290
2009-06-18,0.640,298321
2009-06-17,-0.784,296424
2009-06-16,-0.875,298765
2009-06-15,-2.604,301402
2009-06-12,-0.246,309461
2009-06-11,0.957,310223
2009-06-10,0.503,307284
2009-06-09,0.766,305746
2009-06-08,-0.715,303420
2009-06-05,-0.377,305605
2009-06-04,0.322,306761
2009-06-03,-1.667,305777
2009-06-02,0.574,310962
2009-06-01,2.528,309188
2009-05-29,1.579,301563
2009-05-28,0.303,296877
2009-05-27,-0.622,295979
2009-05-26,1.812,297832
2009-05-22,0.395,292532
2009-05-21,-1.653,291380
2009-05-20,0.650,296277
2009-05-19,1.239,294364
2009-05-18,1.717,290762
2009-05-15,-0.005,285855
2009-05-14,0.143,285869
2009-05-13,-2.283,285460
2009-05-12,-0.168,292128
2009-05-11,-1.030,292619
2009-05-08,2.107,295664
2009-05-07,-0.063,289562
2009-05-06,1.367,289743
2009-05-05,0.123,285836
2009-05-04,2.876,285485
2009-05-01,0.359,277503
2009-04-30,0.810,276510
2009-04-29,2.322,274288
2009-04-28,-1.146,268062
2009-04-27,-0.657,271171
2009-04-24,2.134,272964
2009-04-23,0.798,267259
2009-04-22,0.154,265143
2009-04-21,0.865,264736
2009-04-20,-3.640,262465
2009-04-17,0.650,272381
2009-04-16,1.408,270623
2009-04-15,0.193,266864
2009-04-14,-0.522,266351
2009-04-13,0.588,267747
2009-04-09,3.104,266182
2009-04-08,0.342,258169
2009-04-07,-1.829,257288
2009-04-06,-0.738,262081
2009-04-03,0.258,264030
2009-04-02,4.313,263351
2009-04-01,1.546,252462
2009-03-31,1.586,248619
2009-03-30,-3.877,244737
2009-03-27,-1.991,254607
2009-03-26,1.561,259780
2009-03-25,0.662,255787
2009-03-24,-0.730,254106
2009-03-23,5.102,255975
2009-03-20,-1.639,243548
2009-03-19,1.815,247607
2009-03-18,1.328,243194
2009-03-17,1.752,240006
2009-03-16,1.178,235874
2009-03-13,1.462,233127
2009-03-12,2.005,229769
2009-03-11,0.818,225254
2009-03-10,5.323,223427
2009-03-09,-1.266,212136
2009-03-06,-0.408,214856
2009-03-05,-3.031,215737
2009-03-04,2.439,222480
2009-03-03,-1.189,217183
2009-03-02,-4.927,219796
2009-02-27,-1.666,231186
2009-02-26,0.001,235102
2009-02-25,-0.498,235100
2009-02-24,1.395,236276
2009-02-23,-1.996,233025
2009-02-20,-2.186,237772
2009-02-19,-0.131,243085
2009-02-18,-0.631,243404
2009-02-17,-4.806,244949
2009-02-13,-0.075,257316
2009-02-12,-0.863,257510
2009-02-11,-0.138,259753
2009-02-10,-3.477,260111
2009-02-09,0.713,269481
2009-02-06,2.101,267573
2009-02-05,0.591,262068
2009-02-04,0.552,260529
2009-02-03,1.796,259098
2009-02-02,-1.173,254527
2009-01-30,-2.226,257548
2009-01-29,-2.375,263413
2009-01-28,2.868,269822
2009-01-27,1.492,262299
2009-01-26,2.007,258443
2009-01-23,-0.607,253359
2009-01-22,-0.951,254907
2009-01-21,1.935,257354
2009-01-20,-4.991,252469
2009-01-16,1.464,265733
2009-01-15,-1.028,261900
2009-01-14,-3.052,264619
2009-01-13,-1.455,272948
2009-01-12,-2.168,276980
2009-01-09,-1.696,283119
2009-01-08,-0.110,288003
2009-01-07,-1.043,288319
2009-01-06,0.468,291359
2009-01-05,-0.073,290002
2009-01-02,2.811,290213
2008-12-31,0.465,282277
2008-12-30,1.660,280970
2008-12-29,0.871,276381
2008-12-26,0.628,273994
2008-12-24,-0.020,272284
2008-12-23,-0.484,272339
2008-12-22,-1.561,273663
2008-12-19,-1.359,278002
2008-12-18,-0.934,281833
2008-12-17,1.208,284489
2008-12-16,2.901,281094
2008-12-15,0.667,273170
2008-12-12,-0.775,271359
2008-12-11,-0.745,273477
2008-12-10,1.294,275531
2008-12-09,-0.805,272011
2008-12-08,5.487,274220
2008-12-05,0.453,259956
2008-12-04,-1.813,258783
2008-12-03,1.612,263563
2008-12-02,1.982,259380
2008-12-01,-7.007,254338
2008-11-28,1.831,273502
2008-11-26,1.602,268583
2008-11-25,1.650,264347
2008-11-24,6.867,260056
2008-11-21,3.030,243345
2008-11-20,-6.082,236188
2008-11-19,-4.608,251484
2008-11-18,0.322,263633
2008-11-17,-2.339,262788
2008-11-14,-1.604,269082
2008-11-13,2.760,273468
2008-11-12,-3.959,266122
2008-11-11,-3.664,277092
2008-11-10,0.162,287632
2008-11-07,1.550,287166
2008-11-06,-5.876,282783
2008-11-05,-2.405,300437
2008-11-04,4.801,307841
2008-11-03,0.447,293739
2008-10-31,0.536,292431
2008-10-30,3.022,290872
2008-10-29,3.615,282339
2008-10-28,6.974,272489
2008-10-27,-4.312,254725
2008-10-24,-4.288,266204
2008-10-23,0.096,278129
2008-10-22,-6.397,277861
2008-10-21,-1.765,296851
2008-10-20,4.083,302185
2008-10-17,1.460,290330
2008-10-16,-1.395,286151
2008-10-15,-7.057,290199
2008-10-14,2.565,312234
2008-10-13,9.524,304425
2008-10-10,-4.972,277953
2008-10-09,-4.547,292498
2008-10-08,-3.441,306431
2008-10-07,-3.101,317352
2008-10-06,-5.767,327506
2008-10-03,-0.237,347551
2008-10-02,-3.614,348376
2008-10-01,0.164,361439
2008-09-30,1.626,360848
2008-09-29,-6.942,355075
2008-09-26,-0.848,381565
2008-09-25,1.460,384827
2008-09-24,-0.446,379288
2008-09-23,-1.202,380986
2008-09-22,-1.664,385620
2008-09-19,5.726,392143
2008-09-18,2.143,370906
2008-09-17,-2.984,363125
2008-09-16,-0.711,374294
2008-09-15,-3.601,376975
2008-09-12,1.588,391057
2008-09-11,-0.081,384942
2008-09-10,-0.044,385255
2008-09-09,-2.516,385423
2008-09-08,2.253,395369
2008-09-05,-1.005,386658
2008-09-04,-2.741,390584
2008-09-03,-0.753,401592
2008-09-02,-1.201,404640
2008-08-29,-0.177,409560
2008-08-28,1.274,410287
2008-08-27,0.662,405124
2008-08-26,-0.171,402460
2008-08-25,-0.996,403149
2008-08-22,0.750,407203
2008-08-21,0.389,404173
2008-08-20,0.650,402609
2008-08-19,-1.559,400010
2008-08-18,-0.562,406344
2008-08-15,-0.310,408640
2008-08-14,0.422,409911
2008-08-13,-1.106,408186
2008-08-12,-0.921,412752
2008-08-11,0.883,416588
2008-08-08,0.416,412939
2008-08-07,-1.238,411229
2008-08-06,0.666,416385
2008-08-05,1.649,413631
2008-08-04,-0.976,406921
2008-08-01,-1.074,410933
2008-07-31,-0.592,415396
2008-07-30,1.614,417868
2008-07-29,0.557,411232
2008-07-28,-1.094,408955
2008-07-25,-0.262,413479
2008-07-24,-1.526,414565
2008-07-23,0.571,420988
2008-07-22,0.618,418599
2008-07-21,0.488,416030
2008-07-18,0.189,414008
2008-07-17,1.678,413228
2008-07-16,1.032,406409
2008-07-15,-1.317,402258
2008-07-14,-0.284,407627
2008-07-11,-1.059,408790
2008-07-10,-0.131,413164
2008-07-09,-0.299,413704
2008-07-08,0.083,414946
2008-07-07,-0.569,414602
2008-07-03,-0.186,416975
2008-07-02,-1.229,417752
2008-07-01,-0.669,422950
2008-06-30,0.326,425800
2008-06-27,-0.408,424418
2008-06-26,-1.739,426156
2008-06-25,0.527,433696
2008-06-24,-0.234,431421
2008-06-23,-0.409,432431
2008-06-20,-1.359,434207
2008-06-19,-0.451,440187
2008-06-18,-0.807,442183
2008-06-17,0.080,445780
2008-06-16,0.526,445426
2008-06-13,0.870,443094
2008-06-12,-0.398,439271
2008-06-11,-1.074,441025
2008-06-10,-1.335,445813
2008-06-09,-0.498,451845
2008-06-06,-1.455,454105
2008-06-05,0.940,460811
2008-06-04,-0.265,456519
2008-06-03,-0.443,457733
2008-06-02,-0.634,459768
2008-05-30,0.370,462704
2008-05-29,0.358,460996
2008-05-28,0.159,459352
2008-05-27,-0.274,458621
2008-05-23,-1.084,459879
2008-05-22,0.123,464919
2008-05-21,-0.961,464349
2008-05-20,-0.797,468857
2008-05-19,0.382,472623
2008-05-16,0.677,470824
2008-05-15,0.975,467660
2008-05-14,0.334,463146
2008-05-13,-0.013,461603
2008-05-12,0.858,461663
2008-05-09,-0.864,457735
2008-05-08,0.285,461723
2008-05-07,-0.887,460410
2008-05-06,0.499,464529
2008-05-05,-0.024,462223
2008-05-02,0.973,462335
2008-05-01,0.466,457881
2008-04-30,-0.050,455755
2008-04-29,-0.526,455983
2008-04-28,0.249,458393
2008-04-25,0.945,457256
2008-04-24,-0.227,452977
2008-04-23,0.096,454007
2008-04-22,-0.616,453571
2008-04-21,0.551,456381
2008-04-18,1.122,453878
2008-04-17,-0.211,448844
2008-04-16,2.395,449794
2008-04-15,0.396,439272
2008-04-14,-0.697,437537
2008-04-11,-1.227,440609
2008-04-10,0.208,446082
2008-04-09,-0.654,445158
2008-04-08,-0.769,448090
2008-04-07,0.405,451563
2008-04-04,0.485,449743
2008-04-03,0.290,447574
2008-04-02,0.929,446280
2008-04-01,2.119,442174
2008-03-31,0.127,432997
2008-03-28,-0.548,432445
2008-03-27,-0.202,434829
2008-03-26,-0.030,435708
2008-03-25,2.224,435838
2008-03-24,0.903,426356
2008-03-20,0.292,422542
2008-03-19,-1.677,421309
2008-03-18,3.339,428494
2008-03-17,-2.084,414649
2008-03-14,-1.440,423476
2008-03-13,-0.158,429665
2008-03-12,0.738,430346
2008-03-11,2.162,427195
2008-03-10,-1.448,418156
2008-03-07,-1.287,424297
2008-03-06,-1.044,429830
2008-03-05,0.913,434367
2008-03-04,-0.608,430435
2008-03-03,-0.943,433066
2008-02-29,-1.999,437187
2008-02-28,-0.848,446104
2008-02-27,0.740,449919
2008-02-26,1.064,446613
2008-02-25,1.588,441911
2008-02-22,0.112,435003
2008-02-21,0.296,434516
2008-02-20,-0.684,433234
2008-02-19,0.975,436217
2008-02-15,-0.444,432006
2008-02-14,0.035,433934
2008-02-13,0.531,433783
2008-02-12,1.675,431492
2008-02-11,-0.005,424381
2008-02-08,-0.134,424404
2008-02-07,-0.594,424972
2008-02-06,-0.744,427513
2008-02-05,-3.240,430719
2008-02-04,-0.217,445143
2008-02-01,1.450,446109
2008-01-31,1.177,439733
2008-01-30,-0.604,434616
2008-01-29,1.032,437257
2008-01-28,0.310,432789
2008-01-25,-0.067,431453
2008-01-24,3.067,431743
2008-01-23,0.409,418895
2008-01-22,-3.216,417187
2008-01-18,-0.758,431052
2008-01-17,-1.412,434343
2008-01-16,-1.639,440562
2008-01-15,-2.361,447905
2008-01-14,0.950,458734
2008-01-11,-0.909,454419
2008-01-10,0.015,458588
2008-01-09,0.185,458517
2008-01-08,-0.655,457670
2008-01-07,-0.400,460685
2008-01-04,-2.103,462534
2008-01-03,-0.105,472468
2008-01-02,-0.662,472966
2007-12-31,-0.375,476117
2007-12-28,0.294,477908
2007-12-27,-0.493,476508
2007-12-26,0.556,478870
2007-12-24,0.568,476223
2007-12-21,1.526,473533
2007-12-20,0.300,466417
2007-12-19,-0.281,465022
2007-12-18,0.262,466333
2007-12-17,-1.853,465113
2007-12-14,-1.200,473892
2007-12-13,-1.325,479647
2007-12-12,0.198,486085
2007-12-11,-1.301,485124
2007-12-10,0.682,491521
2007-12-07,0.380,488191
2007-12-06,0.876,486342
2007-12-05,1.072,482117
2007-12-04,-0.685,477004
2007-12-03,-0.424,480293
2007-11-30,0.586,482340
2007-11-29,0.593,479531
2007-11-28,1.956,476703
2007-11-27,0.543,467559
2007-11-26,-0.850,465036
2007-11-23,1.580,469022
2007-11-21,-1.772,461727
2007-11-20,0.965,470056
2007-11-19,-1.597,465563
2007-11-16,-0.243,473117
2007-11-15,-1.411,474269
2007-11-14,0.398,481058
2007-11-13,1.633,479151
2007-11-12,-1.366,471453
2007-11-09,-1.414,477980
2007-11-08,-0.561,484837
2007-11-07,-1.259,487573
2007-11-06,1.031,493792
2007-11-05,-0.746,488752
2007-11-02,-0.369,492425
2007-11-01,-1.719,494250
2007-10-31,1.126,502896
2007-10-30,-0.519,497296
2007-10-29,0.828,499892
2007-10-26,1.435,495788
2007-10-25,0.469,488773
2007-10-24,-0.340,486491
2007-10-23,1.163,488149
2007-10-22,-0.775,482538
2007-10-19,-1.705,486308
2007-10-18,0.155,494744
2007-10-17,0.324,493976
2007-10-16,-1.018,492382
2007-10-15,-0.625,497443
2007-10-12,0.007,500572
2007-10-11,0.296,500538
2007-10-10,0.185,499060
2007-10-09,0.736,498136
2007-10-08,-0.515,494498
2007-10-05,0.926,497059
2007-10-04,0.050,492497
2007-10-03,-0.141,492250
2007-10-02,0.075,492946
2007-10-01,0.952,492576
2007-09-28,0.141,487930
2007-09-27,0.913,487243
2007-09-26,0.434,482836
2007-09-25,-0.080,480750
2007-09-24,-0.138,481135
2007-09-21,0.258,481799
2007-09-20,0.015,480562
2007-09-19,1.924,480492
2007-09-18,1.637,471423
2007-09-17,-0.788,463828
2007-09-14,-0.150,467512
2007-09-13,0.605,468214
2007-09-12,0.282,465396
2007-09-11,1.414,464089
2007-09-10,-0.573,457620
2007-09-07,-1.318,460256
2007-09-06,0.474,466404
2007-09-05,-1.058,464206
2007-09-04,0.728,469171
2007-08-31,1.377,465780
2007-08-30,0.228,459452
2007-08-29,1.070,458406
2007-08-28,-1.779,453554
2007-08-27,-0.264,461768
2007-08-24,0.818,462992
2007-08-23,0.545,459234
2007-08-22,1.230,456744
2007-08-21,0.388,451193
2007-08-20,0.627,449448
2007-08-17,1.689,446647
2007-08-16,-1.413,439230
2007-08-15,-1.474,445525
2007-08-14,-1.433,452191
2007-08-13,0.533,458767
2007-08-10,-1.506,456335
2007-08-09,-2.166,463311
2007-08-08,1.684,473569
2007-08-07,0.606,465727
2007-08-06,0.797,462920
2007-08-03,-1.447,459260
2007-08-02,0.557,466001
2007-08-01,-0.582,463421
2007-07-31,0.107,466134
2007-07-30,0.557,465637
2007-07-27,-1.488,463057
2007-07-26,-2.207,470053
2007-07-25,-0.485,480660
2007-07-24,-1.404,483004
2007-07-23,0.221,489884
2007-07-20,-0.765,488802
2007-07-19,0.669,492570
2007-07-18,-0.476,489296
2007-07-17,-0.132,491635
2007-07-16,-0.045,492287
2007-07-13,0.523,492508
2007-07-12,1.300,489947
2007-07-11,0.142,483661
2007-07-10,-0.784,482976
2007-07-09,0.271,486794
2007-07-06,0.452,485480
2007-07-05,-0.003,483296
2007-07-03,0.473,483312
2007-07-02,0.912,481039
2007-06-29,0.377,476690
2007-06-28,0.516,474900
2007-06-27,0.038,472462
2007-06-26,-0.353,472282
2007-06-25,-0.285,473954
2007-06-22,-0.759,475307
2007-06-21,-0.046,478942
2007-06-20,-0.529,479161
2007-06-19,0.028,481710
2007-06-18,0.022,481573
2007-06-15,1.006,481468
2007-06-14,0.859,476672
2007-06-13,0.734,472612
2007-06-12,-0.833,469167
2007-06-11,0.343,473106
2007-06-08,0.074,471491
2007-06-07,-1.414,471142
2007-06-06,-1.004,477900
2007-06-05,-0.334,482745
2007-06-04,0.301,484361
2007-06-01,0.523,482909
2007-05-31,0.516,480396
2007-05-30,0.196,477930
2007-05-29,0.405,476996
2007-05-25,0.167,475072
2007-05-24,-0.953,474281
2007-05-23,0.349,478846
2007-05-22,0.107,477180
2007-05-21,0.093,476671
2007-05-18,0.585,476226
2007-05-17,-0.160,473454
2007-05-16,0.263,474214
2007-05-15,0.088,472971
2007-05-14,-0.032,472554
2007-05-11,0.598,472703
2007-05-10,-1.106,469891
2007-05-09,0.430,475148
2007-05-08,-0.572,473114
2007-05-07,0.506,475837
2007-05-04,0.505,473444
2007-05-03,0.275,471063
2007-05-02,0.651,469769
2007-05-01,-0.123,466732
2007-04-30,-0.379,467307
2007-04-27,-0.088,469085
2007-04-26,-0.108,469497
2007-04-25,0.736,470007
2007-04-24,-0.194,466572
2007-04-23,-0.199,467479
2007-04-20,0.867,468412
2007-04-19,-0.388,464387
2007-04-18,0.110,466197
2007-04-17,0.180,465685
2007-04-16,1.163,464848
2007-04-13,0.305,459505
2007-04-12,0.312,458107
2007-04-11,-0.349,456683
2007-04-10,0.597,458281
2007-04-09,-0.110,455561
2007-04-05,0.296,456063
2007-04-04,0.383,454719
2007-04-03,0.943,452986
2007-04-02,0.265,448752
2007-03-30,-0.107,447565
2007-03-29,0.376,448046
2007-03-28,-0.513,446369
2007-03-27,-0.382,448670
2007-03-26,-0.116,450389
2007-03-23,0.133,450911
2007-03-22,0.839,450313
2007-03-21,1.038,446566
2007-03-20,0.704,441980
2007-03-19,1.142,438888
2007-03-16,-0.106,433931
2007-03-15,1.033,434392
2007-03-14,-0.884,429948
2007-03-13,-1.392,433784
2007-03-12,0.353,439906
2007-03-09,0.124,438360
2007-03-08,0.906,437819
2007-03-07,0.233,433890
2007-03-06,1.401,432880
2007-03-05,-1.526,426898
2007-03-02,-0.770,433515
2007-03-01,-0.601,436879
2007-02-28,-0.848,439519
2007-02-27,-2.479,443277
2007-02-26,0.190,454548
2007-02-23,0.201,453687
2007-02-22,0.110,452777
2007-02-21,-0.377,452279
2007-02-20,0.239,453989
2007-02-16,-0.143,452907
2007-02-15,0.336,453557
2007-02-14,1.108,452038
2007-02-13,0.738,447087
2007-02-12,-0.494,443811
2007-02-09,-0.198,446016
2007-02-08,-0.358,446903
2007-02-07,0.342,448507
2007-02-06,0.339,446979
2007-02-05,-0.215,445470
2007-02-02,0.108,446431
2007-02-01,0.935,445948
2007-01-31,0.237,441818
2007-01-30,0.525,440775
2007-01-29,0.117,438474
2007-01-26,-0.540,437964
2007-01-25,-0.699,440340
2007-01-24,0.633,443441
2007-01-23,0.432,440654
2007-01-22,-0.229,438758
2007-01-19,0.386,439763
2007-01-18,-0.188,438070
2007-01-17,0.035,438896
2007-01-16,0.179,438743
2007-01-12,0.819,437961
2007-01-11,0.694,434405
2007-01-10,-0.496,431410
2007-01-09,0.092,433560
2007-01-08,0.118,433161
2007-01-05,-0.980,432650
2007-01-04,-0.287,436934
2007-01-03,0.350,438192
2006-12-29,-0.205,436663
2006-12-28,0.024,437561
2006-12-27,0.795,437457
2006-12-26,0.129,434007
2006-12-22,-0.428,433447
2006-12-21,-0.280,435312
2006-12-20,0.261,436535
2006-12-19,-0.001,435400
2006-12-18,-0.256,435402
2006-12-15,0.002,436519
2006-12-14,0.614,436508
2006-12-13,0.233,433846
2006-12-12,0.162,432839
2006-12-11,-0.027,432138
2006-12-08,0.054,432255
2006-12-07,-0.035,432022
2006-12-06,0.127,432174
2006-12-05,0.379,431625
2006-12-04,0.624,429994
2006-12-01,-0.148,427329
2006-11-30,0.334,427961
2006-11-29,1.179,426535
2006-11-28,0.074,421565
2006-11-27,-1.046,421255
2006-11-24,-0.076,425707
2006-11-22,0.695,426030
2006-11-21,0.265,423087
2006-11-20,-0.281,421969
2006-11-17,-0.149,423157
2006-11-16,0.082,423788
2006-11-15,0.298,423442
2006-11-14,0.461,422185
2006-11-13,-0.107,420248
2006-11-10,0.242,420698
2006-11-09,-0.322,419682
2006-11-08,-0.167,421036
2006-11-07,0.621,421738
2006-11-06,0.939,419136
2006-11-03,-0.197,415238
2006-11-02,-0.168,416059
2006-11-01,-0.233,416757
2006-10-31,0.150,417732
2006-10-30,-0.285,417106
2006-10-27,-0.357,418297
2006-10-26,0.621,419798
2006-10-25,0.448,417207
2006-10-24,0.034,415347
2006-10-23,0.351,415206
2006-10-20,0.228,413752
2006-10-19,0.323,412812
2006-10-18,0.286,411483
2006-10-17,-0.513,410309
2006-10-16,0.506,412424
2006-10-13,0.230,410349
2006-10-12,0.706,409408
2006-10-11,-0.178,406539
2006-10-10,0.163,407262
2006-10-09,0.124,406599
2006-10-06,-0.488,406097
2006-10-05,0.686,408088
2006-10-04,0.591,405306
2006-10-03,-0.166,402922
2006-10-02,0.162,403594
2006-09-29,-0.177,402943
2006-09-28,0.146,403656
2006-09-27,0.677,403069
2006-09-26,0.599,400361
2006-09-25,0.210,397976
2006-09-22,-0.416,397144
2006-09-21,0.058,398803
2006-09-20,0.346,398572
2006-09-19,-0.204,397199
2006-09-18,0.187,398010
2006-09-15,-0.109,397266
2006-09-14,0.229,397701
2006-09-13,0.329,396794
2006-09-12,0.868,395495
2006-09-11,-0.500,392092
2006-09-08,0.109,394060
2006-09-07,-0.945,393631
2006-09-06,-1.081,397386
2006-09-05,0.420,401728
2006-09-01,0.465,400047
2006-08-31,0.015,398195
2006-08-30,0.395,398138
2006-08-29,0.234,396572
2006-08-28,0.409,395644
2006-08-25,-0.252,394033
2006-08-24,0.003,395030
2006-08-23,-0.406,395018
2006-08-22,-0.012,396630
2006-08-21,-0.037,396678
2006-08-18,0.013,396827
2006-08-17,0.219,396775
2006-08-16,1.006,395907
2006-08-15,1.189,391963
2006-08-14,0.360,387358
2006-08-11,-0.273,385970
2006-08-10,-0.346,387028
2006-08-09,0.243,388371
2006-08-08,-0.009,387430
2006-08-07,-0.844,387465
2006-08-04,0.649,390761
2006-08-03,-0.258,388243
2006-08-02,0.934,389245
2006-08-01,-0.639,385642
2006-07-31,-0.069,388121
2006-07-28,1.109,388387
2006-07-27,0.743,384129
2006-07-26,0.007,381294
2006-07-25,0.630,381268
2006-07-24,1.245,378879
2006-07-21,-0.650,374219
2006-07-20,0.243,376667
2006-07-19,1.920,375754
2006-07-18,-0.404,368676
2006-07-17,-0.673,370172
2006-07-14,-1.179,372682
2006-07-13,-1.220,377129
2006-07-12,-0.918,381786
2006-07-11,-0.136,385323
2006-07-10,0.058,385847
2006-07-07,-0.068,385624
2006-07-06,0.464,385887
2006-07-05,-1.039,384106
2006-07-03,0.629,388140
2006-06-30,1.599,385714
2006-06-29,2.029,379642
2006-06-28,-0.060,372092
2006-06-27,-0.534,372314
2006-06-26,0.300,374311
2006-06-23,-0.167,373191
2006-06-22,-0.035,373817
2006-06-21,0.776,373949
2006-06-20,0.114,371071
2006-06-19,-0.703,370649
2006-06-16,0.082,373275
2006-06-15,2.095,372970
2006-06-14,0.561,365318
2006-06-13,-2.011,363279
2006-06-12,-1.110,370734
2006-06-09,0.611,374894
2006-06-08,-1.695,372618
2006-06-07,-0.566,379042
2006-06-06,-1.511,381201
2006-06-05,-1.233,387049
2006-06-02,0.819,391882
2006-06-01,0.745,388700
2006-05-31,0.217,385827
2006-05-30,-0.937,384992
2006-05-26,0.967,388634
2006-05-25,1.008,384914
2006-05-24,-0.576,381071
2006-05-23,0.465,383280
2006-05-22,-1.019,381505
2006-05-19,-0.232,385435
2006-05-18,-0.817,386330
2006-05-17,-1.773,389511
2006-05-16,-0.223,396542
2006-05-15,-0.677,397429
2006-05-12,-1.281,400138
2006-05-11,-0.801,405331
2006-05-10,-0.217,408602
2006-05-09,0.298,409489
2006-05-08,0.198,408273
2006-05-05,1.160,407466
2006-05-04,0.489,402792
2006-05-03,-0.550,400833
2006-05-02,0.760,403048
2006-05-01,0.134,400008
2006-04-28,-0.075,399472
2006-04-27,0.384,399772
2006-04-26,0.391,398241
2006-04-25,-0.073,396692
2006-04-24,-0.316,396982
2006-04-21,0.461,398241
2006-04-20,0.040,396415
2006-04-19,0.716,396257
2006-04-18,1.091,393440
2006-04-17,0.332,389193
2006-04-13,0.114,387906
2006-04-12,-0.270,387463
2006-04-11,-0.732,388511
2006-04-10,0.075,391377
2006-04-07,-0.901,391084
2006-04-06,0.183,394640
2006-04-05,0.431,393919
2006-04-04,0.544,392228
2006-04-03,0.620,390106
2006-03-31,-0.574,387701
2006-03-30,0.800,389938
2006-03-29,0.275,386843
2006-03-28,-0.322,385782
2006-03-27,-0.121,387030
2006-03-24,0.403,387497
2006-03-23,-0.531,385941
2006-03-22,0.399,388003
2006-03-21,-0.588,386459
2006-03-20,0.117,388744
2006-03-17,0.310,388289
2006-03-16,0.309,387088
2006-03-15,0.394,385894
2006-03-14,0.956,384381
2006-03-13,0.701,380740
2006-03-10,0.369,378091
2006-03-09,0.260,376702
2006-03-08,-0.170,375726
2006-03-07,-0.772,376365
2006-03-06,-0.226,379293
2006-03-03,-0.181,380151
2006-03-02,-0.159,380839
2006-03-01,0.550,381446
2006-02-28,-0.727,379360
2006-02-27,0.462,382138
2006-02-24,0.116,380381
2006-02-23,0.245,379939
2006-02-22,0.475,379008
2006-02-21,0.068,377218
2006-02-17,-0.099,376961
2006-02-16,0.569,377335
2006-02-15,0.186,375201
2006-02-14,0.591,374503
2006-02-13,-0.393,372304
2006-02-10,-0.200,373771
2006-02-09,0.406,374519
2006-02-08,-0.046,373003
2006-02-07,-0.634,373175
2006-02-06,0.134,375557
2006-02-03,-0.641,375055
2006-02-02,-0.756,377474
2006-02-01,0.112,380349
2006-01-31,0.121,379925
2006-01-30,-0.001,379465
2006-01-27,0.800,379470
2006-01-26,0.800,376458
2006-01-25,0.160,373470
2006-01-24,0.189,372874
2006-01-23,0.383,372171
2006-01-20,-1.141,370751
2006-01-19,0.883,375032
2006-01-18,-0.788,371751
2006-01-17,-0.865,374702
2006-01-13,-0.067,377973
2006-01-12,-0.303,378226
2006-01-11,0.577,379374
2006-01-10,-0.396,377198
2006-01-09,0.097,378697
2006-01-06,0.993,378328
2006-01-05,0.022,374609
2006-01-04,1.087,374525
2006-01-03,1.873,370499
2005-12-30,-0.691,363685
2005-12-29,-0.120,366214
2005-12-28,0.328,366655
2005-12-27,-0.538,365457
2005-12-23,0.082,367435
2005-12-22,0.397,367136
2005-12-21,0.239,365686
2005-12-20,-0.108,364814
2005-12-19,-0.337,365208
2005-12-16,0.252,366441
2005-12-15,-0.493,365520
2005-12-14,0.484,367330
2005-12-13,0.348,365562
2005-12-12,0.637,364294
2005-12-09,0.313,361990
2005-12-08,0.043,360859
2005-12-07,-0.346,360705
2005-12-06,0.237,361959
2005-12-05,0.003,361102
2005-12-02,0.422,361091
2005-12-01,1.060,359575
2005-11-30,-0.506,355802
2005-11-29,-0.066,357612
2005-11-28,-0.364,357848
2005-11-25,-0.024,359157
2005-11-23,0.616,359245
2005-11-22,0.195,357047
2005-11-21,0.574,356351
2005-11-18,0.481,354317
2005-11-17,1.107,352621
2005-11-16,-0.006,348761
2005-11-15,-0.442,348780
2005-11-14,-0.224,350328
2005-11-11,0.493,351115
2005-11-10,0.380,349393
2005-11-09,-0.068,348069
2005-11-08,-0.189,348307
2005-11-07,0.197,348965
2005-11-04,-0.464,348279
2005-11-03,0.592,349904
2005-11-02,0.943,347843
2005-11-01,0.077,344595
2005-10-31,0.949,344330
2005-10-28,0.622,341093
2005-10-27,-0.634,338983
2005-10-26,-0.154,341144
2005-10-25,0.340,341670
2005-10-24,1.092,340513
2005-10-21,0.066,336834
2005-10-20,-0.675,336613
2005-10-19,0.313,338899
2005-10-18,-1.013,337841
2005-10-17,-0.016,341298
2005-10-14,0.854,341351
2005-10-13,-0.735,338462
2005-10-12,-0.514,340968
2005-10-11,0.049,342729
2005-10-10,-0.481,342563
2005-10-07,0.026,344220
2005-10-06,-0.593,344131
2005-10-05,-1.273,346183
2005-10-04,-0.348,350646
2005-10-03,-0.289,351872
2005-09-30,0.204,352892
2005-09-29,0.681,352173
2005-09-28,0.521,349790
2005-09-27,-0.294,347977
2005-09-26,0.584,349002
2005-09-23,-0.101,346977
2005-09-22,-0.231,347327
2005-09-21,-0.570,348132
2005-09-20,-0.114,350128
2005-09-19,-0.324,350527
2005-09-16,0.555,351667
2005-09-15,-0.108,349726
2005-09-14,0.088,350104
2005-09-13,-0.656,349797
2005-09-12,-0.227,352108
2005-09-09,0.822,352910
2005-09-08,-0.408,350034
2005-09-07,0.160,351468
2005-09-06,0.955,350906
2005-09-02,0.090,347586
2005-09-01,0.964,347275
2005-08-31,1.147,343958
2005-08-30,-0.287,340056
2005-08-29,0.020,341036
2005-08-26,-0.358,340967
2005-08-25,-0.002,342192
2005-08-24,-0.353,342200
2005-08-23,-0.441,343414
2005-08-22,0.649,344937
2005-08-19,0.257,342713
2005-08-18,-0.666,341834
2005-08-17,-0.175,344127
2005-08-16,-0.748,344731
2005-08-15,-0.050,347330
2005-08-12,-0.308,347505
2005-08-11,0.702,348579
2005-08-10,0.656,346148
2005-08-09,0.539,343891
2005-08-08,0.177,342045
2005-08-05,-0.861,341441
2005-08-04,-0.539,344406
2005-08-03,0.333,346272
2005-08-02,0.761,345122
2005-08-01,0.331,342517
2005-07-29,-0.157,341385
2005-07-28,0.578,341921
2005-07-27,0.474,339956
2005-07-26,-0.083,338353
2005-07-25,-0.284,338632
2005-07-22,0.259,339598
2005-07-21,0.235,338720
2005-07-20,0.257,337926
2005-07-19,0.227,337060
2005-07-18,-0.256,336296
2005-07-15,-0.147,337160
2005-07-14,0.349,337657
2005-07-13,-0.183,336484
2005-07-12,0.462,337099
2005-07-11,1.001,335548
2005-07-08,1.008,332224
2005-07-07,-0.418,328908
2005-07-06,-0.159,330288
2005-07-05,0.364,330813
2005-07-01,-0.076,329614
2005-06-30,-0.426,329863
2005-06-29,-0.004,331274
2005-06-28,0.601,331286
2005-06-27,-0.235,329308
2005-06-24,-0.631,330082
2005-06-23,-0.666,332177
2005-06-22,0.081,334405
2005-06-21,0.089,334135
2005-06-20,-0.302,333838
2005-06-17,0.828,334850
2005-06-16,0.406,332101
2005-06-15,0.290,330757
2005-06-14,0.238,329799
2005-06-13,-0.061,329015
2005-06-10,-0.086,329215
2005-06-09,-0.228,329498
2005-06-08,0.050,330250
2005-06-07,0.278,330086
2005-06-06,0.084,329170
2005-06-03,-0.352,328895
2005-06-02,0.173,330057
2005-06-01,0.751,329488
2005-05-31,-0.594,327033
2005-05-27,0.221,328987
2005-05-26,0.359,328261
2005-05-25,-0.318,327088
2005-05-24,0.045,328130
2005-05-23,0.608,327981
2005-05-20,-0.301,325998
2005-05-19,0.569,326983
2005-05-18,0.946,325132
2005-05-17,0.373,322086
2005-05-16,0.206,320890
2005-05-13,-0.545,320230
2005-05-12,-0.731,321986
2005-05-11,-0.059,324357
2005-05-10,-0.672,324550
2005-05-09,0.120,326744
2005-05-06,0.025,326353
2005-05-05,0.026,326272
2005-05-04,1.132,326186
2005-05-03,0.173,322537
2005-05-02,0.204,321979
2005-04-29,0.792,321324
2005-04-28,-0.745,318801
2005-04-27,-0.219,321194
2005-04-26,-0.673,321900
2005-04-25,0.380,324083
2005-04-22,0.021,322854
2005-04-21,1.018,322787
2005-04-20,-0.686,319535
2005-04-19,0.856,321744
2005-04-18,-0.599,319014
2005-04-15,-1.186,320936
2005-04-14,-1.036,324787
2005-04-13,-0.398,328187
2005-04-12,-0.127,329500
2005-04-11,0.174,329918
2005-04-08,-0.499,329345
2005-04-07,0.608,330997
2005-04-06,0.319,328997
2005-04-05,0.589,327951
2005-04-04,-0.492,326030
2005-04-01,-0.256,327642
2005-03-31,0.248,328481
2005-03-30,0.741,327668
2005-03-29,-0.477,325257
2005-03-28,-0.023,326815
2005-03-24,-0.090,326891
2005-03-23,-0.844,327185
2005-03-22,-0.399,329968
2005-03-21,-0.608,331290
2005-03-18,-0.139,333316
2005-03-17,-0.110,333780
2005-03-16,-0.450,334148
2005-03-15,-0.235,335657
2005-03-14,-0.064,336447
2005-03-11,-0.137,336661
2005-03-10,-0.186,337122
2005-03-09,-0.597,337749
2005-03-08,0.063,339778
2005-03-07,-0.008,339565
2005-03-04,1.165,339592
2005-03-03,0.076,335682
2005-03-02,-0.147,335427
2005-03-01,0.280,335922
2005-02-28,-0.032,334984
2005-02-25,1.009,335093
2005-02-24,0.417,331745
2005-02-23,-0.170,330367
2005-02-22,-0.531,330930
2005-02-18,0.141,332698
2005-02-17,-0.180,332231
2005-02-16,-0.205,332829
2005-02-15,0.321,333514
2005-02-14,0.465,332448
2005-02-11,0.633,330909
2005-02-10,0.610,328829
2005-02-09,-0.404,326834
2005-02-08,-0.180,328160
2005-02-07,-0.149,328753
2005-02-04,0.964,329243
2005-02-03,-0.478,326098
2005-02-02,0.417,327665
2005-02-01,0.495,326306
2005-01-31,0.790,324698
2005-01-28,-0.391,322152
2005-01-27,0.001,323416
2005-01-26,0.827,323412
2005-01-25,0.025,320760
2005-01-24,0.016,320681
2005-01-21,-0.245,320630
2005-01-20,-0.916,321416
2005-01-19,-0.430,324387
2005-01-18,0.471,325789
2005-01-14,0.200,324260
2005-01-13,-0.619,323614
2005-01-12,0.425,325631
2005-01-11,-0.261,324253
2005-01-10,0.375,325101
2005-01-07,-0.191,323887
2005-01-06,-0.006,324505
2005-01-05,-0.567,324525
2005-01-04,-1.089,326376
2005-01-03,-0.664,329971
2004-12-31,-0.054,332177
2004-12-30,0.361,332358
2004-12-29,-0.152,331164
2004-12-28,0.415,331669
2004-12-27,0.277,330298
2004-12-23,0.364,329384
2004-12-22,0.485,328189
2004-12-21,0.346,326603
2004-12-20,0.607,325476
2004-12-17,-0.590,323512
2004-12-16,-0.379,325433
2004-12-15,0.660,326672
2004-12-14,0.296,324531
2004-12-13,1.025,323573
2004-12-10,-0.125,320290
2004-12-09,-0.103,320691
2004-12-08,-0.399,321022
2004-12-07,-0.648,322307
2004-12-06,-0.135,324408
2004-12-03,0.286,324845
2004-12-02,0.141,323920
2004-12-01,1.094,323464
2004-11-30,-0.456,319963
2004-11-29,-0.021,321429
2004-11-26,0.516,321496
2004-11-24,0.491,319845
2004-11-23,0.134,318281
2004-11-22,-0.060,317856
2004-11-19,-0.514,318047
2004-11-18,-0.100,319690
2004-11-17,0.795,320010
2004-11-16,-0.462,317486
2004-11-15,0.164,318961
2004-11-12,0.965,318438
2004-11-11,0.684,315395
2004-11-10,-0.056,313252
2004-11-09,-0.176,313427
2004-11-08,-0.075,313979
2004-11-05,0.589,314214
2004-11-04,1.070,312375
2004-11-03,1.080,309070
2004-11-02,0.310,305767
2004-11-01,0.272,304822
2004-10-29,0.005,303994
2004-10-28,0.424,303979
2004-10-27,1.121,302694
2004-10-26,0.900,299340
2004-10-25,-0.261,296670
2004-10-22,-0.459,297445
2004-10-21,0.343,298817
2004-10-20,-0.115,297796
2004-10-19,-0.099,298139
2004-10-18,0.211,298436
2004-10-15,0.403,297809
2004-10-14,-0.442,296614
2004-10-13,-0.489,297931
2004-10-12,-0.728,299394
2004-10-11,0.054,301591
2004-10-08,-0.071,301429
2004-10-07,-0.653,301645
2004-10-06,0.423,303627
2004-10-05,0.142,302348
2004-10-04,0.312,301919
2004-10-01,1.432,300980
2004-09-30,0.288,296733
2004-09-29,0.420,295880
2004-09-28,0.488,294642
2004-09-27,-0.540,293210
2004-09-24,-0.065,294802
2004-09-23,-0.287,294994
2004-09-22,-1.007,295841
2004-09-21,0.803,298851
2004-09-20,-0.383,296471
2004-09-17,0.365,297612
2004-09-16,0.308,296531
2004-09-15,-0.982,295620
2004-09-14,0.220,298550
2004-09-13,0.319,297895
2004-09-10,0.695,296949
2004-09-09,-0.124,294901
2004-09-08,-0.137,295265
2004-09-07,0.860,295671
2004-09-03,-0.503,293150
2004-09-02,0.692,294632
2004-09-01,0.475,292608
2004-08-31,0.259,291224
2004-08-30,-0.536,290470
2004-08-27,0.330,292034
2004-08-26,0.276,291074
2004-08-25,0.550,290273
2004-08-24,-0.197,288687
2004-08-23,-0.034,289256
2004-08-20,0.278,289355
2004-08-19,0.244,288553
2004-08-18,0.722,287850
2004-08-17,0.256,285785
2004-08-16,0.919,285056
2004-08-13,0.165,282459
2004-08-12,-0.732,281994
2004-08-11,-0.520,284073
2004-08-10,1.025,285558
2004-08-09,-0.302,282662
2004-08-06,-0.936,283518
2004-08-05,-0.892,286196
2004-08-04,-0.482,288772
2004-08-03,-0.176,290171
2004-08-02,0.253,290682
2004-07-30,0.270,289949
2004-07-29,0.643,289168
2004-07-28,0.140,287321
2004-07-27,0.359,286919
2004-07-26,-0.380,285893
2004-07-23,-1.064,286985
2004-07-22,-0.245,290071
2004-07-21,-0.894,290784
2004-07-20,0.186,293407
2004-07-19,-0.145,292864
2004-07-16,0.107,293288
2004-07-15,-0.626,292974
2004-07-14,-0.220,294821
2004-07-13,-0.168,295471
2004-07-12,0.102,295968
2004-07-09,0.296,295667
2004-07-08,-0.362,294796
2004-07-07,0.332,295866
2004-07-06,-0.907,294888
2004-07-02,-0.159,297586
2004-07-01,-0.560,298058
2004-06-30,0.150,299735
2004-06-29,-0.241,299288
2004-06-28,0.379,300011
2004-06-25,-0.468,298877
2004-06-24,0.500,300282
2004-06-23,0.598,298789
2004-06-22,-0.157,297012
2004-06-21,-0.154,297481
2004-06-18,0.335,297940
2004-06-17,0.073,296946
2004-06-16,0.392,296730
2004-06-15,0.581,295570
2004-06-14,-1.251,293861
2004-06-10,0.386,297584
2004-06-09,-1.025,296439
2004-06-08,0.102,299508
2004-06-07,1.749,299202
2004-06-04,0.543,294059
2004-06-03,-0.671,292472
2004-06-02,0.345,294446
2004-06-01,-0.016,293435
2004-05-28,-0.188,293482
2004-05-27,1.061,294035
2004-05-26,0.510,290948
2004-05-25,1.016,289473
2004-05-24,0.168,286561
2004-05-21,0.765,286079
2004-05-20,-0.543,283906
2004-05-19,1.040,285457
2004-05-18,0.701,282518
2004-05-17,-0.978,280551
2004-05-14,-0.219,283321
2004-05-13,-0.267,283944
2004-05-12,0.376,284705
2004-05-11,0.710,283640
2004-05-10,-2.286,281641
2004-05-07,-1.579,288229
2004-05-06,-1.153,292852
2004-05-05,0.461,296268
2004-05-04,0.720,294908
2004-05-03,0.600,292800
2004-04-30,-0.682,291054
2004-04-29,-0.494,293052
2004-04-28,-1.457,294506
2004-04-27,0.049,298861
2004-04-26,0.011,298715
2004-04-23,0.192,298684
2004-04-22,0.919,298110
2004-04-21,-0.242,295395
2004-04-20,-0.767,296112
2004-04-19,0.032,298399
2004-04-16,0.769,298303
2004-04-15,-0.159,296028
2004-04-14,-0.771,296500
2004-04-13,-1.018,298805
2004-04-12,0.216,301877
2004-04-08,-0.125,301226
2004-04-07,-0.073,301603
2004-04-06,-0.121,301824
2004-04-05,0.348,302189
2004-04-02,0.460,301142
2004-04-01,0.883,299763
2004-03-31,0.323,297139
2004-03-30,0.313,296183
2004-03-29,1.236,295258
2004-03-26,0.056,291651
2004-03-25,1.365,291487
2004-03-24,-0.269,287561
2004-03-23,-0.141,288335
2004-03-22,-1.308,288742
2004-03-19,-0.653,292569
2004-03-18,0.124,294493
2004-03-17,0.982,294129
2004-03-16,0.930,291268
2004-03-15,-1.129,288583
2004-03-12,0.469,291878
2004-03-11,-1.688,290516
2004-03-10,-1.484,295504
2004-03-09,-0.399,299957
2004-03-08,-0.611,301158
2004-03-05,0.745,303008
2004-03-04,0.451,300767
2004-03-03,-0.482,299415
2004-03-02,-0.576,300866
2004-03-01,1.165,302610
2004-02-27,0.252,299125
2004-02-26,-0.127,298373
2004-02-25,0.001,298754
2004-02-24,-0.254,298750
2004-02-23,-0.029,299509
2004-02-20,-0.786,299596
2004-02-19,-0.281,301970
2004-02-18,-0.296,302820
2004-02-17,1.073,303719
2004-02-13,-0.343,300495
2004-02-12,0.170,301529
2004-02-11,0.623,301017
2004-02-10,0.355,299154
2004-02-09,0.178,298095
2004-02-06,1.223,297565
2004-02-05,0.286,293969
2004-02-04,-0.882,293132
2004-02-03,0.202,295739
2004-02-02,0.321,295142
2004-01-30,-0.150,294198
2004-01-29,-0.695,294639
2004-01-28,-0.765,296701
2004-01-27,-0.393,298988
2004-01-26,0.201,300168
2004-01-23,-0.182,299566
2004-01-22,0.113,300113
2004-01-21,0.711,299775
2004-01-20,0.507,297659
2004-01-16,0.276,296156
2004-01-15,-0.280,295342
2004-01-14,0.485,296171
2004-01-13,-0.320,294742
2004-01-12,0.119,295688
2004-01-09,-0.250,295338
2004-01-08,0.700,296078
2004-01-07,-0.201,294020
2004-01-06,0.234,294612
2004-01-05,1.333,293926
2004-01-02,0.175,290060
2003-12-31,0.394,289552
2003-12-30,0.402,288415
2003-12-29,0.986,287260
2003-12-26,0.161,284456
2003-12-24,0.084,283998
2003-12-23,0.341,283760
2003-12-22,0.391,282797
2003-12-19,0.135,281696
2003-12-18,0.927,281316
2003-12-17,0.098,278732
2003-12-16,0.119,278457
2003-12-15,0.069,278125
2003-12-12,0.581,277932
2003-12-11,0.649,276327
2003-12-10,-0.436,274545
2003-12-09,-0.323,275746
2003-12-08,0.293,276640
2003-12-05,-0.446,275831
2003-12-04,0.176,277068
2003-12-03,0.134,276581
2003-12-02,0.110,276211
2003-12-01,1.258,275907
2003-11-28,0.141,272478
2003-11-26,0.701,272095
2003-11-25,0.278,270200
2003-11-24,1.001,269452
2003-11-21,0.197,266783
2003-11-20,-0.342,266258
2003-11-19,0.101,267171
2003-11-18,-0.146,266901
2003-11-17,-1.244,267291
2003-11-14,-0.270,270658
2003-11-13,0.464,271392
2003-11-12,1.064,270137
2003-11-11,-0.467,267292
2003-11-10,-0.461,268547
2003-11-07,0.307,269791
2003-11-06,0.046,268965
2003-11-05,-0.316,268841
2003-11-04,0.041,269692
2003-11-03,0.433,269582
2003-10-31,-0.194,268421
2003-10-30,0.092,268943
2003-10-29,0.358,268695
2003-10-28,1.108,267736
2003-10-27,0.411,264803
2003-10-24,-0.102,263720
2003-10-23,-0.677,263989
2003-10-22,-1.189,265789
2003-10-21,0.203,268988
2003-10-20,0.383,268442
2003-10-17,-0.788,267418
2003-10-16,0.396,269541
2003-10-15,-0.096,268479
2003-10-14,0.286,268736
2003-10-13,0.553,267969
2003-10-10,0.263,266497
2003-10-09,0.681,265797
2003-10-08,-0.427,263999
2003-10-07,0.505,265132
2003-10-06,0.275,263799
2003-10-03,1.169,263076
2003-10-02,0.536,260036
2003-10-01,2.068,258649
2003-09-30,-0.792,253409
2003-09-29,0.520,255431
2003-09-26,-0.721,254110
2003-09-25,-0.693,255955
2003-09-24,-1.061,257742
2003-09-23,0.314,260506
2003-09-22,-1.031,259691
2003-09-19,-0.170,262397
2003-09-18,1.156,262845
2003-09-17,0.166,259842
2003-09-16,1.112,259410
2003-09-15,-0.148,256559
2003-09-12,0.397,256939
2003-09-11,0.158,255922
2003-09-10,-1.044,255519
2003-09-09,-0.407,258216
2003-09-08,0.946,259273
2003-09-05,-0.170,256842
2003-09-04,0.170,257279
2003-09-03,0.708,256843
2003-09-02,1.248,255038
2003-08-29,0.457,251894
2003-08-28,0.472,250746
2003-08-27,0.218,249569
2003-08-26,-0.146,249026
2003-08-25,-0.136,249391
2003-08-22,-0.752,249731
2003-08-21,0.147,251623
2003-08-20,0.094,251253
2003-08-19,0.152,251018
2003-08-18,0.680,250638
2003-08-15,0.061,248946
2003-08-14,0.791,248794
2003-08-13,-0.103,246842
2003-08-12,0.728,247097
2003-08-11,0.512,245311
2003-08-08,0.332,244060
2003-08-07,0.641,243253
2003-08-06,-0.328,241705
2003-08-05,-0.899,242501
2003-08-04,0.016,244701
2003-08-01,-0.784,244661
2003-07-31,0.123,246596
2003-07-30,-0.538,246293
2003-07-29,-0.524,247626
2003-07-28,0.204,248930
2003-07-25,0.984,248422
2003-07-24,0.224,246001
2003-07-23,0.416,245451
2003-07-22,0.662,244434
2003-07-21,-0.805,242827
2003-07-18,0.784,244796
2003-07-17,-1.308,242892
2003-07-16,-0.678,246111
2003-07-15,-0.551,247792
2003-07-14,0.891,249167
2003-07-11,0.515,246966
2003-07-10,-1.092,245699
2003-07-09,-0.418,248413
2003-07-08,0.084,249456
2003-07-07,1.375,249248
2003-07-03,-0.057,245867
2003-07-02,1.370,246006
2003-07-01,0.400,242681
2003-06-30,-0.355,241715
2003-06-27,-0.413,242576
2003-06-26,0.173,243582
2003-06-25,-0.152,243161
2003-06-24,-0.346,243531
2003-06-23,-1.461,244378
2003-06-20,0.111,248001
2003-06-19,-1.339,247725
2003-06-18,-0.201,251088
2003-06-17,0.442,251594
2003-06-16,1.783,250488
2003-06-13,-0.763,246101
2003-06-12,0.239,247992
2003-06-11,1.467,247401
2003-06-10,0.450,243825
2003-06-09,-0.865,242733
2003-06-06,0.187,244850
2003-06-05,0.665,244392
2003-06-04,1.187,242778
2003-06-03,0.042,239929
2003-06-02,0.924,239829
2003-05-30,0.603,237633
2003-05-29,0.230,236207
2003-05-28,0.362,235665
2003-05-27,1.295,234816
2003-05-23,0.326,231815
2003-05-22,0.969,231062
2003-05-21,0.022,228844
2003-05-20,-0.008,228794
2003-05-19,-2.122,228812
2003-05-16,0.175,233773
2003-05-15,0.606,233365
2003-05-14,-0.035,231959
2003-05-13,-0.154,232041
2003-05-12,1.035,232399
2003-05-09,1.220,230019
2003-05-08,-1.087,227247
2003-05-07,-0.480,229744
2003-05-06,1.297,230853
2003-05-05,0.204,227897
2003-05-02,0.944,227432
2003-05-01,0.210,225305
2003-04-30,0.653,224832
2003-04-29,0.188,223374
2003-04-28,1.557,222956
2003-04-25,-1.344,219538
2003-04-24,-0.661,222529
2003-04-23,0.868,224011
2003-04-22,1.685,222083
2003-04-21,-0.255,218402
2003-04-17,1.292,218960
2003-04-16,-0.802,216166
2003-04-15,1.018,217914
2003-04-14,1.413,215718
2003-04-11,-0.335,212712
2003-04-10,0.162,213426
2003-04-09,-0.877,213080
2003-04-08,-0.502,214965
2003-04-07,1.033,216049
2003-04-04,0.429,213840
2003-04-03,-0.211,212927
2003-04-02,2.220,213377
2003-04-01,1.071,208742
2003-03-31,-1.877,206529
2003-03-28,-0.462,210479
2003-03-27,-0.447,211456
2003-03-26,-0.166,212405
2003-03-25,0.916,212758
2003-03-24,-2.681,210826
2003-03-21,1.959,216633
2003-03-20,0.260,212472
2003-03-19,0.812,211920
2003-03-18,0.353,210213
2003-03-17,2.688,209474
2003-03-14,1.098,203990
2003-03-13,3.031,201775
2003-03-12,-0.705,195839
2003-03-11,-0.702,197230
2003-03-10,-2.265,198624
2003-03-07,-0.137,203226
2003-03-06,-0.894,203504
2003-03-05,0.469,205340
2003-03-04,-1.350,204381
2003-03-03,-0.016,207179
2003-02-28,0.815,207213
2003-02-27,0.729,205537
2003-02-26,-0.782,204049
2003-02-25,-0.718,205658
2003-02-24,-1.357,207146
2003-02-21,0.850,209997
2003-02-20,-0.534,208227
2003-02-19,-0.876,209344
2003-02-18,1.840,211195
2003-02-14,1.595,207380
2003-02-13,-0.037,204124
2003-02-12,-1.041,204200
2003-02-11,0.006,206348
2003-02-10,0.079,206337
2003-02-07,-0.911,206174
2003-02-06,-1.071,208070
2003-02-05,0.107,210323
2003-02-04,-1.295,210097
2003-02-03,0.924,212853
2003-01-31,0.660,210905
2003-01-30,-0.973,209522
2003-01-29,0.479,211579
2003-01-28,0.682,210570
2003-01-27,-2.154,209144
2003-01-24,-1.877,213747
2003-01-23,0.755,217835
2003-01-22,-1.111,216202
2003-01-21,-1.594,218632
2003-01-17,-1.236,222172
2003-01-16,-0.287,224953
2003-01-15,-1.127,225600
2003-01-14,0.728,228172
2003-01-13,0.027,226524
2003-01-10,0.274,226463
2003-01-09,1.580,225845
2003-01-08,-1.512,222334
2003-01-07,-0.888,225747
2003-01-06,1.904,227769
2003-01-03,0.316,223513
2003-01-02,2.425,222810
2002-12-31,0.357,217534
2002-12-30,0.687,216760
2002-12-27,-1.601,215281
2002-12-26,-0.041,218784
2002-12-24,-0.125,218874
2002-12-23,0.270,219147
2002-12-20,1.059,218558
2002-12-19,-0.461,216268
2002-12-18,-1.606,217269
2002-12-17,-0.557,220815
2002-12-16,1.994,222051
2002-12-13,-0.981,217710
2002-12-12,-0.368,219868
2002-12-11,0.289,220680
2002-12-10,0.943,220044
2002-12-09,-1.973,217988
2002-12-06,0.496,222376
2002-12-05,-1.131,221277
2002-12-04,-0.508,223809
2002-12-03,-1.414,224950
2002-12-02,-0.204,228176
2002-11-29,0.361,228643
2002-11-27,2.210,227820
2002-11-26,-1.846,222895
2002-11-25,-0.070,227088
2002-11-22,-0.084,227247
2002-11-21,2.323,227439
2002-11-20,0.937,222275
2002-11-19,-0.376,220210
2002-11-18,-0.447,221042
2002-11-15,0.828,222034
2002-11-14,1.744,220212
2002-11-13,-0.408,216437
2002-11-12,0.830,217324
2002-11-11,-1.749,215534
2002-11-08,-0.835,219372
2002-11-07,-1.569,221219
2002-11-06,0.161,224746
2002-11-05,0.949,224383
2002-11-04,1.546,222273
2002-11-01,0.881,218889
2002-10-31,0.266,216977
2002-10-30,1.319,216401
2002-10-29,-1.728,213583
2002-10-28,0.079,217338
2002-10-25,1.067,217167
2002-10-24,-0.294,214874
2002-10-23,-0.368,215508
2002-10-22,-1.050,216305
2002-10-21,1.045,218600
2002-10-18,0.260,216340
2002-10-17,2.039,215779
2002-10-16,-1.782,211466
2002-10-15,4.713,215303
2002-10-14,0.189,205613
2002-10-11,3.862,205225
2002-10-10,2.530,197594
2002-10-09,-1.727,192719
2002-10-08,0.369,196104
2002-10-07,-1.920,195384
2002-10-04,-1.970,199209
2002-10-03,-1.065,203212
2002-10-02,-0.709,205400
2002-10-01,2.364,206865
2002-09-30,-1.845,202087
2002-09-27,-1.702,205885
2002-09-26,2.419,209449
2002-09-25,1.717,204503
2002-09-24,-1.635,201050
2002-09-23,-1.807,204393
2002-09-20,-0.208,208154
2002-09-19,-1.942,208588
2002-09-18,-1.105,212720
2002-09-17,-1.253,215096
2002-09-16,-0.237,217824
2002-09-13,-0.557,218343
2002-09-12,-2.294,219566
2002-09-11,0.530,224721
2002-09-10,0.914,223536
2002-09-09,0.232,221512
2002-09-06,1.524,220999
2002-09-05,-0.991,217681
2002-09-04,0.779,219860
2002-09-03,-3.932,218160
2002-08-30,0.031,227089
2002-08-29,-0.564,227019
2002-08-28,-2.250,228307
2002-08-27,-0.172,233562
2002-08-26,0.407,233963
2002-08-23,-1.698,233016
2002-08-22,1.236,237041
2002-08-21,1.238,234147
2002-08-20,-1.248,231285
2002-08-19,1.709,234207
2002-08-16,0.190,230272
2002-08-15,1.392,229836
2002-08-14,1.997,226680
2002-08-13,-1.002,222242
2002-08-12,-0.888,224491
2002-08-09,0.984,226502
2002-08-08,2.917,224295
2002-08-07,1.417,217939
2002-08-06,1.834,214893
2002-08-05,-2.864,211023
2002-08-02,-1.280,217246
2002-08-01,-2.929,220063
2002-07-31,0.475,226702
2002-07-30,0.687,225631
2002-07-29,4.503,224092
2002-07-26,0.478,214436
2002-07-25,0.758,213415
2002-07-24,2.575,211809
2002-07-23,-2.605,206491
2002-07-22,-3.621,212014
2002-07-19,-3.472,219978
2002-07-18,-0.902,227890
2002-07-17,1.217,229965
2002-07-16,-1.036,227200
2002-07-15,-1.404,229579
2002-07-12,-0.239,232849
2002-07-11,-0.798,233407
2002-07-10,-3.068,235285
2002-07-09,-1.344,242732
2002-07-08,-0.344,246039
2002-07-05,3.641,246888
2002-07-03,-0.492,238215
2002-07-02,-2.138,239392
2002-07-01,-1.200,244622
2002-06-28,1.334,247593
2002-06-27,1.268,244335
2002-06-26,-0.409,241276
2002-06-25,-0.515,242266
2002-06-24,-0.176,243521
2002-06-21,-1.032,243951
2002-06-20,-1.063,246496
2002-06-19,-1.460,249144
2002-06-18,0.185,252836
2002-06-17,2.225,252370
2002-06-14,-0.985,246876
2002-06-13,-1.079,249333
2002-06-12,-0.194,252052
2002-06-11,-0.823,252542
2002-06-10,0.136,254636
2002-06-07,-0.600,254291
2002-06-06,-1.071,255826
2002-06-05,0.043,258597
2002-06-04,-0.523,258485
2002-06-03,-1.438,259843
2002-05-31,0.075,263635
2002-05-30,-0.338,263438
2002-05-29,-0.420,264332
2002-05-28,-0.569,265446
2002-05-24,-0.568,266964
2002-05-23,0.430,268489
2002-05-22,0.271,267339
2002-05-21,-0.714,266616
2002-05-20,-0.840,268532
2002-05-17,0.864,270807
2002-05-16,0.466,268486
2002-05-15,0.333,267242
2002-05-14,1.183,266355
2002-05-13,1.170,263241
2002-05-10,-1.094,260198
2002-05-09,-0.877,263077
2002-05-08,2.784,265405
2002-05-07,-0.789,258216
2002-05-06,-1.157,260270
2002-05-03,-0.415,263316
2002-05-02,-0.259,264413
2002-05-01,0.723,265101
2002-04-30,0.721,263196
2002-04-29,-0.636,261312
2002-04-26,-1.012,262984
2002-04-25,-0.050,265671
2002-04-24,-0.420,265804
2002-04-23,-0.471,266926
2002-04-22,-0.985,268190
2002-04-19,-0.015,270858
2002-04-18,-0.090,270898
2002-04-17,0.265,271141
2002-04-16,2.050,270423
2002-04-15,-0.061,264990
2002-04-12,0.279,265153
2002-04-11,-1.851,264414
2002-04-10,1.053,269401
2002-04-09,-0.451,266593
2002-04-08,-0.468,267800
2002-04-05,-0.268,269060
2002-04-04,-0.135,269783
2002-04-03,-0.469,270148
2002-04-02,-0.525,271421
2002-04-01,-0.047,272852
2002-03-28,0.558,272980
2002-03-27,0.325,271465
2002-03-26,0.321,270585
2002-03-25,-1.204,269720
2002-03-22,-0.389,273007
2002-03-21,-0.117,274073
2002-03-20,-1.247,274393
2002-03-19,0.541,277858
2002-03-18,-0.135,276362
2002-03-15,1.026,276734
2002-03-14,0.317,273923
2002-03-13,-0.706,273058
2002-03-12,-0.785,274999
2002-03-11,0.183,277175
2002-03-08,0.353,276669
2002-03-07,0.559,275695
2002-03-06,1.160,274162
2002-03-05,-0.526,271019
2002-03-04,2.487,272454
2002-03-01,1.870,265842
2002-02-28,-0.070,260961
2002-02-27,0.550,261145
2002-02-26,0.061,259717
2002-02-25,1.240,259559
2002-02-22,0.398,256379
2002-02-21,-0.391,255362
2002-02-20,0.445,256364
2002-02-19,-2.041,255229
2002-02-15,-0.884,260548
2002-02-14,0.262,262872
2002-02-13,0.741,262186
2002-02-12,-0.107,260258
2002-02-11,1.373,260538
2002-02-08,1.038,257010
2002-02-07,0.258,254370
2002-02-06,-0.660,253716
2002-02-05,-0.835,255403
2002-02-04,-1.671,257553
2002-02-01,-0.511,261930
2002-01-31,1.303,263276
2002-01-30,0.090,259889
2002-01-29,-2.186,259654
2002-01-28,0.257,265458
2002-01-25,-0.406,264776
2002-01-24,0.489,265855
2002-01-23,0.592,264563
2002-01-22,-0.864,263005
2002-01-18,-0.525,265296
2002-01-17,0.811,266696
2002-01-16,-1.491,264552
2002-01-15,0.409,268557
2002-01-14,-0.886,267464
2002-01-11,-0.493,269854
2002-01-10,-0.256,271191
2002-01-09,-0.404,271888
2002-01-08,-0.760,272990
2002-01-07,-0.680,275081
2002-01-04,0.567,276964
2002-01-03,1.072,275402
2002-01-02,0.350,272481
2001-12-31,-0.442,271531
2001-12-28,0.413,272736
2001-12-27,1.226,271614
2001-12-26,0.187,268325
2001-12-24,-0.244,267825
2001-12-21,0.284,268481
2001-12-20,-0.642,267720
2001-12-19,0.019,269450
2001-12-18,0.420,269397
2001-12-17,1.212,268271
2001-12-14,-0.031,265060
2001-12-13,-1.600,265143
2001-12-12,0.195,269455
2001-12-11,-0.226,268930
2001-12-10,-1.690,269540
2001-12-07,-0.896,274173
2001-12-06,0.145,276650
2001-12-05,2.291,276250
2001-12-04,1.154,270064
2001-12-03,-1.067,266982
2001-11-30,0.525,269862
2001-11-29,0.562,268451
2001-11-28,-1.442,266950
2001-11-27,-0.673,270855
2001-11-26,0.606,272691
2001-11-23,0.697,271049
2001-11-21,-0.554,269174
2001-11-20,-0.678,270673
2001-11-19,0.914,272519
2001-11-16,0.199,270052
2001-11-15,0.311,269516
2001-11-14,0.276,268682
2001-11-13,1.397,267943
2001-11-12,-0.862,264252
2001-11-09,-0.243,266548
2001-11-08,0.702,267198
2001-11-07,-0.103,265334
2001-11-06,1.018,265608
2001-11-05,1.287,262931
2001-11-02,0.153,259592
2001-11-01,1.715,259195
2001-10-31,0.014,254825
2001-10-30,-1.658,254788
2001-10-29,-1.771,259085
2001-10-26,0.677,263755
2001-10-25,0.330,261982
2001-10-24,0.202,261120
2001-10-23,0.538,260594
2001-10-22,1.086,259199
2001-10-19,-0.408,256414
2001-10-18,-1.255,257464
2001-10-17,-0.298,260736
2001-10-16,0.755,261515
2001-10-15,-0.741,259555
2001-10-12,-0.098,261493
2001-10-11,1.232,261750
2001-10-10,1.644,258565
2001-10-09,-0.671,254384
2001-10-08,-0.453,256103
2001-10-05,0.131,257269
2001-10-04,0.934,256933
2001-10-03,1.114,254555
2001-10-02,1.121,251749
2001-10-01,-0.437,248958
2001-09-28,2.151,250050
2001-09-27,0.882,244783
2001-09-26,-0.041,242644
2001-09-25,1.223,242743
2001-09-24,3.746,239811
2001-09-21,-2.600,231151
2001-09-20,-3.104,237320
2001-09-19,-1.019,244924
2001-09-18,-0.428,247445
2001-09-17,-4.849,248509
2001-09-10,-0.342,261173
2001-09-07,-1.438,262069
2001-09-06,-1.908,265892
2001-09-05,-0.752,271064
2001-09-04,-0.413,273119
2001-08-31,0.212,274253
2001-08-30,-1.795,273673
2001-08-29,-0.822,278674
2001-08-28,-1.278,280983
2001-08-27,-0.242,284620
2001-08-24,1.530,285310
2001-08-23,-0.491,281011
2001-08-22,0.662,282397
2001-08-21,-0.215,280539
2001-08-20,0.124,281144
2001-08-17,-1.355,280796
2001-08-16,-0.306,284651
2001-08-15,0.011,285525
2001-08-14,0.434,285494
2001-08-13,0.086,284259
2001-08-10,0.348,284014
2001-08-09,-0.495,283028
2001-08-08,-1.376,284435
2001-08-07,0.225,288403
2001-08-06,-0.814,287755
2001-08-03,-0.562,290117
2001-08-02,0.683,291756
2001-08-01,0.573,289776
2001-07-31,0.898,288125
2001-07-30,0.155,285561
2001-07-27,0.515,285119
2001-07-26,0.631,283657
2001-07-25,0.715,281877
2001-07-24,-0.985,279876
2001-07-23,-1.316,282659
2001-07-20,-0.330,286430
2001-07-19,0.775,287377
2001-07-18,-0.166,285166
2001-07-17,0.029,285641
2001-07-16,-0.620,285557
2001-07-13,0.407,287338
2001-07-12,1.618,286174
2001-07-11,-0.387,281616
2001-07-10,-0.593,282709
2001-07-09,0.510,284395
2001-07-06,-1.948,282953
2001-07-05,-1.724,288574
2001-07-03,-0.429,293637
2001-07-02,0.985,294903
2001-06-29,0.361,292028
2001-06-28,0.581,290977
2001-06-27,-0.381,289297
2001-06-26,-0.582,290403
2001-06-25,-0.210,292103
2001-06-22,-0.277,292718
2001-06-21,0.811,293531
2001-06-20,0.238,291170
2001-06-19,0.122,290479
2001-06-18,-0.674,290125
2001-06-15,-0.605,292095
2001-06-14,-1.034,293872
2001-06-13,-0.238,296943
2001-06-12,-0.617,297651
2001-06-11,-1.092,299499
2001-06-08,-0.630,302805
2001-06-07,0.388,304723
2001-06-06,-0.819,303545
2001-06-05,0.902,306050
2001-06-04,0.451,303314
2001-06-01,0.144,301952
2001-05-31,0.055,301517
2001-05-30,-1.374,301352
2001-05-29,-0.628,305550
2001-05-25,-0.908,307480
2001-05-24,0.062,310299
2001-05-23,-1.090,310106
2001-05-22,-0.180,313524
2001-05-21,1.099,314091
2001-05-18,0.043,310677
2001-05-17,0.595,310542
2001-05-16,1.534,308706
2001-05-15,0.580,304041
2001-05-14,-0.669,302288
2001-05-11,-0.783,304323
2001-05-10,0.437,306726
2001-05-09,-0.610,305391
2001-05-08,-0.600,307264
2001-05-07,0.038,309120
2001-05-04,1.019,309003
2001-05-03,-1.257,305885
2001-05-02,0.080,309778
2001-05-01,1.320,309532
2001-04-30,0.025,305499
2001-04-27,0.851,305423
2001-04-26,0.736,302847
2001-04-25,1.029,300635
2001-04-24,-0.728,297572
2001-04-23,-1.189,299755
2001-04-20,-0.394,303362
2001-04-19,1.464,304562
2001-04-18,3.033,300167
2001-04-17,0.339,291330
2001-04-16,-0.581,290344
2001-04-12,1.238,292041
2001-04-11,0.027,288469
2001-04-10,1.640,288390
2001-04-09,0.467,283738
2001-04-06,-0.885,282419
2001-04-05,3.024,284940
2001-04-04,0.683,276577
2001-04-03,-2.467,274702
2001-04-02,-1.011,281650
2001-03-30,0.577,284526
2001-03-29,-0.954,282893
2001-03-28,-1.881,285617
2001-03-27,2.137,291094
2001-03-26,2.321,285004
2001-03-23,2.467,278539
2001-03-22,-2.395,271833
2001-03-21,-1.192,278502
2001-03-20,-0.685,281861
2001-03-19,0.854,283806
2001-03-16,-2.291,281402
2001-03-15,0.839,288000
2001-03-14,-2.230,285604
2001-03-13,-0.198,292118
2001-03-12,-3.581,292699
2001-03-09,-1.661,303570
2001-03-08,0.079,308697
2001-03-07,0.270,308453
2001-03-06,1.197,307621
2001-03-05,0.478,303982
2001-03-02,-0.613,302537
2001-03-01,-0.059,304403
2001-02-28,-0.952,304582
2001-02-27,-0.087,307509
2001-02-26,1.352,307778
2001-02-23,-0.699,303673
2001-02-22,-0.342,305812
2001-02-21,-1.322,306862
2001-02-20,-1.517,310974
2001-02-16,-1.331,315765
2001-02-15,0.410,320025
2001-02-14,-0.604,318719
2001-02-13,-0.755,320657
2001-02-12,1.116,323097
2001-02-09,-1.100,319531
2001-02-08,-0.923,323087
2001-02-07,-0.878,326096
2001-02-06,-0.196,328985
2001-02-05,0.212,329632
2001-02-02,-1.540,328934
2001-02-01,0.403,334080
2001-01-31,0.061,332740
2001-01-30,0.582,332536
2001-01-29,0.371,330613
2001-01-26,-0.161,329392
2001-01-25,-0.205,329924
2001-01-24,-0.146,330601
2001-01-23,0.681,331084
2001-01-22,0.020,328844
2001-01-19,-0.332,328778
2001-01-18,1.175,329874
2001-01-17,0.584,326044
2001-01-16,0.033,324152
2001-01-12,-0.100,324044
2001-01-11,0.898,324367
2001-01-10,0.180,321479
2001-01-09,-0.543,320903
2001-01-08,-0.371,322653
2001-01-05,-1.282,323856
2001-01-04,-0.025,328063
2001-01-03,2.137,328145
2001-01-02,-1.584,321281
2000-12-29,-0.269,326452
2000-12-28,0.429,327333
2000-12-27,1.143,325936
2000-12-26,0.637,322255
2000-12-22,1.933,320215
2000-12-21,-0.095,314143
2000-12-20,-2.567,314442
2000-12-19,-0.917,322726
2000-12-18,0.442,325712
2000-12-15,-1.575,324279
2000-12-14,-1.193,329468
2000-12-13,-0.817,333446
2000-12-12,-0.738,336193
2000-12-11,1.174,338692
2000-12-08,1.492,334763
2000-12-07,-0.512,329842
2000-12-06,-1.087,331539
2000-12-05,3.190,335181
2000-12-04,0.264,324820
2000-12-01,0.830,323965
2000-11-30,-1.254,321298
2000-11-29,-0.073,325378
2000-11-28,-1.101,325616
2000-11-27,1.016,329239
2000-11-24,1.553,325927
2000-11-22,-1.901,320942
2000-11-21,-0.098,327160
2000-11-20,-1.928,327482
2000-11-17,-0.374,333919
2000-11-16,-1.364,335172
2000-11-15,0.423,339806
2000-11-14,2.270,338374
2000-11-13,-1.427,330864
2000-11-10,-1.653,335653
2000-11-09,-0.840,341296
2000-11-08,-1.231,344187
2000-11-07,-0.013,348477
2000-11-06,0.314,348524
2000-11-03,0.262,347433
2000-11-02,0.681,346525
2000-11-01,0.605,344182
2000-10-31,1.837,342112
2000-10-30,0.497,335942
2000-10-27,1.330,334280
2000-10-26,-0.171,329893
2000-10-25,-1.938,330457
2000-10-24,0.692,336987
2000-10-23,0.053,334671
2000-10-20,0.706,334494
2000-10-19,2.687,332148
2000-10-18,-0.989,323458
2000-10-17,-1.496,326690
2000-10-16,0.091,331652
2000-10-13,2.004,331348
2000-10-12,-1.776,324838
2000-10-11,-1.594,330710
2000-10-10,-0.752,336068
2000-10-09,-0.859,338616
2000-10-06,-1.327,341548
2000-10-05,0.000,346143
2000-10-04,0.088,346143
2000-10-03,-0.495,345839
2000-10-02,-0.122,347561
2000-09-29,-0.439,347985
2000-09-28,1.247,349521
2000-09-27,-0.130,345217
2000-09-26,-0.619,345666
2000-09-25,0.037,347818
2000-09-22,0.521,347690
2000-09-21,-0.618,345889
2000-09-20,-0.462,348041
2000-09-19,0.661,349657
2000-09-18,-1.667,347361
2000-09-15,-0.929,353250
2000-09-14,0.086,356562
2000-09-13,0.036,356255
2000-09-12,-0.654,356128
2000-09-11,-0.708,358473
2000-09-08,-0.957,361031
2000-09-07,0.203,364519
2000-09-06,-1.129,363782
2000-09-05,-1.063,367936
2000-09-01,1.175,371891
2000-08-31,0.463,367573
2000-08-30,-0.443,365878
2000-08-29,-0.267,367506
2000-08-28,0.275,368490
2000-08-25,0.271,367481
2000-08-24,0.325,366488
2000-08-23,0.250,365302
2000-08-22,0.032,364390
2000-08-21,-0.065,364274
2000-08-18,-0.346,364511
2000-08-17,0.369,365776
2000-08-16,0.047,364432
2000-08-15,0.056,364261
2000-08-14,0.820,364056
2000-08-11,0.432,361095
2000-08-10,-0.251,359543
2000-08-09,0.058,360449
2000-08-08,-0.276,360239
2000-08-07,0.929,361235
2000-08-04,0.703,357908
2000-08-03,-0.217,355409
2000-08-02,-0.046,356181
2000-08-01,0.087,356346
2000-07-31,0.851,356036
2000-07-28,-1.968,353032
2000-07-27,-1.185,360118
2000-07-26,-0.584,364436
2000-07-25,0.355,366575
2000-07-24,-0.856,365278
2000-07-21,-1.009,368431
2000-07-20,0.910,372187
2000-07-19,-0.903,368829
2000-07-18,-1.278,372189
2000-07-17,0.148,377006
2000-07-14,0.680,376449
2000-07-13,-0.141,373906
2000-07-12,0.564,374432
2000-07-11,-0.100,372332
2000-07-10,0.222,372703
2000-07-07,1.138,371879
2000-07-06,0.369,367694
2000-07-05,-0.967,366342
2000-07-03,0.962,369917
2000-06-30,0.801,366394
2000-06-29,-0.777,363484
2000-06-28,0.605,366331
2000-06-27,-0.023,364128
2000-06-26,0.251,364213
2000-06-23,-0.872,363302
2000-06-22,-1.281,366499
2000-06-21,-0.193,371253
2000-06-20,0.193,371969
2000-06-19,0.940,371254
2000-06-16,-0.273,367795
2000-06-15,-0.466,368804
2000-06-14,0.035,370531
2000-06-13,0.712,370403
2000-06-12,-0.495,367785
2000-06-09,-0.135,369613
2000-06-08,-0.531,370115
2000-06-07,0.238,372091
2000-06-06,-0.094,371208
2000-06-05,-0.367,371560
2000-06-02,3.239,372929
2000-06-01,1.898,361229
2000-05-31,-0.483,354501
2000-05-30,3.447,356222
2000-05-26,0.133,344354
2000-05-25,0.089,343898
2000-05-24,0.350,343591
2000-05-23,-0.711,342393
2000-05-22,-1.049,344845
2000-05-19,-2.083,348502
2000-05-18,-0.523,355917
2000-05-17,-1.678,357788
2000-05-16,1.043,363895
2000-05-15,0.802,360138
2000-05-12,1.511,357272
2000-05-11,0.957,351952
2000-05-10,-1.666,348616
2000-05-09,-1.018,354522
2000-05-08,-0.841,358169
2000-05-05,0.881,361207
2000-05-04,0.016,358051
2000-05-03,-2.074,357994
2000-05-02,-0.366,365576
2000-05-01,0.870,366919
2000-04-28,0.494,363754
2000-04-27,-0.273,361965
2000-04-26,-0.466,362958
2000-04-25,1.961,364658
2000-04-24,-0.207,357643
2000-04-20,0.385,358387
2000-04-19,-0.139,357012
2000-04-18,2.637,357508
2000-04-17,0.412,348323
2000-04-14,-4.477,346894
2000-04-13,-1.305,363152
2000-04-12,-1.390,367952
2000-04-11,-0.979,373140
2000-04-10,-0.806,376830
2000-04-07,1.142,379891
2000-04-06,1.185,375603
2000-04-05,-0.454,371203
2000-04-04,-0.651,372894
2000-04-03,-1.190,375337
2000-03-31,1.149,379859
2000-03-30,-1.706,375542
2000-03-29,-0.516,382058
2000-03-28,-0.343,384039
2000-03-27,0.058,385360
2000-03-24,0.919,385137
2000-03-23,1.021,381629
2000-03-22,0.410,377772
2000-03-21,1.225,376231
2000-03-20,-0.452,371679
2000-03-17,0.641,373366
2000-03-16,3.178,370989
2000-03-15,0.023,359563
2000-03-14,-1.157,359479
2000-03-13,-1.722,363687
2000-03-10,0.037,370062
2000-03-09,1.754,369926
2000-03-08,-0.001,363549
2000-03-07,-1.049,363553
2000-03-06,-0.242,367407
2000-03-03,1.310,368300
2000-03-02,0.676,363538
2000-03-01,1.620,361097
2000-02-29,1.051,355342
2000-02-28,-0.366,351647
2000-02-25,-0.392,352940
2000-02-24,-0.138,354328
2000-02-23,0.955,354816
2000-02-22,-0.436,351462
2000-02-18,-1.774,352999
2000-02-17,0.541,359375
2000-02-16,-0.055,357440
2000-02-15,-0.542,357636
2000-02-14,-0.509,359585
2000-02-11,-1.096,361426
2000-02-10,0.011,365433
2000-02-09,-0.763,365392
2000-02-08,1.185,368201
2000-02-07,-0.288,363890
2000-02-04,0.036,364941
2000-02-03,1.724,364811
2000-02-02,0.487,358628
2000-02-01,0.695,356890
2000-01-31,-0.049,354428
2000-01-28,-1.777,354603
2000-01-27,0.005,361018
2000-01-26,0.171,360998
2000-01-25,-0.418,360383
2000-01-24,-1.421,361897
2000-01-21,-0.172,367113
2000-01-20,-0.152,367744
2000-01-19,-0.368,368305
2000-01-18,-0.506,369667
2000-01-14,1.030,371547
2000-01-13,1.033,367761
2000-01-12,-0.443,364000
2000-01-11,-1.021,365619
2000-01-10,1.506,369390
2000-01-07,2.176,363908
2000-01-06,-0.915,356159
2000-01-05,-1.411,359450
2000-01-04,-3.044,364593
2000-01-03,0.009,376040
1999-12-31,0.255,376004
1999-12-30,0.490,375047
1999-12-29,0.515,373220
1999-12-28,0.322,371308
1999-12-27,0.089,370115
1999-12-23,1.350,369786
1999-12-22,0.713,364861
1999-12-21,0.627,362277
1999-12-20,0.256,360018
1999-12-17,0.346,359101
1999-12-16,0.779,357863
1999-12-15,-0.092,355096
1999-12-14,-0.867,355424
1999-12-13,-0.122,358531
1999-12-10,0.286,358968
1999-12-09,0.228,357945
1999-12-08,-0.205,357130
1999-12-07,-0.035,357864
1999-12-06,0.336,357991
1999-12-03,1.424,356794
1999-12-02,0.581,351783
1999-12-01,0.535,349750
1999-11-30,-1.384,347889
1999-11-29,-0.399,352772
1999-11-26,0.912,354187
1999-11-24,0.031,350987
1999-11-23,-0.529,350877
1999-11-22,-0.067,352744
1999-11-19,-0.103,352981
1999-11-18,0.755,353345
1999-11-17,0.008,350698
1999-11-16,0.899,350672
1999-11-15,0.274,347548
1999-11-12,0.377,346598
1999-11-11,0.363,345297
1999-11-10,0.751,344047
1999-11-09,-0.131,341482
1999-11-08,0.153,341930
1999-11-05,0.321,341408
1999-11-04,0.561,340316
1999-11-03,0.408,338419
1999-11-02,-0.136,337043
1999-11-01,-0.269,337502
1999-10-29,1.907,338412
1999-10-28,2.085,332078
1999-10-27,0.130,325296
1999-10-26,-0.222,324874
1999-10-25,-0.262,325598
1999-10-22,1.125,326452
1999-10-21,-0.251,322820
1999-10-20,1.403,323632
1999-10-19,0.902,319156
1999-10-18,-0.701,316304
1999-10-15,-1.748,318536
1999-10-14,-0.069,324203
1999-10-13,-1.632,324426
1999-10-12,-0.890,329809
1999-10-11,0.324,332770
1999-10-08,0.463,331697
1999-10-07,0.240,330169
1999-10-06,1.122,329380
1999-10-05,0.073,325725
1999-10-04,1.052,325486
1999-10-01,0.114,322098
1999-09-30,1.006,321732
1999-09-29,-0.385,318527
1999-09-28,0.047,319757
1999-09-27,0.330,319606
1999-09-24,-0.857,318556
1999-09-23,-1.161,321310
1999-09-22,-0.328,325084
1999-09-21,-0.925,326153
1999-09-20,0.295,329199
1999-09-17,0.555,328230
1999-09-16,-0.593,326417
1999-09-15,-0.801,328363
1999-09-14,-0.383,331015
1999-09-13,-0.077,332286
1999-09-10,-0.196,332541
1999-09-09,0.775,333194
1999-09-08,-0.360,330631
1999-09-07,-0.099,331825
1999-09-03,1.680,332153
1999-09-02,-0.617,326666
1999-09-01,1.159,328695
1999-08-31,-0.681,324928
1999-08-30,-0.710,327157
1999-08-27,-0.545,329496
1999-08-26,-0.822,331301
1999-08-25,0.659,334046
1999-08-24,-0.132,331857
1999-08-23,1.307,332296
1999-08-20,1.122,328010
1999-08-19,-0.360,324371
1999-08-18,-0.032,325544
1999-08-17,0.368,325648
1999-08-16,0.635,324455
1999-08-13,1.354,322408
1999-08-12,0.770,318100
1999-08-11,0.709,315668
1999-08-10,-1.041,313445
1999-08-09,-0.216,316743
1999-08-06,-0.696,317429
1999-08-05,-0.469,319654
1999-08-04,-0.674,321160
1999-08-03,-0.338,323338
1999-08-02,-0.343,324436
1999-07-30,0.285,325551
1999-07-29,-1.016,324624
1999-07-28,0.423,327956
1999-07-27,0.700,326575
1999-07-26,-0.424,324306
1999-07-23,-0.734,325688
1999-07-22,-1.181,328097
1999-07-21,-0.022,332019
1999-07-20,-1.408,332091
1999-07-19,-0.053,336834
1999-07-16,-0.006,337013
1999-07-15,1.068,337034
1999-07-14,0.567,333473
1999-07-13,-0.454,331592
1999-07-12,-0.122,333104
1999-07-09,0.333,333509
1999-07-08,-0.270,332404
1999-07-07,-0.198,333305
1999-07-06,0.483,333966
1999-07-02,0.679,332360
1999-07-01,1.085,330119
1999-06-30,0.597,326575
1999-06-29,0.744,324636
1999-06-28,0.648,322237
1999-06-25,0.068,320161
1999-06-24,-0.887,319942
1999-06-23,-0.619,322806
1999-06-22,-0.522,324815
1999-06-21,0.568,326519
1999-06-18,0.363,324674
1999-06-17,0.732,323500
1999-06-16,1.260,321148
1999-06-15,0.325,317152
1999-06-14,-0.762,316124
1999-06-11,0.143,318552
1999-06-10,-0.555,318097
1999-06-09,0.333,319874
1999-06-08,-0.082,318811
1999-06-07,0.870,319073
1999-06-04,1.138,316319
1999-06-03,0.172,312759
1999-06-02,0.051,312223
1999-06-01,0.099,312063
1999-05-28,0.731,311756
1999-05-27,-1.059,309493
1999-05-26,0.467,312806
1999-05-25,-1.272,311354
1999-05-24,-1.097,315364
1999-05-21,-0.443,318861
1999-05-20,0.045,320280
1999-05-19,0.332,320137
1999-05-18,0.146,319076
1999-05-17,-0.978,318611
1999-05-14,-1.632,321757
1999-05-13,0.125,327094
1999-05-12,0.098,326685
1999-05-11,0.226,326364
1999-05-10,0.086,325627
1999-05-07,0.134,325347
1999-05-06,0.020,324912
1999-05-05,0.264,324846
1999-05-04,-0.677,323990
1999-05-03,0.696,326198
1999-04-30,-0.149,323943
1999-04-29,-0.553,324428
1999-04-28,-0.537,326231
1999-04-27,0.700,327994
1999-04-26,0.431,325715
1999-04-23,0.160,324317
1999-04-22,1.198,323798
1999-04-21,0.941,319964
1999-04-20,-0.189,316982
1999-04-19,-0.964,317582
1999-04-16,0.107,320673
1999-04-15,-0.675,320332
1999-04-14,-0.532,322510
1999-04-13,0.151,324233
1999-04-12,0.368,323744
1999-04-09,0.200,322556
1999-04-08,0.950,321912
1999-04-07,0.545,318881
1999-04-06,0.575,317154
1999-04-05,0.683,315342
1999-04-01,0.483,313204
1999-03-31,0.091,311700
1999-03-30,-0.295,311416
1999-03-29,1.467,312336
1999-03-26,-0.732,307819
1999-03-25,1.474,310089
1999-03-24,-0.169,305585
1999-03-23,-2.066,306102
1999-03-22,-0.494,312560
1999-03-19,-0.053,314112
1999-03-18,0.215,314277
1999-03-17,-0.078,313603
1999-03-16,0.170,313848
1999-03-15,0.610,313315
1999-03-12,-0.030,311416
1999-03-11,0.913,311508
1999-03-10,0.893,308690
1999-03-09,0.212,305959
1999-03-08,0.361,305312
1999-03-05,2.371,304213
1999-03-04,0.600,297167
1999-03-03,-0.201,295396
1999-03-02,-0.489,295989
1999-03-01,-0.615,297442
1999-02-26,-0.514,299282
1999-02-25,-0.392,300828
1999-02-24,-0.341,302012
1999-02-23,0.300,303046
1999-02-22,1.623,302141
1999-02-19,-0.076,297315
1999-02-18,0.443,297541
1999-02-17,-1.052,296228
1999-02-16,0.225,299377
1999-02-12,-0.575,298706
1999-02-11,1.810,300434
1999-02-10,-0.164,295092
1999-02-09,-1.791,295576
1999-02-08,-0.203,300967
1999-02-05,-0.781,301580
1999-02-04,-1.130,303953
1999-02-03,-0.078,307425
1999-02-02,-0.236,307666
1999-02-01,0.289,308395
1999-01-29,0.701,307507
1999-01-28,0.873,305366
1999-01-27,-0.405,302722
1999-01-26,0.921,303953
1999-01-25,0.352,301180
1999-01-22,-1.377,300122
1999-01-21,-1.194,304314
1999-01-20,0.628,307991
1999-01-19,1.203,306068
1999-01-15,1.543,302431
1999-01-14,-0.664,297835
1999-01-13,-1.529,299825
1999-01-12,-1.641,304480
1999-01-11,-0.643,309561
1999-01-08,0.021,311564
1999-01-07,-0.273,311499
1999-01-06,1.890,312350
1999-01-05,0.936,306556
1999-01-04,0.915,303713
1998-12-31,0.460,300960
1998-12-30,-0.465,299583
1998-12-29,0.937,300981
1998-12-28,0.414,298188
1998-12-24,-0.216,296957
1998-12-23,1.617,297600
1998-12-22,-0.262,292863
1998-12-21,1.335,293633
1998-12-18,0.571,289764
1998-12-17,1.155,288119
1998-12-16,0.330,284828
1998-12-15,0.875,283891
1998-12-14,-1.348,281428
1998-12-11,-0.632,285273
1998-12-10,-0.810,287087
1998-12-09,0.583,289433
1998-12-08,-0.043,287756
1998-12-07,0.471,287880
1998-12-04,1.114,286529
1998-12-03,-0.641,283372
1998-12-02,-0.078,285199
1998-12-01,-0.544,285421
1998-11-30,-1.975,286983
1998-11-27,0.888,292765
1998-11-25,-0.079,290189
1998-11-24,-0.123,290418
1998-11-23,1.482,290777
1998-11-20,1.072,286530
1998-11-19,0.978,283491
1998-11-18,0.406,280746
1998-11-17,-0.098,279612
1998-11-16,1.681,279886
1998-11-13,0.645,275259
1998-11-12,-0.936,273495
1998-11-11,0.348,276078
1998-11-10,-0.598,275119
1998-11-09,-1.447,276774
1998-11-06,0.176,280838
1998-11-05,0.249,280345
1998-11-04,1.431,279650
1998-11-03,-0.259,275706
1998-11-02,2.034,276423
1998-10-30,1.219,270914
1998-10-29,1.290,267651
1998-10-28,-0.457,264243
1998-10-27,0.274,265456
1998-10-26,-0.044,264730
1998-10-23,-0.403,264848
1998-10-22,0.474,265920
1998-10-21,0.000,264666
1998-10-20,1.067,264665
1998-10-19,0.460,261870
1998-10-16,1.866,260670
1998-10-15,2.812,255896
1998-10-14,0.980,248897
1998-10-13,-0.240,246482
1998-10-12,2.795,247075
1998-10-09,2.129,240356
1998-10-08,-2.425,235347
1998-10-07,0.830,241196
1998-10-06,1.288,239211
1998-10-05,-1.886,236170
1998-10-02,0.013,240711
1998-10-01,-3.144,240681
1998-09-30,-2.573,248493
1998-09-29,-0.026,255057
1998-09-28,0.621,255122
1998-09-25,-0.632,253548
1998-09-24,-0.793,255160
1998-09-23,2.534,257200
1998-09-22,1.127,250844
1998-09-21,-1.345,248049
1998-09-18,-0.474,251432
1998-09-17,-2.386,252629
1998-09-16,0.584,258805
1998-09-15,0.523,257303
1998-09-14,1.893,255963
1998-09-11,1.113,251207
1998-09-10,-2.307,248443
1998-09-09,-1.834,254309
1998-09-08,4.527,259062
1998-09-04,-0.457,247841
1998-09-03,-0.860,248978
1998-09-02,0.868,251139
1998-09-01,1.950,248979
1998-08-31,-3.373,244216
1998-08-28,-1.120,252742
1998-08-27,-3.494,255606
1998-08-26,-1.629,264859
1998-08-25,0.768,269244
1998-08-24,0.403,267192
1998-08-21,-2.267,266119
1998-08-20,-0.538,272293
1998-08-19,0.352,273766
1998-08-18,2.048,272807
1998-08-17,0.691,267333
1998-08-14,-0.248,265498
1998-08-13,-0.814,266158
1998-08-12,1.400,268343
1998-08-11,-2.177,264638
1998-08-10,-1.169,270526
1998-08-07,0.523,273726
1998-08-06,0.056,272302
1998-08-05,-0.230,272151
1998-08-04,-1.973,272779
1998-08-03,-1.268,278269
1998-07-31,-1.232,281843
1998-07-30,1.179,285360
1998-07-29,-0.374,282034
1998-07-28,-0.664,283092
1998-07-27,-0.798,284984
1998-07-24,0.070,287276
1998-07-23,-1.366,287076
1998-07-22,-1.069,291051
1998-07-21,-1.213,294197
1998-07-20,0.277,297810
1998-07-17,0.597,296987
1998-07-16,0.619,295226
1998-07-15,0.237,293411
1998-07-14,1.177,292718
1998-07-13,0.601,289312
1998-07-10,-0.127,287584
1998-07-09,-0.743,287950
1998-07-08,0.530,290106
1998-07-07,0.182,288576
1998-07-06,0.775,288051
1998-07-02,-0.057,285837
1998-07-01,1.298,286001
1998-06-30,0.440,282338
1998-06-29,0.615,281102
1998-06-26,-0.053,279383
1998-06-25,0.385,279532
1998-06-24,0.680,278458
1998-06-23,0.875,276577
1998-06-22,-0.411,274177
1998-06-19,-0.262,275309
1998-06-18,0.333,276033
1998-06-17,2.449,275118
1998-06-16,1.064,268542
1998-06-15,-2.112,265714
1998-06-12,-0.521,271447
1998-06-11,-1.664,272868
1998-06-10,-1.114,277486
1998-06-09,0.063,280612
1998-06-08,0.321,280436
1998-06-05,0.937,279539
1998-06-04,0.564,276944
1998-06-03,-0.005,275391
1998-06-02,0.488,275403
1998-06-01,-0.641,274067
1998-05-29,-0.181,275834
1998-05-28,0.261,276333
1998-05-27,-1.235,275615
1998-05-26,-0.761,279061
1998-05-22,-0.173,281200
1998-05-21,0.341,281688
1998-05-20,0.872,280730
1998-05-19,0.755,278302
1998-05-18,-1.029,276216
1998-05-15,-0.377,279087
1998-05-14,-0.123,280143
1998-05-13,0.094,280489
1998-05-12,-0.152,280225
1998-05-11,0.401,280653
1998-05-08,0.715,279531
1998-05-07,-0.958,277548
1998-05-06,-0.629,280232
1998-05-05,-0.422,282005
1998-05-04,0.619,283202
1998-05-01,0.746,281459
1998-04-30,1.542,279376
1998-04-29,0.515,275133
1998-04-28,0.419,273723
1998-04-27,-2.322,272582
1998-04-24,-0.658,279061
1998-04-23,-1.009,280909
1998-04-22,-0.048,283772
1998-04-21,0.376,283907
1998-04-20,0.429,282843
1998-04-17,0.322,281634
1998-04-16,-1.330,280731
1998-04-15,0.307,284514
1998-04-14,0.812,283644
1998-04-13,-0.079,281360
1998-04-09,1.072,281583
1998-04-08,-0.079,278597
1998-04-07,-0.505,278817
1998-04-06,0.443,280233
1998-04-03,0.080,278996
1998-04-02,0.267,278774
1998-04-01,0.476,278032
1998-03-31,0.515,276715
1998-03-30,-0.834,275298
1998-03-27,-0.188,277613
1998-03-26,0.068,278136
1998-03-25,0.276,277946
1998-03-24,0.572,277182
1998-03-23,0.106,275604
1998-03-20,0.543,275311
1998-03-19,0.514,273823
1998-03-18,-0.110,272422
1998-03-17,0.443,272721
1998-03-16,0.293,271518
1998-03-13,0.820,270725
1998-03-12,0.104,268523
1998-03-11,0.092,268245
1998-03-10,0.697,267999
1998-03-09,-0.003,266144
1998-03-06,1.614,266151
1998-03-05,-1.330,261924
1998-03-04,-0.746,265456
1998-03-03,-0.010,267452
1998-03-02,0.730,267480
1998-02-27,0.506,265541
1998-02-26,0.643,264205
1998-02-25,1.086,262517
1998-02-24,-0.746,259696
1998-02-23,0.446,261647
1998-02-20,0.219,260486
1998-02-19,-0.263,259917
1998-02-18,0.572,260604
1998-02-17,0.490,259121
1998-02-13,-0.728,257858
1998-02-12,-0.216,259750
1998-02-11,0.159,260314
1998-02-10,0.691,259900
1998-02-09,-0.201,258115
1998-02-06,0.465,258634
1998-02-05,0.527,257437
1998-02-04,0.206,256087
1998-02-03,0.741,255561
1998-02-02,1.980,253681
1998-01-30,-0.198,248756
1998-01-29,0.381,249250
1998-01-28,0.764,248303
1998-01-27,0.944,246420
1998-01-26,0.359,244115
1998-01-23,0.100,243241
1998-01-22,-0.376,242998
1998-01-21,-0.084,243916
1998-01-20,1.547,244121
1998-01-16,1.954,240402
1998-01-15,-0.275,235794
1998-01-14,1.133,236445
1998-01-13,1.709,233795
1998-01-12,-1.038,229867
1998-01-09,-2.271,232278
1998-01-08,-0.814,237677
1998-01-07,-0.332,239627
1998-01-06,-0.985,240426
1998-01-05,0.111,242818
1998-01-02,0.206,242549
1997-12-31,0.033,242050
1997-12-30,1.335,241970
1997-12-29,1.648,238782
1997-12-26,0.229,234911
1997-12-24,-0.283,234373
1997-12-23,-0.259,235038
1997-12-22,-0.269,235647
1997-12-19,-1.593,236283
1997-12-18,-0.732,240107
1997-12-17,1.030,241877
1997-12-16,0.606,239410
1997-12-15,0.350,237967
1997-12-12,-0.313,237137
1997-12-11,-1.973,237881
1997-12-10,-0.690,242670
1997-12-09,-0.323,244356
1997-12-08,0.135,245147
1997-12-05,0.493,244817
1997-12-04,0.055,243616
1997-12-03,0.107,243483
1997-12-02,0.189,243222
1997-12-01,1.501,242764
1997-11-28,0.669,239174
1997-11-26,0.350,237585
1997-11-25,-0.833,236755
1997-11-24,-1.338,238744
1997-11-21,1.072,241983
1997-11-20,1.358,239415
1997-11-19,-0.713,236208
1997-11-18,-0.038,237904
1997-11-17,2.730,237995
1997-11-14,0.443,231670
1997-11-13,0.449,230647
1997-11-12,-2.027,229615
1997-11-11,0.109,234367
1997-11-10,-0.413,234111
1997-11-07,-1.890,235082
1997-11-06,-0.501,239611
1997-11-05,0.185,240817
1997-11-04,0.196,240372
1997-11-03,2.062,239902
1997-10-31,1.092,235055
1997-10-30,-1.639,232516
1997-10-29,2.211,236390
1997-10-28,0.258,231277
1997-10-27,-4.592,230682
1997-10-24,-0.445,241785
1997-10-23,-2.561,242865
1997-10-22,-0.365,249249
1997-10-21,1.049,250162
1997-10-20,0.052,247566
1997-10-17,-1.289,247437
1997-10-16,-0.098,250668
1997-10-15,-0.219,250914
1997-10-14,-0.053,251464
1997-10-13,0.198,251598
1997-10-10,-0.130,251100
1997-10-09,-0.589,251427
1997-10-08,-0.226,252916
1997-10-07,0.419,253489
1997-10-06,0.404,252431
1997-10-03,0.461,251416
1997-10-02,0.343,250263
1997-10-01,0.504,249408
1997-09-30,0.073,248156
1997-09-29,0.449,247974
1997-09-26,0.269,246865
1997-09-25,-0.246,246203
1997-09-24,0.538,246810
1997-09-23,-0.066,245489
1997-09-22,0.341,245651
1997-09-19,0.234,244816
1997-09-18,0.305,244244
1997-09-17,0.255,243502
1997-09-16,1.164,242882
1997-09-15,0.196,240088
1997-09-12,0.566,239617
1997-09-11,-1.134,238269
1997-09-10,-1.072,241003
1997-09-09,0.427,243614
1997-09-08,0.238,242578
1997-09-05,0.616,242004
1997-09-04,0.046,240521
1997-09-03,0.910,240410
1997-09-02,1.205,238243
1997-08-29,-0.981,235407
1997-08-28,-1.044,237740
1997-08-27,-0.244,240248
1997-08-26,-0.359,240835
1997-08-25,-0.257,241703
1997-08-22,-0.833,242325
1997-08-21,-0.540,244361
1997-08-20,1.015,245687
1997-08-19,0.742,243219
1997-08-18,-0.202,241429
1997-08-15,-1.110,241917
1997-08-14,-0.307,244632
1997-08-13,-0.294,245385
1997-08-12,-0.346,246109
1997-08-11,-0.621,246964
1997-08-08,-0.699,248507
1997-08-07,-0.248,250257
1997-08-06,0.946,250878
1997-08-05,-0.175,248527
1997-08-04,-0.467,248964
1997-08-01,-0.869,250133
1997-07-31,0.202,252326
1997-07-30,0.616,251818
1997-07-29,0.311,250276
1997-07-28,-0.196,249500
1997-07-25,-0.109,249990
1997-07-24,-0.047,250262
1997-07-23,0.636,250378
1997-07-22,1.261,248797
1997-07-21,-0.562,245698
1997-07-18,-1.238,247088
1997-07-17,-0.190,250184
1997-07-16,1.148,250660
1997-07-15,-0.097,247814
1997-07-14,0.274,248054
1997-07-11,0.204,247377
1997-07-10,0.249,246873
1997-07-09,-0.485,246259
1997-07-08,0.270,247459
1997-07-07,-0.128,246793
1997-07-03,1.211,247110
1997-07-02,0.711,244152
1997-07-01,0.487,242429
1997-06-30,-0.206,241254
1997-06-27,-0.138,241752
1997-06-26,-0.157,242086
1997-06-25,0.482,242466
1997-06-24,0.851,241302
1997-06-23,-0.805,239266
1997-06-20,0.026,241208
1997-06-19,0.691,241145
1997-06-18,-0.131,239489
1997-06-17,-0.261,239804
1997-06-16,0.452,240431
1997-06-13,0.505,239349
1997-06-12,0.600,238147
1997-06-11,0.426,236726
1997-06-10,0.071,235722
1997-06-09,0.815,235554
1997-06-06,0.881,233649
1997-06-05,0.410,231610
1997-06-04,-0.113,230664
1997-06-03,0.078,230924
1997-06-02,0.397,230744
1997-05-30,-0.454,229831
1997-05-29,-0.246,230880
1997-05-28,0.118,231449
1997-05-27,-0.012,231176
1997-05-23,0.887,231203
1997-05-22,-0.540,229172
1997-05-21,-0.054,230417
1997-05-20,0.721,230542
1997-05-19,-0.131,228891
1997-05-16,-0.158,229192
1997-05-15,0.355,229555
1997-05-14,0.286,228743
1997-05-13,-0.022,228090
1997-05-12,1.305,228140
1997-05-09,0.647,225201
1997-05-08,0.367,223753
1997-05-07,-0.557,222936
1997-05-06,0.871,224184
1997-05-05,1.236,222248
1997-05-02,1.104,219535
1997-05-01,0.292,217139
1997-04-30,0.958,216507
1997-04-29,1.504,214452
1997-04-28,0.274,211274
1997-04-25,-0.686,210696
1997-04-24,-0.081,212152
1997-04-23,0.397,212324
1997-04-22,0.615,211485
1997-04-21,0.100,210194
1997-04-18,0.501,209984
1997-04-17,0.160,208936
1997-04-16,0.824,208602
1997-04-15,1.045,206897
1997-04-14,-0.132,204757
1997-04-11,-1.251,205028
1997-04-10,-0.298,207626
1997-04-09,-0.318,208246
1997-04-08,0.443,208910
1997-04-07,0.188,207989
1997-04-04,0.377,207599
1997-04-03,-0.226,206820
1997-04-02,-0.383,207289
1997-04-01,-0.766,208086
1997-03-31,-1.133,209692
1997-03-27,-0.642,212095
1997-03-26,0.509,213465
1997-03-25,0.475,212383
1997-03-24,-0.071,211379
1997-03-21,0.520,211530
1997-03-20,-0.801,210435
1997-03-19,-0.100,212135
1997-03-18,-0.225,212347
1997-03-17,-0.346,212826
1997-03-14,0.230,213565
1997-03-13,-1.145,213075
1997-03-12,-0.834,215543
1997-03-11,0.049,217355
1997-03-10,0.845,217250
1997-03-07,0.371,215430
1997-03-06,-0.114,214634
1997-03-05,0.482,214879
1997-03-04,0.048,213848
1997-03-03,-0.103,213745
1997-02-28,-0.633,213965
1997-02-27,-0.514,215328
1997-02-26,-0.696,216440
1997-02-25,0.420,217958
1997-02-24,0.637,217047
1997-02-21,0.077,215674
1997-02-20,-0.013,215508
1997-02-19,-0.108,215536
1997-02-18,0.119,215769
1997-02-14,0.056,215512
1997-02-13,0.593,215391
1997-02-12,0.872,214122
1997-02-11,-0.036,212272
1997-02-10,0.415,212348
1997-02-07,0.357,211471
1997-02-06,0.074,210720
1997-02-05,-0.621,210563
1997-02-04,0.224,211878
1997-02-03,-0.079,211404
1997-01-31,0.827,211571
1997-01-30,0.539,209836
1997-01-29,0.379,208711
1997-01-28,-0.083,207922
1997-01-27,-0.813,208094
1997-01-24,-0.815,209800
1997-01-23,-0.406,211524
1997-01-22,0.476,212388
1997-01-21,-0.009,211381
1997-01-20,-0.449,211400
1997-01-17,0.180,212354
1997-01-16,0.428,211973
1997-01-15,0.131,211071
1997-01-14,0.774,210795
1997-01-13,0.627,209177
1997-01-10,-0.474,207874
1997-01-09,-0.171,208863
1997-01-08,-0.301,209220
1997-01-07,0.162,209852
1997-01-06,0.363,209512
1997-01-03,0.689,208755
1997-01-02,-0.843,207327
1996-12-31,-0.184,209090
1996-12-30,0.101,209475
1996-12-27,0.302,209264
1996-12-26,0.414,208635
1996-12-24,-0.207,207775
1996-12-23,-0.038,208206
1996-12-20,0.598,208284
1996-12-19,0.481,207045
1996-12-18,0.274,206055
1996-12-17,0.204,205492
1996-12-16,-0.110,205073
1996-12-13,-0.588,205300
1996-12-12,-0.947,206513
1996-12-11,-0.871,208488
1996-12-10,0.262,210320
1996-12-09,0.867,209771
1996-12-06,-1.418,207967
1996-12-05,0.386,210958
1996-12-04,-0.278,210146
1996-12-03,-0.529,210731
1996-12-02,-0.321,211852
1996-11-29,-0.017,212535
1996-11-27,-0.166,212570
1996-11-26,-0.021,212924
1996-11-25,0.434,212969
1996-11-22,0.528,212048
1996-11-21,-0.076,210934
1996-11-20,0.415,211093
1996-11-19,0.432,210221
1996-11-18,-0.081,209316
1996-11-15,0.343,209485
1996-11-14,0.569,208768
1996-11-13,-0.011,207587
1996-11-12,0.166,207610
1996-11-11,0.152,207265
1996-11-08,0.503,206950
1996-11-07,0.389,205915
1996-11-06,1.135,205116
1996-11-05,0.464,202814
1996-11-04,0.207,201878
1996-11-01,0.083,201461
1996-10-31,0.204,201293
1996-10-30,0.005,200883
1996-10-29,0.105,200872
1996-10-28,-0.282,200661
1996-10-25,-0.268,201229
1996-10-24,-0.284,201770
1996-10-23,-0.190,202345
1996-10-22,-0.468,202729
1996-10-21,-0.235,203683
1996-10-18,0.515,204163
1996-10-17,0.159,203116
1996-10-16,-0.028,202794
1996-10-15,0.313,202851
1996-10-14,0.433,202217
1996-10-11,0.422,201345
1996-10-10,-0.183,200499
1996-10-09,-0.395,200866
1996-10-08,-0.202,201663
1996-10-07,0.163,202071
1996-10-04,0.439,201742
1996-10-03,-0.215,200859
1996-10-02,0.509,201293
1996-10-01,0.168,200274
1996-09-30,0.252,199938
1996-09-27,0.170,199436
1996-09-26,0.085,199097
1996-09-25,0.535,198929
1996-09-24,0.037,197869
1996-09-23,-0.270,197796
1996-09-20,0.047,198332
1996-09-19,0.167,198239
1996-09-18,-0.041,197909
1996-09-17,0.320,197990
1996-09-16,0.499,197360
1996-09-13,1.020,196379
1996-09-12,0.414,194397
1996-09-11,0.049,193595
1996-09-10,0.033,193501
1996-09-09,0.611,193437
1996-09-06,0.243,192263
1996-09-05,-0.283,191796
1996-09-04,0.376,192341
1996-09-03,-0.427,191620
1996-08-30,-0.605,192442
1996-08-29,-0.793,193612
1996-08-28,-0.194,195160
1996-08-27,0.219,195539
1996-08-26,-0.297,195113
1996-08-23,-0.128,195694
1996-08-22,0.490,195944
1996-08-21,0.206,194989
1996-08-20,0.093,194589
1996-08-19,0.143,194408
1996-08-16,0.136,194131
1996-08-15,0.029,193867
1996-08-14,0.107,193811
1996-08-13,-0.200,193605
1996-08-12,0.389,193993
1996-08-09,-0.304,193241
1996-08-08,0.037,193830
1996-08-07,-0.093,193759
1996-08-06,-0.344,193938
1996-08-05,0.127,194609
1996-08-02,1.081,194363
1996-08-01,1.045,192284
1996-07-31,0.865,190295
1996-07-30,0.199,188663
1996-07-29,-0.332,188289
1996-07-26,0.426,188918
1996-07-25,0.812,188117
1996-07-24,-1.005,186602
1996-07-23,-0.495,188496
1996-07-22,-0.927,189434
1996-07-19,-0.066,191207
1996-07-18,1.017,191333
1996-07-17,0.857,189407
1996-07-16,-0.538,187798
1996-07-15,-1.317,188815
1996-07-12,-0.481,191335
1996-07-11,-0.802,192259
1996-07-10,-0.192,193813
1996-07-09,0.452,194185
1996-07-08,-0.879,193312
1996-07-05,-1.022,195026
1996-07-03,-0.210,197041
1996-07-02,-0.240,197456
1996-07-01,0.315,197930
1996-06-28,0.459,197308
1996-06-27,0.179,196406
1996-06-26,-0.226,196055
1996-06-25,-0.137,196498
1996-06-24,0.301,196768
1996-06-21,0.234,196177
1996-06-20,-0.189,195719
1996-06-19,-0.081,196091
1996-06-18,0.113,196249
1996-06-17,-0.050,196028
1996-06-14,0.215,196126
1996-06-13,-0.214,195705
1996-06-12,0.230,196126
1996-06-11,0.034,195675
1996-06-10,0.059,195609
1996-06-07,-0.447,195493
1996-06-06,-0.302,196370
1996-06-05,0.417,196964
1996-06-04,0.367,196147
1996-06-03,-0.471,195429
1996-05-31,0.240,196354
1996-05-30,0.435,195884
1996-05-29,-0.223,195036
1996-05-28,-0.405,195472
1996-05-24,-0.038,196266
1996-05-23,-0.354,196341
1996-05-22,0.085,197038
1996-05-21,0.006,196871
1996-05-20,0.117,196859
1996-05-17,0.377,196628
1996-05-16,-0.056,195890
1996-05-15,0.318,196000
1996-05-14,0.317,195378
1996-05-13,0.380,194761
1996-05-10,0.311,194023
1996-05-09,0.081,193421
1996-05-08,0.242,193265
1996-05-07,-0.355,192798
1996-05-06,-0.135,193485
1996-05-03,-0.331,193747
1996-05-02,-0.734,194390
1996-05-01,-0.202,195827
1996-04-30,-0.082,196224
1996-04-29,0.040,196384
1996-04-26,0.631,196306
1996-04-25,0.419,195076
1996-04-24,-0.237,194261
1996-04-23,0.490,194722
1996-04-22,0.548,193772
1996-04-19,0.498,192717
1996-04-18,0.368,191761
1996-04-17,-0.449,191058
1996-04-16,0.203,191919
1996-04-15,0.982,191531
1996-04-12,0.354,189669
1996-04-11,0.034,189000
1996-04-10,-0.846,188936
1996-04-09,-0.307,190548
1996-04-08,-1.415,191134
1996-04-04,-0.329,193878
1996-04-03,0.191,194519
1996-04-02,0.019,194148
1996-04-01,1.230,194112
1996-03-29,-0.329,191754
1996-03-28,0.710,192387
1996-03-27,-0.433,191030
1996-03-26,0.868,191860
1996-03-25,0.125,190208
1996-03-22,0.126,189970
1996-03-21,-0.248,189732
1996-03-20,-0.045,190204
1996-03-19,0.530,190290
1996-03-18,0.700,189287
1996-03-15,0.365,187971
1996-03-14,-0.075,187286
1996-03-13,-0.005,187426
1996-03-12,-0.115,187436
1996-03-11,0.286,187652
1996-03-08,-1.557,187118
1996-03-07,-0.429,190076
1996-03-06,-0.639,190896
1996-03-05,0.572,192123
1996-03-04,0.689,191031
1996-03-01,0.568,189724
1996-02-29,0.555,188653
1996-02-28,-0.027,187612
1996-02-27,-0.059,187664
1996-02-26,-1.051,187775
1996-02-23,0.132,189770
1996-02-22,0.562,189520
1996-02-21,0.777,188460
1996-02-20,-0.112,187007
1996-02-16,-0.202,187217
1996-02-15,0.026,187595
1996-02-14,-0.260,187546
1996-02-13,-0.535,188035
1996-02-12,0.303,189046
1996-02-09,-0.981,188475
1996-02-08,0.935,190342
1996-02-07,0.610,188580
1996-02-06,0.185,187436
1996-02-05,0.258,187091
1996-02-02,-0.646,186610
1996-02-01,0.147,187824
1996-01-31,0.781,187549
1996-01-30,0.553,186096
1996-01-29,0.468,185072
1996-01-26,-0.282,184211
1996-01-25,0.684,184731
1996-01-24,0.399,183477
1996-01-23,0.292,182747
1996-01-22,0.302,182216
1996-01-19,0.652,181667
1996-01-18,0.004,180490
1996-01-17,0.344,180483
1996-01-16,0.329,179865
1996-01-15,-0.250,179275
1996-01-12,-0.334,179724
1996-01-11,0.899,180327
1996-01-10,-1.575,178720
1996-01-09,-0.630,181580
1996-01-08,-0.110,182731
1996-01-05,-0.818,182933
1996-01-04,-0.366,184441
1996-01-03,-0.323,185119
1996-01-02,0.795,185720
1995-12-29,-0.025,184255
1995-12-28,-0.629,184301
1995-12-27,0.351,185468
1995-12-26,0.242,184820
1995-12-22,-0.459,184374
1995-12-21,0.537,185224
1995-12-20,0.284,184236
1995-12-19,1.500,183713
1995-12-18,-1.283,180998
1995-12-15,0.519,183350
1995-12-14,-0.798,182404
1995-12-13,0.041,183871
1995-12-12,-0.053,183796
1995-12-11,0.387,183893
1995-12-08,0.969,183184
1995-12-07,-0.023,181427
1995-12-06,-0.181,181468
1995-12-05,0.111,181796
1995-12-04,1.210,181594
1995-12-01,0.204,179423
1995-11-30,-0.918,179057
1995-11-29,-0.250,180717
1995-11-28,0.408,181169
1995-11-27,-0.036,180433
1995-11-24,0.307,180498
1995-11-22,0.331,179945
1995-11-21,1.068,179351
1995-11-20,-0.284,177455
1995-11-17,0.174,177961
1995-11-16,0.697,177651
1995-11-15,0.728,176422
1995-11-14,-0.339,175147
1995-11-13,0.185,175743
1995-11-10,-0.335,175418
1995-11-09,0.359,176008
1995-11-08,0.721,175379
1995-11-07,-0.365,174124
1995-11-06,-0.804,174761
1995-11-03,-0.003,176178
1995-11-02,1.332,176184
1995-11-01,0.453,173868
1995-10-31,-0.115,173085
1995-10-30,0.773,173284
1995-10-27,0.565,171954
1995-10-26,-1.014,170988
1995-10-25,-0.828,172740
1995-10-24,-0.031,174182
1995-10-23,-0.396,174236
1995-10-20,-0.624,174928
1995-10-19,1.308,176026
1995-10-18,-0.038,173754
1995-10-17,-0.267,173820
1995-10-16,-0.743,174285
1995-10-13,0.208,175591
1995-10-12,1.221,175227
1995-10-11,0.724,173114
1995-10-10,-0.018,171870
1995-10-09,-1.124,171901
1995-10-06,0.044,173855
1995-10-05,-0.436,173777
1995-10-04,-0.200,174539
1995-10-03,-0.103,174888
1995-10-02,-0.468,175069
1995-09-29,-0.231,175892
1995-09-28,0.897,176299
1995-09-27,-0.092,174731
1995-09-26,-0.474,174893
1995-09-25,0.067,175725
1995-09-22,0.372,175607
1995-09-21,-1.082,174956
1995-09-20,0.352,176870
1995-09-19,-0.385,176250
1995-09-18,-0.546,176930
1995-09-15,-0.366,177902
1995-09-14,0.639,178555
1995-09-13,0.933,177420
1995-09-12,1.230,175781
1995-09-11,0.427,173646
1995-09-08,0.331,172908
1995-09-07,-0.414,172337
1995-09-06,-0.059,173054
1995-09-05,0.459,173157
1995-09-01,0.828,172365
1995-08-31,0.238,170950
1995-08-30,0.037,170544
1995-08-29,0.174,170480
1995-08-28,-0.790,170185
1995-08-25,0.807,171540
1995-08-24,0.219,170167
1995-08-23,-0.741,169795
1995-08-22,0.050,171063
1995-08-21,0.031,170977
1995-08-18,0.447,170924
1995-08-17,-0.784,170163
1995-08-16,-0.044,171508
1995-08-15,0.239,171583
1995-08-14,0.516,171174
1995-08-11,-0.913,170295
1995-08-10,-1.237,171864
1995-08-09,-0.360,174016
1995-08-08,0.105,174645
1995-08-07,0.164,174462
1995-08-04,0.457,174176
1995-08-03,0.789,173384
1995-08-02,-0.586,172027
1995-08-01,-1.054,173041
1995-07-31,0.286,174884
1995-07-28,-0.529,174385
1995-07-27,0.633,175313
1995-07-26,1.366,174210
1995-07-25,0.656,171863
1995-07-24,0.314,170743
1995-07-21,-0.590,170209
1995-07-20,0.579,171219
1995-07-19,-0.802,170233
1995-07-18,-1.059,171609
1995-07-17,0.740,173445
1995-07-14,0.641,172171
1995-07-13,-0.314,171075
1995-07-12,1.155,171614
1995-07-11,-0.466,169655
1995-07-10,0.080,170450
1995-07-07,0.508,170313
1995-07-06,1.081,169453
1995-07-05,0.461,167641
1995-07-03,0.171,166871
1995-06-30,0.674,166586
1995-06-29,0.486,165472
1995-06-28,0.549,164671
1995-06-27,-1.038,163772
1995-06-26,-1.461,165490
1995-06-23,-0.040,167943
1995-06-22,0.430,168010
1995-06-21,-0.532,167291
1995-06-20,0.134,168186
1995-06-19,0.583,167962
1995-06-16,0.475,166988
1995-06-15,-0.208,166198
1995-06-14,-0.598,166544
1995-06-13,0.344,167546
1995-06-12,-0.065,166971
1995-06-09,-0.495,167080
1995-06-08,0.059,167911
1995-06-07,-0.002,167812
1995-06-06,0.341,167814
1995-06-05,0.514,167243
1995-06-02,-0.628,166387
1995-06-01,0.458,167439
1995-05-31,1.323,166676
1995-05-30,0.128,164500
1995-05-26,-1.097,164290
1995-05-25,-0.177,166112
1995-05-24,0.012,166407
1995-05-23,1.041,166387
1995-05-22,0.751,164672
1995-05-19,-0.072,163444
1995-05-18,-0.940,163562
1995-05-17,-0.142,165115
1995-05-16,-0.108,165350
1995-05-15,0.121,165528
1995-05-12,0.365,165328
1995-05-11,-0.224,164726
1995-05-10,-0.178,165096
1995-05-09,-0.858,165390
1995-05-08,0.062,166822
1995-05-05,0.064,166718
1995-05-04,0.564,166612
1995-05-03,0.955,165678
1995-05-02,-0.475,164111
1995-05-01,-0.245,164895
1995-04-28,-0.257,165299
1995-04-27,0.648,165724
1995-04-26,-0.044,164657
1995-04-25,-0.058,164730
1995-04-24,1.578,164826
1995-04-21,0.299,162265
1995-04-20,-0.237,161782
1995-04-19,0.105,162166
1995-04-18,-0.366,161996
1995-04-17,-0.526,162591
1995-04-13,0.914,163452
1995-04-12,0.399,161971
1995-04-11,-0.313,161327
1995-04-10,-0.227,161834
1995-04-07,0.509,162203
1995-04-06,-0.104,161381
1995-04-05,0.603,161549
1995-04-04,0.616,160582
1995-04-03,-0.106,159598
1995-03-31,-0.428,159768
1995-03-30,0.417,160454
1995-03-29,-0.445,159788
1995-03-28,0.436,160503
1995-03-27,-0.033,159806
1995-03-24,1.412,159859
1995-03-23,0.564,157634
1995-03-22,0.132,156750
1995-03-21,0.382,156544
1995-03-20,0.106,155947
1995-03-17,-0.013,155782
1995-03-16,1.148,155802
1995-03-15,-0.551,154033
1995-03-14,-0.061,154887
1995-03-13,0.040,154982
1995-03-10,0.381,154920
1995-03-09,0.651,154331
1995-03-08,0.309,153333
1995-03-07,-1.032,152861
1995-03-06,-0.091,154456
1995-03-03,0.431,154596
1995-03-02,0.354,153933
1995-03-01,0.612,153390
1995-02-28,0.000,152457
1995-02-27,-0.229,152457
1995-02-24,0.262,152807
1995-02-23,0.272,152407
1995-02-22,-0.676,151994
1995-02-21,0.804,153029
1995-02-17,-0.619,151809
1995-02-16,0.314,152754
1995-02-15,0.035,152276
1995-02-14,0.245,152223
1995-02-13,-0.014,151851
1995-02-10,0.445,151872
1995-02-09,-0.858,151199
1995-02-08,0.237,152508
1995-02-07,0.649,152148
1995-02-06,0.103,151166
1995-02-03,0.631,151011
1995-02-02,0.307,150065
1995-02-01,-0.425,149606
1995-01-31,-0.197,150244
1995-01-30,-0.287,150541
1995-01-27,0.951,150974
1995-01-26,-0.692,149553
1995-01-25,-0.231,150595
1995-01-24,0.129,150944
1995-01-23,-0.092,150749
1995-01-20,-0.740,150887
1995-01-19,-0.811,152012
1995-01-18,-0.387,153255
1995-01-17,-0.128,153850
1995-01-16,0.766,154047
1995-01-13,0.548,152876
1995-01-12,-0.807,152043
1995-01-11,-0.387,153280
1995-01-10,0.589,153876
1995-01-09,0.089,152974
1995-01-06,-0.214,152839
1995-01-05,0.312,153167
1995-01-04,-0.307,152690
1995-01-03,0.110,153161
1994-12-30,0.044,152992
1994-12-29,0.090,152924
1994-12-28,-0.884,152787
1994-12-27,0.732,154150
1994-12-23,-0.615,153030
1994-12-22,-0.651,153978
1994-12-21,1.559,154987
1994-12-20,-0.060,152608
1994-12-19,-0.109,152700
1994-12-16,0.443,152866
1994-12-15,0.183,152192
1994-12-14,0.223,151914
1994-12-13,0.242,151577
1994-12-12,0.269,151211
1994-12-09,-0.193,150805
1994-12-08,-1.380,151096
1994-12-07,-0.457,153211
1994-12-06,0.881,153914
1994-12-05,0.257,152570
1994-12-02,0.759,152178
1994-12-01,-0.499,151031
1994-11-30,0.693,151789
1994-11-29,-0.349,150744
1994-11-28,-0.275,151272
1994-11-25,0.686,151689
1994-11-23,0.070,150655
1994-11-22,-2.107,150549
1994-11-21,-0.748,153788
1994-11-18,-0.190,154948
1994-11-17,0.362,155243
1994-11-16,-0.324,154682
1994-11-15,0.140,155185
1994-11-14,0.794,154969
1994-11-11,-0.833,153748
1994-11-10,-0.367,155040
1994-11-09,0.061,155611
1994-11-08,0.464,155517
1994-11-07,0.705,154799
1994-11-04,-0.657,153715
1994-11-03,-0.214,154732
1994-11-02,-1.188,155064
1994-11-01,-1.178,156928
1994-10-31,-0.086,158799
1994-10-28,0.511,158936
1994-10-27,1.226,158129
1994-10-26,-0.345,156213
1994-10-25,-0.952,156754
1994-10-24,-0.499,158260
1994-10-21,0.165,159054
1994-10-20,-0.526,158791
1994-10-19,1.178,159631
1994-10-18,-1.214,157772
1994-10-17,0.425,159712
1994-10-14,0.480,159035
1994-10-13,1.037,158274
1994-10-12,0.793,156650
1994-10-11,0.901,155417
1994-10-10,0.026,154030
1994-10-07,0.777,153990
1994-10-06,0.920,152802
1994-10-05,-0.289,151409
1994-10-04,-1.728,151848
1994-10-03,-0.167,154518
1994-09-30,0.562,154776
1994-09-29,-0.953,153911
1994-09-28,1.535,155393
1994-09-27,0.516,153044
1994-09-26,-0.878,152259
1994-09-23,0.219,153608
1994-09-22,-0.110,153272
1994-09-21,0.003,153441
1994-09-20,-1.007,153436
1994-09-19,-0.159,154997
1994-09-16,-0.936,155243
1994-09-15,1.420,156710
1994-09-14,0.369,154517
1994-09-13,-1.099,153948
1994-09-12,-0.048,155658
1994-09-09,-1.727,155734
1994-09-08,-0.120,158470
1994-09-07,0.324,158661
1994-09-06,-0.157,158148
1994-09-02,-0.154,158397
1994-09-01,-0.079,158641
1994-08-31,-0.317,158767
1994-08-30,0.720,159272
1994-08-29,0.486,158134
1994-08-26,0.967,157369
1994-08-25,-0.731,155862
1994-08-24,1.388,157009
1994-08-23,1.013,154860
1994-08-22,0.274,153307
1994-08-19,0.322,152887
1994-08-18,-0.356,152397
1994-08-17,0.169,152942
1994-08-16,1.354,152684
1994-08-15,-1.463,150645
1994-08-12,0.432,152881
1994-08-11,-1.037,152223
1994-08-10,0.663,153818
1994-08-09,-0.581,152806
1994-08-08,0.333,153698
1994-08-05,-0.769,153187
1994-08-04,-0.313,154374
1994-08-03,0.051,154860
1994-08-02,0.913,154781
1994-08-01,-0.298,153381
1994-07-29,0.601,153840
1994-07-28,1.499,152920
1994-07-27,0.193,150661
1994-07-26,0.208,150371
1994-07-25,0.031,150059
1994-07-22,0.356,150013
1994-07-21,0.364,149481
1994-07-20,-0.116,148938
1994-07-19,-1.492,149111
1994-07-18,0.008,151370
1994-07-15,-0.438,151357
1994-07-14,1.283,152023
1994-07-13,-0.213,150098
1994-07-12,-1.174,150419
1994-07-11,-0.427,152205
1994-07-08,0.111,152858
1994-07-07,1.221,152689
1994-07-06,-0.844,150847
1994-07-05,0.502,152131
1994-07-01,0.206,151370
1994-06-30,-0.540,151060
1994-06-29,0.307,151880
1994-06-28,0.262,151415
1994-06-27,1.532,151019
1994-06-24,-1.141,148741
1994-06-23,-1.336,150457
1994-06-22,0.212,152494
1994-06-21,-0.702,152171
1994-06-20,-0.928,153247
1994-06-17,-0.604,154683
1994-06-16,-0.247,155623
1994-06-15,0.787,156008
1994-06-14,2.009,154790
1994-06-13,0.006,151741
1994-06-10,0.132,151732
1994-06-09,0.652,151532
1994-06-08,-1.159,150550
1994-06-07,0.214,152316
1994-06-06,0.373,151990
1994-06-03,0.525,151425
1994-06-02,-0.444,150634
1994-06-01,-0.093,151306
1994-05-31,0.379,151447
1994-05-27,0.187,150876
1994-05-26,0.435,150594
1994-05-25,-0.420,149941
1994-05-24,-0.521,150573
1994-05-23,-0.679,151362
1994-05-20,-1.187,152397
1994-05-19,0.732,154227
1994-05-18,1.442,153107
1994-05-17,0.574,150931
1994-05-16,0.006,150069
1994-05-13,0.588,150061
1994-05-12,0.891,149183
1994-05-11,-0.537,147867
1994-05-10,1.035,148665
1994-05-09,-2.080,147142
1994-05-06,-0.515,150268
1994-05-05,-0.716,151046
1994-05-04,0.260,152136
1994-05-03,-0.694,151740
1994-05-02,0.938,152801
1994-04-29,1.280,151382
1994-04-28,-0.970,149469
1994-04-26,-0.536,150933
1994-04-25,0.459,151747
1994-04-22,-0.883,151054
1994-04-21,1.587,152400
1994-04-20,0.956,150019
1994-04-19,-0.542,148598
1994-04-18,-0.264,149408
1994-04-15,0.611,149803
1994-04-14,1.267,148893
1994-04-13,0.159,147030
1994-04-12,-0.460,146796
1994-04-11,0.041,147474
1994-04-08,-0.545,147413
1994-04-07,0.437,148221
1994-04-06,-0.925,147577
1994-04-05,1.098,148955
1994-04-04,0.163,147337
1994-03-31,0.870,147098
1994-03-30,-1.166,145829
1994-03-29,-1.784,147549
1994-03-28,1.346,150228
1994-03-25,-0.122,148233
1994-03-24,-0.546,148413
1994-03-23,-0.785,149229
1994-03-22,0.251,150410
1994-03-21,-0.520,150033
1994-03-18,-0.380,150818
1994-03-17,-0.110,151393
1994-03-16,1.225,151560
1994-03-15,-0.466,149726
1994-03-14,-0.885,150427
1994-03-11,0.460,151769
1994-03-10,-1.654,151075
1994-03-09,0.071,153615
1994-03-08,0.060,153506
1994-03-07,0.579,153413
1994-03-04,0.997,152531
1994-03-03,-1.360,151025
1994-03-02,0.149,153107
1994-03-01,-0.555,152878
1994-02-28,0.047,153731
1994-02-25,0.548,153659
1994-02-24,-0.836,152822
1994-02-23,0.105,154110
1994-02-22,0.891,153949
1994-02-18,-1.422,152590
1994-02-17,0.346,154790
1994-02-16,0.800,154256
1994-02-15,0.716,153033
1994-02-14,0.036,151945
1994-02-11,0.072,151891
1994-02-10,-0.843,151782
1994-02-09,-0.617,153073
1994-02-08,-0.098,154023
1994-02-07,1.087,154174
1994-02-04,-2.435,152516
1994-02-03,-0.926,156322
1994-02-02,1.401,157782
1994-02-01,0.101,155602
1994-01-31,0.833,155445
1994-01-28,0.886,154161
1994-01-27,1.438,152807
1994-01-26,0.192,150640
1994-01-25,-0.674,150351
1994-01-24,-1.652,151372
1994-01-21,0.060,153914
1994-01-20,0.890,153822
1994-01-19,0.116,152464
1994-01-18,0.678,152288
1994-01-17,-0.352,151262
1994-01-14,0.619,151796
1994-01-13,-0.428,150862
1994-01-12,-0.381,151510
1994-01-11,-0.203,152090
1994-01-10,2.224,152398
1994-01-07,0.831,149084
1994-01-06,-0.624,147855
1994-01-05,0.957,148783
1994-01-04,0.793,147373
1994-01-03,0.029,146213
1993-12-31,-0.578,146170
1993-12-30,0.059,147019
1993-12-29,0.086,146933
1993-12-28,0.287,146807
1993-12-27,0.349,146386
1993-12-23,-0.922,145876
1993-12-22,0.615,147234
1993-12-21,-0.680,146335
1993-12-20,-0.222,147336
1993-12-17,0.068,147664
1993-12-16,1.228,147563
1993-12-15,-0.339,145773
1993-12-14,-0.409,146268
1993-12-13,1.913,146869
1993-12-10,-0.730,144112
1993-12-09,-0.088,145172
1993-12-08,-0.090,145299
1993-12-07,0.905,145430
1993-12-06,0.603,144126
1993-12-03,1.410,143262
1993-12-02,0.240,141271
1993-12-01,1.338,140933
1993-11-30,-0.081,139071
1993-11-29,-0.112,139184
1993-11-26,-0.438,139340
1993-11-24,0.760,139953
1993-11-23,0.383,138898
1993-11-22,-1.336,138368
1993-11-19,-1.775,140242
1993-11-18,-0.809,142777
1993-11-17,-1.032,143942
1993-11-16,1.002,145442
1993-11-15,0.173,143999
1993-11-12,0.338,143750
1993-11-11,-0.293,143266
1993-11-10,0.323,143688
1993-11-09,-1.097,143225
1993-11-08,-0.217,144815
1993-11-05,0.573,145129
1993-11-04,-1.050,144302
1993-11-03,-1.581,145833
1993-11-02,-0.615,148176
1993-11-01,0.859,149093
1993-10-29,-0.090,147823
1993-10-28,0.712,147956
1993-10-27,-0.241,146910
1993-10-26,1.206,147264
1993-10-25,-0.092,145509
1993-10-22,-0.111,145643
1993-10-21,0.884,145805
1993-10-20,0.296,144527
1993-10-19,-0.606,144101
1993-10-18,-0.193,144980
1993-10-15,0.733,145260
1993-10-14,1.126,144204
1993-10-13,0.393,142598
1993-10-12,-0.036,142040
1993-10-11,0.424,142091
1993-10-08,0.263,141491
1993-10-07,-0.366,141120
1993-10-06,-0.500,141638
1993-10-05,-0.815,142349
1993-10-04,-0.195,143519
1993-10-01,-0.088,143799
1993-09-30,1.052,143925
1993-09-29,-0.732,142426
1993-09-28,-0.348,143476
1993-09-27,0.859,143978
1993-09-24,-0.100,142752
1993-09-23,-1.031,142894
1993-09-22,0.921,144382
1993-09-21,-0.573,143064
1993-09-20,-0.619,143889
1993-09-17,0.087,144786
1993-09-16,-0.074,144660
1993-09-15,0.771,144767
1993-09-14,-0.779,143660
1993-09-13,-0.060,144788
1993-09-10,-0.360,144874
1993-09-09,0.261,145397
1993-09-08,-0.089,145019
1993-09-07,-0.108,145148
1993-09-03,0.291,145304
1993-09-02,-1.079,144883
1993-09-01,0.323,146464
1993-08-31,0.146,145993
1993-08-30,0.572,145781
1993-08-27,0.409,144952
1993-08-26,0.939,144361
1993-08-25,0.007,143017
1993-08-24,1.846,143007
1993-08-23,0.577,140415
1993-08-20,-0.606,139609
1993-08-19,-0.397,140461
1993-08-18,0.380,141020
1993-08-17,0.027,140486
1993-08-16,1.349,140448
1993-08-13,-0.458,138579
1993-08-12,0.100,139216
1993-08-11,0.658,139076
1993-08-10,0.008,138167
1993-08-09,-0.020,138156
1993-08-06,-0.046,138184
1993-08-05,-0.297,138247
1993-08-04,-0.936,138659
1993-08-03,0.233,139969
1993-08-02,0.154,139643
1993-07-30,-0.472,139429
1993-07-29,0.504,140090
1993-07-28,0.212,139387
1993-07-27,-0.015,139092
1993-07-26,-0.087,139113
1993-07-23,0.537,139235
1993-07-22,-0.520,138491
1993-07-21,0.236,139215
1993-07-20,0.828,138887
1993-07-19,-0.783,137747
1993-07-16,-0.206,138835
1993-07-15,0.812,139121
1993-07-14,0.298,138000
1993-07-13,-0.012,137590
1993-07-12,-0.217,137607
1993-07-09,-0.104,137906
1993-07-08,1.959,138050
1993-07-07,0.937,135397
1993-07-06,-1.066,134140
1993-07-02,-0.955,135585
1993-07-01,0.101,136892
1993-06-30,1.424,136753
1993-06-29,-0.733,134833
1993-06-28,0.640,135829
1993-06-25,0.267,134965
1993-06-24,0.559,134605
1993-06-23,-1.331,133857
1993-06-22,-0.074,135663
1993-06-21,-0.057,135763
1993-06-18,-0.745,135841
1993-06-17,0.493,136861
1993-06-16,0.434,136189
1993-06-15,-0.917,135601
1993-06-14,0.729,136856
1993-06-11,0.049,135865
1993-06-10,0.264,135798
1993-06-09,0.789,135441
1993-06-08,-0.125,134381
1993-06-07,-0.643,134550
1993-06-04,-0.834,135421
1993-06-03,-0.928,136560
1993-06-02,-0.420,137839
1993-06-01,0.519,138420
1993-05-28,0.397,137706
1993-05-27,-0.221,137161
1993-05-26,1.730,137465
1993-05-25,-0.208,135127
1993-05-24,0.126,135409
1993-05-21,-0.940,135238
1993-05-20,0.800,136522
1993-05-19,0.915,135438
1993-05-18,0.539,134211
1993-05-17,0.331,133491
1993-05-14,-0.117,133051
1993-05-13,-1.340,133207
1993-05-12,-0.645,135015
1993-05-11,-0.496,135892
1993-05-10,1.281,136569
1993-05-07,0.266,134842
1993-05-06,-0.065,134484
1993-05-05,-0.195,134571
1993-05-04,-0.577,134834
1993-05-03,0.973,135616
1993-04-30,0.688,134310
1993-04-29,0.164,133391
1993-04-28,0.160,133173
1993-04-27,1.308,132960
1993-04-26,-1.025,131244
1993-04-23,0.057,132603
1993-04-22,0.647,132527
1993-04-21,-0.470,131675
1993-04-20,-0.348,132297
1993-04-19,-0.093,132759
1993-04-16,0.933,132883
1993-04-15,-0.700,131655
1993-04-14,1.526,132582
1993-04-13,0.621,130590
1993-04-12,1.547,129784
1993-04-08,-0.575,127807
1993-04-07,0.686,128546
1993-04-06,0.289,127671
1993-04-05,0.861,127303
1993-04-02,-1.636,126216
1993-04-01,-0.325,128316
1993-03-31,-0.410,128734
1993-03-30,0.621,129263
1993-03-29,0.980,128466
1993-03-26,-0.747,127220
1993-03-25,0.995,128177
1993-03-24,-0.083,126915
1993-03-23,-0.008,127020
1993-03-22,1.277,127030
1993-03-19,-0.265,125428
1993-03-18,0.388,125761
1993-03-17,-0.061,125276
1993-03-16,1.063,125352
1993-03-15,-0.529,124033
1993-03-12,-0.308,124693
1993-03-11,0.445,125077
1993-03-10,0.096,124523
1993-03-09,0.541,124404
1993-03-08,1.477,123735
1993-03-05,-0.289,121934
1993-03-04,0.264,122287
1993-03-03,-0.406,121965
1993-03-02,1.203,122463
1993-03-01,-0.334,121007
1993-02-26,0.250,121413
1993-02-25,0.728,121111
1993-02-24,1.202,120236
1993-02-23,-0.336,118807
1993-02-22,-0.913,119207
1993-02-19,0.720,120305
1993-02-18,0.209,119445
1993-02-17,-1.021,119196
1993-02-16,-1.229,120426
1993-02-12,-0.018,121924
1993-02-11,-0.494,121947
1993-02-10,0.101,122552
1993-02-09,-0.060,122428
1993-02-08,-0.158,122502
1993-02-05,0.244,122696
1993-02-04,0.255,122398
1993-02-03,1.256,122087
1993-02-02,-0.239,120573
1993-02-01,1.604,120862
1993-01-29,0.469,118953
1993-01-28,0.613,118398
1993-01-27,-0.844,117677
1993-01-26,-0.965,118679
1993-01-25,0.719,119835
1993-01-22,0.157,118980
1993-01-21,0.706,118793
1993-01-20,-0.224,117960
1993-01-19,-0.370,118224
1993-01-18,-0.243,118663
1993-01-15,0.855,118952
1993-01-14,-0.222,117943
1993-01-13,0.417,118206
1993-01-12,0.123,117715
1993-01-11,0.834,117571
1993-01-08,0.500,116598
1993-01-07,-1.094,116018
1993-01-06,0.264,117302
1993-01-05,-0.497,116994
1993-01-04,-0.768,117578
1992-12-31,-0.291,118488
1992-12-30,0.755,118833
1992-12-29,-0.211,117943
1992-12-28,-0.293,118192
1992-12-24,-0.931,118539
1992-12-23,-0.815,119653
1992-12-22,0.133,120636
1992-12-21,0.297,120476
1992-12-18,1.143,120119
1992-12-17,1.180,118763
1992-12-16,-0.515,117378
1992-12-15,-0.045,117986
1992-12-14,0.677,118038
1992-12-11,-0.566,117244
1992-12-10,-0.687,117912
1992-12-09,-0.383,118727
1992-12-08,0.088,119184
1992-12-07,0.749,119079
1992-12-04,1.110,118194
1992-12-03,0.134,116897
1992-12-02,-0.431,116740
1992-12-01,-0.052,117246
1992-11-30,0.471,117307
1992-11-27,0.346,116756
1992-11-25,-0.440,116354
1992-11-24,0.363,116868
1992-11-23,-0.519,116445
1992-11-20,0.830,117052
1992-11-19,0.035,116089
1992-11-18,1.584,116048
1992-11-17,-0.245,114239
1992-11-16,-0.989,114520
1992-11-13,-0.431,115664
1992-11-12,0.490,116165
1992-11-11,0.945,115598
1992-11-10,-0.197,114516
1992-11-09,0.594,114743
1992-11-06,-0.569,114065
1992-11-05,-0.906,114718
1992-11-04,0.113,115767
1992-11-03,-0.370,115637
1992-11-02,1.048,116066
1992-10-30,-0.896,114862
1992-10-29,0.007,115901
1992-10-28,0.576,115893
1992-10-27,-0.025,115229
1992-10-26,1.343,115258
1992-10-23,0.216,113731
1992-10-22,-0.581,113486
1992-10-21,0.391,114149
1992-10-20,-0.420,113705
1992-10-19,0.418,114185
1992-10-16,-0.061,113710
1992-10-15,0.871,113779
1992-10-14,-0.013,112797
1992-10-13,0.048,112812
1992-10-12,0.601,112758
1992-10-09,-0.815,112084
1992-10-08,-0.633,113005
1992-10-07,-1.524,113724
1992-10-06,0.364,115484
1992-10-05,-0.234,115066
1992-10-02,-1.870,115336
1992-10-01,-0.254,117534
1992-09-30,-0.063,117834
1992-09-29,-0.481,117908
1992-09-28,0.543,118478
1992-09-25,-1.110,117838
1992-09-24,0.893,119160
1992-09-23,0.156,118105
1992-09-22,-0.597,117921
1992-09-21,-0.491,118629
1992-09-18,0.585,119215
1992-09-17,-0.305,118521
1992-09-16,-0.132,118884
1992-09-15,-2.204,119041
1992-09-14,1.363,121724
1992-09-11,-0.382,120087
1992-09-10,0.970,120547
1992-09-09,0.258,119388
1992-09-08,-0.437,119081
1992-09-04,-0.126,119603
1992-09-03,0.588,119754
1992-09-02,0.243,119054
1992-09-01,-0.055,118765
1992-08-31,0.226,118830
1992-08-28,-0.178,118563
1992-08-27,-0.103,118774
1992-08-26,0.651,118896
1992-08-25,0.687,118127
1992-08-24,-1.138,117321
1992-08-21,-1.067,118672
1992-08-20,0.496,119952
1992-08-19,-0.380,119361
1992-08-18,0.363,119816
1992-08-17,1.208,119383
1992-08-14,0.291,117958
1992-08-13,-0.614,117616
1992-08-12,0.597,118342
1992-08-11,0.168,117640
1992-08-10,0.970,117442
1992-08-07,-0.344,116314
1992-08-06,0.692,116715
1992-08-05,-1.206,115913
1992-08-04,0.266,117328
1992-08-03,1.069,117016
1992-07-31,0.075,115778
1992-07-30,-0.178,115692
1992-07-29,1.123,115898
1992-07-28,0.860,114611
1992-07-27,-0.802,113633
1992-07-24,-0.276,114552
1992-07-23,-0.756,114869
1992-07-22,-0.819,115744
1992-07-21,0.493,116700
1992-07-20,-1.153,116127
1992-07-17,-0.049,117482
1992-07-16,0.519,117540
1992-07-15,-0.737,116933
1992-07-14,0.239,117801
1992-07-13,0.668,117520
1992-07-10,0.226,116740
1992-07-09,0.318,116477
1992-07-08,-0.270,116108
1992-07-07,-1.462,116422
1992-07-06,0.581,118150
1992-07-02,0.219,117467
1992-07-01,1.336,117211
1992-06-30,0.660,115665
1992-06-29,1.219,114907
1992-06-26,0.459,113523
1992-06-25,0.268,113004
1992-06-24,-1.014,112702
1992-06-23,0.982,113857
1992-06-22,-0.032,112750
1992-06-19,0.528,112785
1992-06-18,-0.022,112193
1992-06-17,-2.048,112218
1992-06-16,0.605,114565
1992-06-15,-0.118,113875
1992-06-12,-0.508,114010
1992-06-11,-0.467,114592
1992-06-10,-0.522,115130
1992-06-09,-0.753,115734
1992-06-08,-0.498,116613
1992-06-05,-0.537,117196
1992-06-04,-1.090,117829
1992-06-03,0.106,119127
1992-06-02,-0.668,119001
1992-06-01,-0.115,119802
1992-05-29,-0.417,119939
1992-05-28,1.375,120442
1992-05-27,-0.399,118808
1992-05-26,-0.882,119284
1992-05-22,1.237,120345
1992-05-21,-0.987,118875
1992-05-20,0.031,120060
1992-05-19,1.279,120022
1992-05-18,1.546,118507
1992-05-15,-0.457,116703
1992-05-14,-0.351,117239
1992-05-13,0.628,117652
1992-05-12,-0.792,116918
1992-05-11,0.519,117852
1992-05-08,0.318,117244
1992-05-07,0.051,116872
1992-05-06,0.389,116812
1992-05-05,0.126,116359
1992-05-04,1.420,116213
1992-05-01,-0.445,114586
1992-04-30,1.281,115098
1992-04-29,0.176,113642
1992-04-28,-1.001,113442
1992-04-27,0.359,114589
1992-04-24,0.481,114179
1992-04-23,0.186,113632
1992-04-22,-1.201,113422
1992-04-21,-0.425,114801
1992-04-20,-1.408,115291
1992-04-16,0.130,116937
1992-04-15,0.987,116785
1992-04-14,0.978,115643
1992-04-13,0.040,114523
1992-04-10,0.885,114477
1992-04-09,1.314,113473
1992-04-08,-0.294,112001
1992-04-07,-1.840,112331
1992-04-06,0.305,114437
1992-04-03,0.280,114089
1992-04-02,-0.679,113770
1992-04-01,0.238,114547
1992-03-31,0.080,114276
1992-03-30,-0.737,114184
1992-03-27,-0.429,115032
1992-03-26,-0.207,115527
1992-03-25,0.062,115767
1992-03-24,-0.803,115696
1992-03-23,-1.658,116633
1992-03-20,0.475,118599
1992-03-19,-0.192,118038
1992-03-18,0.260,118266
1992-03-17,-0.160,117960
1992-03-16,-0.561,118149
1992-03-13,0.563,118815
1992-03-12,-0.257,118151
1992-03-11,-0.296,118455
1992-03-10,1.055,118807
1992-03-09,-0.306,117567
1992-03-06,0.766,117928
1992-03-05,-0.055,117031
1992-03-04,-1.201,117095
1992-03-03,-0.361,118519
1992-03-02,-1.065,118947
1992-02-28,-0.583,120228
1992-02-27,0.009,120933
1992-02-26,0.258,120921
1992-02-25,-0.115,120610
1992-02-24,-0.499,120749
1992-02-21,-0.681,121354
1992-02-20,0.687,122186
1992-02-19,-0.624,121352
1992-02-18,-0.608,122114
1992-02-14,0.528,122861
1992-02-13,-1.404,122216
1992-02-12,1.020,123956
1992-02-11,0.998,122704
1992-02-10,0.558,121491
1992-02-07,-1.311,120816
1992-02-06,-0.200,122422
1992-02-05,-0.809,122667
1992-02-04,0.544,123668
1992-02-03,0.588,122999
1992-01-31,-1.498,122280
1992-01-30,0.759,124139
1992-01-29,-0.136,123205
1992-01-28,0.024,123372
1992-01-27,-0.549,123342
1992-01-24,0.660,124023
1992-01-23,-1.580,123210
1992-01-22,1.436,125188
1992-01-21,-1.361,123415
1992-01-20,-0.136,125119
1992-01-17,0.662,125289
1992-01-16,0.256,124466
1992-01-15,0.760,124148
1992-01-14,0.579,123211
1992-01-13,0.743,122502
1992-01-10,-0.639,121598
1992-01-09,-1.084,122380
1992-01-08,-0.697,123721
1992-01-07,0.617,124590
1992-01-06,-0.143,123825
1992-01-03,-0.315,124003
1992-01-02,0.400,124395
1991-12-31,-0.521,123899
1991-12-30,2.552,124548
1991-12-27,-0.391,121448
1991-12-26,1.537,121925
1991-12-24,-0.493,120079
1991-12-23,1.952,120674
1991-12-20,0.471,118363
1991-12-19,-0.400,117808
1991-12-18,0.058,118281
1991-12-17,0.619,118212
1991-12-16,1.050,117484
1991-12-13,0.241,116264
1991-12-12,0.618,115984
1991-12-11,0.519,115272
1991-12-10,0.125,114676
1991-12-09,-0.904,114533
1991-12-06,0.095,115578
1991-12-05,-0.880,115469
1991-12-04,-0.255,116494
1991-12-03,-0.271,116792
1991-12-02,1.348,117110
1991-11-29,-0.447,115552
1991-11-27,-1.056,116072
1991-11-26,0.277,117311
1991-11-25,-0.127,116987
1991-11-22,0.211,117136
1991-11-21,-0.011,116890
1991-11-20,-0.865,116902
1991-11-19,-0.808,117923
1991-11-18,0.793,118883
1991-11-15,-3.314,117948
1991-11-14,-0.602,121991
1991-11-13,0.120,122730
1991-11-12,1.211,122582
1991-11-11,0.599,121116
1991-11-08,-0.812,120394
1991-11-07,1.052,121380
1991-11-06,0.076,120117
1991-11-05,-0.615,120026
1991-11-04,0.566,120768
1991-11-01,-0.506,120088
1991-10-31,-0.193,120699
1991-10-30,-0.298,120932
1991-10-29,0.717,121294
1991-10-28,1.730,120430
1991-10-25,0.847,118382
1991-10-24,-1.386,117388
1991-10-23,-0.229,119038
1991-10-22,-0.492,119312
1991-10-21,-0.399,119902
1991-10-18,-0.102,120382
1991-10-17,0.609,120504
1991-10-16,0.463,119775
1991-10-15,1.609,119223
1991-10-14,0.997,117335
1991-10-11,0.745,116176
1991-10-10,0.836,115316
1991-10-09,-1.661,114361
1991-10-08,0.385,116293
1991-10-07,-1.071,115847
1991-10-04,-1.286,117101
1991-10-03,-0.458,118627
1991-10-02,-0.421,119173
1991-10-01,0.762,119677
1991-09-30,0.825,118772
1991-09-27,1.070,117800
1991-09-26,1.077,116553
1991-09-25,-1.085,115312
1991-09-24,2.857,116577
1991-09-23,-1.116,113339
1991-09-20,0.432,114617
1991-09-19,1.062,114125
1991-09-18,0.320,112925
1991-09-17,0.158,112566
1991-09-16,-0.130,112388
1991-09-13,-0.513,112534
1991-09-12,0.314,113114
1991-09-11,0.610,112760
1991-09-10,-0.486,112077
1991-09-09,0.324,112624
1991-09-06,0.298,112261
1991-09-05,-0.280,111928
1991-09-04,-0.581,112243
1991-09-03,-2.114,112899
1991-08-30,-1.191,115337
1991-08-29,-0.083,116728
1991-08-28,-0.368,116824
1991-08-27,1.024,117256
1991-08-26,-1.817,116067
1991-08-23,-0.620,118215
1991-08-22,-0.298,118953
1991-08-21,3.767,119308
1991-08-20,0.221,114976
1991-08-19,-1.595,114723
1991-08-16,-1.024,116583
1991-08-15,0.527,117789
1991-08-14,0.208,117172
1991-08-13,-0.156,116929
1991-08-12,2.344,117112
1991-08-09,0.496,114430
1991-08-08,-0.569,113865
1991-08-07,-0.087,114516
1991-08-06,1.431,114616
1991-08-05,-0.832,112998
1991-08-02,0.276,113946
1991-08-01,-1.699,113632
1991-07-31,0.390,115596
1991-07-30,0.214,115147
1991-07-29,2.134,114901
1991-07-26,-0.488,112500
1991-07-25,0.881,113052
1991-07-24,-2.189,112065
1991-07-23,-2.016,114573
1991-07-22,-0.402,116930
1991-07-19,0.374,117403
1991-07-18,1.478,116965
1991-07-17,0.758,115261
1991-07-16,0.524,114394
1991-07-15,-0.021,113798
1991-07-12,2.825,113822
1991-07-11,0.802,110695
1991-07-10,0.140,109814
1991-07-09,-1.919,109660
1991-07-08,0.747,111805
1991-07-05,0.846,110977
1991-07-03,-2.194,110046
1991-07-02,0.476,112515
1991-07-01,1.517,111981
1991-06-28,-0.992,110308
1991-06-27,0.247,111413
1991-06-26,-1.166,111138
1991-06-25,-1.618,112449
1991-06-24,-1.793,114299
1991-06-21,0.838,116386
1991-06-20,-0.664,115419
1991-06-19,-2.096,116190
1991-06-18,-1.073,118678
1991-06-17,-0.437,119965
1991-06-14,3.328,120492
1991-06-13,1.419,116611
1991-06-12,-2.191,114980
1991-06-11,0.768,117556
1991-06-10,-1.315,116660
1991-06-07,-0.765,118214
1991-06-06,0.055,119125
1991-06-05,0.172,119059
1991-06-04,0.753,118855
1991-06-03,0.356,117967
1991-05-31,-0.679,117548
1991-05-30,3.151,118352
1991-05-29,-0.239,114737
1991-05-28,0.258,115011
1991-05-24,1.725,114715
1991-05-23,-1.149,112770
1991-05-22,0.441,114081
1991-05-21,2.654,113580
1991-05-20,-0.163,110643
1991-05-17,-0.070,110824
1991-05-16,-0.047,110901
1991-05-15,0.140,110953
1991-05-14,-1.332,110798
1991-05-13,-1.401,112294
1991-05-10,-1.961,113890
1991-05-09,0.600,116168
1991-05-08,-1.052,115475
1991-05-07,-0.971,116703
1991-05-06,0.167,117847
1991-05-03,-0.268,117650
1991-05-02,1.052,117966
1991-05-01,1.548,116738
1991-04-30,1.671,114958
1991-04-29,-0.466,113069
1991-04-26,-1.757,113599
1991-04-25,0.324,115630
1991-04-24,1.053,115257
1991-04-23,0.748,114056
1991-04-22,-0.065,113209
1991-04-19,-0.938,113282
1991-04-18,-0.963,114355
1991-04-17,0.422,115467
1991-04-16,2.500,114982
1991-04-15,0.378,112177
1991-04-12,1.106,111755
1991-04-11,2.837,110533
1991-04-10,0.004,107483
1991-04-09,-2.292,107479
1991-04-08,-0.042,110001
1991-04-05,-1.546,110047
1991-04-04,0.154,111775
1991-04-03,0.499,111603
1991-04-02,0.551,111049
1991-04-01,-3.174,110440
1991-03-28,-1.904,114060
1991-03-27,0.240,116273
1991-03-26,1.538,115995
1991-03-25,-0.413,114239
1991-03-22,0.032,114712
1991-03-21,-1.991,114675
1991-03-20,3.263,117005
1991-03-19,-1.453,113308
1991-03-18,-0.058,114978
1991-03-15,1.151,115045
1991-03-14,-1.241,113737
1991-03-13,1.574,115166
1991-03-12,-1.714,113381
1991-03-11,-0.708,115359
1991-03-08,-1.390,116182
1991-03-07,-0.806,117819
1991-03-06,-0.603,118776
1991-03-05,2.065,119497
1991-03-04,-0.538,117079
1991-03-01,0.288,117712
1991-02-28,-0.948,117374
1991-02-27,2.673,118498
1991-02-26,0.629,115413
1991-02-25,0.180,114691
1991-02-22,1.108,114485
1991-02-21,-0.761,113230
1991-02-20,-0.536,114098
1991-02-19,0.850,114713
1991-02-15,3.348,113746
1991-02-14,-1.124,110061
1991-02-13,-0.036,111312
1991-02-12,-1.162,111352
1991-02-11,3.512,112661
1991-02-08,0.483,108839
1991-02-07,-1.506,108316
1991-02-06,2.278,109972
1991-02-05,0.333,107523
1991-02-04,1.415,107166
1991-02-01,-1.326,105671
1991-01-31,0.509,107091
1991-01-30,0.144,106548
1991-01-29,-0.398,106395
1991-01-28,2.609,106820
1991-01-25,-1.395,104104
1991-01-24,1.621,105577
1991-01-23,1.063,103894
1991-01-22,-0.833,102801
1991-01-21,1.845,103664
1991-01-18,1.463,101786
1991-01-17,3.136,100318
1991-01-16,-0.718,97267
1991-01-15,-0.931,97971
1991-01-14,1.094,98891
1991-01-11,-0.497,97821
1991-01-10,-0.546,98310
1991-01-09,-0.551,98849
1991-01-08,-0.297,99397
1991-01-07,-2.676,99693
1991-01-04,1.370,102434
1991-01-03,-1.528,101050
1991-01-02,-0.494,102618
1990-12-31,-0.128,103128
1990-12-28,-0.707,103260
1990-12-27,-1.158,103995
1990-12-26,0.440,105214
1990-12-24,-0.407,104753
1990-12-21,0.598,105180
1990-12-20,-0.114,104555
1990-12-19,0.057,104675
1990-12-18,3.587,104615
1990-12-17,1.421,100993
1990-12-14,-1.651,99578
1990-12-13,-0.904,101250
1990-12-12,-0.457,102174
1990-12-11,-1.775,102643
1990-12-10,2.089,104498
1990-12-07,-1.232,102360
1990-12-06,-0.695,103637
1990-12-05,1.370,104362
1990-12-04,2.006,102951
1990-12-03,0.030,100927
1990-11-30,0.200,100897
1990-11-29,-0.667,100695
1990-11-28,-2.053,101371
1990-11-27,1.721,103495
1990-11-26,2.697,101744
1990-11-23,-1.486,99072
1990-11-21,0.550,100567
1990-11-20,-1.648,100016
1990-11-19,1.019,101692
1990-11-16,-1.088,100667
1990-11-15,-1.140,101774
1990-11-14,-0.836,102948
1990-11-13,0.633,103816
1990-11-12,-0.971,103164
1990-11-09,1.627,104175
1990-11-08,1.053,102507
1990-11-07,-1.213,101439
1990-11-06,-1.331,102684
1990-11-05,-1.172,104070
1990-11-02,2.109,105304
1990-11-01,0.605,103129
1990-10-31,1.366,102508
1990-10-30,0.420,101127
1990-10-29,-0.276,100704
1990-10-26,1.249,100984
1990-10-25,-0.177,99738
1990-10-24,1.150,99915
1990-10-23,-0.456,98779
1990-10-22,1.923,99231
1990-10-19,2.057,97359
1990-10-18,1.737,95397
1990-10-17,0.636,93768
1990-10-16,-0.296,93175
1990-10-15,1.492,93452
1990-10-12,2.148,92077
1990-10-11,-1.279,90141
1990-10-10,-2.414,91309
1990-10-09,-3.495,93568
1990-10-08,0.825,96956
1990-10-05,1.072,96163
1990-10-04,-1.689,95143
1990-10-03,-1.289,96778
1990-10-02,1.887,98042
1990-10-01,2.601,96226
1990-09-28,-0.240,93787
1990-09-27,-0.980,94013
1990-09-26,-1.584,94944
1990-09-25,-0.330,96472
1990-09-24,-0.313,96791
1990-09-21,-0.404,97095
1990-09-20,-2.396,97489
1990-09-19,-1.928,99882
1990-09-18,-0.542,101845
1990-09-17,0.747,102400
1990-09-14,-1.897,101642
1990-09-13,-2.172,103607
1990-09-12,-0.441,105908
1990-09-11,1.968,106377
1990-09-10,-0.506,104324
1990-09-07,0.681,104854
1990-09-06,-2.049,104145
1990-09-05,1.164,106324
1990-09-04,-0.228,105100
1990-08-31,0.838,105340
1990-08-30,-0.299,104464
1990-08-29,0.525,104777
1990-08-28,-0.230,104230
1990-08-27,2.900,104470
1990-08-24,1.515,101526
1990-08-23,-2.160,100011
1990-08-22,-0.678,102219
1990-08-21,-1.851,102916
1990-08-20,-0.716,104857
1990-08-17,0.141,105614
1990-08-16,-2.528,105465
1990-08-15,0.402,108200
1990-08-14,-0.179,107767
1990-08-13,0.664,107961
1990-08-10,-2.064,107248
1990-08-09,0.490,109508
1990-08-08,0.328,108974
1990-08-07,-0.360,108617
1990-08-06,-3.324,109009
1990-08-03,-1.235,112758
1990-08-02,-1.233,114168
1990-08-01,-0.649,115593
1990-07-31,-0.191,116348
1990-07-30,1.686,116571
1990-07-27,-1.060,114638
1990-07-26,-0.811,115867
1990-07-25,0.989,116815
1990-07-24,0.374,115671
1990-07-23,-0.923,115240
1990-07-20,-1.720,116313
1990-07-19,0.760,118349
1990-07-18,1.574,117457
1990-07-17,-0.539,115637
1990-07-16,1.413,116264
1990-07-13,0.235,114644
1990-07-12,0.557,114375
1990-07-11,-0.353,113741
1990-07-10,0.089,114144
1990-07-09,0.162,114043
1990-07-06,-1.235,113858
1990-07-05,-0.904,115282
1990-07-03,0.091,116333
1990-07-02,0.523,116227
1990-06-29,0.416,115622
1990-06-28,1.323,115144
1990-06-27,1.107,113640
1990-06-26,-1.506,112396
1990-06-25,-0.956,114114
1990-06-22,-2.463,115216
1990-06-21,-1.139,118126
1990-06-20,0.469,119488
1990-06-19,0.284,118930
1990-06-18,-1.333,118593
1990-06-15,0.158,120196
1990-06-14,-0.045,120007
1990-06-13,-0.544,120060
1990-06-12,2.175,120717
1990-06-11,1.349,118148
1990-06-08,-1.076,116575
1990-06-07,-1.855,117843
1990-06-06,0.401,120071
1990-06-05,0.236,119591
1990-06-04,1.150,119310
1990-06-01,1.278,117953
1990-05-31,-0.296,116465
1990-05-30,0.657,116810
1990-05-29,1.808,116048
1990-05-25,-2.183,113988
1990-05-24,-1.117,116531
1990-05-23,-0.268,117848
1990-05-22,0.714,118165
1990-05-21,0.792,117327
1990-05-18,-0.525,116405
1990-05-17,0.137,117019
1990-05-16,-0.835,116859
1990-05-15,-0.514,117842
1990-05-14,2.349,118451
1990-05-11,2.668,115733
1990-05-10,0.795,112726
1990-05-09,-0.003,111837
1990-05-08,-0.123,111840
1990-05-07,1.533,111978
1990-05-04,0.311,110287
1990-05-03,1.005,109944
1990-05-02,2.331,108851
1990-05-01,1.006,106371
1990-04-30,0.891,105312
1990-04-27,-1.830,104382
1990-04-26,0.183,106327
1990-04-25,-1.231,106133
1990-04-24,1.440,107456
1990-04-23,-0.395,105931
1990-04-20,-0.832,106351
1990-04-19,-0.571,107244
1990-04-18,-1.794,107859
1990-04-17,1.038,109829
1990-04-16,0.212,108700
1990-04-12,0.891,108470
1990-04-11,0.388,107513
1990-04-10,1.471,107097
1990-04-09,-1.413,105545
1990-04-06,-0.819,107057
1990-04-05,-0.341,107941
1990-04-04,0.636,108310
1990-04-03,0.971,107625
1990-04-02,-0.389,106590
1990-03-30,0.362,107007
1990-03-29,1.144,106621
1990-03-28,-1.112,105415
1990-03-27,-0.507,106600
1990-03-26,0.138,107144
1990-03-23,-0.499,106996
1990-03-22,-0.790,107533
1990-03-21,-1.362,108389
1990-03-20,-0.247,109887
1990-03-19,0.054,110159
1990-03-16,0.720,110100
1990-03-15,-0.971,109313
1990-03-14,0.205,110384
1990-03-13,-0.590,110159
1990-03-12,0.934,110813
1990-03-09,-0.571,109787
1990-03-08,0.988,110418
1990-03-07,-2.239,109337
1990-03-06,0.938,111841
1990-03-05,-2.354,110802
1990-03-02,0.875,113473
1990-03-01,-1.446,112489
1990-02-28,1.000,114139
1990-02-27,-0.372,113009
1990-02-26,1.571,113431
1990-02-23,-0.826,111676
1990-02-22,-0.183,112607
1990-02-21,0.389,112814
1990-02-20,-2.657,112376
1990-02-16,-1.441,115443
1990-02-15,0.465,117130
1990-02-14,-0.419,116589
1990-02-13,0.201,117080
1990-02-12,-1.399,116845
1990-02-09,-1.165,118503
1990-02-08,0.269,119899
1990-02-07,0.816,119578
1990-02-06,-1.093,118609
1990-02-05,0.193,119920
1990-02-02,0.575,119689
1990-02-01,-0.154,119005
1990-01-31,0.847,119189
1990-01-30,0.064,118188
1990-01-29,0.110,118113
1990-01-26,-0.984,117983
1990-01-25,-2.329,119155
1990-01-24,-0.016,121996
1990-01-23,-0.688,122015
1990-01-22,-2.082,122861
1990-01-19,0.767,125473
1990-01-18,0.308,124518
1990-01-17,-0.348,124136
1990-01-16,1.694,124569
1990-01-15,-0.773,122494
1990-01-12,-0.740,123449
1990-01-11,0.217,124369
1990-01-10,0.202,124099
1990-01-09,-1.929,123849
1990-01-08,0.149,126286
1990-01-05,0.186,126098
1990-01-04,-0.040,125863
1990-01-03,-0.287,125913
1990-01-02,0.769,126275
1989-12-29,0.860,125312
1989-12-28,0.770,124244
1989-12-27,0.824,123294
1989-12-26,0.510,122286
1989-12-22,0.638,121665
1989-12-21,0.878,120894
1989-12-20,0.106,119841
1989-12-19,-1.079,119714
1989-12-18,-1.815,121020
1989-12-15,-0.554,123257
1989-12-14,0.018,123944
1989-12-13,0.541,123922
1989-12-12,-0.715,123255
1989-12-11,-0.332,124143
1989-12-08,2.166,124557
1989-12-07,-0.032,121917
1989-12-06,-0.263,121956
1989-12-05,-0.784,122277
1989-12-04,0.729,123243
1989-12-01,0.656,122351
1989-11-30,0.142,121554
1989-11-29,-0.261,121381
1989-11-28,1.075,121699
1989-11-27,-0.090,120405
1989-11-24,0.571,120514
1989-11-22,0.408,119829
1989-11-21,-0.961,119342
1989-11-20,-0.238,120500
1989-11-17,-0.337,120788
1989-11-16,0.765,121197
1989-11-15,0.170,120277
1989-11-14,-0.127,120073
1989-11-13,0.650,120226
1989-11-10,0.812,119450
1989-11-09,0.256,118487
1989-11-08,0.802,118184
1989-11-07,2.092,117244
1989-11-06,-1.976,114841
1989-11-03,0.659,117156
1989-11-02,-1.122,116389
1989-11-01,0.647,117709
1989-10-31,0.891,116952
1989-10-30,0.163,115919
1989-10-27,-0.338,115731
1989-10-26,-0.330,116123
1989-10-25,0.215,116508
1989-10-24,-0.536,116258
1989-10-23,0.568,116884
1989-10-20,0.855,116224
1989-10-19,1.331,115239
1989-10-18,-0.927,113726
1989-10-17,-1.476,114790
1989-10-16,1.216,116509
1989-10-13,-2.386,115109
1989-10-12,-0.846,117923
1989-10-11,-0.122,118929
1989-10-10,-1.828,119074
1989-10-09,0.368,121292
1989-10-06,-0.749,120847
1989-10-05,-0.515,121759
1989-10-04,1.224,122389
1989-10-03,-0.024,120909
1989-10-02,-0.238,120938
1989-09-29,0.832,121227
1989-09-28,1.498,120227
1989-09-27,0.396,118452
1989-09-26,-1.186,117985
1989-09-25,-0.761,119401
1989-09-22,1.362,120317
1989-09-21,-0.466,118699
1989-09-20,0.067,119255
1989-09-19,0.381,119175
1989-09-18,0.387,118722
1989-09-15,1.724,118265
1989-09-14,-1.068,116260
1989-09-13,-0.916,117515
1989-09-12,0.135,118601
1989-09-11,0.167,118441
1989-09-08,0.935,118244
1989-09-07,-0.566,117149
1989-09-06,-1.182,117816
1989-09-05,0.678,119225
1989-09-01,0.600,118422
1989-08-31,-1.190,117715
1989-08-30,0.052,119133
1989-08-29,-0.881,119071
1989-08-28,-0.835,120129
1989-08-25,-0.800,121141
1989-08-24,2.050,122118
1989-08-23,0.455,119665
1989-08-22,0.476,119122
1989-08-21,-1.494,118558
1989-08-18,1.451,120356
1989-08-17,-0.385,118634
1989-08-16,0.392,119093
1989-08-15,-0.921,118628
1989-08-14,-0.962,119731
1989-08-11,-1.238,120894
1989-08-10,-0.337,122409
1989-08-09,0.613,122823
1989-08-08,-0.346,122075
1989-08-07,1.132,122500
1989-08-04,0.469,121128
1989-08-03,0.712,120563
1989-08-02,-0.204,119711
1989-08-01,-0.472,119956
1989-07-31,1.029,120525
1989-07-28,-0.463,119298
1989-07-27,0.635,119853
1989-07-26,1.976,119097
1989-07-25,-0.280,116789
1989-07-24,-1.164,117117
1989-07-21,1.949,118496
1989-07-20,0.340,116230
1989-07-19,2.139,115836
1989-07-18,0.402,113411
1989-07-17,0.220,112957
1989-07-14,0.965,112709
1989-07-13,-0.451,111632
1989-07-12,0.192,112137
1989-07-11,-0.620,111923
1989-07-10,0.768,112621
1989-07-07,1.988,111762
1989-07-06,0.551,109584
1989-07-05,0.517,108983
1989-07-03,-0.144,108423
1989-06-30,-0.123,108579
1989-06-29,-0.779,108713
1989-06-28,-1.015,109567
1989-06-27,0.927,110690
1989-06-26,-0.498,109673
1989-06-23,1.169,110222
1989-06-22,1.082,108948
1989-06-21,0.454,107782
1989-06-20,0.511,107295
1989-06-19,-0.440,106749
1989-06-16,-0.617,107221
1989-06-15,-0.684,107887
1989-06-14,0.118,108629
1989-06-13,-0.553,108502
1989-06-12,-0.314,109105
1989-06-09,-0.787,109448
1989-06-08,0.496,110316
1989-06-07,1.108,109772
1989-06-06,0.586,108569
1989-06-05,-1.813,107937
1989-06-02,0.581,109930
1989-06-01,-0.577,109295
1989-05-31,0.475,109929
1989-05-30,-1.834,109409
1989-05-26,0.054,111454
1989-05-25,-0.106,111394
1989-05-24,-0.508,111511
1989-05-23,-1.524,112081
1989-05-22,-0.568,113815
1989-05-19,0.466,114466
1989-05-18,-0.111,113935
1989-05-17,0.715,114061
1989-05-16,-0.477,113252
1989-05-15,-0.427,113795
1989-05-12,1.541,114283
1989-05-11,0.469,112549
1989-05-10,0.866,112023
1989-05-09,-0.482,111062
1989-05-08,0.837,111600
1989-05-05,-0.435,110673
1989-05-04,-0.043,111156
1989-05-03,-0.299,111204
1989-05-02,-0.953,111538
1989-05-01,-0.145,112611
1989-04-28,0.405,112774
1989-04-27,0.105,112319
1989-04-26,-0.534,112201
1989-04-25,-0.927,112803
1989-04-24,0.020,113859
1989-04-21,1.054,113836
1989-04-20,-0.379,112648
1989-04-19,-0.145,113077
1989-04-18,1.358,113241
1989-04-17,0.566,111724
1989-04-14,1.824,111095
1989-04-13,0.361,109105
1989-04-12,0.311,108712
1989-04-11,-0.098,108375
1989-04-10,-0.081,108481
1989-04-07,0.500,108570
1989-04-06,-0.464,108029
1989-04-05,-0.070,108533
1989-04-04,-1.361,108609
1989-04-03,-0.259,110107
1989-03-31,0.445,110393
1989-03-30,-0.363,109903
1989-03-29,0.255,110304
1989-03-28,0.195,110023
1989-03-27,-0.803,109809
1989-03-23,-0.412,110697
1989-03-22,-0.524,111156
1989-03-21,0.676,111741
1989-03-20,-1.416,110991
1989-03-17,-2.049,112585
1989-03-16,1.491,114941
1989-03-15,-0.373,113252
1989-03-14,0.455,113676
1989-03-13,0.620,113162
1989-03-10,-0.318,112464
1989-03-09,0.489,112823
1989-03-08,0.627,112274
1989-03-07,-0.766,111575
1989-03-06,0.336,112436
1989-03-03,0.109,112059
1989-03-02,0.830,111937
1989-03-01,-0.084,111015
1989-02-28,0.464,111108
1989-02-27,0.219,110596
1989-02-24,-0.670,110354
1989-02-23,0.513,111098
1989-02-22,-0.702,110531
1989-02-21,-1.295,111313
1989-02-17,-0.282,112773
1989-02-16,0.161,113092
1989-02-15,0.110,112910
1989-02-14,0.649,112786
1989-02-13,0.314,112058
1989-02-10,-1.957,111707
1989-02-09,-0.581,113938
1989-02-08,-0.243,114603
1989-02-07,1.470,114882
1989-02-06,0.048,113217
1989-02-03,0.973,113163
1989-02-02,0.578,112072
1989-02-01,0.092,111428
1989-01-31,0.130,111326
1989-01-30,0.873,111181
1989-01-27,0.476,110219
1989-01-26,0.410,109697
1989-01-25,-1.388,109249
1989-01-24,0.884,110786
1989-01-23,-1.137,109815
1989-01-20,-0.203,111078
1989-01-19,-0.439,111304
1989-01-18,0.599,111794
1989-01-17,-0.464,111129
1989-01-16,0.427,111647
1989-01-13,1.305,111173
1989-01-12,0.565,109741
1989-01-11,1.324,109124
1989-01-10,-0.670,107699
1989-01-09,-0.301,108425
1989-01-06,0.029,108752
1989-01-05,0.060,108720
1989-01-04,1.511,108656
1989-01-03,-0.631,107038
1988-12-30,-0.066,107718
1988-12-29,0.902,107789
1988-12-28,-0.299,106825
1988-12-27,-0.949,107146
1988-12-23,1.850,108172
1988-12-22,0.069,106208
1988-12-21,-0.300,106135
1988-12-20,-0.483,106455
1988-12-19,-0.215,106972
1988-12-16,1.239,107202
1988-12-15,0.029,105890
1988-12-14,-1.113,105859
1988-12-13,-0.134,107050
1988-12-12,-0.452,107193
1988-12-09,1.108,107679
1988-12-08,-0.735,106499
1988-12-07,-0.022,107288
1988-12-06,0.580,107312
1988-12-05,1.050,106693
1988-12-02,-0.753,105585
1988-12-01,-0.184,106386
1988-11-30,2.132,106582
1988-11-29,0.700,104358
1988-11-28,0.581,103632
1988-11-25,-0.841,103033
1988-11-23,-0.492,103908
1988-11-22,0.210,104421
1988-11-21,-0.163,104202
1988-11-18,0.695,104372
1988-11-17,-0.137,103651
1988-11-16,-0.283,103793
1988-11-15,1.287,104088
1988-11-14,-0.696,102764
1988-11-11,-1.011,103485
1988-11-10,-0.026,104542
1988-11-09,0.772,104569
1988-11-08,0.193,103769
1988-11-07,0.829,103569
1988-11-04,-0.418,102718
1988-11-03,0.471,103149
1988-11-02,0.449,102665
1988-11-01,-0.763,102206
1988-10-31,1.212,102992
1988-10-28,1.111,101758
1988-10-27,0.150,100640
1988-10-26,0.746,100489
1988-10-25,0.575,99744
1988-10-24,0.331,99174
1988-10-21,0.141,98846
1988-10-20,1.363,98707
1988-10-19,0.489,97380
1988-10-18,0.768,96905
1988-10-17,1.023,96167
1988-10-14,-0.975,95193
1988-10-13,0.902,96130
1988-10-12,-1.444,95271
1988-10-11,-1.012,96666
1988-10-10,-0.157,97655
1988-10-07,1.027,97809
1988-10-06,-0.282,96815
1988-10-05,0.393,97089
1988-10-04,0.105,96708
1988-10-03,-0.228,96607
1988-09-30,-0.255,96828
1988-09-29,0.254,97075
1988-09-28,0.266,96829
1988-09-27,-0.837,96572
1988-09-26,0.658,97387
1988-09-23,0.284,96750
1988-09-22,-1.765,96477
1988-09-21,1.446,98210
1988-09-20,1.355,96811
1988-09-19,-1.989,95517
1988-09-16,-0.082,97455
1988-09-15,0.152,97536
1988-09-14,0.614,97387
1988-09-13,1.165,96793
1988-09-12,0.795,95678
1988-09-09,-0.832,94923
1988-09-08,1.157,95719
1988-09-07,0.400,94624
1988-09-06,0.428,94247
1988-09-02,1.880,93846
1988-09-01,-0.901,92114
1988-08-31,0.491,92951
1988-08-30,0.210,92497
1988-08-29,-0.122,92303
1988-08-26,0.520,92416
1988-08-25,-0.402,91937
1988-08-24,0.725,92308
1988-08-23,1.331,91644
1988-08-22,-0.890,90440
1988-08-19,-0.576,91252
1988-08-18,0.598,91780
1988-08-17,1.365,91234
1988-08-16,1.481,90006
1988-08-15,-1.435,88692
1988-08-12,-0.139,89983
1988-08-11,0.324,90109
1988-08-10,-1.576,89818
1988-08-09,-1.194,91255
1988-08-08,-0.743,92358
1988-08-05,-2.522,93049
1988-08-04,-0.538,95457
1988-08-03,-0.547,95973
1988-08-02,-1.053,96502
1988-08-01,-0.614,97528
1988-07-29,2.011,98131
1988-07-28,1.297,96196
1988-07-27,-0.486,94965
1988-07-26,0.771,95428
1988-07-25,0.821,94698
1988-07-22,-1.283,93927
1988-07-21,-0.832,95147
1988-07-20,1.392,95946
1988-07-19,-0.419,94629
1988-07-18,-0.638,95027
1988-07-15,-0.042,95637
1988-07-14,-0.596,95677
1988-07-13,1.939,96251
1988-07-12,-0.886,94420
1988-07-11,-0.524,95264
1988-07-08,0.790,95766
1988-07-07,-1.641,95015
1988-07-06,-0.614,96601
1988-07-05,0.494,97197
1988-07-01,0.335,96720
1988-06-30,-0.010,96397
1988-06-29,-1.053,96406
1988-06-28,-0.049,97432
1988-06-27,-0.558,97480
1988-06-24,-1.774,98027
1988-06-23,-0.812,99797
1988-06-22,1.132,100614
1988-06-21,-0.392,99489
1988-06-20,-0.670,99881
1988-06-17,0.795,100555
1988-06-16,-2.051,99762
1988-06-15,0.942,101851
1988-06-14,0.639,100900
1988-06-13,0.612,100259
1988-06-10,0.065,99649
1988-06-09,0.041,99585
1988-06-08,2.968,99544
1988-06-07,-0.937,96675
1988-06-06,0.201,97589
1988-06-03,0.443,97393
1988-06-02,0.228,96964
1988-06-01,0.414,96743
1988-05-31,1.748,96345
1988-05-27,0.592,94689
1988-05-26,1.588,94132
1988-05-25,0.950,92661
1988-05-24,-0.142,91789
1988-05-23,0.165,91919
1988-05-20,1.103,91768
1988-05-19,-0.815,90766
1988-05-18,-1.491,91512
1988-05-17,-0.242,92897
1988-05-16,0.932,93122
1988-05-13,0.829,92263
1988-05-12,-1.127,91504
1988-05-11,-1.021,92548
1988-05-10,-0.724,93502
1988-05-09,0.216,94184
1988-05-06,-0.327,93981
1988-05-05,-2.047,94289
1988-05-04,-0.763,96259
1988-05-03,-0.826,96999
1988-05-02,-0.603,97807
1988-04-29,-0.399,98401
1988-04-28,-1.176,98795
1988-04-27,0.245,99970
1988-04-26,1.327,99726
1988-04-25,0.335,98419
1988-04-22,1.313,98091
1988-04-21,-1.416,96820
1988-04-20,-0.380,98210
1988-04-19,0.612,98585
1988-04-18,0.129,97984
1988-04-15,0.412,97858
1988-04-14,-2.222,97457
1988-04-13,0.773,99671
1988-04-12,-0.238,98906
1988-04-11,-0.993,99143
1988-04-08,1.652,100138
1988-04-07,-0.201,98511
1988-04-06,2.382,98709
1988-04-05,0.429,96413
1988-04-04,-1.153,96001
1988-03-31,1.664,97120
1988-03-30,-0.322,95531
1988-03-29,1.723,95840
1988-03-28,-0.954,94216
1988-03-25,-0.895,95124
1988-03-24,-2.404,95983
1988-03-23,-0.090,98347
1988-03-22,-0.387,98436
1988-03-21,-0.408,98817
1988-03-18,-1.403,99222
1988-03-17,2.324,100634
1988-03-16,0.752,98348
1988-03-15,0.210,97614
1988-03-14,1.613,97409
1988-03-11,0.884,95862
1988-03-10,0.072,95022
1988-03-09,-0.007,94954
1988-03-08,0.857,94960
1988-03-07,1.150,94153
1988-03-04,-0.036,93083
1988-03-03,-0.057,93116
1988-03-02,0.157,93169
1988-03-01,-0.853,93023
1988-02-29,2.465,93823
1988-02-26,0.908,91566
1988-02-25,-1.661,90742
1988-02-24,-0.525,92275
1988-02-23,-0.388,92762
1988-02-22,1.335,93123
1988-02-19,-0.030,91896
1988-02-18,1.172,91924
1988-02-17,-0.631,90859
1988-02-16,1.836,91436
1988-02-12,0.757,89787
1988-02-11,-0.414,89113
1988-02-10,2.847,89483
1988-02-09,0.356,87006
1988-02-08,-0.838,86697
1988-02-05,0.575,87430
1988-02-04,-0.110,86930
1988-02-03,-1.137,87026
1988-02-02,0.143,88027
1988-02-01,-0.507,87901
1988-01-29,1.199,88349
1988-01-28,1.904,87303
1988-01-27,1.197,85672
1988-01-26,0.117,84658
1988-01-25,-0.480,84559
1988-01-22,0.176,84968
1988-01-21,1.895,84819
1988-01-20,-1.783,83241
1988-01-19,-0.219,84752
1988-01-18,-0.156,84938
1988-01-15,0.513,85071
1988-01-14,-0.584,84637
1988-01-13,-0.146,85134
1988-01-12,-2.315,85258
1988-01-11,0.570,87279
1988-01-08,-2.846,86784
1988-01-07,0.142,89327
1988-01-06,0.989,89200
1988-01-05,0.536,88327
1988-01-04,2.028,87856
1987-12-31,-0.655,86110
1987-12-30,1.951,86678
1987-12-29,1.311,85019
1987-12-28,-2.740,83919
1987-12-24,0.068,86283
1987-12-23,-0.428,86225
1987-12-22,-0.115,86595
1987-12-21,-1.064,86695
1987-12-18,0.197,87628
1987-12-17,-0.924,87455
1987-12-16,1.372,88272
1987-12-15,2.154,87077
1987-12-14,1.949,85241
1987-12-11,0.132,83612
1987-12-10,-1.192,83502
1987-12-09,1.198,84510
1987-12-08,2.688,83509
1987-12-07,0.183,81324
1987-12-04,-0.237,81175
1987-12-03,-1.154,81368
1987-12-02,-0.776,82318
1987-12-01,0.658,82962
1987-11-30,-0.771,82420
1987-11-27,-1.255,83061
1987-11-25,0.701,84116
1987-11-24,2.092,83531
1987-11-23,2.271,81819
1987-11-20,0.800,80002
1987-11-19,-2.223,79368
1987-11-18,0.361,81172
1987-11-17,-0.832,80880
1987-11-16,-0.123,81558
1987-11-13,-1.768,81658
1987-11-12,1.407,83128
1987-11-11,0.629,81974
1987-11-10,-0.550,81462
1987-11-09,-1.509,81913
1987-11-06,-0.052,83168
1987-11-05,0.103,83212
1987-11-04,0.008,83126
1987-11-03,-2.511,83119
1987-11-02,1.359,85259
1987-10-30,0.717,84116
1987-10-29,2.382,83518
1987-10-28,-0.857,81574
1987-10-27,-0.109,82280
1987-10-26,-1.248,82369
1987-10-23,-1.249,83410
1987-10-22,-3.519,84465
1987-10-21,3.701,87546
1987-10-20,1.981,84422
1987-10-19,-7.146,82782
1987-10-16,-2.625,89153
1987-10-15,-0.579,91556
1987-10-14,-2.513,92089
1987-10-13,0.027,94463
1987-10-12,-1.885,94438
1987-10-09,-0.916,96252
1987-10-08,-1.017,97142
1987-10-07,-0.159,98139
1987-10-06,-2.785,98296
1987-10-05,-0.416,101112
1987-10-02,-0.202,101535
1987-10-01,0.480,101740
1987-09-30,-0.057,101254
1987-09-29,0.656,101312
1987-09-28,0.607,100651
1987-09-25,0.220,100044
1987-09-24,-0.559,99824
1987-09-23,0.181,100386
1987-09-22,1.309,100204
1987-09-21,0.193,98909
1987-09-18,0.783,98719
1987-09-17,-0.330,97952
1987-09-16,-0.301,98277
1987-09-15,-1.037,98574
1987-09-14,-1.062,99607
1987-09-11,0.982,100676
1987-09-10,2.328,99697
1987-09-09,-0.627,97429
1987-09-08,-1.652,98044
1987-09-04,-0.602,99690
1987-09-03,-0.547,100294
1987-09-02,-0.212,100846
1987-09-01,-1.901,101060
1987-08-31,1.461,103018
1987-08-28,-0.085,101534
1987-08-27,0.247,101621
1987-08-26,0.132,101370
1987-08-25,1.775,101236
1987-08-24,-1.338,99471
1987-08-21,0.314,100820
1987-08-20,0.849,100505
1987-08-19,0.653,99658
1987-08-18,-1.490,99012
1987-08-17,1.175,100509
1987-08-14,-0.845,99342
1987-08-13,0.992,100189
1987-08-12,0.587,99205
1987-08-11,1.301,98626
1987-08-10,1.008,97360
1987-08-07,-0.928,96388
1987-08-06,0.689,97291
1987-08-05,-0.595,96625
1987-08-04,-0.057,97204
1987-08-03,0.098,97259
1987-07-31,-0.478,97164
1987-07-30,1.407,97631
1987-07-29,-0.154,96276
1987-07-28,0.668,96424
1987-07-27,-0.253,95785
1987-07-24,0.227,96028
1987-07-23,-0.496,95811
1987-07-22,0.012,96288
1987-07-21,-1.884,96277
1987-07-20,-1.492,98125
1987-07-17,0.980,99612
1987-07-16,0.824,98644
1987-07-15,0.701,97839
1987-07-14,1.148,97157
1987-07-13,-0.551,96055
1987-07-10,-0.507,96586
1987-07-09,-0.505,97079
1987-07-08,1.452,97571
1987-07-07,0.534,96175
1987-07-06,1.061,95664
1987-07-02,-0.435,94660
1987-07-01,-0.362,95073
1987-06-30,-1.247,95419
1987-06-29,0.519,96623
1987-06-26,0.712,96124
1987-06-25,0.202,95444
1987-06-24,-0.226,95252
1987-06-23,-1.491,95468
1987-06-22,0.005,96913
1987-06-19,-0.519,96909
1987-06-18,-0.070,97414
1987-06-17,0.065,97482
1987-06-16,-0.009,97419
1987-06-15,-1.084,97427
1987-06-12,1.080,98495
1987-06-11,-0.872,97443
1987-06-10,1.490,98301
1987-06-09,-0.451,96858
1987-06-08,1.751,97296
1987-06-05,-0.684,95622
1987-06-04,0.477,96281
1987-06-03,1.090,95823
1987-06-02,-0.693,94790
1987-06-01,-0.168,95451
1987-05-29,-0.518,95612
1987-05-28,-0.193,96109
1987-05-27,0.976,96295
1987-05-26,2.000,95364
1987-05-22,0.933,93494
1987-05-21,0.938,92630
1987-05-20,0.167,91769
1987-05-19,-2.147,91617
1987-05-18,-0.402,93627
1987-05-15,-1.380,94005
1987-05-14,0.019,95320
1987-05-13,-0.535,95302
1987-05-12,0.279,95815
1987-05-11,-0.559,95548
1987-05-08,-0.700,96085
1987-05-07,-0.323,96762
1987-05-06,-0.449,97076
1987-05-05,0.605,97514
1987-05-04,0.128,96927
1987-05-01,1.414,96803
1987-04-30,1.047,95453
1987-04-29,0.921,94464
1987-04-28,1.814,93601
1987-04-27,0.533,91934
1987-04-24,-0.999,91446
1987-04-23,0.501,92368
1987-04-22,-1.582,91908
1987-04-21,1.282,93386
1987-04-20,0.187,92204
1987-04-16,0.311,92032
1987-04-15,1.695,91747
1987-04-14,-2.154,90218
1987-04-13,-1.808,92203
1987-04-10,1.114,93901
1987-04-09,-0.292,92867
1987-04-08,0.833,93140
1987-04-07,-0.632,92370
1987-04-06,0.716,92957
1987-04-03,0.770,92297
1987-04-02,1.343,91592
1987-04-01,-0.235,90378
1987-03-31,-0.505,90591
1987-03-30,-1.640,91051
1987-03-27,-0.220,92568
1987-03-26,0.387,92772
1987-03-25,0.327,92414
1987-03-24,0.778,92113
1987-03-23,-0.055,91402
1987-03-20,1.061,91452
1987-03-19,0.405,90492
1987-03-18,0.338,90126
1987-03-17,1.200,89823
1987-03-16,-0.069,88758
1987-03-13,0.030,88820
1987-03-12,1.770,88794
1987-03-11,-0.966,87249
1987-03-10,-0.273,88100
1987-03-09,-0.022,88342
1987-03-06,0.424,88361
1987-03-05,-0.325,87988
1987-03-04,2.399,88275
1987-03-03,0.922,86207
1987-03-02,-0.112,85419
1987-02-27,-0.015,85515
1987-02-26,-0.745,85528
1987-02-25,0.278,86171
1987-02-24,-0.242,85932
1987-02-23,-1.496,86141
1987-02-20,0.918,87449
1987-02-19,0.913,86654
1987-02-18,-0.251,85870
1987-02-17,2.043,86085
1987-02-13,0.500,84362
1987-02-12,-1.497,83942
1987-02-11,-0.399,85218
1987-02-10,0.633,85559
1987-02-09,0.713,85021
1987-02-06,-0.424,84419
1987-02-05,0.556,84778
1987-02-04,1.648,84309
1987-02-03,-0.212,82942
1987-02-02,0.925,83118
1987-01-30,-0.300,82356
1987-01-29,0.242,82605
1987-01-28,0.673,82405
1987-01-27,2.225,81854
1987-01-26,-0.596,80072
1987-01-23,-1.548,80552
1987-01-22,2.459,81818
1987-01-21,-0.018,79855
1987-01-20,-0.903,79869
1987-01-19,-0.091,80597
1987-01-16,1.051,80670
1987-01-15,1.400,79832
1987-01-14,1.284,78729
1987-01-13,0.187,77731
1987-01-12,1.102,77586
1987-01-09,-0.223,76740
1987-01-08,0.633,76912
1987-01-07,1.022,76428
1987-01-06,-0.121,75654
1987-01-05,2.372,75746
1987-01-02,0.339,73991
1986-12-31,-0.575,73741
1986-12-30,0.370,74168
1986-12-29,-0.486,73895
1986-12-26,-0.086,74255
1986-12-24,1.607,74319
1986-12-23,-0.716,73144
1986-12-22,-0.486,73671
1986-12-19,0.591,74031
1986-12-18,-0.415,73596
1986-12-17,-1.514,73903
1986-12-16,0.323,75038
1986-12-15,-0.107,74797
1986-12-12,1.181,74877
1986-12-11,-0.389,74003
1986-12-10,1.626,74291
1986-12-09,-0.582,73103
1986-12-08,0.341,73531
1986-12-05,-0.689,73281
1986-12-04,-1.183,73790
1986-12-03,0.012,74673
1986-12-02,2.005,74664
1986-12-01,1.059,73197
1986-11-28,1.077,72429
1986-11-26,-0.061,71658
1986-11-25,-0.600,71702
1986-11-24,0.186,72135
1986-11-21,1.650,72001
1986-11-20,2.064,70832
1986-11-19,-0.946,69399
1986-11-18,-1.160,70062
1986-11-17,0.289,70884
1986-11-14,0.261,70679
1986-11-13,-1.199,70495
1986-11-12,-1.334,71351
1986-11-11,1.287,72316
1986-11-10,0.104,71397
1986-11-07,1.012,71323
1986-11-06,-0.253,70609
1986-11-05,-0.067,70788
1986-11-04,0.705,70835
1986-11-03,0.922,70340
1986-10-31,-0.422,69697
1986-10-30,1.710,69993
1986-10-29,0.150,68816
1986-10-28,-0.020,68713
1986-10-27,-1.041,68727
1986-10-24,0.234,69450
1986-10-23,1.793,69288
1986-10-22,-0.814,68067
1986-10-21,-0.773,68626
1986-10-20,-1.162,69161
1986-10-17,0.092,69974
1986-10-16,-0.929,69910
1986-10-15,0.767,70565
1986-10-14,-0.397,70028
1986-10-13,-0.279,70308
1986-10-10,-1.481,70504
1986-10-09,0.029,71564
1986-10-08,-0.120,71544
1986-10-07,0.452,71630
1986-10-06,0.451,71308
1986-10-03,-1.212,70987
1986-10-02,0.516,71859
1986-10-01,0.940,71490
1986-09-30,-0.932,70824
1986-09-29,-0.767,71490
1986-09-26,-0.298,72043
1986-09-25,-1.020,72258
1986-09-24,0.061,73003
1986-09-23,0.521,72958
1986-09-22,1.525,72579
1986-09-19,0.117,71489
1986-09-18,0.485,71405
1986-09-17,1.014,71060
1986-09-16,-0.077,70347
1986-09-15,1.036,70401
1986-09-12,-2.082,69679
1986-09-11,-2.481,71160
1986-09-10,-0.053,72971
1986-09-09,0.158,73009
1986-09-08,-0.662,72894
1986-09-05,-0.245,73380
1986-09-04,0.218,73560
1986-09-03,-0.285,73400
1986-09-02,-0.276,73610
1986-08-29,0.178,73813
1986-08-28,0.047,73682
1986-08-27,0.769,73648
1986-08-26,1.013,73086
1986-08-25,-0.904,72353
1986-08-22,-0.601,73013
1986-08-21,-0.246,73455
1986-08-20,1.012,73636
1986-08-19,0.543,72898
1986-08-18,0.324,72504
1986-08-15,0.358,72270
1986-08-14,1.312,72012
1986-08-13,0.374,71079
1986-08-12,1.100,70815
1986-08-11,1.439,70044
1986-08-08,0.176,69050
1986-08-07,-0.134,68929
1986-08-06,-0.198,69021
1986-08-05,1.757,69158
1986-08-04,-0.181,67964
1986-08-01,-0.089,68087
1986-07-31,0.159,68148
1986-07-30,0.792,68040
1986-07-29,0.035,67506
1986-07-28,-0.650,67482
1986-07-25,0.616,67924
1986-07-24,-0.572,67508
1986-07-23,0.755,67896
1986-07-22,0.752,67387
1986-07-21,-0.091,66884
1986-07-18,0.554,66946
1986-07-17,-0.589,66577
1986-07-16,0.942,66971
1986-07-15,-1.541,66346
1986-07-14,-0.292,67385
1986-07-11,-0.083,67582
1986-07-10,-0.300,67638
1986-07-09,0.796,67842
1986-07-08,-0.423,67306
1986-07-07,-2.096,67592
1986-07-03,-0.396,69038
1986-07-02,1.223,69313
1986-07-01,0.813,68476
1986-06-30,0.099,67923
1986-06-27,0.617,67856
1986-06-26,0.563,67440
1986-06-25,0.525,67062
1986-06-24,0.389,66712
1986-06-23,-0.202,66454
1986-06-20,1.135,66589
1986-06-19,-0.493,65841
1986-06-18,0.688,66168
1986-06-17,-0.412,65716
1986-06-16,0.130,65988
1986-06-13,2.018,65902
1986-06-12,0.037,64599
1986-06-11,0.692,64575
1986-06-10,0.056,64131
1986-06-09,-1.993,64095
1986-06-06,0.011,65399
1986-06-05,0.466,65391
1986-06-04,0.131,65088
1986-06-03,0.643,65003
1986-06-02,-0.994,64588
1986-05-30,-0.390,65236
1986-05-29,0.504,65492
1986-05-28,0.055,65163
1986-05-27,1.342,65127
1986-05-23,0.638,64265
1986-05-22,1.090,63857
1986-05-21,-0.402,63169
1986-05-20,0.698,63424
1986-05-19,-0.613,62984
1986-05-16,-0.466,63372
1986-05-15,-2.058,63669
1986-05-14,0.078,65007
1986-05-13,-0.419,64956
1986-05-12,-0.986,65230
1986-05-09,-0.123,65879
1986-05-08,0.268,65960
1986-05-07,0.237,65784
1986-05-06,-0.201,65628
1986-05-05,0.511,65760
1986-05-02,0.578,65426
1986-05-01,-0.302,65051
1986-04-30,-1.408,65247
1986-04-29,-0.204,66179
1986-04-28,0.034,66314
1986-04-25,0.354,66292
1986-04-24,0.881,66058
1986-04-23,-0.413,65481
1986-04-22,-0.619,65752
1986-04-21,0.567,66162
1986-04-18,0.513,65789
1986-04-17,0.807,65453
1986-04-16,1.516,64929
1986-04-15,-0.222,63960
1986-04-14,0.468,64102
1986-04-11,-0.010,63804
1986-04-10,0.192,63810
1986-04-09,0.303,63688
1986-04-08,1.480,63496
1986-04-07,0.459,62570
1986-04-04,-0.742,62284
1986-04-03,-0.056,62750
1986-04-02,0.071,62785
1986-04-01,-1.064,62740
1986-03-31,0.348,63415
1986-03-27,1.040,63194
1986-03-26,1.151,62544
1986-03-25,0.254,61832
1986-03-24,0.681,61676
1986-03-21,-0.802,61258
1986-03-20,0.724,61754
1986-03-19,-0.167,61310
1986-03-18,0.761,61412
1986-03-17,-0.635,60949
1986-03-14,1.693,61338
1986-03-13,0.123,60317
1986-03-12,0.754,60243
1986-03-11,1.998,59792
1986-03-10,0.543,58621
1986-03-07,0.878,58304
1986-03-06,0.049,57797
1986-03-05,-0.051,57768
1986-03-04,0.090,57798
1986-03-03,-0.145,57746
1986-02-28,0.502,57830
1986-02-27,1.599,57541
1986-02-26,0.311,56636
1986-02-25,0.511,56460
1986-02-24,0.444,56173
1986-02-21,0.963,55925
1986-02-20,0.582,55391
1986-02-19,-0.914,55071
1986-02-18,0.547,55579
1986-02-14,0.747,55276
1986-02-13,0.223,54867
1986-02-12,0.248,54745
1986-02-11,0.410,54609
1986-02-10,0.734,54386
1986-02-07,0.296,53990
1986-02-06,0.711,53831
1986-02-05,0.223,53451
1986-02-04,0.045,53332
1986-02-03,0.548,53308
1986-01-31,0.893,53017
1986-01-30,-0.245,52548
1986-01-29,0.462,52677
1986-01-28,0.914,52434
1986-01-27,0.041,51960
1986-01-24,0.459,51938
1986-01-23,0.177,51701
1986-01-22,-0.608,51610
1986-01-21,-0.407,51926
1986-01-20,0.315,52138
1986-01-17,-0.073,51975
1986-01-16,0.452,52012
1986-01-15,0.366,51778
1986-01-14,0.086,51590
1986-01-13,0.656,51545
1986-01-10,-0.123,51210
1986-01-09,-1.069,51272
1986-01-08,-1.313,51826
1986-01-07,0.867,52516
1986-01-06,-0.334,52065
1986-01-03,0.360,52239
1986-01-02,-0.055,52052
1985-12-31,0.418,52081
1985-12-30,0.632,51864
1985-12-27,0.123,51538
1985-12-26,0.440,51474
1985-12-24,-0.319,51249
1985-12-23,-0.832,51413
1985-12-20,0.323,51844
1985-12-19,0.175,51677
1985-12-18,-0.346,51587
1985-12-17,-0.726,51766
1985-12-16,0.909,52144
1985-12-13,0.937,51675
1985-12-12,0.220,51195
1985-12-11,0.756,51083
1985-12-10,0.153,50699
1985-12-09,0.212,50622
1985-12-06,0.025,50515
1985-12-05,0.338,50503
1985-12-04,1.224,50332
1985-12-03,0.131,49723
1985-12-02,-0.448,49659
1985-11-29,0.410,49882
1985-11-27,0.881,49678
1985-11-26,0.083,49245
1985-11-25,-0.517,49204
1985-11-22,0.170,49459
1985-11-21,0.907,49375
1985-11-20,-0.109,48931
1985-11-19,0.182,48985
1985-11-18,-0.017,48896
1985-11-15,0.210,48904
1985-11-14,0.747,48801
1985-11-13,-0.708,48440
1985-11-12,0.315,48785
1985-11-11,1.039,48632
1985-11-08,0.522,48132
1985-11-07,0.355,47882
1985-11-06,-0.125,47713
1985-11-05,0.256,47773
1985-11-04,0.102,47651
1985-11-01,0.889,47602
1985-10-31,-0.668,47183
1985-10-30,0.152,47500
1985-10-29,0.964,47428
1985-10-28,0.154,46975
1985-10-25,-0.003,46903
1985-10-24,-0.112,46904
1985-10-23,0.263,46956
1985-10-22,0.607,46833
1985-10-21,0.216,46551
1985-10-18,-0.346,46450
1985-10-17,0.083,46612
1985-10-16,0.692,46573
1985-10-15,0.347,46253
1985-10-14,1.101,46093
1985-10-11,0.899,45591
1985-10-10,0.169,45185
1985-10-09,0.493,45109
1985-10-08,-0.164,44888
1985-10-07,-0.785,44961
1985-10-04,-0.263,45317
1985-10-03,0.183,45437
1985-10-02,0.090,45353
1985-10-01,1.071,45313
1985-09-30,0.427,44832
1985-09-26,-0.218,44642
1985-09-25,-0.598,44739
1985-09-24,-0.155,45009
1985-09-23,0.881,45078
1985-09-20,-0.060,44685
1985-09-19,0.855,44711
1985-09-18,0.635,44333
1985-09-17,-0.463,44053
1985-09-16,-0.058,44258
1985-09-13,-0.142,44283
1985-09-12,-0.471,44346
1985-09-11,-1.023,44556
1985-09-10,0.137,45017
1985-09-09,0.115,44955
1985-09-06,0.642,44903
1985-09-05,-0.271,44617
1985-09-04,0.050,44738
1985-09-03,0.089,44716
1985-08-30,-0.360,44676
1985-08-29,0.187,44838
1985-08-28,0.577,44754
1985-08-27,0.557,44497
1985-08-26,-0.137,44251
1985-08-23,0.130,44311
1985-08-22,-0.733,44254
1985-08-21,0.271,44581
1985-08-20,0.754,44460
1985-08-19,0.603,44127
1985-08-16,-0.457,43863
1985-08-15,0.523,44064
1985-08-14,-0.191,43835
1985-08-13,-0.137,43919
1985-08-12,0.030,43979
1985-08-09,0.069,43966
1985-08-08,0.673,43936
1985-08-07,-0.041,43642
1985-08-06,-0.870,43660
1985-08-05,-0.181,44043
1985-08-02,-0.490,44123
1985-08-01,0.350,44340
1985-07-31,0.746,44186
1985-07-30,-0.073,43858
1985-07-29,-0.937,43890
1985-07-26,0.004,44305
1985-07-25,-0.208,44303
1985-07-24,0.252,44395
1985-07-23,-0.623,44284
1985-07-22,-0.760,44561
1985-07-19,0.702,44902
1985-07-18,0.041,44590
1985-07-17,0.651,44571
1985-07-16,0.596,44283
1985-07-15,-0.541,44021
1985-07-12,-0.085,44260
1985-07-11,0.397,44298
1985-07-10,0.870,44123
1985-07-09,-0.319,43742
1985-07-08,-0.055,43882
1985-07-05,0.848,43906
1985-07-03,0.614,43537
1985-07-02,0.131,43272
1985-07-01,0.032,43215
1985-06-28,-0.026,43201
1985-06-27,0.680,43212
1985-06-26,0.064,42920
1985-06-25,0.598,42893
1985-06-24,0.131,42638
1985-06-21,1.395,42582
1985-06-20,-0.194,41996
1985-06-19,0.759,42078
1985-06-18,0.691,41761
1985-06-17,-0.761,41474
1985-06-14,0.670,41792
1985-06-13,-0.912,41514
1985-06-12,-0.677,41896
1985-06-11,-0.686,42182
1985-06-10,-0.390,42473
1985-06-07,-0.430,42639
1985-06-06,0.056,42823
1985-06-05,0.040,42799
1985-06-04,1.038,42782
1985-06-03,0.005,42342
1985-05-31,0.967,42340
1985-05-30,0.338,41935
1985-05-29,-0.061,41793
1985-05-28,0.170,41819
1985-05-24,0.231,41748
1985-05-23,-0.578,41652
1985-05-22,-1.328,41893
1985-05-21,-0.370,42457
1985-05-20,1.190,42615
1985-05-17,1.139,42114
1985-05-16,1.048,41639
1985-05-15,0.234,41208
1985-05-14,-0.770,41112
1985-05-13,0.556,41431
1985-05-10,1.084,41202
1985-05-09,0.853,40760
1985-05-08,0.070,40415
1985-05-07,0.599,40387
1985-05-06,-0.217,40146
1985-05-03,0.257,40234
1985-05-02,0.128,40131
1985-05-01,-0.689,40079
1985-04-30,0.478,40357
1985-04-29,-1.087,40165
1985-04-26,-0.314,40607
1985-04-25,1.128,40735
1985-04-24,-0.337,40280
1985-04-23,0.989,40416
1985-04-22,-0.166,40021
1985-04-19,1.131,40088
1985-04-18,0.076,39639
1985-04-17,-0.114,39609
1985-04-16,-0.174,39654
1985-04-15,0.200,39723
1985-04-12,0.352,39644
1985-04-11,-0.269,39505
1985-04-10,0.751,39612
1985-04-09,0.323,39316
1985-04-08,-0.957,39190
1985-04-04,-0.126,39569
1985-04-03,-1.181,39619
1985-04-02,-0.415,40092
1985-04-01,-0.463,40259
1985-03-29,0.717,40447
1985-03-28,0.089,40158
1985-03-27,-0.213,40123
1985-03-26,0.336,40208
1985-03-25,-0.912,40074
1985-03-22,0.602,40443
1985-03-21,-0.557,40200
1985-03-20,0.289,40425
1985-03-19,1.884,40309
1985-03-18,0.299,39564
1985-03-15,-0.463,39445
1985-03-14,-0.585,39629
1985-03-13,-0.617,39862
1985-03-12,1.183,40110
1985-03-11,0.428,39641
1985-03-08,0.213,39472
1985-03-07,-0.587,39388
1985-03-06,-0.557,39621
1985-03-05,0.082,39843
1985-03-04,0.289,39810
1985-03-01,1.459,39695
1985-02-28,0.666,39125
1985-02-27,-0.372,38866
1985-02-26,0.813,39011
1985-02-25,0.008,38696
1985-02-22,-0.112,38693
1985-02-21,-0.557,38737
1985-02-20,1.062,38954
1985-02-19,0.062,38545
1985-02-15,-1.506,38521
1985-02-14,-0.731,39110
1985-02-13,0.902,39398
1985-02-12,0.810,39045
1985-02-11,-0.997,38732
1985-02-08,0.549,39122
1985-02-07,0.608,38908
1985-02-06,0.015,38673
1985-02-05,-0.184,38667
1985-02-04,0.318,38739
1985-02-01,-0.786,38616
1985-01-31,0.357,38922
1985-01-30,-0.166,38783
1985-01-29,0.491,38848
1985-01-28,-0.427,38658
1985-01-25,0.565,38824
1985-01-24,-1.029,38606
1985-01-23,1.107,39007
1985-01-22,0.832,38580
1985-01-21,2.100,38262
1985-01-18,0.986,37475
1985-01-17,-0.239,37109
1985-01-16,-0.373,37198
1985-01-15,-0.577,37337
1985-01-14,1.240,37554
1985-01-11,-0.410,37094
1985-01-10,0.944,37246
1985-01-09,0.786,36898
1985-01-08,0.061,36610
1985-01-07,0.411,36588
1985-01-04,-0.203,36438
1985-01-03,0.390,36512
1985-01-02,-1.044,36370
1984-12-31,0.446,36754
1984-12-28,-0.299,36591
1984-12-27,-0.161,36700
1984-12-26,-0.193,36760
1984-12-24,0.553,36831
1984-12-21,-0.919,36628
1984-12-20,-0.481,36968
1984-12-19,-0.019,37147
1984-12-18,2.966,37154
1984-12-17,0.379,36084
1984-12-14,1.138,35948
1984-12-13,-0.295,35543
1984-12-12,-0.465,35648
1984-12-11,-0.046,35815
1984-12-10,0.256,35831
1984-12-07,-0.502,35739
1984-12-06,0.313,35920
1984-12-05,-0.924,35808
1984-12-04,0.809,36142
1984-12-03,-0.472,35852
1984-11-30,-0.058,36022
1984-11-29,-1.025,36043
1984-11-28,-0.256,36416
1984-11-27,-0.436,36509
1984-11-26,-1.334,36669
1984-11-23,1.799,37165
1984-11-21,0.563,36508
1984-11-20,0.516,36303
1984-11-19,0.112,36117
1984-11-16,-0.889,36077
1984-11-15,0.510,36400
1984-11-14,0.068,36216
1984-11-13,-0.733,36191
1984-11-12,0.213,36458
1984-11-09,-0.370,36381
1984-11-08,-0.718,36516
1984-11-07,-0.994,36780
1984-11-06,0.730,37149
1984-11-05,0.567,36880
1984-11-02,-0.442,36672
1984-11-01,1.055,36835
1984-10-31,-0.042,36450
1984-10-30,1.707,36466
1984-10-29,0.228,35854
1984-10-26,-0.639,35772
1984-10-25,-0.999,36002
1984-10-24,-0.373,36365
1984-10-23,-0.661,36501
1984-10-22,0.125,36744
1984-10-19,0.092,36698
1984-10-18,1.799,36664
1984-10-17,0.575,36016
1984-10-16,-0.558,35811
1984-10-15,1.052,36012
1984-10-12,0.057,35637
1984-10-11,0.447,35616
1984-10-10,0.619,35458
1984-10-09,-0.057,35240
1984-10-08,-1.359,35260
1984-10-05,0.546,35745
1984-10-04,-0.069,35551
1984-10-03,-0.757,35576
1984-10-02,-0.481,35847
1984-10-01,-0.247,36020
1984-09-28,-0.632,36110
1984-09-27,0.922,36339
1984-09-26,0.355,36007
1984-09-25,0.261,35880
1984-09-24,0.501,35786
1984-09-21,-0.055,35608
1984-09-20,-0.523,35627
1984-09-19,-0.021,35815
1984-09-18,-0.392,35822
1984-09-17,0.233,35963
1984-09-14,0.949,35879
1984-09-13,0.916,35542
1984-09-12,-0.219,35219
1984-09-11,-1.194,35297
1984-09-10,-1.013,35723
1984-09-07,-0.118,36089
1984-09-06,0.853,36131
1984-09-05,-0.294,35826
1984-09-04,-0.892,35931
1984-08-31,-0.493,36255
1984-08-30,0.097,36434
1984-08-29,-0.232,36399
1984-08-28,0.442,36484
1984-08-27,-0.518,36323
1984-08-24,0.538,36512
1984-08-23,0.594,36317
1984-08-22,-0.776,36102
1984-08-21,0.190,36385
1984-08-20,0.536,36316
1984-08-17,0.479,36122
1984-08-16,0.157,35950
1984-08-15,0.560,35893
1984-08-14,-0.280,35694
1984-08-13,0.347,35794
1984-08-10,0.104,35670
1984-08-09,1.405,35633
1984-08-08,0.055,35139
1984-08-07,-0.486,35120
1984-08-06,0.217,35291
1984-08-03,3.193,35215
1984-08-02,1.832,34125
1984-08-01,1.925,33511
1984-07-31,-0.129,32878
1984-07-30,-0.610,32921
1984-07-27,0.364,33123
1984-07-26,0.372,33003
1984-07-25,0.396,32880
1984-07-24,-0.963,32751
1984-07-23,-1.062,33069
1984-07-20,-0.952,33424
1984-07-19,-0.340,33746
1984-07-18,-0.231,33861
1984-07-17,0.414,33939
1984-07-16,0.367,33799
1984-07-13,0.289,33676
1984-07-12,0.357,33578
1984-07-11,-1.955,33459
1984-07-10,-1.212,34126
1984-07-09,0.652,34545
1984-07-06,0.091,34321
1984-07-05,0.143,34290
1984-07-03,0.165,34241
1984-07-02,-0.211,34184
1984-06-29,0.074,34257
1984-06-28,-0.167,34231
1984-06-27,-0.636,34289
1984-06-26,-0.539,34508
1984-06-25,-0.114,34695
1984-06-22,0.411,34735
1984-06-21,0.341,34593
1984-06-20,0.750,34475
1984-06-19,0.714,34219
1984-06-18,0.405,33976
1984-06-15,-0.833,33839
1984-06-14,-0.923,34123
1984-06-13,-0.194,34441
1984-06-12,0.341,34508
1984-06-11,-0.909,34391
1984-06-08,-0.242,34706
1984-06-07,-0.320,34791
1984-06-06,0.476,34902
1984-06-05,0.677,34737
1984-06-04,0.136,34503
1984-06-01,1.796,34457
1984-05-31,0.306,33849
1984-05-30,-0.521,33745
1984-05-29,-1.158,33922
1984-05-25,-0.130,34319
1984-05-24,-0.885,34364
1984-05-23,0.059,34670
1984-05-22,-0.573,34650
1984-05-21,-0.825,34850
1984-05-18,-0.824,35140
1984-05-17,-1.744,35432
1984-05-16,-0.020,36060
1984-05-15,0.592,36068
1984-05-14,-0.740,35856
1984-05-11,-0.813,36123
1984-05-10,0.167,36419
1984-05-09,-0.298,36358
1984-05-08,0.226,36467
1984-05-07,0.780,36385
1984-05-04,-0.565,36103
1984-05-03,-0.898,36309
1984-05-02,0.289,36638
1984-05-01,0.248,36532
1984-04-30,-0.033,36442
1984-04-27,-0.105,36453
1984-04-26,0.815,36492
1984-04-25,-0.183,36197
1984-04-24,0.367,36263
1984-04-23,-0.473,36130
1984-04-19,0.296,36302
1984-04-18,-0.833,36195
1984-04-17,0.378,36499
1984-04-16,0.527,36362
1984-04-13,-0.161,36171
1984-04-12,1.076,36230
1984-04-11,-0.711,35844
1984-04-10,-0.017,36101
1984-04-09,0.175,36107
1984-04-06,0.224,36044
1984-04-05,-1.026,35963
1984-04-04,-0.109,36336
1984-04-03,0.127,36376
1984-04-02,-0.916,36330
1984-03-30,-0.085,36666
1984-03-29,0.093,36697
1984-03-28,1.464,36663
1984-03-27,0.251,36134
1984-03-26,0.025,36043
1984-03-23,-0.055,36034
1984-03-22,-0.651,36054
1984-03-21,0.120,36291
1984-03-20,1.210,36247
1984-03-19,-0.490,35814
1984-03-16,0.849,35990
1984-03-15,0.400,35687
1984-03-14,-0.124,35545
1984-03-13,0.390,35589
1984-03-12,0.754,35451
1984-03-09,-0.700,35185
1984-03-08,0.147,35433
1984-03-07,-0.242,35381
1984-03-06,-0.121,35467
1984-03-05,-0.409,35510
1984-03-02,0.693,35656
1984-03-01,0.688,35411
1984-02-29,0.343,35169
1984-02-28,-0.909,35049
1984-02-27,1.001,35370
1984-02-24,1.441,35019
1984-02-23,-0.220,34522
1984-02-22,-0.432,34598
1984-02-21,-0.081,34748
1984-02-17,-0.334,34776
1984-02-16,-0.261,34893
1984-02-15,-0.000,34984
1984-02-14,0.555,34984
1984-02-13,-0.493,34791
1984-02-10,0.512,34964
1984-02-09,-0.171,34785
1984-02-08,-0.832,34845
1984-02-07,0.414,35137
1984-02-06,-1.388,34993
1984-02-03,-0.897,35485
1984-02-02,0.312,35806
1984-02-01,-0.228,35695
1984-01-31,-0.020,35776
1984-01-30,-0.592,35783
1984-01-27,0.264,35996
1984-01-26,-0.203,35902
1984-01-25,0.043,35975
1984-01-24,0.199,35959
1984-01-23,-0.829,35888
1984-01-20,-0.231,36188
1984-01-19,-0.040,36272
1984-01-18,-0.313,36286
1984-01-17,0.404,36400
1984-01-16,0.207,36254
1984-01-13,0.027,36179
1984-01-12,0.103,36169
1984-01-11,-0.089,36132
1984-01-10,-0.451,36164
1984-01-09,-0.055,36327
1984-01-06,0.666,36348
1984-01-05,0.754,36107
1984-01-04,1.304,35837
1984-01-03,-0.382,35376
1983-12-30,0.390,35511
1983-12-29,-0.329,35374
1983-12-28,0.244,35490
1983-12-27,0.865,35404
1983-12-23,0.178,35100
1983-12-22,0.185,35038
1983-12-21,0.560,34973
1983-12-20,-0.123,34778
1983-12-19,0.114,34821
1983-12-16,0.752,34781
1983-12-15,-0.668,34522
1983-12-14,-0.866,34754
1983-12-13,-0.156,35057
1983-12-12,0.199,35112
1983-12-09,-0.132,35042
1983-12-08,-0.402,35089
1983-12-07,0.398,35230
1983-12-06,0.011,35091
1983-12-05,0.171,35087
1983-12-02,-0.296,35027
1983-12-01,-0.088,35131
1983-11-30,-0.867,35162
1983-11-29,0.898,35469
1983-11-28,-0.157,35154
1983-11-25,0.161,35209
1983-11-23,-0.074,35152
1983-11-22,0.190,35178
1983-11-21,0.622,35112
1983-11-18,0.257,34894
1983-11-17,0.149,34805
1983-11-16,-0.086,34753
1983-11-15,-0.372,34783
1983-11-14,0.702,34913
1983-11-11,0.972,34670
1983-11-10,0.359,34336
1983-11-09,0.672,34213
1983-11-08,0.152,33985
1983-11-07,-0.639,33934
1983-11-04,-0.531,34152
1983-11-03,-0.447,34334
1983-11-02,0.881,34488
1983-11-01,0.190,34187
1983-10-31,-0.092,34122
1983-10-28,-0.076,34154
1983-10-27,0.090,34180
1983-10-26,-0.376,34149
1983-10-25,0.058,34278
1983-10-24,-0.095,34258
1983-10-21,-0.555,34290
1983-10-20,0.032,34481
1983-10-19,-0.422,34470
1983-10-18,-1.697,34616
1983-10-17,0.191,35214
1983-10-14,-0.468,35147
1983-10-13,-0.520,35312
1983-10-12,-0.323,35497
1983-10-11,-0.640,35612
1983-10-10,0.983,35841
1983-10-07,0.493,35492
1983-10-06,1.029,35318
1983-10-05,0.082,34958
1983-10-04,0.506,34930
1983-10-03,-0.186,34754
1983-09-30,-0.569,34819
1983-09-29,0.019,35018
1983-09-28,-0.221,35011
1983-09-27,-0.561,35089
1983-09-26,0.518,35287
1983-09-23,-0.271,35105
1983-09-22,0.612,35201
1983-09-21,-0.802,34987
1983-09-20,0.446,35269
1983-09-19,0.321,35113
1983-09-16,0.957,35000
1983-09-15,-0.059,34669
1983-09-14,0.130,34689
1983-09-13,-0.446,34644
1983-09-12,0.012,34799
1983-09-09,-0.334,34795
1983-09-08,0.098,34912
1983-09-07,-0.047,34877
1983-09-06,1.496,34894
1983-09-02,0.560,34380
1983-09-01,0.461,34188
1983-08-31,0.514,34032
1983-08-30,0.489,33858
1983-08-29,0.012,33693
1983-08-26,0.644,33689
1983-08-25,0.349,33473
1983-08-24,-1.310,33357
1983-08-23,-0.631,33800
1983-08-22,-0.076,34014
1983-08-19,-0.154,34040
1983-08-18,-0.591,34093
1983-08-17,0.742,34296
1983-08-16,-0.358,34043
1983-08-15,0.737,34165
1983-08-12,0.473,33915
1983-08-11,0.063,33756
1983-08-10,0.241,33735
1983-08-09,0.348,33654
1983-08-08,-0.846,33537
1983-08-05,-0.275,33823
1983-08-04,-0.666,33916
1983-08-03,-0.171,34144
1983-08-02,-0.271,34202
1983-08-01,0.331,34295
1983-07-29,-1.199,34182
1983-07-28,-0.919,34597
1983-07-27,-0.997,34918
1983-07-26,0.051,35269
1983-07-25,0.415,35251
1983-07-22,-0.128,35106
1983-07-21,-0.464,35151
1983-07-20,1.871,35315
1983-07-19,0.511,34666
1983-07-18,-0.143,34490
1983-07-15,-1.136,34539
1983-07-14,0.435,34936
1983-07-13,-0.311,34785
1983-07-12,-1.076,34893
1983-07-11,0.493,35273
1983-07-08,0.169,35100
1983-07-07,0.031,35041
1983-07-06,0.718,35029
1983-07-05,-0.488,34780
1983-07-01,0.467,34950
1983-06-30,0.548,34788
1983-06-29,0.584,34598
1983-06-28,-0.976,34397
1983-06-27,-0.582,34737
1983-06-24,0.294,34940
1983-06-23,-0.209,34837
1983-06-22,-0.056,34911
1983-06-21,0.390,34930
1983-06-20,-0.322,34795
1983-06-17,0.119,34907
1983-06-16,1.218,34865
1983-06-15,0.889,34446
1983-06-14,0.612,34142
1983-06-13,0.855,33935
1983-06-10,0.470,33647
1983-06-09,0.210,33489
1983-06-08,-0.735,33419
1983-06-07,-1.043,33667
1983-06-06,-0.284,34021
1983-06-03,0.385,34118
1983-06-02,1.029,33988
1983-06-01,-0.327,33641
1983-05-31,-1.024,33752
1983-05-27,-0.577,34101
1983-05-26,-0.088,34299
1983-05-25,0.731,34329
1983-05-24,1.273,34080
1983-05-23,0.541,33651
1983-05-20,-0.105,33470
1983-05-19,-1.144,33506
1983-05-18,-0.032,33893
1983-05-17,0.517,33904
1983-05-16,-0.899,33730
1983-05-13,0.991,34036
1983-05-12,-0.511,33702
1983-05-11,-0.725,33875
1983-05-10,0.983,34123
1983-05-09,0.208,33790
1983-05-06,0.876,33720
1983-05-05,-0.124,33427
1983-05-04,0.687,33469
1983-05-03,0.138,33241
1983-05-02,-1.020,33195
1983-04-29,0.214,33537
1983-04-28,1.102,33465
1983-04-27,-0.265,33100
1983-04-26,0.954,33188
1983-04-25,-0.611,32875
1983-04-22,0.413,33077
1983-04-21,-0.703,32941
1983-04-20,1.508,33174
1983-04-19,-0.759,32681
1983-04-18,0.462,32931
1983-04-15,-0.144,32780
1983-04-14,0.936,32827
1983-04-13,0.725,32523
1983-04-12,0.137,32288
1983-04-11,1.366,32244
1983-04-08,1.271,31810
1983-04-07,0.381,31411
1983-04-06,-0.740,31291
1983-04-05,0.079,31525
1983-04-04,0.419,31500
1983-03-31,-0.633,31369
1983-03-30,1.330,31568
1983-03-29,-0.128,31154
1983-03-28,-0.126,31194
1983-03-25,-0.197,31234
1983-03-24,0.114,31295
1983-03-23,1.371,31260
1983-03-22,0.063,30837
1983-03-21,0.294,30817
1983-03-18,0.363,30727
1983-03-17,-0.387,30616
1983-03-16,-1.447,30735
1983-03-15,0.536,31186
1983-03-14,-0.464,31020
1983-03-11,-0.330,31165
1983-03-10,0.080,31268
1983-03-09,0.893,31242
1983-03-08,-1.367,30966
1983-03-07,0.200,31395
1983-03-04,0.671,31333
1983-03-03,0.631,31124
1983-03-02,0.630,30929
1983-03-01,1.497,30735
1983-02-28,-0.166,30282
1983-02-25,0.355,30332
1983-02-24,2.055,30225
1983-02-23,0.556,29616
1983-02-22,-0.994,29453
1983-02-18,0.953,29748
1983-02-17,-0.504,29467
1983-02-16,-0.751,29616
1983-02-15,-0.288,29840
1983-02-14,0.479,29927
1983-02-11,0.173,29784
1983-02-10,0.955,29733
1983-02-09,-0.671,29451
1983-02-08,-1.035,29650
1983-02-07,0.266,29960
1983-02-04,1.002,29881
1983-02-03,1.035,29584
1983-02-02,-0.434,29281
1983-02-01,-0.199,29409
1983-01-31,0.408,29467
1983-01-28,-0.227,29348
1983-01-27,1.260,29415
1983-01-26,0.288,29048
1983-01-25,0.654,28965
1983-01-24,-1.868,28777
1983-01-21,-1.057,29325
1983-01-20,0.526,29638
1983-01-19,0.023,29483
1983-01-18,-0.758,29476
1983-01-17,0.100,29701
1983-01-14,-0.154,29672
1983-01-13,-0.196,29717
1983-01-12,0.488,29776
1983-01-11,-1.337,29631
1983-01-10,1.473,30032
1983-01-07,0.555,29597
1983-01-06,2.396,29433
1983-01-05,0.307,28745
1983-01-04,1.104,28657
1983-01-03,-1.603,28344
1982-12-31,0.142,28805
1982-12-30,-0.457,28765
1982-12-29,0.530,28897
1982-12-28,-0.273,28744
1982-12-27,0.228,28823
1982-12-23,0.556,28757
1982-12-22,-0.038,28598
1982-12-21,1.516,28609
1982-12-20,0.102,28182
1982-12-17,1.765,28153
1982-12-16,-0.859,27665
1982-12-15,-1.567,27905
1982-12-14,-0.434,28349
1982-12-13,0.569,28472
1982-12-10,-0.456,28311
1982-12-09,-0.866,28441
1982-12-08,0.188,28689
1982-12-07,0.961,28636
1982-12-06,1.903,28363
1982-12-03,0.430,27833
1982-12-02,0.849,27714
1982-12-01,-0.373,27481
1982-11-30,1.518,27584
1982-11-29,0.519,27171
1982-11-26,1.115,27031
1982-11-24,0.769,26733
1982-11-23,0.097,26529
1982-11-22,-1.329,26503
1982-11-19,-0.399,26861
1982-11-18,0.544,26968
1982-11-17,1.929,26822
1982-11-16,-0.941,26315
1982-11-15,-1.073,26565
1982-11-12,0.195,26853
1982-11-11,0.661,26800
1982-11-10,-0.992,26624
1982-11-09,1.162,26891
1982-11-08,-0.106,26582
1982-11-05,-0.172,26611
1982-11-04,-0.938,26657
1982-11-03,2.233,26909
1982-11-02,1.085,26321
1982-11-01,0.372,26039
1982-10-29,0.352,25942
1982-10-28,-0.308,25851
1982-10-27,0.014,25931
1982-10-26,0.637,25927
1982-10-25,-3.229,25763
1982-10-22,0.151,26623
1982-10-21,0.038,26583
1982-10-20,1.219,26573
1982-10-19,0.311,26253
1982-10-18,0.906,26171
1982-10-15,-0.456,25936
1982-10-14,-0.259,26055
1982-10-13,0.050,26123
1982-10-12,-0.074,26110
1982-10-11,0.710,26129
1982-10-08,1.628,25945
1982-10-07,1.948,25529
1982-10-06,1.943,25041
1982-10-05,-0.213,24564
1982-10-04,0.270,24617
1982-10-01,1.315,24550
1982-09-30,-0.562,24232
1982-09-29,-0.516,24369
1982-09-28,-0.547,24495
1982-09-27,-0.119,24630
1982-09-24,-0.041,24659
1982-09-23,0.748,24669
1982-09-22,-0.832,24486
1982-09-21,1.604,24692
1982-09-20,0.991,24302
1982-09-17,-1.608,24063
1982-09-16,-0.535,24457
1982-09-15,-0.079,24588
1982-09-14,0.389,24608
1982-09-13,0.358,24512
1982-09-10,-1.000,24425
1982-09-09,0.223,24671
1982-09-08,0.605,24616
1982-09-07,-0.036,24468
1982-09-03,1.301,24477
1982-09-02,1.224,24163
1982-09-01,-0.736,23871
1982-08-31,1.505,24048
1982-08-30,-0.334,23691
1982-08-27,0.081,23771
1982-08-26,1.098,23751
1982-08-25,1.561,23493
1982-08-24,0.400,23132
1982-08-23,1.958,23040
1982-08-20,2.788,22598
1982-08-19,0.139,21985
1982-08-18,-0.625,21954
1982-08-17,2.244,22092
1982-08-16,0.522,21608
1982-08-13,-0.295,21495
1982-08-12,0.628,21559
1982-08-11,-0.596,21424
1982-08-10,-0.702,21553
1982-08-09,-0.975,21705
1982-08-06,-1.255,21919
1982-08-05,-0.704,22197
1982-08-04,-1.345,22355
1982-08-03,0.296,22660
1982-08-02,0.617,22593
1982-07-30,0.706,22454
1982-07-29,0.072,22297
1982-07-28,-0.518,22281
1982-07-27,-0.623,22397
1982-07-26,-0.792,22537
1982-07-23,0.174,22717
1982-07-22,-0.490,22678
1982-07-21,0.297,22789
1982-07-20,0.247,22722
1982-07-19,-0.406,22666
1982-07-16,0.724,22758
1982-07-15,-0.741,22595
1982-07-14,0.474,22763
1982-07-13,0.512,22656
1982-07-12,1.219,22540
1982-07-09,1.395,22269
1982-07-08,0.134,21962
1982-07-07,0.291,21933
1982-07-06,-0.886,21869
1982-07-02,-1.742,22065
1982-07-01,-1.347,22456
1982-06-30,-0.415,22763
1982-06-29,-0.344,22858
1982-06-28,0.441,22936
1982-06-25,-0.650,22836
1982-06-24,-0.155,22985
1982-06-23,-0.291,23021
1982-06-22,1.227,23088
1982-06-21,0.836,22808
1982-06-18,-1.101,22619
1982-06-17,-0.946,22871
1982-06-16,-0.293,23089
1982-06-15,-0.463,23157
1982-06-14,-1.978,23265
1982-06-11,0.906,23734
1982-06-10,-0.011,23521
1982-06-09,-1.033,23524
1982-06-08,0.566,23769
1982-06-07,0.065,23636
1982-06-04,-1.382,23620
1982-06-03,-0.587,23951
1982-06-02,1.248,24093
1982-06-01,-0.569,23796
1982-05-28,-0.185,23932
1982-05-27,-1.270,23976
1982-05-26,-0.873,24284
1982-05-25,-0.238,24498
1982-05-24,0.130,24557
1982-05-21,0.930,24525
1982-05-20,-0.179,24299
1982-05-19,-0.240,24342
1982-05-18,-0.096,24401
1982-05-17,-1.096,24424
1982-05-14,-0.742,24695
1982-05-13,-0.749,24880
1982-05-12,-0.173,25067
1982-05-11,1.320,25111
1982-05-10,-1.237,24784
1982-05-07,0.568,25094
1982-05-06,1.315,24952
1982-05-05,-0.503,24628
1982-05-04,-0.019,24753
1982-05-03,1.176,24758
1982-04-30,0.277,24470
1982-04-29,-0.648,24402
1982-04-28,-0.714,24561
1982-04-27,-1.115,24738
1982-04-26,0.610,25017
1982-04-23,1.382,24865
1982-04-22,1.797,24526
1982-04-21,0.658,24093
1982-04-20,-0.465,23936
1982-04-19,-0.744,24047
1982-04-16,0.361,24228
1982-04-15,0.256,24141
1982-04-14,0.765,24079
1982-04-13,-0.156,23896
1982-04-12,-0.399,23933
1982-04-08,-0.502,24029
1982-04-07,0.872,24150
1982-04-06,0.114,23942
1982-04-05,-0.225,23914
1982-04-02,1.863,23968
1982-04-01,0.935,23530
1982-03-31,0.307,23312
1982-03-30,-0.297,23240
1982-03-29,1.237,23310
1982-03-26,-0.723,23025
1982-03-25,-0.455,23192
1982-03-24,-0.332,23298
1982-03-23,0.900,23376
1982-03-22,1.398,23168
1982-03-19,0.670,22848
1982-03-18,0.952,22696
1982-03-17,-0.456,22482
1982-03-16,-0.071,22585
1982-03-15,0.081,22601
1982-03-12,-1.027,22583
1982-03-11,-0.424,22817
1982-03-10,0.474,22915
1982-03-09,0.770,22806
1982-03-08,-1.425,22632
1982-03-05,-1.435,22959
1982-03-04,-0.856,23294
1982-03-03,-1.845,23495
1982-03-02,0.365,23936
1982-03-01,-0.560,23849
1982-02-26,-0.406,23984
1982-02-25,0.152,24081
1982-02-24,1.087,24045
1982-02-23,0.049,23786
1982-02-22,-0.944,23775
1982-02-19,-0.217,24001
1982-02-18,-0.032,24053
1982-02-17,-0.431,24061
1982-02-16,-0.978,24165
1982-02-12,-0.218,24404
1982-02-11,0.376,24457
1982-02-10,1.097,24366
1982-02-09,-0.284,24101
1982-02-08,-2.236,24170
1982-02-05,0.534,24723
1982-02-04,-0.496,24591
1982-02-03,-1.931,24714
1982-02-02,0.765,25200
1982-02-01,-1.840,25009
1982-01-29,0.906,25478
1982-01-28,2.173,25249
1982-01-27,0.481,24712
1982-01-26,0.386,24594
1982-01-25,-0.204,24499
1982-01-22,0.011,24549
1982-01-21,0.926,24547
1982-01-20,-0.277,24321
1982-01-19,-1.261,24389
1982-01-18,0.755,24700
1982-01-15,0.006,24515
1982-01-14,-0.054,24514
1982-01-13,-1.458,24527
1982-01-12,-0.728,24890
1982-01-11,-1.816,25072
1982-01-08,0.724,25536
1982-01-07,0.059,25352
1982-01-06,-1.455,25338
1982-01-05,-1.626,25712
1982-01-04,0.437,26137
1981-12-31,0.338,26023
1981-12-30,0.656,25935
1981-12-29,-0.269,25766
1981-12-28,-0.463,25836
1981-12-24,-0.781,25956
1981-12-23,0.283,26160
1981-12-22,0.456,26086
1981-12-21,-0.920,25968
1981-12-18,0.543,26209
1981-12-17,0.997,26067
1981-12-16,-0.468,25810
1981-12-15,0.926,25931
1981-12-14,-1.903,25693
1981-12-11,-0.057,26192
1981-12-10,-0.371,26207
1981-12-09,0.453,26305
1981-12-08,-0.312,26186
1981-12-07,-0.372,26268
1981-12-04,0.194,26366
1981-12-03,0.589,26315
1981-12-02,-1.447,26161
1981-12-01,-0.137,26545
1981-11-30,0.695,26582
1981-11-27,0.917,26398
1981-11-25,0.728,26158
1981-11-24,0.867,25969
1981-11-23,-0.796,25746
1981-11-20,1.169,25953
1981-11-19,1.234,25653
1981-11-18,-0.170,25340
1981-11-17,1.286,25383
1981-11-16,-0.484,25061
1981-11-13,-0.387,25183
1981-11-12,-0.090,25280
1981-11-11,-0.529,25303
1981-11-10,0.721,25438
1981-11-09,1.358,25256
1981-11-06,0.346,24917
1981-11-05,-0.704,24832
1981-11-04,-0.227,25008
1981-11-03,0.599,25065
1981-11-02,0.838,24915
1981-10-30,1.843,24708
1981-10-29,-0.475,24261
1981-10-28,0.286,24377
1981-10-27,0.776,24307
1981-10-26,0.262,24120
1981-10-23,-0.827,24057
1981-10-22,-0.196,24258
1981-10-21,-0.096,24305
1981-10-20,1.018,24329
1981-10-19,0.113,24084
1981-10-16,-0.189,24056
1981-10-15,0.888,24102
1981-10-14,-1.382,23890
1981-10-13,-0.341,24225
1981-10-12,-0.345,24308
1981-10-09,-0.126,24392
1981-10-08,0.517,24422
1981-10-07,1.458,24297
1981-10-06,-0.766,23947
1981-10-05,0.177,24132
1981-10-02,1.213,24090
1981-10-01,-0.120,23801
1981-09-30,0.403,23829
1981-09-29,-0.073,23734
1981-09-28,1.204,23751
1981-09-25,-2.230,23468
1981-09-24,-0.253,24004
1981-09-23,-0.910,24065
1981-09-22,-0.490,24286
1981-09-21,0.466,24405
1981-09-18,-1.258,24292
1981-09-17,-1.175,24601
1981-09-16,-0.642,24894
1981-09-15,-0.701,25055
1981-09-14,-0.247,25232
1981-09-11,0.298,25294
1981-09-10,1.670,25219
1981-09-09,-0.288,24805
1981-09-08,-1.407,24877
1981-09-04,-1.233,25232
1981-09-03,-1.531,25547
1981-09-02,0.209,25944
1981-09-01,-0.089,25890
1981-08-31,-0.703,25913
1981-08-28,0.461,26096
1981-08-27,-0.450,25977
1981-08-26,-0.139,26094
1981-08-25,0.140,26131
1981-08-24,-2.116,26094
1981-08-21,-0.539,26658
1981-08-20,0.436,26802
1981-08-19,-0.100,26686
1981-08-18,-0.162,26713
1981-08-17,-0.413,26756
1981-08-14,-0.556,26867
1981-08-13,0.188,27018
1981-08-12,0.086,26967
1981-08-11,1.139,26944
1981-08-10,0.194,26640
1981-08-07,-0.666,26589
1981-08-06,-0.114,26767
1981-08-05,0.807,26797
1981-08-04,0.502,26583
1981-08-03,0.043,26450
1981-07-31,0.182,26439
1981-07-30,0.496,26391
1981-07-29,0.150,26260
1981-07-28,-0.627,26221
1981-07-27,0.639,26387
1981-07-24,0.729,26219
1981-07-23,0.049,26029
1981-07-22,-0.735,26017
1981-07-21,-0.425,26209
1981-07-20,-0.856,26321
1981-07-17,0.755,26548
1981-07-16,0.302,26349
1981-07-15,0.447,26270
1981-07-14,-0.358,26153
1981-07-13,-0.378,26247
1981-07-10,-0.290,26347
1981-07-09,0.437,26423
1981-07-08,-0.638,26308
1981-07-07,0.193,26477
1981-07-06,-0.820,26426
1981-07-02,-0.459,26645
1981-07-01,-0.929,26768
1981-06-30,-0.136,27019
1981-06-29,-0.306,27056
1981-06-26,0.048,27139
1981-06-25,-0.322,27126
1981-06-24,-0.426,27213
1981-06-23,0.667,27330
1981-06-22,-0.542,27149
1981-06-19,0.522,27297
1981-06-18,-0.850,27155
1981-06-17,0.699,27388
1981-06-16,-0.451,27198
1981-06-15,0.614,27321
1981-06-12,-0.212,27154
1981-06-11,0.668,27212
1981-06-10,0.022,27031
1981-06-09,-0.190,27025
1981-06-08,-0.231,27077
1981-06-05,0.903,27140
1981-06-04,0.080,26897
1981-06-03,0.079,26875
1981-06-02,-0.675,26854
1981-06-01,-0.508,27037
1981-05-29,-0.547,27175
1981-05-28,-0.320,27324
1981-05-27,0.040,27412
1981-05-26,0.393,27401
1981-05-22,0.013,27294
1981-05-21,-0.317,27290
1981-05-20,0.193,27377
1981-05-19,-0.663,27324
1981-05-18,0.574,27507
1981-05-15,0.590,27350
1981-05-14,0.787,27189
1981-05-13,-0.116,26977
1981-05-12,0.312,27008
1981-05-11,-1.015,26924
1981-05-08,0.029,27201
1981-05-07,0.253,27193
1981-05-06,0.845,27124
1981-05-05,-0.704,26897
1981-05-04,-1.221,27088
1981-05-01,-0.122,27423
1981-04-30,0.535,27456
1981-04-29,-0.507,27310
1981-04-28,-0.560,27449
1981-04-27,0.208,27604
1981-04-24,0.876,27547
1981-04-23,-0.263,27307
1981-04-22,-0.003,27379
1981-04-21,-0.969,27380
1981-04-20,0.821,27648
1981-04-16,0.478,27423
1981-04-15,1.021,27292
1981-04-14,-0.379,27017
1981-04-13,-0.923,27120
1981-04-10,-0.156,27372
1981-04-09,0.733,27415
1981-04-08,0.336,27216
1981-04-07,-0.154,27124
1981-04-06,-0.664,27166
1981-04-03,-0.364,27348
1981-04-02,0.107,27448
1981-04-01,0.270,27418
1981-03-31,0.530,27344
1981-03-30,0.001,27200
1981-03-27,-0.889,27200
1981-03-26,0.157,27444
1981-03-25,1.404,27401
1981-03-24,-0.483,27022
1981-03-23,0.531,27153
1981-03-20,0.313,27009
1981-03-19,-0.741,26925
1981-03-18,0.694,27126
1981-03-17,-0.378,26939
1981-03-16,0.616,27041
1981-03-13,0.810,26876
1981-03-12,1.896,26660
1981-03-11,-0.494,26164
1981-03-10,-0.366,26293
1981-03-09,0.494,26390
1981-03-06,-0.233,26260
1981-03-05,0.141,26322
1981-03-04,-0.270,26285
1981-03-03,-0.041,26356
1981-03-02,0.667,26366
1981-02-27,0.391,26192
1981-02-26,1.407,26090
1981-02-25,0.046,25728
1981-02-24,0.324,25716
1981-02-23,-0.521,25633
1981-02-20,0.200,25767
1981-02-19,-2.030,25716
1981-02-18,1.249,26249
1981-02-17,-0.394,25925
1981-02-13,-0.626,26027
1981-02-12,-0.374,26191
1981-02-11,-0.322,26290
1981-02-10,0.199,26375
1981-02-09,-0.728,26322
1981-02-06,0.884,26515
1981-02-05,1.075,26283
1981-02-04,0.040,26003
1981-02-03,1.224,25993
1981-02-02,-1.764,25679
1981-01-30,0.200,26140
1981-01-29,-0.282,26087
1981-01-28,-0.516,26161
1981-01-27,1.096,26297
1981-01-26,0.402,26012
1981-01-23,-0.022,25908
1981-01-22,-0.450,25913
1981-01-21,-1.266,26031
1981-01-20,-2.318,26364
1981-01-19,0.202,26990
1981-01-16,1.222,26935
1981-01-15,0.230,26610
1981-01-14,0.211,26549
1981-01-13,-0.855,26493
1981-01-12,-0.077,26722
1981-01-09,0.427,26742
1981-01-08,-1.052,26629
1981-01-07,-1.210,26912
1981-01-06,-0.642,27242
1981-01-05,1.198,27418
1981-01-02,0.509,27093
1980-12-31,-0.319,26956
1980-12-30,0.268,27042
1980-12-29,-0.308,26970
1980-12-26,0.029,27053
1980-12-24,0.401,27045
1980-12-23,0.803,26937
1980-12-22,1.621,26723
1980-12-19,0.100,26297
1980-12-18,0.605,26270
1980-12-17,1.656,26112
1980-12-16,0.378,25687
1980-12-15,-0.110,25590
1980-12-12,-0.090,25619
1980-12-11,-0.569,25642
1980-12-10,-2.273,25788
1980-12-09,0.006,26388
1980-12-08,-1.762,26387
1980-12-05,-1.316,26860
1980-12-04,0.821,27218
1980-12-03,-0.168,26997
1980-12-02,-0.005,27042
1980-12-01,-1.639,27043
1980-11-28,-0.388,27494
1980-11-26,-0.141,27601
1980-11-25,0.715,27640
1980-11-24,-0.685,27444
1980-11-21,-1.180,27633
1980-11-20,0.333,27963
1980-11-19,-0.374,27870
1980-11-18,0.409,27975
1980-11-17,0.152,27861
1980-11-14,-0.492,27819
1980-11-13,1.042,27956
1980-11-12,2.859,27668
1980-11-11,0.111,26899
1980-11-10,0.150,26869
1980-11-07,0.286,26829
1980-11-06,-0.973,26752
1980-11-05,1.620,27015
1980-11-03,1.173,26585
1980-10-31,1.237,26276
1980-10-30,-1.063,25955
1980-10-29,0.690,26234
1980-10-28,0.652,26054
1980-10-27,-0.909,25886
1980-10-24,-0.875,26123
1980-10-23,-1.481,26354
1980-10-22,0.785,26750
1980-10-21,-0.472,26542
1980-10-20,0.579,26667
1980-10-17,-0.601,26514
1980-10-16,-0.992,26674
1980-10-15,0.782,26941
1980-10-14,0.967,26732
1980-10-13,1.946,26476
1980-10-10,-0.515,25971
1980-10-09,0.030,26105
1980-10-08,-0.416,26097
1980-10-07,-0.434,26206
1980-10-06,0.824,26321
1980-10-03,0.930,26105
1980-10-02,0.420,25865
1980-10-01,0.654,25757
1980-09-30,1.441,25589
1980-09-29,-1.905,25226
1980-09-26,-0.194,25716
1980-09-25,-1.226,25766
1980-09-24,0.089,26086
1980-09-23,-0.705,26063
1980-09-22,1.626,26248
1980-09-19,-1.014,25828
1980-09-18,0.037,26092
1980-09-17,0.773,26083
1980-09-16,0.459,25883
1980-09-15,0.317,25764
1980-09-12,0.394,25683
1980-09-11,1.103,25582
1980-09-10,0.852,25303
1980-09-09,0.967,25089
1980-09-08,-1.363,24849
1980-09-05,-0.456,25192
1980-09-04,-0.773,25308
1980-09-03,2.033,25505
1980-09-02,0.895,24997
1980-08-29,-0.279,24775
1980-08-28,-0.613,24844
1980-08-27,0.033,24997
1980-08-26,-0.311,24989
1980-08-25,-0.765,25067
1980-08-22,0.812,25260
1980-08-21,2.409,25057
1980-08-20,1.448,24467
1980-08-19,-0.776,24118
1980-08-18,-2.250,24307
1980-08-15,0.470,24866
1980-08-14,1.933,24750
1980-08-13,0.137,24280
1980-08-12,-0.866,24247
1980-08-11,0.996,24459
1980-08-08,0.203,24218
1980-08-07,1.118,24168
1980-08-06,0.597,23901
1980-08-05,-0.545,23759
1980-08-04,-0.598,23890
1980-08-01,-0.215,24033
1980-07-31,-0.922,24085
1980-07-30,-0.233,24309
1980-07-29,0.701,24366
1980-07-28,0.033,24196
1980-07-25,-0.260,24188
1980-07-24,0.925,24252
1980-07-23,0.210,24029
1980-07-22,0.963,23979
1980-07-21,0.387,23750
1980-07-18,0.753,23659
1980-07-17,1.031,23482
1980-07-16,-0.607,23242
1980-07-15,-0.978,23384
1980-07-14,1.122,23615
1980-07-11,1.156,23353
1980-07-10,-1.544,23086
1980-07-09,1.121,23448
1980-07-08,-0.705,23188
1980-07-07,0.569,23353
1980-07-03,0.471,23221
1980-07-02,-0.887,23112
1980-07-01,0.259,23319
1980-06-30,-2.286,23259
1980-06-27,-0.080,23803
1980-06-26,-0.432,23822
1980-06-25,1.168,23925
1980-06-24,0.245,23649
1980-06-23,1.382,23591
1980-06-20,-0.435,23270
1980-06-19,-0.196,23372
1980-06-18,0.281,23417
1980-06-17,-0.195,23352
1980-06-16,0.246,23397
1980-06-13,0.790,23340
1980-06-12,-0.421,23157
1980-06-11,1.708,23255
1980-06-10,-0.182,22864
1980-06-09,-0.056,22906
1980-06-06,0.851,22919
1980-06-05,0.426,22726
1980-06-04,2.373,22629
1980-06-03,0.229,22105
1980-06-02,-0.445,22054
1980-05-30,1.153,22153
1980-05-29,-1.563,21900
1980-05-28,0.470,22248
1980-05-27,-0.041,22144
1980-05-23,1.556,22153
1980-05-22,1.367,21813
1980-05-21,0.551,21519
1980-05-20,-0.732,21401
1980-05-19,0.656,21559
1980-05-16,-0.058,21419
1980-05-15,1.929,21431
1980-05-14,1.089,21025
1980-05-13,1.261,20799
1980-05-12,-0.152,20540
1980-05-09,-1.459,20571
1980-05-08,-0.491,20876
1980-05-07,0.622,20979
1980-05-06,0.047,20849
1980-05-05,0.110,20839
1980-05-02,-0.294,20816
1980-05-01,-0.441,20878
1980-04-30,-0.829,20970
1980-04-29,1.557,21146
1980-04-28,0.264,20821
1980-04-25,0.764,20766
1980-04-24,0.697,20609
1980-04-23,0.205,20466
1980-04-22,3.292,20424
1980-04-21,-1.234,19773
1980-04-18,0.025,20021
1980-04-17,-0.238,20016
1980-04-16,-1.056,20063
1980-04-15,-0.493,20277
1980-04-14,-0.238,20378
1980-04-11,0.240,20427
1980-04-10,1.251,20378
1980-04-09,1.086,20126
1980-04-08,1.208,19910
1980-04-07,-0.971,19672
1980-04-03,1.011,19865
1980-04-02,0.476,19666
1980-04-01,-0.084,19573
1980-03-31,2.103,19589
1980-03-28,1.158,19186
1980-03-27,-0.582,18966
1980-03-26,-0.122,19077
1980-03-25,-0.606,19101
1980-03-24,-2.708,19217
1980-03-21,-0.871,19752
1980-03-20,-1.420,19926
1980-03-19,0.157,20213
1980-03-18,0.429,20181
1980-03-17,-2.714,20095
1980-03-14,-0.862,20655
1980-03-13,-1.160,20835
1980-03-12,-0.001,21079
1980-03-11,-0.169,21079
1980-03-10,-0.424,21115
1980-03-07,-1.244,21205
1980-03-06,-1.167,21472
1980-03-05,-0.701,21725
1980-03-04,-0.145,21879
1980-03-03,-1.613,21910
1980-02-29,0.582,22270
1980-02-28,0.286,22141
1980-02-27,-0.303,22078
1980-02-26,0.361,22145
1980-02-25,-1.310,22065
1980-02-22,-0.323,22358
1980-02-21,-0.367,22431
1980-02-20,1.217,22513
1980-02-19,-0.960,22242
1980-02-15,-0.841,22458
1980-02-14,-1.034,22649
1980-02-13,0.475,22885
1980-02-12,1.137,22777
1980-02-11,-0.649,22521
1980-02-08,1.201,22668
1980-02-07,0.241,22399
1980-02-06,0.411,22345
1980-02-05,0.064,22254
1980-02-04,-0.698,22239
1980-02-01,0.976,22396
1980-01-31,-0.239,22179
1980-01-30,0.303,22233
1980-01-29,-0.074,22165
1980-01-28,0.386,22182
1980-01-25,-0.265,22097
1980-01-24,0.478,22155
1980-01-23,0.508,22050
1980-01-22,-0.113,21939
1980-01-21,1.256,21963
1980-01-18,0.475,21691
1980-01-17,-0.141,21588
1980-01-16,-0.034,21619
1980-01-15,0.072,21626
1980-01-14,1.150,21611
1980-01-11,0.091,21365
1980-01-10,0.781,21345
1980-01-09,0.388,21180
1980-01-08,1.781,21098
1980-01-07,0.831,20729
1980-01-04,0.468,20558
1980-01-03,-0.214,20462
1980-01-02,-1.769,20506
1979-12-31,-0.180,20876
1979-12-28,0.225,20913
1979-12-27,0.479,20866
1979-12-26,0.267,20767
1979-12-24,-0.295,20712
1979-12-21,-0.518,20773
1979-12-20,-0.025,20881
1979-12-19,0.292,20886
1979-12-18,-0.434,20825
1979-12-17,0.362,20916
1979-12-14,1.274,20841
1979-12-13,-0.507,20578
1979-12-12,0.298,20683
1979-12-11,-0.081,20622
1979-12-10,0.055,20639
1979-12-07,-0.369,20627
1979-12-06,0.951,20704
1979-12-05,0.113,20509
1979-12-04,1.413,20485
1979-12-03,-0.047,20200
1979-11-30,-0.310,20210
1979-11-29,-0.007,20272
1979-11-28,0.757,20274
1979-11-27,-0.071,20121
1979-11-26,1.643,20136
1979-11-23,0.260,19810
1979-11-21,0.092,19759
1979-11-20,-0.285,19741
1979-11-19,0.218,19797
1979-11-16,0.404,19754
1979-11-15,1.101,19675
1979-11-14,-0.302,19460
1979-11-13,0.300,19519
1979-11-12,0.587,19461
1979-11-09,0.844,19347
1979-11-08,0.220,19186
1979-11-07,-0.897,19143
1979-11-06,-0.663,19317
1979-11-05,-1.036,19446
1979-11-02,0.278,19649
1979-11-01,1.029,19595
1979-10-31,-0.374,19395
1979-10-30,1.268,19468
1979-10-29,0.225,19224
1979-10-26,1.147,19181
1979-10-25,-0.522,18964
1979-10-24,-0.189,19063
1979-10-23,-0.064,19099
1979-10-22,-1.270,19112
1979-10-19,-1.125,19357
1979-10-18,-0.645,19578
1979-10-17,-0.619,19705
1979-10-16,-0.498,19827
1979-10-15,-1.229,19927
1979-10-12,-1.495,20175
1979-10-11,0.276,20481
1979-10-10,-0.996,20424
1979-10-09,-1.898,20630
1979-10-08,-0.056,21029
1979-10-05,0.329,21040
1979-10-04,0.223,20971
1979-10-03,-0.299,20925
1979-10-02,0.727,20987
1979-10-01,-0.880,20836
1979-09-28,0.125,21021
1979-09-27,0.106,20995
1979-09-26,0.969,20972
1979-09-25,0.507,20771
1979-09-24,-0.594,20666
1979-09-21,0.609,20790
1979-09-20,0.999,20664
1979-09-19,-0.198,20460
1979-09-18,-0.509,20500
1979-09-17,-0.162,20605
1979-09-14,1.010,20639
1979-09-13,0.173,20432
1979-09-12,0.727,20397
1979-09-11,-0.706,20250
1979-09-10,0.384,20394
1979-09-07,0.593,20316
1979-09-06,0.788,20196
1979-09-05,-1.193,20038
1979-09-04,-1.245,20280
1979-08-31,0.049,20536
1979-08-30,0.035,20526
1979-08-29,0.485,20519
1979-08-28,-0.506,20419
1979-08-27,0.756,20523
1979-08-24,-0.011,20369
1979-08-23,-0.124,20372
1979-08-22,0.268,20397
1979-08-21,-0.572,20342
1979-08-20,0.274,20459
1979-08-17,0.248,20403
1979-08-16,-0.904,20353
1979-08-15,0.827,20539
1979-08-14,0.023,20370
1979-08-13,1.019,20366
1979-08-10,0.736,20160
1979-08-09,-0.504,20013
1979-08-08,0.663,20114
1979-08-07,1.349,19982
1979-08-06,-0.091,19716
1979-08-03,-0.007,19734
1979-08-02,-0.014,19735
1979-08-01,0.658,19738
1979-07-31,0.333,19609
1979-07-30,0.083,19544
1979-07-27,0.218,19527
1979-07-26,-0.357,19485
1979-07-25,0.381,19555
1979-07-24,0.330,19480
1979-07-23,0.123,19416
1979-07-20,0.346,19392
1979-07-19,0.479,19326
1979-07-18,-0.890,19233
1979-07-17,-0.774,19406
1979-07-16,0.297,19557
1979-07-13,-0.296,19499
1979-07-12,-0.437,19557
1979-07-11,-0.926,19643
1979-07-10,0.253,19827
1979-07-09,0.240,19777
1979-07-06,1.032,19729
1979-07-05,0.832,19528
1979-07-03,0.700,19367
1979-07-02,-0.904,19232
1979-06-29,-0.073,19408
1979-06-28,0.468,19422
1979-06-27,0.429,19331
1979-06-26,-0.805,19249
1979-06-25,-1.257,19405
1979-06-22,0.674,19652
1979-06-21,0.541,19520
1979-06-20,-0.127,19415
1979-06-19,0.116,19440
1979-06-18,0.053,19417
1979-06-15,-0.216,19407
1979-06-14,0.149,19449
1979-06-13,0.258,19420
1979-06-12,0.868,19370
1979-06-11,-0.629,19204
1979-06-08,-0.495,19325
1979-06-07,0.823,19421
1979-06-06,0.864,19263
1979-06-05,1.467,19098
1979-06-04,0.155,18822
1979-06-01,0.048,18793
1979-05-31,-0.179,18783
1979-05-30,-1.046,18817
1979-05-29,0.508,19016
1979-05-25,-0.275,18920
1979-05-24,0.083,18972
1979-05-23,-0.568,18956
1979-05-22,0.276,19065
1979-05-21,-0.077,19012
1979-05-18,0.554,19027
1979-05-17,0.785,18922
1979-05-16,0.330,18775
1979-05-15,0.223,18713
1979-05-14,-0.855,18671
1979-05-11,0.916,18832
1979-05-10,-1.144,18661
1979-05-09,-0.211,18877
1979-05-08,0.361,18917
1979-05-07,-1.431,18849
1979-05-04,-0.085,19123
1979-05-03,0.038,19139
1979-05-02,0.911,19132
1979-05-01,-0.463,18959
1979-04-30,-0.004,19047
1979-04-27,-0.163,19048
1979-04-26,0.005,19079
1979-04-25,-0.286,19078
1979-04-24,1.110,19133
1979-04-23,0.101,18923
1979-04-20,-0.210,18904
1979-04-19,-0.402,18944
1979-04-18,0.279,19020
1979-04-17,-0.702,18967
1979-04-16,-1.235,19101
1979-04-12,-0.276,19340
1979-04-11,-1.095,19394
1979-04-10,0.852,19608
1979-04-09,-0.235,19443
1979-04-06,-0.089,19488
1979-04-05,0.642,19506
1979-04-04,0.955,19381
1979-04-03,1.080,19198
1979-04-02,-0.003,18993
1979-03-30,-0.601,18993
1979-03-29,0.218,19108
1979-03-28,-0.401,19067
1979-03-27,1.695,19143
1979-03-26,-0.552,18824
1979-03-23,0.065,18929
1979-03-22,0.482,18916
1979-03-21,0.078,18826
1979-03-20,-0.586,18811
1979-03-19,-0.309,18922
1979-03-16,0.607,18980
1979-03-15,0.087,18866
1979-03-14,-0.028,18850
1979-03-13,0.343,18855
1979-03-12,-0.758,18790
1979-03-09,0.574,18934
1979-03-08,1.517,18826
1979-03-07,0.510,18545
1979-03-06,-0.380,18450
1979-03-05,1.114,18521
1979-03-02,0.136,18317
1979-03-01,0.722,18292
1979-02-28,0.086,18161
1979-02-27,-0.831,18145
1979-02-26,0.262,18297
1979-02-23,-1.771,18249
1979-02-22,-0.225,18578
1979-02-21,-0.800,18620
1979-02-20,0.457,18770
1979-02-16,0.114,18685
1979-02-15,-0.011,18664
1979-02-14,0.629,18666
1979-02-13,1.013,18549
1979-02-12,0.331,18363
1979-02-09,0.275,18302
1979-02-08,-0.022,18252
1979-02-07,-0.031,18256
1979-02-06,0.340,18262
1979-02-05,-0.955,18200
1979-02-02,-0.557,18376
1979-02-01,0.214,18478
1979-01-31,-1.187,18439
1979-01-30,-0.937,18661
1979-01-29,-0.153,18837
1979-01-26,0.248,18866
1979-01-25,1.726,18819
1979-01-24,-0.779,18500
1979-01-23,0.267,18645
1979-01-22,0.079,18596
1979-01-19,-0.019,18581
1979-01-18,-0.063,18584
1979-01-17,0.569,18596
1979-01-16,-1.195,18491
1979-01-15,0.420,18715
1979-01-12,0.927,18636
1979-01-11,0.095,18465
1979-01-10,0.045,18448
1979-01-09,0.483,18439
1979-01-08,0.738,18351
1979-01-05,0.193,18216
1979-01-04,0.386,18181
1979-01-03,0.632,18111
1979-01-02,0.328,17998
1978-12-29,-0.474,17939
1978-12-28,0.143,18024
1978-12-27,-0.861,17999
1978-12-26,1.544,18155
1978-12-22,1.212,17879
1978-12-21,-0.180,17665
1978-12-20,0.026,17696
1978-12-19,0.330,17692
1978-12-18,-2.160,17634
1978-12-15,-0.015,18023
1978-12-14,0.060,18026
1978-12-13,-0.376,18015
1978-12-12,0.010,18083
1978-12-11,0.314,18081
1978-12-08,-0.289,18025
1978-12-07,0.251,18077
1978-12-06,0.726,18032
1978-12-05,1.471,17902
1978-12-04,0.127,17642
1978-12-01,1.411,17620
1978-11-30,0.936,17375
1978-11-29,-1.396,17213
1978-11-28,-1.195,17457
1978-11-27,-0.305,17668
1978-11-24,0.151,17722
1978-11-22,0.656,17696
1978-11-21,-1.009,17580
1978-11-20,0.479,17759
1978-11-17,0.155,17675
1978-11-16,0.087,17647
1978-11-15,-0.151,17632
1978-11-14,-1.236,17659
1978-11-13,-1.045,17880
1978-11-10,-0.031,18068
1978-11-09,0.182,18074
1978-11-08,0.592,18041
1978-11-07,-1.327,17935
1978-11-06,-1.208,18176
1978-11-03,1.034,18399
1978-11-02,-0.069,18210
1978-11-01,2.026,18223
1978-10-31,-0.909,17861
1978-10-30,-0.002,18025
1978-10-27,-0.540,18025
1978-10-26,-0.830,18123
1978-10-25,-0.453,18275
1978-10-24,-0.735,18358
1978-10-23,0.192,18494
1978-10-20,-1.357,18458
1978-10-19,-0.542,18712
1978-10-18,-0.113,18814
1978-10-17,-0.692,18836
1978-10-16,-1.211,18967
1978-10-13,-0.002,19200
1978-10-12,-0.213,19200
1978-10-11,0.804,19241
1978-10-10,0.311,19088
1978-10-09,0.702,19028
1978-10-06,0.972,18896
1978-10-05,0.309,18714
1978-10-04,0.423,18656
1978-10-03,0.163,18578
1978-10-02,0.240,18547
1978-09-29,0.322,18503
1978-09-28,0.829,18444
1978-09-27,-0.627,18292
1978-09-26,0.447,18407
1978-09-25,-0.014,18325
1978-09-22,-0.165,18328
1978-09-21,-0.218,18358
1978-09-20,-0.572,18398
1978-09-19,-0.267,18504
1978-09-18,-0.574,18554
1978-09-15,-0.953,18661
1978-09-14,-0.714,18840
1978-09-13,-0.304,18976
1978-09-12,-0.147,19034
1978-09-11,0.236,19062
1978-09-08,1.092,19017
1978-09-07,0.556,18812
1978-09-06,0.878,18708
1978-09-05,0.535,18545
1978-09-01,0.689,18446
1978-08-31,0.212,18320
1978-08-30,-0.083,18281
1978-08-29,-0.291,18296
1978-08-28,-0.237,18350
1978-08-25,0.146,18393
1978-08-24,0.065,18367
1978-08-23,0.287,18355
1978-08-22,-0.270,18302
1978-08-21,-0.769,18352
1978-08-18,-0.142,18494
1978-08-17,0.549,18520
1978-08-16,0.994,18419
1978-08-15,-0.032,18238
1978-08-14,0.161,18244
1978-08-11,-0.061,18214
1978-08-10,-0.672,18226
1978-08-09,0.354,18349
1978-08-08,0.423,18284
1978-08-07,0.203,18207
1978-08-04,0.037,18170
1978-08-03,0.375,18164
1978-08-02,1.965,18096
1978-08-01,-0.034,17747
1978-07-31,0.722,17753
1978-07-28,0.550,17626
1978-07-27,0.966,17529
1978-07-26,0.405,17362
1978-07-25,0.723,17292
1978-07-24,0.215,17167
1978-07-21,-0.334,17131
1978-07-20,-0.162,17188
1978-07-19,1.332,17216
1978-07-18,-0.630,16990
1978-07-17,0.297,17097
1978-07-14,0.949,17047
1978-07-13,-0.017,16886
1978-07-12,0.585,16889
1978-07-11,0.452,16791
1978-07-10,0.285,16715
1978-07-07,0.846,16668
1978-07-06,0.295,16528
1978-07-05,-0.834,16479
1978-07-03,0.208,16618
1978-06-30,-0.047,16584
1978-06-29,0.297,16591
1978-06-28,0.381,16542
1978-06-27,0.526,16479
1978-06-26,-0.723,16393
1978-06-23,-0.288,16513
1978-06-22,0.333,16560
1978-06-21,-0.429,16506
1978-06-20,-0.796,16577
1978-06-19,-0.034,16710
1978-06-16,-0.464,16715
1978-06-15,-0.260,16793
1978-06-14,-0.131,16837
1978-06-13,0.449,16859
1978-06-12,-0.201,16784
1978-06-09,0.440,16818
1978-06-08,0.088,16744
1978-06-07,-0.475,16729
1978-06-06,0.436,16809
1978-06-05,1.288,16736
1978-06-02,0.377,16524
1978-06-01,0.545,16462
1978-05-31,0.107,16372
1978-05-30,0.267,16355
1978-05-26,0.120,16311
1978-05-25,-0.439,16292
1978-05-24,-0.260,16364
1978-05-23,-0.659,16406
1978-05-22,0.461,16515
1978-05-19,-0.064,16439
1978-05-18,-0.567,16450
1978-05-17,0.405,16544
1978-05-16,0.088,16477
1978-05-15,0.192,16463
1978-05-12,0.884,16431
1978-05-11,0.911,16287
1978-05-10,0.390,16140
1978-05-09,-0.073,16077
1978-05-08,-0.263,16089
1978-05-05,0.672,16132
1978-05-04,0.030,16024
1978-05-03,-0.514,16019
1978-05-02,-0.329,16102
1978-05-01,0.921,16155
1978-04-28,0.543,16008
1978-04-27,-0.614,15921
1978-04-26,0.107,16020
1978-04-25,0.635,16002
1978-04-24,0.958,15901
1978-04-21,-0.219,15751
1978-04-20,0.715,15785
1978-04-19,-0.221,15673
1978-04-18,-0.327,15708
1978-04-17,0.648,15759
1978-04-14,1.541,15658
1978-04-13,0.674,15420
1978-04-12,-0.403,15317
1978-04-11,-0.120,15379
1978-04-10,0.160,15397
1978-04-07,0.241,15373
1978-04-06,-0.146,15336
1978-04-05,0.289,15358
1978-04-04,0.225,15314
1978-04-03,-0.674,15280
1978-03-31,-0.014,15383
1978-03-30,-0.267,15386
1978-03-29,0.248,15427
1978-03-28,0.507,15389
1978-03-27,0.039,15311
1978-03-23,0.175,15305
1978-03-22,0.053,15278
1978-03-21,-0.594,15270
1978-03-20,0.659,15361
1978-03-17,0.711,15261
1978-03-16,0.380,15153
1978-03-15,-0.307,15096
1978-03-14,0.039,15142
1978-03-13,0.107,15136
1978-03-10,0.994,15120
1978-03-09,0.673,14971
1978-03-08,0.212,14871
1978-03-07,0.597,14840
1978-03-06,-0.118,14752
1978-03-03,0.493,14769
1978-03-02,-0.191,14696
1978-03-01,0.509,14725
1978-02-28,-0.496,14650
1978-02-27,-0.077,14723
1978-02-24,0.835,14734
1978-02-23,0.106,14612
1978-02-22,0.021,14597
1978-02-21,-0.217,14594
1978-02-17,-0.076,14626
1978-02-16,-0.883,14637
1978-02-15,-0.093,14767
1978-02-14,-0.358,14781
1978-02-13,-0.085,14834
1978-02-10,-0.136,14847
1978-02-09,-0.140,14867
1978-02-08,0.430,14888
1978-02-07,0.424,14824
1978-02-06,0.221,14762
1978-02-03,-0.017,14729
1978-02-02,0.132,14731
1978-02-01,0.358,14712
1978-01-31,0.099,14660
1978-01-30,0.664,14645
1978-01-27,0.159,14548
1978-01-26,-0.478,14525
1978-01-25,0.180,14595
1978-01-24,-0.036,14569
1978-01-23,-0.693,14574
1978-01-20,0.019,14676
1978-01-19,-0.129,14673
1978-01-18,0.385,14692
1978-01-17,0.584,14636
1978-01-16,-0.116,14551
1978-01-13,0.074,14568
1978-01-12,0.463,14557
1978-01-11,-0.487,14490
1978-01-10,-0.481,14561
1978-01-09,-0.791,14631
1978-01-06,-0.717,14748
1978-01-05,-0.455,14854
1978-01-04,-0.172,14922
1978-01-03,-0.875,14948
1977-12-30,0.023,15080
1977-12-29,0.109,15076
1977-12-28,0.278,15060
1977-12-27,-0.078,15018
1977-12-23,0.960,15030
1977-12-22,0.584,14887
1977-12-21,0.282,14801
1977-12-20,-0.223,14759
1977-12-19,-0.584,14792
1977-12-16,-0.098,14879
1977-12-15,-0.369,14893
1977-12-14,0.313,14949
1977-12-13,0.023,14902
1977-12-12,0.378,14899
1977-12-09,0.628,14842
1977-12-08,0.171,14750
1977-12-07,0.123,14725
1977-12-06,-0.793,14707
1977-12-05,-0.237,14824
1977-12-02,0.291,14859
1977-12-01,0.326,14816
1977-11-30,0.178,14768
1977-11-29,-1.824,14742
1977-11-28,-0.616,15016
1977-11-25,0.244,15109
1977-11-23,0.185,15072
1977-11-22,0.897,15044
1977-11-21,-0.196,14910
1977-11-18,0.395,14940
1977-11-17,-0.414,14881
1977-11-16,-0.330,14943
1977-11-15,0.681,14992
1977-11-14,-0.364,14891
1977-11-11,0.932,14945
1977-11-10,1.405,14807
1977-11-09,0.646,14602
1977-11-08,0.541,14508
1977-11-07,0.438,14430
1977-11-04,0.624,14367
1977-11-03,-0.056,14278
1977-11-02,-0.318,14286
1977-11-01,-0.705,14332
1977-10-31,0.309,14434
1977-10-28,0.134,14389
1977-10-27,-0.411,14370
1977-10-26,0.854,14429
1977-10-25,-0.279,14307
1977-10-24,-0.700,14347
1977-10-21,-0.412,14448
1977-10-20,0.164,14508
1977-10-19,-0.455,14484
1977-10-18,0.381,14550
1977-10-17,-0.298,14495
1977-10-14,0.505,14539
1977-10-13,-0.137,14466
1977-10-12,-0.277,14485
1977-10-11,-0.858,14526
1977-10-10,-0.398,14651
1977-10-07,-0.120,14710
1977-10-06,0.831,14728
1977-10-05,-0.071,14606
1977-10-04,-0.592,14617
1977-10-03,0.315,14704
1977-09-30,0.815,14657
1977-09-29,-0.085,14539
1977-09-28,-0.226,14551
1977-09-27,-0.272,14584
1977-09-26,0.444,14624
1977-09-23,0.310,14559
1977-09-22,0.502,14514
1977-09-21,-0.213,14442
1977-09-20,0.553,14473
1977-09-19,-0.767,14393
1977-09-16,-0.094,14504
1977-09-15,0.495,14518
1977-09-14,1.014,14447
1977-09-13,-0.880,14302
1977-09-12,-0.334,14429
1977-09-09,-0.574,14477
1977-09-08,-0.445,14561
1977-09-07,0.402,14626
1977-09-06,0.498,14567
1977-09-02,0.410,14495
1977-09-01,-0.165,14436
1977-08-31,0.683,14460
1977-08-30,-0.081,14362
1977-08-29,0.600,14373
1977-08-26,-0.137,14288
1977-08-25,-1.049,14307
1977-08-24,-0.185,14459
1977-08-23,-0.046,14486
1977-08-22,0.158,14492
1977-08-19,-0.040,14470
1977-08-18,0.795,14475
1977-08-17,0.027,14361
1977-08-16,-0.562,14357
1977-08-15,0.529,14438
1977-08-12,-0.046,14362
1977-08-11,-0.548,14369
1977-08-10,1.059,14448
1977-08-09,0.502,14297
1977-08-08,-1.262,14225
1977-08-05,-0.177,14407
1977-08-04,0.169,14433
1977-08-03,-0.089,14409
1977-08-02,-0.330,14421
1977-08-01,0.860,14469
1977-07-29,-0.449,14346
1977-07-28,0.752,14410
1977-07-27,-1.611,14303
1977-07-26,-0.764,14537
1977-07-25,-0.525,14649
1977-07-22,0.258,14726
1977-07-21,0.527,14688
1977-07-20,0.082,14611
1977-07-19,0.644,14599
1977-07-18,0.473,14506
1977-07-15,0.153,14438
1977-07-13,0.033,14416
1977-07-12,-0.088,14411
1977-07-11,-0.307,14424
1977-07-08,0.222,14468
1977-07-07,0.409,14436
1977-07-06,-0.008,14377
1977-07-05,-0.356,14378
1977-07-01,-0.756,14430
1977-06-30,0.379,14539
1977-06-29,-0.065,14485
1977-06-28,-0.526,14494
1977-06-27,-0.872,14571
1977-06-24,0.032,14699
1977-06-23,0.879,14694
1977-06-22,0.048,14566
1977-06-21,0.066,14559
1977-06-20,0.786,14549
1977-06-17,-0.399,14436
1977-06-16,0.238,14494
1977-06-15,-0.357,14459
1977-06-14,0.509,14511
1977-06-13,0.616,14437
1977-06-10,0.501,14349
1977-06-09,-0.157,14277
1977-06-08,1.091,14300
1977-06-07,0.449,14146
1977-06-06,-0.238,14082
1977-06-03,0.801,14116
1977-06-02,-0.427,14004
1977-06-01,0.533,14064
1977-05-31,-0.174,13989
1977-05-27,-0.821,14014
1977-05-26,0.499,14130
1977-05-25,-0.490,14059
1977-05-24,-0.362,14129
1977-05-23,-0.976,14180
1977-05-20,-0.304,14320
1977-05-19,-0.428,14363
1977-05-18,1.019,14425
1977-05-17,0.115,14280
1977-05-16,-0.040,14263
1977-05-13,-0.002,14269
1977-05-12,-0.443,14269
1977-05-11,-0.486,14333
1977-05-10,0.534,14403
1977-05-09,0.344,14326
1977-05-06,-1.000,14277
1977-05-05,0.159,14421
1977-05-04,0.773,14399
1977-05-03,0.844,14288
1977-05-02,0.416,14169
1977-04-29,0.362,14110
1977-04-28,0.214,14059
1977-04-27,0.715,14029
1977-04-26,-0.098,13929
1977-04-25,-1.654,13943
1977-04-22,-0.784,14177
1977-04-21,-0.143,14290
1977-04-20,0.367,14310
1977-04-19,-0.322,14258
1977-04-18,-0.294,14304
1977-04-15,-0.012,14346
1977-04-14,0.665,14348
1977-04-13,0.149,14253
1977-04-12,0.791,14232
1977-04-11,0.608,14120
1977-04-07,1.109,14035
1977-04-06,0.488,13881
1977-04-05,-0.498,13814
1977-04-04,-1.072,13883
1977-04-01,0.718,14033
1977-03-31,-0.230,13933
1977-03-30,-1.204,13965
1977-03-29,0.933,14135
1977-03-28,0.323,14005
1977-03-25,-0.256,13960
1977-03-24,-0.202,13996
1977-03-23,-0.100,14024
1977-03-22,0.112,14038
1977-03-21,-0.778,14022
1977-03-18,-0.280,14132
1977-03-17,-0.078,14172
1977-03-16,-0.346,14183
1977-03-15,0.345,14232
1977-03-14,0.461,14183
1977-03-11,0.163,14118
1977-03-10,0.436,14095
1977-03-09,-0.956,14034
1977-03-08,-0.816,14170
1977-03-07,-0.136,14286
1977-03-04,0.502,14306
1977-03-03,0.870,14234
1977-03-02,-0.242,14111
1977-03-01,1.035,14146
1977-02-28,-0.430,14001
1977-02-25,0.275,14061
1977-02-24,-0.556,14023
1977-02-23,-0.252,14101
1977-02-22,0.376,14136
1977-02-18,-0.065,14083
1977-02-17,-0.438,14093
1977-02-16,0.717,14155
1977-02-15,0.324,14054
1977-02-14,0.904,14008
1977-02-11,-0.726,13883
1977-02-10,-0.324,13985
1977-02-09,-0.837,14030
1977-02-08,0.166,14148
1977-02-07,-0.218,14125
1977-02-04,0.395,14156
1977-02-03,-0.185,14100
1977-02-02,-0.255,14126
1977-02-01,1.048,14163
1977-01-31,-0.221,14016
1977-01-28,0.242,14047
1977-01-27,-0.258,14013
1977-01-26,-0.753,14049
1977-01-25,0.603,14156
1977-01-24,-0.551,14071
1977-01-21,0.991,14149
1977-01-20,-0.344,14010
1977-01-19,0.268,14058
1977-01-18,-0.370,14021
1977-01-17,-0.319,14073
1977-01-14,0.168,14118
1977-01-13,0.768,14094
1977-01-12,-0.505,13987
1977-01-11,-0.875,14058
1977-01-10,0.466,14182
1977-01-07,0.304,14116
1977-01-06,-0.087,14073
1977-01-05,-0.912,14085
1977-01-04,-1.169,14215
1977-01-03,0.018,14383
1976-12-31,0.292,14380
1976-12-30,0.168,14339
1976-12-29,-0.283,14315
1976-12-28,1.080,14355
1976-12-27,0.826,14202
1976-12-23,0.110,14086
1976-12-22,0.368,14070
1976-12-21,0.659,14018
1976-12-20,-0.464,13927
1976-12-17,-0.192,13992
1976-12-16,-0.048,14018
1976-12-15,-0.299,14025
1976-12-14,0.270,14067
1976-12-13,0.420,14029
1976-12-10,0.509,13971
1976-12-09,0.600,13900
1976-12-08,1.058,13817
1976-12-07,0.715,13672
1976-12-06,1.819,13575
1976-12-03,0.142,13333
1976-12-02,0.127,13314
1976-12-01,0.042,13297
1976-11-30,0.052,13291
1976-11-29,-0.588,13285
1976-11-26,0.855,13363
1976-11-24,0.064,13250
1976-11-23,-0.383,13241
1976-11-22,0.631,13292
1976-11-19,0.208,13209
1976-11-18,0.936,13181
1976-11-17,0.697,13059
1976-11-16,0.331,12969
1976-11-15,0.502,12926
1976-11-12,-0.258,12861
1976-11-11,0.427,12895
1976-11-10,-0.505,12840
1976-11-09,-0.251,12905
1976-11-08,-1.095,12937
1976-11-05,-0.980,13081
1976-11-04,0.573,13210
1976-11-03,-1.061,13135
1976-11-01,0.225,13276
1976-10-29,0.705,13246
1976-10-28,-0.254,13153
1976-10-27,0.624,13187
1976-10-26,0.506,13105
1976-10-25,-0.264,13039
1976-10-22,-0.553,13074
1976-10-21,-1.156,13146
1976-10-20,0.267,13300
1976-10-19,-0.160,13265
1976-10-18,0.335,13286
1976-10-15,-0.101,13242
1976-10-14,-0.702,13255
1976-10-13,0.655,13349
1976-10-12,-0.437,13262
1976-10-11,-0.821,13320
1976-10-08,-1.268,13430
1976-10-07,0.700,13603
1976-10-06,-0.288,13508
1976-10-05,-0.687,13547
1976-10-04,-0.150,13641
1976-10-01,-0.667,13662
1976-09-30,-0.068,13753
1976-09-29,-1.113,13763
1976-09-28,-0.758,13917
1976-09-27,0.452,14024
1976-09-24,-0.251,13961
1976-09-23,-0.532,13996
1976-09-22,-0.087,14071
1976-09-21,0.885,14083
1976-09-20,0.232,13959
1976-09-17,0.595,13927
1976-09-16,0.257,13845
1976-09-15,0.508,13809
1976-09-14,-0.231,13739
1976-09-13,0.047,13771
1976-09-10,-0.102,13765
1976-09-09,-0.300,13779
1976-09-08,0.039,13820
1976-09-07,0.536,13815
1976-09-03,0.043,13741
1976-09-02,-0.326,13735
1976-09-01,0.958,13780
1976-08-31,0.717,13649
1976-08-30,0.447,13552
1976-08-27,0.236,13492
1976-08-26,-0.347,13460
1976-08-25,0.565,13507
1976-08-24,-0.091,13431
1976-08-23,-0.488,13443
1976-08-20,-1.504,13509
1976-08-19,-1.113,13715
1976-08-18,0.287,13870
1976-08-17,0.110,13830
1976-08-16,0.390,13815
1976-08-13,-0.044,13761
1976-08-12,0.084,13767
1976-08-11,-0.002,13756
1976-08-10,0.727,13756
1976-08-09,-0.151,13657
1976-08-06,-0.339,13677
1976-08-05,-0.566,13724
1976-08-04,0.174,13802
1976-08-03,0.654,13778
1976-08-02,0.068,13688
1976-07-30,0.348,13679
1976-07-29,-0.485,13632
1976-07-28,-0.031,13698
1976-07-27,-0.453,13702
1976-07-26,-0.456,13765
1976-07-23,0.217,13828
1976-07-22,-0.239,13798
1976-07-21,0.237,13831
1976-07-20,-0.897,13798
1976-07-19,-0.474,13923
1976-07-16,-0.066,13989
1976-07-15,-0.055,13998
1976-07-14,0.530,14006
1976-07-13,0.235,13932
1976-07-12,0.459,13900
1976-07-09,0.932,13836
1976-07-08,-0.185,13708
1976-07-07,0.436,13734
1976-07-06,-0.383,13674
1976-07-02,0.337,13727
1976-07-01,-0.945,13680
1976-06-30,0.289,13811
1976-06-29,0.388,13771
1976-06-28,-0.056,13718
1976-06-25,0.366,13726
1976-06-24,0.201,13676
1976-06-23,-0.584,13648
1976-06-22,-0.436,13728
1976-06-21,0.210,13789
1976-06-18,0.608,13760
1976-06-17,0.930,13676
1976-06-16,0.986,13550
1976-06-15,-0.177,13418
1976-06-14,0.795,13442
1976-06-11,1.017,13336
1976-06-10,0.741,13202
1976-06-09,-0.286,13104
1976-06-08,0.442,13142
1976-06-07,-0.645,13084
1976-06-04,-0.994,13169
1976-06-03,-0.083,13301
1976-06-02,0.208,13312
1976-06-01,-0.849,13285
1976-05-28,0.710,13399
1976-05-27,0.199,13304
1976-05-26,-0.670,13278
1976-05-25,-0.187,13367
1976-05-24,-1.320,13392
1976-05-21,0.109,13571
1976-05-20,0.797,13557
1976-05-19,-0.256,13449
1976-05-18,-0.124,13484
1976-05-17,-0.755,13501
1976-05-14,-0.720,13603
1976-05-13,-0.316,13702
1976-05-12,0.157,13745
1976-05-11,-0.292,13724
1976-05-10,1.039,13764
1976-05-07,0.550,13623
1976-05-06,-0.110,13548
1976-05-05,-0.688,13563
1976-05-04,0.818,13657
1976-05-03,-0.525,13546
1976-04-30,-0.108,13618
1976-04-29,-0.345,13632
1976-04-28,0.382,13680
1976-04-27,-0.513,13627
1976-04-26,-0.331,13698
1976-04-23,-0.027,13743
1976-04-22,-0.431,13747
1976-04-21,0.169,13806
1976-04-20,1.660,13783
1976-04-19,0.577,13558
1976-04-15,0.177,13480
1976-04-14,-0.939,13456
1976-04-13,0.433,13584
1976-04-12,-0.470,13526
1976-04-09,-0.500,13589
1976-04-08,-0.910,13658
1976-04-07,-0.694,13783
1976-04-06,-0.100,13879
1976-04-05,1.205,13893
1976-04-02,0.033,13728
1976-04-01,0.099,13723
1976-03-31,1.091,13710
1976-03-30,-0.869,13562
1976-03-29,-0.357,13681
1976-03-26,-0.315,13730
1976-03-25,-0.740,13773
1976-03-24,0.627,13876
1976-03-23,1.120,13789
1976-03-22,0.401,13636
1976-03-19,0.195,13582
1976-03-18,-0.090,13556
1976-03-17,-0.480,13568
1976-03-16,0.880,13633
1976-03-15,-0.975,13514
1976-03-12,-0.465,13647
1976-03-11,0.912,13711
1976-03-10,0.094,13587
1976-03-09,0.050,13574
1976-03-08,0.923,13568
1976-03-05,0.000,13443
1976-03-04,-0.884,13443
1976-03-03,-0.818,13563
1976-03-02,0.534,13675
1976-03-01,-0.102,13603
1976-02-27,-0.278,13616
1976-02-26,-1.314,13654
1976-02-25,0.110,13836
1976-02-24,0.851,13821
1976-02-23,-0.641,13704
1976-02-20,0.203,13793
1976-02-19,1.521,13765
1976-02-18,0.787,13559
1976-02-17,-0.108,13453
1976-02-13,0.040,13467
1976-02-12,-0.263,13462
1976-02-11,0.312,13498
1976-02-10,0.642,13456
1976-02-09,0.309,13370
1976-02-06,-0.493,13329
1976-02-05,-1.256,13395
1976-02-04,0.313,13565
1976-02-03,0.216,13523
1976-02-02,-0.622,13494
1976-01-30,0.458,13578
1976-01-29,0.978,13516
1976-01-28,-0.426,13385
1976-01-27,-0.901,13443
1976-01-26,0.078,13565
1976-01-23,1.832,13554
1976-01-22,-0.044,13310
1976-01-21,-0.775,13316
1976-01-20,0.601,13420
1976-01-19,0.921,13340
1976-01-16,0.146,13218
1976-01-15,-0.896,13199
1976-01-14,1.400,13318
1976-01-13,-0.658,13134
1976-01-12,1.580,13221
1976-01-09,0.610,13016
1976-01-08,0.220,12937
1976-01-07,0.511,12908
1976-01-06,1.552,12843
1976-01-05,1.591,12646
1976-01-02,0.361,12448
1975-12-31,0.756,12404
1975-12-30,-0.070,12310
1975-12-29,-0.643,12319
1975-12-26,0.490,12399
1975-12-24,0.647,12338
1975-12-23,0.835,12259
1975-12-22,-0.750,12158
1975-12-19,-0.622,12250
1975-12-18,0.693,12326
1975-12-17,0.991,12241
1975-12-16,0.478,12121
1975-12-15,0.983,12064
1975-12-12,0.702,11946
1975-12-11,-0.216,11863
1975-12-10,1.273,11889
1975-12-09,0.783,11739
1975-12-08,-0.394,11648
1975-12-05,-2.209,11694
1975-12-04,0.180,11958
1975-12-03,-2.443,11937
1975-12-02,-1.003,12236
1975-12-01,-0.263,12360
1975-11-28,-0.176,12392
1975-11-26,0.253,12414
1975-11-25,2.109,12383
1975-11-24,0.338,12127
1975-11-21,-0.475,12086
1975-11-20,0.037,12144
1975-11-19,-1.773,12139
1975-11-18,-0.535,12358
1975-11-17,-0.709,12425
1975-11-14,0.635,12514
1975-11-13,-0.707,12435
1975-11-12,1.057,12523
1975-11-11,0.755,12392
1975-11-10,0.946,12299
1975-11-07,0.230,12184
1975-11-06,0.442,12156
1975-11-05,0.991,12103
1975-11-04,-0.048,11984
1975-11-03,-0.498,11990
1975-10-31,0.426,12050
1975-10-30,-0.135,11999
1975-10-29,-0.367,12015
1975-10-28,1.729,12059
1975-10-27,-0.900,11854
1975-10-24,-1.576,11962
1975-10-23,0.493,12153
1975-10-22,0.019,12094
1975-10-21,0.978,12091
1975-10-20,1.072,11974
1975-10-17,-0.031,11847
1975-10-16,-0.381,11851
1975-10-15,-0.928,11896
1975-10-14,-0.599,12008
1975-10-13,2.264,12080
1975-10-10,-0.005,11813
1975-10-09,0.246,11813
1975-10-08,1.229,11784
1975-10-07,0.313,11641
1975-10-06,0.469,11605
1975-10-03,2.105,11551
1975-10-02,1.226,11313
1975-10-01,-1.323,11175
1975-09-30,-2.023,11325
1975-09-29,-1.329,11559
1975-09-26,0.754,11715
1975-09-25,-0.175,11627
1975-09-24,0.333,11648
1975-09-23,-0.311,11609
1975-09-22,-1.056,11645
1975-09-19,1.475,11769
1975-09-18,2.009,11598
1975-09-17,0.034,11370
1975-09-16,-0.076,11366
1975-09-15,0.237,11375
1975-09-12,1.062,11348
1975-09-11,-0.902,11229
1975-09-10,-0.204,11331
1975-09-09,-1.641,11354
1975-09-08,-0.109,11543
1975-09-05,0.149,11556
1975-09-04,-0.540,11539
1975-09-03,-0.384,11601
1975-09-02,-1.552,11646
1975-08-29,0.344,11830
1975-08-28,2.077,11789
1975-08-27,1.046,11549
1975-08-26,-0.793,11430
1975-08-25,1.318,11521
1975-08-22,1.564,11371
1975-08-21,-0.567,11196
1975-08-20,-1.908,11260
1975-08-19,-1.641,11479
1975-08-18,-0.066,11670
1975-08-15,0.701,11678
1975-08-14,-1.958,11597
1975-08-13,-1.188,11828
1975-08-12,0.790,11971
1975-08-11,1.112,11877
1975-08-08,-0.826,11746
1975-08-07,0.426,11844
1975-08-06,-0.139,11794
1975-08-05,-0.424,11810
1975-08-04,-0.498,11861
1975-08-01,-0.797,11920
1975-07-31,-1.390,12016
1975-07-30,1.212,12185
1975-07-29,-0.597,12039
1975-07-28,-0.253,12112
1975-07-25,-0.028,12142
1975-07-24,-1.010,12146
1975-07-23,-1.403,12270
1975-07-22,-1.084,12444
1975-07-21,-1.228,12580
1975-07-18,0.300,12737
1975-07-17,-1.488,12699
1975-07-16,-0.758,12890
1975-07-15,1.220,12989
1975-07-14,0.565,12832
1975-07-11,0.457,12760
1975-07-10,-0.098,12702
1975-07-09,2.432,12715
1975-07-08,0.153,12413
1975-07-07,-1.464,12394
1975-07-03,0.934,12578
1975-07-02,-0.962,12462
1975-07-01,-0.569,12583
1975-06-30,0.140,12655
1975-06-27,-0.315,12637
1975-06-26,0.382,12677
1975-06-25,0.689,12628
1975-06-24,1.599,12542
1975-06-23,0.751,12345
1975-06-20,-0.096,12253
1975-06-19,1.389,12264
1975-06-18,-0.272,12096
1975-06-17,-0.595,12129
1975-06-16,0.744,12202
1975-06-13,1.693,12112
1975-06-12,-1.403,11910
1975-06-11,-0.241,12080
1975-06-10,-0.273,12109
1975-06-09,-2.773,12142
1975-06-06,0.213,12488
1975-06-05,-0.291,12462
1975-06-04,-0.938,12498
1975-06-03,0.334,12616
1975-06-02,0.771,12574
1975-05-30,1.132,12478
1975-05-29,0.553,12338
1975-05-28,-0.197,12271
1975-05-27,-1.352,12295
1975-05-23,0.665,12463
1975-05-22,0.760,12381
1975-05-21,-0.784,12288
1975-05-20,1.177,12385
1975-05-19,0.443,12241
1975-05-16,-1.401,12187
1975-05-15,-1.927,12360
1975-05-14,0.543,12603
1975-05-13,0.273,12535
1975-05-12,0.125,12500
1975-05-09,1.805,12485
1975-05-08,0.469,12263
1975-05-07,1.091,12206
1975-05-06,-1.706,12074
1975-05-05,0.588,12284
1975-05-02,1.123,12212
1975-05-01,-0.319,12077
1975-04-30,1.654,12115
1975-04-29,-1.417,11918
1975-04-28,-0.721,12090
1975-04-25,0.873,12177
1975-04-24,1.489,12072
1975-04-23,-0.727,11895
1975-04-22,1.242,11982
1975-04-21,0.457,11835
1975-04-18,-0.832,11781
1975-04-17,1.706,11880
1975-04-16,-0.087,11681
1975-04-15,0.924,11691
1975-04-14,1.506,11584
1975-04-11,0.391,11412
1975-04-10,0.611,11367
1975-04-09,2.147,11298
1975-04-08,0.411,11061
1975-04-07,-1.356,11016
1975-04-04,-1.407,11167
1975-04-03,-0.765,11327
1975-04-02,-0.481,11414
1975-04-01,-1.250,11469
1975-03-31,-0.974,11614
1975-03-27,-0.254,11728
1975-03-26,1.608,11758
1975-03-25,0.059,11572
1975-03-24,-3.484,11565
1975-03-21,-0.622,11983
1975-03-20,-1.695,12058
1975-03-19,-0.639,12266
1975-03-18,-0.521,12345
1975-03-17,1.082,12409
1975-03-14,1.112,12277
1975-03-13,-0.057,12142
1975-03-12,0.124,12148
1975-03-11,0.044,12133
1975-03-10,0.729,12128
1975-03-07,1.525,12040
1975-03-06,1.421,11859
1975-03-05,0.187,11693
1975-03-04,0.514,11671
1975-03-03,1.153,11612
1975-02-28,0.800,11479
1975-02-27,1.209,11388
1975-02-26,0.692,11252
1975-02-25,-2.236,11175
1975-02-24,-1.855,11430
1975-02-21,0.774,11647
1975-02-20,1.579,11557
1975-02-19,1.957,11377
1975-02-18,0.197,11159
1975-02-14,1.219,11137
1975-02-13,1.058,11003
1975-02-12,1.685,10888
1975-02-11,1.131,10707
1975-02-10,-0.905,10588
1975-02-07,-0.659,10684
1975-02-06,-0.499,10755
1975-02-05,1.629,10809
1975-02-04,0.304,10636
1975-02-03,0.481,10604
1975-01-31,1.249,10553
1975-01-30,-1.265,10423
1975-01-29,0.408,10557
1975-01-28,0.373,10514
1975-01-27,2.812,10475
1975-01-24,0.804,10188
1975-01-23,0.458,10107
1975-01-22,1.269,10061
1975-01-21,-0.387,9935
1975-01-20,-0.440,9973
1975-01-17,0.823,10017
1975-01-16,0.171,9936
1975-01-15,0.212,9919
1975-01-14,-1.273,9898
1975-01-13,0.349,10025
1975-01-10,2.814,9990
1975-01-09,2.164,9717
1975-01-08,0.018,9511
1975-01-07,-0.406,9509
1975-01-06,0.661,9548
1975-01-03,1.425,9485
1975-01-02,2.184,9352
1974-12-31,1.519,9152
1974-12-30,-0.069,9015
1974-12-27,-0.168,9022
1974-12-26,0.755,9037
1974-12-24,0.429,8969
1974-12-23,-0.795,8931
1974-12-20,-1.096,9002
1974-12-19,0.068,9102
1974-12-18,0.468,9096
1974-12-17,1.534,9053
1974-12-16,-0.448,8917
1974-12-13,-0.574,8957
1974-12-12,0.492,9008
1974-12-11,1.197,8964
1974-12-10,1.446,8858
1974-12-09,-0.175,8732
1974-12-06,-1.127,8747
1974-12-05,-1.533,8847
1974-12-04,-0.289,8985
1974-12-03,-1.171,9011
1974-12-02,-2.339,9117
1974-11-29,-0.378,9336
1974-11-27,0.415,9371
1974-11-26,0.872,9333
1974-11-25,-0.167,9252
1974-11-22,1.406,9267
1974-11-21,0.765,9139
1974-11-20,0.444,9069
1974-11-19,-1.333,9029
1974-11-18,-2.474,9151
1974-11-15,-0.820,9383
1974-11-14,-0.061,9461
1974-11-13,-0.017,9467
1974-11-12,-2.043,9468
1974-11-11,0.169,9666
1974-11-08,0.454,9650
1974-11-07,0.354,9606
1974-11-06,0.232,9572
1974-11-05,1.979,9550
1974-11-04,-0.951,9365
1974-11-01,0.468,9455
1974-10-31,-1.269,9410
1974-10-30,0.938,9531
1974-10-29,1.926,9443
1974-10-28,-0.669,9264
1974-10-25,0.365,9327
1974-10-24,-0.057,9293
1974-10-23,-1.961,9298
1974-10-22,-0.068,9484
1974-10-21,1.434,9491
1974-10-18,1.582,9356
1974-10-17,0.177,9211
1974-10-16,-1.398,9194
1974-10-15,-1.104,9325
1974-10-14,1.764,9429
1974-10-11,1.485,9265
1974-10-10,2.217,9130
1974-10-09,2.999,8932
1974-10-08,-0.871,8672
1974-10-07,1.925,8748
1974-10-04,0.192,8583
1974-10-03,-1.637,8566
1974-10-02,1.177,8709
1974-10-01,-0.401,8608
1974-09-30,-1.448,8642
1974-09-27,-2.233,8769
1974-09-26,-1.655,8970
1974-09-25,-0.174,9121
1974-09-24,-1.822,9136
1974-09-23,-0.633,9306
1974-09-20,0.196,9365
1974-09-19,3.042,9347
1974-09-18,0.102,9071
1974-09-17,1.608,9062
1974-09-16,1.473,8918
1974-09-13,-1.615,8789
1974-09-12,-2.400,8933
1974-09-11,-0.227,9153
1974-09-10,-1.371,9174
1974-09-09,-0.887,9301
1974-09-06,0.296,9384
1974-09-05,1.567,9357
1974-09-04,-1.180,9212
1974-09-03,-1.512,9322
1974-08-30,2.072,9465
1974-08-29,-0.882,9273
1974-08-28,-0.262,9356
1974-08-27,-2.516,9380
1974-08-26,0.213,9622
1974-08-23,-1.901,9602
1974-08-22,-1.383,9788
1974-08-21,-1.664,9925
1974-08-20,0.080,10093
1974-08-19,-1.236,10085
1974-08-16,-0.206,10211
1974-08-15,-0.834,10233
1974-08-14,-1.503,10319
1974-08-13,-1.000,10476
1974-08-12,-0.934,10582
1974-08-09,0.061,10682
1974-08-08,-0.950,10675
1974-08-07,2.505,10778
1974-08-06,1.653,10514
1974-08-05,0.344,10343
1974-08-02,-1.052,10308
1974-08-01,-0.398,10417
1974-07-31,-1.042,10459
1974-07-30,-0.569,10569
1974-07-29,-0.136,10630
1974-07-26,-0.938,10644
1974-07-25,-1.062,10745
1974-07-24,1.054,10860
1974-07-23,0.028,10747
1974-07-22,-0.333,10744
1974-07-19,-0.423,10780
1974-07-18,-0.688,10826
1974-07-17,0.873,10901
1974-07-16,-0.265,10806
1974-07-15,0.198,10835
1974-07-12,3.253,10814
1974-07-11,0.103,10473
1974-07-10,-0.135,10462
1974-07-09,0.434,10476
1974-07-08,-2.462,10431
1974-07-05,-0.692,10694
1974-07-03,-1.030,10769
1974-07-02,-1.593,10881
1974-07-01,0.050,11057
1974-06-28,-1.155,11051
1974-06-27,-0.925,11181
1974-06-26,-1.712,11285
1974-06-25,0.638,11481
1974-06-24,0.346,11409
1974-06-21,-1.664,11369
1974-06-20,-1.202,11562
1974-06-19,-0.649,11702
1974-06-18,-0.552,11779
1974-06-17,-0.797,11844
1974-06-14,-0.156,11940
1974-06-13,0.705,11958
1974-06-12,-0.123,11874
1974-06-11,-1.175,11889
1974-06-10,1.008,12030
1974-06-07,-0.480,11910
1974-06-06,1.229,11968
1974-06-05,0.641,11823
1974-06-04,0.915,11747
1974-06-03,1.658,11641
1974-05-31,0.192,11451
1974-05-30,0.785,11429
1974-05-29,-1.960,11340
1974-05-28,-1.029,11567
1974-05-24,1.419,11687
1974-05-23,0.115,11523
1974-05-22,-0.146,11510
1974-05-21,0.246,11527
1974-05-20,-0.410,11499
1974-05-17,-0.514,11546
1974-05-16,-0.344,11606
1974-05-15,-1.111,11646
1974-05-14,0.127,11777
1974-05-13,-0.946,11762
1974-05-10,-0.574,11874
1974-05-09,0.460,11942
1974-05-08,-0.706,11888
1974-05-07,-1.195,11972
1974-05-06,-0.046,12117
1974-05-03,-0.603,12123
1974-05-02,0.309,12196
1974-05-01,1.445,12159
1974-04-30,0.425,11985
1974-04-29,-0.524,11935
1974-04-26,1.577,11998
1974-04-25,-0.973,11811
1974-04-24,-1.230,11927
1974-04-23,-1.579,12076
1974-04-22,-0.843,12270
1974-04-19,-0.903,12374
1974-04-18,0.371,12487
1974-04-17,1.324,12441
1974-04-16,1.900,12278
1974-04-15,0.496,12049
1974-04-11,0.138,11990
1974-04-10,-0.469,11973
1974-04-09,0.421,12030
1974-04-08,-0.520,11979
1974-04-05,-0.957,12042
1974-04-04,0.464,12158
1974-04-03,0.491,12102
1974-04-02,-0.536,12043
1974-04-01,-0.925,12108
1974-03-29,-0.657,12221
1974-03-28,-1.678,12302
1974-03-27,-1.015,12511
1974-03-26,-0.508,12640
1974-03-25,1.009,12704
1974-03-22,0.070,12577
1974-03-21,-0.265,12569
1974-03-20,0.637,12602
1974-03-19,-0.468,12522
1974-03-18,-1.277,12581
1974-03-15,-0.139,12744
1974-03-14,0.080,12762
1974-03-13,-0.742,12751
1974-03-12,0.641,12847
1974-03-11,1.001,12765
1974-03-08,1.273,12638
1974-03-07,-0.651,12479
1974-03-06,1.038,12561
1974-03-05,1.172,12432
1974-03-04,-0.534,12288
1974-03-01,-1.350,12354
1974-02-28,0.627,12523
1974-02-27,0.468,12445
1974-02-26,0.374,12387
1974-02-25,-0.100,12341
1974-02-22,0.540,12353
1974-02-21,0.577,12287
1974-02-20,1.345,12217
1974-02-19,1.200,12054
1974-02-15,1.186,11911
1974-02-14,0.041,11772
1974-02-13,0.469,11767
1974-02-12,-0.802,11712
1974-02-11,-0.884,11807
1974-02-08,0.299,11912
1974-02-07,0.429,11876
1974-02-06,0.120,11826
1974-02-05,-0.586,11812
1974-02-04,-1.747,11881
1974-02-01,-1.694,12092
1974-01-31,-0.013,12301
1974-01-30,0.713,12302
1974-01-29,0.561,12215
1974-01-28,-0.182,12147
1974-01-25,0.346,12169
1974-01-24,-0.547,12128
1974-01-23,0.544,12194
1974-01-22,0.719,12128
1974-01-21,-1.478,12042
1974-01-18,-0.828,12222
1974-01-17,1.833,12324
1974-01-16,1.675,12102
1974-01-15,1.022,11903
1974-01-14,-1.145,11783
1974-01-11,1.650,11919
1974-01-10,-0.048,11726
1974-01-09,-1.224,11731
1974-01-08,-1.224,11877
1974-01-07,-1.273,12024
1974-01-04,-0.699,12179
1974-01-03,1.984,12265
1974-01-02,-0.083,12026
1973-12-31,0.908,12036
1973-12-28,0.309,11928
1973-12-27,1.316,11891
1973-12-26,1.348,11737
1973-12-24,-0.924,11580
1973-12-21,-1.608,11688
1973-12-20,-0.248,11880
1973-12-19,0.742,11909
1973-12-18,0.872,11821
1973-12-17,0.403,11719
1973-12-14,0.962,11672
1973-12-13,-1.048,11561
1973-12-12,-2.842,11683
1973-12-11,-1.027,12025
1973-12-10,0.405,12150
1973-12-07,1.891,12101
1973-12-06,1.928,11876
1973-12-05,-1.728,11652
1973-12-04,-0.867,11856
1973-12-03,-1.761,11960
1973-11-30,-1.045,12174
1973-11-29,-0.511,12303
1973-11-28,1.204,12366
1973-11-27,-0.725,12219
1973-11-26,-2.732,12308
1973-11-23,-1.487,12654
1973-11-21,0.841,12845
1973-11-20,-1.931,12738
1973-11-19,-3.374,12989
1973-11-16,1.005,13442
1973-11-15,-0.332,13308
1973-11-14,-1.667,13353
1973-11-13,0.248,13579
1973-11-12,-0.293,13546
1973-11-09,-1.693,13585
1973-11-08,0.621,13819
1973-11-07,0.815,13734
1973-11-06,0.184,13623
1973-11-05,-1.878,13598
1973-11-02,-1.069,13858
1973-11-01,-0.984,14008
1973-10-31,-0.345,14147
1973-10-30,-1.668,14196
1973-10-29,-1.091,14437
1973-10-26,0.993,14596
1973-10-25,0.384,14453
1973-10-24,0.071,14398
1973-10-23,0.532,14387
1973-10-22,-0.315,14311
1973-10-19,0.078,14356
1973-10-18,0.244,14345
1973-10-17,-0.326,14310
1973-10-16,-0.265,14357
1973-10-15,-1.307,14395
1973-10-12,0.688,14586
1973-10-11,1.836,14486
1973-10-10,-0.851,14225
1973-10-09,0.279,14347
1973-10-08,0.251,14307
1973-10-05,1.052,14271
1973-10-04,0.003,14123
1973-10-03,0.164,14122
1973-10-02,0.700,14099
1973-10-01,-0.498,14001
1973-09-28,-0.353,14071
1973-09-27,0.031,14121
1973-09-26,0.838,14117
1973-09-25,0.764,13999
1973-09-24,-0.412,13893
1973-09-21,0.207,13951
1973-09-20,0.674,13922
1973-09-19,1.232,13829
1973-09-18,0.154,13660
1973-09-17,-0.113,13639
1973-09-14,1.407,13655
1973-09-13,0.084,13465
1973-09-12,-0.405,13454
1973-09-11,-1.154,13509
1973-09-10,-0.613,13666
1973-09-07,0.111,13751
1973-09-06,0.794,13735
1973-09-05,0.911,13627
1973-09-04,-0.195,13504
1973-08-31,0.294,13531
1973-08-30,0.056,13491
1973-08-29,0.677,13483
1973-08-28,0.553,13393
1973-08-27,0.957,13319
1973-08-24,0.397,13193
1973-08-23,1.154,13141
1973-08-22,-0.604,12991
1973-08-21,-0.802,13070
1973-08-20,-0.877,13175
1973-08-17,-0.050,13292
1973-08-16,-0.521,13298
1973-08-15,0.404,13368
1973-08-14,-0.726,13314
1973-08-13,-2.003,13412
1973-08-10,-1.202,13686
1973-08-09,0.638,13852
1973-08-08,-1.112,13764
1973-08-07,0.030,13919
1973-08-06,0.263,13915
1973-08-03,-0.674,13878
1973-08-02,-0.196,13973
1973-08-01,-0.708,14000
1973-07-31,-1.002,14100
1973-07-30,0.451,14243
1973-07-27,-0.401,14179
1973-07-26,0.364,14236
1973-07-25,1.001,14184
1973-07-24,0.314,14044
1973-07-23,-0.275,14000
1973-07-20,0.576,14038
1973-07-19,0.819,13958
1973-07-18,0.497,13844
1973-07-17,0.254,13776
1973-07-16,1.125,13741
1973-07-13,-0.478,13588
1973-07-12,-0.599,13653
1973-07-11,1.326,13736
1973-07-10,0.433,13556
1973-07-09,1.339,13497
1973-07-06,-0.064,13319
1973-07-05,0.065,13328
1973-07-03,-1.395,13319
1973-07-02,-0.910,13507
1973-06-29,-0.091,13632
1973-06-28,1.083,13644
1973-06-27,0.638,13498
1973-06-26,0.799,13412
1973-06-25,-1.424,13306
1973-06-22,-0.067,13498
1973-06-21,-0.903,13507
1973-06-20,0.730,13630
1973-06-19,0.991,13531
1973-06-18,-1.181,13399
1973-06-15,-1.298,13559
1973-06-14,-1.012,13737
1973-06-13,-0.903,13877
1973-06-12,1.319,14004
1973-06-11,-0.346,13822
1973-06-08,1.054,13870
1973-06-07,1.200,13725
1973-06-06,-0.617,13562
1973-06-05,1.194,13646
1973-06-04,-0.568,13485
1973-06-01,-0.588,13562
1973-05-31,-0.592,13642
1973-05-30,-1.396,13724
1973-05-29,-0.308,13918
1973-05-25,0.533,13961
1973-05-24,2.231,13887
1973-05-23,0.639,13584
1973-05-22,0.951,13498
1973-05-21,-1.047,13370
1973-05-18,-0.560,13512
1973-05-17,-1.226,13588
1973-05-16,0.026,13757
1973-05-15,0.659,13753
1973-05-14,-2.090,13663
1973-05-11,-0.894,13955
1973-05-10,-0.783,14081
1973-05-09,-0.928,14192
1973-05-08,0.694,14325
1973-05-07,-0.190,14226
1973-05-04,0.786,14253
1973-05-03,1.828,14142
1973-05-02,1.069,13888
1973-05-01,-0.104,13741
1973-04-30,-0.499,13755
1973-04-27,-1.320,13824
1973-04-26,1.028,14009
1973-04-25,-2.249,13867
1973-04-24,-1.334,14186
1973-04-23,-0.216,14377
1973-04-19,0.203,14409
1973-04-18,0.480,14379
1973-04-17,-0.393,14311
1973-04-16,-0.813,14367
1973-04-13,-0.614,14485
1973-04-12,0.283,14574
1973-04-11,0.226,14533
1973-04-10,1.399,14500
1973-04-09,0.904,14300
1973-04-06,0.256,14172
1973-04-05,-0.708,14136
1973-04-04,-0.634,14237
1973-04-03,-1.015,14328
1973-04-02,-0.871,14474
1973-03-30,-1.030,14602
1973-03-29,0.807,14754
1973-03-28,0.640,14636
1973-03-27,1.644,14543
1973-03-26,0.408,14307
1973-03-23,0.493,14249
1973-03-22,-0.688,14179
1973-03-21,-1.186,14278
1973-03-20,-0.691,14449
1973-03-19,-0.938,14550
1973-03-16,-0.224,14687
1973-03-15,-0.951,14720
1973-03-14,0.722,14862
1973-03-13,0.412,14755
1973-03-12,0.141,14695
1973-03-09,-0.016,14674
1973-03-08,-0.320,14676
1973-03-07,0.672,14723
1973-03-06,0.668,14625
1973-03-05,-0.149,14528
1973-03-02,0.719,14550
1973-03-01,-0.731,14446
1973-02-28,0.494,14552
1973-02-27,-1.022,14481
1973-02-26,-0.476,14630
1973-02-23,-0.371,14700
1973-02-22,0.213,14755
1973-02-21,-0.367,14724
1973-02-20,0.328,14778
1973-02-16,0.702,14730
1973-02-15,-0.959,14627
1973-02-14,-1.079,14769
1973-02-13,0.939,14930
1973-02-12,1.568,14791
1973-02-09,1.401,14563
1973-02-08,-0.115,14361
1973-02-07,-0.406,14378
1973-02-06,0.931,14437
1973-02-05,0.448,14304
1973-02-02,-0.380,14240
1973-02-01,-0.884,14294
1973-01-31,0.152,14422
1973-01-30,0.104,14400
1973-01-29,-0.856,14385
1973-01-26,-0.440,14509
1973-01-24,-1.108,14573
1973-01-23,0.408,14736
1973-01-22,-0.403,14676
1973-01-19,0.157,14736
1973-01-18,0.456,14713
1973-01-17,0.587,14646
1973-01-16,-0.175,14560
1973-01-15,-0.612,14586
1973-01-12,-0.540,14676
1973-01-11,1.228,14755
1973-01-10,-0.313,14576
1973-01-09,-0.529,14622
1973-01-08,-0.117,14700
1973-01-05,0.719,14717
1973-01-04,0.026,14612
1973-01-03,0.264,14608
1973-01-02,0.901,14570
1972-12-29,1.025,14440
1972-12-27,0.384,14293
1972-12-26,0.163,14238
1972-12-22,0.708,14215
1972-12-21,-0.728,14115
1972-12-20,-0.176,14219
1972-12-19,-0.722,14244
1972-12-18,-1.047,14348
1972-12-15,0.419,14499
1972-12-14,-0.350,14439
1972-12-13,-0.126,14490
1972-12-12,-0.122,14508
1972-12-11,0.344,14526
1972-12-08,-0.032,14476
1972-12-07,0.437,14481
1972-12-06,1.182,14418
1972-12-05,-0.688,14249
1972-12-04,0.431,14348
1972-12-01,0.415,14286
1972-11-30,-0.318,14227
1972-11-29,0.554,14273
1972-11-28,-0.702,14194
1972-11-27,-0.276,14295
1972-11-24,0.249,14334
1972-11-22,0.585,14299
1972-11-21,-0.122,14215
1972-11-20,0.306,14233
1972-11-17,0.176,14189
1972-11-16,0.931,14165
1972-11-15,-0.530,14034
1972-11-14,1.097,14109
1972-11-13,0.107,13956
1972-11-10,0.897,13941
1972-11-09,0.181,13817
1972-11-08,-0.873,13792
1972-11-06,0.146,13913
1972-11-03,1.025,13893
1972-11-02,1.140,13752
1972-11-01,1.467,13597
1972-10-31,0.252,13400
1972-10-30,0.574,13367
1972-10-27,-0.278,13290
1972-10-26,0.766,13328
1972-10-25,-0.140,13226
1972-10-24,0.465,13245
1972-10-23,1.247,13183
1972-10-20,0.895,13021
1972-10-19,-0.580,12906
1972-10-18,0.794,12981
1972-10-17,0.939,12879
1972-10-16,-0.860,12759
1972-10-13,-0.130,12869
1972-10-12,-1.065,12886
1972-10-11,-0.055,13025
1972-10-10,-0.319,13032
1972-10-09,0.457,13074
1972-10-06,0.199,13014
1972-10-05,-0.726,12988
1972-10-04,-0.192,13083
1972-10-03,-0.421,13109
1972-10-02,-1.227,13164
1972-09-29,0.652,13328
1972-09-28,0.215,13241
1972-09-27,1.482,13213
1972-09-26,0.357,13020
1972-09-25,-0.462,12974
1972-09-22,0.264,13034
1972-09-21,0.344,12999
1972-09-20,-0.148,12955
1972-09-19,-0.638,12974
1972-09-18,-0.357,13057
1972-09-15,0.086,13104
1972-09-14,-0.768,13093
1972-09-13,0.138,13194
1972-09-12,-0.311,13176
1972-09-11,-1.072,13217
1972-09-08,-0.673,13360
1972-09-07,-0.828,13451
1972-09-06,-1.121,13563
1972-09-05,-0.255,13717
1972-09-01,0.873,13752
1972-08-31,-0.115,13633
1972-08-30,0.112,13649
1972-08-29,0.420,13634
1972-08-28,-0.152,13577
1972-08-25,0.064,13597
1972-08-24,-1.495,13589
1972-08-23,0.015,13795
1972-08-22,0.411,13793
1972-08-21,-0.132,13736
1972-08-18,0.425,13754
1972-08-17,-0.629,13696
1972-08-16,0.069,13783
1972-08-15,-0.812,13773
1972-08-14,0.294,13886
1972-08-11,1.010,13845
1972-08-10,0.703,13707
1972-08-09,-0.419,13611
1972-08-08,0.328,13669
1972-08-07,-0.644,13624
1972-08-04,0.135,13712
1972-08-03,0.614,13694
1972-08-02,1.334,13610
1972-08-01,1.202,13431
1972-07-31,-0.205,13271
1972-07-28,-0.192,13299
1972-07-27,0.078,13324
1972-07-26,1.004,13314
1972-07-25,-0.640,13182
1972-07-24,0.867,13266
1972-07-21,0.801,13152
1972-07-20,-0.460,13048
1972-07-19,0.500,13108
1972-07-18,-0.464,13043
1972-07-17,-0.630,13104
1972-07-14,0.700,13187
1972-07-13,-0.738,13095
1972-07-12,-0.446,13193
1972-07-11,-0.109,13252
1972-07-10,-0.220,13266
1972-07-07,-0.825,13295
1972-07-06,0.975,13406
1972-07-05,0.943,13277
1972-07-03,0.992,13153
1972-06-30,0.999,13023
1972-06-29,-0.536,12895
1972-06-28,-0.283,12964
1972-06-27,-0.142,13001
1972-06-26,-0.332,13019
1972-06-23,-0.280,13063
1972-06-22,-0.553,13099
1972-06-21,0.117,13172
1972-06-20,-0.169,13157
1972-06-19,-0.347,13179
1972-06-16,-0.196,13225
1972-06-15,0.072,13251
1972-06-14,-0.012,13241
1972-06-13,0.965,13243
1972-06-12,0.085,13116
1972-06-09,-1.215,13105
1972-06-08,-0.214,13266
1972-06-07,0.056,13295
1972-06-06,-0.938,13288
1972-06-05,-0.791,13413
1972-06-02,0.839,13520
1972-06-01,0.313,13408
1972-05-31,-0.952,13366
1972-05-30,-0.051,13495
1972-05-26,0.874,13501
1972-05-25,0.314,13384
1972-05-24,0.533,13343
1972-05-23,0.319,13272
1972-05-22,0.511,13230
1972-05-19,0.683,13162
1972-05-18,1.663,13073
1972-05-17,0.686,12859
1972-05-16,0.247,12771
1972-05-15,0.411,12740
1972-05-12,0.534,12688
1972-05-11,-0.138,12620
1972-05-10,0.520,12638
1972-05-09,-1.425,12573
1972-05-08,-0.167,12754
1972-05-05,0.268,12776
1972-05-04,0.250,12741
1972-05-03,-0.119,12710
1972-05-02,-0.264,12725
1972-05-01,-1.281,12758
1972-04-28,0.425,12924
1972-04-27,-0.021,12869
1972-04-26,0.024,12872
1972-04-25,-0.621,12869
1972-04-24,-0.794,12949
1972-04-21,-0.520,13053
1972-04-20,0.050,13121
1972-04-19,0.006,13115
1972-04-18,-0.040,13114
1972-04-17,-0.562,13119
1972-04-14,-0.291,13193
1972-04-13,-0.954,13232
1972-04-12,0.576,13359
1972-04-11,0.706,13283
1972-04-10,0.277,13190
1972-04-07,0.201,13153
1972-04-06,0.415,13127
1972-04-05,1.254,13073
1972-04-04,0.930,12911
1972-04-03,0.665,12792
1972-03-30,1.372,12707
1972-03-29,-0.592,12535
1972-03-28,-0.351,12610
1972-03-27,0.037,12654
1972-03-24,-0.494,12650
1972-03-23,0.886,12712
1972-03-22,0.209,12601
1972-03-21,-0.792,12574
1972-03-20,-0.309,12675
1972-03-17,0.576,12714
1972-03-16,0.316,12641
1972-03-15,0.489,12602
1972-03-14,-0.045,12540
1972-03-13,-0.996,12546
1972-03-10,-0.995,12672
1972-03-09,-0.284,12799
1972-03-08,-0.033,12836
1972-03-07,-0.271,12840
1972-03-06,1.045,12875
1972-03-03,0.358,12742
1972-03-02,0.171,12696
1972-03-01,0.705,12675
1972-02-29,0.154,12586
1972-02-28,0.379,12567
1972-02-25,1.175,12519
1972-02-24,0.643,12374
1972-02-23,-0.229,12295
1972-02-22,0.818,12323
1972-02-18,-0.090,12223
1972-02-17,-0.317,12234
1972-02-16,0.180,12273
1972-02-15,0.555,12251
1972-02-14,-0.646,12183
1972-02-11,0.014,12262
1972-02-10,-0.239,12261
1972-02-09,0.660,12290
1972-02-08,-0.006,12209
1972-02-07,-0.079,12210
1972-02-04,0.550,12220
1972-02-03,-0.600,12153
1972-02-02,0.964,12226
1972-02-01,0.214,12109
1972-01-31,0.453,12084
1972-01-28,0.988,12029
1972-01-27,1.609,11911
1972-01-26,0.053,11723
1972-01-25,-0.136,11717
1972-01-24,-0.884,11733
1972-01-21,-0.508,11837
1972-01-20,0.290,11898
1972-01-19,-0.360,11863
1972-01-18,0.322,11906
1972-01-17,0.612,11868
1972-01-14,0.449,11796
1972-01-13,-0.320,11743
1972-01-12,-0.517,11781
1972-01-11,0.739,11842
1972-01-10,-0.116,11755
1972-01-07,0.196,11769
1972-01-06,0.032,11746
1972-01-05,1.281,11742
1972-01-04,0.665,11594
1972-01-03,-0.568,11517
1971-12-31,0.564,11583
1971-12-30,0.128,11518
1971-12-29,0.503,11503
1971-12-28,1.683,11445
1971-12-27,0.523,11256
1971-12-23,-0.163,11197
1971-12-22,-0.633,11216
1971-12-21,0.300,11287
1971-12-20,1.173,11253
1971-12-17,0.264,11123
1971-12-16,1.293,11094
1971-12-15,0.952,10952
1971-12-14,-0.606,10849
1971-12-13,0.501,10915
1971-12-10,0.933,10861
1971-12-09,0.642,10760
1971-12-08,-0.512,10691
1971-12-07,0.754,10747
1971-12-06,-0.331,10666
1971-12-03,1.250,10702
1971-12-02,0.152,10569
1971-12-01,1.299,10553
1971-11-30,0.775,10418
1971-11-29,1.451,10338
1971-11-26,1.314,10190
1971-11-24,0.242,10058
1971-11-23,-0.819,10034
1971-11-22,-0.664,10116
1971-11-19,-0.293,10184
1971-11-18,-0.594,10214
1971-11-17,-0.366,10275
1971-11-16,0.872,10313
1971-11-15,-0.137,10224
1971-11-12,-0.000,10238
1971-11-11,-0.833,10238
1971-11-10,-0.685,10324
1971-11-09,0.383,10395
1971-11-08,-0.088,10355
1971-11-05,-0.378,10364
1971-11-04,-0.117,10404
1971-11-03,1.427,10416
1971-11-02,0.176,10269
1971-11-01,-1.041,10251
1971-10-29,0.497,10359
1971-10-28,0.076,10308
1971-10-27,-0.908,10300
1971-10-26,-0.517,10395
1971-10-25,-0.671,10449
1971-10-22,-0.523,10519
1971-10-21,-0.208,10574
1971-10-20,-1.209,10596
1971-10-19,-0.109,10726
1971-10-18,-0.166,10738
1971-10-15,-0.088,10756
1971-10-14,-0.754,10765
1971-10-13,-0.436,10847
1971-10-12,0.107,10894
1971-10-11,-0.315,10883
1971-10-08,-0.780,10917
1971-10-07,0.356,11003
1971-10-06,0.515,10964
1971-10-05,-0.003,10908
1971-10-04,0.341,10908
1971-10-01,0.642,10871
1971-09-30,0.493,10802
1971-09-29,-0.096,10749
1971-09-28,0.320,10759
1971-09-27,-0.389,10725
1971-09-24,0.258,10767
1971-09-23,-0.124,10739
1971-09-22,-0.684,10752
1971-09-21,-0.492,10826
1971-09-20,-0.387,10880
1971-09-17,0.201,10922
1971-09-16,0.077,10900
1971-09-15,0.111,10892
1971-09-14,-0.801,10880
1971-09-13,-0.147,10968
1971-09-10,-0.675,10984
1971-09-09,-0.366,11058
1971-09-08,0.448,11099
1971-09-07,0.447,11049
1971-09-03,1.102,11000
1971-09-02,0.224,10880
1971-09-01,0.093,10856
1971-08-31,-0.389,10846
1971-08-30,-0.678,10888
1971-08-27,0.014,10963
1971-08-26,-0.237,10961
1971-08-25,-0.157,10987
1971-08-24,0.744,11004
1971-08-23,0.851,10923
1971-08-20,0.025,10831
1971-08-19,-0.518,10828
1971-08-18,-1.241,10885
1971-08-17,0.704,11021
1971-08-16,2.701,10944
1971-08-13,-0.080,10657
1971-08-12,1.070,10665
1971-08-11,0.833,10552
1971-08-10,0.025,10465
1971-08-09,-0.474,10462
1971-08-06,-0.152,10512
1971-08-05,0.484,10528
1971-08-04,-0.469,10477
1971-08-03,-1.401,10527
1971-08-02,0.502,10676
1971-07-30,-0.275,10623
1971-07-29,-0.674,10652
1971-07-28,-0.764,10725
1971-07-27,-0.629,10807
1971-07-26,-0.392,10876
1971-07-23,-0.310,10918
1971-07-22,-0.143,10952
1971-07-21,-0.134,10968
1971-07-20,0.157,10983
1971-07-19,-0.180,10966
1971-07-16,0.207,10985
1971-07-15,-0.085,10963
1971-07-14,-0.051,10972
1971-07-13,-1.008,10978
1971-07-12,0.250,11089
1971-07-09,0.559,11062
1971-07-08,0.326,11000
1971-07-07,0.234,10964
1971-07-06,0.206,10939
1971-07-02,0.568,10916
1971-07-01,0.187,10855
1971-06-30,0.936,10834
1971-06-29,0.824,10734
1971-06-28,-0.057,10646
1971-06-25,-0.041,10652
1971-06-24,-0.446,10657
1971-06-23,0.784,10704
1971-06-22,-0.531,10621
1971-06-21,-0.835,10678
1971-06-18,-1.229,10768
1971-06-17,-0.029,10902
1971-06-16,0.088,10905
1971-06-15,0.288,10895
1971-06-14,-0.692,10864
1971-06-11,0.653,10940
1971-06-10,0.303,10869
1971-06-09,-0.025,10836
1971-06-08,-0.744,10839
1971-06-07,-0.108,10920
1971-06-04,0.302,10932
1971-06-03,0.325,10899
1971-06-02,0.621,10863
1971-06-01,0.467,10796
1971-05-28,-0.122,10746
1971-05-27,0.209,10759
1971-05-26,0.062,10737
1971-05-25,-0.451,10730
1971-05-24,-0.695,10779
1971-05-21,-0.169,10854
1971-05-20,0.149,10873
1971-05-19,0.261,10856
1971-05-18,0.196,10828
1971-05-17,-1.407,10807
1971-05-14,-0.319,10961
1971-05-13,-0.067,10996
1971-05-12,0.496,11004
1971-05-11,0.329,10949
1971-05-10,-0.308,10913
1971-05-07,-0.142,10947
1971-05-06,-0.332,10963
1971-05-05,-0.267,10999
1971-05-04,0.755,11029
1971-05-03,-0.419,10946
1971-04-30,-0.691,10992
1971-04-29,0.028,11069
1971-04-28,-0.092,11065
1971-04-27,0.185,11076
1971-04-26,-0.401,11055
1971-04-23,0.400,11100
1971-04-22,0.244,11055
1971-04-21,-0.350,11029
1971-04-20,-0.479,11067
1971-04-19,0.506,11121
1971-04-16,0.065,11065
1971-04-15,0.568,11057
1971-04-14,0.017,10995
1971-04-13,0.190,10993
1971-04-12,1.077,10972
1971-04-08,-0.144,10855
1971-04-07,0.487,10871
1971-04-06,0.680,10818
1971-04-05,0.231,10745
1971-04-02,0.005,10720
1971-04-01,0.462,10720
1971-03-31,-0.452,10671
1971-03-30,0.213,10719
1971-03-29,0.159,10696
1971-03-26,0.347,10679
1971-03-25,0.043,10642
1971-03-24,-0.938,10638
1971-03-23,0.074,10738
1971-03-22,-0.399,10730
1971-03-19,-0.380,10773
1971-03-18,-0.528,10815
1971-03-17,-0.471,10872
1971-03-16,0.352,10923
1971-03-15,1.432,10885
1971-03-12,0.607,10731
1971-03-11,0.285,10667
1971-03-10,0.054,10636
1971-03-09,0.675,10631
1971-03-08,0.612,10560
1971-03-05,1.161,10495
1971-03-04,1.255,10375
1971-03-03,-0.000,10246
1971-03-02,0.222,10246
1971-03-01,0.294,10224
1971-02-26,-0.681,10194
1971-02-25,0.497,10264
1971-02-24,1.051,10213
1971-02-23,0.186,10107
1971-02-22,-0.911,10088
1971-02-19,-0.425,10180
1971-02-18,-0.412,10224
1971-02-17,-0.763,10266
1971-02-16,0.326,10345
1971-02-12,0.233,10312
1971-02-11,0.712,10288
1971-02-10,-0.018,10215
1971-02-09,-0.504,10217
1971-02-08,0.919,10268
1971-02-05,0.835,10175
1971-02-04,0.145,10091
1971-02-03,-0.018,10076
1971-02-02,-0.272,10078
1971-02-01,0.690,10105
1971-01-29,0.811,10036
1971-01-28,0.458,9955
1971-01-27,-0.170,9910
1971-01-26,0.109,9927
1971-01-25,0.812,9916
1971-01-22,0.852,9836
1971-01-21,0.239,9753
1971-01-20,-0.523,9729
1971-01-19,0.468,9781
1971-01-18,0.893,9735
1971-01-15,0.115,9649
1971-01-14,0.146,9638
1971-01-13,-0.462,9624
1971-01-12,0.710,9668
1971-01-11,-0.158,9600
1971-01-08,0.037,9615
1971-01-07,0.091,9612
1971-01-06,0.691,9603
1971-01-05,1.092,9537
1971-01-04,-1.242,9434
1970-12-31,-0.106,9553
1970-12-30,0.248,9563
1970-12-29,0.881,9539
1970-12-28,0.825,9456
1970-12-24,0.804,9379
1970-12-23,0.320,9304
1970-12-22,0.223,9274
1970-12-21,0.240,9254
1970-12-18,0.478,9231
1970-12-17,0.390,9187
1970-12-16,-0.436,9152
1970-12-15,-0.599,9192
1970-12-14,-1.045,9247
1970-12-11,0.317,9345
1970-12-10,0.285,9315
1970-12-09,-0.420,9289
1970-12-08,-0.405,9328
1970-12-07,0.575,9366
1970-12-04,0.505,9312
1970-12-03,0.364,9266
1970-12-02,1.103,9232
1970-12-01,0.674,9131
1970-11-30,1.412,9070
1970-11-27,0.881,8944
1970-11-25,0.403,8866
1970-11-24,0.218,8830
1970-11-23,-0.023,8811
1970-11-20,1.318,8813
1970-11-19,0.386,8698
1970-11-18,-0.830,8665
1970-11-17,0.153,8737
1970-11-16,-0.175,8724
1970-11-13,-1.403,8739
1970-11-12,-0.767,8864
1970-11-11,0.022,8932
1970-11-10,-0.338,8930
1970-11-09,0.475,8961
1970-11-06,0.084,8918
1970-11-05,-0.076,8911
1970-11-04,0.258,8917
1970-11-03,0.412,8894
1970-11-02,-0.116,8858
1970-10-30,0.044,8868
1970-10-29,-0.031,8864
1970-10-28,0.124,8867
1970-10-27,-0.012,8856
1970-10-26,-0.728,8857
1970-10-23,0.609,8922
1970-10-22,-0.485,8868
1970-10-21,-0.002,8911
1970-10-20,0.267,8912
1970-10-19,-0.851,8888
1970-10-16,-0.736,8964
1970-10-15,0.258,9031
1970-10-14,0.117,9007
1970-10-13,-0.481,8997
1970-10-12,-1.084,9040
1970-10-09,-0.840,9139
1970-10-08,-1.505,9217
1970-10-07,0.145,9358
1970-10-06,0.403,9344
1970-10-05,1.835,9307
1970-10-02,0.911,9139
1970-10-01,-0.031,9057
1970-09-30,0.378,9059
1970-09-29,0.237,9025
1970-09-28,0.088,9004
1970-09-25,0.643,8996
1970-09-24,0.722,8938
1970-09-23,1.263,8874
1970-09-22,-0.221,8764
1970-09-21,-0.740,8783
1970-09-18,0.736,8849
1970-09-17,0.641,8784
1970-09-16,0.582,8728
1970-09-15,-0.596,8678
1970-09-14,-0.410,8730
1970-09-11,0.056,8766
1970-09-10,-0.370,8761
1970-09-09,0.111,8793
1970-09-08,0.035,8783
1970-09-04,1.041,8780
1970-09-03,1.416,8690
1970-09-02,-0.186,8569
1970-09-01,-1.246,8585
1970-08-31,-0.081,8693
1970-08-28,0.815,8700
1970-08-27,-0.276,8630
1970-08-26,0.286,8653
1970-08-25,0.358,8629
1970-08-24,2.238,8598
1970-08-21,1.204,8410
1970-08-20,1.041,8310
1970-08-19,1.032,8224
1970-08-18,0.812,8140
1970-08-17,0.095,8075
1970-08-14,0.670,8067
1970-08-13,-0.388,8013
1970-08-12,-0.869,8044
1970-08-11,-0.455,8115
1970-08-10,-1.107,8152
1970-08-07,0.065,8243
1970-08-06,0.184,8238
1970-08-05,-0.087,8223
1970-08-04,-0.041,8230
1970-08-03,-1.466,8233
1970-07-31,-0.443,8356
1970-07-30,0.092,8393
1970-07-29,0.339,8385
1970-07-28,0.173,8357
1970-07-27,-0.261,8343
1970-07-24,-0.254,8364
1970-07-23,1.205,8386
1970-07-22,-0.420,8286
1970-07-21,-0.474,8321
1970-07-20,-0.014,8360
1970-07-17,1.726,8362
1970-07-16,1.115,8220
1970-07-15,1.135,8129
1970-07-14,-0.074,8038
1970-07-13,0.085,8044
1970-07-10,0.545,8037
1970-07-09,1.380,7993
1970-07-08,2.255,7885
1970-07-07,-0.895,7711
1970-07-06,-1.544,7780
1970-07-02,-0.093,7902
1970-07-01,0.611,7910
1970-06-30,-0.214,7862
1970-06-29,-0.385,7879
1970-06-26,-0.432,7909
1970-06-25,0.109,7943
1970-06-24,-0.250,7935
1970-06-23,-2.060,7955
1970-06-22,-0.882,8122
1970-06-19,0.604,8194
1970-06-18,0.593,8145
1970-06-17,-0.289,8097
1970-06-16,1.922,8120
1970-06-15,0.056,7967
1970-06-12,-0.312,7963
1970-06-11,-1.299,7988
1970-06-10,-1.083,8093
1970-06-09,0.005,8181
1970-06-08,-0.359,8181
1970-06-05,-0.587,8211
1970-06-04,-1.410,8259
1970-06-03,1.178,8377
1970-06-02,0.358,8280
1970-06-01,1.567,8250
1970-05-29,1.406,8123
1970-05-28,1.836,8010
1970-05-27,3.300,7866
1970-05-26,-0.898,7615
1970-05-25,-2.515,7684
1970-05-22,0.142,7882
1970-05-21,-1.579,7871
1970-05-20,-2.622,7997
1970-05-19,-1.194,8212
1970-05-18,-0.172,8311
1970-05-15,1.761,8326
1970-05-14,-1.703,8182
1970-05-13,-0.971,8323
1970-05-12,-0.516,8405
1970-05-11,-1.009,8449
1970-05-08,-0.629,8535
1970-05-07,0.312,8589
1970-05-06,0.802,8562
1970-05-05,-0.877,8494
1970-05-04,-1.579,8569
1970-05-01,0.066,8707
1970-04-30,-0.493,8701
1970-04-29,2.038,8744
1970-04-28,-1.585,8569
1970-04-27,-2.044,8707
1970-04-24,-0.485,8889
1970-04-23,-1.364,8932
1970-04-22,-1.361,9056
1970-04-21,-0.756,9181
1970-04-20,0.123,9251
1970-04-17,-0.190,9240
1970-04-16,-1.119,9257
1970-04-15,-0.406,9362
1970-04-14,-0.994,9400
1970-04-13,-0.879,9495
1970-04-10,-0.591,9579
1970-04-09,0.046,9636
1970-04-08,-0.006,9631
1970-04-07,-0.391,9632
1970-04-06,-0.940,9670
1970-04-03,-0.036,9762
1970-04-02,-0.053,9765
1970-04-01,0.513,9770
1970-03-31,-0.134,9720
1970-03-30,-0.109,9734
1970-03-26,0.439,9744
1970-03-25,2.262,9701
1970-03-24,1.117,9487
1970-03-23,0.053,9382
1970-03-20,-0.495,9377
1970-03-19,-0.334,9424
1970-03-18,0.572,9455
1970-03-17,-0.082,9402
1970-03-16,-1.103,9409
1970-03-13,-0.406,9514
1970-03-12,-0.565,9553
1970-03-11,0.004,9607
1970-03-10,-0.142,9607
1970-03-09,-1.217,9621
1970-03-06,-0.362,9739
1970-03-05,-0.199,9774
1970-03-04,0.235,9794
1970-03-03,0.276,9771
1970-03-02,-0.102,9744
1970-02-27,0.441,9754
1970-02-26,0.135,9711
1970-02-25,0.945,9698
1970-02-24,0.044,9607
1970-02-20,-0.337,9603
1970-02-19,0.374,9636
1970-02-18,1.139,9600
1970-02-17,-0.620,9492
1970-02-16,-0.111,9551
1970-02-13,0.299,9561
1970-02-12,-0.558,9533
1970-02-11,0.517,9586
1970-02-10,-0.704,9537
1970-02-09,1.019,9605
1970-02-06,0.512,9508
1970-02-05,-0.428,9459
1970-02-04,-0.107,9500
1970-02-03,0.548,9510
1970-02-02,0.352,9458
1970-01-30,-0.665,9425
1970-01-29,-1.288,9488
1970-01-28,-0.994,9612
1970-01-27,-0.575,9709
1970-01-26,-1.099,9765
1970-01-23,-0.963,9873
1970-01-22,0.636,9969
1970-01-21,-0.267,9906
1970-01-20,0.322,9933
1970-01-19,-0.994,9901
1970-01-16,-0.345,10000
1970-01-15,0.102,10035
1970-01-14,0.115,10025
1970-01-13,0.030,10013
1970-01-12,-0.831,10010
1970-01-09,-0.491,10094
1970-01-08,0.255,10144
1970-01-07,0.361,10118
1970-01-06,-1.065,10082
1970-01-05,0.684,10190
1970-01-02,1.212,10121